ISO-10303-21;
HEADER;
/* Generated by software containing ST-Developer
 * from STEP Tools, Inc. (www.steptools.com) 
 */

FILE_DESCRIPTION(
/* description */ (''),
/* implementation_level */ '2;1');

FILE_NAME(
/* name */ 'carot42_top_case.step',
/* time_stamp */ '2026-07-18T11:58:26+09:00',
/* author */ (''),
/* organization */ (''),
/* preprocessor_version */ 'ST-DEVELOPER v20.1',
/* originating_system */ 'Autodesk Translation Framework v15.8.0.0',
/* authorisation */ '');

FILE_SCHEMA (('AUTOMOTIVE_DESIGN { 1 0 10303 214 3 1 1 }'));
ENDSEC;

DATA;
#10=MECHANICAL_DESIGN_GEOMETRIC_PRESENTATION_REPRESENTATION('',(#13),#5447);
#11=SHAPE_REPRESENTATION_RELATIONSHIP('SRR','None',#5453,#12);
#12=ADVANCED_BREP_SHAPE_REPRESENTATION('',(#14),#5446);
#13=STYLED_ITEM('',(#5462),#14);
#14=MANIFOLD_SOLID_BREP('top_case',#3294);
#15=FACE_BOUND('',#358,.T.);
#16=FACE_BOUND('',#359,.T.);
#17=FACE_BOUND('',#360,.T.);
#18=FACE_BOUND('',#361,.T.);
#19=FACE_BOUND('',#362,.T.);
#20=FACE_BOUND('',#363,.T.);
#21=FACE_BOUND('',#462,.T.);
#22=FACE_BOUND('',#465,.T.);
#23=FACE_BOUND('',#466,.T.);
#24=ELLIPSE('',#3323,2.03085322377149,2.);
#25=ELLIPSE('',#3327,2.03085322377149,2.);
#26=ELLIPSE('',#3331,2.03085322377149,2.);
#27=ELLIPSE('',#3335,2.03085322377149,2.);
#28=ELLIPSE('',#3381,2.03085322377149,2.);
#29=ELLIPSE('',#3393,2.03085322377149,2.);
#30=PLANE('',#3299);
#31=PLANE('',#3303);
#32=PLANE('',#3317);
#33=PLANE('',#3324);
#34=PLANE('',#3328);
#35=PLANE('',#3332);
#36=PLANE('',#3336);
#37=PLANE('',#3339);
#38=PLANE('',#3342);
#39=PLANE('',#3345);
#40=PLANE('',#3382);
#41=PLANE('',#3387);
#42=PLANE('',#3390);
#43=PLANE('',#3394);
#44=PLANE('',#3397);
#45=PLANE('',#3401);
#46=PLANE('',#3403);
#47=PLANE('',#3405);
#48=PLANE('',#3407);
#49=PLANE('',#3410);
#50=PLANE('',#3413);
#51=PLANE('',#3416);
#52=PLANE('',#3419);
#53=PLANE('',#3422);
#54=PLANE('',#3425);
#55=PLANE('',#3428);
#56=PLANE('',#3431);
#57=PLANE('',#3434);
#58=PLANE('',#3437);
#59=PLANE('',#3440);
#60=PLANE('',#3445);
#61=PLANE('',#3454);
#62=PLANE('',#3457);
#63=PLANE('',#3458);
#64=PLANE('',#3459);
#65=PLANE('',#3460);
#66=PLANE('',#3461);
#67=PLANE('',#3462);
#68=PLANE('',#3463);
#69=PLANE('',#3464);
#70=PLANE('',#3465);
#71=PLANE('',#3466);
#72=PLANE('',#3467);
#73=PLANE('',#3468);
#74=PLANE('',#3469);
#75=PLANE('',#3470);
#76=PLANE('',#3471);
#77=PLANE('',#3472);
#78=PLANE('',#3473);
#79=PLANE('',#3474);
#80=PLANE('',#3475);
#81=PLANE('',#3476);
#82=PLANE('',#3477);
#83=PLANE('',#3478);
#84=PLANE('',#3479);
#85=PLANE('',#3480);
#86=PLANE('',#3481);
#87=PLANE('',#3482);
#88=PLANE('',#3483);
#89=PLANE('',#3484);
#90=PLANE('',#3485);
#91=PLANE('',#3486);
#92=PLANE('',#3487);
#93=PLANE('',#3488);
#94=PLANE('',#3489);
#95=PLANE('',#3490);
#96=PLANE('',#3491);
#97=PLANE('',#3492);
#98=PLANE('',#3493);
#99=PLANE('',#3494);
#100=PLANE('',#3495);
#101=PLANE('',#3496);
#102=PLANE('',#3497);
#103=PLANE('',#3498);
#104=PLANE('',#3499);
#105=PLANE('',#3500);
#106=PLANE('',#3501);
#107=PLANE('',#3502);
#108=PLANE('',#3503);
#109=PLANE('',#3504);
#110=PLANE('',#3505);
#111=PLANE('',#3506);
#112=PLANE('',#3507);
#113=PLANE('',#3510);
#114=PLANE('',#3513);
#115=PLANE('',#3516);
#116=PLANE('',#3519);
#117=PLANE('',#3522);
#118=PLANE('',#3525);
#119=PLANE('',#3526);
#120=PLANE('',#3527);
#121=PLANE('',#3528);
#122=PLANE('',#3529);
#123=PLANE('',#3530);
#124=PLANE('',#3531);
#125=PLANE('',#3532);
#126=PLANE('',#3535);
#127=PLANE('',#3538);
#128=PLANE('',#3541);
#129=PLANE('',#3542);
#130=PLANE('',#3543);
#131=PLANE('',#3544);
#132=PLANE('',#3545);
#133=PLANE('',#3546);
#134=PLANE('',#3547);
#135=PLANE('',#3548);
#136=PLANE('',#3549);
#137=PLANE('',#3550);
#138=PLANE('',#3551);
#139=PLANE('',#3552);
#140=PLANE('',#3553);
#141=PLANE('',#3554);
#142=PLANE('',#3555);
#143=PLANE('',#3556);
#144=PLANE('',#3557);
#145=PLANE('',#3558);
#146=PLANE('',#3559);
#147=PLANE('',#3560);
#148=PLANE('',#3561);
#149=PLANE('',#3562);
#150=PLANE('',#3563);
#151=PLANE('',#3564);
#152=PLANE('',#3565);
#153=PLANE('',#3566);
#154=PLANE('',#3567);
#155=PLANE('',#3568);
#156=PLANE('',#3569);
#157=PLANE('',#3570);
#158=PLANE('',#3571);
#159=FACE_OUTER_BOUND('',#337,.T.);
#160=FACE_OUTER_BOUND('',#338,.T.);
#161=FACE_OUTER_BOUND('',#339,.T.);
#162=FACE_OUTER_BOUND('',#340,.T.);
#163=FACE_OUTER_BOUND('',#341,.T.);
#164=FACE_OUTER_BOUND('',#342,.T.);
#165=FACE_OUTER_BOUND('',#343,.T.);
#166=FACE_OUTER_BOUND('',#344,.T.);
#167=FACE_OUTER_BOUND('',#345,.T.);
#168=FACE_OUTER_BOUND('',#346,.T.);
#169=FACE_OUTER_BOUND('',#347,.T.);
#170=FACE_OUTER_BOUND('',#348,.T.);
#171=FACE_OUTER_BOUND('',#349,.T.);
#172=FACE_OUTER_BOUND('',#350,.T.);
#173=FACE_OUTER_BOUND('',#351,.T.);
#174=FACE_OUTER_BOUND('',#352,.T.);
#175=FACE_OUTER_BOUND('',#353,.T.);
#176=FACE_OUTER_BOUND('',#354,.T.);
#177=FACE_OUTER_BOUND('',#355,.T.);
#178=FACE_OUTER_BOUND('',#356,.T.);
#179=FACE_OUTER_BOUND('',#357,.T.);
#180=FACE_OUTER_BOUND('',#364,.T.);
#181=FACE_OUTER_BOUND('',#365,.T.);
#182=FACE_OUTER_BOUND('',#366,.T.);
#183=FACE_OUTER_BOUND('',#367,.T.);
#184=FACE_OUTER_BOUND('',#368,.T.);
#185=FACE_OUTER_BOUND('',#369,.T.);
#186=FACE_OUTER_BOUND('',#370,.T.);
#187=FACE_OUTER_BOUND('',#371,.T.);
#188=FACE_OUTER_BOUND('',#372,.T.);
#189=FACE_OUTER_BOUND('',#373,.T.);
#190=FACE_OUTER_BOUND('',#374,.T.);
#191=FACE_OUTER_BOUND('',#375,.T.);
#192=FACE_OUTER_BOUND('',#376,.T.);
#193=FACE_OUTER_BOUND('',#377,.T.);
#194=FACE_OUTER_BOUND('',#378,.T.);
#195=FACE_OUTER_BOUND('',#379,.T.);
#196=FACE_OUTER_BOUND('',#380,.T.);
#197=FACE_OUTER_BOUND('',#381,.T.);
#198=FACE_OUTER_BOUND('',#382,.T.);
#199=FACE_OUTER_BOUND('',#383,.T.);
#200=FACE_OUTER_BOUND('',#384,.T.);
#201=FACE_OUTER_BOUND('',#385,.T.);
#202=FACE_OUTER_BOUND('',#386,.T.);
#203=FACE_OUTER_BOUND('',#387,.T.);
#204=FACE_OUTER_BOUND('',#388,.T.);
#205=FACE_OUTER_BOUND('',#389,.T.);
#206=FACE_OUTER_BOUND('',#390,.T.);
#207=FACE_OUTER_BOUND('',#391,.T.);
#208=FACE_OUTER_BOUND('',#392,.T.);
#209=FACE_OUTER_BOUND('',#393,.T.);
#210=FACE_OUTER_BOUND('',#394,.T.);
#211=FACE_OUTER_BOUND('',#395,.T.);
#212=FACE_OUTER_BOUND('',#396,.T.);
#213=FACE_OUTER_BOUND('',#397,.T.);
#214=FACE_OUTER_BOUND('',#398,.T.);
#215=FACE_OUTER_BOUND('',#399,.T.);
#216=FACE_OUTER_BOUND('',#400,.T.);
#217=FACE_OUTER_BOUND('',#401,.T.);
#218=FACE_OUTER_BOUND('',#402,.T.);
#219=FACE_OUTER_BOUND('',#403,.T.);
#220=FACE_OUTER_BOUND('',#404,.T.);
#221=FACE_OUTER_BOUND('',#405,.T.);
#222=FACE_OUTER_BOUND('',#406,.T.);
#223=FACE_OUTER_BOUND('',#407,.T.);
#224=FACE_OUTER_BOUND('',#408,.T.);
#225=FACE_OUTER_BOUND('',#409,.T.);
#226=FACE_OUTER_BOUND('',#410,.T.);
#227=FACE_OUTER_BOUND('',#411,.T.);
#228=FACE_OUTER_BOUND('',#412,.T.);
#229=FACE_OUTER_BOUND('',#413,.T.);
#230=FACE_OUTER_BOUND('',#414,.T.);
#231=FACE_OUTER_BOUND('',#415,.T.);
#232=FACE_OUTER_BOUND('',#416,.T.);
#233=FACE_OUTER_BOUND('',#417,.T.);
#234=FACE_OUTER_BOUND('',#418,.T.);
#235=FACE_OUTER_BOUND('',#419,.T.);
#236=FACE_OUTER_BOUND('',#420,.T.);
#237=FACE_OUTER_BOUND('',#421,.T.);
#238=FACE_OUTER_BOUND('',#422,.T.);
#239=FACE_OUTER_BOUND('',#423,.T.);
#240=FACE_OUTER_BOUND('',#424,.T.);
#241=FACE_OUTER_BOUND('',#425,.T.);
#242=FACE_OUTER_BOUND('',#426,.T.);
#243=FACE_OUTER_BOUND('',#427,.T.);
#244=FACE_OUTER_BOUND('',#428,.T.);
#245=FACE_OUTER_BOUND('',#429,.T.);
#246=FACE_OUTER_BOUND('',#430,.T.);
#247=FACE_OUTER_BOUND('',#431,.T.);
#248=FACE_OUTER_BOUND('',#432,.T.);
#249=FACE_OUTER_BOUND('',#433,.T.);
#250=FACE_OUTER_BOUND('',#434,.T.);
#251=FACE_OUTER_BOUND('',#435,.T.);
#252=FACE_OUTER_BOUND('',#436,.T.);
#253=FACE_OUTER_BOUND('',#437,.T.);
#254=FACE_OUTER_BOUND('',#438,.T.);
#255=FACE_OUTER_BOUND('',#439,.T.);
#256=FACE_OUTER_BOUND('',#440,.T.);
#257=FACE_OUTER_BOUND('',#441,.T.);
#258=FACE_OUTER_BOUND('',#442,.T.);
#259=FACE_OUTER_BOUND('',#443,.T.);
#260=FACE_OUTER_BOUND('',#444,.T.);
#261=FACE_OUTER_BOUND('',#445,.T.);
#262=FACE_OUTER_BOUND('',#446,.T.);
#263=FACE_OUTER_BOUND('',#447,.T.);
#264=FACE_OUTER_BOUND('',#448,.T.);
#265=FACE_OUTER_BOUND('',#449,.T.);
#266=FACE_OUTER_BOUND('',#450,.T.);
#267=FACE_OUTER_BOUND('',#451,.T.);
#268=FACE_OUTER_BOUND('',#452,.T.);
#269=FACE_OUTER_BOUND('',#453,.T.);
#270=FACE_OUTER_BOUND('',#454,.T.);
#271=FACE_OUTER_BOUND('',#455,.T.);
#272=FACE_OUTER_BOUND('',#456,.T.);
#273=FACE_OUTER_BOUND('',#457,.T.);
#274=FACE_OUTER_BOUND('',#458,.T.);
#275=FACE_OUTER_BOUND('',#459,.T.);
#276=FACE_OUTER_BOUND('',#460,.T.);
#277=FACE_OUTER_BOUND('',#461,.T.);
#278=FACE_OUTER_BOUND('',#463,.T.);
#279=FACE_OUTER_BOUND('',#464,.T.);
#280=FACE_OUTER_BOUND('',#467,.T.);
#281=FACE_OUTER_BOUND('',#468,.T.);
#282=FACE_OUTER_BOUND('',#469,.T.);
#283=FACE_OUTER_BOUND('',#470,.T.);
#284=FACE_OUTER_BOUND('',#471,.T.);
#285=FACE_OUTER_BOUND('',#472,.T.);
#286=FACE_OUTER_BOUND('',#473,.T.);
#287=FACE_OUTER_BOUND('',#474,.T.);
#288=FACE_OUTER_BOUND('',#475,.T.);
#289=FACE_OUTER_BOUND('',#476,.T.);
#290=FACE_OUTER_BOUND('',#477,.T.);
#291=FACE_OUTER_BOUND('',#478,.T.);
#292=FACE_OUTER_BOUND('',#479,.T.);
#293=FACE_OUTER_BOUND('',#480,.T.);
#294=FACE_OUTER_BOUND('',#481,.T.);
#295=FACE_OUTER_BOUND('',#482,.T.);
#296=FACE_OUTER_BOUND('',#483,.T.);
#297=FACE_OUTER_BOUND('',#484,.T.);
#298=FACE_OUTER_BOUND('',#485,.T.);
#299=FACE_OUTER_BOUND('',#486,.T.);
#300=FACE_OUTER_BOUND('',#487,.T.);
#301=FACE_OUTER_BOUND('',#488,.T.);
#302=FACE_OUTER_BOUND('',#489,.T.);
#303=FACE_OUTER_BOUND('',#490,.T.);
#304=FACE_OUTER_BOUND('',#491,.T.);
#305=FACE_OUTER_BOUND('',#492,.T.);
#306=FACE_OUTER_BOUND('',#493,.T.);
#307=FACE_OUTER_BOUND('',#494,.T.);
#308=FACE_OUTER_BOUND('',#495,.T.);
#309=FACE_OUTER_BOUND('',#496,.T.);
#310=FACE_OUTER_BOUND('',#497,.T.);
#311=FACE_OUTER_BOUND('',#498,.T.);
#312=FACE_OUTER_BOUND('',#499,.T.);
#313=FACE_OUTER_BOUND('',#500,.T.);
#314=FACE_OUTER_BOUND('',#501,.T.);
#315=FACE_OUTER_BOUND('',#502,.T.);
#316=FACE_OUTER_BOUND('',#503,.T.);
#317=FACE_OUTER_BOUND('',#504,.T.);
#318=FACE_OUTER_BOUND('',#505,.T.);
#319=FACE_OUTER_BOUND('',#506,.T.);
#320=FACE_OUTER_BOUND('',#507,.T.);
#321=FACE_OUTER_BOUND('',#508,.T.);
#322=FACE_OUTER_BOUND('',#509,.T.);
#323=FACE_OUTER_BOUND('',#510,.T.);
#324=FACE_OUTER_BOUND('',#511,.T.);
#325=FACE_OUTER_BOUND('',#512,.T.);
#326=FACE_OUTER_BOUND('',#513,.T.);
#327=FACE_OUTER_BOUND('',#514,.T.);
#328=FACE_OUTER_BOUND('',#515,.T.);
#329=FACE_OUTER_BOUND('',#516,.T.);
#330=FACE_OUTER_BOUND('',#517,.T.);
#331=FACE_OUTER_BOUND('',#518,.T.);
#332=FACE_OUTER_BOUND('',#519,.T.);
#333=FACE_OUTER_BOUND('',#520,.T.);
#334=FACE_OUTER_BOUND('',#521,.T.);
#335=FACE_OUTER_BOUND('',#522,.T.);
#336=FACE_OUTER_BOUND('',#523,.T.);
#337=EDGE_LOOP('',(#2127,#2128,#2129,#2130));
#338=EDGE_LOOP('',(#2131,#2132,#2133,#2134));
#339=EDGE_LOOP('',(#2135,#2136,#2137,#2138));
#340=EDGE_LOOP('',(#2139,#2140,#2141,#2142,#2143,#2144,#2145,#2146,#2147,
#2148,#2149,#2150,#2151,#2152,#2153,#2154,#2155,#2156,#2157,#2158,#2159,
#2160,#2161,#2162,#2163,#2164,#2165,#2166,#2167,#2168,#2169));
#341=EDGE_LOOP('',(#2170,#2171,#2172,#2173));
#342=EDGE_LOOP('',(#2174,#2175,#2176,#2177));
#343=EDGE_LOOP('',(#2178,#2179,#2180,#2181));
#344=EDGE_LOOP('',(#2182,#2183,#2184,#2185));
#345=EDGE_LOOP('',(#2186,#2187,#2188,#2189));
#346=EDGE_LOOP('',(#2190,#2191,#2192,#2193));
#347=EDGE_LOOP('',(#2194,#2195,#2196,#2197));
#348=EDGE_LOOP('',(#2198,#2199,#2200,#2201));
#349=EDGE_LOOP('',(#2202,#2203,#2204,#2205));
#350=EDGE_LOOP('',(#2206,#2207,#2208,#2209));
#351=EDGE_LOOP('',(#2210,#2211,#2212,#2213));
#352=EDGE_LOOP('',(#2214,#2215,#2216,#2217));
#353=EDGE_LOOP('',(#2218,#2219,#2220,#2221,#2222,#2223,#2224,#2225,#2226,
#2227,#2228,#2229,#2230));
#354=EDGE_LOOP('',(#2231,#2232,#2233,#2234));
#355=EDGE_LOOP('',(#2235,#2236,#2237,#2238));
#356=EDGE_LOOP('',(#2239,#2240,#2241,#2242));
#357=EDGE_LOOP('',(#2243,#2244,#2245,#2246,#2247,#2248,#2249,#2250,#2251,
#2252,#2253,#2254,#2255,#2256,#2257,#2258,#2259,#2260,#2261,#2262,#2263,
#2264,#2265,#2266,#2267,#2268,#2269,#2270,#2271,#2272,#2273,#2274,#2275,
#2276,#2277,#2278,#2279,#2280,#2281,#2282,#2283,#2284,#2285,#2286,#2287,
#2288,#2289,#2290,#2291,#2292,#2293,#2294,#2295,#2296,#2297,#2298,#2299,
#2300,#2301,#2302,#2303,#2304,#2305,#2306,#2307,#2308,#2309,#2310,#2311,
#2312,#2313,#2314,#2315,#2316,#2317,#2318,#2319,#2320,#2321,#2322,#2323,
#2324));
#358=EDGE_LOOP('',(#2325));
#359=EDGE_LOOP('',(#2326));
#360=EDGE_LOOP('',(#2327));
#361=EDGE_LOOP('',(#2328));
#362=EDGE_LOOP('',(#2329));
#363=EDGE_LOOP('',(#2330));
#364=EDGE_LOOP('',(#2331,#2332,#2333,#2334));
#365=EDGE_LOOP('',(#2335,#2336,#2337,#2338));
#366=EDGE_LOOP('',(#2339,#2340,#2341,#2342));
#367=EDGE_LOOP('',(#2343,#2344,#2345,#2346));
#368=EDGE_LOOP('',(#2347,#2348,#2349,#2350));
#369=EDGE_LOOP('',(#2351,#2352,#2353,#2354));
#370=EDGE_LOOP('',(#2355,#2356,#2357,#2358));
#371=EDGE_LOOP('',(#2359,#2360,#2361,#2362));
#372=EDGE_LOOP('',(#2363,#2364,#2365,#2366,#2367,#2368,#2369,#2370,#2371,
#2372,#2373,#2374,#2375,#2376,#2377,#2378,#2379,#2380,#2381,#2382,#2383,
#2384,#2385,#2386,#2387,#2388,#2389,#2390,#2391));
#373=EDGE_LOOP('',(#2392,#2393,#2394,#2395,#2396,#2397,#2398,#2399,#2400,
#2401,#2402,#2403,#2404));
#374=EDGE_LOOP('',(#2405,#2406,#2407,#2408));
#375=EDGE_LOOP('',(#2409,#2410,#2411,#2412));
#376=EDGE_LOOP('',(#2413,#2414,#2415,#2416));
#377=EDGE_LOOP('',(#2417,#2418,#2419,#2420));
#378=EDGE_LOOP('',(#2421,#2422,#2423,#2424));
#379=EDGE_LOOP('',(#2425,#2426,#2427,#2428));
#380=EDGE_LOOP('',(#2429,#2430,#2431,#2432));
#381=EDGE_LOOP('',(#2433,#2434,#2435,#2436));
#382=EDGE_LOOP('',(#2437,#2438,#2439,#2440));
#383=EDGE_LOOP('',(#2441,#2442,#2443,#2444));
#384=EDGE_LOOP('',(#2445,#2446,#2447,#2448));
#385=EDGE_LOOP('',(#2449,#2450,#2451,#2452));
#386=EDGE_LOOP('',(#2453,#2454,#2455,#2456));
#387=EDGE_LOOP('',(#2457,#2458,#2459,#2460));
#388=EDGE_LOOP('',(#2461,#2462,#2463,#2464));
#389=EDGE_LOOP('',(#2465,#2466,#2467,#2468));
#390=EDGE_LOOP('',(#2469,#2470,#2471,#2472));
#391=EDGE_LOOP('',(#2473,#2474,#2475,#2476));
#392=EDGE_LOOP('',(#2477,#2478,#2479,#2480));
#393=EDGE_LOOP('',(#2481,#2482,#2483,#2484));
#394=EDGE_LOOP('',(#2485,#2486,#2487,#2488));
#395=EDGE_LOOP('',(#2489,#2490,#2491,#2492));
#396=EDGE_LOOP('',(#2493,#2494,#2495,#2496));
#397=EDGE_LOOP('',(#2497,#2498,#2499,#2500));
#398=EDGE_LOOP('',(#2501,#2502,#2503,#2504));
#399=EDGE_LOOP('',(#2505,#2506,#2507,#2508));
#400=EDGE_LOOP('',(#2509,#2510,#2511,#2512));
#401=EDGE_LOOP('',(#2513,#2514,#2515,#2516));
#402=EDGE_LOOP('',(#2517,#2518,#2519,#2520));
#403=EDGE_LOOP('',(#2521,#2522,#2523,#2524));
#404=EDGE_LOOP('',(#2525,#2526,#2527,#2528));
#405=EDGE_LOOP('',(#2529,#2530,#2531,#2532));
#406=EDGE_LOOP('',(#2533,#2534,#2535,#2536));
#407=EDGE_LOOP('',(#2537,#2538,#2539,#2540));
#408=EDGE_LOOP('',(#2541,#2542,#2543,#2544));
#409=EDGE_LOOP('',(#2545,#2546,#2547,#2548));
#410=EDGE_LOOP('',(#2549,#2550,#2551,#2552));
#411=EDGE_LOOP('',(#2553,#2554,#2555,#2556));
#412=EDGE_LOOP('',(#2557,#2558,#2559,#2560));
#413=EDGE_LOOP('',(#2561,#2562,#2563,#2564));
#414=EDGE_LOOP('',(#2565,#2566,#2567,#2568));
#415=EDGE_LOOP('',(#2569,#2570,#2571,#2572));
#416=EDGE_LOOP('',(#2573,#2574,#2575));
#417=EDGE_LOOP('',(#2576,#2577,#2578));
#418=EDGE_LOOP('',(#2579,#2580,#2581,#2582));
#419=EDGE_LOOP('',(#2583,#2584,#2585));
#420=EDGE_LOOP('',(#2586,#2587,#2588));
#421=EDGE_LOOP('',(#2589,#2590,#2591,#2592));
#422=EDGE_LOOP('',(#2593,#2594,#2595));
#423=EDGE_LOOP('',(#2596,#2597,#2598,#2599));
#424=EDGE_LOOP('',(#2600,#2601,#2602,#2603));
#425=EDGE_LOOP('',(#2604,#2605,#2606));
#426=EDGE_LOOP('',(#2607,#2608,#2609));
#427=EDGE_LOOP('',(#2610,#2611,#2612,#2613));
#428=EDGE_LOOP('',(#2614,#2615,#2616,#2617));
#429=EDGE_LOOP('',(#2618,#2619,#2620));
#430=EDGE_LOOP('',(#2621,#2622,#2623,#2624));
#431=EDGE_LOOP('',(#2625,#2626,#2627,#2628));
#432=EDGE_LOOP('',(#2629,#2630,#2631));
#433=EDGE_LOOP('',(#2632,#2633,#2634,#2635));
#434=EDGE_LOOP('',(#2636,#2637,#2638));
#435=EDGE_LOOP('',(#2639,#2640,#2641,#2642,#2643));
#436=EDGE_LOOP('',(#2644,#2645,#2646,#2647));
#437=EDGE_LOOP('',(#2648,#2649,#2650));
#438=EDGE_LOOP('',(#2651,#2652,#2653,#2654));
#439=EDGE_LOOP('',(#2655,#2656,#2657));
#440=EDGE_LOOP('',(#2658,#2659,#2660,#2661));
#441=EDGE_LOOP('',(#2662,#2663,#2664));
#442=EDGE_LOOP('',(#2665,#2666,#2667,#2668));
#443=EDGE_LOOP('',(#2669,#2670,#2671,#2672));
#444=EDGE_LOOP('',(#2673,#2674,#2675));
#445=EDGE_LOOP('',(#2676,#2677,#2678,#2679));
#446=EDGE_LOOP('',(#2680,#2681,#2682,#2683));
#447=EDGE_LOOP('',(#2684,#2685,#2686,#2687));
#448=EDGE_LOOP('',(#2688,#2689,#2690,#2691));
#449=EDGE_LOOP('',(#2692,#2693,#2694,#2695));
#450=EDGE_LOOP('',(#2696,#2697,#2698,#2699));
#451=EDGE_LOOP('',(#2700,#2701,#2702,#2703));
#452=EDGE_LOOP('',(#2704,#2705,#2706,#2707));
#453=EDGE_LOOP('',(#2708,#2709,#2710,#2711));
#454=EDGE_LOOP('',(#2712,#2713,#2714,#2715));
#455=EDGE_LOOP('',(#2716,#2717,#2718,#2719));
#456=EDGE_LOOP('',(#2720,#2721,#2722,#2723));
#457=EDGE_LOOP('',(#2724,#2725,#2726,#2727,#2728,#2729,#2730,#2731,#2732,
#2733,#2734,#2735));
#458=EDGE_LOOP('',(#2736,#2737,#2738,#2739));
#459=EDGE_LOOP('',(#2740,#2741,#2742,#2743));
#460=EDGE_LOOP('',(#2744,#2745,#2746,#2747));
#461=EDGE_LOOP('',(#2748,#2749,#2750,#2751));
#462=EDGE_LOOP('',(#2752,#2753,#2754,#2755,#2756,#2757,#2758,#2759));
#463=EDGE_LOOP('',(#2760,#2761,#2762,#2763,#2764));
#464=EDGE_LOOP('',(#2765,#2766,#2767,#2768,#2769,#2770,#2771,#2772,#2773));
#465=EDGE_LOOP('',(#2774,#2775,#2776,#2777,#2778,#2779,#2780,#2781,#2782,
#2783,#2784,#2785,#2786,#2787,#2788,#2789,#2790,#2791,#2792,#2793,#2794,
#2795,#2796,#2797));
#466=EDGE_LOOP('',(#2798,#2799,#2800,#2801,#2802,#2803,#2804,#2805,#2806,
#2807,#2808,#2809,#2810,#2811,#2812,#2813,#2814,#2815,#2816,#2817,#2818,
#2819,#2820,#2821));
#467=EDGE_LOOP('',(#2822,#2823,#2824,#2825));
#468=EDGE_LOOP('',(#2826,#2827,#2828,#2829,#2830));
#469=EDGE_LOOP('',(#2831,#2832,#2833,#2834));
#470=EDGE_LOOP('',(#2835));
#471=EDGE_LOOP('',(#2836,#2837,#2838,#2839));
#472=EDGE_LOOP('',(#2840));
#473=EDGE_LOOP('',(#2841,#2842,#2843,#2844));
#474=EDGE_LOOP('',(#2845));
#475=EDGE_LOOP('',(#2846,#2847,#2848,#2849));
#476=EDGE_LOOP('',(#2850));
#477=EDGE_LOOP('',(#2851,#2852,#2853,#2854));
#478=EDGE_LOOP('',(#2855));
#479=EDGE_LOOP('',(#2856,#2857,#2858,#2859));
#480=EDGE_LOOP('',(#2860));
#481=EDGE_LOOP('',(#2861,#2862,#2863,#2864));
#482=EDGE_LOOP('',(#2865,#2866,#2867,#2868));
#483=EDGE_LOOP('',(#2869,#2870,#2871,#2872,#2873));
#484=EDGE_LOOP('',(#2874,#2875,#2876,#2877,#2878,#2879,#2880,#2881,#2882,
#2883,#2884,#2885,#2886,#2887,#2888,#2889,#2890,#2891,#2892,#2893,#2894,
#2895,#2896,#2897));
#485=EDGE_LOOP('',(#2898,#2899,#2900,#2901));
#486=EDGE_LOOP('',(#2902,#2903,#2904,#2905));
#487=EDGE_LOOP('',(#2906,#2907,#2908,#2909,#2910,#2911,#2912,#2913,#2914,
#2915,#2916,#2917));
#488=EDGE_LOOP('',(#2918,#2919,#2920,#2921));
#489=EDGE_LOOP('',(#2922,#2923));
#490=EDGE_LOOP('',(#2924,#2925,#2926,#2927));
#491=EDGE_LOOP('',(#2928,#2929));
#492=EDGE_LOOP('',(#2930,#2931,#2932,#2933));
#493=EDGE_LOOP('',(#2934,#2935,#2936));
#494=EDGE_LOOP('',(#2937,#2938,#2939,#2940,#2941,#2942));
#495=EDGE_LOOP('',(#2943,#2944,#2945,#2946,#2947,#2948));
#496=EDGE_LOOP('',(#2949,#2950,#2951,#2952,#2953,#2954));
#497=EDGE_LOOP('',(#2955,#2956,#2957,#2958));
#498=EDGE_LOOP('',(#2959,#2960,#2961,#2962));
#499=EDGE_LOOP('',(#2963,#2964,#2965,#2966));
#500=EDGE_LOOP('',(#2967,#2968,#2969,#2970));
#501=EDGE_LOOP('',(#2971,#2972,#2973,#2974));
#502=EDGE_LOOP('',(#2975,#2976,#2977,#2978));
#503=EDGE_LOOP('',(#2979,#2980,#2981,#2982));
#504=EDGE_LOOP('',(#2983,#2984,#2985,#2986));
#505=EDGE_LOOP('',(#2987,#2988,#2989,#2990));
#506=EDGE_LOOP('',(#2991,#2992,#2993,#2994));
#507=EDGE_LOOP('',(#2995,#2996,#2997,#2998));
#508=EDGE_LOOP('',(#2999,#3000,#3001,#3002));
#509=EDGE_LOOP('',(#3003,#3004,#3005,#3006));
#510=EDGE_LOOP('',(#3007,#3008,#3009,#3010));
#511=EDGE_LOOP('',(#3011,#3012,#3013,#3014));
#512=EDGE_LOOP('',(#3015,#3016,#3017,#3018));
#513=EDGE_LOOP('',(#3019,#3020,#3021,#3022));
#514=EDGE_LOOP('',(#3023,#3024,#3025,#3026));
#515=EDGE_LOOP('',(#3027,#3028,#3029,#3030));
#516=EDGE_LOOP('',(#3031,#3032,#3033,#3034,#3035));
#517=EDGE_LOOP('',(#3036,#3037,#3038,#3039));
#518=EDGE_LOOP('',(#3040,#3041,#3042,#3043));
#519=EDGE_LOOP('',(#3044,#3045,#3046,#3047));
#520=EDGE_LOOP('',(#3048,#3049,#3050,#3051,#3052,#3053));
#521=EDGE_LOOP('',(#3054,#3055,#3056,#3057));
#522=EDGE_LOOP('',(#3058,#3059,#3060,#3061,#3062));
#523=EDGE_LOOP('',(#3063,#3064,#3065,#3066));
#524=LINE('',#4504,#896);
#525=LINE('',#4507,#897);
#526=LINE('',#4510,#898);
#527=LINE('',#4512,#899);
#528=LINE('',#4513,#900);
#529=LINE('',#4519,#901);
#530=LINE('',#4522,#902);
#531=LINE('',#4525,#903);
#532=LINE('',#4527,#904);
#533=LINE('',#4531,#905);
#534=LINE('',#4535,#906);
#535=LINE('',#4539,#907);
#536=LINE('',#4541,#908);
#537=LINE('',#4545,#909);
#538=LINE('',#4549,#910);
#539=LINE('',#4551,#911);
#540=LINE('',#4553,#912);
#541=LINE('',#4555,#913);
#542=LINE('',#4559,#914);
#543=LINE('',#4563,#915);
#544=LINE('',#4565,#916);
#545=LINE('',#4569,#917);
#546=LINE('',#4573,#918);
#547=LINE('',#4577,#919);
#548=LINE('',#4579,#920);
#549=LINE('',#4581,#921);
#550=LINE('',#4582,#922);
#551=LINE('',#4587,#923);
#552=LINE('',#4591,#924);
#553=LINE('',#4593,#925);
#554=LINE('',#4594,#926);
#555=LINE('',#4603,#927);
#556=LINE('',#4606,#928);
#557=LINE('',#4609,#929);
#558=LINE('',#4611,#930);
#559=LINE('',#4612,#931);
#560=LINE('',#4617,#932);
#561=LINE('',#4621,#933);
#562=LINE('',#4623,#934);
#563=LINE('',#4624,#935);
#564=LINE('',#4630,#936);
#565=LINE('',#4633,#937);
#566=LINE('',#4635,#938);
#567=LINE('',#4636,#939);
#568=LINE('',#4642,#940);
#569=LINE('',#4645,#941);
#570=LINE('',#4647,#942);
#571=LINE('',#4648,#943);
#572=LINE('',#4651,#944);
#573=LINE('',#4654,#945);
#574=LINE('',#4657,#946);
#575=LINE('',#4659,#947);
#576=LINE('',#4661,#948);
#577=LINE('',#4663,#949);
#578=LINE('',#4665,#950);
#579=LINE('',#4667,#951);
#580=LINE('',#4669,#952);
#581=LINE('',#4671,#953);
#582=LINE('',#4673,#954);
#583=LINE('',#4675,#955);
#584=LINE('',#4676,#956);
#585=LINE('',#4679,#957);
#586=LINE('',#4682,#958);
#587=LINE('',#4685,#959);
#588=LINE('',#4686,#960);
#589=LINE('',#4690,#961);
#590=LINE('',#4695,#962);
#591=LINE('',#4699,#963);
#592=LINE('',#4701,#964);
#593=LINE('',#4705,#965);
#594=LINE('',#4707,#966);
#595=LINE('',#4711,#967);
#596=LINE('',#4713,#968);
#597=LINE('',#4717,#969);
#598=LINE('',#4719,#970);
#599=LINE('',#4723,#971);
#600=LINE('',#4727,#972);
#601=LINE('',#4729,#973);
#602=LINE('',#4733,#974);
#603=LINE('',#4735,#975);
#604=LINE('',#4740,#976);
#605=LINE('',#4742,#977);
#606=LINE('',#4746,#978);
#607=LINE('',#4748,#979);
#608=LINE('',#4750,#980);
#609=LINE('',#4752,#981);
#610=LINE('',#4754,#982);
#611=LINE('',#4756,#983);
#612=LINE('',#4760,#984);
#613=LINE('',#4762,#985);
#614=LINE('',#4766,#986);
#615=LINE('',#4770,#987);
#616=LINE('',#4772,#988);
#617=LINE('',#4776,#989);
#618=LINE('',#4778,#990);
#619=LINE('',#4782,#991);
#620=LINE('',#4786,#992);
#621=LINE('',#4788,#993);
#622=LINE('',#4792,#994);
#623=LINE('',#4794,#995);
#624=LINE('',#4798,#996);
#625=LINE('',#4800,#997);
#626=LINE('',#4804,#998);
#627=LINE('',#4806,#999);
#628=LINE('',#4810,#1000);
#629=LINE('',#4814,#1001);
#630=LINE('',#4818,#1002);
#631=LINE('',#4820,#1003);
#632=LINE('',#4822,#1004);
#633=LINE('',#4826,#1005);
#634=LINE('',#4830,#1006);
#635=LINE('',#4832,#1007);
#636=LINE('',#4834,#1008);
#637=LINE('',#4836,#1009);
#638=LINE('',#4840,#1010);
#639=LINE('',#4844,#1011);
#640=LINE('',#4846,#1012);
#641=LINE('',#4847,#1013);
#642=LINE('',#4865,#1014);
#643=LINE('',#4867,#1015);
#644=LINE('',#4868,#1016);
#645=LINE('',#4872,#1017);
#646=LINE('',#4875,#1018);
#647=LINE('',#4878,#1019);
#648=LINE('',#4881,#1020);
#649=LINE('',#4882,#1021);
#650=LINE('',#4885,#1022);
#651=LINE('',#4888,#1023);
#652=LINE('',#4891,#1024);
#653=LINE('',#4892,#1025);
#654=LINE('',#4898,#1026);
#655=LINE('',#4901,#1027);
#656=LINE('',#4903,#1028);
#657=LINE('',#4905,#1029);
#658=LINE('',#4909,#1030);
#659=LINE('',#4910,#1031);
#660=LINE('',#4912,#1032);
#661=LINE('',#4914,#1033);
#662=LINE('',#4918,#1034);
#663=LINE('',#4920,#1035);
#664=LINE('',#4921,#1036);
#665=LINE('',#4922,#1037);
#666=LINE('',#4924,#1038);
#667=LINE('',#4926,#1039);
#668=LINE('',#4928,#1040);
#669=LINE('',#4929,#1041);
#670=LINE('',#4930,#1042);
#671=LINE('',#4932,#1043);
#672=LINE('',#4933,#1044);
#673=LINE('',#4935,#1045);
#674=LINE('',#4937,#1046);
#675=LINE('',#4939,#1047);
#676=LINE('',#4940,#1048);
#677=LINE('',#4942,#1049);
#678=LINE('',#4944,#1050);
#679=LINE('',#4945,#1051);
#680=LINE('',#4947,#1052);
#681=LINE('',#4949,#1053);
#682=LINE('',#4950,#1054);
#683=LINE('',#4952,#1055);
#684=LINE('',#4954,#1056);
#685=LINE('',#4956,#1057);
#686=LINE('',#4959,#1058);
#687=LINE('',#4962,#1059);
#688=LINE('',#4965,#1060);
#689=LINE('',#4966,#1061);
#690=LINE('',#4969,#1062);
#691=LINE('',#4972,#1063);
#692=LINE('',#4974,#1064);
#693=LINE('',#4977,#1065);
#694=LINE('',#4980,#1066);
#695=LINE('',#4983,#1067);
#696=LINE('',#4984,#1068);
#697=LINE('',#4987,#1069);
#698=LINE('',#4990,#1070);
#699=LINE('',#4993,#1071);
#700=LINE('',#4994,#1072);
#701=LINE('',#4997,#1073);
#702=LINE('',#5000,#1074);
#703=LINE('',#5003,#1075);
#704=LINE('',#5004,#1076);
#705=LINE('',#5007,#1077);
#706=LINE('',#5010,#1078);
#707=LINE('',#5013,#1079);
#708=LINE('',#5014,#1080);
#709=LINE('',#5017,#1081);
#710=LINE('',#5020,#1082);
#711=LINE('',#5023,#1083);
#712=LINE('',#5024,#1084);
#713=LINE('',#5027,#1085);
#714=LINE('',#5030,#1086);
#715=LINE('',#5033,#1087);
#716=LINE('',#5034,#1088);
#717=LINE('',#5037,#1089);
#718=LINE('',#5040,#1090);
#719=LINE('',#5043,#1091);
#720=LINE('',#5044,#1092);
#721=LINE('',#5047,#1093);
#722=LINE('',#5050,#1094);
#723=LINE('',#5052,#1095);
#724=LINE('',#5055,#1096);
#725=LINE('',#5058,#1097);
#726=LINE('',#5061,#1098);
#727=LINE('',#5062,#1099);
#728=LINE('',#5066,#1100);
#729=LINE('',#5069,#1101);
#730=LINE('',#5073,#1102);
#731=LINE('',#5074,#1103);
#732=LINE('',#5077,#1104);
#733=LINE('',#5083,#1105);
#734=LINE('',#5084,#1106);
#735=LINE('',#5088,#1107);
#736=LINE('',#5091,#1108);
#737=LINE('',#5095,#1109);
#738=LINE('',#5096,#1110);
#739=LINE('',#5099,#1111);
#740=LINE('',#5102,#1112);
#741=LINE('',#5105,#1113);
#742=LINE('',#5106,#1114);
#743=LINE('',#5110,#1115);
#744=LINE('',#5112,#1116);
#745=LINE('',#5113,#1117);
#746=LINE('',#5117,#1118);
#747=LINE('',#5119,#1119);
#748=LINE('',#5120,#1120);
#749=LINE('',#5122,#1121);
#750=LINE('',#5123,#1122);
#751=LINE('',#5127,#1123);
#752=LINE('',#5129,#1124);
#753=LINE('',#5130,#1125);
#754=LINE('',#5134,#1126);
#755=LINE('',#5136,#1127);
#756=LINE('',#5137,#1128);
#757=LINE('',#5139,#1129);
#758=LINE('',#5140,#1130);
#759=LINE('',#5144,#1131);
#760=LINE('',#5146,#1132);
#761=LINE('',#5147,#1133);
#762=LINE('',#5149,#1134);
#763=LINE('',#5150,#1135);
#764=LINE('',#5152,#1136);
#765=LINE('',#5153,#1137);
#766=LINE('',#5157,#1138);
#767=LINE('',#5159,#1139);
#768=LINE('',#5160,#1140);
#769=LINE('',#5164,#1141);
#770=LINE('',#5166,#1142);
#771=LINE('',#5167,#1143);
#772=LINE('',#5169,#1144);
#773=LINE('',#5170,#1145);
#774=LINE('',#5174,#1146);
#775=LINE('',#5176,#1147);
#776=LINE('',#5178,#1148);
#777=LINE('',#5179,#1149);
#778=LINE('',#5183,#1150);
#779=LINE('',#5185,#1151);
#780=LINE('',#5186,#1152);
#781=LINE('',#5188,#1153);
#782=LINE('',#5189,#1154);
#783=LINE('',#5192,#1155);
#784=LINE('',#5194,#1156);
#785=LINE('',#5195,#1157);
#786=LINE('',#5199,#1158);
#787=LINE('',#5201,#1159);
#788=LINE('',#5202,#1160);
#789=LINE('',#5204,#1161);
#790=LINE('',#5205,#1162);
#791=LINE('',#5209,#1163);
#792=LINE('',#5211,#1164);
#793=LINE('',#5212,#1165);
#794=LINE('',#5215,#1166);
#795=LINE('',#5216,#1167);
#796=LINE('',#5217,#1168);
#797=LINE('',#5221,#1169);
#798=LINE('',#5223,#1170);
#799=LINE('',#5225,#1171);
#800=LINE('',#5226,#1172);
#801=LINE('',#5230,#1173);
#802=LINE('',#5232,#1174);
#803=LINE('',#5233,#1175);
#804=LINE('',#5235,#1176);
#805=LINE('',#5236,#1177);
#806=LINE('',#5240,#1178);
#807=LINE('',#5242,#1179);
#808=LINE('',#5243,#1180);
#809=LINE('',#5245,#1181);
#810=LINE('',#5246,#1182);
#811=LINE('',#5250,#1183);
#812=LINE('',#5252,#1184);
#813=LINE('',#5253,#1185);
#814=LINE('',#5255,#1186);
#815=LINE('',#5256,#1187);
#816=LINE('',#5258,#1188);
#817=LINE('',#5259,#1189);
#818=LINE('',#5263,#1190);
#819=LINE('',#5265,#1191);
#820=LINE('',#5266,#1192);
#821=LINE('',#5268,#1193);
#822=LINE('',#5269,#1194);
#823=LINE('',#5271,#1195);
#824=LINE('',#5272,#1196);
#825=LINE('',#5274,#1197);
#826=LINE('',#5275,#1198);
#827=LINE('',#5277,#1199);
#828=LINE('',#5278,#1200);
#829=LINE('',#5280,#1201);
#830=LINE('',#5281,#1202);
#831=LINE('',#5283,#1203);
#832=LINE('',#5284,#1204);
#833=LINE('',#5286,#1205);
#834=LINE('',#5287,#1206);
#835=LINE('',#5289,#1207);
#836=LINE('',#5290,#1208);
#837=LINE('',#5293,#1209);
#838=LINE('',#5295,#1210);
#839=LINE('',#5296,#1211);
#840=LINE('',#5298,#1212);
#841=LINE('',#5299,#1213);
#842=LINE('',#5301,#1214);
#843=LINE('',#5302,#1215);
#844=LINE('',#5304,#1216);
#845=LINE('',#5305,#1217);
#846=LINE('',#5307,#1218);
#847=LINE('',#5309,#1219);
#848=LINE('',#5310,#1220);
#849=LINE('',#5311,#1221);
#850=LINE('',#5313,#1222);
#851=LINE('',#5317,#1223);
#852=LINE('',#5320,#1224);
#853=LINE('',#5321,#1225);
#854=LINE('',#5322,#1226);
#855=LINE('',#5323,#1227);
#856=LINE('',#5324,#1228);
#857=LINE('',#5325,#1229);
#858=LINE('',#5326,#1230);
#859=LINE('',#5327,#1231);
#860=LINE('',#5328,#1232);
#861=LINE('',#5329,#1233);
#862=LINE('',#5331,#1234);
#863=LINE('',#5332,#1235);
#864=LINE('',#5333,#1236);
#865=LINE('',#5334,#1237);
#866=LINE('',#5339,#1238);
#867=LINE('',#5344,#1239);
#868=LINE('',#5349,#1240);
#869=LINE('',#5354,#1241);
#870=LINE('',#5359,#1242);
#871=LINE('',#5364,#1243);
#872=LINE('',#5369,#1244);
#873=LINE('',#5372,#1245);
#874=LINE('',#5373,#1246);
#875=LINE('',#5375,#1247);
#876=LINE('',#5378,#1248);
#877=LINE('',#5380,#1249);
#878=LINE('',#5383,#1250);
#879=LINE('',#5386,#1251);
#880=LINE('',#5388,#1252);
#881=LINE('',#5391,#1253);
#882=LINE('',#5394,#1254);
#883=LINE('',#5397,#1255);
#884=LINE('',#5400,#1256);
#885=LINE('',#5403,#1257);
#886=LINE('',#5404,#1258);
#887=LINE('',#5407,#1259);
#888=LINE('',#5408,#1260);
#889=LINE('',#5410,#1261);
#890=LINE('',#5415,#1262);
#891=LINE('',#5427,#1263);
#892=LINE('',#5431,#1264);
#893=LINE('',#5434,#1265);
#894=LINE('',#5437,#1266);
#895=LINE('',#5442,#1267);
#896=VECTOR('',#3578,10.);
#897=VECTOR('',#3581,10.);
#898=VECTOR('',#3584,10.);
#899=VECTOR('',#3585,10.);
#900=VECTOR('',#3586,10.);
#901=VECTOR('',#3591,10.);
#902=VECTOR('',#3594,10.);
#903=VECTOR('',#3597,10.);
#904=VECTOR('',#3598,10.);
#905=VECTOR('',#3601,10.);
#906=VECTOR('',#3604,10.);
#907=VECTOR('',#3607,10.);
#908=VECTOR('',#3608,10.);
#909=VECTOR('',#3611,10.);
#910=VECTOR('',#3614,10.);
#911=VECTOR('',#3615,10.);
#912=VECTOR('',#3616,10.);
#913=VECTOR('',#3617,10.);
#914=VECTOR('',#3620,10.);
#915=VECTOR('',#3623,10.);
#916=VECTOR('',#3624,10.);
#917=VECTOR('',#3627,10.);
#918=VECTOR('',#3630,10.);
#919=VECTOR('',#3633,10.);
#920=VECTOR('',#3634,10.);
#921=VECTOR('',#3635,10.);
#922=VECTOR('',#3636,10.);
#923=VECTOR('',#3641,10.);
#924=VECTOR('',#3646,10.);
#925=VECTOR('',#3647,10.);
#926=VECTOR('',#3648,10.);
#927=VECTOR('',#3659,10.);
#928=VECTOR('',#3662,10.);
#929=VECTOR('',#3665,10.);
#930=VECTOR('',#3666,10.);
#931=VECTOR('',#3667,10.);
#932=VECTOR('',#3672,10.);
#933=VECTOR('',#3677,10.);
#934=VECTOR('',#3678,10.);
#935=VECTOR('',#3679,10.);
#936=VECTOR('',#3684,10.);
#937=VECTOR('',#3687,10.);
#938=VECTOR('',#3690,10.);
#939=VECTOR('',#3691,10.);
#940=VECTOR('',#3696,10.);
#941=VECTOR('',#3699,10.);
#942=VECTOR('',#3702,10.);
#943=VECTOR('',#3703,10.);
#944=VECTOR('',#3706,10.);
#945=VECTOR('',#3709,10.);
#946=VECTOR('',#3712,10.);
#947=VECTOR('',#3713,10.);
#948=VECTOR('',#3714,10.);
#949=VECTOR('',#3715,10.);
#950=VECTOR('',#3716,10.);
#951=VECTOR('',#3717,10.);
#952=VECTOR('',#3718,10.);
#953=VECTOR('',#3719,10.);
#954=VECTOR('',#3720,10.);
#955=VECTOR('',#3721,10.);
#956=VECTOR('',#3722,10.);
#957=VECTOR('',#3725,10.);
#958=VECTOR('',#3728,10.);
#959=VECTOR('',#3731,10.);
#960=VECTOR('',#3732,10.);
#961=VECTOR('',#3737,10.);
#962=VECTOR('',#3742,10.);
#963=VECTOR('',#3745,10.);
#964=VECTOR('',#3746,10.);
#965=VECTOR('',#3749,10.);
#966=VECTOR('',#3750,10.);
#967=VECTOR('',#3753,10.);
#968=VECTOR('',#3754,10.);
#969=VECTOR('',#3757,10.);
#970=VECTOR('',#3758,10.);
#971=VECTOR('',#3761,10.);
#972=VECTOR('',#3764,10.);
#973=VECTOR('',#3765,10.);
#974=VECTOR('',#3768,10.);
#975=VECTOR('',#3769,10.);
#976=VECTOR('',#3774,10.);
#977=VECTOR('',#3775,10.);
#978=VECTOR('',#3778,10.);
#979=VECTOR('',#3779,10.);
#980=VECTOR('',#3780,10.);
#981=VECTOR('',#3781,10.);
#982=VECTOR('',#3782,10.);
#983=VECTOR('',#3783,10.);
#984=VECTOR('',#3786,10.);
#985=VECTOR('',#3787,10.);
#986=VECTOR('',#3790,10.);
#987=VECTOR('',#3793,10.);
#988=VECTOR('',#3794,10.);
#989=VECTOR('',#3797,10.);
#990=VECTOR('',#3798,10.);
#991=VECTOR('',#3801,10.);
#992=VECTOR('',#3804,10.);
#993=VECTOR('',#3805,10.);
#994=VECTOR('',#3808,10.);
#995=VECTOR('',#3809,10.);
#996=VECTOR('',#3812,10.);
#997=VECTOR('',#3813,10.);
#998=VECTOR('',#3816,10.);
#999=VECTOR('',#3817,10.);
#1000=VECTOR('',#3820,10.);
#1001=VECTOR('',#3823,10.);
#1002=VECTOR('',#3826,10.);
#1003=VECTOR('',#3827,10.);
#1004=VECTOR('',#3828,10.);
#1005=VECTOR('',#3831,10.);
#1006=VECTOR('',#3834,10.);
#1007=VECTOR('',#3835,10.);
#1008=VECTOR('',#3836,10.);
#1009=VECTOR('',#3837,10.);
#1010=VECTOR('',#3840,10.);
#1011=VECTOR('',#3843,10.);
#1012=VECTOR('',#3844,10.);
#1013=VECTOR('',#3845,10.);
#1014=VECTOR('',#3864,10.);
#1015=VECTOR('',#3867,10.);
#1016=VECTOR('',#3868,10.);
#1017=VECTOR('',#3873,10.);
#1018=VECTOR('',#3876,10.);
#1019=VECTOR('',#3879,10.);
#1020=VECTOR('',#3882,10.);
#1021=VECTOR('',#3883,10.);
#1022=VECTOR('',#3886,10.);
#1023=VECTOR('',#3889,10.);
#1024=VECTOR('',#3892,10.);
#1025=VECTOR('',#3893,10.);
#1026=VECTOR('',#3898,10.);
#1027=VECTOR('',#3901,10.);
#1028=VECTOR('',#3904,10.);
#1029=VECTOR('',#3905,10.);
#1030=VECTOR('',#3908,10.);
#1031=VECTOR('',#3909,10.);
#1032=VECTOR('',#3910,10.);
#1033=VECTOR('',#3911,10.);
#1034=VECTOR('',#3914,10.);
#1035=VECTOR('',#3915,10.);
#1036=VECTOR('',#3916,10.);
#1037=VECTOR('',#3917,10.);
#1038=VECTOR('',#3920,10.);
#1039=VECTOR('',#3921,10.);
#1040=VECTOR('',#3922,10.);
#1041=VECTOR('',#3923,10.);
#1042=VECTOR('',#3924,10.);
#1043=VECTOR('',#3925,10.);
#1044=VECTOR('',#3926,10.);
#1045=VECTOR('',#3929,10.);
#1046=VECTOR('',#3932,10.);
#1047=VECTOR('',#3935,10.);
#1048=VECTOR('',#3936,10.);
#1049=VECTOR('',#3939,10.);
#1050=VECTOR('',#3942,10.);
#1051=VECTOR('',#3943,10.);
#1052=VECTOR('',#3946,10.);
#1053=VECTOR('',#3949,10.);
#1054=VECTOR('',#3950,10.);
#1055=VECTOR('',#3953,10.);
#1056=VECTOR('',#3956,10.);
#1057=VECTOR('',#3959,10.);
#1058=VECTOR('',#3962,10.);
#1059=VECTOR('',#3965,10.);
#1060=VECTOR('',#3968,10.);
#1061=VECTOR('',#3969,10.);
#1062=VECTOR('',#3972,10.);
#1063=VECTOR('',#3975,10.);
#1064=VECTOR('',#3978,10.);
#1065=VECTOR('',#3981,10.);
#1066=VECTOR('',#3984,10.);
#1067=VECTOR('',#3987,10.);
#1068=VECTOR('',#3988,10.);
#1069=VECTOR('',#3991,10.);
#1070=VECTOR('',#3994,10.);
#1071=VECTOR('',#3997,10.);
#1072=VECTOR('',#3998,10.);
#1073=VECTOR('',#4001,10.);
#1074=VECTOR('',#4004,10.);
#1075=VECTOR('',#4007,10.);
#1076=VECTOR('',#4008,10.);
#1077=VECTOR('',#4011,10.);
#1078=VECTOR('',#4014,10.);
#1079=VECTOR('',#4017,10.);
#1080=VECTOR('',#4018,10.);
#1081=VECTOR('',#4021,10.);
#1082=VECTOR('',#4024,10.);
#1083=VECTOR('',#4027,10.);
#1084=VECTOR('',#4028,10.);
#1085=VECTOR('',#4031,10.);
#1086=VECTOR('',#4034,10.);
#1087=VECTOR('',#4037,10.);
#1088=VECTOR('',#4038,10.);
#1089=VECTOR('',#4041,10.);
#1090=VECTOR('',#4044,10.);
#1091=VECTOR('',#4047,10.);
#1092=VECTOR('',#4048,10.);
#1093=VECTOR('',#4051,10.);
#1094=VECTOR('',#4054,10.);
#1095=VECTOR('',#4057,10.);
#1096=VECTOR('',#4060,10.);
#1097=VECTOR('',#4063,10.);
#1098=VECTOR('',#4066,10.);
#1099=VECTOR('',#4067,10.);
#1100=VECTOR('',#4072,10.);
#1101=VECTOR('',#4075,10.);
#1102=VECTOR('',#4080,10.);
#1103=VECTOR('',#4081,10.);
#1104=VECTOR('',#4084,2.);
#1105=VECTOR('',#4091,2.);
#1106=VECTOR('',#4092,10.);
#1107=VECTOR('',#4097,10.);
#1108=VECTOR('',#4100,10.);
#1109=VECTOR('',#4105,10.);
#1110=VECTOR('',#4106,10.);
#1111=VECTOR('',#4109,10.);
#1112=VECTOR('',#4112,10.);
#1113=VECTOR('',#4115,10.);
#1114=VECTOR('',#4116,10.);
#1115=VECTOR('',#4119,10.);
#1116=VECTOR('',#4120,10.);
#1117=VECTOR('',#4121,10.);
#1118=VECTOR('',#4124,10.);
#1119=VECTOR('',#4125,10.);
#1120=VECTOR('',#4126,10.);
#1121=VECTOR('',#4129,10.);
#1122=VECTOR('',#4130,10.);
#1123=VECTOR('',#4133,10.);
#1124=VECTOR('',#4134,10.);
#1125=VECTOR('',#4135,10.);
#1126=VECTOR('',#4138,10.);
#1127=VECTOR('',#4139,10.);
#1128=VECTOR('',#4140,10.);
#1129=VECTOR('',#4143,10.);
#1130=VECTOR('',#4144,10.);
#1131=VECTOR('',#4147,10.);
#1132=VECTOR('',#4148,10.);
#1133=VECTOR('',#4149,10.);
#1134=VECTOR('',#4152,10.);
#1135=VECTOR('',#4153,10.);
#1136=VECTOR('',#4156,10.);
#1137=VECTOR('',#4157,10.);
#1138=VECTOR('',#4160,10.);
#1139=VECTOR('',#4161,10.);
#1140=VECTOR('',#4162,10.);
#1141=VECTOR('',#4165,10.);
#1142=VECTOR('',#4166,10.);
#1143=VECTOR('',#4167,10.);
#1144=VECTOR('',#4170,10.);
#1145=VECTOR('',#4171,10.);
#1146=VECTOR('',#4174,10.);
#1147=VECTOR('',#4175,10.);
#1148=VECTOR('',#4176,10.);
#1149=VECTOR('',#4177,10.);
#1150=VECTOR('',#4180,10.);
#1151=VECTOR('',#4181,10.);
#1152=VECTOR('',#4182,10.);
#1153=VECTOR('',#4185,10.);
#1154=VECTOR('',#4186,10.);
#1155=VECTOR('',#4189,10.);
#1156=VECTOR('',#4190,10.);
#1157=VECTOR('',#4191,10.);
#1158=VECTOR('',#4194,10.);
#1159=VECTOR('',#4195,10.);
#1160=VECTOR('',#4196,10.);
#1161=VECTOR('',#4199,10.);
#1162=VECTOR('',#4200,10.);
#1163=VECTOR('',#4203,10.);
#1164=VECTOR('',#4204,10.);
#1165=VECTOR('',#4205,10.);
#1166=VECTOR('',#4208,10.);
#1167=VECTOR('',#4209,10.);
#1168=VECTOR('',#4210,10.);
#1169=VECTOR('',#4213,10.);
#1170=VECTOR('',#4214,10.);
#1171=VECTOR('',#4215,10.);
#1172=VECTOR('',#4216,10.);
#1173=VECTOR('',#4219,10.);
#1174=VECTOR('',#4220,10.);
#1175=VECTOR('',#4221,10.);
#1176=VECTOR('',#4224,10.);
#1177=VECTOR('',#4225,10.);
#1178=VECTOR('',#4228,10.);
#1179=VECTOR('',#4229,10.);
#1180=VECTOR('',#4230,10.);
#1181=VECTOR('',#4233,10.);
#1182=VECTOR('',#4234,10.);
#1183=VECTOR('',#4237,10.);
#1184=VECTOR('',#4238,10.);
#1185=VECTOR('',#4239,10.);
#1186=VECTOR('',#4242,10.);
#1187=VECTOR('',#4243,10.);
#1188=VECTOR('',#4246,10.);
#1189=VECTOR('',#4247,10.);
#1190=VECTOR('',#4250,10.);
#1191=VECTOR('',#4251,10.);
#1192=VECTOR('',#4252,10.);
#1193=VECTOR('',#4255,10.);
#1194=VECTOR('',#4256,10.);
#1195=VECTOR('',#4259,10.);
#1196=VECTOR('',#4260,10.);
#1197=VECTOR('',#4263,10.);
#1198=VECTOR('',#4264,10.);
#1199=VECTOR('',#4267,10.);
#1200=VECTOR('',#4268,10.);
#1201=VECTOR('',#4271,10.);
#1202=VECTOR('',#4272,10.);
#1203=VECTOR('',#4275,10.);
#1204=VECTOR('',#4276,10.);
#1205=VECTOR('',#4279,10.);
#1206=VECTOR('',#4280,10.);
#1207=VECTOR('',#4283,10.);
#1208=VECTOR('',#4284,10.);
#1209=VECTOR('',#4287,10.);
#1210=VECTOR('',#4288,10.);
#1211=VECTOR('',#4289,10.);
#1212=VECTOR('',#4292,10.);
#1213=VECTOR('',#4293,10.);
#1214=VECTOR('',#4296,10.);
#1215=VECTOR('',#4297,10.);
#1216=VECTOR('',#4300,10.);
#1217=VECTOR('',#4301,10.);
#1218=VECTOR('',#4304,10.);
#1219=VECTOR('',#4305,10.);
#1220=VECTOR('',#4306,10.);
#1221=VECTOR('',#4307,10.);
#1222=VECTOR('',#4310,10.);
#1223=VECTOR('',#4317,10.);
#1224=VECTOR('',#4322,10.);
#1225=VECTOR('',#4323,10.);
#1226=VECTOR('',#4324,10.);
#1227=VECTOR('',#4325,10.);
#1228=VECTOR('',#4326,10.);
#1229=VECTOR('',#4327,10.);
#1230=VECTOR('',#4328,10.);
#1231=VECTOR('',#4329,10.);
#1232=VECTOR('',#4330,10.);
#1233=VECTOR('',#4331,10.);
#1234=VECTOR('',#4332,10.);
#1235=VECTOR('',#4333,10.);
#1236=VECTOR('',#4334,10.);
#1237=VECTOR('',#4335,10.);
#1238=VECTOR('',#4342,1.2645);
#1239=VECTOR('',#4349,1.2645);
#1240=VECTOR('',#4356,1.2645);
#1241=VECTOR('',#4363,1.2645);
#1242=VECTOR('',#4370,1.2645);
#1243=VECTOR('',#4377,1.2645);
#1244=VECTOR('',#4386,10.);
#1245=VECTOR('',#4389,10.);
#1246=VECTOR('',#4390,10.);
#1247=VECTOR('',#4393,10.);
#1248=VECTOR('',#4398,10.);
#1249=VECTOR('',#4401,10.);
#1250=VECTOR('',#4404,10.);
#1251=VECTOR('',#4407,10.);
#1252=VECTOR('',#4410,10.);
#1253=VECTOR('',#4413,10.);
#1254=VECTOR('',#4418,10.);
#1255=VECTOR('',#4421,10.);
#1256=VECTOR('',#4424,10.);
#1257=VECTOR('',#4427,10.);
#1258=VECTOR('',#4428,10.);
#1259=VECTOR('',#4433,10.);
#1260=VECTOR('',#4434,10.);
#1261=VECTOR('',#4437,10.);
#1262=VECTOR('',#4446,10.);
#1263=VECTOR('',#4469,10.);
#1264=VECTOR('',#4476,10.);
#1265=VECTOR('',#4481,10.);
#1266=VECTOR('',#4486,10.);
#1267=VECTOR('',#4495,10.);
#1268=CIRCLE('',#3297,1.);
#1269=CIRCLE('',#3298,1.);
#1270=CIRCLE('',#3301,1.);
#1271=CIRCLE('',#3302,1.);
#1272=CIRCLE('',#3304,2.);
#1273=CIRCLE('',#3305,2.);
#1274=CIRCLE('',#3306,4.62813999018962);
#1275=CIRCLE('',#3307,2.);
#1276=CIRCLE('',#3308,2.);
#1277=CIRCLE('',#3309,2.);
#1278=CIRCLE('',#3310,2.);
#1279=CIRCLE('',#3311,4.62812509967206);
#1280=CIRCLE('',#3312,2.);
#1281=CIRCLE('',#3313,2.);
#1282=CIRCLE('',#3315,1.);
#1283=CIRCLE('',#3316,1.);
#1284=CIRCLE('',#3319,1.);
#1285=CIRCLE('',#3320,1.);
#1286=CIRCLE('',#3322,2.);
#1287=CIRCLE('',#3326,2.);
#1288=CIRCLE('',#3330,2.);
#1289=CIRCLE('',#3334,2.);
#1290=CIRCLE('',#3338,2.);
#1291=CIRCLE('',#3341,2.);
#1292=CIRCLE('',#3344,2.);
#1293=CIRCLE('',#3346,2.);
#1294=CIRCLE('',#3347,2.);
#1295=CIRCLE('',#3348,2.);
#1296=CIRCLE('',#3349,2.);
#1297=CIRCLE('',#3350,2.);
#1298=CIRCLE('',#3351,2.);
#1299=CIRCLE('',#3352,2.);
#1300=CIRCLE('',#3353,2.);
#1301=CIRCLE('',#3354,2.);
#1302=CIRCLE('',#3355,2.);
#1303=CIRCLE('',#3356,2.);
#1304=CIRCLE('',#3357,2.);
#1305=CIRCLE('',#3358,2.);
#1306=CIRCLE('',#3359,2.);
#1307=CIRCLE('',#3360,2.);
#1308=CIRCLE('',#3361,2.);
#1309=CIRCLE('',#3362,2.);
#1310=CIRCLE('',#3363,2.);
#1311=CIRCLE('',#3364,2.);
#1312=CIRCLE('',#3365,2.);
#1313=CIRCLE('',#3366,2.);
#1314=CIRCLE('',#3367,2.);
#1315=CIRCLE('',#3368,2.);
#1316=CIRCLE('',#3369,2.);
#1317=CIRCLE('',#3370,2.);
#1318=CIRCLE('',#3371,2.);
#1319=CIRCLE('',#3372,2.);
#1320=CIRCLE('',#3373,1.2645);
#1321=CIRCLE('',#3374,1.2645);
#1322=CIRCLE('',#3375,1.2645);
#1323=CIRCLE('',#3376,1.2645);
#1324=CIRCLE('',#3377,1.2645);
#1325=CIRCLE('',#3378,1.2645);
#1326=CIRCLE('',#3380,2.);
#1327=CIRCLE('',#3384,2.);
#1328=CIRCLE('',#3386,2.);
#1329=CIRCLE('',#3389,2.);
#1330=CIRCLE('',#3392,2.);
#1331=CIRCLE('',#3395,2.);
#1332=CIRCLE('',#3396,4.62812496764419);
#1333=CIRCLE('',#3409,2.);
#1334=CIRCLE('',#3412,2.);
#1335=CIRCLE('',#3415,2.);
#1336=CIRCLE('',#3418,2.);
#1337=CIRCLE('',#3421,2.);
#1338=CIRCLE('',#3424,2.);
#1339=CIRCLE('',#3427,2.);
#1340=CIRCLE('',#3430,2.);
#1341=CIRCLE('',#3433,2.);
#1342=CIRCLE('',#3436,2.);
#1343=CIRCLE('',#3439,2.);
#1344=CIRCLE('',#3442,2.);
#1345=CIRCLE('',#3444,2.);
#1346=CIRCLE('',#3447,2.);
#1347=CIRCLE('',#3449,2.);
#1348=CIRCLE('',#3451,2.);
#1349=CIRCLE('',#3453,2.);
#1350=CIRCLE('',#3456,2.);
#1351=CIRCLE('',#3509,1.2645);
#1352=CIRCLE('',#3512,1.2645);
#1353=CIRCLE('',#3515,1.2645);
#1354=CIRCLE('',#3518,1.2645);
#1355=CIRCLE('',#3521,1.2645);
#1356=CIRCLE('',#3524,1.2645);
#1357=CIRCLE('',#3534,4.62812509967206);
#1358=CIRCLE('',#3537,4.62813999018962);
#1359=CIRCLE('',#3540,4.62812496764419);
#1360=VERTEX_POINT('',#4500);
#1361=VERTEX_POINT('',#4501);
#1362=VERTEX_POINT('',#4503);
#1363=VERTEX_POINT('',#4505);
#1364=VERTEX_POINT('',#4509);
#1365=VERTEX_POINT('',#4511);
#1366=VERTEX_POINT('',#4515);
#1367=VERTEX_POINT('',#4516);
#1368=VERTEX_POINT('',#4518);
#1369=VERTEX_POINT('',#4520);
#1370=VERTEX_POINT('',#4524);
#1371=VERTEX_POINT('',#4526);
#1372=VERTEX_POINT('',#4528);
#1373=VERTEX_POINT('',#4530);
#1374=VERTEX_POINT('',#4532);
#1375=VERTEX_POINT('',#4534);
#1376=VERTEX_POINT('',#4536);
#1377=VERTEX_POINT('',#4538);
#1378=VERTEX_POINT('',#4540);
#1379=VERTEX_POINT('',#4542);
#1380=VERTEX_POINT('',#4544);
#1381=VERTEX_POINT('',#4546);
#1382=VERTEX_POINT('',#4548);
#1383=VERTEX_POINT('',#4550);
#1384=VERTEX_POINT('',#4552);
#1385=VERTEX_POINT('',#4554);
#1386=VERTEX_POINT('',#4556);
#1387=VERTEX_POINT('',#4558);
#1388=VERTEX_POINT('',#4560);
#1389=VERTEX_POINT('',#4562);
#1390=VERTEX_POINT('',#4564);
#1391=VERTEX_POINT('',#4566);
#1392=VERTEX_POINT('',#4568);
#1393=VERTEX_POINT('',#4570);
#1394=VERTEX_POINT('',#4572);
#1395=VERTEX_POINT('',#4574);
#1396=VERTEX_POINT('',#4576);
#1397=VERTEX_POINT('',#4578);
#1398=VERTEX_POINT('',#4580);
#1399=VERTEX_POINT('',#4584);
#1400=VERTEX_POINT('',#4586);
#1401=VERTEX_POINT('',#4590);
#1402=VERTEX_POINT('',#4592);
#1403=VERTEX_POINT('',#4599);
#1404=VERTEX_POINT('',#4600);
#1405=VERTEX_POINT('',#4602);
#1406=VERTEX_POINT('',#4604);
#1407=VERTEX_POINT('',#4608);
#1408=VERTEX_POINT('',#4610);
#1409=VERTEX_POINT('',#4614);
#1410=VERTEX_POINT('',#4616);
#1411=VERTEX_POINT('',#4620);
#1412=VERTEX_POINT('',#4622);
#1413=VERTEX_POINT('',#4626);
#1414=VERTEX_POINT('',#4627);
#1415=VERTEX_POINT('',#4629);
#1416=VERTEX_POINT('',#4631);
#1417=VERTEX_POINT('',#4638);
#1418=VERTEX_POINT('',#4639);
#1419=VERTEX_POINT('',#4641);
#1420=VERTEX_POINT('',#4643);
#1421=VERTEX_POINT('',#4650);
#1422=VERTEX_POINT('',#4652);
#1423=VERTEX_POINT('',#4656);
#1424=VERTEX_POINT('',#4658);
#1425=VERTEX_POINT('',#4660);
#1426=VERTEX_POINT('',#4662);
#1427=VERTEX_POINT('',#4664);
#1428=VERTEX_POINT('',#4666);
#1429=VERTEX_POINT('',#4668);
#1430=VERTEX_POINT('',#4670);
#1431=VERTEX_POINT('',#4672);
#1432=VERTEX_POINT('',#4674);
#1433=VERTEX_POINT('',#4678);
#1434=VERTEX_POINT('',#4680);
#1435=VERTEX_POINT('',#4684);
#1436=VERTEX_POINT('',#4688);
#1437=VERTEX_POINT('',#4692);
#1438=VERTEX_POINT('',#4694);
#1439=VERTEX_POINT('',#4696);
#1440=VERTEX_POINT('',#4698);
#1441=VERTEX_POINT('',#4700);
#1442=VERTEX_POINT('',#4702);
#1443=VERTEX_POINT('',#4704);
#1444=VERTEX_POINT('',#4706);
#1445=VERTEX_POINT('',#4708);
#1446=VERTEX_POINT('',#4710);
#1447=VERTEX_POINT('',#4712);
#1448=VERTEX_POINT('',#4714);
#1449=VERTEX_POINT('',#4716);
#1450=VERTEX_POINT('',#4718);
#1451=VERTEX_POINT('',#4720);
#1452=VERTEX_POINT('',#4722);
#1453=VERTEX_POINT('',#4724);
#1454=VERTEX_POINT('',#4726);
#1455=VERTEX_POINT('',#4728);
#1456=VERTEX_POINT('',#4730);
#1457=VERTEX_POINT('',#4732);
#1458=VERTEX_POINT('',#4734);
#1459=VERTEX_POINT('',#4737);
#1460=VERTEX_POINT('',#4739);
#1461=VERTEX_POINT('',#4741);
#1462=VERTEX_POINT('',#4743);
#1463=VERTEX_POINT('',#4745);
#1464=VERTEX_POINT('',#4747);
#1465=VERTEX_POINT('',#4749);
#1466=VERTEX_POINT('',#4751);
#1467=VERTEX_POINT('',#4753);
#1468=VERTEX_POINT('',#4755);
#1469=VERTEX_POINT('',#4757);
#1470=VERTEX_POINT('',#4759);
#1471=VERTEX_POINT('',#4761);
#1472=VERTEX_POINT('',#4763);
#1473=VERTEX_POINT('',#4765);
#1474=VERTEX_POINT('',#4767);
#1475=VERTEX_POINT('',#4769);
#1476=VERTEX_POINT('',#4771);
#1477=VERTEX_POINT('',#4773);
#1478=VERTEX_POINT('',#4775);
#1479=VERTEX_POINT('',#4777);
#1480=VERTEX_POINT('',#4779);
#1481=VERTEX_POINT('',#4781);
#1482=VERTEX_POINT('',#4783);
#1483=VERTEX_POINT('',#4785);
#1484=VERTEX_POINT('',#4787);
#1485=VERTEX_POINT('',#4789);
#1486=VERTEX_POINT('',#4791);
#1487=VERTEX_POINT('',#4793);
#1488=VERTEX_POINT('',#4795);
#1489=VERTEX_POINT('',#4797);
#1490=VERTEX_POINT('',#4799);
#1491=VERTEX_POINT('',#4801);
#1492=VERTEX_POINT('',#4803);
#1493=VERTEX_POINT('',#4805);
#1494=VERTEX_POINT('',#4807);
#1495=VERTEX_POINT('',#4809);
#1496=VERTEX_POINT('',#4811);
#1497=VERTEX_POINT('',#4813);
#1498=VERTEX_POINT('',#4815);
#1499=VERTEX_POINT('',#4817);
#1500=VERTEX_POINT('',#4819);
#1501=VERTEX_POINT('',#4821);
#1502=VERTEX_POINT('',#4823);
#1503=VERTEX_POINT('',#4825);
#1504=VERTEX_POINT('',#4827);
#1505=VERTEX_POINT('',#4829);
#1506=VERTEX_POINT('',#4831);
#1507=VERTEX_POINT('',#4833);
#1508=VERTEX_POINT('',#4835);
#1509=VERTEX_POINT('',#4837);
#1510=VERTEX_POINT('',#4839);
#1511=VERTEX_POINT('',#4841);
#1512=VERTEX_POINT('',#4843);
#1513=VERTEX_POINT('',#4845);
#1514=VERTEX_POINT('',#4848);
#1515=VERTEX_POINT('',#4850);
#1516=VERTEX_POINT('',#4852);
#1517=VERTEX_POINT('',#4854);
#1518=VERTEX_POINT('',#4856);
#1519=VERTEX_POINT('',#4858);
#1520=VERTEX_POINT('',#4861);
#1521=VERTEX_POINT('',#4863);
#1522=VERTEX_POINT('',#4870);
#1523=VERTEX_POINT('',#4874);
#1524=VERTEX_POINT('',#4876);
#1525=VERTEX_POINT('',#4880);
#1526=VERTEX_POINT('',#4884);
#1527=VERTEX_POINT('',#4886);
#1528=VERTEX_POINT('',#4890);
#1529=VERTEX_POINT('',#4894);
#1530=VERTEX_POINT('',#4895);
#1531=VERTEX_POINT('',#4897);
#1532=VERTEX_POINT('',#4899);
#1533=VERTEX_POINT('',#4904);
#1534=VERTEX_POINT('',#4906);
#1535=VERTEX_POINT('',#4908);
#1536=VERTEX_POINT('',#4911);
#1537=VERTEX_POINT('',#4913);
#1538=VERTEX_POINT('',#4915);
#1539=VERTEX_POINT('',#4917);
#1540=VERTEX_POINT('',#4919);
#1541=VERTEX_POINT('',#4925);
#1542=VERTEX_POINT('',#4927);
#1543=VERTEX_POINT('',#4931);
#1544=VERTEX_POINT('',#4958);
#1545=VERTEX_POINT('',#4960);
#1546=VERTEX_POINT('',#4964);
#1547=VERTEX_POINT('',#4968);
#1548=VERTEX_POINT('',#4970);
#1549=VERTEX_POINT('',#4976);
#1550=VERTEX_POINT('',#4978);
#1551=VERTEX_POINT('',#4982);
#1552=VERTEX_POINT('',#4986);
#1553=VERTEX_POINT('',#4988);
#1554=VERTEX_POINT('',#4992);
#1555=VERTEX_POINT('',#4996);
#1556=VERTEX_POINT('',#4998);
#1557=VERTEX_POINT('',#5002);
#1558=VERTEX_POINT('',#5006);
#1559=VERTEX_POINT('',#5008);
#1560=VERTEX_POINT('',#5012);
#1561=VERTEX_POINT('',#5016);
#1562=VERTEX_POINT('',#5018);
#1563=VERTEX_POINT('',#5022);
#1564=VERTEX_POINT('',#5026);
#1565=VERTEX_POINT('',#5028);
#1566=VERTEX_POINT('',#5032);
#1567=VERTEX_POINT('',#5036);
#1568=VERTEX_POINT('',#5038);
#1569=VERTEX_POINT('',#5042);
#1570=VERTEX_POINT('',#5046);
#1571=VERTEX_POINT('',#5048);
#1572=VERTEX_POINT('',#5054);
#1573=VERTEX_POINT('',#5056);
#1574=VERTEX_POINT('',#5060);
#1575=VERTEX_POINT('',#5064);
#1576=VERTEX_POINT('',#5068);
#1577=VERTEX_POINT('',#5072);
#1578=VERTEX_POINT('',#5076);
#1579=VERTEX_POINT('',#5080);
#1580=VERTEX_POINT('',#5081);
#1581=VERTEX_POINT('',#5086);
#1582=VERTEX_POINT('',#5090);
#1583=VERTEX_POINT('',#5094);
#1584=VERTEX_POINT('',#5098);
#1585=VERTEX_POINT('',#5100);
#1586=VERTEX_POINT('',#5104);
#1587=VERTEX_POINT('',#5108);
#1588=VERTEX_POINT('',#5109);
#1589=VERTEX_POINT('',#5111);
#1590=VERTEX_POINT('',#5115);
#1591=VERTEX_POINT('',#5116);
#1592=VERTEX_POINT('',#5118);
#1593=VERTEX_POINT('',#5125);
#1594=VERTEX_POINT('',#5126);
#1595=VERTEX_POINT('',#5128);
#1596=VERTEX_POINT('',#5132);
#1597=VERTEX_POINT('',#5133);
#1598=VERTEX_POINT('',#5135);
#1599=VERTEX_POINT('',#5142);
#1600=VERTEX_POINT('',#5143);
#1601=VERTEX_POINT('',#5145);
#1602=VERTEX_POINT('',#5155);
#1603=VERTEX_POINT('',#5156);
#1604=VERTEX_POINT('',#5158);
#1605=VERTEX_POINT('',#5162);
#1606=VERTEX_POINT('',#5163);
#1607=VERTEX_POINT('',#5165);
#1608=VERTEX_POINT('',#5172);
#1609=VERTEX_POINT('',#5173);
#1610=VERTEX_POINT('',#5175);
#1611=VERTEX_POINT('',#5177);
#1612=VERTEX_POINT('',#5181);
#1613=VERTEX_POINT('',#5182);
#1614=VERTEX_POINT('',#5184);
#1615=VERTEX_POINT('',#5191);
#1616=VERTEX_POINT('',#5193);
#1617=VERTEX_POINT('',#5197);
#1618=VERTEX_POINT('',#5198);
#1619=VERTEX_POINT('',#5200);
#1620=VERTEX_POINT('',#5207);
#1621=VERTEX_POINT('',#5208);
#1622=VERTEX_POINT('',#5210);
#1623=VERTEX_POINT('',#5214);
#1624=VERTEX_POINT('',#5219);
#1625=VERTEX_POINT('',#5220);
#1626=VERTEX_POINT('',#5222);
#1627=VERTEX_POINT('',#5224);
#1628=VERTEX_POINT('',#5228);
#1629=VERTEX_POINT('',#5229);
#1630=VERTEX_POINT('',#5231);
#1631=VERTEX_POINT('',#5238);
#1632=VERTEX_POINT('',#5239);
#1633=VERTEX_POINT('',#5241);
#1634=VERTEX_POINT('',#5248);
#1635=VERTEX_POINT('',#5249);
#1636=VERTEX_POINT('',#5251);
#1637=VERTEX_POINT('',#5261);
#1638=VERTEX_POINT('',#5262);
#1639=VERTEX_POINT('',#5264);
#1640=VERTEX_POINT('',#5292);
#1641=VERTEX_POINT('',#5294);
#1642=VERTEX_POINT('',#5308);
#1643=VERTEX_POINT('',#5330);
#1644=VERTEX_POINT('',#5338);
#1645=VERTEX_POINT('',#5343);
#1646=VERTEX_POINT('',#5348);
#1647=VERTEX_POINT('',#5353);
#1648=VERTEX_POINT('',#5358);
#1649=VERTEX_POINT('',#5363);
#1650=VERTEX_POINT('',#5371);
#1651=VERTEX_POINT('',#5382);
#1652=VERTEX_POINT('',#5384);
#1653=VERTEX_POINT('',#5390);
#1654=VERTEX_POINT('',#5396);
#1655=VERTEX_POINT('',#5398);
#1656=VERTEX_POINT('',#5402);
#1657=EDGE_CURVE('',#1360,#1361,#1268,.T.);
#1658=EDGE_CURVE('',#1361,#1362,#524,.T.);
#1659=EDGE_CURVE('',#1362,#1363,#1269,.T.);
#1660=EDGE_CURVE('',#1363,#1360,#525,.T.);
#1661=EDGE_CURVE('',#1364,#1361,#526,.T.);
#1662=EDGE_CURVE('',#1365,#1364,#527,.T.);
#1663=EDGE_CURVE('',#1362,#1365,#528,.T.);
#1664=EDGE_CURVE('',#1366,#1367,#1270,.T.);
#1665=EDGE_CURVE('',#1367,#1368,#529,.T.);
#1666=EDGE_CURVE('',#1368,#1369,#1271,.T.);
#1667=EDGE_CURVE('',#1369,#1366,#530,.T.);
#1668=EDGE_CURVE('',#1367,#1370,#531,.T.);
#1669=EDGE_CURVE('',#1370,#1371,#532,.T.);
#1670=EDGE_CURVE('',#1371,#1372,#1272,.T.);
#1671=EDGE_CURVE('',#1372,#1373,#533,.T.);
#1672=EDGE_CURVE('',#1374,#1373,#1273,.T.);
#1673=EDGE_CURVE('',#1374,#1375,#534,.T.);
#1674=EDGE_CURVE('',#1375,#1376,#1274,.T.);
#1675=EDGE_CURVE('',#1376,#1377,#535,.T.);
#1676=EDGE_CURVE('',#1377,#1378,#536,.T.);
#1677=EDGE_CURVE('',#1379,#1378,#1275,.T.);
#1678=EDGE_CURVE('',#1379,#1380,#537,.T.);
#1679=EDGE_CURVE('',#1381,#1380,#1276,.T.);
#1680=EDGE_CURVE('',#1381,#1382,#538,.T.);
#1681=EDGE_CURVE('',#1382,#1383,#539,.T.);
#1682=EDGE_CURVE('',#1383,#1384,#540,.T.);
#1683=EDGE_CURVE('',#1384,#1385,#541,.T.);
#1684=EDGE_CURVE('',#1386,#1385,#1277,.T.);
#1685=EDGE_CURVE('',#1386,#1387,#542,.T.);
#1686=EDGE_CURVE('',#1388,#1387,#1278,.T.);
#1687=EDGE_CURVE('',#1388,#1389,#543,.T.);
#1688=EDGE_CURVE('',#1389,#1390,#544,.T.);
#1689=EDGE_CURVE('',#1390,#1391,#1279,.T.);
#1690=EDGE_CURVE('',#1391,#1392,#545,.T.);
#1691=EDGE_CURVE('',#1393,#1392,#1280,.T.);
#1692=EDGE_CURVE('',#1393,#1394,#546,.T.);
#1693=EDGE_CURVE('',#1394,#1395,#1281,.T.);
#1694=EDGE_CURVE('',#1395,#1396,#547,.T.);
#1695=EDGE_CURVE('',#1396,#1397,#548,.T.);
#1696=EDGE_CURVE('',#1398,#1397,#549,.T.);
#1697=EDGE_CURVE('',#1368,#1398,#550,.T.);
#1698=EDGE_CURVE('',#1397,#1399,#1282,.T.);
#1699=EDGE_CURVE('',#1399,#1400,#551,.T.);
#1700=EDGE_CURVE('',#1400,#1398,#1283,.T.);
#1701=EDGE_CURVE('',#1401,#1399,#552,.T.);
#1702=EDGE_CURVE('',#1402,#1401,#553,.T.);
#1703=EDGE_CURVE('',#1400,#1402,#554,.T.);
#1704=EDGE_CURVE('',#1364,#1402,#1284,.T.);
#1705=EDGE_CURVE('',#1401,#1365,#1285,.T.);
#1706=EDGE_CURVE('',#1403,#1404,#1286,.T.);
#1707=EDGE_CURVE('',#1403,#1405,#555,.T.);
#1708=EDGE_CURVE('',#1405,#1406,#24,.T.);
#1709=EDGE_CURVE('',#1406,#1404,#556,.T.);
#1710=EDGE_CURVE('',#1407,#1403,#557,.T.);
#1711=EDGE_CURVE('',#1408,#1407,#558,.T.);
#1712=EDGE_CURVE('',#1408,#1405,#559,.T.);
#1713=EDGE_CURVE('',#1409,#1407,#1287,.T.);
#1714=EDGE_CURVE('',#1409,#1410,#560,.T.);
#1715=EDGE_CURVE('',#1410,#1408,#25,.T.);
#1716=EDGE_CURVE('',#1411,#1409,#561,.T.);
#1717=EDGE_CURVE('',#1412,#1411,#562,.T.);
#1718=EDGE_CURVE('',#1412,#1410,#563,.T.);
#1719=EDGE_CURVE('',#1413,#1414,#1288,.T.);
#1720=EDGE_CURVE('',#1413,#1415,#564,.T.);
#1721=EDGE_CURVE('',#1415,#1416,#26,.T.);
#1722=EDGE_CURVE('',#1416,#1414,#565,.T.);
#1723=EDGE_CURVE('',#1416,#1412,#566,.T.);
#1724=EDGE_CURVE('',#1414,#1411,#567,.T.);
#1725=EDGE_CURVE('',#1417,#1418,#1289,.T.);
#1726=EDGE_CURVE('',#1417,#1419,#568,.T.);
#1727=EDGE_CURVE('',#1419,#1420,#27,.T.);
#1728=EDGE_CURVE('',#1420,#1418,#569,.T.);
#1729=EDGE_CURVE('',#1418,#1413,#570,.T.);
#1730=EDGE_CURVE('',#1420,#1415,#571,.T.);
#1731=EDGE_CURVE('',#1371,#1421,#572,.T.);
#1732=EDGE_CURVE('',#1421,#1422,#1290,.T.);
#1733=EDGE_CURVE('',#1422,#1372,#573,.T.);
#1734=EDGE_CURVE('',#1422,#1423,#574,.T.);
#1735=EDGE_CURVE('',#1423,#1424,#575,.T.);
#1736=EDGE_CURVE('',#1425,#1424,#576,.T.);
#1737=EDGE_CURVE('',#1425,#1426,#577,.T.);
#1738=EDGE_CURVE('',#1427,#1426,#578,.T.);
#1739=EDGE_CURVE('',#1427,#1428,#579,.T.);
#1740=EDGE_CURVE('',#1429,#1428,#580,.T.);
#1741=EDGE_CURVE('',#1430,#1429,#581,.T.);
#1742=EDGE_CURVE('',#1431,#1430,#582,.T.);
#1743=EDGE_CURVE('',#1431,#1432,#583,.T.);
#1744=EDGE_CURVE('',#1373,#1432,#584,.T.);
#1745=EDGE_CURVE('',#1394,#1433,#585,.T.);
#1746=EDGE_CURVE('',#1433,#1434,#1291,.T.);
#1747=EDGE_CURVE('',#1434,#1395,#586,.T.);
#1748=EDGE_CURVE('',#1434,#1435,#587,.T.);
#1749=EDGE_CURVE('',#1396,#1435,#588,.T.);
#1750=EDGE_CURVE('',#1436,#1432,#1292,.T.);
#1751=EDGE_CURVE('',#1436,#1374,#589,.T.);
#1752=EDGE_CURVE('',#1437,#1431,#1293,.T.);
#1753=EDGE_CURVE('',#1437,#1438,#590,.T.);
#1754=EDGE_CURVE('',#1438,#1439,#1294,.F.);
#1755=EDGE_CURVE('',#1439,#1440,#591,.T.);
#1756=EDGE_CURVE('',#1440,#1441,#592,.T.);
#1757=EDGE_CURVE('',#1442,#1441,#1295,.T.);
#1758=EDGE_CURVE('',#1442,#1443,#593,.T.);
#1759=EDGE_CURVE('',#1443,#1444,#594,.T.);
#1760=EDGE_CURVE('',#1445,#1444,#1296,.T.);
#1761=EDGE_CURVE('',#1445,#1446,#595,.T.);
#1762=EDGE_CURVE('',#1446,#1447,#596,.T.);
#1763=EDGE_CURVE('',#1448,#1447,#1297,.T.);
#1764=EDGE_CURVE('',#1448,#1449,#597,.T.);
#1765=EDGE_CURVE('',#1449,#1450,#598,.T.);
#1766=EDGE_CURVE('',#1451,#1450,#1298,.T.);
#1767=EDGE_CURVE('',#1451,#1452,#599,.T.);
#1768=EDGE_CURVE('',#1453,#1452,#1299,.T.);
#1769=EDGE_CURVE('',#1453,#1454,#600,.T.);
#1770=EDGE_CURVE('',#1454,#1455,#601,.T.);
#1771=EDGE_CURVE('',#1456,#1455,#1300,.T.);
#1772=EDGE_CURVE('',#1456,#1457,#602,.T.);
#1773=EDGE_CURVE('',#1457,#1458,#603,.T.);
#1774=EDGE_CURVE('',#1428,#1458,#1301,.T.);
#1775=EDGE_CURVE('',#1427,#1459,#1302,.T.);
#1776=EDGE_CURVE('',#1460,#1459,#604,.T.);
#1777=EDGE_CURVE('',#1461,#1460,#605,.T.);
#1778=EDGE_CURVE('',#1461,#1462,#1303,.T.);
#1779=EDGE_CURVE('',#1463,#1462,#606,.T.);
#1780=EDGE_CURVE('',#1464,#1463,#607,.T.);
#1781=EDGE_CURVE('',#1465,#1464,#608,.T.);
#1782=EDGE_CURVE('',#1466,#1465,#609,.T.);
#1783=EDGE_CURVE('',#1467,#1466,#610,.T.);
#1784=EDGE_CURVE('',#1468,#1467,#611,.T.);
#1785=EDGE_CURVE('',#1468,#1469,#1304,.T.);
#1786=EDGE_CURVE('',#1470,#1469,#612,.T.);
#1787=EDGE_CURVE('',#1471,#1470,#613,.T.);
#1788=EDGE_CURVE('',#1471,#1472,#1305,.T.);
#1789=EDGE_CURVE('',#1473,#1472,#614,.T.);
#1790=EDGE_CURVE('',#1474,#1473,#1306,.T.);
#1791=EDGE_CURVE('',#1474,#1475,#615,.T.);
#1792=EDGE_CURVE('',#1475,#1476,#616,.T.);
#1793=EDGE_CURVE('',#1477,#1476,#1307,.T.);
#1794=EDGE_CURVE('',#1477,#1478,#617,.T.);
#1795=EDGE_CURVE('',#1478,#1479,#618,.T.);
#1796=EDGE_CURVE('',#1480,#1479,#1308,.T.);
#1797=EDGE_CURVE('',#1480,#1481,#619,.T.);
#1798=EDGE_CURVE('',#1482,#1481,#1309,.T.);
#1799=EDGE_CURVE('',#1482,#1483,#620,.T.);
#1800=EDGE_CURVE('',#1483,#1484,#621,.T.);
#1801=EDGE_CURVE('',#1485,#1484,#1310,.T.);
#1802=EDGE_CURVE('',#1485,#1486,#622,.T.);
#1803=EDGE_CURVE('',#1486,#1487,#623,.T.);
#1804=EDGE_CURVE('',#1488,#1487,#1311,.T.);
#1805=EDGE_CURVE('',#1488,#1489,#624,.T.);
#1806=EDGE_CURVE('',#1489,#1490,#625,.T.);
#1807=EDGE_CURVE('',#1491,#1490,#1312,.T.);
#1808=EDGE_CURVE('',#1491,#1492,#626,.T.);
#1809=EDGE_CURVE('',#1492,#1493,#627,.T.);
#1810=EDGE_CURVE('',#1493,#1494,#1313,.F.);
#1811=EDGE_CURVE('',#1494,#1495,#628,.T.);
#1812=EDGE_CURVE('',#1496,#1495,#1314,.T.);
#1813=EDGE_CURVE('',#1497,#1496,#629,.T.);
#1814=EDGE_CURVE('',#1497,#1498,#1315,.T.);
#1815=EDGE_CURVE('',#1499,#1498,#630,.T.);
#1816=EDGE_CURVE('',#1500,#1499,#631,.T.);
#1817=EDGE_CURVE('',#1501,#1500,#632,.T.);
#1818=EDGE_CURVE('',#1501,#1502,#1316,.T.);
#1819=EDGE_CURVE('',#1503,#1502,#633,.T.);
#1820=EDGE_CURVE('',#1503,#1504,#1317,.T.);
#1821=EDGE_CURVE('',#1505,#1504,#634,.T.);
#1822=EDGE_CURVE('',#1506,#1505,#635,.T.);
#1823=EDGE_CURVE('',#1507,#1506,#636,.T.);
#1824=EDGE_CURVE('',#1508,#1507,#637,.T.);
#1825=EDGE_CURVE('',#1508,#1509,#1318,.T.);
#1826=EDGE_CURVE('',#1510,#1509,#638,.T.);
#1827=EDGE_CURVE('',#1510,#1511,#1319,.T.);
#1828=EDGE_CURVE('',#1512,#1511,#639,.T.);
#1829=EDGE_CURVE('',#1513,#1512,#640,.T.);
#1830=EDGE_CURVE('',#1436,#1513,#641,.T.);
#1831=EDGE_CURVE('',#1514,#1514,#1320,.T.);
#1832=EDGE_CURVE('',#1515,#1515,#1321,.T.);
#1833=EDGE_CURVE('',#1516,#1516,#1322,.T.);
#1834=EDGE_CURVE('',#1517,#1517,#1323,.T.);
#1835=EDGE_CURVE('',#1518,#1518,#1324,.T.);
#1836=EDGE_CURVE('',#1519,#1519,#1325,.T.);
#1837=EDGE_CURVE('',#1425,#1520,#1326,.T.);
#1838=EDGE_CURVE('',#1424,#1521,#28,.T.);
#1839=EDGE_CURVE('',#1521,#1520,#642,.T.);
#1840=EDGE_CURVE('',#1520,#1417,#643,.T.);
#1841=EDGE_CURVE('',#1521,#1419,#644,.T.);
#1842=EDGE_CURVE('',#1426,#1522,#1327,.T.);
#1843=EDGE_CURVE('',#1522,#1459,#645,.T.);
#1844=EDGE_CURVE('',#1461,#1523,#646,.T.);
#1845=EDGE_CURVE('',#1523,#1524,#1328,.T.);
#1846=EDGE_CURVE('',#1524,#1462,#647,.T.);
#1847=EDGE_CURVE('',#1525,#1460,#648,.T.);
#1848=EDGE_CURVE('',#1523,#1525,#649,.T.);
#1849=EDGE_CURVE('',#1468,#1526,#650,.T.);
#1850=EDGE_CURVE('',#1526,#1527,#1329,.T.);
#1851=EDGE_CURVE('',#1527,#1469,#651,.T.);
#1852=EDGE_CURVE('',#1528,#1467,#652,.T.);
#1853=EDGE_CURVE('',#1526,#1528,#653,.T.);
#1854=EDGE_CURVE('',#1529,#1530,#1330,.T.);
#1855=EDGE_CURVE('',#1529,#1531,#654,.T.);
#1856=EDGE_CURVE('',#1531,#1532,#29,.T.);
#1857=EDGE_CURVE('',#1532,#1530,#655,.T.);
#1858=EDGE_CURVE('',#1404,#1529,#656,.T.);
#1859=EDGE_CURVE('',#1533,#1530,#657,.T.);
#1860=EDGE_CURVE('',#1533,#1534,#1331,.F.);
#1861=EDGE_CURVE('',#1534,#1535,#658,.T.);
#1862=EDGE_CURVE('',#1535,#1527,#659,.T.);
#1863=EDGE_CURVE('',#1528,#1536,#660,.T.);
#1864=EDGE_CURVE('',#1536,#1537,#661,.T.);
#1865=EDGE_CURVE('',#1537,#1538,#1332,.T.);
#1866=EDGE_CURVE('',#1538,#1539,#662,.T.);
#1867=EDGE_CURVE('',#1539,#1540,#663,.T.);
#1868=EDGE_CURVE('',#1540,#1524,#664,.T.);
#1869=EDGE_CURVE('',#1525,#1522,#665,.T.);
#1870=EDGE_CURVE('',#1497,#1393,#666,.T.);
#1871=EDGE_CURVE('',#1541,#1496,#667,.T.);
#1872=EDGE_CURVE('',#1542,#1541,#668,.T.);
#1873=EDGE_CURVE('',#1473,#1542,#669,.T.);
#1874=EDGE_CURVE('',#1533,#1472,#670,.T.);
#1875=EDGE_CURVE('',#1532,#1543,#671,.T.);
#1876=EDGE_CURVE('',#1543,#1433,#672,.T.);
#1877=EDGE_CURVE('',#1471,#1534,#673,.T.);
#1878=EDGE_CURVE('',#1392,#1498,#674,.T.);
#1879=EDGE_CURVE('',#1501,#1388,#675,.T.);
#1880=EDGE_CURVE('',#1387,#1502,#676,.T.);
#1881=EDGE_CURVE('',#1389,#1500,#677,.T.);
#1882=EDGE_CURVE('',#1503,#1386,#678,.T.);
#1883=EDGE_CURVE('',#1385,#1504,#679,.T.);
#1884=EDGE_CURVE('',#1384,#1505,#680,.T.);
#1885=EDGE_CURVE('',#1508,#1381,#681,.T.);
#1886=EDGE_CURVE('',#1380,#1509,#682,.T.);
#1887=EDGE_CURVE('',#1510,#1379,#683,.T.);
#1888=EDGE_CURVE('',#1378,#1511,#684,.T.);
#1889=EDGE_CURVE('',#1512,#1377,#685,.T.);
#1890=EDGE_CURVE('',#1479,#1544,#686,.T.);
#1891=EDGE_CURVE('',#1544,#1545,#1333,.T.);
#1892=EDGE_CURVE('',#1545,#1480,#687,.T.);
#1893=EDGE_CURVE('',#1478,#1546,#688,.T.);
#1894=EDGE_CURVE('',#1544,#1546,#689,.T.);
#1895=EDGE_CURVE('',#1481,#1547,#690,.T.);
#1896=EDGE_CURVE('',#1547,#1548,#1334,.T.);
#1897=EDGE_CURVE('',#1548,#1482,#691,.T.);
#1898=EDGE_CURVE('',#1547,#1545,#692,.T.);
#1899=EDGE_CURVE('',#1484,#1549,#693,.T.);
#1900=EDGE_CURVE('',#1549,#1550,#1335,.T.);
#1901=EDGE_CURVE('',#1550,#1485,#694,.T.);
#1902=EDGE_CURVE('',#1483,#1551,#695,.T.);
#1903=EDGE_CURVE('',#1549,#1551,#696,.T.);
#1904=EDGE_CURVE('',#1487,#1552,#697,.T.);
#1905=EDGE_CURVE('',#1552,#1553,#1336,.T.);
#1906=EDGE_CURVE('',#1553,#1488,#698,.T.);
#1907=EDGE_CURVE('',#1486,#1554,#699,.T.);
#1908=EDGE_CURVE('',#1552,#1554,#700,.T.);
#1909=EDGE_CURVE('',#1490,#1555,#701,.T.);
#1910=EDGE_CURVE('',#1555,#1556,#1337,.T.);
#1911=EDGE_CURVE('',#1556,#1491,#702,.T.);
#1912=EDGE_CURVE('',#1489,#1557,#703,.T.);
#1913=EDGE_CURVE('',#1555,#1557,#704,.T.);
#1914=EDGE_CURVE('',#1441,#1558,#705,.T.);
#1915=EDGE_CURVE('',#1558,#1559,#1338,.T.);
#1916=EDGE_CURVE('',#1559,#1442,#706,.T.);
#1917=EDGE_CURVE('',#1440,#1560,#707,.T.);
#1918=EDGE_CURVE('',#1558,#1560,#708,.T.);
#1919=EDGE_CURVE('',#1444,#1561,#709,.T.);
#1920=EDGE_CURVE('',#1561,#1562,#1339,.T.);
#1921=EDGE_CURVE('',#1562,#1445,#710,.T.);
#1922=EDGE_CURVE('',#1443,#1563,#711,.T.);
#1923=EDGE_CURVE('',#1561,#1563,#712,.T.);
#1924=EDGE_CURVE('',#1447,#1564,#713,.T.);
#1925=EDGE_CURVE('',#1564,#1565,#1340,.T.);
#1926=EDGE_CURVE('',#1565,#1448,#714,.T.);
#1927=EDGE_CURVE('',#1446,#1566,#715,.T.);
#1928=EDGE_CURVE('',#1564,#1566,#716,.T.);
#1929=EDGE_CURVE('',#1450,#1567,#717,.T.);
#1930=EDGE_CURVE('',#1567,#1568,#1341,.T.);
#1931=EDGE_CURVE('',#1568,#1451,#718,.T.);
#1932=EDGE_CURVE('',#1449,#1569,#719,.T.);
#1933=EDGE_CURVE('',#1567,#1569,#720,.T.);
#1934=EDGE_CURVE('',#1452,#1570,#721,.T.);
#1935=EDGE_CURVE('',#1570,#1571,#1342,.T.);
#1936=EDGE_CURVE('',#1571,#1453,#722,.T.);
#1937=EDGE_CURVE('',#1570,#1568,#723,.T.);
#1938=EDGE_CURVE('',#1476,#1572,#724,.T.);
#1939=EDGE_CURVE('',#1572,#1573,#1343,.T.);
#1940=EDGE_CURVE('',#1573,#1477,#725,.T.);
#1941=EDGE_CURVE('',#1475,#1574,#726,.T.);
#1942=EDGE_CURVE('',#1572,#1574,#727,.T.);
#1943=EDGE_CURVE('',#1542,#1575,#1344,.T.);
#1944=EDGE_CURVE('',#1575,#1474,#728,.T.);
#1945=EDGE_CURVE('',#1495,#1576,#729,.T.);
#1946=EDGE_CURVE('',#1576,#1541,#1345,.T.);
#1947=EDGE_CURVE('',#1494,#1577,#730,.T.);
#1948=EDGE_CURVE('',#1576,#1577,#731,.T.);
#1949=EDGE_CURVE('',#1493,#1578,#732,.T.);
#1950=EDGE_CURVE('',#1578,#1577,#1346,.T.);
#1951=EDGE_CURVE('',#1579,#1580,#1347,.T.);
#1952=EDGE_CURVE('',#1580,#1439,#733,.T.);
#1953=EDGE_CURVE('',#1438,#1579,#734,.T.);
#1954=EDGE_CURVE('',#1430,#1581,#1348,.T.);
#1955=EDGE_CURVE('',#1581,#1437,#735,.T.);
#1956=EDGE_CURVE('',#1458,#1582,#736,.T.);
#1957=EDGE_CURVE('',#1582,#1429,#1349,.T.);
#1958=EDGE_CURVE('',#1457,#1583,#737,.T.);
#1959=EDGE_CURVE('',#1582,#1583,#738,.T.);
#1960=EDGE_CURVE('',#1455,#1584,#739,.T.);
#1961=EDGE_CURVE('',#1584,#1585,#1350,.T.);
#1962=EDGE_CURVE('',#1585,#1456,#740,.T.);
#1963=EDGE_CURVE('',#1454,#1586,#741,.T.);
#1964=EDGE_CURVE('',#1584,#1586,#742,.T.);
#1965=EDGE_CURVE('',#1587,#1588,#743,.T.);
#1966=EDGE_CURVE('',#1589,#1587,#744,.T.);
#1967=EDGE_CURVE('',#1588,#1589,#745,.T.);
#1968=EDGE_CURVE('',#1590,#1591,#746,.T.);
#1969=EDGE_CURVE('',#1592,#1590,#747,.T.);
#1970=EDGE_CURVE('',#1591,#1592,#748,.T.);
#1971=EDGE_CURVE('',#1588,#1592,#749,.T.);
#1972=EDGE_CURVE('',#1590,#1587,#750,.T.);
#1973=EDGE_CURVE('',#1593,#1594,#751,.T.);
#1974=EDGE_CURVE('',#1595,#1593,#752,.T.);
#1975=EDGE_CURVE('',#1594,#1595,#753,.T.);
#1976=EDGE_CURVE('',#1596,#1597,#754,.T.);
#1977=EDGE_CURVE('',#1598,#1596,#755,.T.);
#1978=EDGE_CURVE('',#1597,#1598,#756,.T.);
#1979=EDGE_CURVE('',#1596,#1588,#757,.T.);
#1980=EDGE_CURVE('',#1589,#1598,#758,.T.);
#1981=EDGE_CURVE('',#1599,#1600,#759,.T.);
#1982=EDGE_CURVE('',#1601,#1599,#760,.T.);
#1983=EDGE_CURVE('',#1600,#1601,#761,.T.);
#1984=EDGE_CURVE('',#1599,#1591,#762,.T.);
#1985=EDGE_CURVE('',#1592,#1601,#763,.T.);
#1986=EDGE_CURVE('',#1597,#1600,#764,.T.);
#1987=EDGE_CURVE('',#1601,#1596,#765,.T.);
#1988=EDGE_CURVE('',#1602,#1603,#766,.T.);
#1989=EDGE_CURVE('',#1604,#1602,#767,.T.);
#1990=EDGE_CURVE('',#1603,#1604,#768,.T.);
#1991=EDGE_CURVE('',#1605,#1606,#769,.T.);
#1992=EDGE_CURVE('',#1607,#1605,#770,.T.);
#1993=EDGE_CURVE('',#1606,#1607,#771,.T.);
#1994=EDGE_CURVE('',#1605,#1594,#772,.T.);
#1995=EDGE_CURVE('',#1595,#1607,#773,.T.);
#1996=EDGE_CURVE('',#1608,#1609,#774,.T.);
#1997=EDGE_CURVE('',#1609,#1610,#775,.T.);
#1998=EDGE_CURVE('',#1610,#1611,#776,.T.);
#1999=EDGE_CURVE('',#1611,#1608,#777,.T.);
#2000=EDGE_CURVE('',#1612,#1613,#778,.T.);
#2001=EDGE_CURVE('',#1614,#1612,#779,.T.);
#2002=EDGE_CURVE('',#1613,#1614,#780,.T.);
#2003=EDGE_CURVE('',#1612,#1604,#781,.T.);
#2004=EDGE_CURVE('',#1602,#1614,#782,.T.);
#2005=EDGE_CURVE('',#1615,#1613,#783,.T.);
#2006=EDGE_CURVE('',#1614,#1616,#784,.T.);
#2007=EDGE_CURVE('',#1616,#1615,#785,.T.);
#2008=EDGE_CURVE('',#1617,#1618,#786,.T.);
#2009=EDGE_CURVE('',#1619,#1617,#787,.T.);
#2010=EDGE_CURVE('',#1618,#1619,#788,.T.);
#2011=EDGE_CURVE('',#1617,#1603,#789,.T.);
#2012=EDGE_CURVE('',#1604,#1619,#790,.T.);
#2013=EDGE_CURVE('',#1620,#1621,#791,.T.);
#2014=EDGE_CURVE('',#1622,#1620,#792,.T.);
#2015=EDGE_CURVE('',#1621,#1622,#793,.T.);
#2016=EDGE_CURVE('',#1623,#1622,#794,.T.);
#2017=EDGE_CURVE('',#1620,#1611,#795,.T.);
#2018=EDGE_CURVE('',#1610,#1623,#796,.T.);
#2019=EDGE_CURVE('',#1624,#1625,#797,.T.);
#2020=EDGE_CURVE('',#1625,#1626,#798,.T.);
#2021=EDGE_CURVE('',#1626,#1627,#799,.T.);
#2022=EDGE_CURVE('',#1627,#1624,#800,.T.);
#2023=EDGE_CURVE('',#1628,#1629,#801,.T.);
#2024=EDGE_CURVE('',#1630,#1628,#802,.T.);
#2025=EDGE_CURVE('',#1629,#1630,#803,.T.);
#2026=EDGE_CURVE('',#1621,#1630,#804,.T.);
#2027=EDGE_CURVE('',#1628,#1620,#805,.T.);
#2028=EDGE_CURVE('',#1631,#1632,#806,.T.);
#2029=EDGE_CURVE('',#1633,#1631,#807,.T.);
#2030=EDGE_CURVE('',#1632,#1633,#808,.T.);
#2031=EDGE_CURVE('',#1613,#1633,#809,.T.);
#2032=EDGE_CURVE('',#1631,#1612,#810,.T.);
#2033=EDGE_CURVE('',#1634,#1635,#811,.T.);
#2034=EDGE_CURVE('',#1636,#1634,#812,.T.);
#2035=EDGE_CURVE('',#1635,#1636,#813,.T.);
#2036=EDGE_CURVE('',#1634,#1621,#814,.T.);
#2037=EDGE_CURVE('',#1622,#1636,#815,.T.);
#2038=EDGE_CURVE('',#1626,#1635,#816,.T.);
#2039=EDGE_CURVE('',#1636,#1627,#817,.T.);
#2040=EDGE_CURVE('',#1637,#1638,#818,.T.);
#2041=EDGE_CURVE('',#1639,#1637,#819,.T.);
#2042=EDGE_CURVE('',#1638,#1639,#820,.T.);
#2043=EDGE_CURVE('',#1637,#1629,#821,.T.);
#2044=EDGE_CURVE('',#1630,#1639,#822,.T.);
#2045=EDGE_CURVE('',#1635,#1638,#823,.T.);
#2046=EDGE_CURVE('',#1639,#1634,#824,.T.);
#2047=EDGE_CURVE('',#1638,#1632,#825,.T.);
#2048=EDGE_CURVE('',#1633,#1637,#826,.T.);
#2049=EDGE_CURVE('',#1632,#1618,#827,.T.);
#2050=EDGE_CURVE('',#1619,#1631,#828,.T.);
#2051=EDGE_CURVE('',#1616,#1628,#829,.T.);
#2052=EDGE_CURVE('',#1629,#1615,#830,.T.);
#2053=EDGE_CURVE('',#1618,#1606,#831,.T.);
#2054=EDGE_CURVE('',#1607,#1617,#832,.T.);
#2055=EDGE_CURVE('',#1624,#1599,#833,.T.);
#2056=EDGE_CURVE('',#1600,#1625,#834,.T.);
#2057=EDGE_CURVE('',#1606,#1597,#835,.T.);
#2058=EDGE_CURVE('',#1598,#1605,#836,.T.);
#2059=EDGE_CURVE('',#1640,#1602,#837,.T.);
#2060=EDGE_CURVE('',#1603,#1641,#838,.T.);
#2061=EDGE_CURVE('',#1641,#1640,#839,.T.);
#2062=EDGE_CURVE('',#1608,#1590,#840,.T.);
#2063=EDGE_CURVE('',#1591,#1609,#841,.T.);
#2064=EDGE_CURVE('',#1641,#1595,#842,.T.);
#2065=EDGE_CURVE('',#1593,#1640,#843,.T.);
#2066=EDGE_CURVE('',#1594,#1589,#844,.T.);
#2067=EDGE_CURVE('',#1587,#1593,#845,.T.);
#2068=EDGE_CURVE('',#1423,#1640,#846,.T.);
#2069=EDGE_CURVE('',#1642,#1421,#847,.T.);
#2070=EDGE_CURVE('',#1435,#1642,#848,.T.);
#2071=EDGE_CURVE('',#1616,#1543,#849,.T.);
#2072=EDGE_CURVE('',#1609,#1624,#850,.T.);
#2073=EDGE_CURVE('',#1360,#1369,#851,.T.);
#2074=EDGE_CURVE('',#1579,#1581,#852,.T.);
#2075=EDGE_CURVE('',#1583,#1585,#853,.T.);
#2076=EDGE_CURVE('',#1586,#1571,#854,.T.);
#2077=EDGE_CURVE('',#1569,#1565,#855,.T.);
#2078=EDGE_CURVE('',#1566,#1562,#856,.T.);
#2079=EDGE_CURVE('',#1563,#1559,#857,.T.);
#2080=EDGE_CURVE('',#1560,#1580,#858,.T.);
#2081=EDGE_CURVE('',#1551,#1548,#859,.T.);
#2082=EDGE_CURVE('',#1546,#1573,#860,.T.);
#2083=EDGE_CURVE('',#1574,#1575,#861,.T.);
#2084=EDGE_CURVE('',#1578,#1643,#862,.T.);
#2085=EDGE_CURVE('',#1643,#1556,#863,.T.);
#2086=EDGE_CURVE('',#1557,#1553,#864,.T.);
#2087=EDGE_CURVE('',#1554,#1550,#865,.T.);
#2088=EDGE_CURVE('',#1514,#1644,#866,.T.);
#2089=EDGE_CURVE('',#1644,#1644,#1351,.T.);
#2090=EDGE_CURVE('',#1515,#1645,#867,.T.);
#2091=EDGE_CURVE('',#1645,#1645,#1352,.T.);
#2092=EDGE_CURVE('',#1516,#1646,#868,.T.);
#2093=EDGE_CURVE('',#1646,#1646,#1353,.T.);
#2094=EDGE_CURVE('',#1517,#1647,#869,.T.);
#2095=EDGE_CURVE('',#1647,#1647,#1354,.T.);
#2096=EDGE_CURVE('',#1518,#1648,#870,.T.);
#2097=EDGE_CURVE('',#1648,#1648,#1355,.T.);
#2098=EDGE_CURVE('',#1519,#1649,#871,.T.);
#2099=EDGE_CURVE('',#1649,#1649,#1356,.T.);
#2100=EDGE_CURVE('',#1382,#1507,#872,.T.);
#2101=EDGE_CURVE('',#1376,#1650,#873,.T.);
#2102=EDGE_CURVE('',#1650,#1513,#874,.T.);
#2103=EDGE_CURVE('',#1406,#1531,#875,.T.);
#2104=EDGE_CURVE('',#1366,#1363,#876,.T.);
#2105=EDGE_CURVE('',#1642,#1370,#877,.T.);
#2106=EDGE_CURVE('',#1390,#1651,#878,.T.);
#2107=EDGE_CURVE('',#1651,#1652,#1357,.T.);
#2108=EDGE_CURVE('',#1391,#1652,#879,.T.);
#2109=EDGE_CURVE('',#1652,#1651,#880,.T.);
#2110=EDGE_CURVE('',#1653,#1375,#881,.T.);
#2111=EDGE_CURVE('',#1653,#1650,#1358,.T.);
#2112=EDGE_CURVE('',#1650,#1653,#882,.T.);
#2113=EDGE_CURVE('',#1654,#1537,#883,.T.);
#2114=EDGE_CURVE('',#1654,#1655,#1359,.T.);
#2115=EDGE_CURVE('',#1538,#1655,#884,.T.);
#2116=EDGE_CURVE('',#1656,#1654,#885,.T.);
#2117=EDGE_CURVE('',#1655,#1656,#886,.T.);
#2118=EDGE_CURVE('',#1656,#1465,#887,.T.);
#2119=EDGE_CURVE('',#1539,#1464,#888,.T.);
#2120=EDGE_CURVE('',#1536,#1466,#889,.T.);
#2121=EDGE_CURVE('',#1492,#1643,#890,.T.);
#2122=EDGE_CURVE('',#1540,#1463,#891,.T.);
#2123=EDGE_CURVE('',#1383,#1506,#892,.T.);
#2124=EDGE_CURVE('',#1651,#1499,#893,.T.);
#2125=EDGE_CURVE('',#1535,#1470,#894,.T.);
#2126=EDGE_CURVE('',#1623,#1627,#895,.T.);
#2127=ORIENTED_EDGE('',*,*,#1657,.T.);
#2128=ORIENTED_EDGE('',*,*,#1658,.T.);
#2129=ORIENTED_EDGE('',*,*,#1659,.T.);
#2130=ORIENTED_EDGE('',*,*,#1660,.T.);
#2131=ORIENTED_EDGE('',*,*,#1658,.F.);
#2132=ORIENTED_EDGE('',*,*,#1661,.F.);
#2133=ORIENTED_EDGE('',*,*,#1662,.F.);
#2134=ORIENTED_EDGE('',*,*,#1663,.F.);
#2135=ORIENTED_EDGE('',*,*,#1664,.T.);
#2136=ORIENTED_EDGE('',*,*,#1665,.T.);
#2137=ORIENTED_EDGE('',*,*,#1666,.T.);
#2138=ORIENTED_EDGE('',*,*,#1667,.T.);
#2139=ORIENTED_EDGE('',*,*,#1665,.F.);
#2140=ORIENTED_EDGE('',*,*,#1668,.T.);
#2141=ORIENTED_EDGE('',*,*,#1669,.T.);
#2142=ORIENTED_EDGE('',*,*,#1670,.T.);
#2143=ORIENTED_EDGE('',*,*,#1671,.T.);
#2144=ORIENTED_EDGE('',*,*,#1672,.F.);
#2145=ORIENTED_EDGE('',*,*,#1673,.T.);
#2146=ORIENTED_EDGE('',*,*,#1674,.T.);
#2147=ORIENTED_EDGE('',*,*,#1675,.T.);
#2148=ORIENTED_EDGE('',*,*,#1676,.T.);
#2149=ORIENTED_EDGE('',*,*,#1677,.F.);
#2150=ORIENTED_EDGE('',*,*,#1678,.T.);
#2151=ORIENTED_EDGE('',*,*,#1679,.F.);
#2152=ORIENTED_EDGE('',*,*,#1680,.T.);
#2153=ORIENTED_EDGE('',*,*,#1681,.T.);
#2154=ORIENTED_EDGE('',*,*,#1682,.T.);
#2155=ORIENTED_EDGE('',*,*,#1683,.T.);
#2156=ORIENTED_EDGE('',*,*,#1684,.F.);
#2157=ORIENTED_EDGE('',*,*,#1685,.T.);
#2158=ORIENTED_EDGE('',*,*,#1686,.F.);
#2159=ORIENTED_EDGE('',*,*,#1687,.T.);
#2160=ORIENTED_EDGE('',*,*,#1688,.T.);
#2161=ORIENTED_EDGE('',*,*,#1689,.T.);
#2162=ORIENTED_EDGE('',*,*,#1690,.T.);
#2163=ORIENTED_EDGE('',*,*,#1691,.F.);
#2164=ORIENTED_EDGE('',*,*,#1692,.T.);
#2165=ORIENTED_EDGE('',*,*,#1693,.T.);
#2166=ORIENTED_EDGE('',*,*,#1694,.T.);
#2167=ORIENTED_EDGE('',*,*,#1695,.T.);
#2168=ORIENTED_EDGE('',*,*,#1696,.F.);
#2169=ORIENTED_EDGE('',*,*,#1697,.F.);
#2170=ORIENTED_EDGE('',*,*,#1698,.T.);
#2171=ORIENTED_EDGE('',*,*,#1699,.T.);
#2172=ORIENTED_EDGE('',*,*,#1700,.T.);
#2173=ORIENTED_EDGE('',*,*,#1696,.T.);
#2174=ORIENTED_EDGE('',*,*,#1699,.F.);
#2175=ORIENTED_EDGE('',*,*,#1701,.F.);
#2176=ORIENTED_EDGE('',*,*,#1702,.F.);
#2177=ORIENTED_EDGE('',*,*,#1703,.F.);
#2178=ORIENTED_EDGE('',*,*,#1704,.T.);
#2179=ORIENTED_EDGE('',*,*,#1702,.T.);
#2180=ORIENTED_EDGE('',*,*,#1705,.T.);
#2181=ORIENTED_EDGE('',*,*,#1662,.T.);
#2182=ORIENTED_EDGE('',*,*,#1706,.F.);
#2183=ORIENTED_EDGE('',*,*,#1707,.T.);
#2184=ORIENTED_EDGE('',*,*,#1708,.T.);
#2185=ORIENTED_EDGE('',*,*,#1709,.T.);
#2186=ORIENTED_EDGE('',*,*,#1707,.F.);
#2187=ORIENTED_EDGE('',*,*,#1710,.F.);
#2188=ORIENTED_EDGE('',*,*,#1711,.F.);
#2189=ORIENTED_EDGE('',*,*,#1712,.T.);
#2190=ORIENTED_EDGE('',*,*,#1713,.F.);
#2191=ORIENTED_EDGE('',*,*,#1714,.T.);
#2192=ORIENTED_EDGE('',*,*,#1715,.T.);
#2193=ORIENTED_EDGE('',*,*,#1711,.T.);
#2194=ORIENTED_EDGE('',*,*,#1714,.F.);
#2195=ORIENTED_EDGE('',*,*,#1716,.F.);
#2196=ORIENTED_EDGE('',*,*,#1717,.F.);
#2197=ORIENTED_EDGE('',*,*,#1718,.T.);
#2198=ORIENTED_EDGE('',*,*,#1719,.F.);
#2199=ORIENTED_EDGE('',*,*,#1720,.T.);
#2200=ORIENTED_EDGE('',*,*,#1721,.T.);
#2201=ORIENTED_EDGE('',*,*,#1722,.T.);
#2202=ORIENTED_EDGE('',*,*,#1722,.F.);
#2203=ORIENTED_EDGE('',*,*,#1723,.T.);
#2204=ORIENTED_EDGE('',*,*,#1717,.T.);
#2205=ORIENTED_EDGE('',*,*,#1724,.F.);
#2206=ORIENTED_EDGE('',*,*,#1725,.F.);
#2207=ORIENTED_EDGE('',*,*,#1726,.T.);
#2208=ORIENTED_EDGE('',*,*,#1727,.T.);
#2209=ORIENTED_EDGE('',*,*,#1728,.T.);
#2210=ORIENTED_EDGE('',*,*,#1720,.F.);
#2211=ORIENTED_EDGE('',*,*,#1729,.F.);
#2212=ORIENTED_EDGE('',*,*,#1728,.F.);
#2213=ORIENTED_EDGE('',*,*,#1730,.T.);
#2214=ORIENTED_EDGE('',*,*,#1670,.F.);
#2215=ORIENTED_EDGE('',*,*,#1731,.T.);
#2216=ORIENTED_EDGE('',*,*,#1732,.T.);
#2217=ORIENTED_EDGE('',*,*,#1733,.T.);
#2218=ORIENTED_EDGE('',*,*,#1733,.F.);
#2219=ORIENTED_EDGE('',*,*,#1734,.T.);
#2220=ORIENTED_EDGE('',*,*,#1735,.T.);
#2221=ORIENTED_EDGE('',*,*,#1736,.F.);
#2222=ORIENTED_EDGE('',*,*,#1737,.T.);
#2223=ORIENTED_EDGE('',*,*,#1738,.F.);
#2224=ORIENTED_EDGE('',*,*,#1739,.T.);
#2225=ORIENTED_EDGE('',*,*,#1740,.F.);
#2226=ORIENTED_EDGE('',*,*,#1741,.F.);
#2227=ORIENTED_EDGE('',*,*,#1742,.F.);
#2228=ORIENTED_EDGE('',*,*,#1743,.T.);
#2229=ORIENTED_EDGE('',*,*,#1744,.F.);
#2230=ORIENTED_EDGE('',*,*,#1671,.F.);
#2231=ORIENTED_EDGE('',*,*,#1693,.F.);
#2232=ORIENTED_EDGE('',*,*,#1745,.T.);
#2233=ORIENTED_EDGE('',*,*,#1746,.T.);
#2234=ORIENTED_EDGE('',*,*,#1747,.T.);
#2235=ORIENTED_EDGE('',*,*,#1747,.F.);
#2236=ORIENTED_EDGE('',*,*,#1748,.T.);
#2237=ORIENTED_EDGE('',*,*,#1749,.F.);
#2238=ORIENTED_EDGE('',*,*,#1694,.F.);
#2239=ORIENTED_EDGE('',*,*,#1750,.F.);
#2240=ORIENTED_EDGE('',*,*,#1751,.T.);
#2241=ORIENTED_EDGE('',*,*,#1672,.T.);
#2242=ORIENTED_EDGE('',*,*,#1744,.T.);
#2243=ORIENTED_EDGE('',*,*,#1750,.T.);
#2244=ORIENTED_EDGE('',*,*,#1743,.F.);
#2245=ORIENTED_EDGE('',*,*,#1752,.F.);
#2246=ORIENTED_EDGE('',*,*,#1753,.T.);
#2247=ORIENTED_EDGE('',*,*,#1754,.T.);
#2248=ORIENTED_EDGE('',*,*,#1755,.T.);
#2249=ORIENTED_EDGE('',*,*,#1756,.T.);
#2250=ORIENTED_EDGE('',*,*,#1757,.F.);
#2251=ORIENTED_EDGE('',*,*,#1758,.T.);
#2252=ORIENTED_EDGE('',*,*,#1759,.T.);
#2253=ORIENTED_EDGE('',*,*,#1760,.F.);
#2254=ORIENTED_EDGE('',*,*,#1761,.T.);
#2255=ORIENTED_EDGE('',*,*,#1762,.T.);
#2256=ORIENTED_EDGE('',*,*,#1763,.F.);
#2257=ORIENTED_EDGE('',*,*,#1764,.T.);
#2258=ORIENTED_EDGE('',*,*,#1765,.T.);
#2259=ORIENTED_EDGE('',*,*,#1766,.F.);
#2260=ORIENTED_EDGE('',*,*,#1767,.T.);
#2261=ORIENTED_EDGE('',*,*,#1768,.F.);
#2262=ORIENTED_EDGE('',*,*,#1769,.T.);
#2263=ORIENTED_EDGE('',*,*,#1770,.T.);
#2264=ORIENTED_EDGE('',*,*,#1771,.F.);
#2265=ORIENTED_EDGE('',*,*,#1772,.T.);
#2266=ORIENTED_EDGE('',*,*,#1773,.T.);
#2267=ORIENTED_EDGE('',*,*,#1774,.F.);
#2268=ORIENTED_EDGE('',*,*,#1739,.F.);
#2269=ORIENTED_EDGE('',*,*,#1775,.T.);
#2270=ORIENTED_EDGE('',*,*,#1776,.F.);
#2271=ORIENTED_EDGE('',*,*,#1777,.F.);
#2272=ORIENTED_EDGE('',*,*,#1778,.T.);
#2273=ORIENTED_EDGE('',*,*,#1779,.F.);
#2274=ORIENTED_EDGE('',*,*,#1780,.F.);
#2275=ORIENTED_EDGE('',*,*,#1781,.F.);
#2276=ORIENTED_EDGE('',*,*,#1782,.F.);
#2277=ORIENTED_EDGE('',*,*,#1783,.F.);
#2278=ORIENTED_EDGE('',*,*,#1784,.F.);
#2279=ORIENTED_EDGE('',*,*,#1785,.T.);
#2280=ORIENTED_EDGE('',*,*,#1786,.F.);
#2281=ORIENTED_EDGE('',*,*,#1787,.F.);
#2282=ORIENTED_EDGE('',*,*,#1788,.T.);
#2283=ORIENTED_EDGE('',*,*,#1789,.F.);
#2284=ORIENTED_EDGE('',*,*,#1790,.F.);
#2285=ORIENTED_EDGE('',*,*,#1791,.T.);
#2286=ORIENTED_EDGE('',*,*,#1792,.T.);
#2287=ORIENTED_EDGE('',*,*,#1793,.F.);
#2288=ORIENTED_EDGE('',*,*,#1794,.T.);
#2289=ORIENTED_EDGE('',*,*,#1795,.T.);
#2290=ORIENTED_EDGE('',*,*,#1796,.F.);
#2291=ORIENTED_EDGE('',*,*,#1797,.T.);
#2292=ORIENTED_EDGE('',*,*,#1798,.F.);
#2293=ORIENTED_EDGE('',*,*,#1799,.T.);
#2294=ORIENTED_EDGE('',*,*,#1800,.T.);
#2295=ORIENTED_EDGE('',*,*,#1801,.F.);
#2296=ORIENTED_EDGE('',*,*,#1802,.T.);
#2297=ORIENTED_EDGE('',*,*,#1803,.T.);
#2298=ORIENTED_EDGE('',*,*,#1804,.F.);
#2299=ORIENTED_EDGE('',*,*,#1805,.T.);
#2300=ORIENTED_EDGE('',*,*,#1806,.T.);
#2301=ORIENTED_EDGE('',*,*,#1807,.F.);
#2302=ORIENTED_EDGE('',*,*,#1808,.T.);
#2303=ORIENTED_EDGE('',*,*,#1809,.T.);
#2304=ORIENTED_EDGE('',*,*,#1810,.T.);
#2305=ORIENTED_EDGE('',*,*,#1811,.T.);
#2306=ORIENTED_EDGE('',*,*,#1812,.F.);
#2307=ORIENTED_EDGE('',*,*,#1813,.F.);
#2308=ORIENTED_EDGE('',*,*,#1814,.T.);
#2309=ORIENTED_EDGE('',*,*,#1815,.F.);
#2310=ORIENTED_EDGE('',*,*,#1816,.F.);
#2311=ORIENTED_EDGE('',*,*,#1817,.F.);
#2312=ORIENTED_EDGE('',*,*,#1818,.T.);
#2313=ORIENTED_EDGE('',*,*,#1819,.F.);
#2314=ORIENTED_EDGE('',*,*,#1820,.T.);
#2315=ORIENTED_EDGE('',*,*,#1821,.F.);
#2316=ORIENTED_EDGE('',*,*,#1822,.F.);
#2317=ORIENTED_EDGE('',*,*,#1823,.F.);
#2318=ORIENTED_EDGE('',*,*,#1824,.F.);
#2319=ORIENTED_EDGE('',*,*,#1825,.T.);
#2320=ORIENTED_EDGE('',*,*,#1826,.F.);
#2321=ORIENTED_EDGE('',*,*,#1827,.T.);
#2322=ORIENTED_EDGE('',*,*,#1828,.F.);
#2323=ORIENTED_EDGE('',*,*,#1829,.F.);
#2324=ORIENTED_EDGE('',*,*,#1830,.F.);
#2325=ORIENTED_EDGE('',*,*,#1831,.T.);
#2326=ORIENTED_EDGE('',*,*,#1832,.T.);
#2327=ORIENTED_EDGE('',*,*,#1833,.T.);
#2328=ORIENTED_EDGE('',*,*,#1834,.T.);
#2329=ORIENTED_EDGE('',*,*,#1835,.T.);
#2330=ORIENTED_EDGE('',*,*,#1836,.T.);
#2331=ORIENTED_EDGE('',*,*,#1837,.F.);
#2332=ORIENTED_EDGE('',*,*,#1736,.T.);
#2333=ORIENTED_EDGE('',*,*,#1838,.T.);
#2334=ORIENTED_EDGE('',*,*,#1839,.T.);
#2335=ORIENTED_EDGE('',*,*,#1726,.F.);
#2336=ORIENTED_EDGE('',*,*,#1840,.F.);
#2337=ORIENTED_EDGE('',*,*,#1839,.F.);
#2338=ORIENTED_EDGE('',*,*,#1841,.T.);
#2339=ORIENTED_EDGE('',*,*,#1775,.F.);
#2340=ORIENTED_EDGE('',*,*,#1738,.T.);
#2341=ORIENTED_EDGE('',*,*,#1842,.T.);
#2342=ORIENTED_EDGE('',*,*,#1843,.T.);
#2343=ORIENTED_EDGE('',*,*,#1778,.F.);
#2344=ORIENTED_EDGE('',*,*,#1844,.T.);
#2345=ORIENTED_EDGE('',*,*,#1845,.T.);
#2346=ORIENTED_EDGE('',*,*,#1846,.T.);
#2347=ORIENTED_EDGE('',*,*,#1844,.F.);
#2348=ORIENTED_EDGE('',*,*,#1777,.T.);
#2349=ORIENTED_EDGE('',*,*,#1847,.F.);
#2350=ORIENTED_EDGE('',*,*,#1848,.F.);
#2351=ORIENTED_EDGE('',*,*,#1785,.F.);
#2352=ORIENTED_EDGE('',*,*,#1849,.T.);
#2353=ORIENTED_EDGE('',*,*,#1850,.T.);
#2354=ORIENTED_EDGE('',*,*,#1851,.T.);
#2355=ORIENTED_EDGE('',*,*,#1849,.F.);
#2356=ORIENTED_EDGE('',*,*,#1784,.T.);
#2357=ORIENTED_EDGE('',*,*,#1852,.F.);
#2358=ORIENTED_EDGE('',*,*,#1853,.F.);
#2359=ORIENTED_EDGE('',*,*,#1854,.F.);
#2360=ORIENTED_EDGE('',*,*,#1855,.T.);
#2361=ORIENTED_EDGE('',*,*,#1856,.T.);
#2362=ORIENTED_EDGE('',*,*,#1857,.T.);
#2363=ORIENTED_EDGE('',*,*,#1706,.T.);
#2364=ORIENTED_EDGE('',*,*,#1858,.T.);
#2365=ORIENTED_EDGE('',*,*,#1854,.T.);
#2366=ORIENTED_EDGE('',*,*,#1859,.F.);
#2367=ORIENTED_EDGE('',*,*,#1860,.T.);
#2368=ORIENTED_EDGE('',*,*,#1861,.T.);
#2369=ORIENTED_EDGE('',*,*,#1862,.T.);
#2370=ORIENTED_EDGE('',*,*,#1850,.F.);
#2371=ORIENTED_EDGE('',*,*,#1853,.T.);
#2372=ORIENTED_EDGE('',*,*,#1863,.T.);
#2373=ORIENTED_EDGE('',*,*,#1864,.T.);
#2374=ORIENTED_EDGE('',*,*,#1865,.T.);
#2375=ORIENTED_EDGE('',*,*,#1866,.T.);
#2376=ORIENTED_EDGE('',*,*,#1867,.T.);
#2377=ORIENTED_EDGE('',*,*,#1868,.T.);
#2378=ORIENTED_EDGE('',*,*,#1845,.F.);
#2379=ORIENTED_EDGE('',*,*,#1848,.T.);
#2380=ORIENTED_EDGE('',*,*,#1869,.T.);
#2381=ORIENTED_EDGE('',*,*,#1842,.F.);
#2382=ORIENTED_EDGE('',*,*,#1737,.F.);
#2383=ORIENTED_EDGE('',*,*,#1837,.T.);
#2384=ORIENTED_EDGE('',*,*,#1840,.T.);
#2385=ORIENTED_EDGE('',*,*,#1725,.T.);
#2386=ORIENTED_EDGE('',*,*,#1729,.T.);
#2387=ORIENTED_EDGE('',*,*,#1719,.T.);
#2388=ORIENTED_EDGE('',*,*,#1724,.T.);
#2389=ORIENTED_EDGE('',*,*,#1716,.T.);
#2390=ORIENTED_EDGE('',*,*,#1713,.T.);
#2391=ORIENTED_EDGE('',*,*,#1710,.T.);
#2392=ORIENTED_EDGE('',*,*,#1745,.F.);
#2393=ORIENTED_EDGE('',*,*,#1692,.F.);
#2394=ORIENTED_EDGE('',*,*,#1870,.F.);
#2395=ORIENTED_EDGE('',*,*,#1813,.T.);
#2396=ORIENTED_EDGE('',*,*,#1871,.F.);
#2397=ORIENTED_EDGE('',*,*,#1872,.F.);
#2398=ORIENTED_EDGE('',*,*,#1873,.F.);
#2399=ORIENTED_EDGE('',*,*,#1789,.T.);
#2400=ORIENTED_EDGE('',*,*,#1874,.F.);
#2401=ORIENTED_EDGE('',*,*,#1859,.T.);
#2402=ORIENTED_EDGE('',*,*,#1857,.F.);
#2403=ORIENTED_EDGE('',*,*,#1875,.T.);
#2404=ORIENTED_EDGE('',*,*,#1876,.T.);
#2405=ORIENTED_EDGE('',*,*,#1788,.F.);
#2406=ORIENTED_EDGE('',*,*,#1877,.T.);
#2407=ORIENTED_EDGE('',*,*,#1860,.F.);
#2408=ORIENTED_EDGE('',*,*,#1874,.T.);
#2409=ORIENTED_EDGE('',*,*,#1814,.F.);
#2410=ORIENTED_EDGE('',*,*,#1870,.T.);
#2411=ORIENTED_EDGE('',*,*,#1691,.T.);
#2412=ORIENTED_EDGE('',*,*,#1878,.T.);
#2413=ORIENTED_EDGE('',*,*,#1818,.F.);
#2414=ORIENTED_EDGE('',*,*,#1879,.T.);
#2415=ORIENTED_EDGE('',*,*,#1686,.T.);
#2416=ORIENTED_EDGE('',*,*,#1880,.T.);
#2417=ORIENTED_EDGE('',*,*,#1879,.F.);
#2418=ORIENTED_EDGE('',*,*,#1817,.T.);
#2419=ORIENTED_EDGE('',*,*,#1881,.F.);
#2420=ORIENTED_EDGE('',*,*,#1687,.F.);
#2421=ORIENTED_EDGE('',*,*,#1820,.F.);
#2422=ORIENTED_EDGE('',*,*,#1882,.T.);
#2423=ORIENTED_EDGE('',*,*,#1684,.T.);
#2424=ORIENTED_EDGE('',*,*,#1883,.T.);
#2425=ORIENTED_EDGE('',*,*,#1883,.F.);
#2426=ORIENTED_EDGE('',*,*,#1683,.F.);
#2427=ORIENTED_EDGE('',*,*,#1884,.T.);
#2428=ORIENTED_EDGE('',*,*,#1821,.T.);
#2429=ORIENTED_EDGE('',*,*,#1825,.F.);
#2430=ORIENTED_EDGE('',*,*,#1885,.T.);
#2431=ORIENTED_EDGE('',*,*,#1679,.T.);
#2432=ORIENTED_EDGE('',*,*,#1886,.T.);
#2433=ORIENTED_EDGE('',*,*,#1886,.F.);
#2434=ORIENTED_EDGE('',*,*,#1678,.F.);
#2435=ORIENTED_EDGE('',*,*,#1887,.F.);
#2436=ORIENTED_EDGE('',*,*,#1826,.T.);
#2437=ORIENTED_EDGE('',*,*,#1827,.F.);
#2438=ORIENTED_EDGE('',*,*,#1887,.T.);
#2439=ORIENTED_EDGE('',*,*,#1677,.T.);
#2440=ORIENTED_EDGE('',*,*,#1888,.T.);
#2441=ORIENTED_EDGE('',*,*,#1888,.F.);
#2442=ORIENTED_EDGE('',*,*,#1676,.F.);
#2443=ORIENTED_EDGE('',*,*,#1889,.F.);
#2444=ORIENTED_EDGE('',*,*,#1828,.T.);
#2445=ORIENTED_EDGE('',*,*,#1796,.T.);
#2446=ORIENTED_EDGE('',*,*,#1890,.T.);
#2447=ORIENTED_EDGE('',*,*,#1891,.T.);
#2448=ORIENTED_EDGE('',*,*,#1892,.T.);
#2449=ORIENTED_EDGE('',*,*,#1890,.F.);
#2450=ORIENTED_EDGE('',*,*,#1795,.F.);
#2451=ORIENTED_EDGE('',*,*,#1893,.T.);
#2452=ORIENTED_EDGE('',*,*,#1894,.F.);
#2453=ORIENTED_EDGE('',*,*,#1798,.T.);
#2454=ORIENTED_EDGE('',*,*,#1895,.T.);
#2455=ORIENTED_EDGE('',*,*,#1896,.T.);
#2456=ORIENTED_EDGE('',*,*,#1897,.T.);
#2457=ORIENTED_EDGE('',*,*,#1892,.F.);
#2458=ORIENTED_EDGE('',*,*,#1898,.F.);
#2459=ORIENTED_EDGE('',*,*,#1895,.F.);
#2460=ORIENTED_EDGE('',*,*,#1797,.F.);
#2461=ORIENTED_EDGE('',*,*,#1801,.T.);
#2462=ORIENTED_EDGE('',*,*,#1899,.T.);
#2463=ORIENTED_EDGE('',*,*,#1900,.T.);
#2464=ORIENTED_EDGE('',*,*,#1901,.T.);
#2465=ORIENTED_EDGE('',*,*,#1899,.F.);
#2466=ORIENTED_EDGE('',*,*,#1800,.F.);
#2467=ORIENTED_EDGE('',*,*,#1902,.T.);
#2468=ORIENTED_EDGE('',*,*,#1903,.F.);
#2469=ORIENTED_EDGE('',*,*,#1804,.T.);
#2470=ORIENTED_EDGE('',*,*,#1904,.T.);
#2471=ORIENTED_EDGE('',*,*,#1905,.T.);
#2472=ORIENTED_EDGE('',*,*,#1906,.T.);
#2473=ORIENTED_EDGE('',*,*,#1904,.F.);
#2474=ORIENTED_EDGE('',*,*,#1803,.F.);
#2475=ORIENTED_EDGE('',*,*,#1907,.T.);
#2476=ORIENTED_EDGE('',*,*,#1908,.F.);
#2477=ORIENTED_EDGE('',*,*,#1807,.T.);
#2478=ORIENTED_EDGE('',*,*,#1909,.T.);
#2479=ORIENTED_EDGE('',*,*,#1910,.T.);
#2480=ORIENTED_EDGE('',*,*,#1911,.T.);
#2481=ORIENTED_EDGE('',*,*,#1909,.F.);
#2482=ORIENTED_EDGE('',*,*,#1806,.F.);
#2483=ORIENTED_EDGE('',*,*,#1912,.T.);
#2484=ORIENTED_EDGE('',*,*,#1913,.F.);
#2485=ORIENTED_EDGE('',*,*,#1757,.T.);
#2486=ORIENTED_EDGE('',*,*,#1914,.T.);
#2487=ORIENTED_EDGE('',*,*,#1915,.T.);
#2488=ORIENTED_EDGE('',*,*,#1916,.T.);
#2489=ORIENTED_EDGE('',*,*,#1914,.F.);
#2490=ORIENTED_EDGE('',*,*,#1756,.F.);
#2491=ORIENTED_EDGE('',*,*,#1917,.T.);
#2492=ORIENTED_EDGE('',*,*,#1918,.F.);
#2493=ORIENTED_EDGE('',*,*,#1760,.T.);
#2494=ORIENTED_EDGE('',*,*,#1919,.T.);
#2495=ORIENTED_EDGE('',*,*,#1920,.T.);
#2496=ORIENTED_EDGE('',*,*,#1921,.T.);
#2497=ORIENTED_EDGE('',*,*,#1919,.F.);
#2498=ORIENTED_EDGE('',*,*,#1759,.F.);
#2499=ORIENTED_EDGE('',*,*,#1922,.T.);
#2500=ORIENTED_EDGE('',*,*,#1923,.F.);
#2501=ORIENTED_EDGE('',*,*,#1763,.T.);
#2502=ORIENTED_EDGE('',*,*,#1924,.T.);
#2503=ORIENTED_EDGE('',*,*,#1925,.T.);
#2504=ORIENTED_EDGE('',*,*,#1926,.T.);
#2505=ORIENTED_EDGE('',*,*,#1924,.F.);
#2506=ORIENTED_EDGE('',*,*,#1762,.F.);
#2507=ORIENTED_EDGE('',*,*,#1927,.T.);
#2508=ORIENTED_EDGE('',*,*,#1928,.F.);
#2509=ORIENTED_EDGE('',*,*,#1766,.T.);
#2510=ORIENTED_EDGE('',*,*,#1929,.T.);
#2511=ORIENTED_EDGE('',*,*,#1930,.T.);
#2512=ORIENTED_EDGE('',*,*,#1931,.T.);
#2513=ORIENTED_EDGE('',*,*,#1929,.F.);
#2514=ORIENTED_EDGE('',*,*,#1765,.F.);
#2515=ORIENTED_EDGE('',*,*,#1932,.T.);
#2516=ORIENTED_EDGE('',*,*,#1933,.F.);
#2517=ORIENTED_EDGE('',*,*,#1768,.T.);
#2518=ORIENTED_EDGE('',*,*,#1934,.T.);
#2519=ORIENTED_EDGE('',*,*,#1935,.T.);
#2520=ORIENTED_EDGE('',*,*,#1936,.T.);
#2521=ORIENTED_EDGE('',*,*,#1931,.F.);
#2522=ORIENTED_EDGE('',*,*,#1937,.F.);
#2523=ORIENTED_EDGE('',*,*,#1934,.F.);
#2524=ORIENTED_EDGE('',*,*,#1767,.F.);
#2525=ORIENTED_EDGE('',*,*,#1793,.T.);
#2526=ORIENTED_EDGE('',*,*,#1938,.T.);
#2527=ORIENTED_EDGE('',*,*,#1939,.T.);
#2528=ORIENTED_EDGE('',*,*,#1940,.T.);
#2529=ORIENTED_EDGE('',*,*,#1938,.F.);
#2530=ORIENTED_EDGE('',*,*,#1792,.F.);
#2531=ORIENTED_EDGE('',*,*,#1941,.T.);
#2532=ORIENTED_EDGE('',*,*,#1942,.F.);
#2533=ORIENTED_EDGE('',*,*,#1790,.T.);
#2534=ORIENTED_EDGE('',*,*,#1873,.T.);
#2535=ORIENTED_EDGE('',*,*,#1943,.T.);
#2536=ORIENTED_EDGE('',*,*,#1944,.T.);
#2537=ORIENTED_EDGE('',*,*,#1812,.T.);
#2538=ORIENTED_EDGE('',*,*,#1945,.T.);
#2539=ORIENTED_EDGE('',*,*,#1946,.T.);
#2540=ORIENTED_EDGE('',*,*,#1871,.T.);
#2541=ORIENTED_EDGE('',*,*,#1945,.F.);
#2542=ORIENTED_EDGE('',*,*,#1811,.F.);
#2543=ORIENTED_EDGE('',*,*,#1947,.T.);
#2544=ORIENTED_EDGE('',*,*,#1948,.F.);
#2545=ORIENTED_EDGE('',*,*,#1810,.F.);
#2546=ORIENTED_EDGE('',*,*,#1949,.T.);
#2547=ORIENTED_EDGE('',*,*,#1950,.T.);
#2548=ORIENTED_EDGE('',*,*,#1947,.F.);
#2549=ORIENTED_EDGE('',*,*,#1951,.T.);
#2550=ORIENTED_EDGE('',*,*,#1952,.T.);
#2551=ORIENTED_EDGE('',*,*,#1754,.F.);
#2552=ORIENTED_EDGE('',*,*,#1953,.T.);
#2553=ORIENTED_EDGE('',*,*,#1752,.T.);
#2554=ORIENTED_EDGE('',*,*,#1742,.T.);
#2555=ORIENTED_EDGE('',*,*,#1954,.T.);
#2556=ORIENTED_EDGE('',*,*,#1955,.T.);
#2557=ORIENTED_EDGE('',*,*,#1774,.T.);
#2558=ORIENTED_EDGE('',*,*,#1956,.T.);
#2559=ORIENTED_EDGE('',*,*,#1957,.T.);
#2560=ORIENTED_EDGE('',*,*,#1740,.T.);
#2561=ORIENTED_EDGE('',*,*,#1956,.F.);
#2562=ORIENTED_EDGE('',*,*,#1773,.F.);
#2563=ORIENTED_EDGE('',*,*,#1958,.T.);
#2564=ORIENTED_EDGE('',*,*,#1959,.F.);
#2565=ORIENTED_EDGE('',*,*,#1771,.T.);
#2566=ORIENTED_EDGE('',*,*,#1960,.T.);
#2567=ORIENTED_EDGE('',*,*,#1961,.T.);
#2568=ORIENTED_EDGE('',*,*,#1962,.T.);
#2569=ORIENTED_EDGE('',*,*,#1960,.F.);
#2570=ORIENTED_EDGE('',*,*,#1770,.F.);
#2571=ORIENTED_EDGE('',*,*,#1963,.T.);
#2572=ORIENTED_EDGE('',*,*,#1964,.F.);
#2573=ORIENTED_EDGE('',*,*,#1965,.F.);
#2574=ORIENTED_EDGE('',*,*,#1966,.F.);
#2575=ORIENTED_EDGE('',*,*,#1967,.F.);
#2576=ORIENTED_EDGE('',*,*,#1968,.F.);
#2577=ORIENTED_EDGE('',*,*,#1969,.F.);
#2578=ORIENTED_EDGE('',*,*,#1970,.F.);
#2579=ORIENTED_EDGE('',*,*,#1965,.T.);
#2580=ORIENTED_EDGE('',*,*,#1971,.T.);
#2581=ORIENTED_EDGE('',*,*,#1969,.T.);
#2582=ORIENTED_EDGE('',*,*,#1972,.T.);
#2583=ORIENTED_EDGE('',*,*,#1973,.F.);
#2584=ORIENTED_EDGE('',*,*,#1974,.F.);
#2585=ORIENTED_EDGE('',*,*,#1975,.F.);
#2586=ORIENTED_EDGE('',*,*,#1976,.F.);
#2587=ORIENTED_EDGE('',*,*,#1977,.F.);
#2588=ORIENTED_EDGE('',*,*,#1978,.F.);
#2589=ORIENTED_EDGE('',*,*,#1977,.T.);
#2590=ORIENTED_EDGE('',*,*,#1979,.T.);
#2591=ORIENTED_EDGE('',*,*,#1967,.T.);
#2592=ORIENTED_EDGE('',*,*,#1980,.T.);
#2593=ORIENTED_EDGE('',*,*,#1981,.F.);
#2594=ORIENTED_EDGE('',*,*,#1982,.F.);
#2595=ORIENTED_EDGE('',*,*,#1983,.F.);
#2596=ORIENTED_EDGE('',*,*,#1982,.T.);
#2597=ORIENTED_EDGE('',*,*,#1984,.T.);
#2598=ORIENTED_EDGE('',*,*,#1970,.T.);
#2599=ORIENTED_EDGE('',*,*,#1985,.T.);
#2600=ORIENTED_EDGE('',*,*,#1976,.T.);
#2601=ORIENTED_EDGE('',*,*,#1986,.T.);
#2602=ORIENTED_EDGE('',*,*,#1983,.T.);
#2603=ORIENTED_EDGE('',*,*,#1987,.T.);
#2604=ORIENTED_EDGE('',*,*,#1988,.F.);
#2605=ORIENTED_EDGE('',*,*,#1989,.F.);
#2606=ORIENTED_EDGE('',*,*,#1990,.F.);
#2607=ORIENTED_EDGE('',*,*,#1991,.F.);
#2608=ORIENTED_EDGE('',*,*,#1992,.F.);
#2609=ORIENTED_EDGE('',*,*,#1993,.F.);
#2610=ORIENTED_EDGE('',*,*,#1992,.T.);
#2611=ORIENTED_EDGE('',*,*,#1994,.T.);
#2612=ORIENTED_EDGE('',*,*,#1975,.T.);
#2613=ORIENTED_EDGE('',*,*,#1995,.T.);
#2614=ORIENTED_EDGE('',*,*,#1996,.T.);
#2615=ORIENTED_EDGE('',*,*,#1997,.T.);
#2616=ORIENTED_EDGE('',*,*,#1998,.T.);
#2617=ORIENTED_EDGE('',*,*,#1999,.T.);
#2618=ORIENTED_EDGE('',*,*,#2000,.F.);
#2619=ORIENTED_EDGE('',*,*,#2001,.F.);
#2620=ORIENTED_EDGE('',*,*,#2002,.F.);
#2621=ORIENTED_EDGE('',*,*,#2001,.T.);
#2622=ORIENTED_EDGE('',*,*,#2003,.T.);
#2623=ORIENTED_EDGE('',*,*,#1989,.T.);
#2624=ORIENTED_EDGE('',*,*,#2004,.T.);
#2625=ORIENTED_EDGE('',*,*,#2005,.T.);
#2626=ORIENTED_EDGE('',*,*,#2002,.T.);
#2627=ORIENTED_EDGE('',*,*,#2006,.T.);
#2628=ORIENTED_EDGE('',*,*,#2007,.T.);
#2629=ORIENTED_EDGE('',*,*,#2008,.F.);
#2630=ORIENTED_EDGE('',*,*,#2009,.F.);
#2631=ORIENTED_EDGE('',*,*,#2010,.F.);
#2632=ORIENTED_EDGE('',*,*,#2009,.T.);
#2633=ORIENTED_EDGE('',*,*,#2011,.T.);
#2634=ORIENTED_EDGE('',*,*,#1990,.T.);
#2635=ORIENTED_EDGE('',*,*,#2012,.T.);
#2636=ORIENTED_EDGE('',*,*,#2013,.F.);
#2637=ORIENTED_EDGE('',*,*,#2014,.F.);
#2638=ORIENTED_EDGE('',*,*,#2015,.F.);
#2639=ORIENTED_EDGE('',*,*,#2016,.T.);
#2640=ORIENTED_EDGE('',*,*,#2014,.T.);
#2641=ORIENTED_EDGE('',*,*,#2017,.T.);
#2642=ORIENTED_EDGE('',*,*,#1998,.F.);
#2643=ORIENTED_EDGE('',*,*,#2018,.T.);
#2644=ORIENTED_EDGE('',*,*,#2019,.T.);
#2645=ORIENTED_EDGE('',*,*,#2020,.T.);
#2646=ORIENTED_EDGE('',*,*,#2021,.T.);
#2647=ORIENTED_EDGE('',*,*,#2022,.T.);
#2648=ORIENTED_EDGE('',*,*,#2023,.F.);
#2649=ORIENTED_EDGE('',*,*,#2024,.F.);
#2650=ORIENTED_EDGE('',*,*,#2025,.F.);
#2651=ORIENTED_EDGE('',*,*,#2013,.T.);
#2652=ORIENTED_EDGE('',*,*,#2026,.T.);
#2653=ORIENTED_EDGE('',*,*,#2024,.T.);
#2654=ORIENTED_EDGE('',*,*,#2027,.T.);
#2655=ORIENTED_EDGE('',*,*,#2028,.F.);
#2656=ORIENTED_EDGE('',*,*,#2029,.F.);
#2657=ORIENTED_EDGE('',*,*,#2030,.F.);
#2658=ORIENTED_EDGE('',*,*,#2000,.T.);
#2659=ORIENTED_EDGE('',*,*,#2031,.T.);
#2660=ORIENTED_EDGE('',*,*,#2029,.T.);
#2661=ORIENTED_EDGE('',*,*,#2032,.T.);
#2662=ORIENTED_EDGE('',*,*,#2033,.F.);
#2663=ORIENTED_EDGE('',*,*,#2034,.F.);
#2664=ORIENTED_EDGE('',*,*,#2035,.F.);
#2665=ORIENTED_EDGE('',*,*,#2034,.T.);
#2666=ORIENTED_EDGE('',*,*,#2036,.T.);
#2667=ORIENTED_EDGE('',*,*,#2015,.T.);
#2668=ORIENTED_EDGE('',*,*,#2037,.T.);
#2669=ORIENTED_EDGE('',*,*,#2038,.T.);
#2670=ORIENTED_EDGE('',*,*,#2035,.T.);
#2671=ORIENTED_EDGE('',*,*,#2039,.T.);
#2672=ORIENTED_EDGE('',*,*,#2021,.F.);
#2673=ORIENTED_EDGE('',*,*,#2040,.F.);
#2674=ORIENTED_EDGE('',*,*,#2041,.F.);
#2675=ORIENTED_EDGE('',*,*,#2042,.F.);
#2676=ORIENTED_EDGE('',*,*,#2041,.T.);
#2677=ORIENTED_EDGE('',*,*,#2043,.T.);
#2678=ORIENTED_EDGE('',*,*,#2025,.T.);
#2679=ORIENTED_EDGE('',*,*,#2044,.T.);
#2680=ORIENTED_EDGE('',*,*,#2033,.T.);
#2681=ORIENTED_EDGE('',*,*,#2045,.T.);
#2682=ORIENTED_EDGE('',*,*,#2042,.T.);
#2683=ORIENTED_EDGE('',*,*,#2046,.T.);
#2684=ORIENTED_EDGE('',*,*,#2040,.T.);
#2685=ORIENTED_EDGE('',*,*,#2047,.T.);
#2686=ORIENTED_EDGE('',*,*,#2030,.T.);
#2687=ORIENTED_EDGE('',*,*,#2048,.T.);
#2688=ORIENTED_EDGE('',*,*,#2028,.T.);
#2689=ORIENTED_EDGE('',*,*,#2049,.T.);
#2690=ORIENTED_EDGE('',*,*,#2010,.T.);
#2691=ORIENTED_EDGE('',*,*,#2050,.T.);
#2692=ORIENTED_EDGE('',*,*,#2051,.T.);
#2693=ORIENTED_EDGE('',*,*,#2023,.T.);
#2694=ORIENTED_EDGE('',*,*,#2052,.T.);
#2695=ORIENTED_EDGE('',*,*,#2007,.F.);
#2696=ORIENTED_EDGE('',*,*,#2008,.T.);
#2697=ORIENTED_EDGE('',*,*,#2053,.T.);
#2698=ORIENTED_EDGE('',*,*,#1993,.T.);
#2699=ORIENTED_EDGE('',*,*,#2054,.T.);
#2700=ORIENTED_EDGE('',*,*,#2019,.F.);
#2701=ORIENTED_EDGE('',*,*,#2055,.T.);
#2702=ORIENTED_EDGE('',*,*,#1981,.T.);
#2703=ORIENTED_EDGE('',*,*,#2056,.T.);
#2704=ORIENTED_EDGE('',*,*,#1991,.T.);
#2705=ORIENTED_EDGE('',*,*,#2057,.T.);
#2706=ORIENTED_EDGE('',*,*,#1978,.T.);
#2707=ORIENTED_EDGE('',*,*,#2058,.T.);
#2708=ORIENTED_EDGE('',*,*,#2059,.T.);
#2709=ORIENTED_EDGE('',*,*,#1988,.T.);
#2710=ORIENTED_EDGE('',*,*,#2060,.T.);
#2711=ORIENTED_EDGE('',*,*,#2061,.T.);
#2712=ORIENTED_EDGE('',*,*,#1996,.F.);
#2713=ORIENTED_EDGE('',*,*,#2062,.T.);
#2714=ORIENTED_EDGE('',*,*,#1968,.T.);
#2715=ORIENTED_EDGE('',*,*,#2063,.T.);
#2716=ORIENTED_EDGE('',*,*,#2064,.T.);
#2717=ORIENTED_EDGE('',*,*,#1974,.T.);
#2718=ORIENTED_EDGE('',*,*,#2065,.T.);
#2719=ORIENTED_EDGE('',*,*,#2061,.F.);
#2720=ORIENTED_EDGE('',*,*,#1973,.T.);
#2721=ORIENTED_EDGE('',*,*,#2066,.T.);
#2722=ORIENTED_EDGE('',*,*,#1966,.T.);
#2723=ORIENTED_EDGE('',*,*,#2067,.T.);
#2724=ORIENTED_EDGE('',*,*,#2006,.F.);
#2725=ORIENTED_EDGE('',*,*,#2004,.F.);
#2726=ORIENTED_EDGE('',*,*,#2059,.F.);
#2727=ORIENTED_EDGE('',*,*,#2068,.F.);
#2728=ORIENTED_EDGE('',*,*,#1734,.F.);
#2729=ORIENTED_EDGE('',*,*,#1732,.F.);
#2730=ORIENTED_EDGE('',*,*,#2069,.F.);
#2731=ORIENTED_EDGE('',*,*,#2070,.F.);
#2732=ORIENTED_EDGE('',*,*,#1748,.F.);
#2733=ORIENTED_EDGE('',*,*,#1746,.F.);
#2734=ORIENTED_EDGE('',*,*,#1876,.F.);
#2735=ORIENTED_EDGE('',*,*,#2071,.F.);
#2736=ORIENTED_EDGE('',*,*,#2063,.F.);
#2737=ORIENTED_EDGE('',*,*,#1984,.F.);
#2738=ORIENTED_EDGE('',*,*,#2055,.F.);
#2739=ORIENTED_EDGE('',*,*,#2072,.F.);
#2740=ORIENTED_EDGE('',*,*,#1971,.F.);
#2741=ORIENTED_EDGE('',*,*,#1979,.F.);
#2742=ORIENTED_EDGE('',*,*,#1987,.F.);
#2743=ORIENTED_EDGE('',*,*,#1985,.F.);
#2744=ORIENTED_EDGE('',*,*,#1994,.F.);
#2745=ORIENTED_EDGE('',*,*,#2058,.F.);
#2746=ORIENTED_EDGE('',*,*,#1980,.F.);
#2747=ORIENTED_EDGE('',*,*,#2066,.F.);
#2748=ORIENTED_EDGE('',*,*,#2003,.F.);
#2749=ORIENTED_EDGE('',*,*,#2032,.F.);
#2750=ORIENTED_EDGE('',*,*,#2050,.F.);
#2751=ORIENTED_EDGE('',*,*,#2012,.F.);
#2752=ORIENTED_EDGE('',*,*,#1697,.T.);
#2753=ORIENTED_EDGE('',*,*,#1700,.F.);
#2754=ORIENTED_EDGE('',*,*,#1703,.T.);
#2755=ORIENTED_EDGE('',*,*,#1704,.F.);
#2756=ORIENTED_EDGE('',*,*,#1661,.T.);
#2757=ORIENTED_EDGE('',*,*,#1657,.F.);
#2758=ORIENTED_EDGE('',*,*,#2073,.T.);
#2759=ORIENTED_EDGE('',*,*,#1666,.F.);
#2760=ORIENTED_EDGE('',*,*,#2011,.F.);
#2761=ORIENTED_EDGE('',*,*,#2054,.F.);
#2762=ORIENTED_EDGE('',*,*,#1995,.F.);
#2763=ORIENTED_EDGE('',*,*,#2064,.F.);
#2764=ORIENTED_EDGE('',*,*,#2060,.F.);
#2765=ORIENTED_EDGE('',*,*,#2020,.F.);
#2766=ORIENTED_EDGE('',*,*,#2056,.F.);
#2767=ORIENTED_EDGE('',*,*,#1986,.F.);
#2768=ORIENTED_EDGE('',*,*,#2057,.F.);
#2769=ORIENTED_EDGE('',*,*,#2053,.F.);
#2770=ORIENTED_EDGE('',*,*,#2049,.F.);
#2771=ORIENTED_EDGE('',*,*,#2047,.F.);
#2772=ORIENTED_EDGE('',*,*,#2045,.F.);
#2773=ORIENTED_EDGE('',*,*,#2038,.F.);
#2774=ORIENTED_EDGE('',*,*,#2074,.T.);
#2775=ORIENTED_EDGE('',*,*,#1954,.F.);
#2776=ORIENTED_EDGE('',*,*,#1741,.T.);
#2777=ORIENTED_EDGE('',*,*,#1957,.F.);
#2778=ORIENTED_EDGE('',*,*,#1959,.T.);
#2779=ORIENTED_EDGE('',*,*,#2075,.T.);
#2780=ORIENTED_EDGE('',*,*,#1961,.F.);
#2781=ORIENTED_EDGE('',*,*,#1964,.T.);
#2782=ORIENTED_EDGE('',*,*,#2076,.T.);
#2783=ORIENTED_EDGE('',*,*,#1935,.F.);
#2784=ORIENTED_EDGE('',*,*,#1937,.T.);
#2785=ORIENTED_EDGE('',*,*,#1930,.F.);
#2786=ORIENTED_EDGE('',*,*,#1933,.T.);
#2787=ORIENTED_EDGE('',*,*,#2077,.T.);
#2788=ORIENTED_EDGE('',*,*,#1925,.F.);
#2789=ORIENTED_EDGE('',*,*,#1928,.T.);
#2790=ORIENTED_EDGE('',*,*,#2078,.T.);
#2791=ORIENTED_EDGE('',*,*,#1920,.F.);
#2792=ORIENTED_EDGE('',*,*,#1923,.T.);
#2793=ORIENTED_EDGE('',*,*,#2079,.T.);
#2794=ORIENTED_EDGE('',*,*,#1915,.F.);
#2795=ORIENTED_EDGE('',*,*,#1918,.T.);
#2796=ORIENTED_EDGE('',*,*,#2080,.T.);
#2797=ORIENTED_EDGE('',*,*,#1951,.F.);
#2798=ORIENTED_EDGE('',*,*,#1903,.T.);
#2799=ORIENTED_EDGE('',*,*,#2081,.T.);
#2800=ORIENTED_EDGE('',*,*,#1896,.F.);
#2801=ORIENTED_EDGE('',*,*,#1898,.T.);
#2802=ORIENTED_EDGE('',*,*,#1891,.F.);
#2803=ORIENTED_EDGE('',*,*,#1894,.T.);
#2804=ORIENTED_EDGE('',*,*,#2082,.T.);
#2805=ORIENTED_EDGE('',*,*,#1939,.F.);
#2806=ORIENTED_EDGE('',*,*,#1942,.T.);
#2807=ORIENTED_EDGE('',*,*,#2083,.T.);
#2808=ORIENTED_EDGE('',*,*,#1943,.F.);
#2809=ORIENTED_EDGE('',*,*,#1872,.T.);
#2810=ORIENTED_EDGE('',*,*,#1946,.F.);
#2811=ORIENTED_EDGE('',*,*,#1948,.T.);
#2812=ORIENTED_EDGE('',*,*,#1950,.F.);
#2813=ORIENTED_EDGE('',*,*,#2084,.T.);
#2814=ORIENTED_EDGE('',*,*,#2085,.T.);
#2815=ORIENTED_EDGE('',*,*,#1910,.F.);
#2816=ORIENTED_EDGE('',*,*,#1913,.T.);
#2817=ORIENTED_EDGE('',*,*,#2086,.T.);
#2818=ORIENTED_EDGE('',*,*,#1905,.F.);
#2819=ORIENTED_EDGE('',*,*,#1908,.T.);
#2820=ORIENTED_EDGE('',*,*,#2087,.T.);
#2821=ORIENTED_EDGE('',*,*,#1900,.F.);
#2822=ORIENTED_EDGE('',*,*,#2026,.F.);
#2823=ORIENTED_EDGE('',*,*,#2036,.F.);
#2824=ORIENTED_EDGE('',*,*,#2046,.F.);
#2825=ORIENTED_EDGE('',*,*,#2044,.F.);
#2826=ORIENTED_EDGE('',*,*,#2043,.F.);
#2827=ORIENTED_EDGE('',*,*,#2048,.F.);
#2828=ORIENTED_EDGE('',*,*,#2031,.F.);
#2829=ORIENTED_EDGE('',*,*,#2005,.F.);
#2830=ORIENTED_EDGE('',*,*,#2052,.F.);
#2831=ORIENTED_EDGE('',*,*,#1831,.F.);
#2832=ORIENTED_EDGE('',*,*,#2088,.T.);
#2833=ORIENTED_EDGE('',*,*,#2089,.T.);
#2834=ORIENTED_EDGE('',*,*,#2088,.F.);
#2835=ORIENTED_EDGE('',*,*,#2089,.F.);
#2836=ORIENTED_EDGE('',*,*,#1832,.F.);
#2837=ORIENTED_EDGE('',*,*,#2090,.T.);
#2838=ORIENTED_EDGE('',*,*,#2091,.T.);
#2839=ORIENTED_EDGE('',*,*,#2090,.F.);
#2840=ORIENTED_EDGE('',*,*,#2091,.F.);
#2841=ORIENTED_EDGE('',*,*,#1833,.F.);
#2842=ORIENTED_EDGE('',*,*,#2092,.T.);
#2843=ORIENTED_EDGE('',*,*,#2093,.T.);
#2844=ORIENTED_EDGE('',*,*,#2092,.F.);
#2845=ORIENTED_EDGE('',*,*,#2093,.F.);
#2846=ORIENTED_EDGE('',*,*,#1834,.F.);
#2847=ORIENTED_EDGE('',*,*,#2094,.T.);
#2848=ORIENTED_EDGE('',*,*,#2095,.T.);
#2849=ORIENTED_EDGE('',*,*,#2094,.F.);
#2850=ORIENTED_EDGE('',*,*,#2095,.F.);
#2851=ORIENTED_EDGE('',*,*,#1835,.F.);
#2852=ORIENTED_EDGE('',*,*,#2096,.T.);
#2853=ORIENTED_EDGE('',*,*,#2097,.T.);
#2854=ORIENTED_EDGE('',*,*,#2096,.F.);
#2855=ORIENTED_EDGE('',*,*,#2097,.F.);
#2856=ORIENTED_EDGE('',*,*,#1836,.F.);
#2857=ORIENTED_EDGE('',*,*,#2098,.T.);
#2858=ORIENTED_EDGE('',*,*,#2099,.T.);
#2859=ORIENTED_EDGE('',*,*,#2098,.F.);
#2860=ORIENTED_EDGE('',*,*,#2099,.F.);
#2861=ORIENTED_EDGE('',*,*,#1880,.F.);
#2862=ORIENTED_EDGE('',*,*,#1685,.F.);
#2863=ORIENTED_EDGE('',*,*,#1882,.F.);
#2864=ORIENTED_EDGE('',*,*,#1819,.T.);
#2865=ORIENTED_EDGE('',*,*,#1885,.F.);
#2866=ORIENTED_EDGE('',*,*,#1824,.T.);
#2867=ORIENTED_EDGE('',*,*,#2100,.F.);
#2868=ORIENTED_EDGE('',*,*,#1680,.F.);
#2869=ORIENTED_EDGE('',*,*,#1889,.T.);
#2870=ORIENTED_EDGE('',*,*,#1675,.F.);
#2871=ORIENTED_EDGE('',*,*,#2101,.T.);
#2872=ORIENTED_EDGE('',*,*,#2102,.T.);
#2873=ORIENTED_EDGE('',*,*,#1829,.T.);
#2874=ORIENTED_EDGE('',*,*,#2051,.F.);
#2875=ORIENTED_EDGE('',*,*,#2071,.T.);
#2876=ORIENTED_EDGE('',*,*,#1875,.F.);
#2877=ORIENTED_EDGE('',*,*,#1856,.F.);
#2878=ORIENTED_EDGE('',*,*,#2103,.F.);
#2879=ORIENTED_EDGE('',*,*,#1708,.F.);
#2880=ORIENTED_EDGE('',*,*,#1712,.F.);
#2881=ORIENTED_EDGE('',*,*,#1715,.F.);
#2882=ORIENTED_EDGE('',*,*,#1718,.F.);
#2883=ORIENTED_EDGE('',*,*,#1723,.F.);
#2884=ORIENTED_EDGE('',*,*,#1721,.F.);
#2885=ORIENTED_EDGE('',*,*,#1730,.F.);
#2886=ORIENTED_EDGE('',*,*,#1727,.F.);
#2887=ORIENTED_EDGE('',*,*,#1841,.F.);
#2888=ORIENTED_EDGE('',*,*,#1838,.F.);
#2889=ORIENTED_EDGE('',*,*,#1735,.F.);
#2890=ORIENTED_EDGE('',*,*,#2068,.T.);
#2891=ORIENTED_EDGE('',*,*,#2065,.F.);
#2892=ORIENTED_EDGE('',*,*,#2067,.F.);
#2893=ORIENTED_EDGE('',*,*,#1972,.F.);
#2894=ORIENTED_EDGE('',*,*,#2062,.F.);
#2895=ORIENTED_EDGE('',*,*,#1999,.F.);
#2896=ORIENTED_EDGE('',*,*,#2017,.F.);
#2897=ORIENTED_EDGE('',*,*,#2027,.F.);
#2898=ORIENTED_EDGE('',*,*,#1709,.F.);
#2899=ORIENTED_EDGE('',*,*,#2103,.T.);
#2900=ORIENTED_EDGE('',*,*,#1855,.F.);
#2901=ORIENTED_EDGE('',*,*,#1858,.F.);
#2902=ORIENTED_EDGE('',*,*,#1660,.F.);
#2903=ORIENTED_EDGE('',*,*,#2104,.F.);
#2904=ORIENTED_EDGE('',*,*,#1667,.F.);
#2905=ORIENTED_EDGE('',*,*,#2073,.F.);
#2906=ORIENTED_EDGE('',*,*,#2070,.T.);
#2907=ORIENTED_EDGE('',*,*,#2105,.T.);
#2908=ORIENTED_EDGE('',*,*,#1668,.F.);
#2909=ORIENTED_EDGE('',*,*,#1664,.F.);
#2910=ORIENTED_EDGE('',*,*,#2104,.T.);
#2911=ORIENTED_EDGE('',*,*,#1659,.F.);
#2912=ORIENTED_EDGE('',*,*,#1663,.T.);
#2913=ORIENTED_EDGE('',*,*,#1705,.F.);
#2914=ORIENTED_EDGE('',*,*,#1701,.T.);
#2915=ORIENTED_EDGE('',*,*,#1698,.F.);
#2916=ORIENTED_EDGE('',*,*,#1695,.F.);
#2917=ORIENTED_EDGE('',*,*,#1749,.T.);
#2918=ORIENTED_EDGE('',*,*,#1689,.F.);
#2919=ORIENTED_EDGE('',*,*,#2106,.T.);
#2920=ORIENTED_EDGE('',*,*,#2107,.T.);
#2921=ORIENTED_EDGE('',*,*,#2108,.F.);
#2922=ORIENTED_EDGE('',*,*,#2109,.F.);
#2923=ORIENTED_EDGE('',*,*,#2107,.F.);
#2924=ORIENTED_EDGE('',*,*,#1674,.F.);
#2925=ORIENTED_EDGE('',*,*,#2110,.F.);
#2926=ORIENTED_EDGE('',*,*,#2111,.T.);
#2927=ORIENTED_EDGE('',*,*,#2101,.F.);
#2928=ORIENTED_EDGE('',*,*,#2112,.F.);
#2929=ORIENTED_EDGE('',*,*,#2111,.F.);
#2930=ORIENTED_EDGE('',*,*,#1865,.F.);
#2931=ORIENTED_EDGE('',*,*,#2113,.F.);
#2932=ORIENTED_EDGE('',*,*,#2114,.T.);
#2933=ORIENTED_EDGE('',*,*,#2115,.F.);
#2934=ORIENTED_EDGE('',*,*,#2116,.F.);
#2935=ORIENTED_EDGE('',*,*,#2117,.F.);
#2936=ORIENTED_EDGE('',*,*,#2114,.F.);
#2937=ORIENTED_EDGE('',*,*,#1751,.F.);
#2938=ORIENTED_EDGE('',*,*,#1830,.T.);
#2939=ORIENTED_EDGE('',*,*,#2102,.F.);
#2940=ORIENTED_EDGE('',*,*,#2112,.T.);
#2941=ORIENTED_EDGE('',*,*,#2110,.T.);
#2942=ORIENTED_EDGE('',*,*,#1673,.F.);
#2943=ORIENTED_EDGE('',*,*,#2115,.T.);
#2944=ORIENTED_EDGE('',*,*,#2117,.T.);
#2945=ORIENTED_EDGE('',*,*,#2118,.T.);
#2946=ORIENTED_EDGE('',*,*,#1781,.T.);
#2947=ORIENTED_EDGE('',*,*,#2119,.F.);
#2948=ORIENTED_EDGE('',*,*,#1866,.F.);
#2949=ORIENTED_EDGE('',*,*,#2116,.T.);
#2950=ORIENTED_EDGE('',*,*,#2113,.T.);
#2951=ORIENTED_EDGE('',*,*,#1864,.F.);
#2952=ORIENTED_EDGE('',*,*,#2120,.T.);
#2953=ORIENTED_EDGE('',*,*,#1782,.T.);
#2954=ORIENTED_EDGE('',*,*,#2118,.F.);
#2955=ORIENTED_EDGE('',*,*,#1897,.F.);
#2956=ORIENTED_EDGE('',*,*,#2081,.F.);
#2957=ORIENTED_EDGE('',*,*,#1902,.F.);
#2958=ORIENTED_EDGE('',*,*,#1799,.F.);
#2959=ORIENTED_EDGE('',*,*,#1940,.F.);
#2960=ORIENTED_EDGE('',*,*,#2082,.F.);
#2961=ORIENTED_EDGE('',*,*,#1893,.F.);
#2962=ORIENTED_EDGE('',*,*,#1794,.F.);
#2963=ORIENTED_EDGE('',*,*,#1944,.F.);
#2964=ORIENTED_EDGE('',*,*,#2083,.F.);
#2965=ORIENTED_EDGE('',*,*,#1941,.F.);
#2966=ORIENTED_EDGE('',*,*,#1791,.F.);
#2967=ORIENTED_EDGE('',*,*,#1949,.F.);
#2968=ORIENTED_EDGE('',*,*,#1809,.F.);
#2969=ORIENTED_EDGE('',*,*,#2121,.T.);
#2970=ORIENTED_EDGE('',*,*,#2084,.F.);
#2971=ORIENTED_EDGE('',*,*,#1911,.F.);
#2972=ORIENTED_EDGE('',*,*,#2085,.F.);
#2973=ORIENTED_EDGE('',*,*,#2121,.F.);
#2974=ORIENTED_EDGE('',*,*,#1808,.F.);
#2975=ORIENTED_EDGE('',*,*,#1906,.F.);
#2976=ORIENTED_EDGE('',*,*,#2086,.F.);
#2977=ORIENTED_EDGE('',*,*,#1912,.F.);
#2978=ORIENTED_EDGE('',*,*,#1805,.F.);
#2979=ORIENTED_EDGE('',*,*,#1901,.F.);
#2980=ORIENTED_EDGE('',*,*,#2087,.F.);
#2981=ORIENTED_EDGE('',*,*,#1907,.F.);
#2982=ORIENTED_EDGE('',*,*,#1802,.F.);
#2983=ORIENTED_EDGE('',*,*,#1955,.F.);
#2984=ORIENTED_EDGE('',*,*,#2074,.F.);
#2985=ORIENTED_EDGE('',*,*,#1953,.F.);
#2986=ORIENTED_EDGE('',*,*,#1753,.F.);
#2987=ORIENTED_EDGE('',*,*,#1962,.F.);
#2988=ORIENTED_EDGE('',*,*,#2075,.F.);
#2989=ORIENTED_EDGE('',*,*,#1958,.F.);
#2990=ORIENTED_EDGE('',*,*,#1772,.F.);
#2991=ORIENTED_EDGE('',*,*,#1936,.F.);
#2992=ORIENTED_EDGE('',*,*,#2076,.F.);
#2993=ORIENTED_EDGE('',*,*,#1963,.F.);
#2994=ORIENTED_EDGE('',*,*,#1769,.F.);
#2995=ORIENTED_EDGE('',*,*,#1926,.F.);
#2996=ORIENTED_EDGE('',*,*,#2077,.F.);
#2997=ORIENTED_EDGE('',*,*,#1932,.F.);
#2998=ORIENTED_EDGE('',*,*,#1764,.F.);
#2999=ORIENTED_EDGE('',*,*,#1921,.F.);
#3000=ORIENTED_EDGE('',*,*,#2078,.F.);
#3001=ORIENTED_EDGE('',*,*,#1927,.F.);
#3002=ORIENTED_EDGE('',*,*,#1761,.F.);
#3003=ORIENTED_EDGE('',*,*,#1916,.F.);
#3004=ORIENTED_EDGE('',*,*,#2079,.F.);
#3005=ORIENTED_EDGE('',*,*,#1922,.F.);
#3006=ORIENTED_EDGE('',*,*,#1758,.F.);
#3007=ORIENTED_EDGE('',*,*,#1952,.F.);
#3008=ORIENTED_EDGE('',*,*,#2080,.F.);
#3009=ORIENTED_EDGE('',*,*,#1917,.F.);
#3010=ORIENTED_EDGE('',*,*,#1755,.F.);
#3011=ORIENTED_EDGE('',*,*,#1867,.F.);
#3012=ORIENTED_EDGE('',*,*,#2119,.T.);
#3013=ORIENTED_EDGE('',*,*,#1780,.T.);
#3014=ORIENTED_EDGE('',*,*,#2122,.F.);
#3015=ORIENTED_EDGE('',*,*,#1846,.F.);
#3016=ORIENTED_EDGE('',*,*,#1868,.F.);
#3017=ORIENTED_EDGE('',*,*,#2122,.T.);
#3018=ORIENTED_EDGE('',*,*,#1779,.T.);
#3019=ORIENTED_EDGE('',*,*,#1843,.F.);
#3020=ORIENTED_EDGE('',*,*,#1869,.F.);
#3021=ORIENTED_EDGE('',*,*,#1847,.T.);
#3022=ORIENTED_EDGE('',*,*,#1776,.T.);
#3023=ORIENTED_EDGE('',*,*,#1681,.F.);
#3024=ORIENTED_EDGE('',*,*,#2100,.T.);
#3025=ORIENTED_EDGE('',*,*,#1823,.T.);
#3026=ORIENTED_EDGE('',*,*,#2123,.F.);
#3027=ORIENTED_EDGE('',*,*,#1682,.F.);
#3028=ORIENTED_EDGE('',*,*,#2123,.T.);
#3029=ORIENTED_EDGE('',*,*,#1822,.T.);
#3030=ORIENTED_EDGE('',*,*,#1884,.F.);
#3031=ORIENTED_EDGE('',*,*,#1881,.T.);
#3032=ORIENTED_EDGE('',*,*,#1816,.T.);
#3033=ORIENTED_EDGE('',*,*,#2124,.F.);
#3034=ORIENTED_EDGE('',*,*,#2106,.F.);
#3035=ORIENTED_EDGE('',*,*,#1688,.F.);
#3036=ORIENTED_EDGE('',*,*,#1863,.F.);
#3037=ORIENTED_EDGE('',*,*,#1852,.T.);
#3038=ORIENTED_EDGE('',*,*,#1783,.T.);
#3039=ORIENTED_EDGE('',*,*,#2120,.F.);
#3040=ORIENTED_EDGE('',*,*,#1851,.F.);
#3041=ORIENTED_EDGE('',*,*,#1862,.F.);
#3042=ORIENTED_EDGE('',*,*,#2125,.T.);
#3043=ORIENTED_EDGE('',*,*,#1786,.T.);
#3044=ORIENTED_EDGE('',*,*,#1877,.F.);
#3045=ORIENTED_EDGE('',*,*,#1787,.T.);
#3046=ORIENTED_EDGE('',*,*,#2125,.F.);
#3047=ORIENTED_EDGE('',*,*,#1861,.F.);
#3048=ORIENTED_EDGE('',*,*,#1878,.F.);
#3049=ORIENTED_EDGE('',*,*,#1690,.F.);
#3050=ORIENTED_EDGE('',*,*,#2108,.T.);
#3051=ORIENTED_EDGE('',*,*,#2109,.T.);
#3052=ORIENTED_EDGE('',*,*,#2124,.T.);
#3053=ORIENTED_EDGE('',*,*,#1815,.T.);
#3054=ORIENTED_EDGE('',*,*,#1731,.F.);
#3055=ORIENTED_EDGE('',*,*,#1669,.F.);
#3056=ORIENTED_EDGE('',*,*,#2105,.F.);
#3057=ORIENTED_EDGE('',*,*,#2069,.T.);
#3058=ORIENTED_EDGE('',*,*,#1997,.F.);
#3059=ORIENTED_EDGE('',*,*,#2072,.T.);
#3060=ORIENTED_EDGE('',*,*,#2022,.F.);
#3061=ORIENTED_EDGE('',*,*,#2126,.F.);
#3062=ORIENTED_EDGE('',*,*,#2018,.F.);
#3063=ORIENTED_EDGE('',*,*,#2016,.F.);
#3064=ORIENTED_EDGE('',*,*,#2126,.T.);
#3065=ORIENTED_EDGE('',*,*,#2039,.F.);
#3066=ORIENTED_EDGE('',*,*,#2037,.F.);
#3067=CYLINDRICAL_SURFACE('',#3296,1.);
#3068=CYLINDRICAL_SURFACE('',#3300,1.);
#3069=CYLINDRICAL_SURFACE('',#3314,1.);
#3070=CYLINDRICAL_SURFACE('',#3318,1.);
#3071=CYLINDRICAL_SURFACE('',#3321,2.);
#3072=CYLINDRICAL_SURFACE('',#3325,2.);
#3073=CYLINDRICAL_SURFACE('',#3329,2.);
#3074=CYLINDRICAL_SURFACE('',#3333,2.);
#3075=CYLINDRICAL_SURFACE('',#3337,2.);
#3076=CYLINDRICAL_SURFACE('',#3340,2.);
#3077=CYLINDRICAL_SURFACE('',#3343,2.);
#3078=CYLINDRICAL_SURFACE('',#3379,2.);
#3079=CYLINDRICAL_SURFACE('',#3383,2.);
#3080=CYLINDRICAL_SURFACE('',#3385,2.);
#3081=CYLINDRICAL_SURFACE('',#3388,2.);
#3082=CYLINDRICAL_SURFACE('',#3391,2.);
#3083=CYLINDRICAL_SURFACE('',#3398,2.);
#3084=CYLINDRICAL_SURFACE('',#3399,2.);
#3085=CYLINDRICAL_SURFACE('',#3400,2.);
#3086=CYLINDRICAL_SURFACE('',#3402,2.);
#3087=CYLINDRICAL_SURFACE('',#3404,2.);
#3088=CYLINDRICAL_SURFACE('',#3406,2.);
#3089=CYLINDRICAL_SURFACE('',#3408,2.);
#3090=CYLINDRICAL_SURFACE('',#3411,2.);
#3091=CYLINDRICAL_SURFACE('',#3414,2.);
#3092=CYLINDRICAL_SURFACE('',#3417,2.);
#3093=CYLINDRICAL_SURFACE('',#3420,2.);
#3094=CYLINDRICAL_SURFACE('',#3423,2.);
#3095=CYLINDRICAL_SURFACE('',#3426,2.);
#3096=CYLINDRICAL_SURFACE('',#3429,2.);
#3097=CYLINDRICAL_SURFACE('',#3432,2.);
#3098=CYLINDRICAL_SURFACE('',#3435,2.);
#3099=CYLINDRICAL_SURFACE('',#3438,2.);
#3100=CYLINDRICAL_SURFACE('',#3441,2.);
#3101=CYLINDRICAL_SURFACE('',#3443,2.);
#3102=CYLINDRICAL_SURFACE('',#3446,2.);
#3103=CYLINDRICAL_SURFACE('',#3448,2.);
#3104=CYLINDRICAL_SURFACE('',#3450,2.);
#3105=CYLINDRICAL_SURFACE('',#3452,2.);
#3106=CYLINDRICAL_SURFACE('',#3455,2.);
#3107=CYLINDRICAL_SURFACE('',#3508,1.2645);
#3108=CYLINDRICAL_SURFACE('',#3511,1.2645);
#3109=CYLINDRICAL_SURFACE('',#3514,1.2645);
#3110=CYLINDRICAL_SURFACE('',#3517,1.2645);
#3111=CYLINDRICAL_SURFACE('',#3520,1.2645);
#3112=CYLINDRICAL_SURFACE('',#3523,1.2645);
#3113=CYLINDRICAL_SURFACE('',#3533,4.62812509967206);
#3114=CYLINDRICAL_SURFACE('',#3536,4.62813999018962);
#3115=CYLINDRICAL_SURFACE('',#3539,4.62812496764419);
#3116=ADVANCED_FACE('',(#159),#3067,.F.);
#3117=ADVANCED_FACE('',(#160),#30,.F.);
#3118=ADVANCED_FACE('',(#161),#3068,.F.);
#3119=ADVANCED_FACE('',(#162),#31,.F.);
#3120=ADVANCED_FACE('',(#163),#3069,.F.);
#3121=ADVANCED_FACE('',(#164),#32,.F.);
#3122=ADVANCED_FACE('',(#165),#3070,.F.);
#3123=ADVANCED_FACE('',(#166),#3071,.F.);
#3124=ADVANCED_FACE('',(#167),#33,.F.);
#3125=ADVANCED_FACE('',(#168),#3072,.F.);
#3126=ADVANCED_FACE('',(#169),#34,.F.);
#3127=ADVANCED_FACE('',(#170),#3073,.F.);
#3128=ADVANCED_FACE('',(#171),#35,.F.);
#3129=ADVANCED_FACE('',(#172),#3074,.F.);
#3130=ADVANCED_FACE('',(#173),#36,.F.);
#3131=ADVANCED_FACE('',(#174),#3075,.F.);
#3132=ADVANCED_FACE('',(#175),#37,.F.);
#3133=ADVANCED_FACE('',(#176),#3076,.F.);
#3134=ADVANCED_FACE('',(#177),#38,.F.);
#3135=ADVANCED_FACE('',(#178),#3077,.F.);
#3136=ADVANCED_FACE('',(#179,#15,#16,#17,#18,#19,#20),#39,.F.);
#3137=ADVANCED_FACE('',(#180),#3078,.F.);
#3138=ADVANCED_FACE('',(#181),#40,.F.);
#3139=ADVANCED_FACE('',(#182),#3079,.F.);
#3140=ADVANCED_FACE('',(#183),#3080,.F.);
#3141=ADVANCED_FACE('',(#184),#41,.F.);
#3142=ADVANCED_FACE('',(#185),#3081,.F.);
#3143=ADVANCED_FACE('',(#186),#42,.F.);
#3144=ADVANCED_FACE('',(#187),#3082,.F.);
#3145=ADVANCED_FACE('',(#188),#43,.F.);
#3146=ADVANCED_FACE('',(#189),#44,.F.);
#3147=ADVANCED_FACE('',(#190),#3083,.F.);
#3148=ADVANCED_FACE('',(#191),#3084,.F.);
#3149=ADVANCED_FACE('',(#192),#3085,.F.);
#3150=ADVANCED_FACE('',(#193),#45,.F.);
#3151=ADVANCED_FACE('',(#194),#3086,.F.);
#3152=ADVANCED_FACE('',(#195),#46,.F.);
#3153=ADVANCED_FACE('',(#196),#3087,.F.);
#3154=ADVANCED_FACE('',(#197),#47,.F.);
#3155=ADVANCED_FACE('',(#198),#3088,.F.);
#3156=ADVANCED_FACE('',(#199),#48,.F.);
#3157=ADVANCED_FACE('',(#200),#3089,.F.);
#3158=ADVANCED_FACE('',(#201),#49,.F.);
#3159=ADVANCED_FACE('',(#202),#3090,.F.);
#3160=ADVANCED_FACE('',(#203),#50,.F.);
#3161=ADVANCED_FACE('',(#204),#3091,.F.);
#3162=ADVANCED_FACE('',(#205),#51,.F.);
#3163=ADVANCED_FACE('',(#206),#3092,.F.);
#3164=ADVANCED_FACE('',(#207),#52,.F.);
#3165=ADVANCED_FACE('',(#208),#3093,.F.);
#3166=ADVANCED_FACE('',(#209),#53,.F.);
#3167=ADVANCED_FACE('',(#210),#3094,.F.);
#3168=ADVANCED_FACE('',(#211),#54,.F.);
#3169=ADVANCED_FACE('',(#212),#3095,.F.);
#3170=ADVANCED_FACE('',(#213),#55,.F.);
#3171=ADVANCED_FACE('',(#214),#3096,.F.);
#3172=ADVANCED_FACE('',(#215),#56,.F.);
#3173=ADVANCED_FACE('',(#216),#3097,.F.);
#3174=ADVANCED_FACE('',(#217),#57,.F.);
#3175=ADVANCED_FACE('',(#218),#3098,.F.);
#3176=ADVANCED_FACE('',(#219),#58,.F.);
#3177=ADVANCED_FACE('',(#220),#3099,.F.);
#3178=ADVANCED_FACE('',(#221),#59,.F.);
#3179=ADVANCED_FACE('',(#222),#3100,.F.);
#3180=ADVANCED_FACE('',(#223),#3101,.F.);
#3181=ADVANCED_FACE('',(#224),#60,.F.);
#3182=ADVANCED_FACE('',(#225),#3102,.F.);
#3183=ADVANCED_FACE('',(#226),#3103,.F.);
#3184=ADVANCED_FACE('',(#227),#3104,.F.);
#3185=ADVANCED_FACE('',(#228),#3105,.F.);
#3186=ADVANCED_FACE('',(#229),#61,.F.);
#3187=ADVANCED_FACE('',(#230),#3106,.F.);
#3188=ADVANCED_FACE('',(#231),#62,.F.);
#3189=ADVANCED_FACE('',(#232),#63,.T.);
#3190=ADVANCED_FACE('',(#233),#64,.T.);
#3191=ADVANCED_FACE('',(#234),#65,.T.);
#3192=ADVANCED_FACE('',(#235),#66,.T.);
#3193=ADVANCED_FACE('',(#236),#67,.T.);
#3194=ADVANCED_FACE('',(#237),#68,.T.);
#3195=ADVANCED_FACE('',(#238),#69,.T.);
#3196=ADVANCED_FACE('',(#239),#70,.T.);
#3197=ADVANCED_FACE('',(#240),#71,.T.);
#3198=ADVANCED_FACE('',(#241),#72,.T.);
#3199=ADVANCED_FACE('',(#242),#73,.T.);
#3200=ADVANCED_FACE('',(#243),#74,.T.);
#3201=ADVANCED_FACE('',(#244),#75,.T.);
#3202=ADVANCED_FACE('',(#245),#76,.T.);
#3203=ADVANCED_FACE('',(#246),#77,.T.);
#3204=ADVANCED_FACE('',(#247),#78,.T.);
#3205=ADVANCED_FACE('',(#248),#79,.T.);
#3206=ADVANCED_FACE('',(#249),#80,.T.);
#3207=ADVANCED_FACE('',(#250),#81,.T.);
#3208=ADVANCED_FACE('',(#251),#82,.T.);
#3209=ADVANCED_FACE('',(#252),#83,.T.);
#3210=ADVANCED_FACE('',(#253),#84,.T.);
#3211=ADVANCED_FACE('',(#254),#85,.T.);
#3212=ADVANCED_FACE('',(#255),#86,.T.);
#3213=ADVANCED_FACE('',(#256),#87,.T.);
#3214=ADVANCED_FACE('',(#257),#88,.T.);
#3215=ADVANCED_FACE('',(#258),#89,.T.);
#3216=ADVANCED_FACE('',(#259),#90,.T.);
#3217=ADVANCED_FACE('',(#260),#91,.T.);
#3218=ADVANCED_FACE('',(#261),#92,.T.);
#3219=ADVANCED_FACE('',(#262),#93,.T.);
#3220=ADVANCED_FACE('',(#263),#94,.T.);
#3221=ADVANCED_FACE('',(#264),#95,.T.);
#3222=ADVANCED_FACE('',(#265),#96,.T.);
#3223=ADVANCED_FACE('',(#266),#97,.T.);
#3224=ADVANCED_FACE('',(#267),#98,.T.);
#3225=ADVANCED_FACE('',(#268),#99,.T.);
#3226=ADVANCED_FACE('',(#269),#100,.T.);
#3227=ADVANCED_FACE('',(#270),#101,.T.);
#3228=ADVANCED_FACE('',(#271),#102,.T.);
#3229=ADVANCED_FACE('',(#272),#103,.T.);
#3230=ADVANCED_FACE('',(#273),#104,.F.);
#3231=ADVANCED_FACE('',(#274),#105,.T.);
#3232=ADVANCED_FACE('',(#275),#106,.T.);
#3233=ADVANCED_FACE('',(#276),#107,.T.);
#3234=ADVANCED_FACE('',(#277,#21),#108,.T.);
#3235=ADVANCED_FACE('',(#278),#109,.T.);
#3236=ADVANCED_FACE('',(#279,#22,#23),#110,.T.);
#3237=ADVANCED_FACE('',(#280),#111,.T.);
#3238=ADVANCED_FACE('',(#281),#112,.T.);
#3239=ADVANCED_FACE('',(#282),#3107,.F.);
#3240=ADVANCED_FACE('',(#283),#113,.F.);
#3241=ADVANCED_FACE('',(#284),#3108,.F.);
#3242=ADVANCED_FACE('',(#285),#114,.F.);
#3243=ADVANCED_FACE('',(#286),#3109,.F.);
#3244=ADVANCED_FACE('',(#287),#115,.F.);
#3245=ADVANCED_FACE('',(#288),#3110,.F.);
#3246=ADVANCED_FACE('',(#289),#116,.F.);
#3247=ADVANCED_FACE('',(#290),#3111,.F.);
#3248=ADVANCED_FACE('',(#291),#117,.F.);
#3249=ADVANCED_FACE('',(#292),#3112,.F.);
#3250=ADVANCED_FACE('',(#293),#118,.F.);
#3251=ADVANCED_FACE('',(#294),#119,.F.);
#3252=ADVANCED_FACE('',(#295),#120,.F.);
#3253=ADVANCED_FACE('',(#296),#121,.F.);
#3254=ADVANCED_FACE('',(#297),#122,.F.);
#3255=ADVANCED_FACE('',(#298),#123,.F.);
#3256=ADVANCED_FACE('',(#299),#124,.F.);
#3257=ADVANCED_FACE('',(#300),#125,.F.);
#3258=ADVANCED_FACE('',(#301),#3113,.F.);
#3259=ADVANCED_FACE('',(#302),#126,.T.);
#3260=ADVANCED_FACE('',(#303),#3114,.F.);
#3261=ADVANCED_FACE('',(#304),#127,.T.);
#3262=ADVANCED_FACE('',(#305),#3115,.F.);
#3263=ADVANCED_FACE('',(#306),#128,.T.);
#3264=ADVANCED_FACE('',(#307),#129,.F.);
#3265=ADVANCED_FACE('',(#308),#130,.F.);
#3266=ADVANCED_FACE('',(#309),#131,.F.);
#3267=ADVANCED_FACE('',(#310),#132,.F.);
#3268=ADVANCED_FACE('',(#311),#133,.F.);
#3269=ADVANCED_FACE('',(#312),#134,.F.);
#3270=ADVANCED_FACE('',(#313),#135,.F.);
#3271=ADVANCED_FACE('',(#314),#136,.F.);
#3272=ADVANCED_FACE('',(#315),#137,.F.);
#3273=ADVANCED_FACE('',(#316),#138,.F.);
#3274=ADVANCED_FACE('',(#317),#139,.F.);
#3275=ADVANCED_FACE('',(#318),#140,.F.);
#3276=ADVANCED_FACE('',(#319),#141,.F.);
#3277=ADVANCED_FACE('',(#320),#142,.F.);
#3278=ADVANCED_FACE('',(#321),#143,.F.);
#3279=ADVANCED_FACE('',(#322),#144,.F.);
#3280=ADVANCED_FACE('',(#323),#145,.F.);
#3281=ADVANCED_FACE('',(#324),#146,.F.);
#3282=ADVANCED_FACE('',(#325),#147,.F.);
#3283=ADVANCED_FACE('',(#326),#148,.F.);
#3284=ADVANCED_FACE('',(#327),#149,.F.);
#3285=ADVANCED_FACE('',(#328),#150,.F.);
#3286=ADVANCED_FACE('',(#329),#151,.F.);
#3287=ADVANCED_FACE('',(#330),#152,.F.);
#3288=ADVANCED_FACE('',(#331),#153,.F.);
#3289=ADVANCED_FACE('',(#332),#154,.F.);
#3290=ADVANCED_FACE('',(#333),#155,.F.);
#3291=ADVANCED_FACE('',(#334),#156,.F.);
#3292=ADVANCED_FACE('',(#335),#157,.T.);
#3293=ADVANCED_FACE('',(#336),#158,.T.);
#3294=CLOSED_SHELL('',(#3116,#3117,#3118,#3119,#3120,#3121,#3122,#3123,
#3124,#3125,#3126,#3127,#3128,#3129,#3130,#3131,#3132,#3133,#3134,#3135,
#3136,#3137,#3138,#3139,#3140,#3141,#3142,#3143,#3144,#3145,#3146,#3147,
#3148,#3149,#3150,#3151,#3152,#3153,#3154,#3155,#3156,#3157,#3158,#3159,
#3160,#3161,#3162,#3163,#3164,#3165,#3166,#3167,#3168,#3169,#3170,#3171,
#3172,#3173,#3174,#3175,#3176,#3177,#3178,#3179,#3180,#3181,#3182,#3183,
#3184,#3185,#3186,#3187,#3188,#3189,#3190,#3191,#3192,#3193,#3194,#3195,
#3196,#3197,#3198,#3199,#3200,#3201,#3202,#3203,#3204,#3205,#3206,#3207,
#3208,#3209,#3210,#3211,#3212,#3213,#3214,#3215,#3216,#3217,#3218,#3219,
#3220,#3221,#3222,#3223,#3224,#3225,#3226,#3227,#3228,#3229,#3230,#3231,
#3232,#3233,#3234,#3235,#3236,#3237,#3238,#3239,#3240,#3241,#3242,#3243,
#3244,#3245,#3246,#3247,#3248,#3249,#3250,#3251,#3252,#3253,#3254,#3255,
#3256,#3257,#3258,#3259,#3260,#3261,#3262,#3263,#3264,#3265,#3266,#3267,
#3268,#3269,#3270,#3271,#3272,#3273,#3274,#3275,#3276,#3277,#3278,#3279,
#3280,#3281,#3282,#3283,#3284,#3285,#3286,#3287,#3288,#3289,#3290,#3291,
#3292,#3293));
#3295=AXIS2_PLACEMENT_3D('',#4498,#3572,#3573);
#3296=AXIS2_PLACEMENT_3D('',#4499,#3574,#3575);
#3297=AXIS2_PLACEMENT_3D('',#4502,#3576,#3577);
#3298=AXIS2_PLACEMENT_3D('',#4506,#3579,#3580);
#3299=AXIS2_PLACEMENT_3D('',#4508,#3582,#3583);
#3300=AXIS2_PLACEMENT_3D('',#4514,#3587,#3588);
#3301=AXIS2_PLACEMENT_3D('',#4517,#3589,#3590);
#3302=AXIS2_PLACEMENT_3D('',#4521,#3592,#3593);
#3303=AXIS2_PLACEMENT_3D('',#4523,#3595,#3596);
#3304=AXIS2_PLACEMENT_3D('',#4529,#3599,#3600);
#3305=AXIS2_PLACEMENT_3D('',#4533,#3602,#3603);
#3306=AXIS2_PLACEMENT_3D('',#4537,#3605,#3606);
#3307=AXIS2_PLACEMENT_3D('',#4543,#3609,#3610);
#3308=AXIS2_PLACEMENT_3D('',#4547,#3612,#3613);
#3309=AXIS2_PLACEMENT_3D('',#4557,#3618,#3619);
#3310=AXIS2_PLACEMENT_3D('',#4561,#3621,#3622);
#3311=AXIS2_PLACEMENT_3D('',#4567,#3625,#3626);
#3312=AXIS2_PLACEMENT_3D('',#4571,#3628,#3629);
#3313=AXIS2_PLACEMENT_3D('',#4575,#3631,#3632);
#3314=AXIS2_PLACEMENT_3D('',#4583,#3637,#3638);
#3315=AXIS2_PLACEMENT_3D('',#4585,#3639,#3640);
#3316=AXIS2_PLACEMENT_3D('',#4588,#3642,#3643);
#3317=AXIS2_PLACEMENT_3D('',#4589,#3644,#3645);
#3318=AXIS2_PLACEMENT_3D('',#4595,#3649,#3650);
#3319=AXIS2_PLACEMENT_3D('',#4596,#3651,#3652);
#3320=AXIS2_PLACEMENT_3D('',#4597,#3653,#3654);
#3321=AXIS2_PLACEMENT_3D('',#4598,#3655,#3656);
#3322=AXIS2_PLACEMENT_3D('',#4601,#3657,#3658);
#3323=AXIS2_PLACEMENT_3D('',#4605,#3660,#3661);
#3324=AXIS2_PLACEMENT_3D('',#4607,#3663,#3664);
#3325=AXIS2_PLACEMENT_3D('',#4613,#3668,#3669);
#3326=AXIS2_PLACEMENT_3D('',#4615,#3670,#3671);
#3327=AXIS2_PLACEMENT_3D('',#4618,#3673,#3674);
#3328=AXIS2_PLACEMENT_3D('',#4619,#3675,#3676);
#3329=AXIS2_PLACEMENT_3D('',#4625,#3680,#3681);
#3330=AXIS2_PLACEMENT_3D('',#4628,#3682,#3683);
#3331=AXIS2_PLACEMENT_3D('',#4632,#3685,#3686);
#3332=AXIS2_PLACEMENT_3D('',#4634,#3688,#3689);
#3333=AXIS2_PLACEMENT_3D('',#4637,#3692,#3693);
#3334=AXIS2_PLACEMENT_3D('',#4640,#3694,#3695);
#3335=AXIS2_PLACEMENT_3D('',#4644,#3697,#3698);
#3336=AXIS2_PLACEMENT_3D('',#4646,#3700,#3701);
#3337=AXIS2_PLACEMENT_3D('',#4649,#3704,#3705);
#3338=AXIS2_PLACEMENT_3D('',#4653,#3707,#3708);
#3339=AXIS2_PLACEMENT_3D('',#4655,#3710,#3711);
#3340=AXIS2_PLACEMENT_3D('',#4677,#3723,#3724);
#3341=AXIS2_PLACEMENT_3D('',#4681,#3726,#3727);
#3342=AXIS2_PLACEMENT_3D('',#4683,#3729,#3730);
#3343=AXIS2_PLACEMENT_3D('',#4687,#3733,#3734);
#3344=AXIS2_PLACEMENT_3D('',#4689,#3735,#3736);
#3345=AXIS2_PLACEMENT_3D('',#4691,#3738,#3739);
#3346=AXIS2_PLACEMENT_3D('',#4693,#3740,#3741);
#3347=AXIS2_PLACEMENT_3D('',#4697,#3743,#3744);
#3348=AXIS2_PLACEMENT_3D('',#4703,#3747,#3748);
#3349=AXIS2_PLACEMENT_3D('',#4709,#3751,#3752);
#3350=AXIS2_PLACEMENT_3D('',#4715,#3755,#3756);
#3351=AXIS2_PLACEMENT_3D('',#4721,#3759,#3760);
#3352=AXIS2_PLACEMENT_3D('',#4725,#3762,#3763);
#3353=AXIS2_PLACEMENT_3D('',#4731,#3766,#3767);
#3354=AXIS2_PLACEMENT_3D('',#4736,#3770,#3771);
#3355=AXIS2_PLACEMENT_3D('',#4738,#3772,#3773);
#3356=AXIS2_PLACEMENT_3D('',#4744,#3776,#3777);
#3357=AXIS2_PLACEMENT_3D('',#4758,#3784,#3785);
#3358=AXIS2_PLACEMENT_3D('',#4764,#3788,#3789);
#3359=AXIS2_PLACEMENT_3D('',#4768,#3791,#3792);
#3360=AXIS2_PLACEMENT_3D('',#4774,#3795,#3796);
#3361=AXIS2_PLACEMENT_3D('',#4780,#3799,#3800);
#3362=AXIS2_PLACEMENT_3D('',#4784,#3802,#3803);
#3363=AXIS2_PLACEMENT_3D('',#4790,#3806,#3807);
#3364=AXIS2_PLACEMENT_3D('',#4796,#3810,#3811);
#3365=AXIS2_PLACEMENT_3D('',#4802,#3814,#3815);
#3366=AXIS2_PLACEMENT_3D('',#4808,#3818,#3819);
#3367=AXIS2_PLACEMENT_3D('',#4812,#3821,#3822);
#3368=AXIS2_PLACEMENT_3D('',#4816,#3824,#3825);
#3369=AXIS2_PLACEMENT_3D('',#4824,#3829,#3830);
#3370=AXIS2_PLACEMENT_3D('',#4828,#3832,#3833);
#3371=AXIS2_PLACEMENT_3D('',#4838,#3838,#3839);
#3372=AXIS2_PLACEMENT_3D('',#4842,#3841,#3842);
#3373=AXIS2_PLACEMENT_3D('',#4849,#3846,#3847);
#3374=AXIS2_PLACEMENT_3D('',#4851,#3848,#3849);
#3375=AXIS2_PLACEMENT_3D('',#4853,#3850,#3851);
#3376=AXIS2_PLACEMENT_3D('',#4855,#3852,#3853);
#3377=AXIS2_PLACEMENT_3D('',#4857,#3854,#3855);
#3378=AXIS2_PLACEMENT_3D('',#4859,#3856,#3857);
#3379=AXIS2_PLACEMENT_3D('',#4860,#3858,#3859);
#3380=AXIS2_PLACEMENT_3D('',#4862,#3860,#3861);
#3381=AXIS2_PLACEMENT_3D('',#4864,#3862,#3863);
#3382=AXIS2_PLACEMENT_3D('',#4866,#3865,#3866);
#3383=AXIS2_PLACEMENT_3D('',#4869,#3869,#3870);
#3384=AXIS2_PLACEMENT_3D('',#4871,#3871,#3872);
#3385=AXIS2_PLACEMENT_3D('',#4873,#3874,#3875);
#3386=AXIS2_PLACEMENT_3D('',#4877,#3877,#3878);
#3387=AXIS2_PLACEMENT_3D('',#4879,#3880,#3881);
#3388=AXIS2_PLACEMENT_3D('',#4883,#3884,#3885);
#3389=AXIS2_PLACEMENT_3D('',#4887,#3887,#3888);
#3390=AXIS2_PLACEMENT_3D('',#4889,#3890,#3891);
#3391=AXIS2_PLACEMENT_3D('',#4893,#3894,#3895);
#3392=AXIS2_PLACEMENT_3D('',#4896,#3896,#3897);
#3393=AXIS2_PLACEMENT_3D('',#4900,#3899,#3900);
#3394=AXIS2_PLACEMENT_3D('',#4902,#3902,#3903);
#3395=AXIS2_PLACEMENT_3D('',#4907,#3906,#3907);
#3396=AXIS2_PLACEMENT_3D('',#4916,#3912,#3913);
#3397=AXIS2_PLACEMENT_3D('',#4923,#3918,#3919);
#3398=AXIS2_PLACEMENT_3D('',#4934,#3927,#3928);
#3399=AXIS2_PLACEMENT_3D('',#4936,#3930,#3931);
#3400=AXIS2_PLACEMENT_3D('',#4938,#3933,#3934);
#3401=AXIS2_PLACEMENT_3D('',#4941,#3937,#3938);
#3402=AXIS2_PLACEMENT_3D('',#4943,#3940,#3941);
#3403=AXIS2_PLACEMENT_3D('',#4946,#3944,#3945);
#3404=AXIS2_PLACEMENT_3D('',#4948,#3947,#3948);
#3405=AXIS2_PLACEMENT_3D('',#4951,#3951,#3952);
#3406=AXIS2_PLACEMENT_3D('',#4953,#3954,#3955);
#3407=AXIS2_PLACEMENT_3D('',#4955,#3957,#3958);
#3408=AXIS2_PLACEMENT_3D('',#4957,#3960,#3961);
#3409=AXIS2_PLACEMENT_3D('',#4961,#3963,#3964);
#3410=AXIS2_PLACEMENT_3D('',#4963,#3966,#3967);
#3411=AXIS2_PLACEMENT_3D('',#4967,#3970,#3971);
#3412=AXIS2_PLACEMENT_3D('',#4971,#3973,#3974);
#3413=AXIS2_PLACEMENT_3D('',#4973,#3976,#3977);
#3414=AXIS2_PLACEMENT_3D('',#4975,#3979,#3980);
#3415=AXIS2_PLACEMENT_3D('',#4979,#3982,#3983);
#3416=AXIS2_PLACEMENT_3D('',#4981,#3985,#3986);
#3417=AXIS2_PLACEMENT_3D('',#4985,#3989,#3990);
#3418=AXIS2_PLACEMENT_3D('',#4989,#3992,#3993);
#3419=AXIS2_PLACEMENT_3D('',#4991,#3995,#3996);
#3420=AXIS2_PLACEMENT_3D('',#4995,#3999,#4000);
#3421=AXIS2_PLACEMENT_3D('',#4999,#4002,#4003);
#3422=AXIS2_PLACEMENT_3D('',#5001,#4005,#4006);
#3423=AXIS2_PLACEMENT_3D('',#5005,#4009,#4010);
#3424=AXIS2_PLACEMENT_3D('',#5009,#4012,#4013);
#3425=AXIS2_PLACEMENT_3D('',#5011,#4015,#4016);
#3426=AXIS2_PLACEMENT_3D('',#5015,#4019,#4020);
#3427=AXIS2_PLACEMENT_3D('',#5019,#4022,#4023);
#3428=AXIS2_PLACEMENT_3D('',#5021,#4025,#4026);
#3429=AXIS2_PLACEMENT_3D('',#5025,#4029,#4030);
#3430=AXIS2_PLACEMENT_3D('',#5029,#4032,#4033);
#3431=AXIS2_PLACEMENT_3D('',#5031,#4035,#4036);
#3432=AXIS2_PLACEMENT_3D('',#5035,#4039,#4040);
#3433=AXIS2_PLACEMENT_3D('',#5039,#4042,#4043);
#3434=AXIS2_PLACEMENT_3D('',#5041,#4045,#4046);
#3435=AXIS2_PLACEMENT_3D('',#5045,#4049,#4050);
#3436=AXIS2_PLACEMENT_3D('',#5049,#4052,#4053);
#3437=AXIS2_PLACEMENT_3D('',#5051,#4055,#4056);
#3438=AXIS2_PLACEMENT_3D('',#5053,#4058,#4059);
#3439=AXIS2_PLACEMENT_3D('',#5057,#4061,#4062);
#3440=AXIS2_PLACEMENT_3D('',#5059,#4064,#4065);
#3441=AXIS2_PLACEMENT_3D('',#5063,#4068,#4069);
#3442=AXIS2_PLACEMENT_3D('',#5065,#4070,#4071);
#3443=AXIS2_PLACEMENT_3D('',#5067,#4073,#4074);
#3444=AXIS2_PLACEMENT_3D('',#5070,#4076,#4077);
#3445=AXIS2_PLACEMENT_3D('',#5071,#4078,#4079);
#3446=AXIS2_PLACEMENT_3D('',#5075,#4082,#4083);
#3447=AXIS2_PLACEMENT_3D('',#5078,#4085,#4086);
#3448=AXIS2_PLACEMENT_3D('',#5079,#4087,#4088);
#3449=AXIS2_PLACEMENT_3D('',#5082,#4089,#4090);
#3450=AXIS2_PLACEMENT_3D('',#5085,#4093,#4094);
#3451=AXIS2_PLACEMENT_3D('',#5087,#4095,#4096);
#3452=AXIS2_PLACEMENT_3D('',#5089,#4098,#4099);
#3453=AXIS2_PLACEMENT_3D('',#5092,#4101,#4102);
#3454=AXIS2_PLACEMENT_3D('',#5093,#4103,#4104);
#3455=AXIS2_PLACEMENT_3D('',#5097,#4107,#4108);
#3456=AXIS2_PLACEMENT_3D('',#5101,#4110,#4111);
#3457=AXIS2_PLACEMENT_3D('',#5103,#4113,#4114);
#3458=AXIS2_PLACEMENT_3D('',#5107,#4117,#4118);
#3459=AXIS2_PLACEMENT_3D('',#5114,#4122,#4123);
#3460=AXIS2_PLACEMENT_3D('',#5121,#4127,#4128);
#3461=AXIS2_PLACEMENT_3D('',#5124,#4131,#4132);
#3462=AXIS2_PLACEMENT_3D('',#5131,#4136,#4137);
#3463=AXIS2_PLACEMENT_3D('',#5138,#4141,#4142);
#3464=AXIS2_PLACEMENT_3D('',#5141,#4145,#4146);
#3465=AXIS2_PLACEMENT_3D('',#5148,#4150,#4151);
#3466=AXIS2_PLACEMENT_3D('',#5151,#4154,#4155);
#3467=AXIS2_PLACEMENT_3D('',#5154,#4158,#4159);
#3468=AXIS2_PLACEMENT_3D('',#5161,#4163,#4164);
#3469=AXIS2_PLACEMENT_3D('',#5168,#4168,#4169);
#3470=AXIS2_PLACEMENT_3D('',#5171,#4172,#4173);
#3471=AXIS2_PLACEMENT_3D('',#5180,#4178,#4179);
#3472=AXIS2_PLACEMENT_3D('',#5187,#4183,#4184);
#3473=AXIS2_PLACEMENT_3D('',#5190,#4187,#4188);
#3474=AXIS2_PLACEMENT_3D('',#5196,#4192,#4193);
#3475=AXIS2_PLACEMENT_3D('',#5203,#4197,#4198);
#3476=AXIS2_PLACEMENT_3D('',#5206,#4201,#4202);
#3477=AXIS2_PLACEMENT_3D('',#5213,#4206,#4207);
#3478=AXIS2_PLACEMENT_3D('',#5218,#4211,#4212);
#3479=AXIS2_PLACEMENT_3D('',#5227,#4217,#4218);
#3480=AXIS2_PLACEMENT_3D('',#5234,#4222,#4223);
#3481=AXIS2_PLACEMENT_3D('',#5237,#4226,#4227);
#3482=AXIS2_PLACEMENT_3D('',#5244,#4231,#4232);
#3483=AXIS2_PLACEMENT_3D('',#5247,#4235,#4236);
#3484=AXIS2_PLACEMENT_3D('',#5254,#4240,#4241);
#3485=AXIS2_PLACEMENT_3D('',#5257,#4244,#4245);
#3486=AXIS2_PLACEMENT_3D('',#5260,#4248,#4249);
#3487=AXIS2_PLACEMENT_3D('',#5267,#4253,#4254);
#3488=AXIS2_PLACEMENT_3D('',#5270,#4257,#4258);
#3489=AXIS2_PLACEMENT_3D('',#5273,#4261,#4262);
#3490=AXIS2_PLACEMENT_3D('',#5276,#4265,#4266);
#3491=AXIS2_PLACEMENT_3D('',#5279,#4269,#4270);
#3492=AXIS2_PLACEMENT_3D('',#5282,#4273,#4274);
#3493=AXIS2_PLACEMENT_3D('',#5285,#4277,#4278);
#3494=AXIS2_PLACEMENT_3D('',#5288,#4281,#4282);
#3495=AXIS2_PLACEMENT_3D('',#5291,#4285,#4286);
#3496=AXIS2_PLACEMENT_3D('',#5297,#4290,#4291);
#3497=AXIS2_PLACEMENT_3D('',#5300,#4294,#4295);
#3498=AXIS2_PLACEMENT_3D('',#5303,#4298,#4299);
#3499=AXIS2_PLACEMENT_3D('',#5306,#4302,#4303);
#3500=AXIS2_PLACEMENT_3D('',#5312,#4308,#4309);
#3501=AXIS2_PLACEMENT_3D('',#5314,#4311,#4312);
#3502=AXIS2_PLACEMENT_3D('',#5315,#4313,#4314);
#3503=AXIS2_PLACEMENT_3D('',#5316,#4315,#4316);
#3504=AXIS2_PLACEMENT_3D('',#5318,#4318,#4319);
#3505=AXIS2_PLACEMENT_3D('',#5319,#4320,#4321);
#3506=AXIS2_PLACEMENT_3D('',#5335,#4336,#4337);
#3507=AXIS2_PLACEMENT_3D('',#5336,#4338,#4339);
#3508=AXIS2_PLACEMENT_3D('',#5337,#4340,#4341);
#3509=AXIS2_PLACEMENT_3D('',#5340,#4343,#4344);
#3510=AXIS2_PLACEMENT_3D('',#5341,#4345,#4346);
#3511=AXIS2_PLACEMENT_3D('',#5342,#4347,#4348);
#3512=AXIS2_PLACEMENT_3D('',#5345,#4350,#4351);
#3513=AXIS2_PLACEMENT_3D('',#5346,#4352,#4353);
#3514=AXIS2_PLACEMENT_3D('',#5347,#4354,#4355);
#3515=AXIS2_PLACEMENT_3D('',#5350,#4357,#4358);
#3516=AXIS2_PLACEMENT_3D('',#5351,#4359,#4360);
#3517=AXIS2_PLACEMENT_3D('',#5352,#4361,#4362);
#3518=AXIS2_PLACEMENT_3D('',#5355,#4364,#4365);
#3519=AXIS2_PLACEMENT_3D('',#5356,#4366,#4367);
#3520=AXIS2_PLACEMENT_3D('',#5357,#4368,#4369);
#3521=AXIS2_PLACEMENT_3D('',#5360,#4371,#4372);
#3522=AXIS2_PLACEMENT_3D('',#5361,#4373,#4374);
#3523=AXIS2_PLACEMENT_3D('',#5362,#4375,#4376);
#3524=AXIS2_PLACEMENT_3D('',#5365,#4378,#4379);
#3525=AXIS2_PLACEMENT_3D('',#5366,#4380,#4381);
#3526=AXIS2_PLACEMENT_3D('',#5367,#4382,#4383);
#3527=AXIS2_PLACEMENT_3D('',#5368,#4384,#4385);
#3528=AXIS2_PLACEMENT_3D('',#5370,#4387,#4388);
#3529=AXIS2_PLACEMENT_3D('',#5374,#4391,#4392);
#3530=AXIS2_PLACEMENT_3D('',#5376,#4394,#4395);
#3531=AXIS2_PLACEMENT_3D('',#5377,#4396,#4397);
#3532=AXIS2_PLACEMENT_3D('',#5379,#4399,#4400);
#3533=AXIS2_PLACEMENT_3D('',#5381,#4402,#4403);
#3534=AXIS2_PLACEMENT_3D('',#5385,#4405,#4406);
#3535=AXIS2_PLACEMENT_3D('',#5387,#4408,#4409);
#3536=AXIS2_PLACEMENT_3D('',#5389,#4411,#4412);
#3537=AXIS2_PLACEMENT_3D('',#5392,#4414,#4415);
#3538=AXIS2_PLACEMENT_3D('',#5393,#4416,#4417);
#3539=AXIS2_PLACEMENT_3D('',#5395,#4419,#4420);
#3540=AXIS2_PLACEMENT_3D('',#5399,#4422,#4423);
#3541=AXIS2_PLACEMENT_3D('',#5401,#4425,#4426);
#3542=AXIS2_PLACEMENT_3D('',#5405,#4429,#4430);
#3543=AXIS2_PLACEMENT_3D('',#5406,#4431,#4432);
#3544=AXIS2_PLACEMENT_3D('',#5409,#4435,#4436);
#3545=AXIS2_PLACEMENT_3D('',#5411,#4438,#4439);
#3546=AXIS2_PLACEMENT_3D('',#5412,#4440,#4441);
#3547=AXIS2_PLACEMENT_3D('',#5413,#4442,#4443);
#3548=AXIS2_PLACEMENT_3D('',#5414,#4444,#4445);
#3549=AXIS2_PLACEMENT_3D('',#5416,#4447,#4448);
#3550=AXIS2_PLACEMENT_3D('',#5417,#4449,#4450);
#3551=AXIS2_PLACEMENT_3D('',#5418,#4451,#4452);
#3552=AXIS2_PLACEMENT_3D('',#5419,#4453,#4454);
#3553=AXIS2_PLACEMENT_3D('',#5420,#4455,#4456);
#3554=AXIS2_PLACEMENT_3D('',#5421,#4457,#4458);
#3555=AXIS2_PLACEMENT_3D('',#5422,#4459,#4460);
#3556=AXIS2_PLACEMENT_3D('',#5423,#4461,#4462);
#3557=AXIS2_PLACEMENT_3D('',#5424,#4463,#4464);
#3558=AXIS2_PLACEMENT_3D('',#5425,#4465,#4466);
#3559=AXIS2_PLACEMENT_3D('',#5426,#4467,#4468);
#3560=AXIS2_PLACEMENT_3D('',#5428,#4470,#4471);
#3561=AXIS2_PLACEMENT_3D('',#5429,#4472,#4473);
#3562=AXIS2_PLACEMENT_3D('',#5430,#4474,#4475);
#3563=AXIS2_PLACEMENT_3D('',#5432,#4477,#4478);
#3564=AXIS2_PLACEMENT_3D('',#5433,#4479,#4480);
#3565=AXIS2_PLACEMENT_3D('',#5435,#4482,#4483);
#3566=AXIS2_PLACEMENT_3D('',#5436,#4484,#4485);
#3567=AXIS2_PLACEMENT_3D('',#5438,#4487,#4488);
#3568=AXIS2_PLACEMENT_3D('',#5439,#4489,#4490);
#3569=AXIS2_PLACEMENT_3D('',#5440,#4491,#4492);
#3570=AXIS2_PLACEMENT_3D('',#5441,#4493,#4494);
#3571=AXIS2_PLACEMENT_3D('',#5443,#4496,#4497);
#3572=DIRECTION('axis',(0.,0.,1.));
#3573=DIRECTION('refdir',(1.,0.,0.));
#3574=DIRECTION('center_axis',(0.,0.,1.));
#3575=DIRECTION('ref_axis',(0.707106781186548,-0.707106781186548,0.));
#3576=DIRECTION('center_axis',(0.,0.,-1.));
#3577=DIRECTION('ref_axis',(0.707106781186548,-0.707106781186548,0.));
#3578=DIRECTION('',(0.,0.,1.));
#3579=DIRECTION('center_axis',(-7.0469605459219E-8,0.,0.999999999999998));
#3580=DIRECTION('ref_axis',(0.707106781186547,-0.707106781186547,4.98295358877543E-8));
#3581=DIRECTION('',(0.,0.,-1.));
#3582=DIRECTION('center_axis',(4.62592926927149E-17,-1.,0.));
#3583=DIRECTION('ref_axis',(1.,4.62592926927149E-17,0.));
#3584=DIRECTION('',(1.,4.62592926927149E-17,0.));
#3585=DIRECTION('',(0.,0.,-1.));
#3586=DIRECTION('',(-0.999999999999998,-4.62592926927147E-17,-7.0469605459219E-8));
#3587=DIRECTION('center_axis',(0.,0.,1.));
#3588=DIRECTION('ref_axis',(0.707106781186548,0.707106781186547,0.));
#3589=DIRECTION('center_axis',(-7.0469605459219E-8,0.,0.999999999999998));
#3590=DIRECTION('ref_axis',(0.707106781186547,0.707106781186546,4.98295358877544E-8));
#3591=DIRECTION('',(0.,0.,-1.));
#3592=DIRECTION('center_axis',(0.,0.,-1.));
#3593=DIRECTION('ref_axis',(0.707106781186548,0.707106781186547,0.));
#3594=DIRECTION('',(0.,0.,1.));
#3595=DIRECTION('center_axis',(0.,1.,0.));
#3596=DIRECTION('ref_axis',(0.,0.,1.));
#3597=DIRECTION('',(0.999999999999998,0.,7.0469605459219E-8));
#3598=DIRECTION('',(0.999999999625819,0.,2.73562041835939E-5));
#3599=DIRECTION('center_axis',(0.,-1.,0.));
#3600=DIRECTION('ref_axis',(0.707116452999144,0.,-0.707097109241658));
#3601=DIRECTION('',(0.,0.,1.));
#3602=DIRECTION('center_axis',(0.,-1.,0.));
#3603=DIRECTION('ref_axis',(0.707116476864338,0.,-0.70709708537581));
#3604=DIRECTION('',(-0.99999999962397,0.,-2.74237060671371E-5));
#3605=DIRECTION('center_axis',(0.,1.,0.));
#3606=DIRECTION('ref_axis',(0.756261251206263,0.,-0.654269760820365));
#3607=DIRECTION('',(-0.990035339513601,0.,0.140819126947264));
#3608=DIRECTION('',(-0.140819110213685,0.,-0.990035341893726));
#3609=DIRECTION('center_axis',(0.,-1.,0.));
#3610=DIRECTION('ref_axis',(0.60048655611463,0.,-0.799634851620157));
#3611=DIRECTION('',(-0.990035341893721,0.,0.140819110213717));
#3612=DIRECTION('center_axis',(0.,-1.,0.));
#3613=DIRECTION('ref_axis',(-0.799634851620167,0.,-0.600486556114617));
#3614=DIRECTION('',(0.140819110213716,0.,0.990035341893721));
#3615=DIRECTION('',(-1.,0.,2.28736761149946E-13));
#3616=DIRECTION('',(-1.,0.,1.59004008269493E-10));
#3617=DIRECTION('',(0.140773571624604,0.,-0.990041818072374));
#3618=DIRECTION('center_axis',(0.,-1.,0.));
#3619=DIRECTION('ref_axis',(0.799607230324842,0.,-0.600523336109627));
#3620=DIRECTION('',(-0.990041818072374,0.,-0.140773571624604));
#3621=DIRECTION('center_axis',(0.,-1.,0.));
#3622=DIRECTION('ref_axis',(-0.600523336109623,0.,-0.799607230324844));
#3623=DIRECTION('',(-0.140773571624619,0.,0.990041818072372));
#3624=DIRECTION('',(-0.990041824958455,0.,-0.140773523195707));
#3625=DIRECTION('center_axis',(0.,1.,0.));
#3626=DIRECTION('ref_axis',(0.756245765180841,0.,-0.654287660472093));
#3627=DIRECTION('',(-1.,0.,1.81752063124024E-13));
#3628=DIRECTION('center_axis',(0.,-1.,0.));
#3629=DIRECTION('ref_axis',(-0.707106781186598,0.,-0.707106781186497));
#3630=DIRECTION('',(1.46745535301918E-14,0.,-1.));
#3631=DIRECTION('center_axis',(0.,-1.,0.));
#3632=DIRECTION('ref_axis',(-0.707106795230063,0.,-0.707106767143032));
#3633=DIRECTION('',(0.999999999999999,0.,-3.97210883767537E-8));
#3634=DIRECTION('',(0.999999999999998,0.,7.0469605459219E-8));
#3635=DIRECTION('',(0.,0.,1.));
#3636=DIRECTION('',(-1.,0.,0.));
#3637=DIRECTION('center_axis',(0.,0.,1.));
#3638=DIRECTION('ref_axis',(-0.707106781186548,0.707106781186547,0.));
#3639=DIRECTION('center_axis',(-7.0469605459219E-8,0.,0.999999999999998));
#3640=DIRECTION('ref_axis',(-0.707106781186547,0.707106781186546,-4.98295358877544E-8));
#3641=DIRECTION('',(0.,0.,-1.));
#3642=DIRECTION('center_axis',(0.,0.,-1.));
#3643=DIRECTION('ref_axis',(-0.707106781186548,0.707106781186547,0.));
#3644=DIRECTION('center_axis',(-1.,1.63268091856641E-16,0.));
#3645=DIRECTION('ref_axis',(-1.63268091856641E-16,-1.,0.));
#3646=DIRECTION('',(1.63268091856641E-16,1.,1.1505438017217E-23));
#3647=DIRECTION('',(0.,0.,1.));
#3648=DIRECTION('',(-1.63268091856641E-16,-1.,0.));
#3649=DIRECTION('center_axis',(0.,0.,1.));
#3650=DIRECTION('ref_axis',(-0.707106781186547,-0.707106781186548,0.));
#3651=DIRECTION('center_axis',(0.,0.,-1.));
#3652=DIRECTION('ref_axis',(-0.707106781186547,-0.707106781186548,0.));
#3653=DIRECTION('center_axis',(-7.0469605459219E-8,0.,0.999999999999998));
#3654=DIRECTION('ref_axis',(-0.707106781186546,-0.707106781186548,-4.98295358877543E-8));
#3655=DIRECTION('center_axis',(0.,1.,0.));
#3656=DIRECTION('ref_axis',(-0.320264222628586,0.,0.947328257629903));
#3657=DIRECTION('center_axis',(0.,-1.,0.));
#3658=DIRECTION('ref_axis',(-0.320264222628586,0.,0.947328257629903));
#3659=DIRECTION('',(0.,-1.,0.));
#3660=DIRECTION('center_axis',(0.,-0.984807753012208,0.17364817766693));
#3661=DIRECTION('ref_axis',(1.23002577250146E-15,0.17364817766693,0.984807753012208));
#3662=DIRECTION('',(0.,1.,0.));
#3663=DIRECTION('center_axis',(-0.127801081399241,0.,0.991799820323227));
#3664=DIRECTION('ref_axis',(-0.991799820323227,0.,-0.127801081399241));
#3665=DIRECTION('',(-0.991799820323227,0.,-0.127801081399241));
#3666=DIRECTION('',(0.,1.,0.));
#3667=DIRECTION('',(-0.991548090157838,-0.0225290592291805,-0.127768644019542));
#3668=DIRECTION('center_axis',(0.,1.,0.));
#3669=DIRECTION('ref_axis',(-0.0640319438904264,0.,0.997947849419805));
#3670=DIRECTION('center_axis',(0.,-1.,0.));
#3671=DIRECTION('ref_axis',(-0.0640319438904264,0.,0.997947849419805));
#3672=DIRECTION('',(0.,-1.,0.));
#3673=DIRECTION('center_axis',(0.,-0.984807753012208,0.17364817766693));
#3674=DIRECTION('ref_axis',(-2.56255369271137E-16,0.17364817766693,0.984807753012208));
#3675=DIRECTION('center_axis',(0.,0.,1.));
#3676=DIRECTION('ref_axis',(-1.,0.,0.));
#3677=DIRECTION('',(-1.,0.,0.));
#3678=DIRECTION('',(0.,1.,0.));
#3679=DIRECTION('',(-1.,0.,0.));
#3680=DIRECTION('center_axis',(0.,1.,0.));
#3681=DIRECTION('ref_axis',(0.0640319552260562,0.,0.99794784869247));
#3682=DIRECTION('center_axis',(0.,-1.,0.));
#3683=DIRECTION('ref_axis',(0.0640319552260562,0.,0.99794784869247));
#3684=DIRECTION('',(0.,-1.,0.));
#3685=DIRECTION('center_axis',(0.,-0.984807753012208,0.17364817766693));
#3686=DIRECTION('ref_axis',(2.13546141059281E-16,0.17364817766693,0.984807753012208));
#3687=DIRECTION('',(0.,1.,0.));
#3688=DIRECTION('center_axis',(7.29305387946193E-9,0.,1.));
#3689=DIRECTION('ref_axis',(-1.,0.,7.29305387946193E-9));
#3690=DIRECTION('',(-1.,1.28596217070968E-9,7.29305387946193E-9));
#3691=DIRECTION('',(-1.,0.,7.29305387946193E-9));
#3692=DIRECTION('center_axis',(0.,1.,0.));
#3693=DIRECTION('ref_axis',(0.32026423610533,0.,0.947328253073806));
#3694=DIRECTION('center_axis',(0.,-1.,0.));
#3695=DIRECTION('ref_axis',(0.32026423610533,0.,0.947328253073806));
#3696=DIRECTION('',(0.,-1.,0.));
#3697=DIRECTION('center_axis',(0.,-0.984807753012208,0.17364817766693));
#3698=DIRECTION('ref_axis',(8.88351946806608E-16,0.17364817766693,0.984807753012208));
#3699=DIRECTION('',(0.,1.,0.));
#3700=DIRECTION('center_axis',(0.127801096697581,0.,0.991799818351917));
#3701=DIRECTION('ref_axis',(-0.991799818351917,0.,0.127801096697581));
#3702=DIRECTION('',(-0.991799818351917,0.,0.127801096697581));
#3703=DIRECTION('',(-0.991548088126785,0.0225290619246371,0.127768659306236));
#3704=DIRECTION('center_axis',(0.,1.,0.));
#3705=DIRECTION('ref_axis',(0.707116452999144,0.,-0.707097109241658));
#3706=DIRECTION('',(0.,-1.,0.));
#3707=DIRECTION('center_axis',(0.,-1.,-5.72118872610983E-18));
#3708=DIRECTION('ref_axis',(0.707116452999144,0.,-0.707097109241658));
#3709=DIRECTION('',(0.,1.,0.));
#3710=DIRECTION('center_axis',(1.,0.,0.));
#3711=DIRECTION('ref_axis',(0.,0.,1.));
#3712=DIRECTION('',(0.,-5.72118872610983E-18,1.));
#3713=DIRECTION('',(0.,0.17364817766693,0.984807753012208));
#3714=DIRECTION('',(0.,-1.,0.));
#3715=DIRECTION('',(0.,0.,-1.));
#3716=DIRECTION('',(0.,-1.,0.));
#3717=DIRECTION('',(0.,0.,-1.));
#3718=DIRECTION('',(0.,-1.,0.));
#3719=DIRECTION('',(0.,0.,1.));
#3720=DIRECTION('',(0.,1.,0.));
#3721=DIRECTION('',(0.,0.,-1.));
#3722=DIRECTION('',(0.,1.,0.));
#3723=DIRECTION('center_axis',(0.,1.,0.));
#3724=DIRECTION('ref_axis',(-0.707106795230063,0.,-0.707106767143032));
#3725=DIRECTION('',(0.,-1.,0.));
#3726=DIRECTION('center_axis',(0.,-1.,-5.72118872610983E-18));
#3727=DIRECTION('ref_axis',(-0.707106795230063,0.,-0.707106767143032));
#3728=DIRECTION('',(0.,1.,0.));
#3729=DIRECTION('center_axis',(-3.97210883767537E-8,0.,-0.999999999999999));
#3730=DIRECTION('ref_axis',(0.999999999999999,0.,-3.97210883767537E-8));
#3731=DIRECTION('',(0.999999999999999,2.27251843009896E-25,-3.97210883767537E-8));
#3732=DIRECTION('',(0.,-1.,0.));
#3733=DIRECTION('center_axis',(0.,1.,0.));
#3734=DIRECTION('ref_axis',(0.707116476864338,0.,-0.70709708537581));
#3735=DIRECTION('center_axis',(0.,-1.,0.));
#3736=DIRECTION('ref_axis',(0.707116476864338,0.,-0.70709708537581));
#3737=DIRECTION('',(0.,-1.,0.));
#3738=DIRECTION('center_axis',(0.,1.,0.));
#3739=DIRECTION('ref_axis',(0.,0.,1.));
#3740=DIRECTION('center_axis',(0.,-1.,0.));
#3741=DIRECTION('ref_axis',(0.707106783022731,0.,-0.707106779350364));
#3742=DIRECTION('',(-1.,0.,-5.19351691976997E-9));
#3743=DIRECTION('center_axis',(0.,-1.,0.));
#3744=DIRECTION('ref_axis',(0.993054826450921,0.,-0.117652503851513));
#3745=DIRECTION('',(-0.996919517644012,0.,0.0784313415697467));
#3746=DIRECTION('',(-0.99004178466116,0.,0.14077380660103));
#3747=DIRECTION('center_axis',(0.,-1.,0.));
#3748=DIRECTION('ref_axis',(-0.79960737285297,0.,-0.600523146330907));
#3749=DIRECTION('',(0.14077380660103,0.,0.99004178466116));
#3750=DIRECTION('',(-0.990041786700341,0.,0.140773792259768));
#3751=DIRECTION('center_axis',(0.,-1.,0.));
#3752=DIRECTION('ref_axis',(-0.799607368503528,0.,-0.600523152122267));
#3753=DIRECTION('',(0.140773806601031,0.,0.99004178466116));
#3754=DIRECTION('',(-0.990041787794309,0.,0.14077378456605));
#3755=DIRECTION('center_axis',(0.,-1.,0.));
#3756=DIRECTION('ref_axis',(-0.799607366170164,0.,-0.600523155229182));
#3757=DIRECTION('',(0.140773806601031,0.,0.99004178466116));
#3758=DIRECTION('',(-0.990041788252146,0.,0.140773781346151));
#3759=DIRECTION('center_axis',(0.,-1.,0.));
#3760=DIRECTION('ref_axis',(-0.799607365193627,0.,-0.60052315652946));
#3761=DIRECTION('',(0.140773806601029,0.,0.990041784661161));
#3762=DIRECTION('center_axis',(0.,-1.,0.));
#3763=DIRECTION('ref_axis',(-0.600523241679221,0.,0.799607301244229));
#3764=DIRECTION('',(0.990041818233975,0.,-0.140773570488092));
#3765=DIRECTION('',(0.996918634902478,0.,-0.0784425610506167));
#3766=DIRECTION('center_axis',(0.,-1.,0.));
#3767=DIRECTION('ref_axis',(0.759753068671418,0.,0.650211715246937));
#3768=DIRECTION('',(-0.0764722309729082,0.,-0.997071711508268));
#3769=DIRECTION('',(1.,0.,0.));
#3770=DIRECTION('center_axis',(0.,-1.,0.));
#3771=DIRECTION('ref_axis',(0.707106781186547,0.,0.707106781186548));
#3772=DIRECTION('center_axis',(0.,-1.,0.));
#3773=DIRECTION('ref_axis',(0.70710678118654,0.,0.707106781186555));
#3774=DIRECTION('',(1.,0.,0.));
#3775=DIRECTION('',(0.,0.,-1.));
#3776=DIRECTION('center_axis',(0.,-1.,0.));
#3777=DIRECTION('ref_axis',(0.733113090319517,0.,0.680106753974821));
#3778=DIRECTION('',(0.997190328307313,0.,-0.074909606395664));
#3779=DIRECTION('',(0.990041818530838,0.,-0.140773568400291));
#3780=DIRECTION('',(1.,0.,-1.45861071456461E-8));
#3781=DIRECTION('',(1.,0.,-9.47469158629694E-16));
#3782=DIRECTION('',(0.990041820303956,0.,0.140773555930189));
#3783=DIRECTION('',(0.997190329399952,0.,0.0749095918505387));
#3784=DIRECTION('center_axis',(0.,-1.,0.));
#3785=DIRECTION('ref_axis',(-0.73311308535946,0.,0.680106759321457));
#3786=DIRECTION('',(0.,0.,1.));
#3787=DIRECTION('',(1.,0.,-1.23268812580027E-16));
#3788=DIRECTION('center_axis',(0.,-1.,0.));
#3789=DIRECTION('ref_axis',(-0.707106781186551,0.,0.707106781186544));
#3790=DIRECTION('',(-1.46745535301918E-14,0.,1.));
#3791=DIRECTION('center_axis',(0.,-1.,0.));
#3792=DIRECTION('ref_axis',(-0.707106781186545,0.,0.70710678118655));
#3793=DIRECTION('',(1.,0.,-1.4801629982016E-14));
#3794=DIRECTION('',(-0.0764596326037235,0.,0.997072677683078));
#3795=DIRECTION('center_axis',(0.,-1.,0.));
#3796=DIRECTION('ref_axis',(-0.759744860712668,0.,0.650221305880305));
#3797=DIRECTION('',(0.996919624100387,0.,0.0784299884198837));
#3798=DIRECTION('',(0.990041820306071,0.,0.140773555915308));
#3799=DIRECTION('center_axis',(0.,-1.,0.));
#3800=DIRECTION('ref_axis',(0.600523348796204,0.,0.799607220796932));
#3801=DIRECTION('',(0.140773555917877,0.,-0.990041820305706));
#3802=DIRECTION('center_axis',(0.,-1.,0.));
#3803=DIRECTION('ref_axis',(0.799607220796945,0.,-0.600523348796186));
#3804=DIRECTION('',(-0.990041820306066,0.,-0.140773555915346));
#3805=DIRECTION('',(0.140773551100193,0.,-0.99004182099073));
#3806=DIRECTION('center_axis',(0.,-1.,0.));
#3807=DIRECTION('ref_axis',(0.799607219369195,0.,-0.60052335069726));
#3808=DIRECTION('',(-0.990041820290423,0.,-0.140773556025363));
#3809=DIRECTION('',(0.140773566868376,0.,-0.99004181874866));
#3810=DIRECTION('center_axis',(0.,-1.,0.));
#3811=DIRECTION('ref_axis',(0.799607227439887,0.,-0.600523339950993));
#3812=DIRECTION('',(-0.99004181874866,0.,-0.140773566868376));
#3813=DIRECTION('',(0.140773552408159,0.,-0.990041820804751));
#3814=DIRECTION('center_axis',(0.,-1.,0.));
#3815=DIRECTION('ref_axis',(0.799607219733278,0.,-0.600523350212477));
#3816=DIRECTION('',(-0.990041820305706,0.,-0.140773555917878));
#3817=DIRECTION('',(-0.996920452591012,0.,-0.0784194568058961));
#3818=DIRECTION('center_axis',(0.,-1.,0.));
#3819=DIRECTION('ref_axis',(-0.993042198008291,0.,-0.117759046254897));
#3820=DIRECTION('',(-1.,0.,0.));
#3821=DIRECTION('center_axis',(0.,-1.,0.));
#3822=DIRECTION('ref_axis',(-0.707106781186541,0.,-0.707106781186554));
#3823=DIRECTION('',(-1.46745535301918E-14,0.,1.));
#3824=DIRECTION('center_axis',(0.,-1.,0.));
#3825=DIRECTION('ref_axis',(-0.707106781186598,0.,-0.707106781186497));
#3826=DIRECTION('',(-1.,0.,1.81752063124024E-13));
#3827=DIRECTION('',(-0.990041824958455,0.,-0.140773523195707));
#3828=DIRECTION('',(-0.140773571624619,0.,0.990041818072372));
#3829=DIRECTION('center_axis',(0.,-1.,0.));
#3830=DIRECTION('ref_axis',(-0.600523336109623,0.,-0.799607230324844));
#3831=DIRECTION('',(-0.990041818072374,0.,-0.140773571624604));
#3832=DIRECTION('center_axis',(0.,-1.,0.));
#3833=DIRECTION('ref_axis',(0.799607230324842,0.,-0.600523336109627));
#3834=DIRECTION('',(0.140773571624604,0.,-0.990041818072374));
#3835=DIRECTION('',(-1.,0.,1.59004008269493E-10));
#3836=DIRECTION('',(-1.,0.,2.28736761149946E-13));
#3837=DIRECTION('',(0.140819110213716,0.,0.990035341893721));
#3838=DIRECTION('center_axis',(0.,-1.,0.));
#3839=DIRECTION('ref_axis',(-0.799634851620167,0.,-0.600486556114617));
#3840=DIRECTION('',(-0.990035341893721,0.,0.140819110213717));
#3841=DIRECTION('center_axis',(0.,-1.,0.));
#3842=DIRECTION('ref_axis',(0.60048655611463,0.,-0.799634851620157));
#3843=DIRECTION('',(-0.140819110213685,0.,-0.990035341893726));
#3844=DIRECTION('',(-0.990035339513601,0.,0.140819126947264));
#3845=DIRECTION('',(-0.99999999962397,0.,-2.74237060671371E-5));
#3846=DIRECTION('center_axis',(0.,1.,0.));
#3847=DIRECTION('ref_axis',(0.,0.,-1.));
#3848=DIRECTION('center_axis',(0.,1.,0.));
#3849=DIRECTION('ref_axis',(0.,0.,-1.));
#3850=DIRECTION('center_axis',(0.,1.,0.));
#3851=DIRECTION('ref_axis',(0.,0.,-1.));
#3852=DIRECTION('center_axis',(0.,1.,0.));
#3853=DIRECTION('ref_axis',(0.,0.,-1.));
#3854=DIRECTION('center_axis',(0.,1.,0.));
#3855=DIRECTION('ref_axis',(0.,0.,-1.));
#3856=DIRECTION('center_axis',(0.,1.,0.));
#3857=DIRECTION('ref_axis',(0.,0.,-1.));
#3858=DIRECTION('center_axis',(0.,-1.,0.));
#3859=DIRECTION('ref_axis',(0.866092008804687,0.,0.49988461897188));
#3860=DIRECTION('center_axis',(0.,-1.,0.));
#3861=DIRECTION('ref_axis',(0.866092008804687,0.,0.49988461897188));
#3862=DIRECTION('center_axis',(0.,-0.984807753012208,0.17364817766693));
#3863=DIRECTION('ref_axis',(-5.46678121111759E-16,0.17364817766693,0.984807753012208));
#3864=DIRECTION('',(0.,1.,0.));
#3865=DIRECTION('center_axis',(0.500230735430679,0.,0.865892147631841));
#3866=DIRECTION('ref_axis',(-0.865892147631841,0.,0.500230735430679));
#3867=DIRECTION('',(-0.865892147631841,0.,0.500230735430679));
#3868=DIRECTION('',(-0.862543364808612,0.0878630511968019,0.498296124868563));
#3869=DIRECTION('center_axis',(0.,1.,0.));
#3870=DIRECTION('ref_axis',(0.70710678118654,0.,0.707106781186555));
#3871=DIRECTION('center_axis',(0.,-1.,0.));
#3872=DIRECTION('ref_axis',(0.70710678118654,0.,0.707106781186555));
#3873=DIRECTION('',(0.,1.,0.));
#3874=DIRECTION('center_axis',(0.,1.,0.));
#3875=DIRECTION('ref_axis',(0.733113090319517,0.,0.680106753974821));
#3876=DIRECTION('',(0.,-1.,0.));
#3877=DIRECTION('center_axis',(0.,-1.,0.));
#3878=DIRECTION('ref_axis',(0.733113090319517,0.,0.680106753974821));
#3879=DIRECTION('',(0.,1.,0.));
#3880=DIRECTION('center_axis',(1.,0.,0.));
#3881=DIRECTION('ref_axis',(0.,0.,-1.));
#3882=DIRECTION('',(0.,1.,0.));
#3883=DIRECTION('',(0.,0.,-1.));
#3884=DIRECTION('center_axis',(0.,1.,0.));
#3885=DIRECTION('ref_axis',(-0.73311308535946,0.,0.680106759321457));
#3886=DIRECTION('',(0.,-1.,0.));
#3887=DIRECTION('center_axis',(0.,-1.,0.));
#3888=DIRECTION('ref_axis',(-0.73311308535946,0.,0.680106759321457));
#3889=DIRECTION('',(0.,1.,0.));
#3890=DIRECTION('center_axis',(-0.0749095918505387,0.,0.997190329399953));
#3891=DIRECTION('ref_axis',(0.997190329399952,0.,0.0749095918505387));
#3892=DIRECTION('',(0.,1.,0.));
#3893=DIRECTION('',(0.997190329399952,0.,0.0749095918505387));
#3894=DIRECTION('center_axis',(0.,1.,0.));
#3895=DIRECTION('ref_axis',(-0.866092005548618,0.,0.499884624613294));
#3896=DIRECTION('center_axis',(0.,-1.,0.));
#3897=DIRECTION('ref_axis',(-0.866092005548618,0.,0.499884624613294));
#3898=DIRECTION('',(0.,-1.,0.));
#3899=DIRECTION('center_axis',(0.,-0.984807753012208,0.17364817766693));
#3900=DIRECTION('ref_axis',(-2.73339060555879E-16,0.17364817766693,0.984807753012208));
#3901=DIRECTION('',(0.,1.,0.));
#3902=DIRECTION('center_axis',(0.,1.,0.));
#3903=DIRECTION('ref_axis',(0.,0.,1.));
#3904=DIRECTION('',(-0.865892154148498,0.,-0.500230724150441));
#3905=DIRECTION('',(-1.46745535301918E-14,0.,1.));
#3906=DIRECTION('center_axis',(0.,-1.,0.));
#3907=DIRECTION('ref_axis',(-0.707106781186551,0.,0.707106781186544));
#3908=DIRECTION('',(1.,0.,-1.23268812580027E-16));
#3909=DIRECTION('',(0.,0.,1.));
#3910=DIRECTION('',(0.990041820303956,0.,0.140773555930189));
#3911=DIRECTION('',(1.,0.,-9.47469158629694E-16));
#3912=DIRECTION('center_axis',(0.,1.,0.));
#3913=DIRECTION('ref_axis',(-0.756245781969527,0.,0.654287641067213));
#3914=DIRECTION('',(1.,0.,-1.45861071456461E-8));
#3915=DIRECTION('',(0.990041818530838,0.,-0.140773568400291));
#3916=DIRECTION('',(0.997190328307313,0.,-0.074909606395664));
#3917=DIRECTION('',(1.,0.,0.));
#3918=DIRECTION('center_axis',(-1.,0.,-1.46745535301918E-14));
#3919=DIRECTION('ref_axis',(1.46745535301918E-14,0.,-1.));
#3920=DIRECTION('',(0.,-1.,0.));
#3921=DIRECTION('',(0.,-1.,0.));
#3922=DIRECTION('',(1.46745535301918E-14,0.,-1.));
#3923=DIRECTION('',(0.,1.,0.));
#3924=DIRECTION('',(0.,1.,0.));
#3925=DIRECTION('',(1.44516140885255E-14,-0.17364817766693,-0.984807753012208));
#3926=DIRECTION('',(1.46745535301918E-14,5.72118872610983E-18,-1.));
#3927=DIRECTION('center_axis',(0.,1.,0.));
#3928=DIRECTION('ref_axis',(-0.707106781186551,0.,0.707106781186544));
#3929=DIRECTION('',(0.,-1.,0.));
#3930=DIRECTION('center_axis',(0.,1.,0.));
#3931=DIRECTION('ref_axis',(-0.707106781186598,0.,-0.707106781186497));
#3932=DIRECTION('',(0.,1.,0.));
#3933=DIRECTION('center_axis',(0.,1.,0.));
#3934=DIRECTION('ref_axis',(-0.600523336109623,0.,-0.799607230324844));
#3935=DIRECTION('',(0.,-1.,0.));
#3936=DIRECTION('',(0.,1.,0.));
#3937=DIRECTION('center_axis',(-0.990041818072372,0.,-0.140773571624619));
#3938=DIRECTION('ref_axis',(-0.140773571624619,0.,0.990041818072372));
#3939=DIRECTION('',(0.,1.,0.));
#3940=DIRECTION('center_axis',(0.,1.,0.));
#3941=DIRECTION('ref_axis',(0.799607230324842,0.,-0.600523336109627));
#3942=DIRECTION('',(0.,-1.,0.));
#3943=DIRECTION('',(0.,1.,0.));
#3944=DIRECTION('center_axis',(0.990041818072375,0.,0.140773571624604));
#3945=DIRECTION('ref_axis',(0.140773571624604,0.,-0.990041818072374));
#3946=DIRECTION('',(0.,1.,0.));
#3947=DIRECTION('center_axis',(0.,1.,0.));
#3948=DIRECTION('ref_axis',(-0.799634851620167,0.,-0.600486556114617));
#3949=DIRECTION('',(0.,-1.,0.));
#3950=DIRECTION('',(0.,1.,0.));
#3951=DIRECTION('center_axis',(-0.140819110213717,0.,-0.990035341893721));
#3952=DIRECTION('ref_axis',(-0.990035341893721,0.,0.140819110213717));
#3953=DIRECTION('',(0.,-1.,0.));
#3954=DIRECTION('center_axis',(0.,1.,0.));
#3955=DIRECTION('ref_axis',(0.60048655611463,0.,-0.799634851620157));
#3956=DIRECTION('',(0.,1.,0.));
#3957=DIRECTION('center_axis',(0.990035341893726,0.,-0.140819110213685));
#3958=DIRECTION('ref_axis',(-0.140819110213685,0.,-0.990035341893726));
#3959=DIRECTION('',(0.,-1.,0.));
#3960=DIRECTION('center_axis',(0.,1.,0.));
#3961=DIRECTION('ref_axis',(0.600523348796204,0.,0.799607220796932));
#3962=DIRECTION('',(0.,1.,0.));
#3963=DIRECTION('center_axis',(0.,1.,0.));
#3964=DIRECTION('ref_axis',(0.600523348796204,0.,0.799607220796932));
#3965=DIRECTION('',(0.,-1.,0.));
#3966=DIRECTION('center_axis',(-0.140773555915308,0.,0.990041820306071));
#3967=DIRECTION('ref_axis',(0.990041820306071,0.,0.140773555915308));
#3968=DIRECTION('',(0.,1.,0.));
#3969=DIRECTION('',(-0.990041820306071,0.,-0.140773555915308));
#3970=DIRECTION('center_axis',(0.,1.,0.));
#3971=DIRECTION('ref_axis',(0.799607220796945,0.,-0.600523348796186));
#3972=DIRECTION('',(0.,1.,0.));
#3973=DIRECTION('center_axis',(0.,1.,0.));
#3974=DIRECTION('ref_axis',(0.799607220796945,0.,-0.600523348796186));
#3975=DIRECTION('',(0.,-1.,0.));
#3976=DIRECTION('center_axis',(0.990041820305706,0.,0.140773555917877));
#3977=DIRECTION('ref_axis',(0.140773555917877,0.,-0.990041820305706));
#3978=DIRECTION('',(-0.140773555917877,0.,0.990041820305706));
#3979=DIRECTION('center_axis',(0.,1.,0.));
#3980=DIRECTION('ref_axis',(0.799607219369195,0.,-0.60052335069726));
#3981=DIRECTION('',(0.,1.,0.));
#3982=DIRECTION('center_axis',(0.,1.,0.));
#3983=DIRECTION('ref_axis',(0.799607219369195,0.,-0.60052335069726));
#3984=DIRECTION('',(0.,-1.,0.));
#3985=DIRECTION('center_axis',(0.99004182099073,0.,0.140773551100193));
#3986=DIRECTION('ref_axis',(0.140773551100193,0.,-0.99004182099073));
#3987=DIRECTION('',(0.,1.,0.));
#3988=DIRECTION('',(-0.140773551100193,0.,0.99004182099073));
#3989=DIRECTION('center_axis',(0.,1.,0.));
#3990=DIRECTION('ref_axis',(0.799607227439887,0.,-0.600523339950993));
#3991=DIRECTION('',(0.,1.,0.));
#3992=DIRECTION('center_axis',(0.,1.,0.));
#3993=DIRECTION('ref_axis',(0.799607227439887,0.,-0.600523339950993));
#3994=DIRECTION('',(0.,-1.,0.));
#3995=DIRECTION('center_axis',(0.99004181874866,0.,0.140773566868376));
#3996=DIRECTION('ref_axis',(0.140773566868376,0.,-0.99004181874866));
#3997=DIRECTION('',(0.,1.,0.));
#3998=DIRECTION('',(-0.140773566868376,0.,0.99004181874866));
#3999=DIRECTION('center_axis',(0.,1.,0.));
#4000=DIRECTION('ref_axis',(0.799607219733278,0.,-0.600523350212477));
#4001=DIRECTION('',(0.,1.,0.));
#4002=DIRECTION('center_axis',(0.,1.,0.));
#4003=DIRECTION('ref_axis',(0.799607219733278,0.,-0.600523350212477));
#4004=DIRECTION('',(0.,-1.,0.));
#4005=DIRECTION('center_axis',(0.990041820804751,0.,0.140773552408159));
#4006=DIRECTION('ref_axis',(0.140773552408159,0.,-0.990041820804751));
#4007=DIRECTION('',(0.,1.,0.));
#4008=DIRECTION('',(-0.140773552408159,0.,0.990041820804751));
#4009=DIRECTION('center_axis',(0.,1.,0.));
#4010=DIRECTION('ref_axis',(-0.79960737285297,0.,-0.600523146330907));
#4011=DIRECTION('',(0.,1.,0.));
#4012=DIRECTION('center_axis',(0.,1.,0.));
#4013=DIRECTION('ref_axis',(-0.79960737285297,0.,-0.600523146330907));
#4014=DIRECTION('',(0.,-1.,0.));
#4015=DIRECTION('center_axis',(-0.14077380660103,0.,-0.990041784661161));
#4016=DIRECTION('ref_axis',(-0.99004178466116,0.,0.14077380660103));
#4017=DIRECTION('',(0.,1.,0.));
#4018=DIRECTION('',(0.99004178466116,0.,-0.14077380660103));
#4019=DIRECTION('center_axis',(0.,1.,0.));
#4020=DIRECTION('ref_axis',(-0.799607368503528,0.,-0.600523152122267));
#4021=DIRECTION('',(0.,1.,0.));
#4022=DIRECTION('center_axis',(0.,1.,0.));
#4023=DIRECTION('ref_axis',(-0.799607368503528,0.,-0.600523152122267));
#4024=DIRECTION('',(0.,-1.,0.));
#4025=DIRECTION('center_axis',(-0.140773792259768,0.,-0.990041786700341));
#4026=DIRECTION('ref_axis',(-0.990041786700341,0.,0.140773792259768));
#4027=DIRECTION('',(0.,1.,0.));
#4028=DIRECTION('',(0.990041786700341,0.,-0.140773792259768));
#4029=DIRECTION('center_axis',(0.,1.,0.));
#4030=DIRECTION('ref_axis',(-0.799607366170164,0.,-0.600523155229182));
#4031=DIRECTION('',(0.,1.,0.));
#4032=DIRECTION('center_axis',(0.,1.,0.));
#4033=DIRECTION('ref_axis',(-0.799607366170164,0.,-0.600523155229182));
#4034=DIRECTION('',(0.,-1.,0.));
#4035=DIRECTION('center_axis',(-0.14077378456605,0.,-0.990041787794309));
#4036=DIRECTION('ref_axis',(-0.990041787794309,0.,0.14077378456605));
#4037=DIRECTION('',(0.,1.,0.));
#4038=DIRECTION('',(0.990041787794309,0.,-0.14077378456605));
#4039=DIRECTION('center_axis',(0.,1.,0.));
#4040=DIRECTION('ref_axis',(-0.799607365193627,0.,-0.60052315652946));
#4041=DIRECTION('',(0.,1.,0.));
#4042=DIRECTION('center_axis',(0.,1.,0.));
#4043=DIRECTION('ref_axis',(-0.799607365193627,0.,-0.60052315652946));
#4044=DIRECTION('',(0.,-1.,0.));
#4045=DIRECTION('center_axis',(-0.140773781346151,0.,-0.990041788252146));
#4046=DIRECTION('ref_axis',(-0.990041788252146,0.,0.140773781346151));
#4047=DIRECTION('',(0.,1.,0.));
#4048=DIRECTION('',(0.990041788252146,0.,-0.140773781346151));
#4049=DIRECTION('center_axis',(0.,1.,0.));
#4050=DIRECTION('ref_axis',(-0.600523241679221,0.,0.799607301244229));
#4051=DIRECTION('',(0.,1.,0.));
#4052=DIRECTION('center_axis',(0.,1.,0.));
#4053=DIRECTION('ref_axis',(-0.600523241679221,0.,0.799607301244229));
#4054=DIRECTION('',(0.,-1.,0.));
#4055=DIRECTION('center_axis',(-0.990041784661161,0.,0.140773806601029));
#4056=DIRECTION('ref_axis',(0.140773806601029,0.,0.990041784661161));
#4057=DIRECTION('',(-0.140773806601029,0.,-0.990041784661161));
#4058=DIRECTION('center_axis',(0.,1.,0.));
#4059=DIRECTION('ref_axis',(-0.759744860712668,0.,0.650221305880305));
#4060=DIRECTION('',(0.,1.,0.));
#4061=DIRECTION('center_axis',(0.,1.,0.));
#4062=DIRECTION('ref_axis',(-0.759744860712668,0.,0.650221305880305));
#4063=DIRECTION('',(0.,-1.,0.));
#4064=DIRECTION('center_axis',(-0.997072677683078,0.,-0.0764596326037235));
#4065=DIRECTION('ref_axis',(-0.0764596326037235,0.,0.997072677683078));
#4066=DIRECTION('',(0.,1.,0.));
#4067=DIRECTION('',(0.0764596326037235,0.,-0.997072677683078));
#4068=DIRECTION('center_axis',(0.,1.,0.));
#4069=DIRECTION('ref_axis',(-0.707106781186545,0.,0.70710678118655));
#4070=DIRECTION('center_axis',(0.,1.,0.));
#4071=DIRECTION('ref_axis',(-0.707106781186545,0.,0.70710678118655));
#4072=DIRECTION('',(0.,-1.,0.));
#4073=DIRECTION('center_axis',(0.,1.,0.));
#4074=DIRECTION('ref_axis',(-0.707106781186541,0.,-0.707106781186554));
#4075=DIRECTION('',(0.,1.,0.));
#4076=DIRECTION('center_axis',(0.,1.,0.));
#4077=DIRECTION('ref_axis',(-0.707106781186541,0.,-0.707106781186554));
#4078=DIRECTION('center_axis',(0.,0.,-1.));
#4079=DIRECTION('ref_axis',(-1.,0.,0.));
#4080=DIRECTION('',(0.,1.,0.));
#4081=DIRECTION('',(1.,0.,0.));
#4082=DIRECTION('center_axis',(0.,-1.,0.));
#4083=DIRECTION('ref_axis',(-0.993042198008291,0.,-0.117759046254897));
#4084=DIRECTION('',(0.,1.,0.));
#4085=DIRECTION('center_axis',(0.,1.,0.));
#4086=DIRECTION('ref_axis',(-0.993042198008291,0.,-0.117759046254897));
#4087=DIRECTION('center_axis',(0.,1.,0.));
#4088=DIRECTION('ref_axis',(0.993054826450921,0.,-0.117652503851513));
#4089=DIRECTION('center_axis',(0.,1.,0.));
#4090=DIRECTION('ref_axis',(0.993054826450921,0.,-0.117652503851513));
#4091=DIRECTION('',(0.,-1.,0.));
#4092=DIRECTION('',(0.,1.,0.));
#4093=DIRECTION('center_axis',(0.,1.,0.));
#4094=DIRECTION('ref_axis',(0.707106783022731,0.,-0.707106779350364));
#4095=DIRECTION('center_axis',(0.,1.,0.));
#4096=DIRECTION('ref_axis',(0.707106783022731,0.,-0.707106779350364));
#4097=DIRECTION('',(0.,-1.,0.));
#4098=DIRECTION('center_axis',(0.,1.,0.));
#4099=DIRECTION('ref_axis',(0.707106781186547,0.,0.707106781186548));
#4100=DIRECTION('',(0.,1.,0.));
#4101=DIRECTION('center_axis',(0.,1.,0.));
#4102=DIRECTION('ref_axis',(0.707106781186547,0.,0.707106781186548));
#4103=DIRECTION('center_axis',(0.,0.,1.));
#4104=DIRECTION('ref_axis',(1.,0.,0.));
#4105=DIRECTION('',(0.,1.,0.));
#4106=DIRECTION('',(-1.,0.,0.));
#4107=DIRECTION('center_axis',(0.,1.,0.));
#4108=DIRECTION('ref_axis',(0.759753068671418,0.,0.650211715246937));
#4109=DIRECTION('',(0.,1.,0.));
#4110=DIRECTION('center_axis',(0.,1.,0.));
#4111=DIRECTION('ref_axis',(0.759753068671418,0.,0.650211715246937));
#4112=DIRECTION('',(0.,-1.,0.));
#4113=DIRECTION('center_axis',(0.0784425610506167,0.,0.996918634902478));
#4114=DIRECTION('ref_axis',(0.996918634902478,0.,-0.0784425610506167));
#4115=DIRECTION('',(0.,1.,0.));
#4116=DIRECTION('',(-0.996918634902478,0.,0.0784425610506167));
#4117=DIRECTION('center_axis',(0.230747089376107,-0.579774133631381,0.781420331650282));
#4118=DIRECTION('ref_axis',(0.959060085915505,0.,-0.283202668779346));
#4119=DIRECTION('',(-0.380488758300247,0.685380043104088,0.620872371201824));
#4120=DIRECTION('',(-0.714137060371574,-0.646380169279785,-0.268702318124879));
#4121=DIRECTION('',(0.945918260722619,-0.0545395400896542,-0.319787558542081));
#4122=DIRECTION('center_axis',(0.0432216601224235,-0.621760150129402,0.782014196678887));
#4123=DIRECTION('ref_axis',(0.998476122640169,0.,-0.055185437548814));
#4124=DIRECTION('',(-0.520873152142833,0.653921650349435,0.548705416941606));
#4125=DIRECTION('',(-0.59296271690227,-0.645935111066552,-0.480794185338508));
#4126=DIRECTION('',(0.997885672187748,-0.0111626664123341,-0.0640279635860274));
#4127=DIRECTION('center_axis',(0.0834668907149984,-0.643177900816171,0.761154035695847));
#4128=DIRECTION('ref_axis',(0.994041210933395,0.,-0.109004912577691));
#4129=DIRECTION('',(-0.991548088126785,0.0225290619246372,0.127768659306237));
#4130=DIRECTION('',(0.991548088126785,-0.0225290619246372,-0.127768659306237));
#4131=DIRECTION('center_axis',(0.700241972287593,-0.517794610768097,0.491477284629001));
#4132=DIRECTION('ref_axis',(0.574487941164604,0.,-0.818513045379519));
#4133=DIRECTION('',(0.0836470593240953,0.743200613139238,0.663819266137924));
#4134=DIRECTION('',(-0.694889427694805,-0.652192396348688,0.302941844952034));
#4135=DIRECTION('',(0.494636940319276,-0.144517667460666,-0.856999965614535));
#4136=DIRECTION('center_axis',(0.247245878928363,0.635615366965858,0.731342997935851));
#4137=DIRECTION('ref_axis',(0.947328253073808,0.,-0.320264236105325));
#4138=DIRECTION('',(0.40943899694542,0.615546923819908,-0.673395643256011));
#4139=DIRECTION('',(-0.947328253073808,0.,0.320264236105325));
#4140=DIRECTION('',(0.73405757812102,-0.61554692381997,0.286812580928514));
#4141=DIRECTION('center_axis',(0.320264236105326,0.,0.947328253073808));
#4142=DIRECTION('ref_axis',(0.947328253073808,0.,-0.320264236105325));
#4143=DIRECTION('',(0.,-1.,0.));
#4144=DIRECTION('',(0.,1.,0.));
#4145=DIRECTION('center_axis',(0.0467014700422931,0.684144669849564,0.727849602192871));
#4146=DIRECTION('ref_axis',(0.997947848831134,0.,-0.0640319530649523));
#4147=DIRECTION('',(0.551850394487822,0.589686840694222,-0.589686842328793));
#4148=DIRECTION('',(-0.997947848831134,0.,0.0640319530649523));
#4149=DIRECTION('',(0.622687747691508,-0.589686840694281,0.514324215633363));
#4150=DIRECTION('center_axis',(0.0640319530649523,0.,0.997947848831134));
#4151=DIRECTION('ref_axis',(0.997947848831134,0.,-0.0640319530649523));
#4152=DIRECTION('',(0.,-1.,0.));
#4153=DIRECTION('',(0.,1.,0.));
#4154=DIRECTION('center_axis',(0.0903690221179374,0.707106781186549,0.701308377136225));
#4155=DIRECTION('ref_axis',(0.991799818351917,0.,-0.127801096697582));
#4156=DIRECTION('',(-0.991799818351917,0.,0.127801096697582));
#4157=DIRECTION('',(0.991799818351917,0.,-0.127801096697582));
#4158=DIRECTION('center_axis',(0.577350269189627,-0.577350269189634,-0.577350269189616));
#4159=DIRECTION('ref_axis',(-0.707106781186541,0.,-0.707106781186554));
#4160=DIRECTION('',(0.707106781186552,0.707106781186543,0.));
#4161=DIRECTION('',(-2.51214793389404E-14,-0.707106781186549,0.707106781186546));
#4162=DIRECTION('',(-0.707106781186541,0.,-0.707106781186554));
#4163=DIRECTION('center_axis',(0.72460017316596,0.547765571526508,0.418219401388911));
#4164=DIRECTION('ref_axis',(0.499884618971871,0.,-0.866092008804692));
#4165=DIRECTION('',(-0.0908546629905369,0.677474595157392,-0.72991342166671));
#4166=DIRECTION('',(-0.499884618971871,0.,0.866092008804692));
#4167=DIRECTION('',(0.677474595157369,-0.67747459515736,-0.286454788461862));
#4168=DIRECTION('center_axis',(0.866092008804692,0.,0.499884618971871));
#4169=DIRECTION('ref_axis',(0.499884618971871,0.,-0.866092008804692));
#4170=DIRECTION('',(0.,-1.,0.));
#4171=DIRECTION('',(0.,1.,0.));
#4172=DIRECTION('center_axis',(2.2384104010994E-11,-0.642787609686532,0.766044443118984));
#4173=DIRECTION('ref_axis',(1.,0.,-2.92203725411233E-11));
#4174=DIRECTION('',(2.66764158219854E-11,0.766044443118984,0.642787609686532));
#4175=DIRECTION('',(-1.,6.04703452842162E-12,3.42944369836381E-11));
#4176=DIRECTION('',(0.041208544529155,-0.765393739812134,-0.642241604782954));
#4177=DIRECTION('',(1.,-6.04703452842162E-12,-3.42944369836381E-11));
#4178=DIRECTION('center_axis',(-0.57735026918962,-0.577350269189628,-0.57735026918963));
#4179=DIRECTION('ref_axis',(-0.707106781186554,0.,0.707106781186541));
#4180=DIRECTION('',(-0.707106781186591,0.,0.707106781186503));
#4181=DIRECTION('',(0.,0.707106781186549,-0.707106781186546));
#4182=DIRECTION('',(0.707106781186552,-0.707106781186543,0.));
#4183=DIRECTION('center_axis',(0.,-0.707106781186546,-0.707106781186549));
#4184=DIRECTION('ref_axis',(-1.,0.,0.));
#4185=DIRECTION('',(1.,0.,0.));
#4186=DIRECTION('',(-1.,0.,0.));
#4187=DIRECTION('center_axis',(-0.707106781186543,-0.707106781186552,-2.22226281888915E-14));
#4188=DIRECTION('ref_axis',(-3.14275421763052E-14,0.,1.));
#4189=DIRECTION('',(3.14218209875791E-14,5.72118872610983E-18,-1.));
#4190=DIRECTION('',(-3.14218209875791E-14,-5.72118872610983E-18,1.));
#4191=DIRECTION('',(-0.705757556807956,0.705757556807947,-0.0617457854184527));
#4192=DIRECTION('center_axis',(0.577350269189627,0.577350269189634,-0.577350269189616));
#4193=DIRECTION('ref_axis',(-0.707106781186541,0.,-0.707106781186554));
#4194=DIRECTION('',(-0.707106781186552,0.707106781186543,0.));
#4195=DIRECTION('',(0.707106781186541,0.,0.707106781186554));
#4196=DIRECTION('',(2.51214793389404E-14,-0.707106781186549,-0.707106781186546));
#4197=DIRECTION('center_axis',(0.707106781186554,0.,-0.707106781186541));
#4198=DIRECTION('ref_axis',(-0.707106781186541,0.,-0.707106781186554));
#4199=DIRECTION('',(0.,-1.,0.));
#4200=DIRECTION('',(0.,1.,0.));
#4201=DIRECTION('center_axis',(-0.230747079716821,-0.579774133035921,0.781420334944392));
#4202=DIRECTION('ref_axis',(0.959060089459716,0.,0.283202656776946));
#4203=DIRECTION('',(-0.714137055644883,0.64638017053926,0.26870232765738));
#4204=DIRECTION('',(-0.380488767761628,-0.685380042698208,-0.620872365851663));
#4205=DIRECTION('',(0.945918265391372,0.0545395377813661,0.319787545125779));
#4206=DIRECTION('center_axis',(-0.0834668807114692,-0.643177900722246,0.761154036872184));
#4207=DIRECTION('ref_axis',(0.994041212367232,0.,0.109004899502192));
#4208=DIRECTION('',(-0.991548090157838,-0.0225290592291809,-0.127768644019544));
#4209=DIRECTION('',(0.991548090157838,0.0225290592291809,0.127768644019544));
#4210=DIRECTION('',(-0.991684419092641,0.128693484407294,3.40092588182283E-11));
#4211=DIRECTION('center_axis',(2.42498289481055E-11,0.70710678118654,0.707106781186555));
#4212=DIRECTION('ref_axis',(1.,0.,-3.42944369836381E-11));
#4213=DIRECTION('',(-2.42500780243712E-11,0.707106781186554,-0.707106781186541));
#4214=DIRECTION('',(-1.,0.,3.42944369836381E-11));
#4215=DIRECTION('',(-0.0453239035791647,-0.706380118548847,0.70638011855039));
#4216=DIRECTION('',(1.,0.,-3.42944369836381E-11));
#4217=DIRECTION('center_axis',(-0.700241969883781,-0.517794609804245,0.491477289069344));
#4218=DIRECTION('ref_axis',(0.574487945963176,0.,0.818513042011555));
#4219=DIRECTION('',(-0.694889428473798,0.652192398131552,-0.302941839326914));
#4220=DIRECTION('',(0.0836470554064964,-0.743200614040139,-0.663819265622942));
#4221=DIRECTION('',(0.494636945950987,0.14451766678241,0.856999962478441));
#4222=DIRECTION('center_axis',(-0.329790671079048,-0.649261219013172,0.685345155928574));
#4223=DIRECTION('ref_axis',(0.90109946090503,0.,0.433612455490689));
#4224=DIRECTION('',(-0.86254337145022,-0.0878630492307797,-0.498296113718697));
#4225=DIRECTION('',(0.86254337145022,0.0878630492307797,0.498296113718697));
#4226=DIRECTION('center_axis',(-0.577350269189599,0.577350269189607,-0.577350269189671));
#4227=DIRECTION('ref_axis',(-0.707106781186592,0.,0.707106781186504));
#4228=DIRECTION('',(-5.02429586778809E-14,0.707106781186549,0.707106781186546));
#4229=DIRECTION('',(0.707106781186591,0.,-0.707106781186503));
#4230=DIRECTION('',(-0.707106781186552,-0.707106781186543,0.));
#4231=DIRECTION('center_axis',(-0.707106781186504,0.,-0.707106781186592));
#4232=DIRECTION('ref_axis',(-0.707106781186592,0.,0.707106781186504));
#4233=DIRECTION('',(0.,1.,0.));
#4234=DIRECTION('',(0.,-1.,0.));
#4235=DIRECTION('center_axis',(-0.247245868637105,0.635615366537828,0.731343001787032));
#4236=DIRECTION('ref_axis',(0.947328257629903,0.,0.320264222628586));
#4237=DIRECTION('',(0.734057573997329,0.615546924052467,-0.286812590983558));
#4238=DIRECTION('',(-0.947328257629903,0.,-0.320264222628586));
#4239=DIRECTION('',(0.409439006725718,-0.615546924052474,0.673395637096793));
#4240=DIRECTION('center_axis',(-0.320264222628586,0.,0.947328257629903));
#4241=DIRECTION('ref_axis',(0.947328257629903,0.,0.320264222628586));
#4242=DIRECTION('',(0.,-1.,0.));
#4243=DIRECTION('',(0.,1.,0.));
#4244=DIRECTION('center_axis',(-0.0903690113003795,0.707106781186544,0.701308378530156));
#4245=DIRECTION('ref_axis',(0.991799820323226,0.,0.127801081399243));
#4246=DIRECTION('',(-0.991799820323226,0.,-0.127801081399243));
#4247=DIRECTION('',(0.991799820323226,0.,0.127801081399243));
#4248=DIRECTION('center_axis',(-0.724600170873732,0.547765570764845,0.418219406357982));
#4249=DIRECTION('ref_axis',(0.499884624613286,0.,0.866092005548622));
#4250=DIRECTION('',(0.677474596299042,0.677474596299033,0.286454783061676));
#4251=DIRECTION('',(-0.499884624613286,0.,-0.866092005548622));
#4252=DIRECTION('',(-0.0908546587287851,-0.677474596299037,0.729913421137557));
#4253=DIRECTION('center_axis',(-0.866092005548622,0.,0.499884624613286));
#4254=DIRECTION('ref_axis',(0.499884624613286,0.,0.866092005548622));
#4255=DIRECTION('',(0.,-1.,0.));
#4256=DIRECTION('',(0.,1.,0.));
#4257=DIRECTION('center_axis',(-0.353716537204634,0.707106781186549,0.612278213974628));
#4258=DIRECTION('ref_axis',(0.865892154148497,0.,0.500230724150442));
#4259=DIRECTION('',(-0.865892154148497,0.,-0.500230724150442));
#4260=DIRECTION('',(0.865892154148497,0.,0.500230724150442));
#4261=DIRECTION('center_axis',(-0.707106781186543,0.707106781186552,-2.22185826975468E-14));
#4262=DIRECTION('ref_axis',(-3.14218209875791E-14,0.,1.));
#4263=DIRECTION('',(3.14218209875791E-14,0.,-1.));
#4264=DIRECTION('',(-3.14218209875791E-14,0.,1.));
#4265=DIRECTION('center_axis',(0.,0.707106781186546,-0.707106781186549));
#4266=DIRECTION('ref_axis',(-1.,0.,0.));
#4267=DIRECTION('',(1.,0.,0.));
#4268=DIRECTION('',(-1.,0.,0.));
#4269=DIRECTION('center_axis',(-0.707106781186531,-0.696364240320039,0.122787803968954));
#4270=DIRECTION('ref_axis',(0.171087869746014,0.,0.985255774317396));
#4271=DIRECTION('',(-3.09444529223297E-14,0.17364817766693,0.984807753012208));
#4272=DIRECTION('',(3.09444529223297E-14,-0.17364817766693,-0.984807753012208));
#4273=DIRECTION('center_axis',(0.707106781186543,0.707106781186552,0.));
#4274=DIRECTION('ref_axis',(0.,0.,-1.));
#4275=DIRECTION('',(0.,0.,1.));
#4276=DIRECTION('',(0.,0.,-1.));
#4277=DIRECTION('center_axis',(2.094440150313E-9,0.707106781186546,0.707106781186549));
#4278=DIRECTION('ref_axis',(1.,0.,-2.96198566615138E-9));
#4279=DIRECTION('',(1.,0.,-2.96198566615138E-9));
#4280=DIRECTION('',(-1.,0.,2.96198566615138E-9));
#4281=DIRECTION('center_axis',(0.353716545180972,0.707106781186536,0.612278209366668));
#4282=DIRECTION('ref_axis',(0.865892147631841,0.,-0.500230735430679));
#4283=DIRECTION('',(-0.865892147631841,0.,0.500230735430679));
#4284=DIRECTION('',(0.865892147631841,0.,-0.500230735430679));
#4285=DIRECTION('center_axis',(0.707106781186543,-0.707106781186552,-4.04549134468032E-18));
#4286=DIRECTION('ref_axis',(-5.72118872610991E-18,0.,-1.));
#4287=DIRECTION('',(0.,5.72118872610983E-18,-1.));
#4288=DIRECTION('',(0.,-5.72118872610983E-18,1.));
#4289=DIRECTION('',(-0.705757556807956,-0.705757556807946,0.0617457854184714));
#4290=DIRECTION('center_axis',(1.93329883974586E-9,-0.64278760968654,0.766044443118978));
#4291=DIRECTION('ref_axis',(1.,0.,-2.52374239786189E-9));
#4292=DIRECTION('',(1.,-5.22277989414223E-10,-2.96198566615138E-9));
#4293=DIRECTION('',(-1.,5.22277989414223E-10,2.96198566615138E-9));
#4294=DIRECTION('center_axis',(0.707106781186533,-0.696364240320034,0.122787803968975));
#4295=DIRECTION('ref_axis',(0.171087869746042,0.,-0.985255774317391));
#4296=DIRECTION('',(0.,0.17364817766693,0.984807753012208));
#4297=DIRECTION('',(0.,-0.17364817766693,-0.984807753012208));
#4298=DIRECTION('center_axis',(0.329790678678071,-0.649261219332482,0.685345151969397));
#4299=DIRECTION('ref_axis',(0.901099456022407,0.,-0.433612465637373));
#4300=DIRECTION('',(-0.862543364808612,0.0878630511968019,0.498296124868563));
#4301=DIRECTION('',(0.862543364808612,-0.0878630511968019,-0.498296124868563));
#4302=DIRECTION('center_axis',(0.,1.,5.72118872610983E-18));
#4303=DIRECTION('ref_axis',(0.,-5.72118872610983E-18,1.));
#4304=DIRECTION('',(1.,0.,0.));
#4305=DIRECTION('',(0.999999999625819,-1.56510006964336E-22,2.73562041835939E-5));
#4306=DIRECTION('',(0.999999999999998,-4.03169912286691E-25,7.0469605459219E-8));
#4307=DIRECTION('',(1.,0.,0.));
#4308=DIRECTION('center_axis',(2.96198566615138E-9,0.,1.));
#4309=DIRECTION('ref_axis',(1.,0.,-2.96198566615138E-9));
#4310=DIRECTION('',(0.,1.,0.));
#4311=DIRECTION('center_axis',(0.127801096697582,0.,0.991799818351917));
#4312=DIRECTION('ref_axis',(0.991799818351917,0.,-0.127801096697582));
#4313=DIRECTION('center_axis',(0.500230735430679,0.,0.865892147631841));
#4314=DIRECTION('ref_axis',(0.865892147631841,0.,-0.500230735430679));
#4315=DIRECTION('center_axis',(0.,0.,-1.));
#4316=DIRECTION('ref_axis',(-1.,0.,0.));
#4317=DIRECTION('',(1.63268091856641E-16,1.,0.));
#4318=DIRECTION('center_axis',(1.,0.,0.));
#4319=DIRECTION('ref_axis',(0.,0.,-1.));
#4320=DIRECTION('center_axis',(0.,1.,0.));
#4321=DIRECTION('ref_axis',(0.,0.,1.));
#4322=DIRECTION('',(1.,0.,5.19351691976997E-9));
#4323=DIRECTION('',(0.0764722309729082,0.,0.997071711508268));
#4324=DIRECTION('',(-0.990041818233975,0.,0.140773570488092));
#4325=DIRECTION('',(-0.140773806601031,0.,-0.99004178466116));
#4326=DIRECTION('',(-0.140773806601031,0.,-0.99004178466116));
#4327=DIRECTION('',(-0.14077380660103,0.,-0.99004178466116));
#4328=DIRECTION('',(0.996919517644012,0.,-0.0784313415697467));
#4329=DIRECTION('',(0.990041820306066,0.,0.140773555915346));
#4330=DIRECTION('',(-0.996919624100387,0.,-0.0784299884198837));
#4331=DIRECTION('',(-1.,0.,1.4801629982016E-14));
#4332=DIRECTION('',(0.996920452591012,0.,0.0784194568058961));
#4333=DIRECTION('',(0.990041820305706,0.,0.140773555917878));
#4334=DIRECTION('',(0.99004181874866,0.,0.140773566868376));
#4335=DIRECTION('',(0.990041820290423,0.,0.140773556025363));
#4336=DIRECTION('center_axis',(-0.500230724150442,0.,0.865892154148497));
#4337=DIRECTION('ref_axis',(0.865892154148497,0.,0.500230724150442));
#4338=DIRECTION('center_axis',(-1.,0.,-3.14218209875791E-14));
#4339=DIRECTION('ref_axis',(-3.14218209875791E-14,0.,1.));
#4340=DIRECTION('center_axis',(0.,1.,0.));
#4341=DIRECTION('ref_axis',(0.,0.,-1.));
#4342=DIRECTION('',(0.,1.,0.));
#4343=DIRECTION('center_axis',(0.,1.,0.));
#4344=DIRECTION('ref_axis',(0.,0.,-1.));
#4345=DIRECTION('center_axis',(0.,1.,0.));
#4346=DIRECTION('ref_axis',(0.,0.,-1.));
#4347=DIRECTION('center_axis',(0.,1.,0.));
#4348=DIRECTION('ref_axis',(0.,0.,-1.));
#4349=DIRECTION('',(0.,1.,0.));
#4350=DIRECTION('center_axis',(0.,1.,0.));
#4351=DIRECTION('ref_axis',(0.,0.,-1.));
#4352=DIRECTION('center_axis',(0.,1.,0.));
#4353=DIRECTION('ref_axis',(0.,0.,-1.));
#4354=DIRECTION('center_axis',(0.,1.,0.));
#4355=DIRECTION('ref_axis',(0.,0.,-1.));
#4356=DIRECTION('',(0.,1.,0.));
#4357=DIRECTION('center_axis',(0.,1.,0.));
#4358=DIRECTION('ref_axis',(0.,0.,-1.));
#4359=DIRECTION('center_axis',(0.,1.,0.));
#4360=DIRECTION('ref_axis',(0.,0.,-1.));
#4361=DIRECTION('center_axis',(0.,1.,0.));
#4362=DIRECTION('ref_axis',(0.,0.,-1.));
#4363=DIRECTION('',(0.,1.,0.));
#4364=DIRECTION('center_axis',(0.,1.,0.));
#4365=DIRECTION('ref_axis',(0.,0.,-1.));
#4366=DIRECTION('center_axis',(0.,1.,0.));
#4367=DIRECTION('ref_axis',(0.,0.,-1.));
#4368=DIRECTION('center_axis',(0.,1.,0.));
#4369=DIRECTION('ref_axis',(0.,0.,-1.));
#4370=DIRECTION('',(0.,1.,0.));
#4371=DIRECTION('center_axis',(0.,1.,0.));
#4372=DIRECTION('ref_axis',(0.,0.,-1.));
#4373=DIRECTION('center_axis',(0.,1.,0.));
#4374=DIRECTION('ref_axis',(0.,0.,-1.));
#4375=DIRECTION('center_axis',(0.,1.,0.));
#4376=DIRECTION('ref_axis',(0.,0.,-1.));
#4377=DIRECTION('',(0.,1.,0.));
#4378=DIRECTION('center_axis',(0.,1.,0.));
#4379=DIRECTION('ref_axis',(0.,0.,-1.));
#4380=DIRECTION('center_axis',(0.,1.,0.));
#4381=DIRECTION('ref_axis',(0.,0.,-1.));
#4382=DIRECTION('center_axis',(0.140773571624604,0.,-0.990041818072374));
#4383=DIRECTION('ref_axis',(-0.990041818072374,0.,-0.140773571624604));
#4384=DIRECTION('center_axis',(-0.990035341893721,0.,0.140819110213716));
#4385=DIRECTION('ref_axis',(0.140819110213716,0.,0.990035341893721));
#4386=DIRECTION('',(0.,1.,0.));
#4387=DIRECTION('center_axis',(-0.140819126947264,0.,-0.990035339513601));
#4388=DIRECTION('ref_axis',(-0.990035339513601,0.,0.140819126947264));
#4389=DIRECTION('',(0.,1.,0.));
#4390=DIRECTION('',(0.,1.,0.));
#4391=DIRECTION('center_axis',(0.,0.984807753012208,-0.17364817766693));
#4392=DIRECTION('ref_axis',(0.,0.17364817766693,0.984807753012208));
#4393=DIRECTION('',(-0.862543371450221,-0.0878630492307796,-0.498296113718697));
#4394=DIRECTION('center_axis',(-0.500230724150441,0.,0.865892154148498));
#4395=DIRECTION('ref_axis',(-0.865892154148498,0.,-0.500230724150441));
#4396=DIRECTION('center_axis',(1.,-1.63268091856641E-16,0.));
#4397=DIRECTION('ref_axis',(1.63268091856641E-16,1.,0.));
#4398=DIRECTION('',(-1.63268091856641E-16,-1.,-1.1505438017217E-23));
#4399=DIRECTION('center_axis',(7.0469605459219E-8,0.,-0.999999999999998));
#4400=DIRECTION('ref_axis',(0.999999999999998,0.,7.0469605459219E-8));
#4401=DIRECTION('',(0.,1.,0.));
#4402=DIRECTION('center_axis',(0.,1.,0.));
#4403=DIRECTION('ref_axis',(0.756245765180841,0.,-0.654287660472093));
#4404=DIRECTION('',(0.,1.,0.));
#4405=DIRECTION('center_axis',(0.,1.,0.));
#4406=DIRECTION('ref_axis',(0.756245765180841,0.,-0.654287660472093));
#4407=DIRECTION('',(0.,1.,0.));
#4408=DIRECTION('center_axis',(0.,-1.,0.));
#4409=DIRECTION('ref_axis',(0.,0.,-1.));
#4410=DIRECTION('',(1.,0.,-1.81752063124024E-13));
#4411=DIRECTION('center_axis',(0.,1.,0.));
#4412=DIRECTION('ref_axis',(0.756261251206263,0.,-0.654269760820365));
#4413=DIRECTION('',(0.,-1.,0.));
#4414=DIRECTION('center_axis',(0.,1.,0.));
#4415=DIRECTION('ref_axis',(0.756261251206263,0.,-0.654269760820365));
#4416=DIRECTION('center_axis',(0.,-1.,0.));
#4417=DIRECTION('ref_axis',(0.,0.,-1.));
#4418=DIRECTION('',(0.99999999962397,0.,2.74237060671371E-5));
#4419=DIRECTION('center_axis',(0.,1.,0.));
#4420=DIRECTION('ref_axis',(-0.756245781969527,0.,0.654287641067213));
#4421=DIRECTION('',(0.,-1.,0.));
#4422=DIRECTION('center_axis',(0.,1.,0.));
#4423=DIRECTION('ref_axis',(-0.756245781969527,0.,0.654287641067213));
#4424=DIRECTION('',(0.,1.,0.));
#4425=DIRECTION('center_axis',(0.,-1.,0.));
#4426=DIRECTION('ref_axis',(0.,0.,-1.));
#4427=DIRECTION('',(-1.,0.,9.47469158629694E-16));
#4428=DIRECTION('',(-1.,0.,1.45861071456461E-8));
#4429=DIRECTION('center_axis',(2.74237060671371E-5,0.,-0.99999999962397));
#4430=DIRECTION('ref_axis',(-0.99999999962397,0.,-2.74237060671371E-5));
#4431=DIRECTION('center_axis',(1.45861071456461E-8,0.,1.));
#4432=DIRECTION('ref_axis',(1.,0.,-1.45861071456461E-8));
#4433=DIRECTION('',(0.,1.,0.));
#4434=DIRECTION('',(0.,1.,0.));
#4435=DIRECTION('center_axis',(9.47469158629694E-16,0.,1.));
#4436=DIRECTION('ref_axis',(1.,0.,-9.47469158629694E-16));
#4437=DIRECTION('',(0.,1.,0.));
#4438=DIRECTION('center_axis',(0.140773555915346,0.,-0.990041820306066));
#4439=DIRECTION('ref_axis',(-0.990041820306066,0.,-0.140773555915346));
#4440=DIRECTION('center_axis',(-0.0784299884198837,0.,0.996919624100387));
#4441=DIRECTION('ref_axis',(0.996919624100387,0.,0.0784299884198837));
#4442=DIRECTION('center_axis',(1.4801629982016E-14,0.,1.));
#4443=DIRECTION('ref_axis',(1.,0.,-1.4801629982016E-14));
#4444=DIRECTION('center_axis',(0.0784194568058961,0.,-0.996920452591012));
#4445=DIRECTION('ref_axis',(-0.996920452591012,0.,-0.0784194568058961));
#4446=DIRECTION('',(0.,1.,0.));
#4447=DIRECTION('center_axis',(0.140773555917878,0.,-0.990041820305706));
#4448=DIRECTION('ref_axis',(-0.990041820305706,0.,-0.140773555917878));
#4449=DIRECTION('center_axis',(0.140773566868376,0.,-0.99004181874866));
#4450=DIRECTION('ref_axis',(-0.99004181874866,0.,-0.140773566868376));
#4451=DIRECTION('center_axis',(0.140773556025363,0.,-0.990041820290423));
#4452=DIRECTION('ref_axis',(-0.990041820290423,0.,-0.140773556025363));
#4453=DIRECTION('center_axis',(5.19351691976997E-9,0.,-1.));
#4454=DIRECTION('ref_axis',(-1.,0.,-5.19351691976997E-9));
#4455=DIRECTION('center_axis',(0.997071711508268,0.,-0.0764722309729082));
#4456=DIRECTION('ref_axis',(-0.0764722309729082,0.,-0.997071711508268));
#4457=DIRECTION('center_axis',(0.140773570488092,0.,0.990041818233975));
#4458=DIRECTION('ref_axis',(0.990041818233975,0.,-0.140773570488092));
#4459=DIRECTION('center_axis',(-0.99004178466116,0.,0.140773806601031));
#4460=DIRECTION('ref_axis',(0.140773806601031,0.,0.99004178466116));
#4461=DIRECTION('center_axis',(-0.99004178466116,0.,0.140773806601031));
#4462=DIRECTION('ref_axis',(0.140773806601031,0.,0.99004178466116));
#4463=DIRECTION('center_axis',(-0.990041784661161,0.,0.14077380660103));
#4464=DIRECTION('ref_axis',(0.14077380660103,0.,0.99004178466116));
#4465=DIRECTION('center_axis',(-0.0784313415697467,0.,-0.996919517644012));
#4466=DIRECTION('ref_axis',(-0.996919517644012,0.,0.0784313415697467));
#4467=DIRECTION('center_axis',(0.140773568400291,0.,0.990041818530838));
#4468=DIRECTION('ref_axis',(0.990041818530838,0.,-0.140773568400291));
#4469=DIRECTION('',(0.,1.,0.));
#4470=DIRECTION('center_axis',(0.074909606395664,0.,0.997190328307313));
#4471=DIRECTION('ref_axis',(0.997190328307313,0.,-0.074909606395664));
#4472=DIRECTION('center_axis',(0.,0.,1.));
#4473=DIRECTION('ref_axis',(1.,0.,0.));
#4474=DIRECTION('center_axis',(-2.28736761149946E-13,0.,-1.));
#4475=DIRECTION('ref_axis',(-1.,0.,2.28736761149946E-13));
#4476=DIRECTION('',(0.,1.,0.));
#4477=DIRECTION('center_axis',(-1.59004008269493E-10,0.,-1.));
#4478=DIRECTION('ref_axis',(-1.,0.,1.59004008269493E-10));
#4479=DIRECTION('center_axis',(0.140773523195707,0.,-0.990041824958455));
#4480=DIRECTION('ref_axis',(-0.990041824958455,0.,-0.140773523195707));
#4481=DIRECTION('',(0.,1.,0.));
#4482=DIRECTION('center_axis',(-0.140773555930189,0.,0.990041820303956));
#4483=DIRECTION('ref_axis',(0.990041820303956,0.,0.140773555930189));
#4484=DIRECTION('center_axis',(-1.,0.,0.));
#4485=DIRECTION('ref_axis',(0.,0.,1.));
#4486=DIRECTION('',(0.,1.,0.));
#4487=DIRECTION('center_axis',(1.23268812580027E-16,0.,1.));
#4488=DIRECTION('ref_axis',(1.,0.,-1.23268812580027E-16));
#4489=DIRECTION('center_axis',(-1.81752063124024E-13,0.,-1.));
#4490=DIRECTION('ref_axis',(-1.,0.,1.81752063124024E-13));
#4491=DIRECTION('center_axis',(2.73562041835939E-5,0.,-0.999999999625819));
#4492=DIRECTION('ref_axis',(0.999999999625819,0.,2.73562041835939E-5));
#4493=DIRECTION('center_axis',(3.42944369836381E-11,0.,1.));
#4494=DIRECTION('ref_axis',(1.,0.,-3.42944369836381E-11));
#4495=DIRECTION('',(0.,1.,0.));
#4496=DIRECTION('center_axis',(-0.127801081399243,0.,0.991799820323226));
#4497=DIRECTION('ref_axis',(0.991799820323226,0.,0.127801081399243));
#4498=CARTESIAN_POINT('',(0.,0.,0.));
#4499=CARTESIAN_POINT('Origin',(4.99999959745876,-3.20000000000009,-46.8240900227118));
#4500=CARTESIAN_POINT('',(5.99999959745876,-3.20000000000009,-46.8240900227118));
#4501=CARTESIAN_POINT('',(4.99999959745876,-4.20000000000009,-46.8240900227118));
#4502=CARTESIAN_POINT('Origin',(4.99999959745876,-3.20000000000009,-46.8240900227118));
#4503=CARTESIAN_POINT('',(4.99999959745876,-4.20000000000009,-44.8240896703638));
#4504=CARTESIAN_POINT('',(4.99999959745876,-4.20000000000009,-46.8240900227118));
#4505=CARTESIAN_POINT('',(5.99999959745876,-3.20000000000009,-44.8240895998942));
#4506=CARTESIAN_POINT('Origin',(4.99999959745876,-3.20000000000009,-44.8240896703638));
#4507=CARTESIAN_POINT('',(5.99999959745876,-3.20000000000009,-46.8240900227118));
#4508=CARTESIAN_POINT('Origin',(-6.00000040254125,-4.20000000000009,-46.8240900227118));
#4509=CARTESIAN_POINT('',(-5.00000040254124,-4.20000000000009,-46.8240900227118));
#4510=CARTESIAN_POINT('',(62.6954408148796,-4.20000000000008,-46.8240900227118));
#4511=CARTESIAN_POINT('',(-5.00000040254124,-4.20000000000009,-44.8240903750599));
#4512=CARTESIAN_POINT('',(-5.00000040254125,-4.20000000000009,-46.8240900227118));
#4513=CARTESIAN_POINT('',(-45.6138187964492,-4.20000000000009,-44.8240932370996));
#4514=CARTESIAN_POINT('Origin',(4.99999959745876,1.6,-22.251033647876));
#4515=CARTESIAN_POINT('',(5.99999959745876,1.6,-44.8240895998942));
#4516=CARTESIAN_POINT('',(4.99999959745876,2.6,-44.8240896703638));
#4517=CARTESIAN_POINT('Origin',(4.99999959745876,1.6,-44.8240896703638));
#4518=CARTESIAN_POINT('',(4.99999959745876,2.59999999999991,-46.8240900227118));
#4519=CARTESIAN_POINT('',(4.99999959745876,2.6,-22.251033647876));
#4520=CARTESIAN_POINT('',(5.99999959745876,1.6,-46.8240900227118));
#4521=CARTESIAN_POINT('Origin',(4.99999959745876,1.6,-46.8240900227118));
#4522=CARTESIAN_POINT('',(5.99999959745876,1.6,-22.251033647876));
#4523=CARTESIAN_POINT('Origin',(-1.36405240258597E-5,2.6,2.32202272695984));
#4524=CARTESIAN_POINT('',(85.2275431670882,2.6,-44.8240840167605));
#4525=CARTESIAN_POINT('',(42.6137664244661,2.6,-44.8240870197365));
#4526=CARTESIAN_POINT('',(124.390936744709,2.6,-44.8230126549688));
#4527=CARTESIAN_POINT('',(63.1960790970398,2.6,-44.8246867139902));
#4528=CARTESIAN_POINT('',(126.390882032301,2.6,-42.8230126557172));
#4529=CARTESIAN_POINT('Origin',(124.390882032301,2.6,-42.8230126557172));
#4530=CARTESIAN_POINT('',(126.390882032301,2.6,-39.8230306267385));
#4531=CARTESIAN_POINT('',(126.390882032301,2.6,10.8272520698397));
#4532=CARTESIAN_POINT('',(124.390936879713,2.6,-41.8230306259865));
#4533=CARTESIAN_POINT('Origin',(124.390882032301,2.6,-39.8230306267385));
#4534=CARTESIAN_POINT('',(92.414948932967,2.6,-41.8239063795596));
#4535=CARTESIAN_POINT('',(63.1960395531464,2.6,-41.8247088168642));
#4536=CARTESIAN_POINT('',(85.4149586513541,2.6,-41.8240994917575));
#4537=CARTESIAN_POINT('Origin',(88.9148659932284,2.6,-38.7958543351351));
#4538=CARTESIAN_POINT('',(48.6100225403538,2.6,-36.5890961182595));
#4539=CARTESIAN_POINT('',(40.4770271393796,2.6,-35.4322869677307));
#4540=CARTESIAN_POINT('',(47.8073536121358,2.6,-42.2322975670537));
#4541=CARTESIAN_POINT('',(50.840467749374,2.6,-20.907846735724));
#4542=CARTESIAN_POINT('',(45.5456447079209,2.6,-43.9307300304138));
#4543=CARTESIAN_POINT('Origin',(45.8272829283484,2.6,-41.9506593466264));
#4544=CARTESIAN_POINT('',(10.8944077416405,2.6,-39.0020611729337));
#4545=CARTESIAN_POINT('',(20.9902520922487,2.6,-40.4380582107661));
#4546=CARTESIAN_POINT('',(9.19597527828052,2.6,-36.7403522687188));
#4547=CARTESIAN_POINT('Origin',(11.176045962068,2.6,-37.0219904891462));
#4548=CARTESIAN_POINT('',(9.99865245688523,2.6,-31.0971506930306));
#4549=CARTESIAN_POINT('',(11.6869358411965,2.6,-19.2275375036808));
#4550=CARTESIAN_POINT('',(-2.26793191451184E-7,2.6,-31.0971506930283));
#4551=CARTESIAN_POINT('',(4.99931940817678,2.6,-31.0971506930294));
#4552=CARTESIAN_POINT('',(-9.99865413426178,2.6,-31.0971506914385));
#4553=CARTESIAN_POINT('',(-6.93631549991885E-6,2.6,-31.0971506930283));
#4554=CARTESIAN_POINT('',(-9.19624477600154,2.6,-36.740389054451));
#4555=CARTESIAN_POINT('',(-12.2284254994574,2.6,-15.4154650539467));
#4556=CARTESIAN_POINT('',(-10.8947812688971,2.6,-39.0020198338449));
#4557=CARTESIAN_POINT('Origin',(-11.1763284121463,2.6,-37.0219361977002));
#4558=CARTESIAN_POINT('',(-45.5462449014301,2.6,-43.9290948407061));
#4559=CARTESIAN_POINT('',(-1.68560602068787,2.6,-37.6925716188883));
#4560=CARTESIAN_POINT('',(-47.8078756808241,2.6,-42.2305583478106));
#4561=CARTESIAN_POINT('Origin',(-45.8277920446793,2.6,-41.9490112045613));
#4562=CARTESIAN_POINT('',(-48.610285370159,2.6,-36.5873176563945));
#4563=CARTESIAN_POINT('',(-50.2980781535254,2.6,-24.7172953468854));
#4564=CARTESIAN_POINT('',(-85.4398556289079,2.6,-41.8240952111452));
#4565=CARTESIAN_POINT('',(-2.76956323900203,2.6,-30.0692500824208));
#4566=CARTESIAN_POINT('',(-92.4398544702573,2.6,-41.8240956526486));
#4567=CARTESIAN_POINT('Origin',(-88.9398544776114,2.6,-38.7959704918117));
#4568=CARTESIAN_POINT('',(-124.390882591205,2.6,-41.8240952111381));
#4569=CARTESIAN_POINT('',(-42.71993463472,2.6,-41.8240952111529));
#4570=CARTESIAN_POINT('',(-126.390882591205,2.6,-39.8240952111381));
#4571=CARTESIAN_POINT('Origin',(-124.390882591205,2.6,-39.8240952111381));
#4572=CARTESIAN_POINT('',(-126.390882591205,2.6,-42.824094473063));
#4573=CARTESIAN_POINT('',(-126.390882591205,2.6,-21.2510358333314));
#4574=CARTESIAN_POINT('',(-124.390882670647,2.6,-44.824094473063));
#4575=CARTESIAN_POINT('Origin',(-124.390882591205,2.6,-42.824094473063));
#4576=CARTESIAN_POINT('',(-85.227637049418,2.6,-44.8240960286698));
#4577=CARTESIAN_POINT('',(-42.6138262813187,2.6,-44.8240977213367));
#4578=CARTESIAN_POINT('',(-5.00000040254124,2.6,-44.8240903750599));
#4579=CARTESIAN_POINT('',(42.6137664244661,2.6,-44.8240870197365));
#4580=CARTESIAN_POINT('',(-5.00000040254124,2.59999999999991,-46.8240900227118));
#4581=CARTESIAN_POINT('',(-5.00000040254124,2.6,-22.251033647876));
#4582=CARTESIAN_POINT('',(68.6954408148796,2.59999999999991,-46.8240900227118));
#4583=CARTESIAN_POINT('Origin',(-5.00000040254124,1.6,-22.251033647876));
#4584=CARTESIAN_POINT('',(-6.00000040254125,1.6,-44.8240904455295));
#4585=CARTESIAN_POINT('Origin',(-5.00000040254124,1.6,-44.8240903750599));
#4586=CARTESIAN_POINT('',(-6.00000040254125,1.6,-46.8240900227118));
#4587=CARTESIAN_POINT('',(-6.00000040254124,1.6,-22.251033647876));
#4588=CARTESIAN_POINT('Origin',(-5.00000040254124,1.6,-46.8240900227118));
#4589=CARTESIAN_POINT('Origin',(-6.00000040254124,2.59999999999991,-46.8240900227118));
#4590=CARTESIAN_POINT('',(-6.00000040254125,-3.20000000000009,-44.8240904455295));
#4591=CARTESIAN_POINT('',(-6.00000040254125,1.29999999999995,-44.8240904455295));
#4592=CARTESIAN_POINT('',(-6.00000040254125,-3.20000000000009,-46.8240900227118));
#4593=CARTESIAN_POINT('',(-6.00000040254125,-3.20000000000009,-46.8240900227118));
#4594=CARTESIAN_POINT('',(-6.00000040254125,2.09999999999997,-46.8240900227118));
#4595=CARTESIAN_POINT('Origin',(-5.00000040254125,-3.20000000000009,-46.8240900227118));
#4596=CARTESIAN_POINT('Origin',(-5.00000040254125,-3.20000000000009,-46.8240900227118));
#4597=CARTESIAN_POINT('Origin',(-5.00000040254125,-3.20000000000009,-44.8240903750599));
#4598=CARTESIAN_POINT('Origin',(-92.095431899182,0.,36.8353992729162));
#4599=CARTESIAN_POINT('',(-92.3510340619804,2.6,38.8189989135626));
#4600=CARTESIAN_POINT('',(-93.0958933474828,2.6,38.5671835812132));
#4601=CARTESIAN_POINT('Origin',(-92.095431899182,2.6,36.8353992729162));
#4602=CARTESIAN_POINT('',(-92.3510340619804,-4.6771852018158,38.8189989135626));
#4603=CARTESIAN_POINT('',(-92.3510340619804,0.,38.8189989135626));
#4604=CARTESIAN_POINT('',(-93.0958933474828,-4.72158703906508,38.5671835812132));
#4605=CARTESIAN_POINT('Origin',(-92.095431899182,-5.02694733738538,36.8353992729162));
#4606=CARTESIAN_POINT('',(-93.0958933474828,0.,38.5671835812132));
#4607=CARTESIAN_POINT('Origin',(-9.70840247451479,0.,49.4681414825894));
#4608=CARTESIAN_POINT('',(-9.83567740272361,2.6,49.4517411232359));
#4609=CARTESIAN_POINT('',(-49.4416018712318,2.6,44.348211284682));
#4610=CARTESIAN_POINT('',(-9.83567740272361,-2.80234587133266,49.4517411232359));
#4611=CARTESIAN_POINT('',(-9.83567740272361,0.,49.4517411232359));
#4612=CARTESIAN_POINT('',(-7.79870398640519,-2.75606360302917,49.7142209100362));
#4613=CARTESIAN_POINT('Origin',(-9.58007523992513,0.,47.4681414825894));
#4614=CARTESIAN_POINT('',(-9.58007523992513,2.6,49.4681414825894));
#4615=CARTESIAN_POINT('Origin',(-9.58007523992513,2.6,47.4681414825894));
#4616=CARTESIAN_POINT('',(-9.58007523992513,-2.79945404548531,49.4681414825894));
#4617=CARTESIAN_POINT('',(-9.58007523992513,0.,49.4681414825894));
#4618=CARTESIAN_POINT('Origin',(-9.58007523992513,-3.15210800690225,47.4681414825894));
#4619=CARTESIAN_POINT('Origin',(3.60773818597337E-7,0.,49.4681414825894));
#4620=CARTESIAN_POINT('',(3.60773818356916E-7,2.6,49.4681414825894));
#4621=CARTESIAN_POINT('',(-4.8542080575194,2.6,49.4681414825894));
#4622=CARTESIAN_POINT('',(3.60773818356916E-7,-2.79945404548531,49.4681414825894));
#4623=CARTESIAN_POINT('',(3.60773818356916E-7,0.,49.4681414825894));
#4624=CARTESIAN_POINT('',(4.06606165404E-8,-2.79945404548531,49.4681414825894));
#4625=CARTESIAN_POINT('Origin',(9.58007593872129,0.,47.4681414127214));
#4626=CARTESIAN_POINT('',(9.83567813211645,2.6,49.4517410494253));
#4627=CARTESIAN_POINT('',(9.58007595330739,2.6,49.4681414127214));
#4628=CARTESIAN_POINT('Origin',(9.58007593872129,2.6,47.4681414127214));
#4629=CARTESIAN_POINT('',(9.83567813211645,-2.80234588434747,49.4517410494253));
#4630=CARTESIAN_POINT('',(9.83567813211645,0.,49.4517410494253));
#4631=CARTESIAN_POINT('',(9.58007595330739,-2.79945405780493,49.4681414127215));
#4632=CARTESIAN_POINT('Origin',(9.58007593872129,-3.15210801922186,47.4681414127214));
#4633=CARTESIAN_POINT('',(9.58007595330739,0.,49.4681414127214));
#4634=CARTESIAN_POINT('Origin',(9.70840319606242,0.,49.4681414117855));
#4635=CARTESIAN_POINT('',(4.85420162310657,-2.79945405172763,49.4681414471875));
#4636=CARTESIAN_POINT('',(-6.46795551160523E-6,2.6,49.4681414825895));
#4637=CARTESIAN_POINT('Origin',(92.0954324373198,0.,36.8353979298315));
#4638=CARTESIAN_POINT('',(93.0958939081812,2.6,38.5671822250952));
#4639=CARTESIAN_POINT('',(92.3510346307149,2.6,38.8189975665353));
#4640=CARTESIAN_POINT('Origin',(92.0954324373198,2.6,36.8353979298315));
#4641=CARTESIAN_POINT('',(93.0958939081812,-4.72158727818527,38.5671822250952));
#4642=CARTESIAN_POINT('',(93.0958939081812,0.,38.5671822250952));
#4643=CARTESIAN_POINT('',(92.3510346307149,-4.67718543933306,38.8189975665353));
#4644=CARTESIAN_POINT('Origin',(92.0954324373198,-5.02694757420745,36.8353979298315));
#4645=CARTESIAN_POINT('',(92.3510346307149,0.,38.8189975665353));
#4646=CARTESIAN_POINT('Origin',(92.7487062090046,0.,38.7677545002527));
#4647=CARTESIAN_POINT('',(7.92143760188346,2.6,49.698405784163));
#4648=CARTESIAN_POINT('',(49.2977820251466,-3.69896823976152,44.3667429861027));
#4649=CARTESIAN_POINT('Origin',(124.390882032301,0.,-42.8230126557172));
#4650=CARTESIAN_POINT('',(124.390936744709,-13.,-44.8230126549688));
#4651=CARTESIAN_POINT('',(124.390936744709,0.,-44.8230126549688));
#4652=CARTESIAN_POINT('',(126.390882032301,-13.,-42.8230126557172));
#4653=CARTESIAN_POINT('Origin',(124.390882032301,-13.,-42.8230126557172));
#4654=CARTESIAN_POINT('',(126.390882032301,0.,-42.8230126557172));
#4655=CARTESIAN_POINT('Origin',(126.390882032301,0.,-44.8229579440572));
#4656=CARTESIAN_POINT('',(126.3908820323,-13.,-8.38202933942467));
#4657=CARTESIAN_POINT('',(126.390882032301,-13.,-20.7504661071386));
#4658=CARTESIAN_POINT('',(126.3908820323,-8.31672621834223,18.1781361147833));
#4659=CARTESIAN_POINT('',(126.3908820323,-14.7261446621362,-18.1714821798279));
#4660=CARTESIAN_POINT('',(126.390882032301,2.6,18.1781361147833));
#4661=CARTESIAN_POINT('',(126.390882032301,0.,18.1781361147833));
#4662=CARTESIAN_POINT('',(126.390882032301,2.6,17.3324814127195));
#4663=CARTESIAN_POINT('',(126.390882032301,2.6,-21.2504676085487));
#4664=CARTESIAN_POINT('',(126.390882032301,8.6,17.3324814127195));
#4665=CARTESIAN_POINT('',(126.390882032301,0.8,17.3324814127195));
#4666=CARTESIAN_POINT('',(126.390882032301,8.6,16.8324814127195));
#4667=CARTESIAN_POINT('',(126.390882032301,8.6,10.952247681017));
#4668=CARTESIAN_POINT('',(126.390882032301,15.6,16.8324814127195));
#4669=CARTESIAN_POINT('',(126.390882032301,4.3,16.8324814127195));
#4670=CARTESIAN_POINT('',(126.390882032301,15.6,-36.3175188232833));
#4671=CARTESIAN_POINT('',(126.390882032301,15.6,11.0772535712497));
#4672=CARTESIAN_POINT('',(126.390882032301,8.6,-36.3175188232833));
#4673=CARTESIAN_POINT('',(126.390882032301,4.3,-36.3175188232833));
#4674=CARTESIAN_POINT('',(126.390882032301,8.6,-39.8230306267385));
#4675=CARTESIAN_POINT('',(126.390882032301,8.6,10.952247681017));
#4676=CARTESIAN_POINT('',(126.390882032301,0.8,-39.8230306267385));
#4677=CARTESIAN_POINT('Origin',(-124.390882591205,0.,-42.824094473063));
#4678=CARTESIAN_POINT('',(-126.390882591205,-13.,-42.8240944730631));
#4679=CARTESIAN_POINT('',(-126.390882591205,0.,-42.824094473063));
#4680=CARTESIAN_POINT('',(-124.390882670647,-13.,-44.824094473063));
#4681=CARTESIAN_POINT('Origin',(-124.390882591205,-13.,-42.824094473063));
#4682=CARTESIAN_POINT('',(-124.390882670647,0.,-44.824094473063));
#4683=CARTESIAN_POINT('Origin',(-126.390882591204,0.,-44.8240943936208));
#4684=CARTESIAN_POINT('',(-85.227637049418,-13.,-44.8240960286698));
#4685=CARTESIAN_POINT('',(-63.1954423915368,-13.,-44.8240969038125));
#4686=CARTESIAN_POINT('',(-85.227637049418,0.,-44.8240960286698));
#4687=CARTESIAN_POINT('Origin',(124.390882032301,0.8,-39.8230306267385));
#4688=CARTESIAN_POINT('',(124.390936879713,8.6,-41.8230306259865));
#4689=CARTESIAN_POINT('Origin',(124.390882032301,8.6,-39.8230306267385));
#4690=CARTESIAN_POINT('',(124.390936879713,0.8,-41.8230306259865));
#4691=CARTESIAN_POINT('Origin',(-1.36405240169779E-5,8.6,2.57201394931459));
#4692=CARTESIAN_POINT('',(124.390882042688,8.6,-38.3175188232833));
#4693=CARTESIAN_POINT('Origin',(124.390882032301,8.6,-36.3175188232833));
#4694=CARTESIAN_POINT('',(86.9809979149914,8.6,-38.3175190175722));
#4695=CARTESIAN_POINT('',(63.1954343020685,8.6,-38.3175191411029));
#4696=CARTESIAN_POINT('',(84.8380255789501,8.6,-40.0760530451572));
#4697=CARTESIAN_POINT('Origin',(84.9948882620896,8.6,-38.0822140098692));
#4698=CARTESIAN_POINT('',(66.6149185445522,8.6,-38.6423738895373));
#4699=CARTESIAN_POINT('',(42.0106520549815,8.6,-36.706665344401));
#4700=CARTESIAN_POINT('',(12.0141141204892,8.6,-30.8786984554905));
#4701=CARTESIAN_POINT('',(31.0954505061235,8.6,-33.5918691515736));
#4702=CARTESIAN_POINT('',(10.315578164369,8.6,-28.6170672729661));
#4703=CARTESIAN_POINT('Origin',(12.2956617336913,8.6,-28.8986148861681));
#4704=CARTESIAN_POINT('',(12.7157714562332,8.6,-11.7368556229134));
#4705=CARTESIAN_POINT('',(12.2460324970575,8.6,-15.0404616608262));
#4706=CARTESIAN_POINT('',(12.1453971399792,8.6,-11.6557542425623));
#4707=CARTESIAN_POINT('',(5.48674748835362,8.6,-10.708962525909));
#4708=CARTESIAN_POINT('',(10.4468611551764,8.6,-9.39412305595959));
#4709=CARTESIAN_POINT('Origin',(12.4269447244987,8.6,-9.67567066916165));
#4710=CARTESIAN_POINT('',(12.847054383073,8.6,7.48608814421767));
#4711=CARTESIAN_POINT('',(11.0364450338801,8.6,-5.24766506371737));
#4712=CARTESIAN_POINT('',(12.1454137449667,8.6,7.58585424424423));
#4713=CARTESIAN_POINT('',(6.89325920551004,8.6,8.33265673355358));
#4714=CARTESIAN_POINT('',(10.4468777447765,8.6,9.84748543303491));
#4715=CARTESIAN_POINT('Origin',(12.4269613140988,8.6,9.56593781983284));
#4716=CARTESIAN_POINT('',(12.8470709358338,8.6,26.7276963741273));
#4717=CARTESIAN_POINT('',(9.69559120294708,8.6,4.56379604064169));
#4718=CARTESIAN_POINT('',(8.63719780560714,8.6,27.3262971267034));
#4719=CARTESIAN_POINT('',(8.23413763372311,8.6,27.38360814648));
#4720=CARTESIAN_POINT('',(6.93866179897712,8.6,29.5879283164098));
#4721=CARTESIAN_POINT('Origin',(8.91874536829944,8.6,29.3063807032077));
#4722=CARTESIAN_POINT('',(9.05730764931428,8.6,44.4880576045058));
#4723=CARTESIAN_POINT('',(4.84650486219506,8.6,14.8740917192839));
#4724=CARTESIAN_POINT('',(11.3189383596128,8.6,46.1865936277717));
#4725=CARTESIAN_POINT('Origin',(11.0373912186366,8.6,44.2065099913038));
#4726=CARTESIAN_POINT('',(70.6348147597322,8.6,37.7524976596135));
#4727=CARTESIAN_POINT('',(7.82089526491439,8.6,46.6839786948392));
#4728=CARTESIAN_POINT('',(87.6340593274084,8.6,36.4149117893838));
#4729=CARTESIAN_POINT('',(36.9102888026104,8.6,40.406112602375));
#4730=CARTESIAN_POINT('',(89.4713176283236,8.6,34.268130057633));
#4731=CARTESIAN_POINT('Origin',(87.4771742053071,8.6,34.4210745195788));
#4732=CARTESIAN_POINT('',(88.2874524411297,8.6,18.8324814127195));
#4733=CARTESIAN_POINT('',(88.0776371551033,8.6,16.0968362814422));
#4734=CARTESIAN_POINT('',(124.3908820323,8.6,18.8324814127195));
#4735=CARTESIAN_POINT('',(44.1437194003029,8.6,18.8324814127195));
#4736=CARTESIAN_POINT('Origin',(124.390882032301,8.6,16.8324814127195));
#4737=CARTESIAN_POINT('',(124.390882032301,8.6,19.3324814127195));
#4738=CARTESIAN_POINT('Origin',(124.390882032301,8.6,17.3324814127195));
#4739=CARTESIAN_POINT('',(90.3648031682247,8.6,19.3324814127195));
#4740=CARTESIAN_POINT('',(45.1823947638503,8.6,19.3324814127195));
#4741=CARTESIAN_POINT('',(90.3648031682247,8.6,34.916356822457));
#4742=CARTESIAN_POINT('',(90.3648031682247,8.6,19.6718823032583));
#4743=CARTESIAN_POINT('',(88.514622381016,8.6,36.9107374790716));
#4744=CARTESIAN_POINT('Origin',(88.3648031682247,8.6,34.916356822457));
#4745=CARTESIAN_POINT('',(70.6891799426025,8.6,38.2497966726729));
#4746=CARTESIAN_POINT('',(36.8754673119563,8.6,40.789905448334));
#4747=CARTESIAN_POINT('',(9.37421931988377,8.6,46.9681413341056));
#4748=CARTESIAN_POINT('',(7.8737706628891,8.6,47.1814894045538));
#4749=CARTESIAN_POINT('',(3.42541177644762E-7,8.6,46.9681414708389));
#4750=CARTESIAN_POINT('',(-6.32520807989554E-6,8.6,46.968141470839));
#4751=CARTESIAN_POINT('',(-9.37421951053219,8.6,46.9681414708389));
#4752=CARTESIAN_POINT('',(-4.68711657552809,8.6,46.9681414708389));
#4753=CARTESIAN_POINT('',(-70.6891793846868,8.6,38.2497977037528));
#4754=CARTESIAN_POINT('',(-38.5312637919443,8.6,42.8223157898104));
#4755=CARTESIAN_POINT('',(-88.514621815569,8.6,36.9107387721884));
#4756=CARTESIAN_POINT('',(-46.7132919232144,8.6,40.0508821016271));
#4757=CARTESIAN_POINT('',(-90.3648026318679,8.6,34.9163581133885));
#4758=CARTESIAN_POINT('Origin',(-88.3648026318679,8.6,34.9163581133885));
#4759=CARTESIAN_POINT('',(-90.3648026318679,8.6,19.3324827005395));
#4760=CARTESIAN_POINT('',(-90.3648026318679,8.6,10.9522483249271));
#4761=CARTESIAN_POINT('',(-124.390882591205,8.6,19.3324827005395));
#4762=CARTESIAN_POINT('',(-63.1954481158647,8.6,19.3324827005395));
#4763=CARTESIAN_POINT('',(-126.390882591205,8.6,17.3324827005395));
#4764=CARTESIAN_POINT('Origin',(-124.390882591205,8.6,17.3324827005395));
#4765=CARTESIAN_POINT('',(-126.390882591205,8.6,16.8324827005395));
#4766=CARTESIAN_POINT('',(-126.390882591205,8.6,-19.6260406309125));
#4767=CARTESIAN_POINT('',(-124.390882591205,8.6,18.8324827005395));
#4768=CARTESIAN_POINT('Origin',(-124.390882591205,8.6,16.8324827005395));
#4769=CARTESIAN_POINT('',(-88.2874322576102,8.6,18.832482700539));
#4770=CARTESIAN_POINT('',(-63.1954522922147,8.6,18.8324827005386));
#4771=CARTESIAN_POINT('',(-89.4711209125905,8.6,34.2683875901315));
#4772=CARTESIAN_POINT('',(-87.4095497956532,8.6,7.3844468255683));
#4773=CARTESIAN_POINT('',(-87.6338355340641,8.6,36.4151461035397));
#4774=CARTESIAN_POINT('Origin',(-87.4769755572244,8.6,34.4213068553389));
#4775=CARTESIAN_POINT('',(-70.6348140880913,8.6,37.752498707427));
#4776=CARTESIAN_POINT('',(-46.4044753837306,8.6,39.658755880073));
#4777=CARTESIAN_POINT('',(-11.3189335672863,8.6,46.1865943707596));
#4778=CARTESIAN_POINT('',(-38.4688877542847,8.6,42.3261558362945));
#4779=CARTESIAN_POINT('',(-9.05730281484425,8.6,44.4880578419832));
#4780=CARTESIAN_POINT('Origin',(-11.0373864554557,8.6,44.2065107301474));
#4781=CARTESIAN_POINT('',(-6.93866079828016,8.6,29.587928446382));
#4782=CARTESIAN_POINT('',(-6.18737603664412,8.6,24.30424197467));
#4783=CARTESIAN_POINT('',(-8.63719732706088,8.6,27.3262976939341));
#4784=CARTESIAN_POINT('Origin',(-8.91874443889157,8.6,29.3063813345462));
#4785=CARTESIAN_POINT('',(-12.847066095435,8.6,26.7276985395289));
#4786=CARTESIAN_POINT('',(-5.1391694333681,8.6,27.8236805470483));
#4787=CARTESIAN_POINT('',(-10.4468771113531,8.6,9.84748592891535));
#4788=CARTESIAN_POINT('',(-11.0364603906725,8.6,13.99394738365));
#4789=CARTESIAN_POINT('',(-12.1454136412838,8.6,7.58585518613412));
#4790=CARTESIAN_POINT('Origin',(-12.4269607533346,8.6,9.56593882671497));
#4791=CARTESIAN_POINT('',(-12.8470501103668,8.6,7.48608984413987));
#4792=CARTESIAN_POINT('',(-5.55240950755775,8.6,8.52331117816715));
#4793=CARTESIAN_POINT('',(-10.4468608375381,8.6,-9.39412286819475));
#4794=CARTESIAN_POINT('',(-12.3773123828947,8.6,4.18248672896049));
#4795=CARTESIAN_POINT('',(-12.1453973412987,8.6,-11.6557536394288));
#4796=CARTESIAN_POINT('Origin',(-12.4269444750355,8.6,-9.67567000193151));
#4797=CARTESIAN_POINT('',(-12.7157648497873,8.6,-11.7368539193112));
#4798=CARTESIAN_POINT('',(-4.21153319635207,8.6,-10.5276413379253));
#4799=CARTESIAN_POINT('',(-10.3155757678043,8.6,-28.6170670584405));
#4800=CARTESIAN_POINT('',(-13.5868952511287,8.6,-5.61030874126675));
#4801=CARTESIAN_POINT('',(-12.0141122975781,8.6,-30.8786978038683));
#4802=CARTESIAN_POINT('Origin',(-12.2956594094138,8.6,-28.8986141632568));
#4803=CARTESIAN_POINT('',(-66.6149209816885,8.6,-38.6423597389576));
#4804=CARTESIAN_POINT('',(-2.80502260650815,8.6,-29.5692619032936));
#4805=CARTESIAN_POINT('',(-84.8382798343657,8.6,-40.0758401121325));
#4806=CARTESIAN_POINT('',(-31.9012673649772,8.6,-35.9117247587087));
#4807=CARTESIAN_POINT('',(-86.9812031439941,8.6,-38.3175172994602));
#4808=CARTESIAN_POINT('Origin',(-84.9951187479775,8.6,-38.0819992069504));
#4809=CARTESIAN_POINT('',(-124.390882591205,8.6,-38.3175172994602));
#4810=CARTESIAN_POINT('',(-43.490608392259,8.6,-38.3175172994602));
#4811=CARTESIAN_POINT('',(-126.390882591205,8.6,-36.3175172994603));
#4812=CARTESIAN_POINT('Origin',(-124.390882591205,8.6,-36.3175172994602));
#4813=CARTESIAN_POINT('',(-126.390882591205,8.6,-39.8240952111381));
#4814=CARTESIAN_POINT('',(-126.390882591205,8.6,-19.6260406309125));
#4815=CARTESIAN_POINT('',(-124.390882591205,8.6,-41.8240952111381));
#4816=CARTESIAN_POINT('Origin',(-124.390882591205,8.6,-39.8240952111381));
#4817=CARTESIAN_POINT('',(-85.4398556289079,8.6,-41.8240952111452));
#4818=CARTESIAN_POINT('',(-42.71993463472,8.6,-41.8240952111529));
#4819=CARTESIAN_POINT('',(-48.610285370159,8.6,-36.5873176563945));
#4820=CARTESIAN_POINT('',(-2.75214239120328,8.6,-30.0667730212908));
#4821=CARTESIAN_POINT('',(-47.8078756808241,8.6,-42.2305583478106));
#4822=CARTESIAN_POINT('',(-50.3364531941605,8.6,-24.4474087867838));
#4823=CARTESIAN_POINT('',(-45.5462449014301,8.6,-43.9290948407061));
#4824=CARTESIAN_POINT('Origin',(-45.8277920446793,8.6,-41.9490112045613));
#4825=CARTESIAN_POINT('',(-10.8947812688971,8.6,-39.0020198338449));
#4826=CARTESIAN_POINT('',(-21.4950837359453,8.6,-40.5092717613372));
#4827=CARTESIAN_POINT('',(-9.19624477600154,8.6,-36.740389054451));
#4828=CARTESIAN_POINT('Origin',(-11.1763284121463,8.6,-37.0219361977002));
#4829=CARTESIAN_POINT('',(-9.99865413426178,8.6,-31.0971506914385));
#4830=CARTESIAN_POINT('',(-11.1828438730457,8.6,-22.7689016572042));
#4831=CARTESIAN_POINT('',(-2.26793197555253E-7,8.6,-31.0971506930283));
#4832=CARTESIAN_POINT('',(-6.93633537028115E-6,8.6,-31.0971506930283));
#4833=CARTESIAN_POINT('',(9.99865245688524,8.6,-31.0971506930306));
#4834=CARTESIAN_POINT('',(4.99931940817676,8.6,-31.0971506930294));
#4835=CARTESIAN_POINT('',(9.19597527828051,8.6,-36.7403522687188));
#4836=CARTESIAN_POINT('',(11.7253240903259,8.6,-18.9576471223691));
#4837=CARTESIAN_POINT('',(10.8944077416405,8.6,-39.0020611729337));
#4838=CARTESIAN_POINT('Origin',(11.176045962068,8.6,-37.0219904891462));
#4839=CARTESIAN_POINT('',(45.5456447079209,8.6,-43.9307300304138));
#4840=CARTESIAN_POINT('',(2.18826936332523,8.6,-37.7637309760674));
#4841=CARTESIAN_POINT('',(47.8073536121358,8.6,-42.2322975670537));
#4842=CARTESIAN_POINT('Origin',(45.8272829283484,8.6,-41.9506593466264));
#4843=CARTESIAN_POINT('',(48.6100225403538,8.6,-36.5890961182595));
#4844=CARTESIAN_POINT('',(49.7945488498581,8.6,-28.261228486994));
#4845=CARTESIAN_POINT('',(85.4149586513541,8.6,-41.8240994917575));
#4846=CARTESIAN_POINT('',(40.4596007622316,8.6,-35.4298083014469));
#4847=CARTESIAN_POINT('',(63.1960429809894,8.6,-41.8247088167702));
#4848=CARTESIAN_POINT('',(1.54856587752183E-16,8.6,3.66734930696944));
#4849=CARTESIAN_POINT('Origin',(0.,8.6,2.40284930696944));
#4850=CARTESIAN_POINT('',(15.3967026835382,8.6,-34.4892015474977));
#4851=CARTESIAN_POINT('Origin',(15.3967026835382,8.6,-35.7537015474977));
#4852=CARTESIAN_POINT('',(-42.1280560454327,8.6,-38.2898383904273));
#4853=CARTESIAN_POINT('Origin',(-42.1280560454327,8.6,-39.5543383904273));
#4854=CARTESIAN_POINT('',(-15.3969269574786,8.6,-34.488951956563));
#4855=CARTESIAN_POINT('Origin',(-15.3969269574786,8.6,-35.753451956563));
#4856=CARTESIAN_POINT('',(42.1276569146687,8.6,-38.2913175232681));
#4857=CARTESIAN_POINT('Origin',(42.1276569146687,8.6,-39.5558175232681));
#4858=CARTESIAN_POINT('',(-7.47851975744459E-14,8.6,30.6673493069694));
#4859=CARTESIAN_POINT('Origin',(-7.49400541621981E-14,8.6,29.4028493069694));
#4860=CARTESIAN_POINT('Origin',(124.390882032301,0.,18.1781361147833));
#4861=CARTESIAN_POINT('',(125.391343503162,2.6,19.909920410047));
#4862=CARTESIAN_POINT('Origin',(124.390882032301,2.6,18.1781361147833));
#4863=CARTESIAN_POINT('',(125.391343503162,-8.01136592232005,19.909920410047));
#4864=CARTESIAN_POINT('Origin',(124.390882032301,-8.31672621834223,18.1781361147833));
#4865=CARTESIAN_POINT('',(125.391343503162,0.,19.909920410047));
#4866=CARTESIAN_POINT('Origin',(126.390882032301,0.,19.3324814127195));
#4867=CARTESIAN_POINT('',(65.8717979643334,2.6,54.2946946787784));
#4868=CARTESIAN_POINT('',(82.2080493494415,-3.61249609168054,44.8571509074177));
#4869=CARTESIAN_POINT('Origin',(124.390882032301,0.8,17.3324814127195));
#4870=CARTESIAN_POINT('',(124.390882032301,2.6,19.3324814127195));
#4871=CARTESIAN_POINT('Origin',(124.390882032301,2.6,17.3324814127195));
#4872=CARTESIAN_POINT('',(124.390882032301,0.8,19.3324814127195));
#4873=CARTESIAN_POINT('Origin',(88.3648031682247,1.6,34.916356822457));
#4874=CARTESIAN_POINT('',(90.3648031682247,2.6,34.916356822457));
#4875=CARTESIAN_POINT('',(90.3648031682247,1.6,34.916356822457));
#4876=CARTESIAN_POINT('',(88.514622381016,2.6,36.9107374790716));
#4877=CARTESIAN_POINT('Origin',(88.3648031682247,2.6,34.916356822457));
#4878=CARTESIAN_POINT('',(88.514622381016,1.6,36.9107374790716));
#4879=CARTESIAN_POINT('Origin',(90.3648031682247,1.6,36.7717506572019));
#4880=CARTESIAN_POINT('',(90.3648031682247,2.6,19.3324814127195));
#4881=CARTESIAN_POINT('',(90.3648031682247,1.6,19.3324814127195));
#4882=CARTESIAN_POINT('',(90.3648031682247,2.6,19.5468866920809));
#4883=CARTESIAN_POINT('Origin',(-88.3648026318679,1.6,34.9163581133885));
#4884=CARTESIAN_POINT('',(-88.514621815569,2.6,36.9107387721884));
#4885=CARTESIAN_POINT('',(-88.514621815569,1.6,36.9107387721884));
#4886=CARTESIAN_POINT('',(-90.3648026318679,2.6,34.9163581133885));
#4887=CARTESIAN_POINT('Origin',(-88.3648026318679,2.6,34.9163581133885));
#4888=CARTESIAN_POINT('',(-90.3648026318679,1.6,34.9163581133885));
#4889=CARTESIAN_POINT('Origin',(-90.3648026318679,1.6,36.7717519752727));
#4890=CARTESIAN_POINT('',(-70.6891793846868,2.6,38.2497977037528));
#4891=CARTESIAN_POINT('',(-70.6891793846868,1.6,38.2497977037528));
#4892=CARTESIAN_POINT('',(-46.7226289854448,2.6,40.0501806953858));
#4893=CARTESIAN_POINT('Origin',(-124.390882591205,0.,18.1781373852363));
#4894=CARTESIAN_POINT('',(-125.391344039506,2.6,19.9099216935333));
#4895=CARTESIAN_POINT('',(-126.390882591205,2.6,18.1781373852363));
#4896=CARTESIAN_POINT('Origin',(-124.390882591205,2.6,18.1781373852363));
#4897=CARTESIAN_POINT('',(-125.391344039506,-8.01136569600678,19.9099216935333));
#4898=CARTESIAN_POINT('',(-125.391344039506,0.,19.9099216935333));
#4899=CARTESIAN_POINT('',(-126.390882591205,-8.31672599432709,18.1781373852363));
#4900=CARTESIAN_POINT('Origin',(-124.390882591205,-8.31672599432708,18.1781373852363));
#4901=CARTESIAN_POINT('',(-126.390882591205,0.,18.1781373852363));
#4902=CARTESIAN_POINT('Origin',(-1.36405240258597E-5,2.6,2.32202272695984));
#4903=CARTESIAN_POINT('',(-82.6928959629759,2.6,44.5770531591452));
#4904=CARTESIAN_POINT('',(-126.390882591205,2.6,17.3324827005395));
#4905=CARTESIAN_POINT('',(-126.390882591205,2.6,10.8272527137488));
#4906=CARTESIAN_POINT('',(-124.390882591205,2.6,19.3324827005395));
#4907=CARTESIAN_POINT('Origin',(-124.390882591205,2.6,17.3324827005395));
#4908=CARTESIAN_POINT('',(-90.3648026318679,2.6,19.3324827005395));
#4909=CARTESIAN_POINT('',(-63.1954481158647,2.6,19.3324827005395));
#4910=CARTESIAN_POINT('',(-90.3648026318679,2.6,10.8272527137497));
#4911=CARTESIAN_POINT('',(-9.3742195105322,2.6,46.9681414708389));
#4912=CARTESIAN_POINT('',(-38.5486846437121,2.6,42.8198387275284));
#4913=CARTESIAN_POINT('',(-3.5,2.6,46.9681414708389));
#4914=CARTESIAN_POINT('',(-4.68711657552809,2.6,46.9681414708389));
#4915=CARTESIAN_POINT('',(3.50000020191225,2.6,46.9681412032702));
#4916=CARTESIAN_POINT('Origin',(-1.47912262098622E-8,2.6,43.9400165031947));
#4917=CARTESIAN_POINT('',(9.37421931988377,2.6,46.9681413341056));
#4918=CARTESIAN_POINT('',(-6.32338488495906E-6,2.6,46.968141470839));
#4919=CARTESIAN_POINT('',(70.6891799426025,2.6,38.2497966726728));
#4920=CARTESIAN_POINT('',(7.89119151616885,2.6,47.1790123418329));
#4921=CARTESIAN_POINT('',(36.8848043759894,2.6,40.7892040418203));
#4922=CARTESIAN_POINT('',(45.1823947638503,2.6,19.3324814127195));
#4923=CARTESIAN_POINT('Origin',(-126.390882591205,0.,19.3324827005395));
#4924=CARTESIAN_POINT('',(-126.390882591205,0.8,-39.8240952111381));
#4925=CARTESIAN_POINT('',(-126.390882591205,15.6,-36.3175172994603));
#4926=CARTESIAN_POINT('',(-126.390882591205,4.3,-36.3175172994603));
#4927=CARTESIAN_POINT('',(-126.390882591205,15.6,16.8324827005395));
#4928=CARTESIAN_POINT('',(-126.390882591205,15.6,-17.4977457848411));
#4929=CARTESIAN_POINT('',(-126.390882591205,4.3,16.8324827005395));
#4930=CARTESIAN_POINT('',(-126.390882591205,0.8,17.3324827005395));
#4931=CARTESIAN_POINT('',(-126.390882591205,-13.,-8.38202933942469));
#4932=CARTESIAN_POINT('',(-126.390882591205,-9.24053141103977,12.9389765205693));
#4933=CARTESIAN_POINT('',(-126.390882591205,-13.,11.3272542151588));
#4934=CARTESIAN_POINT('Origin',(-124.390882591205,0.8,17.3324827005395));
#4935=CARTESIAN_POINT('',(-124.390882591205,0.8,19.3324827005395));
#4936=CARTESIAN_POINT('Origin',(-124.390882591205,0.8,-39.8240952111381));
#4937=CARTESIAN_POINT('',(-124.390882591205,0.8,-41.8240952111381));
#4938=CARTESIAN_POINT('Origin',(-45.8277920446793,-1.4,-41.9490112045613));
#4939=CARTESIAN_POINT('',(-47.8078756808241,-1.4,-42.2305583478106));
#4940=CARTESIAN_POINT('',(-45.5462449014301,-1.4,-43.9290948407061));
#4941=CARTESIAN_POINT('Origin',(-47.5263285375748,-1.4,-44.2106419839553));
#4942=CARTESIAN_POINT('',(-48.6102853076416,0.1,-36.587318096071));
#4943=CARTESIAN_POINT('Origin',(-11.1763284121463,-1.4,-37.0219361977002));
#4944=CARTESIAN_POINT('',(-10.8947812688971,-1.4,-39.0020198338449));
#4945=CARTESIAN_POINT('',(-9.19624477600154,-1.4,-36.740389054451));
#4946=CARTESIAN_POINT('Origin',(-9.99865413426178,-1.4,-31.0971506914385));
#4947=CARTESIAN_POINT('',(-9.99865413426178,1.6,-31.0971506914385));
#4948=CARTESIAN_POINT('Origin',(11.176045962068,-1.4,-37.0219904891462));
#4949=CARTESIAN_POINT('',(9.19597527828051,-1.4,-36.7403522687188));
#4950=CARTESIAN_POINT('',(10.8944077416405,-1.4,-39.0020611729337));
#4951=CARTESIAN_POINT('Origin',(47.5257153917082,-1.4,-44.2123682508412));
#4952=CARTESIAN_POINT('',(45.5456447079209,-1.4,-43.9307300304138));
#4953=CARTESIAN_POINT('Origin',(45.8272829283484,-1.4,-41.9506593466264));
#4954=CARTESIAN_POINT('',(47.8073536121358,-1.4,-42.2322975670537));
#4955=CARTESIAN_POINT('Origin',(48.6100225403538,-1.4,-36.5890961182595));
#4956=CARTESIAN_POINT('',(48.6100226288255,0.1,-36.589095496255));
#4957=CARTESIAN_POINT('Origin',(-11.0373864554557,8.6,44.2065107301474));
#4958=CARTESIAN_POINT('',(-11.3189335672863,15.6,46.1865943707596));
#4959=CARTESIAN_POINT('',(-11.3189335672863,8.6,46.1865943707596));
#4960=CARTESIAN_POINT('',(-9.05730281484425,15.6,44.4880578419832));
#4961=CARTESIAN_POINT('Origin',(-11.0373864554557,15.6,44.2065107301474));
#4962=CARTESIAN_POINT('',(-9.05730281484425,8.6,44.4880578419832));
#4963=CARTESIAN_POINT('Origin',(-70.6348140880912,8.6,37.752498707427));
#4964=CARTESIAN_POINT('',(-70.6348140880913,15.6,37.752498707427));
#4965=CARTESIAN_POINT('',(-70.6348140880913,8.6,37.752498707427));
#4966=CARTESIAN_POINT('',(-38.4166159948757,15.6,42.3335883318669));
#4967=CARTESIAN_POINT('Origin',(-8.91874443889157,8.6,29.3063813345462));
#4968=CARTESIAN_POINT('',(-6.93866079828016,15.6,29.587928446382));
#4969=CARTESIAN_POINT('',(-6.93866079828016,8.6,29.587928446382));
#4970=CARTESIAN_POINT('',(-8.63719732706087,15.6,27.3262976939341));
#4971=CARTESIAN_POINT('Origin',(-8.91874443889157,15.6,29.3063813345462));
#4972=CARTESIAN_POINT('',(-8.63719732706088,8.6,27.3262976939341));
#4973=CARTESIAN_POINT('Origin',(-9.33884992667928,8.6,46.4681414825894));
#4974=CARTESIAN_POINT('',(-6.23964111551838,15.6,24.67181536933));
#4975=CARTESIAN_POINT('Origin',(-12.4269607533346,8.6,9.56593882671497));
#4976=CARTESIAN_POINT('',(-10.4468771113531,15.6,9.84748592891535));
#4977=CARTESIAN_POINT('',(-10.4468771113531,8.6,9.84748592891535));
#4978=CARTESIAN_POINT('',(-12.1454136412838,15.6,7.58585518613412));
#4979=CARTESIAN_POINT('Origin',(-12.4269607533346,15.6,9.56593882671497));
#4980=CARTESIAN_POINT('',(-12.1454136412838,8.6,7.58585518613412));
#4981=CARTESIAN_POINT('Origin',(-12.847066095435,8.6,26.7276985395289));
#4982=CARTESIAN_POINT('',(-12.847066095435,15.6,26.7276985395289));
#4983=CARTESIAN_POINT('',(-12.847066095435,8.6,26.7276985395289));
#4984=CARTESIAN_POINT('',(-11.0887254677943,15.6,14.3615207788186));
#4985=CARTESIAN_POINT('Origin',(-12.4269444750355,8.6,-9.67567000193151));
#4986=CARTESIAN_POINT('',(-10.4468608375381,15.6,-9.39412286819475));
#4987=CARTESIAN_POINT('',(-10.4468608375381,8.6,-9.39412286819476));
#4988=CARTESIAN_POINT('',(-12.1453973412987,15.6,-11.6557536394288));
#4989=CARTESIAN_POINT('Origin',(-12.4269444750355,15.6,-9.67567000193151));
#4990=CARTESIAN_POINT('',(-12.1453973412987,8.6,-11.6557536394288));
#4991=CARTESIAN_POINT('Origin',(-12.8470501103667,8.6,7.48608984413987));
#4992=CARTESIAN_POINT('',(-12.8470501103668,15.6,7.48608984413987));
#4993=CARTESIAN_POINT('',(-12.8470501103668,8.6,7.48608984413987));
#4994=CARTESIAN_POINT('',(-12.4295774657523,15.6,4.55006012246423));
#4995=CARTESIAN_POINT('Origin',(-12.2956594094138,8.6,-28.8986141632568));
#4996=CARTESIAN_POINT('',(-10.3155757678043,15.6,-28.6170670584405));
#4997=CARTESIAN_POINT('',(-10.3155757678043,8.6,-28.6170670584405));
#4998=CARTESIAN_POINT('',(-12.0141122975781,15.6,-30.8786978038682));
#4999=CARTESIAN_POINT('Origin',(-12.2956594094138,15.6,-28.8986141632568));
#5000=CARTESIAN_POINT('',(-12.0141122975781,8.6,-30.8786978038682));
#5001=CARTESIAN_POINT('Origin',(-12.7157648497873,8.6,-11.7368539193112));
#5002=CARTESIAN_POINT('',(-12.7157648497873,15.6,-11.7368539193112));
#5003=CARTESIAN_POINT('',(-12.7157648497873,8.6,-11.7368539193112));
#5004=CARTESIAN_POINT('',(-13.6391603287262,15.6,-5.24273534623618));
#5005=CARTESIAN_POINT('Origin',(12.2956617336913,8.6,-28.8986148861681));
#5006=CARTESIAN_POINT('',(12.0141141204892,15.6,-30.8786984554905));
#5007=CARTESIAN_POINT('',(12.0141141204892,8.6,-30.8786984554905));
#5008=CARTESIAN_POINT('',(10.315578164369,15.6,-28.6170672729661));
#5009=CARTESIAN_POINT('Origin',(12.2956617336913,15.6,-28.8986148861681));
#5010=CARTESIAN_POINT('',(10.315578164369,8.6,-28.6170672729661));
#5011=CARTESIAN_POINT('Origin',(66.6149185445522,8.6,-38.6423738895373));
#5012=CARTESIAN_POINT('',(66.6149185445522,15.6,-38.6423738895373));
#5013=CARTESIAN_POINT('',(66.6149185445522,8.6,-38.6423738895373));
#5014=CARTESIAN_POINT('',(31.0431917518157,15.6,-33.5844384916902));
#5015=CARTESIAN_POINT('Origin',(12.4269447244987,8.6,-9.67567066916165));
#5016=CARTESIAN_POINT('',(12.1453971399792,15.6,-11.6557542425623));
#5017=CARTESIAN_POINT('',(12.1453971399792,8.6,-11.6557542425623));
#5018=CARTESIAN_POINT('',(10.4468611551764,15.6,-9.39412305595959));
#5019=CARTESIAN_POINT('Origin',(12.4269447244987,15.6,-9.67567066916165));
#5020=CARTESIAN_POINT('',(10.4468611551764,8.6,-9.39412305595959));
#5021=CARTESIAN_POINT('Origin',(12.7157714562332,8.6,-11.7368556229134));
#5022=CARTESIAN_POINT('',(12.7157714562332,15.6,-11.7368556229134));
#5023=CARTESIAN_POINT('',(12.7157714562332,8.6,-11.7368556229134));
#5024=CARTESIAN_POINT('',(5.43448873926273,15.6,-10.7015318675398));
#5025=CARTESIAN_POINT('Origin',(12.4269613140988,8.6,9.56593781983284));
#5026=CARTESIAN_POINT('',(12.1454137449667,15.6,7.58585424424423));
#5027=CARTESIAN_POINT('',(12.1454137449667,8.6,7.58585424424423));
#5028=CARTESIAN_POINT('',(10.4468777447765,15.6,9.84748543303491));
#5029=CARTESIAN_POINT('Origin',(12.4269613140988,15.6,9.56593781983284));
#5030=CARTESIAN_POINT('',(10.4468777447765,8.6,9.84748543303491));
#5031=CARTESIAN_POINT('Origin',(12.847054383073,8.6,7.48608814421767));
#5032=CARTESIAN_POINT('',(12.847054383073,15.6,7.48608814421767));
#5033=CARTESIAN_POINT('',(12.847054383073,8.6,7.48608814421767));
#5034=CARTESIAN_POINT('',(6.84100045921788,15.6,8.34008739111058));
#5035=CARTESIAN_POINT('Origin',(8.91874536829944,8.6,29.3063807032077));
#5036=CARTESIAN_POINT('',(8.63719780560714,15.6,27.3262971267034));
#5037=CARTESIAN_POINT('',(8.63719780560714,8.6,27.3262971267034));
#5038=CARTESIAN_POINT('',(6.93866179897712,15.6,29.5879283164098));
#5039=CARTESIAN_POINT('Origin',(8.91874536829944,15.6,29.3063807032077));
#5040=CARTESIAN_POINT('',(6.93866179897712,8.6,29.5879283164098));
#5041=CARTESIAN_POINT('Origin',(12.8470709358338,8.6,26.7276963741273));
#5042=CARTESIAN_POINT('',(12.8470709358338,15.6,26.7276963741273));
#5043=CARTESIAN_POINT('',(12.8470709358338,8.6,26.7276963741273));
#5044=CARTESIAN_POINT('',(8.18187888860224,15.6,27.3910388036971));
#5045=CARTESIAN_POINT('Origin',(11.0373912186366,8.6,44.2065099913038));
#5046=CARTESIAN_POINT('',(9.05730764931428,15.6,44.4880576045058));
#5047=CARTESIAN_POINT('',(9.05730764931428,8.6,44.4880576045058));
#5048=CARTESIAN_POINT('',(11.3189383596128,15.6,46.1865936277717));
#5049=CARTESIAN_POINT('Origin',(11.0373912186366,15.6,44.2065099913038));
#5050=CARTESIAN_POINT('',(11.3189383596128,8.6,46.1865936277717));
#5051=CARTESIAN_POINT('Origin',(6.65711417859309,8.6,27.6078446965777));
#5052=CARTESIAN_POINT('',(4.89877029703853,15.6,15.2416669496333));
#5053=CARTESIAN_POINT('Origin',(-87.4769755572244,8.6,34.4213068553389));
#5054=CARTESIAN_POINT('',(-89.4711209125905,15.6,34.2683875901315));
#5055=CARTESIAN_POINT('',(-89.4711209125905,8.6,34.2683875901315));
#5056=CARTESIAN_POINT('',(-87.6338355340641,15.6,36.4151461035397));
#5057=CARTESIAN_POINT('Origin',(-87.4769755572244,15.6,34.4213068553389));
#5058=CARTESIAN_POINT('',(-87.6338355340641,8.6,36.4151461035397));
#5059=CARTESIAN_POINT('Origin',(-88.2874322576102,8.6,18.832482700539));
#5060=CARTESIAN_POINT('',(-88.2874322576102,15.6,18.832482700539));
#5061=CARTESIAN_POINT('',(-88.2874322576102,8.6,18.832482700539));
#5062=CARTESIAN_POINT('',(-87.4381386346255,15.6,7.75725989378848));
#5063=CARTESIAN_POINT('Origin',(-124.390882591205,4.3,16.8324827005395));
#5064=CARTESIAN_POINT('',(-124.390882591205,15.6,18.8324827005395));
#5065=CARTESIAN_POINT('Origin',(-124.390882591205,15.6,16.8324827005395));
#5066=CARTESIAN_POINT('',(-124.390882591205,4.3,18.8324827005395));
#5067=CARTESIAN_POINT('Origin',(-124.390882591205,4.3,-36.3175172994602));
#5068=CARTESIAN_POINT('',(-124.390882591205,15.6,-38.3175172994602));
#5069=CARTESIAN_POINT('',(-124.390882591205,4.3,-38.3175172994602));
#5070=CARTESIAN_POINT('Origin',(-124.390882591205,15.6,-36.3175172994602));
#5071=CARTESIAN_POINT('Origin',(-86.9812031439941,8.6,-38.3175172994602));
#5072=CARTESIAN_POINT('',(-86.9812031439941,15.6,-38.3175172994602));
#5073=CARTESIAN_POINT('',(-86.9812031439941,8.6,-38.3175172994602));
#5074=CARTESIAN_POINT('',(-43.4906017117233,15.6,-38.3175172994602));
#5075=CARTESIAN_POINT('Origin',(-84.9951187479775,8.6,-38.0819992069504));
#5076=CARTESIAN_POINT('',(-84.8382798343657,15.6,-40.0758401121325));
#5077=CARTESIAN_POINT('',(-84.8382798343657,8.6,-40.0758401121325));
#5078=CARTESIAN_POINT('Origin',(-84.9951187479775,15.6,-38.0819992069504));
#5079=CARTESIAN_POINT('Origin',(84.9948882620896,8.6,-38.0822140098692));
#5080=CARTESIAN_POINT('',(86.9809979149914,15.6,-38.3175190175722));
#5081=CARTESIAN_POINT('',(84.8380255789501,15.6,-40.0760530451572));
#5082=CARTESIAN_POINT('Origin',(84.9948882620896,15.6,-38.0822140098692));
#5083=CARTESIAN_POINT('',(84.8380255789501,8.6,-40.0760530451572));
#5084=CARTESIAN_POINT('',(86.9809979149914,8.6,-38.3175190175722));
#5085=CARTESIAN_POINT('Origin',(124.390882032301,4.3,-36.3175188232833));
#5086=CARTESIAN_POINT('',(124.390882042688,15.6,-38.3175188232833));
#5087=CARTESIAN_POINT('Origin',(124.390882032301,15.6,-36.3175188232833));
#5088=CARTESIAN_POINT('',(124.390882042688,4.3,-38.3175188232833));
#5089=CARTESIAN_POINT('Origin',(124.390882032301,4.3,16.8324814127195));
#5090=CARTESIAN_POINT('',(124.390882032301,15.6,18.8324814127195));
#5091=CARTESIAN_POINT('',(124.390882032301,4.3,18.8324814127195));
#5092=CARTESIAN_POINT('Origin',(124.390882032301,15.6,16.8324814127195));
#5093=CARTESIAN_POINT('Origin',(88.2874524411297,8.6,18.8324814127195));
#5094=CARTESIAN_POINT('',(88.2874524411297,15.6,18.8324814127195));
#5095=CARTESIAN_POINT('',(88.2874524411297,8.6,18.8324814127195));
#5096=CARTESIAN_POINT('',(44.1437260808386,15.6,18.8324814127195));
#5097=CARTESIAN_POINT('Origin',(87.4771742053071,8.6,34.4210745195788));
#5098=CARTESIAN_POINT('',(87.6340593274084,15.6,36.4149117893838));
#5099=CARTESIAN_POINT('',(87.6340593274084,8.6,36.4149117893838));
#5100=CARTESIAN_POINT('',(89.4713176283236,15.6,34.268130057633));
#5101=CARTESIAN_POINT('Origin',(87.4771742053071,15.6,34.4210745195788));
#5102=CARTESIAN_POINT('',(89.4713176283236,8.6,34.268130057633));
#5103=CARTESIAN_POINT('Origin',(70.6348147597322,8.6,37.7524976596135));
#5104=CARTESIAN_POINT('',(70.6348147597322,15.6,37.7524976596135));
#5105=CARTESIAN_POINT('',(70.6348147597322,8.6,37.7524976596135));
#5106=CARTESIAN_POINT('',(36.8809696623377,15.6,40.4084195794645));
#5107=CARTESIAN_POINT('Origin',(89.3422321152036,-3.43000659690597,43.0454501131509));
#5108=CARTESIAN_POINT('',(88.7438107261032,-3.97165012761154,42.8202871529999));
#5109=CARTESIAN_POINT('',(88.4133861322117,-3.37645140632555,43.359466029215));
#5110=CARTESIAN_POINT('',(88.7438107261032,-3.97165012761154,42.8202871529999));
#5111=CARTESIAN_POINT('',(89.3422321152036,-3.43000659690597,43.0454501131509));
#5112=CARTESIAN_POINT('',(89.3422321152036,-3.43000659690597,43.0454501131509));
#5113=CARTESIAN_POINT('',(88.4133861322117,-3.37645140632555,43.359466029215));
#5114=CARTESIAN_POINT('Origin',(10.4609572901013,-1.60528658074704,53.4042409040648));
#5115=CARTESIAN_POINT('',(9.93248480570607,-2.18097021678874,52.9757375760039));
#5116=CARTESIAN_POINT('',(9.46505738092536,-1.59414612771114,53.4681414538945));
#5117=CARTESIAN_POINT('',(9.93248480570607,-2.18097021678874,52.9757375760039));
#5118=CARTESIAN_POINT('',(10.4609572901013,-1.60528658074704,53.4042409040648));
#5119=CARTESIAN_POINT('',(10.4609572901013,-1.60528658074704,53.4042409040648));
#5120=CARTESIAN_POINT('',(9.46505738092536,-1.59414612771114,53.4681414538945));
#5121=CARTESIAN_POINT('Origin',(8.1536049790206,-1.84670655701733,53.4532605871874));
#5122=CARTESIAN_POINT('',(8.19162598310785,-1.55372488025568,53.69666183865));
#5123=CARTESIAN_POINT('',(8.11558397493334,-2.13968823377898,53.2098593357249));
#5124=CARTESIAN_POINT('Origin',(131.390882032301,-7.79568720872204,18.2537099357821));
#5125=CARTESIAN_POINT('',(130.8908820323,-8.26496503218259,18.4716883888124));
#5126=CARTESIAN_POINT('',(130.957935958485,-7.66919371091789,19.0038253034974));
#5127=CARTESIAN_POINT('',(130.8908820323,-8.26496503218259,18.4716883888124));
#5128=CARTESIAN_POINT('',(131.390882032301,-7.79568720872204,18.2537099357821));
#5129=CARTESIAN_POINT('',(131.390882032301,-7.79568720872204,18.2537099357821));
#5130=CARTESIAN_POINT('',(130.957935958485,-7.66919371091789,19.0038253034974));
#5131=CARTESIAN_POINT('Origin',(89.3422321152036,15.1,43.0454501131509));
#5132=CARTESIAN_POINT('',(88.4133861322117,15.1,43.359466029215));
#5133=CARTESIAN_POINT('',(88.7459675984665,15.6,42.8124763382609));
#5134=CARTESIAN_POINT('',(88.4133861322117,15.1,43.359466029215));
#5135=CARTESIAN_POINT('',(89.3422321152036,15.1,43.0454501131509));
#5136=CARTESIAN_POINT('',(89.3422321152036,15.1,43.0454501131509));
#5137=CARTESIAN_POINT('',(88.7459675984665,15.6,42.8124763382609));
#5138=CARTESIAN_POINT('Origin',(88.8778091237076,1.6,43.2024580711829));
#5139=CARTESIAN_POINT('',(88.4133861322117,1.6,43.359466029215));
#5140=CARTESIAN_POINT('',(89.3422321152036,1.6,43.0454501131509));
#5141=CARTESIAN_POINT('Origin',(10.4609572901013,15.1,53.4042409040648));
#5142=CARTESIAN_POINT('',(9.46505738092536,15.1,53.4681414538945));
#5143=CARTESIAN_POINT('',(9.93297556766846,15.6,52.9681414525086));
#5144=CARTESIAN_POINT('',(9.46505738092536,15.1,53.4681414538945));
#5145=CARTESIAN_POINT('',(10.4609572901013,15.1,53.4042409040648));
#5146=CARTESIAN_POINT('',(10.4609572901013,15.1,53.4042409040648));
#5147=CARTESIAN_POINT('',(9.93297556766846,15.6,52.9681414525086));
#5148=CARTESIAN_POINT('Origin',(9.96300733551334,1.6,53.4361911789796));
#5149=CARTESIAN_POINT('',(9.46505738092536,1.6,53.4681414538945));
#5150=CARTESIAN_POINT('',(10.4609572901013,1.6,53.4042409040648));
#5151=CARTESIAN_POINT('Origin',(8.21004644240414,15.35,53.4422212244955));
#5152=CARTESIAN_POINT('',(8.17809616822974,15.6,53.1942712699075));
#5153=CARTESIAN_POINT('',(8.24199671657854,15.1,53.6901711790835));
#5154=CARTESIAN_POINT('Origin',(130.890882032301,-12.5,-46.8240900227118));
#5155=CARTESIAN_POINT('',(130.890882032301,-13.,-46.3240900227118));
#5156=CARTESIAN_POINT('',(131.390882032301,-12.5,-46.3240900227118));
#5157=CARTESIAN_POINT('',(130.890882032301,-13.,-46.3240900227118));
#5158=CARTESIAN_POINT('',(130.890882032301,-12.5,-46.8240900227118));
#5159=CARTESIAN_POINT('',(130.890882032301,-12.5,-46.8240900227118));
#5160=CARTESIAN_POINT('',(131.390882032301,-12.5,-46.3240900227118));
#5161=CARTESIAN_POINT('Origin',(131.390882032301,15.1,18.2537099357821));
#5162=CARTESIAN_POINT('',(130.957935958485,15.1,19.0038253034974));
#5163=CARTESIAN_POINT('',(130.890882032301,15.6,18.4651236112981));
#5164=CARTESIAN_POINT('',(130.957935958485,15.1,19.0038253034974));
#5165=CARTESIAN_POINT('',(131.390882032301,15.1,18.2537099357821));
#5166=CARTESIAN_POINT('',(131.390882032301,15.1,18.2537099357821));
#5167=CARTESIAN_POINT('',(130.890882032301,15.6,18.4651236112981));
#5168=CARTESIAN_POINT('Origin',(131.174408995393,1.6,18.6287676196397));
#5169=CARTESIAN_POINT('',(130.957935958485,1.6,19.0038253034974));
#5170=CARTESIAN_POINT('',(131.390882032301,1.6,18.2537099357821));
#5171=CARTESIAN_POINT('Origin',(-4.9825286119707,-1.88755816715433,53.2219395438479));
#5172=CARTESIAN_POINT('',(-4.68569041151001E-5,-2.18097021160119,52.9757376054239));
#5173=CARTESIAN_POINT('',(-4.685688367978E-5,-1.59414612276773,53.46814148193));
#5174=CARTESIAN_POINT('',(-4.68569041151001E-5,-2.18097021160119,52.9757376054239));
#5175=CARTESIAN_POINT('',(-9.96407878950721,-1.59414612270747,53.4681414822717));
#5176=CARTESIAN_POINT('',(-4.98252861196049,-1.5941461227376,53.4681414821009));
#5177=CARTESIAN_POINT('',(-9.93248437562891,-2.18097021154113,52.9757376057646));
#5178=CARTESIAN_POINT('',(-9.96407878950721,-1.59414612270747,53.4681414822717));
#5179=CARTESIAN_POINT('',(-4.98252861198092,-2.18097021157106,52.9757376055948));
#5180=CARTESIAN_POINT('Origin',(-130.890882591204,-13.,-46.3240900227118));
#5181=CARTESIAN_POINT('',(-130.890882591204,-12.5,-46.8240900227118));
#5182=CARTESIAN_POINT('',(-131.390882591204,-12.5,-46.3240900227118));
#5183=CARTESIAN_POINT('',(-130.890882591204,-12.5,-46.8240900227118));
#5184=CARTESIAN_POINT('',(-130.890882591204,-13.,-46.3240900227118));
#5185=CARTESIAN_POINT('',(-130.890882591204,-13.,-46.3240900227118));
#5186=CARTESIAN_POINT('',(-131.390882591204,-12.5,-46.3240900227118));
#5187=CARTESIAN_POINT('Origin',(65.695440876424,-12.75,-46.5740900227118));
#5188=CARTESIAN_POINT('',(65.695440876424,-12.5,-46.8240900227118));
#5189=CARTESIAN_POINT('',(65.695440876424,-13.,-46.3240900227118));
#5190=CARTESIAN_POINT('Origin',(-131.140882591204,-12.75,-21.751032146468));
#5191=CARTESIAN_POINT('',(-131.390882591205,-12.5,-8.42577367118765));
#5192=CARTESIAN_POINT('',(-131.390882591204,-12.5,-21.751032146468));
#5193=CARTESIAN_POINT('',(-130.890882591205,-13.,-8.38202933942468));
#5194=CARTESIAN_POINT('',(-130.890882591204,-13.,-21.751032146468));
#5195=CARTESIAN_POINT('',(-130.890882591205,-13.,-8.38202933942468));
#5196=CARTESIAN_POINT('Origin',(130.890882032301,15.1,-46.8240900227118));
#5197=CARTESIAN_POINT('',(131.390882032301,15.1,-46.3240900227118));
#5198=CARTESIAN_POINT('',(130.890882032301,15.6,-46.3240900227118));
#5199=CARTESIAN_POINT('',(131.390882032301,15.1,-46.3240900227118));
#5200=CARTESIAN_POINT('',(130.890882032301,15.1,-46.8240900227118));
#5201=CARTESIAN_POINT('',(130.890882032301,15.1,-46.8240900227118));
#5202=CARTESIAN_POINT('',(130.890882032301,15.6,-46.3240900227118));
#5203=CARTESIAN_POINT('Origin',(131.140882032301,1.6,-46.5740900227118));
#5204=CARTESIAN_POINT('',(131.390882032301,1.6,-46.3240900227118));
#5205=CARTESIAN_POINT('',(130.890882032301,1.6,-46.8240900227118));
#5206=CARTESIAN_POINT('Origin',(-88.4133855303951,-3.37645118038799,43.3594673107429));
#5207=CARTESIAN_POINT('',(-88.7438101321746,-3.97164990072983,42.82028843971));
#5208=CARTESIAN_POINT('',(-89.3422315176309,-3.43000636868215,43.0454514079681));
#5209=CARTESIAN_POINT('',(-88.7438101321746,-3.97164990072983,42.82028843971));
#5210=CARTESIAN_POINT('',(-88.4133855303951,-3.37645118038799,43.3594673107429));
#5211=CARTESIAN_POINT('',(-88.4133855303951,-3.37645118038799,43.3594673107429));
#5212=CARTESIAN_POINT('',(-89.3422315176309,-3.43000636868215,43.0454514079681));
#5213=CARTESIAN_POINT('Origin',(-47.6056844914077,-2.74310104795361,48.3695548076212));
#5214=CARTESIAN_POINT('',(-9.96505694616038,-1.59401918475666,53.4681414822718));
#5215=CARTESIAN_POINT('',(-47.6437054909571,-2.45011937108861,48.6129560597561));
#5216=CARTESIAN_POINT('',(-47.5676634918583,-3.03608272481862,48.1261535554863));
#5217=CARTESIAN_POINT('',(-28.6041592871549,0.82482594410145,53.468141482911));
#5218=CARTESIAN_POINT('Origin',(-4.98252861195519,15.35,53.2181414821009));
#5219=CARTESIAN_POINT('',(-4.685688367978E-5,15.1,53.46814148193));
#5220=CARTESIAN_POINT('',(-4.68569008271746E-5,15.6,52.96814148193));
#5221=CARTESIAN_POINT('',(-4.685688367978E-5,15.1,53.46814148193));
#5222=CARTESIAN_POINT('',(-9.93297513752151,15.6,52.9681414822707));
#5223=CARTESIAN_POINT('',(-4.98252861196376,15.6,52.9681414821009));
#5224=CARTESIAN_POINT('',(-9.96505694616038,15.1,53.4681414822718));
#5225=CARTESIAN_POINT('',(-9.93297513752151,15.6,52.9681414822707));
#5226=CARTESIAN_POINT('',(-4.98252861194661,15.1,53.4681414821009));
#5227=CARTESIAN_POINT('Origin',(-130.957936514131,-7.66919347266902,19.0038266551695));
#5228=CARTESIAN_POINT('',(-130.890882591206,-8.26496479360859,18.4716897418327));
#5229=CARTESIAN_POINT('',(-131.390882591206,-7.79568696939129,18.2537112930943));
#5230=CARTESIAN_POINT('',(-130.890882591206,-8.26496479360859,18.4716897418327));
#5231=CARTESIAN_POINT('',(-130.957936514131,-7.66919347266902,19.0038266551695));
#5232=CARTESIAN_POINT('',(-130.957936514131,-7.66919347266902,19.0038266551695));
#5233=CARTESIAN_POINT('',(-131.390882591206,-7.79568696939129,18.2537112930943));
#5234=CARTESIAN_POINT('Origin',(-85.0478796973366,-3.29386276555004,45.2408852231472));
#5235=CARTESIAN_POINT('',(-85.193395462196,-3.00738485345768,45.4422571238399));
#5236=CARTESIAN_POINT('',(-84.9023639324772,-3.5803406776424,45.0395133224545));
#5237=CARTESIAN_POINT('Origin',(-131.390882591204,15.1,-46.3240900227118));
#5238=CARTESIAN_POINT('',(-130.890882591204,15.1,-46.8240900227118));
#5239=CARTESIAN_POINT('',(-130.890882591204,15.6,-46.3240900227118));
#5240=CARTESIAN_POINT('',(-130.890882591204,15.1,-46.8240900227118));
#5241=CARTESIAN_POINT('',(-131.390882591204,15.1,-46.3240900227118));
#5242=CARTESIAN_POINT('',(-131.390882591204,15.1,-46.3240900227118));
#5243=CARTESIAN_POINT('',(-130.890882591204,15.6,-46.3240900227118));
#5244=CARTESIAN_POINT('Origin',(-131.140882591204,1.6,-46.5740900227118));
#5245=CARTESIAN_POINT('',(-131.390882591204,1.6,-46.3240900227118));
#5246=CARTESIAN_POINT('',(-130.890882591204,1.6,-46.8240900227118));
#5247=CARTESIAN_POINT('Origin',(-88.4133855303951,15.1,43.3594673107429));
#5248=CARTESIAN_POINT('',(-89.3422315176309,15.1,43.0454514079681));
#5249=CARTESIAN_POINT('',(-88.7459670044687,15.6,42.8124776249985));
#5250=CARTESIAN_POINT('',(-89.3422315176309,15.1,43.0454514079681));
#5251=CARTESIAN_POINT('',(-88.4133855303951,15.1,43.3594673107429));
#5252=CARTESIAN_POINT('',(-88.4133855303951,15.1,43.3594673107429));
#5253=CARTESIAN_POINT('',(-88.7459670044687,15.6,42.8124776249985));
#5254=CARTESIAN_POINT('Origin',(-88.877808524013,1.6,43.2024593593555));
#5255=CARTESIAN_POINT('',(-89.3422315176309,1.6,43.0454514079681));
#5256=CARTESIAN_POINT('',(-88.4133855303951,1.6,43.3594673107429));
#5257=CARTESIAN_POINT('Origin',(-47.6821603556774,15.35,48.3559338582263));
#5258=CARTESIAN_POINT('',(-47.6502100853276,15.6,48.1079839031455));
#5259=CARTESIAN_POINT('',(-47.7141106260272,15.1,48.6038838133071));
#5260=CARTESIAN_POINT('Origin',(-130.957936514131,15.1,19.0038266551695));
#5261=CARTESIAN_POINT('',(-131.390882591206,15.1,18.2537112930943));
#5262=CARTESIAN_POINT('',(-130.890882591206,15.6,18.4651249642685));
#5263=CARTESIAN_POINT('',(-131.390882591206,15.1,18.2537112930942));
#5264=CARTESIAN_POINT('',(-130.957936514131,15.1,19.0038266551695));
#5265=CARTESIAN_POINT('',(-130.957936514131,15.1,19.0038266551695));
#5266=CARTESIAN_POINT('',(-130.890882591206,15.6,18.4651249642685));
#5267=CARTESIAN_POINT('Origin',(-131.174409552669,1.6,18.6287689741319));
#5268=CARTESIAN_POINT('',(-131.390882591206,1.6,18.2537112930943));
#5269=CARTESIAN_POINT('',(-130.957936514131,1.6,19.0038266551695));
#5270=CARTESIAN_POINT('Origin',(-85.3514904172463,15.35,45.0622052290713));
#5271=CARTESIAN_POINT('',(-85.2264327362087,15.6,44.8457321905342));
#5272=CARTESIAN_POINT('',(-85.4765480982839,15.1,45.2786782676085));
#5273=CARTESIAN_POINT('Origin',(-131.140882591204,15.35,-21.751032146468));
#5274=CARTESIAN_POINT('',(-130.890882591204,15.6,-21.751032146468));
#5275=CARTESIAN_POINT('',(-131.390882591204,15.1,-21.751032146468));
#5276=CARTESIAN_POINT('Origin',(65.695440876424,15.35,-46.5740900227118));
#5277=CARTESIAN_POINT('',(65.695440876424,15.6,-46.3240900227118));
#5278=CARTESIAN_POINT('',(65.695440876424,15.1,-46.8240900227118));
#5279=CARTESIAN_POINT('Origin',(-131.140882591205,-14.6269266422866,-19.0484814484625));
#5280=CARTESIAN_POINT('',(-130.890882591204,-14.8731285805397,-19.0050694040457));
#5281=CARTESIAN_POINT('',(-131.390882591205,-14.3807247040336,-19.0918934928792));
#5282=CARTESIAN_POINT('Origin',(131.140882032301,15.35,11.037867832781));
#5283=CARTESIAN_POINT('',(130.890882032301,15.6,11.037867832781));
#5284=CARTESIAN_POINT('',(131.390882032301,15.1,11.037867832781));
#5285=CARTESIAN_POINT('Origin',(-2.34946425910293E-5,15.35,53.21814148193));
#5286=CARTESIAN_POINT('',(-2.34939020946128E-5,15.1,53.46814148193));
#5287=CARTESIAN_POINT('',(-2.34953830874458E-5,15.6,52.96814148193));
#5288=CARTESIAN_POINT('Origin',(64.1106923577216,15.35,57.3331321561964));
#5289=CARTESIAN_POINT('',(63.9856346738639,15.6,57.1166591192885));
#5290=CARTESIAN_POINT('',(64.2357500415793,15.1,57.5496051931044));
#5291=CARTESIAN_POINT('Origin',(131.140882032301,-12.75,11.037867832781));
#5292=CARTESIAN_POINT('',(130.890882032301,-13.,-8.38202933942468));
#5293=CARTESIAN_POINT('',(130.890882032301,-13.,11.037867832781));
#5294=CARTESIAN_POINT('',(131.390882032301,-12.5,-8.42577367118766));
#5295=CARTESIAN_POINT('',(131.390882032301,-12.5,11.037867832781));
#5296=CARTESIAN_POINT('',(131.390882032301,-12.5,-8.42577367118766));
#5297=CARTESIAN_POINT('Origin',(-2.34959827659008E-5,-1.88755816718447,
53.2219395436769));
#5298=CARTESIAN_POINT('',(-2.34968652551655E-5,-2.18097021160121,52.9757376054239));
#5299=CARTESIAN_POINT('',(-2.34951002766361E-5,-1.59414612276774,53.46814148193));
#5300=CARTESIAN_POINT('Origin',(131.140882032301,-9.01969450708976,12.7517122182558));
#5301=CARTESIAN_POINT('',(131.390882032301,-8.7734925688367,12.708300173839));
#5302=CARTESIAN_POINT('',(130.8908820323,-9.26589644534281,12.7951242626725));
#5303=CARTESIAN_POINT('Origin',(63.9710587933703,-1.14687081553984,57.4170816358578));
#5304=CARTESIAN_POINT('',(64.1165745613426,-0.860392903779169,57.6184535344216));
#5305=CARTESIAN_POINT('',(63.825543025398,-1.43334872730052,57.215709737294));
#5306=CARTESIAN_POINT('Origin',(-2.79452585516538E-7,-13.,3.32202572977998));
#5307=CARTESIAN_POINT('',(-2.79452585516538E-7,-13.,-8.38202933942468));
#5308=CARTESIAN_POINT('',(85.2275431670882,-13.,-44.8240840167605));
#5309=CARTESIAN_POINT('',(42.6144300231125,-13.,-44.825249749785));
#5310=CARTESIAN_POINT('',(-42.6138169680164,-13.,-44.8240930256907));
#5311=CARTESIAN_POINT('',(-2.79452585516538E-7,-13.,-8.38202933942468));
#5312=CARTESIAN_POINT('Origin',(-4.685688367978E-5,1.6,53.46814148193));
#5313=CARTESIAN_POINT('',(-4.685688367978E-5,1.6,53.46814148193));
#5314=CARTESIAN_POINT('Origin',(9.96505738092538,1.6,53.4681414524135));
#5315=CARTESIAN_POINT('Origin',(88.9092860413876,1.6,43.2955654808662));
#5316=CARTESIAN_POINT('Origin',(131.390882032301,1.6,-46.8240900227118));
#5317=CARTESIAN_POINT('',(5.99999959745876,-1.30000000000003,-46.8240900227118));
#5318=CARTESIAN_POINT('Origin',(131.390882032301,1.6,18.7537099357821));
#5319=CARTESIAN_POINT('Origin',(-2.79452585516538E-7,15.6,3.32202572977998));
#5320=CARTESIAN_POINT('',(63.1954409845518,15.6,-38.3175191411029));
#5321=CARTESIAN_POINT('',(88.1062307551235,15.6,16.469649645817));
#5322=CARTESIAN_POINT('',(7.76863659649674,15.6,46.6914093297948));
#5323=CARTESIAN_POINT('',(9.74785663779056,15.6,4.93137127099102));
#5324=CARTESIAN_POINT('',(11.0887104687235,15.6,-4.88008983336803));
#5325=CARTESIAN_POINT('',(12.298297931901,15.6,-14.6728864304768));
#5326=CARTESIAN_POINT('',(41.9813370831641,15.6,-36.7043590272641));
#5327=CARTESIAN_POINT('',(-5.08689767395905,15.6,27.8311130426207));
#5328=CARTESIAN_POINT('',(-46.3751476357756,15.6,39.661063162302));
#5329=CARTESIAN_POINT('',(-63.195445611679,15.6,18.8324827005386));
#5330=CARTESIAN_POINT('',(-66.6149209816885,15.6,-38.6423597389576));
#5331=CARTESIAN_POINT('',(-31.8719435298987,15.6,-35.9094180960133));
#5332=CARTESIAN_POINT('',(-2.75275084709818,15.6,-29.5618294077209));
#5333=CARTESIAN_POINT('',(-4.15926143295871,15.6,-10.5202088411964));
#5334=CARTESIAN_POINT('',(-5.50013774810868,15.6,8.53074367375121));
#5335=CARTESIAN_POINT('Origin',(-131.390882591206,1.6,18.7537112930943));
#5336=CARTESIAN_POINT('Origin',(-131.390882591204,1.6,-46.8240900227118));
#5337=CARTESIAN_POINT('Origin',(0.,11.1,2.40284930696944));
#5338=CARTESIAN_POINT('',(1.54856587752183E-16,13.6,3.66734930696944));
#5339=CARTESIAN_POINT('',(1.54856587752183E-16,11.1,3.66734930696944));
#5340=CARTESIAN_POINT('Origin',(0.,13.6,2.40284930696944));
#5341=CARTESIAN_POINT('Origin',(0.,13.6,2.40284930696944));
#5342=CARTESIAN_POINT('Origin',(15.3967026835382,11.1,-35.7537015474977));
#5343=CARTESIAN_POINT('',(15.3967026835382,13.6,-34.4892015474977));
#5344=CARTESIAN_POINT('',(15.3967026835382,11.1,-34.4892015474977));
#5345=CARTESIAN_POINT('Origin',(15.3967026835382,13.6,-35.7537015474977));
#5346=CARTESIAN_POINT('Origin',(15.3967026835382,13.6,-35.7537015474977));
#5347=CARTESIAN_POINT('Origin',(-42.1280560454327,11.1,-39.5543383904273));
#5348=CARTESIAN_POINT('',(-42.1280560454327,13.6,-38.2898383904273));
#5349=CARTESIAN_POINT('',(-42.1280560454327,11.1,-38.2898383904273));
#5350=CARTESIAN_POINT('Origin',(-42.1280560454327,13.6,-39.5543383904273));
#5351=CARTESIAN_POINT('Origin',(-42.1280560454327,13.6,-39.5543383904273));
#5352=CARTESIAN_POINT('Origin',(-15.3969269574786,11.1,-35.753451956563));
#5353=CARTESIAN_POINT('',(-15.3969269574786,13.6,-34.488951956563));
#5354=CARTESIAN_POINT('',(-15.3969269574786,11.1,-34.488951956563));
#5355=CARTESIAN_POINT('Origin',(-15.3969269574786,13.6,-35.753451956563));
#5356=CARTESIAN_POINT('Origin',(-15.3969269574786,13.6,-35.753451956563));
#5357=CARTESIAN_POINT('Origin',(42.1276569146687,11.1,-39.5558175232681));
#5358=CARTESIAN_POINT('',(42.1276569146687,13.6,-38.2913175232681));
#5359=CARTESIAN_POINT('',(42.1276569146687,11.1,-38.2913175232681));
#5360=CARTESIAN_POINT('Origin',(42.1276569146687,13.6,-39.5558175232681));
#5361=CARTESIAN_POINT('Origin',(42.1276569146687,13.6,-39.5558175232681));
#5362=CARTESIAN_POINT('Origin',(-7.49400541621981E-14,11.1,29.4028493069694));
#5363=CARTESIAN_POINT('',(-7.47851975744459E-14,13.6,30.6673493069694));
#5364=CARTESIAN_POINT('',(-7.47851975744459E-14,11.1,30.6673493069694));
#5365=CARTESIAN_POINT('Origin',(-7.49400541621981E-14,13.6,29.4028493069694));
#5366=CARTESIAN_POINT('Origin',(-7.49400541621981E-14,13.6,29.4028493069694));
#5367=CARTESIAN_POINT('Origin',(-8.91469763275233,-1.4,-38.7204726905957));
#5368=CARTESIAN_POINT('Origin',(8.91433705785308,-1.4,-38.7204229525062));
#5369=CARTESIAN_POINT('',(9.99865245688523,1.6,-31.0971506930306));
#5370=CARTESIAN_POINT('Origin',(85.4149586513541,1.6,-41.8240994917575));
#5371=CARTESIAN_POINT('',(85.4149489355965,6.8,-41.8240981097493));
#5372=CARTESIAN_POINT('',(85.4149586513541,1.6,-41.8240994917575));
#5373=CARTESIAN_POINT('',(85.4149586513541,1.6,-41.8240994917575));
#5374=CARTESIAN_POINT('Origin',(-2.79452585516538E-7,-10.6125214770256,
5.15803420264787));
#5375=CARTESIAN_POINT('',(-65.5168183431314,-1.91224236718785,54.4997689438704));
#5376=CARTESIAN_POINT('Origin',(-92.7487056435339,0.,38.7677558530953));
#5377=CARTESIAN_POINT('Origin',(5.99999959745876,-4.20000000000009,-46.8240900227118));
#5378=CARTESIAN_POINT('',(5.99999959745876,-2.10000000000005,-44.8240895998942));
#5379=CARTESIAN_POINT('Origin',(-85.227637049418,0.,-44.8240960286698));
#5380=CARTESIAN_POINT('',(85.2275431670882,0.,-44.8240840167605));
#5381=CARTESIAN_POINT('Origin',(-88.9398544776114,2.6,-38.7959704918117));
#5382=CARTESIAN_POINT('',(-85.4398544702573,6.8,-41.8240956356483));
#5383=CARTESIAN_POINT('',(-85.4398556289079,1.6,-41.8240952111452));
#5384=CARTESIAN_POINT('',(-92.4398544702573,6.8,-41.8240956526486));
#5385=CARTESIAN_POINT('Origin',(-88.9398544776114,6.8,-38.7959704918117));
#5386=CARTESIAN_POINT('',(-92.4398548522377,2.6,-41.8240952111439));
#5387=CARTESIAN_POINT('Origin',(-0.0124527686451614,6.8,2.57202293967759));
#5388=CARTESIAN_POINT('',(-42.7261541987806,6.8,-41.8240952111529));
#5389=CARTESIAN_POINT('Origin',(88.9148659932284,2.6,-38.7958543351351));
#5390=CARTESIAN_POINT('',(92.414948932967,6.8,-41.8239063795596));
#5391=CARTESIAN_POINT('',(92.4149479410443,2.6,-41.8239075261087));
#5392=CARTESIAN_POINT('Origin',(88.9148659932284,6.8,-38.7958543351351));
#5393=CARTESIAN_POINT('Origin',(-0.0124527686451614,6.8,2.57202293967759));
#5394=CARTESIAN_POINT('',(63.1898234170567,6.8,-41.8247089873337));
#5395=CARTESIAN_POINT('Origin',(-1.47912262098622E-8,2.6,43.9400165031947));
#5396=CARTESIAN_POINT('',(-3.5,6.8,46.9681414708389));
#5397=CARTESIAN_POINT('',(-3.49999999999999,2.6,46.9681414708389));
#5398=CARTESIAN_POINT('',(3.50000020191225,6.8,46.9681412032702));
#5399=CARTESIAN_POINT('Origin',(-1.47912262098622E-8,6.8,43.9400165031947));
#5400=CARTESIAN_POINT('',(3.5000000145861,2.6,46.9681414197875));
#5401=CARTESIAN_POINT('Origin',(-0.0124527686451614,6.8,2.57202293967759));
#5402=CARTESIAN_POINT('',(3.425411843061E-7,6.8,46.9681414708389));
#5403=CARTESIAN_POINT('',(-4.69333613958866,6.8,46.9681414708389));
#5404=CARTESIAN_POINT('',(-0.00622588926871769,6.8,46.9681414709297));
#5405=CARTESIAN_POINT('Origin',(126.390882032301,1.6,-41.8229757800784));
#5406=CARTESIAN_POINT('Origin',(3.42541184306099E-7,1.6,46.9681414708389));
#5407=CARTESIAN_POINT('',(3.425411843061E-7,1.6,46.9681414708389));
#5408=CARTESIAN_POINT('',(9.37421931988377,1.6,46.9681413341056));
#5409=CARTESIAN_POINT('Origin',(-9.3742195105322,1.6,46.9681414708389));
#5410=CARTESIAN_POINT('',(-9.3742195105322,1.6,46.9681414708389));
#5411=CARTESIAN_POINT('Origin',(-6.65711368644368,8.6,27.6078448057655));
#5412=CARTESIAN_POINT('Origin',(-89.6237382629676,8.6,36.2585958218403));
#5413=CARTESIAN_POINT('Origin',(-126.390890943906,8.6,18.8324827005395));
#5414=CARTESIAN_POINT('Origin',(-66.6149209816885,8.6,-38.6423597389576));
#5415=CARTESIAN_POINT('',(-66.6149209816885,8.6,-38.6423597389576));
#5416=CARTESIAN_POINT('Origin',(-10.0340286639861,8.6,-30.5971506930306));
#5417=CARTESIAN_POINT('Origin',(-10.1653137038014,8.6,-11.3742065056921));
#5418=CARTESIAN_POINT('Origin',(-10.1653300105533,8.6,7.86740229678423));
#5419=CARTESIAN_POINT('Origin',(126.390882032301,8.6,-38.3175188128963));
#5420=CARTESIAN_POINT('Origin',(89.6239601293369,8.6,36.2583364083295));
#5421=CARTESIAN_POINT('Origin',(9.33885519537066,8.6,46.4681407016024));
#5422=CARTESIAN_POINT('Origin',(10.1653301253081,8.6,7.86740181964262));
#5423=CARTESIAN_POINT('Origin',(10.165313537896,8.6,-11.3742066539644));
#5424=CARTESIAN_POINT('Origin',(10.0340305511669,8.6,-30.5971508422884));
#5425=CARTESIAN_POINT('Origin',(86.8340797096385,8.6,-40.2330899980355));
#5426=CARTESIAN_POINT('Origin',(9.37421931988377,1.6,46.9681413341056));
#5427=CARTESIAN_POINT('',(70.6891799426025,1.6,38.2497966726728));
#5428=CARTESIAN_POINT('Origin',(70.6891799426025,1.6,38.2497966726729));
#5429=CARTESIAN_POINT('Origin',(90.3648031682247,1.6,19.3324814127195));
#5430=CARTESIAN_POINT('Origin',(9.99865245688523,1.6,-31.0971506930306));
#5431=CARTESIAN_POINT('',(-2.26793191451184E-7,1.6,-31.0971506930283));
#5432=CARTESIAN_POINT('Origin',(-2.26793191451184E-7,1.6,-31.0971506930283));
#5433=CARTESIAN_POINT('Origin',(-9.99865413426178,1.6,-31.0971506914385));
#5434=CARTESIAN_POINT('',(-85.4398556289079,1.6,-41.8240952111452));
#5435=CARTESIAN_POINT('Origin',(-70.6891793846868,1.6,38.2497977037528));
#5436=CARTESIAN_POINT('Origin',(-90.3648026318679,1.6,19.3324827005395));
#5437=CARTESIAN_POINT('',(-90.3648026318679,1.6,19.3324827005395));
#5438=CARTESIAN_POINT('Origin',(-126.390882591205,1.6,19.3324827005395));
#5439=CARTESIAN_POINT('Origin',(-85.4398556289079,1.6,-41.8240952111452));
#5440=CARTESIAN_POINT('Origin',(85.2275431670882,0.,-44.8240840167605));
#5441=CARTESIAN_POINT('Origin',(-9.96505694616038,1.6,53.4681414822718));
#5442=CARTESIAN_POINT('',(-9.96505694616038,1.6,53.4681414822718));
#5443=CARTESIAN_POINT('Origin',(-88.9092854405567,1.6,43.2955667700433));
#5444=UNCERTAINTY_MEASURE_WITH_UNIT(LENGTH_MEASURE(0.01),#5448,
'DISTANCE_ACCURACY_VALUE',
'Maximum model space distance between geometric entities at asserted c
onnectivities');
#5445=UNCERTAINTY_MEASURE_WITH_UNIT(LENGTH_MEASURE(0.01),#5448,
'DISTANCE_ACCURACY_VALUE',
'Maximum model space distance between geometric entities at asserted c
onnectivities');
#5446=(
GEOMETRIC_REPRESENTATION_CONTEXT(3)
GLOBAL_UNCERTAINTY_ASSIGNED_CONTEXT((#5444))
GLOBAL_UNIT_ASSIGNED_CONTEXT((#5448,#5449,#5450))
REPRESENTATION_CONTEXT('','3D')
);
#5447=(
GEOMETRIC_REPRESENTATION_CONTEXT(3)
GLOBAL_UNCERTAINTY_ASSIGNED_CONTEXT((#5445))
GLOBAL_UNIT_ASSIGNED_CONTEXT((#5448,#5449,#5450))
REPRESENTATION_CONTEXT('','3D')
);
#5448=(
LENGTH_UNIT()
NAMED_UNIT(*)
SI_UNIT(.MILLI.,.METRE.)
);
#5449=(
NAMED_UNIT(*)
PLANE_ANGLE_UNIT()
SI_UNIT($,.RADIAN.)
);
#5450=(
NAMED_UNIT(*)
SI_UNIT($,.STERADIAN.)
SOLID_ANGLE_UNIT()
);
#5451=SHAPE_DEFINITION_REPRESENTATION(#5452,#5453);
#5452=PRODUCT_DEFINITION_SHAPE('',$,#5455);
#5453=SHAPE_REPRESENTATION('',(#3295),#5446);
#5454=PRODUCT_DEFINITION_CONTEXT('part definition',#5459,'design');
#5455=PRODUCT_DEFINITION('2026-05-22-02-35-04-396','carot42',#5456,#5454);
#5456=PRODUCT_DEFINITION_FORMATION('',$,#5461);
#5457=PRODUCT_RELATED_PRODUCT_CATEGORY('carot42','carot42',(#5461));
#5458=APPLICATION_PROTOCOL_DEFINITION('international standard',
'automotive_design',2009,#5459);
#5459=APPLICATION_CONTEXT(
'Core Data for Automotive Mechanical Design Process');
#5460=PRODUCT_CONTEXT('part definition',#5459,'mechanical');
#5461=PRODUCT('2026-05-22-02-35-04-396','carot42',$,(#5460));
#5462=PRESENTATION_STYLE_ASSIGNMENT((#5463));
#5463=SURFACE_STYLE_USAGE(.BOTH.,#5464);
#5464=SURFACE_SIDE_STYLE('',(#5465));
#5465=SURFACE_STYLE_FILL_AREA(#5466);
#5466=FILL_AREA_STYLE('\X2\92FC\X0\ - \X2\30B530C630F3\X0\',(#5467));
#5467=FILL_AREA_STYLE_COLOUR('\X2\92FC\X0\ - \X2\30B530C630F3\X0\',#5468);
#5468=COLOUR_RGB('\X2\92FC\X0\ - \X2\30B530C630F3\X0\',0.627450980392157,
0.627450980392157,0.627450980392157);
ENDSEC;
END-ISO-10303-21;
