ISO-10303-21;
HEADER;
/* Generated by software containing ST-Developer
 * from STEP Tools, Inc. (www.steptools.com) 
 */

FILE_DESCRIPTION(
/* description */ (''),
/* implementation_level */ '2;1');

FILE_NAME(
/* name */ 'carot42_top_case_v2.2.step',
/* time_stamp */ '2026-07-08T08:56:59+09:00',
/* author */ (''),
/* organization */ (''),
/* preprocessor_version */ 'ST-DEVELOPER v20.1',
/* originating_system */ 'Autodesk Translation Framework v15.8.0.0',
/* authorisation */ '');

FILE_SCHEMA (('AUTOMOTIVE_DESIGN { 1 0 10303 214 3 1 1 }'));
ENDSEC;

DATA;
#10=MECHANICAL_DESIGN_GEOMETRIC_PRESENTATION_REPRESENTATION('',(#13),#6596);
#11=SHAPE_REPRESENTATION_RELATIONSHIP('SRR','None',#6602,#12);
#12=ADVANCED_BREP_SHAPE_REPRESENTATION('',(#14),#6595);
#13=STYLED_ITEM('',(#6611),#14);
#14=MANIFOLD_SOLID_BREP('top_case',#3988);
#15=CONICAL_SURFACE('',#4245,0.40575,1.02974425867665);
#16=CONICAL_SURFACE('',#4249,0.40575,1.02974425867665);
#17=CONICAL_SURFACE('',#4253,0.40575,1.02974425867665);
#18=CONICAL_SURFACE('',#4257,0.40575,1.02974425867665);
#19=CONICAL_SURFACE('',#4261,0.40575,1.02974425867665);
#20=CONICAL_SURFACE('',#4265,0.40575,1.02974425867665);
#21=FACE_BOUND('',#403,.T.);
#22=FACE_BOUND('',#535,.T.);
#23=FACE_BOUND('',#539,.T.);
#24=FACE_BOUND('',#540,.T.);
#25=FACE_BOUND('',#566,.T.);
#26=FACE_BOUND('',#567,.T.);
#27=FACE_BOUND('',#570,.T.);
#28=FACE_BOUND('',#571,.T.);
#29=FACE_BOUND('',#578,.T.);
#30=FACE_BOUND('',#579,.T.);
#31=PLANE('',#3993);
#32=PLANE('',#3997);
#33=PLANE('',#4011);
#34=PLANE('',#4014);
#35=PLANE('',#4017);
#36=PLANE('',#4021);
#37=PLANE('',#4038);
#38=PLANE('',#4068);
#39=PLANE('',#4070);
#40=PLANE('',#4075);
#41=PLANE('',#4080);
#42=PLANE('',#4083);
#43=PLANE('',#4086);
#44=PLANE('',#4089);
#45=PLANE('',#4095);
#46=PLANE('',#4099);
#47=PLANE('',#4108);
#48=PLANE('',#4111);
#49=PLANE('',#4114);
#50=PLANE('',#4117);
#51=PLANE('',#4120);
#52=PLANE('',#4123);
#53=PLANE('',#4126);
#54=PLANE('',#4129);
#55=PLANE('',#4132);
#56=PLANE('',#4135);
#57=PLANE('',#4138);
#58=PLANE('',#4141);
#59=PLANE('',#4144);
#60=PLANE('',#4147);
#61=PLANE('',#4150);
#62=PLANE('',#4153);
#63=PLANE('',#4158);
#64=PLANE('',#4161);
#65=PLANE('',#4164);
#66=PLANE('',#4165);
#67=PLANE('',#4168);
#68=PLANE('',#4170);
#69=PLANE('',#4172);
#70=PLANE('',#4174);
#71=PLANE('',#4177);
#72=PLANE('',#4179);
#73=PLANE('',#4184);
#74=PLANE('',#4187);
#75=PLANE('',#4190);
#76=PLANE('',#4191);
#77=PLANE('',#4192);
#78=PLANE('',#4193);
#79=PLANE('',#4194);
#80=PLANE('',#4195);
#81=PLANE('',#4196);
#82=PLANE('',#4197);
#83=PLANE('',#4198);
#84=PLANE('',#4199);
#85=PLANE('',#4200);
#86=PLANE('',#4201);
#87=PLANE('',#4202);
#88=PLANE('',#4203);
#89=PLANE('',#4204);
#90=PLANE('',#4205);
#91=PLANE('',#4206);
#92=PLANE('',#4207);
#93=PLANE('',#4208);
#94=PLANE('',#4209);
#95=PLANE('',#4210);
#96=PLANE('',#4211);
#97=PLANE('',#4212);
#98=PLANE('',#4213);
#99=PLANE('',#4214);
#100=PLANE('',#4215);
#101=PLANE('',#4216);
#102=PLANE('',#4217);
#103=PLANE('',#4218);
#104=PLANE('',#4219);
#105=PLANE('',#4220);
#106=PLANE('',#4221);
#107=PLANE('',#4222);
#108=PLANE('',#4223);
#109=PLANE('',#4224);
#110=PLANE('',#4225);
#111=PLANE('',#4226);
#112=PLANE('',#4227);
#113=PLANE('',#4228);
#114=PLANE('',#4229);
#115=PLANE('',#4230);
#116=PLANE('',#4231);
#117=PLANE('',#4232);
#118=PLANE('',#4233);
#119=PLANE('',#4234);
#120=PLANE('',#4235);
#121=PLANE('',#4236);
#122=PLANE('',#4237);
#123=PLANE('',#4238);
#124=PLANE('',#4239);
#125=PLANE('',#4240);
#126=PLANE('',#4241);
#127=PLANE('',#4242);
#128=PLANE('',#4243);
#129=PLANE('',#4244);
#130=PLANE('',#4269);
#131=PLANE('',#4270);
#132=PLANE('',#4271);
#133=PLANE('',#4272);
#134=PLANE('',#4273);
#135=PLANE('',#4274);
#136=PLANE('',#4275);
#137=PLANE('',#4276);
#138=PLANE('',#4277);
#139=PLANE('',#4278);
#140=PLANE('',#4279);
#141=PLANE('',#4280);
#142=PLANE('',#4281);
#143=PLANE('',#4282);
#144=PLANE('',#4283);
#145=PLANE('',#4284);
#146=PLANE('',#4285);
#147=PLANE('',#4286);
#148=PLANE('',#4287);
#149=PLANE('',#4288);
#150=PLANE('',#4289);
#151=PLANE('',#4290);
#152=PLANE('',#4291);
#153=PLANE('',#4292);
#154=PLANE('',#4295);
#155=PLANE('',#4298);
#156=PLANE('',#4301);
#157=PLANE('',#4302);
#158=PLANE('',#4303);
#159=PLANE('',#4304);
#160=PLANE('',#4305);
#161=PLANE('',#4306);
#162=PLANE('',#4307);
#163=PLANE('',#4308);
#164=PLANE('',#4309);
#165=PLANE('',#4310);
#166=PLANE('',#4311);
#167=PLANE('',#4312);
#168=PLANE('',#4313);
#169=PLANE('',#4314);
#170=PLANE('',#4315);
#171=PLANE('',#4316);
#172=PLANE('',#4317);
#173=PLANE('',#4318);
#174=PLANE('',#4319);
#175=PLANE('',#4320);
#176=PLANE('',#4321);
#177=PLANE('',#4322);
#178=FACE_OUTER_BOUND('',#390,.T.);
#179=FACE_OUTER_BOUND('',#391,.T.);
#180=FACE_OUTER_BOUND('',#392,.T.);
#181=FACE_OUTER_BOUND('',#393,.T.);
#182=FACE_OUTER_BOUND('',#394,.T.);
#183=FACE_OUTER_BOUND('',#395,.T.);
#184=FACE_OUTER_BOUND('',#396,.T.);
#185=FACE_OUTER_BOUND('',#397,.T.);
#186=FACE_OUTER_BOUND('',#398,.T.);
#187=FACE_OUTER_BOUND('',#399,.T.);
#188=FACE_OUTER_BOUND('',#400,.T.);
#189=FACE_OUTER_BOUND('',#401,.T.);
#190=FACE_OUTER_BOUND('',#402,.T.);
#191=FACE_OUTER_BOUND('',#404,.T.);
#192=FACE_OUTER_BOUND('',#405,.T.);
#193=FACE_OUTER_BOUND('',#406,.T.);
#194=FACE_OUTER_BOUND('',#407,.T.);
#195=FACE_OUTER_BOUND('',#408,.T.);
#196=FACE_OUTER_BOUND('',#409,.T.);
#197=FACE_OUTER_BOUND('',#410,.T.);
#198=FACE_OUTER_BOUND('',#411,.T.);
#199=FACE_OUTER_BOUND('',#412,.T.);
#200=FACE_OUTER_BOUND('',#413,.T.);
#201=FACE_OUTER_BOUND('',#414,.T.);
#202=FACE_OUTER_BOUND('',#415,.T.);
#203=FACE_OUTER_BOUND('',#416,.T.);
#204=FACE_OUTER_BOUND('',#417,.T.);
#205=FACE_OUTER_BOUND('',#418,.T.);
#206=FACE_OUTER_BOUND('',#419,.T.);
#207=FACE_OUTER_BOUND('',#420,.T.);
#208=FACE_OUTER_BOUND('',#421,.T.);
#209=FACE_OUTER_BOUND('',#422,.T.);
#210=FACE_OUTER_BOUND('',#423,.T.);
#211=FACE_OUTER_BOUND('',#424,.T.);
#212=FACE_OUTER_BOUND('',#425,.T.);
#213=FACE_OUTER_BOUND('',#426,.T.);
#214=FACE_OUTER_BOUND('',#427,.T.);
#215=FACE_OUTER_BOUND('',#428,.T.);
#216=FACE_OUTER_BOUND('',#429,.T.);
#217=FACE_OUTER_BOUND('',#430,.T.);
#218=FACE_OUTER_BOUND('',#431,.T.);
#219=FACE_OUTER_BOUND('',#432,.T.);
#220=FACE_OUTER_BOUND('',#433,.T.);
#221=FACE_OUTER_BOUND('',#434,.T.);
#222=FACE_OUTER_BOUND('',#435,.T.);
#223=FACE_OUTER_BOUND('',#436,.T.);
#224=FACE_OUTER_BOUND('',#437,.T.);
#225=FACE_OUTER_BOUND('',#438,.T.);
#226=FACE_OUTER_BOUND('',#439,.T.);
#227=FACE_OUTER_BOUND('',#440,.T.);
#228=FACE_OUTER_BOUND('',#441,.T.);
#229=FACE_OUTER_BOUND('',#442,.T.);
#230=FACE_OUTER_BOUND('',#443,.T.);
#231=FACE_OUTER_BOUND('',#444,.T.);
#232=FACE_OUTER_BOUND('',#445,.T.);
#233=FACE_OUTER_BOUND('',#446,.T.);
#234=FACE_OUTER_BOUND('',#447,.T.);
#235=FACE_OUTER_BOUND('',#448,.T.);
#236=FACE_OUTER_BOUND('',#449,.T.);
#237=FACE_OUTER_BOUND('',#450,.T.);
#238=FACE_OUTER_BOUND('',#451,.T.);
#239=FACE_OUTER_BOUND('',#452,.T.);
#240=FACE_OUTER_BOUND('',#453,.T.);
#241=FACE_OUTER_BOUND('',#454,.T.);
#242=FACE_OUTER_BOUND('',#455,.T.);
#243=FACE_OUTER_BOUND('',#456,.T.);
#244=FACE_OUTER_BOUND('',#457,.T.);
#245=FACE_OUTER_BOUND('',#458,.T.);
#246=FACE_OUTER_BOUND('',#459,.T.);
#247=FACE_OUTER_BOUND('',#460,.T.);
#248=FACE_OUTER_BOUND('',#461,.T.);
#249=FACE_OUTER_BOUND('',#462,.T.);
#250=FACE_OUTER_BOUND('',#463,.T.);
#251=FACE_OUTER_BOUND('',#464,.T.);
#252=FACE_OUTER_BOUND('',#465,.T.);
#253=FACE_OUTER_BOUND('',#466,.T.);
#254=FACE_OUTER_BOUND('',#467,.T.);
#255=FACE_OUTER_BOUND('',#468,.T.);
#256=FACE_OUTER_BOUND('',#469,.T.);
#257=FACE_OUTER_BOUND('',#470,.T.);
#258=FACE_OUTER_BOUND('',#471,.T.);
#259=FACE_OUTER_BOUND('',#472,.T.);
#260=FACE_OUTER_BOUND('',#473,.T.);
#261=FACE_OUTER_BOUND('',#474,.T.);
#262=FACE_OUTER_BOUND('',#475,.T.);
#263=FACE_OUTER_BOUND('',#476,.T.);
#264=FACE_OUTER_BOUND('',#477,.T.);
#265=FACE_OUTER_BOUND('',#478,.T.);
#266=FACE_OUTER_BOUND('',#479,.T.);
#267=FACE_OUTER_BOUND('',#480,.T.);
#268=FACE_OUTER_BOUND('',#481,.T.);
#269=FACE_OUTER_BOUND('',#482,.T.);
#270=FACE_OUTER_BOUND('',#483,.T.);
#271=FACE_OUTER_BOUND('',#484,.T.);
#272=FACE_OUTER_BOUND('',#485,.T.);
#273=FACE_OUTER_BOUND('',#486,.T.);
#274=FACE_OUTER_BOUND('',#487,.T.);
#275=FACE_OUTER_BOUND('',#488,.T.);
#276=FACE_OUTER_BOUND('',#489,.T.);
#277=FACE_OUTER_BOUND('',#490,.T.);
#278=FACE_OUTER_BOUND('',#491,.T.);
#279=FACE_OUTER_BOUND('',#492,.T.);
#280=FACE_OUTER_BOUND('',#493,.T.);
#281=FACE_OUTER_BOUND('',#494,.T.);
#282=FACE_OUTER_BOUND('',#495,.T.);
#283=FACE_OUTER_BOUND('',#496,.T.);
#284=FACE_OUTER_BOUND('',#497,.T.);
#285=FACE_OUTER_BOUND('',#498,.T.);
#286=FACE_OUTER_BOUND('',#499,.T.);
#287=FACE_OUTER_BOUND('',#500,.T.);
#288=FACE_OUTER_BOUND('',#501,.T.);
#289=FACE_OUTER_BOUND('',#502,.T.);
#290=FACE_OUTER_BOUND('',#503,.T.);
#291=FACE_OUTER_BOUND('',#504,.T.);
#292=FACE_OUTER_BOUND('',#505,.T.);
#293=FACE_OUTER_BOUND('',#506,.T.);
#294=FACE_OUTER_BOUND('',#507,.T.);
#295=FACE_OUTER_BOUND('',#508,.T.);
#296=FACE_OUTER_BOUND('',#509,.T.);
#297=FACE_OUTER_BOUND('',#510,.T.);
#298=FACE_OUTER_BOUND('',#511,.T.);
#299=FACE_OUTER_BOUND('',#512,.T.);
#300=FACE_OUTER_BOUND('',#513,.T.);
#301=FACE_OUTER_BOUND('',#514,.T.);
#302=FACE_OUTER_BOUND('',#515,.T.);
#303=FACE_OUTER_BOUND('',#516,.T.);
#304=FACE_OUTER_BOUND('',#517,.T.);
#305=FACE_OUTER_BOUND('',#518,.T.);
#306=FACE_OUTER_BOUND('',#519,.T.);
#307=FACE_OUTER_BOUND('',#520,.T.);
#308=FACE_OUTER_BOUND('',#521,.T.);
#309=FACE_OUTER_BOUND('',#522,.T.);
#310=FACE_OUTER_BOUND('',#523,.T.);
#311=FACE_OUTER_BOUND('',#524,.T.);
#312=FACE_OUTER_BOUND('',#525,.T.);
#313=FACE_OUTER_BOUND('',#526,.T.);
#314=FACE_OUTER_BOUND('',#527,.T.);
#315=FACE_OUTER_BOUND('',#528,.T.);
#316=FACE_OUTER_BOUND('',#529,.T.);
#317=FACE_OUTER_BOUND('',#530,.T.);
#318=FACE_OUTER_BOUND('',#531,.T.);
#319=FACE_OUTER_BOUND('',#532,.T.);
#320=FACE_OUTER_BOUND('',#533,.T.);
#321=FACE_OUTER_BOUND('',#534,.T.);
#322=FACE_OUTER_BOUND('',#536,.T.);
#323=FACE_OUTER_BOUND('',#537,.T.);
#324=FACE_OUTER_BOUND('',#538,.T.);
#325=FACE_OUTER_BOUND('',#541,.T.);
#326=FACE_OUTER_BOUND('',#542,.T.);
#327=FACE_OUTER_BOUND('',#543,.T.);
#328=FACE_OUTER_BOUND('',#544,.T.);
#329=FACE_OUTER_BOUND('',#545,.T.);
#330=FACE_OUTER_BOUND('',#546,.T.);
#331=FACE_OUTER_BOUND('',#547,.T.);
#332=FACE_OUTER_BOUND('',#548,.T.);
#333=FACE_OUTER_BOUND('',#549,.T.);
#334=FACE_OUTER_BOUND('',#550,.T.);
#335=FACE_OUTER_BOUND('',#551,.T.);
#336=FACE_OUTER_BOUND('',#552,.T.);
#337=FACE_OUTER_BOUND('',#553,.T.);
#338=FACE_OUTER_BOUND('',#554,.T.);
#339=FACE_OUTER_BOUND('',#555,.T.);
#340=FACE_OUTER_BOUND('',#556,.T.);
#341=FACE_OUTER_BOUND('',#557,.T.);
#342=FACE_OUTER_BOUND('',#558,.T.);
#343=FACE_OUTER_BOUND('',#559,.T.);
#344=FACE_OUTER_BOUND('',#560,.T.);
#345=FACE_OUTER_BOUND('',#561,.T.);
#346=FACE_OUTER_BOUND('',#562,.T.);
#347=FACE_OUTER_BOUND('',#563,.T.);
#348=FACE_OUTER_BOUND('',#564,.T.);
#349=FACE_OUTER_BOUND('',#565,.T.);
#350=FACE_OUTER_BOUND('',#568,.T.);
#351=FACE_OUTER_BOUND('',#569,.T.);
#352=FACE_OUTER_BOUND('',#572,.T.);
#353=FACE_OUTER_BOUND('',#573,.T.);
#354=FACE_OUTER_BOUND('',#574,.T.);
#355=FACE_OUTER_BOUND('',#575,.T.);
#356=FACE_OUTER_BOUND('',#576,.T.);
#357=FACE_OUTER_BOUND('',#577,.T.);
#358=FACE_OUTER_BOUND('',#580,.T.);
#359=FACE_OUTER_BOUND('',#581,.T.);
#360=FACE_OUTER_BOUND('',#582,.T.);
#361=FACE_OUTER_BOUND('',#583,.T.);
#362=FACE_OUTER_BOUND('',#584,.T.);
#363=FACE_OUTER_BOUND('',#585,.T.);
#364=FACE_OUTER_BOUND('',#586,.T.);
#365=FACE_OUTER_BOUND('',#587,.T.);
#366=FACE_OUTER_BOUND('',#588,.T.);
#367=FACE_OUTER_BOUND('',#589,.T.);
#368=FACE_OUTER_BOUND('',#590,.T.);
#369=FACE_OUTER_BOUND('',#591,.T.);
#370=FACE_OUTER_BOUND('',#592,.T.);
#371=FACE_OUTER_BOUND('',#593,.T.);
#372=FACE_OUTER_BOUND('',#594,.T.);
#373=FACE_OUTER_BOUND('',#595,.T.);
#374=FACE_OUTER_BOUND('',#596,.T.);
#375=FACE_OUTER_BOUND('',#597,.T.);
#376=FACE_OUTER_BOUND('',#598,.T.);
#377=FACE_OUTER_BOUND('',#599,.T.);
#378=FACE_OUTER_BOUND('',#600,.T.);
#379=FACE_OUTER_BOUND('',#601,.T.);
#380=FACE_OUTER_BOUND('',#602,.T.);
#381=FACE_OUTER_BOUND('',#603,.T.);
#382=FACE_OUTER_BOUND('',#604,.T.);
#383=FACE_OUTER_BOUND('',#605,.T.);
#384=FACE_OUTER_BOUND('',#606,.T.);
#385=FACE_OUTER_BOUND('',#607,.T.);
#386=FACE_OUTER_BOUND('',#608,.T.);
#387=FACE_OUTER_BOUND('',#609,.T.);
#388=FACE_OUTER_BOUND('',#610,.T.);
#389=FACE_OUTER_BOUND('',#611,.T.);
#390=EDGE_LOOP('',(#2573,#2574,#2575,#2576));
#391=EDGE_LOOP('',(#2577,#2578,#2579,#2580,#2581,#2582,#2583,#2584,#2585,
#2586,#2587,#2588,#2589,#2590));
#392=EDGE_LOOP('',(#2591,#2592,#2593,#2594));
#393=EDGE_LOOP('',(#2595,#2596,#2597,#2598,#2599,#2600,#2601,#2602,#2603,
#2604,#2605,#2606,#2607,#2608,#2609,#2610,#2611,#2612,#2613,#2614,#2615,
#2616,#2617,#2618,#2619,#2620,#2621,#2622,#2623,#2624,#2625,#2626,#2627,
#2628,#2629,#2630,#2631,#2632,#2633,#2634,#2635));
#394=EDGE_LOOP('',(#2636,#2637,#2638,#2639,#2640,#2641,#2642,#2643,#2644,
#2645,#2646,#2647,#2648));
#395=EDGE_LOOP('',(#2649,#2650,#2651,#2652));
#396=EDGE_LOOP('',(#2653,#2654,#2655,#2656,#2657,#2658));
#397=EDGE_LOOP('',(#2659,#2660,#2661,#2662));
#398=EDGE_LOOP('',(#2663,#2664,#2665,#2666,#2667,#2668));
#399=EDGE_LOOP('',(#2669,#2670,#2671,#2672));
#400=EDGE_LOOP('',(#2673,#2674,#2675,#2676,#2677,#2678,#2679,#2680,#2681,
#2682,#2683,#2684,#2685,#2686,#2687,#2688,#2689,#2690,#2691,#2692,#2693,
#2694,#2695,#2696,#2697,#2698,#2699,#2700,#2701,#2702,#2703,#2704,#2705,
#2706,#2707,#2708,#2709));
#401=EDGE_LOOP('',(#2710,#2711,#2712,#2713));
#402=EDGE_LOOP('',(#2714,#2715,#2716,#2717,#2718,#2719,#2720,#2721,#2722,
#2723,#2724,#2725,#2726,#2727,#2728,#2729,#2730,#2731,#2732,#2733,#2734,
#2735,#2736,#2737,#2738,#2739,#2740,#2741,#2742,#2743,#2744,#2745,#2746,
#2747,#2748,#2749,#2750,#2751,#2752,#2753,#2754,#2755,#2756,#2757,#2758,
#2759,#2760,#2761,#2762,#2763,#2764,#2765,#2766,#2767,#2768,#2769,#2770,
#2771,#2772,#2773,#2774,#2775,#2776,#2777,#2778,#2779,#2780,#2781,#2782,
#2783,#2784,#2785,#2786,#2787,#2788,#2789,#2790,#2791,#2792,#2793));
#403=EDGE_LOOP('',(#2794,#2795,#2796,#2797));
#404=EDGE_LOOP('',(#2798,#2799,#2800,#2801));
#405=EDGE_LOOP('',(#2802,#2803,#2804,#2805));
#406=EDGE_LOOP('',(#2806,#2807,#2808,#2809));
#407=EDGE_LOOP('',(#2810,#2811,#2812,#2813,#2814,#2815));
#408=EDGE_LOOP('',(#2816,#2817,#2818,#2819));
#409=EDGE_LOOP('',(#2820,#2821,#2822,#2823));
#410=EDGE_LOOP('',(#2824,#2825,#2826,#2827));
#411=EDGE_LOOP('',(#2828,#2829,#2830,#2831));
#412=EDGE_LOOP('',(#2832,#2833,#2834,#2835));
#413=EDGE_LOOP('',(#2836,#2837,#2838,#2839));
#414=EDGE_LOOP('',(#2840,#2841,#2842,#2843));
#415=EDGE_LOOP('',(#2844,#2845,#2846,#2847));
#416=EDGE_LOOP('',(#2848,#2849,#2850,#2851));
#417=EDGE_LOOP('',(#2852,#2853,#2854,#2855));
#418=EDGE_LOOP('',(#2856,#2857,#2858,#2859));
#419=EDGE_LOOP('',(#2860,#2861,#2862,#2863));
#420=EDGE_LOOP('',(#2864,#2865,#2866,#2867));
#421=EDGE_LOOP('',(#2868,#2869,#2870,#2871));
#422=EDGE_LOOP('',(#2872,#2873,#2874,#2875));
#423=EDGE_LOOP('',(#2876,#2877,#2878,#2879));
#424=EDGE_LOOP('',(#2880,#2881,#2882,#2883));
#425=EDGE_LOOP('',(#2884,#2885,#2886,#2887));
#426=EDGE_LOOP('',(#2888,#2889,#2890,#2891));
#427=EDGE_LOOP('',(#2892,#2893,#2894,#2895));
#428=EDGE_LOOP('',(#2896,#2897,#2898,#2899));
#429=EDGE_LOOP('',(#2900,#2901,#2902,#2903));
#430=EDGE_LOOP('',(#2904,#2905,#2906,#2907));
#431=EDGE_LOOP('',(#2908,#2909,#2910,#2911));
#432=EDGE_LOOP('',(#2912,#2913,#2914,#2915));
#433=EDGE_LOOP('',(#2916,#2917,#2918,#2919));
#434=EDGE_LOOP('',(#2920,#2921,#2922,#2923));
#435=EDGE_LOOP('',(#2924,#2925,#2926,#2927));
#436=EDGE_LOOP('',(#2928,#2929,#2930,#2931));
#437=EDGE_LOOP('',(#2932,#2933,#2934,#2935));
#438=EDGE_LOOP('',(#2936,#2937,#2938,#2939));
#439=EDGE_LOOP('',(#2940,#2941,#2942,#2943));
#440=EDGE_LOOP('',(#2944,#2945,#2946,#2947));
#441=EDGE_LOOP('',(#2948,#2949,#2950,#2951));
#442=EDGE_LOOP('',(#2952,#2953,#2954,#2955));
#443=EDGE_LOOP('',(#2956,#2957,#2958,#2959));
#444=EDGE_LOOP('',(#2960,#2961,#2962,#2963));
#445=EDGE_LOOP('',(#2964,#2965,#2966,#2967));
#446=EDGE_LOOP('',(#2968,#2969,#2970,#2971));
#447=EDGE_LOOP('',(#2972,#2973,#2974,#2975));
#448=EDGE_LOOP('',(#2976,#2977,#2978,#2979));
#449=EDGE_LOOP('',(#2980,#2981,#2982,#2983));
#450=EDGE_LOOP('',(#2984,#2985,#2986,#2987));
#451=EDGE_LOOP('',(#2988,#2989,#2990,#2991));
#452=EDGE_LOOP('',(#2992,#2993,#2994,#2995));
#453=EDGE_LOOP('',(#2996,#2997,#2998,#2999));
#454=EDGE_LOOP('',(#3000,#3001,#3002,#3003));
#455=EDGE_LOOP('',(#3004,#3005,#3006,#3007));
#456=EDGE_LOOP('',(#3008,#3009,#3010,#3011));
#457=EDGE_LOOP('',(#3012,#3013,#3014,#3015));
#458=EDGE_LOOP('',(#3016,#3017,#3018,#3019));
#459=EDGE_LOOP('',(#3020,#3021,#3022,#3023,#3024,#3025));
#460=EDGE_LOOP('',(#3026,#3027,#3028,#3029));
#461=EDGE_LOOP('',(#3030,#3031,#3032,#3033));
#462=EDGE_LOOP('',(#3034,#3035,#3036,#3037));
#463=EDGE_LOOP('',(#3038,#3039,#3040,#3041));
#464=EDGE_LOOP('',(#3042,#3043,#3044,#3045));
#465=EDGE_LOOP('',(#3046,#3047,#3048,#3049,#3050));
#466=EDGE_LOOP('',(#3051,#3052,#3053,#3054));
#467=EDGE_LOOP('',(#3055,#3056,#3057,#3058));
#468=EDGE_LOOP('',(#3059,#3060,#3061,#3062));
#469=EDGE_LOOP('',(#3063,#3064,#3065,#3066));
#470=EDGE_LOOP('',(#3067,#3068,#3069,#3070));
#471=EDGE_LOOP('',(#3071,#3072,#3073,#3074));
#472=EDGE_LOOP('',(#3075,#3076,#3077,#3078,#3079,#3080));
#473=EDGE_LOOP('',(#3081,#3082,#3083,#3084));
#474=EDGE_LOOP('',(#3085,#3086,#3087,#3088));
#475=EDGE_LOOP('',(#3089,#3090,#3091,#3092));
#476=EDGE_LOOP('',(#3093,#3094,#3095,#3096));
#477=EDGE_LOOP('',(#3097,#3098,#3099,#3100));
#478=EDGE_LOOP('',(#3101,#3102,#3103,#3104,#3105,#3106));
#479=EDGE_LOOP('',(#3107,#3108,#3109,#3110,#3111,#3112));
#480=EDGE_LOOP('',(#3113,#3114,#3115,#3116));
#481=EDGE_LOOP('',(#3117,#3118,#3119,#3120));
#482=EDGE_LOOP('',(#3121,#3122,#3123,#3124));
#483=EDGE_LOOP('',(#3125,#3126,#3127,#3128,#3129,#3130));
#484=EDGE_LOOP('',(#3131,#3132,#3133,#3134));
#485=EDGE_LOOP('',(#3135,#3136,#3137,#3138));
#486=EDGE_LOOP('',(#3139,#3140,#3141));
#487=EDGE_LOOP('',(#3142,#3143,#3144));
#488=EDGE_LOOP('',(#3145,#3146,#3147));
#489=EDGE_LOOP('',(#3148,#3149,#3150,#3151));
#490=EDGE_LOOP('',(#3152,#3153,#3154));
#491=EDGE_LOOP('',(#3155,#3156,#3157,#3158));
#492=EDGE_LOOP('',(#3159,#3160,#3161,#3162));
#493=EDGE_LOOP('',(#3163,#3164,#3165));
#494=EDGE_LOOP('',(#3166,#3167,#3168,#3169));
#495=EDGE_LOOP('',(#3170,#3171,#3172,#3173));
#496=EDGE_LOOP('',(#3174,#3175,#3176));
#497=EDGE_LOOP('',(#3177,#3178,#3179));
#498=EDGE_LOOP('',(#3180,#3181,#3182,#3183));
#499=EDGE_LOOP('',(#3184,#3185,#3186));
#500=EDGE_LOOP('',(#3187,#3188,#3189));
#501=EDGE_LOOP('',(#3190,#3191,#3192,#3193));
#502=EDGE_LOOP('',(#3194,#3195,#3196,#3197));
#503=EDGE_LOOP('',(#3198,#3199,#3200));
#504=EDGE_LOOP('',(#3201,#3202,#3203,#3204));
#505=EDGE_LOOP('',(#3205,#3206,#3207));
#506=EDGE_LOOP('',(#3208,#3209,#3210));
#507=EDGE_LOOP('',(#3211,#3212,#3213,#3214));
#508=EDGE_LOOP('',(#3215,#3216,#3217,#3218));
#509=EDGE_LOOP('',(#3219,#3220,#3221));
#510=EDGE_LOOP('',(#3222,#3223,#3224,#3225));
#511=EDGE_LOOP('',(#3226,#3227,#3228,#3229));
#512=EDGE_LOOP('',(#3230,#3231,#3232));
#513=EDGE_LOOP('',(#3233,#3234,#3235,#3236));
#514=EDGE_LOOP('',(#3237,#3238,#3239));
#515=EDGE_LOOP('',(#3240,#3241,#3242,#3243));
#516=EDGE_LOOP('',(#3244,#3245,#3246,#3247));
#517=EDGE_LOOP('',(#3248,#3249,#3250));
#518=EDGE_LOOP('',(#3251,#3252,#3253,#3254));
#519=EDGE_LOOP('',(#3255,#3256,#3257,#3258));
#520=EDGE_LOOP('',(#3259,#3260,#3261,#3262));
#521=EDGE_LOOP('',(#3263,#3264,#3265,#3266));
#522=EDGE_LOOP('',(#3267,#3268,#3269,#3270));
#523=EDGE_LOOP('',(#3271,#3272,#3273,#3274));
#524=EDGE_LOOP('',(#3275,#3276,#3277,#3278));
#525=EDGE_LOOP('',(#3279,#3280,#3281,#3282));
#526=EDGE_LOOP('',(#3283,#3284,#3285,#3286));
#527=EDGE_LOOP('',(#3287,#3288,#3289,#3290));
#528=EDGE_LOOP('',(#3291,#3292,#3293,#3294));
#529=EDGE_LOOP('',(#3295,#3296,#3297,#3298));
#530=EDGE_LOOP('',(#3299,#3300,#3301,#3302,#3303,#3304,#3305,#3306,#3307,
#3308,#3309,#3310));
#531=EDGE_LOOP('',(#3311,#3312,#3313,#3314));
#532=EDGE_LOOP('',(#3315,#3316,#3317,#3318));
#533=EDGE_LOOP('',(#3319,#3320,#3321,#3322));
#534=EDGE_LOOP('',(#3323,#3324,#3325,#3326));
#535=EDGE_LOOP('',(#3327,#3328,#3329,#3330,#3331,#3332,#3333,#3334));
#536=EDGE_LOOP('',(#3335,#3336,#3337,#3338,#3339));
#537=EDGE_LOOP('',(#3340,#3341,#3342,#3343,#3344));
#538=EDGE_LOOP('',(#3345,#3346,#3347,#3348,#3349,#3350,#3351,#3352,#3353));
#539=EDGE_LOOP('',(#3354,#3355,#3356,#3357,#3358,#3359,#3360,#3361,#3362,
#3363,#3364,#3365,#3366,#3367,#3368,#3369,#3370,#3371,#3372,#3373,#3374,
#3375,#3376,#3377,#3378,#3379));
#540=EDGE_LOOP('',(#3380,#3381,#3382,#3383,#3384,#3385,#3386,#3387,#3388,
#3389,#3390,#3391,#3392,#3393,#3394,#3395,#3396,#3397,#3398,#3399,#3400,
#3401,#3402,#3403,#3404,#3405));
#541=EDGE_LOOP('',(#3406,#3407,#3408,#3409));
#542=EDGE_LOOP('',(#3410,#3411,#3412,#3413));
#543=EDGE_LOOP('',(#3414,#3415,#3416));
#544=EDGE_LOOP('',(#3417,#3418,#3419,#3420));
#545=EDGE_LOOP('',(#3421,#3422,#3423));
#546=EDGE_LOOP('',(#3424,#3425,#3426,#3427));
#547=EDGE_LOOP('',(#3428,#3429,#3430));
#548=EDGE_LOOP('',(#3431,#3432,#3433,#3434));
#549=EDGE_LOOP('',(#3435,#3436,#3437));
#550=EDGE_LOOP('',(#3438,#3439,#3440,#3441));
#551=EDGE_LOOP('',(#3442,#3443,#3444));
#552=EDGE_LOOP('',(#3445,#3446,#3447,#3448));
#553=EDGE_LOOP('',(#3449,#3450,#3451));
#554=EDGE_LOOP('',(#3452,#3453,#3454,#3455));
#555=EDGE_LOOP('',(#3456,#3457,#3458,#3459));
#556=EDGE_LOOP('',(#3460,#3461,#3462,#3463,#3464));
#557=EDGE_LOOP('',(#3465,#3466,#3467,#3468));
#558=EDGE_LOOP('',(#3469,#3470,#3471,#3472,#3473));
#559=EDGE_LOOP('',(#3474,#3475,#3476,#3477));
#560=EDGE_LOOP('',(#3478,#3479,#3480,#3481));
#561=EDGE_LOOP('',(#3482,#3483,#3484,#3485,#3486));
#562=EDGE_LOOP('',(#3487,#3488,#3489,#3490,#3491,#3492));
#563=EDGE_LOOP('',(#3493,#3494,#3495,#3496,#3497,#3498,#3499,#3500));
#564=EDGE_LOOP('',(#3501,#3502,#3503,#3504,#3505,#3506));
#565=EDGE_LOOP('',(#3507,#3508,#3509,#3510,#3511,#3512));
#566=EDGE_LOOP('',(#3513));
#567=EDGE_LOOP('',(#3514));
#568=EDGE_LOOP('',(#3515,#3516,#3517,#3518));
#569=EDGE_LOOP('',(#3519,#3520,#3521,#3522,#3523,#3524));
#570=EDGE_LOOP('',(#3525));
#571=EDGE_LOOP('',(#3526));
#572=EDGE_LOOP('',(#3527,#3528,#3529,#3530,#3531,#3532,#3533,#3534));
#573=EDGE_LOOP('',(#3535,#3536,#3537,#3538));
#574=EDGE_LOOP('',(#3539,#3540,#3541,#3542));
#575=EDGE_LOOP('',(#3543,#3544,#3545,#3546));
#576=EDGE_LOOP('',(#3547,#3548,#3549,#3550));
#577=EDGE_LOOP('',(#3551,#3552,#3553,#3554));
#578=EDGE_LOOP('',(#3555));
#579=EDGE_LOOP('',(#3556));
#580=EDGE_LOOP('',(#3557,#3558,#3559,#3560));
#581=EDGE_LOOP('',(#3561,#3562,#3563,#3564,#3565,#3566,#3567,#3568,#3569,
#3570,#3571,#3572,#3573,#3574,#3575,#3576,#3577,#3578,#3579,#3580,#3581,
#3582,#3583,#3584));
#582=EDGE_LOOP('',(#3585,#3586,#3587,#3588));
#583=EDGE_LOOP('',(#3589,#3590,#3591,#3592));
#584=EDGE_LOOP('',(#3593,#3594,#3595,#3596,#3597,#3598,#3599,#3600,#3601,
#3602,#3603,#3604));
#585=EDGE_LOOP('',(#3605,#3606,#3607,#3608));
#586=EDGE_LOOP('',(#3609,#3610,#3611));
#587=EDGE_LOOP('',(#3612,#3613,#3614,#3615,#3616));
#588=EDGE_LOOP('',(#3617,#3618,#3619));
#589=EDGE_LOOP('',(#3620,#3621,#3622,#3623));
#590=EDGE_LOOP('',(#3624,#3625,#3626));
#591=EDGE_LOOP('',(#3627,#3628,#3629,#3630,#3631,#3632));
#592=EDGE_LOOP('',(#3633,#3634,#3635,#3636));
#593=EDGE_LOOP('',(#3637,#3638,#3639,#3640));
#594=EDGE_LOOP('',(#3641,#3642,#3643,#3644));
#595=EDGE_LOOP('',(#3645,#3646,#3647,#3648));
#596=EDGE_LOOP('',(#3649,#3650,#3651,#3652));
#597=EDGE_LOOP('',(#3653,#3654,#3655,#3656));
#598=EDGE_LOOP('',(#3657,#3658,#3659,#3660));
#599=EDGE_LOOP('',(#3661,#3662,#3663,#3664));
#600=EDGE_LOOP('',(#3665,#3666,#3667,#3668));
#601=EDGE_LOOP('',(#3669,#3670,#3671,#3672));
#602=EDGE_LOOP('',(#3673,#3674,#3675,#3676));
#603=EDGE_LOOP('',(#3677,#3678,#3679,#3680));
#604=EDGE_LOOP('',(#3681,#3682,#3683,#3684,#3685));
#605=EDGE_LOOP('',(#3686,#3687,#3688,#3689,#3690));
#606=EDGE_LOOP('',(#3691,#3692,#3693,#3694,#3695,#3696));
#607=EDGE_LOOP('',(#3697,#3698,#3699,#3700));
#608=EDGE_LOOP('',(#3701,#3702,#3703,#3704));
#609=EDGE_LOOP('',(#3705,#3706,#3707,#3708));
#610=EDGE_LOOP('',(#3709,#3710,#3711,#3712));
#611=EDGE_LOOP('',(#3713,#3714,#3715,#3716));
#612=ELLIPSE('',#3992,1.00750982545885,1.);
#613=ELLIPSE('',#3996,1.00750982545885,1.);
#614=ELLIPSE('',#4020,1.012465125788,1.);
#615=ELLIPSE('',#4067,1.012465125788,1.);
#616=ELLIPSE('',#4082,1.012465125788,1.);
#617=ELLIPSE('',#4085,1.012465125788,1.);
#618=ELLIPSE('',#4088,1.012465125788,1.);
#619=ELLIPSE('',#4091,1.012465125788,1.);
#620=LINE('',#5448,#1071);
#621=LINE('',#5451,#1072);
#622=LINE('',#5454,#1073);
#623=LINE('',#5456,#1074);
#624=LINE('',#5458,#1075);
#625=LINE('',#5460,#1076);
#626=LINE('',#5462,#1077);
#627=LINE('',#5464,#1078);
#628=LINE('',#5466,#1079);
#629=LINE('',#5468,#1080);
#630=LINE('',#5470,#1081);
#631=LINE('',#5472,#1082);
#632=LINE('',#5474,#1083);
#633=LINE('',#5476,#1084);
#634=LINE('',#5477,#1085);
#635=LINE('',#5483,#1086);
#636=LINE('',#5486,#1087);
#637=LINE('',#5489,#1088);
#638=LINE('',#5491,#1089);
#639=LINE('',#5493,#1090);
#640=LINE('',#5495,#1091);
#641=LINE('',#5497,#1092);
#642=LINE('',#5499,#1093);
#643=LINE('',#5500,#1094);
#644=LINE('',#5502,#1095);
#645=LINE('',#5506,#1096);
#646=LINE('',#5514,#1097);
#647=LINE('',#5516,#1098);
#648=LINE('',#5520,#1099);
#649=LINE('',#5522,#1100);
#650=LINE('',#5526,#1101);
#651=LINE('',#5530,#1102);
#652=LINE('',#5532,#1103);
#653=LINE('',#5534,#1104);
#654=LINE('',#5536,#1105);
#655=LINE('',#5540,#1106);
#656=LINE('',#5544,#1107);
#657=LINE('',#5546,#1108);
#658=LINE('',#5550,#1109);
#659=LINE('',#5552,#1110);
#660=LINE('',#5558,#1111);
#661=LINE('',#5562,#1112);
#662=LINE('',#5564,#1113);
#663=LINE('',#5566,#1114);
#664=LINE('',#5568,#1115);
#665=LINE('',#5570,#1116);
#666=LINE('',#5572,#1117);
#667=LINE('',#5574,#1118);
#668=LINE('',#5576,#1119);
#669=LINE('',#5578,#1120);
#670=LINE('',#5580,#1121);
#671=LINE('',#5581,#1122);
#672=LINE('',#5585,#1123);
#673=LINE('',#5588,#1124);
#674=LINE('',#5590,#1125);
#675=LINE('',#5592,#1126);
#676=LINE('',#5593,#1127);
#677=LINE('',#5597,#1128);
#678=LINE('',#5600,#1129);
#679=LINE('',#5602,#1130);
#680=LINE('',#5604,#1131);
#681=LINE('',#5605,#1132);
#682=LINE('',#5610,#1133);
#683=LINE('',#5616,#1134);
#684=LINE('',#5618,#1135);
#685=LINE('',#5622,#1136);
#686=LINE('',#5624,#1137);
#687=LINE('',#5628,#1138);
#688=LINE('',#5630,#1139);
#689=LINE('',#5634,#1140);
#690=LINE('',#5638,#1141);
#691=LINE('',#5642,#1142);
#692=LINE('',#5644,#1143);
#693=LINE('',#5648,#1144);
#694=LINE('',#5650,#1145);
#695=LINE('',#5654,#1146);
#696=LINE('',#5656,#1147);
#697=LINE('',#5661,#1148);
#698=LINE('',#5665,#1149);
#699=LINE('',#5669,#1150);
#700=LINE('',#5671,#1151);
#701=LINE('',#5675,#1152);
#702=LINE('',#5678,#1153);
#703=LINE('',#5682,#1154);
#704=LINE('',#5687,#1155);
#705=LINE('',#5689,#1156);
#706=LINE('',#5693,#1157);
#707=LINE('',#5697,#1158);
#708=LINE('',#5701,#1159);
#709=LINE('',#5703,#1160);
#710=LINE('',#5707,#1161);
#711=LINE('',#5709,#1162);
#712=LINE('',#5713,#1163);
#713=LINE('',#5715,#1164);
#714=LINE('',#5719,#1165);
#715=LINE('',#5723,#1166);
#716=LINE('',#5725,#1167);
#717=LINE('',#5729,#1168);
#718=LINE('',#5731,#1169);
#719=LINE('',#5736,#1170);
#720=LINE('',#5738,#1171);
#721=LINE('',#5742,#1172);
#722=LINE('',#5744,#1173);
#723=LINE('',#5748,#1174);
#724=LINE('',#5750,#1175);
#725=LINE('',#5754,#1176);
#726=LINE('',#5756,#1177);
#727=LINE('',#5760,#1178);
#728=LINE('',#5761,#1179);
#729=LINE('',#5765,#1180);
#730=LINE('',#5767,#1181);
#731=LINE('',#5771,#1182);
#732=LINE('',#5773,#1183);
#733=LINE('',#5777,#1184);
#734=LINE('',#5781,#1185);
#735=LINE('',#5783,#1186);
#736=LINE('',#5787,#1187);
#737=LINE('',#5789,#1188);
#738=LINE('',#5793,#1189);
#739=LINE('',#5795,#1190);
#740=LINE('',#5799,#1191);
#741=LINE('',#5803,#1192);
#742=LINE('',#5807,#1193);
#743=LINE('',#5809,#1194);
#744=LINE('',#5814,#1195);
#745=LINE('',#5816,#1196);
#746=LINE('',#5818,#1197);
#747=LINE('',#5820,#1198);
#748=LINE('',#5824,#1199);
#749=LINE('',#5826,#1200);
#750=LINE('',#5828,#1201);
#751=LINE('',#5829,#1202);
#752=LINE('',#5833,#1203);
#753=LINE('',#5836,#1204);
#754=LINE('',#5837,#1205);
#755=LINE('',#5839,#1206);
#756=LINE('',#5842,#1207);
#757=LINE('',#5844,#1208);
#758=LINE('',#5845,#1209);
#759=LINE('',#5849,#1210);
#760=LINE('',#5852,#1211);
#761=LINE('',#5856,#1212);
#762=LINE('',#5857,#1213);
#763=LINE('',#5861,#1214);
#764=LINE('',#5864,#1215);
#765=LINE('',#5868,#1216);
#766=LINE('',#5869,#1217);
#767=LINE('',#5872,#1218);
#768=LINE('',#5875,#1219);
#769=LINE('',#5878,#1220);
#770=LINE('',#5879,#1221);
#771=LINE('',#5882,#1222);
#772=LINE('',#5885,#1223);
#773=LINE('',#5888,#1224);
#774=LINE('',#5889,#1225);
#775=LINE('',#5892,#1226);
#776=LINE('',#5896,#1227);
#777=LINE('',#5897,#1228);
#778=LINE('',#5905,#1229);
#779=LINE('',#5908,#1230);
#780=LINE('',#5911,#1231);
#781=LINE('',#5913,#1232);
#782=LINE('',#5914,#1233);
#783=LINE('',#5919,#1234);
#784=LINE('',#5923,#1235);
#785=LINE('',#5925,#1236);
#786=LINE('',#5926,#1237);
#787=LINE('',#5932,#1238);
#788=LINE('',#5938,#1239);
#789=LINE('',#5941,#1240);
#790=LINE('',#5944,#1241);
#791=LINE('',#5945,#1242);
#792=LINE('',#5948,#1243);
#793=LINE('',#5951,#1244);
#794=LINE('',#5953,#1245);
#795=LINE('',#5956,#1246);
#796=LINE('',#5959,#1247);
#797=LINE('',#5962,#1248);
#798=LINE('',#5963,#1249);
#799=LINE('',#5966,#1250);
#800=LINE('',#5969,#1251);
#801=LINE('',#5972,#1252);
#802=LINE('',#5973,#1253);
#803=LINE('',#5976,#1254);
#804=LINE('',#5980,#1255);
#805=LINE('',#5981,#1256);
#806=LINE('',#5984,#1257);
#807=LINE('',#5987,#1258);
#808=LINE('',#5990,#1259);
#809=LINE('',#5991,#1260);
#810=LINE('',#5994,#1261);
#811=LINE('',#5997,#1262);
#812=LINE('',#6000,#1263);
#813=LINE('',#6001,#1264);
#814=LINE('',#6004,#1265);
#815=LINE('',#6007,#1266);
#816=LINE('',#6009,#1267);
#817=LINE('',#6012,#1268);
#818=LINE('',#6015,#1269);
#819=LINE('',#6018,#1270);
#820=LINE('',#6019,#1271);
#821=LINE('',#6022,#1272);
#822=LINE('',#6025,#1273);
#823=LINE('',#6028,#1274);
#824=LINE('',#6029,#1275);
#825=LINE('',#6032,#1276);
#826=LINE('',#6035,#1277);
#827=LINE('',#6037,#1278);
#828=LINE('',#6040,#1279);
#829=LINE('',#6043,#1280);
#830=LINE('',#6046,#1281);
#831=LINE('',#6047,#1282);
#832=LINE('',#6050,#1283);
#833=LINE('',#6053,#1284);
#834=LINE('',#6056,#1285);
#835=LINE('',#6057,#1286);
#836=LINE('',#6060,#1287);
#837=LINE('',#6063,#1288);
#838=LINE('',#6066,#1289);
#839=LINE('',#6067,#1290);
#840=LINE('',#6070,#1291);
#841=LINE('',#6073,#1292);
#842=LINE('',#6075,#1293);
#843=LINE('',#6078,#1294);
#844=LINE('',#6081,#1295);
#845=LINE('',#6083,#1296);
#846=LINE('',#6087,#1297);
#847=LINE('',#6088,#1298);
#848=LINE('',#6093,#1299);
#849=LINE('',#6094,#1300);
#850=LINE('',#6097,#1301);
#851=LINE('',#6098,#1302);
#852=LINE('',#6103,#1303);
#853=LINE('',#6104,#1304);
#854=LINE('',#6106,#1305);
#855=LINE('',#6111,#1306);
#856=LINE('',#6112,#1307);
#857=LINE('',#6115,#1308);
#858=LINE('',#6117,#1309);
#859=LINE('',#6119,#1310);
#860=LINE('',#6120,#1311);
#861=LINE('',#6122,#1312);
#862=LINE('',#6127,#1313);
#863=LINE('',#6128,#1314);
#864=LINE('',#6131,#1315);
#865=LINE('',#6132,#1316);
#866=LINE('',#6134,#1317);
#867=LINE('',#6135,#1318);
#868=LINE('',#6137,#1319);
#869=LINE('',#6139,#1320);
#870=LINE('',#6140,#1321);
#871=LINE('',#6143,#1322);
#872=LINE('',#6145,#1323);
#873=LINE('',#6146,#1324);
#874=LINE('',#6148,#1325);
#875=LINE('',#6149,#1326);
#876=LINE('',#6151,#1327);
#877=LINE('',#6156,#1328);
#878=LINE('',#6157,#1329);
#879=LINE('',#6160,#1330);
#880=LINE('',#6161,#1331);
#881=LINE('',#6163,#1332);
#882=LINE('',#6164,#1333);
#883=LINE('',#6166,#1334);
#884=LINE('',#6170,#1335);
#885=LINE('',#6171,#1336);
#886=LINE('',#6176,#1337);
#887=LINE('',#6177,#1338);
#888=LINE('',#6180,#1339);
#889=LINE('',#6181,#1340);
#890=LINE('',#6186,#1341);
#891=LINE('',#6187,#1342);
#892=LINE('',#6190,#1343);
#893=LINE('',#6192,#1344);
#894=LINE('',#6194,#1345);
#895=LINE('',#6195,#1346);
#896=LINE('',#6200,#1347);
#897=LINE('',#6201,#1348);
#898=LINE('',#6203,#1349);
#899=LINE('',#6207,#1350);
#900=LINE('',#6209,#1351);
#901=LINE('',#6210,#1352);
#902=LINE('',#6214,#1353);
#903=LINE('',#6216,#1354);
#904=LINE('',#6217,#1355);
#905=LINE('',#6221,#1356);
#906=LINE('',#6223,#1357);
#907=LINE('',#6224,#1358);
#908=LINE('',#6226,#1359);
#909=LINE('',#6227,#1360);
#910=LINE('',#6231,#1361);
#911=LINE('',#6233,#1362);
#912=LINE('',#6234,#1363);
#913=LINE('',#6236,#1364);
#914=LINE('',#6237,#1365);
#915=LINE('',#6241,#1366);
#916=LINE('',#6242,#1367);
#917=LINE('',#6243,#1368);
#918=LINE('',#6247,#1369);
#919=LINE('',#6249,#1370);
#920=LINE('',#6250,#1371);
#921=LINE('',#6252,#1372);
#922=LINE('',#6253,#1373);
#923=LINE('',#6255,#1374);
#924=LINE('',#6256,#1375);
#925=LINE('',#6260,#1376);
#926=LINE('',#6262,#1377);
#927=LINE('',#6263,#1378);
#928=LINE('',#6267,#1379);
#929=LINE('',#6269,#1380);
#930=LINE('',#6270,#1381);
#931=LINE('',#6272,#1382);
#932=LINE('',#6273,#1383);
#933=LINE('',#6277,#1384);
#934=LINE('',#6279,#1385);
#935=LINE('',#6280,#1386);
#936=LINE('',#6284,#1387);
#937=LINE('',#6286,#1388);
#938=LINE('',#6287,#1389);
#939=LINE('',#6289,#1390);
#940=LINE('',#6290,#1391);
#941=LINE('',#6293,#1392);
#942=LINE('',#6295,#1393);
#943=LINE('',#6296,#1394);
#944=LINE('',#6300,#1395);
#945=LINE('',#6302,#1396);
#946=LINE('',#6303,#1397);
#947=LINE('',#6305,#1398);
#948=LINE('',#6306,#1399);
#949=LINE('',#6310,#1400);
#950=LINE('',#6312,#1401);
#951=LINE('',#6313,#1402);
#952=LINE('',#6317,#1403);
#953=LINE('',#6319,#1404);
#954=LINE('',#6320,#1405);
#955=LINE('',#6322,#1406);
#956=LINE('',#6323,#1407);
#957=LINE('',#6327,#1408);
#958=LINE('',#6328,#1409);
#959=LINE('',#6329,#1410);
#960=LINE('',#6333,#1411);
#961=LINE('',#6335,#1412);
#962=LINE('',#6336,#1413);
#963=LINE('',#6338,#1414);
#964=LINE('',#6339,#1415);
#965=LINE('',#6341,#1416);
#966=LINE('',#6342,#1417);
#967=LINE('',#6346,#1418);
#968=LINE('',#6348,#1419);
#969=LINE('',#6349,#1420);
#970=LINE('',#6351,#1421);
#971=LINE('',#6352,#1422);
#972=LINE('',#6356,#1423);
#973=LINE('',#6358,#1424);
#974=LINE('',#6359,#1425);
#975=LINE('',#6361,#1426);
#976=LINE('',#6362,#1427);
#977=LINE('',#6364,#1428);
#978=LINE('',#6365,#1429);
#979=LINE('',#6369,#1430);
#980=LINE('',#6371,#1431);
#981=LINE('',#6372,#1432);
#982=LINE('',#6374,#1433);
#983=LINE('',#6375,#1434);
#984=LINE('',#6377,#1435);
#985=LINE('',#6378,#1436);
#986=LINE('',#6380,#1437);
#987=LINE('',#6381,#1438);
#988=LINE('',#6383,#1439);
#989=LINE('',#6384,#1440);
#990=LINE('',#6386,#1441);
#991=LINE('',#6387,#1442);
#992=LINE('',#6389,#1443);
#993=LINE('',#6390,#1444);
#994=LINE('',#6392,#1445);
#995=LINE('',#6393,#1446);
#996=LINE('',#6395,#1447);
#997=LINE('',#6396,#1448);
#998=LINE('',#6398,#1449);
#999=LINE('',#6399,#1450);
#1000=LINE('',#6402,#1451);
#1001=LINE('',#6404,#1452);
#1002=LINE('',#6405,#1453);
#1003=LINE('',#6407,#1454);
#1004=LINE('',#6408,#1455);
#1005=LINE('',#6410,#1456);
#1006=LINE('',#6411,#1457);
#1007=LINE('',#6413,#1458);
#1008=LINE('',#6415,#1459);
#1009=LINE('',#6417,#1460);
#1010=LINE('',#6418,#1461);
#1011=LINE('',#6419,#1462);
#1012=LINE('',#6421,#1463);
#1013=LINE('',#6425,#1464);
#1014=LINE('',#6429,#1465);
#1015=LINE('',#6430,#1466);
#1016=LINE('',#6431,#1467);
#1017=LINE('',#6432,#1468);
#1018=LINE('',#6433,#1469);
#1019=LINE('',#6434,#1470);
#1020=LINE('',#6435,#1471);
#1021=LINE('',#6436,#1472);
#1022=LINE('',#6437,#1473);
#1023=LINE('',#6438,#1474);
#1024=LINE('',#6439,#1475);
#1025=LINE('',#6440,#1476);
#1026=LINE('',#6447,#1477);
#1027=LINE('',#6451,#1478);
#1028=LINE('',#6456,#1479);
#1029=LINE('',#6460,#1480);
#1030=LINE('',#6465,#1481);
#1031=LINE('',#6469,#1482);
#1032=LINE('',#6474,#1483);
#1033=LINE('',#6478,#1484);
#1034=LINE('',#6483,#1485);
#1035=LINE('',#6487,#1486);
#1036=LINE('',#6492,#1487);
#1037=LINE('',#6496,#1488);
#1038=LINE('',#6499,#1489);
#1039=LINE('',#6500,#1490);
#1040=LINE('',#6503,#1491);
#1041=LINE('',#6504,#1492);
#1042=LINE('',#6506,#1493);
#1043=LINE('',#6508,#1494);
#1044=LINE('',#6510,#1495);
#1045=LINE('',#6512,#1496);
#1046=LINE('',#6515,#1497);
#1047=LINE('',#6518,#1498);
#1048=LINE('',#6519,#1499);
#1049=LINE('',#6520,#1500);
#1050=LINE('',#6522,#1501);
#1051=LINE('',#6526,#1502);
#1052=LINE('',#6527,#1503);
#1053=LINE('',#6529,#1504);
#1054=LINE('',#6531,#1505);
#1055=LINE('',#6534,#1506);
#1056=LINE('',#6536,#1507);
#1057=LINE('',#6537,#1508);
#1058=LINE('',#6540,#1509);
#1059=LINE('',#6541,#1510);
#1060=LINE('',#6544,#1511);
#1061=LINE('',#6545,#1512);
#1062=LINE('',#6547,#1513);
#1063=LINE('',#6550,#1514);
#1064=LINE('',#6552,#1515);
#1065=LINE('',#6553,#1516);
#1066=LINE('',#6556,#1517);
#1067=LINE('',#6558,#1518);
#1068=LINE('',#6568,#1519);
#1069=LINE('',#6570,#1520);
#1070=LINE('',#6585,#1521);
#1071=VECTOR('',#4329,10.);
#1072=VECTOR('',#4332,10.);
#1073=VECTOR('',#4335,10.);
#1074=VECTOR('',#4336,10.);
#1075=VECTOR('',#4337,10.);
#1076=VECTOR('',#4338,10.);
#1077=VECTOR('',#4339,10.);
#1078=VECTOR('',#4340,10.);
#1079=VECTOR('',#4341,10.);
#1080=VECTOR('',#4342,10.);
#1081=VECTOR('',#4343,10.);
#1082=VECTOR('',#4344,10.);
#1083=VECTOR('',#4345,10.);
#1084=VECTOR('',#4346,10.);
#1085=VECTOR('',#4347,10.);
#1086=VECTOR('',#4352,10.);
#1087=VECTOR('',#4355,10.);
#1088=VECTOR('',#4358,10.);
#1089=VECTOR('',#4359,10.);
#1090=VECTOR('',#4360,10.);
#1091=VECTOR('',#4361,10.);
#1092=VECTOR('',#4362,10.);
#1093=VECTOR('',#4363,10.);
#1094=VECTOR('',#4364,10.);
#1095=VECTOR('',#4365,10.);
#1096=VECTOR('',#4368,10.);
#1097=VECTOR('',#4375,10.);
#1098=VECTOR('',#4376,10.);
#1099=VECTOR('',#4379,10.);
#1100=VECTOR('',#4380,10.);
#1101=VECTOR('',#4383,10.);
#1102=VECTOR('',#4386,10.);
#1103=VECTOR('',#4387,10.);
#1104=VECTOR('',#4388,10.);
#1105=VECTOR('',#4389,10.);
#1106=VECTOR('',#4392,10.);
#1107=VECTOR('',#4395,10.);
#1108=VECTOR('',#4396,10.);
#1109=VECTOR('',#4399,10.);
#1110=VECTOR('',#4400,10.);
#1111=VECTOR('',#4405,10.);
#1112=VECTOR('',#4410,10.);
#1113=VECTOR('',#4411,10.);
#1114=VECTOR('',#4412,10.);
#1115=VECTOR('',#4413,10.);
#1116=VECTOR('',#4414,10.);
#1117=VECTOR('',#4415,10.);
#1118=VECTOR('',#4416,10.);
#1119=VECTOR('',#4417,10.);
#1120=VECTOR('',#4418,10.);
#1121=VECTOR('',#4419,10.);
#1122=VECTOR('',#4420,10.);
#1123=VECTOR('',#4425,10.);
#1124=VECTOR('',#4428,10.);
#1125=VECTOR('',#4429,10.);
#1126=VECTOR('',#4430,10.);
#1127=VECTOR('',#4431,10.);
#1128=VECTOR('',#4436,10.);
#1129=VECTOR('',#4439,10.);
#1130=VECTOR('',#4440,10.);
#1131=VECTOR('',#4441,10.);
#1132=VECTOR('',#4442,10.);
#1133=VECTOR('',#4447,10.);
#1134=VECTOR('',#4454,10.);
#1135=VECTOR('',#4455,10.);
#1136=VECTOR('',#4458,10.);
#1137=VECTOR('',#4459,10.);
#1138=VECTOR('',#4462,10.);
#1139=VECTOR('',#4463,10.);
#1140=VECTOR('',#4466,10.);
#1141=VECTOR('',#4469,10.);
#1142=VECTOR('',#4472,10.);
#1143=VECTOR('',#4473,10.);
#1144=VECTOR('',#4476,10.);
#1145=VECTOR('',#4477,10.);
#1146=VECTOR('',#4480,10.);
#1147=VECTOR('',#4481,10.);
#1148=VECTOR('',#4486,10.);
#1149=VECTOR('',#4489,10.);
#1150=VECTOR('',#4492,10.);
#1151=VECTOR('',#4493,10.);
#1152=VECTOR('',#4496,10.);
#1153=VECTOR('',#4499,10.);
#1154=VECTOR('',#4504,10.);
#1155=VECTOR('',#4509,10.);
#1156=VECTOR('',#4510,10.);
#1157=VECTOR('',#4513,10.);
#1158=VECTOR('',#4516,10.);
#1159=VECTOR('',#4519,10.);
#1160=VECTOR('',#4520,10.);
#1161=VECTOR('',#4523,10.);
#1162=VECTOR('',#4524,10.);
#1163=VECTOR('',#4527,10.);
#1164=VECTOR('',#4528,10.);
#1165=VECTOR('',#4531,10.);
#1166=VECTOR('',#4534,10.);
#1167=VECTOR('',#4535,10.);
#1168=VECTOR('',#4538,10.);
#1169=VECTOR('',#4539,10.);
#1170=VECTOR('',#4544,10.);
#1171=VECTOR('',#4545,10.);
#1172=VECTOR('',#4548,10.);
#1173=VECTOR('',#4549,10.);
#1174=VECTOR('',#4552,10.);
#1175=VECTOR('',#4553,10.);
#1176=VECTOR('',#4556,10.);
#1177=VECTOR('',#4557,10.);
#1178=VECTOR('',#4560,10.);
#1179=VECTOR('',#4561,10.);
#1180=VECTOR('',#4564,10.);
#1181=VECTOR('',#4565,10.);
#1182=VECTOR('',#4568,10.);
#1183=VECTOR('',#4569,10.);
#1184=VECTOR('',#4572,10.);
#1185=VECTOR('',#4575,10.);
#1186=VECTOR('',#4576,10.);
#1187=VECTOR('',#4579,10.);
#1188=VECTOR('',#4580,10.);
#1189=VECTOR('',#4583,10.);
#1190=VECTOR('',#4584,10.);
#1191=VECTOR('',#4587,10.);
#1192=VECTOR('',#4590,10.);
#1193=VECTOR('',#4593,10.);
#1194=VECTOR('',#4594,10.);
#1195=VECTOR('',#4599,10.);
#1196=VECTOR('',#4600,10.);
#1197=VECTOR('',#4601,10.);
#1198=VECTOR('',#4602,10.);
#1199=VECTOR('',#4605,10.);
#1200=VECTOR('',#4606,10.);
#1201=VECTOR('',#4607,10.);
#1202=VECTOR('',#4608,10.);
#1203=VECTOR('',#4613,10.);
#1204=VECTOR('',#4616,10.);
#1205=VECTOR('',#4617,10.);
#1206=VECTOR('',#4620,10.);
#1207=VECTOR('',#4623,10.);
#1208=VECTOR('',#4624,10.);
#1209=VECTOR('',#4625,10.);
#1210=VECTOR('',#4630,10.);
#1211=VECTOR('',#4633,10.);
#1212=VECTOR('',#4638,10.);
#1213=VECTOR('',#4639,10.);
#1214=VECTOR('',#4644,10.);
#1215=VECTOR('',#4647,10.);
#1216=VECTOR('',#4652,10.);
#1217=VECTOR('',#4653,10.);
#1218=VECTOR('',#4656,10.);
#1219=VECTOR('',#4659,10.);
#1220=VECTOR('',#4662,10.);
#1221=VECTOR('',#4663,10.);
#1222=VECTOR('',#4666,10.);
#1223=VECTOR('',#4669,10.);
#1224=VECTOR('',#4672,10.);
#1225=VECTOR('',#4673,10.);
#1226=VECTOR('',#4676,10.);
#1227=VECTOR('',#4681,10.);
#1228=VECTOR('',#4682,10.);
#1229=VECTOR('',#4691,10.);
#1230=VECTOR('',#4694,10.);
#1231=VECTOR('',#4697,10.);
#1232=VECTOR('',#4698,10.);
#1233=VECTOR('',#4699,10.);
#1234=VECTOR('',#4704,10.);
#1235=VECTOR('',#4709,10.);
#1236=VECTOR('',#4710,10.);
#1237=VECTOR('',#4711,10.);
#1238=VECTOR('',#4718,10.);
#1239=VECTOR('',#4727,10.);
#1240=VECTOR('',#4730,10.);
#1241=VECTOR('',#4733,10.);
#1242=VECTOR('',#4734,10.);
#1243=VECTOR('',#4737,10.);
#1244=VECTOR('',#4740,10.);
#1245=VECTOR('',#4743,10.);
#1246=VECTOR('',#4746,10.);
#1247=VECTOR('',#4749,10.);
#1248=VECTOR('',#4752,10.);
#1249=VECTOR('',#4753,10.);
#1250=VECTOR('',#4756,10.);
#1251=VECTOR('',#4759,10.);
#1252=VECTOR('',#4762,10.);
#1253=VECTOR('',#4763,10.);
#1254=VECTOR('',#4766,10.);
#1255=VECTOR('',#4771,10.);
#1256=VECTOR('',#4772,10.);
#1257=VECTOR('',#4775,10.);
#1258=VECTOR('',#4778,10.);
#1259=VECTOR('',#4781,10.);
#1260=VECTOR('',#4782,10.);
#1261=VECTOR('',#4785,10.);
#1262=VECTOR('',#4788,10.);
#1263=VECTOR('',#4791,10.);
#1264=VECTOR('',#4792,10.);
#1265=VECTOR('',#4795,10.);
#1266=VECTOR('',#4798,10.);
#1267=VECTOR('',#4801,10.);
#1268=VECTOR('',#4804,10.);
#1269=VECTOR('',#4807,10.);
#1270=VECTOR('',#4810,10.);
#1271=VECTOR('',#4811,10.);
#1272=VECTOR('',#4814,10.);
#1273=VECTOR('',#4817,10.);
#1274=VECTOR('',#4820,10.);
#1275=VECTOR('',#4821,10.);
#1276=VECTOR('',#4824,10.);
#1277=VECTOR('',#4827,10.);
#1278=VECTOR('',#4830,10.);
#1279=VECTOR('',#4833,10.);
#1280=VECTOR('',#4836,10.);
#1281=VECTOR('',#4839,10.);
#1282=VECTOR('',#4840,10.);
#1283=VECTOR('',#4843,10.);
#1284=VECTOR('',#4846,10.);
#1285=VECTOR('',#4849,10.);
#1286=VECTOR('',#4850,10.);
#1287=VECTOR('',#4853,10.);
#1288=VECTOR('',#4856,10.);
#1289=VECTOR('',#4859,10.);
#1290=VECTOR('',#4860,10.);
#1291=VECTOR('',#4863,10.);
#1292=VECTOR('',#4866,10.);
#1293=VECTOR('',#4869,10.);
#1294=VECTOR('',#4872,10.);
#1295=VECTOR('',#4875,10.);
#1296=VECTOR('',#4878,10.);
#1297=VECTOR('',#4883,10.);
#1298=VECTOR('',#4884,10.);
#1299=VECTOR('',#4889,10.);
#1300=VECTOR('',#4890,10.);
#1301=VECTOR('',#4893,10.);
#1302=VECTOR('',#4894,10.);
#1303=VECTOR('',#4899,10.);
#1304=VECTOR('',#4900,10.);
#1305=VECTOR('',#4903,10.);
#1306=VECTOR('',#4908,10.);
#1307=VECTOR('',#4909,10.);
#1308=VECTOR('',#4912,10.);
#1309=VECTOR('',#4913,10.);
#1310=VECTOR('',#4914,10.);
#1311=VECTOR('',#4915,10.);
#1312=VECTOR('',#4918,10.);
#1313=VECTOR('',#4923,10.);
#1314=VECTOR('',#4924,10.);
#1315=VECTOR('',#4927,10.);
#1316=VECTOR('',#4928,10.);
#1317=VECTOR('',#4931,10.);
#1318=VECTOR('',#4932,10.);
#1319=VECTOR('',#4935,10.);
#1320=VECTOR('',#4938,10.);
#1321=VECTOR('',#4939,10.);
#1322=VECTOR('',#4942,10.);
#1323=VECTOR('',#4943,10.);
#1324=VECTOR('',#4944,10.);
#1325=VECTOR('',#4947,10.);
#1326=VECTOR('',#4948,10.);
#1327=VECTOR('',#4951,10.);
#1328=VECTOR('',#4956,10.);
#1329=VECTOR('',#4957,10.);
#1330=VECTOR('',#4960,10.);
#1331=VECTOR('',#4961,10.);
#1332=VECTOR('',#4964,10.);
#1333=VECTOR('',#4965,10.);
#1334=VECTOR('',#4968,10.);
#1335=VECTOR('',#4973,10.);
#1336=VECTOR('',#4974,10.);
#1337=VECTOR('',#4979,10.);
#1338=VECTOR('',#4980,10.);
#1339=VECTOR('',#4983,10.);
#1340=VECTOR('',#4984,10.);
#1341=VECTOR('',#4989,10.);
#1342=VECTOR('',#4990,10.);
#1343=VECTOR('',#4993,10.);
#1344=VECTOR('',#4994,10.);
#1345=VECTOR('',#4995,10.);
#1346=VECTOR('',#4996,10.);
#1347=VECTOR('',#5001,10.);
#1348=VECTOR('',#5002,10.);
#1349=VECTOR('',#5005,10.);
#1350=VECTOR('',#5008,10.);
#1351=VECTOR('',#5009,10.);
#1352=VECTOR('',#5010,10.);
#1353=VECTOR('',#5013,10.);
#1354=VECTOR('',#5014,10.);
#1355=VECTOR('',#5015,10.);
#1356=VECTOR('',#5018,10.);
#1357=VECTOR('',#5019,10.);
#1358=VECTOR('',#5020,10.);
#1359=VECTOR('',#5023,10.);
#1360=VECTOR('',#5024,10.);
#1361=VECTOR('',#5027,10.);
#1362=VECTOR('',#5028,10.);
#1363=VECTOR('',#5029,10.);
#1364=VECTOR('',#5032,10.);
#1365=VECTOR('',#5033,10.);
#1366=VECTOR('',#5036,10.);
#1367=VECTOR('',#5037,10.);
#1368=VECTOR('',#5038,10.);
#1369=VECTOR('',#5041,10.);
#1370=VECTOR('',#5042,10.);
#1371=VECTOR('',#5043,10.);
#1372=VECTOR('',#5046,10.);
#1373=VECTOR('',#5047,10.);
#1374=VECTOR('',#5050,10.);
#1375=VECTOR('',#5051,10.);
#1376=VECTOR('',#5054,10.);
#1377=VECTOR('',#5055,10.);
#1378=VECTOR('',#5056,10.);
#1379=VECTOR('',#5059,10.);
#1380=VECTOR('',#5060,10.);
#1381=VECTOR('',#5061,10.);
#1382=VECTOR('',#5064,10.);
#1383=VECTOR('',#5065,10.);
#1384=VECTOR('',#5068,10.);
#1385=VECTOR('',#5069,10.);
#1386=VECTOR('',#5070,10.);
#1387=VECTOR('',#5073,10.);
#1388=VECTOR('',#5074,10.);
#1389=VECTOR('',#5075,10.);
#1390=VECTOR('',#5078,10.);
#1391=VECTOR('',#5079,10.);
#1392=VECTOR('',#5082,10.);
#1393=VECTOR('',#5083,10.);
#1394=VECTOR('',#5084,10.);
#1395=VECTOR('',#5087,10.);
#1396=VECTOR('',#5088,10.);
#1397=VECTOR('',#5089,10.);
#1398=VECTOR('',#5092,10.);
#1399=VECTOR('',#5093,10.);
#1400=VECTOR('',#5096,10.);
#1401=VECTOR('',#5097,10.);
#1402=VECTOR('',#5098,10.);
#1403=VECTOR('',#5101,10.);
#1404=VECTOR('',#5102,10.);
#1405=VECTOR('',#5103,10.);
#1406=VECTOR('',#5106,10.);
#1407=VECTOR('',#5107,10.);
#1408=VECTOR('',#5110,10.);
#1409=VECTOR('',#5111,10.);
#1410=VECTOR('',#5112,10.);
#1411=VECTOR('',#5115,10.);
#1412=VECTOR('',#5116,10.);
#1413=VECTOR('',#5117,10.);
#1414=VECTOR('',#5120,10.);
#1415=VECTOR('',#5121,10.);
#1416=VECTOR('',#5124,10.);
#1417=VECTOR('',#5125,10.);
#1418=VECTOR('',#5128,10.);
#1419=VECTOR('',#5129,10.);
#1420=VECTOR('',#5130,10.);
#1421=VECTOR('',#5133,10.);
#1422=VECTOR('',#5134,10.);
#1423=VECTOR('',#5137,10.);
#1424=VECTOR('',#5138,10.);
#1425=VECTOR('',#5139,10.);
#1426=VECTOR('',#5142,10.);
#1427=VECTOR('',#5143,10.);
#1428=VECTOR('',#5146,10.);
#1429=VECTOR('',#5147,10.);
#1430=VECTOR('',#5150,10.);
#1431=VECTOR('',#5151,10.);
#1432=VECTOR('',#5152,10.);
#1433=VECTOR('',#5155,10.);
#1434=VECTOR('',#5156,10.);
#1435=VECTOR('',#5159,10.);
#1436=VECTOR('',#5160,10.);
#1437=VECTOR('',#5163,10.);
#1438=VECTOR('',#5164,10.);
#1439=VECTOR('',#5167,10.);
#1440=VECTOR('',#5168,10.);
#1441=VECTOR('',#5171,10.);
#1442=VECTOR('',#5172,10.);
#1443=VECTOR('',#5175,10.);
#1444=VECTOR('',#5176,10.);
#1445=VECTOR('',#5179,10.);
#1446=VECTOR('',#5180,10.);
#1447=VECTOR('',#5183,10.);
#1448=VECTOR('',#5184,10.);
#1449=VECTOR('',#5187,10.);
#1450=VECTOR('',#5188,10.);
#1451=VECTOR('',#5191,10.);
#1452=VECTOR('',#5192,10.);
#1453=VECTOR('',#5193,10.);
#1454=VECTOR('',#5196,10.);
#1455=VECTOR('',#5197,10.);
#1456=VECTOR('',#5200,10.);
#1457=VECTOR('',#5201,10.);
#1458=VECTOR('',#5204,10.);
#1459=VECTOR('',#5205,10.);
#1460=VECTOR('',#5206,10.);
#1461=VECTOR('',#5207,10.);
#1462=VECTOR('',#5208,10.);
#1463=VECTOR('',#5211,10.);
#1464=VECTOR('',#5218,10.);
#1465=VECTOR('',#5225,10.);
#1466=VECTOR('',#5226,10.);
#1467=VECTOR('',#5227,10.);
#1468=VECTOR('',#5228,10.);
#1469=VECTOR('',#5229,10.);
#1470=VECTOR('',#5230,10.);
#1471=VECTOR('',#5231,10.);
#1472=VECTOR('',#5232,10.);
#1473=VECTOR('',#5233,10.);
#1474=VECTOR('',#5234,10.);
#1475=VECTOR('',#5235,10.);
#1476=VECTOR('',#5236,10.);
#1477=VECTOR('',#5245,0.40575);
#1478=VECTOR('',#5250,0.8115);
#1479=VECTOR('',#5255,0.40575);
#1480=VECTOR('',#5260,0.8115);
#1481=VECTOR('',#5265,0.40575);
#1482=VECTOR('',#5270,0.8115);
#1483=VECTOR('',#5275,0.40575);
#1484=VECTOR('',#5280,0.8115);
#1485=VECTOR('',#5285,0.40575);
#1486=VECTOR('',#5290,0.8115);
#1487=VECTOR('',#5295,0.40575);
#1488=VECTOR('',#5300,0.8115);
#1489=VECTOR('',#5303,10.);
#1490=VECTOR('',#5304,10.);
#1491=VECTOR('',#5307,10.);
#1492=VECTOR('',#5308,10.);
#1493=VECTOR('',#5311,10.);
#1494=VECTOR('',#5314,10.);
#1495=VECTOR('',#5317,10.);
#1496=VECTOR('',#5320,10.);
#1497=VECTOR('',#5325,10.);
#1498=VECTOR('',#5328,10.);
#1499=VECTOR('',#5329,10.);
#1500=VECTOR('',#5330,10.);
#1501=VECTOR('',#5333,10.);
#1502=VECTOR('',#5338,10.);
#1503=VECTOR('',#5339,10.);
#1504=VECTOR('',#5342,10.);
#1505=VECTOR('',#5345,10.);
#1506=VECTOR('',#5348,10.);
#1507=VECTOR('',#5349,10.);
#1508=VECTOR('',#5350,10.);
#1509=VECTOR('',#5353,10.);
#1510=VECTOR('',#5354,10.);
#1511=VECTOR('',#5357,10.);
#1512=VECTOR('',#5358,10.);
#1513=VECTOR('',#5361,10.);
#1514=VECTOR('',#5366,10.);
#1515=VECTOR('',#5369,10.);
#1516=VECTOR('',#5370,10.);
#1517=VECTOR('',#5375,10.);
#1518=VECTOR('',#5378,10.);
#1519=VECTOR('',#5395,10.);
#1520=VECTOR('',#5398,10.);
#1521=VECTOR('',#5427,10.);
#1522=CIRCLE('',#3991,1.);
#1523=CIRCLE('',#3995,1.);
#1524=CIRCLE('',#3998,1.);
#1525=CIRCLE('',#3999,5.07815353642522);
#1526=CIRCLE('',#4000,5.07815353642522);
#1527=CIRCLE('',#4001,1.);
#1528=CIRCLE('',#4002,1.);
#1529=CIRCLE('',#4003,1.);
#1530=CIRCLE('',#4004,1.);
#1531=CIRCLE('',#4005,1.);
#1532=CIRCLE('',#4006,1.);
#1533=CIRCLE('',#4007,1.);
#1534=CIRCLE('',#4008,1.);
#1535=CIRCLE('',#4009,5.07812512180233);
#1536=CIRCLE('',#4010,1.);
#1537=CIRCLE('',#4013,1.);
#1538=CIRCLE('',#4016,1.);
#1539=CIRCLE('',#4019,1.);
#1540=CIRCLE('',#4022,1.);
#1541=CIRCLE('',#4023,1.);
#1542=CIRCLE('',#4024,1.);
#1543=CIRCLE('',#4025,1.);
#1544=CIRCLE('',#4026,5.07812494133378);
#1545=CIRCLE('',#4027,1.);
#1546=CIRCLE('',#4028,1.);
#1547=CIRCLE('',#4029,1.);
#1548=CIRCLE('',#4030,1.);
#1549=CIRCLE('',#4031,1.);
#1550=CIRCLE('',#4032,1.);
#1551=CIRCLE('',#4033,1.);
#1552=CIRCLE('',#4034,1.);
#1553=CIRCLE('',#4035,1.);
#1554=CIRCLE('',#4037,1.);
#1555=CIRCLE('',#4039,1.);
#1556=CIRCLE('',#4040,1.);
#1557=CIRCLE('',#4041,1.);
#1558=CIRCLE('',#4042,1.);
#1559=CIRCLE('',#4043,1.);
#1560=CIRCLE('',#4044,1.);
#1561=CIRCLE('',#4045,1.);
#1562=CIRCLE('',#4046,1.);
#1563=CIRCLE('',#4047,1.);
#1564=CIRCLE('',#4048,1.);
#1565=CIRCLE('',#4049,1.);
#1566=CIRCLE('',#4050,1.);
#1567=CIRCLE('',#4051,1.);
#1568=CIRCLE('',#4052,1.);
#1569=CIRCLE('',#4053,1.);
#1570=CIRCLE('',#4054,1.);
#1571=CIRCLE('',#4055,1.);
#1572=CIRCLE('',#4056,1.);
#1573=CIRCLE('',#4057,1.);
#1574=CIRCLE('',#4058,1.);
#1575=CIRCLE('',#4059,1.);
#1576=CIRCLE('',#4060,1.);
#1577=CIRCLE('',#4061,1.);
#1578=CIRCLE('',#4062,1.);
#1579=CIRCLE('',#4063,1.);
#1580=CIRCLE('',#4064,1.);
#1581=CIRCLE('',#4065,1.);
#1582=CIRCLE('',#4072,1.);
#1583=CIRCLE('',#4074,1.);
#1584=CIRCLE('',#4077,1.);
#1585=CIRCLE('',#4079,1.);
#1586=CIRCLE('',#4093,1.);
#1587=CIRCLE('',#4094,1.);
#1588=CIRCLE('',#4097,1.);
#1589=CIRCLE('',#4098,1.);
#1590=CIRCLE('',#4101,1.);
#1591=CIRCLE('',#4102,1.);
#1592=CIRCLE('',#4104,1.);
#1593=CIRCLE('',#4105,1.);
#1594=CIRCLE('',#4107,1.);
#1595=CIRCLE('',#4110,1.);
#1596=CIRCLE('',#4113,1.);
#1597=CIRCLE('',#4116,1.);
#1598=CIRCLE('',#4119,1.);
#1599=CIRCLE('',#4122,1.);
#1600=CIRCLE('',#4125,1.);
#1601=CIRCLE('',#4128,1.);
#1602=CIRCLE('',#4131,1.);
#1603=CIRCLE('',#4134,1.);
#1604=CIRCLE('',#4137,1.);
#1605=CIRCLE('',#4140,1.);
#1606=CIRCLE('',#4143,1.);
#1607=CIRCLE('',#4146,1.);
#1608=CIRCLE('',#4149,1.);
#1609=CIRCLE('',#4152,1.);
#1610=CIRCLE('',#4155,1.);
#1611=CIRCLE('',#4157,1.);
#1612=CIRCLE('',#4160,1.);
#1613=CIRCLE('',#4163,1.);
#1614=CIRCLE('',#4167,1.);
#1615=CIRCLE('',#4176,1.);
#1616=CIRCLE('',#4181,1.);
#1617=CIRCLE('',#4183,1.);
#1618=CIRCLE('',#4186,1.);
#1619=CIRCLE('',#4189,1.);
#1620=CIRCLE('',#4246,0.8115);
#1621=CIRCLE('',#4248,0.8115);
#1622=CIRCLE('',#4250,0.8115);
#1623=CIRCLE('',#4252,0.8115);
#1624=CIRCLE('',#4254,0.8115);
#1625=CIRCLE('',#4256,0.8115);
#1626=CIRCLE('',#4258,0.8115);
#1627=CIRCLE('',#4260,0.8115);
#1628=CIRCLE('',#4262,0.8115);
#1629=CIRCLE('',#4264,0.8115);
#1630=CIRCLE('',#4266,0.8115);
#1631=CIRCLE('',#4268,0.8115);
#1632=CIRCLE('',#4294,5.07812512180233);
#1633=CIRCLE('',#4297,5.07815353642522);
#1634=CIRCLE('',#4300,5.07812494133378);
#1635=VERTEX_POINT('',#5444);
#1636=VERTEX_POINT('',#5445);
#1637=VERTEX_POINT('',#5447);
#1638=VERTEX_POINT('',#5449);
#1639=VERTEX_POINT('',#5453);
#1640=VERTEX_POINT('',#5455);
#1641=VERTEX_POINT('',#5457);
#1642=VERTEX_POINT('',#5459);
#1643=VERTEX_POINT('',#5461);
#1644=VERTEX_POINT('',#5463);
#1645=VERTEX_POINT('',#5465);
#1646=VERTEX_POINT('',#5467);
#1647=VERTEX_POINT('',#5469);
#1648=VERTEX_POINT('',#5471);
#1649=VERTEX_POINT('',#5473);
#1650=VERTEX_POINT('',#5475);
#1651=VERTEX_POINT('',#5479);
#1652=VERTEX_POINT('',#5480);
#1653=VERTEX_POINT('',#5482);
#1654=VERTEX_POINT('',#5484);
#1655=VERTEX_POINT('',#5488);
#1656=VERTEX_POINT('',#5490);
#1657=VERTEX_POINT('',#5492);
#1658=VERTEX_POINT('',#5494);
#1659=VERTEX_POINT('',#5496);
#1660=VERTEX_POINT('',#5498);
#1661=VERTEX_POINT('',#5501);
#1662=VERTEX_POINT('',#5503);
#1663=VERTEX_POINT('',#5505);
#1664=VERTEX_POINT('',#5507);
#1665=VERTEX_POINT('',#5509);
#1666=VERTEX_POINT('',#5511);
#1667=VERTEX_POINT('',#5513);
#1668=VERTEX_POINT('',#5515);
#1669=VERTEX_POINT('',#5517);
#1670=VERTEX_POINT('',#5519);
#1671=VERTEX_POINT('',#5521);
#1672=VERTEX_POINT('',#5523);
#1673=VERTEX_POINT('',#5525);
#1674=VERTEX_POINT('',#5527);
#1675=VERTEX_POINT('',#5529);
#1676=VERTEX_POINT('',#5531);
#1677=VERTEX_POINT('',#5533);
#1678=VERTEX_POINT('',#5535);
#1679=VERTEX_POINT('',#5537);
#1680=VERTEX_POINT('',#5539);
#1681=VERTEX_POINT('',#5541);
#1682=VERTEX_POINT('',#5543);
#1683=VERTEX_POINT('',#5545);
#1684=VERTEX_POINT('',#5547);
#1685=VERTEX_POINT('',#5549);
#1686=VERTEX_POINT('',#5551);
#1687=VERTEX_POINT('',#5553);
#1688=VERTEX_POINT('',#5555);
#1689=VERTEX_POINT('',#5557);
#1690=VERTEX_POINT('',#5561);
#1691=VERTEX_POINT('',#5563);
#1692=VERTEX_POINT('',#5565);
#1693=VERTEX_POINT('',#5567);
#1694=VERTEX_POINT('',#5569);
#1695=VERTEX_POINT('',#5571);
#1696=VERTEX_POINT('',#5573);
#1697=VERTEX_POINT('',#5575);
#1698=VERTEX_POINT('',#5577);
#1699=VERTEX_POINT('',#5579);
#1700=VERTEX_POINT('',#5583);
#1701=VERTEX_POINT('',#5587);
#1702=VERTEX_POINT('',#5589);
#1703=VERTEX_POINT('',#5591);
#1704=VERTEX_POINT('',#5595);
#1705=VERTEX_POINT('',#5599);
#1706=VERTEX_POINT('',#5601);
#1707=VERTEX_POINT('',#5603);
#1708=VERTEX_POINT('',#5607);
#1709=VERTEX_POINT('',#5609);
#1710=VERTEX_POINT('',#5613);
#1711=VERTEX_POINT('',#5615);
#1712=VERTEX_POINT('',#5617);
#1713=VERTEX_POINT('',#5619);
#1714=VERTEX_POINT('',#5621);
#1715=VERTEX_POINT('',#5623);
#1716=VERTEX_POINT('',#5625);
#1717=VERTEX_POINT('',#5627);
#1718=VERTEX_POINT('',#5629);
#1719=VERTEX_POINT('',#5631);
#1720=VERTEX_POINT('',#5633);
#1721=VERTEX_POINT('',#5635);
#1722=VERTEX_POINT('',#5637);
#1723=VERTEX_POINT('',#5639);
#1724=VERTEX_POINT('',#5641);
#1725=VERTEX_POINT('',#5643);
#1726=VERTEX_POINT('',#5645);
#1727=VERTEX_POINT('',#5647);
#1728=VERTEX_POINT('',#5649);
#1729=VERTEX_POINT('',#5651);
#1730=VERTEX_POINT('',#5653);
#1731=VERTEX_POINT('',#5655);
#1732=VERTEX_POINT('',#5658);
#1733=VERTEX_POINT('',#5660);
#1734=VERTEX_POINT('',#5662);
#1735=VERTEX_POINT('',#5664);
#1736=VERTEX_POINT('',#5666);
#1737=VERTEX_POINT('',#5668);
#1738=VERTEX_POINT('',#5670);
#1739=VERTEX_POINT('',#5672);
#1740=VERTEX_POINT('',#5674);
#1741=VERTEX_POINT('',#5676);
#1742=VERTEX_POINT('',#5680);
#1743=VERTEX_POINT('',#5684);
#1744=VERTEX_POINT('',#5686);
#1745=VERTEX_POINT('',#5688);
#1746=VERTEX_POINT('',#5690);
#1747=VERTEX_POINT('',#5692);
#1748=VERTEX_POINT('',#5694);
#1749=VERTEX_POINT('',#5696);
#1750=VERTEX_POINT('',#5698);
#1751=VERTEX_POINT('',#5700);
#1752=VERTEX_POINT('',#5702);
#1753=VERTEX_POINT('',#5704);
#1754=VERTEX_POINT('',#5706);
#1755=VERTEX_POINT('',#5708);
#1756=VERTEX_POINT('',#5710);
#1757=VERTEX_POINT('',#5712);
#1758=VERTEX_POINT('',#5714);
#1759=VERTEX_POINT('',#5716);
#1760=VERTEX_POINT('',#5718);
#1761=VERTEX_POINT('',#5720);
#1762=VERTEX_POINT('',#5722);
#1763=VERTEX_POINT('',#5724);
#1764=VERTEX_POINT('',#5726);
#1765=VERTEX_POINT('',#5728);
#1766=VERTEX_POINT('',#5730);
#1767=VERTEX_POINT('',#5733);
#1768=VERTEX_POINT('',#5735);
#1769=VERTEX_POINT('',#5737);
#1770=VERTEX_POINT('',#5739);
#1771=VERTEX_POINT('',#5741);
#1772=VERTEX_POINT('',#5743);
#1773=VERTEX_POINT('',#5745);
#1774=VERTEX_POINT('',#5747);
#1775=VERTEX_POINT('',#5749);
#1776=VERTEX_POINT('',#5751);
#1777=VERTEX_POINT('',#5753);
#1778=VERTEX_POINT('',#5755);
#1779=VERTEX_POINT('',#5757);
#1780=VERTEX_POINT('',#5759);
#1781=VERTEX_POINT('',#5762);
#1782=VERTEX_POINT('',#5764);
#1783=VERTEX_POINT('',#5766);
#1784=VERTEX_POINT('',#5768);
#1785=VERTEX_POINT('',#5770);
#1786=VERTEX_POINT('',#5772);
#1787=VERTEX_POINT('',#5774);
#1788=VERTEX_POINT('',#5776);
#1789=VERTEX_POINT('',#5778);
#1790=VERTEX_POINT('',#5780);
#1791=VERTEX_POINT('',#5782);
#1792=VERTEX_POINT('',#5784);
#1793=VERTEX_POINT('',#5786);
#1794=VERTEX_POINT('',#5788);
#1795=VERTEX_POINT('',#5790);
#1796=VERTEX_POINT('',#5792);
#1797=VERTEX_POINT('',#5794);
#1798=VERTEX_POINT('',#5796);
#1799=VERTEX_POINT('',#5798);
#1800=VERTEX_POINT('',#5800);
#1801=VERTEX_POINT('',#5802);
#1802=VERTEX_POINT('',#5804);
#1803=VERTEX_POINT('',#5806);
#1804=VERTEX_POINT('',#5808);
#1805=VERTEX_POINT('',#5811);
#1806=VERTEX_POINT('',#5813);
#1807=VERTEX_POINT('',#5815);
#1808=VERTEX_POINT('',#5817);
#1809=VERTEX_POINT('',#5819);
#1810=VERTEX_POINT('',#5822);
#1811=VERTEX_POINT('',#5823);
#1812=VERTEX_POINT('',#5825);
#1813=VERTEX_POINT('',#5827);
#1814=VERTEX_POINT('',#5831);
#1815=VERTEX_POINT('',#5835);
#1816=VERTEX_POINT('',#5841);
#1817=VERTEX_POINT('',#5843);
#1818=VERTEX_POINT('',#5847);
#1819=VERTEX_POINT('',#5851);
#1820=VERTEX_POINT('',#5855);
#1821=VERTEX_POINT('',#5859);
#1822=VERTEX_POINT('',#5863);
#1823=VERTEX_POINT('',#5867);
#1824=VERTEX_POINT('',#5871);
#1825=VERTEX_POINT('',#5873);
#1826=VERTEX_POINT('',#5877);
#1827=VERTEX_POINT('',#5881);
#1828=VERTEX_POINT('',#5883);
#1829=VERTEX_POINT('',#5887);
#1830=VERTEX_POINT('',#5891);
#1831=VERTEX_POINT('',#5895);
#1832=VERTEX_POINT('',#5901);
#1833=VERTEX_POINT('',#5902);
#1834=VERTEX_POINT('',#5904);
#1835=VERTEX_POINT('',#5906);
#1836=VERTEX_POINT('',#5910);
#1837=VERTEX_POINT('',#5912);
#1838=VERTEX_POINT('',#5916);
#1839=VERTEX_POINT('',#5918);
#1840=VERTEX_POINT('',#5922);
#1841=VERTEX_POINT('',#5924);
#1842=VERTEX_POINT('',#5928);
#1843=VERTEX_POINT('',#5930);
#1844=VERTEX_POINT('',#5937);
#1845=VERTEX_POINT('',#5939);
#1846=VERTEX_POINT('',#5943);
#1847=VERTEX_POINT('',#5947);
#1848=VERTEX_POINT('',#5949);
#1849=VERTEX_POINT('',#5955);
#1850=VERTEX_POINT('',#5957);
#1851=VERTEX_POINT('',#5961);
#1852=VERTEX_POINT('',#5965);
#1853=VERTEX_POINT('',#5967);
#1854=VERTEX_POINT('',#5971);
#1855=VERTEX_POINT('',#5975);
#1856=VERTEX_POINT('',#5979);
#1857=VERTEX_POINT('',#5983);
#1858=VERTEX_POINT('',#5985);
#1859=VERTEX_POINT('',#5989);
#1860=VERTEX_POINT('',#5993);
#1861=VERTEX_POINT('',#5995);
#1862=VERTEX_POINT('',#5999);
#1863=VERTEX_POINT('',#6003);
#1864=VERTEX_POINT('',#6005);
#1865=VERTEX_POINT('',#6011);
#1866=VERTEX_POINT('',#6013);
#1867=VERTEX_POINT('',#6017);
#1868=VERTEX_POINT('',#6021);
#1869=VERTEX_POINT('',#6023);
#1870=VERTEX_POINT('',#6027);
#1871=VERTEX_POINT('',#6031);
#1872=VERTEX_POINT('',#6033);
#1873=VERTEX_POINT('',#6039);
#1874=VERTEX_POINT('',#6041);
#1875=VERTEX_POINT('',#6045);
#1876=VERTEX_POINT('',#6049);
#1877=VERTEX_POINT('',#6051);
#1878=VERTEX_POINT('',#6055);
#1879=VERTEX_POINT('',#6059);
#1880=VERTEX_POINT('',#6061);
#1881=VERTEX_POINT('',#6065);
#1882=VERTEX_POINT('',#6069);
#1883=VERTEX_POINT('',#6071);
#1884=VERTEX_POINT('',#6077);
#1885=VERTEX_POINT('',#6079);
#1886=VERTEX_POINT('',#6085);
#1887=VERTEX_POINT('',#6090);
#1888=VERTEX_POINT('',#6091);
#1889=VERTEX_POINT('',#6096);
#1890=VERTEX_POINT('',#6100);
#1891=VERTEX_POINT('',#6101);
#1892=VERTEX_POINT('',#6108);
#1893=VERTEX_POINT('',#6109);
#1894=VERTEX_POINT('',#6114);
#1895=VERTEX_POINT('',#6116);
#1896=VERTEX_POINT('',#6118);
#1897=VERTEX_POINT('',#6124);
#1898=VERTEX_POINT('',#6125);
#1899=VERTEX_POINT('',#6130);
#1900=VERTEX_POINT('',#6142);
#1901=VERTEX_POINT('',#6144);
#1902=VERTEX_POINT('',#6153);
#1903=VERTEX_POINT('',#6154);
#1904=VERTEX_POINT('',#6159);
#1905=VERTEX_POINT('',#6168);
#1906=VERTEX_POINT('',#6173);
#1907=VERTEX_POINT('',#6174);
#1908=VERTEX_POINT('',#6179);
#1909=VERTEX_POINT('',#6183);
#1910=VERTEX_POINT('',#6184);
#1911=VERTEX_POINT('',#6189);
#1912=VERTEX_POINT('',#6191);
#1913=VERTEX_POINT('',#6193);
#1914=VERTEX_POINT('',#6197);
#1915=VERTEX_POINT('',#6198);
#1916=VERTEX_POINT('',#6205);
#1917=VERTEX_POINT('',#6206);
#1918=VERTEX_POINT('',#6208);
#1919=VERTEX_POINT('',#6212);
#1920=VERTEX_POINT('',#6213);
#1921=VERTEX_POINT('',#6215);
#1922=VERTEX_POINT('',#6219);
#1923=VERTEX_POINT('',#6220);
#1924=VERTEX_POINT('',#6222);
#1925=VERTEX_POINT('',#6229);
#1926=VERTEX_POINT('',#6230);
#1927=VERTEX_POINT('',#6232);
#1928=VERTEX_POINT('',#6239);
#1929=VERTEX_POINT('',#6240);
#1930=VERTEX_POINT('',#6245);
#1931=VERTEX_POINT('',#6246);
#1932=VERTEX_POINT('',#6248);
#1933=VERTEX_POINT('',#6258);
#1934=VERTEX_POINT('',#6259);
#1935=VERTEX_POINT('',#6261);
#1936=VERTEX_POINT('',#6265);
#1937=VERTEX_POINT('',#6266);
#1938=VERTEX_POINT('',#6268);
#1939=VERTEX_POINT('',#6275);
#1940=VERTEX_POINT('',#6276);
#1941=VERTEX_POINT('',#6278);
#1942=VERTEX_POINT('',#6282);
#1943=VERTEX_POINT('',#6283);
#1944=VERTEX_POINT('',#6285);
#1945=VERTEX_POINT('',#6292);
#1946=VERTEX_POINT('',#6294);
#1947=VERTEX_POINT('',#6298);
#1948=VERTEX_POINT('',#6299);
#1949=VERTEX_POINT('',#6301);
#1950=VERTEX_POINT('',#6308);
#1951=VERTEX_POINT('',#6309);
#1952=VERTEX_POINT('',#6311);
#1953=VERTEX_POINT('',#6315);
#1954=VERTEX_POINT('',#6316);
#1955=VERTEX_POINT('',#6318);
#1956=VERTEX_POINT('',#6325);
#1957=VERTEX_POINT('',#6326);
#1958=VERTEX_POINT('',#6331);
#1959=VERTEX_POINT('',#6332);
#1960=VERTEX_POINT('',#6334);
#1961=VERTEX_POINT('',#6344);
#1962=VERTEX_POINT('',#6345);
#1963=VERTEX_POINT('',#6347);
#1964=VERTEX_POINT('',#6354);
#1965=VERTEX_POINT('',#6355);
#1966=VERTEX_POINT('',#6357);
#1967=VERTEX_POINT('',#6367);
#1968=VERTEX_POINT('',#6368);
#1969=VERTEX_POINT('',#6370);
#1970=VERTEX_POINT('',#6401);
#1971=VERTEX_POINT('',#6403);
#1972=VERTEX_POINT('',#6414);
#1973=VERTEX_POINT('',#6416);
#1974=VERTEX_POINT('',#6444);
#1975=VERTEX_POINT('',#6446);
#1976=VERTEX_POINT('',#6449);
#1977=VERTEX_POINT('',#6453);
#1978=VERTEX_POINT('',#6455);
#1979=VERTEX_POINT('',#6458);
#1980=VERTEX_POINT('',#6462);
#1981=VERTEX_POINT('',#6464);
#1982=VERTEX_POINT('',#6467);
#1983=VERTEX_POINT('',#6471);
#1984=VERTEX_POINT('',#6473);
#1985=VERTEX_POINT('',#6476);
#1986=VERTEX_POINT('',#6480);
#1987=VERTEX_POINT('',#6482);
#1988=VERTEX_POINT('',#6485);
#1989=VERTEX_POINT('',#6489);
#1990=VERTEX_POINT('',#6491);
#1991=VERTEX_POINT('',#6494);
#1992=VERTEX_POINT('',#6498);
#1993=VERTEX_POINT('',#6502);
#1994=VERTEX_POINT('',#6517);
#1995=VERTEX_POINT('',#6525);
#1996=VERTEX_POINT('',#6533);
#1997=VERTEX_POINT('',#6535);
#1998=VERTEX_POINT('',#6539);
#1999=VERTEX_POINT('',#6543);
#2000=VERTEX_POINT('',#6566);
#2001=EDGE_CURVE('',#1635,#1636,#1522,.T.);
#2002=EDGE_CURVE('',#1635,#1637,#620,.T.);
#2003=EDGE_CURVE('',#1637,#1638,#612,.T.);
#2004=EDGE_CURVE('',#1638,#1636,#621,.T.);
#2005=EDGE_CURVE('',#1639,#1635,#622,.T.);
#2006=EDGE_CURVE('',#1640,#1639,#623,.T.);
#2007=EDGE_CURVE('',#1641,#1640,#624,.T.);
#2008=EDGE_CURVE('',#1642,#1641,#625,.T.);
#2009=EDGE_CURVE('',#1643,#1642,#626,.T.);
#2010=EDGE_CURVE('',#1644,#1643,#627,.T.);
#2011=EDGE_CURVE('',#1645,#1644,#628,.T.);
#2012=EDGE_CURVE('',#1646,#1645,#629,.T.);
#2013=EDGE_CURVE('',#1647,#1646,#630,.T.);
#2014=EDGE_CURVE('',#1647,#1648,#631,.T.);
#2015=EDGE_CURVE('',#1649,#1648,#632,.T.);
#2016=EDGE_CURVE('',#1649,#1650,#633,.T.);
#2017=EDGE_CURVE('',#1650,#1637,#634,.T.);
#2018=EDGE_CURVE('',#1651,#1652,#1523,.T.);
#2019=EDGE_CURVE('',#1651,#1653,#635,.T.);
#2020=EDGE_CURVE('',#1653,#1654,#613,.T.);
#2021=EDGE_CURVE('',#1654,#1652,#636,.T.);
#2022=EDGE_CURVE('',#1636,#1655,#637,.T.);
#2023=EDGE_CURVE('',#1655,#1656,#638,.T.);
#2024=EDGE_CURVE('',#1657,#1656,#639,.T.);
#2025=EDGE_CURVE('',#1658,#1657,#640,.T.);
#2026=EDGE_CURVE('',#1659,#1658,#641,.T.);
#2027=EDGE_CURVE('',#1659,#1660,#642,.T.);
#2028=EDGE_CURVE('',#1660,#1651,#643,.T.);
#2029=EDGE_CURVE('',#1652,#1661,#644,.T.);
#2030=EDGE_CURVE('',#1662,#1661,#1524,.T.);
#2031=EDGE_CURVE('',#1662,#1663,#645,.T.);
#2032=EDGE_CURVE('',#1663,#1664,#1525,.T.);
#2033=EDGE_CURVE('',#1665,#1664,#1526,.F.);
#2034=EDGE_CURVE('',#1666,#1665,#1527,.T.);
#2035=EDGE_CURVE('',#1666,#1667,#646,.T.);
#2036=EDGE_CURVE('',#1667,#1668,#647,.T.);
#2037=EDGE_CURVE('',#1669,#1668,#1528,.T.);
#2038=EDGE_CURVE('',#1669,#1670,#648,.T.);
#2039=EDGE_CURVE('',#1670,#1671,#649,.T.);
#2040=EDGE_CURVE('',#1672,#1671,#1529,.T.);
#2041=EDGE_CURVE('',#1672,#1673,#650,.T.);
#2042=EDGE_CURVE('',#1674,#1673,#1530,.T.);
#2043=EDGE_CURVE('',#1674,#1675,#651,.T.);
#2044=EDGE_CURVE('',#1675,#1676,#652,.T.);
#2045=EDGE_CURVE('',#1676,#1677,#653,.T.);
#2046=EDGE_CURVE('',#1677,#1678,#654,.T.);
#2047=EDGE_CURVE('',#1679,#1678,#1531,.T.);
#2048=EDGE_CURVE('',#1679,#1680,#655,.T.);
#2049=EDGE_CURVE('',#1681,#1680,#1532,.T.);
#2050=EDGE_CURVE('',#1681,#1682,#656,.T.);
#2051=EDGE_CURVE('',#1682,#1683,#657,.T.);
#2052=EDGE_CURVE('',#1684,#1683,#1533,.T.);
#2053=EDGE_CURVE('',#1684,#1685,#658,.T.);
#2054=EDGE_CURVE('',#1685,#1686,#659,.T.);
#2055=EDGE_CURVE('',#1686,#1687,#1534,.F.);
#2056=EDGE_CURVE('',#1687,#1688,#1535,.T.);
#2057=EDGE_CURVE('',#1688,#1689,#660,.T.);
#2058=EDGE_CURVE('',#1640,#1689,#1536,.T.);
#2059=EDGE_CURVE('',#1654,#1690,#661,.T.);
#2060=EDGE_CURVE('',#1690,#1691,#662,.T.);
#2061=EDGE_CURVE('',#1692,#1691,#663,.T.);
#2062=EDGE_CURVE('',#1692,#1693,#664,.T.);
#2063=EDGE_CURVE('',#1694,#1693,#665,.T.);
#2064=EDGE_CURVE('',#1695,#1694,#666,.T.);
#2065=EDGE_CURVE('',#1696,#1695,#667,.T.);
#2066=EDGE_CURVE('',#1697,#1696,#668,.T.);
#2067=EDGE_CURVE('',#1698,#1697,#669,.T.);
#2068=EDGE_CURVE('',#1699,#1698,#670,.T.);
#2069=EDGE_CURVE('',#1661,#1699,#671,.T.);
#2070=EDGE_CURVE('',#1700,#1699,#1537,.T.);
#2071=EDGE_CURVE('',#1700,#1662,#672,.T.);
#2072=EDGE_CURVE('',#1701,#1700,#673,.T.);
#2073=EDGE_CURVE('',#1702,#1701,#674,.T.);
#2074=EDGE_CURVE('',#1702,#1703,#675,.T.);
#2075=EDGE_CURVE('',#1703,#1663,#676,.T.);
#2076=EDGE_CURVE('',#1641,#1704,#1538,.T.);
#2077=EDGE_CURVE('',#1689,#1704,#677,.T.);
#2078=EDGE_CURVE('',#1688,#1705,#678,.T.);
#2079=EDGE_CURVE('',#1705,#1706,#679,.T.);
#2080=EDGE_CURVE('',#1707,#1706,#680,.T.);
#2081=EDGE_CURVE('',#1704,#1707,#681,.T.);
#2082=EDGE_CURVE('',#1708,#1648,#1539,.T.);
#2083=EDGE_CURVE('',#1708,#1709,#682,.T.);
#2084=EDGE_CURVE('',#1709,#1649,#614,.T.);
#2085=EDGE_CURVE('',#1647,#1710,#1540,.F.);
#2086=EDGE_CURVE('',#1710,#1711,#683,.T.);
#2087=EDGE_CURVE('',#1711,#1712,#684,.T.);
#2088=EDGE_CURVE('',#1713,#1712,#1541,.T.);
#2089=EDGE_CURVE('',#1713,#1714,#685,.T.);
#2090=EDGE_CURVE('',#1714,#1715,#686,.T.);
#2091=EDGE_CURVE('',#1716,#1715,#1542,.T.);
#2092=EDGE_CURVE('',#1716,#1717,#687,.T.);
#2093=EDGE_CURVE('',#1717,#1718,#688,.T.);
#2094=EDGE_CURVE('',#1719,#1718,#1543,.T.);
#2095=EDGE_CURVE('',#1719,#1720,#689,.T.);
#2096=EDGE_CURVE('',#1720,#1721,#1544,.T.);
#2097=EDGE_CURVE('',#1721,#1722,#690,.T.);
#2098=EDGE_CURVE('',#1723,#1722,#1545,.T.);
#2099=EDGE_CURVE('',#1723,#1724,#691,.T.);
#2100=EDGE_CURVE('',#1724,#1725,#692,.T.);
#2101=EDGE_CURVE('',#1726,#1725,#1546,.T.);
#2102=EDGE_CURVE('',#1726,#1727,#693,.T.);
#2103=EDGE_CURVE('',#1727,#1728,#694,.T.);
#2104=EDGE_CURVE('',#1729,#1728,#1547,.T.);
#2105=EDGE_CURVE('',#1729,#1730,#695,.T.);
#2106=EDGE_CURVE('',#1730,#1731,#696,.T.);
#2107=EDGE_CURVE('',#1693,#1731,#1548,.T.);
#2108=EDGE_CURVE('',#1692,#1732,#1549,.T.);
#2109=EDGE_CURVE('',#1732,#1733,#697,.T.);
#2110=EDGE_CURVE('',#1733,#1734,#1550,.T.);
#2111=EDGE_CURVE('',#1734,#1735,#698,.T.);
#2112=EDGE_CURVE('',#1735,#1736,#1551,.T.);
#2113=EDGE_CURVE('',#1736,#1737,#699,.T.);
#2114=EDGE_CURVE('',#1737,#1738,#700,.T.);
#2115=EDGE_CURVE('',#1738,#1739,#1552,.T.);
#2116=EDGE_CURVE('',#1739,#1740,#701,.T.);
#2117=EDGE_CURVE('',#1740,#1741,#1553,.T.);
#2118=EDGE_CURVE('',#1741,#1708,#702,.T.);
#2119=EDGE_CURVE('',#1742,#1646,#1554,.T.);
#2120=EDGE_CURVE('',#1742,#1710,#703,.T.);
#2121=EDGE_CURVE('',#1743,#1698,#1555,.T.);
#2122=EDGE_CURVE('',#1743,#1744,#704,.T.);
#2123=EDGE_CURVE('',#1744,#1745,#705,.T.);
#2124=EDGE_CURVE('',#1746,#1745,#1556,.T.);
#2125=EDGE_CURVE('',#1746,#1747,#706,.T.);
#2126=EDGE_CURVE('',#1748,#1747,#1557,.T.);
#2127=EDGE_CURVE('',#1748,#1749,#707,.T.);
#2128=EDGE_CURVE('',#1750,#1749,#1558,.T.);
#2129=EDGE_CURVE('',#1750,#1751,#708,.T.);
#2130=EDGE_CURVE('',#1751,#1752,#709,.T.);
#2131=EDGE_CURVE('',#1753,#1752,#1559,.T.);
#2132=EDGE_CURVE('',#1753,#1754,#710,.T.);
#2133=EDGE_CURVE('',#1754,#1755,#711,.T.);
#2134=EDGE_CURVE('',#1756,#1755,#1560,.T.);
#2135=EDGE_CURVE('',#1756,#1757,#712,.T.);
#2136=EDGE_CURVE('',#1757,#1758,#713,.T.);
#2137=EDGE_CURVE('',#1759,#1758,#1561,.T.);
#2138=EDGE_CURVE('',#1759,#1760,#714,.T.);
#2139=EDGE_CURVE('',#1761,#1760,#1562,.T.);
#2140=EDGE_CURVE('',#1761,#1762,#715,.T.);
#2141=EDGE_CURVE('',#1762,#1763,#716,.T.);
#2142=EDGE_CURVE('',#1764,#1763,#1563,.T.);
#2143=EDGE_CURVE('',#1764,#1765,#717,.T.);
#2144=EDGE_CURVE('',#1765,#1766,#718,.T.);
#2145=EDGE_CURVE('',#1695,#1766,#1564,.T.);
#2146=EDGE_CURVE('',#1694,#1767,#1565,.T.);
#2147=EDGE_CURVE('',#1767,#1768,#719,.T.);
#2148=EDGE_CURVE('',#1768,#1769,#720,.T.);
#2149=EDGE_CURVE('',#1769,#1770,#1566,.T.);
#2150=EDGE_CURVE('',#1770,#1771,#721,.T.);
#2151=EDGE_CURVE('',#1771,#1772,#722,.T.);
#2152=EDGE_CURVE('',#1772,#1773,#1567,.T.);
#2153=EDGE_CURVE('',#1773,#1774,#723,.T.);
#2154=EDGE_CURVE('',#1774,#1775,#724,.T.);
#2155=EDGE_CURVE('',#1775,#1776,#1568,.T.);
#2156=EDGE_CURVE('',#1776,#1777,#725,.T.);
#2157=EDGE_CURVE('',#1777,#1778,#726,.T.);
#2158=EDGE_CURVE('',#1778,#1779,#1569,.T.);
#2159=EDGE_CURVE('',#1779,#1780,#727,.T.);
#2160=EDGE_CURVE('',#1780,#1742,#728,.T.);
#2161=EDGE_CURVE('',#1781,#1645,#1570,.T.);
#2162=EDGE_CURVE('',#1781,#1782,#729,.T.);
#2163=EDGE_CURVE('',#1782,#1783,#730,.T.);
#2164=EDGE_CURVE('',#1784,#1783,#1571,.T.);
#2165=EDGE_CURVE('',#1784,#1785,#731,.T.);
#2166=EDGE_CURVE('',#1785,#1786,#732,.T.);
#2167=EDGE_CURVE('',#1787,#1786,#1572,.T.);
#2168=EDGE_CURVE('',#1787,#1788,#733,.T.);
#2169=EDGE_CURVE('',#1789,#1788,#1573,.T.);
#2170=EDGE_CURVE('',#1789,#1790,#734,.T.);
#2171=EDGE_CURVE('',#1790,#1791,#735,.T.);
#2172=EDGE_CURVE('',#1792,#1791,#1574,.T.);
#2173=EDGE_CURVE('',#1792,#1793,#736,.T.);
#2174=EDGE_CURVE('',#1793,#1794,#737,.T.);
#2175=EDGE_CURVE('',#1795,#1794,#1575,.T.);
#2176=EDGE_CURVE('',#1795,#1796,#738,.T.);
#2177=EDGE_CURVE('',#1796,#1797,#739,.T.);
#2178=EDGE_CURVE('',#1798,#1797,#1576,.T.);
#2179=EDGE_CURVE('',#1798,#1799,#740,.T.);
#2180=EDGE_CURVE('',#1800,#1799,#1577,.T.);
#2181=EDGE_CURVE('',#1800,#1801,#741,.T.);
#2182=EDGE_CURVE('',#1802,#1801,#1578,.T.);
#2183=EDGE_CURVE('',#1802,#1803,#742,.T.);
#2184=EDGE_CURVE('',#1803,#1804,#743,.T.);
#2185=EDGE_CURVE('',#1642,#1804,#1579,.T.);
#2186=EDGE_CURVE('',#1707,#1805,#1580,.T.);
#2187=EDGE_CURVE('',#1805,#1806,#744,.T.);
#2188=EDGE_CURVE('',#1806,#1807,#745,.T.);
#2189=EDGE_CURVE('',#1807,#1808,#746,.T.);
#2190=EDGE_CURVE('',#1808,#1809,#747,.T.);
#2191=EDGE_CURVE('',#1809,#1701,#1581,.T.);
#2192=EDGE_CURVE('',#1810,#1811,#748,.T.);
#2193=EDGE_CURVE('',#1811,#1812,#749,.T.);
#2194=EDGE_CURVE('',#1812,#1813,#750,.T.);
#2195=EDGE_CURVE('',#1813,#1810,#751,.T.);
#2196=EDGE_CURVE('',#1691,#1814,#615,.T.);
#2197=EDGE_CURVE('',#1814,#1732,#752,.T.);
#2198=EDGE_CURVE('',#1814,#1815,#753,.T.);
#2199=EDGE_CURVE('',#1733,#1815,#754,.T.);
#2200=EDGE_CURVE('',#1731,#1767,#755,.T.);
#2201=EDGE_CURVE('',#1730,#1816,#756,.T.);
#2202=EDGE_CURVE('',#1816,#1817,#757,.T.);
#2203=EDGE_CURVE('',#1768,#1817,#758,.T.);
#2204=EDGE_CURVE('',#1644,#1818,#1582,.T.);
#2205=EDGE_CURVE('',#1818,#1781,#759,.T.);
#2206=EDGE_CURVE('',#1804,#1819,#760,.T.);
#2207=EDGE_CURVE('',#1819,#1643,#1583,.T.);
#2208=EDGE_CURVE('',#1803,#1820,#761,.T.);
#2209=EDGE_CURVE('',#1819,#1820,#762,.T.);
#2210=EDGE_CURVE('',#1697,#1821,#1584,.T.);
#2211=EDGE_CURVE('',#1821,#1743,#763,.T.);
#2212=EDGE_CURVE('',#1766,#1822,#764,.T.);
#2213=EDGE_CURVE('',#1822,#1696,#1585,.T.);
#2214=EDGE_CURVE('',#1765,#1823,#765,.T.);
#2215=EDGE_CURVE('',#1822,#1823,#766,.T.);
#2216=EDGE_CURVE('',#1740,#1824,#767,.T.);
#2217=EDGE_CURVE('',#1824,#1825,#616,.T.);
#2218=EDGE_CURVE('',#1825,#1741,#768,.T.);
#2219=EDGE_CURVE('',#1826,#1739,#769,.T.);
#2220=EDGE_CURVE('',#1826,#1824,#770,.T.);
#2221=EDGE_CURVE('',#1735,#1827,#771,.T.);
#2222=EDGE_CURVE('',#1827,#1828,#617,.T.);
#2223=EDGE_CURVE('',#1828,#1736,#772,.T.);
#2224=EDGE_CURVE('',#1829,#1734,#773,.T.);
#2225=EDGE_CURVE('',#1829,#1827,#774,.T.);
#2226=EDGE_CURVE('',#1738,#1830,#775,.T.);
#2227=EDGE_CURVE('',#1830,#1826,#618,.T.);
#2228=EDGE_CURVE('',#1831,#1737,#776,.T.);
#2229=EDGE_CURVE('',#1831,#1830,#777,.T.);
#2230=EDGE_CURVE('',#1815,#1829,#619,.T.);
#2231=EDGE_CURVE('',#1832,#1833,#1586,.T.);
#2232=EDGE_CURVE('',#1833,#1834,#778,.T.);
#2233=EDGE_CURVE('',#1834,#1835,#1587,.T.);
#2234=EDGE_CURVE('',#1835,#1832,#779,.T.);
#2235=EDGE_CURVE('',#1836,#1833,#780,.T.);
#2236=EDGE_CURVE('',#1837,#1836,#781,.T.);
#2237=EDGE_CURVE('',#1834,#1837,#782,.T.);
#2238=EDGE_CURVE('',#1836,#1838,#1588,.T.);
#2239=EDGE_CURVE('',#1838,#1839,#783,.T.);
#2240=EDGE_CURVE('',#1839,#1837,#1589,.T.);
#2241=EDGE_CURVE('',#1840,#1838,#784,.T.);
#2242=EDGE_CURVE('',#1841,#1840,#785,.T.);
#2243=EDGE_CURVE('',#1839,#1841,#786,.T.);
#2244=EDGE_CURVE('',#1842,#1659,#1590,.T.);
#2245=EDGE_CURVE('',#1658,#1843,#1591,.T.);
#2246=EDGE_CURVE('',#1843,#1842,#787,.T.);
#2247=EDGE_CURVE('',#1656,#1841,#1592,.T.);
#2248=EDGE_CURVE('',#1840,#1657,#1593,.T.);
#2249=EDGE_CURVE('',#1745,#1844,#788,.T.);
#2250=EDGE_CURVE('',#1844,#1845,#1594,.T.);
#2251=EDGE_CURVE('',#1845,#1746,#789,.T.);
#2252=EDGE_CURVE('',#1744,#1846,#790,.T.);
#2253=EDGE_CURVE('',#1844,#1846,#791,.T.);
#2254=EDGE_CURVE('',#1747,#1847,#792,.T.);
#2255=EDGE_CURVE('',#1847,#1848,#1595,.T.);
#2256=EDGE_CURVE('',#1848,#1748,#793,.T.);
#2257=EDGE_CURVE('',#1847,#1845,#794,.T.);
#2258=EDGE_CURVE('',#1763,#1849,#795,.T.);
#2259=EDGE_CURVE('',#1849,#1850,#1596,.T.);
#2260=EDGE_CURVE('',#1850,#1764,#796,.T.);
#2261=EDGE_CURVE('',#1762,#1851,#797,.T.);
#2262=EDGE_CURVE('',#1849,#1851,#798,.T.);
#2263=EDGE_CURVE('',#1760,#1852,#799,.T.);
#2264=EDGE_CURVE('',#1852,#1853,#1597,.T.);
#2265=EDGE_CURVE('',#1853,#1761,#800,.T.);
#2266=EDGE_CURVE('',#1854,#1759,#801,.T.);
#2267=EDGE_CURVE('',#1852,#1854,#802,.T.);
#2268=EDGE_CURVE('',#1758,#1855,#803,.T.);
#2269=EDGE_CURVE('',#1855,#1854,#1598,.T.);
#2270=EDGE_CURVE('',#1757,#1856,#804,.T.);
#2271=EDGE_CURVE('',#1855,#1856,#805,.T.);
#2272=EDGE_CURVE('',#1755,#1857,#806,.T.);
#2273=EDGE_CURVE('',#1857,#1858,#1599,.T.);
#2274=EDGE_CURVE('',#1858,#1756,#807,.T.);
#2275=EDGE_CURVE('',#1754,#1859,#808,.T.);
#2276=EDGE_CURVE('',#1857,#1859,#809,.T.);
#2277=EDGE_CURVE('',#1752,#1860,#810,.T.);
#2278=EDGE_CURVE('',#1860,#1861,#1600,.T.);
#2279=EDGE_CURVE('',#1861,#1753,#811,.T.);
#2280=EDGE_CURVE('',#1751,#1862,#812,.T.);
#2281=EDGE_CURVE('',#1860,#1862,#813,.T.);
#2282=EDGE_CURVE('',#1749,#1863,#814,.T.);
#2283=EDGE_CURVE('',#1863,#1864,#1601,.T.);
#2284=EDGE_CURVE('',#1864,#1750,#815,.T.);
#2285=EDGE_CURVE('',#1863,#1848,#816,.T.);
#2286=EDGE_CURVE('',#1783,#1865,#817,.T.);
#2287=EDGE_CURVE('',#1865,#1866,#1602,.T.);
#2288=EDGE_CURVE('',#1866,#1784,#818,.T.);
#2289=EDGE_CURVE('',#1782,#1867,#819,.T.);
#2290=EDGE_CURVE('',#1865,#1867,#820,.T.);
#2291=EDGE_CURVE('',#1786,#1868,#821,.T.);
#2292=EDGE_CURVE('',#1868,#1869,#1603,.T.);
#2293=EDGE_CURVE('',#1869,#1787,#822,.T.);
#2294=EDGE_CURVE('',#1785,#1870,#823,.T.);
#2295=EDGE_CURVE('',#1868,#1870,#824,.T.);
#2296=EDGE_CURVE('',#1788,#1871,#825,.T.);
#2297=EDGE_CURVE('',#1871,#1872,#1604,.T.);
#2298=EDGE_CURVE('',#1872,#1789,#826,.T.);
#2299=EDGE_CURVE('',#1871,#1869,#827,.T.);
#2300=EDGE_CURVE('',#1791,#1873,#828,.T.);
#2301=EDGE_CURVE('',#1873,#1874,#1605,.T.);
#2302=EDGE_CURVE('',#1874,#1792,#829,.T.);
#2303=EDGE_CURVE('',#1790,#1875,#830,.T.);
#2304=EDGE_CURVE('',#1873,#1875,#831,.T.);
#2305=EDGE_CURVE('',#1794,#1876,#832,.T.);
#2306=EDGE_CURVE('',#1876,#1877,#1606,.T.);
#2307=EDGE_CURVE('',#1877,#1795,#833,.T.);
#2308=EDGE_CURVE('',#1793,#1878,#834,.T.);
#2309=EDGE_CURVE('',#1876,#1878,#835,.T.);
#2310=EDGE_CURVE('',#1797,#1879,#836,.T.);
#2311=EDGE_CURVE('',#1879,#1880,#1607,.T.);
#2312=EDGE_CURVE('',#1880,#1798,#837,.T.);
#2313=EDGE_CURVE('',#1796,#1881,#838,.T.);
#2314=EDGE_CURVE('',#1879,#1881,#839,.T.);
#2315=EDGE_CURVE('',#1799,#1882,#840,.T.);
#2316=EDGE_CURVE('',#1882,#1883,#1608,.T.);
#2317=EDGE_CURVE('',#1883,#1800,#841,.T.);
#2318=EDGE_CURVE('',#1882,#1880,#842,.T.);
#2319=EDGE_CURVE('',#1801,#1884,#843,.T.);
#2320=EDGE_CURVE('',#1884,#1885,#1609,.T.);
#2321=EDGE_CURVE('',#1885,#1802,#844,.T.);
#2322=EDGE_CURVE('',#1884,#1883,#845,.T.);
#2323=EDGE_CURVE('',#1886,#1706,#1610,.F.);
#2324=EDGE_CURVE('',#1886,#1687,#846,.T.);
#2325=EDGE_CURVE('',#1686,#1805,#847,.T.);
#2326=EDGE_CURVE('',#1887,#1888,#1611,.T.);
#2327=EDGE_CURVE('',#1887,#1679,#848,.T.);
#2328=EDGE_CURVE('',#1678,#1888,#849,.T.);
#2329=EDGE_CURVE('',#1889,#1677,#850,.T.);
#2330=EDGE_CURVE('',#1889,#1888,#851,.T.);
#2331=EDGE_CURVE('',#1890,#1891,#1612,.T.);
#2332=EDGE_CURVE('',#1890,#1681,#852,.T.);
#2333=EDGE_CURVE('',#1680,#1891,#853,.T.);
#2334=EDGE_CURVE('',#1887,#1891,#854,.T.);
#2335=EDGE_CURVE('',#1892,#1893,#1613,.T.);
#2336=EDGE_CURVE('',#1892,#1684,#855,.T.);
#2337=EDGE_CURVE('',#1683,#1893,#856,.T.);
#2338=EDGE_CURVE('',#1894,#1893,#857,.T.);
#2339=EDGE_CURVE('',#1895,#1894,#858,.T.);
#2340=EDGE_CURVE('',#1896,#1895,#859,.T.);
#2341=EDGE_CURVE('',#1892,#1896,#860,.T.);
#2342=EDGE_CURVE('',#1894,#1682,#861,.T.);
#2343=EDGE_CURVE('',#1897,#1898,#1614,.T.);
#2344=EDGE_CURVE('',#1897,#1713,#862,.T.);
#2345=EDGE_CURVE('',#1712,#1898,#863,.T.);
#2346=EDGE_CURVE('',#1899,#1711,#864,.T.);
#2347=EDGE_CURVE('',#1899,#1898,#865,.T.);
#2348=EDGE_CURVE('',#1778,#1716,#866,.T.);
#2349=EDGE_CURVE('',#1715,#1779,#867,.T.);
#2350=EDGE_CURVE('',#1777,#1717,#868,.T.);
#2351=EDGE_CURVE('',#1775,#1719,#869,.T.);
#2352=EDGE_CURVE('',#1718,#1776,#870,.T.);
#2353=EDGE_CURVE('',#1774,#1900,#871,.T.);
#2354=EDGE_CURVE('',#1900,#1901,#872,.T.);
#2355=EDGE_CURVE('',#1901,#1720,#873,.T.);
#2356=EDGE_CURVE('',#1772,#1723,#874,.T.);
#2357=EDGE_CURVE('',#1722,#1773,#875,.T.);
#2358=EDGE_CURVE('',#1771,#1724,#876,.T.);
#2359=EDGE_CURVE('',#1902,#1903,#1615,.T.);
#2360=EDGE_CURVE('',#1902,#1729,#877,.T.);
#2361=EDGE_CURVE('',#1728,#1903,#878,.T.);
#2362=EDGE_CURVE('',#1904,#1727,#879,.T.);
#2363=EDGE_CURVE('',#1904,#1903,#880,.T.);
#2364=EDGE_CURVE('',#1769,#1726,#881,.T.);
#2365=EDGE_CURVE('',#1725,#1770,#882,.T.);
#2366=EDGE_CURVE('',#1817,#1904,#883,.T.);
#2367=EDGE_CURVE('',#1905,#1702,#1616,.T.);
#2368=EDGE_CURVE('',#1809,#1666,#884,.T.);
#2369=EDGE_CURVE('',#1905,#1665,#885,.F.);
#2370=EDGE_CURVE('',#1906,#1907,#1617,.T.);
#2371=EDGE_CURVE('',#1906,#1669,#886,.T.);
#2372=EDGE_CURVE('',#1668,#1907,#887,.T.);
#2373=EDGE_CURVE('',#1908,#1667,#888,.T.);
#2374=EDGE_CURVE('',#1908,#1907,#889,.T.);
#2375=EDGE_CURVE('',#1909,#1910,#1618,.T.);
#2376=EDGE_CURVE('',#1909,#1672,#890,.T.);
#2377=EDGE_CURVE('',#1671,#1910,#891,.T.);
#2378=EDGE_CURVE('',#1670,#1911,#892,.T.);
#2379=EDGE_CURVE('',#1911,#1912,#893,.T.);
#2380=EDGE_CURVE('',#1913,#1912,#894,.T.);
#2381=EDGE_CURVE('',#1913,#1910,#895,.T.);
#2382=EDGE_CURVE('',#1914,#1915,#1619,.T.);
#2383=EDGE_CURVE('',#1914,#1674,#896,.T.);
#2384=EDGE_CURVE('',#1673,#1915,#897,.T.);
#2385=EDGE_CURVE('',#1909,#1915,#898,.T.);
#2386=EDGE_CURVE('',#1916,#1917,#899,.T.);
#2387=EDGE_CURVE('',#1918,#1916,#900,.T.);
#2388=EDGE_CURVE('',#1917,#1918,#901,.T.);
#2389=EDGE_CURVE('',#1919,#1920,#902,.T.);
#2390=EDGE_CURVE('',#1921,#1919,#903,.T.);
#2391=EDGE_CURVE('',#1920,#1921,#904,.T.);
#2392=EDGE_CURVE('',#1922,#1923,#905,.T.);
#2393=EDGE_CURVE('',#1924,#1922,#906,.T.);
#2394=EDGE_CURVE('',#1923,#1924,#907,.T.);
#2395=EDGE_CURVE('',#1922,#1917,#908,.T.);
#2396=EDGE_CURVE('',#1918,#1924,#909,.T.);
#2397=EDGE_CURVE('',#1925,#1926,#910,.T.);
#2398=EDGE_CURVE('',#1927,#1925,#911,.T.);
#2399=EDGE_CURVE('',#1926,#1927,#912,.T.);
#2400=EDGE_CURVE('',#1925,#1916,#913,.T.);
#2401=EDGE_CURVE('',#1917,#1927,#914,.T.);
#2402=EDGE_CURVE('',#1928,#1929,#915,.T.);
#2403=EDGE_CURVE('',#1929,#1921,#916,.T.);
#2404=EDGE_CURVE('',#1919,#1928,#917,.T.);
#2405=EDGE_CURVE('',#1930,#1931,#918,.T.);
#2406=EDGE_CURVE('',#1932,#1930,#919,.T.);
#2407=EDGE_CURVE('',#1931,#1932,#920,.T.);
#2408=EDGE_CURVE('',#1930,#1919,#921,.T.);
#2409=EDGE_CURVE('',#1920,#1932,#922,.T.);
#2410=EDGE_CURVE('',#1926,#1931,#923,.T.);
#2411=EDGE_CURVE('',#1932,#1925,#924,.T.);
#2412=EDGE_CURVE('',#1933,#1934,#925,.T.);
#2413=EDGE_CURVE('',#1935,#1933,#926,.T.);
#2414=EDGE_CURVE('',#1934,#1935,#927,.T.);
#2415=EDGE_CURVE('',#1936,#1937,#928,.T.);
#2416=EDGE_CURVE('',#1938,#1936,#929,.T.);
#2417=EDGE_CURVE('',#1937,#1938,#930,.T.);
#2418=EDGE_CURVE('',#1936,#1922,#931,.T.);
#2419=EDGE_CURVE('',#1923,#1938,#932,.T.);
#2420=EDGE_CURVE('',#1939,#1940,#933,.T.);
#2421=EDGE_CURVE('',#1941,#1939,#934,.T.);
#2422=EDGE_CURVE('',#1940,#1941,#935,.T.);
#2423=EDGE_CURVE('',#1942,#1943,#936,.T.);
#2424=EDGE_CURVE('',#1944,#1942,#937,.T.);
#2425=EDGE_CURVE('',#1943,#1944,#938,.T.);
#2426=EDGE_CURVE('',#1942,#1935,#939,.T.);
#2427=EDGE_CURVE('',#1933,#1944,#940,.T.);
#2428=EDGE_CURVE('',#1945,#1943,#941,.T.);
#2429=EDGE_CURVE('',#1944,#1946,#942,.T.);
#2430=EDGE_CURVE('',#1946,#1945,#943,.T.);
#2431=EDGE_CURVE('',#1947,#1948,#944,.T.);
#2432=EDGE_CURVE('',#1949,#1947,#945,.T.);
#2433=EDGE_CURVE('',#1948,#1949,#946,.T.);
#2434=EDGE_CURVE('',#1947,#1934,#947,.T.);
#2435=EDGE_CURVE('',#1935,#1949,#948,.T.);
#2436=EDGE_CURVE('',#1950,#1951,#949,.T.);
#2437=EDGE_CURVE('',#1952,#1950,#950,.T.);
#2438=EDGE_CURVE('',#1951,#1952,#951,.T.);
#2439=EDGE_CURVE('',#1953,#1954,#952,.T.);
#2440=EDGE_CURVE('',#1955,#1953,#953,.T.);
#2441=EDGE_CURVE('',#1954,#1955,#954,.T.);
#2442=EDGE_CURVE('',#1953,#1939,#955,.T.);
#2443=EDGE_CURVE('',#1940,#1955,#956,.T.);
#2444=EDGE_CURVE('',#1956,#1957,#957,.T.);
#2445=EDGE_CURVE('',#1957,#1954,#958,.T.);
#2446=EDGE_CURVE('',#1955,#1956,#959,.T.);
#2447=EDGE_CURVE('',#1958,#1959,#960,.T.);
#2448=EDGE_CURVE('',#1960,#1958,#961,.T.);
#2449=EDGE_CURVE('',#1959,#1960,#962,.T.);
#2450=EDGE_CURVE('',#1946,#1960,#963,.T.);
#2451=EDGE_CURVE('',#1958,#1945,#964,.T.);
#2452=EDGE_CURVE('',#1950,#1959,#965,.T.);
#2453=EDGE_CURVE('',#1960,#1952,#966,.T.);
#2454=EDGE_CURVE('',#1961,#1962,#967,.T.);
#2455=EDGE_CURVE('',#1963,#1961,#968,.T.);
#2456=EDGE_CURVE('',#1962,#1963,#969,.T.);
#2457=EDGE_CURVE('',#1943,#1963,#970,.T.);
#2458=EDGE_CURVE('',#1961,#1942,#971,.T.);
#2459=EDGE_CURVE('',#1964,#1965,#972,.T.);
#2460=EDGE_CURVE('',#1966,#1964,#973,.T.);
#2461=EDGE_CURVE('',#1965,#1966,#974,.T.);
#2462=EDGE_CURVE('',#1964,#1950,#975,.T.);
#2463=EDGE_CURVE('',#1951,#1966,#976,.T.);
#2464=EDGE_CURVE('',#1954,#1965,#977,.T.);
#2465=EDGE_CURVE('',#1966,#1953,#978,.T.);
#2466=EDGE_CURVE('',#1967,#1968,#979,.T.);
#2467=EDGE_CURVE('',#1969,#1967,#980,.T.);
#2468=EDGE_CURVE('',#1968,#1969,#981,.T.);
#2469=EDGE_CURVE('',#1967,#1958,#982,.T.);
#2470=EDGE_CURVE('',#1959,#1969,#983,.T.);
#2471=EDGE_CURVE('',#1965,#1968,#984,.T.);
#2472=EDGE_CURVE('',#1969,#1964,#985,.T.);
#2473=EDGE_CURVE('',#1968,#1962,#986,.T.);
#2474=EDGE_CURVE('',#1963,#1967,#987,.T.);
#2475=EDGE_CURVE('',#1962,#1948,#988,.T.);
#2476=EDGE_CURVE('',#1949,#1961,#989,.T.);
#2477=EDGE_CURVE('',#1939,#1951,#990,.T.);
#2478=EDGE_CURVE('',#1952,#1941,#991,.T.);
#2479=EDGE_CURVE('',#1948,#1937,#992,.T.);
#2480=EDGE_CURVE('',#1938,#1947,#993,.T.);
#2481=EDGE_CURVE('',#1956,#1930,#994,.T.);
#2482=EDGE_CURVE('',#1931,#1957,#995,.T.);
#2483=EDGE_CURVE('',#1928,#1940,#996,.T.);
#2484=EDGE_CURVE('',#1941,#1929,#997,.T.);
#2485=EDGE_CURVE('',#1937,#1926,#998,.T.);
#2486=EDGE_CURVE('',#1927,#1936,#999,.T.);
#2487=EDGE_CURVE('',#1970,#1933,#1000,.T.);
#2488=EDGE_CURVE('',#1934,#1971,#1001,.T.);
#2489=EDGE_CURVE('',#1971,#1970,#1002,.T.);
#2490=EDGE_CURVE('',#1971,#1923,#1003,.T.);
#2491=EDGE_CURVE('',#1924,#1970,#1004,.T.);
#2492=EDGE_CURVE('',#1916,#1920,#1005,.T.);
#2493=EDGE_CURVE('',#1921,#1918,#1006,.T.);
#2494=EDGE_CURVE('',#1690,#1970,#1007,.T.);
#2495=EDGE_CURVE('',#1972,#1653,#1008,.T.);
#2496=EDGE_CURVE('',#1973,#1972,#1009,.T.);
#2497=EDGE_CURVE('',#1638,#1973,#1010,.T.);
#2498=EDGE_CURVE('',#1946,#1650,#1011,.T.);
#2499=EDGE_CURVE('',#1928,#1956,#1012,.T.);
#2500=EDGE_CURVE('',#1832,#1843,#1013,.T.);
#2501=EDGE_CURVE('',#1846,#1821,#1014,.T.);
#2502=EDGE_CURVE('',#1823,#1850,#1015,.T.);
#2503=EDGE_CURVE('',#1851,#1853,#1016,.T.);
#2504=EDGE_CURVE('',#1856,#1858,#1017,.T.);
#2505=EDGE_CURVE('',#1859,#1861,#1018,.T.);
#2506=EDGE_CURVE('',#1862,#1864,#1019,.T.);
#2507=EDGE_CURVE('',#1875,#1872,#1020,.T.);
#2508=EDGE_CURVE('',#1870,#1866,#1021,.T.);
#2509=EDGE_CURVE('',#1867,#1818,#1022,.T.);
#2510=EDGE_CURVE('',#1820,#1885,#1023,.T.);
#2511=EDGE_CURVE('',#1881,#1877,#1024,.T.);
#2512=EDGE_CURVE('',#1878,#1874,#1025,.T.);
#2513=EDGE_CURVE('',#1974,#1974,#1620,.T.);
#2514=EDGE_CURVE('',#1974,#1975,#1026,.T.);
#2515=EDGE_CURVE('',#1976,#1976,#1621,.T.);
#2516=EDGE_CURVE('',#1976,#1974,#1027,.T.);
#2517=EDGE_CURVE('',#1977,#1977,#1622,.T.);
#2518=EDGE_CURVE('',#1977,#1978,#1028,.T.);
#2519=EDGE_CURVE('',#1979,#1979,#1623,.T.);
#2520=EDGE_CURVE('',#1979,#1977,#1029,.T.);
#2521=EDGE_CURVE('',#1980,#1980,#1624,.T.);
#2522=EDGE_CURVE('',#1980,#1981,#1030,.T.);
#2523=EDGE_CURVE('',#1982,#1982,#1625,.T.);
#2524=EDGE_CURVE('',#1982,#1980,#1031,.T.);
#2525=EDGE_CURVE('',#1983,#1983,#1626,.T.);
#2526=EDGE_CURVE('',#1983,#1984,#1032,.T.);
#2527=EDGE_CURVE('',#1985,#1985,#1627,.T.);
#2528=EDGE_CURVE('',#1985,#1983,#1033,.T.);
#2529=EDGE_CURVE('',#1986,#1986,#1628,.T.);
#2530=EDGE_CURVE('',#1986,#1987,#1034,.T.);
#2531=EDGE_CURVE('',#1988,#1988,#1629,.T.);
#2532=EDGE_CURVE('',#1988,#1986,#1035,.T.);
#2533=EDGE_CURVE('',#1989,#1989,#1630,.T.);
#2534=EDGE_CURVE('',#1989,#1990,#1036,.T.);
#2535=EDGE_CURVE('',#1991,#1991,#1631,.T.);
#2536=EDGE_CURVE('',#1991,#1989,#1037,.T.);
#2537=EDGE_CURVE('',#1897,#1992,#1038,.T.);
#2538=EDGE_CURVE('',#1714,#1992,#1039,.T.);
#2539=EDGE_CURVE('',#1993,#1899,#1040,.T.);
#2540=EDGE_CURVE('',#1992,#1993,#1041,.T.);
#2541=EDGE_CURVE('',#1906,#1911,#1042,.T.);
#2542=EDGE_CURVE('',#1912,#1908,#1043,.T.);
#2543=EDGE_CURVE('',#1685,#1896,#1044,.T.);
#2544=EDGE_CURVE('',#1902,#1816,#1045,.T.);
#2545=EDGE_CURVE('',#1780,#1993,#1046,.T.);
#2546=EDGE_CURVE('',#1895,#1994,#1047,.T.);
#2547=EDGE_CURVE('',#1994,#1889,#1048,.T.);
#2548=EDGE_CURVE('',#1806,#1889,#1049,.T.);
#2549=EDGE_CURVE('',#1890,#1994,#1050,.T.);
#2550=EDGE_CURVE('',#1914,#1995,#1051,.T.);
#2551=EDGE_CURVE('',#1995,#1675,#1052,.T.);
#2552=EDGE_CURVE('',#1995,#1913,#1053,.T.);
#2553=EDGE_CURVE('',#1808,#1995,#1054,.T.);
#2554=EDGE_CURVE('',#1810,#1996,#1055,.T.);
#2555=EDGE_CURVE('',#1997,#1996,#1056,.T.);
#2556=EDGE_CURVE('',#1811,#1997,#1057,.T.);
#2557=EDGE_CURVE('',#1998,#1997,#1058,.T.);
#2558=EDGE_CURVE('',#1812,#1998,#1059,.T.);
#2559=EDGE_CURVE('',#1999,#1998,#1060,.T.);
#2560=EDGE_CURVE('',#1813,#1999,#1061,.T.);
#2561=EDGE_CURVE('',#1996,#1999,#1062,.T.);
#2562=EDGE_CURVE('',#1973,#1655,#1063,.T.);
#2563=EDGE_CURVE('',#1825,#1709,#1064,.T.);
#2564=EDGE_CURVE('',#1828,#1831,#1065,.T.);
#2565=EDGE_CURVE('',#1842,#1835,#1066,.T.);
#2566=EDGE_CURVE('',#1972,#1660,#1067,.T.);
#2567=EDGE_CURVE('',#1886,#1705,#1632,.T.);
#2568=EDGE_CURVE('',#1703,#1905,#1633,.F.);
#2569=EDGE_CURVE('',#1901,#2000,#1634,.T.);
#2570=EDGE_CURVE('',#1721,#2000,#1068,.T.);
#2571=EDGE_CURVE('',#2000,#1900,#1069,.T.);
#2572=EDGE_CURVE('',#1807,#1676,#1070,.T.);
#2573=ORIENTED_EDGE('',*,*,#2001,.F.);
#2574=ORIENTED_EDGE('',*,*,#2002,.T.);
#2575=ORIENTED_EDGE('',*,*,#2003,.T.);
#2576=ORIENTED_EDGE('',*,*,#2004,.T.);
#2577=ORIENTED_EDGE('',*,*,#2002,.F.);
#2578=ORIENTED_EDGE('',*,*,#2005,.F.);
#2579=ORIENTED_EDGE('',*,*,#2006,.F.);
#2580=ORIENTED_EDGE('',*,*,#2007,.F.);
#2581=ORIENTED_EDGE('',*,*,#2008,.F.);
#2582=ORIENTED_EDGE('',*,*,#2009,.F.);
#2583=ORIENTED_EDGE('',*,*,#2010,.F.);
#2584=ORIENTED_EDGE('',*,*,#2011,.F.);
#2585=ORIENTED_EDGE('',*,*,#2012,.F.);
#2586=ORIENTED_EDGE('',*,*,#2013,.F.);
#2587=ORIENTED_EDGE('',*,*,#2014,.T.);
#2588=ORIENTED_EDGE('',*,*,#2015,.F.);
#2589=ORIENTED_EDGE('',*,*,#2016,.T.);
#2590=ORIENTED_EDGE('',*,*,#2017,.T.);
#2591=ORIENTED_EDGE('',*,*,#2018,.F.);
#2592=ORIENTED_EDGE('',*,*,#2019,.T.);
#2593=ORIENTED_EDGE('',*,*,#2020,.T.);
#2594=ORIENTED_EDGE('',*,*,#2021,.T.);
#2595=ORIENTED_EDGE('',*,*,#2001,.T.);
#2596=ORIENTED_EDGE('',*,*,#2022,.T.);
#2597=ORIENTED_EDGE('',*,*,#2023,.T.);
#2598=ORIENTED_EDGE('',*,*,#2024,.F.);
#2599=ORIENTED_EDGE('',*,*,#2025,.F.);
#2600=ORIENTED_EDGE('',*,*,#2026,.F.);
#2601=ORIENTED_EDGE('',*,*,#2027,.T.);
#2602=ORIENTED_EDGE('',*,*,#2028,.T.);
#2603=ORIENTED_EDGE('',*,*,#2018,.T.);
#2604=ORIENTED_EDGE('',*,*,#2029,.T.);
#2605=ORIENTED_EDGE('',*,*,#2030,.F.);
#2606=ORIENTED_EDGE('',*,*,#2031,.T.);
#2607=ORIENTED_EDGE('',*,*,#2032,.T.);
#2608=ORIENTED_EDGE('',*,*,#2033,.F.);
#2609=ORIENTED_EDGE('',*,*,#2034,.F.);
#2610=ORIENTED_EDGE('',*,*,#2035,.T.);
#2611=ORIENTED_EDGE('',*,*,#2036,.T.);
#2612=ORIENTED_EDGE('',*,*,#2037,.F.);
#2613=ORIENTED_EDGE('',*,*,#2038,.T.);
#2614=ORIENTED_EDGE('',*,*,#2039,.T.);
#2615=ORIENTED_EDGE('',*,*,#2040,.F.);
#2616=ORIENTED_EDGE('',*,*,#2041,.T.);
#2617=ORIENTED_EDGE('',*,*,#2042,.F.);
#2618=ORIENTED_EDGE('',*,*,#2043,.T.);
#2619=ORIENTED_EDGE('',*,*,#2044,.T.);
#2620=ORIENTED_EDGE('',*,*,#2045,.T.);
#2621=ORIENTED_EDGE('',*,*,#2046,.T.);
#2622=ORIENTED_EDGE('',*,*,#2047,.F.);
#2623=ORIENTED_EDGE('',*,*,#2048,.T.);
#2624=ORIENTED_EDGE('',*,*,#2049,.F.);
#2625=ORIENTED_EDGE('',*,*,#2050,.T.);
#2626=ORIENTED_EDGE('',*,*,#2051,.T.);
#2627=ORIENTED_EDGE('',*,*,#2052,.F.);
#2628=ORIENTED_EDGE('',*,*,#2053,.T.);
#2629=ORIENTED_EDGE('',*,*,#2054,.T.);
#2630=ORIENTED_EDGE('',*,*,#2055,.T.);
#2631=ORIENTED_EDGE('',*,*,#2056,.T.);
#2632=ORIENTED_EDGE('',*,*,#2057,.T.);
#2633=ORIENTED_EDGE('',*,*,#2058,.F.);
#2634=ORIENTED_EDGE('',*,*,#2006,.T.);
#2635=ORIENTED_EDGE('',*,*,#2005,.T.);
#2636=ORIENTED_EDGE('',*,*,#2021,.F.);
#2637=ORIENTED_EDGE('',*,*,#2059,.T.);
#2638=ORIENTED_EDGE('',*,*,#2060,.T.);
#2639=ORIENTED_EDGE('',*,*,#2061,.F.);
#2640=ORIENTED_EDGE('',*,*,#2062,.T.);
#2641=ORIENTED_EDGE('',*,*,#2063,.F.);
#2642=ORIENTED_EDGE('',*,*,#2064,.F.);
#2643=ORIENTED_EDGE('',*,*,#2065,.F.);
#2644=ORIENTED_EDGE('',*,*,#2066,.F.);
#2645=ORIENTED_EDGE('',*,*,#2067,.F.);
#2646=ORIENTED_EDGE('',*,*,#2068,.F.);
#2647=ORIENTED_EDGE('',*,*,#2069,.F.);
#2648=ORIENTED_EDGE('',*,*,#2029,.F.);
#2649=ORIENTED_EDGE('',*,*,#2070,.F.);
#2650=ORIENTED_EDGE('',*,*,#2071,.T.);
#2651=ORIENTED_EDGE('',*,*,#2030,.T.);
#2652=ORIENTED_EDGE('',*,*,#2069,.T.);
#2653=ORIENTED_EDGE('',*,*,#2071,.F.);
#2654=ORIENTED_EDGE('',*,*,#2072,.F.);
#2655=ORIENTED_EDGE('',*,*,#2073,.F.);
#2656=ORIENTED_EDGE('',*,*,#2074,.T.);
#2657=ORIENTED_EDGE('',*,*,#2075,.T.);
#2658=ORIENTED_EDGE('',*,*,#2031,.F.);
#2659=ORIENTED_EDGE('',*,*,#2076,.F.);
#2660=ORIENTED_EDGE('',*,*,#2007,.T.);
#2661=ORIENTED_EDGE('',*,*,#2058,.T.);
#2662=ORIENTED_EDGE('',*,*,#2077,.T.);
#2663=ORIENTED_EDGE('',*,*,#2077,.F.);
#2664=ORIENTED_EDGE('',*,*,#2057,.F.);
#2665=ORIENTED_EDGE('',*,*,#2078,.T.);
#2666=ORIENTED_EDGE('',*,*,#2079,.T.);
#2667=ORIENTED_EDGE('',*,*,#2080,.F.);
#2668=ORIENTED_EDGE('',*,*,#2081,.F.);
#2669=ORIENTED_EDGE('',*,*,#2082,.F.);
#2670=ORIENTED_EDGE('',*,*,#2083,.T.);
#2671=ORIENTED_EDGE('',*,*,#2084,.T.);
#2672=ORIENTED_EDGE('',*,*,#2015,.T.);
#2673=ORIENTED_EDGE('',*,*,#2082,.T.);
#2674=ORIENTED_EDGE('',*,*,#2014,.F.);
#2675=ORIENTED_EDGE('',*,*,#2085,.T.);
#2676=ORIENTED_EDGE('',*,*,#2086,.T.);
#2677=ORIENTED_EDGE('',*,*,#2087,.T.);
#2678=ORIENTED_EDGE('',*,*,#2088,.F.);
#2679=ORIENTED_EDGE('',*,*,#2089,.T.);
#2680=ORIENTED_EDGE('',*,*,#2090,.T.);
#2681=ORIENTED_EDGE('',*,*,#2091,.F.);
#2682=ORIENTED_EDGE('',*,*,#2092,.T.);
#2683=ORIENTED_EDGE('',*,*,#2093,.T.);
#2684=ORIENTED_EDGE('',*,*,#2094,.F.);
#2685=ORIENTED_EDGE('',*,*,#2095,.T.);
#2686=ORIENTED_EDGE('',*,*,#2096,.T.);
#2687=ORIENTED_EDGE('',*,*,#2097,.T.);
#2688=ORIENTED_EDGE('',*,*,#2098,.F.);
#2689=ORIENTED_EDGE('',*,*,#2099,.T.);
#2690=ORIENTED_EDGE('',*,*,#2100,.T.);
#2691=ORIENTED_EDGE('',*,*,#2101,.F.);
#2692=ORIENTED_EDGE('',*,*,#2102,.T.);
#2693=ORIENTED_EDGE('',*,*,#2103,.T.);
#2694=ORIENTED_EDGE('',*,*,#2104,.F.);
#2695=ORIENTED_EDGE('',*,*,#2105,.T.);
#2696=ORIENTED_EDGE('',*,*,#2106,.T.);
#2697=ORIENTED_EDGE('',*,*,#2107,.F.);
#2698=ORIENTED_EDGE('',*,*,#2062,.F.);
#2699=ORIENTED_EDGE('',*,*,#2108,.T.);
#2700=ORIENTED_EDGE('',*,*,#2109,.T.);
#2701=ORIENTED_EDGE('',*,*,#2110,.T.);
#2702=ORIENTED_EDGE('',*,*,#2111,.T.);
#2703=ORIENTED_EDGE('',*,*,#2112,.T.);
#2704=ORIENTED_EDGE('',*,*,#2113,.T.);
#2705=ORIENTED_EDGE('',*,*,#2114,.T.);
#2706=ORIENTED_EDGE('',*,*,#2115,.T.);
#2707=ORIENTED_EDGE('',*,*,#2116,.T.);
#2708=ORIENTED_EDGE('',*,*,#2117,.T.);
#2709=ORIENTED_EDGE('',*,*,#2118,.T.);
#2710=ORIENTED_EDGE('',*,*,#2085,.F.);
#2711=ORIENTED_EDGE('',*,*,#2013,.T.);
#2712=ORIENTED_EDGE('',*,*,#2119,.F.);
#2713=ORIENTED_EDGE('',*,*,#2120,.T.);
#2714=ORIENTED_EDGE('',*,*,#2070,.T.);
#2715=ORIENTED_EDGE('',*,*,#2068,.T.);
#2716=ORIENTED_EDGE('',*,*,#2121,.F.);
#2717=ORIENTED_EDGE('',*,*,#2122,.T.);
#2718=ORIENTED_EDGE('',*,*,#2123,.T.);
#2719=ORIENTED_EDGE('',*,*,#2124,.F.);
#2720=ORIENTED_EDGE('',*,*,#2125,.T.);
#2721=ORIENTED_EDGE('',*,*,#2126,.F.);
#2722=ORIENTED_EDGE('',*,*,#2127,.T.);
#2723=ORIENTED_EDGE('',*,*,#2128,.F.);
#2724=ORIENTED_EDGE('',*,*,#2129,.T.);
#2725=ORIENTED_EDGE('',*,*,#2130,.T.);
#2726=ORIENTED_EDGE('',*,*,#2131,.F.);
#2727=ORIENTED_EDGE('',*,*,#2132,.T.);
#2728=ORIENTED_EDGE('',*,*,#2133,.T.);
#2729=ORIENTED_EDGE('',*,*,#2134,.F.);
#2730=ORIENTED_EDGE('',*,*,#2135,.T.);
#2731=ORIENTED_EDGE('',*,*,#2136,.T.);
#2732=ORIENTED_EDGE('',*,*,#2137,.F.);
#2733=ORIENTED_EDGE('',*,*,#2138,.T.);
#2734=ORIENTED_EDGE('',*,*,#2139,.F.);
#2735=ORIENTED_EDGE('',*,*,#2140,.T.);
#2736=ORIENTED_EDGE('',*,*,#2141,.T.);
#2737=ORIENTED_EDGE('',*,*,#2142,.F.);
#2738=ORIENTED_EDGE('',*,*,#2143,.T.);
#2739=ORIENTED_EDGE('',*,*,#2144,.T.);
#2740=ORIENTED_EDGE('',*,*,#2145,.F.);
#2741=ORIENTED_EDGE('',*,*,#2064,.T.);
#2742=ORIENTED_EDGE('',*,*,#2146,.T.);
#2743=ORIENTED_EDGE('',*,*,#2147,.T.);
#2744=ORIENTED_EDGE('',*,*,#2148,.T.);
#2745=ORIENTED_EDGE('',*,*,#2149,.T.);
#2746=ORIENTED_EDGE('',*,*,#2150,.T.);
#2747=ORIENTED_EDGE('',*,*,#2151,.T.);
#2748=ORIENTED_EDGE('',*,*,#2152,.T.);
#2749=ORIENTED_EDGE('',*,*,#2153,.T.);
#2750=ORIENTED_EDGE('',*,*,#2154,.T.);
#2751=ORIENTED_EDGE('',*,*,#2155,.T.);
#2752=ORIENTED_EDGE('',*,*,#2156,.T.);
#2753=ORIENTED_EDGE('',*,*,#2157,.T.);
#2754=ORIENTED_EDGE('',*,*,#2158,.T.);
#2755=ORIENTED_EDGE('',*,*,#2159,.T.);
#2756=ORIENTED_EDGE('',*,*,#2160,.T.);
#2757=ORIENTED_EDGE('',*,*,#2119,.T.);
#2758=ORIENTED_EDGE('',*,*,#2012,.T.);
#2759=ORIENTED_EDGE('',*,*,#2161,.F.);
#2760=ORIENTED_EDGE('',*,*,#2162,.T.);
#2761=ORIENTED_EDGE('',*,*,#2163,.T.);
#2762=ORIENTED_EDGE('',*,*,#2164,.F.);
#2763=ORIENTED_EDGE('',*,*,#2165,.T.);
#2764=ORIENTED_EDGE('',*,*,#2166,.T.);
#2765=ORIENTED_EDGE('',*,*,#2167,.F.);
#2766=ORIENTED_EDGE('',*,*,#2168,.T.);
#2767=ORIENTED_EDGE('',*,*,#2169,.F.);
#2768=ORIENTED_EDGE('',*,*,#2170,.T.);
#2769=ORIENTED_EDGE('',*,*,#2171,.T.);
#2770=ORIENTED_EDGE('',*,*,#2172,.F.);
#2771=ORIENTED_EDGE('',*,*,#2173,.T.);
#2772=ORIENTED_EDGE('',*,*,#2174,.T.);
#2773=ORIENTED_EDGE('',*,*,#2175,.F.);
#2774=ORIENTED_EDGE('',*,*,#2176,.T.);
#2775=ORIENTED_EDGE('',*,*,#2177,.T.);
#2776=ORIENTED_EDGE('',*,*,#2178,.F.);
#2777=ORIENTED_EDGE('',*,*,#2179,.T.);
#2778=ORIENTED_EDGE('',*,*,#2180,.F.);
#2779=ORIENTED_EDGE('',*,*,#2181,.T.);
#2780=ORIENTED_EDGE('',*,*,#2182,.F.);
#2781=ORIENTED_EDGE('',*,*,#2183,.T.);
#2782=ORIENTED_EDGE('',*,*,#2184,.T.);
#2783=ORIENTED_EDGE('',*,*,#2185,.F.);
#2784=ORIENTED_EDGE('',*,*,#2008,.T.);
#2785=ORIENTED_EDGE('',*,*,#2076,.T.);
#2786=ORIENTED_EDGE('',*,*,#2081,.T.);
#2787=ORIENTED_EDGE('',*,*,#2186,.T.);
#2788=ORIENTED_EDGE('',*,*,#2187,.T.);
#2789=ORIENTED_EDGE('',*,*,#2188,.T.);
#2790=ORIENTED_EDGE('',*,*,#2189,.T.);
#2791=ORIENTED_EDGE('',*,*,#2190,.T.);
#2792=ORIENTED_EDGE('',*,*,#2191,.T.);
#2793=ORIENTED_EDGE('',*,*,#2072,.T.);
#2794=ORIENTED_EDGE('',*,*,#2192,.T.);
#2795=ORIENTED_EDGE('',*,*,#2193,.T.);
#2796=ORIENTED_EDGE('',*,*,#2194,.T.);
#2797=ORIENTED_EDGE('',*,*,#2195,.T.);
#2798=ORIENTED_EDGE('',*,*,#2108,.F.);
#2799=ORIENTED_EDGE('',*,*,#2061,.T.);
#2800=ORIENTED_EDGE('',*,*,#2196,.T.);
#2801=ORIENTED_EDGE('',*,*,#2197,.T.);
#2802=ORIENTED_EDGE('',*,*,#2197,.F.);
#2803=ORIENTED_EDGE('',*,*,#2198,.T.);
#2804=ORIENTED_EDGE('',*,*,#2199,.F.);
#2805=ORIENTED_EDGE('',*,*,#2109,.F.);
#2806=ORIENTED_EDGE('',*,*,#2107,.T.);
#2807=ORIENTED_EDGE('',*,*,#2200,.T.);
#2808=ORIENTED_EDGE('',*,*,#2146,.F.);
#2809=ORIENTED_EDGE('',*,*,#2063,.T.);
#2810=ORIENTED_EDGE('',*,*,#2200,.F.);
#2811=ORIENTED_EDGE('',*,*,#2106,.F.);
#2812=ORIENTED_EDGE('',*,*,#2201,.T.);
#2813=ORIENTED_EDGE('',*,*,#2202,.T.);
#2814=ORIENTED_EDGE('',*,*,#2203,.F.);
#2815=ORIENTED_EDGE('',*,*,#2147,.F.);
#2816=ORIENTED_EDGE('',*,*,#2161,.T.);
#2817=ORIENTED_EDGE('',*,*,#2011,.T.);
#2818=ORIENTED_EDGE('',*,*,#2204,.T.);
#2819=ORIENTED_EDGE('',*,*,#2205,.T.);
#2820=ORIENTED_EDGE('',*,*,#2185,.T.);
#2821=ORIENTED_EDGE('',*,*,#2206,.T.);
#2822=ORIENTED_EDGE('',*,*,#2207,.T.);
#2823=ORIENTED_EDGE('',*,*,#2009,.T.);
#2824=ORIENTED_EDGE('',*,*,#2206,.F.);
#2825=ORIENTED_EDGE('',*,*,#2184,.F.);
#2826=ORIENTED_EDGE('',*,*,#2208,.T.);
#2827=ORIENTED_EDGE('',*,*,#2209,.F.);
#2828=ORIENTED_EDGE('',*,*,#2121,.T.);
#2829=ORIENTED_EDGE('',*,*,#2067,.T.);
#2830=ORIENTED_EDGE('',*,*,#2210,.T.);
#2831=ORIENTED_EDGE('',*,*,#2211,.T.);
#2832=ORIENTED_EDGE('',*,*,#2145,.T.);
#2833=ORIENTED_EDGE('',*,*,#2212,.T.);
#2834=ORIENTED_EDGE('',*,*,#2213,.T.);
#2835=ORIENTED_EDGE('',*,*,#2065,.T.);
#2836=ORIENTED_EDGE('',*,*,#2212,.F.);
#2837=ORIENTED_EDGE('',*,*,#2144,.F.);
#2838=ORIENTED_EDGE('',*,*,#2214,.T.);
#2839=ORIENTED_EDGE('',*,*,#2215,.F.);
#2840=ORIENTED_EDGE('',*,*,#2117,.F.);
#2841=ORIENTED_EDGE('',*,*,#2216,.T.);
#2842=ORIENTED_EDGE('',*,*,#2217,.T.);
#2843=ORIENTED_EDGE('',*,*,#2218,.T.);
#2844=ORIENTED_EDGE('',*,*,#2216,.F.);
#2845=ORIENTED_EDGE('',*,*,#2116,.F.);
#2846=ORIENTED_EDGE('',*,*,#2219,.F.);
#2847=ORIENTED_EDGE('',*,*,#2220,.T.);
#2848=ORIENTED_EDGE('',*,*,#2112,.F.);
#2849=ORIENTED_EDGE('',*,*,#2221,.T.);
#2850=ORIENTED_EDGE('',*,*,#2222,.T.);
#2851=ORIENTED_EDGE('',*,*,#2223,.T.);
#2852=ORIENTED_EDGE('',*,*,#2221,.F.);
#2853=ORIENTED_EDGE('',*,*,#2111,.F.);
#2854=ORIENTED_EDGE('',*,*,#2224,.F.);
#2855=ORIENTED_EDGE('',*,*,#2225,.T.);
#2856=ORIENTED_EDGE('',*,*,#2115,.F.);
#2857=ORIENTED_EDGE('',*,*,#2226,.T.);
#2858=ORIENTED_EDGE('',*,*,#2227,.T.);
#2859=ORIENTED_EDGE('',*,*,#2219,.T.);
#2860=ORIENTED_EDGE('',*,*,#2226,.F.);
#2861=ORIENTED_EDGE('',*,*,#2114,.F.);
#2862=ORIENTED_EDGE('',*,*,#2228,.F.);
#2863=ORIENTED_EDGE('',*,*,#2229,.T.);
#2864=ORIENTED_EDGE('',*,*,#2110,.F.);
#2865=ORIENTED_EDGE('',*,*,#2199,.T.);
#2866=ORIENTED_EDGE('',*,*,#2230,.T.);
#2867=ORIENTED_EDGE('',*,*,#2224,.T.);
#2868=ORIENTED_EDGE('',*,*,#2231,.T.);
#2869=ORIENTED_EDGE('',*,*,#2232,.T.);
#2870=ORIENTED_EDGE('',*,*,#2233,.T.);
#2871=ORIENTED_EDGE('',*,*,#2234,.T.);
#2872=ORIENTED_EDGE('',*,*,#2232,.F.);
#2873=ORIENTED_EDGE('',*,*,#2235,.F.);
#2874=ORIENTED_EDGE('',*,*,#2236,.F.);
#2875=ORIENTED_EDGE('',*,*,#2237,.F.);
#2876=ORIENTED_EDGE('',*,*,#2238,.T.);
#2877=ORIENTED_EDGE('',*,*,#2239,.T.);
#2878=ORIENTED_EDGE('',*,*,#2240,.T.);
#2879=ORIENTED_EDGE('',*,*,#2236,.T.);
#2880=ORIENTED_EDGE('',*,*,#2239,.F.);
#2881=ORIENTED_EDGE('',*,*,#2241,.F.);
#2882=ORIENTED_EDGE('',*,*,#2242,.F.);
#2883=ORIENTED_EDGE('',*,*,#2243,.F.);
#2884=ORIENTED_EDGE('',*,*,#2244,.T.);
#2885=ORIENTED_EDGE('',*,*,#2026,.T.);
#2886=ORIENTED_EDGE('',*,*,#2245,.T.);
#2887=ORIENTED_EDGE('',*,*,#2246,.T.);
#2888=ORIENTED_EDGE('',*,*,#2247,.T.);
#2889=ORIENTED_EDGE('',*,*,#2242,.T.);
#2890=ORIENTED_EDGE('',*,*,#2248,.T.);
#2891=ORIENTED_EDGE('',*,*,#2024,.T.);
#2892=ORIENTED_EDGE('',*,*,#2124,.T.);
#2893=ORIENTED_EDGE('',*,*,#2249,.T.);
#2894=ORIENTED_EDGE('',*,*,#2250,.T.);
#2895=ORIENTED_EDGE('',*,*,#2251,.T.);
#2896=ORIENTED_EDGE('',*,*,#2249,.F.);
#2897=ORIENTED_EDGE('',*,*,#2123,.F.);
#2898=ORIENTED_EDGE('',*,*,#2252,.T.);
#2899=ORIENTED_EDGE('',*,*,#2253,.F.);
#2900=ORIENTED_EDGE('',*,*,#2126,.T.);
#2901=ORIENTED_EDGE('',*,*,#2254,.T.);
#2902=ORIENTED_EDGE('',*,*,#2255,.T.);
#2903=ORIENTED_EDGE('',*,*,#2256,.T.);
#2904=ORIENTED_EDGE('',*,*,#2251,.F.);
#2905=ORIENTED_EDGE('',*,*,#2257,.F.);
#2906=ORIENTED_EDGE('',*,*,#2254,.F.);
#2907=ORIENTED_EDGE('',*,*,#2125,.F.);
#2908=ORIENTED_EDGE('',*,*,#2142,.T.);
#2909=ORIENTED_EDGE('',*,*,#2258,.T.);
#2910=ORIENTED_EDGE('',*,*,#2259,.T.);
#2911=ORIENTED_EDGE('',*,*,#2260,.T.);
#2912=ORIENTED_EDGE('',*,*,#2258,.F.);
#2913=ORIENTED_EDGE('',*,*,#2141,.F.);
#2914=ORIENTED_EDGE('',*,*,#2261,.T.);
#2915=ORIENTED_EDGE('',*,*,#2262,.F.);
#2916=ORIENTED_EDGE('',*,*,#2139,.T.);
#2917=ORIENTED_EDGE('',*,*,#2263,.T.);
#2918=ORIENTED_EDGE('',*,*,#2264,.T.);
#2919=ORIENTED_EDGE('',*,*,#2265,.T.);
#2920=ORIENTED_EDGE('',*,*,#2263,.F.);
#2921=ORIENTED_EDGE('',*,*,#2138,.F.);
#2922=ORIENTED_EDGE('',*,*,#2266,.F.);
#2923=ORIENTED_EDGE('',*,*,#2267,.F.);
#2924=ORIENTED_EDGE('',*,*,#2137,.T.);
#2925=ORIENTED_EDGE('',*,*,#2268,.T.);
#2926=ORIENTED_EDGE('',*,*,#2269,.T.);
#2927=ORIENTED_EDGE('',*,*,#2266,.T.);
#2928=ORIENTED_EDGE('',*,*,#2268,.F.);
#2929=ORIENTED_EDGE('',*,*,#2136,.F.);
#2930=ORIENTED_EDGE('',*,*,#2270,.T.);
#2931=ORIENTED_EDGE('',*,*,#2271,.F.);
#2932=ORIENTED_EDGE('',*,*,#2134,.T.);
#2933=ORIENTED_EDGE('',*,*,#2272,.T.);
#2934=ORIENTED_EDGE('',*,*,#2273,.T.);
#2935=ORIENTED_EDGE('',*,*,#2274,.T.);
#2936=ORIENTED_EDGE('',*,*,#2272,.F.);
#2937=ORIENTED_EDGE('',*,*,#2133,.F.);
#2938=ORIENTED_EDGE('',*,*,#2275,.T.);
#2939=ORIENTED_EDGE('',*,*,#2276,.F.);
#2940=ORIENTED_EDGE('',*,*,#2131,.T.);
#2941=ORIENTED_EDGE('',*,*,#2277,.T.);
#2942=ORIENTED_EDGE('',*,*,#2278,.T.);
#2943=ORIENTED_EDGE('',*,*,#2279,.T.);
#2944=ORIENTED_EDGE('',*,*,#2277,.F.);
#2945=ORIENTED_EDGE('',*,*,#2130,.F.);
#2946=ORIENTED_EDGE('',*,*,#2280,.T.);
#2947=ORIENTED_EDGE('',*,*,#2281,.F.);
#2948=ORIENTED_EDGE('',*,*,#2128,.T.);
#2949=ORIENTED_EDGE('',*,*,#2282,.T.);
#2950=ORIENTED_EDGE('',*,*,#2283,.T.);
#2951=ORIENTED_EDGE('',*,*,#2284,.T.);
#2952=ORIENTED_EDGE('',*,*,#2256,.F.);
#2953=ORIENTED_EDGE('',*,*,#2285,.F.);
#2954=ORIENTED_EDGE('',*,*,#2282,.F.);
#2955=ORIENTED_EDGE('',*,*,#2127,.F.);
#2956=ORIENTED_EDGE('',*,*,#2164,.T.);
#2957=ORIENTED_EDGE('',*,*,#2286,.T.);
#2958=ORIENTED_EDGE('',*,*,#2287,.T.);
#2959=ORIENTED_EDGE('',*,*,#2288,.T.);
#2960=ORIENTED_EDGE('',*,*,#2286,.F.);
#2961=ORIENTED_EDGE('',*,*,#2163,.F.);
#2962=ORIENTED_EDGE('',*,*,#2289,.T.);
#2963=ORIENTED_EDGE('',*,*,#2290,.F.);
#2964=ORIENTED_EDGE('',*,*,#2167,.T.);
#2965=ORIENTED_EDGE('',*,*,#2291,.T.);
#2966=ORIENTED_EDGE('',*,*,#2292,.T.);
#2967=ORIENTED_EDGE('',*,*,#2293,.T.);
#2968=ORIENTED_EDGE('',*,*,#2291,.F.);
#2969=ORIENTED_EDGE('',*,*,#2166,.F.);
#2970=ORIENTED_EDGE('',*,*,#2294,.T.);
#2971=ORIENTED_EDGE('',*,*,#2295,.F.);
#2972=ORIENTED_EDGE('',*,*,#2169,.T.);
#2973=ORIENTED_EDGE('',*,*,#2296,.T.);
#2974=ORIENTED_EDGE('',*,*,#2297,.T.);
#2975=ORIENTED_EDGE('',*,*,#2298,.T.);
#2976=ORIENTED_EDGE('',*,*,#2293,.F.);
#2977=ORIENTED_EDGE('',*,*,#2299,.F.);
#2978=ORIENTED_EDGE('',*,*,#2296,.F.);
#2979=ORIENTED_EDGE('',*,*,#2168,.F.);
#2980=ORIENTED_EDGE('',*,*,#2172,.T.);
#2981=ORIENTED_EDGE('',*,*,#2300,.T.);
#2982=ORIENTED_EDGE('',*,*,#2301,.T.);
#2983=ORIENTED_EDGE('',*,*,#2302,.T.);
#2984=ORIENTED_EDGE('',*,*,#2300,.F.);
#2985=ORIENTED_EDGE('',*,*,#2171,.F.);
#2986=ORIENTED_EDGE('',*,*,#2303,.T.);
#2987=ORIENTED_EDGE('',*,*,#2304,.F.);
#2988=ORIENTED_EDGE('',*,*,#2175,.T.);
#2989=ORIENTED_EDGE('',*,*,#2305,.T.);
#2990=ORIENTED_EDGE('',*,*,#2306,.T.);
#2991=ORIENTED_EDGE('',*,*,#2307,.T.);
#2992=ORIENTED_EDGE('',*,*,#2305,.F.);
#2993=ORIENTED_EDGE('',*,*,#2174,.F.);
#2994=ORIENTED_EDGE('',*,*,#2308,.T.);
#2995=ORIENTED_EDGE('',*,*,#2309,.F.);
#2996=ORIENTED_EDGE('',*,*,#2178,.T.);
#2997=ORIENTED_EDGE('',*,*,#2310,.T.);
#2998=ORIENTED_EDGE('',*,*,#2311,.T.);
#2999=ORIENTED_EDGE('',*,*,#2312,.T.);
#3000=ORIENTED_EDGE('',*,*,#2310,.F.);
#3001=ORIENTED_EDGE('',*,*,#2177,.F.);
#3002=ORIENTED_EDGE('',*,*,#2313,.T.);
#3003=ORIENTED_EDGE('',*,*,#2314,.F.);
#3004=ORIENTED_EDGE('',*,*,#2180,.T.);
#3005=ORIENTED_EDGE('',*,*,#2315,.T.);
#3006=ORIENTED_EDGE('',*,*,#2316,.T.);
#3007=ORIENTED_EDGE('',*,*,#2317,.T.);
#3008=ORIENTED_EDGE('',*,*,#2312,.F.);
#3009=ORIENTED_EDGE('',*,*,#2318,.F.);
#3010=ORIENTED_EDGE('',*,*,#2315,.F.);
#3011=ORIENTED_EDGE('',*,*,#2179,.F.);
#3012=ORIENTED_EDGE('',*,*,#2182,.T.);
#3013=ORIENTED_EDGE('',*,*,#2319,.T.);
#3014=ORIENTED_EDGE('',*,*,#2320,.T.);
#3015=ORIENTED_EDGE('',*,*,#2321,.T.);
#3016=ORIENTED_EDGE('',*,*,#2317,.F.);
#3017=ORIENTED_EDGE('',*,*,#2322,.F.);
#3018=ORIENTED_EDGE('',*,*,#2319,.F.);
#3019=ORIENTED_EDGE('',*,*,#2181,.F.);
#3020=ORIENTED_EDGE('',*,*,#2323,.F.);
#3021=ORIENTED_EDGE('',*,*,#2324,.T.);
#3022=ORIENTED_EDGE('',*,*,#2055,.F.);
#3023=ORIENTED_EDGE('',*,*,#2325,.T.);
#3024=ORIENTED_EDGE('',*,*,#2186,.F.);
#3025=ORIENTED_EDGE('',*,*,#2080,.T.);
#3026=ORIENTED_EDGE('',*,*,#2326,.F.);
#3027=ORIENTED_EDGE('',*,*,#2327,.T.);
#3028=ORIENTED_EDGE('',*,*,#2047,.T.);
#3029=ORIENTED_EDGE('',*,*,#2328,.T.);
#3030=ORIENTED_EDGE('',*,*,#2328,.F.);
#3031=ORIENTED_EDGE('',*,*,#2046,.F.);
#3032=ORIENTED_EDGE('',*,*,#2329,.F.);
#3033=ORIENTED_EDGE('',*,*,#2330,.T.);
#3034=ORIENTED_EDGE('',*,*,#2331,.F.);
#3035=ORIENTED_EDGE('',*,*,#2332,.T.);
#3036=ORIENTED_EDGE('',*,*,#2049,.T.);
#3037=ORIENTED_EDGE('',*,*,#2333,.T.);
#3038=ORIENTED_EDGE('',*,*,#2327,.F.);
#3039=ORIENTED_EDGE('',*,*,#2334,.T.);
#3040=ORIENTED_EDGE('',*,*,#2333,.F.);
#3041=ORIENTED_EDGE('',*,*,#2048,.F.);
#3042=ORIENTED_EDGE('',*,*,#2335,.F.);
#3043=ORIENTED_EDGE('',*,*,#2336,.T.);
#3044=ORIENTED_EDGE('',*,*,#2052,.T.);
#3045=ORIENTED_EDGE('',*,*,#2337,.T.);
#3046=ORIENTED_EDGE('',*,*,#2335,.T.);
#3047=ORIENTED_EDGE('',*,*,#2338,.F.);
#3048=ORIENTED_EDGE('',*,*,#2339,.F.);
#3049=ORIENTED_EDGE('',*,*,#2340,.F.);
#3050=ORIENTED_EDGE('',*,*,#2341,.F.);
#3051=ORIENTED_EDGE('',*,*,#2337,.F.);
#3052=ORIENTED_EDGE('',*,*,#2051,.F.);
#3053=ORIENTED_EDGE('',*,*,#2342,.F.);
#3054=ORIENTED_EDGE('',*,*,#2338,.T.);
#3055=ORIENTED_EDGE('',*,*,#2343,.F.);
#3056=ORIENTED_EDGE('',*,*,#2344,.T.);
#3057=ORIENTED_EDGE('',*,*,#2088,.T.);
#3058=ORIENTED_EDGE('',*,*,#2345,.T.);
#3059=ORIENTED_EDGE('',*,*,#2345,.F.);
#3060=ORIENTED_EDGE('',*,*,#2087,.F.);
#3061=ORIENTED_EDGE('',*,*,#2346,.F.);
#3062=ORIENTED_EDGE('',*,*,#2347,.T.);
#3063=ORIENTED_EDGE('',*,*,#2158,.F.);
#3064=ORIENTED_EDGE('',*,*,#2348,.T.);
#3065=ORIENTED_EDGE('',*,*,#2091,.T.);
#3066=ORIENTED_EDGE('',*,*,#2349,.T.);
#3067=ORIENTED_EDGE('',*,*,#2348,.F.);
#3068=ORIENTED_EDGE('',*,*,#2157,.F.);
#3069=ORIENTED_EDGE('',*,*,#2350,.T.);
#3070=ORIENTED_EDGE('',*,*,#2092,.F.);
#3071=ORIENTED_EDGE('',*,*,#2155,.F.);
#3072=ORIENTED_EDGE('',*,*,#2351,.T.);
#3073=ORIENTED_EDGE('',*,*,#2094,.T.);
#3074=ORIENTED_EDGE('',*,*,#2352,.T.);
#3075=ORIENTED_EDGE('',*,*,#2351,.F.);
#3076=ORIENTED_EDGE('',*,*,#2154,.F.);
#3077=ORIENTED_EDGE('',*,*,#2353,.T.);
#3078=ORIENTED_EDGE('',*,*,#2354,.T.);
#3079=ORIENTED_EDGE('',*,*,#2355,.T.);
#3080=ORIENTED_EDGE('',*,*,#2095,.F.);
#3081=ORIENTED_EDGE('',*,*,#2152,.F.);
#3082=ORIENTED_EDGE('',*,*,#2356,.T.);
#3083=ORIENTED_EDGE('',*,*,#2098,.T.);
#3084=ORIENTED_EDGE('',*,*,#2357,.T.);
#3085=ORIENTED_EDGE('',*,*,#2356,.F.);
#3086=ORIENTED_EDGE('',*,*,#2151,.F.);
#3087=ORIENTED_EDGE('',*,*,#2358,.T.);
#3088=ORIENTED_EDGE('',*,*,#2099,.F.);
#3089=ORIENTED_EDGE('',*,*,#2359,.F.);
#3090=ORIENTED_EDGE('',*,*,#2360,.T.);
#3091=ORIENTED_EDGE('',*,*,#2104,.T.);
#3092=ORIENTED_EDGE('',*,*,#2361,.T.);
#3093=ORIENTED_EDGE('',*,*,#2361,.F.);
#3094=ORIENTED_EDGE('',*,*,#2103,.F.);
#3095=ORIENTED_EDGE('',*,*,#2362,.F.);
#3096=ORIENTED_EDGE('',*,*,#2363,.T.);
#3097=ORIENTED_EDGE('',*,*,#2149,.F.);
#3098=ORIENTED_EDGE('',*,*,#2364,.T.);
#3099=ORIENTED_EDGE('',*,*,#2101,.T.);
#3100=ORIENTED_EDGE('',*,*,#2365,.T.);
#3101=ORIENTED_EDGE('',*,*,#2364,.F.);
#3102=ORIENTED_EDGE('',*,*,#2148,.F.);
#3103=ORIENTED_EDGE('',*,*,#2203,.T.);
#3104=ORIENTED_EDGE('',*,*,#2366,.T.);
#3105=ORIENTED_EDGE('',*,*,#2362,.T.);
#3106=ORIENTED_EDGE('',*,*,#2102,.F.);
#3107=ORIENTED_EDGE('',*,*,#2367,.T.);
#3108=ORIENTED_EDGE('',*,*,#2073,.T.);
#3109=ORIENTED_EDGE('',*,*,#2191,.F.);
#3110=ORIENTED_EDGE('',*,*,#2368,.T.);
#3111=ORIENTED_EDGE('',*,*,#2034,.T.);
#3112=ORIENTED_EDGE('',*,*,#2369,.F.);
#3113=ORIENTED_EDGE('',*,*,#2370,.F.);
#3114=ORIENTED_EDGE('',*,*,#2371,.T.);
#3115=ORIENTED_EDGE('',*,*,#2037,.T.);
#3116=ORIENTED_EDGE('',*,*,#2372,.T.);
#3117=ORIENTED_EDGE('',*,*,#2372,.F.);
#3118=ORIENTED_EDGE('',*,*,#2036,.F.);
#3119=ORIENTED_EDGE('',*,*,#2373,.F.);
#3120=ORIENTED_EDGE('',*,*,#2374,.T.);
#3121=ORIENTED_EDGE('',*,*,#2375,.F.);
#3122=ORIENTED_EDGE('',*,*,#2376,.T.);
#3123=ORIENTED_EDGE('',*,*,#2040,.T.);
#3124=ORIENTED_EDGE('',*,*,#2377,.T.);
#3125=ORIENTED_EDGE('',*,*,#2377,.F.);
#3126=ORIENTED_EDGE('',*,*,#2039,.F.);
#3127=ORIENTED_EDGE('',*,*,#2378,.T.);
#3128=ORIENTED_EDGE('',*,*,#2379,.T.);
#3129=ORIENTED_EDGE('',*,*,#2380,.F.);
#3130=ORIENTED_EDGE('',*,*,#2381,.T.);
#3131=ORIENTED_EDGE('',*,*,#2382,.F.);
#3132=ORIENTED_EDGE('',*,*,#2383,.T.);
#3133=ORIENTED_EDGE('',*,*,#2042,.T.);
#3134=ORIENTED_EDGE('',*,*,#2384,.T.);
#3135=ORIENTED_EDGE('',*,*,#2376,.F.);
#3136=ORIENTED_EDGE('',*,*,#2385,.T.);
#3137=ORIENTED_EDGE('',*,*,#2384,.F.);
#3138=ORIENTED_EDGE('',*,*,#2041,.F.);
#3139=ORIENTED_EDGE('',*,*,#2386,.F.);
#3140=ORIENTED_EDGE('',*,*,#2387,.F.);
#3141=ORIENTED_EDGE('',*,*,#2388,.F.);
#3142=ORIENTED_EDGE('',*,*,#2389,.F.);
#3143=ORIENTED_EDGE('',*,*,#2390,.F.);
#3144=ORIENTED_EDGE('',*,*,#2391,.F.);
#3145=ORIENTED_EDGE('',*,*,#2392,.F.);
#3146=ORIENTED_EDGE('',*,*,#2393,.F.);
#3147=ORIENTED_EDGE('',*,*,#2394,.F.);
#3148=ORIENTED_EDGE('',*,*,#2393,.T.);
#3149=ORIENTED_EDGE('',*,*,#2395,.T.);
#3150=ORIENTED_EDGE('',*,*,#2388,.T.);
#3151=ORIENTED_EDGE('',*,*,#2396,.T.);
#3152=ORIENTED_EDGE('',*,*,#2397,.F.);
#3153=ORIENTED_EDGE('',*,*,#2398,.F.);
#3154=ORIENTED_EDGE('',*,*,#2399,.F.);
#3155=ORIENTED_EDGE('',*,*,#2398,.T.);
#3156=ORIENTED_EDGE('',*,*,#2400,.T.);
#3157=ORIENTED_EDGE('',*,*,#2386,.T.);
#3158=ORIENTED_EDGE('',*,*,#2401,.T.);
#3159=ORIENTED_EDGE('',*,*,#2402,.T.);
#3160=ORIENTED_EDGE('',*,*,#2403,.T.);
#3161=ORIENTED_EDGE('',*,*,#2390,.T.);
#3162=ORIENTED_EDGE('',*,*,#2404,.T.);
#3163=ORIENTED_EDGE('',*,*,#2405,.F.);
#3164=ORIENTED_EDGE('',*,*,#2406,.F.);
#3165=ORIENTED_EDGE('',*,*,#2407,.F.);
#3166=ORIENTED_EDGE('',*,*,#2406,.T.);
#3167=ORIENTED_EDGE('',*,*,#2408,.T.);
#3168=ORIENTED_EDGE('',*,*,#2389,.T.);
#3169=ORIENTED_EDGE('',*,*,#2409,.T.);
#3170=ORIENTED_EDGE('',*,*,#2397,.T.);
#3171=ORIENTED_EDGE('',*,*,#2410,.T.);
#3172=ORIENTED_EDGE('',*,*,#2407,.T.);
#3173=ORIENTED_EDGE('',*,*,#2411,.T.);
#3174=ORIENTED_EDGE('',*,*,#2412,.F.);
#3175=ORIENTED_EDGE('',*,*,#2413,.F.);
#3176=ORIENTED_EDGE('',*,*,#2414,.F.);
#3177=ORIENTED_EDGE('',*,*,#2415,.F.);
#3178=ORIENTED_EDGE('',*,*,#2416,.F.);
#3179=ORIENTED_EDGE('',*,*,#2417,.F.);
#3180=ORIENTED_EDGE('',*,*,#2416,.T.);
#3181=ORIENTED_EDGE('',*,*,#2418,.T.);
#3182=ORIENTED_EDGE('',*,*,#2392,.T.);
#3183=ORIENTED_EDGE('',*,*,#2419,.T.);
#3184=ORIENTED_EDGE('',*,*,#2420,.F.);
#3185=ORIENTED_EDGE('',*,*,#2421,.F.);
#3186=ORIENTED_EDGE('',*,*,#2422,.F.);
#3187=ORIENTED_EDGE('',*,*,#2423,.F.);
#3188=ORIENTED_EDGE('',*,*,#2424,.F.);
#3189=ORIENTED_EDGE('',*,*,#2425,.F.);
#3190=ORIENTED_EDGE('',*,*,#2424,.T.);
#3191=ORIENTED_EDGE('',*,*,#2426,.T.);
#3192=ORIENTED_EDGE('',*,*,#2413,.T.);
#3193=ORIENTED_EDGE('',*,*,#2427,.T.);
#3194=ORIENTED_EDGE('',*,*,#2428,.T.);
#3195=ORIENTED_EDGE('',*,*,#2425,.T.);
#3196=ORIENTED_EDGE('',*,*,#2429,.T.);
#3197=ORIENTED_EDGE('',*,*,#2430,.T.);
#3198=ORIENTED_EDGE('',*,*,#2431,.F.);
#3199=ORIENTED_EDGE('',*,*,#2432,.F.);
#3200=ORIENTED_EDGE('',*,*,#2433,.F.);
#3201=ORIENTED_EDGE('',*,*,#2432,.T.);
#3202=ORIENTED_EDGE('',*,*,#2434,.T.);
#3203=ORIENTED_EDGE('',*,*,#2414,.T.);
#3204=ORIENTED_EDGE('',*,*,#2435,.T.);
#3205=ORIENTED_EDGE('',*,*,#2436,.F.);
#3206=ORIENTED_EDGE('',*,*,#2437,.F.);
#3207=ORIENTED_EDGE('',*,*,#2438,.F.);
#3208=ORIENTED_EDGE('',*,*,#2439,.F.);
#3209=ORIENTED_EDGE('',*,*,#2440,.F.);
#3210=ORIENTED_EDGE('',*,*,#2441,.F.);
#3211=ORIENTED_EDGE('',*,*,#2440,.T.);
#3212=ORIENTED_EDGE('',*,*,#2442,.T.);
#3213=ORIENTED_EDGE('',*,*,#2420,.T.);
#3214=ORIENTED_EDGE('',*,*,#2443,.T.);
#3215=ORIENTED_EDGE('',*,*,#2444,.T.);
#3216=ORIENTED_EDGE('',*,*,#2445,.T.);
#3217=ORIENTED_EDGE('',*,*,#2441,.T.);
#3218=ORIENTED_EDGE('',*,*,#2446,.T.);
#3219=ORIENTED_EDGE('',*,*,#2447,.F.);
#3220=ORIENTED_EDGE('',*,*,#2448,.F.);
#3221=ORIENTED_EDGE('',*,*,#2449,.F.);
#3222=ORIENTED_EDGE('',*,*,#2450,.T.);
#3223=ORIENTED_EDGE('',*,*,#2448,.T.);
#3224=ORIENTED_EDGE('',*,*,#2451,.T.);
#3225=ORIENTED_EDGE('',*,*,#2430,.F.);
#3226=ORIENTED_EDGE('',*,*,#2437,.T.);
#3227=ORIENTED_EDGE('',*,*,#2452,.T.);
#3228=ORIENTED_EDGE('',*,*,#2449,.T.);
#3229=ORIENTED_EDGE('',*,*,#2453,.T.);
#3230=ORIENTED_EDGE('',*,*,#2454,.F.);
#3231=ORIENTED_EDGE('',*,*,#2455,.F.);
#3232=ORIENTED_EDGE('',*,*,#2456,.F.);
#3233=ORIENTED_EDGE('',*,*,#2423,.T.);
#3234=ORIENTED_EDGE('',*,*,#2457,.T.);
#3235=ORIENTED_EDGE('',*,*,#2455,.T.);
#3236=ORIENTED_EDGE('',*,*,#2458,.T.);
#3237=ORIENTED_EDGE('',*,*,#2459,.F.);
#3238=ORIENTED_EDGE('',*,*,#2460,.F.);
#3239=ORIENTED_EDGE('',*,*,#2461,.F.);
#3240=ORIENTED_EDGE('',*,*,#2460,.T.);
#3241=ORIENTED_EDGE('',*,*,#2462,.T.);
#3242=ORIENTED_EDGE('',*,*,#2436,.T.);
#3243=ORIENTED_EDGE('',*,*,#2463,.T.);
#3244=ORIENTED_EDGE('',*,*,#2439,.T.);
#3245=ORIENTED_EDGE('',*,*,#2464,.T.);
#3246=ORIENTED_EDGE('',*,*,#2461,.T.);
#3247=ORIENTED_EDGE('',*,*,#2465,.T.);
#3248=ORIENTED_EDGE('',*,*,#2466,.F.);
#3249=ORIENTED_EDGE('',*,*,#2467,.F.);
#3250=ORIENTED_EDGE('',*,*,#2468,.F.);
#3251=ORIENTED_EDGE('',*,*,#2467,.T.);
#3252=ORIENTED_EDGE('',*,*,#2469,.T.);
#3253=ORIENTED_EDGE('',*,*,#2447,.T.);
#3254=ORIENTED_EDGE('',*,*,#2470,.T.);
#3255=ORIENTED_EDGE('',*,*,#2459,.T.);
#3256=ORIENTED_EDGE('',*,*,#2471,.T.);
#3257=ORIENTED_EDGE('',*,*,#2468,.T.);
#3258=ORIENTED_EDGE('',*,*,#2472,.T.);
#3259=ORIENTED_EDGE('',*,*,#2466,.T.);
#3260=ORIENTED_EDGE('',*,*,#2473,.T.);
#3261=ORIENTED_EDGE('',*,*,#2456,.T.);
#3262=ORIENTED_EDGE('',*,*,#2474,.T.);
#3263=ORIENTED_EDGE('',*,*,#2454,.T.);
#3264=ORIENTED_EDGE('',*,*,#2475,.T.);
#3265=ORIENTED_EDGE('',*,*,#2433,.T.);
#3266=ORIENTED_EDGE('',*,*,#2476,.T.);
#3267=ORIENTED_EDGE('',*,*,#2421,.T.);
#3268=ORIENTED_EDGE('',*,*,#2477,.T.);
#3269=ORIENTED_EDGE('',*,*,#2438,.T.);
#3270=ORIENTED_EDGE('',*,*,#2478,.T.);
#3271=ORIENTED_EDGE('',*,*,#2431,.T.);
#3272=ORIENTED_EDGE('',*,*,#2479,.T.);
#3273=ORIENTED_EDGE('',*,*,#2417,.T.);
#3274=ORIENTED_EDGE('',*,*,#2480,.T.);
#3275=ORIENTED_EDGE('',*,*,#2444,.F.);
#3276=ORIENTED_EDGE('',*,*,#2481,.T.);
#3277=ORIENTED_EDGE('',*,*,#2405,.T.);
#3278=ORIENTED_EDGE('',*,*,#2482,.T.);
#3279=ORIENTED_EDGE('',*,*,#2402,.F.);
#3280=ORIENTED_EDGE('',*,*,#2483,.T.);
#3281=ORIENTED_EDGE('',*,*,#2422,.T.);
#3282=ORIENTED_EDGE('',*,*,#2484,.T.);
#3283=ORIENTED_EDGE('',*,*,#2415,.T.);
#3284=ORIENTED_EDGE('',*,*,#2485,.T.);
#3285=ORIENTED_EDGE('',*,*,#2399,.T.);
#3286=ORIENTED_EDGE('',*,*,#2486,.T.);
#3287=ORIENTED_EDGE('',*,*,#2487,.T.);
#3288=ORIENTED_EDGE('',*,*,#2412,.T.);
#3289=ORIENTED_EDGE('',*,*,#2488,.T.);
#3290=ORIENTED_EDGE('',*,*,#2489,.T.);
#3291=ORIENTED_EDGE('',*,*,#2490,.T.);
#3292=ORIENTED_EDGE('',*,*,#2394,.T.);
#3293=ORIENTED_EDGE('',*,*,#2491,.T.);
#3294=ORIENTED_EDGE('',*,*,#2489,.F.);
#3295=ORIENTED_EDGE('',*,*,#2387,.T.);
#3296=ORIENTED_EDGE('',*,*,#2492,.T.);
#3297=ORIENTED_EDGE('',*,*,#2391,.T.);
#3298=ORIENTED_EDGE('',*,*,#2493,.T.);
#3299=ORIENTED_EDGE('',*,*,#2429,.F.);
#3300=ORIENTED_EDGE('',*,*,#2427,.F.);
#3301=ORIENTED_EDGE('',*,*,#2487,.F.);
#3302=ORIENTED_EDGE('',*,*,#2494,.F.);
#3303=ORIENTED_EDGE('',*,*,#2059,.F.);
#3304=ORIENTED_EDGE('',*,*,#2020,.F.);
#3305=ORIENTED_EDGE('',*,*,#2495,.F.);
#3306=ORIENTED_EDGE('',*,*,#2496,.F.);
#3307=ORIENTED_EDGE('',*,*,#2497,.F.);
#3308=ORIENTED_EDGE('',*,*,#2003,.F.);
#3309=ORIENTED_EDGE('',*,*,#2017,.F.);
#3310=ORIENTED_EDGE('',*,*,#2498,.F.);
#3311=ORIENTED_EDGE('',*,*,#2446,.F.);
#3312=ORIENTED_EDGE('',*,*,#2443,.F.);
#3313=ORIENTED_EDGE('',*,*,#2483,.F.);
#3314=ORIENTED_EDGE('',*,*,#2499,.T.);
#3315=ORIENTED_EDGE('',*,*,#2395,.F.);
#3316=ORIENTED_EDGE('',*,*,#2418,.F.);
#3317=ORIENTED_EDGE('',*,*,#2486,.F.);
#3318=ORIENTED_EDGE('',*,*,#2401,.F.);
#3319=ORIENTED_EDGE('',*,*,#2409,.F.);
#3320=ORIENTED_EDGE('',*,*,#2492,.F.);
#3321=ORIENTED_EDGE('',*,*,#2400,.F.);
#3322=ORIENTED_EDGE('',*,*,#2411,.F.);
#3323=ORIENTED_EDGE('',*,*,#2426,.F.);
#3324=ORIENTED_EDGE('',*,*,#2458,.F.);
#3325=ORIENTED_EDGE('',*,*,#2476,.F.);
#3326=ORIENTED_EDGE('',*,*,#2435,.F.);
#3327=ORIENTED_EDGE('',*,*,#2025,.T.);
#3328=ORIENTED_EDGE('',*,*,#2248,.F.);
#3329=ORIENTED_EDGE('',*,*,#2241,.T.);
#3330=ORIENTED_EDGE('',*,*,#2238,.F.);
#3331=ORIENTED_EDGE('',*,*,#2235,.T.);
#3332=ORIENTED_EDGE('',*,*,#2231,.F.);
#3333=ORIENTED_EDGE('',*,*,#2500,.T.);
#3334=ORIENTED_EDGE('',*,*,#2245,.F.);
#3335=ORIENTED_EDGE('',*,*,#2428,.F.);
#3336=ORIENTED_EDGE('',*,*,#2451,.F.);
#3337=ORIENTED_EDGE('',*,*,#2469,.F.);
#3338=ORIENTED_EDGE('',*,*,#2474,.F.);
#3339=ORIENTED_EDGE('',*,*,#2457,.F.);
#3340=ORIENTED_EDGE('',*,*,#2434,.F.);
#3341=ORIENTED_EDGE('',*,*,#2480,.F.);
#3342=ORIENTED_EDGE('',*,*,#2419,.F.);
#3343=ORIENTED_EDGE('',*,*,#2490,.F.);
#3344=ORIENTED_EDGE('',*,*,#2488,.F.);
#3345=ORIENTED_EDGE('',*,*,#2445,.F.);
#3346=ORIENTED_EDGE('',*,*,#2482,.F.);
#3347=ORIENTED_EDGE('',*,*,#2410,.F.);
#3348=ORIENTED_EDGE('',*,*,#2485,.F.);
#3349=ORIENTED_EDGE('',*,*,#2479,.F.);
#3350=ORIENTED_EDGE('',*,*,#2475,.F.);
#3351=ORIENTED_EDGE('',*,*,#2473,.F.);
#3352=ORIENTED_EDGE('',*,*,#2471,.F.);
#3353=ORIENTED_EDGE('',*,*,#2464,.F.);
#3354=ORIENTED_EDGE('',*,*,#2253,.T.);
#3355=ORIENTED_EDGE('',*,*,#2501,.T.);
#3356=ORIENTED_EDGE('',*,*,#2210,.F.);
#3357=ORIENTED_EDGE('',*,*,#2066,.T.);
#3358=ORIENTED_EDGE('',*,*,#2213,.F.);
#3359=ORIENTED_EDGE('',*,*,#2215,.T.);
#3360=ORIENTED_EDGE('',*,*,#2502,.T.);
#3361=ORIENTED_EDGE('',*,*,#2259,.F.);
#3362=ORIENTED_EDGE('',*,*,#2262,.T.);
#3363=ORIENTED_EDGE('',*,*,#2503,.T.);
#3364=ORIENTED_EDGE('',*,*,#2264,.F.);
#3365=ORIENTED_EDGE('',*,*,#2267,.T.);
#3366=ORIENTED_EDGE('',*,*,#2269,.F.);
#3367=ORIENTED_EDGE('',*,*,#2271,.T.);
#3368=ORIENTED_EDGE('',*,*,#2504,.T.);
#3369=ORIENTED_EDGE('',*,*,#2273,.F.);
#3370=ORIENTED_EDGE('',*,*,#2276,.T.);
#3371=ORIENTED_EDGE('',*,*,#2505,.T.);
#3372=ORIENTED_EDGE('',*,*,#2278,.F.);
#3373=ORIENTED_EDGE('',*,*,#2281,.T.);
#3374=ORIENTED_EDGE('',*,*,#2506,.T.);
#3375=ORIENTED_EDGE('',*,*,#2283,.F.);
#3376=ORIENTED_EDGE('',*,*,#2285,.T.);
#3377=ORIENTED_EDGE('',*,*,#2255,.F.);
#3378=ORIENTED_EDGE('',*,*,#2257,.T.);
#3379=ORIENTED_EDGE('',*,*,#2250,.F.);
#3380=ORIENTED_EDGE('',*,*,#2304,.T.);
#3381=ORIENTED_EDGE('',*,*,#2507,.T.);
#3382=ORIENTED_EDGE('',*,*,#2297,.F.);
#3383=ORIENTED_EDGE('',*,*,#2299,.T.);
#3384=ORIENTED_EDGE('',*,*,#2292,.F.);
#3385=ORIENTED_EDGE('',*,*,#2295,.T.);
#3386=ORIENTED_EDGE('',*,*,#2508,.T.);
#3387=ORIENTED_EDGE('',*,*,#2287,.F.);
#3388=ORIENTED_EDGE('',*,*,#2290,.T.);
#3389=ORIENTED_EDGE('',*,*,#2509,.T.);
#3390=ORIENTED_EDGE('',*,*,#2204,.F.);
#3391=ORIENTED_EDGE('',*,*,#2010,.T.);
#3392=ORIENTED_EDGE('',*,*,#2207,.F.);
#3393=ORIENTED_EDGE('',*,*,#2209,.T.);
#3394=ORIENTED_EDGE('',*,*,#2510,.T.);
#3395=ORIENTED_EDGE('',*,*,#2320,.F.);
#3396=ORIENTED_EDGE('',*,*,#2322,.T.);
#3397=ORIENTED_EDGE('',*,*,#2316,.F.);
#3398=ORIENTED_EDGE('',*,*,#2318,.T.);
#3399=ORIENTED_EDGE('',*,*,#2311,.F.);
#3400=ORIENTED_EDGE('',*,*,#2314,.T.);
#3401=ORIENTED_EDGE('',*,*,#2511,.T.);
#3402=ORIENTED_EDGE('',*,*,#2306,.F.);
#3403=ORIENTED_EDGE('',*,*,#2309,.T.);
#3404=ORIENTED_EDGE('',*,*,#2512,.T.);
#3405=ORIENTED_EDGE('',*,*,#2301,.F.);
#3406=ORIENTED_EDGE('',*,*,#2452,.F.);
#3407=ORIENTED_EDGE('',*,*,#2462,.F.);
#3408=ORIENTED_EDGE('',*,*,#2472,.F.);
#3409=ORIENTED_EDGE('',*,*,#2470,.F.);
#3410=ORIENTED_EDGE('',*,*,#2463,.F.);
#3411=ORIENTED_EDGE('',*,*,#2477,.F.);
#3412=ORIENTED_EDGE('',*,*,#2442,.F.);
#3413=ORIENTED_EDGE('',*,*,#2465,.F.);
#3414=ORIENTED_EDGE('',*,*,#2513,.F.);
#3415=ORIENTED_EDGE('',*,*,#2514,.T.);
#3416=ORIENTED_EDGE('',*,*,#2514,.F.);
#3417=ORIENTED_EDGE('',*,*,#2515,.F.);
#3418=ORIENTED_EDGE('',*,*,#2516,.T.);
#3419=ORIENTED_EDGE('',*,*,#2513,.T.);
#3420=ORIENTED_EDGE('',*,*,#2516,.F.);
#3421=ORIENTED_EDGE('',*,*,#2517,.F.);
#3422=ORIENTED_EDGE('',*,*,#2518,.T.);
#3423=ORIENTED_EDGE('',*,*,#2518,.F.);
#3424=ORIENTED_EDGE('',*,*,#2519,.F.);
#3425=ORIENTED_EDGE('',*,*,#2520,.T.);
#3426=ORIENTED_EDGE('',*,*,#2517,.T.);
#3427=ORIENTED_EDGE('',*,*,#2520,.F.);
#3428=ORIENTED_EDGE('',*,*,#2521,.F.);
#3429=ORIENTED_EDGE('',*,*,#2522,.T.);
#3430=ORIENTED_EDGE('',*,*,#2522,.F.);
#3431=ORIENTED_EDGE('',*,*,#2523,.F.);
#3432=ORIENTED_EDGE('',*,*,#2524,.T.);
#3433=ORIENTED_EDGE('',*,*,#2521,.T.);
#3434=ORIENTED_EDGE('',*,*,#2524,.F.);
#3435=ORIENTED_EDGE('',*,*,#2525,.F.);
#3436=ORIENTED_EDGE('',*,*,#2526,.T.);
#3437=ORIENTED_EDGE('',*,*,#2526,.F.);
#3438=ORIENTED_EDGE('',*,*,#2527,.F.);
#3439=ORIENTED_EDGE('',*,*,#2528,.T.);
#3440=ORIENTED_EDGE('',*,*,#2525,.T.);
#3441=ORIENTED_EDGE('',*,*,#2528,.F.);
#3442=ORIENTED_EDGE('',*,*,#2529,.F.);
#3443=ORIENTED_EDGE('',*,*,#2530,.T.);
#3444=ORIENTED_EDGE('',*,*,#2530,.F.);
#3445=ORIENTED_EDGE('',*,*,#2531,.F.);
#3446=ORIENTED_EDGE('',*,*,#2532,.T.);
#3447=ORIENTED_EDGE('',*,*,#2529,.T.);
#3448=ORIENTED_EDGE('',*,*,#2532,.F.);
#3449=ORIENTED_EDGE('',*,*,#2533,.F.);
#3450=ORIENTED_EDGE('',*,*,#2534,.T.);
#3451=ORIENTED_EDGE('',*,*,#2534,.F.);
#3452=ORIENTED_EDGE('',*,*,#2535,.F.);
#3453=ORIENTED_EDGE('',*,*,#2536,.T.);
#3454=ORIENTED_EDGE('',*,*,#2533,.T.);
#3455=ORIENTED_EDGE('',*,*,#2536,.F.);
#3456=ORIENTED_EDGE('',*,*,#2344,.F.);
#3457=ORIENTED_EDGE('',*,*,#2537,.T.);
#3458=ORIENTED_EDGE('',*,*,#2538,.F.);
#3459=ORIENTED_EDGE('',*,*,#2089,.F.);
#3460=ORIENTED_EDGE('',*,*,#2343,.T.);
#3461=ORIENTED_EDGE('',*,*,#2347,.F.);
#3462=ORIENTED_EDGE('',*,*,#2539,.F.);
#3463=ORIENTED_EDGE('',*,*,#2540,.F.);
#3464=ORIENTED_EDGE('',*,*,#2537,.F.);
#3465=ORIENTED_EDGE('',*,*,#2371,.F.);
#3466=ORIENTED_EDGE('',*,*,#2541,.T.);
#3467=ORIENTED_EDGE('',*,*,#2378,.F.);
#3468=ORIENTED_EDGE('',*,*,#2038,.F.);
#3469=ORIENTED_EDGE('',*,*,#2370,.T.);
#3470=ORIENTED_EDGE('',*,*,#2374,.F.);
#3471=ORIENTED_EDGE('',*,*,#2542,.F.);
#3472=ORIENTED_EDGE('',*,*,#2379,.F.);
#3473=ORIENTED_EDGE('',*,*,#2541,.F.);
#3474=ORIENTED_EDGE('',*,*,#2336,.F.);
#3475=ORIENTED_EDGE('',*,*,#2341,.T.);
#3476=ORIENTED_EDGE('',*,*,#2543,.F.);
#3477=ORIENTED_EDGE('',*,*,#2053,.F.);
#3478=ORIENTED_EDGE('',*,*,#2360,.F.);
#3479=ORIENTED_EDGE('',*,*,#2544,.T.);
#3480=ORIENTED_EDGE('',*,*,#2201,.F.);
#3481=ORIENTED_EDGE('',*,*,#2105,.F.);
#3482=ORIENTED_EDGE('',*,*,#2359,.T.);
#3483=ORIENTED_EDGE('',*,*,#2363,.F.);
#3484=ORIENTED_EDGE('',*,*,#2366,.F.);
#3485=ORIENTED_EDGE('',*,*,#2202,.F.);
#3486=ORIENTED_EDGE('',*,*,#2544,.F.);
#3487=ORIENTED_EDGE('',*,*,#2349,.F.);
#3488=ORIENTED_EDGE('',*,*,#2090,.F.);
#3489=ORIENTED_EDGE('',*,*,#2538,.T.);
#3490=ORIENTED_EDGE('',*,*,#2540,.T.);
#3491=ORIENTED_EDGE('',*,*,#2545,.F.);
#3492=ORIENTED_EDGE('',*,*,#2159,.F.);
#3493=ORIENTED_EDGE('',*,*,#2325,.F.);
#3494=ORIENTED_EDGE('',*,*,#2054,.F.);
#3495=ORIENTED_EDGE('',*,*,#2543,.T.);
#3496=ORIENTED_EDGE('',*,*,#2340,.T.);
#3497=ORIENTED_EDGE('',*,*,#2546,.T.);
#3498=ORIENTED_EDGE('',*,*,#2547,.T.);
#3499=ORIENTED_EDGE('',*,*,#2548,.F.);
#3500=ORIENTED_EDGE('',*,*,#2187,.F.);
#3501=ORIENTED_EDGE('',*,*,#2332,.F.);
#3502=ORIENTED_EDGE('',*,*,#2549,.T.);
#3503=ORIENTED_EDGE('',*,*,#2546,.F.);
#3504=ORIENTED_EDGE('',*,*,#2339,.T.);
#3505=ORIENTED_EDGE('',*,*,#2342,.T.);
#3506=ORIENTED_EDGE('',*,*,#2050,.F.);
#3507=ORIENTED_EDGE('',*,*,#2326,.T.);
#3508=ORIENTED_EDGE('',*,*,#2330,.F.);
#3509=ORIENTED_EDGE('',*,*,#2547,.F.);
#3510=ORIENTED_EDGE('',*,*,#2549,.F.);
#3511=ORIENTED_EDGE('',*,*,#2331,.T.);
#3512=ORIENTED_EDGE('',*,*,#2334,.F.);
#3513=ORIENTED_EDGE('',*,*,#2523,.T.);
#3514=ORIENTED_EDGE('',*,*,#2527,.T.);
#3515=ORIENTED_EDGE('',*,*,#2383,.F.);
#3516=ORIENTED_EDGE('',*,*,#2550,.T.);
#3517=ORIENTED_EDGE('',*,*,#2551,.T.);
#3518=ORIENTED_EDGE('',*,*,#2043,.F.);
#3519=ORIENTED_EDGE('',*,*,#2375,.T.);
#3520=ORIENTED_EDGE('',*,*,#2381,.F.);
#3521=ORIENTED_EDGE('',*,*,#2552,.F.);
#3522=ORIENTED_EDGE('',*,*,#2550,.F.);
#3523=ORIENTED_EDGE('',*,*,#2382,.T.);
#3524=ORIENTED_EDGE('',*,*,#2385,.F.);
#3525=ORIENTED_EDGE('',*,*,#2519,.T.);
#3526=ORIENTED_EDGE('',*,*,#2531,.T.);
#3527=ORIENTED_EDGE('',*,*,#2368,.F.);
#3528=ORIENTED_EDGE('',*,*,#2190,.F.);
#3529=ORIENTED_EDGE('',*,*,#2553,.T.);
#3530=ORIENTED_EDGE('',*,*,#2552,.T.);
#3531=ORIENTED_EDGE('',*,*,#2380,.T.);
#3532=ORIENTED_EDGE('',*,*,#2542,.T.);
#3533=ORIENTED_EDGE('',*,*,#2373,.T.);
#3534=ORIENTED_EDGE('',*,*,#2035,.F.);
#3535=ORIENTED_EDGE('',*,*,#2192,.F.);
#3536=ORIENTED_EDGE('',*,*,#2554,.T.);
#3537=ORIENTED_EDGE('',*,*,#2555,.F.);
#3538=ORIENTED_EDGE('',*,*,#2556,.F.);
#3539=ORIENTED_EDGE('',*,*,#2193,.F.);
#3540=ORIENTED_EDGE('',*,*,#2556,.T.);
#3541=ORIENTED_EDGE('',*,*,#2557,.F.);
#3542=ORIENTED_EDGE('',*,*,#2558,.F.);
#3543=ORIENTED_EDGE('',*,*,#2194,.F.);
#3544=ORIENTED_EDGE('',*,*,#2558,.T.);
#3545=ORIENTED_EDGE('',*,*,#2559,.F.);
#3546=ORIENTED_EDGE('',*,*,#2560,.F.);
#3547=ORIENTED_EDGE('',*,*,#2195,.F.);
#3548=ORIENTED_EDGE('',*,*,#2560,.T.);
#3549=ORIENTED_EDGE('',*,*,#2561,.F.);
#3550=ORIENTED_EDGE('',*,*,#2554,.F.);
#3551=ORIENTED_EDGE('',*,*,#2561,.T.);
#3552=ORIENTED_EDGE('',*,*,#2559,.T.);
#3553=ORIENTED_EDGE('',*,*,#2557,.T.);
#3554=ORIENTED_EDGE('',*,*,#2555,.T.);
#3555=ORIENTED_EDGE('',*,*,#2515,.T.);
#3556=ORIENTED_EDGE('',*,*,#2535,.T.);
#3557=ORIENTED_EDGE('',*,*,#2004,.F.);
#3558=ORIENTED_EDGE('',*,*,#2497,.T.);
#3559=ORIENTED_EDGE('',*,*,#2562,.T.);
#3560=ORIENTED_EDGE('',*,*,#2022,.F.);
#3561=ORIENTED_EDGE('',*,*,#2450,.F.);
#3562=ORIENTED_EDGE('',*,*,#2498,.T.);
#3563=ORIENTED_EDGE('',*,*,#2016,.F.);
#3564=ORIENTED_EDGE('',*,*,#2084,.F.);
#3565=ORIENTED_EDGE('',*,*,#2563,.F.);
#3566=ORIENTED_EDGE('',*,*,#2217,.F.);
#3567=ORIENTED_EDGE('',*,*,#2220,.F.);
#3568=ORIENTED_EDGE('',*,*,#2227,.F.);
#3569=ORIENTED_EDGE('',*,*,#2229,.F.);
#3570=ORIENTED_EDGE('',*,*,#2564,.F.);
#3571=ORIENTED_EDGE('',*,*,#2222,.F.);
#3572=ORIENTED_EDGE('',*,*,#2225,.F.);
#3573=ORIENTED_EDGE('',*,*,#2230,.F.);
#3574=ORIENTED_EDGE('',*,*,#2198,.F.);
#3575=ORIENTED_EDGE('',*,*,#2196,.F.);
#3576=ORIENTED_EDGE('',*,*,#2060,.F.);
#3577=ORIENTED_EDGE('',*,*,#2494,.T.);
#3578=ORIENTED_EDGE('',*,*,#2491,.F.);
#3579=ORIENTED_EDGE('',*,*,#2396,.F.);
#3580=ORIENTED_EDGE('',*,*,#2493,.F.);
#3581=ORIENTED_EDGE('',*,*,#2403,.F.);
#3582=ORIENTED_EDGE('',*,*,#2484,.F.);
#3583=ORIENTED_EDGE('',*,*,#2478,.F.);
#3584=ORIENTED_EDGE('',*,*,#2453,.F.);
#3585=ORIENTED_EDGE('',*,*,#2481,.F.);
#3586=ORIENTED_EDGE('',*,*,#2499,.F.);
#3587=ORIENTED_EDGE('',*,*,#2404,.F.);
#3588=ORIENTED_EDGE('',*,*,#2408,.F.);
#3589=ORIENTED_EDGE('',*,*,#2234,.F.);
#3590=ORIENTED_EDGE('',*,*,#2565,.F.);
#3591=ORIENTED_EDGE('',*,*,#2246,.F.);
#3592=ORIENTED_EDGE('',*,*,#2500,.F.);
#3593=ORIENTED_EDGE('',*,*,#2496,.T.);
#3594=ORIENTED_EDGE('',*,*,#2566,.T.);
#3595=ORIENTED_EDGE('',*,*,#2027,.F.);
#3596=ORIENTED_EDGE('',*,*,#2244,.F.);
#3597=ORIENTED_EDGE('',*,*,#2565,.T.);
#3598=ORIENTED_EDGE('',*,*,#2233,.F.);
#3599=ORIENTED_EDGE('',*,*,#2237,.T.);
#3600=ORIENTED_EDGE('',*,*,#2240,.F.);
#3601=ORIENTED_EDGE('',*,*,#2243,.T.);
#3602=ORIENTED_EDGE('',*,*,#2247,.F.);
#3603=ORIENTED_EDGE('',*,*,#2023,.F.);
#3604=ORIENTED_EDGE('',*,*,#2562,.F.);
#3605=ORIENTED_EDGE('',*,*,#2056,.F.);
#3606=ORIENTED_EDGE('',*,*,#2324,.F.);
#3607=ORIENTED_EDGE('',*,*,#2567,.T.);
#3608=ORIENTED_EDGE('',*,*,#2078,.F.);
#3609=ORIENTED_EDGE('',*,*,#2079,.F.);
#3610=ORIENTED_EDGE('',*,*,#2567,.F.);
#3611=ORIENTED_EDGE('',*,*,#2323,.T.);
#3612=ORIENTED_EDGE('',*,*,#2032,.F.);
#3613=ORIENTED_EDGE('',*,*,#2075,.F.);
#3614=ORIENTED_EDGE('',*,*,#2568,.T.);
#3615=ORIENTED_EDGE('',*,*,#2369,.T.);
#3616=ORIENTED_EDGE('',*,*,#2033,.T.);
#3617=ORIENTED_EDGE('',*,*,#2568,.F.);
#3618=ORIENTED_EDGE('',*,*,#2074,.F.);
#3619=ORIENTED_EDGE('',*,*,#2367,.F.);
#3620=ORIENTED_EDGE('',*,*,#2096,.F.);
#3621=ORIENTED_EDGE('',*,*,#2355,.F.);
#3622=ORIENTED_EDGE('',*,*,#2569,.T.);
#3623=ORIENTED_EDGE('',*,*,#2570,.F.);
#3624=ORIENTED_EDGE('',*,*,#2354,.F.);
#3625=ORIENTED_EDGE('',*,*,#2571,.F.);
#3626=ORIENTED_EDGE('',*,*,#2569,.F.);
#3627=ORIENTED_EDGE('',*,*,#2357,.F.);
#3628=ORIENTED_EDGE('',*,*,#2097,.F.);
#3629=ORIENTED_EDGE('',*,*,#2570,.T.);
#3630=ORIENTED_EDGE('',*,*,#2571,.T.);
#3631=ORIENTED_EDGE('',*,*,#2353,.F.);
#3632=ORIENTED_EDGE('',*,*,#2153,.F.);
#3633=ORIENTED_EDGE('',*,*,#2298,.F.);
#3634=ORIENTED_EDGE('',*,*,#2507,.F.);
#3635=ORIENTED_EDGE('',*,*,#2303,.F.);
#3636=ORIENTED_EDGE('',*,*,#2170,.F.);
#3637=ORIENTED_EDGE('',*,*,#2288,.F.);
#3638=ORIENTED_EDGE('',*,*,#2508,.F.);
#3639=ORIENTED_EDGE('',*,*,#2294,.F.);
#3640=ORIENTED_EDGE('',*,*,#2165,.F.);
#3641=ORIENTED_EDGE('',*,*,#2205,.F.);
#3642=ORIENTED_EDGE('',*,*,#2509,.F.);
#3643=ORIENTED_EDGE('',*,*,#2289,.F.);
#3644=ORIENTED_EDGE('',*,*,#2162,.F.);
#3645=ORIENTED_EDGE('',*,*,#2321,.F.);
#3646=ORIENTED_EDGE('',*,*,#2510,.F.);
#3647=ORIENTED_EDGE('',*,*,#2208,.F.);
#3648=ORIENTED_EDGE('',*,*,#2183,.F.);
#3649=ORIENTED_EDGE('',*,*,#2307,.F.);
#3650=ORIENTED_EDGE('',*,*,#2511,.F.);
#3651=ORIENTED_EDGE('',*,*,#2313,.F.);
#3652=ORIENTED_EDGE('',*,*,#2176,.F.);
#3653=ORIENTED_EDGE('',*,*,#2302,.F.);
#3654=ORIENTED_EDGE('',*,*,#2512,.F.);
#3655=ORIENTED_EDGE('',*,*,#2308,.F.);
#3656=ORIENTED_EDGE('',*,*,#2173,.F.);
#3657=ORIENTED_EDGE('',*,*,#2211,.F.);
#3658=ORIENTED_EDGE('',*,*,#2501,.F.);
#3659=ORIENTED_EDGE('',*,*,#2252,.F.);
#3660=ORIENTED_EDGE('',*,*,#2122,.F.);
#3661=ORIENTED_EDGE('',*,*,#2260,.F.);
#3662=ORIENTED_EDGE('',*,*,#2502,.F.);
#3663=ORIENTED_EDGE('',*,*,#2214,.F.);
#3664=ORIENTED_EDGE('',*,*,#2143,.F.);
#3665=ORIENTED_EDGE('',*,*,#2265,.F.);
#3666=ORIENTED_EDGE('',*,*,#2503,.F.);
#3667=ORIENTED_EDGE('',*,*,#2261,.F.);
#3668=ORIENTED_EDGE('',*,*,#2140,.F.);
#3669=ORIENTED_EDGE('',*,*,#2274,.F.);
#3670=ORIENTED_EDGE('',*,*,#2504,.F.);
#3671=ORIENTED_EDGE('',*,*,#2270,.F.);
#3672=ORIENTED_EDGE('',*,*,#2135,.F.);
#3673=ORIENTED_EDGE('',*,*,#2279,.F.);
#3674=ORIENTED_EDGE('',*,*,#2505,.F.);
#3675=ORIENTED_EDGE('',*,*,#2275,.F.);
#3676=ORIENTED_EDGE('',*,*,#2132,.F.);
#3677=ORIENTED_EDGE('',*,*,#2284,.F.);
#3678=ORIENTED_EDGE('',*,*,#2506,.F.);
#3679=ORIENTED_EDGE('',*,*,#2280,.F.);
#3680=ORIENTED_EDGE('',*,*,#2129,.F.);
#3681=ORIENTED_EDGE('',*,*,#2044,.F.);
#3682=ORIENTED_EDGE('',*,*,#2551,.F.);
#3683=ORIENTED_EDGE('',*,*,#2553,.F.);
#3684=ORIENTED_EDGE('',*,*,#2189,.F.);
#3685=ORIENTED_EDGE('',*,*,#2572,.T.);
#3686=ORIENTED_EDGE('',*,*,#2045,.F.);
#3687=ORIENTED_EDGE('',*,*,#2572,.F.);
#3688=ORIENTED_EDGE('',*,*,#2188,.F.);
#3689=ORIENTED_EDGE('',*,*,#2548,.T.);
#3690=ORIENTED_EDGE('',*,*,#2329,.T.);
#3691=ORIENTED_EDGE('',*,*,#2120,.F.);
#3692=ORIENTED_EDGE('',*,*,#2160,.F.);
#3693=ORIENTED_EDGE('',*,*,#2545,.T.);
#3694=ORIENTED_EDGE('',*,*,#2539,.T.);
#3695=ORIENTED_EDGE('',*,*,#2346,.T.);
#3696=ORIENTED_EDGE('',*,*,#2086,.F.);
#3697=ORIENTED_EDGE('',*,*,#2352,.F.);
#3698=ORIENTED_EDGE('',*,*,#2093,.F.);
#3699=ORIENTED_EDGE('',*,*,#2350,.F.);
#3700=ORIENTED_EDGE('',*,*,#2156,.F.);
#3701=ORIENTED_EDGE('',*,*,#2365,.F.);
#3702=ORIENTED_EDGE('',*,*,#2100,.F.);
#3703=ORIENTED_EDGE('',*,*,#2358,.F.);
#3704=ORIENTED_EDGE('',*,*,#2150,.F.);
#3705=ORIENTED_EDGE('',*,*,#2019,.F.);
#3706=ORIENTED_EDGE('',*,*,#2028,.F.);
#3707=ORIENTED_EDGE('',*,*,#2566,.F.);
#3708=ORIENTED_EDGE('',*,*,#2495,.T.);
#3709=ORIENTED_EDGE('',*,*,#2083,.F.);
#3710=ORIENTED_EDGE('',*,*,#2118,.F.);
#3711=ORIENTED_EDGE('',*,*,#2218,.F.);
#3712=ORIENTED_EDGE('',*,*,#2563,.T.);
#3713=ORIENTED_EDGE('',*,*,#2223,.F.);
#3714=ORIENTED_EDGE('',*,*,#2564,.T.);
#3715=ORIENTED_EDGE('',*,*,#2228,.T.);
#3716=ORIENTED_EDGE('',*,*,#2113,.F.);
#3717=CYLINDRICAL_SURFACE('',#3990,1.);
#3718=CYLINDRICAL_SURFACE('',#3994,1.);
#3719=CYLINDRICAL_SURFACE('',#4012,1.);
#3720=CYLINDRICAL_SURFACE('',#4015,1.);
#3721=CYLINDRICAL_SURFACE('',#4018,1.);
#3722=CYLINDRICAL_SURFACE('',#4036,1.);
#3723=CYLINDRICAL_SURFACE('',#4066,1.);
#3724=CYLINDRICAL_SURFACE('',#4069,1.);
#3725=CYLINDRICAL_SURFACE('',#4071,1.);
#3726=CYLINDRICAL_SURFACE('',#4073,1.);
#3727=CYLINDRICAL_SURFACE('',#4076,1.);
#3728=CYLINDRICAL_SURFACE('',#4078,1.);
#3729=CYLINDRICAL_SURFACE('',#4081,1.);
#3730=CYLINDRICAL_SURFACE('',#4084,1.);
#3731=CYLINDRICAL_SURFACE('',#4087,1.);
#3732=CYLINDRICAL_SURFACE('',#4090,1.);
#3733=CYLINDRICAL_SURFACE('',#4092,1.);
#3734=CYLINDRICAL_SURFACE('',#4096,1.);
#3735=CYLINDRICAL_SURFACE('',#4100,1.);
#3736=CYLINDRICAL_SURFACE('',#4103,1.);
#3737=CYLINDRICAL_SURFACE('',#4106,1.);
#3738=CYLINDRICAL_SURFACE('',#4109,1.);
#3739=CYLINDRICAL_SURFACE('',#4112,1.);
#3740=CYLINDRICAL_SURFACE('',#4115,1.);
#3741=CYLINDRICAL_SURFACE('',#4118,1.);
#3742=CYLINDRICAL_SURFACE('',#4121,1.);
#3743=CYLINDRICAL_SURFACE('',#4124,1.);
#3744=CYLINDRICAL_SURFACE('',#4127,1.);
#3745=CYLINDRICAL_SURFACE('',#4130,1.);
#3746=CYLINDRICAL_SURFACE('',#4133,1.);
#3747=CYLINDRICAL_SURFACE('',#4136,1.);
#3748=CYLINDRICAL_SURFACE('',#4139,1.);
#3749=CYLINDRICAL_SURFACE('',#4142,1.);
#3750=CYLINDRICAL_SURFACE('',#4145,1.);
#3751=CYLINDRICAL_SURFACE('',#4148,1.);
#3752=CYLINDRICAL_SURFACE('',#4151,1.);
#3753=CYLINDRICAL_SURFACE('',#4154,1.);
#3754=CYLINDRICAL_SURFACE('',#4156,1.);
#3755=CYLINDRICAL_SURFACE('',#4159,1.);
#3756=CYLINDRICAL_SURFACE('',#4162,1.);
#3757=CYLINDRICAL_SURFACE('',#4166,1.);
#3758=CYLINDRICAL_SURFACE('',#4169,1.);
#3759=CYLINDRICAL_SURFACE('',#4171,1.);
#3760=CYLINDRICAL_SURFACE('',#4173,1.);
#3761=CYLINDRICAL_SURFACE('',#4175,1.);
#3762=CYLINDRICAL_SURFACE('',#4178,1.);
#3763=CYLINDRICAL_SURFACE('',#4180,1.);
#3764=CYLINDRICAL_SURFACE('',#4182,1.);
#3765=CYLINDRICAL_SURFACE('',#4185,1.);
#3766=CYLINDRICAL_SURFACE('',#4188,1.);
#3767=CYLINDRICAL_SURFACE('',#4247,0.8115);
#3768=CYLINDRICAL_SURFACE('',#4251,0.8115);
#3769=CYLINDRICAL_SURFACE('',#4255,0.8115);
#3770=CYLINDRICAL_SURFACE('',#4259,0.8115);
#3771=CYLINDRICAL_SURFACE('',#4263,0.8115);
#3772=CYLINDRICAL_SURFACE('',#4267,0.8115);
#3773=CYLINDRICAL_SURFACE('',#4293,5.07812512180233);
#3774=CYLINDRICAL_SURFACE('',#4296,5.07815353642522);
#3775=CYLINDRICAL_SURFACE('',#4299,5.07812494133378);
#3776=ADVANCED_FACE('',(#178),#3717,.F.);
#3777=ADVANCED_FACE('',(#179),#31,.F.);
#3778=ADVANCED_FACE('',(#180),#3718,.F.);
#3779=ADVANCED_FACE('',(#181),#32,.F.);
#3780=ADVANCED_FACE('',(#182),#33,.F.);
#3781=ADVANCED_FACE('',(#183),#3719,.F.);
#3782=ADVANCED_FACE('',(#184),#34,.F.);
#3783=ADVANCED_FACE('',(#185),#3720,.F.);
#3784=ADVANCED_FACE('',(#186),#35,.F.);
#3785=ADVANCED_FACE('',(#187),#3721,.F.);
#3786=ADVANCED_FACE('',(#188),#36,.F.);
#3787=ADVANCED_FACE('',(#189),#3722,.F.);
#3788=ADVANCED_FACE('',(#190,#21),#37,.F.);
#3789=ADVANCED_FACE('',(#191),#3723,.F.);
#3790=ADVANCED_FACE('',(#192),#38,.F.);
#3791=ADVANCED_FACE('',(#193),#3724,.F.);
#3792=ADVANCED_FACE('',(#194),#39,.F.);
#3793=ADVANCED_FACE('',(#195),#3725,.F.);
#3794=ADVANCED_FACE('',(#196),#3726,.F.);
#3795=ADVANCED_FACE('',(#197),#40,.F.);
#3796=ADVANCED_FACE('',(#198),#3727,.F.);
#3797=ADVANCED_FACE('',(#199),#3728,.F.);
#3798=ADVANCED_FACE('',(#200),#41,.F.);
#3799=ADVANCED_FACE('',(#201),#3729,.F.);
#3800=ADVANCED_FACE('',(#202),#42,.F.);
#3801=ADVANCED_FACE('',(#203),#3730,.F.);
#3802=ADVANCED_FACE('',(#204),#43,.F.);
#3803=ADVANCED_FACE('',(#205),#3731,.F.);
#3804=ADVANCED_FACE('',(#206),#44,.F.);
#3805=ADVANCED_FACE('',(#207),#3732,.F.);
#3806=ADVANCED_FACE('',(#208),#3733,.F.);
#3807=ADVANCED_FACE('',(#209),#45,.F.);
#3808=ADVANCED_FACE('',(#210),#3734,.F.);
#3809=ADVANCED_FACE('',(#211),#46,.F.);
#3810=ADVANCED_FACE('',(#212),#3735,.F.);
#3811=ADVANCED_FACE('',(#213),#3736,.F.);
#3812=ADVANCED_FACE('',(#214),#3737,.F.);
#3813=ADVANCED_FACE('',(#215),#47,.F.);
#3814=ADVANCED_FACE('',(#216),#3738,.F.);
#3815=ADVANCED_FACE('',(#217),#48,.F.);
#3816=ADVANCED_FACE('',(#218),#3739,.F.);
#3817=ADVANCED_FACE('',(#219),#49,.F.);
#3818=ADVANCED_FACE('',(#220),#3740,.F.);
#3819=ADVANCED_FACE('',(#221),#50,.F.);
#3820=ADVANCED_FACE('',(#222),#3741,.F.);
#3821=ADVANCED_FACE('',(#223),#51,.F.);
#3822=ADVANCED_FACE('',(#224),#3742,.F.);
#3823=ADVANCED_FACE('',(#225),#52,.F.);
#3824=ADVANCED_FACE('',(#226),#3743,.F.);
#3825=ADVANCED_FACE('',(#227),#53,.F.);
#3826=ADVANCED_FACE('',(#228),#3744,.F.);
#3827=ADVANCED_FACE('',(#229),#54,.F.);
#3828=ADVANCED_FACE('',(#230),#3745,.F.);
#3829=ADVANCED_FACE('',(#231),#55,.F.);
#3830=ADVANCED_FACE('',(#232),#3746,.F.);
#3831=ADVANCED_FACE('',(#233),#56,.F.);
#3832=ADVANCED_FACE('',(#234),#3747,.F.);
#3833=ADVANCED_FACE('',(#235),#57,.F.);
#3834=ADVANCED_FACE('',(#236),#3748,.F.);
#3835=ADVANCED_FACE('',(#237),#58,.F.);
#3836=ADVANCED_FACE('',(#238),#3749,.F.);
#3837=ADVANCED_FACE('',(#239),#59,.F.);
#3838=ADVANCED_FACE('',(#240),#3750,.F.);
#3839=ADVANCED_FACE('',(#241),#60,.F.);
#3840=ADVANCED_FACE('',(#242),#3751,.F.);
#3841=ADVANCED_FACE('',(#243),#61,.F.);
#3842=ADVANCED_FACE('',(#244),#3752,.F.);
#3843=ADVANCED_FACE('',(#245),#62,.F.);
#3844=ADVANCED_FACE('',(#246),#3753,.F.);
#3845=ADVANCED_FACE('',(#247),#3754,.F.);
#3846=ADVANCED_FACE('',(#248),#63,.F.);
#3847=ADVANCED_FACE('',(#249),#3755,.F.);
#3848=ADVANCED_FACE('',(#250),#64,.F.);
#3849=ADVANCED_FACE('',(#251),#3756,.F.);
#3850=ADVANCED_FACE('',(#252),#65,.F.);
#3851=ADVANCED_FACE('',(#253),#66,.F.);
#3852=ADVANCED_FACE('',(#254),#3757,.F.);
#3853=ADVANCED_FACE('',(#255),#67,.F.);
#3854=ADVANCED_FACE('',(#256),#3758,.F.);
#3855=ADVANCED_FACE('',(#257),#68,.F.);
#3856=ADVANCED_FACE('',(#258),#3759,.F.);
#3857=ADVANCED_FACE('',(#259),#69,.F.);
#3858=ADVANCED_FACE('',(#260),#3760,.F.);
#3859=ADVANCED_FACE('',(#261),#70,.F.);
#3860=ADVANCED_FACE('',(#262),#3761,.F.);
#3861=ADVANCED_FACE('',(#263),#71,.F.);
#3862=ADVANCED_FACE('',(#264),#3762,.F.);
#3863=ADVANCED_FACE('',(#265),#72,.F.);
#3864=ADVANCED_FACE('',(#266),#3763,.F.);
#3865=ADVANCED_FACE('',(#267),#3764,.F.);
#3866=ADVANCED_FACE('',(#268),#73,.F.);
#3867=ADVANCED_FACE('',(#269),#3765,.F.);
#3868=ADVANCED_FACE('',(#270),#74,.F.);
#3869=ADVANCED_FACE('',(#271),#3766,.F.);
#3870=ADVANCED_FACE('',(#272),#75,.F.);
#3871=ADVANCED_FACE('',(#273),#76,.T.);
#3872=ADVANCED_FACE('',(#274),#77,.T.);
#3873=ADVANCED_FACE('',(#275),#78,.T.);
#3874=ADVANCED_FACE('',(#276),#79,.T.);
#3875=ADVANCED_FACE('',(#277),#80,.T.);
#3876=ADVANCED_FACE('',(#278),#81,.T.);
#3877=ADVANCED_FACE('',(#279),#82,.T.);
#3878=ADVANCED_FACE('',(#280),#83,.T.);
#3879=ADVANCED_FACE('',(#281),#84,.T.);
#3880=ADVANCED_FACE('',(#282),#85,.T.);
#3881=ADVANCED_FACE('',(#283),#86,.T.);
#3882=ADVANCED_FACE('',(#284),#87,.T.);
#3883=ADVANCED_FACE('',(#285),#88,.T.);
#3884=ADVANCED_FACE('',(#286),#89,.T.);
#3885=ADVANCED_FACE('',(#287),#90,.T.);
#3886=ADVANCED_FACE('',(#288),#91,.T.);
#3887=ADVANCED_FACE('',(#289),#92,.T.);
#3888=ADVANCED_FACE('',(#290),#93,.T.);
#3889=ADVANCED_FACE('',(#291),#94,.T.);
#3890=ADVANCED_FACE('',(#292),#95,.T.);
#3891=ADVANCED_FACE('',(#293),#96,.T.);
#3892=ADVANCED_FACE('',(#294),#97,.T.);
#3893=ADVANCED_FACE('',(#295),#98,.T.);
#3894=ADVANCED_FACE('',(#296),#99,.T.);
#3895=ADVANCED_FACE('',(#297),#100,.T.);
#3896=ADVANCED_FACE('',(#298),#101,.T.);
#3897=ADVANCED_FACE('',(#299),#102,.T.);
#3898=ADVANCED_FACE('',(#300),#103,.T.);
#3899=ADVANCED_FACE('',(#301),#104,.T.);
#3900=ADVANCED_FACE('',(#302),#105,.T.);
#3901=ADVANCED_FACE('',(#303),#106,.T.);
#3902=ADVANCED_FACE('',(#304),#107,.T.);
#3903=ADVANCED_FACE('',(#305),#108,.T.);
#3904=ADVANCED_FACE('',(#306),#109,.T.);
#3905=ADVANCED_FACE('',(#307),#110,.T.);
#3906=ADVANCED_FACE('',(#308),#111,.T.);
#3907=ADVANCED_FACE('',(#309),#112,.T.);
#3908=ADVANCED_FACE('',(#310),#113,.T.);
#3909=ADVANCED_FACE('',(#311),#114,.T.);
#3910=ADVANCED_FACE('',(#312),#115,.T.);
#3911=ADVANCED_FACE('',(#313),#116,.T.);
#3912=ADVANCED_FACE('',(#314),#117,.T.);
#3913=ADVANCED_FACE('',(#315),#118,.T.);
#3914=ADVANCED_FACE('',(#316),#119,.T.);
#3915=ADVANCED_FACE('',(#317),#120,.F.);
#3916=ADVANCED_FACE('',(#318),#121,.T.);
#3917=ADVANCED_FACE('',(#319),#122,.T.);
#3918=ADVANCED_FACE('',(#320),#123,.T.);
#3919=ADVANCED_FACE('',(#321,#22),#124,.T.);
#3920=ADVANCED_FACE('',(#322),#125,.T.);
#3921=ADVANCED_FACE('',(#323),#126,.T.);
#3922=ADVANCED_FACE('',(#324,#23,#24),#127,.T.);
#3923=ADVANCED_FACE('',(#325),#128,.T.);
#3924=ADVANCED_FACE('',(#326),#129,.T.);
#3925=ADVANCED_FACE('',(#327),#15,.F.);
#3926=ADVANCED_FACE('',(#328),#3767,.F.);
#3927=ADVANCED_FACE('',(#329),#16,.F.);
#3928=ADVANCED_FACE('',(#330),#3768,.F.);
#3929=ADVANCED_FACE('',(#331),#17,.F.);
#3930=ADVANCED_FACE('',(#332),#3769,.F.);
#3931=ADVANCED_FACE('',(#333),#18,.F.);
#3932=ADVANCED_FACE('',(#334),#3770,.F.);
#3933=ADVANCED_FACE('',(#335),#19,.F.);
#3934=ADVANCED_FACE('',(#336),#3771,.F.);
#3935=ADVANCED_FACE('',(#337),#20,.F.);
#3936=ADVANCED_FACE('',(#338),#3772,.F.);
#3937=ADVANCED_FACE('',(#339),#130,.F.);
#3938=ADVANCED_FACE('',(#340),#131,.F.);
#3939=ADVANCED_FACE('',(#341),#132,.F.);
#3940=ADVANCED_FACE('',(#342),#133,.F.);
#3941=ADVANCED_FACE('',(#343),#134,.F.);
#3942=ADVANCED_FACE('',(#344),#135,.F.);
#3943=ADVANCED_FACE('',(#345),#136,.F.);
#3944=ADVANCED_FACE('',(#346),#137,.F.);
#3945=ADVANCED_FACE('',(#347),#138,.F.);
#3946=ADVANCED_FACE('',(#348),#139,.F.);
#3947=ADVANCED_FACE('',(#349,#25,#26),#140,.F.);
#3948=ADVANCED_FACE('',(#350),#141,.F.);
#3949=ADVANCED_FACE('',(#351,#27,#28),#142,.F.);
#3950=ADVANCED_FACE('',(#352),#143,.F.);
#3951=ADVANCED_FACE('',(#353),#144,.T.);
#3952=ADVANCED_FACE('',(#354),#145,.T.);
#3953=ADVANCED_FACE('',(#355),#146,.T.);
#3954=ADVANCED_FACE('',(#356),#147,.T.);
#3955=ADVANCED_FACE('',(#357,#29,#30),#148,.T.);
#3956=ADVANCED_FACE('',(#358),#149,.F.);
#3957=ADVANCED_FACE('',(#359),#150,.F.);
#3958=ADVANCED_FACE('',(#360),#151,.T.);
#3959=ADVANCED_FACE('',(#361),#152,.F.);
#3960=ADVANCED_FACE('',(#362),#153,.F.);
#3961=ADVANCED_FACE('',(#363),#3773,.F.);
#3962=ADVANCED_FACE('',(#364),#154,.T.);
#3963=ADVANCED_FACE('',(#365),#3774,.F.);
#3964=ADVANCED_FACE('',(#366),#155,.T.);
#3965=ADVANCED_FACE('',(#367),#3775,.F.);
#3966=ADVANCED_FACE('',(#368),#156,.T.);
#3967=ADVANCED_FACE('',(#369),#157,.F.);
#3968=ADVANCED_FACE('',(#370),#158,.F.);
#3969=ADVANCED_FACE('',(#371),#159,.F.);
#3970=ADVANCED_FACE('',(#372),#160,.F.);
#3971=ADVANCED_FACE('',(#373),#161,.F.);
#3972=ADVANCED_FACE('',(#374),#162,.F.);
#3973=ADVANCED_FACE('',(#375),#163,.F.);
#3974=ADVANCED_FACE('',(#376),#164,.F.);
#3975=ADVANCED_FACE('',(#377),#165,.F.);
#3976=ADVANCED_FACE('',(#378),#166,.F.);
#3977=ADVANCED_FACE('',(#379),#167,.F.);
#3978=ADVANCED_FACE('',(#380),#168,.F.);
#3979=ADVANCED_FACE('',(#381),#169,.F.);
#3980=ADVANCED_FACE('',(#382),#170,.F.);
#3981=ADVANCED_FACE('',(#383),#171,.F.);
#3982=ADVANCED_FACE('',(#384),#172,.F.);
#3983=ADVANCED_FACE('',(#385),#173,.F.);
#3984=ADVANCED_FACE('',(#386),#174,.F.);
#3985=ADVANCED_FACE('',(#387),#175,.F.);
#3986=ADVANCED_FACE('',(#388),#176,.F.);
#3987=ADVANCED_FACE('',(#389),#177,.F.);
#3988=CLOSED_SHELL('',(#3776,#3777,#3778,#3779,#3780,#3781,#3782,#3783,
#3784,#3785,#3786,#3787,#3788,#3789,#3790,#3791,#3792,#3793,#3794,#3795,
#3796,#3797,#3798,#3799,#3800,#3801,#3802,#3803,#3804,#3805,#3806,#3807,
#3808,#3809,#3810,#3811,#3812,#3813,#3814,#3815,#3816,#3817,#3818,#3819,
#3820,#3821,#3822,#3823,#3824,#3825,#3826,#3827,#3828,#3829,#3830,#3831,
#3832,#3833,#3834,#3835,#3836,#3837,#3838,#3839,#3840,#3841,#3842,#3843,
#3844,#3845,#3846,#3847,#3848,#3849,#3850,#3851,#3852,#3853,#3854,#3855,
#3856,#3857,#3858,#3859,#3860,#3861,#3862,#3863,#3864,#3865,#3866,#3867,
#3868,#3869,#3870,#3871,#3872,#3873,#3874,#3875,#3876,#3877,#3878,#3879,
#3880,#3881,#3882,#3883,#3884,#3885,#3886,#3887,#3888,#3889,#3890,#3891,
#3892,#3893,#3894,#3895,#3896,#3897,#3898,#3899,#3900,#3901,#3902,#3903,
#3904,#3905,#3906,#3907,#3908,#3909,#3910,#3911,#3912,#3913,#3914,#3915,
#3916,#3917,#3918,#3919,#3920,#3921,#3922,#3923,#3924,#3925,#3926,#3927,
#3928,#3929,#3930,#3931,#3932,#3933,#3934,#3935,#3936,#3937,#3938,#3939,
#3940,#3941,#3942,#3943,#3944,#3945,#3946,#3947,#3948,#3949,#3950,#3951,
#3952,#3953,#3954,#3955,#3956,#3957,#3958,#3959,#3960,#3961,#3962,#3963,
#3964,#3965,#3966,#3967,#3968,#3969,#3970,#3971,#3972,#3973,#3974,#3975,
#3976,#3977,#3978,#3979,#3980,#3981,#3982,#3983,#3984,#3985,#3986,#3987));
#3989=AXIS2_PLACEMENT_3D('',#5442,#4323,#4324);
#3990=AXIS2_PLACEMENT_3D('',#5443,#4325,#4326);
#3991=AXIS2_PLACEMENT_3D('',#5446,#4327,#4328);
#3992=AXIS2_PLACEMENT_3D('',#5450,#4330,#4331);
#3993=AXIS2_PLACEMENT_3D('',#5452,#4333,#4334);
#3994=AXIS2_PLACEMENT_3D('',#5478,#4348,#4349);
#3995=AXIS2_PLACEMENT_3D('',#5481,#4350,#4351);
#3996=AXIS2_PLACEMENT_3D('',#5485,#4353,#4354);
#3997=AXIS2_PLACEMENT_3D('',#5487,#4356,#4357);
#3998=AXIS2_PLACEMENT_3D('',#5504,#4366,#4367);
#3999=AXIS2_PLACEMENT_3D('',#5508,#4369,#4370);
#4000=AXIS2_PLACEMENT_3D('',#5510,#4371,#4372);
#4001=AXIS2_PLACEMENT_3D('',#5512,#4373,#4374);
#4002=AXIS2_PLACEMENT_3D('',#5518,#4377,#4378);
#4003=AXIS2_PLACEMENT_3D('',#5524,#4381,#4382);
#4004=AXIS2_PLACEMENT_3D('',#5528,#4384,#4385);
#4005=AXIS2_PLACEMENT_3D('',#5538,#4390,#4391);
#4006=AXIS2_PLACEMENT_3D('',#5542,#4393,#4394);
#4007=AXIS2_PLACEMENT_3D('',#5548,#4397,#4398);
#4008=AXIS2_PLACEMENT_3D('',#5554,#4401,#4402);
#4009=AXIS2_PLACEMENT_3D('',#5556,#4403,#4404);
#4010=AXIS2_PLACEMENT_3D('',#5559,#4406,#4407);
#4011=AXIS2_PLACEMENT_3D('',#5560,#4408,#4409);
#4012=AXIS2_PLACEMENT_3D('',#5582,#4421,#4422);
#4013=AXIS2_PLACEMENT_3D('',#5584,#4423,#4424);
#4014=AXIS2_PLACEMENT_3D('',#5586,#4426,#4427);
#4015=AXIS2_PLACEMENT_3D('',#5594,#4432,#4433);
#4016=AXIS2_PLACEMENT_3D('',#5596,#4434,#4435);
#4017=AXIS2_PLACEMENT_3D('',#5598,#4437,#4438);
#4018=AXIS2_PLACEMENT_3D('',#5606,#4443,#4444);
#4019=AXIS2_PLACEMENT_3D('',#5608,#4445,#4446);
#4020=AXIS2_PLACEMENT_3D('',#5611,#4448,#4449);
#4021=AXIS2_PLACEMENT_3D('',#5612,#4450,#4451);
#4022=AXIS2_PLACEMENT_3D('',#5614,#4452,#4453);
#4023=AXIS2_PLACEMENT_3D('',#5620,#4456,#4457);
#4024=AXIS2_PLACEMENT_3D('',#5626,#4460,#4461);
#4025=AXIS2_PLACEMENT_3D('',#5632,#4464,#4465);
#4026=AXIS2_PLACEMENT_3D('',#5636,#4467,#4468);
#4027=AXIS2_PLACEMENT_3D('',#5640,#4470,#4471);
#4028=AXIS2_PLACEMENT_3D('',#5646,#4474,#4475);
#4029=AXIS2_PLACEMENT_3D('',#5652,#4478,#4479);
#4030=AXIS2_PLACEMENT_3D('',#5657,#4482,#4483);
#4031=AXIS2_PLACEMENT_3D('',#5659,#4484,#4485);
#4032=AXIS2_PLACEMENT_3D('',#5663,#4487,#4488);
#4033=AXIS2_PLACEMENT_3D('',#5667,#4490,#4491);
#4034=AXIS2_PLACEMENT_3D('',#5673,#4494,#4495);
#4035=AXIS2_PLACEMENT_3D('',#5677,#4497,#4498);
#4036=AXIS2_PLACEMENT_3D('',#5679,#4500,#4501);
#4037=AXIS2_PLACEMENT_3D('',#5681,#4502,#4503);
#4038=AXIS2_PLACEMENT_3D('',#5683,#4505,#4506);
#4039=AXIS2_PLACEMENT_3D('',#5685,#4507,#4508);
#4040=AXIS2_PLACEMENT_3D('',#5691,#4511,#4512);
#4041=AXIS2_PLACEMENT_3D('',#5695,#4514,#4515);
#4042=AXIS2_PLACEMENT_3D('',#5699,#4517,#4518);
#4043=AXIS2_PLACEMENT_3D('',#5705,#4521,#4522);
#4044=AXIS2_PLACEMENT_3D('',#5711,#4525,#4526);
#4045=AXIS2_PLACEMENT_3D('',#5717,#4529,#4530);
#4046=AXIS2_PLACEMENT_3D('',#5721,#4532,#4533);
#4047=AXIS2_PLACEMENT_3D('',#5727,#4536,#4537);
#4048=AXIS2_PLACEMENT_3D('',#5732,#4540,#4541);
#4049=AXIS2_PLACEMENT_3D('',#5734,#4542,#4543);
#4050=AXIS2_PLACEMENT_3D('',#5740,#4546,#4547);
#4051=AXIS2_PLACEMENT_3D('',#5746,#4550,#4551);
#4052=AXIS2_PLACEMENT_3D('',#5752,#4554,#4555);
#4053=AXIS2_PLACEMENT_3D('',#5758,#4558,#4559);
#4054=AXIS2_PLACEMENT_3D('',#5763,#4562,#4563);
#4055=AXIS2_PLACEMENT_3D('',#5769,#4566,#4567);
#4056=AXIS2_PLACEMENT_3D('',#5775,#4570,#4571);
#4057=AXIS2_PLACEMENT_3D('',#5779,#4573,#4574);
#4058=AXIS2_PLACEMENT_3D('',#5785,#4577,#4578);
#4059=AXIS2_PLACEMENT_3D('',#5791,#4581,#4582);
#4060=AXIS2_PLACEMENT_3D('',#5797,#4585,#4586);
#4061=AXIS2_PLACEMENT_3D('',#5801,#4588,#4589);
#4062=AXIS2_PLACEMENT_3D('',#5805,#4591,#4592);
#4063=AXIS2_PLACEMENT_3D('',#5810,#4595,#4596);
#4064=AXIS2_PLACEMENT_3D('',#5812,#4597,#4598);
#4065=AXIS2_PLACEMENT_3D('',#5821,#4603,#4604);
#4066=AXIS2_PLACEMENT_3D('',#5830,#4609,#4610);
#4067=AXIS2_PLACEMENT_3D('',#5832,#4611,#4612);
#4068=AXIS2_PLACEMENT_3D('',#5834,#4614,#4615);
#4069=AXIS2_PLACEMENT_3D('',#5838,#4618,#4619);
#4070=AXIS2_PLACEMENT_3D('',#5840,#4621,#4622);
#4071=AXIS2_PLACEMENT_3D('',#5846,#4626,#4627);
#4072=AXIS2_PLACEMENT_3D('',#5848,#4628,#4629);
#4073=AXIS2_PLACEMENT_3D('',#5850,#4631,#4632);
#4074=AXIS2_PLACEMENT_3D('',#5853,#4634,#4635);
#4075=AXIS2_PLACEMENT_3D('',#5854,#4636,#4637);
#4076=AXIS2_PLACEMENT_3D('',#5858,#4640,#4641);
#4077=AXIS2_PLACEMENT_3D('',#5860,#4642,#4643);
#4078=AXIS2_PLACEMENT_3D('',#5862,#4645,#4646);
#4079=AXIS2_PLACEMENT_3D('',#5865,#4648,#4649);
#4080=AXIS2_PLACEMENT_3D('',#5866,#4650,#4651);
#4081=AXIS2_PLACEMENT_3D('',#5870,#4654,#4655);
#4082=AXIS2_PLACEMENT_3D('',#5874,#4657,#4658);
#4083=AXIS2_PLACEMENT_3D('',#5876,#4660,#4661);
#4084=AXIS2_PLACEMENT_3D('',#5880,#4664,#4665);
#4085=AXIS2_PLACEMENT_3D('',#5884,#4667,#4668);
#4086=AXIS2_PLACEMENT_3D('',#5886,#4670,#4671);
#4087=AXIS2_PLACEMENT_3D('',#5890,#4674,#4675);
#4088=AXIS2_PLACEMENT_3D('',#5893,#4677,#4678);
#4089=AXIS2_PLACEMENT_3D('',#5894,#4679,#4680);
#4090=AXIS2_PLACEMENT_3D('',#5898,#4683,#4684);
#4091=AXIS2_PLACEMENT_3D('',#5899,#4685,#4686);
#4092=AXIS2_PLACEMENT_3D('',#5900,#4687,#4688);
#4093=AXIS2_PLACEMENT_3D('',#5903,#4689,#4690);
#4094=AXIS2_PLACEMENT_3D('',#5907,#4692,#4693);
#4095=AXIS2_PLACEMENT_3D('',#5909,#4695,#4696);
#4096=AXIS2_PLACEMENT_3D('',#5915,#4700,#4701);
#4097=AXIS2_PLACEMENT_3D('',#5917,#4702,#4703);
#4098=AXIS2_PLACEMENT_3D('',#5920,#4705,#4706);
#4099=AXIS2_PLACEMENT_3D('',#5921,#4707,#4708);
#4100=AXIS2_PLACEMENT_3D('',#5927,#4712,#4713);
#4101=AXIS2_PLACEMENT_3D('',#5929,#4714,#4715);
#4102=AXIS2_PLACEMENT_3D('',#5931,#4716,#4717);
#4103=AXIS2_PLACEMENT_3D('',#5933,#4719,#4720);
#4104=AXIS2_PLACEMENT_3D('',#5934,#4721,#4722);
#4105=AXIS2_PLACEMENT_3D('',#5935,#4723,#4724);
#4106=AXIS2_PLACEMENT_3D('',#5936,#4725,#4726);
#4107=AXIS2_PLACEMENT_3D('',#5940,#4728,#4729);
#4108=AXIS2_PLACEMENT_3D('',#5942,#4731,#4732);
#4109=AXIS2_PLACEMENT_3D('',#5946,#4735,#4736);
#4110=AXIS2_PLACEMENT_3D('',#5950,#4738,#4739);
#4111=AXIS2_PLACEMENT_3D('',#5952,#4741,#4742);
#4112=AXIS2_PLACEMENT_3D('',#5954,#4744,#4745);
#4113=AXIS2_PLACEMENT_3D('',#5958,#4747,#4748);
#4114=AXIS2_PLACEMENT_3D('',#5960,#4750,#4751);
#4115=AXIS2_PLACEMENT_3D('',#5964,#4754,#4755);
#4116=AXIS2_PLACEMENT_3D('',#5968,#4757,#4758);
#4117=AXIS2_PLACEMENT_3D('',#5970,#4760,#4761);
#4118=AXIS2_PLACEMENT_3D('',#5974,#4764,#4765);
#4119=AXIS2_PLACEMENT_3D('',#5977,#4767,#4768);
#4120=AXIS2_PLACEMENT_3D('',#5978,#4769,#4770);
#4121=AXIS2_PLACEMENT_3D('',#5982,#4773,#4774);
#4122=AXIS2_PLACEMENT_3D('',#5986,#4776,#4777);
#4123=AXIS2_PLACEMENT_3D('',#5988,#4779,#4780);
#4124=AXIS2_PLACEMENT_3D('',#5992,#4783,#4784);
#4125=AXIS2_PLACEMENT_3D('',#5996,#4786,#4787);
#4126=AXIS2_PLACEMENT_3D('',#5998,#4789,#4790);
#4127=AXIS2_PLACEMENT_3D('',#6002,#4793,#4794);
#4128=AXIS2_PLACEMENT_3D('',#6006,#4796,#4797);
#4129=AXIS2_PLACEMENT_3D('',#6008,#4799,#4800);
#4130=AXIS2_PLACEMENT_3D('',#6010,#4802,#4803);
#4131=AXIS2_PLACEMENT_3D('',#6014,#4805,#4806);
#4132=AXIS2_PLACEMENT_3D('',#6016,#4808,#4809);
#4133=AXIS2_PLACEMENT_3D('',#6020,#4812,#4813);
#4134=AXIS2_PLACEMENT_3D('',#6024,#4815,#4816);
#4135=AXIS2_PLACEMENT_3D('',#6026,#4818,#4819);
#4136=AXIS2_PLACEMENT_3D('',#6030,#4822,#4823);
#4137=AXIS2_PLACEMENT_3D('',#6034,#4825,#4826);
#4138=AXIS2_PLACEMENT_3D('',#6036,#4828,#4829);
#4139=AXIS2_PLACEMENT_3D('',#6038,#4831,#4832);
#4140=AXIS2_PLACEMENT_3D('',#6042,#4834,#4835);
#4141=AXIS2_PLACEMENT_3D('',#6044,#4837,#4838);
#4142=AXIS2_PLACEMENT_3D('',#6048,#4841,#4842);
#4143=AXIS2_PLACEMENT_3D('',#6052,#4844,#4845);
#4144=AXIS2_PLACEMENT_3D('',#6054,#4847,#4848);
#4145=AXIS2_PLACEMENT_3D('',#6058,#4851,#4852);
#4146=AXIS2_PLACEMENT_3D('',#6062,#4854,#4855);
#4147=AXIS2_PLACEMENT_3D('',#6064,#4857,#4858);
#4148=AXIS2_PLACEMENT_3D('',#6068,#4861,#4862);
#4149=AXIS2_PLACEMENT_3D('',#6072,#4864,#4865);
#4150=AXIS2_PLACEMENT_3D('',#6074,#4867,#4868);
#4151=AXIS2_PLACEMENT_3D('',#6076,#4870,#4871);
#4152=AXIS2_PLACEMENT_3D('',#6080,#4873,#4874);
#4153=AXIS2_PLACEMENT_3D('',#6082,#4876,#4877);
#4154=AXIS2_PLACEMENT_3D('',#6084,#4879,#4880);
#4155=AXIS2_PLACEMENT_3D('',#6086,#4881,#4882);
#4156=AXIS2_PLACEMENT_3D('',#6089,#4885,#4886);
#4157=AXIS2_PLACEMENT_3D('',#6092,#4887,#4888);
#4158=AXIS2_PLACEMENT_3D('',#6095,#4891,#4892);
#4159=AXIS2_PLACEMENT_3D('',#6099,#4895,#4896);
#4160=AXIS2_PLACEMENT_3D('',#6102,#4897,#4898);
#4161=AXIS2_PLACEMENT_3D('',#6105,#4901,#4902);
#4162=AXIS2_PLACEMENT_3D('',#6107,#4904,#4905);
#4163=AXIS2_PLACEMENT_3D('',#6110,#4906,#4907);
#4164=AXIS2_PLACEMENT_3D('',#6113,#4910,#4911);
#4165=AXIS2_PLACEMENT_3D('',#6121,#4916,#4917);
#4166=AXIS2_PLACEMENT_3D('',#6123,#4919,#4920);
#4167=AXIS2_PLACEMENT_3D('',#6126,#4921,#4922);
#4168=AXIS2_PLACEMENT_3D('',#6129,#4925,#4926);
#4169=AXIS2_PLACEMENT_3D('',#6133,#4929,#4930);
#4170=AXIS2_PLACEMENT_3D('',#6136,#4933,#4934);
#4171=AXIS2_PLACEMENT_3D('',#6138,#4936,#4937);
#4172=AXIS2_PLACEMENT_3D('',#6141,#4940,#4941);
#4173=AXIS2_PLACEMENT_3D('',#6147,#4945,#4946);
#4174=AXIS2_PLACEMENT_3D('',#6150,#4949,#4950);
#4175=AXIS2_PLACEMENT_3D('',#6152,#4952,#4953);
#4176=AXIS2_PLACEMENT_3D('',#6155,#4954,#4955);
#4177=AXIS2_PLACEMENT_3D('',#6158,#4958,#4959);
#4178=AXIS2_PLACEMENT_3D('',#6162,#4962,#4963);
#4179=AXIS2_PLACEMENT_3D('',#6165,#4966,#4967);
#4180=AXIS2_PLACEMENT_3D('',#6167,#4969,#4970);
#4181=AXIS2_PLACEMENT_3D('',#6169,#4971,#4972);
#4182=AXIS2_PLACEMENT_3D('',#6172,#4975,#4976);
#4183=AXIS2_PLACEMENT_3D('',#6175,#4977,#4978);
#4184=AXIS2_PLACEMENT_3D('',#6178,#4981,#4982);
#4185=AXIS2_PLACEMENT_3D('',#6182,#4985,#4986);
#4186=AXIS2_PLACEMENT_3D('',#6185,#4987,#4988);
#4187=AXIS2_PLACEMENT_3D('',#6188,#4991,#4992);
#4188=AXIS2_PLACEMENT_3D('',#6196,#4997,#4998);
#4189=AXIS2_PLACEMENT_3D('',#6199,#4999,#5000);
#4190=AXIS2_PLACEMENT_3D('',#6202,#5003,#5004);
#4191=AXIS2_PLACEMENT_3D('',#6204,#5006,#5007);
#4192=AXIS2_PLACEMENT_3D('',#6211,#5011,#5012);
#4193=AXIS2_PLACEMENT_3D('',#6218,#5016,#5017);
#4194=AXIS2_PLACEMENT_3D('',#6225,#5021,#5022);
#4195=AXIS2_PLACEMENT_3D('',#6228,#5025,#5026);
#4196=AXIS2_PLACEMENT_3D('',#6235,#5030,#5031);
#4197=AXIS2_PLACEMENT_3D('',#6238,#5034,#5035);
#4198=AXIS2_PLACEMENT_3D('',#6244,#5039,#5040);
#4199=AXIS2_PLACEMENT_3D('',#6251,#5044,#5045);
#4200=AXIS2_PLACEMENT_3D('',#6254,#5048,#5049);
#4201=AXIS2_PLACEMENT_3D('',#6257,#5052,#5053);
#4202=AXIS2_PLACEMENT_3D('',#6264,#5057,#5058);
#4203=AXIS2_PLACEMENT_3D('',#6271,#5062,#5063);
#4204=AXIS2_PLACEMENT_3D('',#6274,#5066,#5067);
#4205=AXIS2_PLACEMENT_3D('',#6281,#5071,#5072);
#4206=AXIS2_PLACEMENT_3D('',#6288,#5076,#5077);
#4207=AXIS2_PLACEMENT_3D('',#6291,#5080,#5081);
#4208=AXIS2_PLACEMENT_3D('',#6297,#5085,#5086);
#4209=AXIS2_PLACEMENT_3D('',#6304,#5090,#5091);
#4210=AXIS2_PLACEMENT_3D('',#6307,#5094,#5095);
#4211=AXIS2_PLACEMENT_3D('',#6314,#5099,#5100);
#4212=AXIS2_PLACEMENT_3D('',#6321,#5104,#5105);
#4213=AXIS2_PLACEMENT_3D('',#6324,#5108,#5109);
#4214=AXIS2_PLACEMENT_3D('',#6330,#5113,#5114);
#4215=AXIS2_PLACEMENT_3D('',#6337,#5118,#5119);
#4216=AXIS2_PLACEMENT_3D('',#6340,#5122,#5123);
#4217=AXIS2_PLACEMENT_3D('',#6343,#5126,#5127);
#4218=AXIS2_PLACEMENT_3D('',#6350,#5131,#5132);
#4219=AXIS2_PLACEMENT_3D('',#6353,#5135,#5136);
#4220=AXIS2_PLACEMENT_3D('',#6360,#5140,#5141);
#4221=AXIS2_PLACEMENT_3D('',#6363,#5144,#5145);
#4222=AXIS2_PLACEMENT_3D('',#6366,#5148,#5149);
#4223=AXIS2_PLACEMENT_3D('',#6373,#5153,#5154);
#4224=AXIS2_PLACEMENT_3D('',#6376,#5157,#5158);
#4225=AXIS2_PLACEMENT_3D('',#6379,#5161,#5162);
#4226=AXIS2_PLACEMENT_3D('',#6382,#5165,#5166);
#4227=AXIS2_PLACEMENT_3D('',#6385,#5169,#5170);
#4228=AXIS2_PLACEMENT_3D('',#6388,#5173,#5174);
#4229=AXIS2_PLACEMENT_3D('',#6391,#5177,#5178);
#4230=AXIS2_PLACEMENT_3D('',#6394,#5181,#5182);
#4231=AXIS2_PLACEMENT_3D('',#6397,#5185,#5186);
#4232=AXIS2_PLACEMENT_3D('',#6400,#5189,#5190);
#4233=AXIS2_PLACEMENT_3D('',#6406,#5194,#5195);
#4234=AXIS2_PLACEMENT_3D('',#6409,#5198,#5199);
#4235=AXIS2_PLACEMENT_3D('',#6412,#5202,#5203);
#4236=AXIS2_PLACEMENT_3D('',#6420,#5209,#5210);
#4237=AXIS2_PLACEMENT_3D('',#6422,#5212,#5213);
#4238=AXIS2_PLACEMENT_3D('',#6423,#5214,#5215);
#4239=AXIS2_PLACEMENT_3D('',#6424,#5216,#5217);
#4240=AXIS2_PLACEMENT_3D('',#6426,#5219,#5220);
#4241=AXIS2_PLACEMENT_3D('',#6427,#5221,#5222);
#4242=AXIS2_PLACEMENT_3D('',#6428,#5223,#5224);
#4243=AXIS2_PLACEMENT_3D('',#6441,#5237,#5238);
#4244=AXIS2_PLACEMENT_3D('',#6442,#5239,#5240);
#4245=AXIS2_PLACEMENT_3D('',#6443,#5241,#5242);
#4246=AXIS2_PLACEMENT_3D('',#6445,#5243,#5244);
#4247=AXIS2_PLACEMENT_3D('',#6448,#5246,#5247);
#4248=AXIS2_PLACEMENT_3D('',#6450,#5248,#5249);
#4249=AXIS2_PLACEMENT_3D('',#6452,#5251,#5252);
#4250=AXIS2_PLACEMENT_3D('',#6454,#5253,#5254);
#4251=AXIS2_PLACEMENT_3D('',#6457,#5256,#5257);
#4252=AXIS2_PLACEMENT_3D('',#6459,#5258,#5259);
#4253=AXIS2_PLACEMENT_3D('',#6461,#5261,#5262);
#4254=AXIS2_PLACEMENT_3D('',#6463,#5263,#5264);
#4255=AXIS2_PLACEMENT_3D('',#6466,#5266,#5267);
#4256=AXIS2_PLACEMENT_3D('',#6468,#5268,#5269);
#4257=AXIS2_PLACEMENT_3D('',#6470,#5271,#5272);
#4258=AXIS2_PLACEMENT_3D('',#6472,#5273,#5274);
#4259=AXIS2_PLACEMENT_3D('',#6475,#5276,#5277);
#4260=AXIS2_PLACEMENT_3D('',#6477,#5278,#5279);
#4261=AXIS2_PLACEMENT_3D('',#6479,#5281,#5282);
#4262=AXIS2_PLACEMENT_3D('',#6481,#5283,#5284);
#4263=AXIS2_PLACEMENT_3D('',#6484,#5286,#5287);
#4264=AXIS2_PLACEMENT_3D('',#6486,#5288,#5289);
#4265=AXIS2_PLACEMENT_3D('',#6488,#5291,#5292);
#4266=AXIS2_PLACEMENT_3D('',#6490,#5293,#5294);
#4267=AXIS2_PLACEMENT_3D('',#6493,#5296,#5297);
#4268=AXIS2_PLACEMENT_3D('',#6495,#5298,#5299);
#4269=AXIS2_PLACEMENT_3D('',#6497,#5301,#5302);
#4270=AXIS2_PLACEMENT_3D('',#6501,#5305,#5306);
#4271=AXIS2_PLACEMENT_3D('',#6505,#5309,#5310);
#4272=AXIS2_PLACEMENT_3D('',#6507,#5312,#5313);
#4273=AXIS2_PLACEMENT_3D('',#6509,#5315,#5316);
#4274=AXIS2_PLACEMENT_3D('',#6511,#5318,#5319);
#4275=AXIS2_PLACEMENT_3D('',#6513,#5321,#5322);
#4276=AXIS2_PLACEMENT_3D('',#6514,#5323,#5324);
#4277=AXIS2_PLACEMENT_3D('',#6516,#5326,#5327);
#4278=AXIS2_PLACEMENT_3D('',#6521,#5331,#5332);
#4279=AXIS2_PLACEMENT_3D('',#6523,#5334,#5335);
#4280=AXIS2_PLACEMENT_3D('',#6524,#5336,#5337);
#4281=AXIS2_PLACEMENT_3D('',#6528,#5340,#5341);
#4282=AXIS2_PLACEMENT_3D('',#6530,#5343,#5344);
#4283=AXIS2_PLACEMENT_3D('',#6532,#5346,#5347);
#4284=AXIS2_PLACEMENT_3D('',#6538,#5351,#5352);
#4285=AXIS2_PLACEMENT_3D('',#6542,#5355,#5356);
#4286=AXIS2_PLACEMENT_3D('',#6546,#5359,#5360);
#4287=AXIS2_PLACEMENT_3D('',#6548,#5362,#5363);
#4288=AXIS2_PLACEMENT_3D('',#6549,#5364,#5365);
#4289=AXIS2_PLACEMENT_3D('',#6551,#5367,#5368);
#4290=AXIS2_PLACEMENT_3D('',#6554,#5371,#5372);
#4291=AXIS2_PLACEMENT_3D('',#6555,#5373,#5374);
#4292=AXIS2_PLACEMENT_3D('',#6557,#5376,#5377);
#4293=AXIS2_PLACEMENT_3D('',#6559,#5379,#5380);
#4294=AXIS2_PLACEMENT_3D('',#6560,#5381,#5382);
#4295=AXIS2_PLACEMENT_3D('',#6561,#5383,#5384);
#4296=AXIS2_PLACEMENT_3D('',#6562,#5385,#5386);
#4297=AXIS2_PLACEMENT_3D('',#6563,#5387,#5388);
#4298=AXIS2_PLACEMENT_3D('',#6564,#5389,#5390);
#4299=AXIS2_PLACEMENT_3D('',#6565,#5391,#5392);
#4300=AXIS2_PLACEMENT_3D('',#6567,#5393,#5394);
#4301=AXIS2_PLACEMENT_3D('',#6569,#5396,#5397);
#4302=AXIS2_PLACEMENT_3D('',#6571,#5399,#5400);
#4303=AXIS2_PLACEMENT_3D('',#6572,#5401,#5402);
#4304=AXIS2_PLACEMENT_3D('',#6573,#5403,#5404);
#4305=AXIS2_PLACEMENT_3D('',#6574,#5405,#5406);
#4306=AXIS2_PLACEMENT_3D('',#6575,#5407,#5408);
#4307=AXIS2_PLACEMENT_3D('',#6576,#5409,#5410);
#4308=AXIS2_PLACEMENT_3D('',#6577,#5411,#5412);
#4309=AXIS2_PLACEMENT_3D('',#6578,#5413,#5414);
#4310=AXIS2_PLACEMENT_3D('',#6579,#5415,#5416);
#4311=AXIS2_PLACEMENT_3D('',#6580,#5417,#5418);
#4312=AXIS2_PLACEMENT_3D('',#6581,#5419,#5420);
#4313=AXIS2_PLACEMENT_3D('',#6582,#5421,#5422);
#4314=AXIS2_PLACEMENT_3D('',#6583,#5423,#5424);
#4315=AXIS2_PLACEMENT_3D('',#6584,#5425,#5426);
#4316=AXIS2_PLACEMENT_3D('',#6586,#5428,#5429);
#4317=AXIS2_PLACEMENT_3D('',#6587,#5430,#5431);
#4318=AXIS2_PLACEMENT_3D('',#6588,#5432,#5433);
#4319=AXIS2_PLACEMENT_3D('',#6589,#5434,#5435);
#4320=AXIS2_PLACEMENT_3D('',#6590,#5436,#5437);
#4321=AXIS2_PLACEMENT_3D('',#6591,#5438,#5439);
#4322=AXIS2_PLACEMENT_3D('',#6592,#5440,#5441);
#4323=DIRECTION('axis',(0.,0.,1.));
#4324=DIRECTION('refdir',(1.,0.,0.));
#4325=DIRECTION('center_axis',(0.,-1.,0.));
#4326=DIRECTION('ref_axis',(-0.707106799120168,0.,-0.707106763252927));
#4327=DIRECTION('center_axis',(0.,-1.,0.));
#4328=DIRECTION('ref_axis',(-0.707106799120168,0.,-0.707106763252927));
#4329=DIRECTION('',(0.,-1.,0.));
#4330=DIRECTION('center_axis',(0.,-0.992546151641322,-0.121869343405147));
#4331=DIRECTION('ref_axis',(6.61168554333173E-15,0.121869343405148,-0.992546151641322));
#4332=DIRECTION('',(0.,1.,0.));
#4333=DIRECTION('center_axis',(-1.,0.,-1.51509514723972E-14));
#4334=DIRECTION('ref_axis',(1.51509514723972E-14,0.,-1.));
#4335=DIRECTION('',(1.51509514723972E-14,0.,-1.));
#4336=DIRECTION('',(1.51509514723972E-14,0.,-1.));
#4337=DIRECTION('',(0.,-1.,0.));
#4338=DIRECTION('',(1.51509514723972E-14,0.,-1.));
#4339=DIRECTION('',(0.,-1.,0.));
#4340=DIRECTION('',(1.51509514723972E-14,0.,-1.));
#4341=DIRECTION('',(0.,1.,0.));
#4342=DIRECTION('',(1.51509514723972E-14,0.,-1.));
#4343=DIRECTION('',(0.,1.,0.));
#4344=DIRECTION('',(-1.51509514723972E-14,0.,1.));
#4345=DIRECTION('',(0.,1.,0.));
#4346=DIRECTION('',(1.49644181182095E-14,-0.156434465040231,-0.987688340595138));
#4347=DIRECTION('',(1.50380185776323E-14,0.121869343405147,-0.992546151641322));
#4348=DIRECTION('center_axis',(0.,1.,0.));
#4349=DIRECTION('ref_axis',(0.707116532721452,0.,-0.70709702951716));
#4350=DIRECTION('center_axis',(0.,-1.,0.));
#4351=DIRECTION('ref_axis',(0.707116532721452,0.,-0.70709702951716));
#4352=DIRECTION('',(0.,-1.,0.));
#4353=DIRECTION('center_axis',(0.,-0.992546151641322,-0.121869343405147));
#4354=DIRECTION('ref_axis',(-1.2396910393747E-15,0.121869343405147,-0.992546151641322));
#4355=DIRECTION('',(0.,1.,0.));
#4356=DIRECTION('center_axis',(0.,1.,0.));
#4357=DIRECTION('ref_axis',(0.,0.,1.));
#4358=DIRECTION('',(0.999999999999999,0.,-5.07239427665044E-8));
#4359=DIRECTION('',(1.,0.,0.));
#4360=DIRECTION('',(0.,0.,1.));
#4361=DIRECTION('',(-1.,0.,0.));
#4362=DIRECTION('',(0.,0.,-1.));
#4363=DIRECTION('',(1.,0.,0.));
#4364=DIRECTION('',(0.999999999619625,0.,2.75816959938576E-5));
#4365=DIRECTION('',(0.,0.,1.));
#4366=DIRECTION('center_axis',(0.,-1.,0.));
#4367=DIRECTION('ref_axis',(0.707116476864332,0.,-0.707097085375816));
#4368=DIRECTION('',(-0.99999999962397,0.,-2.74237060671371E-5));
#4369=DIRECTION('center_axis',(0.,1.,0.));
#4370=DIRECTION('ref_axis',(0.728630200934485,0.,-0.684907315106338));
#4371=DIRECTION('center_axis',(0.,1.,0.));
#4372=DIRECTION('ref_axis',(0.728630200934485,0.,-0.684907315106338));
#4373=DIRECTION('center_axis',(0.,-1.,0.));
#4374=DIRECTION('ref_axis',(-0.0705719458295451,0.,-0.997506691938371));
#4375=DIRECTION('',(-0.990035339513601,0.,0.140819126947264));
#4376=DIRECTION('',(-0.140819110213717,0.,-0.990035341893721));
#4377=DIRECTION('center_axis',(0.,-1.,0.));
#4378=DIRECTION('ref_axis',(0.600486556114614,0.,-0.79963485162017));
#4379=DIRECTION('',(-0.990035341893721,0.,0.140819110213719));
#4380=DIRECTION('',(-0.140819110213715,0.,-0.990035341893721));
#4381=DIRECTION('center_axis',(0.,-1.,0.));
#4382=DIRECTION('ref_axis',(0.600486556114628,0.,-0.799634851620159));
#4383=DIRECTION('',(-0.990035341893721,0.,0.140819110213717));
#4384=DIRECTION('center_axis',(0.,-1.,0.));
#4385=DIRECTION('ref_axis',(-0.799634851620166,0.,-0.600486556114619));
#4386=DIRECTION('',(0.140819110213716,0.,0.990035341893721));
#4387=DIRECTION('',(-1.,0.,2.28736761149946E-13));
#4388=DIRECTION('',(-1.,0.,1.59004027730869E-10));
#4389=DIRECTION('',(0.140773571624603,0.,-0.990041818072375));
#4390=DIRECTION('center_axis',(0.,-1.,0.));
#4391=DIRECTION('ref_axis',(0.799607230324843,0.,-0.600523336109625));
#4392=DIRECTION('',(-0.990041818072374,0.,-0.140773571624604));
#4393=DIRECTION('center_axis',(0.,-1.,0.));
#4394=DIRECTION('ref_axis',(-0.600523336109623,0.,-0.799607230324844));
#4395=DIRECTION('',(-0.14077357162461,0.,0.990041818072373));
#4396=DIRECTION('',(-0.990041818072374,0.,-0.140773571624604));
#4397=DIRECTION('center_axis',(0.,-1.,0.));
#4398=DIRECTION('ref_axis',(-0.600523336109637,0.,-0.799607230324834));
#4399=DIRECTION('',(-0.140773571624604,0.,0.990041818072374));
#4400=DIRECTION('',(-0.990041824958455,0.,-0.140773523195707));
#4401=DIRECTION('center_axis',(0.,-1.,0.));
#4402=DIRECTION('ref_axis',(0.0705626496155045,0.,-0.997507349586578));
#4403=DIRECTION('center_axis',(0.,1.,0.));
#4404=DIRECTION('ref_axis',(0.728615368802829,0.,-0.68492309374434));
#4405=DIRECTION('',(-1.,0.,1.82836497178517E-13));
#4406=DIRECTION('center_axis',(0.,-1.,0.));
#4407=DIRECTION('ref_axis',(-0.707106781186598,0.,-0.707106781186497));
#4408=DIRECTION('center_axis',(1.,0.,0.));
#4409=DIRECTION('ref_axis',(0.,0.,1.));
#4410=DIRECTION('',(0.,-0.121869343405147,0.992546151641322));
#4411=DIRECTION('',(0.,0.156434465040231,0.987688340595138));
#4412=DIRECTION('',(0.,-1.,0.));
#4413=DIRECTION('',(0.,0.,-1.));
#4414=DIRECTION('',(0.,-1.,0.));
#4415=DIRECTION('',(0.,0.,1.));
#4416=DIRECTION('',(0.,-1.,0.));
#4417=DIRECTION('',(0.,0.,1.));
#4418=DIRECTION('',(0.,1.,0.));
#4419=DIRECTION('',(0.,0.,1.));
#4420=DIRECTION('',(0.,1.,0.));
#4421=DIRECTION('center_axis',(0.,-1.,0.));
#4422=DIRECTION('ref_axis',(0.707116476864332,0.,-0.707097085375816));
#4423=DIRECTION('center_axis',(0.,-1.,0.));
#4424=DIRECTION('ref_axis',(0.707116476864332,0.,-0.707097085375816));
#4425=DIRECTION('',(0.,-1.,0.));
#4426=DIRECTION('center_axis',(2.74237060671371E-5,0.,-0.99999999962397));
#4427=DIRECTION('ref_axis',(0.99999999962397,0.,2.74237060671371E-5));
#4428=DIRECTION('',(0.99999999962397,0.,2.74237060671371E-5));
#4429=DIRECTION('',(0.,1.,0.));
#4430=DIRECTION('',(0.99999999962397,0.,2.74237060671371E-5));
#4431=DIRECTION('',(0.,-1.,0.));
#4432=DIRECTION('center_axis',(0.,-1.,0.));
#4433=DIRECTION('ref_axis',(-0.707106781186598,0.,-0.707106781186497));
#4434=DIRECTION('center_axis',(0.,-1.,0.));
#4435=DIRECTION('ref_axis',(-0.707106781186598,0.,-0.707106781186497));
#4436=DIRECTION('',(0.,1.,0.));
#4437=DIRECTION('center_axis',(-1.82836497178517E-13,0.,-1.));
#4438=DIRECTION('ref_axis',(1.,0.,-1.82836497178517E-13));
#4439=DIRECTION('',(0.,1.,0.));
#4440=DIRECTION('',(1.,0.,-1.82836497178517E-13));
#4441=DIRECTION('',(0.,-1.,0.));
#4442=DIRECTION('',(1.,0.,-1.82836497178517E-13));
#4443=DIRECTION('center_axis',(0.,1.,0.));
#4444=DIRECTION('ref_axis',(-0.86609200554862,0.,0.499884624613289));
#4445=DIRECTION('center_axis',(0.,-1.,0.));
#4446=DIRECTION('ref_axis',(-0.86609200554862,0.,0.499884624613289));
#4447=DIRECTION('',(0.,-1.,0.));
#4448=DIRECTION('center_axis',(6.05850505578779E-17,-0.987688340595138,
0.156434465040231));
#4449=DIRECTION('ref_axis',(1.02801969082738E-15,0.156434465040231,0.987688340595138));
#4450=DIRECTION('center_axis',(0.,1.,0.));
#4451=DIRECTION('ref_axis',(0.,0.,1.));
#4452=DIRECTION('center_axis',(0.,-1.,0.));
#4453=DIRECTION('ref_axis',(-0.707106781186557,0.,0.707106781186538));
#4454=DIRECTION('',(1.,0.,-1.23268812580027E-16));
#4455=DIRECTION('',(0.,0.,1.));
#4456=DIRECTION('center_axis',(0.,-1.,0.));
#4457=DIRECTION('ref_axis',(-0.707106781186551,0.,0.707106781186544));
#4458=DIRECTION('',(1.,0.,0.));
#4459=DIRECTION('',(0.,0.,1.));
#4460=DIRECTION('center_axis',(0.,-1.,0.));
#4461=DIRECTION('ref_axis',(-0.733113085359461,0.,0.680106759321455));
#4462=DIRECTION('',(0.997190329399952,0.,0.0749095918505387));
#4463=DIRECTION('',(0.990041820303956,0.,0.140773555930189));
#4464=DIRECTION('center_axis',(0.,-1.,0.));
#4465=DIRECTION('ref_axis',(-0.0705626661062503,0.,0.997507348420039));
#4466=DIRECTION('',(1.,0.,-9.47469158629694E-16));
#4467=DIRECTION('center_axis',(0.,1.,0.));
#4468=DIRECTION('ref_axis',(-0.72861538803711,0.,0.684923073283074));
#4469=DIRECTION('',(1.,0.,-1.45861071456461E-8));
#4470=DIRECTION('center_axis',(0.,-1.,0.));
#4471=DIRECTION('ref_axis',(0.0705626796631929,0.,0.997507347461035));
#4472=DIRECTION('',(0.990041818530838,0.,-0.140773568400291));
#4473=DIRECTION('',(0.997190328307313,0.,-0.074909606395664));
#4474=DIRECTION('center_axis',(0.,-1.,0.));
#4475=DIRECTION('ref_axis',(0.733113090319517,0.,0.680106753974821));
#4476=DIRECTION('',(0.,0.,-1.));
#4477=DIRECTION('',(1.,0.,0.));
#4478=DIRECTION('center_axis',(0.,-1.,0.));
#4479=DIRECTION('ref_axis',(0.707106781186541,0.,0.707106781186554));
#4480=DIRECTION('',(0.,0.,-1.));
#4481=DIRECTION('',(1.,0.,0.));
#4482=DIRECTION('center_axis',(0.,-1.,0.));
#4483=DIRECTION('ref_axis',(0.707106781186552,0.,0.707106781186543));
#4484=DIRECTION('center_axis',(0.,-1.,0.));
#4485=DIRECTION('ref_axis',(0.866092008804687,0.,0.49988461897188));
#4486=DIRECTION('',(-0.865892147631841,0.,0.500230735430679));
#4487=DIRECTION('center_axis',(0.,-1.,0.));
#4488=DIRECTION('ref_axis',(0.320264236105331,0.,0.947328253073806));
#4489=DIRECTION('',(-0.991799818351917,0.,0.127801096697581));
#4490=DIRECTION('center_axis',(0.,-1.,0.));
#4491=DIRECTION('ref_axis',(0.064031955226056,0.,0.99794784869247));
#4492=DIRECTION('',(-1.,0.,7.29305387946193E-9));
#4493=DIRECTION('',(-1.,0.,0.));
#4494=DIRECTION('center_axis',(0.,-1.,0.));
#4495=DIRECTION('ref_axis',(-0.0640319438904264,0.,0.997947849419805));
#4496=DIRECTION('',(-0.991799820323227,0.,-0.127801081399241));
#4497=DIRECTION('center_axis',(0.,-1.,0.));
#4498=DIRECTION('ref_axis',(-0.320264222628586,0.,0.947328257629903));
#4499=DIRECTION('',(-0.865892154148498,0.,-0.500230724150441));
#4500=DIRECTION('center_axis',(0.,-1.,0.));
#4501=DIRECTION('ref_axis',(-0.707106781186557,0.,0.707106781186538));
#4502=DIRECTION('center_axis',(0.,-1.,0.));
#4503=DIRECTION('ref_axis',(-0.707106781186557,0.,0.707106781186538));
#4504=DIRECTION('',(0.,-1.,0.));
#4505=DIRECTION('center_axis',(0.,1.,0.));
#4506=DIRECTION('ref_axis',(0.,0.,1.));
#4507=DIRECTION('center_axis',(0.,-1.,0.));
#4508=DIRECTION('ref_axis',(0.707106783022733,0.,-0.707106779350362));
#4509=DIRECTION('',(-1.,0.,-5.19351691976997E-9));
#4510=DIRECTION('',(-0.0764722309729023,0.,-0.997071711508268));
#4511=DIRECTION('center_axis',(0.,-1.,0.));
#4512=DIRECTION('ref_axis',(0.650215990425688,0.,-0.759749409867979));
#4513=DIRECTION('',(-0.996919517644012,0.,0.0784313415697467));
#4514=DIRECTION('center_axis',(0.,-1.,0.));
#4515=DIRECTION('ref_axis',(-0.109656509377642,0.,-0.993969541762277));
#4516=DIRECTION('',(-0.99004178466116,0.,0.14077380660103));
#4517=DIRECTION('center_axis',(0.,-1.,0.));
#4518=DIRECTION('ref_axis',(-0.79960737285297,0.,-0.600523146330907));
#4519=DIRECTION('',(0.14077380660103,0.,0.99004178466116));
#4520=DIRECTION('',(-0.990041786700341,0.,0.140773792259768));
#4521=DIRECTION('center_axis',(0.,-1.,0.));
#4522=DIRECTION('ref_axis',(-0.799607368503527,0.,-0.600523152122269));
#4523=DIRECTION('',(0.140773806601031,0.,0.99004178466116));
#4524=DIRECTION('',(-0.990041787794309,0.,0.14077378456605));
#4525=DIRECTION('center_axis',(0.,-1.,0.));
#4526=DIRECTION('ref_axis',(-0.799607366170162,0.,-0.600523155229186));
#4527=DIRECTION('',(0.140773806601031,0.,0.99004178466116));
#4528=DIRECTION('',(-0.990041788252146,0.,0.140773781346151));
#4529=DIRECTION('center_axis',(0.,-1.,0.));
#4530=DIRECTION('ref_axis',(-0.799607365193626,0.,-0.600523156529461));
#4531=DIRECTION('',(0.140773806601029,0.,0.990041784661161));
#4532=DIRECTION('center_axis',(0.,-1.,0.));
#4533=DIRECTION('ref_axis',(-0.600523241679227,0.,0.799607301244225));
#4534=DIRECTION('',(0.990041818233975,0.,-0.140773570488092));
#4535=DIRECTION('',(0.996918634902478,0.,-0.0784425610506167));
#4536=DIRECTION('center_axis',(0.,-1.,0.));
#4537=DIRECTION('ref_axis',(0.759753068671424,0.,0.65021171524693));
#4538=DIRECTION('',(-0.0764722309729082,0.,-0.997071711508268));
#4539=DIRECTION('',(1.,0.,0.));
#4540=DIRECTION('center_axis',(0.,-1.,0.));
#4541=DIRECTION('ref_axis',(0.707106781186552,0.,0.707106781186543));
#4542=DIRECTION('center_axis',(0.,-1.,0.));
#4543=DIRECTION('ref_axis',(0.707106781186552,0.,0.707106781186543));
#4544=DIRECTION('',(-1.,0.,0.));
#4545=DIRECTION('',(0.,0.,1.));
#4546=DIRECTION('center_axis',(0.,-1.,0.));
#4547=DIRECTION('ref_axis',(0.733113090319517,0.,0.680106753974821));
#4548=DIRECTION('',(-0.997190328307313,0.,0.074909606395664));
#4549=DIRECTION('',(-0.990041818530838,0.,0.140773568400291));
#4550=DIRECTION('center_axis',(0.,-1.,0.));
#4551=DIRECTION('ref_axis',(0.0705626796631929,0.,0.997507347461035));
#4552=DIRECTION('',(-1.,0.,1.45861071456462E-8));
#4553=DIRECTION('',(-1.,0.,9.47469158629694E-16));
#4554=DIRECTION('center_axis',(0.,-1.,0.));
#4555=DIRECTION('ref_axis',(-0.0705626661062503,0.,0.997507348420039));
#4556=DIRECTION('',(-0.990041820303956,0.,-0.140773555930189));
#4557=DIRECTION('',(-0.997190329399952,0.,-0.0749095918505387));
#4558=DIRECTION('center_axis',(0.,-1.,0.));
#4559=DIRECTION('ref_axis',(-0.733113085359461,0.,0.680106759321455));
#4560=DIRECTION('',(0.,0.,-1.));
#4561=DIRECTION('',(-1.,0.,1.23268812580027E-16));
#4562=DIRECTION('center_axis',(0.,-1.,0.));
#4563=DIRECTION('ref_axis',(-0.707106781186546,0.,0.707106781186549));
#4564=DIRECTION('',(1.,0.,-1.4801629982016E-14));
#4565=DIRECTION('',(-0.0764596326037235,0.,0.997072677683078));
#4566=DIRECTION('center_axis',(0.,-1.,0.));
#4567=DIRECTION('ref_axis',(-0.759744860712668,0.,0.650221305880305));
#4568=DIRECTION('',(0.996919624100387,0.,0.0784299884198837));
#4569=DIRECTION('',(0.990041820306071,0.,0.140773555915308));
#4570=DIRECTION('center_axis',(0.,-1.,0.));
#4571=DIRECTION('ref_axis',(0.600523348796207,0.,0.799607220796929));
#4572=DIRECTION('',(0.140773555917877,0.,-0.990041820305706));
#4573=DIRECTION('center_axis',(0.,-1.,0.));
#4574=DIRECTION('ref_axis',(0.799607220796944,0.,-0.600523348796187));
#4575=DIRECTION('',(-0.990041820306066,0.,-0.140773555915346));
#4576=DIRECTION('',(0.140773551100193,0.,-0.99004182099073));
#4577=DIRECTION('center_axis',(0.,-1.,0.));
#4578=DIRECTION('ref_axis',(0.799607219369196,0.,-0.600523350697259));
#4579=DIRECTION('',(-0.990041820290423,0.,-0.140773556025363));
#4580=DIRECTION('',(0.140773566868376,0.,-0.99004181874866));
#4581=DIRECTION('center_axis',(0.,-1.,0.));
#4582=DIRECTION('ref_axis',(0.799607227439887,0.,-0.600523339950994));
#4583=DIRECTION('',(-0.99004181874866,0.,-0.140773566868376));
#4584=DIRECTION('',(0.140773552408159,0.,-0.990041820804751));
#4585=DIRECTION('center_axis',(0.,-1.,0.));
#4586=DIRECTION('ref_axis',(0.799607219733278,0.,-0.600523350212477));
#4587=DIRECTION('',(-0.990041820305706,0.,-0.140773555917878));
#4588=DIRECTION('center_axis',(0.,-1.,0.));
#4589=DIRECTION('ref_axis',(0.109650458741681,0.,-0.99397020926069));
#4590=DIRECTION('',(-0.996920452591012,0.,-0.0784194568058961));
#4591=DIRECTION('center_axis',(0.,-1.,0.));
#4592=DIRECTION('ref_axis',(-0.650225335967459,0.,-0.759741411577654));
#4593=DIRECTION('',(-0.076459587808256,0.,0.997072681118178));
#4594=DIRECTION('',(-1.,0.,0.));
#4595=DIRECTION('center_axis',(0.,-1.,0.));
#4596=DIRECTION('ref_axis',(-0.707106781186535,0.,-0.70710678118656));
#4597=DIRECTION('center_axis',(0.,-1.,0.));
#4598=DIRECTION('ref_axis',(0.0705626496155045,0.,-0.997507349586578));
#4599=DIRECTION('',(0.990041824958455,0.,0.140773523195707));
#4600=DIRECTION('',(1.,0.,-1.59004027730869E-10));
#4601=DIRECTION('',(1.,0.,-2.28736761149946E-13));
#4602=DIRECTION('',(0.990035339513601,0.,-0.140819126947264));
#4603=DIRECTION('center_axis',(0.,-1.,0.));
#4604=DIRECTION('ref_axis',(-0.0705719458295451,0.,-0.997506691938371));
#4605=DIRECTION('',(1.,0.,0.));
#4606=DIRECTION('',(0.,0.,-1.));
#4607=DIRECTION('',(-1.,0.,0.));
#4608=DIRECTION('',(0.,0.,1.));
#4609=DIRECTION('center_axis',(0.,1.,0.));
#4610=DIRECTION('ref_axis',(0.866092008804687,0.,0.49988461897188));
#4611=DIRECTION('center_axis',(6.05850505578779E-17,-0.987688340595138,
0.156434465040231));
#4612=DIRECTION('ref_axis',(9.59485044772219E-16,0.156434465040231,0.987688340595138));
#4613=DIRECTION('',(0.,1.,0.));
#4614=DIRECTION('center_axis',(0.500230735430679,0.,0.865892147631841));
#4615=DIRECTION('ref_axis',(-0.865892147631841,0.,0.500230735430679));
#4616=DIRECTION('',(-0.863187187777802,0.0789812623824087,0.49866806499788));
#4617=DIRECTION('',(0.,-1.,0.));
#4618=DIRECTION('center_axis',(0.,-1.,0.));
#4619=DIRECTION('ref_axis',(0.707106781186552,0.,0.707106781186543));
#4620=DIRECTION('',(0.,1.,0.));
#4621=DIRECTION('center_axis',(0.,0.,1.));
#4622=DIRECTION('ref_axis',(-1.,0.,0.));
#4623=DIRECTION('',(0.,1.,0.));
#4624=DIRECTION('',(-1.,0.,0.));
#4625=DIRECTION('',(0.,-1.,0.));
#4626=DIRECTION('center_axis',(0.,1.,0.));
#4627=DIRECTION('ref_axis',(-0.707106781186546,0.,0.707106781186549));
#4628=DIRECTION('center_axis',(0.,1.,0.));
#4629=DIRECTION('ref_axis',(-0.707106781186546,0.,0.707106781186549));
#4630=DIRECTION('',(0.,-1.,0.));
#4631=DIRECTION('center_axis',(0.,1.,0.));
#4632=DIRECTION('ref_axis',(-0.707106781186535,0.,-0.70710678118656));
#4633=DIRECTION('',(0.,1.,0.));
#4634=DIRECTION('center_axis',(0.,1.,0.));
#4635=DIRECTION('ref_axis',(-0.707106781186535,0.,-0.70710678118656));
#4636=DIRECTION('center_axis',(0.,0.,-1.));
#4637=DIRECTION('ref_axis',(-1.,0.,0.));
#4638=DIRECTION('',(0.,1.,0.));
#4639=DIRECTION('',(1.,0.,0.));
#4640=DIRECTION('center_axis',(0.,1.,0.));
#4641=DIRECTION('ref_axis',(0.707106783022733,0.,-0.707106779350362));
#4642=DIRECTION('center_axis',(0.,1.,0.));
#4643=DIRECTION('ref_axis',(0.707106783022733,0.,-0.707106779350362));
#4644=DIRECTION('',(0.,-1.,0.));
#4645=DIRECTION('center_axis',(0.,1.,0.));
#4646=DIRECTION('ref_axis',(0.707106781186552,0.,0.707106781186543));
#4647=DIRECTION('',(0.,1.,0.));
#4648=DIRECTION('center_axis',(0.,1.,0.));
#4649=DIRECTION('ref_axis',(0.707106781186552,0.,0.707106781186543));
#4650=DIRECTION('center_axis',(0.,0.,1.));
#4651=DIRECTION('ref_axis',(1.,0.,0.));
#4652=DIRECTION('',(0.,1.,0.));
#4653=DIRECTION('',(-1.,0.,0.));
#4654=DIRECTION('center_axis',(0.,1.,0.));
#4655=DIRECTION('ref_axis',(-0.320264222628586,0.,0.947328257629903));
#4656=DIRECTION('',(0.,-1.,0.));
#4657=DIRECTION('center_axis',(6.05850505578779E-17,-0.987688340595138,
0.156434465040231));
#4658=DIRECTION('ref_axis',(-1.71336615137896E-15,0.156434465040231,0.987688340595138));
#4659=DIRECTION('',(0.,1.,0.));
#4660=DIRECTION('center_axis',(-0.127801081399241,0.,0.991799820323227));
#4661=DIRECTION('ref_axis',(-0.991799820323227,0.,-0.127801081399241));
#4662=DIRECTION('',(0.,1.,0.));
#4663=DIRECTION('',(-0.99159669938959,-0.0202375572428223,-0.127774907695192));
#4664=DIRECTION('center_axis',(0.,1.,0.));
#4665=DIRECTION('ref_axis',(0.064031955226056,0.,0.99794784869247));
#4666=DIRECTION('',(0.,-1.,0.));
#4667=DIRECTION('center_axis',(6.05850505578779E-17,-0.987688340595138,
0.156434465040231));
#4668=DIRECTION('ref_axis',(7.71014768120533E-16,0.156434465040231,0.987688340595138));
#4669=DIRECTION('',(0.,1.,0.));
#4670=DIRECTION('center_axis',(0.127801096697581,0.,0.991799818351917));
#4671=DIRECTION('ref_axis',(-0.991799818351917,0.,0.127801096697581));
#4672=DIRECTION('',(0.,1.,0.));
#4673=DIRECTION('',(-0.99159669737007,0.0202375596643528,0.127774922984134));
#4674=DIRECTION('center_axis',(0.,1.,0.));
#4675=DIRECTION('ref_axis',(-0.0640319438904264,0.,0.997947849419805));
#4676=DIRECTION('',(0.,-1.,0.));
#4677=DIRECTION('center_axis',(6.05850505578779E-17,-0.987688340595138,
0.156434465040231));
#4678=DIRECTION('ref_axis',(6.16811814496426E-16,0.156434465040231,0.987688340595138));
#4679=DIRECTION('center_axis',(0.,0.,1.));
#4680=DIRECTION('ref_axis',(-1.,0.,0.));
#4681=DIRECTION('',(0.,1.,0.));
#4682=DIRECTION('',(-1.,-6.13402508339544E-17,0.));
#4683=DIRECTION('center_axis',(0.,1.,0.));
#4684=DIRECTION('ref_axis',(0.320264236105331,0.,0.947328253073806));
#4685=DIRECTION('center_axis',(6.05850505578779E-17,-0.987688340595138,
0.156434465040231));
#4686=DIRECTION('ref_axis',(-8.9095039871706E-16,0.156434465040231,0.987688340595138));
#4687=DIRECTION('center_axis',(0.,0.,1.));
#4688=DIRECTION('ref_axis',(0.707106781186548,-0.707106781186548,0.));
#4689=DIRECTION('center_axis',(0.,0.,-1.));
#4690=DIRECTION('ref_axis',(0.707106781186548,-0.707106781186548,0.));
#4691=DIRECTION('',(0.,0.,1.));
#4692=DIRECTION('center_axis',(0.,0.,1.));
#4693=DIRECTION('ref_axis',(0.707106781186548,-0.707106781186548,0.));
#4694=DIRECTION('',(0.,0.,-1.));
#4695=DIRECTION('center_axis',(4.62592926927149E-17,-1.,0.));
#4696=DIRECTION('ref_axis',(1.,4.62592926927149E-17,0.));
#4697=DIRECTION('',(1.,4.62592926927149E-17,0.));
#4698=DIRECTION('',(0.,0.,-1.));
#4699=DIRECTION('',(-1.,-4.62592926927149E-17,0.));
#4700=DIRECTION('center_axis',(0.,0.,1.));
#4701=DIRECTION('ref_axis',(-0.707106781186547,-0.707106781186548,0.));
#4702=DIRECTION('center_axis',(0.,0.,-1.));
#4703=DIRECTION('ref_axis',(-0.707106781186547,-0.707106781186548,0.));
#4704=DIRECTION('',(0.,0.,1.));
#4705=DIRECTION('center_axis',(0.,0.,1.));
#4706=DIRECTION('ref_axis',(-0.707106781186547,-0.707106781186548,0.));
#4707=DIRECTION('center_axis',(-1.,1.63268091856641E-16,0.));
#4708=DIRECTION('ref_axis',(-1.63268091856641E-16,-1.,0.));
#4709=DIRECTION('',(-1.63268091856641E-16,-1.,0.));
#4710=DIRECTION('',(0.,0.,-1.));
#4711=DIRECTION('',(1.63268091856641E-16,1.,0.));
#4712=DIRECTION('center_axis',(0.,0.,1.));
#4713=DIRECTION('ref_axis',(0.707106781186548,0.707106781186547,0.));
#4714=DIRECTION('center_axis',(0.,0.,1.));
#4715=DIRECTION('ref_axis',(0.707106781186548,0.707106781186547,0.));
#4716=DIRECTION('center_axis',(0.,0.,-1.));
#4717=DIRECTION('ref_axis',(0.707106781186548,0.707106781186547,0.));
#4718=DIRECTION('',(0.,0.,1.));
#4719=DIRECTION('center_axis',(0.,0.,1.));
#4720=DIRECTION('ref_axis',(-0.707106781186548,0.707106781186547,0.));
#4721=DIRECTION('center_axis',(0.,0.,1.));
#4722=DIRECTION('ref_axis',(-0.707106781186548,0.707106781186547,0.));
#4723=DIRECTION('center_axis',(0.,0.,-1.));
#4724=DIRECTION('ref_axis',(-0.707106781186548,0.707106781186547,0.));
#4725=DIRECTION('center_axis',(0.,1.,0.));
#4726=DIRECTION('ref_axis',(0.650215990425688,0.,-0.759749409867979));
#4727=DIRECTION('',(0.,1.,0.));
#4728=DIRECTION('center_axis',(0.,1.,0.));
#4729=DIRECTION('ref_axis',(0.650215990425688,0.,-0.759749409867979));
#4730=DIRECTION('',(0.,-1.,0.));
#4731=DIRECTION('center_axis',(0.997071711508268,0.,-0.0764722309729023));
#4732=DIRECTION('ref_axis',(-0.0764722309729023,0.,-0.997071711508268));
#4733=DIRECTION('',(0.,1.,0.));
#4734=DIRECTION('',(0.0764722309729023,0.,0.997071711508268));
#4735=DIRECTION('center_axis',(0.,1.,0.));
#4736=DIRECTION('ref_axis',(-0.109656509377642,0.,-0.993969541762277));
#4737=DIRECTION('',(0.,1.,0.));
#4738=DIRECTION('center_axis',(0.,1.,0.));
#4739=DIRECTION('ref_axis',(-0.109656509377642,0.,-0.993969541762277));
#4740=DIRECTION('',(0.,-1.,0.));
#4741=DIRECTION('center_axis',(-0.0784313415697467,0.,-0.996919517644012));
#4742=DIRECTION('ref_axis',(-0.996919517644012,0.,0.0784313415697467));
#4743=DIRECTION('',(0.996919517644012,0.,-0.0784313415697467));
#4744=DIRECTION('center_axis',(0.,1.,0.));
#4745=DIRECTION('ref_axis',(0.759753068671424,0.,0.65021171524693));
#4746=DIRECTION('',(0.,1.,0.));
#4747=DIRECTION('center_axis',(0.,1.,0.));
#4748=DIRECTION('ref_axis',(0.759753068671424,0.,0.65021171524693));
#4749=DIRECTION('',(0.,-1.,0.));
#4750=DIRECTION('center_axis',(0.0784425610506167,0.,0.996918634902478));
#4751=DIRECTION('ref_axis',(0.996918634902478,0.,-0.0784425610506167));
#4752=DIRECTION('',(0.,1.,0.));
#4753=DIRECTION('',(-0.996918634902478,0.,0.0784425610506167));
#4754=DIRECTION('center_axis',(0.,1.,0.));
#4755=DIRECTION('ref_axis',(-0.600523241679227,0.,0.799607301244225));
#4756=DIRECTION('',(0.,1.,0.));
#4757=DIRECTION('center_axis',(0.,1.,0.));
#4758=DIRECTION('ref_axis',(-0.600523241679227,0.,0.799607301244225));
#4759=DIRECTION('',(0.,-1.,0.));
#4760=DIRECTION('center_axis',(-0.990041784661161,0.,0.140773806601029));
#4761=DIRECTION('ref_axis',(0.140773806601029,0.,0.990041784661161));
#4762=DIRECTION('',(0.,-1.,0.));
#4763=DIRECTION('',(-0.140773806601029,0.,-0.990041784661161));
#4764=DIRECTION('center_axis',(0.,1.,0.));
#4765=DIRECTION('ref_axis',(-0.799607365193626,0.,-0.600523156529461));
#4766=DIRECTION('',(0.,1.,0.));
#4767=DIRECTION('center_axis',(0.,1.,0.));
#4768=DIRECTION('ref_axis',(-0.799607365193626,0.,-0.600523156529461));
#4769=DIRECTION('center_axis',(-0.140773781346151,0.,-0.990041788252146));
#4770=DIRECTION('ref_axis',(-0.990041788252146,0.,0.140773781346151));
#4771=DIRECTION('',(0.,1.,0.));
#4772=DIRECTION('',(0.990041788252146,0.,-0.140773781346151));
#4773=DIRECTION('center_axis',(0.,1.,0.));
#4774=DIRECTION('ref_axis',(-0.799607366170162,0.,-0.600523155229186));
#4775=DIRECTION('',(0.,1.,0.));
#4776=DIRECTION('center_axis',(0.,1.,0.));
#4777=DIRECTION('ref_axis',(-0.799607366170162,0.,-0.600523155229186));
#4778=DIRECTION('',(0.,-1.,0.));
#4779=DIRECTION('center_axis',(-0.14077378456605,0.,-0.990041787794309));
#4780=DIRECTION('ref_axis',(-0.990041787794309,0.,0.14077378456605));
#4781=DIRECTION('',(0.,1.,0.));
#4782=DIRECTION('',(0.990041787794309,0.,-0.14077378456605));
#4783=DIRECTION('center_axis',(0.,1.,0.));
#4784=DIRECTION('ref_axis',(-0.799607368503527,0.,-0.600523152122269));
#4785=DIRECTION('',(0.,1.,0.));
#4786=DIRECTION('center_axis',(0.,1.,0.));
#4787=DIRECTION('ref_axis',(-0.799607368503527,0.,-0.600523152122269));
#4788=DIRECTION('',(0.,-1.,0.));
#4789=DIRECTION('center_axis',(-0.140773792259768,0.,-0.990041786700341));
#4790=DIRECTION('ref_axis',(-0.990041786700341,0.,0.140773792259768));
#4791=DIRECTION('',(0.,1.,0.));
#4792=DIRECTION('',(0.990041786700341,0.,-0.140773792259768));
#4793=DIRECTION('center_axis',(0.,1.,0.));
#4794=DIRECTION('ref_axis',(-0.79960737285297,0.,-0.600523146330907));
#4795=DIRECTION('',(0.,1.,0.));
#4796=DIRECTION('center_axis',(0.,1.,0.));
#4797=DIRECTION('ref_axis',(-0.79960737285297,0.,-0.600523146330907));
#4798=DIRECTION('',(0.,-1.,0.));
#4799=DIRECTION('center_axis',(-0.14077380660103,0.,-0.990041784661161));
#4800=DIRECTION('ref_axis',(-0.99004178466116,0.,0.14077380660103));
#4801=DIRECTION('',(0.99004178466116,0.,-0.14077380660103));
#4802=DIRECTION('center_axis',(0.,1.,0.));
#4803=DIRECTION('ref_axis',(-0.759744860712668,0.,0.650221305880305));
#4804=DIRECTION('',(0.,1.,0.));
#4805=DIRECTION('center_axis',(0.,1.,0.));
#4806=DIRECTION('ref_axis',(-0.759744860712668,0.,0.650221305880305));
#4807=DIRECTION('',(0.,-1.,0.));
#4808=DIRECTION('center_axis',(-0.997072677683078,0.,-0.0764596326037235));
#4809=DIRECTION('ref_axis',(-0.0764596326037235,0.,0.997072677683078));
#4810=DIRECTION('',(0.,1.,0.));
#4811=DIRECTION('',(0.0764596326037235,0.,-0.997072677683078));
#4812=DIRECTION('center_axis',(0.,1.,0.));
#4813=DIRECTION('ref_axis',(0.600523348796207,0.,0.799607220796929));
#4814=DIRECTION('',(0.,1.,0.));
#4815=DIRECTION('center_axis',(0.,1.,0.));
#4816=DIRECTION('ref_axis',(0.600523348796207,0.,0.799607220796929));
#4817=DIRECTION('',(0.,-1.,0.));
#4818=DIRECTION('center_axis',(-0.140773555915308,0.,0.990041820306071));
#4819=DIRECTION('ref_axis',(0.990041820306071,0.,0.140773555915308));
#4820=DIRECTION('',(0.,1.,0.));
#4821=DIRECTION('',(-0.990041820306071,0.,-0.140773555915308));
#4822=DIRECTION('center_axis',(0.,1.,0.));
#4823=DIRECTION('ref_axis',(0.799607220796944,0.,-0.600523348796187));
#4824=DIRECTION('',(0.,1.,0.));
#4825=DIRECTION('center_axis',(0.,1.,0.));
#4826=DIRECTION('ref_axis',(0.799607220796944,0.,-0.600523348796187));
#4827=DIRECTION('',(0.,-1.,0.));
#4828=DIRECTION('center_axis',(0.990041820305706,0.,0.140773555917877));
#4829=DIRECTION('ref_axis',(0.140773555917877,0.,-0.990041820305706));
#4830=DIRECTION('',(-0.140773555917877,0.,0.990041820305706));
#4831=DIRECTION('center_axis',(0.,1.,0.));
#4832=DIRECTION('ref_axis',(0.799607219369196,0.,-0.600523350697259));
#4833=DIRECTION('',(0.,1.,0.));
#4834=DIRECTION('center_axis',(0.,1.,0.));
#4835=DIRECTION('ref_axis',(0.799607219369196,0.,-0.600523350697259));
#4836=DIRECTION('',(0.,-1.,0.));
#4837=DIRECTION('center_axis',(0.99004182099073,0.,0.140773551100193));
#4838=DIRECTION('ref_axis',(0.140773551100193,0.,-0.99004182099073));
#4839=DIRECTION('',(0.,1.,0.));
#4840=DIRECTION('',(-0.140773551100193,0.,0.99004182099073));
#4841=DIRECTION('center_axis',(0.,1.,0.));
#4842=DIRECTION('ref_axis',(0.799607227439887,0.,-0.600523339950994));
#4843=DIRECTION('',(0.,1.,0.));
#4844=DIRECTION('center_axis',(0.,1.,0.));
#4845=DIRECTION('ref_axis',(0.799607227439887,0.,-0.600523339950994));
#4846=DIRECTION('',(0.,-1.,0.));
#4847=DIRECTION('center_axis',(0.99004181874866,0.,0.140773566868376));
#4848=DIRECTION('ref_axis',(0.140773566868376,0.,-0.99004181874866));
#4849=DIRECTION('',(0.,1.,0.));
#4850=DIRECTION('',(-0.140773566868376,0.,0.99004181874866));
#4851=DIRECTION('center_axis',(0.,1.,0.));
#4852=DIRECTION('ref_axis',(0.799607219733278,0.,-0.600523350212477));
#4853=DIRECTION('',(0.,1.,0.));
#4854=DIRECTION('center_axis',(0.,1.,0.));
#4855=DIRECTION('ref_axis',(0.799607219733278,0.,-0.600523350212477));
#4856=DIRECTION('',(0.,-1.,0.));
#4857=DIRECTION('center_axis',(0.990041820804751,0.,0.140773552408159));
#4858=DIRECTION('ref_axis',(0.140773552408159,0.,-0.990041820804751));
#4859=DIRECTION('',(0.,1.,0.));
#4860=DIRECTION('',(-0.140773552408159,0.,0.990041820804751));
#4861=DIRECTION('center_axis',(0.,1.,0.));
#4862=DIRECTION('ref_axis',(0.109650458741681,0.,-0.99397020926069));
#4863=DIRECTION('',(0.,1.,0.));
#4864=DIRECTION('center_axis',(0.,1.,0.));
#4865=DIRECTION('ref_axis',(0.109650458741681,0.,-0.99397020926069));
#4866=DIRECTION('',(0.,-1.,0.));
#4867=DIRECTION('center_axis',(0.140773555917878,0.,-0.990041820305706));
#4868=DIRECTION('ref_axis',(-0.990041820305706,0.,-0.140773555917878));
#4869=DIRECTION('',(0.990041820305706,0.,0.140773555917878));
#4870=DIRECTION('center_axis',(0.,1.,0.));
#4871=DIRECTION('ref_axis',(-0.650225335967459,0.,-0.759741411577654));
#4872=DIRECTION('',(0.,1.,0.));
#4873=DIRECTION('center_axis',(0.,1.,0.));
#4874=DIRECTION('ref_axis',(-0.650225335967459,0.,-0.759741411577654));
#4875=DIRECTION('',(0.,-1.,0.));
#4876=DIRECTION('center_axis',(0.0784194568058961,0.,-0.996920452591012));
#4877=DIRECTION('ref_axis',(-0.996920452591012,0.,-0.0784194568058961));
#4878=DIRECTION('',(0.996920452591012,0.,0.0784194568058961));
#4879=DIRECTION('center_axis',(0.,-1.,0.));
#4880=DIRECTION('ref_axis',(0.0705626496155045,0.,-0.997507349586578));
#4881=DIRECTION('center_axis',(0.,-1.,0.));
#4882=DIRECTION('ref_axis',(0.0705626496155045,0.,-0.997507349586578));
#4883=DIRECTION('',(0.,-1.,0.));
#4884=DIRECTION('',(0.,1.,0.));
#4885=DIRECTION('center_axis',(0.,1.,0.));
#4886=DIRECTION('ref_axis',(0.799607230324843,0.,-0.600523336109625));
#4887=DIRECTION('center_axis',(0.,-1.,0.));
#4888=DIRECTION('ref_axis',(0.799607230324843,0.,-0.600523336109625));
#4889=DIRECTION('',(0.,-1.,0.));
#4890=DIRECTION('',(0.,1.,0.));
#4891=DIRECTION('center_axis',(0.990041818072375,0.,0.140773571624603));
#4892=DIRECTION('ref_axis',(0.140773571624603,0.,-0.990041818072375));
#4893=DIRECTION('',(0.,-1.,0.));
#4894=DIRECTION('',(0.140773571624603,0.,-0.990041818072375));
#4895=DIRECTION('center_axis',(0.,1.,0.));
#4896=DIRECTION('ref_axis',(-0.600523336109623,0.,-0.799607230324844));
#4897=DIRECTION('center_axis',(0.,-1.,0.));
#4898=DIRECTION('ref_axis',(-0.600523336109623,0.,-0.799607230324844));
#4899=DIRECTION('',(0.,-1.,0.));
#4900=DIRECTION('',(0.,1.,0.));
#4901=DIRECTION('center_axis',(0.140773571624604,0.,-0.990041818072374));
#4902=DIRECTION('ref_axis',(-0.990041818072374,0.,-0.140773571624604));
#4903=DIRECTION('',(-0.990041818072374,0.,-0.140773571624604));
#4904=DIRECTION('center_axis',(0.,-1.,0.));
#4905=DIRECTION('ref_axis',(-0.600523336109637,0.,-0.799607230324834));
#4906=DIRECTION('center_axis',(0.,-1.,0.));
#4907=DIRECTION('ref_axis',(-0.600523336109637,0.,-0.799607230324834));
#4908=DIRECTION('',(0.,-1.,0.));
#4909=DIRECTION('',(0.,1.,0.));
#4910=DIRECTION('center_axis',(0.,1.,0.));
#4911=DIRECTION('ref_axis',(0.,0.,1.));
#4912=DIRECTION('',(-0.990041818072374,0.,-0.140773571624604));
#4913=DIRECTION('',(0.14077357162461,0.,-0.990041818072373));
#4914=DIRECTION('',(0.990041824958455,0.,0.140773523195707));
#4915=DIRECTION('',(-0.140773571624604,0.,0.990041818072374));
#4916=DIRECTION('center_axis',(0.140773571624604,0.,-0.990041818072374));
#4917=DIRECTION('ref_axis',(-0.990041818072374,0.,-0.140773571624604));
#4918=DIRECTION('',(0.,-1.,0.));
#4919=DIRECTION('center_axis',(0.,1.,0.));
#4920=DIRECTION('ref_axis',(-0.707106781186551,0.,0.707106781186544));
#4921=DIRECTION('center_axis',(0.,-1.,0.));
#4922=DIRECTION('ref_axis',(-0.707106781186551,0.,0.707106781186544));
#4923=DIRECTION('',(0.,-1.,0.));
#4924=DIRECTION('',(0.,1.,0.));
#4925=DIRECTION('center_axis',(-1.,0.,0.));
#4926=DIRECTION('ref_axis',(0.,0.,1.));
#4927=DIRECTION('',(0.,-1.,0.));
#4928=DIRECTION('',(0.,0.,1.));
#4929=DIRECTION('center_axis',(0.,-1.,0.));
#4930=DIRECTION('ref_axis',(-0.733113085359461,0.,0.680106759321455));
#4931=DIRECTION('',(0.,-1.,0.));
#4932=DIRECTION('',(0.,1.,0.));
#4933=DIRECTION('center_axis',(-0.0749095918505387,0.,0.997190329399953));
#4934=DIRECTION('ref_axis',(-0.997190329399952,0.,-0.0749095918505387));
#4935=DIRECTION('',(0.,-1.,0.));
#4936=DIRECTION('center_axis',(0.,-1.,0.));
#4937=DIRECTION('ref_axis',(-0.0705626661062503,0.,0.997507348420039));
#4938=DIRECTION('',(0.,-1.,0.));
#4939=DIRECTION('',(0.,1.,0.));
#4940=DIRECTION('center_axis',(9.47469158629694E-16,0.,1.));
#4941=DIRECTION('ref_axis',(-1.,0.,9.47469158629694E-16));
#4942=DIRECTION('',(0.,-1.,0.));
#4943=DIRECTION('',(-1.,0.,9.47469158629694E-16));
#4944=DIRECTION('',(0.,-1.,0.));
#4945=DIRECTION('center_axis',(0.,-1.,0.));
#4946=DIRECTION('ref_axis',(0.0705626796631929,0.,0.997507347461035));
#4947=DIRECTION('',(0.,-1.,0.));
#4948=DIRECTION('',(0.,1.,0.));
#4949=DIRECTION('center_axis',(0.140773568400291,0.,0.990041818530838));
#4950=DIRECTION('ref_axis',(-0.990041818530838,0.,0.140773568400291));
#4951=DIRECTION('',(0.,-1.,0.));
#4952=DIRECTION('center_axis',(0.,1.,0.));
#4953=DIRECTION('ref_axis',(0.707106781186541,0.,0.707106781186554));
#4954=DIRECTION('center_axis',(0.,-1.,0.));
#4955=DIRECTION('ref_axis',(0.707106781186541,0.,0.707106781186554));
#4956=DIRECTION('',(0.,-1.,0.));
#4957=DIRECTION('',(0.,1.,0.));
#4958=DIRECTION('center_axis',(0.,0.,1.));
#4959=DIRECTION('ref_axis',(1.,0.,0.));
#4960=DIRECTION('',(0.,-1.,0.));
#4961=DIRECTION('',(1.,0.,0.));
#4962=DIRECTION('center_axis',(0.,-1.,0.));
#4963=DIRECTION('ref_axis',(0.733113090319517,0.,0.680106753974821));
#4964=DIRECTION('',(0.,-1.,0.));
#4965=DIRECTION('',(0.,1.,0.));
#4966=DIRECTION('center_axis',(1.,0.,0.));
#4967=DIRECTION('ref_axis',(0.,0.,1.));
#4968=DIRECTION('',(0.,0.,1.));
#4969=DIRECTION('center_axis',(0.,-1.,0.));
#4970=DIRECTION('ref_axis',(-0.0705719458295451,0.,-0.997506691938371));
#4971=DIRECTION('center_axis',(0.,-1.,0.));
#4972=DIRECTION('ref_axis',(-0.0705719458295451,0.,-0.997506691938371));
#4973=DIRECTION('',(0.,-1.,0.));
#4974=DIRECTION('',(0.,1.,0.));
#4975=DIRECTION('center_axis',(0.,1.,0.));
#4976=DIRECTION('ref_axis',(0.600486556114614,0.,-0.79963485162017));
#4977=DIRECTION('center_axis',(0.,-1.,0.));
#4978=DIRECTION('ref_axis',(0.600486556114614,0.,-0.79963485162017));
#4979=DIRECTION('',(0.,-1.,0.));
#4980=DIRECTION('',(0.,1.,0.));
#4981=DIRECTION('center_axis',(0.990035341893721,0.,-0.140819110213717));
#4982=DIRECTION('ref_axis',(-0.140819110213717,0.,-0.990035341893721));
#4983=DIRECTION('',(0.,-1.,0.));
#4984=DIRECTION('',(-0.140819110213717,0.,-0.990035341893721));
#4985=DIRECTION('center_axis',(0.,1.,0.));
#4986=DIRECTION('ref_axis',(0.600486556114628,0.,-0.799634851620159));
#4987=DIRECTION('center_axis',(0.,-1.,0.));
#4988=DIRECTION('ref_axis',(0.600486556114628,0.,-0.799634851620159));
#4989=DIRECTION('',(0.,-1.,0.));
#4990=DIRECTION('',(0.,1.,0.));
#4991=DIRECTION('center_axis',(0.990035341893721,0.,-0.140819110213715));
#4992=DIRECTION('ref_axis',(-0.140819110213715,0.,-0.990035341893721));
#4993=DIRECTION('',(0.,1.,0.));
#4994=DIRECTION('',(0.140819110213715,0.,0.990035341893721));
#4995=DIRECTION('',(0.,-1.,0.));
#4996=DIRECTION('',(-0.140819110213715,0.,-0.990035341893721));
#4997=DIRECTION('center_axis',(0.,1.,0.));
#4998=DIRECTION('ref_axis',(-0.799634851620166,0.,-0.600486556114619));
#4999=DIRECTION('center_axis',(0.,-1.,0.));
#5000=DIRECTION('ref_axis',(-0.799634851620166,0.,-0.600486556114619));
#5001=DIRECTION('',(0.,-1.,0.));
#5002=DIRECTION('',(0.,1.,0.));
#5003=DIRECTION('center_axis',(-0.140819110213717,0.,-0.990035341893721));
#5004=DIRECTION('ref_axis',(-0.990035341893721,0.,0.140819110213717));
#5005=DIRECTION('',(-0.990035341893721,0.,0.140819110213717));
#5006=DIRECTION('center_axis',(0.232097774352412,-0.585717987947601,0.776572637771426));
#5007=DIRECTION('ref_axis',(0.958122567277988,0.,-0.286358422388163));
#5008=DIRECTION('',(0.946182305664704,-0.0491717561524092,-0.31987682448704));
#5009=DIRECTION('',(-0.383336217854066,0.678681278217509,0.626454361209488));
#5010=DIRECTION('',(-0.715857441931791,-0.643381357240002,-0.271308960388127));
#5011=DIRECTION('center_axis',(0.0435217426419,-0.628252578079767,0.776791192054556));
#5012=DIRECTION('ref_axis',(0.998434139845987,0.,-0.0559398640506367));
#5013=DIRECTION('',(0.997897562934113,-0.01003853227644,-0.0640287572883728));
#5014=DIRECTION('',(-0.523755668162103,0.647765901149509,0.553244374012093));
#5015=DIRECTION('',(-0.595647515795043,-0.64053766619351,-0.484680859034649));
#5016=DIRECTION('center_axis',(0.702257153783125,-0.521466803404743,0.484672325295414));
#5017=DIRECTION('ref_axis',(0.568016493315176,0.,-0.823017170733352));
#5018=DIRECTION('',(0.49559931590218,-0.13065863741232,-0.858667361989989));
#5019=DIRECTION('',(0.084316889626392,0.736922792262474,0.670697741436342));
#5020=DIRECTION('',(-0.693596240676392,-0.654623074326386,0.300654096062313));
#5021=DIRECTION('center_axis',(0.33194821626384,-0.655420308396043,0.678405926463862));
#5022=DIRECTION('ref_axis',(0.898236409259013,0.,-0.439512631310494));
#5023=DIRECTION('',(-0.863187187777802,0.0789812623824087,0.49866806499788));
#5024=DIRECTION('',(0.863187187777802,-0.0789812623824087,-0.49866806499788));
#5025=DIRECTION('center_axis',(0.247245878928383,0.635615366965846,0.731342997935856));
#5026=DIRECTION('ref_axis',(0.9473282530738,0.,-0.320264236105347));
#5027=DIRECTION('',(0.409438996945295,0.615546923819951,-0.673395643256047));
#5028=DIRECTION('',(-0.9473282530738,0.,0.320264236105347));
#5029=DIRECTION('',(0.734057578121027,-0.615546923819976,0.286812580928484));
#5030=DIRECTION('center_axis',(0.320264236105347,0.,0.9473282530738));
#5031=DIRECTION('ref_axis',(0.9473282530738,0.,-0.320264236105347));
#5032=DIRECTION('',(0.,-1.,0.));
#5033=DIRECTION('',(0.,1.,0.));
#5034=DIRECTION('center_axis',(4.23041964571904E-8,-0.649448048330174,0.760405965600038));
#5035=DIRECTION('ref_axis',(0.999999999999998,0.,-5.56336988016763E-8));
#5036=DIRECTION('',(-4.9531849556496E-8,-0.760405965600039,-0.649448048330172));
#5037=DIRECTION('',(0.999999999999998,-1.0189936381645E-8,-6.43367266513405E-8));
#5038=DIRECTION('',(-0.999999999999998,1.0189936381645E-8,6.43367266513405E-8));
#5039=DIRECTION('center_axis',(0.0467014917104282,0.684144680965508,0.727849590354096));
#5040=DIRECTION('ref_axis',(0.997947846866161,0.,-0.0640319836893584));
#5041=DIRECTION('',(0.551850370932712,0.589686834781247,-0.589686870285496));
#5042=DIRECTION('',(-0.997947846866161,0.,0.0640319836893585));
#5043=DIRECTION('',(0.622687759469092,-0.589686834781244,0.514324208153807));
#5044=DIRECTION('center_axis',(0.0640319836893585,0.,0.997947846866161));
#5045=DIRECTION('ref_axis',(0.997947846866161,0.,-0.0640319836893585));
#5046=DIRECTION('',(0.,-1.,0.));
#5047=DIRECTION('',(0.,1.,0.));
#5048=DIRECTION('center_axis',(0.0903690221179371,0.707106781186549,0.701308377136225));
#5049=DIRECTION('ref_axis',(0.991799818351917,0.,-0.127801096697581));
#5050=DIRECTION('',(-0.991799818351917,0.,0.127801096697581));
#5051=DIRECTION('',(0.991799818351917,0.,-0.127801096697581));
#5052=DIRECTION('center_axis',(0.55808820037946,-0.549829946518678,-0.621469702003632));
#5053=DIRECTION('ref_axis',(-0.744028610423294,0.,-0.668147758262783));
#5054=DIRECTION('',(0.704769366818835,0.709417044495958,0.00525324398812474));
#5055=DIRECTION('',(-2.37177818406796E-14,-0.748955720789007,0.662620048215733));
#5056=DIRECTION('',(-0.704769366818824,0.0812421023091163,-0.704769366818812));
#5057=DIRECTION('center_axis',(0.724600173165959,0.547765571526507,0.418219401388913));
#5058=DIRECTION('ref_axis',(0.499884618971874,0.,-0.866092008804691));
#5059=DIRECTION('',(-0.0908546629905373,0.677474595157395,-0.729913421666707));
#5060=DIRECTION('',(-0.499884618971874,0.,0.866092008804691));
#5061=DIRECTION('',(0.677474595157369,-0.67747459515736,-0.286454788461862));
#5062=DIRECTION('center_axis',(0.866092008804691,0.,0.499884618971874));
#5063=DIRECTION('ref_axis',(0.499884618971874,0.,-0.866092008804691));
#5064=DIRECTION('',(0.,-1.,0.));
#5065=DIRECTION('',(0.,1.,0.));
#5066=DIRECTION('center_axis',(-0.0435217161128209,-0.628252569781734,0.776791200252193));
#5067=DIRECTION('ref_axis',(0.998434141783446,0.,0.0559398294701839));
#5068=DIRECTION('',(0.997897565550634,0.0100385259980089,0.0640287174938367));
#5069=DIRECTION('',(-0.595647498043771,0.640537672030893,0.484680873135551));
#5070=DIRECTION('',(-0.523755696107288,-0.647765902475128,-0.553244346004324));
#5071=DIRECTION('center_axis',(-0.558088200379454,-0.549829946518651,-0.621469702003662));
#5072=DIRECTION('ref_axis',(-0.744028610423313,0.,0.668147758262761));
#5073=DIRECTION('',(-0.704769366818812,-0.0812421023091146,0.704769366818824));
#5074=DIRECTION('',(4.74355636813593E-14,0.748955720789007,-0.662620048215733));
#5075=DIRECTION('',(0.704769366818822,-0.709417044495971,-0.00525324398811231));
#5076=DIRECTION('center_axis',(0.,-0.662620048215733,-0.748955720789007));
#5077=DIRECTION('ref_axis',(-1.,0.,0.));
#5078=DIRECTION('',(1.,0.,0.));
#5079=DIRECTION('',(-1.,0.,0.));
#5080=DIRECTION('center_axis',(-0.707106781186544,-0.70183611446619,-0.0861746391405636));
#5081=DIRECTION('ref_axis',(-0.120974291151399,0.,0.992655640632952));
#5082=DIRECTION('',(4.45833488898255E-14,0.121869343405147,-0.992546151641322));
#5083=DIRECTION('',(-4.45833488898255E-14,-0.121869343405147,0.992546151641322));
#5084=DIRECTION('',(-0.703640787534017,0.710447647300172,-0.0124009098117034));
#5085=DIRECTION('center_axis',(0.57735026918962,0.577350269189628,-0.57735026918963));
#5086=DIRECTION('ref_axis',(-0.707106781186554,0.,-0.707106781186541));
#5087=DIRECTION('',(-0.707106781186552,0.707106781186543,0.));
#5088=DIRECTION('',(0.707106781186554,0.,0.707106781186541));
#5089=DIRECTION('',(0.,-0.707106781186549,-0.707106781186546));
#5090=DIRECTION('center_axis',(0.707106781186541,0.,-0.707106781186554));
#5091=DIRECTION('ref_axis',(-0.707106781186554,0.,-0.707106781186541));
#5092=DIRECTION('',(0.,-1.,0.));
#5093=DIRECTION('',(0.,1.,0.));
#5094=DIRECTION('center_axis',(-0.232097764639371,-0.585717987366229,0.776572641112898));
#5095=DIRECTION('ref_axis',(0.958122570904,0.,0.286358410255939));
#5096=DIRECTION('',(0.946182310312322,0.0491717540720566,0.319876811059374));
#5097=DIRECTION('',(-0.715857437260322,0.643381358399785,0.27130896996364));
#5098=DIRECTION('',(-0.383336227336445,-0.678681277870202,-0.626454355783349));
#5099=DIRECTION('center_axis',(-0.0467014632141456,0.684144672106185,0.72784960050987));
#5100=DIRECTION('ref_axis',(0.99794784941991,0.,0.064031943888781));
#5101=DIRECTION('',(0.62268774214919,0.58968683949383,-0.514324223719748));
#5102=DIRECTION('',(-0.99794784941991,0.,-0.064031943888781));
#5103=DIRECTION('',(0.551850398801663,-0.589686839493896,0.58968683949207));
#5104=DIRECTION('center_axis',(-0.064031943888781,0.,0.99794784941991));
#5105=DIRECTION('ref_axis',(0.99794784941991,0.,0.064031943888781));
#5106=DIRECTION('',(0.,-1.,0.));
#5107=DIRECTION('',(0.,1.,0.));
#5108=DIRECTION('center_axis',(2.33286977125715E-12,0.707106781186546,0.707106781186549));
#5109=DIRECTION('ref_axis',(1.,0.,-3.29917606976208E-12));
#5110=DIRECTION('',(-2.3331573936041E-12,0.707106781186548,-0.707106781186548));
#5111=DIRECTION('',(-1.,0.,3.29917606976208E-12));
#5112=DIRECTION('',(1.,0.,-3.29917606976208E-12));
#5113=DIRECTION('center_axis',(-0.702257151381774,-0.52146680246083,0.48467232979038));
#5114=DIRECTION('ref_axis',(0.568016498199082,0.,0.823017167362657));
#5115=DIRECTION('',(0.495599321534848,0.130658636810637,0.858667358830522));
#5116=DIRECTION('',(-0.693596241491548,0.654623076040806,-0.300654090448925));
#5117=DIRECTION('',(0.0843168856756562,-0.736922793186736,-0.670697740917484));
#5118=DIRECTION('center_axis',(-0.707106781186555,-0.698401123333707,0.110615871041205));
#5119=DIRECTION('ref_axis',(0.154554782932062,0.,0.987984220052539));
#5120=DIRECTION('',(-4.43651449460041E-14,0.156434465040231,0.987688340595138));
#5121=DIRECTION('',(4.43651449460041E-14,-0.156434465040231,-0.987688340595138));
#5122=DIRECTION('center_axis',(-0.331948208629377,-0.655420308101807,0.678405930483719));
#5123=DIRECTION('ref_axis',(0.898236414277789,0.,0.439512621053572));
#5124=DIRECTION('',(-0.863187194395524,-0.0789812606124861,-0.498668053823028));
#5125=DIRECTION('',(0.863187194395524,0.0789812606124861,0.498668053823028));
#5126=DIRECTION('center_axis',(-0.577350269189627,0.577350269189634,-0.577350269189617));
#5127=DIRECTION('ref_axis',(-0.707106781186541,0.,0.707106781186554));
#5128=DIRECTION('',(0.,0.707106781186549,0.707106781186546));
#5129=DIRECTION('',(0.707106781186541,0.,-0.707106781186554));
#5130=DIRECTION('',(-0.707106781186552,-0.707106781186543,0.));
#5131=DIRECTION('center_axis',(-0.707106781186554,0.,-0.707106781186541));
#5132=DIRECTION('ref_axis',(-0.707106781186541,0.,0.707106781186554));
#5133=DIRECTION('',(0.,1.,0.));
#5134=DIRECTION('',(0.,-1.,0.));
#5135=DIRECTION('center_axis',(-0.247245868637092,0.635615366537855,0.731343001787013));
#5136=DIRECTION('ref_axis',(0.947328257629905,0.,0.320264222628578));
#5137=DIRECTION('',(0.734057573997315,0.615546924052473,-0.286812590983582));
#5138=DIRECTION('',(-0.947328257629905,0.,-0.320264222628578));
#5139=DIRECTION('',(0.409439006725709,-0.61554692405246,0.673395637096811));
#5140=DIRECTION('center_axis',(-0.320264222628578,0.,0.947328257629906));
#5141=DIRECTION('ref_axis',(0.947328257629905,0.,0.320264222628578));
#5142=DIRECTION('',(0.,-1.,0.));
#5143=DIRECTION('',(0.,1.,0.));
#5144=DIRECTION('center_axis',(-0.0903690113003764,0.707106781186556,0.701308378530144));
#5145=DIRECTION('ref_axis',(0.991799820323227,0.,0.127801081399241));
#5146=DIRECTION('',(-0.991799820323227,0.,-0.127801081399241));
#5147=DIRECTION('',(0.991799820323227,0.,0.127801081399241));
#5148=DIRECTION('center_axis',(-0.724600170873725,0.547765570764876,0.418219406357954));
#5149=DIRECTION('ref_axis',(0.499884624613265,0.,0.866092005548634));
#5150=DIRECTION('',(0.677474596299036,0.677474596299027,0.286454783061704));
#5151=DIRECTION('',(-0.499884624613265,0.,-0.866092005548634));
#5152=DIRECTION('',(-0.0908546587288583,-0.677474596299045,0.729913421137541));
#5153=DIRECTION('center_axis',(-0.866092005548634,0.,0.499884624613265));
#5154=DIRECTION('ref_axis',(0.499884624613265,0.,0.866092005548634));
#5155=DIRECTION('',(0.,-1.,0.));
#5156=DIRECTION('',(0.,1.,0.));
#5157=DIRECTION('center_axis',(-0.353716537204633,0.707106781186549,0.612278213974628));
#5158=DIRECTION('ref_axis',(0.865892154148497,0.,0.500230724150441));
#5159=DIRECTION('',(-0.865892154148497,0.,-0.500230724150441));
#5160=DIRECTION('',(0.865892154148497,0.,0.500230724150441));
#5161=DIRECTION('center_axis',(-0.707106781186543,0.707106781186552,-3.17619369899017E-14));
#5162=DIRECTION('ref_axis',(-4.4918162058359E-14,0.,1.));
#5163=DIRECTION('',(4.4918162058359E-14,0.,-1.));
#5164=DIRECTION('',(-4.4918162058359E-14,0.,1.));
#5165=DIRECTION('center_axis',(0.,0.707106781186546,-0.707106781186549));
#5166=DIRECTION('ref_axis',(-1.,0.,0.));
#5167=DIRECTION('',(1.,0.,0.));
#5168=DIRECTION('',(-1.,0.,0.));
#5169=DIRECTION('center_axis',(-0.0840814175298996,-0.649808552836616,0.755433094248952));
#5170=DIRECTION('ref_axis',(0.993862864964387,0.,0.11061919202734));
#5171=DIRECTION('',(-0.99159669938959,-0.0202375572428223,-0.127774907695192));
#5172=DIRECTION('',(0.99159669938959,0.0202375572428223,0.127774907695192));
#5173=DIRECTION('center_axis',(0.707106781186543,0.707106781186552,0.));
#5174=DIRECTION('ref_axis',(0.,0.,-1.));
#5175=DIRECTION('',(0.,0.,1.));
#5176=DIRECTION('',(0.,0.,-1.));
#5177=DIRECTION('center_axis',(4.54929356945082E-8,0.707106781186547,0.707106781186547));
#5178=DIRECTION('ref_axis',(0.999999999999998,0.,-6.43367266513405E-8));
#5179=DIRECTION('',(0.999999999999998,0.,-6.43367266513405E-8));
#5180=DIRECTION('',(-0.999999999999998,0.,6.43367266513405E-8));
#5181=DIRECTION('center_axis',(2.16939161715362E-12,-0.649448048330186,
0.760405965600029));
#5182=DIRECTION('ref_axis',(1.,0.,-2.85293871339078E-12));
#5183=DIRECTION('',(-1.,5.22476815090535E-13,3.29917606976208E-12));
#5184=DIRECTION('',(1.,-5.22476815090535E-13,-3.29917606976208E-12));
#5185=DIRECTION('center_axis',(0.353716545180976,0.707106781186528,0.612278209366675));
#5186=DIRECTION('ref_axis',(0.865892147631841,0.,-0.500230735430679));
#5187=DIRECTION('',(-0.865892147631841,0.,0.500230735430679));
#5188=DIRECTION('',(0.865892147631841,0.,-0.500230735430679));
#5189=DIRECTION('center_axis',(0.707106781186532,-0.701836114466206,-0.0861746391405338));
#5190=DIRECTION('ref_axis',(-0.12097429115136,0.,-0.992655640632957));
#5191=DIRECTION('',(0.,0.121869343405147,-0.992546151641322));
#5192=DIRECTION('',(0.,-0.121869343405147,0.992546151641322));
#5193=DIRECTION('',(-0.703640787534033,-0.710447647300157,0.0124009098116938));
#5194=DIRECTION('center_axis',(0.70710678118654,-0.698401123333717,0.110615871041238));
#5195=DIRECTION('ref_axis',(0.15455478293211,0.,-0.987984220052531));
#5196=DIRECTION('',(0.,0.156434465040231,0.987688340595138));
#5197=DIRECTION('',(0.,-0.156434465040231,-0.987688340595138));
#5198=DIRECTION('center_axis',(0.0840814276060335,-0.64980855292333,0.755433093052865));
#5199=DIRECTION('ref_axis',(0.993862863487722,0.,-0.110619205294492));
#5200=DIRECTION('',(-0.99159669737007,0.0202375596643527,0.127774922984134));
#5201=DIRECTION('',(0.99159669737007,-0.0202375596643527,-0.127774922984134));
#5202=DIRECTION('center_axis',(0.,0.992546151641322,0.121869343405147));
#5203=DIRECTION('ref_axis',(0.,-0.121869343405147,0.992546151641322));
#5204=DIRECTION('',(1.,2.67868638841474E-17,-2.18161499191497E-16));
#5205=DIRECTION('',(0.999999999613891,-3.38660643154378E-6,2.75816959936994E-5));
#5206=DIRECTION('',(1.,0.,0.));
#5207=DIRECTION('',(0.999999999999999,6.22811703984931E-9,-5.07239427665044E-8));
#5208=DIRECTION('',(1.,2.67868638841474E-17,-2.18161499191497E-16));
#5209=DIRECTION('center_axis',(3.29917606976208E-12,0.,1.));
#5210=DIRECTION('ref_axis',(1.,0.,-3.29917606976208E-12));
#5211=DIRECTION('',(0.,1.,0.));
#5212=DIRECTION('center_axis',(0.500230735430679,0.,0.865892147631841));
#5213=DIRECTION('ref_axis',(0.865892147631841,0.,-0.500230735430679));
#5214=DIRECTION('center_axis',(0.127801096697581,0.,0.991799818351917));
#5215=DIRECTION('ref_axis',(0.991799818351917,0.,-0.127801096697581));
#5216=DIRECTION('center_axis',(0.,0.,-1.));
#5217=DIRECTION('ref_axis',(-1.,0.,0.));
#5218=DIRECTION('',(1.63268091856641E-16,1.,0.));
#5219=DIRECTION('center_axis',(-1.,0.,-4.4918162058359E-14));
#5220=DIRECTION('ref_axis',(-4.4918162058359E-14,0.,1.));
#5221=DIRECTION('center_axis',(1.,0.,0.));
#5222=DIRECTION('ref_axis',(0.,0.,-1.));
#5223=DIRECTION('center_axis',(0.,1.,0.));
#5224=DIRECTION('ref_axis',(0.,0.,1.));
#5225=DIRECTION('',(1.,0.,5.19351691976997E-9));
#5226=DIRECTION('',(0.0764722309729082,0.,0.997071711508268));
#5227=DIRECTION('',(-0.990041818233975,0.,0.140773570488092));
#5228=DIRECTION('',(-0.140773806601031,0.,-0.99004178466116));
#5229=DIRECTION('',(-0.140773806601031,0.,-0.99004178466116));
#5230=DIRECTION('',(-0.14077380660103,0.,-0.99004178466116));
#5231=DIRECTION('',(0.990041820306066,0.,0.140773555915346));
#5232=DIRECTION('',(-0.996919624100387,0.,-0.0784299884198837));
#5233=DIRECTION('',(-1.,0.,1.4801629982016E-14));
#5234=DIRECTION('',(0.076459587808256,0.,-0.997072681118178));
#5235=DIRECTION('',(0.99004181874866,0.,0.140773566868376));
#5236=DIRECTION('',(0.990041820290423,0.,0.140773556025363));
#5237=DIRECTION('center_axis',(-0.500230724150441,0.,0.865892154148498));
#5238=DIRECTION('ref_axis',(0.865892154148497,0.,0.500230724150441));
#5239=DIRECTION('center_axis',(-0.127801081399241,0.,0.991799820323227));
#5240=DIRECTION('ref_axis',(0.991799820323227,0.,0.127801081399241));
#5241=DIRECTION('center_axis',(0.,-1.,0.));
#5242=DIRECTION('ref_axis',(0.,0.,-1.));
#5243=DIRECTION('center_axis',(0.,1.,0.));
#5244=DIRECTION('ref_axis',(0.,0.,-1.));
#5245=DIRECTION('',(-1.04972719113862E-16,0.515038074910054,-0.857167300702112));
#5246=DIRECTION('center_axis',(0.,1.,0.));
#5247=DIRECTION('ref_axis',(0.,0.,-1.));
#5248=DIRECTION('center_axis',(0.,1.,0.));
#5249=DIRECTION('ref_axis',(0.,0.,-1.));
#5250=DIRECTION('',(0.,1.,0.));
#5251=DIRECTION('center_axis',(0.,-1.,0.));
#5252=DIRECTION('ref_axis',(0.,0.,-1.));
#5253=DIRECTION('center_axis',(0.,1.,0.));
#5254=DIRECTION('ref_axis',(0.,0.,-1.));
#5255=DIRECTION('',(-1.04972719113862E-16,0.515038074910054,-0.857167300702112));
#5256=DIRECTION('center_axis',(0.,1.,0.));
#5257=DIRECTION('ref_axis',(0.,0.,-1.));
#5258=DIRECTION('center_axis',(0.,1.,0.));
#5259=DIRECTION('ref_axis',(0.,0.,-1.));
#5260=DIRECTION('',(0.,1.,0.));
#5261=DIRECTION('center_axis',(0.,-1.,0.));
#5262=DIRECTION('ref_axis',(0.,0.,-1.));
#5263=DIRECTION('center_axis',(0.,1.,0.));
#5264=DIRECTION('ref_axis',(0.,0.,-1.));
#5265=DIRECTION('',(-1.04972719113862E-16,0.515038074910054,-0.857167300702112));
#5266=DIRECTION('center_axis',(0.,1.,0.));
#5267=DIRECTION('ref_axis',(0.,0.,-1.));
#5268=DIRECTION('center_axis',(0.,1.,0.));
#5269=DIRECTION('ref_axis',(0.,0.,-1.));
#5270=DIRECTION('',(0.,1.,0.));
#5271=DIRECTION('center_axis',(0.,-1.,0.));
#5272=DIRECTION('ref_axis',(0.,0.,-1.));
#5273=DIRECTION('center_axis',(0.,1.,0.));
#5274=DIRECTION('ref_axis',(0.,0.,-1.));
#5275=DIRECTION('',(-1.04972719113862E-16,0.515038074910054,-0.857167300702112));
#5276=DIRECTION('center_axis',(0.,1.,0.));
#5277=DIRECTION('ref_axis',(0.,0.,-1.));
#5278=DIRECTION('center_axis',(0.,1.,0.));
#5279=DIRECTION('ref_axis',(0.,0.,-1.));
#5280=DIRECTION('',(0.,1.,0.));
#5281=DIRECTION('center_axis',(0.,-1.,0.));
#5282=DIRECTION('ref_axis',(0.,0.,-1.));
#5283=DIRECTION('center_axis',(0.,1.,0.));
#5284=DIRECTION('ref_axis',(0.,0.,-1.));
#5285=DIRECTION('',(-1.04972719113862E-16,0.515038074910054,-0.857167300702112));
#5286=DIRECTION('center_axis',(0.,1.,0.));
#5287=DIRECTION('ref_axis',(0.,0.,-1.));
#5288=DIRECTION('center_axis',(0.,1.,0.));
#5289=DIRECTION('ref_axis',(0.,0.,-1.));
#5290=DIRECTION('',(0.,1.,0.));
#5291=DIRECTION('center_axis',(0.,-1.,0.));
#5292=DIRECTION('ref_axis',(0.,0.,-1.));
#5293=DIRECTION('center_axis',(0.,1.,0.));
#5294=DIRECTION('ref_axis',(0.,0.,-1.));
#5295=DIRECTION('',(-1.04972719113862E-16,0.515038074910054,-0.857167300702112));
#5296=DIRECTION('center_axis',(0.,1.,0.));
#5297=DIRECTION('ref_axis',(0.,0.,-1.));
#5298=DIRECTION('center_axis',(0.,1.,0.));
#5299=DIRECTION('ref_axis',(0.,0.,-1.));
#5300=DIRECTION('',(0.,1.,0.));
#5301=DIRECTION('center_axis',(0.,0.,1.));
#5302=DIRECTION('ref_axis',(1.,0.,0.));
#5303=DIRECTION('',(1.,0.,0.));
#5304=DIRECTION('',(0.,1.,0.));
#5305=DIRECTION('center_axis',(0.,1.,0.));
#5306=DIRECTION('ref_axis',(0.,0.,1.));
#5307=DIRECTION('',(-1.,0.,1.23268812580027E-16));
#5308=DIRECTION('',(0.,0.,-1.));
#5309=DIRECTION('center_axis',(-0.14081911021372,0.,-0.990035341893721));
#5310=DIRECTION('ref_axis',(-0.990035341893721,0.,0.140819110213719));
#5311=DIRECTION('',(-0.990035341893721,0.,0.140819110213719));
#5312=DIRECTION('center_axis',(0.,1.,0.));
#5313=DIRECTION('ref_axis',(0.,0.,1.));
#5314=DIRECTION('',(0.990035339513601,0.,-0.140819126947264));
#5315=DIRECTION('center_axis',(-0.990041818072374,0.,-0.140773571624604));
#5316=DIRECTION('ref_axis',(-0.140773571624604,0.,0.990041818072374));
#5317=DIRECTION('',(0.,1.,0.));
#5318=DIRECTION('center_axis',(1.,0.,0.));
#5319=DIRECTION('ref_axis',(0.,0.,-1.));
#5320=DIRECTION('',(0.,0.,-1.));
#5321=DIRECTION('center_axis',(0.,1.,0.));
#5322=DIRECTION('ref_axis',(0.,0.,1.));
#5323=DIRECTION('center_axis',(-1.,0.,0.));
#5324=DIRECTION('ref_axis',(0.,0.,-1.));
#5325=DIRECTION('',(0.,-1.,0.));
#5326=DIRECTION('center_axis',(0.140773523195707,0.,-0.990041824958455));
#5327=DIRECTION('ref_axis',(0.990041824958455,0.,0.140773523195707));
#5328=DIRECTION('',(0.,1.,0.));
#5329=DIRECTION('',(0.990041824958455,0.,0.140773523195707));
#5330=DIRECTION('',(0.,-1.,0.));
#5331=DIRECTION('center_axis',(-0.990041818072374,0.,-0.14077357162461));
#5332=DIRECTION('ref_axis',(-0.14077357162461,0.,0.990041818072373));
#5333=DIRECTION('',(-0.14077357162461,0.,0.990041818072373));
#5334=DIRECTION('center_axis',(0.,1.,0.));
#5335=DIRECTION('ref_axis',(0.,0.,1.));
#5336=DIRECTION('center_axis',(-0.990035341893721,0.,0.140819110213716));
#5337=DIRECTION('ref_axis',(0.140819110213716,0.,0.990035341893721));
#5338=DIRECTION('',(0.140819110213716,0.,0.990035341893721));
#5339=DIRECTION('',(0.,-1.,0.));
#5340=DIRECTION('center_axis',(0.,1.,0.));
#5341=DIRECTION('ref_axis',(0.,0.,1.));
#5342=DIRECTION('',(0.990035339513601,0.,-0.140819126947264));
#5343=DIRECTION('center_axis',(-0.140819126947264,0.,-0.990035339513601));
#5344=DIRECTION('ref_axis',(0.990035339513601,0.,-0.140819126947264));
#5345=DIRECTION('',(0.,-1.,0.));
#5346=DIRECTION('center_axis',(0.,0.,1.));
#5347=DIRECTION('ref_axis',(-1.,0.,0.));
#5348=DIRECTION('',(0.,-1.,0.));
#5349=DIRECTION('',(-1.,0.,0.));
#5350=DIRECTION('',(0.,-1.,0.));
#5351=DIRECTION('center_axis',(1.,0.,0.));
#5352=DIRECTION('ref_axis',(0.,0.,1.));
#5353=DIRECTION('',(0.,0.,1.));
#5354=DIRECTION('',(0.,-1.,0.));
#5355=DIRECTION('center_axis',(0.,0.,-1.));
#5356=DIRECTION('ref_axis',(1.,0.,0.));
#5357=DIRECTION('',(1.,0.,0.));
#5358=DIRECTION('',(0.,-1.,0.));
#5359=DIRECTION('center_axis',(-1.,0.,0.));
#5360=DIRECTION('ref_axis',(0.,0.,-1.));
#5361=DIRECTION('',(0.,0.,-1.));
#5362=DIRECTION('center_axis',(0.,-1.,0.));
#5363=DIRECTION('ref_axis',(0.,0.,-1.));
#5364=DIRECTION('center_axis',(-5.07239427665044E-8,0.,-0.999999999999999));
#5365=DIRECTION('ref_axis',(0.999999999999999,0.,-5.07239427665044E-8));
#5366=DIRECTION('',(0.,1.,0.));
#5367=DIRECTION('center_axis',(-6.05850505578779E-17,0.987688340595138,
-0.156434465040231));
#5368=DIRECTION('ref_axis',(0.,0.156434465040231,0.987688340595138));
#5369=DIRECTION('',(-0.863187194395524,-0.0789812606124861,-0.498668053823028));
#5370=DIRECTION('',(-1.,1.15510619561502E-9,7.29305387946193E-9));
#5371=DIRECTION('center_axis',(6.43367266513405E-8,0.,0.999999999999998));
#5372=DIRECTION('ref_axis',(0.999999999999998,0.,-6.43367266513405E-8));
#5373=DIRECTION('center_axis',(1.,-1.63268091856641E-16,0.));
#5374=DIRECTION('ref_axis',(1.63268091856641E-16,1.,0.));
#5375=DIRECTION('',(-1.63268091856641E-16,-1.,0.));
#5376=DIRECTION('center_axis',(0.,0.,-1.));
#5377=DIRECTION('ref_axis',(1.,0.,0.));
#5378=DIRECTION('',(0.,1.,0.));
#5379=DIRECTION('center_axis',(0.,1.,0.));
#5380=DIRECTION('ref_axis',(0.728615368802829,0.,-0.68492309374434));
#5381=DIRECTION('center_axis',(0.,1.,0.));
#5382=DIRECTION('ref_axis',(0.728615368802829,0.,-0.68492309374434));
#5383=DIRECTION('center_axis',(0.,-1.,0.));
#5384=DIRECTION('ref_axis',(0.,0.,-1.));
#5385=DIRECTION('center_axis',(0.,1.,0.));
#5386=DIRECTION('ref_axis',(0.728630200934485,0.,-0.684907315106338));
#5387=DIRECTION('center_axis',(0.,-1.,0.));
#5388=DIRECTION('ref_axis',(0.728630200934485,0.,-0.684907315106338));
#5389=DIRECTION('center_axis',(0.,-1.,0.));
#5390=DIRECTION('ref_axis',(0.,0.,-1.));
#5391=DIRECTION('center_axis',(0.,1.,0.));
#5392=DIRECTION('ref_axis',(-0.72861538803711,0.,0.684923073283074));
#5393=DIRECTION('center_axis',(0.,1.,0.));
#5394=DIRECTION('ref_axis',(-0.72861538803711,0.,0.684923073283074));
#5395=DIRECTION('',(0.,1.,0.));
#5396=DIRECTION('center_axis',(0.,-1.,0.));
#5397=DIRECTION('ref_axis',(0.,0.,-1.));
#5398=DIRECTION('',(-1.,0.,1.45861071456461E-8));
#5399=DIRECTION('center_axis',(1.45861071456461E-8,0.,1.));
#5400=DIRECTION('ref_axis',(-1.,0.,1.45861071456461E-8));
#5401=DIRECTION('center_axis',(0.140773555915346,0.,-0.990041820306066));
#5402=DIRECTION('ref_axis',(-0.990041820306066,0.,-0.140773555915346));
#5403=DIRECTION('center_axis',(-0.0784299884198837,0.,0.996919624100387));
#5404=DIRECTION('ref_axis',(0.996919624100387,0.,0.0784299884198837));
#5405=DIRECTION('center_axis',(1.4801629982016E-14,0.,1.));
#5406=DIRECTION('ref_axis',(1.,0.,-1.4801629982016E-14));
#5407=DIRECTION('center_axis',(-0.997072681118178,0.,-0.076459587808256));
#5408=DIRECTION('ref_axis',(-0.076459587808256,0.,0.997072681118178));
#5409=DIRECTION('center_axis',(0.140773566868376,0.,-0.99004181874866));
#5410=DIRECTION('ref_axis',(-0.99004181874866,0.,-0.140773566868376));
#5411=DIRECTION('center_axis',(0.140773556025363,0.,-0.990041820290423));
#5412=DIRECTION('ref_axis',(-0.990041820290423,0.,-0.140773556025363));
#5413=DIRECTION('center_axis',(5.19351691976997E-9,0.,-1.));
#5414=DIRECTION('ref_axis',(-1.,0.,-5.19351691976997E-9));
#5415=DIRECTION('center_axis',(0.997071711508268,0.,-0.0764722309729082));
#5416=DIRECTION('ref_axis',(-0.0764722309729082,0.,-0.997071711508268));
#5417=DIRECTION('center_axis',(0.140773570488092,0.,0.990041818233975));
#5418=DIRECTION('ref_axis',(0.990041818233975,0.,-0.140773570488092));
#5419=DIRECTION('center_axis',(-0.99004178466116,0.,0.140773806601031));
#5420=DIRECTION('ref_axis',(0.140773806601031,0.,0.99004178466116));
#5421=DIRECTION('center_axis',(-0.99004178466116,0.,0.140773806601031));
#5422=DIRECTION('ref_axis',(0.140773806601031,0.,0.99004178466116));
#5423=DIRECTION('center_axis',(-0.990041784661161,0.,0.14077380660103));
#5424=DIRECTION('ref_axis',(0.14077380660103,0.,0.99004178466116));
#5425=DIRECTION('center_axis',(-2.28736761149946E-13,0.,-1.));
#5426=DIRECTION('ref_axis',(1.,0.,-2.28736761149946E-13));
#5427=DIRECTION('',(0.,-1.,0.));
#5428=DIRECTION('center_axis',(-1.59004027730869E-10,0.,-1.));
#5429=DIRECTION('ref_axis',(1.,0.,-1.59004027730869E-10));
#5430=DIRECTION('center_axis',(1.23268812580027E-16,0.,1.));
#5431=DIRECTION('ref_axis',(-1.,0.,1.23268812580027E-16));
#5432=DIRECTION('center_axis',(-0.140773555930189,0.,0.990041820303956));
#5433=DIRECTION('ref_axis',(-0.990041820303956,0.,-0.140773555930189));
#5434=DIRECTION('center_axis',(0.074909606395664,0.,0.997190328307313));
#5435=DIRECTION('ref_axis',(-0.997190328307313,0.,0.074909606395664));
#5436=DIRECTION('center_axis',(2.75816959938576E-5,0.,-0.999999999619625));
#5437=DIRECTION('ref_axis',(0.999999999619625,0.,2.75816959938576E-5));
#5438=DIRECTION('center_axis',(-0.500230724150441,0.,0.865892154148498));
#5439=DIRECTION('ref_axis',(-0.865892154148498,0.,-0.500230724150441));
#5440=DIRECTION('center_axis',(7.29305387946193E-9,0.,1.));
#5441=DIRECTION('ref_axis',(-1.,0.,7.29305387946193E-9));
#5442=CARTESIAN_POINT('',(0.,0.,0.));
#5443=CARTESIAN_POINT('Origin',(-125.390882591204,0.,-45.3241087448862));
#5444=CARTESIAN_POINT('',(-126.390882591204,2.6,-45.3241087448863));
#5445=CARTESIAN_POINT('',(-125.390882641928,2.6,-46.3241087448862));
#5446=CARTESIAN_POINT('Origin',(-125.390882591204,2.6,-45.3241087448862));
#5447=CARTESIAN_POINT('',(-126.390882591204,-10.3232949807572,-45.3241087448863));
#5448=CARTESIAN_POINT('',(-126.390882591204,0.,-45.3241087448863));
#5449=CARTESIAN_POINT('',(-125.390882641928,-10.2005104198543,-46.3241087448862));
#5450=CARTESIAN_POINT('Origin',(-125.390882591204,-10.3232949807572,-45.3241087448862));
#5451=CARTESIAN_POINT('',(-125.390882641928,0.,-46.3241087448862));
#5452=CARTESIAN_POINT('Origin',(-126.390882591205,0.,19.3324827005395));
#5453=CARTESIAN_POINT('',(-126.390890952277,2.6,-41.8240952111687));
#5454=CARTESIAN_POINT('',(-126.390882591205,2.6,-22.3760466733101));
#5455=CARTESIAN_POINT('',(-126.390882591205,2.6,-40.8240952111689));
#5456=CARTESIAN_POINT('',(-126.390882591205,2.6,-22.3760466733101));
#5457=CARTESIAN_POINT('',(-126.390882591205,9.1,-40.8240952111689));
#5458=CARTESIAN_POINT('',(-126.390882591205,4.55,-40.8240952111689));
#5459=CARTESIAN_POINT('',(-126.390882591205,9.1,-37.3175172994603));
#5460=CARTESIAN_POINT('',(-126.390882591205,9.1,-19.6260406309358));
#5461=CARTESIAN_POINT('',(-126.390882591205,13.1,-37.3175172994603));
#5462=CARTESIAN_POINT('',(-126.390882591205,4.55,-37.3175172994603));
#5463=CARTESIAN_POINT('',(-126.390882591205,13.1,17.8324827005395));
#5464=CARTESIAN_POINT('',(-126.390882591205,13.1,-18.3727509759662));
#5465=CARTESIAN_POINT('',(-126.390882591205,9.1,17.8324827005395));
#5466=CARTESIAN_POINT('',(-126.390882591205,4.55,17.8324827005395));
#5467=CARTESIAN_POINT('',(-126.390882591205,9.1,18.3324827005395));
#5468=CARTESIAN_POINT('',(-126.390882591205,9.1,-19.6260406309358));
#5469=CARTESIAN_POINT('',(-126.390882591205,2.6,18.3324827005395));
#5470=CARTESIAN_POINT('',(-126.390882591205,4.55,18.3324827005395));
#5471=CARTESIAN_POINT('',(-126.390882591205,2.6,18.7553100428879));
#5472=CARTESIAN_POINT('',(-126.390882591205,2.6,10.4522490240408));
#5473=CARTESIAN_POINT('',(-126.390882591205,-9.15187506168572,18.7553100428879));
#5474=CARTESIAN_POINT('',(-126.390882591205,0.,18.7553100428879));
#5475=CARTESIAN_POINT('',(-126.390882591205,-14.2438220600632,-13.393978030763));
#5476=CARTESIAN_POINT('',(-126.390882591205,-10.2285481183519,11.9574639005517));
#5477=CARTESIAN_POINT('',(-126.390882591205,-16.9275008224681,8.46283151166097));
#5478=CARTESIAN_POINT('Origin',(125.390882032301,0.,-45.3230000908344));
#5479=CARTESIAN_POINT('',(125.390909613997,2.6,-46.323000090454));
#5480=CARTESIAN_POINT('',(126.390882032301,2.6,-45.3230000908344));
#5481=CARTESIAN_POINT('Origin',(125.390882032301,2.6,-45.3230000908344));
#5482=CARTESIAN_POINT('',(125.390909613997,-10.200646545502,-46.323000090454));
#5483=CARTESIAN_POINT('',(125.390909613997,0.,-46.323000090454));
#5484=CARTESIAN_POINT('',(126.3908820323,-10.3234311063582,-45.3230000908344));
#5485=CARTESIAN_POINT('Origin',(125.390882032301,-10.3234311063582,-45.3230000908344));
#5486=CARTESIAN_POINT('',(126.390882032301,0.,-45.3230000908344));
#5487=CARTESIAN_POINT('Origin',(-2.79452470053343E-7,2.6,1.572015347544));
#5488=CARTESIAN_POINT('',(-85.1216311825421,2.6,-46.3241107875014));
#5489=CARTESIAN_POINT('',(-42.5608169457376,2.6,-46.3241129463538));
#5490=CARTESIAN_POINT('',(-5.00000040254124,2.6,-46.3241107875014));
#5491=CARTESIAN_POINT('',(42.5607782629344,2.6,-46.3241107875014));
#5492=CARTESIAN_POINT('',(-5.00000040254124,2.59999999999991,-48.3241107875014));
#5493=CARTESIAN_POINT('',(-5.00000040254124,2.6,-23.3760477199787));
#5494=CARTESIAN_POINT('',(4.99999959745876,2.59999999999991,-48.3241107875014));
#5495=CARTESIAN_POINT('',(67.1954408148796,2.59999999999991,-48.3241107875014));
#5496=CARTESIAN_POINT('',(4.99999959745876,2.6,-46.3241107875014));
#5497=CARTESIAN_POINT('',(4.99999959745876,2.6,-23.3760477199787));
#5498=CARTESIAN_POINT('',(85.1215568053212,2.6,-46.3241107875014));
#5499=CARTESIAN_POINT('',(42.5607782629344,2.6,-46.3241107875014));
#5500=CARTESIAN_POINT('',(63.1961014369971,2.6,-46.3247155287462));
#5501=CARTESIAN_POINT('',(126.390882032301,2.6,-40.8230032034085));
#5502=CARTESIAN_POINT('',(126.390882032301,2.6,10.4522483801317));
#5503=CARTESIAN_POINT('',(125.390909456007,2.6,-41.8230032030325));
#5504=CARTESIAN_POINT('Origin',(125.390882032301,2.6,-40.8230032034085));
#5505=CARTESIAN_POINT('',(92.8149504647292,2.6,-41.8238954235068));
#5506=CARTESIAN_POINT('',(42.708074259218,2.6,-41.8252706728025));
#5507=CARTESIAN_POINT('',(85.4149586513541,2.6,-41.8240994917575));
#5508=CARTESIAN_POINT('Origin',(89.1148544331075,2.6,-38.3458309191761));
#5509=CARTESIAN_POINT('',(85.4124223862826,2.6,-41.8214086090216));
#5510=CARTESIAN_POINT('Origin',(89.1148544331075,2.6,-38.3458309191761));
#5511=CARTESIAN_POINT('',(85.3448880049424,2.6,-41.8141328907095));
#5512=CARTESIAN_POINT('Origin',(85.4857071318896,2.6,-40.8240975511959));
#5513=CARTESIAN_POINT('',(66.4306587400706,2.6,-39.1238397813058));
#5514=CARTESIAN_POINT('',(2.82116207166869,2.6,-30.07624983285));
#5515=CARTESIAN_POINT('',(65.7265631433724,2.6,-44.0740168115751));
#5516=CARTESIAN_POINT('',(68.6088225605607,2.6,-23.8101571465644));
#5517=CARTESIAN_POINT('',(64.595708691265,2.6,-44.9232330432551));
#5518=CARTESIAN_POINT('Origin',(64.7365278014787,2.6,-43.9331977013614));
#5519=CARTESIAN_POINT('',(45.7850371952841,2.6,-42.2476699491944));
#5520=CARTESIAN_POINT('',(30.1922506800922,2.6,-40.0298073841856));
#5521=CARTESIAN_POINT('',(45.6864638181345,2.6,-42.94069468852));
#5522=CARTESIAN_POINT('',(48.8081157226861,2.6,-20.99377494229));
#5523=CARTESIAN_POINT('',(44.555609366027,2.6,-43.7899109202));
#5524=CARTESIAN_POINT('Origin',(44.6964284762408,2.6,-42.7998755783063));
#5525=CARTESIAN_POINT('',(9.9043723997468,2.6,-38.86124206272));
#5526=CARTESIAN_POINT('',(20.0525047737916,2.6,-40.3046763632678));
#5527=CARTESIAN_POINT('',(9.0551561680668,2.6,-37.7303876106125));
#5528=CARTESIAN_POINT('Origin',(10.0451915099605,2.6,-37.8712067208262));
#5529=CARTESIAN_POINT('',(9.99865245688523,2.6,-31.0971506930306));
#5530=CARTESIAN_POINT('',(11.6346544982956,2.6,-19.5951039306733));
#5531=CARTESIAN_POINT('',(-2.26793191451184E-7,2.6,-31.0971506930283));
#5532=CARTESIAN_POINT('',(-2.53126567070799E-7,2.6,-31.0971506930283));
#5533=CARTESIAN_POINT('',(-9.99865291047162,2.6,-31.0971506914385));
#5534=CARTESIAN_POINT('',(-4.99932659755931,2.6,-31.0971506922334));
#5535=CARTESIAN_POINT('',(-9.0554622432896,2.6,-37.7304264227094));
#5536=CARTESIAN_POINT('',(-12.1761512743969,2.6,-15.7830352587278));
#5537=CARTESIAN_POINT('',(-9.90473048973737,2.6,-38.8612418124064));
#5538=CARTESIAN_POINT('Origin',(-10.045504061362,2.6,-37.8711999943341));
#5539=CARTESIAN_POINT('',(-44.5561941222704,2.6,-43.7883168192676));
#5540=CARTESIAN_POINT('',(-1.73786012358157,2.6,-37.6999984290943));
#5541=CARTESIAN_POINT('',(-45.6870095119674,2.6,-42.9390485728198));
#5542=CARTESIAN_POINT('Origin',(-44.696967693895,2.6,-42.7982750011952));
#5543=CARTESIAN_POINT('',(-45.7855510121046,2.6,-42.2460193001691));
#5544=CARTESIAN_POINT('',(-48.26572029232,2.6,-24.803318408417));
#5545=CARTESIAN_POINT('',(-64.5963455554798,2.6,-44.9207171610366));
#5546=CARTESIAN_POINT('',(-20.2929488296823,2.6,-38.6212384134264));
#5547=CARTESIAN_POINT('',(-65.7271609451767,2.6,-44.0714489145888));
#5548=CARTESIAN_POINT('Origin',(-64.7371191271044,2.6,-43.9306753429642));
#5549=CARTESIAN_POINT('',(-66.4310288032997,2.6,-39.121239824227));
#5550=CARTESIAN_POINT('',(-68.1862141896484,2.6,-26.7772542955474));
#5551=CARTESIAN_POINT('',(-85.3698198592964,2.6,-41.8141370361347));
#5552=CARTESIAN_POINT('',(-40.5424217069364,2.6,-35.4401530139251));
#5553=CARTESIAN_POINT('',(-85.4373296646437,2.6,-41.8214078139478));
#5554=CARTESIAN_POINT('Origin',(-85.5105933824921,2.6,-40.8240952111762));
#5555=CARTESIAN_POINT('',(-92.8398544702593,2.6,-41.8240956536219));
#5556=CARTESIAN_POINT('Origin',(-89.1398544787062,2.6,-38.3459704668026));
#5557=CARTESIAN_POINT('',(-125.390882591205,2.6,-41.8240952111689));
#5558=CARTESIAN_POINT('',(-63.1954456158685,2.6,-41.8240952111803));
#5559=CARTESIAN_POINT('Origin',(-125.390882591205,2.6,-40.8240952111689));
#5560=CARTESIAN_POINT('Origin',(126.390882032301,0.,-46.3229725095187));
#5561=CARTESIAN_POINT('',(126.390882032301,-14.2438220600632,-13.393978030763));
#5562=CARTESIAN_POINT('',(126.3908820323,-12.9566277772492,-23.8773341901088));
#5563=CARTESIAN_POINT('',(126.390882032301,-9.15187526428103,18.7553087637514));
#5564=CARTESIAN_POINT('',(126.390882032301,-15.3007109766846,-20.0669120289245));
#5565=CARTESIAN_POINT('',(126.390882032301,2.6,18.7553087637514));
#5566=CARTESIAN_POINT('',(126.390882032301,0.,18.7553087637514));
#5567=CARTESIAN_POINT('',(126.390882032301,2.6,18.3324814127195));
#5568=CARTESIAN_POINT('',(126.390882032301,2.6,-22.3754785809874));
#5569=CARTESIAN_POINT('',(126.390882032301,9.1,18.3324814127195));
#5570=CARTESIAN_POINT('',(126.390882032301,4.55,18.3324814127195));
#5571=CARTESIAN_POINT('',(126.390882032301,9.1,17.8324814127195));
#5572=CARTESIAN_POINT('',(126.390882032301,9.1,10.9522476810093));
#5573=CARTESIAN_POINT('',(126.390882032301,13.1,17.8324814127195));
#5574=CARTESIAN_POINT('',(126.390882032301,4.55,17.8324814127195));
#5575=CARTESIAN_POINT('',(126.390882032301,13.1,-37.3175188180898));
#5576=CARTESIAN_POINT('',(126.390882032301,13.1,10.2022483801247));
#5577=CARTESIAN_POINT('',(126.390882032301,9.1,-37.3175188180898));
#5578=CARTESIAN_POINT('',(126.390882032301,4.55,-37.3175188180898));
#5579=CARTESIAN_POINT('',(126.390882032301,9.1,-40.8230032034085));
#5580=CARTESIAN_POINT('',(126.390882032301,9.1,10.9522476810093));
#5581=CARTESIAN_POINT('',(126.390882032301,4.55,-40.8230032034085));
#5582=CARTESIAN_POINT('Origin',(125.390882032301,4.55,-40.8230032034085));
#5583=CARTESIAN_POINT('',(125.390909456007,9.1,-41.8230032030324));
#5584=CARTESIAN_POINT('Origin',(125.390882032301,9.1,-40.8230032034085));
#5585=CARTESIAN_POINT('',(125.390909456007,4.55,-41.8230032030324));
#5586=CARTESIAN_POINT('Origin',(85.4149586513541,9.1,-41.8240994917575));
#5587=CARTESIAN_POINT('',(85.4857345555957,9.1,-41.8240975508199));
#5588=CARTESIAN_POINT('',(63.1960429809894,9.1,-41.8247088167702));
#5589=CARTESIAN_POINT('',(85.4857345555957,6.8,-41.8240975508199));
#5590=CARTESIAN_POINT('',(85.4857345555957,9.1,-41.8240975508199));
#5591=CARTESIAN_POINT('',(92.8149504647292,6.8,-41.8238954235068));
#5592=CARTESIAN_POINT('',(42.7018621095236,6.8,-41.8252708431627));
#5593=CARTESIAN_POINT('',(92.8149493996421,2.6,-41.8238965565862));
#5594=CARTESIAN_POINT('Origin',(-125.390882591205,4.55,-40.8240952111689));
#5595=CARTESIAN_POINT('',(-125.390882591205,9.1,-41.8240952111689));
#5596=CARTESIAN_POINT('Origin',(-125.390882591205,9.1,-40.8240952111689));
#5597=CARTESIAN_POINT('',(-125.390882591205,4.55,-41.8240952111689));
#5598=CARTESIAN_POINT('Origin',(-126.390890952277,9.1,-41.8240952111687));
#5599=CARTESIAN_POINT('',(-92.8398544702593,6.8,-41.8240956536219));
#5600=CARTESIAN_POINT('',(-92.8398548861745,2.6,-41.8240952111748));
#5601=CARTESIAN_POINT('',(-85.5105933824923,6.8,-41.8240952111762));
#5602=CARTESIAN_POINT('',(-63.2016714775249,6.8,-41.8240952111803));
#5603=CARTESIAN_POINT('',(-85.5105933824923,9.1,-41.8240952111762));
#5604=CARTESIAN_POINT('',(-85.5105933824923,9.1,-41.8240952111762));
#5605=CARTESIAN_POINT('',(-42.719934022934,9.1,-41.824095211184));
#5606=CARTESIAN_POINT('Origin',(-125.390882591205,0.,18.7553100428879));
#5607=CARTESIAN_POINT('',(-125.891113315356,2.6,19.6212021970364));
#5608=CARTESIAN_POINT('Origin',(-125.390882591205,2.6,18.7553100428879));
#5609=CARTESIAN_POINT('',(-125.891113315356,-9.0147312174695,19.6212021970364));
#5610=CARTESIAN_POINT('',(-125.891113315356,0.,19.6212021970364));
#5611=CARTESIAN_POINT('Origin',(-125.390882591205,-9.15187506168572,18.7553100428879));
#5612=CARTESIAN_POINT('Origin',(-2.79452470053343E-7,2.6,1.572015347544));
#5613=CARTESIAN_POINT('',(-125.390882591205,2.6,19.3324827005395));
#5614=CARTESIAN_POINT('Origin',(-125.390882591205,2.6,18.3324827005395));
#5615=CARTESIAN_POINT('',(-112.364802631868,2.6,19.3324827005395));
#5616=CARTESIAN_POINT('',(-45.1824014556602,2.6,19.3324827005395));
#5617=CARTESIAN_POINT('',(-112.364802631868,2.6,24.3324827005395));
#5618=CARTESIAN_POINT('',(-112.364802631868,2.6,10.4522490240418));
#5619=CARTESIAN_POINT('',(-111.364802631868,2.6,25.3324827005395));
#5620=CARTESIAN_POINT('Origin',(-111.364802631868,2.6,24.3324827005395));
#5621=CARTESIAN_POINT('',(-90.3648026318679,2.6,25.3324827005395));
#5622=CARTESIAN_POINT('',(-56.1824014556602,2.6,25.3324827005395));
#5623=CARTESIAN_POINT('',(-90.3648026318679,2.6,35.8440550443306));
#5624=CARTESIAN_POINT('',(-90.3648026318679,2.6,19.1718836614083));
#5625=CARTESIAN_POINT('',(-89.4397122237185,2.6,36.8412453737306));
#5626=CARTESIAN_POINT('Origin',(-89.3648026318679,2.6,35.8440550443306));
#5627=CARTESIAN_POINT('',(-70.6891793846868,2.6,38.2497977037528));
#5628=CARTESIAN_POINT('',(-36.9128231646386,2.6,40.7870997453448));
#5629=CARTESIAN_POINT('',(-9.44425407269151,2.6,46.9581832911429));
#5630=CARTESIAN_POINT('',(-7.94346306306577,2.6,47.1715800212611));
#5631=CARTESIAN_POINT('',(-9.30348051676132,2.6,46.9681414708389));
#5632=CARTESIAN_POINT('Origin',(-9.30348051676132,2.6,45.9681414708389));
#5633=CARTESIAN_POINT('',(-3.69999999999698,2.6,46.9681414708389));
#5634=CARTESIAN_POINT('',(3.15443786320932E-8,2.6,46.9681414708389));
#5635=CARTESIAN_POINT('',(3.70000001573786,2.6,46.9681414001253));
#5636=CARTESIAN_POINT('Origin',(-2.53661475873614E-8,2.6,43.4900165295052));
#5637=CARTESIAN_POINT('',(9.30348032711325,2.6,46.9681413351374));
#5638=CARTESIAN_POINT('',(4.68710985129203,2.6,46.9681414024722));
#5639=CARTESIAN_POINT('',(9.44425388092744,2.6,46.9581831536682));
#5640=CARTESIAN_POINT('Origin',(9.30348031252714,2.6,45.9681413351374));
#5641=CARTESIAN_POINT('',(70.6891799426025,2.6,38.2497966726728));
#5642=CARTESIAN_POINT('',(38.600943284788,2.6,42.812407557834));
#5643=CARTESIAN_POINT('',(89.4397127746203,2.6,36.8412440681368));
#5644=CARTESIAN_POINT('',(46.7506350830899,2.6,40.0480762209261));
#5645=CARTESIAN_POINT('',(90.3648031682247,2.6,35.8440537398295));
#5646=CARTESIAN_POINT('Origin',(89.3648031682247,2.6,35.8440537398295));
#5647=CARTESIAN_POINT('',(90.3648031682247,2.6,25.3324814127195));
#5648=CARTESIAN_POINT('',(90.3648031682247,2.6,10.4522483801317));
#5649=CARTESIAN_POINT('',(111.364803168225,2.6,25.3324814127195));
#5650=CARTESIAN_POINT('',(45.1824014443861,2.6,25.3324814127195));
#5651=CARTESIAN_POINT('',(112.364803168225,2.6,24.3324814127195));
#5652=CARTESIAN_POINT('Origin',(111.364803168225,2.6,24.3324814127195));
#5653=CARTESIAN_POINT('',(112.364803168225,2.6,19.3324814127195));
#5654=CARTESIAN_POINT('',(112.364803168225,2.6,13.4522483801317));
#5655=CARTESIAN_POINT('',(125.390882032301,2.6,19.3324814127195));
#5656=CARTESIAN_POINT('',(63.195440876424,2.6,19.3324814127195));
#5657=CARTESIAN_POINT('Origin',(125.390882032301,2.6,18.3324814127195));
#5658=CARTESIAN_POINT('',(125.891112767731,2.6,19.6212009113832));
#5659=CARTESIAN_POINT('Origin',(125.390882032301,2.6,18.7553087637514));
#5660=CARTESIAN_POINT('',(92.9223000585929,2.6,38.667468362674));
#5661=CARTESIAN_POINT('',(66.0342342710552,2.6,54.2008543161024));
#5662=CARTESIAN_POINT('',(92.5498704198598,2.6,38.793376033394));
#5663=CARTESIAN_POINT('Origin',(92.4220693231622,2.6,37.8015762150421));
#5664=CARTESIAN_POINT('',(9.77204066408936,2.6,49.4599412306054));
#5665=CARTESIAN_POINT('',(7.96897705517086,2.6,49.692279957001));
#5666=CARTESIAN_POINT('',(9.64423957468483,2.6,49.4681414122535));
#5667=CARTESIAN_POINT('Origin',(9.64423956739178,2.6,48.4681414122535));
#5668=CARTESIAN_POINT('',(3.60773818356916E-7,2.6,49.4681414825894));
#5669=CARTESIAN_POINT('',(2.15315188411982E-7,2.6,49.4681414825894));
#5670=CARTESIAN_POINT('',(-9.64423885721989,2.6,49.4681414825894));
#5671=CARTESIAN_POINT('',(-4.85420137698362,2.6,49.4681414825894));
#5672=CARTESIAN_POINT('',(-9.77203993861913,2.6,49.4599413029127));
#5673=CARTESIAN_POINT('Origin',(-9.64423885721989,2.6,48.4681414825894));
#5674=CARTESIAN_POINT('',(-92.5498698527572,2.6,38.793377383329));
#5675=CARTESIAN_POINT('',(-49.4891281760802,2.6,44.3420871525435));
#5676=CARTESIAN_POINT('',(-92.9222994955084,2.6,38.6674697171543));
#5677=CARTESIAN_POINT('Origin',(-92.4220687713579,2.6,37.8015775630058));
#5678=CARTESIAN_POINT('',(-82.8553222495372,2.6,44.4832185879941));
#5679=CARTESIAN_POINT('Origin',(-125.390882591205,4.55,18.3324827005395));
#5680=CARTESIAN_POINT('',(-125.390882591205,9.1,19.3324827005395));
#5681=CARTESIAN_POINT('Origin',(-125.390882591205,9.1,18.3324827005395));
#5682=CARTESIAN_POINT('',(-125.390882591205,4.55,19.3324827005395));
#5683=CARTESIAN_POINT('Origin',(-1.36405240258597E-5,9.1,2.57201394929909));
#5684=CARTESIAN_POINT('',(125.390882037494,9.1,-38.3175188180898));
#5685=CARTESIAN_POINT('Origin',(125.390882032301,9.1,-37.3175188180898));
#5686=CARTESIAN_POINT('',(86.9809979149914,9.1,-38.3175190175722));
#5687=CARTESIAN_POINT('',(63.1954343020685,9.1,-38.3175191411029));
#5688=CARTESIAN_POINT('',(86.9107023574211,9.1,-39.2340570995186));
#5689=CARTESIAN_POINT('',(88.2855439972863,9.1,-21.3083906259075));
#5690=CARTESIAN_POINT('',(85.8351993043431,9.1,-40.1545043861897));
#5691=CARTESIAN_POINT('Origin',(85.9136306459128,9.1,-39.1575848685457));
#5692=CARTESIAN_POINT('',(66.6461976741939,9.1,-38.6448347342268));
#5693=CARTESIAN_POINT('',(42.0106520549821,9.1,-36.7066653444011));
#5694=CARTESIAN_POINT('',(66.5838552091626,9.1,-38.637957001244));
#5695=CARTESIAN_POINT('Origin',(66.7246290157636,9.1,-37.6479152165828));
#5696=CARTESIAN_POINT('',(11.024072335828,9.1,-30.7379246488894));
#5697=CARTESIAN_POINT('',(31.0954505061246,9.1,-33.5918691515737));
#5698=CARTESIAN_POINT('',(10.1748043577679,9.1,-29.6071090576272));
#5699=CARTESIAN_POINT('Origin',(11.1648461424291,9.1,-29.7478828642283));
#5700=CARTESIAN_POINT('',(12.7157714562332,9.1,-11.7368556229134));
#5701=CARTESIAN_POINT('',(12.2460324970564,9.1,-15.0404616608338));
#5702=CARTESIAN_POINT('',(11.1553553389376,9.1,-11.5149804482634));
#5703=CARTESIAN_POINT('',(5.48674748835469,9.1,-10.7089625259092));
#5704=CARTESIAN_POINT('',(10.3060873465362,9.1,-10.384164854962));
#5705=CARTESIAN_POINT('Origin',(11.2961291311974,9.1,-10.524938661563));
#5706=CARTESIAN_POINT('',(12.847054383073,9.1,7.48608814421767));
#5707=CARTESIAN_POINT('',(11.036445033879,9.1,-5.24766506372497));
#5708=CARTESIAN_POINT('',(11.1553719351374,9.1,7.72662803194343));
#5709=CARTESIAN_POINT('',(6.89325920551112,9.1,8.33265673355343));
#5710=CARTESIAN_POINT('',(10.3061039350423,9.1,8.85744362633876));
#5711=CARTESIAN_POINT('Origin',(11.2961457197034,9.1,8.71666981973773));
#5712=CARTESIAN_POINT('',(12.8470709358338,9.1,26.7276963741273));
#5713=CARTESIAN_POINT('',(9.695591202946,9.1,4.56379604063409));
#5714=CARTESIAN_POINT('',(7.64715599210012,9.1,27.4670709116406));
#5715=CARTESIAN_POINT('',(8.23413763372418,9.1,27.3836081464798));
#5716=CARTESIAN_POINT('',(6.7978879887851,9.1,28.5978865064937));
#5717=CARTESIAN_POINT('Origin',(7.78792977344627,9.1,28.4571126998927));
#5718=CARTESIAN_POINT('',(9.19808142234247,9.1,45.4780991530541));
#5719=CARTESIAN_POINT('',(4.84650486219398,9.1,14.8740917192763));
#5720=CARTESIAN_POINT('',(10.3288967774917,9.1,46.3273671646871));
#5721=CARTESIAN_POINT('Origin',(10.1881232070036,9.1,45.3373253464531));
#5722=CARTESIAN_POINT('',(70.6348147597322,9.1,37.7524976596135));
#5723=CARTESIAN_POINT('',(7.82089526491546,9.1,46.6839786948391));
#5724=CARTESIAN_POINT('',(88.6290097283726,9.1,36.3366240988566));
#5725=CARTESIAN_POINT('',(36.910288802611,9.1,40.406112602375));
#5726=CARTESIAN_POINT('',(89.5476388788303,9.1,35.2632332329812));
#5727=CARTESIAN_POINT('Origin',(88.550567167322,9.1,35.3397054639542));
#5728=CARTESIAN_POINT('',(88.2874524411297,9.1,18.8324814127195));
#5729=CARTESIAN_POINT('',(88.0776371551027,9.1,16.0968362814344));
#5730=CARTESIAN_POINT('',(125.390882032301,9.1,18.8324814127195));
#5731=CARTESIAN_POINT('',(44.1437194003029,9.1,18.8324814127195));
#5732=CARTESIAN_POINT('Origin',(125.390882032301,9.1,17.8324814127195));
#5733=CARTESIAN_POINT('',(125.390882032301,9.1,19.3324814127195));
#5734=CARTESIAN_POINT('Origin',(125.390882032301,9.1,18.3324814127195));
#5735=CARTESIAN_POINT('',(90.3648031682247,9.1,19.3324814127195));
#5736=CARTESIAN_POINT('',(45.1823947638503,9.1,19.3324814127195));
#5737=CARTESIAN_POINT('',(90.3648031682247,9.1,35.8440537398295));
#5738=CARTESIAN_POINT('',(90.3648031682247,9.1,19.6718823032505));
#5739=CARTESIAN_POINT('',(89.4397127746203,9.1,36.8412440681368));
#5740=CARTESIAN_POINT('Origin',(89.3648031682247,9.1,35.8440537398295));
#5741=CARTESIAN_POINT('',(70.6891799426025,9.1,38.2497966726728));
#5742=CARTESIAN_POINT('',(36.8754673119569,9.1,40.7899054483339));
#5743=CARTESIAN_POINT('',(9.44425388092743,9.1,46.9581831536682));
#5744=CARTESIAN_POINT('',(7.87377066289018,9.1,47.1814894045536));
#5745=CARTESIAN_POINT('',(9.30348032711325,9.1,46.9681413351374));
#5746=CARTESIAN_POINT('Origin',(9.30348031252714,9.1,45.9681413351374));
#5747=CARTESIAN_POINT('',(3.425411843061E-7,9.1,46.9681414708389));
#5748=CARTESIAN_POINT('',(-6.32520808433632E-6,9.1,46.968141470839));
#5749=CARTESIAN_POINT('',(-9.30348051676132,9.1,46.9681414708389));
#5750=CARTESIAN_POINT('',(-4.68711657552809,9.1,46.9681414708389));
#5751=CARTESIAN_POINT('',(-9.44425407269151,9.1,46.9581832911429));
#5752=CARTESIAN_POINT('Origin',(-9.30348051676132,9.1,45.9681414708389));
#5753=CARTESIAN_POINT('',(-70.6891793846868,9.1,38.2497977037528));
#5754=CARTESIAN_POINT('',(-38.5312637919454,9.1,42.8223157898103));
#5755=CARTESIAN_POINT('',(-89.4397122237185,9.1,36.8412453737306));
#5756=CARTESIAN_POINT('',(-46.713291923215,9.1,40.050882101627));
#5757=CARTESIAN_POINT('',(-90.3648026318679,9.1,35.8440550443306));
#5758=CARTESIAN_POINT('Origin',(-89.3648026318679,9.1,35.8440550443306));
#5759=CARTESIAN_POINT('',(-90.3648026318679,9.1,19.3324827005395));
#5760=CARTESIAN_POINT('',(-90.3648026318679,9.1,10.9522483249193));
#5761=CARTESIAN_POINT('',(-63.1954481158647,9.1,19.3324827005395));
#5762=CARTESIAN_POINT('',(-125.390882591205,9.1,18.8324827005395));
#5763=CARTESIAN_POINT('Origin',(-125.390882591205,9.1,17.8324827005395));
#5764=CARTESIAN_POINT('',(-88.2874322576102,9.1,18.832482700539));
#5765=CARTESIAN_POINT('',(-63.1954522922147,9.1,18.8324827005386));
#5766=CARTESIAN_POINT('',(-89.5474295877791,9.1,35.2634917059859));
#5767=CARTESIAN_POINT('',(-87.4095497956526,9.1,7.38444682556059));
#5768=CARTESIAN_POINT('',(-88.6287868985158,9.1,36.33687096269));
#5769=CARTESIAN_POINT('Origin',(-88.550356910096,9.1,35.3399513385896));
#5770=CARTESIAN_POINT('',(-70.6348140880913,9.1,37.752498707427));
#5771=CARTESIAN_POINT('',(-46.4044753837312,9.1,39.6587558800729));
#5772=CARTESIAN_POINT('',(-10.3288917469828,9.1,46.3273679266745));
#5773=CARTESIAN_POINT('',(-38.4688877542858,9.1,42.3261558362943));
#5774=CARTESIAN_POINT('',(-9.19807637076176,9.1,45.4780996622863));
#5775=CARTESIAN_POINT('Origin',(-10.1881181910675,9.1,45.3373261063684));
#5776=CARTESIAN_POINT('',(-6.79788724236192,9.1,28.5978866260737));
#5777=CARTESIAN_POINT('',(-6.18737603664304,9.1,24.3042419746624));
#5778=CARTESIAN_POINT('',(-7.64715550675228,9.1,27.4670712498498));
#5779=CARTESIAN_POINT('Origin',(-7.78792906266762,9.1,28.4571130701559));
#5780=CARTESIAN_POINT('',(-12.847066095435,9.1,26.7276985395289));
#5781=CARTESIAN_POINT('',(-5.13916943336918,9.1,27.8236805470481));
#5782=CARTESIAN_POINT('',(-10.3061035609532,9.1,8.85744411284979));
#5783=CARTESIAN_POINT('',(-11.0364603906714,9.1,13.9939473836424));
#5784=CARTESIAN_POINT('',(-11.1553718259186,9.1,7.72662874145918));
#5785=CARTESIAN_POINT('Origin',(-11.2961453819439,9.1,8.7166705617496));
#5786=CARTESIAN_POINT('',(-12.8470501103668,9.1,7.48608984413987));
#5787=CARTESIAN_POINT('',(-5.55240950755884,9.1,8.52331117816699));
#5788=CARTESIAN_POINT('',(-10.3060872706698,9.1,-10.3841646869434));
#5789=CARTESIAN_POINT('',(-12.3773123828936,9.1,4.1824867289529));
#5790=CARTESIAN_POINT('',(-11.1553555225501,9.1,-11.5149800725604));
#5791=CARTESIAN_POINT('Origin',(-11.2961290894184,9.1,-10.5249382538118));
#5792=CARTESIAN_POINT('',(-12.7157648497873,9.1,-11.7368539193112));
#5793=CARTESIAN_POINT('',(-4.21153319635316,9.1,-10.5276413379255));
#5794=CARTESIAN_POINT('',(-10.1748022158952,9.1,-29.6071088757356));
#5795=CARTESIAN_POINT('',(-13.5868952511276,9.1,-5.61030874127434));
#5796=CARTESIAN_POINT('',(-11.0240704807821,9.1,-30.7379242484494));
#5797=CARTESIAN_POINT('Origin',(-11.1648440366999,9.1,-29.7478824281437));
#5798=CARTESIAN_POINT('',(-66.5838518634517,9.1,-38.6379420364285));
#5799=CARTESIAN_POINT('',(-2.80502260650924,9.1,-29.5692619032937));
#5800=CARTESIAN_POINT('',(-66.6462059625636,9.1,-38.6448206687138));
#5801=CARTESIAN_POINT('Origin',(-66.7246254193695,9.1,-37.6479002161228));
#5802=CARTESIAN_POINT('',(-85.8354453436712,9.1,-40.1542788455159));
#5803=CARTESIAN_POINT('',(-31.9012673649778,9.1,-35.9117247587088));
#5804=CARTESIAN_POINT('',(-86.9109374815952,9.1,-39.2338179807332));
#5805=CARTESIAN_POINT('Origin',(-85.913864800477,9.1,-39.1573583929249));
#5806=CARTESIAN_POINT('',(-86.9812031439941,9.1,-38.3175172994602));
#5807=CARTESIAN_POINT('',(-88.2121386673035,9.1,-22.2654796454301));
#5808=CARTESIAN_POINT('',(-125.390882591205,9.1,-38.3175172994602));
#5809=CARTESIAN_POINT('',(-43.490608392259,9.1,-38.3175172994602));
#5810=CARTESIAN_POINT('Origin',(-125.390882591205,9.1,-37.3175172994602));
#5811=CARTESIAN_POINT('',(-85.3698198592964,9.1,-41.8141370361347));
#5812=CARTESIAN_POINT('Origin',(-85.5105933824921,9.1,-40.8240952111762));
#5813=CARTESIAN_POINT('',(-9.99865291047162,9.1,-31.0971506914385));
#5814=CARTESIAN_POINT('',(-2.75214176718324,9.1,-30.0667731065718));
#5815=CARTESIAN_POINT('',(-2.26793191451184E-7,9.1,-31.0971506930283));
#5816=CARTESIAN_POINT('',(-6.93633537504967E-6,9.1,-31.0971506930283));
#5817=CARTESIAN_POINT('',(9.99865245688523,9.1,-31.0971506930306));
#5818=CARTESIAN_POINT('',(4.99931940817675,9.1,-31.0971506930294));
#5819=CARTESIAN_POINT('',(85.3448880049424,9.1,-41.8141328907095));
#5820=CARTESIAN_POINT('',(40.4596007622327,9.1,-35.429808301447));
#5821=CARTESIAN_POINT('Origin',(85.4857071318896,9.1,-40.8240975511959));
#5822=CARTESIAN_POINT('',(-3.85,9.1,38.0250572127571));
#5823=CARTESIAN_POINT('',(3.85,9.1,38.0250572127571));
#5824=CARTESIAN_POINT('',(1.92499317973799,9.1,38.0250572127571));
#5825=CARTESIAN_POINT('',(3.85,9.1,1.02505721275715));
#5826=CARTESIAN_POINT('',(3.85,9.1,1.79853558102812));
#5827=CARTESIAN_POINT('',(-3.85,9.1,1.02505721275715));
#5828=CARTESIAN_POINT('',(-1.92500682026201,9.1,1.02505721275715));
#5829=CARTESIAN_POINT('',(-3.85,9.1,20.2985355810281));
#5830=CARTESIAN_POINT('Origin',(125.390882032301,0.,18.7553087637514));
#5831=CARTESIAN_POINT('',(125.891112767731,-9.01473142109695,19.6212009113832));
#5832=CARTESIAN_POINT('Origin',(125.390882032301,-9.15187526428103,18.7553087637514));
#5833=CARTESIAN_POINT('',(125.891112767731,0.,19.6212009113832));
#5834=CARTESIAN_POINT('Origin',(126.390882032301,0.,19.3324814127195));
#5835=CARTESIAN_POINT('',(92.9223000585929,-5.99809901055284,38.6674683626739));
#5836=CARTESIAN_POINT('',(82.5586233171582,-5.04982697460086,44.6546223659897));
#5837=CARTESIAN_POINT('',(92.9223000585929,0.,38.667468362674));
#5838=CARTESIAN_POINT('Origin',(125.390882032301,4.55,18.3324814127195));
#5839=CARTESIAN_POINT('',(125.390882032301,4.55,19.3324814127195));
#5840=CARTESIAN_POINT('Origin',(126.390882032301,9.1,19.3324814127195));
#5841=CARTESIAN_POINT('',(112.364803168225,4.7,19.3324814127195));
#5842=CARTESIAN_POINT('',(112.364803168225,5.7,19.3324814127195));
#5843=CARTESIAN_POINT('',(90.3648031682247,4.7,19.3324814127195));
#5844=CARTESIAN_POINT('',(63.1954411502394,4.7,19.3324814127195));
#5845=CARTESIAN_POINT('',(90.3648031682247,9.1,19.3324814127195));
#5846=CARTESIAN_POINT('Origin',(-125.390882591205,4.55,17.8324827005395));
#5847=CARTESIAN_POINT('',(-125.390882591205,13.1,18.8324827005395));
#5848=CARTESIAN_POINT('Origin',(-125.390882591205,13.1,17.8324827005395));
#5849=CARTESIAN_POINT('',(-125.390882591205,4.55,18.8324827005395));
#5850=CARTESIAN_POINT('Origin',(-125.390882591205,4.55,-37.3175172994602));
#5851=CARTESIAN_POINT('',(-125.390882591205,13.1,-38.3175172994602));
#5852=CARTESIAN_POINT('',(-125.390882591205,4.55,-38.3175172994602));
#5853=CARTESIAN_POINT('Origin',(-125.390882591205,13.1,-37.3175172994602));
#5854=CARTESIAN_POINT('Origin',(-86.9812031439941,9.1,-38.3175172994602));
#5855=CARTESIAN_POINT('',(-86.9812031439941,13.1,-38.3175172994602));
#5856=CARTESIAN_POINT('',(-86.9812031439941,9.1,-38.3175172994602));
#5857=CARTESIAN_POINT('',(-43.4906017117233,13.1,-38.3175172994602));
#5858=CARTESIAN_POINT('Origin',(125.390882032301,4.55,-37.3175188180898));
#5859=CARTESIAN_POINT('',(125.390882037494,13.1,-38.3175188180898));
#5860=CARTESIAN_POINT('Origin',(125.390882032301,13.1,-37.3175188180898));
#5861=CARTESIAN_POINT('',(125.390882037494,4.55,-38.3175188180898));
#5862=CARTESIAN_POINT('Origin',(125.390882032301,4.55,17.8324814127195));
#5863=CARTESIAN_POINT('',(125.390882032301,13.1,18.8324814127195));
#5864=CARTESIAN_POINT('',(125.390882032301,4.55,18.8324814127195));
#5865=CARTESIAN_POINT('Origin',(125.390882032301,13.1,17.8324814127195));
#5866=CARTESIAN_POINT('Origin',(88.2874524411297,9.1,18.8324814127195));
#5867=CARTESIAN_POINT('',(88.2874524411297,13.1,18.8324814127195));
#5868=CARTESIAN_POINT('',(88.2874524411297,9.1,18.8324814127195));
#5869=CARTESIAN_POINT('',(44.1437260808386,13.1,18.8324814127195));
#5870=CARTESIAN_POINT('Origin',(-92.4220687713579,0.,37.8015775630058));
#5871=CARTESIAN_POINT('',(-92.5498698527572,-5.97815698078459,38.793377383329));
#5872=CARTESIAN_POINT('',(-92.5498698527572,0.,38.793377383329));
#5873=CARTESIAN_POINT('',(-92.9222994955084,-5.99809879602424,38.6674697171543));
#5874=CARTESIAN_POINT('Origin',(-92.4220687713579,-6.13524264024046,37.8015775630058));
#5875=CARTESIAN_POINT('',(-92.9222994955084,0.,38.6674697171543));
#5876=CARTESIAN_POINT('Origin',(-9.70840247451479,0.,49.4681414825894));
#5877=CARTESIAN_POINT('',(-9.77203993861913,-4.28873922419544,49.4599413029127));
#5878=CARTESIAN_POINT('',(-9.77203993861913,0.,49.4599413029127));
#5879=CARTESIAN_POINT('',(-7.89819964087997,-4.25049590378831,49.7014001250594));
#5880=CARTESIAN_POINT('Origin',(9.64423956739178,0.,48.4681414122535));
#5881=CARTESIAN_POINT('',(9.77204066408936,-4.28873923564778,49.4599412306054));
#5882=CARTESIAN_POINT('',(9.77204066408936,0.,49.4599412306054));
#5883=CARTESIAN_POINT('',(9.64423957468483,-4.28744045446689,49.4681414122535));
#5884=CARTESIAN_POINT('Origin',(9.64423956739178,-4.44582489479142,48.4681414122535));
#5885=CARTESIAN_POINT('',(9.64423957468483,0.,49.4681414122535));
#5886=CARTESIAN_POINT('Origin',(92.7487062090046,0.,38.7677545002527));
#5887=CARTESIAN_POINT('',(92.5498704198598,-5.97815719459327,38.793376033394));
#5888=CARTESIAN_POINT('',(92.5498704198598,0.,38.793376033394));
#5889=CARTESIAN_POINT('',(49.4013466582882,-5.09753624620819,44.353397880115));
#5890=CARTESIAN_POINT('Origin',(-9.64423885721989,0.,48.4681414825894));
#5891=CARTESIAN_POINT('',(-9.64423885721989,-4.28744044332677,49.4681414825894));
#5892=CARTESIAN_POINT('',(-9.64423885721989,0.,49.4681414825894));
#5893=CARTESIAN_POINT('Origin',(-9.64423885721989,-4.4458248836513,48.4681414825894));
#5894=CARTESIAN_POINT('Origin',(3.60773818597337E-7,0.,49.4681414825894));
#5895=CARTESIAN_POINT('',(3.60773818356916E-7,-4.28744044332677,49.4681414825894));
#5896=CARTESIAN_POINT('',(3.60773818356916E-7,0.,49.4681414825894));
#5897=CARTESIAN_POINT('',(4.06606611678422E-8,-4.28744044332677,49.4681414825894));
#5898=CARTESIAN_POINT('Origin',(92.4220693231622,0.,37.8015762150421));
#5899=CARTESIAN_POINT('Origin',(92.4220693231622,-6.13524285373692,37.8015762150421));
#5900=CARTESIAN_POINT('Origin',(4.99999959745876,-3.20000000000009,-48.3241107875014));
#5901=CARTESIAN_POINT('',(5.99999959745876,-3.20000000000009,-48.3241107875014));
#5902=CARTESIAN_POINT('',(4.99999959745876,-4.20000000000009,-48.3241107875014));
#5903=CARTESIAN_POINT('Origin',(4.99999959745876,-3.20000000000009,-48.3241107875014));
#5904=CARTESIAN_POINT('',(4.99999959745876,-4.20000000000009,-46.3241107875014));
#5905=CARTESIAN_POINT('',(4.99999959745876,-4.20000000000009,-48.3241107875014));
#5906=CARTESIAN_POINT('',(5.99999959745876,-3.20000000000009,-46.3241107875014));
#5907=CARTESIAN_POINT('Origin',(4.99999959745876,-3.20000000000009,-46.3241107875014));
#5908=CARTESIAN_POINT('',(5.99999959745876,-3.20000000000009,-48.3241107875014));
#5909=CARTESIAN_POINT('Origin',(-6.00000040254125,-4.20000000000009,-48.3241107875014));
#5910=CARTESIAN_POINT('',(-5.00000040254124,-4.20000000000009,-48.3241107875014));
#5911=CARTESIAN_POINT('',(61.1954408148796,-4.20000000000008,-48.3241107875014));
#5912=CARTESIAN_POINT('',(-5.00000040254124,-4.20000000000009,-46.3241107875014));
#5913=CARTESIAN_POINT('',(-5.00000040254125,-4.20000000000009,-48.3241107875014));
#5914=CARTESIAN_POINT('',(-45.5608157925417,-4.20000000000009,-46.3241107875014));
#5915=CARTESIAN_POINT('Origin',(-5.00000040254125,-3.20000000000009,-48.3241107875014));
#5916=CARTESIAN_POINT('',(-6.00000040254125,-3.20000000000009,-48.3241107875014));
#5917=CARTESIAN_POINT('Origin',(-5.00000040254125,-3.20000000000009,-48.3241107875014));
#5918=CARTESIAN_POINT('',(-6.00000040254125,-3.20000000000009,-46.3241107875014));
#5919=CARTESIAN_POINT('',(-6.00000040254125,-3.20000000000009,-48.3241107875014));
#5920=CARTESIAN_POINT('Origin',(-5.00000040254125,-3.20000000000009,-46.3241107875014));
#5921=CARTESIAN_POINT('Origin',(-6.00000040254124,2.59999999999991,-48.3241107875014));
#5922=CARTESIAN_POINT('',(-6.00000040254125,1.6,-48.3241107875014));
#5923=CARTESIAN_POINT('',(-6.00000040254125,2.09999999999997,-48.3241107875014));
#5924=CARTESIAN_POINT('',(-6.00000040254125,1.6,-46.3241107875014));
#5925=CARTESIAN_POINT('',(-6.00000040254124,1.6,-23.3760477199787));
#5926=CARTESIAN_POINT('',(-6.00000040254125,1.29999999999995,-46.3241107875014));
#5927=CARTESIAN_POINT('Origin',(4.99999959745876,1.6,-23.3760477199787));
#5928=CARTESIAN_POINT('',(5.99999959745876,1.6,-46.3241107875014));
#5929=CARTESIAN_POINT('Origin',(4.99999959745876,1.6,-46.3241107875014));
#5930=CARTESIAN_POINT('',(5.99999959745876,1.6,-48.3241107875014));
#5931=CARTESIAN_POINT('Origin',(4.99999959745876,1.6,-48.3241107875014));
#5932=CARTESIAN_POINT('',(5.99999959745876,1.6,-23.3760477199787));
#5933=CARTESIAN_POINT('Origin',(-5.00000040254124,1.6,-23.3760477199787));
#5934=CARTESIAN_POINT('Origin',(-5.00000040254124,1.6,-46.3241107875014));
#5935=CARTESIAN_POINT('Origin',(-5.00000040254124,1.6,-48.3241107875014));
#5936=CARTESIAN_POINT('Origin',(85.9136306459128,9.1,-39.1575848685457));
#5937=CARTESIAN_POINT('',(86.9107023574211,13.1,-39.2340570995186));
#5938=CARTESIAN_POINT('',(86.9107023574211,9.1,-39.2340570995186));
#5939=CARTESIAN_POINT('',(85.8351993043431,13.1,-40.1545043861897));
#5940=CARTESIAN_POINT('Origin',(85.9136306459128,13.1,-39.1575848685457));
#5941=CARTESIAN_POINT('',(85.8351993043431,9.1,-40.1545043861897));
#5942=CARTESIAN_POINT('Origin',(86.9809979149914,9.1,-38.3175190175722));
#5943=CARTESIAN_POINT('',(86.9809979149914,13.1,-38.3175190175722));
#5944=CARTESIAN_POINT('',(86.9809979149914,9.1,-38.3175190175722));
#5945=CARTESIAN_POINT('',(88.2474199405509,13.1,-21.8054654204461));
#5946=CARTESIAN_POINT('Origin',(66.7246290157636,9.1,-37.6479152165828));
#5947=CARTESIAN_POINT('',(66.6461976741939,13.1,-38.6448347342268));
#5948=CARTESIAN_POINT('',(66.6461976741939,9.1,-38.6448347342268));
#5949=CARTESIAN_POINT('',(66.5838552091626,13.1,-38.637957001244));
#5950=CARTESIAN_POINT('Origin',(66.7246290157636,13.1,-37.6479152165828));
#5951=CARTESIAN_POINT('',(66.5838552091626,9.1,-38.637957001244));
#5952=CARTESIAN_POINT('Origin',(86.8340797096385,9.1,-40.2330899980355));
#5953=CARTESIAN_POINT('',(42.049753507362,13.1,-36.70974160012));
#5954=CARTESIAN_POINT('Origin',(88.550567167322,9.1,35.3397054639542));
#5955=CARTESIAN_POINT('',(88.6290097283726,13.1,36.3366240988566));
#5956=CARTESIAN_POINT('',(88.6290097283726,9.1,36.3366240988566));
#5957=CARTESIAN_POINT('',(89.5476388788303,13.1,35.2632332329812));
#5958=CARTESIAN_POINT('Origin',(88.550567167322,13.1,35.3397054639542));
#5959=CARTESIAN_POINT('',(89.5476388788303,9.1,35.2632332329812));
#5960=CARTESIAN_POINT('Origin',(70.6348147597322,9.1,37.7524976596135));
#5961=CARTESIAN_POINT('',(70.6348147597322,13.1,37.7524976596135));
#5962=CARTESIAN_POINT('',(70.6348147597322,9.1,37.7524976596135));
#5963=CARTESIAN_POINT('',(36.9493958128089,13.1,40.4030354665612));
#5964=CARTESIAN_POINT('Origin',(10.1881232070036,9.1,45.3373253464531));
#5965=CARTESIAN_POINT('',(9.19808142234247,13.1,45.4780991530541));
#5966=CARTESIAN_POINT('',(9.19808142234247,9.1,45.4780991530541));
#5967=CARTESIAN_POINT('',(10.3288967774917,13.1,46.3273671646871));
#5968=CARTESIAN_POINT('Origin',(10.1881232070036,13.1,45.3373253464531));
#5969=CARTESIAN_POINT('',(10.3288967774917,9.1,46.327367164687));
#5970=CARTESIAN_POINT('Origin',(6.65711417859309,9.1,27.6078446965777));
#5971=CARTESIAN_POINT('',(6.7978879887851,13.1,28.5978865064937));
#5972=CARTESIAN_POINT('',(6.7978879887851,9.1,28.5978865064937));
#5973=CARTESIAN_POINT('',(4.77681911666058,13.1,14.3840019679289));
#5974=CARTESIAN_POINT('Origin',(7.78792977344627,9.1,28.4571126998927));
#5975=CARTESIAN_POINT('',(7.64715599210012,13.1,27.4670709116406));
#5976=CARTESIAN_POINT('',(7.64715599210012,9.1,27.4670709116406));
#5977=CARTESIAN_POINT('Origin',(7.78792977344627,13.1,28.4571126998927));
#5978=CARTESIAN_POINT('Origin',(12.8470709358338,9.1,26.7276963741273));
#5979=CARTESIAN_POINT('',(12.8470709358338,13.1,26.7276963741273));
#5980=CARTESIAN_POINT('',(12.8470709358338,9.1,26.7276963741273));
#5981=CARTESIAN_POINT('',(8.30383004754447,13.1,27.373698600498));
#5982=CARTESIAN_POINT('Origin',(11.2961457197034,9.1,8.71666981973773));
#5983=CARTESIAN_POINT('',(11.1553719351374,13.1,7.72662803194342));
#5984=CARTESIAN_POINT('',(11.1553719351374,9.1,7.72662803194342));
#5985=CARTESIAN_POINT('',(10.3061039350423,13.1,8.85744362633876));
#5986=CARTESIAN_POINT('Origin',(11.2961457197034,13.1,8.71666981973773));
#5987=CARTESIAN_POINT('',(10.3061039350423,9.1,8.85744362633876));
#5988=CARTESIAN_POINT('Origin',(12.847054383073,9.1,7.48608814421767));
#5989=CARTESIAN_POINT('',(12.847054383073,13.1,7.48608814421767));
#5990=CARTESIAN_POINT('',(12.847054383073,9.1,7.48608814421767));
#5991=CARTESIAN_POINT('',(6.96295162089309,13.1,8.32274718711829));
#5992=CARTESIAN_POINT('Origin',(11.2961291311974,9.1,-10.524938661563));
#5993=CARTESIAN_POINT('',(11.1553553389376,13.1,-11.5149804482634));
#5994=CARTESIAN_POINT('',(11.1553553389376,9.1,-11.5149804482634));
#5995=CARTESIAN_POINT('',(10.3060873465362,13.1,-10.384164854962));
#5996=CARTESIAN_POINT('Origin',(11.2961291311974,13.1,-10.524938661563));
#5997=CARTESIAN_POINT('',(10.3060873465362,9.1,-10.384164854962));
#5998=CARTESIAN_POINT('Origin',(12.7157714562332,9.1,-11.7368556229134));
#5999=CARTESIAN_POINT('',(12.7157714562332,13.1,-11.7368556229134));
#6000=CARTESIAN_POINT('',(12.7157714562332,9.1,-11.7368556229134));
#6001=CARTESIAN_POINT('',(5.5564399074682,13.1,-10.7188720734274));
#6002=CARTESIAN_POINT('Origin',(11.1648461424291,9.1,-29.7478828642283));
#6003=CARTESIAN_POINT('',(11.024072335828,13.1,-30.7379246488894));
#6004=CARTESIAN_POINT('',(11.024072335828,9.1,-30.7379246488894));
#6005=CARTESIAN_POINT('',(10.1748043577679,13.1,-29.6071090576272));
#6006=CARTESIAN_POINT('Origin',(11.1648461424291,13.1,-29.7478828642283));
#6007=CARTESIAN_POINT('',(10.1748043577679,9.1,-29.6071090576272));
#6008=CARTESIAN_POINT('Origin',(66.6149185445522,9.1,-38.6423738895373));
#6009=CARTESIAN_POINT('',(31.1651429321937,13.1,-33.6017787011109));
#6010=CARTESIAN_POINT('Origin',(-88.550356910096,9.1,35.3399513385896));
#6011=CARTESIAN_POINT('',(-89.5474295877791,13.1,35.2634917059859));
#6012=CARTESIAN_POINT('',(-89.547429587779,9.1,35.2634917059859));
#6013=CARTESIAN_POINT('',(-88.6287868985159,13.1,36.33687096269));
#6014=CARTESIAN_POINT('Origin',(-88.550356910096,13.1,35.3399513385896));
#6015=CARTESIAN_POINT('',(-88.6287868985159,9.1,36.33687096269));
#6016=CARTESIAN_POINT('Origin',(-88.2874322576102,9.1,18.832482700539));
#6017=CARTESIAN_POINT('',(-88.2874322576102,13.1,18.832482700539));
#6018=CARTESIAN_POINT('',(-88.2874322576102,9.1,18.832482700539));
#6019=CARTESIAN_POINT('',(-87.3714319045879,13.1,6.88737004900178));
#6020=CARTESIAN_POINT('Origin',(-10.1881181910675,9.1,45.3373261063684));
#6021=CARTESIAN_POINT('',(-10.3288917469828,13.1,46.3273679266745));
#6022=CARTESIAN_POINT('',(-10.3288917469828,9.1,46.3273679266745));
#6023=CARTESIAN_POINT('',(-9.19807637076176,13.1,45.4780996622863));
#6024=CARTESIAN_POINT('Origin',(-10.1881181910675,13.1,45.3373261063684));
#6025=CARTESIAN_POINT('',(-9.19807637076176,9.1,45.4780996622863));
#6026=CARTESIAN_POINT('Origin',(-70.6348140880912,9.1,37.752498707427));
#6027=CARTESIAN_POINT('',(-70.6348140880913,13.1,37.752498707427));
#6028=CARTESIAN_POINT('',(-70.6348140880913,9.1,37.752498707427));
#6029=CARTESIAN_POINT('',(-38.5385669624773,13.1,42.316248184204));
#6030=CARTESIAN_POINT('Origin',(-7.78792906266762,9.1,28.4571130701559));
#6031=CARTESIAN_POINT('',(-6.79788724236192,13.1,28.5978866260737));
#6032=CARTESIAN_POINT('',(-6.79788724236192,9.1,28.5978866260737));
#6033=CARTESIAN_POINT('',(-7.64715550675228,13.1,27.4670712498498));
#6034=CARTESIAN_POINT('Origin',(-7.78792906266762,13.1,28.4571130701559));
#6035=CARTESIAN_POINT('',(-7.64715550675228,9.1,27.4670712498498));
#6036=CARTESIAN_POINT('Origin',(-9.33884992667928,9.1,46.4681414825894));
#6037=CARTESIAN_POINT('',(-6.11769014791455,13.1,23.8141503258685));
#6038=CARTESIAN_POINT('Origin',(-11.2961453819439,9.1,8.7166705617496));
#6039=CARTESIAN_POINT('',(-10.3061035609532,13.1,8.85744411284979));
#6040=CARTESIAN_POINT('',(-10.3061035609532,9.1,8.85744411284979));
#6041=CARTESIAN_POINT('',(-11.1553718259186,13.1,7.72662874145918));
#6042=CARTESIAN_POINT('Origin',(-11.2961453819439,13.1,8.7166705617496));
#6043=CARTESIAN_POINT('',(-11.1553718259186,9.1,7.72662874145918));
#6044=CARTESIAN_POINT('Origin',(-12.847066095435,9.1,26.7276985395289));
#6045=CARTESIAN_POINT('',(-12.847066095435,13.1,26.7276985395289));
#6046=CARTESIAN_POINT('',(-12.847066095435,9.1,26.7276985395289));
#6047=CARTESIAN_POINT('',(-10.9667745042796,13.1,13.5038557341703));
#6048=CARTESIAN_POINT('Origin',(-11.2961290894184,9.1,-10.5249382538118));
#6049=CARTESIAN_POINT('',(-10.3060872706698,13.1,-10.3841646869434));
#6050=CARTESIAN_POINT('',(-10.3060872706698,9.1,-10.3841646869434));
#6051=CARTESIAN_POINT('',(-11.1553555225501,13.1,-11.5149800725604));
#6052=CARTESIAN_POINT('Origin',(-11.2961290894184,13.1,-10.5249382538118));
#6053=CARTESIAN_POINT('',(-11.1553555225501,9.1,-11.5149800725604));
#6054=CARTESIAN_POINT('Origin',(-12.8470501103667,9.1,7.48608984413987));
#6055=CARTESIAN_POINT('',(-12.8470501103668,13.1,7.48608984413987));
#6056=CARTESIAN_POINT('',(-12.8470501103668,9.1,7.48608984413987));
#6057=CARTESIAN_POINT('',(-12.307626488854,13.1,3.69239508170044));
#6058=CARTESIAN_POINT('Origin',(-11.1648440366999,9.1,-29.7478824281437));
#6059=CARTESIAN_POINT('',(-10.1748022158952,13.1,-29.6071088757356));
#6060=CARTESIAN_POINT('',(-10.1748022158952,9.1,-29.6071088757356));
#6061=CARTESIAN_POINT('',(-11.0240704807821,13.1,-30.7379242484494));
#6062=CARTESIAN_POINT('Origin',(-11.1648440366999,13.1,-29.7478824281437));
#6063=CARTESIAN_POINT('',(-11.0240704807821,9.1,-30.7379242484494));
#6064=CARTESIAN_POINT('Origin',(-12.7157648497873,9.1,-11.7368539193112));
#6065=CARTESIAN_POINT('',(-12.7157648497873,13.1,-11.7368539193112));
#6066=CARTESIAN_POINT('',(-12.7157648497873,9.1,-11.7368539193112));
#6067=CARTESIAN_POINT('',(-13.5172093641014,13.1,-6.10040039056232));
#6068=CARTESIAN_POINT('Origin',(-66.7246254193695,9.1,-37.6479002161228));
#6069=CARTESIAN_POINT('',(-66.5838518634517,13.1,-38.6379420364285));
#6070=CARTESIAN_POINT('',(-66.5838518634517,9.1,-38.6379420364285));
#6071=CARTESIAN_POINT('',(-66.6462059625636,13.1,-38.6448206687138));
#6072=CARTESIAN_POINT('Origin',(-66.7246254193695,13.1,-37.6479002161228));
#6073=CARTESIAN_POINT('',(-66.6462059625636,9.1,-38.6448206687138));
#6074=CARTESIAN_POINT('Origin',(-10.0340286639861,9.1,-30.5971506930306));
#6075=CARTESIAN_POINT('',(-2.87470181470196,13.1,-29.5791695553844));
#6076=CARTESIAN_POINT('Origin',(-85.913864800477,9.1,-39.1573583929249));
#6077=CARTESIAN_POINT('',(-85.8354453436712,13.1,-40.1542788455159));
#6078=CARTESIAN_POINT('',(-85.8354453436712,9.1,-40.1542788455159));
#6079=CARTESIAN_POINT('',(-86.9109374815952,13.1,-39.2338179807332));
#6080=CARTESIAN_POINT('Origin',(-85.913864800477,13.1,-39.1573583929249));
#6081=CARTESIAN_POINT('',(-86.9109374815952,9.1,-39.2338179807332));
#6082=CARTESIAN_POINT('Origin',(-66.6149209816885,9.1,-38.6423597389576));
#6083=CARTESIAN_POINT('',(-31.9403496510547,13.1,-35.9147990377417));
#6084=CARTESIAN_POINT('Origin',(-85.5105933824921,9.1,-40.8240952111762));
#6085=CARTESIAN_POINT('',(-85.4373296646437,6.8,-41.8214078139478));
#6086=CARTESIAN_POINT('Origin',(-85.5105933824921,6.8,-40.8240952111762));
#6087=CARTESIAN_POINT('',(-85.4373296646437,9.1,-41.8214078139478));
#6088=CARTESIAN_POINT('',(-85.3698198592964,9.1,-41.8141370361347));
#6089=CARTESIAN_POINT('Origin',(-10.045504061362,-1.9,-37.8711999943341));
#6090=CARTESIAN_POINT('',(-9.90473048973737,8.1,-38.8612418124064));
#6091=CARTESIAN_POINT('',(-9.0554622432896,8.1,-37.7304264227094));
#6092=CARTESIAN_POINT('Origin',(-10.045504061362,8.1,-37.8711999943341));
#6093=CARTESIAN_POINT('',(-9.90473048973737,-1.9,-38.8612418124064));
#6094=CARTESIAN_POINT('',(-9.0554622432896,-1.9,-37.7304264227095));
#6095=CARTESIAN_POINT('Origin',(-9.99864517317444,-1.9,-31.0971462416246));
#6096=CARTESIAN_POINT('',(-9.99864517317444,8.1,-31.0971462416246));
#6097=CARTESIAN_POINT('',(-9.99865291047162,9.1,-31.0971506914385));
#6098=CARTESIAN_POINT('',(-11.3188560204823,8.1,-21.812278830623));
#6099=CARTESIAN_POINT('Origin',(-44.696967693895,-1.9,-42.7982750011952));
#6100=CARTESIAN_POINT('',(-45.6870095119674,8.1,-42.9390485728198));
#6101=CARTESIAN_POINT('',(-44.5561941222704,8.1,-43.7883168192676));
#6102=CARTESIAN_POINT('Origin',(-44.696967693895,8.1,-42.7982750011952));
#6103=CARTESIAN_POINT('',(-45.6870095119674,-1.9,-42.9390485728198));
#6104=CARTESIAN_POINT('',(-44.5561941222704,-1.9,-43.7883168192676));
#6105=CARTESIAN_POINT('Origin',(-8.91468867166499,-1.9,-38.7204682407818));
#6106=CARTESIAN_POINT('',(-20.3690107676755,8.1,-40.349152810019));
#6107=CARTESIAN_POINT('Origin',(-64.7371191271044,2.3,-43.9306753429642));
#6108=CARTESIAN_POINT('',(-65.7271609451767,4.7,-44.0714489145888));
#6109=CARTESIAN_POINT('',(-64.5963455554798,4.7,-44.9207171610366));
#6110=CARTESIAN_POINT('Origin',(-64.7371191271044,4.7,-43.9306753429642));
#6111=CARTESIAN_POINT('',(-65.7271609451767,2.3,-44.0714489145888));
#6112=CARTESIAN_POINT('',(-64.5963455554798,2.3,-44.9207171610366));
#6113=CARTESIAN_POINT('Origin',(2.68178359519311E-7,4.7,-9.86578472646464));
#6114=CARTESIAN_POINT('',(-45.7855510121046,4.7,-42.2460193001691));
#6115=CARTESIAN_POINT('',(-21.0900015119014,4.7,-38.7345709523159));
#6116=CARTESIAN_POINT('',(-46.6301924418523,4.7,-36.3057683917349));
#6117=CARTESIAN_POINT('',(-47.4686673362854,4.7,-30.4088859065318));
#6118=CARTESIAN_POINT('',(-66.4310288032997,4.7,-39.121239824227));
#6119=CARTESIAN_POINT('',(-41.3394741204973,4.7,-35.5534854748373));
#6120=CARTESIAN_POINT('',(-67.3891612336138,4.7,-32.3828217936622));
#6121=CARTESIAN_POINT('Origin',(-45.7855510121046,2.3,-42.2460193001691));
#6122=CARTESIAN_POINT('',(-45.7855510121046,0.2,-42.2460193001691));
#6123=CARTESIAN_POINT('Origin',(-111.364802631868,2.3,24.3324827005395));
#6124=CARTESIAN_POINT('',(-111.364802631868,4.7,25.3324827005395));
#6125=CARTESIAN_POINT('',(-112.364802631868,4.7,24.3324827005395));
#6126=CARTESIAN_POINT('Origin',(-111.364802631868,4.7,24.3324827005395));
#6127=CARTESIAN_POINT('',(-111.364802631868,2.3,25.3324827005395));
#6128=CARTESIAN_POINT('',(-112.364802631868,2.3,24.3324827005395));
#6129=CARTESIAN_POINT('Origin',(-112.364802631868,2.3,19.3324827005395));
#6130=CARTESIAN_POINT('',(-112.364802631868,4.7,19.3324827005395));
#6131=CARTESIAN_POINT('',(-112.364802631868,5.7,19.3324827005395));
#6132=CARTESIAN_POINT('',(-112.364802631868,4.7,4.73334898703744));
#6133=CARTESIAN_POINT('Origin',(-89.3648026318679,9.1,35.8440550443306));
#6134=CARTESIAN_POINT('',(-89.4397122237185,9.1,36.8412453737306));
#6135=CARTESIAN_POINT('',(-90.3648026318679,9.1,35.8440550443306));
#6136=CARTESIAN_POINT('Origin',(-70.6891793846868,9.1,38.2497977037528));
#6137=CARTESIAN_POINT('',(-70.6891793846868,9.1,38.2497977037528));
#6138=CARTESIAN_POINT('Origin',(-9.30348051676132,9.1,45.9681414708389));
#6139=CARTESIAN_POINT('',(-9.30348051676132,9.1,46.9681414708389));
#6140=CARTESIAN_POINT('',(-9.44425407269151,9.1,46.9581832911429));
#6141=CARTESIAN_POINT('Origin',(3.425411843061E-7,9.1,46.9681414708389));
#6142=CARTESIAN_POINT('',(3.425411843061E-7,6.8,46.9681414708389));
#6143=CARTESIAN_POINT('',(3.425411843061E-7,9.1,46.9681414708389));
#6144=CARTESIAN_POINT('',(-3.69999999999698,6.8,46.9681414708389));
#6145=CARTESIAN_POINT('',(-0.00622583011191453,6.8,46.9681414708389));
#6146=CARTESIAN_POINT('',(-3.69999999999698,2.6,46.9681414708389));
#6147=CARTESIAN_POINT('Origin',(9.30348031252714,9.1,45.9681413351374));
#6148=CARTESIAN_POINT('',(9.44425388092743,9.1,46.9581831536682));
#6149=CARTESIAN_POINT('',(9.30348032711325,9.1,46.9681413351374));
#6150=CARTESIAN_POINT('Origin',(70.6891799426025,9.1,38.2497966726729));
#6151=CARTESIAN_POINT('',(70.6891799426025,9.1,38.2497966726728));
#6152=CARTESIAN_POINT('Origin',(111.364803168225,2.3,24.3324814127195));
#6153=CARTESIAN_POINT('',(112.364803168225,4.7,24.3324814127195));
#6154=CARTESIAN_POINT('',(111.364803168225,4.7,25.3324814127195));
#6155=CARTESIAN_POINT('Origin',(111.364803168225,4.7,24.3324814127195));
#6156=CARTESIAN_POINT('',(112.364803168225,2.3,24.3324814127195));
#6157=CARTESIAN_POINT('',(111.364803168225,2.3,25.3324814127195));
#6158=CARTESIAN_POINT('Origin',(90.3648031682247,2.3,25.3324814127195));
#6159=CARTESIAN_POINT('',(90.3648031682247,4.7,25.3324814127195));
#6160=CARTESIAN_POINT('',(90.3648031682247,5.7,25.3324814127195));
#6161=CARTESIAN_POINT('',(45.1824017182015,4.7,25.3324814127195));
#6162=CARTESIAN_POINT('Origin',(89.3648031682247,9.1,35.8440537398295));
#6163=CARTESIAN_POINT('',(90.3648031682247,9.1,35.8440537398295));
#6164=CARTESIAN_POINT('',(89.4397127746203,9.1,36.8412440681368));
#6165=CARTESIAN_POINT('Origin',(90.3648031682247,9.1,19.3324814127195));
#6166=CARTESIAN_POINT('',(90.3648031682247,4.7,4.73334834312741));
#6167=CARTESIAN_POINT('Origin',(85.4857071318896,9.1,-40.8240975511959));
#6168=CARTESIAN_POINT('',(85.4124223862826,6.8,-41.8214086090216));
#6169=CARTESIAN_POINT('Origin',(85.4857071318896,6.8,-40.8240975511959));
#6170=CARTESIAN_POINT('',(85.3448880049424,9.1,-41.8141328907095));
#6171=CARTESIAN_POINT('',(85.4124223862826,9.1,-41.8214086090216));
#6172=CARTESIAN_POINT('Origin',(64.7365278014787,2.3,-43.9331977013614));
#6173=CARTESIAN_POINT('',(64.595708691265,4.7,-44.9232330432551));
#6174=CARTESIAN_POINT('',(65.7265631433724,4.7,-44.0740168115751));
#6175=CARTESIAN_POINT('Origin',(64.7365278014787,4.7,-43.9331977013614));
#6176=CARTESIAN_POINT('',(64.595708691265,2.3,-44.9232330432551));
#6177=CARTESIAN_POINT('',(65.7265631433724,2.3,-44.0740168115751));
#6178=CARTESIAN_POINT('Origin',(66.430658694441,2.3,-39.1238401021064));
#6179=CARTESIAN_POINT('',(66.430658694441,4.7,-39.1238401021064));
#6180=CARTESIAN_POINT('',(66.4306587400706,5.7,-39.1238397813058));
#6181=CARTESIAN_POINT('',(67.8115169936226,4.7,-29.4156512329808));
#6182=CARTESIAN_POINT('Origin',(44.6964284762408,-1.9,-42.7998755783063));
#6183=CARTESIAN_POINT('',(44.5556093660271,8.1,-43.7899109202));
#6184=CARTESIAN_POINT('',(45.6864638181345,8.1,-42.94069468852));
#6185=CARTESIAN_POINT('Origin',(44.6964284762408,8.1,-42.7998755783063));
#6186=CARTESIAN_POINT('',(44.5556093660271,-1.9,-43.7899109202));
#6187=CARTESIAN_POINT('',(45.6864638181345,-1.9,-42.94069468852));
#6188=CARTESIAN_POINT('Origin',(46.6299518565664,-1.9,-36.3074578978321));
#6189=CARTESIAN_POINT('',(45.7850371952843,4.7,-42.2476699491944));
#6190=CARTESIAN_POINT('',(45.7850371952841,0.2,-42.2476699491944));
#6191=CARTESIAN_POINT('',(46.6299518565664,4.7,-36.3074578978321));
#6192=CARTESIAN_POINT('',(48.0108101557479,4.7,-26.5992690287063));
#6193=CARTESIAN_POINT('',(46.6299518565664,8.1,-36.3074578978321));
#6194=CARTESIAN_POINT('',(46.6299519497983,3.6,-36.3074572423605));
#6195=CARTESIAN_POINT('',(47.9505428276586,8.1,-27.0229812981517));
#6196=CARTESIAN_POINT('Origin',(10.0451915099605,-1.9,-37.8712067208262));
#6197=CARTESIAN_POINT('',(9.0551561680668,8.1,-37.7303876106125));
#6198=CARTESIAN_POINT('',(9.9043723997468,8.1,-38.86124206272));
#6199=CARTESIAN_POINT('Origin',(10.0451915099605,8.1,-37.8712067208262));
#6200=CARTESIAN_POINT('',(9.0551561680668,-1.9,-37.7303876106125));
#6201=CARTESIAN_POINT('',(9.9043723997468,-1.9,-38.86124206272));
#6202=CARTESIAN_POINT('Origin',(45.5456447079208,-1.9,-43.9307300304138));
#6203=CARTESIAN_POINT('',(2.05221026286722,8.1,-37.7443784129292));
#6204=CARTESIAN_POINT('Origin',(93.2369176686348,-5.75167135146021,40.2233513685279));
#6205=CARTESIAN_POINT('',(92.9060800715135,-5.16593675911286,40.7640116190228));
#6206=CARTESIAN_POINT('',(93.8349260545053,-5.21420757109633,40.4499957029586));
#6207=CARTESIAN_POINT('',(92.9060800715134,-5.16593675911286,40.7640116190228));
#6208=CARTESIAN_POINT('',(93.2369176686348,-5.7516713514602,40.2233513685279));
#6209=CARTESIAN_POINT('',(93.2369176686348,-5.75167135146021,40.2233513685279));
#6210=CARTESIAN_POINT('',(93.8349260545053,-5.21420757109633,40.4499957029586));
#6211=CARTESIAN_POINT('Origin',(9.80425470896837,-4.04888886027172,50.9742969014314));
#6212=CARTESIAN_POINT('',(9.33673310136418,-3.47067162298759,51.4681411018077));
#6213=CARTESIAN_POINT('',(10.3326330105401,-3.48069005950223,51.4042405212906));
#6214=CARTESIAN_POINT('',(9.33673310136417,-3.47067162298759,51.4681411018077));
#6215=CARTESIAN_POINT('',(9.80425470896837,-4.04888886027172,50.9742969014314));
#6216=CARTESIAN_POINT('',(9.80425470896837,-4.04888886027172,50.9742969014314));
#6217=CARTESIAN_POINT('',(10.3326330105401,-3.48069005950223,51.4042405212906));
#6218=CARTESIAN_POINT('Origin',(127.890882032301,-8.92249442524043,20.2035623836814));
#6219=CARTESIAN_POINT('',(127.957935958485,-8.33644853651422,20.7369420783709));
#6220=CARTESIAN_POINT('',(128.390882032301,-8.45058942061698,19.9868267106556));
#6221=CARTESIAN_POINT('',(127.957935958485,-8.33644853651422,20.736942078371));
#6222=CARTESIAN_POINT('',(127.8908820323,-8.92249442524043,20.2035623836814));
#6223=CARTESIAN_POINT('',(127.890882032301,-8.92249442524043,20.2035623836814));
#6224=CARTESIAN_POINT('',(128.390882032301,-8.45058942061698,19.9868267106556));
#6225=CARTESIAN_POINT('Origin',(66.5254520759195,-3.01149290667331,55.9407729633187));
#6226=CARTESIAN_POINT('',(66.6687703959349,-2.72851582500519,56.1440357298569));
#6227=CARTESIAN_POINT('',(66.3821337559041,-3.29446998834144,55.7375101967806));
#6228=CARTESIAN_POINT('Origin',(93.8349260545053,12.6,40.4499957029586));
#6229=CARTESIAN_POINT('',(92.9060800715134,12.6,40.7640116190228));
#6230=CARTESIAN_POINT('',(93.2386615377683,13.1,40.2170219280687));
#6231=CARTESIAN_POINT('',(92.9060800715135,12.6,40.7640116190228));
#6232=CARTESIAN_POINT('',(93.8349260545053,12.6,40.4499957029586));
#6233=CARTESIAN_POINT('',(93.8349260545053,12.6,40.4499957029586));
#6234=CARTESIAN_POINT('',(93.2386615377682,13.1,40.2170219280687));
#6235=CARTESIAN_POINT('Origin',(93.3705030630094,1.6,40.6070036609907));
#6236=CARTESIAN_POINT('',(92.9060800715134,1.6,40.7640116190228));
#6237=CARTESIAN_POINT('',(93.8349260545053,1.6,40.4499957029586));
#6238=CARTESIAN_POINT('Origin',(1.70964070907629,-3.75978016152806,51.2212195073611));
#6239=CARTESIAN_POINT('',(3.41927859737639,-3.4706715626891,51.4681414825174));
#6240=CARTESIAN_POINT('',(3.41927855971207,-4.04888879520922,50.9742973122198));
#6241=CARTESIAN_POINT('',(3.41927859737639,-3.4706715626891,51.4681414825174));
#6242=CARTESIAN_POINT('',(1.70964069024414,-4.04888877778812,50.9742974222123));
#6243=CARTESIAN_POINT('',(1.70964072790845,-3.470671545268,51.4681415925099));
#6244=CARTESIAN_POINT('Origin',(10.3326330105401,12.6,51.4042405212906));
#6245=CARTESIAN_POINT('',(9.33673310136417,12.6,51.4681411018077));
#6246=CARTESIAN_POINT('',(9.80465127282668,13.1,50.9681410717034));
#6247=CARTESIAN_POINT('',(9.33673310136417,12.6,51.4681411018077));
#6248=CARTESIAN_POINT('',(10.3326330105401,12.6,51.4042405212906));
#6249=CARTESIAN_POINT('',(10.3326330105401,12.6,51.4042405212906));
#6250=CARTESIAN_POINT('',(9.80465127282668,13.1,50.9681410717034));
#6251=CARTESIAN_POINT('Origin',(9.83468305595215,1.6,51.4361908115492));
#6252=CARTESIAN_POINT('',(9.33673310136417,1.6,51.4681411018077));
#6253=CARTESIAN_POINT('',(10.3326330105401,1.6,51.4042405212906));
#6254=CARTESIAN_POINT('Origin',(8.12899283034579,12.85,51.4361296496918));
#6255=CARTESIAN_POINT('',(8.0970425561714,13.1,51.1881796951038));
#6256=CARTESIAN_POINT('',(8.16094310452019,12.6,51.6840796042798));
#6257=CARTESIAN_POINT('Origin',(127.8908820323,-9.4549410472469,-48.3241107875014));
#6258=CARTESIAN_POINT('',(127.8908820323,-10.0158757189495,-47.8278377116808));
#6259=CARTESIAN_POINT('',(128.390882032301,-9.51257841496893,-47.8241107875014));
#6260=CARTESIAN_POINT('',(127.8908820323,-10.0158757189495,-47.8278377116808));
#6261=CARTESIAN_POINT('',(127.8908820323,-9.4549410472469,-48.3241107875014));
#6262=CARTESIAN_POINT('',(127.8908820323,-9.4549410472469,-48.3241107875014));
#6263=CARTESIAN_POINT('',(128.390882032301,-9.51257841496893,-47.8241107875014));
#6264=CARTESIAN_POINT('Origin',(128.390882032301,12.6,19.9868267106556));
#6265=CARTESIAN_POINT('',(127.957935958485,12.6,20.736942078371));
#6266=CARTESIAN_POINT('',(127.890882032301,13.1,20.1982403861716));
#6267=CARTESIAN_POINT('',(127.957935958485,12.6,20.7369420783709));
#6268=CARTESIAN_POINT('',(128.390882032301,12.6,19.9868267106556));
#6269=CARTESIAN_POINT('',(128.390882032301,12.6,19.9868267106556));
#6270=CARTESIAN_POINT('',(127.8908820323,13.1,20.1982403861716));
#6271=CARTESIAN_POINT('Origin',(128.174408995393,1.6,20.3618843945133));
#6272=CARTESIAN_POINT('',(127.957935958485,1.6,20.736942078371));
#6273=CARTESIAN_POINT('',(128.390882032301,1.6,19.9868267106556));
#6274=CARTESIAN_POINT('Origin',(-9.80425133706433,-4.04888879520231,50.9742973122635));
#6275=CARTESIAN_POINT('',(-10.3326296194859,-3.48068999291486,51.4042409418615));
#6276=CARTESIAN_POINT('',(-9.33672970932428,-3.47067156268244,51.4681414825595));
#6277=CARTESIAN_POINT('',(-10.3326296194859,-3.48068999291486,51.4042409418615));
#6278=CARTESIAN_POINT('',(-9.80425133706433,-4.04888879520231,50.9742973122635));
#6279=CARTESIAN_POINT('',(-9.80425133706433,-4.04888879520231,50.9742973122635));
#6280=CARTESIAN_POINT('',(-9.33672970932428,-3.47067156268244,51.4681414825595));
#6281=CARTESIAN_POINT('Origin',(-127.890882591202,-10.0158757189495,-47.8278377116808));
#6282=CARTESIAN_POINT('',(-127.890882591202,-9.4549410472469,-48.3241107875014));
#6283=CARTESIAN_POINT('',(-128.390882591202,-9.51257841496893,-47.8241107875014));
#6284=CARTESIAN_POINT('',(-127.890882591202,-9.4549410472469,-48.3241107875014));
#6285=CARTESIAN_POINT('',(-127.890882591202,-10.0158757189495,-47.8278377116808));
#6286=CARTESIAN_POINT('',(-127.890882591202,-10.0158757189495,-47.8278377116808));
#6287=CARTESIAN_POINT('',(-128.390882591202,-9.51257841496893,-47.8241107875014));
#6288=CARTESIAN_POINT('Origin',(64.195440876424,-9.73540838309819,-48.0759742495911));
#6289=CARTESIAN_POINT('',(64.195440876424,-9.4549410472469,-48.3241107875014));
#6290=CARTESIAN_POINT('',(64.195440876424,-10.0158757189495,-47.8278377116808));
#6291=CARTESIAN_POINT('Origin',(-128.140882591203,-12.5755797384572,-24.9293441616994));
#6292=CARTESIAN_POINT('',(-128.390882591204,-13.7389851746191,-13.4027899913766));
#6293=CARTESIAN_POINT('',(-128.390882591203,-12.3274432005469,-24.8988768258481));
#6294=CARTESIAN_POINT('',(-127.890882591204,-14.2438220600632,-13.393978030763));
#6295=CARTESIAN_POINT('',(-127.890882591203,-12.8237162763676,-24.9598114975507));
#6296=CARTESIAN_POINT('',(-127.890882591204,-14.2438220600632,-13.393978030763));
#6297=CARTESIAN_POINT('Origin',(127.8908820323,12.6,-48.3241107875014));
#6298=CARTESIAN_POINT('',(128.390882032301,12.6,-47.8241107875014));
#6299=CARTESIAN_POINT('',(127.8908820323,13.1,-47.8241107875014));
#6300=CARTESIAN_POINT('',(128.390882032301,12.6,-47.8241107875014));
#6301=CARTESIAN_POINT('',(127.8908820323,12.6,-48.3241107875014));
#6302=CARTESIAN_POINT('',(127.8908820323,12.6,-48.3241107875014));
#6303=CARTESIAN_POINT('',(127.8908820323,13.1,-47.8241107875014));
#6304=CARTESIAN_POINT('Origin',(128.140882032301,1.6,-48.0741107875014));
#6305=CARTESIAN_POINT('',(128.390882032301,1.6,-47.8241107875014));
#6306=CARTESIAN_POINT('',(127.8908820323,1.6,-48.3241107875014));
#6307=CARTESIAN_POINT('Origin',(-93.2369170827208,-5.75167113603541,40.2233527286666));
#6308=CARTESIAN_POINT('',(-93.8349254649602,-5.21420735445887,40.4499970711993));
#6309=CARTESIAN_POINT('',(-92.9060794777243,-5.16593654453419,40.7640129739741));
#6310=CARTESIAN_POINT('',(-93.8349254649602,-5.21420735445887,40.4499970711993));
#6311=CARTESIAN_POINT('',(-93.2369170827208,-5.75167113603541,40.2233527286666));
#6312=CARTESIAN_POINT('',(-93.2369170827208,-5.75167113603541,40.2233527286666));
#6313=CARTESIAN_POINT('',(-92.9060794777243,-5.16593654453419,40.7640129739741));
#6314=CARTESIAN_POINT('Origin',(-9.33672970932428,12.6,51.4681414825595));
#6315=CARTESIAN_POINT('',(-10.3326296194859,12.6,51.4042409418615));
#6316=CARTESIAN_POINT('',(-9.80464790067758,13.1,50.968141482561));
#6317=CARTESIAN_POINT('',(-10.3326296194859,12.6,51.4042409418615));
#6318=CARTESIAN_POINT('',(-9.33672970932428,12.6,51.4681414825595));
#6319=CARTESIAN_POINT('',(-9.33672970932428,12.6,51.4681414825595));
#6320=CARTESIAN_POINT('',(-9.80464790067759,13.1,50.968141482561));
#6321=CARTESIAN_POINT('Origin',(-9.83467966440509,1.6,51.4361912122105));
#6322=CARTESIAN_POINT('',(-10.3326296194859,1.6,51.4042409418615));
#6323=CARTESIAN_POINT('',(-9.33672970932428,1.6,51.4681414825595));
#6324=CARTESIAN_POINT('Origin',(-4.91836499430691,12.85,51.2181414825449));
#6325=CARTESIAN_POINT('',(3.41927859737639,12.6,51.4681414825174));
#6326=CARTESIAN_POINT('',(3.41927859737474,13.1,50.9681414825174));
#6327=CARTESIAN_POINT('',(3.41927859737639,12.6,51.4681414825174));
#6328=CARTESIAN_POINT('',(-4.91836499430774,13.1,50.9681414825449));
#6329=CARTESIAN_POINT('',(-4.91836499430609,12.6,51.4681414825449));
#6330=CARTESIAN_POINT('Origin',(-127.890882591205,-8.92249421920038,20.2035636845672));
#6331=CARTESIAN_POINT('',(-128.390882591205,-8.45058921389567,19.9868280158427));
#6332=CARTESIAN_POINT('',(-127.957936514131,-8.33644833075677,20.7369433779179));
#6333=CARTESIAN_POINT('',(-128.390882591205,-8.45058921389567,19.9868280158427));
#6334=CARTESIAN_POINT('',(-127.890882591205,-8.92249421920038,20.2035636845672));
#6335=CARTESIAN_POINT('',(-127.890882591205,-8.92249421920038,20.2035636845672));
#6336=CARTESIAN_POINT('',(-127.957936514131,-8.33644833075677,20.7369433779179));
#6337=CARTESIAN_POINT('Origin',(-128.140882591204,-15.188807932052,-20.9584973167539));
#6338=CARTESIAN_POINT('',(-127.890882591204,-15.4357300172008,-20.9193887004938));
#6339=CARTESIAN_POINT('',(-128.390882591204,-14.9418858469032,-20.9976059330139));
#6340=CARTESIAN_POINT('Origin',(-83.9107720918634,-4.60224219492986,45.8971772353435));
#6341=CARTESIAN_POINT('',(-84.0540904087958,-4.31926511296787,46.1004400039597));
#6342=CARTESIAN_POINT('',(-83.767453774931,-4.88521927689185,45.6939144667273));
#6343=CARTESIAN_POINT('Origin',(-128.390882591202,12.6,-47.8241107875014));
#6344=CARTESIAN_POINT('',(-127.890882591202,12.6,-48.3241107875014));
#6345=CARTESIAN_POINT('',(-127.890882591202,13.1,-47.8241107875014));
#6346=CARTESIAN_POINT('',(-127.890882591202,12.6,-48.3241107875014));
#6347=CARTESIAN_POINT('',(-128.390882591202,12.6,-47.8241107875014));
#6348=CARTESIAN_POINT('',(-128.390882591202,12.6,-47.8241107875014));
#6349=CARTESIAN_POINT('',(-127.890882591202,13.1,-47.8241107875014));
#6350=CARTESIAN_POINT('Origin',(-128.140882591202,1.6,-48.0741107875014));
#6351=CARTESIAN_POINT('',(-128.390882591202,1.6,-47.8241107875014));
#6352=CARTESIAN_POINT('',(-127.890882591202,1.6,-48.3241107875014));
#6353=CARTESIAN_POINT('Origin',(-92.9060794777243,12.6,40.7640129739741));
#6354=CARTESIAN_POINT('',(-93.8349254649602,12.6,40.4499970711993));
#6355=CARTESIAN_POINT('',(-93.2386609517979,13.1,40.2170232882297));
#6356=CARTESIAN_POINT('',(-93.8349254649602,12.6,40.4499970711993));
#6357=CARTESIAN_POINT('',(-92.9060794777243,12.6,40.7640129739741));
#6358=CARTESIAN_POINT('',(-92.9060794777243,12.6,40.7640129739741));
#6359=CARTESIAN_POINT('',(-93.2386609517979,13.1,40.2170232882297));
#6360=CARTESIAN_POINT('Origin',(-93.3705024713422,1.6,40.6070050225867));
#6361=CARTESIAN_POINT('',(-93.8349254649602,1.6,40.4499970711993));
#6362=CARTESIAN_POINT('',(-92.9060794777243,1.6,40.7640129739741));
#6363=CARTESIAN_POINT('Origin',(-49.9116158593065,12.85,46.0521153078754));
#6364=CARTESIAN_POINT('',(-49.8796655889567,13.1,45.8041653527946));
#6365=CARTESIAN_POINT('',(-49.9435661296563,12.6,46.3000652629562));
#6366=CARTESIAN_POINT('Origin',(-127.957936514131,12.6,20.7369433779179));
#6367=CARTESIAN_POINT('',(-128.390882591205,12.6,19.9868280158427));
#6368=CARTESIAN_POINT('',(-127.890882591205,13.1,20.1982416870169));
#6369=CARTESIAN_POINT('',(-128.390882591205,12.6,19.9868280158427));
#6370=CARTESIAN_POINT('',(-127.957936514131,12.6,20.7369433779179));
#6371=CARTESIAN_POINT('',(-127.957936514131,12.6,20.7369433779179));
#6372=CARTESIAN_POINT('',(-127.890882591205,13.1,20.1982416870169));
#6373=CARTESIAN_POINT('Origin',(-128.174409552668,1.6,20.3618856968803));
#6374=CARTESIAN_POINT('',(-128.390882591205,1.6,19.9868280158427));
#6375=CARTESIAN_POINT('',(-127.957936514131,1.6,20.7369433779179));
#6376=CARTESIAN_POINT('Origin',(-84.2304952926531,12.85,45.7098103612553));
#6377=CARTESIAN_POINT('',(-84.1054376116155,13.1,45.4933373227181));
#6378=CARTESIAN_POINT('',(-84.3555529736907,12.6,45.9262833997924));
#6379=CARTESIAN_POINT('Origin',(-128.140882591204,12.85,-23.3760477199887));
#6380=CARTESIAN_POINT('',(-127.890882591204,13.1,-23.3760477199887));
#6381=CARTESIAN_POINT('',(-128.390882591204,12.6,-23.3760477199887));
#6382=CARTESIAN_POINT('Origin',(64.195440876424,12.85,-48.0741107875014));
#6383=CARTESIAN_POINT('',(64.195440876424,13.1,-47.8241107875014));
#6384=CARTESIAN_POINT('',(64.195440876424,12.6,-48.3241107875014));
#6385=CARTESIAN_POINT('Origin',(-49.8186294310633,-4.57605341383624,46.06714969339));
#6386=CARTESIAN_POINT('',(-49.8559892419706,-4.28732463911837,46.3113502226048));
#6387=CARTESIAN_POINT('',(-49.7812696201559,-4.86478218855412,45.8229491641752));
#6388=CARTESIAN_POINT('Origin',(128.140882032301,12.85,11.0294210290927));
#6389=CARTESIAN_POINT('',(127.8908820323,13.1,11.0294210290927));
#6390=CARTESIAN_POINT('',(128.390882032301,12.6,11.0294210290927));
#6391=CARTESIAN_POINT('Origin',(1.70964074795448,12.85,51.2181415925099));
#6392=CARTESIAN_POINT('',(1.70964076403867,12.6,51.4681415925099));
#6393=CARTESIAN_POINT('',(1.7096407318703,13.1,50.9681415925099));
#6394=CARTESIAN_POINT('Origin',(-4.9183649943089,-3.75978017894481,51.2212193973961));
#6395=CARTESIAN_POINT('',(-4.91836499430794,-3.47067156268475,51.4681414825449));
#6396=CARTESIAN_POINT('',(-4.91836499430987,-4.04888879520487,50.9742973122473));
#6397=CARTESIAN_POINT('Origin',(66.7360442084737,12.85,55.8164517120352));
#6398=CARTESIAN_POINT('',(66.610986524616,13.1,55.5999786751272));
#6399=CARTESIAN_POINT('',(66.8611018923313,12.6,56.0329247489431));
#6400=CARTESIAN_POINT('Origin',(128.140882032301,-16.7372978478437,8.96512985671934));
#6401=CARTESIAN_POINT('',(127.8908820323,-14.2438220600632,-13.393978030763));
#6402=CARTESIAN_POINT('',(127.8908820323,-16.985434385754,8.93466252086805));
#6403=CARTESIAN_POINT('',(128.390882032301,-13.7389851746191,-13.4027899913766));
#6404=CARTESIAN_POINT('',(128.390882032301,-16.4891613099333,8.99559719257062));
#6405=CARTESIAN_POINT('',(128.390882032301,-13.7389851746191,-13.4027899913766));
#6406=CARTESIAN_POINT('Origin',(128.140882032301,-9.87287066060086,12.6050096827884));
#6407=CARTESIAN_POINT('',(128.390882032301,-9.62594857545208,12.5659010665284));
#6408=CARTESIAN_POINT('',(127.8908820323,-10.1197927457496,12.6441182990485));
#6409=CARTESIAN_POINT('Origin',(8.05311883107603,-3.72365856401054,51.4489589675007));
#6410=CARTESIAN_POINT('',(8.0904786464437,-3.4349297893839,51.6931594960621));
#6411=CARTESIAN_POINT('',(8.01575901570836,-4.01238733863719,51.2047584389394));
#6412=CARTESIAN_POINT('Origin',(-2.79452496698696E-7,-15.864107071355,-0.19781558674805));
#6413=CARTESIAN_POINT('',(-2.79452499620992E-7,-14.2438220600632,-13.393978030763));
#6414=CARTESIAN_POINT('',(85.1215568053212,-10.2005101690527,-46.3241107875014));
#6415=CARTESIAN_POINT('',(42.5614067341563,-10.2003660345747,-46.3252846686226));
#6416=CARTESIAN_POINT('',(-85.1216311825421,-10.2005101690527,-46.3241107875014));
#6417=CARTESIAN_POINT('',(-42.5608157309973,-10.2005101690527,-46.3241107875014));
#6418=CARTESIAN_POINT('',(-63.1954425910541,-10.2005100324938,-46.3241118996842));
#6419=CARTESIAN_POINT('',(-2.79452499620992E-7,-14.2438220600632,-13.393978030763));
#6420=CARTESIAN_POINT('Origin',(-9.83672970932429,1.6,51.4681414825611));
#6421=CARTESIAN_POINT('',(3.41927859737639,1.6,51.4681414825174));
#6422=CARTESIAN_POINT('Origin',(93.4019799806894,1.6,40.700111070674));
#6423=CARTESIAN_POINT('Origin',(9.83673310136414,1.6,51.4681410696394));
#6424=CARTESIAN_POINT('Origin',(128.390882032301,1.6,-48.3241107875014));
#6425=CARTESIAN_POINT('',(5.99999959745876,-1.30000000000003,-48.3241107875014));
#6426=CARTESIAN_POINT('Origin',(-128.390882591202,1.6,-48.3241107875014));
#6427=CARTESIAN_POINT('Origin',(128.390882032301,1.6,20.4868267106556));
#6428=CARTESIAN_POINT('Origin',(-2.79452496698696E-7,13.1,1.57201534752984));
#6429=CARTESIAN_POINT('',(63.1954409800075,13.1,-38.3175191411029));
#6430=CARTESIAN_POINT('',(88.0395130983674,13.1,15.5997614868959));
#6431=CARTESIAN_POINT('',(7.89058757646747,13.1,46.6740691785418));
#6432=CARTESIAN_POINT('',(9.62590545741261,13.1,4.07370628928669));
#6433=CARTESIAN_POINT('',(10.9667592883456,13.1,-5.73775481507237));
#6434=CARTESIAN_POINT('',(12.176346751523,13.1,-15.5305514121812));
#6435=CARTESIAN_POINT('',(-5.20884864156068,13.1,27.8137728949578));
#6436=CARTESIAN_POINT('',(-46.4435628869133,13.1,39.655680775172));
#6437=CARTESIAN_POINT('',(-63.195445611679,13.1,18.8324827005386));
#6438=CARTESIAN_POINT('',(-88.1740207984396,13.1,-22.7625564254137));
#6439=CARTESIAN_POINT('',(-4.28121240985703,13.1,-10.5375489915577));
#6440=CARTESIAN_POINT('',(-5.6220887158037,13.1,8.51340352606116));
#6441=CARTESIAN_POINT('Origin',(-128.390882591206,1.6,20.4868280158427));
#6442=CARTESIAN_POINT('Origin',(-93.4019793878859,1.6,40.7001124332745));
#6443=CARTESIAN_POINT('Origin',(0.,11.3437991961704,6.02505721275715));
#6444=CARTESIAN_POINT('',(9.93800877508078E-17,11.1,6.83655721275715));
#6445=CARTESIAN_POINT('Origin',(0.,11.1,6.02505721275715));
#6446=CARTESIAN_POINT('',(0.,11.5875983923409,6.02505721275715));
#6447=CARTESIAN_POINT('',(4.96900438754039E-17,11.3437991961704,6.43080721275715));
#6448=CARTESIAN_POINT('Origin',(0.,9.6,6.02505721275715));
#6449=CARTESIAN_POINT('',(9.93800877508077E-17,8.1,6.83655721275715));
#6450=CARTESIAN_POINT('Origin',(0.,8.1,6.02505721275715));
#6451=CARTESIAN_POINT('',(9.93800877508077E-17,9.6,6.83655721275715));
#6452=CARTESIAN_POINT('Origin',(14.4066673416445,11.3437991961704,-35.612882437284));
#6453=CARTESIAN_POINT('',(14.4066673416445,11.1,-34.801382437284));
#6454=CARTESIAN_POINT('Origin',(14.4066673416445,11.1,-35.612882437284));
#6455=CARTESIAN_POINT('',(14.4066673416445,11.5875983923409,-35.612882437284));
#6456=CARTESIAN_POINT('',(14.4066673416445,11.3437991961704,-35.207132437284));
#6457=CARTESIAN_POINT('Origin',(14.4066673416445,9.6,-35.612882437284));
#6458=CARTESIAN_POINT('',(14.4066673416445,8.1,-34.801382437284));
#6459=CARTESIAN_POINT('Origin',(14.4066673416445,8.1,-35.612882437284));
#6460=CARTESIAN_POINT('',(14.4066673416445,9.6,-34.801382437284));
#6461=CARTESIAN_POINT('Origin',(-41.1380051007357,11.3437991961704,-39.4135615331905));
#6462=CARTESIAN_POINT('',(-41.1380051007357,11.1,-38.6020615331905));
#6463=CARTESIAN_POINT('Origin',(-41.1380051007357,11.1,-39.4135615331905));
#6464=CARTESIAN_POINT('',(-41.1380051007357,11.5875983923409,-39.4135615331905));
#6465=CARTESIAN_POINT('',(-41.1380051007357,11.3437991961704,-39.0078115331905));
#6466=CARTESIAN_POINT('Origin',(-41.1380051007357,9.6,-39.4135615331905));
#6467=CARTESIAN_POINT('',(-41.1380051007357,8.1,-38.6020615331905));
#6468=CARTESIAN_POINT('Origin',(-41.1380051007357,8.1,-39.4135615331905));
#6469=CARTESIAN_POINT('',(-41.1380051007357,9.6,-38.6020615331905));
#6470=CARTESIAN_POINT('Origin',(-14.4068760127816,11.3437991961704,-35.6126750993262));
#6471=CARTESIAN_POINT('',(-14.4068760127816,11.1,-34.8011750993262));
#6472=CARTESIAN_POINT('Origin',(-14.4068760127816,11.1,-35.6126750993262));
#6473=CARTESIAN_POINT('',(-14.4068760127816,11.5875983923409,-35.6126750993262));
#6474=CARTESIAN_POINT('',(-14.4068760127816,11.3437991961704,-35.2069250993262));
#6475=CARTESIAN_POINT('Origin',(-14.4068760127816,9.6,-35.6126750993262));
#6476=CARTESIAN_POINT('',(-14.4068760127816,8.1,-34.8011750993262));
#6477=CARTESIAN_POINT('Origin',(-14.4068760127816,8.1,-35.6126750993262));
#6478=CARTESIAN_POINT('',(-14.4068760127816,9.6,-34.8011750993262));
#6479=CARTESIAN_POINT('Origin',(41.137621572775,11.3437991961704,-39.4149984130544));
#6480=CARTESIAN_POINT('',(41.137621572775,11.1,-38.6034984130543));
#6481=CARTESIAN_POINT('Origin',(41.137621572775,11.1,-39.4149984130544));
#6482=CARTESIAN_POINT('',(41.137621572775,11.5875983923409,-39.4149984130544));
#6483=CARTESIAN_POINT('',(41.137621572775,11.3437991961704,-39.0092484130544));
#6484=CARTESIAN_POINT('Origin',(41.137621572775,9.6,-39.4149984130544));
#6485=CARTESIAN_POINT('',(41.137621572775,8.1,-38.6034984130544));
#6486=CARTESIAN_POINT('Origin',(41.137621572775,8.1,-39.4149984130544));
#6487=CARTESIAN_POINT('',(41.137621572775,9.6,-38.6034984130544));
#6488=CARTESIAN_POINT('Origin',(-1.87350135405495E-14,11.3437991961704,
33.0250572127571));
#6489=CARTESIAN_POINT('',(-1.86356334527987E-14,11.1,33.8365572127571));
#6490=CARTESIAN_POINT('Origin',(-1.87350135405495E-14,11.1,33.0250572127571));
#6491=CARTESIAN_POINT('',(-1.87350135405495E-14,11.5875983923409,33.0250572127571));
#6492=CARTESIAN_POINT('',(-1.86853234966741E-14,11.3437991961704,33.4308072127571));
#6493=CARTESIAN_POINT('Origin',(-1.87350135405495E-14,9.6,33.0250572127571));
#6494=CARTESIAN_POINT('',(-1.86356334527987E-14,8.1,33.8365572127571));
#6495=CARTESIAN_POINT('Origin',(-1.87350135405495E-14,8.1,33.0250572127571));
#6496=CARTESIAN_POINT('',(-1.86356334527987E-14,9.6,33.8365572127571));
#6497=CARTESIAN_POINT('Origin',(-112.364802631868,2.3,25.3324827005395));
#6498=CARTESIAN_POINT('',(-90.3648026318679,4.7,25.3324827005395));
#6499=CARTESIAN_POINT('',(-56.1824011818448,4.7,25.3324827005395));
#6500=CARTESIAN_POINT('',(-90.3648026318679,5.7,25.3324827005395));
#6501=CARTESIAN_POINT('Origin',(2.68178350637527E-7,4.7,-9.86578472646464));
#6502=CARTESIAN_POINT('',(-90.3648026318679,4.7,19.3324827005395));
#6503=CARTESIAN_POINT('',(-45.1824011818448,4.7,19.3324827005395));
#6504=CARTESIAN_POINT('',(-90.3648026318679,4.7,13.452983624404));
#6505=CARTESIAN_POINT('Origin',(65.5857440331587,2.3,-45.0640521534688));
#6506=CARTESIAN_POINT('',(30.9895565208458,4.7,-40.1432133347735));
#6507=CARTESIAN_POINT('Origin',(2.68178359519311E-7,4.7,-9.86578472646464));
#6508=CARTESIAN_POINT('',(3.61846800524938,4.7,-30.18965581039));
#6509=CARTESIAN_POINT('Origin',(-65.5863873735521,2.3,-45.0614907326612));
#6510=CARTESIAN_POINT('',(-66.4310287289597,5.7,-39.1212403470509));
#6511=CARTESIAN_POINT('Origin',(112.364803168225,2.3,25.3324814127195));
#6512=CARTESIAN_POINT('',(112.364803168225,4.7,7.73334834312741));
#6513=CARTESIAN_POINT('Origin',(2.68178368401095E-7,4.7,-9.86578472646464));
#6514=CARTESIAN_POINT('Origin',(-90.3648026318679,9.1,36.7717519752727));
#6515=CARTESIAN_POINT('',(-90.3648026318679,9.1,19.3324827005395));
#6516=CARTESIAN_POINT('Origin',(-85.4398544053359,9.1,-41.8240952111762));
#6517=CARTESIAN_POINT('',(-46.6301924418523,8.1,-36.3057683917349));
#6518=CARTESIAN_POINT('',(-46.6301922297906,3.6,-36.3057698831367));
#6519=CARTESIAN_POINT('',(-40.8577986104097,8.1,-35.4849962889436));
#6520=CARTESIAN_POINT('',(-9.99865291047162,9.1,-31.0971506914385));
#6521=CARTESIAN_POINT('Origin',(-45.5462359403428,-1.9,-43.9290903908922));
#6522=CARTESIAN_POINT('',(-48.492381539915,8.1,-23.2092399811549));
#6523=CARTESIAN_POINT('Origin',(-0.000120292642948883,8.1,-2.9528364088283));
#6524=CARTESIAN_POINT('Origin',(8.91433705785308,-1.9,-38.7204229525062));
#6525=CARTESIAN_POINT('',(9.9986442064987,8.1,-31.0971508199246));
#6526=CARTESIAN_POINT('',(11.8613887519137,8.1,-18.0010381539534));
#6527=CARTESIAN_POINT('',(9.99865245688523,9.1,-31.0971506930306));
#6528=CARTESIAN_POINT('Origin',(-0.000120292642948883,8.1,-2.9528364088283));
#6529=CARTESIAN_POINT('',(3.1365214225013,8.1,-30.1211054321266));
#6530=CARTESIAN_POINT('Origin',(9.99865245688523,9.1,-31.0971506930306));
#6531=CARTESIAN_POINT('',(9.99865245688523,9.1,-31.0971506930306));
#6532=CARTESIAN_POINT('Origin',(3.85,9.1,38.0250572127571));
#6533=CARTESIAN_POINT('',(-3.85,8.1,38.0250572127571));
#6534=CARTESIAN_POINT('',(-3.85,9.1,38.0250572127571));
#6535=CARTESIAN_POINT('',(3.85,8.1,38.0250572127571));
#6536=CARTESIAN_POINT('',(-1.925,8.1,38.0250572127571));
#6537=CARTESIAN_POINT('',(3.85,9.1,38.0250572127571));
#6538=CARTESIAN_POINT('Origin',(3.85,9.1,1.02505721275715));
#6539=CARTESIAN_POINT('',(3.85,8.1,1.02505721275715));
#6540=CARTESIAN_POINT('',(3.85,8.1,28.7750572127571));
#6541=CARTESIAN_POINT('',(3.85,9.1,1.02505721275715));
#6542=CARTESIAN_POINT('Origin',(-3.85,9.1,1.02505721275715));
#6543=CARTESIAN_POINT('',(-3.85,8.1,1.02505721275715));
#6544=CARTESIAN_POINT('',(1.925,8.1,1.02505721275715));
#6545=CARTESIAN_POINT('',(-3.85,9.1,1.02505721275715));
#6546=CARTESIAN_POINT('Origin',(-3.85,9.1,38.0250572127571));
#6547=CARTESIAN_POINT('',(-3.85,8.1,10.2750572127571));
#6548=CARTESIAN_POINT('Origin',(-5.55111512312578E-16,8.1,19.5250572127571));
#6549=CARTESIAN_POINT('Origin',(-126.390882591204,0.,-46.3241086941623));
#6550=CARTESIAN_POINT('',(-85.1216311825421,0.,-46.3241107875014));
#6551=CARTESIAN_POINT('Origin',(-2.79452496074965E-7,-11.6183615789445,
3.18252705861957));
#6552=CARTESIAN_POINT('',(-65.8424655381408,-3.52030552358412,54.3116407440748));
#6553=CARTESIAN_POINT('',(4.85420162884447,-4.28744044893388,49.4681414471875));
#6554=CARTESIAN_POINT('Origin',(3.41927859737639,1.6,51.4681414825174));
#6555=CARTESIAN_POINT('Origin',(5.99999959745876,-4.20000000000009,-48.3241107875014));
#6556=CARTESIAN_POINT('',(5.99999959745876,-2.10000000000005,-46.3241107875014));
#6557=CARTESIAN_POINT('Origin',(-85.1216311825421,0.,-46.3241107875014));
#6558=CARTESIAN_POINT('',(85.1215568053212,0.,-46.3241107875014));
#6559=CARTESIAN_POINT('Origin',(-89.1398544787062,2.6,-38.3459704668026));
#6560=CARTESIAN_POINT('Origin',(-89.1398544787062,6.8,-38.3459704668026));
#6561=CARTESIAN_POINT('Origin',(-0.0124520027650554,6.8,2.57202294111701));
#6562=CARTESIAN_POINT('Origin',(89.1148544331075,2.6,-38.3458309191761));
#6563=CARTESIAN_POINT('Origin',(89.1148544331075,6.8,-38.3458309191761));
#6564=CARTESIAN_POINT('Origin',(-0.0124520027650554,6.8,2.57202294111701));
#6565=CARTESIAN_POINT('Origin',(-2.53661475873614E-8,2.6,43.4900165295052));
#6566=CARTESIAN_POINT('',(3.70000001573786,6.8,46.9681414001253));
#6567=CARTESIAN_POINT('Origin',(-2.53661475873614E-8,6.8,43.4900165295052));
#6568=CARTESIAN_POINT('',(3.69999999999699,2.6,46.9681414168703));
#6569=CARTESIAN_POINT('Origin',(-0.0124520027650554,6.8,2.57202294111701));
#6570=CARTESIAN_POINT('',(4.68088398234263,6.8,46.968141402563));
#6571=CARTESIAN_POINT('Origin',(9.37421931988377,9.1,46.9681413341056));
#6572=CARTESIAN_POINT('Origin',(-6.65711368644368,9.1,27.6078448057655));
#6573=CARTESIAN_POINT('Origin',(-89.6237382629676,9.1,36.2585958218403));
#6574=CARTESIAN_POINT('Origin',(-126.390890943906,9.1,18.8324827005395));
#6575=CARTESIAN_POINT('Origin',(-86.8343274437133,9.1,-40.2328526088436));
#6576=CARTESIAN_POINT('Origin',(-10.1653137038014,9.1,-11.3742065056921));
#6577=CARTESIAN_POINT('Origin',(-10.1653300105533,9.1,7.86740229678423));
#6578=CARTESIAN_POINT('Origin',(126.390882032301,9.1,-38.3175188128963));
#6579=CARTESIAN_POINT('Origin',(89.6239601293369,9.1,36.2583364083295));
#6580=CARTESIAN_POINT('Origin',(9.33885519537066,9.1,46.4681407016024));
#6581=CARTESIAN_POINT('Origin',(10.1653301253081,9.1,7.86740181964262));
#6582=CARTESIAN_POINT('Origin',(10.165313537896,9.1,-11.3742066539644));
#6583=CARTESIAN_POINT('Origin',(10.0340305511669,9.1,-30.5971508422884));
#6584=CARTESIAN_POINT('Origin',(-2.26793191449026E-7,9.1,-31.0971506930283));
#6585=CARTESIAN_POINT('',(-2.26793191451184E-7,9.1,-31.0971506930283));
#6586=CARTESIAN_POINT('Origin',(-9.99865291047162,9.1,-31.0971506914385));
#6587=CARTESIAN_POINT('Origin',(-90.3648026318679,9.1,19.3324827005395));
#6588=CARTESIAN_POINT('Origin',(-9.3742195105322,9.1,46.9681414708389));
#6589=CARTESIAN_POINT('Origin',(90.3648031682247,9.1,36.7717506572019));
#6590=CARTESIAN_POINT('Origin',(85.1215568053212,0.,-46.3241107875014));
#6591=CARTESIAN_POINT('Origin',(-92.7487056435339,0.,38.7677558530953));
#6592=CARTESIAN_POINT('Origin',(9.70840319606242,0.,49.4681414117855));
#6593=UNCERTAINTY_MEASURE_WITH_UNIT(LENGTH_MEASURE(0.01),#6597,
'DISTANCE_ACCURACY_VALUE',
'Maximum model space distance between geometric entities at asserted c
onnectivities');
#6594=UNCERTAINTY_MEASURE_WITH_UNIT(LENGTH_MEASURE(0.01),#6597,
'DISTANCE_ACCURACY_VALUE',
'Maximum model space distance between geometric entities at asserted c
onnectivities');
#6595=(
GEOMETRIC_REPRESENTATION_CONTEXT(3)
GLOBAL_UNCERTAINTY_ASSIGNED_CONTEXT((#6593))
GLOBAL_UNIT_ASSIGNED_CONTEXT((#6597,#6598,#6599))
REPRESENTATION_CONTEXT('','3D')
);
#6596=(
GEOMETRIC_REPRESENTATION_CONTEXT(3)
GLOBAL_UNCERTAINTY_ASSIGNED_CONTEXT((#6594))
GLOBAL_UNIT_ASSIGNED_CONTEXT((#6597,#6598,#6599))
REPRESENTATION_CONTEXT('','3D')
);
#6597=(
LENGTH_UNIT()
NAMED_UNIT(*)
SI_UNIT(.MILLI.,.METRE.)
);
#6598=(
NAMED_UNIT(*)
PLANE_ANGLE_UNIT()
SI_UNIT($,.RADIAN.)
);
#6599=(
NAMED_UNIT(*)
SI_UNIT($,.STERADIAN.)
SOLID_ANGLE_UNIT()
);
#6600=SHAPE_DEFINITION_REPRESENTATION(#6601,#6602);
#6601=PRODUCT_DEFINITION_SHAPE('',$,#6604);
#6602=SHAPE_REPRESENTATION('',(#3989),#6595);
#6603=PRODUCT_DEFINITION_CONTEXT('part definition',#6608,'design');
#6604=PRODUCT_DEFINITION('2026-05-22-02-35-04-396','carot42',#6605,#6603);
#6605=PRODUCT_DEFINITION_FORMATION('',$,#6610);
#6606=PRODUCT_RELATED_PRODUCT_CATEGORY('carot42','carot42',(#6610));
#6607=APPLICATION_PROTOCOL_DEFINITION('international standard',
'automotive_design',2009,#6608);
#6608=APPLICATION_CONTEXT(
'Core Data for Automotive Mechanical Design Process');
#6609=PRODUCT_CONTEXT('part definition',#6608,'mechanical');
#6610=PRODUCT('2026-05-22-02-35-04-396','carot42',$,(#6609));
#6611=PRESENTATION_STYLE_ASSIGNMENT((#6612));
#6612=SURFACE_STYLE_USAGE(.BOTH.,#6613);
#6613=SURFACE_SIDE_STYLE('',(#6614));
#6614=SURFACE_STYLE_FILL_AREA(#6615);
#6615=FILL_AREA_STYLE('\X2\92FC\X0\ - \X2\30B530C630F3\X0\',(#6616));
#6616=FILL_AREA_STYLE_COLOUR('\X2\92FC\X0\ - \X2\30B530C630F3\X0\',#6617);
#6617=COLOUR_RGB('\X2\92FC\X0\ - \X2\30B530C630F3\X0\',0.627450980392157,
0.627450980392157,0.627450980392157);
ENDSEC;
END-ISO-10303-21;
