ISO-10303-21;
HEADER;
/* Generated by software containing ST-Developer
 * from STEP Tools, Inc. (www.steptools.com) 
 */

FILE_DESCRIPTION(
/* description */ (''),
/* implementation_level */ '2;1');

FILE_NAME(
/* name */ 'carot48_bottom.step',
/* time_stamp */ '2026-06-18T05:40:19+09:00',
/* author */ (''),
/* organization */ (''),
/* preprocessor_version */ 'ST-DEVELOPER v20.1',
/* originating_system */ 'Autodesk Translation Framework v15.8.0.0',
/* authorisation */ '');

FILE_SCHEMA (('AUTOMOTIVE_DESIGN { 1 0 10303 214 3 1 1 }'));
ENDSEC;

DATA;
#10=MECHANICAL_DESIGN_GEOMETRIC_PRESENTATION_REPRESENTATION('',(#13),#6018);
#11=SHAPE_REPRESENTATION_RELATIONSHIP('SRR','None',#6024,#12);
#12=ADVANCED_BREP_SHAPE_REPRESENTATION('',(#14),#6017);
#13=STYLED_ITEM('',(#6033),#14);
#14=MANIFOLD_SOLID_BREP('bottom_case',#3579);
#15=CONICAL_SURFACE('',#3609,0.40575,1.02974425867665);
#16=CONICAL_SURFACE('',#3613,0.40575,1.02974425867665);
#17=CONICAL_SURFACE('',#3617,0.40575,1.02974425867665);
#18=CONICAL_SURFACE('',#3621,0.40575,1.02974425867665);
#19=CONICAL_SURFACE('',#3625,0.40575,1.02974425867665);
#20=CONICAL_SURFACE('',#3629,0.40575,1.02974425867665);
#21=FACE_BOUND('',#355,.T.);
#22=FACE_BOUND('',#358,.T.);
#23=FACE_BOUND('',#361,.T.);
#24=FACE_BOUND('',#364,.T.);
#25=FACE_BOUND('',#381,.T.);
#26=FACE_BOUND('',#382,.T.);
#27=FACE_BOUND('',#383,.T.);
#28=FACE_BOUND('',#384,.T.);
#29=FACE_BOUND('',#385,.T.);
#30=FACE_BOUND('',#386,.T.);
#31=FACE_BOUND('',#397,.T.);
#32=FACE_BOUND('',#398,.T.);
#33=FACE_BOUND('',#399,.T.);
#34=FACE_BOUND('',#400,.T.);
#35=FACE_BOUND('',#426,.T.);
#36=FACE_BOUND('',#545,.T.);
#37=FACE_BOUND('',#546,.T.);
#38=FACE_BOUND('',#547,.T.);
#39=FACE_BOUND('',#550,.T.);
#40=FACE_BOUND('',#551,.T.);
#41=FACE_BOUND('',#552,.T.);
#42=FACE_BOUND('',#553,.T.);
#43=FACE_BOUND('',#554,.T.);
#44=FACE_BOUND('',#558,.T.);
#45=FACE_BOUND('',#559,.T.);
#46=PLANE('',#3596);
#47=PLANE('',#3600);
#48=PLANE('',#3604);
#49=PLANE('',#3608);
#50=PLANE('',#3636);
#51=PLANE('',#3640);
#52=PLANE('',#3662);
#53=PLANE('',#3665);
#54=PLANE('',#3668);
#55=PLANE('',#3669);
#56=PLANE('',#3670);
#57=PLANE('',#3671);
#58=PLANE('',#3672);
#59=PLANE('',#3673);
#60=PLANE('',#3690);
#61=PLANE('',#3694);
#62=PLANE('',#3696);
#63=PLANE('',#3699);
#64=PLANE('',#3700);
#65=PLANE('',#3707);
#66=PLANE('',#3708);
#67=PLANE('',#3712);
#68=PLANE('',#3719);
#69=PLANE('',#3723);
#70=PLANE('',#3730);
#71=PLANE('',#3734);
#72=PLANE('',#3738);
#73=PLANE('',#3741);
#74=PLANE('',#3750);
#75=PLANE('',#3753);
#76=PLANE('',#3759);
#77=PLANE('',#3762);
#78=PLANE('',#3769);
#79=PLANE('',#3772);
#80=PLANE('',#3775);
#81=PLANE('',#3777);
#82=PLANE('',#3780);
#83=PLANE('',#3783);
#84=PLANE('',#3786);
#85=PLANE('',#3788);
#86=PLANE('',#3790);
#87=PLANE('',#3791);
#88=PLANE('',#3792);
#89=PLANE('',#3793);
#90=PLANE('',#3794);
#91=PLANE('',#3795);
#92=PLANE('',#3798);
#93=PLANE('',#3799);
#94=PLANE('',#3804);
#95=PLANE('',#3805);
#96=PLANE('',#3806);
#97=PLANE('',#3807);
#98=PLANE('',#3808);
#99=PLANE('',#3809);
#100=PLANE('',#3810);
#101=PLANE('',#3811);
#102=PLANE('',#3812);
#103=PLANE('',#3813);
#104=PLANE('',#3814);
#105=PLANE('',#3815);
#106=PLANE('',#3816);
#107=PLANE('',#3817);
#108=PLANE('',#3818);
#109=PLANE('',#3819);
#110=PLANE('',#3820);
#111=PLANE('',#3821);
#112=PLANE('',#3822);
#113=PLANE('',#3825);
#114=PLANE('',#3826);
#115=PLANE('',#3828);
#116=PLANE('',#3829);
#117=PLANE('',#3830);
#118=PLANE('',#3833);
#119=PLANE('',#3834);
#120=PLANE('',#3835);
#121=PLANE('',#3841);
#122=PLANE('',#3842);
#123=PLANE('',#3843);
#124=PLANE('',#3844);
#125=PLANE('',#3845);
#126=PLANE('',#3847);
#127=PLANE('',#3848);
#128=PLANE('',#3849);
#129=PLANE('',#3852);
#130=PLANE('',#3853);
#131=PLANE('',#3857);
#132=PLANE('',#3860);
#133=PLANE('',#3865);
#134=PLANE('',#3870);
#135=PLANE('',#3875);
#136=PLANE('',#3880);
#137=PLANE('',#3881);
#138=PLANE('',#3886);
#139=PLANE('',#3889);
#140=PLANE('',#3892);
#141=PLANE('',#3893);
#142=PLANE('',#3899);
#143=PLANE('',#3903);
#144=PLANE('',#3907);
#145=PLANE('',#3911);
#146=PLANE('',#3916);
#147=PLANE('',#3919);
#148=PLANE('',#3920);
#149=PLANE('',#3921);
#150=ELLIPSE('',#3595,2.22742327673361,2.20000000000001);
#151=ELLIPSE('',#3599,2.22742327673361,2.20000000000001);
#152=ELLIPSE('',#3603,2.22742327673361,2.20000000000001);
#153=ELLIPSE('',#3607,2.22742327673361,2.20000000000001);
#154=ELLIPSE('',#3740,3.03739537736401,3.);
#155=ELLIPSE('',#3743,3.03739537736401,3.);
#156=ELLIPSE('',#3898,3.03739537736401,3.);
#157=ELLIPSE('',#3902,3.03739537736401,3.);
#158=ELLIPSE('',#3906,3.03739537736401,3.);
#159=ELLIPSE('',#3910,3.03739537736401,3.);
#160=ELLIPSE('',#3915,3.03739537736401,3.);
#161=ELLIPSE('',#3917,3.03739537736401,3.);
#162=FACE_OUTER_BOUND('',#349,.T.);
#163=FACE_OUTER_BOUND('',#350,.T.);
#164=FACE_OUTER_BOUND('',#351,.T.);
#165=FACE_OUTER_BOUND('',#352,.T.);
#166=FACE_OUTER_BOUND('',#353,.T.);
#167=FACE_OUTER_BOUND('',#354,.T.);
#168=FACE_OUTER_BOUND('',#356,.T.);
#169=FACE_OUTER_BOUND('',#357,.T.);
#170=FACE_OUTER_BOUND('',#359,.T.);
#171=FACE_OUTER_BOUND('',#360,.T.);
#172=FACE_OUTER_BOUND('',#362,.T.);
#173=FACE_OUTER_BOUND('',#363,.T.);
#174=FACE_OUTER_BOUND('',#365,.T.);
#175=FACE_OUTER_BOUND('',#366,.T.);
#176=FACE_OUTER_BOUND('',#367,.T.);
#177=FACE_OUTER_BOUND('',#368,.T.);
#178=FACE_OUTER_BOUND('',#369,.T.);
#179=FACE_OUTER_BOUND('',#370,.T.);
#180=FACE_OUTER_BOUND('',#371,.T.);
#181=FACE_OUTER_BOUND('',#372,.T.);
#182=FACE_OUTER_BOUND('',#373,.T.);
#183=FACE_OUTER_BOUND('',#374,.T.);
#184=FACE_OUTER_BOUND('',#375,.T.);
#185=FACE_OUTER_BOUND('',#376,.T.);
#186=FACE_OUTER_BOUND('',#377,.T.);
#187=FACE_OUTER_BOUND('',#378,.T.);
#188=FACE_OUTER_BOUND('',#379,.T.);
#189=FACE_OUTER_BOUND('',#380,.T.);
#190=FACE_OUTER_BOUND('',#387,.T.);
#191=FACE_OUTER_BOUND('',#388,.T.);
#192=FACE_OUTER_BOUND('',#389,.T.);
#193=FACE_OUTER_BOUND('',#390,.T.);
#194=FACE_OUTER_BOUND('',#391,.T.);
#195=FACE_OUTER_BOUND('',#392,.T.);
#196=FACE_OUTER_BOUND('',#393,.T.);
#197=FACE_OUTER_BOUND('',#394,.T.);
#198=FACE_OUTER_BOUND('',#395,.T.);
#199=FACE_OUTER_BOUND('',#396,.T.);
#200=FACE_OUTER_BOUND('',#401,.T.);
#201=FACE_OUTER_BOUND('',#402,.T.);
#202=FACE_OUTER_BOUND('',#403,.T.);
#203=FACE_OUTER_BOUND('',#404,.T.);
#204=FACE_OUTER_BOUND('',#405,.T.);
#205=FACE_OUTER_BOUND('',#406,.T.);
#206=FACE_OUTER_BOUND('',#407,.T.);
#207=FACE_OUTER_BOUND('',#408,.T.);
#208=FACE_OUTER_BOUND('',#409,.T.);
#209=FACE_OUTER_BOUND('',#410,.T.);
#210=FACE_OUTER_BOUND('',#411,.T.);
#211=FACE_OUTER_BOUND('',#412,.T.);
#212=FACE_OUTER_BOUND('',#413,.T.);
#213=FACE_OUTER_BOUND('',#414,.T.);
#214=FACE_OUTER_BOUND('',#415,.T.);
#215=FACE_OUTER_BOUND('',#416,.T.);
#216=FACE_OUTER_BOUND('',#417,.T.);
#217=FACE_OUTER_BOUND('',#418,.T.);
#218=FACE_OUTER_BOUND('',#419,.T.);
#219=FACE_OUTER_BOUND('',#420,.T.);
#220=FACE_OUTER_BOUND('',#421,.T.);
#221=FACE_OUTER_BOUND('',#422,.T.);
#222=FACE_OUTER_BOUND('',#423,.T.);
#223=FACE_OUTER_BOUND('',#424,.T.);
#224=FACE_OUTER_BOUND('',#425,.T.);
#225=FACE_OUTER_BOUND('',#427,.T.);
#226=FACE_OUTER_BOUND('',#428,.T.);
#227=FACE_OUTER_BOUND('',#429,.T.);
#228=FACE_OUTER_BOUND('',#430,.T.);
#229=FACE_OUTER_BOUND('',#431,.T.);
#230=FACE_OUTER_BOUND('',#432,.T.);
#231=FACE_OUTER_BOUND('',#433,.T.);
#232=FACE_OUTER_BOUND('',#434,.T.);
#233=FACE_OUTER_BOUND('',#435,.T.);
#234=FACE_OUTER_BOUND('',#436,.T.);
#235=FACE_OUTER_BOUND('',#437,.T.);
#236=FACE_OUTER_BOUND('',#438,.T.);
#237=FACE_OUTER_BOUND('',#439,.T.);
#238=FACE_OUTER_BOUND('',#440,.T.);
#239=FACE_OUTER_BOUND('',#441,.T.);
#240=FACE_OUTER_BOUND('',#442,.T.);
#241=FACE_OUTER_BOUND('',#443,.T.);
#242=FACE_OUTER_BOUND('',#444,.T.);
#243=FACE_OUTER_BOUND('',#445,.T.);
#244=FACE_OUTER_BOUND('',#446,.T.);
#245=FACE_OUTER_BOUND('',#447,.T.);
#246=FACE_OUTER_BOUND('',#448,.T.);
#247=FACE_OUTER_BOUND('',#449,.T.);
#248=FACE_OUTER_BOUND('',#450,.T.);
#249=FACE_OUTER_BOUND('',#451,.T.);
#250=FACE_OUTER_BOUND('',#452,.T.);
#251=FACE_OUTER_BOUND('',#453,.T.);
#252=FACE_OUTER_BOUND('',#454,.T.);
#253=FACE_OUTER_BOUND('',#455,.T.);
#254=FACE_OUTER_BOUND('',#456,.T.);
#255=FACE_OUTER_BOUND('',#457,.T.);
#256=FACE_OUTER_BOUND('',#458,.T.);
#257=FACE_OUTER_BOUND('',#459,.T.);
#258=FACE_OUTER_BOUND('',#460,.T.);
#259=FACE_OUTER_BOUND('',#461,.T.);
#260=FACE_OUTER_BOUND('',#462,.T.);
#261=FACE_OUTER_BOUND('',#463,.T.);
#262=FACE_OUTER_BOUND('',#464,.T.);
#263=FACE_OUTER_BOUND('',#465,.T.);
#264=FACE_OUTER_BOUND('',#466,.T.);
#265=FACE_OUTER_BOUND('',#467,.T.);
#266=FACE_OUTER_BOUND('',#468,.T.);
#267=FACE_OUTER_BOUND('',#469,.T.);
#268=FACE_OUTER_BOUND('',#470,.T.);
#269=FACE_OUTER_BOUND('',#471,.T.);
#270=FACE_OUTER_BOUND('',#472,.T.);
#271=FACE_OUTER_BOUND('',#473,.T.);
#272=FACE_OUTER_BOUND('',#474,.T.);
#273=FACE_OUTER_BOUND('',#475,.T.);
#274=FACE_OUTER_BOUND('',#476,.T.);
#275=FACE_OUTER_BOUND('',#477,.T.);
#276=FACE_OUTER_BOUND('',#478,.T.);
#277=FACE_OUTER_BOUND('',#479,.T.);
#278=FACE_OUTER_BOUND('',#480,.T.);
#279=FACE_OUTER_BOUND('',#481,.T.);
#280=FACE_OUTER_BOUND('',#482,.T.);
#281=FACE_OUTER_BOUND('',#483,.T.);
#282=FACE_OUTER_BOUND('',#484,.T.);
#283=FACE_OUTER_BOUND('',#485,.T.);
#284=FACE_OUTER_BOUND('',#486,.T.);
#285=FACE_OUTER_BOUND('',#487,.T.);
#286=FACE_OUTER_BOUND('',#488,.T.);
#287=FACE_OUTER_BOUND('',#489,.T.);
#288=FACE_OUTER_BOUND('',#490,.T.);
#289=FACE_OUTER_BOUND('',#491,.T.);
#290=FACE_OUTER_BOUND('',#492,.T.);
#291=FACE_OUTER_BOUND('',#493,.T.);
#292=FACE_OUTER_BOUND('',#494,.T.);
#293=FACE_OUTER_BOUND('',#495,.T.);
#294=FACE_OUTER_BOUND('',#496,.T.);
#295=FACE_OUTER_BOUND('',#497,.T.);
#296=FACE_OUTER_BOUND('',#498,.T.);
#297=FACE_OUTER_BOUND('',#499,.T.);
#298=FACE_OUTER_BOUND('',#500,.T.);
#299=FACE_OUTER_BOUND('',#501,.T.);
#300=FACE_OUTER_BOUND('',#502,.T.);
#301=FACE_OUTER_BOUND('',#503,.T.);
#302=FACE_OUTER_BOUND('',#504,.T.);
#303=FACE_OUTER_BOUND('',#505,.T.);
#304=FACE_OUTER_BOUND('',#506,.T.);
#305=FACE_OUTER_BOUND('',#507,.T.);
#306=FACE_OUTER_BOUND('',#508,.T.);
#307=FACE_OUTER_BOUND('',#509,.T.);
#308=FACE_OUTER_BOUND('',#510,.T.);
#309=FACE_OUTER_BOUND('',#511,.T.);
#310=FACE_OUTER_BOUND('',#512,.T.);
#311=FACE_OUTER_BOUND('',#513,.T.);
#312=FACE_OUTER_BOUND('',#514,.T.);
#313=FACE_OUTER_BOUND('',#515,.T.);
#314=FACE_OUTER_BOUND('',#516,.T.);
#315=FACE_OUTER_BOUND('',#517,.T.);
#316=FACE_OUTER_BOUND('',#518,.T.);
#317=FACE_OUTER_BOUND('',#519,.T.);
#318=FACE_OUTER_BOUND('',#520,.T.);
#319=FACE_OUTER_BOUND('',#521,.T.);
#320=FACE_OUTER_BOUND('',#522,.T.);
#321=FACE_OUTER_BOUND('',#523,.T.);
#322=FACE_OUTER_BOUND('',#524,.T.);
#323=FACE_OUTER_BOUND('',#525,.T.);
#324=FACE_OUTER_BOUND('',#526,.T.);
#325=FACE_OUTER_BOUND('',#527,.T.);
#326=FACE_OUTER_BOUND('',#528,.T.);
#327=FACE_OUTER_BOUND('',#529,.T.);
#328=FACE_OUTER_BOUND('',#530,.T.);
#329=FACE_OUTER_BOUND('',#531,.T.);
#330=FACE_OUTER_BOUND('',#532,.T.);
#331=FACE_OUTER_BOUND('',#533,.T.);
#332=FACE_OUTER_BOUND('',#534,.T.);
#333=FACE_OUTER_BOUND('',#535,.T.);
#334=FACE_OUTER_BOUND('',#536,.T.);
#335=FACE_OUTER_BOUND('',#537,.T.);
#336=FACE_OUTER_BOUND('',#538,.T.);
#337=FACE_OUTER_BOUND('',#539,.T.);
#338=FACE_OUTER_BOUND('',#540,.T.);
#339=FACE_OUTER_BOUND('',#541,.T.);
#340=FACE_OUTER_BOUND('',#542,.T.);
#341=FACE_OUTER_BOUND('',#543,.T.);
#342=FACE_OUTER_BOUND('',#544,.T.);
#343=FACE_OUTER_BOUND('',#548,.T.);
#344=FACE_OUTER_BOUND('',#549,.T.);
#345=FACE_OUTER_BOUND('',#555,.T.);
#346=FACE_OUTER_BOUND('',#556,.T.);
#347=FACE_OUTER_BOUND('',#557,.T.);
#348=FACE_OUTER_BOUND('',#560,.T.);
#349=EDGE_LOOP('',(#2285,#2286,#2287,#2288));
#350=EDGE_LOOP('',(#2289,#2290,#2291,#2292));
#351=EDGE_LOOP('',(#2293,#2294,#2295,#2296));
#352=EDGE_LOOP('',(#2297,#2298,#2299,#2300));
#353=EDGE_LOOP('',(#2301,#2302,#2303,#2304));
#354=EDGE_LOOP('',(#2305));
#355=EDGE_LOOP('',(#2306));
#356=EDGE_LOOP('',(#2307,#2308,#2309,#2310));
#357=EDGE_LOOP('',(#2311));
#358=EDGE_LOOP('',(#2312));
#359=EDGE_LOOP('',(#2313,#2314,#2315,#2316));
#360=EDGE_LOOP('',(#2317));
#361=EDGE_LOOP('',(#2318));
#362=EDGE_LOOP('',(#2319,#2320,#2321,#2322));
#363=EDGE_LOOP('',(#2323));
#364=EDGE_LOOP('',(#2324));
#365=EDGE_LOOP('',(#2325,#2326,#2327));
#366=EDGE_LOOP('',(#2328,#2329,#2330,#2331));
#367=EDGE_LOOP('',(#2332,#2333,#2334));
#368=EDGE_LOOP('',(#2335,#2336,#2337,#2338));
#369=EDGE_LOOP('',(#2339,#2340,#2341));
#370=EDGE_LOOP('',(#2342,#2343,#2344,#2345));
#371=EDGE_LOOP('',(#2346,#2347,#2348));
#372=EDGE_LOOP('',(#2349,#2350,#2351,#2352));
#373=EDGE_LOOP('',(#2353,#2354,#2355));
#374=EDGE_LOOP('',(#2356,#2357,#2358,#2359));
#375=EDGE_LOOP('',(#2360,#2361,#2362));
#376=EDGE_LOOP('',(#2363,#2364,#2365,#2366));
#377=EDGE_LOOP('',(#2367,#2368,#2369,#2370));
#378=EDGE_LOOP('',(#2371,#2372,#2373,#2374));
#379=EDGE_LOOP('',(#2375,#2376,#2377,#2378));
#380=EDGE_LOOP('',(#2379,#2380,#2381,#2382,#2383,#2384,#2385,#2386,#2387,
#2388,#2389,#2390,#2391,#2392,#2393,#2394,#2395,#2396,#2397,#2398,#2399,
#2400,#2401,#2402,#2403,#2404,#2405,#2406,#2407,#2408,#2409,#2410,#2411,
#2412,#2413,#2414,#2415,#2416,#2417,#2418,#2419,#2420,#2421,#2422,#2423,
#2424,#2425,#2426,#2427,#2428,#2429,#2430,#2431,#2432,#2433,#2434,#2435,
#2436,#2437,#2438,#2439,#2440,#2441,#2442,#2443));
#381=EDGE_LOOP('',(#2444));
#382=EDGE_LOOP('',(#2445));
#383=EDGE_LOOP('',(#2446));
#384=EDGE_LOOP('',(#2447));
#385=EDGE_LOOP('',(#2448));
#386=EDGE_LOOP('',(#2449));
#387=EDGE_LOOP('',(#2450,#2451,#2452,#2453));
#388=EDGE_LOOP('',(#2454,#2455,#2456,#2457));
#389=EDGE_LOOP('',(#2458,#2459,#2460,#2461));
#390=EDGE_LOOP('',(#2462,#2463,#2464,#2465));
#391=EDGE_LOOP('',(#2466,#2467,#2468,#2469));
#392=EDGE_LOOP('',(#2470,#2471,#2472,#2473));
#393=EDGE_LOOP('',(#2474,#2475,#2476,#2477));
#394=EDGE_LOOP('',(#2478,#2479,#2480,#2481));
#395=EDGE_LOOP('',(#2482,#2483,#2484,#2485,#2486,#2487,#2488,#2489,#2490,
#2491));
#396=EDGE_LOOP('',(#2492,#2493,#2494,#2495,#2496,#2497,#2498,#2499,#2500,
#2501,#2502,#2503,#2504,#2505,#2506,#2507,#2508,#2509,#2510,#2511,#2512,
#2513,#2514,#2515,#2516,#2517,#2518,#2519,#2520,#2521,#2522,#2523,#2524,
#2525,#2526,#2527,#2528,#2529,#2530,#2531,#2532,#2533,#2534,#2535,#2536,
#2537,#2538,#2539,#2540,#2541,#2542,#2543,#2544,#2545));
#397=EDGE_LOOP('',(#2546));
#398=EDGE_LOOP('',(#2547));
#399=EDGE_LOOP('',(#2548));
#400=EDGE_LOOP('',(#2549));
#401=EDGE_LOOP('',(#2550,#2551,#2552,#2553));
#402=EDGE_LOOP('',(#2554,#2555,#2556,#2557));
#403=EDGE_LOOP('',(#2558,#2559,#2560,#2561));
#404=EDGE_LOOP('',(#2562,#2563,#2564,#2565));
#405=EDGE_LOOP('',(#2566,#2567,#2568,#2569));
#406=EDGE_LOOP('',(#2570,#2571,#2572,#2573));
#407=EDGE_LOOP('',(#2574,#2575,#2576,#2577));
#408=EDGE_LOOP('',(#2578,#2579,#2580,#2581));
#409=EDGE_LOOP('',(#2582,#2583,#2584,#2585));
#410=EDGE_LOOP('',(#2586,#2587,#2588,#2589));
#411=EDGE_LOOP('',(#2590,#2591,#2592,#2593));
#412=EDGE_LOOP('',(#2594,#2595,#2596,#2597));
#413=EDGE_LOOP('',(#2598,#2599,#2600,#2601));
#414=EDGE_LOOP('',(#2602,#2603,#2604,#2605));
#415=EDGE_LOOP('',(#2606,#2607,#2608,#2609));
#416=EDGE_LOOP('',(#2610,#2611,#2612,#2613));
#417=EDGE_LOOP('',(#2614,#2615,#2616,#2617));
#418=EDGE_LOOP('',(#2618,#2619,#2620,#2621));
#419=EDGE_LOOP('',(#2622,#2623,#2624,#2625));
#420=EDGE_LOOP('',(#2626,#2627,#2628,#2629));
#421=EDGE_LOOP('',(#2630,#2631,#2632,#2633));
#422=EDGE_LOOP('',(#2634,#2635,#2636,#2637));
#423=EDGE_LOOP('',(#2638,#2639,#2640,#2641));
#424=EDGE_LOOP('',(#2642,#2643,#2644,#2645));
#425=EDGE_LOOP('',(#2646,#2647,#2648,#2649,#2650,#2651));
#426=EDGE_LOOP('',(#2652,#2653,#2654,#2655,#2656,#2657,#2658,#2659));
#427=EDGE_LOOP('',(#2660,#2661,#2662,#2663));
#428=EDGE_LOOP('',(#2664,#2665,#2666,#2667,#2668,#2669,#2670,#2671,#2672,
#2673));
#429=EDGE_LOOP('',(#2674,#2675,#2676,#2677));
#430=EDGE_LOOP('',(#2678,#2679,#2680,#2681));
#431=EDGE_LOOP('',(#2682,#2683,#2684,#2685));
#432=EDGE_LOOP('',(#2686,#2687,#2688,#2689));
#433=EDGE_LOOP('',(#2690,#2691,#2692,#2693));
#434=EDGE_LOOP('',(#2694,#2695,#2696,#2697));
#435=EDGE_LOOP('',(#2698,#2699,#2700,#2701,#2702,#2703,#2704,#2705,#2706,
#2707,#2708,#2709,#2710));
#436=EDGE_LOOP('',(#2711,#2712,#2713,#2714));
#437=EDGE_LOOP('',(#2715,#2716,#2717,#2718));
#438=EDGE_LOOP('',(#2719,#2720,#2721,#2722));
#439=EDGE_LOOP('',(#2723,#2724,#2725,#2726));
#440=EDGE_LOOP('',(#2727,#2728,#2729,#2730));
#441=EDGE_LOOP('',(#2731,#2732,#2733,#2734));
#442=EDGE_LOOP('',(#2735,#2736,#2737,#2738));
#443=EDGE_LOOP('',(#2739,#2740,#2741,#2742));
#444=EDGE_LOOP('',(#2743,#2744,#2745,#2746,#2747,#2748,#2749,#2750,#2751,
#2752));
#445=EDGE_LOOP('',(#2753,#2754,#2755,#2756));
#446=EDGE_LOOP('',(#2757,#2758,#2759,#2760));
#447=EDGE_LOOP('',(#2761,#2762,#2763,#2764));
#448=EDGE_LOOP('',(#2765,#2766,#2767,#2768,#2769,#2770,#2771,#2772,#2773,
#2774,#2775,#2776,#2777,#2778,#2779));
#449=EDGE_LOOP('',(#2780,#2781,#2782,#2783));
#450=EDGE_LOOP('',(#2784,#2785,#2786,#2787));
#451=EDGE_LOOP('',(#2788,#2789,#2790,#2791));
#452=EDGE_LOOP('',(#2792,#2793,#2794,#2795));
#453=EDGE_LOOP('',(#2796,#2797,#2798,#2799,#2800,#2801));
#454=EDGE_LOOP('',(#2802,#2803,#2804,#2805));
#455=EDGE_LOOP('',(#2806,#2807,#2808,#2809,#2810,#2811));
#456=EDGE_LOOP('',(#2812,#2813,#2814,#2815));
#457=EDGE_LOOP('',(#2816,#2817,#2818,#2819));
#458=EDGE_LOOP('',(#2820,#2821,#2822,#2823));
#459=EDGE_LOOP('',(#2824,#2825,#2826,#2827));
#460=EDGE_LOOP('',(#2828,#2829,#2830,#2831));
#461=EDGE_LOOP('',(#2832,#2833,#2834,#2835));
#462=EDGE_LOOP('',(#2836,#2837,#2838,#2839));
#463=EDGE_LOOP('',(#2840,#2841,#2842,#2843));
#464=EDGE_LOOP('',(#2844,#2845,#2846,#2847));
#465=EDGE_LOOP('',(#2848,#2849,#2850,#2851));
#466=EDGE_LOOP('',(#2852,#2853,#2854,#2855));
#467=EDGE_LOOP('',(#2856,#2857,#2858,#2859,#2860,#2861,#2862,#2863,#2864,
#2865,#2866,#2867,#2868,#2869,#2870,#2871));
#468=EDGE_LOOP('',(#2872,#2873,#2874,#2875));
#469=EDGE_LOOP('',(#2876,#2877,#2878,#2879));
#470=EDGE_LOOP('',(#2880,#2881,#2882,#2883,#2884));
#471=EDGE_LOOP('',(#2885,#2886,#2887,#2888));
#472=EDGE_LOOP('',(#2889,#2890,#2891,#2892));
#473=EDGE_LOOP('',(#2893));
#474=EDGE_LOOP('',(#2894));
#475=EDGE_LOOP('',(#2895,#2896,#2897,#2898));
#476=EDGE_LOOP('',(#2899,#2900,#2901,#2902));
#477=EDGE_LOOP('',(#2903,#2904,#2905,#2906));
#478=EDGE_LOOP('',(#2907,#2908,#2909,#2910));
#479=EDGE_LOOP('',(#2911,#2912,#2913,#2914));
#480=EDGE_LOOP('',(#2915,#2916,#2917,#2918));
#481=EDGE_LOOP('',(#2919,#2920,#2921,#2922));
#482=EDGE_LOOP('',(#2923,#2924,#2925,#2926,#2927,#2928,#2929,#2930));
#483=EDGE_LOOP('',(#2931,#2932,#2933,#2934));
#484=EDGE_LOOP('',(#2935,#2936,#2937,#2938,#2939,#2940,#2941,#2942));
#485=EDGE_LOOP('',(#2943,#2944,#2945,#2946,#2947,#2948,#2949,#2950));
#486=EDGE_LOOP('',(#2951,#2952,#2953,#2954));
#487=EDGE_LOOP('',(#2955,#2956,#2957,#2958));
#488=EDGE_LOOP('',(#2959,#2960,#2961,#2962));
#489=EDGE_LOOP('',(#2963,#2964,#2965,#2966));
#490=EDGE_LOOP('',(#2967,#2968,#2969,#2970));
#491=EDGE_LOOP('',(#2971));
#492=EDGE_LOOP('',(#2972,#2973,#2974,#2975));
#493=EDGE_LOOP('',(#2976,#2977,#2978,#2979,#2980,#2981));
#494=EDGE_LOOP('',(#2982,#2983,#2984,#2985,#2986,#2987));
#495=EDGE_LOOP('',(#2988,#2989,#2990,#2991));
#496=EDGE_LOOP('',(#2992,#2993,#2994,#2995));
#497=EDGE_LOOP('',(#2996,#2997,#2998,#2999));
#498=EDGE_LOOP('',(#3000,#3001,#3002,#3003,#3004,#3005,#3006,#3007,#3008,
#3009));
#499=EDGE_LOOP('',(#3010,#3011,#3012,#3013));
#500=EDGE_LOOP('',(#3014,#3015,#3016,#3017));
#501=EDGE_LOOP('',(#3018,#3019,#3020,#3021));
#502=EDGE_LOOP('',(#3022,#3023,#3024,#3025,#3026,#3027));
#503=EDGE_LOOP('',(#3028,#3029,#3030,#3031,#3032,#3033));
#504=EDGE_LOOP('',(#3034,#3035,#3036,#3037,#3038));
#505=EDGE_LOOP('',(#3039,#3040,#3041,#3042));
#506=EDGE_LOOP('',(#3043,#3044,#3045,#3046));
#507=EDGE_LOOP('',(#3047,#3048,#3049,#3050));
#508=EDGE_LOOP('',(#3051,#3052,#3053,#3054));
#509=EDGE_LOOP('',(#3055,#3056,#3057,#3058));
#510=EDGE_LOOP('',(#3059,#3060,#3061,#3062,#3063));
#511=EDGE_LOOP('',(#3064,#3065,#3066,#3067));
#512=EDGE_LOOP('',(#3068,#3069,#3070,#3071,#3072,#3073));
#513=EDGE_LOOP('',(#3074,#3075,#3076,#3077));
#514=EDGE_LOOP('',(#3078,#3079,#3080,#3081,#3082,#3083));
#515=EDGE_LOOP('',(#3084,#3085,#3086,#3087));
#516=EDGE_LOOP('',(#3088,#3089,#3090,#3091));
#517=EDGE_LOOP('',(#3092,#3093,#3094,#3095));
#518=EDGE_LOOP('',(#3096,#3097,#3098,#3099));
#519=EDGE_LOOP('',(#3100,#3101,#3102,#3103));
#520=EDGE_LOOP('',(#3104,#3105,#3106,#3107));
#521=EDGE_LOOP('',(#3108,#3109,#3110,#3111));
#522=EDGE_LOOP('',(#3112,#3113,#3114,#3115));
#523=EDGE_LOOP('',(#3116,#3117,#3118,#3119));
#524=EDGE_LOOP('',(#3120,#3121,#3122,#3123));
#525=EDGE_LOOP('',(#3124,#3125,#3126,#3127));
#526=EDGE_LOOP('',(#3128,#3129,#3130,#3131));
#527=EDGE_LOOP('',(#3132,#3133,#3134,#3135,#3136,#3137,#3138,#3139));
#528=EDGE_LOOP('',(#3140,#3141,#3142,#3143));
#529=EDGE_LOOP('',(#3144,#3145,#3146,#3147));
#530=EDGE_LOOP('',(#3148,#3149,#3150,#3151));
#531=EDGE_LOOP('',(#3152,#3153,#3154,#3155));
#532=EDGE_LOOP('',(#3156,#3157,#3158,#3159,#3160,#3161,#3162,#3163));
#533=EDGE_LOOP('',(#3164,#3165,#3166,#3167));
#534=EDGE_LOOP('',(#3168,#3169,#3170,#3171));
#535=EDGE_LOOP('',(#3172,#3173,#3174,#3175,#3176,#3177,#3178,#3179));
#536=EDGE_LOOP('',(#3180,#3181,#3182,#3183));
#537=EDGE_LOOP('',(#3184,#3185,#3186,#3187));
#538=EDGE_LOOP('',(#3188,#3189,#3190,#3191));
#539=EDGE_LOOP('',(#3192,#3193,#3194,#3195));
#540=EDGE_LOOP('',(#3196,#3197,#3198,#3199));
#541=EDGE_LOOP('',(#3200,#3201,#3202,#3203));
#542=EDGE_LOOP('',(#3204,#3205,#3206,#3207));
#543=EDGE_LOOP('',(#3208,#3209,#3210,#3211));
#544=EDGE_LOOP('',(#3212,#3213,#3214,#3215,#3216,#3217,#3218,#3219,#3220,
#3221,#3222,#3223,#3224,#3225,#3226,#3227,#3228,#3229,#3230,#3231,#3232,
#3233,#3234,#3235,#3236,#3237,#3238,#3239,#3240,#3241,#3242,#3243,#3244,
#3245,#3246,#3247));
#545=EDGE_LOOP('',(#3248));
#546=EDGE_LOOP('',(#3249));
#547=EDGE_LOOP('',(#3250));
#548=EDGE_LOOP('',(#3251,#3252,#3253,#3254));
#549=EDGE_LOOP('',(#3255,#3256,#3257,#3258,#3259,#3260,#3261,#3262,#3263,
#3264,#3265,#3266,#3267,#3268));
#550=EDGE_LOOP('',(#3269));
#551=EDGE_LOOP('',(#3270));
#552=EDGE_LOOP('',(#3271,#3272,#3273,#3274));
#553=EDGE_LOOP('',(#3275,#3276,#3277,#3278));
#554=EDGE_LOOP('',(#3279,#3280,#3281,#3282));
#555=EDGE_LOOP('',(#3283,#3284,#3285,#3286));
#556=EDGE_LOOP('',(#3287,#3288,#3289,#3290,#3291,#3292,#3293,#3294,#3295));
#557=EDGE_LOOP('',(#3296,#3297,#3298,#3299,#3300,#3301));
#558=EDGE_LOOP('',(#3302));
#559=EDGE_LOOP('',(#3303));
#560=EDGE_LOOP('',(#3304,#3305,#3306,#3307,#3308,#3309,#3310,#3311,#3312,
#3313,#3314));
#561=LINE('',#4972,#922);
#562=LINE('',#4978,#923);
#563=LINE('',#4984,#924);
#564=LINE('',#4990,#925);
#565=LINE('',#4996,#926);
#566=LINE('',#5003,#927);
#567=LINE('',#5010,#928);
#568=LINE('',#5017,#929);
#569=LINE('',#5024,#930);
#570=LINE('',#5028,#931);
#571=LINE('',#5033,#932);
#572=LINE('',#5037,#933);
#573=LINE('',#5042,#934);
#574=LINE('',#5046,#935);
#575=LINE('',#5051,#936);
#576=LINE('',#5055,#937);
#577=LINE('',#5060,#938);
#578=LINE('',#5064,#939);
#579=LINE('',#5069,#940);
#580=LINE('',#5073,#941);
#581=LINE('',#5079,#942);
#582=LINE('',#5082,#943);
#583=LINE('',#5085,#944);
#584=LINE('',#5087,#945);
#585=LINE('',#5088,#946);
#586=LINE('',#5094,#947);
#587=LINE('',#5097,#948);
#588=LINE('',#5099,#949);
#589=LINE('',#5101,#950);
#590=LINE('',#5103,#951);
#591=LINE('',#5105,#952);
#592=LINE('',#5107,#953);
#593=LINE('',#5109,#954);
#594=LINE('',#5111,#955);
#595=LINE('',#5115,#956);
#596=LINE('',#5119,#957);
#597=LINE('',#5123,#958);
#598=LINE('',#5127,#959);
#599=LINE('',#5129,#960);
#600=LINE('',#5131,#961);
#601=LINE('',#5135,#962);
#602=LINE('',#5139,#963);
#603=LINE('',#5143,#964);
#604=LINE('',#5147,#965);
#605=LINE('',#5149,#966);
#606=LINE('',#5151,#967);
#607=LINE('',#5153,#968);
#608=LINE('',#5155,#969);
#609=LINE('',#5157,#970);
#610=LINE('',#5161,#971);
#611=LINE('',#5165,#972);
#612=LINE('',#5167,#973);
#613=LINE('',#5175,#974);
#614=LINE('',#5177,#975);
#615=LINE('',#5179,#976);
#616=LINE('',#5181,#977);
#617=LINE('',#5185,#978);
#618=LINE('',#5189,#979);
#619=LINE('',#5191,#980);
#620=LINE('',#5195,#981);
#621=LINE('',#5197,#982);
#622=LINE('',#5201,#983);
#623=LINE('',#5205,#984);
#624=LINE('',#5207,#985);
#625=LINE('',#5209,#986);
#626=LINE('',#5211,#987);
#627=LINE('',#5213,#988);
#628=LINE('',#5220,#989);
#629=LINE('',#5223,#990);
#630=LINE('',#5224,#991);
#631=LINE('',#5227,#992);
#632=LINE('',#5230,#993);
#633=LINE('',#5233,#994);
#634=LINE('',#5234,#995);
#635=LINE('',#5238,#996);
#636=LINE('',#5241,#997);
#637=LINE('',#5242,#998);
#638=LINE('',#5245,#999);
#639=LINE('',#5246,#1000);
#640=LINE('',#5248,#1001);
#641=LINE('',#5251,#1002);
#642=LINE('',#5252,#1003);
#643=LINE('',#5255,#1004);
#644=LINE('',#5257,#1005);
#645=LINE('',#5259,#1006);
#646=LINE('',#5261,#1007);
#647=LINE('',#5263,#1008);
#648=LINE('',#5265,#1009);
#649=LINE('',#5267,#1010);
#650=LINE('',#5268,#1011);
#651=LINE('',#5271,#1012);
#652=LINE('',#5272,#1013);
#653=LINE('',#5274,#1014);
#654=LINE('',#5276,#1015);
#655=LINE('',#5280,#1016);
#656=LINE('',#5284,#1017);
#657=LINE('',#5286,#1018);
#658=LINE('',#5290,#1019);
#659=LINE('',#5294,#1020);
#660=LINE('',#5298,#1021);
#661=LINE('',#5302,#1022);
#662=LINE('',#5304,#1023);
#663=LINE('',#5306,#1024);
#664=LINE('',#5310,#1025);
#665=LINE('',#5312,#1026);
#666=LINE('',#5314,#1027);
#667=LINE('',#5316,#1028);
#668=LINE('',#5318,#1029);
#669=LINE('',#5322,#1030);
#670=LINE('',#5324,#1031);
#671=LINE('',#5326,#1032);
#672=LINE('',#5330,#1033);
#673=LINE('',#5334,#1034);
#674=LINE('',#5338,#1035);
#675=LINE('',#5341,#1036);
#676=LINE('',#5345,#1037);
#677=LINE('',#5348,#1038);
#678=LINE('',#5354,#1039);
#679=LINE('',#5360,#1040);
#680=LINE('',#5363,#1041);
#681=LINE('',#5366,#1042);
#682=LINE('',#5369,#1043);
#683=LINE('',#5372,#1044);
#684=LINE('',#5373,#1045);
#685=LINE('',#5377,#1046);
#686=LINE('',#5379,#1047);
#687=LINE('',#5383,#1048);
#688=LINE('',#5385,#1049);
#689=LINE('',#5387,#1050);
#690=LINE('',#5388,#1051);
#691=LINE('',#5393,#1052);
#692=LINE('',#5400,#1053);
#693=LINE('',#5402,#1054);
#694=LINE('',#5403,#1055);
#695=LINE('',#5407,#1056);
#696=LINE('',#5409,#1057);
#697=LINE('',#5411,#1058);
#698=LINE('',#5412,#1059);
#699=LINE('',#5417,#1060);
#700=LINE('',#5421,#1061);
#701=LINE('',#5423,#1062);
#702=LINE('',#5424,#1063);
#703=LINE('',#5433,#1064);
#704=LINE('',#5436,#1065);
#705=LINE('',#5439,#1066);
#706=LINE('',#5441,#1067);
#707=LINE('',#5442,#1068);
#708=LINE('',#5447,#1069);
#709=LINE('',#5451,#1070);
#710=LINE('',#5453,#1071);
#711=LINE('',#5454,#1072);
#712=LINE('',#5460,#1073);
#713=LINE('',#5466,#1074);
#714=LINE('',#5469,#1075);
#715=LINE('',#5471,#1076);
#716=LINE('',#5472,#1077);
#717=LINE('',#5478,#1078);
#718=LINE('',#5481,#1079);
#719=LINE('',#5484,#1080);
#720=LINE('',#5486,#1081);
#721=LINE('',#5487,#1082);
#722=LINE('',#5492,#1083);
#723=LINE('',#5495,#1084);
#724=LINE('',#5496,#1085);
#725=LINE('',#5497,#1086);
#726=LINE('',#5500,#1087);
#727=LINE('',#5503,#1088);
#728=LINE('',#5506,#1089);
#729=LINE('',#5507,#1090);
#730=LINE('',#5508,#1091);
#731=LINE('',#5509,#1092);
#732=LINE('',#5513,#1093);
#733=LINE('',#5516,#1094);
#734=LINE('',#5519,#1095);
#735=LINE('',#5522,#1096);
#736=LINE('',#5526,#1097);
#737=LINE('',#5529,#1098);
#738=LINE('',#5532,#1099);
#739=LINE('',#5533,#1100);
#740=LINE('',#5538,#1101);
#741=LINE('',#5539,#1102);
#742=LINE('',#5542,#1103);
#743=LINE('',#5546,#1104);
#744=LINE('',#5550,#1105);
#745=LINE('',#5554,#1106);
#746=LINE('',#5558,#1107);
#747=LINE('',#5560,#1108);
#748=LINE('',#5565,#1109);
#749=LINE('',#5566,#1110);
#750=LINE('',#5569,#1111);
#751=LINE('',#5570,#1112);
#752=LINE('',#5572,#1113);
#753=LINE('',#5573,#1114);
#754=LINE('',#5578,#1115);
#755=LINE('',#5580,#1116);
#756=LINE('',#5581,#1117);
#757=LINE('',#5584,#1118);
#758=LINE('',#5586,#1119);
#759=LINE('',#5587,#1120);
#760=LINE('',#5591,#1121);
#761=LINE('',#5594,#1122);
#762=LINE('',#5595,#1123);
#763=LINE('',#5599,#1124);
#764=LINE('',#5602,#1125);
#765=LINE('',#5604,#1126);
#766=LINE('',#5606,#1127);
#767=LINE('',#5607,#1128);
#768=LINE('',#5609,#1129);
#769=LINE('',#5612,#1130);
#770=LINE('',#5617,#1131);
#771=LINE('',#5618,#1132);
#772=LINE('',#5621,#1133);
#773=LINE('',#5622,#1134);
#774=LINE('',#5626,#1135);
#775=LINE('',#5628,#1136);
#776=LINE('',#5629,#1137);
#777=LINE('',#5634,#1138);
#778=LINE('',#5635,#1139);
#779=LINE('',#5637,#1140);
#780=LINE('',#5639,#1141);
#781=LINE('',#5642,#1142);
#782=LINE('',#5645,#1143);
#783=LINE('',#5646,#1144);
#784=LINE('',#5652,#1145);
#785=LINE('',#5654,#1146);
#786=LINE('',#5658,#1147);
#787=LINE('',#5661,#1148);
#788=LINE('',#5662,#1149);
#789=LINE('',#5664,#1150);
#790=LINE('',#5665,#1151);
#791=LINE('',#5668,#1152);
#792=LINE('',#5672,#1153);
#793=LINE('',#5675,#1154);
#794=LINE('',#5676,#1155);
#795=LINE('',#5683,#1156);
#796=LINE('',#5685,#1157);
#797=LINE('',#5691,#1158);
#798=LINE('',#5693,#1159);
#799=LINE('',#5695,#1160);
#800=LINE('',#5696,#1161);
#801=LINE('',#5699,#1162);
#802=LINE('',#5701,#1163);
#803=LINE('',#5702,#1164);
#804=LINE('',#5706,#1165);
#805=LINE('',#5707,#1166);
#806=LINE('',#5709,#1167);
#807=LINE('',#5711,#1168);
#808=LINE('',#5712,#1169);
#809=LINE('',#5713,#1170);
#810=LINE('',#5717,#1171);
#811=LINE('',#5718,#1172);
#812=LINE('',#5719,#1173);
#813=LINE('',#5722,#1174);
#814=LINE('',#5724,#1175);
#815=LINE('',#5725,#1176);
#816=LINE('',#5726,#1177);
#817=LINE('',#5728,#1178);
#818=LINE('',#5729,#1179);
#819=LINE('',#5733,#1180);
#820=LINE('',#5735,#1181);
#821=LINE('',#5736,#1182);
#822=LINE('',#5740,#1183);
#823=LINE('',#5741,#1184);
#824=LINE('',#5742,#1185);
#825=LINE('',#5746,#1186);
#826=LINE('',#5749,#1187);
#827=LINE('',#5750,#1188);
#828=LINE('',#5757,#1189);
#829=LINE('',#5759,#1190);
#830=LINE('',#5761,#1191);
#831=LINE('',#5762,#1192);
#832=LINE('',#5765,#1193);
#833=LINE('',#5767,#1194);
#834=LINE('',#5769,#1195);
#835=LINE('',#5771,#1196);
#836=LINE('',#5772,#1197);
#837=LINE('',#5776,#1198);
#838=LINE('',#5778,#1199);
#839=LINE('',#5779,#1200);
#840=LINE('',#5781,#1201);
#841=LINE('',#5782,#1202);
#842=LINE('',#5786,#1203);
#843=LINE('',#5791,#1204);
#844=LINE('',#5793,#1205);
#845=LINE('',#5795,#1206);
#846=LINE('',#5796,#1207);
#847=LINE('',#5801,#1208);
#848=LINE('',#5803,#1209);
#849=LINE('',#5807,#1210);
#850=LINE('',#5810,#1211);
#851=LINE('',#5814,#1212);
#852=LINE('',#5815,#1213);
#853=LINE('',#5817,#1214);
#854=LINE('',#5821,#1215);
#855=LINE('',#5822,#1216);
#856=LINE('',#5824,#1217);
#857=LINE('',#5825,#1218);
#858=LINE('',#5828,#1219);
#859=LINE('',#5830,#1220);
#860=LINE('',#5832,#1221);
#861=LINE('',#5833,#1222);
#862=LINE('',#5838,#1223);
#863=LINE('',#5839,#1224);
#864=LINE('',#5842,#1225);
#865=LINE('',#5843,#1226);
#866=LINE('',#5847,#1227);
#867=LINE('',#5848,#1228);
#868=LINE('',#5849,#1229);
#869=LINE('',#5852,#1230);
#870=LINE('',#5853,#1231);
#871=LINE('',#5859,#1232);
#872=LINE('',#5860,#1233);
#873=LINE('',#5861,#1234);
#874=LINE('',#5868,#1235);
#875=LINE('',#5870,#1236);
#876=LINE('',#5871,#1237);
#877=LINE('',#5876,#1238);
#878=LINE('',#5878,#1239);
#879=LINE('',#5879,#1240);
#880=LINE('',#5884,#1241);
#881=LINE('',#5888,#1242);
#882=LINE('',#5889,#1243);
#883=LINE('',#5894,#1244);
#884=LINE('',#5898,#1245);
#885=LINE('',#5899,#1246);
#886=LINE('',#5905,#1247);
#887=LINE('',#5908,#1248);
#888=LINE('',#5909,#1249);
#889=LINE('',#5915,#1250);
#890=LINE('',#5918,#1251);
#891=LINE('',#5919,#1252);
#892=LINE('',#5927,#1253);
#893=LINE('',#5928,#1254);
#894=LINE('',#5931,#1255);
#895=LINE('',#5932,#1256);
#896=LINE('',#5936,#1257);
#897=LINE('',#5939,#1258);
#898=LINE('',#5940,#1259);
#899=LINE('',#5945,#1260);
#900=LINE('',#5946,#1261);
#901=LINE('',#5955,#1262);
#902=LINE('',#5958,#1263);
#903=LINE('',#5962,#1264);
#904=LINE('',#5963,#1265);
#905=LINE('',#5964,#1266);
#906=LINE('',#5970,#1267);
#907=LINE('',#5974,#1268);
#908=LINE('',#5975,#1269);
#909=LINE('',#5976,#1270);
#910=LINE('',#5983,#1271);
#911=LINE('',#5984,#1272);
#912=LINE('',#5985,#1273);
#913=LINE('',#5992,#1274);
#914=LINE('',#5994,#1275);
#915=LINE('',#5998,#1276);
#916=LINE('',#6004,#1277);
#917=LINE('',#6006,#1278);
#918=LINE('',#6007,#1279);
#919=LINE('',#6009,#1280);
#920=LINE('',#6011,#1281);
#921=LINE('',#6013,#1282);
#922=VECTOR('',#3928,1.19999999999999);
#923=VECTOR('',#3935,1.19999999999999);
#924=VECTOR('',#3942,1.19999999999999);
#925=VECTOR('',#3949,1.19999999999999);
#926=VECTOR('',#3956,2.20000000000001);
#927=VECTOR('',#3965,2.20000000000001);
#928=VECTOR('',#3974,2.20000000000001);
#929=VECTOR('',#3983,2.20000000000001);
#930=VECTOR('',#3992,0.40575);
#931=VECTOR('',#3997,0.8115);
#932=VECTOR('',#4002,0.40575);
#933=VECTOR('',#4007,0.8115);
#934=VECTOR('',#4012,0.40575);
#935=VECTOR('',#4017,0.8115);
#936=VECTOR('',#4022,0.40575);
#937=VECTOR('',#4027,0.8115);
#938=VECTOR('',#4032,0.40575);
#939=VECTOR('',#4037,0.8115);
#940=VECTOR('',#4042,0.40575);
#941=VECTOR('',#4047,0.8115);
#942=VECTOR('',#4052,10.);
#943=VECTOR('',#4055,10.);
#944=VECTOR('',#4058,10.);
#945=VECTOR('',#4059,10.);
#946=VECTOR('',#4060,10.);
#947=VECTOR('',#4065,10.);
#948=VECTOR('',#4068,10.);
#949=VECTOR('',#4071,10.);
#950=VECTOR('',#4072,10.);
#951=VECTOR('',#4073,10.);
#952=VECTOR('',#4074,10.);
#953=VECTOR('',#4075,10.);
#954=VECTOR('',#4076,10.);
#955=VECTOR('',#4077,10.);
#956=VECTOR('',#4080,10.);
#957=VECTOR('',#4083,10.);
#958=VECTOR('',#4086,10.);
#959=VECTOR('',#4089,10.);
#960=VECTOR('',#4090,10.);
#961=VECTOR('',#4091,10.);
#962=VECTOR('',#4094,10.);
#963=VECTOR('',#4097,10.);
#964=VECTOR('',#4100,10.);
#965=VECTOR('',#4103,10.);
#966=VECTOR('',#4104,10.);
#967=VECTOR('',#4105,10.);
#968=VECTOR('',#4106,10.);
#969=VECTOR('',#4107,10.);
#970=VECTOR('',#4108,10.);
#971=VECTOR('',#4111,10.);
#972=VECTOR('',#4114,10.);
#973=VECTOR('',#4115,10.);
#974=VECTOR('',#4122,10.);
#975=VECTOR('',#4123,10.);
#976=VECTOR('',#4124,10.);
#977=VECTOR('',#4125,10.);
#978=VECTOR('',#4128,10.);
#979=VECTOR('',#4131,10.);
#980=VECTOR('',#4132,10.);
#981=VECTOR('',#4135,10.);
#982=VECTOR('',#4136,10.);
#983=VECTOR('',#4139,10.);
#984=VECTOR('',#4142,10.);
#985=VECTOR('',#4143,10.);
#986=VECTOR('',#4144,10.);
#987=VECTOR('',#4145,10.);
#988=VECTOR('',#4146,10.);
#989=VECTOR('',#4153,10.);
#990=VECTOR('',#4156,10.);
#991=VECTOR('',#4157,10.);
#992=VECTOR('',#4160,10.);
#993=VECTOR('',#4163,10.);
#994=VECTOR('',#4166,10.);
#995=VECTOR('',#4167,10.);
#996=VECTOR('',#4172,10.);
#997=VECTOR('',#4175,10.);
#998=VECTOR('',#4176,10.);
#999=VECTOR('',#4179,10.);
#1000=VECTOR('',#4180,10.);
#1001=VECTOR('',#4183,10.);
#1002=VECTOR('',#4186,10.);
#1003=VECTOR('',#4187,10.);
#1004=VECTOR('',#4190,10.);
#1005=VECTOR('',#4191,10.);
#1006=VECTOR('',#4192,10.);
#1007=VECTOR('',#4193,10.);
#1008=VECTOR('',#4194,10.);
#1009=VECTOR('',#4195,10.);
#1010=VECTOR('',#4196,10.);
#1011=VECTOR('',#4197,3.);
#1012=VECTOR('',#4200,10.);
#1013=VECTOR('',#4201,10.);
#1014=VECTOR('',#4202,10.);
#1015=VECTOR('',#4203,10.);
#1016=VECTOR('',#4206,10.);
#1017=VECTOR('',#4209,10.);
#1018=VECTOR('',#4210,10.);
#1019=VECTOR('',#4213,10.);
#1020=VECTOR('',#4216,10.);
#1021=VECTOR('',#4219,10.);
#1022=VECTOR('',#4222,10.);
#1023=VECTOR('',#4223,10.);
#1024=VECTOR('',#4224,10.);
#1025=VECTOR('',#4227,10.);
#1026=VECTOR('',#4228,10.);
#1027=VECTOR('',#4229,10.);
#1028=VECTOR('',#4230,10.);
#1029=VECTOR('',#4231,10.);
#1030=VECTOR('',#4234,10.);
#1031=VECTOR('',#4235,10.);
#1032=VECTOR('',#4236,10.);
#1033=VECTOR('',#4239,10.);
#1034=VECTOR('',#4242,10.);
#1035=VECTOR('',#4245,10.);
#1036=VECTOR('',#4248,10.);
#1037=VECTOR('',#4251,10.);
#1038=VECTOR('',#4254,10.);
#1039=VECTOR('',#4261,10.);
#1040=VECTOR('',#4266,10.);
#1041=VECTOR('',#4269,10.);
#1042=VECTOR('',#4272,10.);
#1043=VECTOR('',#4275,10.);
#1044=VECTOR('',#4278,10.);
#1045=VECTOR('',#4279,10.);
#1046=VECTOR('',#4284,10.);
#1047=VECTOR('',#4287,10.);
#1048=VECTOR('',#4290,10.);
#1049=VECTOR('',#4291,10.);
#1050=VECTOR('',#4292,10.);
#1051=VECTOR('',#4293,10.);
#1052=VECTOR('',#4298,10.);
#1053=VECTOR('',#4307,10.);
#1054=VECTOR('',#4310,10.);
#1055=VECTOR('',#4311,10.);
#1056=VECTOR('',#4314,10.);
#1057=VECTOR('',#4315,10.);
#1058=VECTOR('',#4316,10.);
#1059=VECTOR('',#4317,10.);
#1060=VECTOR('',#4322,10.);
#1061=VECTOR('',#4327,10.);
#1062=VECTOR('',#4328,10.);
#1063=VECTOR('',#4329,10.);
#1064=VECTOR('',#4340,10.);
#1065=VECTOR('',#4343,10.);
#1066=VECTOR('',#4346,10.);
#1067=VECTOR('',#4347,10.);
#1068=VECTOR('',#4348,10.);
#1069=VECTOR('',#4353,10.);
#1070=VECTOR('',#4358,10.);
#1071=VECTOR('',#4359,10.);
#1072=VECTOR('',#4360,10.);
#1073=VECTOR('',#4367,10.);
#1074=VECTOR('',#4372,10.);
#1075=VECTOR('',#4375,10.);
#1076=VECTOR('',#4378,10.);
#1077=VECTOR('',#4379,10.);
#1078=VECTOR('',#4384,10.);
#1079=VECTOR('',#4387,10.);
#1080=VECTOR('',#4390,10.);
#1081=VECTOR('',#4391,10.);
#1082=VECTOR('',#4392,10.);
#1083=VECTOR('',#4397,10.);
#1084=VECTOR('',#4402,10.);
#1085=VECTOR('',#4403,10.);
#1086=VECTOR('',#4404,10.);
#1087=VECTOR('',#4407,10.);
#1088=VECTOR('',#4410,10.);
#1089=VECTOR('',#4413,10.);
#1090=VECTOR('',#4414,10.);
#1091=VECTOR('',#4415,10.);
#1092=VECTOR('',#4416,10.);
#1093=VECTOR('',#4421,10.);
#1094=VECTOR('',#4424,10.);
#1095=VECTOR('',#4427,10.);
#1096=VECTOR('',#4430,3.);
#1097=VECTOR('',#4435,10.);
#1098=VECTOR('',#4438,10.);
#1099=VECTOR('',#4441,10.);
#1100=VECTOR('',#4442,10.);
#1101=VECTOR('',#4447,10.);
#1102=VECTOR('',#4448,10.);
#1103=VECTOR('',#4451,10.);
#1104=VECTOR('',#4454,10.);
#1105=VECTOR('',#4457,10.);
#1106=VECTOR('',#4460,10.);
#1107=VECTOR('',#4465,10.);
#1108=VECTOR('',#4468,10.);
#1109=VECTOR('',#4473,10.);
#1110=VECTOR('',#4474,10.);
#1111=VECTOR('',#4477,10.);
#1112=VECTOR('',#4478,10.);
#1113=VECTOR('',#4481,3.);
#1114=VECTOR('',#4482,3.);
#1115=VECTOR('',#4491,10.);
#1116=VECTOR('',#4494,10.);
#1117=VECTOR('',#4495,10.);
#1118=VECTOR('',#4498,10.);
#1119=VECTOR('',#4499,10.);
#1120=VECTOR('',#4500,10.);
#1121=VECTOR('',#4505,10.);
#1122=VECTOR('',#4508,10.);
#1123=VECTOR('',#4509,10.);
#1124=VECTOR('',#4514,10.);
#1125=VECTOR('',#4517,10.);
#1126=VECTOR('',#4518,10.);
#1127=VECTOR('',#4519,10.);
#1128=VECTOR('',#4520,10.);
#1129=VECTOR('',#4521,10.);
#1130=VECTOR('',#4526,10.);
#1131=VECTOR('',#4531,10.);
#1132=VECTOR('',#4532,10.);
#1133=VECTOR('',#4535,10.);
#1134=VECTOR('',#4536,10.);
#1135=VECTOR('',#4541,10.);
#1136=VECTOR('',#4544,10.);
#1137=VECTOR('',#4545,10.);
#1138=VECTOR('',#4550,10.);
#1139=VECTOR('',#4551,10.);
#1140=VECTOR('',#4554,10.);
#1141=VECTOR('',#4555,10.);
#1142=VECTOR('',#4558,10.);
#1143=VECTOR('',#4563,10.);
#1144=VECTOR('',#4564,10.);
#1145=VECTOR('',#4575,10.);
#1146=VECTOR('',#4578,10.);
#1147=VECTOR('',#4585,10.);
#1148=VECTOR('',#4588,10.);
#1149=VECTOR('',#4589,10.);
#1150=VECTOR('',#4590,10.);
#1151=VECTOR('',#4591,10.);
#1152=VECTOR('',#4594,1.15);
#1153=VECTOR('',#4599,1.15);
#1154=VECTOR('',#4604,10.);
#1155=VECTOR('',#4605,10.);
#1156=VECTOR('',#4618,10.);
#1157=VECTOR('',#4621,10.);
#1158=VECTOR('',#4628,10.);
#1159=VECTOR('',#4629,10.);
#1160=VECTOR('',#4630,10.);
#1161=VECTOR('',#4631,10.);
#1162=VECTOR('',#4634,10.);
#1163=VECTOR('',#4635,10.);
#1164=VECTOR('',#4636,10.);
#1165=VECTOR('',#4639,10.);
#1166=VECTOR('',#4640,10.);
#1167=VECTOR('',#4641,10.);
#1168=VECTOR('',#4642,10.);
#1169=VECTOR('',#4643,10.);
#1170=VECTOR('',#4644,10.);
#1171=VECTOR('',#4647,10.);
#1172=VECTOR('',#4648,10.);
#1173=VECTOR('',#4649,10.);
#1174=VECTOR('',#4652,10.);
#1175=VECTOR('',#4653,10.);
#1176=VECTOR('',#4654,10.);
#1177=VECTOR('',#4655,10.);
#1178=VECTOR('',#4658,10.);
#1179=VECTOR('',#4659,10.);
#1180=VECTOR('',#4664,10.);
#1181=VECTOR('',#4665,10.);
#1182=VECTOR('',#4666,10.);
#1183=VECTOR('',#4669,10.);
#1184=VECTOR('',#4670,10.);
#1185=VECTOR('',#4671,10.);
#1186=VECTOR('',#4676,10.);
#1187=VECTOR('',#4679,10.);
#1188=VECTOR('',#4680,10.);
#1189=VECTOR('',#4687,10.);
#1190=VECTOR('',#4688,10.);
#1191=VECTOR('',#4689,10.);
#1192=VECTOR('',#4690,10.);
#1193=VECTOR('',#4693,10.);
#1194=VECTOR('',#4694,10.);
#1195=VECTOR('',#4695,10.);
#1196=VECTOR('',#4696,10.);
#1197=VECTOR('',#4697,10.);
#1198=VECTOR('',#4700,10.);
#1199=VECTOR('',#4701,10.);
#1200=VECTOR('',#4702,10.);
#1201=VECTOR('',#4703,10.);
#1202=VECTOR('',#4704,10.);
#1203=VECTOR('',#4709,1.15);
#1204=VECTOR('',#4714,10.);
#1205=VECTOR('',#4715,10.);
#1206=VECTOR('',#4716,10.);
#1207=VECTOR('',#4717,10.);
#1208=VECTOR('',#4722,10.);
#1209=VECTOR('',#4723,10.);
#1210=VECTOR('',#4728,10.);
#1211=VECTOR('',#4731,10.);
#1212=VECTOR('',#4736,10.);
#1213=VECTOR('',#4737,10.);
#1214=VECTOR('',#4740,10.);
#1215=VECTOR('',#4743,10.);
#1216=VECTOR('',#4744,10.);
#1217=VECTOR('',#4745,10.);
#1218=VECTOR('',#4746,10.);
#1219=VECTOR('',#4749,10.);
#1220=VECTOR('',#4750,10.);
#1221=VECTOR('',#4751,10.);
#1222=VECTOR('',#4752,10.);
#1223=VECTOR('',#4757,10.);
#1224=VECTOR('',#4758,10.);
#1225=VECTOR('',#4761,10.);
#1226=VECTOR('',#4762,10.);
#1227=VECTOR('',#4765,10.);
#1228=VECTOR('',#4766,10.);
#1229=VECTOR('',#4767,10.);
#1230=VECTOR('',#4770,10.);
#1231=VECTOR('',#4771,10.);
#1232=VECTOR('',#4778,10.);
#1233=VECTOR('',#4779,10.);
#1234=VECTOR('',#4780,10.);
#1235=VECTOR('',#4791,10.);
#1236=VECTOR('',#4792,10.);
#1237=VECTOR('',#4793,10.);
#1238=VECTOR('',#4800,10.);
#1239=VECTOR('',#4801,10.);
#1240=VECTOR('',#4802,10.);
#1241=VECTOR('',#4809,10.);
#1242=VECTOR('',#4814,10.);
#1243=VECTOR('',#4815,10.);
#1244=VECTOR('',#4822,10.);
#1245=VECTOR('',#4827,10.);
#1246=VECTOR('',#4828,10.);
#1247=VECTOR('',#4837,10.);
#1248=VECTOR('',#4840,10.);
#1249=VECTOR('',#4841,10.);
#1250=VECTOR('',#4850,10.);
#1251=VECTOR('',#4853,10.);
#1252=VECTOR('',#4854,10.);
#1253=VECTOR('',#4865,10.);
#1254=VECTOR('',#4866,10.);
#1255=VECTOR('',#4869,10.);
#1256=VECTOR('',#4870,10.);
#1257=VECTOR('',#4875,10.);
#1258=VECTOR('',#4878,10.);
#1259=VECTOR('',#4879,10.);
#1260=VECTOR('',#4886,10.);
#1261=VECTOR('',#4887,10.);
#1262=VECTOR('',#4898,10.);
#1263=VECTOR('',#4901,10.);
#1264=VECTOR('',#4904,10.);
#1265=VECTOR('',#4905,10.);
#1266=VECTOR('',#4906,10.);
#1267=VECTOR('',#4913,10.);
#1268=VECTOR('',#4916,10.);
#1269=VECTOR('',#4917,10.);
#1270=VECTOR('',#4918,10.);
#1271=VECTOR('',#4927,10.);
#1272=VECTOR('',#4928,10.);
#1273=VECTOR('',#4929,10.);
#1274=VECTOR('',#4940,10.);
#1275=VECTOR('',#4941,10.);
#1276=VECTOR('',#4946,10.);
#1277=VECTOR('',#4953,10.);
#1278=VECTOR('',#4954,10.);
#1279=VECTOR('',#4955,10.);
#1280=VECTOR('',#4958,10.);
#1281=VECTOR('',#4961,10.);
#1282=VECTOR('',#4964,10.);
#1283=CIRCLE('',#3582,1.19999999999999);
#1284=CIRCLE('',#3583,1.19999999999999);
#1285=CIRCLE('',#3585,1.19999999999999);
#1286=CIRCLE('',#3586,1.19999999999999);
#1287=CIRCLE('',#3588,1.19999999999999);
#1288=CIRCLE('',#3589,1.19999999999999);
#1289=CIRCLE('',#3591,1.19999999999999);
#1290=CIRCLE('',#3592,1.19999999999999);
#1291=CIRCLE('',#3594,2.20000000000001);
#1292=CIRCLE('',#3598,2.20000000000001);
#1293=CIRCLE('',#3602,2.20000000000001);
#1294=CIRCLE('',#3606,2.20000000000001);
#1295=CIRCLE('',#3610,0.8115);
#1296=CIRCLE('',#3612,0.8115);
#1297=CIRCLE('',#3614,0.8115);
#1298=CIRCLE('',#3616,0.8115);
#1299=CIRCLE('',#3618,0.8115);
#1300=CIRCLE('',#3620,0.8115);
#1301=CIRCLE('',#3622,0.8115);
#1302=CIRCLE('',#3624,0.8115);
#1303=CIRCLE('',#3626,0.8115);
#1304=CIRCLE('',#3628,0.8115);
#1305=CIRCLE('',#3630,0.8115);
#1306=CIRCLE('',#3632,0.8115);
#1307=CIRCLE('',#3634,1.);
#1308=CIRCLE('',#3635,1.);
#1309=CIRCLE('',#3638,1.);
#1310=CIRCLE('',#3639,1.);
#1311=CIRCLE('',#3641,3.);
#1312=CIRCLE('',#3642,3.);
#1313=CIRCLE('',#3643,3.);
#1314=CIRCLE('',#3644,3.);
#1315=CIRCLE('',#3645,3.);
#1316=CIRCLE('',#3646,3.);
#1317=CIRCLE('',#3647,3.);
#1318=CIRCLE('',#3648,3.);
#1319=CIRCLE('',#3649,1.);
#1320=CIRCLE('',#3650,1.);
#1321=CIRCLE('',#3651,3.);
#1322=CIRCLE('',#3652,4.44999999999999);
#1323=CIRCLE('',#3653,3.);
#1324=CIRCLE('',#3654,3.);
#1325=CIRCLE('',#3655,3.);
#1326=CIRCLE('',#3656,4.45);
#1327=CIRCLE('',#3657,3.);
#1328=CIRCLE('',#3658,3.);
#1329=CIRCLE('',#3659,3.);
#1330=CIRCLE('',#3660,4.45);
#1331=CIRCLE('',#3661,3.);
#1332=CIRCLE('',#3664,1.);
#1333=CIRCLE('',#3667,1.);
#1334=CIRCLE('',#3674,1.);
#1335=CIRCLE('',#3675,1.);
#1336=CIRCLE('',#3676,1.);
#1337=CIRCLE('',#3677,2.45000000000001);
#1338=CIRCLE('',#3678,1.);
#1339=CIRCLE('',#3679,1.);
#1340=CIRCLE('',#3680,3.);
#1341=CIRCLE('',#3681,3.);
#1342=CIRCLE('',#3682,1.);
#1343=CIRCLE('',#3683,1.);
#1344=CIRCLE('',#3684,2.45000000000001);
#1345=CIRCLE('',#3685,1.);
#1346=CIRCLE('',#3686,1.);
#1347=CIRCLE('',#3687,1.);
#1348=CIRCLE('',#3688,1.15);
#1349=CIRCLE('',#3689,1.15);
#1350=CIRCLE('',#3692,2.5);
#1351=CIRCLE('',#3693,2.5);
#1352=CIRCLE('',#3695,2.5);
#1353=CIRCLE('',#3698,2.5);
#1354=CIRCLE('',#3702,2.5);
#1355=CIRCLE('',#3703,2.5);
#1356=CIRCLE('',#3705,2.5);
#1357=CIRCLE('',#3706,2.5);
#1358=CIRCLE('',#3710,2.5);
#1359=CIRCLE('',#3711,2.5);
#1360=CIRCLE('',#3714,2.5);
#1361=CIRCLE('',#3715,2.5);
#1362=CIRCLE('',#3717,1.);
#1363=CIRCLE('',#3718,1.00000014946605);
#1364=CIRCLE('',#3721,1.);
#1365=CIRCLE('',#3722,1.00000014946605);
#1366=CIRCLE('',#3725,1.00000014946605);
#1367=CIRCLE('',#3726,1.);
#1368=CIRCLE('',#3728,1.00000014946605);
#1369=CIRCLE('',#3729,1.);
#1370=CIRCLE('',#3732,1.00000014946605);
#1371=CIRCLE('',#3733,1.);
#1372=CIRCLE('',#3736,1.00000014946605);
#1373=CIRCLE('',#3737,1.);
#1374=CIRCLE('',#3745,3.);
#1375=CIRCLE('',#3747,4.44999999999999);
#1376=CIRCLE('',#3749,3.);
#1377=CIRCLE('',#3752,1.);
#1378=CIRCLE('',#3754,1.);
#1379=CIRCLE('',#3755,2.45000000000001);
#1380=CIRCLE('',#3756,1.);
#1381=CIRCLE('',#3757,3.);
#1382=CIRCLE('',#3758,4.45);
#1383=CIRCLE('',#3761,1.);
#1384=CIRCLE('',#3766,3.);
#1385=CIRCLE('',#3771,1.);
#1386=CIRCLE('',#3774,1.);
#1387=CIRCLE('',#3776,2.45000000000001);
#1388=CIRCLE('',#3779,1.);
#1389=CIRCLE('',#3782,1.);
#1390=CIRCLE('',#3785,1.);
#1391=CIRCLE('',#3787,1.);
#1392=CIRCLE('',#3801,1.15);
#1393=CIRCLE('',#3803,1.15);
#1394=CIRCLE('',#3824,4.45);
#1395=CIRCLE('',#3827,1.15);
#1396=CIRCLE('',#3832,1.15);
#1397=CIRCLE('',#3836,1.);
#1398=CIRCLE('',#3837,1.);
#1399=CIRCLE('',#3838,2.45);
#1400=CIRCLE('',#3840,2.45);
#1401=CIRCLE('',#3846,1.);
#1402=CIRCLE('',#3851,1.);
#1403=CIRCLE('',#3854,1.);
#1404=CIRCLE('',#3856,1.);
#1405=CIRCLE('',#3859,1.);
#1406=CIRCLE('',#3862,1.);
#1407=CIRCLE('',#3864,3.);
#1408=CIRCLE('',#3867,3.);
#1409=CIRCLE('',#3869,3.);
#1410=CIRCLE('',#3872,3.);
#1411=CIRCLE('',#3874,3.);
#1412=CIRCLE('',#3877,3.);
#1413=CIRCLE('',#3879,3.);
#1414=CIRCLE('',#3882,3.);
#1415=CIRCLE('',#3885,3.);
#1416=CIRCLE('',#3888,3.);
#1417=CIRCLE('',#3891,3.);
#1418=CIRCLE('',#3894,3.);
#1419=CIRCLE('',#3897,3.);
#1420=CIRCLE('',#3901,3.);
#1421=CIRCLE('',#3905,3.);
#1422=CIRCLE('',#3909,3.);
#1423=CIRCLE('',#3912,3.);
#1424=CIRCLE('',#3913,3.);
#1425=VERTEX_POINT('',#4969);
#1426=VERTEX_POINT('',#4971);
#1427=VERTEX_POINT('',#4975);
#1428=VERTEX_POINT('',#4977);
#1429=VERTEX_POINT('',#4981);
#1430=VERTEX_POINT('',#4983);
#1431=VERTEX_POINT('',#4987);
#1432=VERTEX_POINT('',#4989);
#1433=VERTEX_POINT('',#4993);
#1434=VERTEX_POINT('',#4995);
#1435=VERTEX_POINT('',#5000);
#1436=VERTEX_POINT('',#5002);
#1437=VERTEX_POINT('',#5007);
#1438=VERTEX_POINT('',#5009);
#1439=VERTEX_POINT('',#5014);
#1440=VERTEX_POINT('',#5016);
#1441=VERTEX_POINT('',#5021);
#1442=VERTEX_POINT('',#5023);
#1443=VERTEX_POINT('',#5026);
#1444=VERTEX_POINT('',#5030);
#1445=VERTEX_POINT('',#5032);
#1446=VERTEX_POINT('',#5035);
#1447=VERTEX_POINT('',#5039);
#1448=VERTEX_POINT('',#5041);
#1449=VERTEX_POINT('',#5044);
#1450=VERTEX_POINT('',#5048);
#1451=VERTEX_POINT('',#5050);
#1452=VERTEX_POINT('',#5053);
#1453=VERTEX_POINT('',#5057);
#1454=VERTEX_POINT('',#5059);
#1455=VERTEX_POINT('',#5062);
#1456=VERTEX_POINT('',#5066);
#1457=VERTEX_POINT('',#5068);
#1458=VERTEX_POINT('',#5071);
#1459=VERTEX_POINT('',#5075);
#1460=VERTEX_POINT('',#5076);
#1461=VERTEX_POINT('',#5078);
#1462=VERTEX_POINT('',#5080);
#1463=VERTEX_POINT('',#5084);
#1464=VERTEX_POINT('',#5086);
#1465=VERTEX_POINT('',#5090);
#1466=VERTEX_POINT('',#5091);
#1467=VERTEX_POINT('',#5093);
#1468=VERTEX_POINT('',#5095);
#1469=VERTEX_POINT('',#5100);
#1470=VERTEX_POINT('',#5102);
#1471=VERTEX_POINT('',#5104);
#1472=VERTEX_POINT('',#5106);
#1473=VERTEX_POINT('',#5108);
#1474=VERTEX_POINT('',#5110);
#1475=VERTEX_POINT('',#5112);
#1476=VERTEX_POINT('',#5114);
#1477=VERTEX_POINT('',#5116);
#1478=VERTEX_POINT('',#5118);
#1479=VERTEX_POINT('',#5120);
#1480=VERTEX_POINT('',#5122);
#1481=VERTEX_POINT('',#5124);
#1482=VERTEX_POINT('',#5126);
#1483=VERTEX_POINT('',#5128);
#1484=VERTEX_POINT('',#5130);
#1485=VERTEX_POINT('',#5132);
#1486=VERTEX_POINT('',#5134);
#1487=VERTEX_POINT('',#5136);
#1488=VERTEX_POINT('',#5138);
#1489=VERTEX_POINT('',#5140);
#1490=VERTEX_POINT('',#5142);
#1491=VERTEX_POINT('',#5144);
#1492=VERTEX_POINT('',#5146);
#1493=VERTEX_POINT('',#5148);
#1494=VERTEX_POINT('',#5150);
#1495=VERTEX_POINT('',#5152);
#1496=VERTEX_POINT('',#5154);
#1497=VERTEX_POINT('',#5156);
#1498=VERTEX_POINT('',#5158);
#1499=VERTEX_POINT('',#5160);
#1500=VERTEX_POINT('',#5162);
#1501=VERTEX_POINT('',#5164);
#1502=VERTEX_POINT('',#5166);
#1503=VERTEX_POINT('',#5168);
#1504=VERTEX_POINT('',#5170);
#1505=VERTEX_POINT('',#5172);
#1506=VERTEX_POINT('',#5174);
#1507=VERTEX_POINT('',#5176);
#1508=VERTEX_POINT('',#5178);
#1509=VERTEX_POINT('',#5180);
#1510=VERTEX_POINT('',#5182);
#1511=VERTEX_POINT('',#5184);
#1512=VERTEX_POINT('',#5186);
#1513=VERTEX_POINT('',#5188);
#1514=VERTEX_POINT('',#5190);
#1515=VERTEX_POINT('',#5192);
#1516=VERTEX_POINT('',#5194);
#1517=VERTEX_POINT('',#5196);
#1518=VERTEX_POINT('',#5198);
#1519=VERTEX_POINT('',#5200);
#1520=VERTEX_POINT('',#5202);
#1521=VERTEX_POINT('',#5204);
#1522=VERTEX_POINT('',#5206);
#1523=VERTEX_POINT('',#5208);
#1524=VERTEX_POINT('',#5210);
#1525=VERTEX_POINT('',#5212);
#1526=VERTEX_POINT('',#5214);
#1527=VERTEX_POINT('',#5216);
#1528=VERTEX_POINT('',#5218);
#1529=VERTEX_POINT('',#5222);
#1530=VERTEX_POINT('',#5226);
#1531=VERTEX_POINT('',#5228);
#1532=VERTEX_POINT('',#5232);
#1533=VERTEX_POINT('',#5236);
#1534=VERTEX_POINT('',#5240);
#1535=VERTEX_POINT('',#5244);
#1536=VERTEX_POINT('',#5250);
#1537=VERTEX_POINT('',#5254);
#1538=VERTEX_POINT('',#5256);
#1539=VERTEX_POINT('',#5258);
#1540=VERTEX_POINT('',#5260);
#1541=VERTEX_POINT('',#5262);
#1542=VERTEX_POINT('',#5264);
#1543=VERTEX_POINT('',#5266);
#1544=VERTEX_POINT('',#5270);
#1545=VERTEX_POINT('',#5273);
#1546=VERTEX_POINT('',#5275);
#1547=VERTEX_POINT('',#5277);
#1548=VERTEX_POINT('',#5279);
#1549=VERTEX_POINT('',#5281);
#1550=VERTEX_POINT('',#5283);
#1551=VERTEX_POINT('',#5285);
#1552=VERTEX_POINT('',#5287);
#1553=VERTEX_POINT('',#5289);
#1554=VERTEX_POINT('',#5291);
#1555=VERTEX_POINT('',#5293);
#1556=VERTEX_POINT('',#5295);
#1557=VERTEX_POINT('',#5297);
#1558=VERTEX_POINT('',#5299);
#1559=VERTEX_POINT('',#5301);
#1560=VERTEX_POINT('',#5303);
#1561=VERTEX_POINT('',#5305);
#1562=VERTEX_POINT('',#5307);
#1563=VERTEX_POINT('',#5309);
#1564=VERTEX_POINT('',#5311);
#1565=VERTEX_POINT('',#5313);
#1566=VERTEX_POINT('',#5315);
#1567=VERTEX_POINT('',#5317);
#1568=VERTEX_POINT('',#5319);
#1569=VERTEX_POINT('',#5321);
#1570=VERTEX_POINT('',#5323);
#1571=VERTEX_POINT('',#5325);
#1572=VERTEX_POINT('',#5327);
#1573=VERTEX_POINT('',#5329);
#1574=VERTEX_POINT('',#5331);
#1575=VERTEX_POINT('',#5333);
#1576=VERTEX_POINT('',#5335);
#1577=VERTEX_POINT('',#5337);
#1578=VERTEX_POINT('',#5340);
#1579=VERTEX_POINT('',#5342);
#1580=VERTEX_POINT('',#5344);
#1581=VERTEX_POINT('',#5346);
#1582=VERTEX_POINT('',#5349);
#1583=VERTEX_POINT('',#5351);
#1584=VERTEX_POINT('',#5356);
#1585=VERTEX_POINT('',#5357);
#1586=VERTEX_POINT('',#5359);
#1587=VERTEX_POINT('',#5361);
#1588=VERTEX_POINT('',#5365);
#1589=VERTEX_POINT('',#5367);
#1590=VERTEX_POINT('',#5371);
#1591=VERTEX_POINT('',#5375);
#1592=VERTEX_POINT('',#5381);
#1593=VERTEX_POINT('',#5382);
#1594=VERTEX_POINT('',#5384);
#1595=VERTEX_POINT('',#5386);
#1596=VERTEX_POINT('',#5390);
#1597=VERTEX_POINT('',#5392);
#1598=VERTEX_POINT('',#5396);
#1599=VERTEX_POINT('',#5398);
#1600=VERTEX_POINT('',#5405);
#1601=VERTEX_POINT('',#5406);
#1602=VERTEX_POINT('',#5408);
#1603=VERTEX_POINT('',#5410);
#1604=VERTEX_POINT('',#5414);
#1605=VERTEX_POINT('',#5416);
#1606=VERTEX_POINT('',#5420);
#1607=VERTEX_POINT('',#5422);
#1608=VERTEX_POINT('',#5429);
#1609=VERTEX_POINT('',#5430);
#1610=VERTEX_POINT('',#5432);
#1611=VERTEX_POINT('',#5434);
#1612=VERTEX_POINT('',#5438);
#1613=VERTEX_POINT('',#5440);
#1614=VERTEX_POINT('',#5444);
#1615=VERTEX_POINT('',#5446);
#1616=VERTEX_POINT('',#5450);
#1617=VERTEX_POINT('',#5452);
#1618=VERTEX_POINT('',#5456);
#1619=VERTEX_POINT('',#5458);
#1620=VERTEX_POINT('',#5462);
#1621=VERTEX_POINT('',#5463);
#1622=VERTEX_POINT('',#5465);
#1623=VERTEX_POINT('',#5467);
#1624=VERTEX_POINT('',#5474);
#1625=VERTEX_POINT('',#5475);
#1626=VERTEX_POINT('',#5477);
#1627=VERTEX_POINT('',#5479);
#1628=VERTEX_POINT('',#5483);
#1629=VERTEX_POINT('',#5485);
#1630=VERTEX_POINT('',#5489);
#1631=VERTEX_POINT('',#5491);
#1632=VERTEX_POINT('',#5499);
#1633=VERTEX_POINT('',#5501);
#1634=VERTEX_POINT('',#5505);
#1635=VERTEX_POINT('',#5511);
#1636=VERTEX_POINT('',#5515);
#1637=VERTEX_POINT('',#5517);
#1638=VERTEX_POINT('',#5521);
#1639=VERTEX_POINT('',#5525);
#1640=VERTEX_POINT('',#5527);
#1641=VERTEX_POINT('',#5531);
#1642=VERTEX_POINT('',#5535);
#1643=VERTEX_POINT('',#5536);
#1644=VERTEX_POINT('',#5541);
#1645=VERTEX_POINT('',#5543);
#1646=VERTEX_POINT('',#5545);
#1647=VERTEX_POINT('',#5547);
#1648=VERTEX_POINT('',#5549);
#1649=VERTEX_POINT('',#5551);
#1650=VERTEX_POINT('',#5553);
#1651=VERTEX_POINT('',#5555);
#1652=VERTEX_POINT('',#5562);
#1653=VERTEX_POINT('',#5563);
#1654=VERTEX_POINT('',#5568);
#1655=VERTEX_POINT('',#5583);
#1656=VERTEX_POINT('',#5585);
#1657=VERTEX_POINT('',#5589);
#1658=VERTEX_POINT('',#5593);
#1659=VERTEX_POINT('',#5597);
#1660=VERTEX_POINT('',#5601);
#1661=VERTEX_POINT('',#5603);
#1662=VERTEX_POINT('',#5605);
#1663=VERTEX_POINT('',#5608);
#1664=VERTEX_POINT('',#5614);
#1665=VERTEX_POINT('',#5615);
#1666=VERTEX_POINT('',#5620);
#1667=VERTEX_POINT('',#5624);
#1668=VERTEX_POINT('',#5631);
#1669=VERTEX_POINT('',#5632);
#1670=VERTEX_POINT('',#5638);
#1671=VERTEX_POINT('',#5640);
#1672=VERTEX_POINT('',#5660);
#1673=VERTEX_POINT('',#5663);
#1674=VERTEX_POINT('',#5667);
#1675=VERTEX_POINT('',#5671);
#1676=VERTEX_POINT('',#5689);
#1677=VERTEX_POINT('',#5690);
#1678=VERTEX_POINT('',#5692);
#1679=VERTEX_POINT('',#5694);
#1680=VERTEX_POINT('',#5698);
#1681=VERTEX_POINT('',#5700);
#1682=VERTEX_POINT('',#5704);
#1683=VERTEX_POINT('',#5705);
#1684=VERTEX_POINT('',#5708);
#1685=VERTEX_POINT('',#5710);
#1686=VERTEX_POINT('',#5715);
#1687=VERTEX_POINT('',#5716);
#1688=VERTEX_POINT('',#5721);
#1689=VERTEX_POINT('',#5723);
#1690=VERTEX_POINT('',#5732);
#1691=VERTEX_POINT('',#5734);
#1692=VERTEX_POINT('',#5738);
#1693=VERTEX_POINT('',#5739);
#1694=VERTEX_POINT('',#5744);
#1695=VERTEX_POINT('',#5748);
#1696=VERTEX_POINT('',#5752);
#1697=VERTEX_POINT('',#5755);
#1698=VERTEX_POINT('',#5756);
#1699=VERTEX_POINT('',#5758);
#1700=VERTEX_POINT('',#5760);
#1701=VERTEX_POINT('',#5764);
#1702=VERTEX_POINT('',#5766);
#1703=VERTEX_POINT('',#5768);
#1704=VERTEX_POINT('',#5770);
#1705=VERTEX_POINT('',#5774);
#1706=VERTEX_POINT('',#5775);
#1707=VERTEX_POINT('',#5777);
#1708=VERTEX_POINT('',#5780);
#1709=VERTEX_POINT('',#5784);
#1710=VERTEX_POINT('',#5789);
#1711=VERTEX_POINT('',#5790);
#1712=VERTEX_POINT('',#5792);
#1713=VERTEX_POINT('',#5794);
#1714=VERTEX_POINT('',#5798);
#1715=VERTEX_POINT('',#5799);
#1716=VERTEX_POINT('',#5802);
#1717=VERTEX_POINT('',#5805);
#1718=VERTEX_POINT('',#5809);
#1719=VERTEX_POINT('',#5813);
#1720=VERTEX_POINT('',#5819);
#1721=VERTEX_POINT('',#5820);
#1722=VERTEX_POINT('',#5823);
#1723=VERTEX_POINT('',#5827);
#1724=VERTEX_POINT('',#5829);
#1725=VERTEX_POINT('',#5831);
#1726=VERTEX_POINT('',#5835);
#1727=VERTEX_POINT('',#5836);
#1728=VERTEX_POINT('',#5841);
#1729=VERTEX_POINT('',#5845);
#1730=VERTEX_POINT('',#5846);
#1731=VERTEX_POINT('',#5851);
#1732=VERTEX_POINT('',#5857);
#1733=VERTEX_POINT('',#5858);
#1734=VERTEX_POINT('',#5867);
#1735=VERTEX_POINT('',#5869);
#1736=VERTEX_POINT('',#5875);
#1737=VERTEX_POINT('',#5877);
#1738=VERTEX_POINT('',#5883);
#1739=VERTEX_POINT('',#5887);
#1740=VERTEX_POINT('',#5893);
#1741=VERTEX_POINT('',#5897);
#1742=VERTEX_POINT('',#5903);
#1743=VERTEX_POINT('',#5907);
#1744=VERTEX_POINT('',#5913);
#1745=VERTEX_POINT('',#5917);
#1746=VERTEX_POINT('',#5924);
#1747=VERTEX_POINT('',#5925);
#1748=VERTEX_POINT('',#5930);
#1749=VERTEX_POINT('',#5934);
#1750=VERTEX_POINT('',#5938);
#1751=VERTEX_POINT('',#5944);
#1752=VERTEX_POINT('',#5951);
#1753=VERTEX_POINT('',#5952);
#1754=VERTEX_POINT('',#5954);
#1755=VERTEX_POINT('',#5956);
#1756=VERTEX_POINT('',#5960);
#1757=VERTEX_POINT('',#5961);
#1758=VERTEX_POINT('',#5966);
#1759=VERTEX_POINT('',#5968);
#1760=VERTEX_POINT('',#5972);
#1761=VERTEX_POINT('',#5973);
#1762=VERTEX_POINT('',#5981);
#1763=VERTEX_POINT('',#5982);
#1764=VERTEX_POINT('',#5990);
#1765=VERTEX_POINT('',#5993);
#1766=VERTEX_POINT('',#5997);
#1767=VERTEX_POINT('',#6001);
#1768=VERTEX_POINT('',#6003);
#1769=VERTEX_POINT('',#6005);
#1770=EDGE_CURVE('',#1425,#1425,#1283,.T.);
#1771=EDGE_CURVE('',#1425,#1426,#561,.T.);
#1772=EDGE_CURVE('',#1426,#1426,#1284,.T.);
#1773=EDGE_CURVE('',#1427,#1427,#1285,.T.);
#1774=EDGE_CURVE('',#1427,#1428,#562,.T.);
#1775=EDGE_CURVE('',#1428,#1428,#1286,.T.);
#1776=EDGE_CURVE('',#1429,#1429,#1287,.T.);
#1777=EDGE_CURVE('',#1429,#1430,#563,.T.);
#1778=EDGE_CURVE('',#1430,#1430,#1288,.T.);
#1779=EDGE_CURVE('',#1431,#1431,#1289,.T.);
#1780=EDGE_CURVE('',#1431,#1432,#564,.T.);
#1781=EDGE_CURVE('',#1432,#1432,#1290,.T.);
#1782=EDGE_CURVE('',#1433,#1433,#1291,.T.);
#1783=EDGE_CURVE('',#1433,#1434,#565,.T.);
#1784=EDGE_CURVE('',#1434,#1434,#150,.T.);
#1785=EDGE_CURVE('',#1435,#1435,#1292,.T.);
#1786=EDGE_CURVE('',#1435,#1436,#566,.T.);
#1787=EDGE_CURVE('',#1436,#1436,#151,.T.);
#1788=EDGE_CURVE('',#1437,#1437,#1293,.T.);
#1789=EDGE_CURVE('',#1437,#1438,#567,.T.);
#1790=EDGE_CURVE('',#1438,#1438,#152,.T.);
#1791=EDGE_CURVE('',#1439,#1439,#1294,.T.);
#1792=EDGE_CURVE('',#1439,#1440,#568,.T.);
#1793=EDGE_CURVE('',#1440,#1440,#153,.T.);
#1794=EDGE_CURVE('',#1441,#1441,#1295,.T.);
#1795=EDGE_CURVE('',#1441,#1442,#569,.T.);
#1796=EDGE_CURVE('',#1443,#1443,#1296,.T.);
#1797=EDGE_CURVE('',#1443,#1441,#570,.T.);
#1798=EDGE_CURVE('',#1444,#1444,#1297,.T.);
#1799=EDGE_CURVE('',#1444,#1445,#571,.T.);
#1800=EDGE_CURVE('',#1446,#1446,#1298,.T.);
#1801=EDGE_CURVE('',#1446,#1444,#572,.T.);
#1802=EDGE_CURVE('',#1447,#1447,#1299,.T.);
#1803=EDGE_CURVE('',#1447,#1448,#573,.T.);
#1804=EDGE_CURVE('',#1449,#1449,#1300,.T.);
#1805=EDGE_CURVE('',#1449,#1447,#574,.T.);
#1806=EDGE_CURVE('',#1450,#1450,#1301,.T.);
#1807=EDGE_CURVE('',#1450,#1451,#575,.T.);
#1808=EDGE_CURVE('',#1452,#1452,#1302,.T.);
#1809=EDGE_CURVE('',#1452,#1450,#576,.T.);
#1810=EDGE_CURVE('',#1453,#1453,#1303,.T.);
#1811=EDGE_CURVE('',#1453,#1454,#577,.T.);
#1812=EDGE_CURVE('',#1455,#1455,#1304,.T.);
#1813=EDGE_CURVE('',#1455,#1453,#578,.T.);
#1814=EDGE_CURVE('',#1456,#1456,#1305,.T.);
#1815=EDGE_CURVE('',#1456,#1457,#579,.T.);
#1816=EDGE_CURVE('',#1458,#1458,#1306,.T.);
#1817=EDGE_CURVE('',#1458,#1456,#580,.T.);
#1818=EDGE_CURVE('',#1459,#1460,#1307,.T.);
#1819=EDGE_CURVE('',#1459,#1461,#581,.T.);
#1820=EDGE_CURVE('',#1461,#1462,#1308,.T.);
#1821=EDGE_CURVE('',#1462,#1460,#582,.T.);
#1822=EDGE_CURVE('',#1459,#1463,#583,.T.);
#1823=EDGE_CURVE('',#1464,#1463,#584,.T.);
#1824=EDGE_CURVE('',#1461,#1464,#585,.T.);
#1825=EDGE_CURVE('',#1465,#1466,#1309,.T.);
#1826=EDGE_CURVE('',#1465,#1467,#586,.T.);
#1827=EDGE_CURVE('',#1467,#1468,#1310,.T.);
#1828=EDGE_CURVE('',#1468,#1466,#587,.T.);
#1829=EDGE_CURVE('',#1465,#1460,#588,.T.);
#1830=EDGE_CURVE('',#1469,#1466,#589,.T.);
#1831=EDGE_CURVE('',#1469,#1470,#590,.T.);
#1832=EDGE_CURVE('',#1471,#1470,#591,.T.);
#1833=EDGE_CURVE('',#1471,#1472,#592,.T.);
#1834=EDGE_CURVE('',#1472,#1473,#593,.T.);
#1835=EDGE_CURVE('',#1473,#1474,#594,.T.);
#1836=EDGE_CURVE('',#1475,#1474,#1311,.T.);
#1837=EDGE_CURVE('',#1475,#1476,#595,.T.);
#1838=EDGE_CURVE('',#1477,#1476,#1312,.T.);
#1839=EDGE_CURVE('',#1477,#1478,#596,.T.);
#1840=EDGE_CURVE('',#1479,#1478,#1313,.T.);
#1841=EDGE_CURVE('',#1479,#1480,#597,.T.);
#1842=EDGE_CURVE('',#1481,#1480,#1314,.T.);
#1843=EDGE_CURVE('',#1481,#1482,#598,.T.);
#1844=EDGE_CURVE('',#1482,#1483,#599,.T.);
#1845=EDGE_CURVE('',#1483,#1484,#600,.T.);
#1846=EDGE_CURVE('',#1485,#1484,#1315,.T.);
#1847=EDGE_CURVE('',#1485,#1486,#601,.T.);
#1848=EDGE_CURVE('',#1487,#1486,#1316,.T.);
#1849=EDGE_CURVE('',#1487,#1488,#602,.T.);
#1850=EDGE_CURVE('',#1489,#1488,#1317,.T.);
#1851=EDGE_CURVE('',#1489,#1490,#603,.T.);
#1852=EDGE_CURVE('',#1491,#1490,#1318,.T.);
#1853=EDGE_CURVE('',#1491,#1492,#604,.T.);
#1854=EDGE_CURVE('',#1492,#1493,#605,.T.);
#1855=EDGE_CURVE('',#1493,#1494,#606,.T.);
#1856=EDGE_CURVE('',#1495,#1494,#607,.T.);
#1857=EDGE_CURVE('',#1495,#1496,#608,.T.);
#1858=EDGE_CURVE('',#1497,#1496,#609,.T.);
#1859=EDGE_CURVE('',#1497,#1498,#1319,.T.);
#1860=EDGE_CURVE('',#1499,#1498,#610,.T.);
#1861=EDGE_CURVE('',#1499,#1500,#1320,.T.);
#1862=EDGE_CURVE('',#1501,#1500,#611,.T.);
#1863=EDGE_CURVE('',#1501,#1502,#612,.T.);
#1864=EDGE_CURVE('',#1502,#1503,#1321,.T.);
#1865=EDGE_CURVE('',#1503,#1504,#1322,.T.);
#1866=EDGE_CURVE('',#1504,#1505,#1323,.T.);
#1867=EDGE_CURVE('',#1505,#1506,#613,.T.);
#1868=EDGE_CURVE('',#1506,#1507,#614,.T.);
#1869=EDGE_CURVE('',#1507,#1508,#615,.T.);
#1870=EDGE_CURVE('',#1508,#1509,#616,.T.);
#1871=EDGE_CURVE('',#1509,#1510,#1324,.T.);
#1872=EDGE_CURVE('',#1510,#1511,#617,.T.);
#1873=EDGE_CURVE('',#1511,#1512,#1325,.T.);
#1874=EDGE_CURVE('',#1512,#1513,#618,.T.);
#1875=EDGE_CURVE('',#1513,#1514,#619,.T.);
#1876=EDGE_CURVE('',#1514,#1515,#1326,.T.);
#1877=EDGE_CURVE('',#1515,#1516,#620,.T.);
#1878=EDGE_CURVE('',#1516,#1517,#621,.T.);
#1879=EDGE_CURVE('',#1517,#1518,#1327,.T.);
#1880=EDGE_CURVE('',#1518,#1519,#622,.T.);
#1881=EDGE_CURVE('',#1519,#1520,#1328,.T.);
#1882=EDGE_CURVE('',#1520,#1521,#623,.T.);
#1883=EDGE_CURVE('',#1521,#1522,#624,.T.);
#1884=EDGE_CURVE('',#1523,#1522,#625,.T.);
#1885=EDGE_CURVE('',#1523,#1524,#626,.T.);
#1886=EDGE_CURVE('',#1524,#1525,#627,.T.);
#1887=EDGE_CURVE('',#1525,#1526,#1329,.T.);
#1888=EDGE_CURVE('',#1526,#1527,#1330,.T.);
#1889=EDGE_CURVE('',#1527,#1528,#1331,.T.);
#1890=EDGE_CURVE('',#1528,#1463,#628,.T.);
#1891=EDGE_CURVE('',#1529,#1468,#629,.T.);
#1892=EDGE_CURVE('',#1469,#1529,#630,.T.);
#1893=EDGE_CURVE('',#1497,#1530,#631,.T.);
#1894=EDGE_CURVE('',#1530,#1531,#1332,.T.);
#1895=EDGE_CURVE('',#1531,#1498,#632,.T.);
#1896=EDGE_CURVE('',#1532,#1531,#633,.T.);
#1897=EDGE_CURVE('',#1499,#1532,#634,.T.);
#1898=EDGE_CURVE('',#1532,#1533,#1333,.T.);
#1899=EDGE_CURVE('',#1533,#1500,#635,.T.);
#1900=EDGE_CURVE('',#1534,#1533,#636,.T.);
#1901=EDGE_CURVE('',#1501,#1534,#637,.T.);
#1902=EDGE_CURVE('',#1535,#1496,#638,.T.);
#1903=EDGE_CURVE('',#1530,#1535,#639,.T.);
#1904=EDGE_CURVE('',#1467,#1462,#640,.T.);
#1905=EDGE_CURVE('',#1495,#1536,#641,.T.);
#1906=EDGE_CURVE('',#1536,#1535,#642,.T.);
#1907=EDGE_CURVE('',#1534,#1537,#643,.T.);
#1908=EDGE_CURVE('',#1537,#1538,#644,.T.);
#1909=EDGE_CURVE('',#1538,#1539,#645,.T.);
#1910=EDGE_CURVE('',#1539,#1540,#646,.T.);
#1911=EDGE_CURVE('',#1540,#1541,#647,.T.);
#1912=EDGE_CURVE('',#1542,#1541,#648,.T.);
#1913=EDGE_CURVE('',#1542,#1543,#649,.T.);
#1914=EDGE_CURVE('',#1502,#1543,#650,.T.);
#1915=EDGE_CURVE('',#1544,#1536,#651,.T.);
#1916=EDGE_CURVE('',#1529,#1544,#652,.T.);
#1917=EDGE_CURVE('',#1545,#1464,#653,.T.);
#1918=EDGE_CURVE('',#1545,#1546,#654,.T.);
#1919=EDGE_CURVE('',#1547,#1546,#1334,.T.);
#1920=EDGE_CURVE('',#1547,#1548,#655,.T.);
#1921=EDGE_CURVE('',#1549,#1548,#1335,.T.);
#1922=EDGE_CURVE('',#1549,#1550,#656,.T.);
#1923=EDGE_CURVE('',#1551,#1550,#657,.T.);
#1924=EDGE_CURVE('',#1552,#1551,#1336,.T.);
#1925=EDGE_CURVE('',#1552,#1553,#658,.T.);
#1926=EDGE_CURVE('',#1553,#1554,#1337,.T.);
#1927=EDGE_CURVE('',#1554,#1555,#659,.T.);
#1928=EDGE_CURVE('',#1556,#1555,#1338,.T.);
#1929=EDGE_CURVE('',#1557,#1556,#660,.T.);
#1930=EDGE_CURVE('',#1558,#1557,#1339,.T.);
#1931=EDGE_CURVE('',#1559,#1558,#661,.T.);
#1932=EDGE_CURVE('',#1560,#1559,#662,.T.);
#1933=EDGE_CURVE('',#1561,#1560,#663,.T.);
#1934=EDGE_CURVE('',#1562,#1561,#1340,.T.);
#1935=EDGE_CURVE('',#1563,#1562,#664,.T.);
#1936=EDGE_CURVE('',#1564,#1563,#665,.T.);
#1937=EDGE_CURVE('',#1565,#1564,#666,.T.);
#1938=EDGE_CURVE('',#1566,#1565,#667,.T.);
#1939=EDGE_CURVE('',#1567,#1566,#668,.T.);
#1940=EDGE_CURVE('',#1568,#1567,#1341,.T.);
#1941=EDGE_CURVE('',#1569,#1568,#669,.T.);
#1942=EDGE_CURVE('',#1570,#1569,#670,.T.);
#1943=EDGE_CURVE('',#1571,#1570,#671,.T.);
#1944=EDGE_CURVE('',#1572,#1571,#1342,.T.);
#1945=EDGE_CURVE('',#1573,#1572,#672,.T.);
#1946=EDGE_CURVE('',#1574,#1573,#1343,.T.);
#1947=EDGE_CURVE('',#1574,#1575,#673,.T.);
#1948=EDGE_CURVE('',#1575,#1576,#1344,.T.);
#1949=EDGE_CURVE('',#1576,#1577,#674,.T.);
#1950=EDGE_CURVE('',#1541,#1577,#1345,.T.);
#1951=EDGE_CURVE('',#1540,#1578,#675,.T.);
#1952=EDGE_CURVE('',#1579,#1578,#1346,.T.);
#1953=EDGE_CURVE('',#1579,#1580,#676,.T.);
#1954=EDGE_CURVE('',#1581,#1580,#1347,.T.);
#1955=EDGE_CURVE('',#1581,#1537,#677,.T.);
#1956=EDGE_CURVE('',#1582,#1582,#1348,.T.);
#1957=EDGE_CURVE('',#1583,#1583,#1349,.T.);
#1958=EDGE_CURVE('',#1470,#1544,#678,.T.);
#1959=EDGE_CURVE('',#1584,#1585,#1350,.T.);
#1960=EDGE_CURVE('',#1584,#1586,#679,.T.);
#1961=EDGE_CURVE('',#1586,#1587,#1351,.T.);
#1962=EDGE_CURVE('',#1587,#1585,#680,.T.);
#1963=EDGE_CURVE('',#1588,#1585,#681,.T.);
#1964=EDGE_CURVE('',#1588,#1589,#1352,.T.);
#1965=EDGE_CURVE('',#1584,#1589,#682,.T.);
#1966=EDGE_CURVE('',#1590,#1587,#683,.T.);
#1967=EDGE_CURVE('',#1588,#1590,#684,.T.);
#1968=EDGE_CURVE('',#1590,#1591,#1353,.T.);
#1969=EDGE_CURVE('',#1591,#1589,#685,.T.);
#1970=EDGE_CURVE('',#1586,#1591,#686,.T.);
#1971=EDGE_CURVE('',#1592,#1593,#687,.T.);
#1972=EDGE_CURVE('',#1592,#1594,#688,.T.);
#1973=EDGE_CURVE('',#1595,#1594,#689,.T.);
#1974=EDGE_CURVE('',#1593,#1595,#690,.T.);
#1975=EDGE_CURVE('',#1596,#1594,#1354,.T.);
#1976=EDGE_CURVE('',#1596,#1597,#691,.T.);
#1977=EDGE_CURVE('',#1597,#1595,#1355,.T.);
#1978=EDGE_CURVE('',#1592,#1598,#1356,.T.);
#1979=EDGE_CURVE('',#1593,#1599,#1357,.T.);
#1980=EDGE_CURVE('',#1599,#1598,#692,.T.);
#1981=EDGE_CURVE('',#1596,#1598,#693,.T.);
#1982=EDGE_CURVE('',#1597,#1599,#694,.T.);
#1983=EDGE_CURVE('',#1600,#1601,#695,.T.);
#1984=EDGE_CURVE('',#1602,#1600,#696,.T.);
#1985=EDGE_CURVE('',#1603,#1602,#697,.T.);
#1986=EDGE_CURVE('',#1603,#1601,#698,.T.);
#1987=EDGE_CURVE('',#1604,#1601,#1358,.T.);
#1988=EDGE_CURVE('',#1604,#1605,#699,.T.);
#1989=EDGE_CURVE('',#1605,#1600,#1359,.T.);
#1990=EDGE_CURVE('',#1604,#1606,#700,.T.);
#1991=EDGE_CURVE('',#1607,#1606,#701,.T.);
#1992=EDGE_CURVE('',#1605,#1607,#702,.T.);
#1993=EDGE_CURVE('',#1603,#1606,#1360,.T.);
#1994=EDGE_CURVE('',#1602,#1607,#1361,.T.);
#1995=EDGE_CURVE('',#1608,#1609,#1362,.T.);
#1996=EDGE_CURVE('',#1609,#1610,#703,.T.);
#1997=EDGE_CURVE('',#1610,#1611,#1363,.T.);
#1998=EDGE_CURVE('',#1611,#1608,#704,.T.);
#1999=EDGE_CURVE('',#1612,#1609,#705,.T.);
#2000=EDGE_CURVE('',#1613,#1612,#706,.T.);
#2001=EDGE_CURVE('',#1610,#1613,#707,.T.);
#2002=EDGE_CURVE('',#1612,#1614,#1364,.T.);
#2003=EDGE_CURVE('',#1614,#1615,#708,.T.);
#2004=EDGE_CURVE('',#1615,#1613,#1365,.T.);
#2005=EDGE_CURVE('',#1614,#1616,#709,.T.);
#2006=EDGE_CURVE('',#1617,#1616,#710,.T.);
#2007=EDGE_CURVE('',#1615,#1617,#711,.T.);
#2008=EDGE_CURVE('',#1618,#1617,#1366,.T.);
#2009=EDGE_CURVE('',#1616,#1619,#1367,.T.);
#2010=EDGE_CURVE('',#1619,#1618,#712,.T.);
#2011=EDGE_CURVE('',#1620,#1621,#1368,.T.);
#2012=EDGE_CURVE('',#1621,#1622,#713,.T.);
#2013=EDGE_CURVE('',#1622,#1623,#1369,.T.);
#2014=EDGE_CURVE('',#1623,#1620,#714,.T.);
#2015=EDGE_CURVE('',#1620,#1611,#715,.T.);
#2016=EDGE_CURVE('',#1623,#1608,#716,.T.);
#2017=EDGE_CURVE('',#1624,#1625,#1370,.T.);
#2018=EDGE_CURVE('',#1624,#1626,#717,.T.);
#2019=EDGE_CURVE('',#1626,#1627,#1371,.T.);
#2020=EDGE_CURVE('',#1627,#1625,#718,.T.);
#2021=EDGE_CURVE('',#1624,#1628,#719,.T.);
#2022=EDGE_CURVE('',#1629,#1628,#720,.T.);
#2023=EDGE_CURVE('',#1626,#1629,#721,.T.);
#2024=EDGE_CURVE('',#1630,#1628,#1372,.T.);
#2025=EDGE_CURVE('',#1630,#1631,#722,.T.);
#2026=EDGE_CURVE('',#1631,#1629,#1373,.T.);
#2027=EDGE_CURVE('',#1565,#1625,#723,.T.);
#2028=EDGE_CURVE('',#1630,#1564,#724,.T.);
#2029=EDGE_CURVE('',#1618,#1621,#725,.T.);
#2030=EDGE_CURVE('',#1561,#1632,#726,.T.);
#2031=EDGE_CURVE('',#1632,#1633,#154,.T.);
#2032=EDGE_CURVE('',#1633,#1562,#727,.T.);
#2033=EDGE_CURVE('',#1633,#1634,#728,.T.);
#2034=EDGE_CURVE('',#1567,#1634,#729,.T.);
#2035=EDGE_CURVE('',#1566,#1627,#730,.T.);
#2036=EDGE_CURVE('',#1631,#1563,#731,.T.);
#2037=EDGE_CURVE('',#1634,#1635,#155,.T.);
#2038=EDGE_CURVE('',#1635,#1568,#732,.T.);
#2039=EDGE_CURVE('',#1504,#1636,#733,.T.);
#2040=EDGE_CURVE('',#1636,#1637,#1374,.T.);
#2041=EDGE_CURVE('',#1637,#1505,#734,.T.);
#2042=EDGE_CURVE('',#1638,#1503,#735,.T.);
#2043=EDGE_CURVE('',#1638,#1636,#1375,.T.);
#2044=EDGE_CURVE('',#1525,#1639,#736,.T.);
#2045=EDGE_CURVE('',#1639,#1640,#1376,.T.);
#2046=EDGE_CURVE('',#1640,#1526,#737,.T.);
#2047=EDGE_CURVE('',#1524,#1641,#738,.T.);
#2048=EDGE_CURVE('',#1641,#1639,#739,.T.);
#2049=EDGE_CURVE('',#1642,#1643,#1377,.T.);
#2050=EDGE_CURVE('',#1642,#1558,#740,.T.);
#2051=EDGE_CURVE('',#1557,#1643,#741,.T.);
#2052=EDGE_CURVE('',#1644,#1643,#742,.T.);
#2053=EDGE_CURVE('',#1644,#1645,#1378,.T.);
#2054=EDGE_CURVE('',#1645,#1646,#743,.T.);
#2055=EDGE_CURVE('',#1647,#1646,#1379,.T.);
#2056=EDGE_CURVE('',#1647,#1648,#744,.T.);
#2057=EDGE_CURVE('',#1648,#1649,#1380,.T.);
#2058=EDGE_CURVE('',#1650,#1649,#745,.T.);
#2059=EDGE_CURVE('',#1650,#1651,#1381,.F.);
#2060=EDGE_CURVE('',#1640,#1651,#1382,.T.);
#2061=EDGE_CURVE('',#1642,#1641,#746,.T.);
#2062=EDGE_CURVE('',#1644,#1556,#747,.T.);
#2063=EDGE_CURVE('',#1652,#1653,#1383,.T.);
#2064=EDGE_CURVE('',#1652,#1572,#748,.T.);
#2065=EDGE_CURVE('',#1571,#1653,#749,.T.);
#2066=EDGE_CURVE('',#1652,#1654,#750,.T.);
#2067=EDGE_CURVE('',#1573,#1654,#751,.T.);
#2068=EDGE_CURVE('',#1527,#1651,#752,.T.);
#2069=EDGE_CURVE('',#1650,#1528,#753,.T.);
#2070=EDGE_CURVE('',#1543,#1638,#1384,.T.);
#2071=EDGE_CURVE('',#1555,#1645,#754,.T.);
#2072=EDGE_CURVE('',#1648,#1552,#755,.T.);
#2073=EDGE_CURVE('',#1551,#1649,#756,.T.);
#2074=EDGE_CURVE('',#1550,#1655,#757,.T.);
#2075=EDGE_CURVE('',#1655,#1656,#758,.T.);
#2076=EDGE_CURVE('',#1656,#1545,#759,.T.);
#2077=EDGE_CURVE('',#1657,#1654,#1385,.T.);
#2078=EDGE_CURVE('',#1657,#1574,#760,.T.);
#2079=EDGE_CURVE('',#1658,#1657,#761,.T.);
#2080=EDGE_CURVE('',#1658,#1575,#762,.T.);
#2081=EDGE_CURVE('',#1542,#1659,#1386,.T.);
#2082=EDGE_CURVE('',#1577,#1659,#763,.T.);
#2083=EDGE_CURVE('',#1660,#1653,#764,.T.);
#2084=EDGE_CURVE('',#1661,#1660,#765,.T.);
#2085=EDGE_CURVE('',#1662,#1661,#766,.T.);
#2086=EDGE_CURVE('',#1637,#1662,#767,.T.);
#2087=EDGE_CURVE('',#1659,#1663,#768,.T.);
#2088=EDGE_CURVE('',#1658,#1663,#1387,.T.);
#2089=EDGE_CURVE('',#1663,#1576,#769,.T.);
#2090=EDGE_CURVE('',#1664,#1665,#1388,.T.);
#2091=EDGE_CURVE('',#1664,#1579,#770,.T.);
#2092=EDGE_CURVE('',#1578,#1665,#771,.T.);
#2093=EDGE_CURVE('',#1664,#1666,#772,.T.);
#2094=EDGE_CURVE('',#1580,#1666,#773,.T.);
#2095=EDGE_CURVE('',#1667,#1666,#1389,.T.);
#2096=EDGE_CURVE('',#1667,#1581,#774,.T.);
#2097=EDGE_CURVE('',#1539,#1665,#775,.T.);
#2098=EDGE_CURVE('',#1667,#1538,#776,.T.);
#2099=EDGE_CURVE('',#1668,#1669,#1390,.T.);
#2100=EDGE_CURVE('',#1668,#1547,#777,.T.);
#2101=EDGE_CURVE('',#1546,#1669,#778,.T.);
#2102=EDGE_CURVE('',#1656,#1669,#779,.T.);
#2103=EDGE_CURVE('',#1670,#1655,#780,.T.);
#2104=EDGE_CURVE('',#1670,#1671,#1391,.T.);
#2105=EDGE_CURVE('',#1668,#1671,#781,.T.);
#2106=EDGE_CURVE('',#1670,#1549,#782,.T.);
#2107=EDGE_CURVE('',#1548,#1671,#783,.T.);
#2108=EDGE_CURVE('',#1646,#1554,#784,.T.);
#2109=EDGE_CURVE('',#1647,#1553,#785,.T.);
#2110=EDGE_CURVE('',#1660,#1570,#786,.T.);
#2111=EDGE_CURVE('',#1494,#1672,#787,.T.);
#2112=EDGE_CURVE('',#1672,#1619,#788,.T.);
#2113=EDGE_CURVE('',#1622,#1673,#789,.T.);
#2114=EDGE_CURVE('',#1673,#1471,#790,.T.);
#2115=EDGE_CURVE('',#1583,#1674,#791,.T.);
#2116=EDGE_CURVE('',#1674,#1674,#1392,.T.);
#2117=EDGE_CURVE('',#1582,#1675,#792,.T.);
#2118=EDGE_CURVE('',#1675,#1675,#1393,.T.);
#2119=EDGE_CURVE('',#1641,#1559,#793,.T.);
#2120=EDGE_CURVE('',#1523,#1560,#794,.T.);
#2121=EDGE_CURVE('',#1661,#1569,#795,.T.);
#2122=EDGE_CURVE('',#1506,#1662,#796,.T.);
#2123=EDGE_CURVE('',#1676,#1677,#797,.T.);
#2124=EDGE_CURVE('',#1676,#1678,#798,.T.);
#2125=EDGE_CURVE('',#1679,#1678,#799,.T.);
#2126=EDGE_CURVE('',#1677,#1679,#800,.T.);
#2127=EDGE_CURVE('',#1680,#1489,#801,.T.);
#2128=EDGE_CURVE('',#1680,#1681,#802,.T.);
#2129=EDGE_CURVE('',#1490,#1681,#803,.T.);
#2130=EDGE_CURVE('',#1682,#1683,#804,.T.);
#2131=EDGE_CURVE('',#1473,#1683,#805,.T.);
#2132=EDGE_CURVE('',#1684,#1472,#806,.T.);
#2133=EDGE_CURVE('',#1685,#1684,#807,.T.);
#2134=EDGE_CURVE('',#1493,#1685,#808,.T.);
#2135=EDGE_CURVE('',#1492,#1682,#809,.T.);
#2136=EDGE_CURVE('',#1686,#1687,#810,.T.);
#2137=EDGE_CURVE('',#1483,#1687,#811,.T.);
#2138=EDGE_CURVE('',#1686,#1482,#812,.T.);
#2139=EDGE_CURVE('',#1688,#1481,#813,.T.);
#2140=EDGE_CURVE('',#1688,#1689,#814,.T.);
#2141=EDGE_CURVE('',#1474,#1689,#815,.T.);
#2142=EDGE_CURVE('',#1686,#1683,#816,.T.);
#2143=EDGE_CURVE('',#1672,#1685,#817,.T.);
#2144=EDGE_CURVE('',#1673,#1684,#818,.T.);
#2145=EDGE_CURVE('',#1478,#1690,#819,.T.);
#2146=EDGE_CURVE('',#1691,#1477,#820,.T.);
#2147=EDGE_CURVE('',#1691,#1690,#821,.T.);
#2148=EDGE_CURVE('',#1692,#1693,#822,.T.);
#2149=EDGE_CURVE('',#1514,#1693,#823,.T.);
#2150=EDGE_CURVE('',#1692,#1513,#824,.T.);
#2151=EDGE_CURVE('',#1693,#1694,#1394,.T.);
#2152=EDGE_CURVE('',#1515,#1694,#825,.T.);
#2153=EDGE_CURVE('',#1694,#1695,#826,.T.);
#2154=EDGE_CURVE('',#1516,#1695,#827,.T.);
#2155=EDGE_CURVE('',#1696,#1696,#1395,.T.);
#2156=EDGE_CURVE('',#1697,#1698,#828,.T.);
#2157=EDGE_CURVE('',#1699,#1697,#829,.T.);
#2158=EDGE_CURVE('',#1700,#1699,#830,.T.);
#2159=EDGE_CURVE('',#1700,#1698,#831,.T.);
#2160=EDGE_CURVE('',#1509,#1701,#832,.T.);
#2161=EDGE_CURVE('',#1508,#1702,#833,.T.);
#2162=EDGE_CURVE('',#1702,#1703,#834,.T.);
#2163=EDGE_CURVE('',#1703,#1704,#835,.T.);
#2164=EDGE_CURVE('',#1704,#1701,#836,.T.);
#2165=EDGE_CURVE('',#1705,#1706,#837,.T.);
#2166=EDGE_CURVE('',#1706,#1707,#838,.T.);
#2167=EDGE_CURVE('',#1522,#1707,#839,.T.);
#2168=EDGE_CURVE('',#1521,#1708,#840,.T.);
#2169=EDGE_CURVE('',#1708,#1705,#841,.T.);
#2170=EDGE_CURVE('',#1709,#1709,#1396,.T.);
#2171=EDGE_CURVE('',#1709,#1696,#842,.T.);
#2172=EDGE_CURVE('',#1710,#1711,#843,.T.);
#2173=EDGE_CURVE('',#1712,#1710,#844,.T.);
#2174=EDGE_CURVE('',#1713,#1712,#845,.T.);
#2175=EDGE_CURVE('',#1711,#1713,#846,.T.);
#2176=EDGE_CURVE('',#1714,#1715,#1397,.T.);
#2177=EDGE_CURVE('',#1695,#1715,#847,.T.);
#2178=EDGE_CURVE('',#1716,#1692,#848,.T.);
#2179=EDGE_CURVE('',#1716,#1711,#1398,.T.);
#2180=EDGE_CURVE('',#1717,#1713,#1399,.T.);
#2181=EDGE_CURVE('',#1717,#1714,#849,.T.);
#2182=EDGE_CURVE('',#1717,#1718,#850,.T.);
#2183=EDGE_CURVE('',#1718,#1712,#1400,.T.);
#2184=EDGE_CURVE('',#1714,#1719,#851,.T.);
#2185=EDGE_CURVE('',#1719,#1718,#852,.T.);
#2186=EDGE_CURVE('',#1682,#1687,#853,.T.);
#2187=EDGE_CURVE('',#1720,#1721,#854,.T.);
#2188=EDGE_CURVE('',#1721,#1702,#855,.T.);
#2189=EDGE_CURVE('',#1507,#1722,#856,.T.);
#2190=EDGE_CURVE('',#1722,#1720,#857,.T.);
#2191=EDGE_CURVE('',#1723,#1520,#858,.T.);
#2192=EDGE_CURVE('',#1723,#1724,#859,.T.);
#2193=EDGE_CURVE('',#1724,#1725,#860,.T.);
#2194=EDGE_CURVE('',#1725,#1708,#861,.T.);
#2195=EDGE_CURVE('',#1726,#1727,#1401,.T.);
#2196=EDGE_CURVE('',#1703,#1727,#862,.T.);
#2197=EDGE_CURVE('',#1726,#1721,#863,.T.);
#2198=EDGE_CURVE('',#1726,#1728,#864,.T.);
#2199=EDGE_CURVE('',#1728,#1720,#865,.T.);
#2200=EDGE_CURVE('',#1729,#1730,#866,.T.);
#2201=EDGE_CURVE('',#1729,#1725,#867,.T.);
#2202=EDGE_CURVE('',#1730,#1724,#868,.T.);
#2203=EDGE_CURVE('',#1731,#1727,#869,.T.);
#2204=EDGE_CURVE('',#1704,#1731,#870,.T.);
#2205=EDGE_CURVE('',#1728,#1731,#1402,.T.);
#2206=EDGE_CURVE('',#1732,#1733,#871,.T.);
#2207=EDGE_CURVE('',#1706,#1732,#872,.T.);
#2208=EDGE_CURVE('',#1705,#1733,#873,.T.);
#2209=EDGE_CURVE('',#1729,#1733,#1403,.T.);
#2210=EDGE_CURVE('',#1730,#1732,#1404,.T.);
#2211=EDGE_CURVE('',#1734,#1512,#874,.T.);
#2212=EDGE_CURVE('',#1734,#1735,#875,.T.);
#2213=EDGE_CURVE('',#1716,#1735,#876,.T.);
#2214=EDGE_CURVE('',#1735,#1710,#1405,.T.);
#2215=EDGE_CURVE('',#1517,#1736,#877,.T.);
#2216=EDGE_CURVE('',#1737,#1715,#878,.T.);
#2217=EDGE_CURVE('',#1737,#1736,#879,.T.);
#2218=EDGE_CURVE('',#1719,#1737,#1406,.T.);
#2219=EDGE_CURVE('',#1519,#1738,#880,.T.);
#2220=EDGE_CURVE('',#1738,#1723,#1407,.T.);
#2221=EDGE_CURVE('',#1739,#1518,#881,.T.);
#2222=EDGE_CURVE('',#1739,#1738,#882,.T.);
#2223=EDGE_CURVE('',#1736,#1739,#1408,.T.);
#2224=EDGE_CURVE('',#1511,#1740,#883,.T.);
#2225=EDGE_CURVE('',#1740,#1734,#1409,.T.);
#2226=EDGE_CURVE('',#1741,#1510,#884,.T.);
#2227=EDGE_CURVE('',#1741,#1740,#885,.T.);
#2228=EDGE_CURVE('',#1701,#1741,#1410,.T.);
#2229=EDGE_CURVE('',#1742,#1689,#1411,.T.);
#2230=EDGE_CURVE('',#1742,#1475,#886,.T.);
#2231=EDGE_CURVE('',#1476,#1743,#887,.T.);
#2232=EDGE_CURVE('',#1742,#1743,#888,.T.);
#2233=EDGE_CURVE('',#1691,#1743,#1412,.T.);
#2234=EDGE_CURVE('',#1744,#1690,#1413,.T.);
#2235=EDGE_CURVE('',#1744,#1479,#889,.T.);
#2236=EDGE_CURVE('',#1480,#1745,#890,.T.);
#2237=EDGE_CURVE('',#1744,#1745,#891,.T.);
#2238=EDGE_CURVE('',#1688,#1745,#1414,.T.);
#2239=EDGE_CURVE('',#1746,#1747,#1415,.T.);
#2240=EDGE_CURVE('',#1746,#1487,#892,.T.);
#2241=EDGE_CURVE('',#1486,#1747,#893,.T.);
#2242=EDGE_CURVE('',#1748,#1485,#894,.T.);
#2243=EDGE_CURVE('',#1748,#1747,#895,.T.);
#2244=EDGE_CURVE('',#1748,#1749,#1416,.T.);
#2245=EDGE_CURVE('',#1484,#1749,#896,.T.);
#2246=EDGE_CURVE('',#1750,#1491,#897,.T.);
#2247=EDGE_CURVE('',#1750,#1749,#898,.T.);
#2248=EDGE_CURVE('',#1750,#1681,#1417,.T.);
#2249=EDGE_CURVE('',#1488,#1751,#899,.T.);
#2250=EDGE_CURVE('',#1746,#1751,#900,.T.);
#2251=EDGE_CURVE('',#1680,#1751,#1418,.T.);
#2252=EDGE_CURVE('',#1752,#1753,#1419,.T.);
#2253=EDGE_CURVE('',#1753,#1754,#901,.T.);
#2254=EDGE_CURVE('',#1754,#1755,#156,.T.);
#2255=EDGE_CURVE('',#1755,#1752,#902,.T.);
#2256=EDGE_CURVE('',#1756,#1757,#903,.T.);
#2257=EDGE_CURVE('',#1756,#1752,#904,.T.);
#2258=EDGE_CURVE('',#1757,#1755,#905,.T.);
#2259=EDGE_CURVE('',#1758,#1756,#1420,.T.);
#2260=EDGE_CURVE('',#1757,#1759,#157,.T.);
#2261=EDGE_CURVE('',#1759,#1758,#906,.T.);
#2262=EDGE_CURVE('',#1760,#1761,#907,.T.);
#2263=EDGE_CURVE('',#1760,#1758,#908,.T.);
#2264=EDGE_CURVE('',#1761,#1759,#909,.T.);
#2265=EDGE_CURVE('',#1678,#1760,#1421,.T.);
#2266=EDGE_CURVE('',#1761,#1679,#158,.T.);
#2267=EDGE_CURVE('',#1762,#1763,#910,.T.);
#2268=EDGE_CURVE('',#1754,#1762,#911,.T.);
#2269=EDGE_CURVE('',#1753,#1763,#912,.T.);
#2270=EDGE_CURVE('',#1763,#1700,#1422,.T.);
#2271=EDGE_CURVE('',#1699,#1762,#159,.T.);
#2272=EDGE_CURVE('',#1764,#1676,#1423,.T.);
#2273=EDGE_CURVE('',#1707,#1764,#913,.T.);
#2274=EDGE_CURVE('',#1765,#1722,#914,.T.);
#2275=EDGE_CURVE('',#1698,#1765,#1424,.T.);
#2276=EDGE_CURVE('',#1765,#1766,#915,.T.);
#2277=EDGE_CURVE('',#1766,#1697,#160,.T.);
#2278=EDGE_CURVE('',#1677,#1767,#161,.T.);
#2279=EDGE_CURVE('',#1766,#1768,#916,.T.);
#2280=EDGE_CURVE('',#1768,#1769,#917,.T.);
#2281=EDGE_CURVE('',#1769,#1767,#918,.T.);
#2282=EDGE_CURVE('',#1767,#1764,#919,.T.);
#2283=EDGE_CURVE('',#1769,#1632,#920,.T.);
#2284=EDGE_CURVE('',#1635,#1768,#921,.T.);
#2285=ORIENTED_EDGE('',*,*,#1770,.F.);
#2286=ORIENTED_EDGE('',*,*,#1771,.T.);
#2287=ORIENTED_EDGE('',*,*,#1772,.F.);
#2288=ORIENTED_EDGE('',*,*,#1771,.F.);
#2289=ORIENTED_EDGE('',*,*,#1773,.F.);
#2290=ORIENTED_EDGE('',*,*,#1774,.T.);
#2291=ORIENTED_EDGE('',*,*,#1775,.F.);
#2292=ORIENTED_EDGE('',*,*,#1774,.F.);
#2293=ORIENTED_EDGE('',*,*,#1776,.F.);
#2294=ORIENTED_EDGE('',*,*,#1777,.T.);
#2295=ORIENTED_EDGE('',*,*,#1778,.F.);
#2296=ORIENTED_EDGE('',*,*,#1777,.F.);
#2297=ORIENTED_EDGE('',*,*,#1779,.F.);
#2298=ORIENTED_EDGE('',*,*,#1780,.T.);
#2299=ORIENTED_EDGE('',*,*,#1781,.F.);
#2300=ORIENTED_EDGE('',*,*,#1780,.F.);
#2301=ORIENTED_EDGE('',*,*,#1782,.F.);
#2302=ORIENTED_EDGE('',*,*,#1783,.T.);
#2303=ORIENTED_EDGE('',*,*,#1784,.F.);
#2304=ORIENTED_EDGE('',*,*,#1783,.F.);
#2305=ORIENTED_EDGE('',*,*,#1782,.T.);
#2306=ORIENTED_EDGE('',*,*,#1779,.T.);
#2307=ORIENTED_EDGE('',*,*,#1785,.F.);
#2308=ORIENTED_EDGE('',*,*,#1786,.T.);
#2309=ORIENTED_EDGE('',*,*,#1787,.F.);
#2310=ORIENTED_EDGE('',*,*,#1786,.F.);
#2311=ORIENTED_EDGE('',*,*,#1785,.T.);
#2312=ORIENTED_EDGE('',*,*,#1770,.T.);
#2313=ORIENTED_EDGE('',*,*,#1788,.F.);
#2314=ORIENTED_EDGE('',*,*,#1789,.T.);
#2315=ORIENTED_EDGE('',*,*,#1790,.F.);
#2316=ORIENTED_EDGE('',*,*,#1789,.F.);
#2317=ORIENTED_EDGE('',*,*,#1788,.T.);
#2318=ORIENTED_EDGE('',*,*,#1776,.T.);
#2319=ORIENTED_EDGE('',*,*,#1791,.F.);
#2320=ORIENTED_EDGE('',*,*,#1792,.T.);
#2321=ORIENTED_EDGE('',*,*,#1793,.F.);
#2322=ORIENTED_EDGE('',*,*,#1792,.F.);
#2323=ORIENTED_EDGE('',*,*,#1791,.T.);
#2324=ORIENTED_EDGE('',*,*,#1773,.T.);
#2325=ORIENTED_EDGE('',*,*,#1794,.F.);
#2326=ORIENTED_EDGE('',*,*,#1795,.T.);
#2327=ORIENTED_EDGE('',*,*,#1795,.F.);
#2328=ORIENTED_EDGE('',*,*,#1796,.F.);
#2329=ORIENTED_EDGE('',*,*,#1797,.T.);
#2330=ORIENTED_EDGE('',*,*,#1794,.T.);
#2331=ORIENTED_EDGE('',*,*,#1797,.F.);
#2332=ORIENTED_EDGE('',*,*,#1798,.F.);
#2333=ORIENTED_EDGE('',*,*,#1799,.T.);
#2334=ORIENTED_EDGE('',*,*,#1799,.F.);
#2335=ORIENTED_EDGE('',*,*,#1800,.F.);
#2336=ORIENTED_EDGE('',*,*,#1801,.T.);
#2337=ORIENTED_EDGE('',*,*,#1798,.T.);
#2338=ORIENTED_EDGE('',*,*,#1801,.F.);
#2339=ORIENTED_EDGE('',*,*,#1802,.F.);
#2340=ORIENTED_EDGE('',*,*,#1803,.T.);
#2341=ORIENTED_EDGE('',*,*,#1803,.F.);
#2342=ORIENTED_EDGE('',*,*,#1804,.F.);
#2343=ORIENTED_EDGE('',*,*,#1805,.T.);
#2344=ORIENTED_EDGE('',*,*,#1802,.T.);
#2345=ORIENTED_EDGE('',*,*,#1805,.F.);
#2346=ORIENTED_EDGE('',*,*,#1806,.F.);
#2347=ORIENTED_EDGE('',*,*,#1807,.T.);
#2348=ORIENTED_EDGE('',*,*,#1807,.F.);
#2349=ORIENTED_EDGE('',*,*,#1808,.F.);
#2350=ORIENTED_EDGE('',*,*,#1809,.T.);
#2351=ORIENTED_EDGE('',*,*,#1806,.T.);
#2352=ORIENTED_EDGE('',*,*,#1809,.F.);
#2353=ORIENTED_EDGE('',*,*,#1810,.F.);
#2354=ORIENTED_EDGE('',*,*,#1811,.T.);
#2355=ORIENTED_EDGE('',*,*,#1811,.F.);
#2356=ORIENTED_EDGE('',*,*,#1812,.F.);
#2357=ORIENTED_EDGE('',*,*,#1813,.T.);
#2358=ORIENTED_EDGE('',*,*,#1810,.T.);
#2359=ORIENTED_EDGE('',*,*,#1813,.F.);
#2360=ORIENTED_EDGE('',*,*,#1814,.F.);
#2361=ORIENTED_EDGE('',*,*,#1815,.T.);
#2362=ORIENTED_EDGE('',*,*,#1815,.F.);
#2363=ORIENTED_EDGE('',*,*,#1816,.F.);
#2364=ORIENTED_EDGE('',*,*,#1817,.T.);
#2365=ORIENTED_EDGE('',*,*,#1814,.T.);
#2366=ORIENTED_EDGE('',*,*,#1817,.F.);
#2367=ORIENTED_EDGE('',*,*,#1818,.F.);
#2368=ORIENTED_EDGE('',*,*,#1819,.T.);
#2369=ORIENTED_EDGE('',*,*,#1820,.T.);
#2370=ORIENTED_EDGE('',*,*,#1821,.T.);
#2371=ORIENTED_EDGE('',*,*,#1819,.F.);
#2372=ORIENTED_EDGE('',*,*,#1822,.T.);
#2373=ORIENTED_EDGE('',*,*,#1823,.F.);
#2374=ORIENTED_EDGE('',*,*,#1824,.F.);
#2375=ORIENTED_EDGE('',*,*,#1825,.F.);
#2376=ORIENTED_EDGE('',*,*,#1826,.T.);
#2377=ORIENTED_EDGE('',*,*,#1827,.T.);
#2378=ORIENTED_EDGE('',*,*,#1828,.T.);
#2379=ORIENTED_EDGE('',*,*,#1818,.T.);
#2380=ORIENTED_EDGE('',*,*,#1829,.F.);
#2381=ORIENTED_EDGE('',*,*,#1825,.T.);
#2382=ORIENTED_EDGE('',*,*,#1830,.F.);
#2383=ORIENTED_EDGE('',*,*,#1831,.T.);
#2384=ORIENTED_EDGE('',*,*,#1832,.F.);
#2385=ORIENTED_EDGE('',*,*,#1833,.T.);
#2386=ORIENTED_EDGE('',*,*,#1834,.T.);
#2387=ORIENTED_EDGE('',*,*,#1835,.T.);
#2388=ORIENTED_EDGE('',*,*,#1836,.F.);
#2389=ORIENTED_EDGE('',*,*,#1837,.T.);
#2390=ORIENTED_EDGE('',*,*,#1838,.F.);
#2391=ORIENTED_EDGE('',*,*,#1839,.T.);
#2392=ORIENTED_EDGE('',*,*,#1840,.F.);
#2393=ORIENTED_EDGE('',*,*,#1841,.T.);
#2394=ORIENTED_EDGE('',*,*,#1842,.F.);
#2395=ORIENTED_EDGE('',*,*,#1843,.T.);
#2396=ORIENTED_EDGE('',*,*,#1844,.T.);
#2397=ORIENTED_EDGE('',*,*,#1845,.T.);
#2398=ORIENTED_EDGE('',*,*,#1846,.F.);
#2399=ORIENTED_EDGE('',*,*,#1847,.T.);
#2400=ORIENTED_EDGE('',*,*,#1848,.F.);
#2401=ORIENTED_EDGE('',*,*,#1849,.T.);
#2402=ORIENTED_EDGE('',*,*,#1850,.F.);
#2403=ORIENTED_EDGE('',*,*,#1851,.T.);
#2404=ORIENTED_EDGE('',*,*,#1852,.F.);
#2405=ORIENTED_EDGE('',*,*,#1853,.T.);
#2406=ORIENTED_EDGE('',*,*,#1854,.T.);
#2407=ORIENTED_EDGE('',*,*,#1855,.T.);
#2408=ORIENTED_EDGE('',*,*,#1856,.F.);
#2409=ORIENTED_EDGE('',*,*,#1857,.T.);
#2410=ORIENTED_EDGE('',*,*,#1858,.F.);
#2411=ORIENTED_EDGE('',*,*,#1859,.T.);
#2412=ORIENTED_EDGE('',*,*,#1860,.F.);
#2413=ORIENTED_EDGE('',*,*,#1861,.T.);
#2414=ORIENTED_EDGE('',*,*,#1862,.F.);
#2415=ORIENTED_EDGE('',*,*,#1863,.T.);
#2416=ORIENTED_EDGE('',*,*,#1864,.T.);
#2417=ORIENTED_EDGE('',*,*,#1865,.T.);
#2418=ORIENTED_EDGE('',*,*,#1866,.T.);
#2419=ORIENTED_EDGE('',*,*,#1867,.T.);
#2420=ORIENTED_EDGE('',*,*,#1868,.T.);
#2421=ORIENTED_EDGE('',*,*,#1869,.T.);
#2422=ORIENTED_EDGE('',*,*,#1870,.T.);
#2423=ORIENTED_EDGE('',*,*,#1871,.T.);
#2424=ORIENTED_EDGE('',*,*,#1872,.T.);
#2425=ORIENTED_EDGE('',*,*,#1873,.T.);
#2426=ORIENTED_EDGE('',*,*,#1874,.T.);
#2427=ORIENTED_EDGE('',*,*,#1875,.T.);
#2428=ORIENTED_EDGE('',*,*,#1876,.T.);
#2429=ORIENTED_EDGE('',*,*,#1877,.T.);
#2430=ORIENTED_EDGE('',*,*,#1878,.T.);
#2431=ORIENTED_EDGE('',*,*,#1879,.T.);
#2432=ORIENTED_EDGE('',*,*,#1880,.T.);
#2433=ORIENTED_EDGE('',*,*,#1881,.T.);
#2434=ORIENTED_EDGE('',*,*,#1882,.T.);
#2435=ORIENTED_EDGE('',*,*,#1883,.T.);
#2436=ORIENTED_EDGE('',*,*,#1884,.F.);
#2437=ORIENTED_EDGE('',*,*,#1885,.T.);
#2438=ORIENTED_EDGE('',*,*,#1886,.T.);
#2439=ORIENTED_EDGE('',*,*,#1887,.T.);
#2440=ORIENTED_EDGE('',*,*,#1888,.T.);
#2441=ORIENTED_EDGE('',*,*,#1889,.T.);
#2442=ORIENTED_EDGE('',*,*,#1890,.T.);
#2443=ORIENTED_EDGE('',*,*,#1822,.F.);
#2444=ORIENTED_EDGE('',*,*,#1796,.T.);
#2445=ORIENTED_EDGE('',*,*,#1800,.T.);
#2446=ORIENTED_EDGE('',*,*,#1804,.T.);
#2447=ORIENTED_EDGE('',*,*,#1808,.T.);
#2448=ORIENTED_EDGE('',*,*,#1812,.T.);
#2449=ORIENTED_EDGE('',*,*,#1816,.T.);
#2450=ORIENTED_EDGE('',*,*,#1828,.F.);
#2451=ORIENTED_EDGE('',*,*,#1891,.F.);
#2452=ORIENTED_EDGE('',*,*,#1892,.F.);
#2453=ORIENTED_EDGE('',*,*,#1830,.T.);
#2454=ORIENTED_EDGE('',*,*,#1859,.F.);
#2455=ORIENTED_EDGE('',*,*,#1893,.T.);
#2456=ORIENTED_EDGE('',*,*,#1894,.T.);
#2457=ORIENTED_EDGE('',*,*,#1895,.T.);
#2458=ORIENTED_EDGE('',*,*,#1895,.F.);
#2459=ORIENTED_EDGE('',*,*,#1896,.F.);
#2460=ORIENTED_EDGE('',*,*,#1897,.F.);
#2461=ORIENTED_EDGE('',*,*,#1860,.T.);
#2462=ORIENTED_EDGE('',*,*,#1861,.F.);
#2463=ORIENTED_EDGE('',*,*,#1897,.T.);
#2464=ORIENTED_EDGE('',*,*,#1898,.T.);
#2465=ORIENTED_EDGE('',*,*,#1899,.T.);
#2466=ORIENTED_EDGE('',*,*,#1899,.F.);
#2467=ORIENTED_EDGE('',*,*,#1900,.F.);
#2468=ORIENTED_EDGE('',*,*,#1901,.F.);
#2469=ORIENTED_EDGE('',*,*,#1862,.T.);
#2470=ORIENTED_EDGE('',*,*,#1893,.F.);
#2471=ORIENTED_EDGE('',*,*,#1858,.T.);
#2472=ORIENTED_EDGE('',*,*,#1902,.F.);
#2473=ORIENTED_EDGE('',*,*,#1903,.F.);
#2474=ORIENTED_EDGE('',*,*,#1821,.F.);
#2475=ORIENTED_EDGE('',*,*,#1904,.F.);
#2476=ORIENTED_EDGE('',*,*,#1826,.F.);
#2477=ORIENTED_EDGE('',*,*,#1829,.T.);
#2478=ORIENTED_EDGE('',*,*,#1902,.T.);
#2479=ORIENTED_EDGE('',*,*,#1857,.F.);
#2480=ORIENTED_EDGE('',*,*,#1905,.T.);
#2481=ORIENTED_EDGE('',*,*,#1906,.T.);
#2482=ORIENTED_EDGE('',*,*,#1901,.T.);
#2483=ORIENTED_EDGE('',*,*,#1907,.T.);
#2484=ORIENTED_EDGE('',*,*,#1908,.T.);
#2485=ORIENTED_EDGE('',*,*,#1909,.T.);
#2486=ORIENTED_EDGE('',*,*,#1910,.T.);
#2487=ORIENTED_EDGE('',*,*,#1911,.T.);
#2488=ORIENTED_EDGE('',*,*,#1912,.F.);
#2489=ORIENTED_EDGE('',*,*,#1913,.T.);
#2490=ORIENTED_EDGE('',*,*,#1914,.F.);
#2491=ORIENTED_EDGE('',*,*,#1863,.F.);
#2492=ORIENTED_EDGE('',*,*,#1900,.T.);
#2493=ORIENTED_EDGE('',*,*,#1898,.F.);
#2494=ORIENTED_EDGE('',*,*,#1896,.T.);
#2495=ORIENTED_EDGE('',*,*,#1894,.F.);
#2496=ORIENTED_EDGE('',*,*,#1903,.T.);
#2497=ORIENTED_EDGE('',*,*,#1906,.F.);
#2498=ORIENTED_EDGE('',*,*,#1915,.F.);
#2499=ORIENTED_EDGE('',*,*,#1916,.F.);
#2500=ORIENTED_EDGE('',*,*,#1891,.T.);
#2501=ORIENTED_EDGE('',*,*,#1827,.F.);
#2502=ORIENTED_EDGE('',*,*,#1904,.T.);
#2503=ORIENTED_EDGE('',*,*,#1820,.F.);
#2504=ORIENTED_EDGE('',*,*,#1824,.T.);
#2505=ORIENTED_EDGE('',*,*,#1917,.F.);
#2506=ORIENTED_EDGE('',*,*,#1918,.T.);
#2507=ORIENTED_EDGE('',*,*,#1919,.F.);
#2508=ORIENTED_EDGE('',*,*,#1920,.T.);
#2509=ORIENTED_EDGE('',*,*,#1921,.F.);
#2510=ORIENTED_EDGE('',*,*,#1922,.T.);
#2511=ORIENTED_EDGE('',*,*,#1923,.F.);
#2512=ORIENTED_EDGE('',*,*,#1924,.F.);
#2513=ORIENTED_EDGE('',*,*,#1925,.T.);
#2514=ORIENTED_EDGE('',*,*,#1926,.T.);
#2515=ORIENTED_EDGE('',*,*,#1927,.T.);
#2516=ORIENTED_EDGE('',*,*,#1928,.F.);
#2517=ORIENTED_EDGE('',*,*,#1929,.F.);
#2518=ORIENTED_EDGE('',*,*,#1930,.F.);
#2519=ORIENTED_EDGE('',*,*,#1931,.F.);
#2520=ORIENTED_EDGE('',*,*,#1932,.F.);
#2521=ORIENTED_EDGE('',*,*,#1933,.F.);
#2522=ORIENTED_EDGE('',*,*,#1934,.F.);
#2523=ORIENTED_EDGE('',*,*,#1935,.F.);
#2524=ORIENTED_EDGE('',*,*,#1936,.F.);
#2525=ORIENTED_EDGE('',*,*,#1937,.F.);
#2526=ORIENTED_EDGE('',*,*,#1938,.F.);
#2527=ORIENTED_EDGE('',*,*,#1939,.F.);
#2528=ORIENTED_EDGE('',*,*,#1940,.F.);
#2529=ORIENTED_EDGE('',*,*,#1941,.F.);
#2530=ORIENTED_EDGE('',*,*,#1942,.F.);
#2531=ORIENTED_EDGE('',*,*,#1943,.F.);
#2532=ORIENTED_EDGE('',*,*,#1944,.F.);
#2533=ORIENTED_EDGE('',*,*,#1945,.F.);
#2534=ORIENTED_EDGE('',*,*,#1946,.F.);
#2535=ORIENTED_EDGE('',*,*,#1947,.T.);
#2536=ORIENTED_EDGE('',*,*,#1948,.T.);
#2537=ORIENTED_EDGE('',*,*,#1949,.T.);
#2538=ORIENTED_EDGE('',*,*,#1950,.F.);
#2539=ORIENTED_EDGE('',*,*,#1911,.F.);
#2540=ORIENTED_EDGE('',*,*,#1951,.T.);
#2541=ORIENTED_EDGE('',*,*,#1952,.F.);
#2542=ORIENTED_EDGE('',*,*,#1953,.T.);
#2543=ORIENTED_EDGE('',*,*,#1954,.F.);
#2544=ORIENTED_EDGE('',*,*,#1955,.T.);
#2545=ORIENTED_EDGE('',*,*,#1907,.F.);
#2546=ORIENTED_EDGE('',*,*,#1778,.T.);
#2547=ORIENTED_EDGE('',*,*,#1781,.T.);
#2548=ORIENTED_EDGE('',*,*,#1956,.T.);
#2549=ORIENTED_EDGE('',*,*,#1957,.T.);
#2550=ORIENTED_EDGE('',*,*,#1892,.T.);
#2551=ORIENTED_EDGE('',*,*,#1916,.T.);
#2552=ORIENTED_EDGE('',*,*,#1958,.F.);
#2553=ORIENTED_EDGE('',*,*,#1831,.F.);
#2554=ORIENTED_EDGE('',*,*,#1959,.F.);
#2555=ORIENTED_EDGE('',*,*,#1960,.T.);
#2556=ORIENTED_EDGE('',*,*,#1961,.T.);
#2557=ORIENTED_EDGE('',*,*,#1962,.T.);
#2558=ORIENTED_EDGE('',*,*,#1959,.T.);
#2559=ORIENTED_EDGE('',*,*,#1963,.F.);
#2560=ORIENTED_EDGE('',*,*,#1964,.T.);
#2561=ORIENTED_EDGE('',*,*,#1965,.F.);
#2562=ORIENTED_EDGE('',*,*,#1962,.F.);
#2563=ORIENTED_EDGE('',*,*,#1966,.F.);
#2564=ORIENTED_EDGE('',*,*,#1967,.F.);
#2565=ORIENTED_EDGE('',*,*,#1963,.T.);
#2566=ORIENTED_EDGE('',*,*,#1964,.F.);
#2567=ORIENTED_EDGE('',*,*,#1967,.T.);
#2568=ORIENTED_EDGE('',*,*,#1968,.T.);
#2569=ORIENTED_EDGE('',*,*,#1969,.T.);
#2570=ORIENTED_EDGE('',*,*,#1960,.F.);
#2571=ORIENTED_EDGE('',*,*,#1965,.T.);
#2572=ORIENTED_EDGE('',*,*,#1969,.F.);
#2573=ORIENTED_EDGE('',*,*,#1970,.F.);
#2574=ORIENTED_EDGE('',*,*,#1971,.F.);
#2575=ORIENTED_EDGE('',*,*,#1972,.T.);
#2576=ORIENTED_EDGE('',*,*,#1973,.F.);
#2577=ORIENTED_EDGE('',*,*,#1974,.F.);
#2578=ORIENTED_EDGE('',*,*,#1975,.F.);
#2579=ORIENTED_EDGE('',*,*,#1976,.T.);
#2580=ORIENTED_EDGE('',*,*,#1977,.T.);
#2581=ORIENTED_EDGE('',*,*,#1973,.T.);
#2582=ORIENTED_EDGE('',*,*,#1978,.F.);
#2583=ORIENTED_EDGE('',*,*,#1971,.T.);
#2584=ORIENTED_EDGE('',*,*,#1979,.T.);
#2585=ORIENTED_EDGE('',*,*,#1980,.T.);
#2586=ORIENTED_EDGE('',*,*,#1976,.F.);
#2587=ORIENTED_EDGE('',*,*,#1981,.T.);
#2588=ORIENTED_EDGE('',*,*,#1980,.F.);
#2589=ORIENTED_EDGE('',*,*,#1982,.F.);
#2590=ORIENTED_EDGE('',*,*,#1983,.F.);
#2591=ORIENTED_EDGE('',*,*,#1984,.F.);
#2592=ORIENTED_EDGE('',*,*,#1985,.F.);
#2593=ORIENTED_EDGE('',*,*,#1986,.T.);
#2594=ORIENTED_EDGE('',*,*,#1987,.F.);
#2595=ORIENTED_EDGE('',*,*,#1988,.T.);
#2596=ORIENTED_EDGE('',*,*,#1989,.T.);
#2597=ORIENTED_EDGE('',*,*,#1983,.T.);
#2598=ORIENTED_EDGE('',*,*,#1988,.F.);
#2599=ORIENTED_EDGE('',*,*,#1990,.T.);
#2600=ORIENTED_EDGE('',*,*,#1991,.F.);
#2601=ORIENTED_EDGE('',*,*,#1992,.F.);
#2602=ORIENTED_EDGE('',*,*,#1993,.F.);
#2603=ORIENTED_EDGE('',*,*,#1985,.T.);
#2604=ORIENTED_EDGE('',*,*,#1994,.T.);
#2605=ORIENTED_EDGE('',*,*,#1991,.T.);
#2606=ORIENTED_EDGE('',*,*,#1995,.T.);
#2607=ORIENTED_EDGE('',*,*,#1996,.T.);
#2608=ORIENTED_EDGE('',*,*,#1997,.T.);
#2609=ORIENTED_EDGE('',*,*,#1998,.T.);
#2610=ORIENTED_EDGE('',*,*,#1996,.F.);
#2611=ORIENTED_EDGE('',*,*,#1999,.F.);
#2612=ORIENTED_EDGE('',*,*,#2000,.F.);
#2613=ORIENTED_EDGE('',*,*,#2001,.F.);
#2614=ORIENTED_EDGE('',*,*,#2002,.T.);
#2615=ORIENTED_EDGE('',*,*,#2003,.T.);
#2616=ORIENTED_EDGE('',*,*,#2004,.T.);
#2617=ORIENTED_EDGE('',*,*,#2000,.T.);
#2618=ORIENTED_EDGE('',*,*,#2003,.F.);
#2619=ORIENTED_EDGE('',*,*,#2005,.T.);
#2620=ORIENTED_EDGE('',*,*,#2006,.F.);
#2621=ORIENTED_EDGE('',*,*,#2007,.F.);
#2622=ORIENTED_EDGE('',*,*,#2008,.T.);
#2623=ORIENTED_EDGE('',*,*,#2006,.T.);
#2624=ORIENTED_EDGE('',*,*,#2009,.T.);
#2625=ORIENTED_EDGE('',*,*,#2010,.T.);
#2626=ORIENTED_EDGE('',*,*,#2011,.T.);
#2627=ORIENTED_EDGE('',*,*,#2012,.T.);
#2628=ORIENTED_EDGE('',*,*,#2013,.T.);
#2629=ORIENTED_EDGE('',*,*,#2014,.T.);
#2630=ORIENTED_EDGE('',*,*,#1998,.F.);
#2631=ORIENTED_EDGE('',*,*,#2015,.F.);
#2632=ORIENTED_EDGE('',*,*,#2014,.F.);
#2633=ORIENTED_EDGE('',*,*,#2016,.T.);
#2634=ORIENTED_EDGE('',*,*,#2017,.F.);
#2635=ORIENTED_EDGE('',*,*,#2018,.T.);
#2636=ORIENTED_EDGE('',*,*,#2019,.T.);
#2637=ORIENTED_EDGE('',*,*,#2020,.T.);
#2638=ORIENTED_EDGE('',*,*,#2018,.F.);
#2639=ORIENTED_EDGE('',*,*,#2021,.T.);
#2640=ORIENTED_EDGE('',*,*,#2022,.F.);
#2641=ORIENTED_EDGE('',*,*,#2023,.F.);
#2642=ORIENTED_EDGE('',*,*,#2024,.F.);
#2643=ORIENTED_EDGE('',*,*,#2025,.T.);
#2644=ORIENTED_EDGE('',*,*,#2026,.T.);
#2645=ORIENTED_EDGE('',*,*,#2022,.T.);
#2646=ORIENTED_EDGE('',*,*,#2017,.T.);
#2647=ORIENTED_EDGE('',*,*,#2027,.F.);
#2648=ORIENTED_EDGE('',*,*,#1937,.T.);
#2649=ORIENTED_EDGE('',*,*,#2028,.F.);
#2650=ORIENTED_EDGE('',*,*,#2024,.T.);
#2651=ORIENTED_EDGE('',*,*,#2021,.F.);
#2652=ORIENTED_EDGE('',*,*,#2015,.T.);
#2653=ORIENTED_EDGE('',*,*,#1997,.F.);
#2654=ORIENTED_EDGE('',*,*,#2001,.T.);
#2655=ORIENTED_EDGE('',*,*,#2004,.F.);
#2656=ORIENTED_EDGE('',*,*,#2007,.T.);
#2657=ORIENTED_EDGE('',*,*,#2008,.F.);
#2658=ORIENTED_EDGE('',*,*,#2029,.T.);
#2659=ORIENTED_EDGE('',*,*,#2011,.F.);
#2660=ORIENTED_EDGE('',*,*,#1934,.T.);
#2661=ORIENTED_EDGE('',*,*,#2030,.T.);
#2662=ORIENTED_EDGE('',*,*,#2031,.T.);
#2663=ORIENTED_EDGE('',*,*,#2032,.T.);
#2664=ORIENTED_EDGE('',*,*,#2032,.F.);
#2665=ORIENTED_EDGE('',*,*,#2033,.T.);
#2666=ORIENTED_EDGE('',*,*,#2034,.F.);
#2667=ORIENTED_EDGE('',*,*,#1939,.T.);
#2668=ORIENTED_EDGE('',*,*,#2035,.T.);
#2669=ORIENTED_EDGE('',*,*,#2019,.F.);
#2670=ORIENTED_EDGE('',*,*,#2023,.T.);
#2671=ORIENTED_EDGE('',*,*,#2026,.F.);
#2672=ORIENTED_EDGE('',*,*,#2036,.T.);
#2673=ORIENTED_EDGE('',*,*,#1935,.T.);
#2674=ORIENTED_EDGE('',*,*,#1940,.T.);
#2675=ORIENTED_EDGE('',*,*,#2034,.T.);
#2676=ORIENTED_EDGE('',*,*,#2037,.T.);
#2677=ORIENTED_EDGE('',*,*,#2038,.T.);
#2678=ORIENTED_EDGE('',*,*,#1866,.F.);
#2679=ORIENTED_EDGE('',*,*,#2039,.T.);
#2680=ORIENTED_EDGE('',*,*,#2040,.T.);
#2681=ORIENTED_EDGE('',*,*,#2041,.T.);
#2682=ORIENTED_EDGE('',*,*,#2039,.F.);
#2683=ORIENTED_EDGE('',*,*,#1865,.F.);
#2684=ORIENTED_EDGE('',*,*,#2042,.F.);
#2685=ORIENTED_EDGE('',*,*,#2043,.T.);
#2686=ORIENTED_EDGE('',*,*,#1887,.F.);
#2687=ORIENTED_EDGE('',*,*,#2044,.T.);
#2688=ORIENTED_EDGE('',*,*,#2045,.T.);
#2689=ORIENTED_EDGE('',*,*,#2046,.T.);
#2690=ORIENTED_EDGE('',*,*,#2044,.F.);
#2691=ORIENTED_EDGE('',*,*,#1886,.F.);
#2692=ORIENTED_EDGE('',*,*,#2047,.T.);
#2693=ORIENTED_EDGE('',*,*,#2048,.T.);
#2694=ORIENTED_EDGE('',*,*,#2049,.F.);
#2695=ORIENTED_EDGE('',*,*,#2050,.T.);
#2696=ORIENTED_EDGE('',*,*,#1930,.T.);
#2697=ORIENTED_EDGE('',*,*,#2051,.T.);
#2698=ORIENTED_EDGE('',*,*,#2049,.T.);
#2699=ORIENTED_EDGE('',*,*,#2052,.F.);
#2700=ORIENTED_EDGE('',*,*,#2053,.T.);
#2701=ORIENTED_EDGE('',*,*,#2054,.T.);
#2702=ORIENTED_EDGE('',*,*,#2055,.F.);
#2703=ORIENTED_EDGE('',*,*,#2056,.T.);
#2704=ORIENTED_EDGE('',*,*,#2057,.T.);
#2705=ORIENTED_EDGE('',*,*,#2058,.F.);
#2706=ORIENTED_EDGE('',*,*,#2059,.T.);
#2707=ORIENTED_EDGE('',*,*,#2060,.F.);
#2708=ORIENTED_EDGE('',*,*,#2045,.F.);
#2709=ORIENTED_EDGE('',*,*,#2048,.F.);
#2710=ORIENTED_EDGE('',*,*,#2061,.F.);
#2711=ORIENTED_EDGE('',*,*,#2051,.F.);
#2712=ORIENTED_EDGE('',*,*,#1929,.T.);
#2713=ORIENTED_EDGE('',*,*,#2062,.F.);
#2714=ORIENTED_EDGE('',*,*,#2052,.T.);
#2715=ORIENTED_EDGE('',*,*,#2063,.F.);
#2716=ORIENTED_EDGE('',*,*,#2064,.T.);
#2717=ORIENTED_EDGE('',*,*,#1944,.T.);
#2718=ORIENTED_EDGE('',*,*,#2065,.T.);
#2719=ORIENTED_EDGE('',*,*,#2064,.F.);
#2720=ORIENTED_EDGE('',*,*,#2066,.T.);
#2721=ORIENTED_EDGE('',*,*,#2067,.F.);
#2722=ORIENTED_EDGE('',*,*,#1945,.T.);
#2723=ORIENTED_EDGE('',*,*,#1889,.F.);
#2724=ORIENTED_EDGE('',*,*,#2068,.T.);
#2725=ORIENTED_EDGE('',*,*,#2059,.F.);
#2726=ORIENTED_EDGE('',*,*,#2069,.T.);
#2727=ORIENTED_EDGE('',*,*,#2046,.F.);
#2728=ORIENTED_EDGE('',*,*,#2060,.T.);
#2729=ORIENTED_EDGE('',*,*,#2068,.F.);
#2730=ORIENTED_EDGE('',*,*,#1888,.F.);
#2731=ORIENTED_EDGE('',*,*,#2070,.T.);
#2732=ORIENTED_EDGE('',*,*,#2042,.T.);
#2733=ORIENTED_EDGE('',*,*,#1864,.F.);
#2734=ORIENTED_EDGE('',*,*,#1914,.T.);
#2735=ORIENTED_EDGE('',*,*,#2053,.F.);
#2736=ORIENTED_EDGE('',*,*,#2062,.T.);
#2737=ORIENTED_EDGE('',*,*,#1928,.T.);
#2738=ORIENTED_EDGE('',*,*,#2071,.T.);
#2739=ORIENTED_EDGE('',*,*,#2057,.F.);
#2740=ORIENTED_EDGE('',*,*,#2072,.T.);
#2741=ORIENTED_EDGE('',*,*,#1924,.T.);
#2742=ORIENTED_EDGE('',*,*,#2073,.T.);
#2743=ORIENTED_EDGE('',*,*,#1823,.T.);
#2744=ORIENTED_EDGE('',*,*,#1890,.F.);
#2745=ORIENTED_EDGE('',*,*,#2069,.F.);
#2746=ORIENTED_EDGE('',*,*,#2058,.T.);
#2747=ORIENTED_EDGE('',*,*,#2073,.F.);
#2748=ORIENTED_EDGE('',*,*,#1923,.T.);
#2749=ORIENTED_EDGE('',*,*,#2074,.T.);
#2750=ORIENTED_EDGE('',*,*,#2075,.T.);
#2751=ORIENTED_EDGE('',*,*,#2076,.T.);
#2752=ORIENTED_EDGE('',*,*,#1917,.T.);
#2753=ORIENTED_EDGE('',*,*,#2077,.F.);
#2754=ORIENTED_EDGE('',*,*,#2078,.T.);
#2755=ORIENTED_EDGE('',*,*,#1946,.T.);
#2756=ORIENTED_EDGE('',*,*,#2067,.T.);
#2757=ORIENTED_EDGE('',*,*,#2078,.F.);
#2758=ORIENTED_EDGE('',*,*,#2079,.F.);
#2759=ORIENTED_EDGE('',*,*,#2080,.T.);
#2760=ORIENTED_EDGE('',*,*,#1947,.F.);
#2761=ORIENTED_EDGE('',*,*,#2081,.F.);
#2762=ORIENTED_EDGE('',*,*,#1912,.T.);
#2763=ORIENTED_EDGE('',*,*,#1950,.T.);
#2764=ORIENTED_EDGE('',*,*,#2082,.T.);
#2765=ORIENTED_EDGE('',*,*,#2063,.T.);
#2766=ORIENTED_EDGE('',*,*,#2083,.F.);
#2767=ORIENTED_EDGE('',*,*,#2084,.F.);
#2768=ORIENTED_EDGE('',*,*,#2085,.F.);
#2769=ORIENTED_EDGE('',*,*,#2086,.F.);
#2770=ORIENTED_EDGE('',*,*,#2040,.F.);
#2771=ORIENTED_EDGE('',*,*,#2043,.F.);
#2772=ORIENTED_EDGE('',*,*,#2070,.F.);
#2773=ORIENTED_EDGE('',*,*,#1913,.F.);
#2774=ORIENTED_EDGE('',*,*,#2081,.T.);
#2775=ORIENTED_EDGE('',*,*,#2087,.T.);
#2776=ORIENTED_EDGE('',*,*,#2088,.F.);
#2777=ORIENTED_EDGE('',*,*,#2079,.T.);
#2778=ORIENTED_EDGE('',*,*,#2077,.T.);
#2779=ORIENTED_EDGE('',*,*,#2066,.F.);
#2780=ORIENTED_EDGE('',*,*,#2082,.F.);
#2781=ORIENTED_EDGE('',*,*,#1949,.F.);
#2782=ORIENTED_EDGE('',*,*,#2089,.F.);
#2783=ORIENTED_EDGE('',*,*,#2087,.F.);
#2784=ORIENTED_EDGE('',*,*,#2090,.F.);
#2785=ORIENTED_EDGE('',*,*,#2091,.T.);
#2786=ORIENTED_EDGE('',*,*,#1952,.T.);
#2787=ORIENTED_EDGE('',*,*,#2092,.T.);
#2788=ORIENTED_EDGE('',*,*,#2091,.F.);
#2789=ORIENTED_EDGE('',*,*,#2093,.T.);
#2790=ORIENTED_EDGE('',*,*,#2094,.F.);
#2791=ORIENTED_EDGE('',*,*,#1953,.F.);
#2792=ORIENTED_EDGE('',*,*,#2095,.F.);
#2793=ORIENTED_EDGE('',*,*,#2096,.T.);
#2794=ORIENTED_EDGE('',*,*,#1954,.T.);
#2795=ORIENTED_EDGE('',*,*,#2094,.T.);
#2796=ORIENTED_EDGE('',*,*,#2090,.T.);
#2797=ORIENTED_EDGE('',*,*,#2097,.F.);
#2798=ORIENTED_EDGE('',*,*,#1909,.F.);
#2799=ORIENTED_EDGE('',*,*,#2098,.F.);
#2800=ORIENTED_EDGE('',*,*,#2095,.T.);
#2801=ORIENTED_EDGE('',*,*,#2093,.F.);
#2802=ORIENTED_EDGE('',*,*,#2099,.F.);
#2803=ORIENTED_EDGE('',*,*,#2100,.T.);
#2804=ORIENTED_EDGE('',*,*,#1919,.T.);
#2805=ORIENTED_EDGE('',*,*,#2101,.T.);
#2806=ORIENTED_EDGE('',*,*,#2099,.T.);
#2807=ORIENTED_EDGE('',*,*,#2102,.F.);
#2808=ORIENTED_EDGE('',*,*,#2075,.F.);
#2809=ORIENTED_EDGE('',*,*,#2103,.F.);
#2810=ORIENTED_EDGE('',*,*,#2104,.T.);
#2811=ORIENTED_EDGE('',*,*,#2105,.F.);
#2812=ORIENTED_EDGE('',*,*,#2101,.F.);
#2813=ORIENTED_EDGE('',*,*,#1918,.F.);
#2814=ORIENTED_EDGE('',*,*,#2076,.F.);
#2815=ORIENTED_EDGE('',*,*,#2102,.T.);
#2816=ORIENTED_EDGE('',*,*,#2104,.F.);
#2817=ORIENTED_EDGE('',*,*,#2106,.T.);
#2818=ORIENTED_EDGE('',*,*,#1921,.T.);
#2819=ORIENTED_EDGE('',*,*,#2107,.T.);
#2820=ORIENTED_EDGE('',*,*,#2106,.F.);
#2821=ORIENTED_EDGE('',*,*,#2103,.T.);
#2822=ORIENTED_EDGE('',*,*,#2074,.F.);
#2823=ORIENTED_EDGE('',*,*,#1922,.F.);
#2824=ORIENTED_EDGE('',*,*,#2100,.F.);
#2825=ORIENTED_EDGE('',*,*,#2105,.T.);
#2826=ORIENTED_EDGE('',*,*,#2107,.F.);
#2827=ORIENTED_EDGE('',*,*,#1920,.F.);
#2828=ORIENTED_EDGE('',*,*,#2096,.F.);
#2829=ORIENTED_EDGE('',*,*,#2098,.T.);
#2830=ORIENTED_EDGE('',*,*,#1908,.F.);
#2831=ORIENTED_EDGE('',*,*,#1955,.F.);
#2832=ORIENTED_EDGE('',*,*,#2092,.F.);
#2833=ORIENTED_EDGE('',*,*,#1951,.F.);
#2834=ORIENTED_EDGE('',*,*,#1910,.F.);
#2835=ORIENTED_EDGE('',*,*,#2097,.T.);
#2836=ORIENTED_EDGE('',*,*,#2071,.F.);
#2837=ORIENTED_EDGE('',*,*,#1927,.F.);
#2838=ORIENTED_EDGE('',*,*,#2108,.F.);
#2839=ORIENTED_EDGE('',*,*,#2054,.F.);
#2840=ORIENTED_EDGE('',*,*,#2072,.F.);
#2841=ORIENTED_EDGE('',*,*,#2056,.F.);
#2842=ORIENTED_EDGE('',*,*,#2109,.T.);
#2843=ORIENTED_EDGE('',*,*,#1925,.F.);
#2844=ORIENTED_EDGE('',*,*,#2108,.T.);
#2845=ORIENTED_EDGE('',*,*,#1926,.F.);
#2846=ORIENTED_EDGE('',*,*,#2109,.F.);
#2847=ORIENTED_EDGE('',*,*,#2055,.T.);
#2848=ORIENTED_EDGE('',*,*,#2089,.T.);
#2849=ORIENTED_EDGE('',*,*,#1948,.F.);
#2850=ORIENTED_EDGE('',*,*,#2080,.F.);
#2851=ORIENTED_EDGE('',*,*,#2088,.T.);
#2852=ORIENTED_EDGE('',*,*,#2065,.F.);
#2853=ORIENTED_EDGE('',*,*,#1943,.T.);
#2854=ORIENTED_EDGE('',*,*,#2110,.F.);
#2855=ORIENTED_EDGE('',*,*,#2083,.T.);
#2856=ORIENTED_EDGE('',*,*,#1832,.T.);
#2857=ORIENTED_EDGE('',*,*,#1958,.T.);
#2858=ORIENTED_EDGE('',*,*,#1915,.T.);
#2859=ORIENTED_EDGE('',*,*,#1905,.F.);
#2860=ORIENTED_EDGE('',*,*,#1856,.T.);
#2861=ORIENTED_EDGE('',*,*,#2111,.T.);
#2862=ORIENTED_EDGE('',*,*,#2112,.T.);
#2863=ORIENTED_EDGE('',*,*,#2009,.F.);
#2864=ORIENTED_EDGE('',*,*,#2005,.F.);
#2865=ORIENTED_EDGE('',*,*,#2002,.F.);
#2866=ORIENTED_EDGE('',*,*,#1999,.T.);
#2867=ORIENTED_EDGE('',*,*,#1995,.F.);
#2868=ORIENTED_EDGE('',*,*,#2016,.F.);
#2869=ORIENTED_EDGE('',*,*,#2013,.F.);
#2870=ORIENTED_EDGE('',*,*,#2113,.T.);
#2871=ORIENTED_EDGE('',*,*,#2114,.T.);
#2872=ORIENTED_EDGE('',*,*,#1957,.F.);
#2873=ORIENTED_EDGE('',*,*,#2115,.T.);
#2874=ORIENTED_EDGE('',*,*,#2116,.T.);
#2875=ORIENTED_EDGE('',*,*,#2115,.F.);
#2876=ORIENTED_EDGE('',*,*,#1956,.F.);
#2877=ORIENTED_EDGE('',*,*,#2117,.T.);
#2878=ORIENTED_EDGE('',*,*,#2118,.T.);
#2879=ORIENTED_EDGE('',*,*,#2117,.F.);
#2880=ORIENTED_EDGE('',*,*,#1932,.T.);
#2881=ORIENTED_EDGE('',*,*,#2119,.F.);
#2882=ORIENTED_EDGE('',*,*,#2047,.F.);
#2883=ORIENTED_EDGE('',*,*,#1885,.F.);
#2884=ORIENTED_EDGE('',*,*,#2120,.T.);
#2885=ORIENTED_EDGE('',*,*,#2025,.F.);
#2886=ORIENTED_EDGE('',*,*,#2028,.T.);
#2887=ORIENTED_EDGE('',*,*,#1936,.T.);
#2888=ORIENTED_EDGE('',*,*,#2036,.F.);
#2889=ORIENTED_EDGE('',*,*,#2020,.F.);
#2890=ORIENTED_EDGE('',*,*,#2035,.F.);
#2891=ORIENTED_EDGE('',*,*,#1938,.T.);
#2892=ORIENTED_EDGE('',*,*,#2027,.T.);
#2893=ORIENTED_EDGE('',*,*,#2116,.F.);
#2894=ORIENTED_EDGE('',*,*,#2118,.F.);
#2895=ORIENTED_EDGE('',*,*,#2050,.F.);
#2896=ORIENTED_EDGE('',*,*,#2061,.T.);
#2897=ORIENTED_EDGE('',*,*,#2119,.T.);
#2898=ORIENTED_EDGE('',*,*,#1931,.T.);
#2899=ORIENTED_EDGE('',*,*,#2084,.T.);
#2900=ORIENTED_EDGE('',*,*,#2110,.T.);
#2901=ORIENTED_EDGE('',*,*,#1942,.T.);
#2902=ORIENTED_EDGE('',*,*,#2121,.F.);
#2903=ORIENTED_EDGE('',*,*,#2041,.F.);
#2904=ORIENTED_EDGE('',*,*,#2086,.T.);
#2905=ORIENTED_EDGE('',*,*,#2122,.F.);
#2906=ORIENTED_EDGE('',*,*,#1867,.F.);
#2907=ORIENTED_EDGE('',*,*,#1987,.T.);
#2908=ORIENTED_EDGE('',*,*,#1986,.F.);
#2909=ORIENTED_EDGE('',*,*,#1993,.T.);
#2910=ORIENTED_EDGE('',*,*,#1990,.F.);
#2911=ORIENTED_EDGE('',*,*,#1978,.T.);
#2912=ORIENTED_EDGE('',*,*,#1981,.F.);
#2913=ORIENTED_EDGE('',*,*,#1975,.T.);
#2914=ORIENTED_EDGE('',*,*,#1972,.F.);
#2915=ORIENTED_EDGE('',*,*,#2123,.F.);
#2916=ORIENTED_EDGE('',*,*,#2124,.T.);
#2917=ORIENTED_EDGE('',*,*,#2125,.F.);
#2918=ORIENTED_EDGE('',*,*,#2126,.F.);
#2919=ORIENTED_EDGE('',*,*,#2127,.F.);
#2920=ORIENTED_EDGE('',*,*,#2128,.T.);
#2921=ORIENTED_EDGE('',*,*,#2129,.F.);
#2922=ORIENTED_EDGE('',*,*,#1851,.F.);
#2923=ORIENTED_EDGE('',*,*,#2130,.T.);
#2924=ORIENTED_EDGE('',*,*,#2131,.F.);
#2925=ORIENTED_EDGE('',*,*,#1834,.F.);
#2926=ORIENTED_EDGE('',*,*,#2132,.F.);
#2927=ORIENTED_EDGE('',*,*,#2133,.F.);
#2928=ORIENTED_EDGE('',*,*,#2134,.F.);
#2929=ORIENTED_EDGE('',*,*,#1854,.F.);
#2930=ORIENTED_EDGE('',*,*,#2135,.T.);
#2931=ORIENTED_EDGE('',*,*,#2136,.T.);
#2932=ORIENTED_EDGE('',*,*,#2137,.F.);
#2933=ORIENTED_EDGE('',*,*,#1844,.F.);
#2934=ORIENTED_EDGE('',*,*,#2138,.F.);
#2935=ORIENTED_EDGE('',*,*,#2139,.F.);
#2936=ORIENTED_EDGE('',*,*,#2140,.T.);
#2937=ORIENTED_EDGE('',*,*,#2141,.F.);
#2938=ORIENTED_EDGE('',*,*,#1835,.F.);
#2939=ORIENTED_EDGE('',*,*,#2131,.T.);
#2940=ORIENTED_EDGE('',*,*,#2142,.F.);
#2941=ORIENTED_EDGE('',*,*,#2138,.T.);
#2942=ORIENTED_EDGE('',*,*,#1843,.F.);
#2943=ORIENTED_EDGE('',*,*,#2112,.F.);
#2944=ORIENTED_EDGE('',*,*,#2143,.T.);
#2945=ORIENTED_EDGE('',*,*,#2133,.T.);
#2946=ORIENTED_EDGE('',*,*,#2144,.F.);
#2947=ORIENTED_EDGE('',*,*,#2113,.F.);
#2948=ORIENTED_EDGE('',*,*,#2012,.F.);
#2949=ORIENTED_EDGE('',*,*,#2029,.F.);
#2950=ORIENTED_EDGE('',*,*,#2010,.F.);
#2951=ORIENTED_EDGE('',*,*,#2114,.F.);
#2952=ORIENTED_EDGE('',*,*,#2144,.T.);
#2953=ORIENTED_EDGE('',*,*,#2132,.T.);
#2954=ORIENTED_EDGE('',*,*,#1833,.F.);
#2955=ORIENTED_EDGE('',*,*,#2145,.F.);
#2956=ORIENTED_EDGE('',*,*,#1839,.F.);
#2957=ORIENTED_EDGE('',*,*,#2146,.F.);
#2958=ORIENTED_EDGE('',*,*,#2147,.T.);
#2959=ORIENTED_EDGE('',*,*,#2148,.T.);
#2960=ORIENTED_EDGE('',*,*,#2149,.F.);
#2961=ORIENTED_EDGE('',*,*,#1875,.F.);
#2962=ORIENTED_EDGE('',*,*,#2150,.F.);
#2963=ORIENTED_EDGE('',*,*,#2151,.T.);
#2964=ORIENTED_EDGE('',*,*,#2152,.F.);
#2965=ORIENTED_EDGE('',*,*,#1876,.F.);
#2966=ORIENTED_EDGE('',*,*,#2149,.T.);
#2967=ORIENTED_EDGE('',*,*,#2153,.T.);
#2968=ORIENTED_EDGE('',*,*,#2154,.F.);
#2969=ORIENTED_EDGE('',*,*,#1877,.F.);
#2970=ORIENTED_EDGE('',*,*,#2152,.T.);
#2971=ORIENTED_EDGE('',*,*,#2155,.F.);
#2972=ORIENTED_EDGE('',*,*,#2156,.F.);
#2973=ORIENTED_EDGE('',*,*,#2157,.F.);
#2974=ORIENTED_EDGE('',*,*,#2158,.F.);
#2975=ORIENTED_EDGE('',*,*,#2159,.T.);
#2976=ORIENTED_EDGE('',*,*,#2160,.F.);
#2977=ORIENTED_EDGE('',*,*,#1870,.F.);
#2978=ORIENTED_EDGE('',*,*,#2161,.T.);
#2979=ORIENTED_EDGE('',*,*,#2162,.T.);
#2980=ORIENTED_EDGE('',*,*,#2163,.T.);
#2981=ORIENTED_EDGE('',*,*,#2164,.T.);
#2982=ORIENTED_EDGE('',*,*,#2165,.T.);
#2983=ORIENTED_EDGE('',*,*,#2166,.T.);
#2984=ORIENTED_EDGE('',*,*,#2167,.F.);
#2985=ORIENTED_EDGE('',*,*,#1883,.F.);
#2986=ORIENTED_EDGE('',*,*,#2168,.T.);
#2987=ORIENTED_EDGE('',*,*,#2169,.T.);
#2988=ORIENTED_EDGE('',*,*,#2170,.F.);
#2989=ORIENTED_EDGE('',*,*,#2171,.T.);
#2990=ORIENTED_EDGE('',*,*,#2155,.T.);
#2991=ORIENTED_EDGE('',*,*,#2171,.F.);
#2992=ORIENTED_EDGE('',*,*,#2111,.F.);
#2993=ORIENTED_EDGE('',*,*,#1855,.F.);
#2994=ORIENTED_EDGE('',*,*,#2134,.T.);
#2995=ORIENTED_EDGE('',*,*,#2143,.F.);
#2996=ORIENTED_EDGE('',*,*,#2172,.F.);
#2997=ORIENTED_EDGE('',*,*,#2173,.F.);
#2998=ORIENTED_EDGE('',*,*,#2174,.F.);
#2999=ORIENTED_EDGE('',*,*,#2175,.F.);
#3000=ORIENTED_EDGE('',*,*,#2176,.T.);
#3001=ORIENTED_EDGE('',*,*,#2177,.F.);
#3002=ORIENTED_EDGE('',*,*,#2153,.F.);
#3003=ORIENTED_EDGE('',*,*,#2151,.F.);
#3004=ORIENTED_EDGE('',*,*,#2148,.F.);
#3005=ORIENTED_EDGE('',*,*,#2178,.F.);
#3006=ORIENTED_EDGE('',*,*,#2179,.T.);
#3007=ORIENTED_EDGE('',*,*,#2175,.T.);
#3008=ORIENTED_EDGE('',*,*,#2180,.F.);
#3009=ORIENTED_EDGE('',*,*,#2181,.T.);
#3010=ORIENTED_EDGE('',*,*,#2182,.F.);
#3011=ORIENTED_EDGE('',*,*,#2180,.T.);
#3012=ORIENTED_EDGE('',*,*,#2174,.T.);
#3013=ORIENTED_EDGE('',*,*,#2183,.F.);
#3014=ORIENTED_EDGE('',*,*,#2184,.F.);
#3015=ORIENTED_EDGE('',*,*,#2181,.F.);
#3016=ORIENTED_EDGE('',*,*,#2182,.T.);
#3017=ORIENTED_EDGE('',*,*,#2185,.F.);
#3018=ORIENTED_EDGE('',*,*,#2142,.T.);
#3019=ORIENTED_EDGE('',*,*,#2130,.F.);
#3020=ORIENTED_EDGE('',*,*,#2186,.T.);
#3021=ORIENTED_EDGE('',*,*,#2136,.F.);
#3022=ORIENTED_EDGE('',*,*,#2187,.T.);
#3023=ORIENTED_EDGE('',*,*,#2188,.T.);
#3024=ORIENTED_EDGE('',*,*,#2161,.F.);
#3025=ORIENTED_EDGE('',*,*,#1869,.F.);
#3026=ORIENTED_EDGE('',*,*,#2189,.T.);
#3027=ORIENTED_EDGE('',*,*,#2190,.T.);
#3028=ORIENTED_EDGE('',*,*,#2191,.F.);
#3029=ORIENTED_EDGE('',*,*,#2192,.T.);
#3030=ORIENTED_EDGE('',*,*,#2193,.T.);
#3031=ORIENTED_EDGE('',*,*,#2194,.T.);
#3032=ORIENTED_EDGE('',*,*,#2168,.F.);
#3033=ORIENTED_EDGE('',*,*,#1882,.F.);
#3034=ORIENTED_EDGE('',*,*,#2195,.T.);
#3035=ORIENTED_EDGE('',*,*,#2196,.F.);
#3036=ORIENTED_EDGE('',*,*,#2162,.F.);
#3037=ORIENTED_EDGE('',*,*,#2188,.F.);
#3038=ORIENTED_EDGE('',*,*,#2197,.F.);
#3039=ORIENTED_EDGE('',*,*,#2198,.F.);
#3040=ORIENTED_EDGE('',*,*,#2197,.T.);
#3041=ORIENTED_EDGE('',*,*,#2187,.F.);
#3042=ORIENTED_EDGE('',*,*,#2199,.F.);
#3043=ORIENTED_EDGE('',*,*,#2200,.F.);
#3044=ORIENTED_EDGE('',*,*,#2201,.T.);
#3045=ORIENTED_EDGE('',*,*,#2193,.F.);
#3046=ORIENTED_EDGE('',*,*,#2202,.F.);
#3047=ORIENTED_EDGE('',*,*,#2203,.F.);
#3048=ORIENTED_EDGE('',*,*,#2204,.F.);
#3049=ORIENTED_EDGE('',*,*,#2163,.F.);
#3050=ORIENTED_EDGE('',*,*,#2196,.T.);
#3051=ORIENTED_EDGE('',*,*,#2195,.F.);
#3052=ORIENTED_EDGE('',*,*,#2198,.T.);
#3053=ORIENTED_EDGE('',*,*,#2205,.T.);
#3054=ORIENTED_EDGE('',*,*,#2203,.T.);
#3055=ORIENTED_EDGE('',*,*,#2206,.F.);
#3056=ORIENTED_EDGE('',*,*,#2207,.F.);
#3057=ORIENTED_EDGE('',*,*,#2165,.F.);
#3058=ORIENTED_EDGE('',*,*,#2208,.T.);
#3059=ORIENTED_EDGE('',*,*,#2209,.T.);
#3060=ORIENTED_EDGE('',*,*,#2208,.F.);
#3061=ORIENTED_EDGE('',*,*,#2169,.F.);
#3062=ORIENTED_EDGE('',*,*,#2194,.F.);
#3063=ORIENTED_EDGE('',*,*,#2201,.F.);
#3064=ORIENTED_EDGE('',*,*,#2209,.F.);
#3065=ORIENTED_EDGE('',*,*,#2200,.T.);
#3066=ORIENTED_EDGE('',*,*,#2210,.T.);
#3067=ORIENTED_EDGE('',*,*,#2206,.T.);
#3068=ORIENTED_EDGE('',*,*,#2211,.F.);
#3069=ORIENTED_EDGE('',*,*,#2212,.T.);
#3070=ORIENTED_EDGE('',*,*,#2213,.F.);
#3071=ORIENTED_EDGE('',*,*,#2178,.T.);
#3072=ORIENTED_EDGE('',*,*,#2150,.T.);
#3073=ORIENTED_EDGE('',*,*,#1874,.F.);
#3074=ORIENTED_EDGE('',*,*,#2179,.F.);
#3075=ORIENTED_EDGE('',*,*,#2213,.T.);
#3076=ORIENTED_EDGE('',*,*,#2214,.T.);
#3077=ORIENTED_EDGE('',*,*,#2172,.T.);
#3078=ORIENTED_EDGE('',*,*,#2215,.F.);
#3079=ORIENTED_EDGE('',*,*,#1878,.F.);
#3080=ORIENTED_EDGE('',*,*,#2154,.T.);
#3081=ORIENTED_EDGE('',*,*,#2177,.T.);
#3082=ORIENTED_EDGE('',*,*,#2216,.F.);
#3083=ORIENTED_EDGE('',*,*,#2217,.T.);
#3084=ORIENTED_EDGE('',*,*,#2176,.F.);
#3085=ORIENTED_EDGE('',*,*,#2184,.T.);
#3086=ORIENTED_EDGE('',*,*,#2218,.T.);
#3087=ORIENTED_EDGE('',*,*,#2216,.T.);
#3088=ORIENTED_EDGE('',*,*,#1881,.F.);
#3089=ORIENTED_EDGE('',*,*,#2219,.T.);
#3090=ORIENTED_EDGE('',*,*,#2220,.T.);
#3091=ORIENTED_EDGE('',*,*,#2191,.T.);
#3092=ORIENTED_EDGE('',*,*,#2221,.F.);
#3093=ORIENTED_EDGE('',*,*,#2222,.T.);
#3094=ORIENTED_EDGE('',*,*,#2219,.F.);
#3095=ORIENTED_EDGE('',*,*,#1880,.F.);
#3096=ORIENTED_EDGE('',*,*,#1879,.F.);
#3097=ORIENTED_EDGE('',*,*,#2215,.T.);
#3098=ORIENTED_EDGE('',*,*,#2223,.T.);
#3099=ORIENTED_EDGE('',*,*,#2221,.T.);
#3100=ORIENTED_EDGE('',*,*,#1873,.F.);
#3101=ORIENTED_EDGE('',*,*,#2224,.T.);
#3102=ORIENTED_EDGE('',*,*,#2225,.T.);
#3103=ORIENTED_EDGE('',*,*,#2211,.T.);
#3104=ORIENTED_EDGE('',*,*,#2226,.F.);
#3105=ORIENTED_EDGE('',*,*,#2227,.T.);
#3106=ORIENTED_EDGE('',*,*,#2224,.F.);
#3107=ORIENTED_EDGE('',*,*,#1872,.F.);
#3108=ORIENTED_EDGE('',*,*,#1871,.F.);
#3109=ORIENTED_EDGE('',*,*,#2160,.T.);
#3110=ORIENTED_EDGE('',*,*,#2228,.T.);
#3111=ORIENTED_EDGE('',*,*,#2226,.T.);
#3112=ORIENTED_EDGE('',*,*,#2229,.F.);
#3113=ORIENTED_EDGE('',*,*,#2230,.T.);
#3114=ORIENTED_EDGE('',*,*,#1836,.T.);
#3115=ORIENTED_EDGE('',*,*,#2141,.T.);
#3116=ORIENTED_EDGE('',*,*,#2231,.F.);
#3117=ORIENTED_EDGE('',*,*,#1837,.F.);
#3118=ORIENTED_EDGE('',*,*,#2230,.F.);
#3119=ORIENTED_EDGE('',*,*,#2232,.T.);
#3120=ORIENTED_EDGE('',*,*,#2233,.F.);
#3121=ORIENTED_EDGE('',*,*,#2146,.T.);
#3122=ORIENTED_EDGE('',*,*,#1838,.T.);
#3123=ORIENTED_EDGE('',*,*,#2231,.T.);
#3124=ORIENTED_EDGE('',*,*,#2234,.F.);
#3125=ORIENTED_EDGE('',*,*,#2235,.T.);
#3126=ORIENTED_EDGE('',*,*,#1840,.T.);
#3127=ORIENTED_EDGE('',*,*,#2145,.T.);
#3128=ORIENTED_EDGE('',*,*,#2236,.F.);
#3129=ORIENTED_EDGE('',*,*,#1841,.F.);
#3130=ORIENTED_EDGE('',*,*,#2235,.F.);
#3131=ORIENTED_EDGE('',*,*,#2237,.T.);
#3132=ORIENTED_EDGE('',*,*,#2238,.T.);
#3133=ORIENTED_EDGE('',*,*,#2237,.F.);
#3134=ORIENTED_EDGE('',*,*,#2234,.T.);
#3135=ORIENTED_EDGE('',*,*,#2147,.F.);
#3136=ORIENTED_EDGE('',*,*,#2233,.T.);
#3137=ORIENTED_EDGE('',*,*,#2232,.F.);
#3138=ORIENTED_EDGE('',*,*,#2229,.T.);
#3139=ORIENTED_EDGE('',*,*,#2140,.F.);
#3140=ORIENTED_EDGE('',*,*,#2238,.F.);
#3141=ORIENTED_EDGE('',*,*,#2139,.T.);
#3142=ORIENTED_EDGE('',*,*,#1842,.T.);
#3143=ORIENTED_EDGE('',*,*,#2236,.T.);
#3144=ORIENTED_EDGE('',*,*,#2239,.F.);
#3145=ORIENTED_EDGE('',*,*,#2240,.T.);
#3146=ORIENTED_EDGE('',*,*,#1848,.T.);
#3147=ORIENTED_EDGE('',*,*,#2241,.T.);
#3148=ORIENTED_EDGE('',*,*,#2242,.F.);
#3149=ORIENTED_EDGE('',*,*,#2243,.T.);
#3150=ORIENTED_EDGE('',*,*,#2241,.F.);
#3151=ORIENTED_EDGE('',*,*,#1847,.F.);
#3152=ORIENTED_EDGE('',*,*,#2244,.F.);
#3153=ORIENTED_EDGE('',*,*,#2242,.T.);
#3154=ORIENTED_EDGE('',*,*,#1846,.T.);
#3155=ORIENTED_EDGE('',*,*,#2245,.T.);
#3156=ORIENTED_EDGE('',*,*,#2246,.F.);
#3157=ORIENTED_EDGE('',*,*,#2247,.T.);
#3158=ORIENTED_EDGE('',*,*,#2245,.F.);
#3159=ORIENTED_EDGE('',*,*,#1845,.F.);
#3160=ORIENTED_EDGE('',*,*,#2137,.T.);
#3161=ORIENTED_EDGE('',*,*,#2186,.F.);
#3162=ORIENTED_EDGE('',*,*,#2135,.F.);
#3163=ORIENTED_EDGE('',*,*,#1853,.F.);
#3164=ORIENTED_EDGE('',*,*,#2248,.F.);
#3165=ORIENTED_EDGE('',*,*,#2246,.T.);
#3166=ORIENTED_EDGE('',*,*,#1852,.T.);
#3167=ORIENTED_EDGE('',*,*,#2129,.T.);
#3168=ORIENTED_EDGE('',*,*,#2249,.F.);
#3169=ORIENTED_EDGE('',*,*,#1849,.F.);
#3170=ORIENTED_EDGE('',*,*,#2240,.F.);
#3171=ORIENTED_EDGE('',*,*,#2250,.T.);
#3172=ORIENTED_EDGE('',*,*,#2251,.T.);
#3173=ORIENTED_EDGE('',*,*,#2250,.F.);
#3174=ORIENTED_EDGE('',*,*,#2239,.T.);
#3175=ORIENTED_EDGE('',*,*,#2243,.F.);
#3176=ORIENTED_EDGE('',*,*,#2244,.T.);
#3177=ORIENTED_EDGE('',*,*,#2247,.F.);
#3178=ORIENTED_EDGE('',*,*,#2248,.T.);
#3179=ORIENTED_EDGE('',*,*,#2128,.F.);
#3180=ORIENTED_EDGE('',*,*,#2251,.F.);
#3181=ORIENTED_EDGE('',*,*,#2127,.T.);
#3182=ORIENTED_EDGE('',*,*,#1850,.T.);
#3183=ORIENTED_EDGE('',*,*,#2249,.T.);
#3184=ORIENTED_EDGE('',*,*,#2252,.T.);
#3185=ORIENTED_EDGE('',*,*,#2253,.T.);
#3186=ORIENTED_EDGE('',*,*,#2254,.T.);
#3187=ORIENTED_EDGE('',*,*,#2255,.T.);
#3188=ORIENTED_EDGE('',*,*,#2256,.F.);
#3189=ORIENTED_EDGE('',*,*,#2257,.T.);
#3190=ORIENTED_EDGE('',*,*,#2255,.F.);
#3191=ORIENTED_EDGE('',*,*,#2258,.F.);
#3192=ORIENTED_EDGE('',*,*,#2259,.T.);
#3193=ORIENTED_EDGE('',*,*,#2256,.T.);
#3194=ORIENTED_EDGE('',*,*,#2260,.T.);
#3195=ORIENTED_EDGE('',*,*,#2261,.T.);
#3196=ORIENTED_EDGE('',*,*,#2262,.F.);
#3197=ORIENTED_EDGE('',*,*,#2263,.T.);
#3198=ORIENTED_EDGE('',*,*,#2261,.F.);
#3199=ORIENTED_EDGE('',*,*,#2264,.F.);
#3200=ORIENTED_EDGE('',*,*,#2265,.T.);
#3201=ORIENTED_EDGE('',*,*,#2262,.T.);
#3202=ORIENTED_EDGE('',*,*,#2266,.T.);
#3203=ORIENTED_EDGE('',*,*,#2125,.T.);
#3204=ORIENTED_EDGE('',*,*,#2267,.F.);
#3205=ORIENTED_EDGE('',*,*,#2268,.F.);
#3206=ORIENTED_EDGE('',*,*,#2253,.F.);
#3207=ORIENTED_EDGE('',*,*,#2269,.T.);
#3208=ORIENTED_EDGE('',*,*,#2270,.T.);
#3209=ORIENTED_EDGE('',*,*,#2158,.T.);
#3210=ORIENTED_EDGE('',*,*,#2271,.T.);
#3211=ORIENTED_EDGE('',*,*,#2267,.T.);
#3212=ORIENTED_EDGE('',*,*,#2272,.F.);
#3213=ORIENTED_EDGE('',*,*,#2273,.F.);
#3214=ORIENTED_EDGE('',*,*,#2166,.F.);
#3215=ORIENTED_EDGE('',*,*,#2207,.T.);
#3216=ORIENTED_EDGE('',*,*,#2210,.F.);
#3217=ORIENTED_EDGE('',*,*,#2202,.T.);
#3218=ORIENTED_EDGE('',*,*,#2192,.F.);
#3219=ORIENTED_EDGE('',*,*,#2220,.F.);
#3220=ORIENTED_EDGE('',*,*,#2222,.F.);
#3221=ORIENTED_EDGE('',*,*,#2223,.F.);
#3222=ORIENTED_EDGE('',*,*,#2217,.F.);
#3223=ORIENTED_EDGE('',*,*,#2218,.F.);
#3224=ORIENTED_EDGE('',*,*,#2185,.T.);
#3225=ORIENTED_EDGE('',*,*,#2183,.T.);
#3226=ORIENTED_EDGE('',*,*,#2173,.T.);
#3227=ORIENTED_EDGE('',*,*,#2214,.F.);
#3228=ORIENTED_EDGE('',*,*,#2212,.F.);
#3229=ORIENTED_EDGE('',*,*,#2225,.F.);
#3230=ORIENTED_EDGE('',*,*,#2227,.F.);
#3231=ORIENTED_EDGE('',*,*,#2228,.F.);
#3232=ORIENTED_EDGE('',*,*,#2164,.F.);
#3233=ORIENTED_EDGE('',*,*,#2204,.T.);
#3234=ORIENTED_EDGE('',*,*,#2205,.F.);
#3235=ORIENTED_EDGE('',*,*,#2199,.T.);
#3236=ORIENTED_EDGE('',*,*,#2190,.F.);
#3237=ORIENTED_EDGE('',*,*,#2274,.F.);
#3238=ORIENTED_EDGE('',*,*,#2275,.F.);
#3239=ORIENTED_EDGE('',*,*,#2159,.F.);
#3240=ORIENTED_EDGE('',*,*,#2270,.F.);
#3241=ORIENTED_EDGE('',*,*,#2269,.F.);
#3242=ORIENTED_EDGE('',*,*,#2252,.F.);
#3243=ORIENTED_EDGE('',*,*,#2257,.F.);
#3244=ORIENTED_EDGE('',*,*,#2259,.F.);
#3245=ORIENTED_EDGE('',*,*,#2263,.F.);
#3246=ORIENTED_EDGE('',*,*,#2265,.F.);
#3247=ORIENTED_EDGE('',*,*,#2124,.F.);
#3248=ORIENTED_EDGE('',*,*,#1772,.T.);
#3249=ORIENTED_EDGE('',*,*,#1775,.T.);
#3250=ORIENTED_EDGE('',*,*,#2170,.T.);
#3251=ORIENTED_EDGE('',*,*,#2275,.T.);
#3252=ORIENTED_EDGE('',*,*,#2276,.T.);
#3253=ORIENTED_EDGE('',*,*,#2277,.T.);
#3254=ORIENTED_EDGE('',*,*,#2156,.T.);
#3255=ORIENTED_EDGE('',*,*,#2278,.F.);
#3256=ORIENTED_EDGE('',*,*,#2126,.T.);
#3257=ORIENTED_EDGE('',*,*,#2266,.F.);
#3258=ORIENTED_EDGE('',*,*,#2264,.T.);
#3259=ORIENTED_EDGE('',*,*,#2260,.F.);
#3260=ORIENTED_EDGE('',*,*,#2258,.T.);
#3261=ORIENTED_EDGE('',*,*,#2254,.F.);
#3262=ORIENTED_EDGE('',*,*,#2268,.T.);
#3263=ORIENTED_EDGE('',*,*,#2271,.F.);
#3264=ORIENTED_EDGE('',*,*,#2157,.T.);
#3265=ORIENTED_EDGE('',*,*,#2277,.F.);
#3266=ORIENTED_EDGE('',*,*,#2279,.T.);
#3267=ORIENTED_EDGE('',*,*,#2280,.T.);
#3268=ORIENTED_EDGE('',*,*,#2281,.T.);
#3269=ORIENTED_EDGE('',*,*,#1787,.T.);
#3270=ORIENTED_EDGE('',*,*,#1793,.T.);
#3271=ORIENTED_EDGE('',*,*,#1966,.T.);
#3272=ORIENTED_EDGE('',*,*,#1961,.F.);
#3273=ORIENTED_EDGE('',*,*,#1970,.T.);
#3274=ORIENTED_EDGE('',*,*,#1968,.F.);
#3275=ORIENTED_EDGE('',*,*,#1989,.F.);
#3276=ORIENTED_EDGE('',*,*,#1992,.T.);
#3277=ORIENTED_EDGE('',*,*,#1994,.F.);
#3278=ORIENTED_EDGE('',*,*,#1984,.T.);
#3279=ORIENTED_EDGE('',*,*,#1979,.F.);
#3280=ORIENTED_EDGE('',*,*,#1974,.T.);
#3281=ORIENTED_EDGE('',*,*,#1977,.F.);
#3282=ORIENTED_EDGE('',*,*,#1982,.T.);
#3283=ORIENTED_EDGE('',*,*,#2272,.T.);
#3284=ORIENTED_EDGE('',*,*,#2123,.T.);
#3285=ORIENTED_EDGE('',*,*,#2278,.T.);
#3286=ORIENTED_EDGE('',*,*,#2282,.T.);
#3287=ORIENTED_EDGE('',*,*,#1884,.T.);
#3288=ORIENTED_EDGE('',*,*,#2167,.T.);
#3289=ORIENTED_EDGE('',*,*,#2273,.T.);
#3290=ORIENTED_EDGE('',*,*,#2282,.F.);
#3291=ORIENTED_EDGE('',*,*,#2281,.F.);
#3292=ORIENTED_EDGE('',*,*,#2283,.T.);
#3293=ORIENTED_EDGE('',*,*,#2030,.F.);
#3294=ORIENTED_EDGE('',*,*,#1933,.T.);
#3295=ORIENTED_EDGE('',*,*,#2120,.F.);
#3296=ORIENTED_EDGE('',*,*,#2283,.F.);
#3297=ORIENTED_EDGE('',*,*,#2280,.F.);
#3298=ORIENTED_EDGE('',*,*,#2284,.F.);
#3299=ORIENTED_EDGE('',*,*,#2037,.F.);
#3300=ORIENTED_EDGE('',*,*,#2033,.F.);
#3301=ORIENTED_EDGE('',*,*,#2031,.F.);
#3302=ORIENTED_EDGE('',*,*,#1784,.T.);
#3303=ORIENTED_EDGE('',*,*,#1790,.T.);
#3304=ORIENTED_EDGE('',*,*,#2284,.T.);
#3305=ORIENTED_EDGE('',*,*,#2279,.F.);
#3306=ORIENTED_EDGE('',*,*,#2276,.F.);
#3307=ORIENTED_EDGE('',*,*,#2274,.T.);
#3308=ORIENTED_EDGE('',*,*,#2189,.F.);
#3309=ORIENTED_EDGE('',*,*,#1868,.F.);
#3310=ORIENTED_EDGE('',*,*,#2122,.T.);
#3311=ORIENTED_EDGE('',*,*,#2085,.T.);
#3312=ORIENTED_EDGE('',*,*,#2121,.T.);
#3313=ORIENTED_EDGE('',*,*,#1941,.T.);
#3314=ORIENTED_EDGE('',*,*,#2038,.F.);
#3315=CYLINDRICAL_SURFACE('',#3581,1.19999999999999);
#3316=CYLINDRICAL_SURFACE('',#3584,1.19999999999999);
#3317=CYLINDRICAL_SURFACE('',#3587,1.19999999999999);
#3318=CYLINDRICAL_SURFACE('',#3590,1.19999999999999);
#3319=CYLINDRICAL_SURFACE('',#3593,2.20000000000001);
#3320=CYLINDRICAL_SURFACE('',#3597,2.20000000000001);
#3321=CYLINDRICAL_SURFACE('',#3601,2.20000000000001);
#3322=CYLINDRICAL_SURFACE('',#3605,2.20000000000001);
#3323=CYLINDRICAL_SURFACE('',#3611,0.8115);
#3324=CYLINDRICAL_SURFACE('',#3615,0.8115);
#3325=CYLINDRICAL_SURFACE('',#3619,0.8115);
#3326=CYLINDRICAL_SURFACE('',#3623,0.8115);
#3327=CYLINDRICAL_SURFACE('',#3627,0.8115);
#3328=CYLINDRICAL_SURFACE('',#3631,0.8115);
#3329=CYLINDRICAL_SURFACE('',#3633,1.);
#3330=CYLINDRICAL_SURFACE('',#3637,1.);
#3331=CYLINDRICAL_SURFACE('',#3663,1.);
#3332=CYLINDRICAL_SURFACE('',#3666,1.);
#3333=CYLINDRICAL_SURFACE('',#3691,2.5);
#3334=CYLINDRICAL_SURFACE('',#3697,2.5);
#3335=CYLINDRICAL_SURFACE('',#3701,2.5);
#3336=CYLINDRICAL_SURFACE('',#3704,2.5);
#3337=CYLINDRICAL_SURFACE('',#3709,2.5);
#3338=CYLINDRICAL_SURFACE('',#3713,2.5);
#3339=CYLINDRICAL_SURFACE('',#3716,1.);
#3340=CYLINDRICAL_SURFACE('',#3720,1.);
#3341=CYLINDRICAL_SURFACE('',#3724,1.);
#3342=CYLINDRICAL_SURFACE('',#3727,1.);
#3343=CYLINDRICAL_SURFACE('',#3731,1.);
#3344=CYLINDRICAL_SURFACE('',#3735,1.);
#3345=CYLINDRICAL_SURFACE('',#3739,3.);
#3346=CYLINDRICAL_SURFACE('',#3742,3.);
#3347=CYLINDRICAL_SURFACE('',#3744,3.);
#3348=CYLINDRICAL_SURFACE('',#3746,4.44999999999999);
#3349=CYLINDRICAL_SURFACE('',#3748,3.);
#3350=CYLINDRICAL_SURFACE('',#3751,1.);
#3351=CYLINDRICAL_SURFACE('',#3760,1.);
#3352=CYLINDRICAL_SURFACE('',#3763,3.);
#3353=CYLINDRICAL_SURFACE('',#3764,4.45);
#3354=CYLINDRICAL_SURFACE('',#3765,3.);
#3355=CYLINDRICAL_SURFACE('',#3767,1.);
#3356=CYLINDRICAL_SURFACE('',#3768,1.);
#3357=CYLINDRICAL_SURFACE('',#3770,1.);
#3358=CYLINDRICAL_SURFACE('',#3773,1.);
#3359=CYLINDRICAL_SURFACE('',#3778,1.);
#3360=CYLINDRICAL_SURFACE('',#3781,1.);
#3361=CYLINDRICAL_SURFACE('',#3784,1.);
#3362=CYLINDRICAL_SURFACE('',#3789,1.);
#3363=CYLINDRICAL_SURFACE('',#3796,2.45000000000001);
#3364=CYLINDRICAL_SURFACE('',#3797,2.45000000000001);
#3365=CYLINDRICAL_SURFACE('',#3800,1.15);
#3366=CYLINDRICAL_SURFACE('',#3802,1.15);
#3367=CYLINDRICAL_SURFACE('',#3823,4.45);
#3368=CYLINDRICAL_SURFACE('',#3831,1.15);
#3369=CYLINDRICAL_SURFACE('',#3839,2.45);
#3370=CYLINDRICAL_SURFACE('',#3850,1.);
#3371=CYLINDRICAL_SURFACE('',#3855,1.);
#3372=CYLINDRICAL_SURFACE('',#3858,1.);
#3373=CYLINDRICAL_SURFACE('',#3861,1.);
#3374=CYLINDRICAL_SURFACE('',#3863,3.);
#3375=CYLINDRICAL_SURFACE('',#3866,3.);
#3376=CYLINDRICAL_SURFACE('',#3868,3.);
#3377=CYLINDRICAL_SURFACE('',#3871,3.);
#3378=CYLINDRICAL_SURFACE('',#3873,3.);
#3379=CYLINDRICAL_SURFACE('',#3876,3.);
#3380=CYLINDRICAL_SURFACE('',#3878,3.);
#3381=CYLINDRICAL_SURFACE('',#3883,3.);
#3382=CYLINDRICAL_SURFACE('',#3884,3.);
#3383=CYLINDRICAL_SURFACE('',#3887,3.);
#3384=CYLINDRICAL_SURFACE('',#3890,3.);
#3385=CYLINDRICAL_SURFACE('',#3895,3.);
#3386=CYLINDRICAL_SURFACE('',#3896,3.);
#3387=CYLINDRICAL_SURFACE('',#3900,3.);
#3388=CYLINDRICAL_SURFACE('',#3904,3.);
#3389=CYLINDRICAL_SURFACE('',#3908,3.);
#3390=CYLINDRICAL_SURFACE('',#3914,3.);
#3391=CYLINDRICAL_SURFACE('',#3918,3.);
#3392=ADVANCED_FACE('',(#162),#3315,.F.);
#3393=ADVANCED_FACE('',(#163),#3316,.F.);
#3394=ADVANCED_FACE('',(#164),#3317,.F.);
#3395=ADVANCED_FACE('',(#165),#3318,.F.);
#3396=ADVANCED_FACE('',(#166),#3319,.F.);
#3397=ADVANCED_FACE('',(#167,#21),#46,.F.);
#3398=ADVANCED_FACE('',(#168),#3320,.F.);
#3399=ADVANCED_FACE('',(#169,#22),#47,.F.);
#3400=ADVANCED_FACE('',(#170),#3321,.F.);
#3401=ADVANCED_FACE('',(#171,#23),#48,.F.);
#3402=ADVANCED_FACE('',(#172),#3322,.F.);
#3403=ADVANCED_FACE('',(#173,#24),#49,.F.);
#3404=ADVANCED_FACE('',(#174),#15,.F.);
#3405=ADVANCED_FACE('',(#175),#3323,.F.);
#3406=ADVANCED_FACE('',(#176),#16,.F.);
#3407=ADVANCED_FACE('',(#177),#3324,.F.);
#3408=ADVANCED_FACE('',(#178),#17,.F.);
#3409=ADVANCED_FACE('',(#179),#3325,.F.);
#3410=ADVANCED_FACE('',(#180),#18,.F.);
#3411=ADVANCED_FACE('',(#181),#3326,.F.);
#3412=ADVANCED_FACE('',(#182),#19,.F.);
#3413=ADVANCED_FACE('',(#183),#3327,.F.);
#3414=ADVANCED_FACE('',(#184),#20,.F.);
#3415=ADVANCED_FACE('',(#185),#3328,.F.);
#3416=ADVANCED_FACE('',(#186),#3329,.F.);
#3417=ADVANCED_FACE('',(#187),#50,.F.);
#3418=ADVANCED_FACE('',(#188),#3330,.F.);
#3419=ADVANCED_FACE('',(#189,#25,#26,#27,#28,#29,#30),#51,.T.);
#3420=ADVANCED_FACE('',(#190),#52,.F.);
#3421=ADVANCED_FACE('',(#191),#3331,.F.);
#3422=ADVANCED_FACE('',(#192),#53,.F.);
#3423=ADVANCED_FACE('',(#193),#3332,.F.);
#3424=ADVANCED_FACE('',(#194),#54,.F.);
#3425=ADVANCED_FACE('',(#195),#55,.F.);
#3426=ADVANCED_FACE('',(#196),#56,.F.);
#3427=ADVANCED_FACE('',(#197),#57,.T.);
#3428=ADVANCED_FACE('',(#198),#58,.T.);
#3429=ADVANCED_FACE('',(#199,#31,#32,#33,#34),#59,.T.);
#3430=ADVANCED_FACE('',(#200),#60,.T.);
#3431=ADVANCED_FACE('',(#201),#3333,.F.);
#3432=ADVANCED_FACE('',(#202),#61,.F.);
#3433=ADVANCED_FACE('',(#203),#62,.F.);
#3434=ADVANCED_FACE('',(#204),#3334,.F.);
#3435=ADVANCED_FACE('',(#205),#63,.F.);
#3436=ADVANCED_FACE('',(#206),#64,.F.);
#3437=ADVANCED_FACE('',(#207),#3335,.F.);
#3438=ADVANCED_FACE('',(#208),#3336,.F.);
#3439=ADVANCED_FACE('',(#209),#65,.F.);
#3440=ADVANCED_FACE('',(#210),#66,.F.);
#3441=ADVANCED_FACE('',(#211),#3337,.F.);
#3442=ADVANCED_FACE('',(#212),#67,.F.);
#3443=ADVANCED_FACE('',(#213),#3338,.F.);
#3444=ADVANCED_FACE('',(#214),#3339,.F.);
#3445=ADVANCED_FACE('',(#215),#68,.F.);
#3446=ADVANCED_FACE('',(#216),#3340,.F.);
#3447=ADVANCED_FACE('',(#217),#69,.F.);
#3448=ADVANCED_FACE('',(#218),#3341,.F.);
#3449=ADVANCED_FACE('',(#219),#3342,.F.);
#3450=ADVANCED_FACE('',(#220),#70,.F.);
#3451=ADVANCED_FACE('',(#221),#3343,.F.);
#3452=ADVANCED_FACE('',(#222),#71,.F.);
#3453=ADVANCED_FACE('',(#223),#3344,.F.);
#3454=ADVANCED_FACE('',(#224,#35),#72,.T.);
#3455=ADVANCED_FACE('',(#225),#3345,.T.);
#3456=ADVANCED_FACE('',(#226),#73,.T.);
#3457=ADVANCED_FACE('',(#227),#3346,.T.);
#3458=ADVANCED_FACE('',(#228),#3347,.F.);
#3459=ADVANCED_FACE('',(#229),#3348,.T.);
#3460=ADVANCED_FACE('',(#230),#3349,.F.);
#3461=ADVANCED_FACE('',(#231),#74,.T.);
#3462=ADVANCED_FACE('',(#232),#3350,.F.);
#3463=ADVANCED_FACE('',(#233),#75,.T.);
#3464=ADVANCED_FACE('',(#234),#76,.T.);
#3465=ADVANCED_FACE('',(#235),#3351,.F.);
#3466=ADVANCED_FACE('',(#236),#77,.T.);
#3467=ADVANCED_FACE('',(#237),#3352,.F.);
#3468=ADVANCED_FACE('',(#238),#3353,.T.);
#3469=ADVANCED_FACE('',(#239),#3354,.F.);
#3470=ADVANCED_FACE('',(#240),#3355,.F.);
#3471=ADVANCED_FACE('',(#241),#3356,.F.);
#3472=ADVANCED_FACE('',(#242),#78,.T.);
#3473=ADVANCED_FACE('',(#243),#3357,.F.);
#3474=ADVANCED_FACE('',(#244),#79,.T.);
#3475=ADVANCED_FACE('',(#245),#3358,.F.);
#3476=ADVANCED_FACE('',(#246),#80,.T.);
#3477=ADVANCED_FACE('',(#247),#81,.T.);
#3478=ADVANCED_FACE('',(#248),#3359,.F.);
#3479=ADVANCED_FACE('',(#249),#82,.F.);
#3480=ADVANCED_FACE('',(#250),#3360,.F.);
#3481=ADVANCED_FACE('',(#251),#83,.F.);
#3482=ADVANCED_FACE('',(#252),#3361,.F.);
#3483=ADVANCED_FACE('',(#253),#84,.F.);
#3484=ADVANCED_FACE('',(#254),#85,.F.);
#3485=ADVANCED_FACE('',(#255),#3362,.F.);
#3486=ADVANCED_FACE('',(#256),#86,.F.);
#3487=ADVANCED_FACE('',(#257),#87,.F.);
#3488=ADVANCED_FACE('',(#258),#88,.F.);
#3489=ADVANCED_FACE('',(#259),#89,.F.);
#3490=ADVANCED_FACE('',(#260),#90,.T.);
#3491=ADVANCED_FACE('',(#261),#91,.T.);
#3492=ADVANCED_FACE('',(#262),#3363,.T.);
#3493=ADVANCED_FACE('',(#263),#3364,.T.);
#3494=ADVANCED_FACE('',(#264),#92,.T.);
#3495=ADVANCED_FACE('',(#265),#93,.T.);
#3496=ADVANCED_FACE('',(#266),#3365,.F.);
#3497=ADVANCED_FACE('',(#267),#3366,.F.);
#3498=ADVANCED_FACE('',(#268),#94,.T.);
#3499=ADVANCED_FACE('',(#269),#95,.F.);
#3500=ADVANCED_FACE('',(#270),#96,.F.);
#3501=ADVANCED_FACE('',(#271),#97,.T.);
#3502=ADVANCED_FACE('',(#272),#98,.T.);
#3503=ADVANCED_FACE('',(#273),#99,.T.);
#3504=ADVANCED_FACE('',(#274),#100,.T.);
#3505=ADVANCED_FACE('',(#275),#101,.T.);
#3506=ADVANCED_FACE('',(#276),#102,.F.);
#3507=ADVANCED_FACE('',(#277),#103,.F.);
#3508=ADVANCED_FACE('',(#278),#104,.T.);
#3509=ADVANCED_FACE('',(#279),#105,.F.);
#3510=ADVANCED_FACE('',(#280),#106,.F.);
#3511=ADVANCED_FACE('',(#281),#107,.F.);
#3512=ADVANCED_FACE('',(#282),#108,.F.);
#3513=ADVANCED_FACE('',(#283),#109,.F.);
#3514=ADVANCED_FACE('',(#284),#110,.F.);
#3515=ADVANCED_FACE('',(#285),#111,.F.);
#3516=ADVANCED_FACE('',(#286),#112,.T.);
#3517=ADVANCED_FACE('',(#287),#3367,.T.);
#3518=ADVANCED_FACE('',(#288),#113,.T.);
#3519=ADVANCED_FACE('',(#289),#114,.T.);
#3520=ADVANCED_FACE('',(#290),#115,.T.);
#3521=ADVANCED_FACE('',(#291),#116,.T.);
#3522=ADVANCED_FACE('',(#292),#117,.T.);
#3523=ADVANCED_FACE('',(#293),#3368,.F.);
#3524=ADVANCED_FACE('',(#294),#118,.F.);
#3525=ADVANCED_FACE('',(#295),#119,.T.);
#3526=ADVANCED_FACE('',(#296),#120,.T.);
#3527=ADVANCED_FACE('',(#297),#3369,.T.);
#3528=ADVANCED_FACE('',(#298),#121,.T.);
#3529=ADVANCED_FACE('',(#299),#122,.T.);
#3530=ADVANCED_FACE('',(#300),#123,.T.);
#3531=ADVANCED_FACE('',(#301),#124,.T.);
#3532=ADVANCED_FACE('',(#302),#125,.F.);
#3533=ADVANCED_FACE('',(#303),#126,.F.);
#3534=ADVANCED_FACE('',(#304),#127,.F.);
#3535=ADVANCED_FACE('',(#305),#128,.F.);
#3536=ADVANCED_FACE('',(#306),#3370,.F.);
#3537=ADVANCED_FACE('',(#307),#129,.F.);
#3538=ADVANCED_FACE('',(#308),#130,.F.);
#3539=ADVANCED_FACE('',(#309),#3371,.F.);
#3540=ADVANCED_FACE('',(#310),#131,.T.);
#3541=ADVANCED_FACE('',(#311),#3372,.F.);
#3542=ADVANCED_FACE('',(#312),#132,.T.);
#3543=ADVANCED_FACE('',(#313),#3373,.F.);
#3544=ADVANCED_FACE('',(#314),#3374,.F.);
#3545=ADVANCED_FACE('',(#315),#133,.T.);
#3546=ADVANCED_FACE('',(#316),#3375,.F.);
#3547=ADVANCED_FACE('',(#317),#3376,.F.);
#3548=ADVANCED_FACE('',(#318),#134,.T.);
#3549=ADVANCED_FACE('',(#319),#3377,.F.);
#3550=ADVANCED_FACE('',(#320),#3378,.F.);
#3551=ADVANCED_FACE('',(#321),#135,.F.);
#3552=ADVANCED_FACE('',(#322),#3379,.F.);
#3553=ADVANCED_FACE('',(#323),#3380,.F.);
#3554=ADVANCED_FACE('',(#324),#136,.F.);
#3555=ADVANCED_FACE('',(#325),#137,.F.);
#3556=ADVANCED_FACE('',(#326),#3381,.F.);
#3557=ADVANCED_FACE('',(#327),#3382,.F.);
#3558=ADVANCED_FACE('',(#328),#138,.F.);
#3559=ADVANCED_FACE('',(#329),#3383,.F.);
#3560=ADVANCED_FACE('',(#330),#139,.F.);
#3561=ADVANCED_FACE('',(#331),#3384,.F.);
#3562=ADVANCED_FACE('',(#332),#140,.F.);
#3563=ADVANCED_FACE('',(#333),#141,.F.);
#3564=ADVANCED_FACE('',(#334),#3385,.F.);
#3565=ADVANCED_FACE('',(#335),#3386,.T.);
#3566=ADVANCED_FACE('',(#336),#142,.T.);
#3567=ADVANCED_FACE('',(#337),#3387,.T.);
#3568=ADVANCED_FACE('',(#338),#143,.T.);
#3569=ADVANCED_FACE('',(#339),#3388,.T.);
#3570=ADVANCED_FACE('',(#340),#144,.T.);
#3571=ADVANCED_FACE('',(#341),#3389,.T.);
#3572=ADVANCED_FACE('',(#342,#36,#37,#38),#145,.T.);
#3573=ADVANCED_FACE('',(#343),#3390,.T.);
#3574=ADVANCED_FACE('',(#344,#39,#40,#41,#42,#43),#146,.T.);
#3575=ADVANCED_FACE('',(#345),#3391,.T.);
#3576=ADVANCED_FACE('',(#346),#147,.T.);
#3577=ADVANCED_FACE('',(#347,#44,#45),#148,.F.);
#3578=ADVANCED_FACE('',(#348),#149,.T.);
#3579=CLOSED_SHELL('',(#3392,#3393,#3394,#3395,#3396,#3397,#3398,#3399,
#3400,#3401,#3402,#3403,#3404,#3405,#3406,#3407,#3408,#3409,#3410,#3411,
#3412,#3413,#3414,#3415,#3416,#3417,#3418,#3419,#3420,#3421,#3422,#3423,
#3424,#3425,#3426,#3427,#3428,#3429,#3430,#3431,#3432,#3433,#3434,#3435,
#3436,#3437,#3438,#3439,#3440,#3441,#3442,#3443,#3444,#3445,#3446,#3447,
#3448,#3449,#3450,#3451,#3452,#3453,#3454,#3455,#3456,#3457,#3458,#3459,
#3460,#3461,#3462,#3463,#3464,#3465,#3466,#3467,#3468,#3469,#3470,#3471,
#3472,#3473,#3474,#3475,#3476,#3477,#3478,#3479,#3480,#3481,#3482,#3483,
#3484,#3485,#3486,#3487,#3488,#3489,#3490,#3491,#3492,#3493,#3494,#3495,
#3496,#3497,#3498,#3499,#3500,#3501,#3502,#3503,#3504,#3505,#3506,#3507,
#3508,#3509,#3510,#3511,#3512,#3513,#3514,#3515,#3516,#3517,#3518,#3519,
#3520,#3521,#3522,#3523,#3524,#3525,#3526,#3527,#3528,#3529,#3530,#3531,
#3532,#3533,#3534,#3535,#3536,#3537,#3538,#3539,#3540,#3541,#3542,#3543,
#3544,#3545,#3546,#3547,#3548,#3549,#3550,#3551,#3552,#3553,#3554,#3555,
#3556,#3557,#3558,#3559,#3560,#3561,#3562,#3563,#3564,#3565,#3566,#3567,
#3568,#3569,#3570,#3571,#3572,#3573,#3574,#3575,#3576,#3577,#3578));
#3580=AXIS2_PLACEMENT_3D('',#4967,#3922,#3923);
#3581=AXIS2_PLACEMENT_3D('',#4968,#3924,#3925);
#3582=AXIS2_PLACEMENT_3D('',#4970,#3926,#3927);
#3583=AXIS2_PLACEMENT_3D('',#4973,#3929,#3930);
#3584=AXIS2_PLACEMENT_3D('',#4974,#3931,#3932);
#3585=AXIS2_PLACEMENT_3D('',#4976,#3933,#3934);
#3586=AXIS2_PLACEMENT_3D('',#4979,#3936,#3937);
#3587=AXIS2_PLACEMENT_3D('',#4980,#3938,#3939);
#3588=AXIS2_PLACEMENT_3D('',#4982,#3940,#3941);
#3589=AXIS2_PLACEMENT_3D('',#4985,#3943,#3944);
#3590=AXIS2_PLACEMENT_3D('',#4986,#3945,#3946);
#3591=AXIS2_PLACEMENT_3D('',#4988,#3947,#3948);
#3592=AXIS2_PLACEMENT_3D('',#4991,#3950,#3951);
#3593=AXIS2_PLACEMENT_3D('',#4992,#3952,#3953);
#3594=AXIS2_PLACEMENT_3D('',#4994,#3954,#3955);
#3595=AXIS2_PLACEMENT_3D('',#4997,#3957,#3958);
#3596=AXIS2_PLACEMENT_3D('',#4998,#3959,#3960);
#3597=AXIS2_PLACEMENT_3D('',#4999,#3961,#3962);
#3598=AXIS2_PLACEMENT_3D('',#5001,#3963,#3964);
#3599=AXIS2_PLACEMENT_3D('',#5004,#3966,#3967);
#3600=AXIS2_PLACEMENT_3D('',#5005,#3968,#3969);
#3601=AXIS2_PLACEMENT_3D('',#5006,#3970,#3971);
#3602=AXIS2_PLACEMENT_3D('',#5008,#3972,#3973);
#3603=AXIS2_PLACEMENT_3D('',#5011,#3975,#3976);
#3604=AXIS2_PLACEMENT_3D('',#5012,#3977,#3978);
#3605=AXIS2_PLACEMENT_3D('',#5013,#3979,#3980);
#3606=AXIS2_PLACEMENT_3D('',#5015,#3981,#3982);
#3607=AXIS2_PLACEMENT_3D('',#5018,#3984,#3985);
#3608=AXIS2_PLACEMENT_3D('',#5019,#3986,#3987);
#3609=AXIS2_PLACEMENT_3D('',#5020,#3988,#3989);
#3610=AXIS2_PLACEMENT_3D('',#5022,#3990,#3991);
#3611=AXIS2_PLACEMENT_3D('',#5025,#3993,#3994);
#3612=AXIS2_PLACEMENT_3D('',#5027,#3995,#3996);
#3613=AXIS2_PLACEMENT_3D('',#5029,#3998,#3999);
#3614=AXIS2_PLACEMENT_3D('',#5031,#4000,#4001);
#3615=AXIS2_PLACEMENT_3D('',#5034,#4003,#4004);
#3616=AXIS2_PLACEMENT_3D('',#5036,#4005,#4006);
#3617=AXIS2_PLACEMENT_3D('',#5038,#4008,#4009);
#3618=AXIS2_PLACEMENT_3D('',#5040,#4010,#4011);
#3619=AXIS2_PLACEMENT_3D('',#5043,#4013,#4014);
#3620=AXIS2_PLACEMENT_3D('',#5045,#4015,#4016);
#3621=AXIS2_PLACEMENT_3D('',#5047,#4018,#4019);
#3622=AXIS2_PLACEMENT_3D('',#5049,#4020,#4021);
#3623=AXIS2_PLACEMENT_3D('',#5052,#4023,#4024);
#3624=AXIS2_PLACEMENT_3D('',#5054,#4025,#4026);
#3625=AXIS2_PLACEMENT_3D('',#5056,#4028,#4029);
#3626=AXIS2_PLACEMENT_3D('',#5058,#4030,#4031);
#3627=AXIS2_PLACEMENT_3D('',#5061,#4033,#4034);
#3628=AXIS2_PLACEMENT_3D('',#5063,#4035,#4036);
#3629=AXIS2_PLACEMENT_3D('',#5065,#4038,#4039);
#3630=AXIS2_PLACEMENT_3D('',#5067,#4040,#4041);
#3631=AXIS2_PLACEMENT_3D('',#5070,#4043,#4044);
#3632=AXIS2_PLACEMENT_3D('',#5072,#4045,#4046);
#3633=AXIS2_PLACEMENT_3D('',#5074,#4048,#4049);
#3634=AXIS2_PLACEMENT_3D('',#5077,#4050,#4051);
#3635=AXIS2_PLACEMENT_3D('',#5081,#4053,#4054);
#3636=AXIS2_PLACEMENT_3D('',#5083,#4056,#4057);
#3637=AXIS2_PLACEMENT_3D('',#5089,#4061,#4062);
#3638=AXIS2_PLACEMENT_3D('',#5092,#4063,#4064);
#3639=AXIS2_PLACEMENT_3D('',#5096,#4066,#4067);
#3640=AXIS2_PLACEMENT_3D('',#5098,#4069,#4070);
#3641=AXIS2_PLACEMENT_3D('',#5113,#4078,#4079);
#3642=AXIS2_PLACEMENT_3D('',#5117,#4081,#4082);
#3643=AXIS2_PLACEMENT_3D('',#5121,#4084,#4085);
#3644=AXIS2_PLACEMENT_3D('',#5125,#4087,#4088);
#3645=AXIS2_PLACEMENT_3D('',#5133,#4092,#4093);
#3646=AXIS2_PLACEMENT_3D('',#5137,#4095,#4096);
#3647=AXIS2_PLACEMENT_3D('',#5141,#4098,#4099);
#3648=AXIS2_PLACEMENT_3D('',#5145,#4101,#4102);
#3649=AXIS2_PLACEMENT_3D('',#5159,#4109,#4110);
#3650=AXIS2_PLACEMENT_3D('',#5163,#4112,#4113);
#3651=AXIS2_PLACEMENT_3D('',#5169,#4116,#4117);
#3652=AXIS2_PLACEMENT_3D('',#5171,#4118,#4119);
#3653=AXIS2_PLACEMENT_3D('',#5173,#4120,#4121);
#3654=AXIS2_PLACEMENT_3D('',#5183,#4126,#4127);
#3655=AXIS2_PLACEMENT_3D('',#5187,#4129,#4130);
#3656=AXIS2_PLACEMENT_3D('',#5193,#4133,#4134);
#3657=AXIS2_PLACEMENT_3D('',#5199,#4137,#4138);
#3658=AXIS2_PLACEMENT_3D('',#5203,#4140,#4141);
#3659=AXIS2_PLACEMENT_3D('',#5215,#4147,#4148);
#3660=AXIS2_PLACEMENT_3D('',#5217,#4149,#4150);
#3661=AXIS2_PLACEMENT_3D('',#5219,#4151,#4152);
#3662=AXIS2_PLACEMENT_3D('',#5221,#4154,#4155);
#3663=AXIS2_PLACEMENT_3D('',#5225,#4158,#4159);
#3664=AXIS2_PLACEMENT_3D('',#5229,#4161,#4162);
#3665=AXIS2_PLACEMENT_3D('',#5231,#4164,#4165);
#3666=AXIS2_PLACEMENT_3D('',#5235,#4168,#4169);
#3667=AXIS2_PLACEMENT_3D('',#5237,#4170,#4171);
#3668=AXIS2_PLACEMENT_3D('',#5239,#4173,#4174);
#3669=AXIS2_PLACEMENT_3D('',#5243,#4177,#4178);
#3670=AXIS2_PLACEMENT_3D('',#5247,#4181,#4182);
#3671=AXIS2_PLACEMENT_3D('',#5249,#4184,#4185);
#3672=AXIS2_PLACEMENT_3D('',#5253,#4188,#4189);
#3673=AXIS2_PLACEMENT_3D('',#5269,#4198,#4199);
#3674=AXIS2_PLACEMENT_3D('',#5278,#4204,#4205);
#3675=AXIS2_PLACEMENT_3D('',#5282,#4207,#4208);
#3676=AXIS2_PLACEMENT_3D('',#5288,#4211,#4212);
#3677=AXIS2_PLACEMENT_3D('',#5292,#4214,#4215);
#3678=AXIS2_PLACEMENT_3D('',#5296,#4217,#4218);
#3679=AXIS2_PLACEMENT_3D('',#5300,#4220,#4221);
#3680=AXIS2_PLACEMENT_3D('',#5308,#4225,#4226);
#3681=AXIS2_PLACEMENT_3D('',#5320,#4232,#4233);
#3682=AXIS2_PLACEMENT_3D('',#5328,#4237,#4238);
#3683=AXIS2_PLACEMENT_3D('',#5332,#4240,#4241);
#3684=AXIS2_PLACEMENT_3D('',#5336,#4243,#4244);
#3685=AXIS2_PLACEMENT_3D('',#5339,#4246,#4247);
#3686=AXIS2_PLACEMENT_3D('',#5343,#4249,#4250);
#3687=AXIS2_PLACEMENT_3D('',#5347,#4252,#4253);
#3688=AXIS2_PLACEMENT_3D('',#5350,#4255,#4256);
#3689=AXIS2_PLACEMENT_3D('',#5352,#4257,#4258);
#3690=AXIS2_PLACEMENT_3D('',#5353,#4259,#4260);
#3691=AXIS2_PLACEMENT_3D('',#5355,#4262,#4263);
#3692=AXIS2_PLACEMENT_3D('',#5358,#4264,#4265);
#3693=AXIS2_PLACEMENT_3D('',#5362,#4267,#4268);
#3694=AXIS2_PLACEMENT_3D('',#5364,#4270,#4271);
#3695=AXIS2_PLACEMENT_3D('',#5368,#4273,#4274);
#3696=AXIS2_PLACEMENT_3D('',#5370,#4276,#4277);
#3697=AXIS2_PLACEMENT_3D('',#5374,#4280,#4281);
#3698=AXIS2_PLACEMENT_3D('',#5376,#4282,#4283);
#3699=AXIS2_PLACEMENT_3D('',#5378,#4285,#4286);
#3700=AXIS2_PLACEMENT_3D('',#5380,#4288,#4289);
#3701=AXIS2_PLACEMENT_3D('',#5389,#4294,#4295);
#3702=AXIS2_PLACEMENT_3D('',#5391,#4296,#4297);
#3703=AXIS2_PLACEMENT_3D('',#5394,#4299,#4300);
#3704=AXIS2_PLACEMENT_3D('',#5395,#4301,#4302);
#3705=AXIS2_PLACEMENT_3D('',#5397,#4303,#4304);
#3706=AXIS2_PLACEMENT_3D('',#5399,#4305,#4306);
#3707=AXIS2_PLACEMENT_3D('',#5401,#4308,#4309);
#3708=AXIS2_PLACEMENT_3D('',#5404,#4312,#4313);
#3709=AXIS2_PLACEMENT_3D('',#5413,#4318,#4319);
#3710=AXIS2_PLACEMENT_3D('',#5415,#4320,#4321);
#3711=AXIS2_PLACEMENT_3D('',#5418,#4323,#4324);
#3712=AXIS2_PLACEMENT_3D('',#5419,#4325,#4326);
#3713=AXIS2_PLACEMENT_3D('',#5425,#4330,#4331);
#3714=AXIS2_PLACEMENT_3D('',#5426,#4332,#4333);
#3715=AXIS2_PLACEMENT_3D('',#5427,#4334,#4335);
#3716=AXIS2_PLACEMENT_3D('',#5428,#4336,#4337);
#3717=AXIS2_PLACEMENT_3D('',#5431,#4338,#4339);
#3718=AXIS2_PLACEMENT_3D('',#5435,#4341,#4342);
#3719=AXIS2_PLACEMENT_3D('',#5437,#4344,#4345);
#3720=AXIS2_PLACEMENT_3D('',#5443,#4349,#4350);
#3721=AXIS2_PLACEMENT_3D('',#5445,#4351,#4352);
#3722=AXIS2_PLACEMENT_3D('',#5448,#4354,#4355);
#3723=AXIS2_PLACEMENT_3D('',#5449,#4356,#4357);
#3724=AXIS2_PLACEMENT_3D('',#5455,#4361,#4362);
#3725=AXIS2_PLACEMENT_3D('',#5457,#4363,#4364);
#3726=AXIS2_PLACEMENT_3D('',#5459,#4365,#4366);
#3727=AXIS2_PLACEMENT_3D('',#5461,#4368,#4369);
#3728=AXIS2_PLACEMENT_3D('',#5464,#4370,#4371);
#3729=AXIS2_PLACEMENT_3D('',#5468,#4373,#4374);
#3730=AXIS2_PLACEMENT_3D('',#5470,#4376,#4377);
#3731=AXIS2_PLACEMENT_3D('',#5473,#4380,#4381);
#3732=AXIS2_PLACEMENT_3D('',#5476,#4382,#4383);
#3733=AXIS2_PLACEMENT_3D('',#5480,#4385,#4386);
#3734=AXIS2_PLACEMENT_3D('',#5482,#4388,#4389);
#3735=AXIS2_PLACEMENT_3D('',#5488,#4393,#4394);
#3736=AXIS2_PLACEMENT_3D('',#5490,#4395,#4396);
#3737=AXIS2_PLACEMENT_3D('',#5493,#4398,#4399);
#3738=AXIS2_PLACEMENT_3D('',#5494,#4400,#4401);
#3739=AXIS2_PLACEMENT_3D('',#5498,#4405,#4406);
#3740=AXIS2_PLACEMENT_3D('',#5502,#4408,#4409);
#3741=AXIS2_PLACEMENT_3D('',#5504,#4411,#4412);
#3742=AXIS2_PLACEMENT_3D('',#5510,#4417,#4418);
#3743=AXIS2_PLACEMENT_3D('',#5512,#4419,#4420);
#3744=AXIS2_PLACEMENT_3D('',#5514,#4422,#4423);
#3745=AXIS2_PLACEMENT_3D('',#5518,#4425,#4426);
#3746=AXIS2_PLACEMENT_3D('',#5520,#4428,#4429);
#3747=AXIS2_PLACEMENT_3D('',#5523,#4431,#4432);
#3748=AXIS2_PLACEMENT_3D('',#5524,#4433,#4434);
#3749=AXIS2_PLACEMENT_3D('',#5528,#4436,#4437);
#3750=AXIS2_PLACEMENT_3D('',#5530,#4439,#4440);
#3751=AXIS2_PLACEMENT_3D('',#5534,#4443,#4444);
#3752=AXIS2_PLACEMENT_3D('',#5537,#4445,#4446);
#3753=AXIS2_PLACEMENT_3D('',#5540,#4449,#4450);
#3754=AXIS2_PLACEMENT_3D('',#5544,#4452,#4453);
#3755=AXIS2_PLACEMENT_3D('',#5548,#4455,#4456);
#3756=AXIS2_PLACEMENT_3D('',#5552,#4458,#4459);
#3757=AXIS2_PLACEMENT_3D('',#5556,#4461,#4462);
#3758=AXIS2_PLACEMENT_3D('',#5557,#4463,#4464);
#3759=AXIS2_PLACEMENT_3D('',#5559,#4466,#4467);
#3760=AXIS2_PLACEMENT_3D('',#5561,#4469,#4470);
#3761=AXIS2_PLACEMENT_3D('',#5564,#4471,#4472);
#3762=AXIS2_PLACEMENT_3D('',#5567,#4475,#4476);
#3763=AXIS2_PLACEMENT_3D('',#5571,#4479,#4480);
#3764=AXIS2_PLACEMENT_3D('',#5574,#4483,#4484);
#3765=AXIS2_PLACEMENT_3D('',#5575,#4485,#4486);
#3766=AXIS2_PLACEMENT_3D('',#5576,#4487,#4488);
#3767=AXIS2_PLACEMENT_3D('',#5577,#4489,#4490);
#3768=AXIS2_PLACEMENT_3D('',#5579,#4492,#4493);
#3769=AXIS2_PLACEMENT_3D('',#5582,#4496,#4497);
#3770=AXIS2_PLACEMENT_3D('',#5588,#4501,#4502);
#3771=AXIS2_PLACEMENT_3D('',#5590,#4503,#4504);
#3772=AXIS2_PLACEMENT_3D('',#5592,#4506,#4507);
#3773=AXIS2_PLACEMENT_3D('',#5596,#4510,#4511);
#3774=AXIS2_PLACEMENT_3D('',#5598,#4512,#4513);
#3775=AXIS2_PLACEMENT_3D('',#5600,#4515,#4516);
#3776=AXIS2_PLACEMENT_3D('',#5610,#4522,#4523);
#3777=AXIS2_PLACEMENT_3D('',#5611,#4524,#4525);
#3778=AXIS2_PLACEMENT_3D('',#5613,#4527,#4528);
#3779=AXIS2_PLACEMENT_3D('',#5616,#4529,#4530);
#3780=AXIS2_PLACEMENT_3D('',#5619,#4533,#4534);
#3781=AXIS2_PLACEMENT_3D('',#5623,#4537,#4538);
#3782=AXIS2_PLACEMENT_3D('',#5625,#4539,#4540);
#3783=AXIS2_PLACEMENT_3D('',#5627,#4542,#4543);
#3784=AXIS2_PLACEMENT_3D('',#5630,#4546,#4547);
#3785=AXIS2_PLACEMENT_3D('',#5633,#4548,#4549);
#3786=AXIS2_PLACEMENT_3D('',#5636,#4552,#4553);
#3787=AXIS2_PLACEMENT_3D('',#5641,#4556,#4557);
#3788=AXIS2_PLACEMENT_3D('',#5643,#4559,#4560);
#3789=AXIS2_PLACEMENT_3D('',#5644,#4561,#4562);
#3790=AXIS2_PLACEMENT_3D('',#5647,#4565,#4566);
#3791=AXIS2_PLACEMENT_3D('',#5648,#4567,#4568);
#3792=AXIS2_PLACEMENT_3D('',#5649,#4569,#4570);
#3793=AXIS2_PLACEMENT_3D('',#5650,#4571,#4572);
#3794=AXIS2_PLACEMENT_3D('',#5651,#4573,#4574);
#3795=AXIS2_PLACEMENT_3D('',#5653,#4576,#4577);
#3796=AXIS2_PLACEMENT_3D('',#5655,#4579,#4580);
#3797=AXIS2_PLACEMENT_3D('',#5656,#4581,#4582);
#3798=AXIS2_PLACEMENT_3D('',#5657,#4583,#4584);
#3799=AXIS2_PLACEMENT_3D('',#5659,#4586,#4587);
#3800=AXIS2_PLACEMENT_3D('',#5666,#4592,#4593);
#3801=AXIS2_PLACEMENT_3D('',#5669,#4595,#4596);
#3802=AXIS2_PLACEMENT_3D('',#5670,#4597,#4598);
#3803=AXIS2_PLACEMENT_3D('',#5673,#4600,#4601);
#3804=AXIS2_PLACEMENT_3D('',#5674,#4602,#4603);
#3805=AXIS2_PLACEMENT_3D('',#5677,#4606,#4607);
#3806=AXIS2_PLACEMENT_3D('',#5678,#4608,#4609);
#3807=AXIS2_PLACEMENT_3D('',#5679,#4610,#4611);
#3808=AXIS2_PLACEMENT_3D('',#5680,#4612,#4613);
#3809=AXIS2_PLACEMENT_3D('',#5681,#4614,#4615);
#3810=AXIS2_PLACEMENT_3D('',#5682,#4616,#4617);
#3811=AXIS2_PLACEMENT_3D('',#5684,#4619,#4620);
#3812=AXIS2_PLACEMENT_3D('',#5686,#4622,#4623);
#3813=AXIS2_PLACEMENT_3D('',#5687,#4624,#4625);
#3814=AXIS2_PLACEMENT_3D('',#5688,#4626,#4627);
#3815=AXIS2_PLACEMENT_3D('',#5697,#4632,#4633);
#3816=AXIS2_PLACEMENT_3D('',#5703,#4637,#4638);
#3817=AXIS2_PLACEMENT_3D('',#5714,#4645,#4646);
#3818=AXIS2_PLACEMENT_3D('',#5720,#4650,#4651);
#3819=AXIS2_PLACEMENT_3D('',#5727,#4656,#4657);
#3820=AXIS2_PLACEMENT_3D('',#5730,#4660,#4661);
#3821=AXIS2_PLACEMENT_3D('',#5731,#4662,#4663);
#3822=AXIS2_PLACEMENT_3D('',#5737,#4667,#4668);
#3823=AXIS2_PLACEMENT_3D('',#5743,#4672,#4673);
#3824=AXIS2_PLACEMENT_3D('',#5745,#4674,#4675);
#3825=AXIS2_PLACEMENT_3D('',#5747,#4677,#4678);
#3826=AXIS2_PLACEMENT_3D('',#5751,#4681,#4682);
#3827=AXIS2_PLACEMENT_3D('',#5753,#4683,#4684);
#3828=AXIS2_PLACEMENT_3D('',#5754,#4685,#4686);
#3829=AXIS2_PLACEMENT_3D('',#5763,#4691,#4692);
#3830=AXIS2_PLACEMENT_3D('',#5773,#4698,#4699);
#3831=AXIS2_PLACEMENT_3D('',#5783,#4705,#4706);
#3832=AXIS2_PLACEMENT_3D('',#5785,#4707,#4708);
#3833=AXIS2_PLACEMENT_3D('',#5787,#4710,#4711);
#3834=AXIS2_PLACEMENT_3D('',#5788,#4712,#4713);
#3835=AXIS2_PLACEMENT_3D('',#5797,#4718,#4719);
#3836=AXIS2_PLACEMENT_3D('',#5800,#4720,#4721);
#3837=AXIS2_PLACEMENT_3D('',#5804,#4724,#4725);
#3838=AXIS2_PLACEMENT_3D('',#5806,#4726,#4727);
#3839=AXIS2_PLACEMENT_3D('',#5808,#4729,#4730);
#3840=AXIS2_PLACEMENT_3D('',#5811,#4732,#4733);
#3841=AXIS2_PLACEMENT_3D('',#5812,#4734,#4735);
#3842=AXIS2_PLACEMENT_3D('',#5816,#4738,#4739);
#3843=AXIS2_PLACEMENT_3D('',#5818,#4741,#4742);
#3844=AXIS2_PLACEMENT_3D('',#5826,#4747,#4748);
#3845=AXIS2_PLACEMENT_3D('',#5834,#4753,#4754);
#3846=AXIS2_PLACEMENT_3D('',#5837,#4755,#4756);
#3847=AXIS2_PLACEMENT_3D('',#5840,#4759,#4760);
#3848=AXIS2_PLACEMENT_3D('',#5844,#4763,#4764);
#3849=AXIS2_PLACEMENT_3D('',#5850,#4768,#4769);
#3850=AXIS2_PLACEMENT_3D('',#5854,#4772,#4773);
#3851=AXIS2_PLACEMENT_3D('',#5855,#4774,#4775);
#3852=AXIS2_PLACEMENT_3D('',#5856,#4776,#4777);
#3853=AXIS2_PLACEMENT_3D('',#5862,#4781,#4782);
#3854=AXIS2_PLACEMENT_3D('',#5863,#4783,#4784);
#3855=AXIS2_PLACEMENT_3D('',#5864,#4785,#4786);
#3856=AXIS2_PLACEMENT_3D('',#5865,#4787,#4788);
#3857=AXIS2_PLACEMENT_3D('',#5866,#4789,#4790);
#3858=AXIS2_PLACEMENT_3D('',#5872,#4794,#4795);
#3859=AXIS2_PLACEMENT_3D('',#5873,#4796,#4797);
#3860=AXIS2_PLACEMENT_3D('',#5874,#4798,#4799);
#3861=AXIS2_PLACEMENT_3D('',#5880,#4803,#4804);
#3862=AXIS2_PLACEMENT_3D('',#5881,#4805,#4806);
#3863=AXIS2_PLACEMENT_3D('',#5882,#4807,#4808);
#3864=AXIS2_PLACEMENT_3D('',#5885,#4810,#4811);
#3865=AXIS2_PLACEMENT_3D('',#5886,#4812,#4813);
#3866=AXIS2_PLACEMENT_3D('',#5890,#4816,#4817);
#3867=AXIS2_PLACEMENT_3D('',#5891,#4818,#4819);
#3868=AXIS2_PLACEMENT_3D('',#5892,#4820,#4821);
#3869=AXIS2_PLACEMENT_3D('',#5895,#4823,#4824);
#3870=AXIS2_PLACEMENT_3D('',#5896,#4825,#4826);
#3871=AXIS2_PLACEMENT_3D('',#5900,#4829,#4830);
#3872=AXIS2_PLACEMENT_3D('',#5901,#4831,#4832);
#3873=AXIS2_PLACEMENT_3D('',#5902,#4833,#4834);
#3874=AXIS2_PLACEMENT_3D('',#5904,#4835,#4836);
#3875=AXIS2_PLACEMENT_3D('',#5906,#4838,#4839);
#3876=AXIS2_PLACEMENT_3D('',#5910,#4842,#4843);
#3877=AXIS2_PLACEMENT_3D('',#5911,#4844,#4845);
#3878=AXIS2_PLACEMENT_3D('',#5912,#4846,#4847);
#3879=AXIS2_PLACEMENT_3D('',#5914,#4848,#4849);
#3880=AXIS2_PLACEMENT_3D('',#5916,#4851,#4852);
#3881=AXIS2_PLACEMENT_3D('',#5920,#4855,#4856);
#3882=AXIS2_PLACEMENT_3D('',#5921,#4857,#4858);
#3883=AXIS2_PLACEMENT_3D('',#5922,#4859,#4860);
#3884=AXIS2_PLACEMENT_3D('',#5923,#4861,#4862);
#3885=AXIS2_PLACEMENT_3D('',#5926,#4863,#4864);
#3886=AXIS2_PLACEMENT_3D('',#5929,#4867,#4868);
#3887=AXIS2_PLACEMENT_3D('',#5933,#4871,#4872);
#3888=AXIS2_PLACEMENT_3D('',#5935,#4873,#4874);
#3889=AXIS2_PLACEMENT_3D('',#5937,#4876,#4877);
#3890=AXIS2_PLACEMENT_3D('',#5941,#4880,#4881);
#3891=AXIS2_PLACEMENT_3D('',#5942,#4882,#4883);
#3892=AXIS2_PLACEMENT_3D('',#5943,#4884,#4885);
#3893=AXIS2_PLACEMENT_3D('',#5947,#4888,#4889);
#3894=AXIS2_PLACEMENT_3D('',#5948,#4890,#4891);
#3895=AXIS2_PLACEMENT_3D('',#5949,#4892,#4893);
#3896=AXIS2_PLACEMENT_3D('',#5950,#4894,#4895);
#3897=AXIS2_PLACEMENT_3D('',#5953,#4896,#4897);
#3898=AXIS2_PLACEMENT_3D('',#5957,#4899,#4900);
#3899=AXIS2_PLACEMENT_3D('',#5959,#4902,#4903);
#3900=AXIS2_PLACEMENT_3D('',#5965,#4907,#4908);
#3901=AXIS2_PLACEMENT_3D('',#5967,#4909,#4910);
#3902=AXIS2_PLACEMENT_3D('',#5969,#4911,#4912);
#3903=AXIS2_PLACEMENT_3D('',#5971,#4914,#4915);
#3904=AXIS2_PLACEMENT_3D('',#5977,#4919,#4920);
#3905=AXIS2_PLACEMENT_3D('',#5978,#4921,#4922);
#3906=AXIS2_PLACEMENT_3D('',#5979,#4923,#4924);
#3907=AXIS2_PLACEMENT_3D('',#5980,#4925,#4926);
#3908=AXIS2_PLACEMENT_3D('',#5986,#4930,#4931);
#3909=AXIS2_PLACEMENT_3D('',#5987,#4932,#4933);
#3910=AXIS2_PLACEMENT_3D('',#5988,#4934,#4935);
#3911=AXIS2_PLACEMENT_3D('',#5989,#4936,#4937);
#3912=AXIS2_PLACEMENT_3D('',#5991,#4938,#4939);
#3913=AXIS2_PLACEMENT_3D('',#5995,#4942,#4943);
#3914=AXIS2_PLACEMENT_3D('',#5996,#4944,#4945);
#3915=AXIS2_PLACEMENT_3D('',#5999,#4947,#4948);
#3916=AXIS2_PLACEMENT_3D('',#6000,#4949,#4950);
#3917=AXIS2_PLACEMENT_3D('',#6002,#4951,#4952);
#3918=AXIS2_PLACEMENT_3D('',#6008,#4956,#4957);
#3919=AXIS2_PLACEMENT_3D('',#6010,#4959,#4960);
#3920=AXIS2_PLACEMENT_3D('',#6012,#4962,#4963);
#3921=AXIS2_PLACEMENT_3D('',#6014,#4965,#4966);
#3922=DIRECTION('axis',(0.,0.,1.));
#3923=DIRECTION('refdir',(1.,0.,0.));
#3924=DIRECTION('center_axis',(0.,1.,0.));
#3925=DIRECTION('ref_axis',(1.,0.,0.));
#3926=DIRECTION('center_axis',(0.,1.,0.));
#3927=DIRECTION('ref_axis',(1.,0.,0.));
#3928=DIRECTION('',(0.,1.,0.));
#3929=DIRECTION('center_axis',(0.,-1.,0.));
#3930=DIRECTION('ref_axis',(1.,0.,0.));
#3931=DIRECTION('center_axis',(0.,1.,0.));
#3932=DIRECTION('ref_axis',(1.,0.,0.));
#3933=DIRECTION('center_axis',(0.,1.,0.));
#3934=DIRECTION('ref_axis',(1.,0.,0.));
#3935=DIRECTION('',(0.,1.,0.));
#3936=DIRECTION('center_axis',(0.,-1.,0.));
#3937=DIRECTION('ref_axis',(1.,0.,0.));
#3938=DIRECTION('center_axis',(0.,1.,0.));
#3939=DIRECTION('ref_axis',(1.,0.,0.));
#3940=DIRECTION('center_axis',(0.,1.,0.));
#3941=DIRECTION('ref_axis',(1.,0.,0.));
#3942=DIRECTION('',(0.,1.,0.));
#3943=DIRECTION('center_axis',(0.,-1.,0.));
#3944=DIRECTION('ref_axis',(1.,0.,0.));
#3945=DIRECTION('center_axis',(0.,1.,0.));
#3946=DIRECTION('ref_axis',(1.,0.,0.));
#3947=DIRECTION('center_axis',(0.,1.,0.));
#3948=DIRECTION('ref_axis',(1.,0.,0.));
#3949=DIRECTION('',(0.,1.,0.));
#3950=DIRECTION('center_axis',(0.,-1.,0.));
#3951=DIRECTION('ref_axis',(1.,0.,0.));
#3952=DIRECTION('center_axis',(0.,-1.,0.));
#3953=DIRECTION('ref_axis',(1.,0.,0.));
#3954=DIRECTION('center_axis',(0.,-1.,0.));
#3955=DIRECTION('ref_axis',(1.,0.,0.));
#3956=DIRECTION('',(0.,-1.,0.));
#3957=DIRECTION('center_axis',(-1.1206362147082E-17,0.987688340595138,0.156434465040231));
#3958=DIRECTION('ref_axis',(0.,-0.156434465040231,0.987688340595138));
#3959=DIRECTION('center_axis',(0.,1.,0.));
#3960=DIRECTION('ref_axis',(0.,0.,1.));
#3961=DIRECTION('center_axis',(0.,-1.,0.));
#3962=DIRECTION('ref_axis',(1.,0.,0.));
#3963=DIRECTION('center_axis',(0.,-1.,0.));
#3964=DIRECTION('ref_axis',(1.,0.,0.));
#3965=DIRECTION('',(0.,-1.,0.));
#3966=DIRECTION('center_axis',(1.07706754967266E-17,0.987688340595138,-0.156434465040231));
#3967=DIRECTION('ref_axis',(0.,0.156434465040231,0.987688340595138));
#3968=DIRECTION('center_axis',(0.,1.,0.));
#3969=DIRECTION('ref_axis',(0.,0.,1.));
#3970=DIRECTION('center_axis',(0.,-1.,0.));
#3971=DIRECTION('ref_axis',(1.,0.,0.));
#3972=DIRECTION('center_axis',(0.,-1.,0.));
#3973=DIRECTION('ref_axis',(1.,0.,0.));
#3974=DIRECTION('',(0.,-1.,0.));
#3975=DIRECTION('center_axis',(-1.1206362147082E-17,0.987688340595138,0.156434465040231));
#3976=DIRECTION('ref_axis',(0.,-0.156434465040231,0.987688340595138));
#3977=DIRECTION('center_axis',(0.,1.,0.));
#3978=DIRECTION('ref_axis',(0.,0.,1.));
#3979=DIRECTION('center_axis',(0.,-1.,0.));
#3980=DIRECTION('ref_axis',(1.,0.,0.));
#3981=DIRECTION('center_axis',(0.,-1.,0.));
#3982=DIRECTION('ref_axis',(1.,0.,0.));
#3983=DIRECTION('',(0.,-1.,0.));
#3984=DIRECTION('center_axis',(1.07706754967266E-17,0.987688340595138,-0.156434465040231));
#3985=DIRECTION('ref_axis',(0.,0.156434465040231,0.987688340595138));
#3986=DIRECTION('center_axis',(0.,1.,0.));
#3987=DIRECTION('ref_axis',(0.,0.,1.));
#3988=DIRECTION('center_axis',(0.,1.,0.));
#3989=DIRECTION('ref_axis',(0.,0.,1.));
#3990=DIRECTION('center_axis',(0.,-1.,0.));
#3991=DIRECTION('ref_axis',(0.,0.,1.));
#3992=DIRECTION('',(-1.04972719113862E-16,-0.515038074910054,0.857167300702112));
#3993=DIRECTION('center_axis',(0.,-1.,0.));
#3994=DIRECTION('ref_axis',(0.,0.,1.));
#3995=DIRECTION('center_axis',(0.,-1.,0.));
#3996=DIRECTION('ref_axis',(0.,0.,1.));
#3997=DIRECTION('',(0.,-1.,0.));
#3998=DIRECTION('center_axis',(0.,1.,0.));
#3999=DIRECTION('ref_axis',(0.,0.,1.));
#4000=DIRECTION('center_axis',(0.,-1.,0.));
#4001=DIRECTION('ref_axis',(0.,0.,1.));
#4002=DIRECTION('',(-1.04972719113862E-16,-0.515038074910054,0.857167300702112));
#4003=DIRECTION('center_axis',(0.,-1.,0.));
#4004=DIRECTION('ref_axis',(0.,0.,1.));
#4005=DIRECTION('center_axis',(0.,-1.,0.));
#4006=DIRECTION('ref_axis',(0.,0.,1.));
#4007=DIRECTION('',(0.,-1.,0.));
#4008=DIRECTION('center_axis',(0.,1.,0.));
#4009=DIRECTION('ref_axis',(0.,0.,1.));
#4010=DIRECTION('center_axis',(0.,-1.,0.));
#4011=DIRECTION('ref_axis',(0.,0.,1.));
#4012=DIRECTION('',(-1.04972719113862E-16,-0.515038074910054,0.857167300702112));
#4013=DIRECTION('center_axis',(0.,-1.,0.));
#4014=DIRECTION('ref_axis',(0.,0.,1.));
#4015=DIRECTION('center_axis',(0.,-1.,0.));
#4016=DIRECTION('ref_axis',(0.,0.,1.));
#4017=DIRECTION('',(0.,-1.,0.));
#4018=DIRECTION('center_axis',(0.,1.,0.));
#4019=DIRECTION('ref_axis',(0.,0.,1.));
#4020=DIRECTION('center_axis',(0.,-1.,0.));
#4021=DIRECTION('ref_axis',(0.,0.,1.));
#4022=DIRECTION('',(-1.04972719113862E-16,-0.515038074910054,0.857167300702112));
#4023=DIRECTION('center_axis',(0.,-1.,0.));
#4024=DIRECTION('ref_axis',(0.,0.,1.));
#4025=DIRECTION('center_axis',(0.,-1.,0.));
#4026=DIRECTION('ref_axis',(0.,0.,1.));
#4027=DIRECTION('',(0.,-1.,0.));
#4028=DIRECTION('center_axis',(0.,1.,0.));
#4029=DIRECTION('ref_axis',(0.,0.,1.));
#4030=DIRECTION('center_axis',(0.,-1.,0.));
#4031=DIRECTION('ref_axis',(0.,0.,1.));
#4032=DIRECTION('',(-1.04972719113862E-16,-0.515038074910054,0.857167300702112));
#4033=DIRECTION('center_axis',(0.,-1.,0.));
#4034=DIRECTION('ref_axis',(0.,0.,1.));
#4035=DIRECTION('center_axis',(0.,-1.,0.));
#4036=DIRECTION('ref_axis',(0.,0.,1.));
#4037=DIRECTION('',(0.,-1.,0.));
#4038=DIRECTION('center_axis',(0.,1.,0.));
#4039=DIRECTION('ref_axis',(0.,0.,1.));
#4040=DIRECTION('center_axis',(0.,-1.,0.));
#4041=DIRECTION('ref_axis',(0.,0.,1.));
#4042=DIRECTION('',(-1.04972719113862E-16,-0.515038074910054,0.857167300702112));
#4043=DIRECTION('center_axis',(0.,-1.,0.));
#4044=DIRECTION('ref_axis',(0.,0.,1.));
#4045=DIRECTION('center_axis',(0.,-1.,0.));
#4046=DIRECTION('ref_axis',(0.,0.,1.));
#4047=DIRECTION('',(0.,-1.,0.));
#4048=DIRECTION('center_axis',(0.,-1.,0.));
#4049=DIRECTION('ref_axis',(0.600924577230452,0.,-0.799305731544821));
#4050=DIRECTION('center_axis',(0.,1.,0.));
#4051=DIRECTION('ref_axis',(0.600924577230452,0.,-0.799305731544821));
#4052=DIRECTION('',(0.,1.,0.));
#4053=DIRECTION('center_axis',(0.,1.,0.));
#4054=DIRECTION('ref_axis',(0.600924577230452,0.,-0.799305731544821));
#4055=DIRECTION('',(0.,-1.,0.));
#4056=DIRECTION('center_axis',(0.990112346557929,0.,-0.140276659475307));
#4057=DIRECTION('ref_axis',(0.140276659475307,0.,0.990112346557929));
#4058=DIRECTION('',(0.140276659475307,0.,0.990112346557929));
#4059=DIRECTION('',(0.,-1.,0.));
#4060=DIRECTION('',(0.140276659475307,0.,0.990112346557929));
#4061=DIRECTION('center_axis',(0.,-1.,0.));
#4062=DIRECTION('ref_axis',(-0.799305731544824,0.,-0.600924577230449));
#4063=DIRECTION('center_axis',(0.,1.,0.));
#4064=DIRECTION('ref_axis',(-0.799305731544824,0.,-0.600924577230449));
#4065=DIRECTION('',(0.,1.,0.));
#4066=DIRECTION('center_axis',(0.,1.,0.));
#4067=DIRECTION('ref_axis',(-0.799305731544824,0.,-0.600924577230449));
#4068=DIRECTION('',(0.,-1.,0.));
#4069=DIRECTION('center_axis',(0.,1.,0.));
#4070=DIRECTION('ref_axis',(1.,0.,0.));
#4071=DIRECTION('',(0.990112346557929,0.,-0.14027665947531));
#4072=DIRECTION('',(-0.14027665947531,0.,-0.990112346557929));
#4073=DIRECTION('',(-0.990112346557928,0.,0.140276659475312));
#4074=DIRECTION('',(1.,0.,0.));
#4075=DIRECTION('',(0.,0.,1.));
#4076=DIRECTION('',(1.,0.,0.));
#4077=DIRECTION('',(0.,0.,-1.));
#4078=DIRECTION('center_axis',(0.,1.,0.));
#4079=DIRECTION('ref_axis',(-0.707106781186547,0.,-0.707106781186547));
#4080=DIRECTION('',(1.,0.,0.));
#4081=DIRECTION('center_axis',(0.,1.,0.));
#4082=DIRECTION('ref_axis',(0.707106781186549,0.,-0.707106781186546));
#4083=DIRECTION('',(0.,0.,1.));
#4084=DIRECTION('center_axis',(0.,1.,0.));
#4085=DIRECTION('ref_axis',(0.707106781186548,0.,0.707106781186547));
#4086=DIRECTION('',(-1.,0.,3.35648821398303E-16));
#4087=DIRECTION('center_axis',(0.,1.,0.));
#4088=DIRECTION('ref_axis',(-0.707106781186547,0.,0.707106781186547));
#4089=DIRECTION('',(0.,0.,-1.));
#4090=DIRECTION('',(-1.,0.,1.90323684095356E-16));
#4091=DIRECTION('',(0.,0.,1.));
#4092=DIRECTION('center_axis',(0.,1.,0.));
#4093=DIRECTION('ref_axis',(0.707106781186547,0.,0.707106781186547));
#4094=DIRECTION('',(-1.,0.,-3.09828106373014E-16));
#4095=DIRECTION('center_axis',(0.,1.,0.));
#4096=DIRECTION('ref_axis',(-0.707106781186548,0.,0.707106781186547));
#4097=DIRECTION('',(0.,0.,-1.));
#4098=DIRECTION('center_axis',(0.,1.,0.));
#4099=DIRECTION('ref_axis',(-0.707106781186549,0.,-0.707106781186546));
#4100=DIRECTION('',(1.,0.,0.));
#4101=DIRECTION('center_axis',(0.,1.,0.));
#4102=DIRECTION('ref_axis',(0.707106781186547,0.,-0.707106781186547));
#4103=DIRECTION('',(0.,0.,1.));
#4104=DIRECTION('',(1.,0.,0.));
#4105=DIRECTION('',(0.,0.,-1.));
#4106=DIRECTION('',(1.,0.,0.));
#4107=DIRECTION('',(-0.990112346557931,0.,-0.140276659475292));
#4108=DIRECTION('',(-0.140276659475375,0.,0.990112346557919));
#4109=DIRECTION('center_axis',(0.,1.,0.));
#4110=DIRECTION('ref_axis',(0.799305731544848,0.,-0.600924577230417));
#4111=DIRECTION('',(0.990112346557927,0.,0.140276659475323));
#4112=DIRECTION('center_axis',(0.,1.,0.));
#4113=DIRECTION('ref_axis',(-0.600924577230438,0.,-0.799305731544832));
#4114=DIRECTION('',(0.140276659475331,0.,-0.990112346557926));
#4115=DIRECTION('',(-0.990112346557931,0.,-0.140276659475292));
#4116=DIRECTION('center_axis',(0.,1.,0.));
#4117=DIRECTION('ref_axis',(-0.140276659475293,0.,0.990112346557931));
#4118=DIRECTION('center_axis',(0.,-1.,0.));
#4119=DIRECTION('ref_axis',(1.,0.,0.));
#4120=DIRECTION('center_axis',(0.,1.,0.));
#4121=DIRECTION('ref_axis',(0.505008472252673,0.,-0.863114385787319));
#4122=DIRECTION('',(-1.,0.,-1.48639279112604E-15));
#4123=DIRECTION('',(0.,0.,1.));
#4124=DIRECTION('',(1.,0.,1.16007304512967E-16));
#4125=DIRECTION('',(-4.21761679139266E-15,0.,1.));
#4126=DIRECTION('center_axis',(0.,1.,0.));
#4127=DIRECTION('ref_axis',(-0.755075049076355,0.,0.655638368509912));
#4128=DIRECTION('',(0.990112346557929,0.,0.140276659475311));
#4129=DIRECTION('center_axis',(0.,1.,0.));
#4130=DIRECTION('ref_axis',(-0.070312351127208,0.,0.9975250238861));
#4131=DIRECTION('',(1.,0.,1.03302805765865E-15));
#4132=DIRECTION('',(0.,0.,-1.));
#4133=DIRECTION('center_axis',(0.,-1.,0.));
#4134=DIRECTION('ref_axis',(1.,0.,0.));
#4135=DIRECTION('',(0.,0.,1.));
#4136=DIRECTION('',(1.,0.,1.03302805765865E-15));
#4137=DIRECTION('center_axis',(0.,1.,0.));
#4138=DIRECTION('ref_axis',(0.0703123511272069,0.,0.9975250238861));
#4139=DIRECTION('',(0.990112346557929,0.,-0.140276659475311));
#4140=DIRECTION('center_axis',(0.,1.,0.));
#4141=DIRECTION('ref_axis',(0.755075049076352,0.,0.655638368509916));
#4142=DIRECTION('',(-4.21761679139266E-15,0.,-1.));
#4143=DIRECTION('',(1.,0.,0.));
#4144=DIRECTION('',(0.,0.,1.));
#4145=DIRECTION('',(-0.999998126853092,0.,0.00193553359768839));
#4146=DIRECTION('',(-1.,0.,0.));
#4147=DIRECTION('center_axis',(0.,1.,0.));
#4148=DIRECTION('ref_axis',(-0.505008472252675,0.,-0.863114385787318));
#4149=DIRECTION('center_axis',(0.,-1.,0.));
#4150=DIRECTION('ref_axis',(1.,0.,0.));
#4151=DIRECTION('center_axis',(0.,1.,0.));
#4152=DIRECTION('ref_axis',(0.140276659475313,0.,0.990112346557928));
#4153=DIRECTION('',(-0.990112346557928,0.,0.140276659475312));
#4154=DIRECTION('center_axis',(-0.990112346557929,0.,0.14027665947531));
#4155=DIRECTION('ref_axis',(-0.14027665947531,0.,-0.990112346557929));
#4156=DIRECTION('',(-0.14027665947531,0.,-0.990112346557929));
#4157=DIRECTION('',(0.,1.,0.));
#4158=DIRECTION('center_axis',(0.,-1.,0.));
#4159=DIRECTION('ref_axis',(0.799305731544848,0.,-0.600924577230417));
#4160=DIRECTION('',(0.,1.,0.));
#4161=DIRECTION('center_axis',(0.,1.,0.));
#4162=DIRECTION('ref_axis',(0.799305731544848,0.,-0.600924577230417));
#4163=DIRECTION('',(0.,-1.,0.));
#4164=DIRECTION('center_axis',(0.140276659475323,0.,-0.990112346557927));
#4165=DIRECTION('ref_axis',(0.990112346557927,0.,0.140276659475323));
#4166=DIRECTION('',(0.990112346557927,0.,0.140276659475323));
#4167=DIRECTION('',(0.,1.,0.));
#4168=DIRECTION('center_axis',(0.,-1.,0.));
#4169=DIRECTION('ref_axis',(-0.600924577230438,0.,-0.799305731544832));
#4170=DIRECTION('center_axis',(0.,1.,0.));
#4171=DIRECTION('ref_axis',(-0.600924577230438,0.,-0.799305731544832));
#4172=DIRECTION('',(0.,-1.,0.));
#4173=DIRECTION('center_axis',(-0.990112346557926,0.,-0.140276659475331));
#4174=DIRECTION('ref_axis',(0.140276659475331,0.,-0.990112346557926));
#4175=DIRECTION('',(0.140276659475331,0.,-0.990112346557926));
#4176=DIRECTION('',(0.,1.,0.));
#4177=DIRECTION('center_axis',(0.990112346557919,0.,0.140276659475375));
#4178=DIRECTION('ref_axis',(-0.140276659475375,0.,0.990112346557919));
#4179=DIRECTION('',(0.,-1.,0.));
#4180=DIRECTION('',(-0.140276659475375,0.,0.990112346557919));
#4181=DIRECTION('center_axis',(-0.14027665947531,0.,-0.990112346557929));
#4182=DIRECTION('ref_axis',(0.990112346557929,0.,-0.14027665947531));
#4183=DIRECTION('',(0.990112346557929,0.,-0.14027665947531));
#4184=DIRECTION('center_axis',(-0.140276659475292,0.,0.990112346557931));
#4185=DIRECTION('ref_axis',(0.990112346557931,0.,0.140276659475292));
#4186=DIRECTION('',(0.,1.,0.));
#4187=DIRECTION('',(-0.990112346557931,0.,-0.140276659475292));
#4188=DIRECTION('center_axis',(-0.140276659475292,0.,0.990112346557931));
#4189=DIRECTION('ref_axis',(0.990112346557931,0.,0.140276659475292));
#4190=DIRECTION('',(-0.990112346557931,0.,-0.140276659475292));
#4191=DIRECTION('',(0.,-1.,0.));
#4192=DIRECTION('',(-0.990112346557931,0.,-0.140276659475292));
#4193=DIRECTION('',(0.,1.,0.));
#4194=DIRECTION('',(-0.990112346557931,0.,-0.140276659475292));
#4195=DIRECTION('',(0.,1.,0.));
#4196=DIRECTION('',(0.990112346557931,0.,0.140276659475292));
#4197=DIRECTION('',(0.,1.,0.));
#4198=DIRECTION('center_axis',(0.,1.,0.));
#4199=DIRECTION('ref_axis',(1.,0.,0.));
#4200=DIRECTION('',(-1.,0.,-3.54164198037956E-15));
#4201=DIRECTION('',(-0.990112346557928,0.,0.140276659475312));
#4202=DIRECTION('',(-0.990112346557928,0.,0.140276659475312));
#4203=DIRECTION('',(-0.140276659475315,0.,-0.990112346557928));
#4204=DIRECTION('center_axis',(0.,1.,0.));
#4205=DIRECTION('ref_axis',(-0.799305731544828,0.,-0.600924577230444));
#4206=DIRECTION('',(0.990112346557928,0.,-0.140276659475312));
#4207=DIRECTION('center_axis',(0.,1.,0.));
#4208=DIRECTION('ref_axis',(0.600924577230446,0.,-0.799305731544826));
#4209=DIRECTION('',(0.140276659475311,0.,0.990112346557929));
#4210=DIRECTION('',(-0.990112346557928,0.,0.140276659475312));
#4211=DIRECTION('center_axis',(0.,1.,0.));
#4212=DIRECTION('ref_axis',(0.600924577230454,0.,-0.79930573154482));
#4213=DIRECTION('',(0.140276659475317,0.,0.990112346557928));
#4214=DIRECTION('center_axis',(0.,1.,0.));
#4215=DIRECTION('ref_axis',(1.,0.,0.));
#4216=DIRECTION('',(0.,0.,-1.));
#4217=DIRECTION('center_axis',(0.,1.,0.));
#4218=DIRECTION('ref_axis',(-0.707106781186554,0.,-0.707106781186541));
#4219=DIRECTION('',(-1.,0.,3.70349994004896E-14));
#4220=DIRECTION('center_axis',(0.,1.,0.));
#4221=DIRECTION('ref_axis',(0.707106781186538,0.,-0.707106781186557));
#4222=DIRECTION('',(0.,0.,-1.));
#4223=DIRECTION('',(-0.999998126853092,0.,0.00193553359768839));
#4224=DIRECTION('',(0.,0.,1.));
#4225=DIRECTION('center_axis',(0.,-1.,0.));
#4226=DIRECTION('ref_axis',(0.707106781186554,0.,-0.707106781186541));
#4227=DIRECTION('',(1.,0.,4.41086357881967E-15));
#4228=DIRECTION('',(0.,0.,-1.));
#4229=DIRECTION('',(0.999999850533971,0.,0.000546746774480943));
#4230=DIRECTION('',(0.,0.,1.));
#4231=DIRECTION('',(1.,0.,4.41086357881967E-15));
#4232=DIRECTION('center_axis',(0.,-1.,0.));
#4233=DIRECTION('ref_axis',(-0.707106781186545,0.,-0.70710678118655));
#4234=DIRECTION('',(0.,0.,-1.));
#4235=DIRECTION('',(-1.,0.,0.));
#4236=DIRECTION('',(0.,0.,1.));
#4237=DIRECTION('center_axis',(0.,1.,0.));
#4238=DIRECTION('ref_axis',(-0.707106781186551,0.,-0.707106781186544));
#4239=DIRECTION('',(-1.,0.,0.));
#4240=DIRECTION('center_axis',(0.,1.,0.));
#4241=DIRECTION('ref_axis',(0.707106781186541,0.,-0.707106781186554));
#4242=DIRECTION('',(0.,0.,1.));
#4243=DIRECTION('center_axis',(0.,1.,0.));
#4244=DIRECTION('ref_axis',(1.,0.,0.));
#4245=DIRECTION('',(0.140276659475308,0.,-0.990112346557929));
#4246=DIRECTION('center_axis',(0.,1.,0.));
#4247=DIRECTION('ref_axis',(-0.60092457723046,0.,-0.799305731544815));
#4248=DIRECTION('',(0.140276659475311,0.,-0.990112346557929));
#4249=DIRECTION('center_axis',(0.,1.,0.));
#4250=DIRECTION('ref_axis',(-0.600924577230452,0.,-0.799305731544821));
#4251=DIRECTION('',(0.990112346557929,0.,0.14027665947531));
#4252=DIRECTION('center_axis',(0.,1.,0.));
#4253=DIRECTION('ref_axis',(0.799305731544832,0.,-0.600924577230438));
#4254=DIRECTION('',(-0.140276659475312,0.,0.990112346557929));
#4255=DIRECTION('center_axis',(0.,-1.,0.));
#4256=DIRECTION('ref_axis',(1.,0.,0.));
#4257=DIRECTION('center_axis',(0.,-1.,0.));
#4258=DIRECTION('ref_axis',(1.,0.,0.));
#4259=DIRECTION('center_axis',(0.140276659475312,0.,0.990112346557928));
#4260=DIRECTION('ref_axis',(0.990112346557928,0.,-0.140276659475312));
#4261=DIRECTION('',(0.,1.,0.));
#4262=DIRECTION('center_axis',(0.,0.987688340595138,-0.15643446504023));
#4263=DIRECTION('ref_axis',(-0.707106781186547,-0.110615871041237,-0.69840112333371));
#4264=DIRECTION('center_axis',(0.,-0.987688340595138,0.15643446504023));
#4265=DIRECTION('ref_axis',(-0.707106781186547,0.110615871041237,0.698401123333711));
#4266=DIRECTION('',(0.,-0.987688340595138,0.15643446504023));
#4267=DIRECTION('center_axis',(-1.07706754967266E-17,-0.987688340595138,
0.156434465040231));
#4268=DIRECTION('ref_axis',(-0.707106781186547,0.110615871041237,0.698401123333711));
#4269=DIRECTION('',(0.,0.987688340595138,-0.15643446504023));
#4270=DIRECTION('center_axis',(0.,0.987688340595138,-0.15643446504023));
#4271=DIRECTION('ref_axis',(0.,0.15643446504023,0.987688340595138));
#4272=DIRECTION('',(-1.,0.,-6.77998783869736E-17));
#4273=DIRECTION('center_axis',(0.,-0.987688340595138,0.15643446504023));
#4274=DIRECTION('ref_axis',(0.707106781186547,-0.110615871041237,-0.698401123333711));
#4275=DIRECTION('',(1.,0.,6.77998783869736E-17));
#4276=DIRECTION('center_axis',(6.69651493765821E-17,-0.15643446504023,-0.987688340595138));
#4277=DIRECTION('ref_axis',(-1.,0.,-6.77998783869736E-17));
#4278=DIRECTION('',(-1.,1.62413289385819E-19,-6.78256021249143E-17));
#4279=DIRECTION('',(0.,-0.987688340595138,0.15643446504023));
#4280=DIRECTION('center_axis',(0.,0.987688340595138,-0.15643446504023));
#4281=DIRECTION('ref_axis',(0.707106781186547,0.110615871041237,0.698401123333711));
#4282=DIRECTION('center_axis',(-1.07706754967266E-17,-0.987688340595138,
0.156434465040231));
#4283=DIRECTION('ref_axis',(0.707106781186547,-0.110615871041237,-0.698401123333711));
#4284=DIRECTION('',(0.,0.987688340595138,-0.15643446504023));
#4285=DIRECTION('center_axis',(-6.69651493765821E-17,0.15643446504023,0.987688340595138));
#4286=DIRECTION('ref_axis',(1.,0.,6.77998783869736E-17));
#4287=DIRECTION('',(1.,-1.62413289385819E-19,6.78256021249143E-17));
#4288=DIRECTION('center_axis',(-6.69651493765821E-17,0.15643446504023,0.987688340595138));
#4289=DIRECTION('ref_axis',(1.,0.,6.77998783869736E-17));
#4290=DIRECTION('',(0.,-0.987688340595138,0.15643446504023));
#4291=DIRECTION('',(1.,0.,6.77998783869736E-17));
#4292=DIRECTION('',(0.,0.987688340595138,-0.15643446504023));
#4293=DIRECTION('',(1.,-1.62413289385819E-19,6.78256021249143E-17));
#4294=DIRECTION('center_axis',(0.,0.987688340595138,-0.15643446504023));
#4295=DIRECTION('ref_axis',(0.707106781186547,-0.110615871041237,-0.69840112333371));
#4296=DIRECTION('center_axis',(0.,-0.987688340595138,0.15643446504023));
#4297=DIRECTION('ref_axis',(0.707106781186547,-0.110615871041237,-0.69840112333371));
#4298=DIRECTION('',(0.,-0.987688340595138,0.15643446504023));
#4299=DIRECTION('center_axis',(-1.07706754967266E-17,-0.987688340595138,
0.156434465040231));
#4300=DIRECTION('ref_axis',(0.707106781186547,-0.110615871041237,-0.69840112333371));
#4301=DIRECTION('center_axis',(0.,0.987688340595138,-0.15643446504023));
#4302=DIRECTION('ref_axis',(-0.707106781186547,-0.110615871041237,-0.69840112333371));
#4303=DIRECTION('center_axis',(0.,-0.987688340595138,0.15643446504023));
#4304=DIRECTION('ref_axis',(-0.707106781186547,0.110615871041237,0.698401123333711));
#4305=DIRECTION('center_axis',(-1.07706754967266E-17,-0.987688340595138,
0.156434465040231));
#4306=DIRECTION('ref_axis',(-0.707106781186547,0.110615871041237,0.698401123333711));
#4307=DIRECTION('',(0.,0.987688340595138,-0.15643446504023));
#4308=DIRECTION('center_axis',(6.69651493765821E-17,-0.15643446504023,-0.987688340595138));
#4309=DIRECTION('ref_axis',(-1.,0.,-6.77998783869736E-17));
#4310=DIRECTION('',(-1.,0.,-6.77998783869736E-17));
#4311=DIRECTION('',(-1.,1.62413289385819E-19,-6.78256021249143E-17));
#4312=DIRECTION('center_axis',(6.69651493765821E-17,-0.156434465040238,
-0.987688340595137));
#4313=DIRECTION('ref_axis',(-1.,0.,-6.77998783869736E-17));
#4314=DIRECTION('',(0.,0.987688340595137,-0.156434465040238));
#4315=DIRECTION('',(-1.,1.62413289385819E-19,-6.78256021249143E-17));
#4316=DIRECTION('',(0.,-0.987688340595137,0.156434465040238));
#4317=DIRECTION('',(-1.,0.,-6.77998783869736E-17));
#4318=DIRECTION('center_axis',(0.,0.987688340595137,-0.156434465040238));
#4319=DIRECTION('ref_axis',(-0.707106781186546,0.110615871041243,0.698401123333711));
#4320=DIRECTION('center_axis',(0.,-0.987688340595137,0.156434465040238));
#4321=DIRECTION('ref_axis',(-0.707106781186546,0.110615871041243,0.698401123333711));
#4322=DIRECTION('',(0.,-0.987688340595137,0.156434465040238));
#4323=DIRECTION('center_axis',(-1.07706754967266E-17,-0.987688340595138,
0.156434465040231));
#4324=DIRECTION('ref_axis',(-0.707106781186546,0.110615871041243,0.698401123333711));
#4325=DIRECTION('center_axis',(-6.69651493765821E-17,0.156434465040238,
0.987688340595137));
#4326=DIRECTION('ref_axis',(1.,0.,6.77998783869736E-17));
#4327=DIRECTION('',(1.,0.,6.77998783869736E-17));
#4328=DIRECTION('',(0.,0.987688340595137,-0.156434465040238));
#4329=DIRECTION('',(1.,-1.62413289385819E-19,6.78256021249143E-17));
#4330=DIRECTION('center_axis',(0.,0.987688340595137,-0.156434465040238));
#4331=DIRECTION('ref_axis',(0.707106781186546,-0.110615871041242,-0.698401123333711));
#4332=DIRECTION('center_axis',(0.,-0.987688340595137,0.156434465040238));
#4333=DIRECTION('ref_axis',(0.707106781186546,-0.110615871041242,-0.698401123333711));
#4334=DIRECTION('center_axis',(-1.07706754967266E-17,-0.987688340595138,
0.156434465040231));
#4335=DIRECTION('ref_axis',(0.707106781186546,-0.110615871041242,-0.698401123333711));
#4336=DIRECTION('center_axis',(0.,0.,-1.));
#4337=DIRECTION('ref_axis',(0.707106781186548,0.707106781186547,0.));
#4338=DIRECTION('center_axis',(-3.54164198037956E-15,0.,1.));
#4339=DIRECTION('ref_axis',(0.707106781186548,0.707106781186547,0.));
#4340=DIRECTION('',(0.,0.,-1.));
#4341=DIRECTION('center_axis',(0.000546746774480943,-2.91433500404689E-16,
-0.999999850533971));
#4342=DIRECTION('ref_axis',(0.999999850533971,-2.08166786003349E-16,0.000546746774480943));
#4343=DIRECTION('',(0.,0.,1.));
#4344=DIRECTION('center_axis',(0.,1.,0.));
#4345=DIRECTION('ref_axis',(0.999999850533971,0.,0.000546746774481361));
#4346=DIRECTION('',(1.,0.,3.54164198037956E-15));
#4347=DIRECTION('',(0.,0.,1.));
#4348=DIRECTION('',(-0.999999850533971,0.,-0.000546746774480943));
#4349=DIRECTION('center_axis',(0.,0.,-1.));
#4350=DIRECTION('ref_axis',(-0.707106781186548,0.707106781186547,0.));
#4351=DIRECTION('center_axis',(-3.54164198037956E-15,0.,1.));
#4352=DIRECTION('ref_axis',(-0.707106781186548,0.707106781186547,0.));
#4353=DIRECTION('',(0.,0.,-1.));
#4354=DIRECTION('center_axis',(0.000546746774480943,-2.91433500404689E-16,
-0.999999850533971));
#4355=DIRECTION('ref_axis',(-0.999999850533971,-5.55111429342265E-16,-0.000546746774480943));
#4356=DIRECTION('center_axis',(-1.,0.,0.));
#4357=DIRECTION('ref_axis',(0.,1.,-2.91433543964103E-16));
#4358=DIRECTION('',(0.,-1.,0.));
#4359=DIRECTION('',(0.,0.,1.));
#4360=DIRECTION('',(0.,-1.,2.91433543964104E-16));
#4361=DIRECTION('center_axis',(0.,0.,1.));
#4362=DIRECTION('ref_axis',(-0.707106781186547,-0.707106781186548,0.));
#4363=DIRECTION('center_axis',(0.000546746774480943,-2.91433500404689E-16,
-0.999999850533971));
#4364=DIRECTION('ref_axis',(-0.999999850533971,-7.63278215345614E-16,-0.000546746774480943));
#4365=DIRECTION('center_axis',(-3.54164198037956E-15,0.,1.));
#4366=DIRECTION('ref_axis',(-0.707106781186547,-0.707106781186548,0.));
#4367=DIRECTION('',(0.,0.,-1.));
#4368=DIRECTION('center_axis',(0.,0.,1.));
#4369=DIRECTION('ref_axis',(0.707106781186548,-0.707106781186547,0.));
#4370=DIRECTION('center_axis',(0.000546746774480943,-2.91433500404689E-16,
-0.999999850533971));
#4371=DIRECTION('ref_axis',(0.999999850533971,9.0205607268118E-16,0.000546746774480943));
#4372=DIRECTION('',(0.,0.,1.));
#4373=DIRECTION('center_axis',(-3.54164198037956E-15,0.,1.));
#4374=DIRECTION('ref_axis',(0.707106781186548,-0.707106781186547,0.));
#4375=DIRECTION('',(0.,0.,-1.));
#4376=DIRECTION('center_axis',(1.,0.,0.));
#4377=DIRECTION('ref_axis',(0.,-1.,2.91433543964103E-16));
#4378=DIRECTION('',(0.,1.,-2.91433543964104E-16));
#4379=DIRECTION('',(0.,1.,0.));
#4380=DIRECTION('center_axis',(0.,0.,-1.));
#4381=DIRECTION('ref_axis',(-0.707106781186547,-0.707106781186548,0.));
#4382=DIRECTION('center_axis',(0.000546746774480943,-2.91433500404689E-16,
-0.999999850533971));
#4383=DIRECTION('ref_axis',(-0.999999850533971,-9.0205607268118E-16,-0.000546746774480943));
#4384=DIRECTION('',(0.,0.,-1.));
#4385=DIRECTION('center_axis',(4.41086357881967E-15,0.,-1.));
#4386=DIRECTION('ref_axis',(-0.707106781186547,-0.707106781186548,0.));
#4387=DIRECTION('',(0.,0.,1.));
#4388=DIRECTION('center_axis',(1.8239378261699E-15,-1.,0.));
#4389=DIRECTION('ref_axis',(-0.999999850533971,-1.82393755355316E-15,-0.000546746774480943));
#4390=DIRECTION('',(0.999999850533971,1.82393755355316E-15,0.000546746774480943));
#4391=DIRECTION('',(0.,0.,1.));
#4392=DIRECTION('',(1.,1.8239378261699E-15,4.41086357881967E-15));
#4393=DIRECTION('center_axis',(0.,0.,-1.));
#4394=DIRECTION('ref_axis',(0.707106781186548,-0.707106781186547,0.));
#4395=DIRECTION('center_axis',(0.000546746774480943,-2.91433500404689E-16,
-0.999999850533971));
#4396=DIRECTION('ref_axis',(0.999999850533971,1.31838964468788E-15,0.000546746774480943));
#4397=DIRECTION('',(0.,0.,-1.));
#4398=DIRECTION('center_axis',(4.41086357881967E-15,0.,-1.));
#4399=DIRECTION('ref_axis',(0.707106781186548,-0.707106781186547,0.));
#4400=DIRECTION('center_axis',(0.000546746774480943,-2.91433500404689E-16,
-0.999999850533971));
#4401=DIRECTION('ref_axis',(-0.999999850533971,0.,-0.000546746774480943));
#4402=DIRECTION('',(0.,-1.,2.91433543964104E-16));
#4403=DIRECTION('',(0.,1.,-2.91433543964104E-16));
#4404=DIRECTION('',(0.999999850533971,1.86984902515289E-15,0.000546746774480943));
#4405=DIRECTION('center_axis',(0.,1.,0.));
#4406=DIRECTION('ref_axis',(0.707106781186554,0.,-0.707106781186541));
#4407=DIRECTION('',(0.,-1.,0.));
#4408=DIRECTION('center_axis',(-1.1206362147082E-17,0.987688340595138,0.156434465040231));
#4409=DIRECTION('ref_axis',(-2.74138584220634E-16,0.156434465040231,-0.987688340595138));
#4410=DIRECTION('',(0.,1.,0.));
#4411=DIRECTION('center_axis',(4.41086357881967E-15,0.,-1.));
#4412=DIRECTION('ref_axis',(1.,0.,4.41086357881967E-15));
#4413=DIRECTION('',(-1.,6.87266108418364E-16,-4.41086357881967E-15));
#4414=DIRECTION('',(0.,-1.,0.));
#4415=DIRECTION('',(0.,-1.,0.));
#4416=DIRECTION('',(0.,1.,0.));
#4417=DIRECTION('center_axis',(0.,1.,0.));
#4418=DIRECTION('ref_axis',(-0.707106781186545,0.,-0.70710678118655));
#4419=DIRECTION('center_axis',(-1.1206362147082E-17,0.987688340595138,0.156434465040231));
#4420=DIRECTION('ref_axis',(-9.13795280735446E-17,0.156434465040231,-0.987688340595138));
#4421=DIRECTION('',(0.,1.,0.));
#4422=DIRECTION('center_axis',(0.,1.,0.));
#4423=DIRECTION('ref_axis',(0.505008472252673,0.,-0.863114385787319));
#4424=DIRECTION('',(0.,1.,0.));
#4425=DIRECTION('center_axis',(0.,1.,0.));
#4426=DIRECTION('ref_axis',(0.505008472252673,0.,-0.863114385787319));
#4427=DIRECTION('',(0.,-1.,0.));
#4428=DIRECTION('center_axis',(0.,1.,0.));
#4429=DIRECTION('ref_axis',(1.,0.,0.));
#4430=DIRECTION('',(0.,-1.,0.));
#4431=DIRECTION('center_axis',(0.,-1.,0.));
#4432=DIRECTION('ref_axis',(1.,0.,0.));
#4433=DIRECTION('center_axis',(0.,1.,0.));
#4434=DIRECTION('ref_axis',(-0.505008472252675,0.,-0.863114385787318));
#4435=DIRECTION('',(0.,1.,0.));
#4436=DIRECTION('center_axis',(0.,1.,0.));
#4437=DIRECTION('ref_axis',(-0.505008472252675,0.,-0.863114385787318));
#4438=DIRECTION('',(0.,-1.,0.));
#4439=DIRECTION('center_axis',(0.,0.,1.));
#4440=DIRECTION('ref_axis',(1.,0.,0.));
#4441=DIRECTION('',(0.,1.,0.));
#4442=DIRECTION('',(-1.,0.,0.));
#4443=DIRECTION('center_axis',(0.,1.,0.));
#4444=DIRECTION('ref_axis',(0.707106781186538,0.,-0.707106781186557));
#4445=DIRECTION('center_axis',(0.,1.,0.));
#4446=DIRECTION('ref_axis',(0.707106781186538,0.,-0.707106781186557));
#4447=DIRECTION('',(0.,1.,0.));
#4448=DIRECTION('',(0.,-1.,0.));
#4449=DIRECTION('center_axis',(0.,1.,0.));
#4450=DIRECTION('ref_axis',(0.,0.,1.));
#4451=DIRECTION('',(1.,0.,-3.70349994004896E-14));
#4452=DIRECTION('center_axis',(0.,1.,0.));
#4453=DIRECTION('ref_axis',(-0.707106781186554,0.,-0.707106781186541));
#4454=DIRECTION('',(0.,0.,1.));
#4455=DIRECTION('center_axis',(0.,1.,0.));
#4456=DIRECTION('ref_axis',(1.,0.,0.));
#4457=DIRECTION('',(-0.140276659475317,0.,-0.990112346557928));
#4458=DIRECTION('center_axis',(0.,1.,0.));
#4459=DIRECTION('ref_axis',(0.600924577230454,0.,-0.79930573154482));
#4460=DIRECTION('',(0.990112346557928,0.,-0.140276659475312));
#4461=DIRECTION('center_axis',(0.,1.,0.));
#4462=DIRECTION('ref_axis',(0.140276659475313,0.,0.990112346557928));
#4463=DIRECTION('center_axis',(0.,-1.,0.));
#4464=DIRECTION('ref_axis',(1.,0.,0.));
#4465=DIRECTION('',(0.,0.,1.));
#4466=DIRECTION('center_axis',(3.70349994004896E-14,0.,1.));
#4467=DIRECTION('ref_axis',(1.,0.,-3.70349994004896E-14));
#4468=DIRECTION('',(0.,1.,0.));
#4469=DIRECTION('center_axis',(0.,1.,0.));
#4470=DIRECTION('ref_axis',(-0.707106781186551,0.,-0.707106781186544));
#4471=DIRECTION('center_axis',(0.,1.,0.));
#4472=DIRECTION('ref_axis',(-0.707106781186551,0.,-0.707106781186544));
#4473=DIRECTION('',(0.,1.,0.));
#4474=DIRECTION('',(0.,-1.,0.));
#4475=DIRECTION('center_axis',(0.,0.,1.));
#4476=DIRECTION('ref_axis',(1.,0.,0.));
#4477=DIRECTION('',(1.,0.,0.));
#4478=DIRECTION('',(0.,-1.,0.));
#4479=DIRECTION('center_axis',(0.,-1.,0.));
#4480=DIRECTION('ref_axis',(0.140276659475313,0.,0.990112346557928));
#4481=DIRECTION('',(0.,1.,0.));
#4482=DIRECTION('',(0.,-1.,0.));
#4483=DIRECTION('center_axis',(0.,1.,0.));
#4484=DIRECTION('ref_axis',(1.,0.,0.));
#4485=DIRECTION('center_axis',(0.,1.,0.));
#4486=DIRECTION('ref_axis',(-0.140276659475293,0.,0.990112346557931));
#4487=DIRECTION('center_axis',(0.,1.,0.));
#4488=DIRECTION('ref_axis',(-0.140276659475293,0.,0.990112346557931));
#4489=DIRECTION('center_axis',(0.,-1.,0.));
#4490=DIRECTION('ref_axis',(-0.707106781186554,0.,-0.707106781186541));
#4491=DIRECTION('',(0.,-1.,0.));
#4492=DIRECTION('center_axis',(0.,1.,0.));
#4493=DIRECTION('ref_axis',(0.600924577230454,0.,-0.79930573154482));
#4494=DIRECTION('',(0.,1.,0.));
#4495=DIRECTION('',(0.,-1.,0.));
#4496=DIRECTION('center_axis',(0.140276659475312,0.,0.990112346557928));
#4497=DIRECTION('ref_axis',(0.990112346557928,0.,-0.140276659475312));
#4498=DIRECTION('',(0.,-1.,0.));
#4499=DIRECTION('',(-0.990112346557928,0.,0.140276659475312));
#4500=DIRECTION('',(0.,1.,0.));
#4501=DIRECTION('center_axis',(0.,1.,0.));
#4502=DIRECTION('ref_axis',(0.707106781186541,0.,-0.707106781186554));
#4503=DIRECTION('center_axis',(0.,1.,0.));
#4504=DIRECTION('ref_axis',(0.707106781186541,0.,-0.707106781186554));
#4505=DIRECTION('',(0.,1.,0.));
#4506=DIRECTION('center_axis',(-1.,0.,0.));
#4507=DIRECTION('ref_axis',(0.,0.,1.));
#4508=DIRECTION('',(0.,0.,-1.));
#4509=DIRECTION('',(0.,1.,0.));
#4510=DIRECTION('center_axis',(0.,-1.,0.));
#4511=DIRECTION('ref_axis',(-0.60092457723046,0.,-0.799305731544815));
#4512=DIRECTION('center_axis',(0.,1.,0.));
#4513=DIRECTION('ref_axis',(-0.60092457723046,0.,-0.799305731544815));
#4514=DIRECTION('',(0.,-1.,0.));
#4515=DIRECTION('center_axis',(0.,1.,0.));
#4516=DIRECTION('ref_axis',(0.,0.,1.));
#4517=DIRECTION('',(0.,0.,-1.));
#4518=DIRECTION('',(1.,0.,0.));
#4519=DIRECTION('',(0.,0.,-1.));
#4520=DIRECTION('',(-1.,0.,-1.48639279112604E-15));
#4521=DIRECTION('',(-0.140276659475308,0.,0.990112346557929));
#4522=DIRECTION('center_axis',(0.,1.,0.));
#4523=DIRECTION('ref_axis',(1.,0.,0.));
#4524=DIRECTION('center_axis',(0.990112346557929,0.,0.140276659475308));
#4525=DIRECTION('ref_axis',(0.140276659475308,0.,-0.990112346557929));
#4526=DIRECTION('',(0.,1.,0.));
#4527=DIRECTION('center_axis',(0.,1.,0.));
#4528=DIRECTION('ref_axis',(-0.600924577230452,0.,-0.799305731544821));
#4529=DIRECTION('center_axis',(0.,1.,0.));
#4530=DIRECTION('ref_axis',(-0.600924577230452,0.,-0.799305731544821));
#4531=DIRECTION('',(0.,1.,0.));
#4532=DIRECTION('',(0.,-1.,0.));
#4533=DIRECTION('center_axis',(0.14027665947531,0.,-0.990112346557929));
#4534=DIRECTION('ref_axis',(-0.990112346557929,0.,-0.14027665947531));
#4535=DIRECTION('',(0.990112346557929,0.,0.14027665947531));
#4536=DIRECTION('',(0.,-1.,0.));
#4537=DIRECTION('center_axis',(0.,1.,0.));
#4538=DIRECTION('ref_axis',(0.799305731544832,0.,-0.600924577230438));
#4539=DIRECTION('center_axis',(0.,1.,0.));
#4540=DIRECTION('ref_axis',(0.799305731544832,0.,-0.600924577230438));
#4541=DIRECTION('',(0.,1.,0.));
#4542=DIRECTION('center_axis',(0.,-1.,0.));
#4543=DIRECTION('ref_axis',(0.,0.,-1.));
#4544=DIRECTION('',(0.140276659475311,0.,-0.990112346557929));
#4545=DIRECTION('',(-0.140276659475312,0.,0.990112346557929));
#4546=DIRECTION('center_axis',(0.,-1.,0.));
#4547=DIRECTION('ref_axis',(-0.799305731544828,0.,-0.600924577230444));
#4548=DIRECTION('center_axis',(0.,1.,0.));
#4549=DIRECTION('ref_axis',(-0.799305731544828,0.,-0.600924577230444));
#4550=DIRECTION('',(0.,1.,0.));
#4551=DIRECTION('',(0.,-1.,0.));
#4552=DIRECTION('center_axis',(0.,-1.,0.));
#4553=DIRECTION('ref_axis',(0.,0.,-1.));
#4554=DIRECTION('',(-0.140276659475315,0.,-0.990112346557928));
#4555=DIRECTION('',(0.140276659475311,0.,0.990112346557929));
#4556=DIRECTION('center_axis',(0.,1.,0.));
#4557=DIRECTION('ref_axis',(0.600924577230446,0.,-0.799305731544826));
#4558=DIRECTION('',(0.990112346557928,0.,-0.140276659475312));
#4559=DIRECTION('center_axis',(-0.990112346557928,0.,0.140276659475315));
#4560=DIRECTION('ref_axis',(0.140276659475315,0.,0.990112346557928));
#4561=DIRECTION('center_axis',(0.,1.,0.));
#4562=DIRECTION('ref_axis',(0.600924577230446,0.,-0.799305731544826));
#4563=DIRECTION('',(0.,1.,0.));
#4564=DIRECTION('',(0.,-1.,0.));
#4565=DIRECTION('center_axis',(0.990112346557929,0.,-0.140276659475311));
#4566=DIRECTION('ref_axis',(-0.140276659475311,0.,-0.990112346557929));
#4567=DIRECTION('center_axis',(-0.140276659475312,0.,-0.990112346557928));
#4568=DIRECTION('ref_axis',(-0.990112346557928,0.,0.140276659475312));
#4569=DIRECTION('center_axis',(0.990112346557929,0.,0.140276659475312));
#4570=DIRECTION('ref_axis',(0.140276659475312,0.,-0.990112346557929));
#4571=DIRECTION('center_axis',(-0.990112346557929,0.,-0.140276659475311));
#4572=DIRECTION('ref_axis',(-0.140276659475311,0.,0.990112346557929));
#4573=DIRECTION('center_axis',(1.,0.,0.));
#4574=DIRECTION('ref_axis',(0.,0.,-1.));
#4575=DIRECTION('',(0.,1.,0.));
#4576=DIRECTION('center_axis',(-0.990112346557928,0.,0.140276659475317));
#4577=DIRECTION('ref_axis',(0.140276659475317,0.,0.990112346557928));
#4578=DIRECTION('',(0.,1.,0.));
#4579=DIRECTION('center_axis',(0.,1.,0.));
#4580=DIRECTION('ref_axis',(1.,0.,0.));
#4581=DIRECTION('center_axis',(0.,1.,0.));
#4582=DIRECTION('ref_axis',(-0.0703123944619726,0.,0.99752502083157));
#4583=DIRECTION('center_axis',(1.,0.,0.));
#4584=DIRECTION('ref_axis',(0.,0.,-1.));
#4585=DIRECTION('',(0.,1.,0.));
#4586=DIRECTION('center_axis',(-3.54164198037956E-15,0.,1.));
#4587=DIRECTION('ref_axis',(1.,0.,3.54164198037956E-15));
#4588=DIRECTION('',(0.,-1.,0.));
#4589=DIRECTION('',(1.,1.86984930463184E-15,0.));
#4590=DIRECTION('',(1.,1.86984930463184E-15,0.));
#4591=DIRECTION('',(0.,1.,0.));
#4592=DIRECTION('center_axis',(0.,1.,0.));
#4593=DIRECTION('ref_axis',(1.,0.,0.));
#4594=DIRECTION('',(0.,-1.,0.));
#4595=DIRECTION('center_axis',(0.,-1.,0.));
#4596=DIRECTION('ref_axis',(1.,0.,0.));
#4597=DIRECTION('center_axis',(0.,1.,0.));
#4598=DIRECTION('ref_axis',(1.,0.,0.));
#4599=DIRECTION('',(0.,-1.,0.));
#4600=DIRECTION('center_axis',(0.,-1.,0.));
#4601=DIRECTION('ref_axis',(1.,0.,0.));
#4602=DIRECTION('center_axis',(0.00193553359768839,0.,0.999998126853092));
#4603=DIRECTION('ref_axis',(0.999998126853092,0.,-0.00193553359768839));
#4604=DIRECTION('',(0.,1.,0.));
#4605=DIRECTION('',(0.,1.,0.));
#4606=DIRECTION('center_axis',(1.,0.,0.));
#4607=DIRECTION('ref_axis',(0.,-1.,2.91433543964104E-16));
#4608=DIRECTION('center_axis',(-1.,0.,0.));
#4609=DIRECTION('ref_axis',(0.,1.,-2.91433543964104E-16));
#4610=DIRECTION('center_axis',(0.,1.,0.));
#4611=DIRECTION('ref_axis',(0.,0.,1.));
#4612=DIRECTION('center_axis',(0.,1.,0.));
#4613=DIRECTION('ref_axis',(0.,0.,1.));
#4614=DIRECTION('center_axis',(-1.,0.,0.));
#4615=DIRECTION('ref_axis',(0.,0.,1.));
#4616=DIRECTION('center_axis',(0.,0.,1.));
#4617=DIRECTION('ref_axis',(1.,0.,0.));
#4618=DIRECTION('',(0.,1.,0.));
#4619=DIRECTION('center_axis',(-1.48639279112604E-15,0.,1.));
#4620=DIRECTION('ref_axis',(1.,0.,1.48639279112604E-15));
#4621=DIRECTION('',(0.,1.,0.));
#4622=DIRECTION('center_axis',(0.,0.987688340595137,-0.156434465040238));
#4623=DIRECTION('ref_axis',(0.,0.156434465040238,0.987688340595137));
#4624=DIRECTION('center_axis',(0.,0.987688340595138,-0.15643446504023));
#4625=DIRECTION('ref_axis',(0.,0.15643446504023,0.987688340595138));
#4626=DIRECTION('center_axis',(0.426191028556162,0.,0.90463318929732));
#4627=DIRECTION('ref_axis',(-0.90463318929732,0.,0.426191028556162));
#4628=DIRECTION('',(0.,-1.,0.));
#4629=DIRECTION('',(-0.90463318929732,0.,0.426191028556162));
#4630=DIRECTION('',(0.,1.,0.));
#4631=DIRECTION('',(-0.902579214583759,0.0673487637983378,0.425223359443246));
#4632=DIRECTION('center_axis',(0.,0.,-1.));
#4633=DIRECTION('ref_axis',(1.,0.,0.));
#4634=DIRECTION('',(0.,1.,0.));
#4635=DIRECTION('',(1.,0.,0.));
#4636=DIRECTION('',(0.,-1.,0.));
#4637=DIRECTION('center_axis',(0.,0.,-1.));
#4638=DIRECTION('ref_axis',(1.,0.,0.));
#4639=DIRECTION('',(1.,0.,0.));
#4640=DIRECTION('',(0.,-1.,0.));
#4641=DIRECTION('',(0.,1.,0.));
#4642=DIRECTION('',(1.,1.86984930463184E-15,0.));
#4643=DIRECTION('',(0.,-1.,0.));
#4644=DIRECTION('',(0.,-1.,0.));
#4645=DIRECTION('center_axis',(1.90323684095356E-16,0.,1.));
#4646=DIRECTION('ref_axis',(-1.,0.,1.90323684095356E-16));
#4647=DIRECTION('',(-1.,0.,1.90323684095356E-16));
#4648=DIRECTION('',(0.,-1.,0.));
#4649=DIRECTION('',(0.,1.,0.));
#4650=DIRECTION('center_axis',(-1.,0.,0.));
#4651=DIRECTION('ref_axis',(0.,0.,-1.));
#4652=DIRECTION('',(0.,1.,0.));
#4653=DIRECTION('',(0.,0.,-1.));
#4654=DIRECTION('',(0.,-1.,0.));
#4655=DIRECTION('',(0.,0.,-1.));
#4656=DIRECTION('center_axis',(1.86984930463184E-15,-1.,0.));
#4657=DIRECTION('ref_axis',(-0.999999850533971,-1.86984902515289E-15,-0.000546746774481361));
#4658=DIRECTION('',(0.,0.,1.));
#4659=DIRECTION('',(0.,0.,1.));
#4660=DIRECTION('center_axis',(1.,0.,0.));
#4661=DIRECTION('ref_axis',(0.,-1.,2.91433543964103E-16));
#4662=DIRECTION('center_axis',(1.,0.,0.));
#4663=DIRECTION('ref_axis',(0.,0.,1.));
#4664=DIRECTION('',(0.,-1.,0.));
#4665=DIRECTION('',(0.,1.,0.));
#4666=DIRECTION('',(0.,0.,1.));
#4667=DIRECTION('center_axis',(-1.,0.,0.));
#4668=DIRECTION('ref_axis',(0.,0.,1.));
#4669=DIRECTION('',(0.,0.,-1.));
#4670=DIRECTION('',(0.,1.,0.));
#4671=DIRECTION('',(0.,-1.,0.));
#4672=DIRECTION('center_axis',(0.,1.,0.));
#4673=DIRECTION('ref_axis',(1.,0.,0.));
#4674=DIRECTION('center_axis',(0.,-1.,0.));
#4675=DIRECTION('ref_axis',(1.,0.,0.));
#4676=DIRECTION('',(0.,1.,0.));
#4677=DIRECTION('center_axis',(1.,0.,0.));
#4678=DIRECTION('ref_axis',(0.,0.,-1.));
#4679=DIRECTION('',(0.,0.,1.));
#4680=DIRECTION('',(0.,1.,0.));
#4681=DIRECTION('center_axis',(0.,1.,0.));
#4682=DIRECTION('ref_axis',(0.,0.,1.));
#4683=DIRECTION('center_axis',(0.,-1.,0.));
#4684=DIRECTION('ref_axis',(1.,0.,0.));
#4685=DIRECTION('center_axis',(-0.426191028556162,0.,0.90463318929732));
#4686=DIRECTION('ref_axis',(-0.90463318929732,0.,-0.426191028556162));
#4687=DIRECTION('',(0.,1.,0.));
#4688=DIRECTION('',(-0.902579214583759,-0.0673487637983378,-0.425223359443247));
#4689=DIRECTION('',(0.,-1.,0.));
#4690=DIRECTION('',(-0.90463318929732,0.,-0.426191028556162));
#4691=DIRECTION('center_axis',(1.,0.,4.21761679139266E-15));
#4692=DIRECTION('ref_axis',(4.21761679139266E-15,0.,-1.));
#4693=DIRECTION('',(0.,1.,0.));
#4694=DIRECTION('',(0.,1.,0.));
#4695=DIRECTION('',(-4.21761679139266E-15,0.,1.));
#4696=DIRECTION('',(0.,1.,0.));
#4697=DIRECTION('',(-4.21761679139266E-15,0.,1.));
#4698=DIRECTION('center_axis',(0.,0.,-1.));
#4699=DIRECTION('ref_axis',(-1.,0.,0.));
#4700=DIRECTION('',(0.,1.,0.));
#4701=DIRECTION('',(1.,0.,0.));
#4702=DIRECTION('',(0.,1.,0.));
#4703=DIRECTION('',(0.,1.,0.));
#4704=DIRECTION('',(1.,0.,0.));
#4705=DIRECTION('center_axis',(0.,1.,0.));
#4706=DIRECTION('ref_axis',(1.,0.,0.));
#4707=DIRECTION('center_axis',(0.,-1.,0.));
#4708=DIRECTION('ref_axis',(1.,0.,0.));
#4709=DIRECTION('',(0.,-1.,0.));
#4710=DIRECTION('center_axis',(-1.,0.,0.));
#4711=DIRECTION('ref_axis',(0.,1.,-2.91433543964103E-16));
#4712=DIRECTION('center_axis',(-1.,0.,9.26436587660876E-16));
#4713=DIRECTION('ref_axis',(9.26436587660876E-16,0.,1.));
#4714=DIRECTION('',(0.,-1.,0.));
#4715=DIRECTION('',(9.26436587660876E-16,0.,1.));
#4716=DIRECTION('',(0.,1.,0.));
#4717=DIRECTION('',(-9.26436587660876E-16,0.,-1.));
#4718=DIRECTION('center_axis',(0.,1.,0.));
#4719=DIRECTION('ref_axis',(0.,0.,1.));
#4720=DIRECTION('center_axis',(0.,1.,0.));
#4721=DIRECTION('ref_axis',(-0.707106781186549,0.,0.707106781186546));
#4722=DIRECTION('',(-1.,0.,-1.03302805765865E-15));
#4723=DIRECTION('',(-1.,0.,-1.03302805765865E-15));
#4724=DIRECTION('center_axis',(0.,1.,0.));
#4725=DIRECTION('ref_axis',(0.707106781186549,0.,0.707106781186546));
#4726=DIRECTION('center_axis',(0.,1.,0.));
#4727=DIRECTION('ref_axis',(1.,0.,0.));
#4728=DIRECTION('',(0.,0.,1.));
#4729=DIRECTION('center_axis',(0.,1.,0.));
#4730=DIRECTION('ref_axis',(-3.93167758888292E-9,0.,-1.));
#4731=DIRECTION('',(0.,1.,0.));
#4732=DIRECTION('center_axis',(0.,1.,0.));
#4733=DIRECTION('ref_axis',(1.,0.,0.));
#4734=DIRECTION('center_axis',(1.,0.,0.));
#4735=DIRECTION('ref_axis',(0.,0.,-1.));
#4736=DIRECTION('',(0.,1.,0.));
#4737=DIRECTION('',(0.,0.,-1.));
#4738=DIRECTION('center_axis',(0.,1.,0.));
#4739=DIRECTION('ref_axis',(0.,0.,1.));
#4740=DIRECTION('',(0.,0.,1.));
#4741=DIRECTION('center_axis',(1.16007304512967E-16,0.,-1.));
#4742=DIRECTION('ref_axis',(-1.,0.,-1.16007304512967E-16));
#4743=DIRECTION('',(0.,-1.,0.));
#4744=DIRECTION('',(1.,0.,1.16007304512967E-16));
#4745=DIRECTION('',(0.,1.,0.));
#4746=DIRECTION('',(1.,0.,1.16007304512967E-16));
#4747=DIRECTION('center_axis',(-1.,0.,4.21761679139266E-15));
#4748=DIRECTION('ref_axis',(4.21761679139266E-15,0.,1.));
#4749=DIRECTION('',(0.,-1.,0.));
#4750=DIRECTION('',(-4.21761679139266E-15,0.,-1.));
#4751=DIRECTION('',(0.,-1.,0.));
#4752=DIRECTION('',(-4.21761679139266E-15,0.,-1.));
#4753=DIRECTION('center_axis',(0.,-1.,0.));
#4754=DIRECTION('ref_axis',(0.,0.,-1.));
#4755=DIRECTION('center_axis',(0.,1.,0.));
#4756=DIRECTION('ref_axis',(-0.707106781186551,0.,0.707106781186544));
#4757=DIRECTION('',(-1.,0.,1.85037170770859E-16));
#4758=DIRECTION('',(0.,0.,-1.));
#4759=DIRECTION('center_axis',(-1.,0.,0.));
#4760=DIRECTION('ref_axis',(0.,0.,1.));
#4761=DIRECTION('',(0.,1.,0.));
#4762=DIRECTION('',(0.,0.,-1.));
#4763=DIRECTION('center_axis',(3.70074341541719E-16,0.,1.));
#4764=DIRECTION('ref_axis',(1.,0.,-3.70074341541719E-16));
#4765=DIRECTION('',(0.,1.,0.));
#4766=DIRECTION('',(-1.,0.,3.70074341541719E-16));
#4767=DIRECTION('',(-1.,0.,3.70074341541719E-16));
#4768=DIRECTION('center_axis',(1.85037170770859E-16,0.,1.));
#4769=DIRECTION('ref_axis',(1.,0.,-1.85037170770859E-16));
#4770=DIRECTION('',(0.,-1.,0.));
#4771=DIRECTION('',(-1.,0.,1.85037170770859E-16));
#4772=DIRECTION('center_axis',(0.,1.,0.));
#4773=DIRECTION('ref_axis',(-0.707106781186551,0.,0.707106781186544));
#4774=DIRECTION('center_axis',(0.,1.,0.));
#4775=DIRECTION('ref_axis',(-0.707106781186551,0.,0.707106781186544));
#4776=DIRECTION('center_axis',(1.,0.,0.));
#4777=DIRECTION('ref_axis',(0.,0.,-1.));
#4778=DIRECTION('',(0.,-1.,0.));
#4779=DIRECTION('',(0.,0.,1.));
#4780=DIRECTION('',(0.,0.,1.));
#4781=DIRECTION('center_axis',(0.,-1.,0.));
#4782=DIRECTION('ref_axis',(0.,0.,-1.));
#4783=DIRECTION('center_axis',(0.,1.,0.));
#4784=DIRECTION('ref_axis',(0.707106781186538,0.,0.707106781186557));
#4785=DIRECTION('center_axis',(0.,-1.,0.));
#4786=DIRECTION('ref_axis',(0.707106781186538,0.,0.707106781186557));
#4787=DIRECTION('center_axis',(0.,1.,0.));
#4788=DIRECTION('ref_axis',(0.707106781186538,0.,0.707106781186557));
#4789=DIRECTION('center_axis',(1.03302805765865E-15,0.,-1.));
#4790=DIRECTION('ref_axis',(-1.,0.,-1.03302805765865E-15));
#4791=DIRECTION('',(0.,-1.,0.));
#4792=DIRECTION('',(1.,0.,1.03302805765865E-15));
#4793=DIRECTION('',(0.,1.,0.));
#4794=DIRECTION('center_axis',(0.,-1.,0.));
#4795=DIRECTION('ref_axis',(0.707106781186549,0.,0.707106781186546));
#4796=DIRECTION('center_axis',(0.,1.,0.));
#4797=DIRECTION('ref_axis',(0.707106781186549,0.,0.707106781186546));
#4798=DIRECTION('center_axis',(1.03302805765865E-15,0.,-1.));
#4799=DIRECTION('ref_axis',(-1.,0.,-1.03302805765865E-15));
#4800=DIRECTION('',(0.,1.,0.));
#4801=DIRECTION('',(0.,-1.,0.));
#4802=DIRECTION('',(1.,0.,1.03302805765865E-15));
#4803=DIRECTION('center_axis',(0.,1.,0.));
#4804=DIRECTION('ref_axis',(-0.707106781186549,0.,0.707106781186546));
#4805=DIRECTION('center_axis',(0.,1.,0.));
#4806=DIRECTION('ref_axis',(-0.707106781186549,0.,0.707106781186546));
#4807=DIRECTION('center_axis',(0.,1.,0.));
#4808=DIRECTION('ref_axis',(0.755075049076352,0.,0.655638368509916));
#4809=DIRECTION('',(0.,1.,0.));
#4810=DIRECTION('center_axis',(0.,1.,0.));
#4811=DIRECTION('ref_axis',(0.755075049076352,0.,0.655638368509916));
#4812=DIRECTION('center_axis',(-0.140276659475311,0.,-0.990112346557929));
#4813=DIRECTION('ref_axis',(-0.990112346557929,0.,0.140276659475311));
#4814=DIRECTION('',(0.,-1.,0.));
#4815=DIRECTION('',(0.990112346557929,0.,-0.140276659475311));
#4816=DIRECTION('center_axis',(0.,1.,0.));
#4817=DIRECTION('ref_axis',(0.0703123511272069,0.,0.9975250238861));
#4818=DIRECTION('center_axis',(0.,1.,0.));
#4819=DIRECTION('ref_axis',(0.0703123511272069,0.,0.9975250238861));
#4820=DIRECTION('center_axis',(0.,1.,0.));
#4821=DIRECTION('ref_axis',(-0.070312351127208,0.,0.9975250238861));
#4822=DIRECTION('',(0.,1.,0.));
#4823=DIRECTION('center_axis',(0.,1.,0.));
#4824=DIRECTION('ref_axis',(-0.070312351127208,0.,0.9975250238861));
#4825=DIRECTION('center_axis',(0.140276659475311,0.,-0.990112346557929));
#4826=DIRECTION('ref_axis',(-0.990112346557929,0.,-0.140276659475311));
#4827=DIRECTION('',(0.,-1.,0.));
#4828=DIRECTION('',(0.990112346557929,0.,0.140276659475311));
#4829=DIRECTION('center_axis',(0.,1.,0.));
#4830=DIRECTION('ref_axis',(-0.755075049076355,0.,0.655638368509912));
#4831=DIRECTION('center_axis',(0.,1.,0.));
#4832=DIRECTION('ref_axis',(-0.755075049076355,0.,0.655638368509912));
#4833=DIRECTION('center_axis',(0.,-1.,0.));
#4834=DIRECTION('ref_axis',(-0.707106781186547,0.,-0.707106781186547));
#4835=DIRECTION('center_axis',(0.,1.,0.));
#4836=DIRECTION('ref_axis',(-0.707106781186547,0.,-0.707106781186547));
#4837=DIRECTION('',(0.,1.,0.));
#4838=DIRECTION('center_axis',(0.,0.,-1.));
#4839=DIRECTION('ref_axis',(1.,0.,0.));
#4840=DIRECTION('',(0.,-1.,0.));
#4841=DIRECTION('',(1.,0.,0.));
#4842=DIRECTION('center_axis',(0.,-1.,0.));
#4843=DIRECTION('ref_axis',(0.707106781186549,0.,-0.707106781186546));
#4844=DIRECTION('center_axis',(0.,1.,0.));
#4845=DIRECTION('ref_axis',(0.707106781186549,0.,-0.707106781186546));
#4846=DIRECTION('center_axis',(0.,-1.,0.));
#4847=DIRECTION('ref_axis',(0.707106781186548,0.,0.707106781186547));
#4848=DIRECTION('center_axis',(0.,1.,0.));
#4849=DIRECTION('ref_axis',(0.707106781186548,0.,0.707106781186547));
#4850=DIRECTION('',(0.,1.,0.));
#4851=DIRECTION('center_axis',(3.35648821398303E-16,0.,1.));
#4852=DIRECTION('ref_axis',(-1.,0.,3.35648821398303E-16));
#4853=DIRECTION('',(0.,-1.,0.));
#4854=DIRECTION('',(-1.,0.,3.35648821398303E-16));
#4855=DIRECTION('center_axis',(0.,-1.,0.));
#4856=DIRECTION('ref_axis',(0.,0.,-1.));
#4857=DIRECTION('center_axis',(0.,1.,0.));
#4858=DIRECTION('ref_axis',(-0.707106781186547,0.,0.707106781186547));
#4859=DIRECTION('center_axis',(0.,-1.,0.));
#4860=DIRECTION('ref_axis',(-0.707106781186547,0.,0.707106781186547));
#4861=DIRECTION('center_axis',(0.,-1.,0.));
#4862=DIRECTION('ref_axis',(-0.707106781186548,0.,0.707106781186547));
#4863=DIRECTION('center_axis',(0.,1.,0.));
#4864=DIRECTION('ref_axis',(-0.707106781186548,0.,0.707106781186547));
#4865=DIRECTION('',(0.,1.,0.));
#4866=DIRECTION('',(0.,-1.,0.));
#4867=DIRECTION('center_axis',(-3.09828106373014E-16,0.,1.));
#4868=DIRECTION('ref_axis',(-1.,0.,-3.09828106373014E-16));
#4869=DIRECTION('',(0.,1.,0.));
#4870=DIRECTION('',(-1.,0.,-3.09828106373014E-16));
#4871=DIRECTION('center_axis',(0.,-1.,0.));
#4872=DIRECTION('ref_axis',(0.707106781186547,0.,0.707106781186547));
#4873=DIRECTION('center_axis',(0.,1.,0.));
#4874=DIRECTION('ref_axis',(0.707106781186547,0.,0.707106781186547));
#4875=DIRECTION('',(0.,-1.,0.));
#4876=DIRECTION('center_axis',(1.,0.,0.));
#4877=DIRECTION('ref_axis',(0.,0.,1.));
#4878=DIRECTION('',(0.,1.,0.));
#4879=DIRECTION('',(0.,0.,1.));
#4880=DIRECTION('center_axis',(0.,-1.,0.));
#4881=DIRECTION('ref_axis',(0.707106781186547,0.,-0.707106781186547));
#4882=DIRECTION('center_axis',(0.,1.,0.));
#4883=DIRECTION('ref_axis',(0.707106781186547,0.,-0.707106781186547));
#4884=DIRECTION('center_axis',(-1.,0.,0.));
#4885=DIRECTION('ref_axis',(0.,0.,-1.));
#4886=DIRECTION('',(0.,-1.,0.));
#4887=DIRECTION('',(0.,0.,-1.));
#4888=DIRECTION('center_axis',(0.,-1.,0.));
#4889=DIRECTION('ref_axis',(0.,0.,-1.));
#4890=DIRECTION('center_axis',(0.,1.,0.));
#4891=DIRECTION('ref_axis',(-0.707106781186549,0.,-0.707106781186546));
#4892=DIRECTION('center_axis',(0.,-1.,0.));
#4893=DIRECTION('ref_axis',(-0.707106781186549,0.,-0.707106781186546));
#4894=DIRECTION('center_axis',(0.,1.,0.));
#4895=DIRECTION('ref_axis',(-0.0703123511272069,0.,0.9975250238861));
#4896=DIRECTION('center_axis',(0.,-1.,0.));
#4897=DIRECTION('ref_axis',(-0.0703123511272069,0.,0.9975250238861));
#4898=DIRECTION('',(0.,-1.,0.));
#4899=DIRECTION('center_axis',(1.07706754967266E-17,0.987688340595138,-0.156434465040231));
#4900=DIRECTION('ref_axis',(-1.82759056147089E-16,0.156434465040231,0.987688340595138));
#4901=DIRECTION('',(0.,1.,0.));
#4902=DIRECTION('center_axis',(1.00421337974674E-15,0.,1.));
#4903=DIRECTION('ref_axis',(-1.,0.,1.00421337974674E-15));
#4904=DIRECTION('',(0.,-1.,0.));
#4905=DIRECTION('',(-1.,0.,1.00421337974674E-15));
#4906=DIRECTION('',(-1.,1.69956707439214E-16,1.00421337974674E-15));
#4907=DIRECTION('center_axis',(0.,1.,0.));
#4908=DIRECTION('ref_axis',(0.070312351127208,0.,0.9975250238861));
#4909=DIRECTION('center_axis',(0.,-1.,0.));
#4910=DIRECTION('ref_axis',(0.070312351127208,0.,0.9975250238861));
#4911=DIRECTION('center_axis',(1.07706754967266E-17,0.987688340595138,-0.156434465040231));
#4912=DIRECTION('ref_axis',(1.37069292110317E-16,0.156434465040231,0.987688340595138));
#4913=DIRECTION('',(0.,1.,0.));
#4914=DIRECTION('center_axis',(0.140276659475311,0.,0.990112346557929));
#4915=DIRECTION('ref_axis',(-0.990112346557929,0.,0.140276659475311));
#4916=DIRECTION('',(0.,-1.,0.));
#4917=DIRECTION('',(-0.990112346557929,0.,0.140276659475311));
#4918=DIRECTION('',(-0.989868065612492,0.0222121586558139,0.140242050357348));
#4919=DIRECTION('center_axis',(0.,1.,0.));
#4920=DIRECTION('ref_axis',(0.286440363736372,0.,0.958098073279857));
#4921=DIRECTION('center_axis',(0.,-1.,0.));
#4922=DIRECTION('ref_axis',(0.286440363736372,0.,0.958098073279857));
#4923=DIRECTION('center_axis',(1.07706754967266E-17,0.987688340595138,-0.156434465040231));
#4924=DIRECTION('ref_axis',(3.19828348257406E-16,0.156434465040231,0.987688340595138));
#4925=DIRECTION('center_axis',(-0.140276659475311,0.,0.990112346557929));
#4926=DIRECTION('ref_axis',(-0.990112346557929,0.,-0.140276659475311));
#4927=DIRECTION('',(0.,1.,0.));
#4928=DIRECTION('',(-0.989868065612492,-0.0222121586558139,-0.140242050357348));
#4929=DIRECTION('',(-0.990112346557929,0.,-0.140276659475311));
#4930=DIRECTION('center_axis',(0.,1.,0.));
#4931=DIRECTION('ref_axis',(-0.286440363736373,0.,0.958098073279857));
#4932=DIRECTION('center_axis',(0.,-1.,0.));
#4933=DIRECTION('ref_axis',(-0.286440363736373,0.,0.958098073279857));
#4934=DIRECTION('center_axis',(1.07706754967266E-17,0.987688340595138,-0.156434465040231));
#4935=DIRECTION('ref_axis',(9.59485044772218E-16,0.156434465040231,0.987688340595138));
#4936=DIRECTION('center_axis',(0.,1.,0.));
#4937=DIRECTION('ref_axis',(1.,0.,0.));
#4938=DIRECTION('center_axis',(0.,-1.,0.));
#4939=DIRECTION('ref_axis',(0.844449829343391,0.,0.535634656946241));
#4940=DIRECTION('',(0.,0.,1.));
#4941=DIRECTION('',(0.,0.,-1.));
#4942=DIRECTION('center_axis',(0.,-1.,0.));
#4943=DIRECTION('ref_axis',(-0.844449829343391,0.,0.535634656946242));
#4944=DIRECTION('center_axis',(0.,1.,0.));
#4945=DIRECTION('ref_axis',(-0.844449829343391,0.,0.535634656946242));
#4946=DIRECTION('',(0.,-1.,0.));
#4947=DIRECTION('center_axis',(1.07706754967266E-17,0.987688340595138,-0.156434465040231));
#4948=DIRECTION('ref_axis',(1.91897008954444E-15,0.156434465040231,0.987688340595138));
#4949=DIRECTION('center_axis',(-1.07706754967266E-17,-0.987688340595138,
0.156434465040231));
#4950=DIRECTION('ref_axis',(0.,-0.156434465040231,-0.987688340595138));
#4951=DIRECTION('center_axis',(1.07706754967266E-17,0.987688340595138,-0.156434465040231));
#4952=DIRECTION('ref_axis',(-4.56897640367723E-16,0.156434465040231,0.987688340595138));
#4953=DIRECTION('',(0.,-0.156434465040231,-0.987688340595138));
#4954=DIRECTION('',(1.,2.20558769628112E-19,7.02435925425917E-17));
#4955=DIRECTION('',(0.,0.156434465040231,0.987688340595138));
#4956=DIRECTION('center_axis',(0.,1.,0.));
#4957=DIRECTION('ref_axis',(0.844449829343391,0.,0.535634656946241));
#4958=DIRECTION('',(0.,1.,0.));
#4959=DIRECTION('center_axis',(1.,0.,0.));
#4960=DIRECTION('ref_axis',(0.,0.,1.));
#4961=DIRECTION('',(0.,0.156434465040231,-0.987688340595138));
#4962=DIRECTION('center_axis',(-1.1206362147082E-17,0.987688340595138,0.156434465040231));
#4963=DIRECTION('ref_axis',(0.,-0.156434465040231,0.987688340595138));
#4964=DIRECTION('',(0.,-0.156434465040231,0.987688340595138));
#4965=DIRECTION('center_axis',(-1.,0.,0.));
#4966=DIRECTION('ref_axis',(0.,0.,-1.));
#4967=CARTESIAN_POINT('',(0.,0.,0.));
#4968=CARTESIAN_POINT('Origin',(-117.000001892447,-2.,22.0457268314194));
#4969=CARTESIAN_POINT('',(-118.200001892447,-2.,22.0457268314194));
#4970=CARTESIAN_POINT('Origin',(-117.000001892447,-2.,22.0457268314194));
#4971=CARTESIAN_POINT('',(-118.200001892447,4.2,22.0457268314194));
#4972=CARTESIAN_POINT('',(-118.200001892447,-2.,22.0457268314194));
#4973=CARTESIAN_POINT('Origin',(-117.000001892447,4.2,22.0457268314194));
#4974=CARTESIAN_POINT('Origin',(117.000001892447,-2.,22.0457268314194));
#4975=CARTESIAN_POINT('',(115.800001892447,-2.,22.0457268314194));
#4976=CARTESIAN_POINT('Origin',(117.000001892447,-2.,22.0457268314194));
#4977=CARTESIAN_POINT('',(115.800001892447,4.2,22.0457268314194));
#4978=CARTESIAN_POINT('',(115.800001892447,-2.,22.0457268314194));
#4979=CARTESIAN_POINT('Origin',(117.000001892447,4.2,22.0457268314194));
#4980=CARTESIAN_POINT('Origin',(-117.000001892447,-2.,-41.2361278527785));
#4981=CARTESIAN_POINT('',(-118.200001892447,-2.,-41.2361278527785));
#4982=CARTESIAN_POINT('Origin',(-117.000001892447,-2.,-41.2361278527785));
#4983=CARTESIAN_POINT('',(-118.200001892447,4.2,-41.2361278527785));
#4984=CARTESIAN_POINT('',(-118.200001892447,-2.,-41.2361278527785));
#4985=CARTESIAN_POINT('Origin',(-117.000001892447,4.2,-41.2361278527785));
#4986=CARTESIAN_POINT('Origin',(117.000001892447,-2.,-41.2361278527786));
#4987=CARTESIAN_POINT('',(115.800001892447,-2.,-41.2361278527786));
#4988=CARTESIAN_POINT('Origin',(117.000001892447,-2.,-41.2361278527786));
#4989=CARTESIAN_POINT('',(115.800001892447,4.2,-41.2361278527786));
#4990=CARTESIAN_POINT('',(115.800001892447,-2.,-41.2361278527786));
#4991=CARTESIAN_POINT('Origin',(117.000001892447,4.2,-41.2361278527786));
#4992=CARTESIAN_POINT('Origin',(117.000001892447,-2.,-41.2361278527786));
#4993=CARTESIAN_POINT('',(114.800001892447,-2.,-41.2361278527786));
#4994=CARTESIAN_POINT('Origin',(117.000001892447,-2.,-41.2361278527786));
#4995=CARTESIAN_POINT('',(114.800001892447,-5.83224664119518,-41.2361278527786));
#4996=CARTESIAN_POINT('',(114.800001892447,-2.,-41.2361278527786));
#4997=CARTESIAN_POINT('Origin',(117.000001892447,-5.83224664119518,-41.2361278527786));
#4998=CARTESIAN_POINT('Origin',(0.,-2.,-9.59520051067957));
#4999=CARTESIAN_POINT('Origin',(-117.000001892447,-2.,22.0457268314194));
#5000=CARTESIAN_POINT('',(-119.200001892447,-2.,22.0457268314194));
#5001=CARTESIAN_POINT('Origin',(-117.000001892447,-2.,22.0457268314194));
#5002=CARTESIAN_POINT('',(-119.200001892447,-6.02024096406945,22.0457268314194));
#5003=CARTESIAN_POINT('',(-119.200001892447,-2.,22.0457268314194));
#5004=CARTESIAN_POINT('Origin',(-117.000001892447,-6.02024096406945,22.0457268314194));
#5005=CARTESIAN_POINT('Origin',(0.,-2.,-9.59520051067957));
#5006=CARTESIAN_POINT('Origin',(-117.000001892447,-2.,-41.2361278527785));
#5007=CARTESIAN_POINT('',(-119.200001892447,-2.,-41.2361278527785));
#5008=CARTESIAN_POINT('Origin',(-117.000001892447,-2.,-41.2361278527785));
#5009=CARTESIAN_POINT('',(-119.200001892447,-5.83224664119519,-41.2361278527785));
#5010=CARTESIAN_POINT('',(-119.200001892447,-2.,-41.2361278527785));
#5011=CARTESIAN_POINT('Origin',(-117.000001892447,-5.83224664119519,-41.2361278527785));
#5012=CARTESIAN_POINT('Origin',(0.,-2.,-9.59520051067957));
#5013=CARTESIAN_POINT('Origin',(117.000001892447,-2.,22.0457268314194));
#5014=CARTESIAN_POINT('',(114.800001892447,-2.,22.0457268314194));
#5015=CARTESIAN_POINT('Origin',(117.000001892447,-2.,22.0457268314194));
#5016=CARTESIAN_POINT('',(114.800001892447,-6.02024096406945,22.0457268314194));
#5017=CARTESIAN_POINT('',(114.800001892447,-2.,22.0457268314194));
#5018=CARTESIAN_POINT('Origin',(117.000001892447,-6.02024096406945,22.0457268314194));
#5019=CARTESIAN_POINT('Origin',(0.,-2.,-9.59520051067957));
#5020=CARTESIAN_POINT('Origin',(3.94948592725023E-16,-4.24379919617043,
9.04301925171848));
#5021=CARTESIAN_POINT('',(4.94328680475831E-16,-4.,8.23151925171848));
#5022=CARTESIAN_POINT('Origin',(3.94948592725023E-16,-4.,9.04301925171848));
#5023=CARTESIAN_POINT('',(3.94948592725023E-16,-4.48759839234087,9.04301925171848));
#5024=CARTESIAN_POINT('',(4.44638636600427E-16,-4.24379919617043,8.63726925171848));
#5025=CARTESIAN_POINT('Origin',(3.94948592725023E-16,-2.,9.04301925171848));
#5026=CARTESIAN_POINT('',(4.94328680475831E-16,0.,8.23151925171848));
#5027=CARTESIAN_POINT('Origin',(3.94948592725023E-16,0.,9.04301925171848));
#5028=CARTESIAN_POINT('',(4.94328680475831E-16,-2.,8.23151925171848));
#5029=CARTESIAN_POINT('Origin',(-3.94948592725021E-16,-4.24379919617043,
21.9430192517185));
#5030=CARTESIAN_POINT('',(-2.95568504974213E-16,-4.,21.1315192517185));
#5031=CARTESIAN_POINT('Origin',(-3.94948592725021E-16,-4.,21.9430192517185));
#5032=CARTESIAN_POINT('',(-3.94948592725021E-16,-4.48759839234087,21.9430192517185));
#5033=CARTESIAN_POINT('',(-3.45258548849617E-16,-4.24379919617043,21.5372692517185));
#5034=CARTESIAN_POINT('Origin',(-3.94948592725021E-16,-2.,21.9430192517185));
#5035=CARTESIAN_POINT('',(-2.95568504974213E-16,0.,21.1315192517185));
#5036=CARTESIAN_POINT('Origin',(-3.94948592725021E-16,0.,21.9430192517185));
#5037=CARTESIAN_POINT('',(-2.95568504974213E-16,-2.,21.1315192517185));
#5038=CARTESIAN_POINT('Origin',(20.4319377745256,-4.24379919617043,-35.6723034905988));
#5039=CARTESIAN_POINT('',(20.4319377745256,-4.,-36.4838034905988));
#5040=CARTESIAN_POINT('Origin',(20.4319377745256,-4.,-35.6723034905988));
#5041=CARTESIAN_POINT('',(20.4319377745256,-4.48759839234087,-35.6723034905988));
#5042=CARTESIAN_POINT('',(20.4319377745256,-4.24379919617043,-36.0780534905988));
#5043=CARTESIAN_POINT('Origin',(20.4319377745256,-2.,-35.6723034905988));
#5044=CARTESIAN_POINT('',(20.4319377745256,0.,-36.4838034905988));
#5045=CARTESIAN_POINT('Origin',(20.4319377745256,0.,-35.6723034905988));
#5046=CARTESIAN_POINT('',(20.4319377745256,-2.,-36.4838034905988));
#5047=CARTESIAN_POINT('Origin',(-33.2043870451228,-4.24379919617043,-37.4818723978302));
#5048=CARTESIAN_POINT('',(-33.2043870451228,-4.,-38.2933723978302));
#5049=CARTESIAN_POINT('Origin',(-33.2043870451228,-4.,-37.4818723978302));
#5050=CARTESIAN_POINT('',(-33.2043870451228,-4.48759839234087,-37.4818723978302));
#5051=CARTESIAN_POINT('',(-33.2043870451228,-4.24379919617043,-37.8876223978302));
#5052=CARTESIAN_POINT('Origin',(-33.2043870451228,-2.,-37.4818723978302));
#5053=CARTESIAN_POINT('',(-33.2043870451228,0.,-38.2933723978302));
#5054=CARTESIAN_POINT('Origin',(-33.2043870451228,0.,-37.4818723978302));
#5055=CARTESIAN_POINT('',(-33.2043870451228,-2.,-38.2933723978302));
#5056=CARTESIAN_POINT('Origin',(-20.4319377745255,-4.24379919617043,-35.6723034905987));
#5057=CARTESIAN_POINT('',(-20.4319377745255,-4.,-36.4838034905987));
#5058=CARTESIAN_POINT('Origin',(-20.4319377745255,-4.,-35.6723034905987));
#5059=CARTESIAN_POINT('',(-20.4319377745255,-4.48759839234087,-35.6723034905987));
#5060=CARTESIAN_POINT('',(-20.4319377745255,-4.24379919617043,-36.0780534905987));
#5061=CARTESIAN_POINT('Origin',(-20.4319377745255,-2.,-35.6723034905987));
#5062=CARTESIAN_POINT('',(-20.4319377745255,0.,-36.4838034905987));
#5063=CARTESIAN_POINT('Origin',(-20.4319377745255,0.,-35.6723034905987));
#5064=CARTESIAN_POINT('',(-20.4319377745255,-2.,-36.4838034905987));
#5065=CARTESIAN_POINT('Origin',(33.2043870451229,-4.24379919617043,-37.4818723978303));
#5066=CARTESIAN_POINT('',(33.2043870451229,-4.,-38.2933723978303));
#5067=CARTESIAN_POINT('Origin',(33.2043870451229,-4.,-37.4818723978303));
#5068=CARTESIAN_POINT('',(33.2043870451229,-4.48759839234087,-37.4818723978303));
#5069=CARTESIAN_POINT('',(33.2043870451229,-4.24379919617043,-37.8876223978303));
#5070=CARTESIAN_POINT('Origin',(33.2043870451229,-2.,-37.4818723978303));
#5071=CARTESIAN_POINT('',(33.2043870451229,0.,-38.2933723978303));
#5072=CARTESIAN_POINT('Origin',(33.2043870451229,0.,-37.4818723978303));
#5073=CARTESIAN_POINT('',(33.2043870451229,-2.,-38.2933723978303));
#5074=CARTESIAN_POINT('Origin',(37.0620816558173,4.2,-40.9068822212645));
#5075=CARTESIAN_POINT('',(38.0521940023753,0.,-41.0471588807398));
#5076=CARTESIAN_POINT('',(36.921804996342,-2.77555756156289E-16,-41.8969945678224));
#5077=CARTESIAN_POINT('Origin',(37.0620816558173,0.,-40.9068822212645));
#5078=CARTESIAN_POINT('',(38.0521940023753,4.2,-41.0471588807398));
#5079=CARTESIAN_POINT('',(38.0521940023753,4.2,-41.0471588807398));
#5080=CARTESIAN_POINT('',(36.921804996342,4.2,-41.8969945678224));
#5081=CARTESIAN_POINT('Origin',(37.0620816558173,4.2,-40.9068822212645));
#5082=CARTESIAN_POINT('',(36.921804996342,4.2,-41.8969945678224));
#5083=CARTESIAN_POINT('Origin',(37.9119173429,4.2,-42.0372712272978));
#5084=CARTESIAN_POINT('',(38.9920476208599,0.,-34.4134061588012));
#5085=CARTESIAN_POINT('',(37.9180921646126,0.,-41.9936875888054));
#5086=CARTESIAN_POINT('',(38.9920476208599,4.2,-34.4134061588012));
#5087=CARTESIAN_POINT('',(38.9920476208598,2.1,-34.4134061588016));
#5088=CARTESIAN_POINT('',(36.9097852494315,4.2,-49.1106030441259));
#5089=CARTESIAN_POINT('Origin',(15.7746662048219,4.2,-37.8909340425454));
#5090=CARTESIAN_POINT('',(15.6343895453466,-2.77555756156289E-16,-38.8810463891033));
#5091=CARTESIAN_POINT('',(14.7845538582639,-2.77555756156289E-16,-37.75065738307));
#5092=CARTESIAN_POINT('Origin',(15.7746662048219,0.,-37.8909340425454));
#5093=CARTESIAN_POINT('',(15.6343895453466,4.2,-38.8810463891033));
#5094=CARTESIAN_POINT('',(15.6343895453466,4.2,-38.8810463891033));
#5095=CARTESIAN_POINT('',(14.7845538582639,4.2,-37.75065738307));
#5096=CARTESIAN_POINT('Origin',(15.7746662048219,4.2,-37.8909340425454));
#5097=CARTESIAN_POINT('',(14.7845538582639,4.2,-37.75065738307));
#5098=CARTESIAN_POINT('Origin',(0.,0.,2.36976631161225));
#5099=CARTESIAN_POINT('',(7.31596377768169,-2.77555756156289E-16,-37.7025124754136));
#5100=CARTESIAN_POINT('',(15.7244074767486,0.,-31.1169046611314));
#5101=CARTESIAN_POINT('',(15.1905171594812,-2.77555756156289E-16,-34.8852535568874));
#5102=CARTESIAN_POINT('',(10.0312614840406,0.,-30.3103138691487));
#5103=CARTESIAN_POINT('',(2.84486353288914,0.,-29.2921628464367));
#5104=CARTESIAN_POINT('',(4.75728969878218,0.,-30.3103138691487));
#5105=CARTESIAN_POINT('',(4.44089209850063E-15,0.,-30.3103138691487));
#5106=CARTESIAN_POINT('',(4.75728969878218,0.,-22.8436847995653));
#5107=CARTESIAN_POINT('',(4.75728969878218,0.,-12.9919554559706));
#5108=CARTESIAN_POINT('',(17.5000241809461,0.,-22.8436847995653));
#5109=CARTESIAN_POINT('',(-8.75001209047303,0.,-22.8436847995653));
#5110=CARTESIAN_POINT('',(17.5000241809461,0.,-25.204270040034));
#5111=CARTESIAN_POINT('',(17.5000241809461,0.,8.08274813578915));
#5112=CARTESIAN_POINT('',(20.5000241809461,0.,-28.204270040034));
#5113=CARTESIAN_POINT('Origin',(20.5000241809461,0.,-25.204270040034));
#5114=CARTESIAN_POINT('',(100.500024180946,0.,-28.204270040034));
#5115=CARTESIAN_POINT('',(8.75001209047303,0.,-28.204270040034));
#5116=CARTESIAN_POINT('',(103.500024180946,0.,-25.204270040034));
#5117=CARTESIAN_POINT('Origin',(100.500024180946,0.,-25.204270040034));
#5118=CARTESIAN_POINT('',(103.500024180946,0.,10.795729959966));
#5119=CARTESIAN_POINT('',(103.500024180946,0.,-12.9172518642109));
#5120=CARTESIAN_POINT('',(100.500024180946,0.,13.795729959966));
#5121=CARTESIAN_POINT('Origin',(100.500024180946,0.,10.795729959966));
#5122=CARTESIAN_POINT('',(20.5000241809461,0.,13.7957299599661));
#5123=CARTESIAN_POINT('',(51.750012090473,0.,13.795729959966));
#5124=CARTESIAN_POINT('',(17.5000241809461,0.,10.7957299599661));
#5125=CARTESIAN_POINT('Origin',(20.5000241809461,0.,10.7957299599661));
#5126=CARTESIAN_POINT('',(17.5000241809461,0.,4.74301925171838));
#5127=CARTESIAN_POINT('',(17.5000241809461,0.,8.08274813578915));
#5128=CARTESIAN_POINT('',(-17.5000241809461,0.,4.74301925171839));
#5129=CARTESIAN_POINT('',(8.75001209047303,0.,4.74301925171838));
#5130=CARTESIAN_POINT('',(-17.5000241809461,0.,10.7957299599661));
#5131=CARTESIAN_POINT('',(-17.5000241809461,0.,-12.9172518642109));
#5132=CARTESIAN_POINT('',(-20.5000241809461,0.,13.7957299599661));
#5133=CARTESIAN_POINT('Origin',(-20.5000241809461,0.,10.7957299599661));
#5134=CARTESIAN_POINT('',(-100.500461336006,0.,13.795729959966));
#5135=CARTESIAN_POINT('',(-8.75001209047303,0.,13.7957299599661));
#5136=CARTESIAN_POINT('',(-103.500461336006,0.,10.795729959966));
#5137=CARTESIAN_POINT('Origin',(-100.500461336006,0.,10.795729959966));
#5138=CARTESIAN_POINT('',(-103.500461336006,0.,-25.204270040034));
#5139=CARTESIAN_POINT('',(-103.500461336006,0.,8.08274813578914));
#5140=CARTESIAN_POINT('',(-100.500461336006,0.,-28.204270040034));
#5141=CARTESIAN_POINT('Origin',(-100.500461336006,0.,-25.204270040034));
#5142=CARTESIAN_POINT('',(-20.5000241809461,0.,-28.204270040034));
#5143=CARTESIAN_POINT('',(-51.7502306680032,0.,-28.204270040034));
#5144=CARTESIAN_POINT('',(-17.5000241809461,0.,-25.204270040034));
#5145=CARTESIAN_POINT('Origin',(-20.5000241809461,0.,-25.204270040034));
#5146=CARTESIAN_POINT('',(-17.5000241809461,0.,-22.8436847995653));
#5147=CARTESIAN_POINT('',(-17.5000241809461,0.,-12.9172518642109));
#5148=CARTESIAN_POINT('',(-4.74271030121782,0.,-22.8436847995653));
#5149=CARTESIAN_POINT('',(-8.75001209047303,0.,-22.8436847995653));
#5150=CARTESIAN_POINT('',(-4.74271030121782,0.,-30.3103138691488));
#5151=CARTESIAN_POINT('',(-4.74271030121782,0.,-12.9945525035376));
#5152=CARTESIAN_POINT('',(-10.0312614840299,0.,-30.3103138691488));
#5153=CARTESIAN_POINT('',(4.44089209850063E-15,0.,-30.3103138691487));
#5154=CARTESIAN_POINT('',(-15.7244074767488,0.,-31.1169046611318));
#5155=CARTESIAN_POINT('',(-40.3448640916829,0.,-34.6050698382526));
#5156=CARTESIAN_POINT('',(-14.7845538582638,2.77555756156289E-16,-37.7506573830696));
#5157=CARTESIAN_POINT('',(-14.650452020501,2.77555756156289E-16,-38.6971860911359));
#5158=CARTESIAN_POINT('',(-15.6343895453464,0.,-38.8810463891029));
#5159=CARTESIAN_POINT('Origin',(-15.7746662048217,0.,-37.8909340425449));
#5160=CARTESIAN_POINT('',(-36.9218049963418,0.,-41.8969945678223));
#5161=CARTESIAN_POINT('',(-18.9497838497372,0.,-39.3507632242481));
#5162=CARTESIAN_POINT('',(-38.052194002375,0.,-41.0471588807397));
#5163=CARTESIAN_POINT('Origin',(-37.0620816558171,0.,-40.9068822212644));
#5164=CARTESIAN_POINT('',(-38.9920476208598,0.,-34.4134061588013));
#5165=CARTESIAN_POINT('',(-38.4581573035923,0.,-38.1817550545576));
#5166=CARTESIAN_POINT('',(-77.7438954314834,0.,-39.9036717617587));
#5167=CARTESIAN_POINT('',(-40.3448640916829,0.,-34.6050698382526));
#5168=CARTESIAN_POINT('',(-80.9680922733329,0.,-38.0015735666595));
#5169=CARTESIAN_POINT('Origin',(-78.1647254099093,0.,-36.9333347220849));
#5170=CARTESIAN_POINT('',(-89.0057524757886,0.,-37.4059265104967));
#5171=CARTESIAN_POINT('Origin',(-85.1264197874113,0.,-39.5861278527786));
#5172=CARTESIAN_POINT('',(-91.6210329398631,0.,-38.9361278527785));
#5173=CARTESIAN_POINT('Origin',(-91.6210329398631,0.,-35.9361278527785));
#5174=CARTESIAN_POINT('',(-127.000001892447,0.,-38.9361278527786));
#5175=CARTESIAN_POINT('',(-63.5000009462237,0.,-38.9361278527785));
#5176=CARTESIAN_POINT('',(-127.000001892447,0.,18.4772899375556));
#5177=CARTESIAN_POINT('',(-127.000001892447,0.,-45.4361278527787));
#5178=CARTESIAN_POINT('',(-88.7188598803578,0.,18.4772899375556));
#5179=CARTESIAN_POINT('',(-44.3594299401789,0.,18.4772899375556));
#5180=CARTESIAN_POINT('',(-88.7188598803579,0.,32.7193831000645));
#5181=CARTESIAN_POINT('',(-88.7188598803578,0.,18.8470380225216));
#5182=CARTESIAN_POINT('',(-86.1396898587838,0.,35.6897201397383));
#5183=CARTESIAN_POINT('Origin',(-85.7188598803579,0.,32.7193831000645));
#5184=CARTESIAN_POINT('',(-8.80718463086014,0.,46.645997515677));
#5185=CARTESIAN_POINT('',(-7.46031458436713,0.,46.836818720489));
#5186=CARTESIAN_POINT('',(-8.38635465243421,0.,46.6756604760032));
#5187=CARTESIAN_POINT('Origin',(-8.3863546524342,0.,43.6756604760032));
#5188=CARTESIAN_POINT('',(-4.45650909301057,0.,46.6756604760032));
#5189=CARTESIAN_POINT('',(4.29890753264325,0.,46.6756604760032));
#5190=CARTESIAN_POINT('',(-4.45650909301057,0.,45.3256604760032));
#5191=CARTESIAN_POINT('',(-4.45650909301057,0.,23.8477133938077));
#5192=CARTESIAN_POINT('',(4.44349090698942,0.,45.3256604760031));
#5193=CARTESIAN_POINT('Origin',(-0.0065090930105729,0.,45.3256604760032));
#5194=CARTESIAN_POINT('',(4.44349090698942,0.,46.6756604760032));
#5195=CARTESIAN_POINT('',(4.44349090698942,0.,24.5227133938077));
#5196=CARTESIAN_POINT('',(8.38635465243407,0.,46.6756604760032));
#5197=CARTESIAN_POINT('',(4.29890753264325,0.,46.6756604760032));
#5198=CARTESIAN_POINT('',(8.80718463086,0.,46.645997515677));
#5199=CARTESIAN_POINT('Origin',(8.38635465243407,0.,43.6756604760032));
#5200=CARTESIAN_POINT('',(86.1396898587838,0.,35.6897201397383));
#5201=CARTESIAN_POINT('',(47.5208369919028,0.,41.161143349203));
#5202=CARTESIAN_POINT('',(88.7188598803579,0.,32.7193831000645));
#5203=CARTESIAN_POINT('Origin',(85.7188598803579,0.,32.7193831000645));
#5204=CARTESIAN_POINT('',(88.7188598803578,0.,18.4772899375556));
#5205=CARTESIAN_POINT('',(88.7188598803578,0.,10.4235281245838));
#5206=CARTESIAN_POINT('',(127.000001892447,0.,18.4772899375556));
#5207=CARTESIAN_POINT('',(63.5000009462237,0.,18.4772899375556));
#5208=CARTESIAN_POINT('',(127.000001892447,0.,-39.0000005811453));
#5209=CARTESIAN_POINT('',(127.000001892447,0.,-45.4361278527786));
#5210=CARTESIAN_POINT('',(94.0000018924475,0.,-38.9361278527786));
#5211=CARTESIAN_POINT('',(46.9602026237809,0.,-38.8450805703206));
#5212=CARTESIAN_POINT('',(91.621032939863,0.,-38.9361278527786));
#5213=CARTESIAN_POINT('',(44.7643459640111,0.,-38.9361278527786));
#5214=CARTESIAN_POINT('',(89.0057524757884,0.,-37.4059265104967));
#5215=CARTESIAN_POINT('Origin',(91.621032939863,0.,-35.9361278527786));
#5216=CARTESIAN_POINT('',(80.9680922733328,0.,-38.0015735666594));
#5217=CARTESIAN_POINT('Origin',(85.1264197874112,0.,-39.5861278527786));
#5218=CARTESIAN_POINT('',(77.7438954314832,0.,-39.9036717617585));
#5219=CARTESIAN_POINT('Origin',(78.1647254099091,0.,-36.9333347220847));
#5220=CARTESIAN_POINT('',(2.84486353288914,0.,-29.2921628464367));
#5221=CARTESIAN_POINT('Origin',(15.7244074767486,4.2,-31.1169046611314));
#5222=CARTESIAN_POINT('',(15.7244074767486,4.2,-31.1169046611314));
#5223=CARTESIAN_POINT('',(14.1822102443001,4.2,-42.002169012208));
#5224=CARTESIAN_POINT('',(15.7244074767485,2.1,-31.1169046611318));
#5225=CARTESIAN_POINT('Origin',(-15.7746662048217,4.2,-37.8909340425449));
#5226=CARTESIAN_POINT('',(-14.7845538582638,4.2,-37.7506573830696));
#5227=CARTESIAN_POINT('',(-14.7845538582638,4.2,-37.7506573830696));
#5228=CARTESIAN_POINT('',(-15.6343895453464,4.2,-38.8810463891029));
#5229=CARTESIAN_POINT('Origin',(-15.7746662048217,4.2,-37.8909340425449));
#5230=CARTESIAN_POINT('',(-15.6343895453464,4.2,-38.8810463891029));
#5231=CARTESIAN_POINT('Origin',(-37.9119173428997,4.2,-42.0372712272976));
#5232=CARTESIAN_POINT('',(-36.9218049963418,4.2,-41.8969945678223));
#5233=CARTESIAN_POINT('',(-60.8462220265975,4.2,-45.2865465843847));
#5234=CARTESIAN_POINT('',(-36.9218049963418,4.2,-41.8969945678223));
#5235=CARTESIAN_POINT('Origin',(-37.0620816558171,4.2,-40.9068822212644));
#5236=CARTESIAN_POINT('',(-38.052194002375,4.2,-41.0471588807397));
#5237=CARTESIAN_POINT('Origin',(-37.0620816558171,4.2,-40.9068822212644));
#5238=CARTESIAN_POINT('',(-38.052194002375,4.2,-41.0471588807397));
#5239=CARTESIAN_POINT('Origin',(-38.9920476208598,4.2,-34.4134061588013));
#5240=CARTESIAN_POINT('',(-38.9920476208598,4.2,-34.4134061588013));
#5241=CARTESIAN_POINT('',(-39.1249290204378,4.2,-33.4754916487026));
#5242=CARTESIAN_POINT('',(-38.9920476208596,2.1,-34.4134061588025));
#5243=CARTESIAN_POINT('Origin',(-14.6442771987884,4.2,-38.7407697296275));
#5244=CARTESIAN_POINT('',(-15.7244074767488,4.2,-31.1169046611318));
#5245=CARTESIAN_POINT('',(-15.7244074767486,2.1,-31.1169046611332));
#5246=CARTESIAN_POINT('',(-15.3172237373469,4.2,-33.9909226852791));
#5247=CARTESIAN_POINT('Origin',(14.6442771987886,4.2,-38.740769729628));
#5248=CARTESIAN_POINT('',(-34.2389392008429,4.2,-31.8151169743749));
#5249=CARTESIAN_POINT('Origin',(-85.0312626016277,0.,-40.9361278527786));
#5250=CARTESIAN_POINT('',(-10.0312614840299,4.2,-30.3103138691488));
#5251=CARTESIAN_POINT('',(-10.0312614840299,0.,-30.3103138691488));
#5252=CARTESIAN_POINT('',(-40.3448640916829,4.2,-34.6050698382526));
#5253=CARTESIAN_POINT('Origin',(-85.0312626016277,0.,-40.9361278527786));
#5254=CARTESIAN_POINT('',(-44.6851936135679,4.2,-35.2199969507855));
#5255=CARTESIAN_POINT('',(-40.3448640916829,4.2,-34.6050698382526));
#5256=CARTESIAN_POINT('',(-44.685193613568,1.6,-35.2199969507846));
#5257=CARTESIAN_POINT('',(-44.6851936135679,1.75,-35.2199969507855));
#5258=CARTESIAN_POINT('',(-64.4874405447266,1.6,-38.0255301402909));
#5259=CARTESIAN_POINT('',(-41.1861342343873,1.6,-34.7242589037613));
#5260=CARTESIAN_POINT('',(-64.4874405447265,4.2,-38.0255301402913));
#5261=CARTESIAN_POINT('',(-64.4874405447265,1.75,-38.0255301402913));
#5262=CARTESIAN_POINT('',(-81.5211587014948,4.2,-40.438825045442));
#5263=CARTESIAN_POINT('',(-40.3448640916829,4.2,-34.6050698382526));
#5264=CARTESIAN_POINT('',(-81.5211587014948,1.9,-40.438825045442));
#5265=CARTESIAN_POINT('',(-81.5211587014948,0.,-40.438825045442));
#5266=CARTESIAN_POINT('',(-77.7438954314834,1.9,-39.9036717617587));
#5267=CARTESIAN_POINT('',(-48.397801963716,1.9,-35.7459900859174));
#5268=CARTESIAN_POINT('',(-77.7438954314834,0.,-39.9036717617587));
#5269=CARTESIAN_POINT('Origin',(-85.1264197874113,4.2,-39.0361278527786));
#5270=CARTESIAN_POINT('',(10.0312614840406,4.2,-30.3103138691487));
#5271=CARTESIAN_POINT('',(-5.01563074201491,4.2,-30.3103138691488));
#5272=CARTESIAN_POINT('',(2.84486353288914,4.2,-29.2921628464367));
#5273=CARTESIAN_POINT('',(44.685193613568,4.2,-35.2199969507846));
#5274=CARTESIAN_POINT('',(2.84486353288914,4.2,-29.2921628464367));
#5275=CARTESIAN_POINT('',(43.9838103161915,4.2,-40.1705586835739));
#5276=CARTESIAN_POINT('',(42.7221664026935,4.2,-49.075598341535));
#5277=CARTESIAN_POINT('',(44.8336460032741,4.2,-41.3009476896071));
#5278=CARTESIAN_POINT('Origin',(44.9739226627494,4.2,-40.3108353430492));
#5279=CARTESIAN_POINT('',(62.6556682413169,4.2,-43.8259275601627));
#5280=CARTESIAN_POINT('',(-9.61895234574568,4.2,-33.5862387248053));
#5281=CARTESIAN_POINT('',(63.7860572473501,4.2,-42.9760918730801));
#5282=CARTESIAN_POINT('Origin',(62.7959449007922,4.2,-42.8358152136048));
#5283=CARTESIAN_POINT('',(64.4874405447266,4.2,-38.0255301402909));
#5284=CARTESIAN_POINT('',(62.9452433122781,4.2,-48.9107944913674));
#5285=CARTESIAN_POINT('',(81.5211587014947,4.2,-40.4388250454419));
#5286=CARTESIAN_POINT('',(2.84486353288914,4.2,-29.2921628464367));
#5287=CARTESIAN_POINT('',(82.6515477075279,4.2,-39.5889893583593));
#5288=CARTESIAN_POINT('Origin',(81.66143536097,4.2,-39.448712698884));
#5289=CARTESIAN_POINT('',(82.700640806678,4.2,-39.2424763762201));
#5290=CARTESIAN_POINT('',(82.5112710480526,4.2,-40.5791017049172));
#5291=CARTESIAN_POINT('',(87.5764197874112,4.2,-39.5861278527786));
#5292=CARTESIAN_POINT('Origin',(85.1264197874112,4.2,-39.5861278527786));
#5293=CARTESIAN_POINT('',(87.5764197874112,4.2,-39.9361278527771));
#5294=CARTESIAN_POINT('',(87.5764197874112,4.2,-40.9361278527786));
#5295=CARTESIAN_POINT('',(88.5764197874111,4.2,-40.9361278527771));
#5296=CARTESIAN_POINT('Origin',(88.5764197874112,4.2,-39.9361278527771));
#5297=CARTESIAN_POINT('',(93.0000018924474,4.2,-40.9361278527773));
#5298=CARTESIAN_POINT('',(42.5156313008076,4.2,-40.9361278527754));
#5299=CARTESIAN_POINT('',(94.0000018924475,4.2,-39.9361278527773));
#5300=CARTESIAN_POINT('Origin',(93.0000018924475,4.2,-39.9361278527773));
#5301=CARTESIAN_POINT('',(94.0000018924475,4.2,-38.9361278527786));
#5302=CARTESIAN_POINT('',(94.0000018924475,4.2,-19.2831807705832));
#5303=CARTESIAN_POINT('',(127.000001892447,4.2,-39.0000005811453));
#5304=CARTESIAN_POINT('',(46.9602026237809,4.2,-38.8450805703206));
#5305=CARTESIAN_POINT('',(127.000001892447,4.2,-42.4361278527776));
#5306=CARTESIAN_POINT('',(127.000001892447,4.2,-21.5331807705832));
#5307=CARTESIAN_POINT('',(124.000001892447,4.2,-45.4361278527776));
#5308=CARTESIAN_POINT('Origin',(124.000001892447,4.2,-42.4361278527776));
#5309=CARTESIAN_POINT('',(7.00728969878218,4.2,-45.4361278527781));
#5310=CARTESIAN_POINT('',(-63.5000009462236,4.2,-45.4361278527784));
#5311=CARTESIAN_POINT('',(7.00728969878218,4.2,-32.3524476409912));
#5312=CARTESIAN_POINT('',(7.00728969878218,4.2,-14.9913406646895));
#5313=CARTESIAN_POINT('',(-6.99271030121782,4.2,-32.360102096978));
#5314=CARTESIAN_POINT('',(0.0136847713392185,4.2,-32.3562713724988));
#5315=CARTESIAN_POINT('',(-6.99271030121782,4.2,-45.4361278527782));
#5316=CARTESIAN_POINT('',(-6.99271030121782,4.2,-14.9951678926829));
#5317=CARTESIAN_POINT('',(-124.000001892447,4.2,-45.4361278527787));
#5318=CARTESIAN_POINT('',(-63.5000009462236,4.2,-45.4361278527784));
#5319=CARTESIAN_POINT('',(-127.000001892447,4.2,-42.4361278527787));
#5320=CARTESIAN_POINT('Origin',(-124.000001892447,4.2,-42.4361278527787));
#5321=CARTESIAN_POINT('',(-127.000001892447,4.2,-39.0000005811453));
#5322=CARTESIAN_POINT('',(-127.000001892447,4.2,12.1735281245839));
#5323=CARTESIAN_POINT('',(-94.0000018924475,4.2,-39.0000005811453));
#5324=CARTESIAN_POINT('',(-63.5000009462237,4.2,-39.0000005811453));
#5325=CARTESIAN_POINT('',(-94.0000018924475,4.2,-39.9361278527786));
#5326=CARTESIAN_POINT('',(-94.0000018924475,4.2,-18.3151171347665));
#5327=CARTESIAN_POINT('',(-93.0000018924474,4.2,-40.9361278527786));
#5328=CARTESIAN_POINT('Origin',(-93.0000018924474,4.2,-39.9361278527786));
#5329=CARTESIAN_POINT('',(-88.5764197874113,4.2,-40.9361278527786));
#5330=CARTESIAN_POINT('',(-47.0000009462237,4.2,-40.9361278527786));
#5331=CARTESIAN_POINT('',(-87.5764197874113,4.2,-39.9361278527786));
#5332=CARTESIAN_POINT('Origin',(-88.5764197874113,4.2,-39.9361278527786));
#5333=CARTESIAN_POINT('',(-87.5764197874113,4.2,-39.5861280656458));
#5334=CARTESIAN_POINT('',(-87.5764197874113,4.2,-40.9361278527786));
#5335=CARTESIAN_POINT('',(-82.7006455696584,4.2,-39.2424427577583));
#5336=CARTESIAN_POINT('Origin',(-85.1264197874113,4.2,-39.5861278527786));
#5337=CARTESIAN_POINT('',(-82.651547707528,4.2,-39.5889893583594));
#5338=CARTESIAN_POINT('',(-82.5112710480527,4.2,-40.5791017049173));
#5339=CARTESIAN_POINT('Origin',(-81.6614353609701,4.2,-39.4487126988841));
#5340=CARTESIAN_POINT('',(-63.7860572473501,4.2,-42.9760918730801));
#5341=CARTESIAN_POINT('',(-64.1994919658786,4.2,-40.0579526698661));
#5342=CARTESIAN_POINT('',(-62.6556682413168,4.2,-43.8259275601628));
#5343=CARTESIAN_POINT('Origin',(-62.7959449007922,4.2,-42.8358152136048));
#5344=CARTESIAN_POINT('',(-44.8336460032741,4.2,-41.3009476896072));
#5345=CARTESIAN_POINT('',(-63.9312653440599,4.2,-44.0066509912272));
#5346=CARTESIAN_POINT('',(-43.9838103161915,4.2,-40.1705586835739));
#5347=CARTESIAN_POINT('Origin',(-44.9739226627494,4.2,-40.3108353430492));
#5348=CARTESIAN_POINT('',(-44.818075013146,4.2,-34.2820824406863));
#5349=CARTESIAN_POINT('',(83.9764197874112,4.2,-39.5861278527786));
#5350=CARTESIAN_POINT('Origin',(85.1264197874112,4.2,-39.5861278527786));
#5351=CARTESIAN_POINT('',(-86.2764197874113,4.2,-39.5861278527786));
#5352=CARTESIAN_POINT('Origin',(-85.1264197874113,4.2,-39.5861278527786));
#5353=CARTESIAN_POINT('Origin',(10.0312614840406,0.,-30.3103138691487));
#5354=CARTESIAN_POINT('',(10.0312614840406,0.,-30.3103138691487));
#5355=CARTESIAN_POINT('Origin',(112.523712732003,-10.1301363382377,-3.90313131239152));
#5356=CARTESIAN_POINT('',(112.523712732003,-9.24520600533959,-1.51212769342379));
#5357=CARTESIAN_POINT('',(112.523712732003,-10.0273783305407,-6.45056939639948));
#5358=CARTESIAN_POINT('Origin',(112.523712732003,-9.63629216794017,-3.98134854491164));
#5359=CARTESIAN_POINT('',(112.523712732003,-9.73905017563716,-1.43391046090368));
#5360=CARTESIAN_POINT('',(112.523712732003,-9.73905017563716,-1.43391046090368));
#5361=CARTESIAN_POINT('',(112.523712732003,-10.5212225008383,-6.37235216387936));
#5362=CARTESIAN_POINT('Origin',(112.523712732003,-10.1301363382377,-3.90313131239152));
#5363=CARTESIAN_POINT('',(112.523712732003,-10.5212225008383,-6.37235216387936));
#5364=CARTESIAN_POINT('Origin',(117.523712732003,-9.63629216794017,-3.98134854491164));
#5365=CARTESIAN_POINT('',(122.523712732003,-10.0273783305407,-6.45056939639948));
#5366=CARTESIAN_POINT('',(110.023712732003,-10.0273783305407,-6.45056939639948));
#5367=CARTESIAN_POINT('',(122.523712732003,-9.24520600533959,-1.51212769342379));
#5368=CARTESIAN_POINT('Origin',(122.523712732003,-9.63629216794017,-3.98134854491163));
#5369=CARTESIAN_POINT('',(125.023712732003,-9.24520600533959,-1.51212769342379));
#5370=CARTESIAN_POINT('Origin',(125.023712732003,-10.5212225008383,-6.37235216387936));
#5371=CARTESIAN_POINT('',(122.523712732003,-10.5212225008383,-6.37235216387936));
#5372=CARTESIAN_POINT('',(62.5118563660013,-10.5212225008383,-6.37235216387937));
#5373=CARTESIAN_POINT('',(122.523712732003,-10.5212225008383,-6.37235216387936));
#5374=CARTESIAN_POINT('Origin',(122.523712732003,-10.1301363382377,-3.90313131239152));
#5375=CARTESIAN_POINT('',(122.523712732003,-9.73905017563716,-1.43391046090368));
#5376=CARTESIAN_POINT('Origin',(122.523712732003,-10.1301363382377,-3.90313131239152));
#5377=CARTESIAN_POINT('',(122.523712732003,-9.73905017563716,-1.43391046090367));
#5378=CARTESIAN_POINT('Origin',(110.023712732003,-9.73905017563716,-1.43391046090368));
#5379=CARTESIAN_POINT('',(55.0118563660013,-9.73905017563716,-1.43391046090368));
#5380=CARTESIAN_POINT('Origin',(-125.023712732003,-9.73905017563716,-1.43391046090369));
#5381=CARTESIAN_POINT('',(-122.523712732003,-9.24520600533959,-1.51212769342381));
#5382=CARTESIAN_POINT('',(-122.523712732003,-9.73905017563716,-1.43391046090369));
#5383=CARTESIAN_POINT('',(-122.523712732003,-9.73905017563716,-1.43391046090369));
#5384=CARTESIAN_POINT('',(-112.523712732003,-9.24520600533959,-1.51212769342381));
#5385=CARTESIAN_POINT('',(-125.023712732003,-9.24520600533959,-1.51212769342381));
#5386=CARTESIAN_POINT('',(-112.523712732003,-9.73905017563716,-1.43391046090369));
#5387=CARTESIAN_POINT('',(-112.523712732003,-9.73905017563716,-1.43391046090369));
#5388=CARTESIAN_POINT('',(-62.5118563660013,-9.73905017563716,-1.43391046090369));
#5389=CARTESIAN_POINT('Origin',(-112.523712732003,-10.1301363382377,-3.90313131239154));
#5390=CARTESIAN_POINT('',(-112.523712732003,-10.0273783305407,-6.45056939639949));
#5391=CARTESIAN_POINT('Origin',(-112.523712732003,-9.63629216794017,-3.98134854491165));
#5392=CARTESIAN_POINT('',(-112.523712732003,-10.5212225008383,-6.37235216387938));
#5393=CARTESIAN_POINT('',(-112.523712732003,-10.5212225008383,-6.37235216387938));
#5394=CARTESIAN_POINT('Origin',(-112.523712732003,-10.1301363382377,-3.90313131239154));
#5395=CARTESIAN_POINT('Origin',(-122.523712732003,-10.1301363382377,-3.90313131239154));
#5396=CARTESIAN_POINT('',(-122.523712732003,-10.0273783305407,-6.4505693963995));
#5397=CARTESIAN_POINT('Origin',(-122.523712732003,-9.63629216794017,-3.98134854491165));
#5398=CARTESIAN_POINT('',(-122.523712732003,-10.5212225008383,-6.37235216387938));
#5399=CARTESIAN_POINT('Origin',(-122.523712732003,-10.1301363382377,-3.90313131239154));
#5400=CARTESIAN_POINT('',(-122.523712732003,-10.5212225008383,-6.37235216387938));
#5401=CARTESIAN_POINT('Origin',(-110.023712732003,-10.5212225008383,-6.37235216387938));
#5402=CARTESIAN_POINT('',(-110.023712732003,-10.0273783305407,-6.45056939639949));
#5403=CARTESIAN_POINT('',(-55.0118563660013,-10.5212225008383,-6.37235216387938));
#5404=CARTESIAN_POINT('Origin',(7.5,-3.04944681973123,40.8025828600227));
#5405=CARTESIAN_POINT('',(-5.,-3.04944681973121,40.8025828600227));
#5406=CARTESIAN_POINT('',(-5.,-2.55560264943366,40.7243656275026));
#5407=CARTESIAN_POINT('',(-5.,-3.04944681973123,40.8025828600227));
#5408=CARTESIAN_POINT('',(5.,-3.04944681973121,40.8025828600227));
#5409=CARTESIAN_POINT('',(3.75000000000002,-3.04944681973121,40.8025828600227));
#5410=CARTESIAN_POINT('',(5.,-2.55560264943366,40.7243656275026));
#5411=CARTESIAN_POINT('',(5.,-3.04944681973125,40.8025828600227));
#5412=CARTESIAN_POINT('',(7.5,-2.55560264943366,40.7243656275026));
#5413=CARTESIAN_POINT('Origin',(-5.,-2.65836065713065,43.2718037115106));
#5414=CARTESIAN_POINT('',(-5.,-1.77343032423251,45.6628073304783));
#5415=CARTESIAN_POINT('Origin',(-5.,-2.1645164868331,43.1935864789905));
#5416=CARTESIAN_POINT('',(-5.,-2.26727449453006,45.7410245629984));
#5417=CARTESIAN_POINT('',(-5.,-2.26727449453005,45.7410245629984));
#5418=CARTESIAN_POINT('Origin',(-5.,-2.65836065713035,43.2718037115105));
#5419=CARTESIAN_POINT('Origin',(-7.5,-2.26727449453007,45.7410245629984));
#5420=CARTESIAN_POINT('',(5.,-1.77343032423251,45.6628073304783));
#5421=CARTESIAN_POINT('',(-7.5,-1.77343032423251,45.6628073304783));
#5422=CARTESIAN_POINT('',(5.,-2.26727449453006,45.7410245629984));
#5423=CARTESIAN_POINT('',(5.,-2.26727449453007,45.7410245629984));
#5424=CARTESIAN_POINT('',(-3.74999999999999,-2.26727449453006,45.7410245629984));
#5425=CARTESIAN_POINT('Origin',(5.,-2.65836065713065,43.2718037115106));
#5426=CARTESIAN_POINT('Origin',(5.,-2.1645164868331,43.1935864789905));
#5427=CARTESIAN_POINT('Origin',(5.,-2.65836065713035,43.2718037115106));
#5428=CARTESIAN_POINT('Origin',(3.75728969878218,1.99164049331539,-29.3562744205865));
#5429=CARTESIAN_POINT('',(4.75728969878218,1.99164049331539,-30.3103138691487));
#5430=CARTESIAN_POINT('',(3.75728969878218,2.99164049331539,-30.3103138691487));
#5431=CARTESIAN_POINT('Origin',(3.75728969878218,1.99164049331539,-30.3103138691488));
#5432=CARTESIAN_POINT('',(3.75728969878218,2.99164049331539,-32.3542245682739));
#5433=CARTESIAN_POINT('',(3.75728969878218,2.99164049331539,-29.3562744205865));
#5434=CARTESIAN_POINT('',(4.75728969878218,1.99164049331539,-32.3536778214177));
#5435=CARTESIAN_POINT('Origin',(3.75728969878218,1.99164049331539,-32.3542245682739));
#5436=CARTESIAN_POINT('',(4.75728969878218,1.99164049331539,-29.3562744205865));
#5437=CARTESIAN_POINT('Origin',(-4.74271030121782,2.99164049331539,-28.3588713186874));
#5438=CARTESIAN_POINT('',(-3.74271030121782,2.99164049331539,-30.3103138691487));
#5439=CARTESIAN_POINT('',(-7.38698589262387,2.99164049331539,-30.3103138691488));
#5440=CARTESIAN_POINT('',(-3.74271030121782,2.99164049331539,-32.3583251696954));
#5441=CARTESIAN_POINT('',(-3.74271030121782,2.99164049331539,-29.3588714681534));
#5442=CARTESIAN_POINT('',(-2.36607006089438,2.99164049331539,-32.3575724959719));
#5443=CARTESIAN_POINT('Origin',(-3.74271030121782,1.99164049331539,-29.3588714681534));
#5444=CARTESIAN_POINT('',(-4.74271030121782,1.99164049331539,-30.3103138691487));
#5445=CARTESIAN_POINT('Origin',(-3.74271030121782,1.99164049331539,-30.3103138691488));
#5446=CARTESIAN_POINT('',(-4.74271030121782,1.99164049331539,-32.3588719165516));
#5447=CARTESIAN_POINT('',(-4.74271030121782,1.99164049331539,-29.3588714681534));
#5448=CARTESIAN_POINT('Origin',(-3.74271030121782,1.99164049331539,-32.3583251696954));
#5449=CARTESIAN_POINT('Origin',(-4.74271030121782,-0.608359506684607,-30.3588716176195));
#5450=CARTESIAN_POINT('',(-4.74271030121782,0.391640493315395,-30.3103138691487));
#5451=CARTESIAN_POINT('',(-4.74271030121782,-1.98858919555998,-30.3103138691487));
#5452=CARTESIAN_POINT('',(-4.74271030121782,0.391640493315395,-32.3588719165516));
#5453=CARTESIAN_POINT('',(-4.74271030121782,0.391640493315395,-29.3562744205865));
#5454=CARTESIAN_POINT('',(-4.74271030121782,0.291640493315389,-32.3588719165516));
#5455=CARTESIAN_POINT('Origin',(-3.74271030121782,0.391640493315395,-29.3562744205865));
#5456=CARTESIAN_POINT('',(-3.74271030121782,-0.608359506684605,-32.3583251696954));
#5457=CARTESIAN_POINT('Origin',(-3.74271030121782,0.391640493315395,-32.3583251696954));
#5458=CARTESIAN_POINT('',(-3.74271030121782,-0.608359506684605,-30.3103138691487));
#5459=CARTESIAN_POINT('Origin',(-3.74271030121782,0.391640493315395,-30.3103138691488));
#5460=CARTESIAN_POINT('',(-3.74271030121782,-0.608359506684605,-29.3562744205865));
#5461=CARTESIAN_POINT('Origin',(3.75728969878218,0.391640493315409,-29.3536773730195));
#5462=CARTESIAN_POINT('',(4.75728969878218,0.391640493315409,-32.3536778214177));
#5463=CARTESIAN_POINT('',(3.75728969878218,-0.608359506684591,-32.3542245682739));
#5464=CARTESIAN_POINT('Origin',(3.75728969878218,0.391640493315409,-32.3542245682739));
#5465=CARTESIAN_POINT('',(3.75728969878218,-0.608359506684591,-30.3103138691487));
#5466=CARTESIAN_POINT('',(3.75728969878218,-0.608359506684591,-29.3536773730195));
#5467=CARTESIAN_POINT('',(4.75728969878218,0.391640493315409,-30.3103138691487));
#5468=CARTESIAN_POINT('Origin',(3.75728969878218,0.391640493315409,-30.3103138691488));
#5469=CARTESIAN_POINT('',(4.75728969878218,0.391640493315409,-29.3536773730195));
#5470=CARTESIAN_POINT('Origin',(4.75728969878218,2.99164049331539,-30.3536775224856));
#5471=CARTESIAN_POINT('',(4.75728969878218,2.09164049331539,-32.3536778214177));
#5472=CARTESIAN_POINT('',(4.75728969878218,-0.188589195559982,-30.3103138691487));
#5473=CARTESIAN_POINT('Origin',(-5.99271030121782,-1.85835950668462,-32.3562748689846));
#5474=CARTESIAN_POINT('',(-5.99271030121782,-2.85835950668462,-32.3595553501218));
#5475=CARTESIAN_POINT('',(-6.99271030121782,-1.85835950668462,-32.360102096978));
#5476=CARTESIAN_POINT('Origin',(-5.99271030121782,-1.85835950668462,-32.3595553501218));
#5477=CARTESIAN_POINT('',(-5.99271030121781,-2.85835950668462,-45.4361278527782));
#5478=CARTESIAN_POINT('',(-5.99271030121782,-2.85835950668462,-32.3562748689846));
#5479=CARTESIAN_POINT('',(-6.99271030121782,-1.85835950668462,-45.4361278527782));
#5480=CARTESIAN_POINT('Origin',(-5.99271030121782,-1.85835950668462,-45.4361278527787));
#5481=CARTESIAN_POINT('',(-6.99271030121782,-1.85835950668462,-32.3562748689846));
#5482=CARTESIAN_POINT('Origin',(7.00728969878218,-2.8583595066846,-32.3524476409912));
#5483=CARTESIAN_POINT('',(6.00728969878218,-2.8583595066846,-32.3529943878474));
#5484=CARTESIAN_POINT('',(3.51668074243188,-2.8583595066846,-32.3543561204643));
#5485=CARTESIAN_POINT('',(6.00728969878219,-2.8583595066846,-45.4361278527781));
#5486=CARTESIAN_POINT('',(6.00728969878218,-2.8583595066846,-32.3524476409912));
#5487=CARTESIAN_POINT('',(-59.9963560968326,-2.85835950668472,-45.4361278527784));
#5488=CARTESIAN_POINT('Origin',(6.00728969878218,-1.8583595066846,-32.3524476409912));
#5489=CARTESIAN_POINT('',(7.00728969878218,-1.8583595066846,-32.3524476409912));
#5490=CARTESIAN_POINT('Origin',(6.00728969878218,-1.8583595066846,-32.3529943878474));
#5491=CARTESIAN_POINT('',(7.00728969878218,-1.8583595066846,-45.4361278527781));
#5492=CARTESIAN_POINT('',(7.00728969878218,-1.8583595066846,-32.3524476409912));
#5493=CARTESIAN_POINT('Origin',(6.00728969878218,-1.8583595066846,-45.4361278527787));
#5494=CARTESIAN_POINT('Origin',(0.00838319233114322,1.19164049331539,-32.3562742711205));
#5495=CARTESIAN_POINT('',(-6.99271030121782,-0.833359506684622,-32.360102096978));
#5496=CARTESIAN_POINT('',(7.00728969878218,3.21664049331538,-32.3524476409912));
#5497=CARTESIAN_POINT('',(2.38392993910563,-0.608359506684594,-32.3549754484049));
#5498=CARTESIAN_POINT('Origin',(124.000001892447,0.,-42.4361278527776));
#5499=CARTESIAN_POINT('',(127.000001892447,-5.64218531280589,-42.4361278527776));
#5500=CARTESIAN_POINT('',(127.000001892447,0.,-42.4361278527776));
#5501=CARTESIAN_POINT('',(124.000001892447,-5.16703199183229,-45.4361278527776));
#5502=CARTESIAN_POINT('Origin',(124.000001892447,-5.64218531280589,-42.4361278527776));
#5503=CARTESIAN_POINT('',(124.000001892447,0.,-45.4361278527776));
#5504=CARTESIAN_POINT('Origin',(-127.000001892447,0.,-45.4361278527787));
#5505=CARTESIAN_POINT('',(-124.000001892447,-5.16703199183211,-45.4361278527787));
#5506=CARTESIAN_POINT('',(-63.5000009462236,-5.16703199183216,-45.4361278527784));
#5507=CARTESIAN_POINT('',(-124.000001892447,0.,-45.4361278527787));
#5508=CARTESIAN_POINT('',(-6.99271030121782,-1.42917975334231,-45.4361278527782));
#5509=CARTESIAN_POINT('',(7.00728969878218,2.6208202466577,-45.4361278527781));
#5510=CARTESIAN_POINT('Origin',(-124.000001892447,0.,-42.4361278527787));
#5511=CARTESIAN_POINT('',(-127.000001892447,-5.64218531280572,-42.4361278527787));
#5512=CARTESIAN_POINT('Origin',(-124.000001892447,-5.64218531280572,-42.4361278527787));
#5513=CARTESIAN_POINT('',(-127.000001892447,0.,-42.4361278527787));
#5514=CARTESIAN_POINT('Origin',(-91.6210329398631,0.,-35.9361278527785));
#5515=CARTESIAN_POINT('',(-89.0057524757886,1.9,-37.4059265104967));
#5516=CARTESIAN_POINT('',(-89.0057524757886,0.,-37.4059265104967));
#5517=CARTESIAN_POINT('',(-91.6210329398631,1.9,-38.9361278527785));
#5518=CARTESIAN_POINT('Origin',(-91.6210329398631,1.9,-35.9361278527785));
#5519=CARTESIAN_POINT('',(-91.6210329398631,0.,-38.9361278527785));
#5520=CARTESIAN_POINT('Origin',(-85.1264197874113,0.,-39.5861278527786));
#5521=CARTESIAN_POINT('',(-80.9680922733329,1.9,-38.0015735666595));
#5522=CARTESIAN_POINT('',(-80.9680922733329,0.,-38.0015735666595));
#5523=CARTESIAN_POINT('Origin',(-85.1264197874113,1.9,-39.5861278527786));
#5524=CARTESIAN_POINT('Origin',(91.621032939863,0.,-35.9361278527786));
#5525=CARTESIAN_POINT('',(91.621032939863,1.9,-38.9361278527786));
#5526=CARTESIAN_POINT('',(91.621032939863,0.,-38.9361278527786));
#5527=CARTESIAN_POINT('',(89.0057524757884,1.9,-37.4059265104967));
#5528=CARTESIAN_POINT('Origin',(91.621032939863,1.9,-35.9361278527786));
#5529=CARTESIAN_POINT('',(89.0057524757884,0.,-37.4059265104967));
#5530=CARTESIAN_POINT('Origin',(89.5286919280222,0.,-38.9361278527786));
#5531=CARTESIAN_POINT('',(94.0000018924475,1.9,-38.9361278527786));
#5532=CARTESIAN_POINT('',(94.0000018924475,0.,-38.9361278527786));
#5533=CARTESIAN_POINT('',(36.5143459640111,1.9,-38.9361278527786));
#5534=CARTESIAN_POINT('Origin',(93.0000018924475,0.,-39.9361278527773));
#5535=CARTESIAN_POINT('',(94.0000018924475,1.9,-39.9361278527773));
#5536=CARTESIAN_POINT('',(93.0000018924474,1.9,-40.9361278527773));
#5537=CARTESIAN_POINT('Origin',(93.0000018924475,1.9,-39.9361278527773));
#5538=CARTESIAN_POINT('',(94.0000018924475,0.,-39.9361278527773));
#5539=CARTESIAN_POINT('',(93.0000018924474,0.,-40.9361278527773));
#5540=CARTESIAN_POINT('Origin',(-16.5,1.9,2.86976631161232));
#5541=CARTESIAN_POINT('',(88.5764197874111,1.9,-40.9361278527771));
#5542=CARTESIAN_POINT('',(34.2656313008076,1.9,-40.9361278527751));
#5543=CARTESIAN_POINT('',(87.5764197874112,1.9,-39.9361278527771));
#5544=CARTESIAN_POINT('Origin',(88.5764197874112,1.9,-39.9361278527771));
#5545=CARTESIAN_POINT('',(87.5764197874112,1.9,-39.5861278527786));
#5546=CARTESIAN_POINT('',(87.5764197874112,1.9,-18.3581807705831));
#5547=CARTESIAN_POINT('',(82.700640806678,1.9,-39.2424763762201));
#5548=CARTESIAN_POINT('Origin',(85.1264197874112,1.9,-39.5861278527786));
#5549=CARTESIAN_POINT('',(82.6515477075279,1.9,-39.5889893583593));
#5550=CARTESIAN_POINT('',(84.5544209554571,1.9,-26.1579716555108));
#5551=CARTESIAN_POINT('',(81.5211587014947,1.9,-40.4388250454419));
#5552=CARTESIAN_POINT('Origin',(81.66143536097,1.9,-39.448712698884));
#5553=CARTESIAN_POINT('',(77.7438954314832,1.9,-39.9036717617585));
#5554=CARTESIAN_POINT('',(-5.27751916538416,1.9,-28.141403828175));
#5555=CARTESIAN_POINT('',(80.9680922733328,1.9,-38.0015735666594));
#5556=CARTESIAN_POINT('Origin',(78.1647254099091,1.9,-36.9333347220847));
#5557=CARTESIAN_POINT('Origin',(85.1264197874112,1.9,-39.5861278527786));
#5558=CARTESIAN_POINT('',(94.0000018924475,1.9,-19.0331807705831));
#5559=CARTESIAN_POINT('Origin',(85.0312626016167,0.,-40.936127852777));
#5560=CARTESIAN_POINT('',(88.5764197874111,0.,-40.9361278527771));
#5561=CARTESIAN_POINT('Origin',(-93.0000018924474,0.,-39.9361278527786));
#5562=CARTESIAN_POINT('',(-93.0000018924474,1.9,-40.9361278527786));
#5563=CARTESIAN_POINT('',(-94.0000018924475,1.9,-39.9361278527786));
#5564=CARTESIAN_POINT('Origin',(-93.0000018924474,1.9,-39.9361278527786));
#5565=CARTESIAN_POINT('',(-93.0000018924474,0.,-40.9361278527786));
#5566=CARTESIAN_POINT('',(-94.0000018924475,0.,-39.9361278527786));
#5567=CARTESIAN_POINT('Origin',(-94.0000018924475,0.,-40.9361278527786));
#5568=CARTESIAN_POINT('',(-88.5764197874113,1.9,-40.9361278527786));
#5569=CARTESIAN_POINT('',(-55.2500009462237,1.9,-40.9361278527786));
#5570=CARTESIAN_POINT('',(-88.5764197874113,0.,-40.9361278527786));
#5571=CARTESIAN_POINT('Origin',(78.1647254099091,0.,-36.9333347220847));
#5572=CARTESIAN_POINT('',(80.9680922733328,0.,-38.0015735666594));
#5573=CARTESIAN_POINT('',(77.7438954314832,0.,-39.9036717617585));
#5574=CARTESIAN_POINT('Origin',(85.1264197874112,0.,-39.5861278527786));
#5575=CARTESIAN_POINT('Origin',(-78.1647254099093,0.,-36.9333347220849));
#5576=CARTESIAN_POINT('Origin',(-78.1647254099093,1.9,-36.9333347220849));
#5577=CARTESIAN_POINT('Origin',(88.5764197874112,0.,-39.9361278527771));
#5578=CARTESIAN_POINT('',(87.5764197874112,0.,-39.9361278527771));
#5579=CARTESIAN_POINT('Origin',(81.66143536097,0.,-39.448712698884));
#5580=CARTESIAN_POINT('',(82.6515477075279,0.,-39.5889893583593));
#5581=CARTESIAN_POINT('',(81.5211587014947,0.,-40.4388250454419));
#5582=CARTESIAN_POINT('Origin',(10.0312614840406,0.,-30.3103138691487));
#5583=CARTESIAN_POINT('',(64.4874405447266,1.6,-38.0255301402909));
#5584=CARTESIAN_POINT('',(64.4874405447266,1.75,-38.0255301402909));
#5585=CARTESIAN_POINT('',(44.685193613568,1.6,-35.2199969507846));
#5586=CARTESIAN_POINT('',(3.68613367559367,1.6,-29.4113519119455));
#5587=CARTESIAN_POINT('',(44.685193613568,1.75,-35.2199969507846));
#5588=CARTESIAN_POINT('Origin',(-88.5764197874113,0.,-39.9361278527786));
#5589=CARTESIAN_POINT('',(-87.5764197874113,1.9,-39.9361278527786));
#5590=CARTESIAN_POINT('Origin',(-88.5764197874113,1.9,-39.9361278527786));
#5591=CARTESIAN_POINT('',(-87.5764197874113,0.,-39.9361278527786));
#5592=CARTESIAN_POINT('Origin',(-87.5764197874113,0.,-40.9361278527786));
#5593=CARTESIAN_POINT('',(-87.5764197874113,1.9,-39.5861280656458));
#5594=CARTESIAN_POINT('',(-87.5764197874113,1.9,-19.0331807705831));
#5595=CARTESIAN_POINT('',(-87.5764197874113,0.,-39.5861278527786));
#5596=CARTESIAN_POINT('Origin',(-81.6614353609701,0.,-39.4487126988841));
#5597=CARTESIAN_POINT('',(-82.651547707528,1.9,-39.5889893583594));
#5598=CARTESIAN_POINT('Origin',(-81.6614353609701,1.9,-39.4487126988841));
#5599=CARTESIAN_POINT('',(-82.651547707528,0.,-39.5889893583594));
#5600=CARTESIAN_POINT('Origin',(-16.5,1.9,2.86976631161232));
#5601=CARTESIAN_POINT('',(-94.0000018924475,1.9,-39.0000005811453));
#5602=CARTESIAN_POINT('',(-94.0000018924475,1.9,-18.0651171347665));
#5603=CARTESIAN_POINT('',(-127.000001892447,1.9,-39.0000005811453));
#5604=CARTESIAN_POINT('',(-71.7500009462237,1.9,-39.0000005811453));
#5605=CARTESIAN_POINT('',(-127.000001892447,1.9,-38.9361278527786));
#5606=CARTESIAN_POINT('',(-127.000001892447,1.9,-18.0651171347665));
#5607=CARTESIAN_POINT('',(-71.7500009462237,1.9,-38.9361278527785));
#5608=CARTESIAN_POINT('',(-82.7006445383444,1.9,-39.2424500370641));
#5609=CARTESIAN_POINT('',(-84.9737876459536,1.9,-23.1979629160041));
#5610=CARTESIAN_POINT('Origin',(-85.1264197874113,1.9,-39.5861278527786));
#5611=CARTESIAN_POINT('Origin',(-82.7006455696584,0.,-39.2424427577583));
#5612=CARTESIAN_POINT('',(-82.7006445383444,0.,-39.2424500370641));
#5613=CARTESIAN_POINT('Origin',(-62.7959449007922,3.5,-42.8358152136048));
#5614=CARTESIAN_POINT('',(-62.6556682413168,1.6,-43.8259275601628));
#5615=CARTESIAN_POINT('',(-63.7860572473501,1.6,-42.9760918730801));
#5616=CARTESIAN_POINT('Origin',(-62.7959449007922,1.6,-42.8358152136048));
#5617=CARTESIAN_POINT('',(-62.6556682413168,3.5,-43.8259275601628));
#5618=CARTESIAN_POINT('',(-63.7860572473501,3.5,-42.9760918730801));
#5619=CARTESIAN_POINT('Origin',(-43.8435336567162,3.5,-41.1606710301319));
#5620=CARTESIAN_POINT('',(-44.8336460032741,1.6,-41.3009476896072));
#5621=CARTESIAN_POINT('',(-20.1714397835056,1.6,-37.8068675321107));
#5622=CARTESIAN_POINT('',(-44.8336460032741,3.5,-41.3009476896072));
#5623=CARTESIAN_POINT('Origin',(-44.9739226627494,3.5,-40.3108353430492));
#5624=CARTESIAN_POINT('',(-43.9838103161915,1.6,-40.1705586835739));
#5625=CARTESIAN_POINT('Origin',(-44.9739226627494,1.6,-40.3108353430492));
#5626=CARTESIAN_POINT('',(-43.9838103161915,3.5,-40.1705586835739));
#5627=CARTESIAN_POINT('Origin',(8.88178419700125E-15,1.6,-9.74445714104121));
#5628=CARTESIAN_POINT('',(-65.3961076327273,1.6,-31.611900773114));
#5629=CARTESIAN_POINT('',(-46.0146906799946,1.6,-25.8360305439341));
#5630=CARTESIAN_POINT('Origin',(44.9739226627494,3.5,-40.3108353430492));
#5631=CARTESIAN_POINT('',(44.8336460032741,1.6,-41.3009476896071));
#5632=CARTESIAN_POINT('',(43.9838103161915,1.6,-40.1705586835739));
#5633=CARTESIAN_POINT('Origin',(44.9739226627494,1.6,-40.3108353430492));
#5634=CARTESIAN_POINT('',(44.8336460032741,3.5,-41.3009476896071));
#5635=CARTESIAN_POINT('',(43.9838103161915,3.5,-40.1705586835739));
#5636=CARTESIAN_POINT('Origin',(8.88178419700125E-15,1.6,-9.74445714104121));
#5637=CARTESIAN_POINT('',(45.5938607015687,1.6,-28.8063675836078));
#5638=CARTESIAN_POINT('',(63.7860572473501,1.6,-42.9760918730801));
#5639=CARTESIAN_POINT('',(65.8169376111532,1.6,-28.6415637334403));
#5640=CARTESIAN_POINT('',(62.6556682413169,1.6,-43.8259275601627));
#5641=CARTESIAN_POINT('Origin',(62.7959449007922,1.6,-42.8358152136048));
#5642=CARTESIAN_POINT('',(30.0725632490849,1.6,-39.2096341268637));
#5643=CARTESIAN_POINT('Origin',(43.8435336567162,3.5,-41.1606710301318));
#5644=CARTESIAN_POINT('Origin',(62.7959449007922,3.5,-42.8358152136048));
#5645=CARTESIAN_POINT('',(63.7860572473501,3.5,-42.9760918730801));
#5646=CARTESIAN_POINT('',(62.6556682413169,3.5,-43.8259275601627));
#5647=CARTESIAN_POINT('Origin',(64.4874405447266,3.5,-38.0255301402909));
#5648=CARTESIAN_POINT('Origin',(63.6457805878748,3.5,-43.966204219638));
#5649=CARTESIAN_POINT('Origin',(-44.685193613568,3.5,-35.2199969507846));
#5650=CARTESIAN_POINT('Origin',(-63.6457805878748,3.5,-43.9662042196381));
#5651=CARTESIAN_POINT('Origin',(87.5764197874112,0.,-39.5861278527786));
#5652=CARTESIAN_POINT('',(87.5764197874112,0.,-39.5861278527786));
#5653=CARTESIAN_POINT('Origin',(82.5112710480526,0.,-40.5791017049172));
#5654=CARTESIAN_POINT('',(82.7006445383443,0.,-39.242450037064));
#5655=CARTESIAN_POINT('Origin',(85.1264197874112,0.,-39.5861278527786));
#5656=CARTESIAN_POINT('Origin',(-85.1264197874113,0.,-39.5861278527786));
#5657=CARTESIAN_POINT('Origin',(-94.0000018924475,0.,-39.0000005811453));
#5658=CARTESIAN_POINT('',(-94.0000018924475,0.,-39.0000005811453));
#5659=CARTESIAN_POINT('Origin',(-10.0312614840299,0.,-30.3103138691488));
#5660=CARTESIAN_POINT('',(-4.74271030121782,-0.608359506684607,-30.3103138691487));
#5661=CARTESIAN_POINT('',(-4.74271030121782,-1.98858919555998,-30.3103138691487));
#5662=CARTESIAN_POINT('',(2.37864484939109,-0.608359506684594,-30.3103138691487));
#5663=CARTESIAN_POINT('',(4.75728969878218,-0.608359506684589,-30.3103138691487));
#5664=CARTESIAN_POINT('',(2.37864484939109,-0.608359506684594,-30.3103138691487));
#5665=CARTESIAN_POINT('',(4.75728969878218,-0.188589195559982,-30.3103138691487));
#5666=CARTESIAN_POINT('Origin',(-85.1264197874113,0.,-39.5861278527786));
#5667=CARTESIAN_POINT('',(-86.2764197874113,3.5,-39.5861278527786));
#5668=CARTESIAN_POINT('',(-86.2764197874113,0.,-39.5861278527786));
#5669=CARTESIAN_POINT('Origin',(-85.1264197874113,3.5,-39.5861278527786));
#5670=CARTESIAN_POINT('Origin',(85.1264197874112,0.,-39.5861278527786));
#5671=CARTESIAN_POINT('',(83.9764197874112,3.5,-39.5861278527786));
#5672=CARTESIAN_POINT('',(83.9764197874112,0.,-39.5861278527786));
#5673=CARTESIAN_POINT('Origin',(85.1264197874112,3.5,-39.5861278527786));
#5674=CARTESIAN_POINT('Origin',(94.0000018924475,0.,-38.9361278527786));
#5675=CARTESIAN_POINT('',(94.0000018924475,0.,-38.9361278527786));
#5676=CARTESIAN_POINT('',(127.000001892447,0.,-39.0000005811453));
#5677=CARTESIAN_POINT('Origin',(7.00728969878218,5.24164049331539,-32.3524476409912));
#5678=CARTESIAN_POINT('Origin',(-6.99271030121782,-2.85835950668462,-32.360102096978));
#5679=CARTESIAN_POINT('Origin',(-7.99360577730113E-14,3.5,2.86976631161232));
#5680=CARTESIAN_POINT('Origin',(-7.99360577730113E-14,3.5,2.86976631161232));
#5681=CARTESIAN_POINT('Origin',(94.0000018924475,0.,-40.9361278527786));
#5682=CARTESIAN_POINT('Origin',(-127.000001892447,0.,-39.0000005811453));
#5683=CARTESIAN_POINT('',(-127.000001892447,0.,-39.0000005811453));
#5684=CARTESIAN_POINT('Origin',(-127.000001892447,0.,-38.9361278527786));
#5685=CARTESIAN_POINT('',(-127.000001892447,0.,-38.9361278527786));
#5686=CARTESIAN_POINT('Origin',(-3.33066907387547E-15,-2.1645164868331,
43.1935864789905));
#5687=CARTESIAN_POINT('Origin',(-117.523712732003,-9.63629216794017,-3.98134854491165));
#5688=CARTESIAN_POINT('Origin',(127.000001892447,0.,21.9772899375556));
#5689=CARTESIAN_POINT('',(125.278574978116,4.2,22.7882890429202));
#5690=CARTESIAN_POINT('',(125.278574978116,-5.90263066379476,22.7882890429202));
#5691=CARTESIAN_POINT('',(125.278574978116,0.,22.7882890429202));
#5692=CARTESIAN_POINT('',(92.6283834116285,4.2,38.1704559708059));
#5693=CARTESIAN_POINT('',(78.8138710005313,4.2,44.678752729253));
#5694=CARTESIAN_POINT('',(92.6283834116285,-3.46633476394299,38.1704559708059));
#5695=CARTESIAN_POINT('',(92.6283834116285,0.,38.1704559708059));
#5696=CARTESIAN_POINT('',(78.6627821081662,-2.42424785534694,44.7499337683772));
#5697=CARTESIAN_POINT('Origin',(-103.500461336006,0.,-28.204270040034));
#5698=CARTESIAN_POINT('',(-100.500461336006,-5.,-28.204270040034));
#5699=CARTESIAN_POINT('',(-100.500461336006,0.,-28.204270040034));
#5700=CARTESIAN_POINT('',(-20.5000241809461,-5.,-28.204270040034));
#5701=CARTESIAN_POINT('',(-17.5000241809461,-5.,-28.204270040034));
#5702=CARTESIAN_POINT('',(-20.5000241809461,0.,-28.204270040034));
#5703=CARTESIAN_POINT('Origin',(-17.5000241809461,0.,-22.8436847995653));
#5704=CARTESIAN_POINT('',(-17.5000241809461,-4.,-22.8436847995653));
#5705=CARTESIAN_POINT('',(17.5000241809461,-4.,-22.8436847995653));
#5706=CARTESIAN_POINT('',(-8.75001209047303,-4.,-22.8436847995653));
#5707=CARTESIAN_POINT('',(17.5000241809461,0.,-22.8436847995653));
#5708=CARTESIAN_POINT('',(4.75728969878218,-0.608359506684589,-22.8436847995653));
#5709=CARTESIAN_POINT('',(4.75728969878218,1.4958202466577,-22.8436847995653));
#5710=CARTESIAN_POINT('',(-4.74271030121782,-0.608359506684607,-22.8436847995653));
#5711=CARTESIAN_POINT('',(-6.37136724108194,-0.60835950668461,-22.8436847995653));
#5712=CARTESIAN_POINT('',(-4.74271030121782,-0.304179753342304,-22.8436847995653));
#5713=CARTESIAN_POINT('',(-17.5000241809461,0.,-22.8436847995653));
#5714=CARTESIAN_POINT('Origin',(17.5000241809461,0.,4.74301925171838));
#5715=CARTESIAN_POINT('',(17.5000241809461,-4.,4.74301925171838));
#5716=CARTESIAN_POINT('',(-17.5000241809461,-4.,4.74301925171839));
#5717=CARTESIAN_POINT('',(8.75001209047303,-4.,4.74301925171838));
#5718=CARTESIAN_POINT('',(-17.5000241809461,0.,4.74301925171839));
#5719=CARTESIAN_POINT('',(17.5000241809461,0.,4.74301925171838));
#5720=CARTESIAN_POINT('Origin',(17.5000241809461,0.,13.7957299599661));
#5721=CARTESIAN_POINT('',(17.5000241809461,-5.,10.7957299599661));
#5722=CARTESIAN_POINT('',(17.5000241809461,0.,10.7957299599661));
#5723=CARTESIAN_POINT('',(17.5000241809461,-5.,-25.204270040034));
#5724=CARTESIAN_POINT('',(17.5000241809461,-5.,13.7957299599661));
#5725=CARTESIAN_POINT('',(17.5000241809461,0.,-25.204270040034));
#5726=CARTESIAN_POINT('',(17.5000241809461,-4.,-15.9470087867444));
#5727=CARTESIAN_POINT('Origin',(4.75728969878218,-0.608359506684589,-28.3536772235535));
#5728=CARTESIAN_POINT('',(-4.74271030121782,-0.608359506684607,-28.3588713186874));
#5729=CARTESIAN_POINT('',(4.75728969878218,-0.608359506684589,-28.3536772235535));
#5730=CARTESIAN_POINT('Origin',(4.75728969878218,2.99164049331539,-30.3536775224856));
#5731=CARTESIAN_POINT('Origin',(103.500024180946,0.,-28.204270040034));
#5732=CARTESIAN_POINT('',(103.500024180946,-5.,10.795729959966));
#5733=CARTESIAN_POINT('',(103.500024180946,0.,10.795729959966));
#5734=CARTESIAN_POINT('',(103.500024180946,-5.,-25.204270040034));
#5735=CARTESIAN_POINT('',(103.500024180946,0.,-25.204270040034));
#5736=CARTESIAN_POINT('',(103.500024180946,-5.,-28.204270040034));
#5737=CARTESIAN_POINT('Origin',(-4.45650909301057,0.,45.3256604760032));
#5738=CARTESIAN_POINT('',(-4.45650909301057,1.9,46.6756604760032));
#5739=CARTESIAN_POINT('',(-4.45650909301057,1.9,45.3256604760032));
#5740=CARTESIAN_POINT('',(-4.45650909301057,1.9,24.0977133938078));
#5741=CARTESIAN_POINT('',(-4.45650909301057,0.,45.3256604760032));
#5742=CARTESIAN_POINT('',(-4.45650909301057,0.,46.6756604760032));
#5743=CARTESIAN_POINT('Origin',(-0.0065090930105729,0.,45.3256604760032));
#5744=CARTESIAN_POINT('',(4.44349090698942,1.9,45.3256604760031));
#5745=CARTESIAN_POINT('Origin',(-0.0065090930105729,1.9,45.3256604760032));
#5746=CARTESIAN_POINT('',(4.44349090698942,0.,45.3256604760031));
#5747=CARTESIAN_POINT('Origin',(4.44349090698942,0.,46.6756604760032));
#5748=CARTESIAN_POINT('',(4.44349090698942,1.9,46.6756604760032));
#5749=CARTESIAN_POINT('',(4.44349090698942,1.9,24.7727133938078));
#5750=CARTESIAN_POINT('',(4.44349090698942,0.,46.6756604760032));
#5751=CARTESIAN_POINT('Origin',(-7.99360577730113E-14,3.5,2.86976631161232));
#5752=CARTESIAN_POINT('',(-1.15650909301057,3.5,45.3256604760032));
#5753=CARTESIAN_POINT('Origin',(-0.0065090930105729,3.5,45.3256604760032));
#5754=CARTESIAN_POINT('Origin',(-92.2188598803579,0.,38.3633908056927));
#5755=CARTESIAN_POINT('',(-125.278574978116,-5.90263066379476,22.7882890429202));
#5756=CARTESIAN_POINT('',(-125.278574978116,4.2,22.7882890429202));
#5757=CARTESIAN_POINT('',(-125.278574978116,0.,22.7882890429202));
#5758=CARTESIAN_POINT('',(-92.6283834116285,-3.46633476394298,38.1704559708059));
#5759=CARTESIAN_POINT('',(-61.3510922277046,-1.13248210906064,52.9058217055977));
#5760=CARTESIAN_POINT('',(-92.6283834116285,4.2,38.1704559708059));
#5761=CARTESIAN_POINT('',(-92.6283834116285,0.,38.1704559708059));
#5762=CARTESIAN_POINT('',(-61.4232999944865,4.2,52.8718031633215));
#5763=CARTESIAN_POINT('Origin',(-88.7188598803579,0.,35.3243097334314));
#5764=CARTESIAN_POINT('',(-88.7188598803579,4.2,32.7193831000645));
#5765=CARTESIAN_POINT('',(-88.7188598803579,0.,32.7193831000645));
#5766=CARTESIAN_POINT('',(-88.7188598803579,1.6,18.4772899375556));
#5767=CARTESIAN_POINT('',(-88.7188598803578,0.,18.4772899375556));
#5768=CARTESIAN_POINT('',(-88.7188598803579,1.6,24.4772899375556));
#5769=CARTESIAN_POINT('',(-88.7188598803578,1.6,12.7899262961949));
#5770=CARTESIAN_POINT('',(-88.7188598803579,4.2,24.4772899375556));
#5771=CARTESIAN_POINT('',(-88.7188598803579,1.75,24.4772899375556));
#5772=CARTESIAN_POINT('',(-88.7188598803578,4.2,18.8470380225216));
#5773=CARTESIAN_POINT('Origin',(127.000001892447,0.,18.4772899375556));
#5774=CARTESIAN_POINT('',(112.718859880358,1.6,18.4772899375556));
#5775=CARTESIAN_POINT('',(112.718859880358,4.2,18.4772899375556));
#5776=CARTESIAN_POINT('',(112.718859880358,1.75,18.4772899375556));
#5777=CARTESIAN_POINT('',(127.000001892447,4.2,18.4772899375556));
#5778=CARTESIAN_POINT('',(63.5000009462237,4.2,18.4772899375556));
#5779=CARTESIAN_POINT('',(127.000001892447,0.,18.4772899375556));
#5780=CARTESIAN_POINT('',(88.7188598803579,1.6,18.4772899375556));
#5781=CARTESIAN_POINT('',(88.7188598803578,0.,18.4772899375556));
#5782=CARTESIAN_POINT('',(63.5000009462237,1.6,18.4772899375556));
#5783=CARTESIAN_POINT('Origin',(-0.0065090930105729,0.,45.3256604760032));
#5784=CARTESIAN_POINT('',(-1.15650909301057,4.2,45.3256604760032));
#5785=CARTESIAN_POINT('Origin',(-0.0065090930105729,4.2,45.3256604760032));
#5786=CARTESIAN_POINT('',(-1.15650909301057,0.,45.3256604760032));
#5787=CARTESIAN_POINT('Origin',(-4.74271030121782,-0.608359506684607,-30.3588716176195));
#5788=CARTESIAN_POINT('Origin',(-2.45650909301057,0.,45.3256604952684));
#5789=CARTESIAN_POINT('',(-2.45650909301057,4.2,45.6756604760032));
#5790=CARTESIAN_POINT('',(-2.45650909301057,1.9,45.6756604760032));
#5791=CARTESIAN_POINT('',(-2.45650909301057,0.,45.6756604760032));
#5792=CARTESIAN_POINT('',(-2.45650909301057,4.2,45.3256604952684));
#5793=CARTESIAN_POINT('',(-2.45650909301057,4.2,46.6756604760032));
#5794=CARTESIAN_POINT('',(-2.45650909301057,1.9,45.3256604760032));
#5795=CARTESIAN_POINT('',(-2.45650909301057,0.,45.3256604760032));
#5796=CARTESIAN_POINT('',(-2.45650909301059,1.9,24.0977134034404));
#5797=CARTESIAN_POINT('Origin',(-16.5,1.9,2.86976631161232));
#5798=CARTESIAN_POINT('',(2.44349090698942,1.9,45.6756604760032));
#5799=CARTESIAN_POINT('',(3.44349090698942,1.9,46.6756604760032));
#5800=CARTESIAN_POINT('Origin',(3.44349090698942,1.9,45.6756604760032));
#5801=CARTESIAN_POINT('',(-3.95109246735675,1.9,46.6756604760032));
#5802=CARTESIAN_POINT('',(-3.45650909301057,1.9,46.6756604760032));
#5803=CARTESIAN_POINT('',(-3.95109246735675,1.9,46.6756604760032));
#5804=CARTESIAN_POINT('Origin',(-3.45650909301057,1.9,45.6756604760032));
#5805=CARTESIAN_POINT('',(2.44349090698942,1.9,45.3256604760032));
#5806=CARTESIAN_POINT('Origin',(-0.0065090930105729,1.9,45.3256604760032));
#5807=CARTESIAN_POINT('',(2.44349090698942,1.9,24.7727133938078));
#5808=CARTESIAN_POINT('Origin',(-0.0065090930105729,0.,45.3256604760032));
#5809=CARTESIAN_POINT('',(2.44349090698942,4.2,45.3256604760032));
#5810=CARTESIAN_POINT('',(2.44349090698942,0.,45.3256604760032));
#5811=CARTESIAN_POINT('Origin',(-0.0065090930105729,4.2,45.3256604760032));
#5812=CARTESIAN_POINT('Origin',(2.44349090698942,0.,46.6756604760032));
#5813=CARTESIAN_POINT('',(2.44349090698942,4.2,45.6756604760032));
#5814=CARTESIAN_POINT('',(2.44349090698942,0.,45.6756604760032));
#5815=CARTESIAN_POINT('',(2.44349090698942,4.2,46.6756604760032));
#5816=CARTESIAN_POINT('Origin',(0.,-4.,-9.05033277392344));
#5817=CARTESIAN_POINT('',(-17.5000241809461,-4.,-2.15365676110253));
#5818=CARTESIAN_POINT('Origin',(-88.7188598803578,0.,18.4772899375556));
#5819=CARTESIAN_POINT('',(-112.718859880358,4.2,18.4772899375556));
#5820=CARTESIAN_POINT('',(-112.718859880358,1.6,18.4772899375556));
#5821=CARTESIAN_POINT('',(-112.718859880358,1.75,18.4772899375556));
#5822=CARTESIAN_POINT('',(-44.3594299401789,1.6,18.4772899375556));
#5823=CARTESIAN_POINT('',(-127.000001892447,4.2,18.4772899375556));
#5824=CARTESIAN_POINT('',(-127.000001892447,0.,18.4772899375556));
#5825=CARTESIAN_POINT('',(-44.3594299401789,4.2,18.4772899375556));
#5826=CARTESIAN_POINT('Origin',(88.7188598803578,0.,18.4772899375556));
#5827=CARTESIAN_POINT('',(88.7188598803579,4.2,32.7193831000645));
#5828=CARTESIAN_POINT('',(88.7188598803579,0.,32.7193831000645));
#5829=CARTESIAN_POINT('',(88.7188598803579,4.2,24.4772899375556));
#5830=CARTESIAN_POINT('',(88.7188598803578,4.2,10.4235281245838));
#5831=CARTESIAN_POINT('',(88.7188598803579,1.6,24.4772899375556));
#5832=CARTESIAN_POINT('',(88.7188598803579,1.75,24.4772899375556));
#5833=CARTESIAN_POINT('',(88.7188598803578,1.6,4.36641639825702));
#5834=CARTESIAN_POINT('Origin',(1.77635683940025E-14,1.6,-9.74445714104121));
#5835=CARTESIAN_POINT('',(-112.718859880358,1.6,23.4772899375556));
#5836=CARTESIAN_POINT('',(-111.718859880358,1.6,24.4772899375556));
#5837=CARTESIAN_POINT('Origin',(-111.718859880358,1.6,23.4772899375556));
#5838=CARTESIAN_POINT('',(-56.3594299401789,1.6,24.4772899375556));
#5839=CARTESIAN_POINT('',(-112.718859880358,1.6,4.36641639825722));
#5840=CARTESIAN_POINT('Origin',(-112.718859880358,3.5,18.4772899375556));
#5841=CARTESIAN_POINT('',(-112.718859880358,4.2,23.4772899375556));
#5842=CARTESIAN_POINT('',(-112.718859880358,3.5,23.4772899375556));
#5843=CARTESIAN_POINT('',(-112.718859880358,4.2,31.6264752067794));
#5844=CARTESIAN_POINT('Origin',(88.7188598803579,3.5,24.4772899375556));
#5845=CARTESIAN_POINT('',(111.718859880358,1.6,24.4772899375556));
#5846=CARTESIAN_POINT('',(111.718859880358,4.2,24.4772899375556));
#5847=CARTESIAN_POINT('',(111.718859880358,3.5,24.4772899375556));
#5848=CARTESIAN_POINT('',(44.359429940179,1.6,24.4772899375556));
#5849=CARTESIAN_POINT('',(44.3561753936736,4.2,24.4772899375556));
#5850=CARTESIAN_POINT('Origin',(-112.718859880358,3.5,24.4772899375556));
#5851=CARTESIAN_POINT('',(-111.718859880358,4.2,24.4772899375556));
#5852=CARTESIAN_POINT('',(-111.718859880358,3.5,24.4772899375556));
#5853=CARTESIAN_POINT('',(-56.3626844866842,4.2,24.4772899375556));
#5854=CARTESIAN_POINT('Origin',(-111.718859880358,3.5,23.4772899375556));
#5855=CARTESIAN_POINT('Origin',(-111.718859880358,4.2,23.4772899375556));
#5856=CARTESIAN_POINT('Origin',(112.718859880358,3.5,24.4772899375556));
#5857=CARTESIAN_POINT('',(112.718859880358,4.2,23.4772899375556));
#5858=CARTESIAN_POINT('',(112.718859880358,1.6,23.4772899375556));
#5859=CARTESIAN_POINT('',(112.718859880358,3.5,23.4772899375556));
#5860=CARTESIAN_POINT('',(112.718859880358,4.2,34.6264752067794));
#5861=CARTESIAN_POINT('',(112.718859880358,1.6,7.36641639825721));
#5862=CARTESIAN_POINT('Origin',(0.,1.6,-9.74445714104121));
#5863=CARTESIAN_POINT('Origin',(111.718859880358,1.6,23.4772899375556));
#5864=CARTESIAN_POINT('Origin',(111.718859880358,3.5,23.4772899375556));
#5865=CARTESIAN_POINT('Origin',(111.718859880358,4.2,23.4772899375556));
#5866=CARTESIAN_POINT('Origin',(8.59781506528655,0.,46.6756604760032));
#5867=CARTESIAN_POINT('',(-8.38635465243421,4.2,46.6756604760032));
#5868=CARTESIAN_POINT('',(-8.38635465243421,0.,46.6756604760032));
#5869=CARTESIAN_POINT('',(-3.45650909301057,4.2,46.6756604760032));
#5870=CARTESIAN_POINT('',(4.29890753264325,4.2,46.6756604760032));
#5871=CARTESIAN_POINT('',(-3.45650909301057,0.,46.6756604760032));
#5872=CARTESIAN_POINT('Origin',(-3.45650909301057,0.,45.6756604760032));
#5873=CARTESIAN_POINT('Origin',(-3.45650909301057,4.2,45.6756604760032));
#5874=CARTESIAN_POINT('Origin',(8.59781506528655,0.,46.6756604760032));
#5875=CARTESIAN_POINT('',(8.38635465243407,4.2,46.6756604760032));
#5876=CARTESIAN_POINT('',(8.38635465243407,0.,46.6756604760032));
#5877=CARTESIAN_POINT('',(3.44349090698942,4.2,46.6756604760032));
#5878=CARTESIAN_POINT('',(3.44349090698942,0.,46.6756604760032));
#5879=CARTESIAN_POINT('',(4.29890753264325,4.2,46.6756604760032));
#5880=CARTESIAN_POINT('Origin',(3.44349090698942,0.,45.6756604760032));
#5881=CARTESIAN_POINT('Origin',(3.44349090698942,4.2,45.6756604760032));
#5882=CARTESIAN_POINT('Origin',(85.7188598803579,0.,32.7193831000645));
#5883=CARTESIAN_POINT('',(86.1396898587838,4.2,35.6897201397383));
#5884=CARTESIAN_POINT('',(86.1396898587838,0.,35.6897201397383));
#5885=CARTESIAN_POINT('Origin',(85.7188598803579,4.2,32.7193831000645));
#5886=CARTESIAN_POINT('Origin',(88.7188598803579,0.,35.3243097334314));
#5887=CARTESIAN_POINT('',(8.80718463086,4.2,46.645997515677));
#5888=CARTESIAN_POINT('',(8.80718463086001,0.,46.645997515677));
#5889=CARTESIAN_POINT('',(47.5208369919028,4.2,41.161143349203));
#5890=CARTESIAN_POINT('Origin',(8.38635465243407,0.,43.6756604760032));
#5891=CARTESIAN_POINT('Origin',(8.38635465243407,4.2,43.6756604760032));
#5892=CARTESIAN_POINT('Origin',(-8.3863546524342,0.,43.6756604760032));
#5893=CARTESIAN_POINT('',(-8.80718463086014,4.2,46.645997515677));
#5894=CARTESIAN_POINT('',(-8.80718463086014,0.,46.645997515677));
#5895=CARTESIAN_POINT('Origin',(-8.3863546524342,4.2,43.6756604760032));
#5896=CARTESIAN_POINT('Origin',(-8.59781506528655,0.,46.6756604760032));
#5897=CARTESIAN_POINT('',(-86.1396898587838,4.2,35.6897201397383));
#5898=CARTESIAN_POINT('',(-86.1396898587838,0.,35.6897201397383));
#5899=CARTESIAN_POINT('',(-7.46031458436713,4.2,46.836818720489));
#5900=CARTESIAN_POINT('Origin',(-85.7188598803579,0.,32.7193831000645));
#5901=CARTESIAN_POINT('Origin',(-85.7188598803579,4.2,32.7193831000645));
#5902=CARTESIAN_POINT('Origin',(20.5000241809461,0.,-25.204270040034));
#5903=CARTESIAN_POINT('',(20.5000241809461,-5.,-28.204270040034));
#5904=CARTESIAN_POINT('Origin',(20.5000241809461,-5.,-25.204270040034));
#5905=CARTESIAN_POINT('',(20.5000241809461,0.,-28.204270040034));
#5906=CARTESIAN_POINT('Origin',(17.5000241809461,0.,-28.204270040034));
#5907=CARTESIAN_POINT('',(100.500024180946,-5.,-28.204270040034));
#5908=CARTESIAN_POINT('',(100.500024180946,0.,-28.204270040034));
#5909=CARTESIAN_POINT('',(17.5000241809461,-5.,-28.204270040034));
#5910=CARTESIAN_POINT('Origin',(100.500024180946,0.,-25.204270040034));
#5911=CARTESIAN_POINT('Origin',(100.500024180946,-5.,-25.204270040034));
#5912=CARTESIAN_POINT('Origin',(100.500024180946,0.,10.795729959966));
#5913=CARTESIAN_POINT('',(100.500024180946,-5.,13.795729959966));
#5914=CARTESIAN_POINT('Origin',(100.500024180946,-5.,10.795729959966));
#5915=CARTESIAN_POINT('',(100.500024180946,0.,13.795729959966));
#5916=CARTESIAN_POINT('Origin',(103.500024180946,0.,13.795729959966));
#5917=CARTESIAN_POINT('',(20.5000241809461,-5.,13.7957299599661));
#5918=CARTESIAN_POINT('',(20.5000241809461,0.,13.7957299599661));
#5919=CARTESIAN_POINT('',(103.500024180946,-5.,13.795729959966));
#5920=CARTESIAN_POINT('Origin',(60.5000241809461,-5.,-7.20427004003396));
#5921=CARTESIAN_POINT('Origin',(20.5000241809461,-5.,10.7957299599661));
#5922=CARTESIAN_POINT('Origin',(20.5000241809461,0.,10.7957299599661));
#5923=CARTESIAN_POINT('Origin',(-100.500461336006,0.,10.795729959966));
#5924=CARTESIAN_POINT('',(-103.500461336006,-5.,10.795729959966));
#5925=CARTESIAN_POINT('',(-100.500461336006,-5.,13.795729959966));
#5926=CARTESIAN_POINT('Origin',(-100.500461336006,-5.,10.795729959966));
#5927=CARTESIAN_POINT('',(-103.500461336006,0.,10.795729959966));
#5928=CARTESIAN_POINT('',(-100.500461336006,0.,13.795729959966));
#5929=CARTESIAN_POINT('Origin',(-17.5000241809461,0.,13.7957299599661));
#5930=CARTESIAN_POINT('',(-20.5000241809461,-5.,13.7957299599661));
#5931=CARTESIAN_POINT('',(-20.5000241809461,0.,13.7957299599661));
#5932=CARTESIAN_POINT('',(-103.500461336006,-5.,13.795729959966));
#5933=CARTESIAN_POINT('Origin',(-20.5000241809461,0.,10.7957299599661));
#5934=CARTESIAN_POINT('',(-17.5000241809461,-5.,10.7957299599661));
#5935=CARTESIAN_POINT('Origin',(-20.5000241809461,-5.,10.7957299599661));
#5936=CARTESIAN_POINT('',(-17.5000241809461,0.,10.7957299599661));
#5937=CARTESIAN_POINT('Origin',(-17.5000241809461,0.,-28.204270040034));
#5938=CARTESIAN_POINT('',(-17.5000241809461,-5.,-25.204270040034));
#5939=CARTESIAN_POINT('',(-17.5000241809461,0.,-25.204270040034));
#5940=CARTESIAN_POINT('',(-17.5000241809461,-5.,13.7957299599661));
#5941=CARTESIAN_POINT('Origin',(-20.5000241809461,0.,-25.204270040034));
#5942=CARTESIAN_POINT('Origin',(-20.5000241809461,-5.,-25.204270040034));
#5943=CARTESIAN_POINT('Origin',(-103.500461336006,0.,13.795729959966));
#5944=CARTESIAN_POINT('',(-103.500461336006,-5.,-25.204270040034));
#5945=CARTESIAN_POINT('',(-103.500461336006,0.,-25.204270040034));
#5946=CARTESIAN_POINT('',(-103.500461336006,-5.,-28.204270040034));
#5947=CARTESIAN_POINT('Origin',(60.5000241809461,-5.,-7.20427004003396));
#5948=CARTESIAN_POINT('Origin',(-100.500461336006,-5.,-25.204270040034));
#5949=CARTESIAN_POINT('Origin',(-100.500461336006,0.,-25.204270040034));
#5950=CARTESIAN_POINT('Origin',(-8.63305846742891,0.,47.1756604760032));
#5951=CARTESIAN_POINT('',(-8.63305846742891,4.2,50.1756604760032));
#5952=CARTESIAN_POINT('',(-9.05388844585484,4.2,50.145997515677));
#5953=CARTESIAN_POINT('Origin',(-8.63305846742891,4.2,47.1756604760032));
#5954=CARTESIAN_POINT('',(-9.05388844585485,-1.56959531877534,50.145997515677));
#5955=CARTESIAN_POINT('',(-9.05388844585484,0.,50.145997515677));
#5956=CARTESIAN_POINT('',(-8.63305846742891,-1.56489716740571,50.1756604760032));
#5957=CARTESIAN_POINT('Origin',(-8.63305846742891,-2.04005048837932,47.1756604760032));
#5958=CARTESIAN_POINT('',(-8.63305846742891,0.,50.1756604760032));
#5959=CARTESIAN_POINT('Origin',(8.84451888028119,0.,50.1756604760032));
#5960=CARTESIAN_POINT('',(8.63305846742886,4.2,50.1756604760032));
#5961=CARTESIAN_POINT('',(8.63305846742886,-1.56489716740571,50.1756604760032));
#5962=CARTESIAN_POINT('',(8.63305846742886,0.,50.1756604760032));
#5963=CARTESIAN_POINT('',(4.42225944014062,4.2,50.1756604760032));
#5964=CARTESIAN_POINT('',(4.42225944014064,-1.56489716740571,50.1756604760032));
#5965=CARTESIAN_POINT('Origin',(8.63305846742886,0.,47.1756604760032));
#5966=CARTESIAN_POINT('',(9.05388844585479,4.2,50.145997515677));
#5967=CARTESIAN_POINT('Origin',(8.63305846742886,4.2,47.1756604760032));
#5968=CARTESIAN_POINT('',(9.05388844585478,-1.56959531877535,50.145997515677));
#5969=CARTESIAN_POINT('Origin',(8.63305846742886,-2.04005048837932,47.1756604760032));
#5970=CARTESIAN_POINT('',(9.05388844585479,0.,50.145997515677));
#5971=CARTESIAN_POINT('Origin',(92.2188598803579,0.,38.3633908056926));
#5972=CARTESIAN_POINT('',(91.7706403043859,4.2,38.4268934425877));
#5973=CARTESIAN_POINT('',(91.7706403043859,-3.42571905849659,38.4268934425877));
#5974=CARTESIAN_POINT('',(91.7706403043859,0.,38.4268934425877));
#5975=CARTESIAN_POINT('',(49.5163211459846,4.2,44.4133804918101));
#5976=CARTESIAN_POINT('',(49.4607475764607,-2.47630561378501,44.4212540171883));
#5977=CARTESIAN_POINT('Origin',(91.34981032596,0.,35.4565564029139));
#5978=CARTESIAN_POINT('Origin',(91.34981032596,4.2,35.4565564029139));
#5979=CARTESIAN_POINT('Origin',(91.34981032596,-3.89617422810056,35.4565564029139));
#5980=CARTESIAN_POINT('Origin',(-8.8445188802814,0.,50.1756604760032));
#5981=CARTESIAN_POINT('',(-91.7706403043859,-3.42571905849658,38.4268934425877));
#5982=CARTESIAN_POINT('',(-91.7706403043859,4.2,38.4268934425877));
#5983=CARTESIAN_POINT('',(-91.7706403043859,0.,38.4268934425877));
#5984=CARTESIAN_POINT('',(-7.79414469227647,-1.54132728074864,50.324474883585));
#5985=CARTESIAN_POINT('',(-7.82915064594636,4.2,50.3195153269654));
#5986=CARTESIAN_POINT('Origin',(-91.34981032596,0.,35.456556402914));
#5987=CARTESIAN_POINT('Origin',(-91.34981032596,4.2,35.456556402914));
#5988=CARTESIAN_POINT('Origin',(-91.34981032596,-3.89617422810055,35.456556402914));
#5989=CARTESIAN_POINT('Origin',(-0.00650909301057295,4.2,44.7756604760032));
#5990=CARTESIAN_POINT('',(127.000001892447,4.2,20.0743894750282));
#5991=CARTESIAN_POINT('Origin',(124.000001892447,4.2,20.0743894750282));
#5992=CARTESIAN_POINT('',(127.000001892447,4.2,-21.5331807705832));
#5993=CARTESIAN_POINT('',(-127.000001892447,4.2,20.0743894750282));
#5994=CARTESIAN_POINT('',(-127.000001892447,4.2,12.1735281245839));
#5995=CARTESIAN_POINT('Origin',(-124.000001892447,4.2,20.0743894750282));
#5996=CARTESIAN_POINT('Origin',(-124.000001892447,0.,20.0743894750282));
#5997=CARTESIAN_POINT('',(-127.000001892447,-6.33247012795233,20.0743894750282));
#5998=CARTESIAN_POINT('',(-127.000001892447,0.,20.0743894750282));
#5999=CARTESIAN_POINT('Origin',(-124.000001892447,-6.33247012795233,20.0743894750282));
#6000=CARTESIAN_POINT('Origin',(3.54288771109943E-14,-8.91057109775758,
3.79690057193509));
#6001=CARTESIAN_POINT('',(127.000001892447,-6.33247012795233,20.0743894750282));
#6002=CARTESIAN_POINT('Origin',(124.000001892447,-6.33247012795233,20.0743894750282));
#6003=CARTESIAN_POINT('',(-127.000001892447,-10.93767437106,-9.00172579028071));
#6004=CARTESIAN_POINT('',(-127.000001892447,-7.39703018034401,13.3530218317777));
#6005=CARTESIAN_POINT('',(127.000001892447,-10.93767437106,-9.0017257902807));
#6006=CARTESIAN_POINT('',(4.07692378001911E-14,-10.93767437106,-9.0017257902807));
#6007=CARTESIAN_POINT('',(127.000001892447,-12.6050031168719,-19.5288251846121));
#6008=CARTESIAN_POINT('Origin',(124.000001892447,0.,20.0743894750282));
#6009=CARTESIAN_POINT('',(127.000001892447,0.,20.0743894750282));
#6010=CARTESIAN_POINT('Origin',(127.000001892447,0.,-45.4361278527786));
#6011=CARTESIAN_POINT('',(127.000001892447,-8.73257056371391,-22.9242032939277));
#6012=CARTESIAN_POINT('Origin',(4.45510252276825E-14,-12.424555408643,0.386071612900748));
#6013=CARTESIAN_POINT('',(-127.000001892447,-13.9405435002418,9.95764372246209));
#6014=CARTESIAN_POINT('Origin',(-127.000001892447,0.,21.9772899375556));
#6015=UNCERTAINTY_MEASURE_WITH_UNIT(LENGTH_MEASURE(0.01),#6019,
'DISTANCE_ACCURACY_VALUE',
'Maximum model space distance between geometric entities at asserted c
onnectivities');
#6016=UNCERTAINTY_MEASURE_WITH_UNIT(LENGTH_MEASURE(0.01),#6019,
'DISTANCE_ACCURACY_VALUE',
'Maximum model space distance between geometric entities at asserted c
onnectivities');
#6017=(
GEOMETRIC_REPRESENTATION_CONTEXT(3)
GLOBAL_UNCERTAINTY_ASSIGNED_CONTEXT((#6015))
GLOBAL_UNIT_ASSIGNED_CONTEXT((#6019,#6020,#6021))
REPRESENTATION_CONTEXT('','3D')
);
#6018=(
GEOMETRIC_REPRESENTATION_CONTEXT(3)
GLOBAL_UNCERTAINTY_ASSIGNED_CONTEXT((#6016))
GLOBAL_UNIT_ASSIGNED_CONTEXT((#6019,#6020,#6021))
REPRESENTATION_CONTEXT('','3D')
);
#6019=(
LENGTH_UNIT()
NAMED_UNIT(*)
SI_UNIT(.MILLI.,.METRE.)
);
#6020=(
NAMED_UNIT(*)
PLANE_ANGLE_UNIT()
SI_UNIT($,.RADIAN.)
);
#6021=(
NAMED_UNIT(*)
SI_UNIT($,.STERADIAN.)
SOLID_ANGLE_UNIT()
);
#6022=SHAPE_DEFINITION_REPRESENTATION(#6023,#6024);
#6023=PRODUCT_DEFINITION_SHAPE('',$,#6026);
#6024=SHAPE_REPRESENTATION('',(#3580),#6017);
#6025=PRODUCT_DEFINITION_CONTEXT('part definition',#6030,'design');
#6026=PRODUCT_DEFINITION('2026-05-22-02-35-04-396','carot48',#6027,#6025);
#6027=PRODUCT_DEFINITION_FORMATION('',$,#6032);
#6028=PRODUCT_RELATED_PRODUCT_CATEGORY('carot48','carot48',(#6032));
#6029=APPLICATION_PROTOCOL_DEFINITION('international standard',
'automotive_design',2009,#6030);
#6030=APPLICATION_CONTEXT(
'Core Data for Automotive Mechanical Design Process');
#6031=PRODUCT_CONTEXT('part definition',#6030,'mechanical');
#6032=PRODUCT('2026-05-22-02-35-04-396','carot48',$,(#6031));
#6033=PRESENTATION_STYLE_ASSIGNMENT((#6034));
#6034=SURFACE_STYLE_USAGE(.BOTH.,#6035);
#6035=SURFACE_SIDE_STYLE('',(#6036));
#6036=SURFACE_STYLE_FILL_AREA(#6037);
#6037=FILL_AREA_STYLE('\X2\92FC\X0\ - \X2\30B530C630F3\X0\',(#6038));
#6038=FILL_AREA_STYLE_COLOUR('\X2\92FC\X0\ - \X2\30B530C630F3\X0\',#6039);
#6039=COLOUR_RGB('\X2\92FC\X0\ - \X2\30B530C630F3\X0\',0.627450980392157,
0.627450980392157,0.627450980392157);
ENDSEC;
END-ISO-10303-21;
