ISO-10303-21;
HEADER;
/* Generated by software containing ST-Developer
 * from STEP Tools, Inc. (www.steptools.com) 
 */

FILE_DESCRIPTION(
/* description */ (''),
/* implementation_level */ '2;1');

FILE_NAME(
/* name */ 'carot48_top_20260705_keycap_2R_firret.step',
/* time_stamp */ '2026-07-05T12:04:18+09:00',
/* author */ (''),
/* organization */ (''),
/* preprocessor_version */ 'ST-DEVELOPER v20.1',
/* originating_system */ 'Autodesk Translation Framework v15.8.0.0',
/* authorisation */ '');

FILE_SCHEMA (('AUTOMOTIVE_DESIGN { 1 0 10303 214 3 1 1 }'));
ENDSEC;

DATA;
#10=MECHANICAL_DESIGN_GEOMETRIC_PRESENTATION_REPRESENTATION('',(#13),#6530);
#11=SHAPE_REPRESENTATION_RELATIONSHIP('SRR','None',#6536,#12);
#12=ADVANCED_BREP_SHAPE_REPRESENTATION('',(#14),#6529);
#13=STYLED_ITEM('',(#6545),#14);
#14=MANIFOLD_SOLID_BREP('top_case',#3946);
#15=CONICAL_SURFACE('',#4200,0.40575,1.02974425867665);
#16=CONICAL_SURFACE('',#4204,0.40575,1.02974425867665);
#17=CONICAL_SURFACE('',#4208,0.40575,1.02974425867665);
#18=CONICAL_SURFACE('',#4212,0.40575,1.02974425867665);
#19=CONICAL_SURFACE('',#4216,0.40575,1.02974425867665);
#20=CONICAL_SURFACE('',#4220,0.40575,1.02974425867665);
#21=FACE_BOUND('',#402,.T.);
#22=FACE_BOUND('',#528,.T.);
#23=FACE_BOUND('',#532,.T.);
#24=FACE_BOUND('',#533,.T.);
#25=FACE_BOUND('',#560,.T.);
#26=FACE_BOUND('',#561,.T.);
#27=FACE_BOUND('',#564,.T.);
#28=FACE_BOUND('',#565,.T.);
#29=FACE_BOUND('',#572,.T.);
#30=FACE_BOUND('',#573,.T.);
#31=PLANE('',#3951);
#32=PLANE('',#3955);
#33=PLANE('',#3969);
#34=PLANE('',#3973);
#35=PLANE('',#3979);
#36=PLANE('',#3982);
#37=PLANE('',#3986);
#38=PLANE('',#4001);
#39=PLANE('',#4032);
#40=PLANE('',#4035);
#41=PLANE('',#4038);
#42=PLANE('',#4041);
#43=PLANE('',#4044);
#44=PLANE('',#4047);
#45=PLANE('',#4050);
#46=PLANE('',#4055);
#47=PLANE('',#4062);
#48=PLANE('',#4065);
#49=PLANE('',#4068);
#50=PLANE('',#4071);
#51=PLANE('',#4074);
#52=PLANE('',#4077);
#53=PLANE('',#4080);
#54=PLANE('',#4083);
#55=PLANE('',#4086);
#56=PLANE('',#4089);
#57=PLANE('',#4092);
#58=PLANE('',#4098);
#59=PLANE('',#4102);
#60=PLANE('',#4113);
#61=PLANE('',#4116);
#62=PLANE('',#4119);
#63=PLANE('',#4120);
#64=PLANE('',#4123);
#65=PLANE('',#4125);
#66=PLANE('',#4127);
#67=PLANE('',#4129);
#68=PLANE('',#4132);
#69=PLANE('',#4134);
#70=PLANE('',#4139);
#71=PLANE('',#4142);
#72=PLANE('',#4145);
#73=PLANE('',#4146);
#74=PLANE('',#4147);
#75=PLANE('',#4148);
#76=PLANE('',#4149);
#77=PLANE('',#4150);
#78=PLANE('',#4151);
#79=PLANE('',#4152);
#80=PLANE('',#4153);
#81=PLANE('',#4154);
#82=PLANE('',#4155);
#83=PLANE('',#4156);
#84=PLANE('',#4157);
#85=PLANE('',#4158);
#86=PLANE('',#4159);
#87=PLANE('',#4160);
#88=PLANE('',#4161);
#89=PLANE('',#4162);
#90=PLANE('',#4163);
#91=PLANE('',#4164);
#92=PLANE('',#4165);
#93=PLANE('',#4166);
#94=PLANE('',#4167);
#95=PLANE('',#4168);
#96=PLANE('',#4169);
#97=PLANE('',#4170);
#98=PLANE('',#4171);
#99=PLANE('',#4172);
#100=PLANE('',#4173);
#101=PLANE('',#4174);
#102=PLANE('',#4175);
#103=PLANE('',#4176);
#104=PLANE('',#4177);
#105=PLANE('',#4178);
#106=PLANE('',#4179);
#107=PLANE('',#4180);
#108=PLANE('',#4181);
#109=PLANE('',#4182);
#110=PLANE('',#4183);
#111=PLANE('',#4184);
#112=PLANE('',#4185);
#113=PLANE('',#4186);
#114=PLANE('',#4187);
#115=PLANE('',#4188);
#116=PLANE('',#4189);
#117=PLANE('',#4190);
#118=PLANE('',#4191);
#119=PLANE('',#4192);
#120=PLANE('',#4193);
#121=PLANE('',#4194);
#122=PLANE('',#4195);
#123=PLANE('',#4196);
#124=PLANE('',#4197);
#125=PLANE('',#4198);
#126=PLANE('',#4199);
#127=PLANE('',#4224);
#128=PLANE('',#4225);
#129=PLANE('',#4226);
#130=PLANE('',#4227);
#131=PLANE('',#4228);
#132=PLANE('',#4229);
#133=PLANE('',#4230);
#134=PLANE('',#4231);
#135=PLANE('',#4232);
#136=PLANE('',#4233);
#137=PLANE('',#4234);
#138=PLANE('',#4235);
#139=PLANE('',#4236);
#140=PLANE('',#4237);
#141=PLANE('',#4238);
#142=PLANE('',#4239);
#143=PLANE('',#4240);
#144=PLANE('',#4241);
#145=PLANE('',#4242);
#146=PLANE('',#4243);
#147=PLANE('',#4244);
#148=PLANE('',#4245);
#149=PLANE('',#4246);
#150=PLANE('',#4247);
#151=PLANE('',#4248);
#152=PLANE('',#4251);
#153=PLANE('',#4254);
#154=PLANE('',#4257);
#155=PLANE('',#4258);
#156=PLANE('',#4259);
#157=PLANE('',#4260);
#158=PLANE('',#4261);
#159=PLANE('',#4262);
#160=PLANE('',#4263);
#161=PLANE('',#4264);
#162=PLANE('',#4265);
#163=PLANE('',#4266);
#164=PLANE('',#4267);
#165=PLANE('',#4268);
#166=PLANE('',#4269);
#167=PLANE('',#4270);
#168=PLANE('',#4271);
#169=PLANE('',#4272);
#170=PLANE('',#4273);
#171=PLANE('',#4274);
#172=PLANE('',#4275);
#173=PLANE('',#4276);
#174=PLANE('',#4277);
#175=PLANE('',#4278);
#176=FACE_OUTER_BOUND('',#386,.T.);
#177=FACE_OUTER_BOUND('',#387,.T.);
#178=FACE_OUTER_BOUND('',#388,.T.);
#179=FACE_OUTER_BOUND('',#389,.T.);
#180=FACE_OUTER_BOUND('',#390,.T.);
#181=FACE_OUTER_BOUND('',#391,.T.);
#182=FACE_OUTER_BOUND('',#392,.T.);
#183=FACE_OUTER_BOUND('',#393,.T.);
#184=FACE_OUTER_BOUND('',#394,.T.);
#185=FACE_OUTER_BOUND('',#395,.T.);
#186=FACE_OUTER_BOUND('',#396,.T.);
#187=FACE_OUTER_BOUND('',#397,.T.);
#188=FACE_OUTER_BOUND('',#398,.T.);
#189=FACE_OUTER_BOUND('',#399,.T.);
#190=FACE_OUTER_BOUND('',#400,.T.);
#191=FACE_OUTER_BOUND('',#401,.T.);
#192=FACE_OUTER_BOUND('',#403,.T.);
#193=FACE_OUTER_BOUND('',#404,.T.);
#194=FACE_OUTER_BOUND('',#405,.T.);
#195=FACE_OUTER_BOUND('',#406,.T.);
#196=FACE_OUTER_BOUND('',#407,.T.);
#197=FACE_OUTER_BOUND('',#408,.T.);
#198=FACE_OUTER_BOUND('',#409,.T.);
#199=FACE_OUTER_BOUND('',#410,.T.);
#200=FACE_OUTER_BOUND('',#411,.T.);
#201=FACE_OUTER_BOUND('',#412,.T.);
#202=FACE_OUTER_BOUND('',#413,.T.);
#203=FACE_OUTER_BOUND('',#414,.T.);
#204=FACE_OUTER_BOUND('',#415,.T.);
#205=FACE_OUTER_BOUND('',#416,.T.);
#206=FACE_OUTER_BOUND('',#417,.T.);
#207=FACE_OUTER_BOUND('',#418,.T.);
#208=FACE_OUTER_BOUND('',#419,.T.);
#209=FACE_OUTER_BOUND('',#420,.T.);
#210=FACE_OUTER_BOUND('',#421,.T.);
#211=FACE_OUTER_BOUND('',#422,.T.);
#212=FACE_OUTER_BOUND('',#423,.T.);
#213=FACE_OUTER_BOUND('',#424,.T.);
#214=FACE_OUTER_BOUND('',#425,.T.);
#215=FACE_OUTER_BOUND('',#426,.T.);
#216=FACE_OUTER_BOUND('',#427,.T.);
#217=FACE_OUTER_BOUND('',#428,.T.);
#218=FACE_OUTER_BOUND('',#429,.T.);
#219=FACE_OUTER_BOUND('',#430,.T.);
#220=FACE_OUTER_BOUND('',#431,.T.);
#221=FACE_OUTER_BOUND('',#432,.T.);
#222=FACE_OUTER_BOUND('',#433,.T.);
#223=FACE_OUTER_BOUND('',#434,.T.);
#224=FACE_OUTER_BOUND('',#435,.T.);
#225=FACE_OUTER_BOUND('',#436,.T.);
#226=FACE_OUTER_BOUND('',#437,.T.);
#227=FACE_OUTER_BOUND('',#438,.T.);
#228=FACE_OUTER_BOUND('',#439,.T.);
#229=FACE_OUTER_BOUND('',#440,.T.);
#230=FACE_OUTER_BOUND('',#441,.T.);
#231=FACE_OUTER_BOUND('',#442,.T.);
#232=FACE_OUTER_BOUND('',#443,.T.);
#233=FACE_OUTER_BOUND('',#444,.T.);
#234=FACE_OUTER_BOUND('',#445,.T.);
#235=FACE_OUTER_BOUND('',#446,.T.);
#236=FACE_OUTER_BOUND('',#447,.T.);
#237=FACE_OUTER_BOUND('',#448,.T.);
#238=FACE_OUTER_BOUND('',#449,.T.);
#239=FACE_OUTER_BOUND('',#450,.T.);
#240=FACE_OUTER_BOUND('',#451,.T.);
#241=FACE_OUTER_BOUND('',#452,.T.);
#242=FACE_OUTER_BOUND('',#453,.T.);
#243=FACE_OUTER_BOUND('',#454,.T.);
#244=FACE_OUTER_BOUND('',#455,.T.);
#245=FACE_OUTER_BOUND('',#456,.T.);
#246=FACE_OUTER_BOUND('',#457,.T.);
#247=FACE_OUTER_BOUND('',#458,.T.);
#248=FACE_OUTER_BOUND('',#459,.T.);
#249=FACE_OUTER_BOUND('',#460,.T.);
#250=FACE_OUTER_BOUND('',#461,.T.);
#251=FACE_OUTER_BOUND('',#462,.T.);
#252=FACE_OUTER_BOUND('',#463,.T.);
#253=FACE_OUTER_BOUND('',#464,.T.);
#254=FACE_OUTER_BOUND('',#465,.T.);
#255=FACE_OUTER_BOUND('',#466,.T.);
#256=FACE_OUTER_BOUND('',#467,.T.);
#257=FACE_OUTER_BOUND('',#468,.T.);
#258=FACE_OUTER_BOUND('',#469,.T.);
#259=FACE_OUTER_BOUND('',#470,.T.);
#260=FACE_OUTER_BOUND('',#471,.T.);
#261=FACE_OUTER_BOUND('',#472,.T.);
#262=FACE_OUTER_BOUND('',#473,.T.);
#263=FACE_OUTER_BOUND('',#474,.T.);
#264=FACE_OUTER_BOUND('',#475,.T.);
#265=FACE_OUTER_BOUND('',#476,.T.);
#266=FACE_OUTER_BOUND('',#477,.T.);
#267=FACE_OUTER_BOUND('',#478,.T.);
#268=FACE_OUTER_BOUND('',#479,.T.);
#269=FACE_OUTER_BOUND('',#480,.T.);
#270=FACE_OUTER_BOUND('',#481,.T.);
#271=FACE_OUTER_BOUND('',#482,.T.);
#272=FACE_OUTER_BOUND('',#483,.T.);
#273=FACE_OUTER_BOUND('',#484,.T.);
#274=FACE_OUTER_BOUND('',#485,.T.);
#275=FACE_OUTER_BOUND('',#486,.T.);
#276=FACE_OUTER_BOUND('',#487,.T.);
#277=FACE_OUTER_BOUND('',#488,.T.);
#278=FACE_OUTER_BOUND('',#489,.T.);
#279=FACE_OUTER_BOUND('',#490,.T.);
#280=FACE_OUTER_BOUND('',#491,.T.);
#281=FACE_OUTER_BOUND('',#492,.T.);
#282=FACE_OUTER_BOUND('',#493,.T.);
#283=FACE_OUTER_BOUND('',#494,.T.);
#284=FACE_OUTER_BOUND('',#495,.T.);
#285=FACE_OUTER_BOUND('',#496,.T.);
#286=FACE_OUTER_BOUND('',#497,.T.);
#287=FACE_OUTER_BOUND('',#498,.T.);
#288=FACE_OUTER_BOUND('',#499,.T.);
#289=FACE_OUTER_BOUND('',#500,.T.);
#290=FACE_OUTER_BOUND('',#501,.T.);
#291=FACE_OUTER_BOUND('',#502,.T.);
#292=FACE_OUTER_BOUND('',#503,.T.);
#293=FACE_OUTER_BOUND('',#504,.T.);
#294=FACE_OUTER_BOUND('',#505,.T.);
#295=FACE_OUTER_BOUND('',#506,.T.);
#296=FACE_OUTER_BOUND('',#507,.T.);
#297=FACE_OUTER_BOUND('',#508,.T.);
#298=FACE_OUTER_BOUND('',#509,.T.);
#299=FACE_OUTER_BOUND('',#510,.T.);
#300=FACE_OUTER_BOUND('',#511,.T.);
#301=FACE_OUTER_BOUND('',#512,.T.);
#302=FACE_OUTER_BOUND('',#513,.T.);
#303=FACE_OUTER_BOUND('',#514,.T.);
#304=FACE_OUTER_BOUND('',#515,.T.);
#305=FACE_OUTER_BOUND('',#516,.T.);
#306=FACE_OUTER_BOUND('',#517,.T.);
#307=FACE_OUTER_BOUND('',#518,.T.);
#308=FACE_OUTER_BOUND('',#519,.T.);
#309=FACE_OUTER_BOUND('',#520,.T.);
#310=FACE_OUTER_BOUND('',#521,.T.);
#311=FACE_OUTER_BOUND('',#522,.T.);
#312=FACE_OUTER_BOUND('',#523,.T.);
#313=FACE_OUTER_BOUND('',#524,.T.);
#314=FACE_OUTER_BOUND('',#525,.T.);
#315=FACE_OUTER_BOUND('',#526,.T.);
#316=FACE_OUTER_BOUND('',#527,.T.);
#317=FACE_OUTER_BOUND('',#529,.T.);
#318=FACE_OUTER_BOUND('',#530,.T.);
#319=FACE_OUTER_BOUND('',#531,.T.);
#320=FACE_OUTER_BOUND('',#534,.T.);
#321=FACE_OUTER_BOUND('',#535,.T.);
#322=FACE_OUTER_BOUND('',#536,.T.);
#323=FACE_OUTER_BOUND('',#537,.T.);
#324=FACE_OUTER_BOUND('',#538,.T.);
#325=FACE_OUTER_BOUND('',#539,.T.);
#326=FACE_OUTER_BOUND('',#540,.T.);
#327=FACE_OUTER_BOUND('',#541,.T.);
#328=FACE_OUTER_BOUND('',#542,.T.);
#329=FACE_OUTER_BOUND('',#543,.T.);
#330=FACE_OUTER_BOUND('',#544,.T.);
#331=FACE_OUTER_BOUND('',#545,.T.);
#332=FACE_OUTER_BOUND('',#546,.T.);
#333=FACE_OUTER_BOUND('',#547,.T.);
#334=FACE_OUTER_BOUND('',#548,.T.);
#335=FACE_OUTER_BOUND('',#549,.T.);
#336=FACE_OUTER_BOUND('',#550,.T.);
#337=FACE_OUTER_BOUND('',#551,.T.);
#338=FACE_OUTER_BOUND('',#552,.T.);
#339=FACE_OUTER_BOUND('',#553,.T.);
#340=FACE_OUTER_BOUND('',#554,.T.);
#341=FACE_OUTER_BOUND('',#555,.T.);
#342=FACE_OUTER_BOUND('',#556,.T.);
#343=FACE_OUTER_BOUND('',#557,.T.);
#344=FACE_OUTER_BOUND('',#558,.T.);
#345=FACE_OUTER_BOUND('',#559,.T.);
#346=FACE_OUTER_BOUND('',#562,.T.);
#347=FACE_OUTER_BOUND('',#563,.T.);
#348=FACE_OUTER_BOUND('',#566,.T.);
#349=FACE_OUTER_BOUND('',#567,.T.);
#350=FACE_OUTER_BOUND('',#568,.T.);
#351=FACE_OUTER_BOUND('',#569,.T.);
#352=FACE_OUTER_BOUND('',#570,.T.);
#353=FACE_OUTER_BOUND('',#571,.T.);
#354=FACE_OUTER_BOUND('',#574,.T.);
#355=FACE_OUTER_BOUND('',#575,.T.);
#356=FACE_OUTER_BOUND('',#576,.T.);
#357=FACE_OUTER_BOUND('',#577,.T.);
#358=FACE_OUTER_BOUND('',#578,.T.);
#359=FACE_OUTER_BOUND('',#579,.T.);
#360=FACE_OUTER_BOUND('',#580,.T.);
#361=FACE_OUTER_BOUND('',#581,.T.);
#362=FACE_OUTER_BOUND('',#582,.T.);
#363=FACE_OUTER_BOUND('',#583,.T.);
#364=FACE_OUTER_BOUND('',#584,.T.);
#365=FACE_OUTER_BOUND('',#585,.T.);
#366=FACE_OUTER_BOUND('',#586,.T.);
#367=FACE_OUTER_BOUND('',#587,.T.);
#368=FACE_OUTER_BOUND('',#588,.T.);
#369=FACE_OUTER_BOUND('',#589,.T.);
#370=FACE_OUTER_BOUND('',#590,.T.);
#371=FACE_OUTER_BOUND('',#591,.T.);
#372=FACE_OUTER_BOUND('',#592,.T.);
#373=FACE_OUTER_BOUND('',#593,.T.);
#374=FACE_OUTER_BOUND('',#594,.T.);
#375=FACE_OUTER_BOUND('',#595,.T.);
#376=FACE_OUTER_BOUND('',#596,.T.);
#377=FACE_OUTER_BOUND('',#597,.T.);
#378=FACE_OUTER_BOUND('',#598,.T.);
#379=FACE_OUTER_BOUND('',#599,.T.);
#380=FACE_OUTER_BOUND('',#600,.T.);
#381=FACE_OUTER_BOUND('',#601,.T.);
#382=FACE_OUTER_BOUND('',#602,.T.);
#383=FACE_OUTER_BOUND('',#603,.T.);
#384=FACE_OUTER_BOUND('',#604,.T.);
#385=FACE_OUTER_BOUND('',#605,.T.);
#386=EDGE_LOOP('',(#2545,#2546,#2547,#2548));
#387=EDGE_LOOP('',(#2549,#2550,#2551,#2552,#2553,#2554,#2555,#2556,#2557,
#2558,#2559,#2560,#2561,#2562));
#388=EDGE_LOOP('',(#2563,#2564,#2565,#2566));
#389=EDGE_LOOP('',(#2567,#2568,#2569,#2570,#2571,#2572,#2573,#2574,#2575,
#2576,#2577,#2578,#2579,#2580,#2581,#2582,#2583,#2584,#2585,#2586,#2587,
#2588,#2589,#2590,#2591,#2592,#2593,#2594,#2595,#2596,#2597,#2598,#2599,
#2600,#2601,#2602,#2603,#2604,#2605,#2606,#2607));
#390=EDGE_LOOP('',(#2608,#2609,#2610,#2611,#2612,#2613,#2614,#2615,#2616,
#2617,#2618,#2619,#2620));
#391=EDGE_LOOP('',(#2621,#2622,#2623,#2624));
#392=EDGE_LOOP('',(#2625,#2626,#2627,#2628));
#393=EDGE_LOOP('',(#2629,#2630,#2631,#2632));
#394=EDGE_LOOP('',(#2633,#2634,#2635,#2636));
#395=EDGE_LOOP('',(#2637,#2638,#2639,#2640,#2641,#2642));
#396=EDGE_LOOP('',(#2643,#2644,#2645,#2646));
#397=EDGE_LOOP('',(#2647,#2648,#2649,#2650,#2651,#2652));
#398=EDGE_LOOP('',(#2653,#2654,#2655,#2656));
#399=EDGE_LOOP('',(#2657,#2658,#2659,#2660,#2661,#2662,#2663,#2664,#2665,
#2666,#2667,#2668,#2669,#2670,#2671,#2672,#2673,#2674,#2675,#2676,#2677,
#2678,#2679,#2680,#2681,#2682,#2683,#2684,#2685,#2686,#2687,#2688,#2689,
#2690,#2691,#2692,#2693));
#400=EDGE_LOOP('',(#2694,#2695,#2696,#2697));
#401=EDGE_LOOP('',(#2698,#2699,#2700,#2701,#2702,#2703,#2704,#2705,#2706,
#2707,#2708,#2709,#2710,#2711,#2712,#2713,#2714,#2715,#2716,#2717,#2718,
#2719,#2720,#2721,#2722,#2723,#2724,#2725,#2726,#2727,#2728,#2729,#2730,
#2731,#2732,#2733,#2734,#2735,#2736,#2737,#2738,#2739,#2740,#2741,#2742,
#2743,#2744,#2745,#2746,#2747,#2748,#2749,#2750,#2751,#2752,#2753,#2754,
#2755,#2756,#2757,#2758,#2759,#2760,#2761,#2762,#2763,#2764,#2765,#2766,
#2767,#2768,#2769,#2770,#2771,#2772,#2773,#2774,#2775));
#402=EDGE_LOOP('',(#2776,#2777,#2778,#2779));
#403=EDGE_LOOP('',(#2780,#2781,#2782,#2783));
#404=EDGE_LOOP('',(#2784,#2785,#2786,#2787));
#405=EDGE_LOOP('',(#2788,#2789,#2790,#2791));
#406=EDGE_LOOP('',(#2792,#2793,#2794,#2795));
#407=EDGE_LOOP('',(#2796,#2797,#2798,#2799));
#408=EDGE_LOOP('',(#2800,#2801,#2802,#2803));
#409=EDGE_LOOP('',(#2804,#2805,#2806,#2807));
#410=EDGE_LOOP('',(#2808,#2809,#2810,#2811));
#411=EDGE_LOOP('',(#2812,#2813,#2814,#2815));
#412=EDGE_LOOP('',(#2816,#2817,#2818,#2819));
#413=EDGE_LOOP('',(#2820,#2821,#2822,#2823));
#414=EDGE_LOOP('',(#2824,#2825,#2826,#2827));
#415=EDGE_LOOP('',(#2828,#2829,#2830,#2831));
#416=EDGE_LOOP('',(#2832,#2833,#2834,#2835));
#417=EDGE_LOOP('',(#2836,#2837,#2838,#2839));
#418=EDGE_LOOP('',(#2840,#2841,#2842,#2843));
#419=EDGE_LOOP('',(#2844,#2845,#2846,#2847));
#420=EDGE_LOOP('',(#2848,#2849,#2850,#2851));
#421=EDGE_LOOP('',(#2852,#2853,#2854,#2855));
#422=EDGE_LOOP('',(#2856,#2857,#2858,#2859));
#423=EDGE_LOOP('',(#2860,#2861,#2862,#2863));
#424=EDGE_LOOP('',(#2864,#2865,#2866,#2867));
#425=EDGE_LOOP('',(#2868,#2869,#2870,#2871));
#426=EDGE_LOOP('',(#2872,#2873,#2874,#2875));
#427=EDGE_LOOP('',(#2876,#2877,#2878,#2879));
#428=EDGE_LOOP('',(#2880,#2881,#2882,#2883));
#429=EDGE_LOOP('',(#2884,#2885,#2886,#2887));
#430=EDGE_LOOP('',(#2888,#2889,#2890,#2891));
#431=EDGE_LOOP('',(#2892,#2893,#2894,#2895));
#432=EDGE_LOOP('',(#2896,#2897,#2898,#2899));
#433=EDGE_LOOP('',(#2900,#2901,#2902,#2903));
#434=EDGE_LOOP('',(#2904,#2905,#2906,#2907));
#435=EDGE_LOOP('',(#2908,#2909,#2910,#2911));
#436=EDGE_LOOP('',(#2912,#2913,#2914,#2915));
#437=EDGE_LOOP('',(#2916,#2917,#2918,#2919));
#438=EDGE_LOOP('',(#2920,#2921,#2922,#2923));
#439=EDGE_LOOP('',(#2924,#2925,#2926,#2927));
#440=EDGE_LOOP('',(#2928,#2929,#2930,#2931));
#441=EDGE_LOOP('',(#2932,#2933,#2934,#2935));
#442=EDGE_LOOP('',(#2936,#2937,#2938,#2939));
#443=EDGE_LOOP('',(#2940,#2941,#2942,#2943));
#444=EDGE_LOOP('',(#2944,#2945,#2946,#2947));
#445=EDGE_LOOP('',(#2948,#2949,#2950,#2951));
#446=EDGE_LOOP('',(#2952,#2953,#2954,#2955));
#447=EDGE_LOOP('',(#2956,#2957,#2958,#2959));
#448=EDGE_LOOP('',(#2960,#2961,#2962,#2963));
#449=EDGE_LOOP('',(#2964,#2965,#2966,#2967));
#450=EDGE_LOOP('',(#2968,#2969,#2970,#2971));
#451=EDGE_LOOP('',(#2972,#2973,#2974,#2975));
#452=EDGE_LOOP('',(#2976,#2977,#2978,#2979,#2980,#2981));
#453=EDGE_LOOP('',(#2982,#2983,#2984,#2985));
#454=EDGE_LOOP('',(#2986,#2987,#2988,#2989));
#455=EDGE_LOOP('',(#2990,#2991,#2992,#2993));
#456=EDGE_LOOP('',(#2994,#2995,#2996,#2997));
#457=EDGE_LOOP('',(#2998,#2999,#3000,#3001));
#458=EDGE_LOOP('',(#3002,#3003,#3004,#3005,#3006));
#459=EDGE_LOOP('',(#3007,#3008,#3009,#3010));
#460=EDGE_LOOP('',(#3011,#3012,#3013,#3014));
#461=EDGE_LOOP('',(#3015,#3016,#3017,#3018));
#462=EDGE_LOOP('',(#3019,#3020,#3021,#3022));
#463=EDGE_LOOP('',(#3023,#3024,#3025,#3026));
#464=EDGE_LOOP('',(#3027,#3028,#3029,#3030));
#465=EDGE_LOOP('',(#3031,#3032,#3033,#3034,#3035,#3036));
#466=EDGE_LOOP('',(#3037,#3038,#3039,#3040));
#467=EDGE_LOOP('',(#3041,#3042,#3043,#3044));
#468=EDGE_LOOP('',(#3045,#3046,#3047,#3048));
#469=EDGE_LOOP('',(#3049,#3050,#3051,#3052));
#470=EDGE_LOOP('',(#3053,#3054,#3055,#3056));
#471=EDGE_LOOP('',(#3057,#3058,#3059,#3060,#3061,#3062));
#472=EDGE_LOOP('',(#3063,#3064,#3065,#3066,#3067,#3068));
#473=EDGE_LOOP('',(#3069,#3070,#3071,#3072));
#474=EDGE_LOOP('',(#3073,#3074,#3075,#3076));
#475=EDGE_LOOP('',(#3077,#3078,#3079,#3080));
#476=EDGE_LOOP('',(#3081,#3082,#3083,#3084,#3085,#3086));
#477=EDGE_LOOP('',(#3087,#3088,#3089,#3090));
#478=EDGE_LOOP('',(#3091,#3092,#3093,#3094));
#479=EDGE_LOOP('',(#3095,#3096,#3097));
#480=EDGE_LOOP('',(#3098,#3099,#3100));
#481=EDGE_LOOP('',(#3101,#3102,#3103));
#482=EDGE_LOOP('',(#3104,#3105,#3106,#3107));
#483=EDGE_LOOP('',(#3108,#3109,#3110));
#484=EDGE_LOOP('',(#3111,#3112,#3113,#3114));
#485=EDGE_LOOP('',(#3115,#3116,#3117,#3118));
#486=EDGE_LOOP('',(#3119,#3120,#3121));
#487=EDGE_LOOP('',(#3122,#3123,#3124,#3125));
#488=EDGE_LOOP('',(#3126,#3127,#3128,#3129));
#489=EDGE_LOOP('',(#3130,#3131,#3132));
#490=EDGE_LOOP('',(#3133,#3134,#3135));
#491=EDGE_LOOP('',(#3136,#3137,#3138,#3139));
#492=EDGE_LOOP('',(#3140,#3141,#3142));
#493=EDGE_LOOP('',(#3143,#3144,#3145));
#494=EDGE_LOOP('',(#3146,#3147,#3148,#3149));
#495=EDGE_LOOP('',(#3150,#3151,#3152,#3153));
#496=EDGE_LOOP('',(#3154,#3155,#3156));
#497=EDGE_LOOP('',(#3157,#3158,#3159,#3160));
#498=EDGE_LOOP('',(#3161,#3162,#3163));
#499=EDGE_LOOP('',(#3164,#3165,#3166));
#500=EDGE_LOOP('',(#3167,#3168,#3169,#3170));
#501=EDGE_LOOP('',(#3171,#3172,#3173,#3174));
#502=EDGE_LOOP('',(#3175,#3176,#3177));
#503=EDGE_LOOP('',(#3178,#3179,#3180,#3181));
#504=EDGE_LOOP('',(#3182,#3183,#3184,#3185));
#505=EDGE_LOOP('',(#3186,#3187,#3188));
#506=EDGE_LOOP('',(#3189,#3190,#3191,#3192));
#507=EDGE_LOOP('',(#3193,#3194,#3195));
#508=EDGE_LOOP('',(#3196,#3197,#3198,#3199));
#509=EDGE_LOOP('',(#3200,#3201,#3202,#3203));
#510=EDGE_LOOP('',(#3204,#3205,#3206));
#511=EDGE_LOOP('',(#3207,#3208,#3209,#3210));
#512=EDGE_LOOP('',(#3211,#3212,#3213,#3214));
#513=EDGE_LOOP('',(#3215,#3216,#3217,#3218));
#514=EDGE_LOOP('',(#3219,#3220,#3221,#3222));
#515=EDGE_LOOP('',(#3223,#3224,#3225,#3226));
#516=EDGE_LOOP('',(#3227,#3228,#3229,#3230));
#517=EDGE_LOOP('',(#3231,#3232,#3233,#3234));
#518=EDGE_LOOP('',(#3235,#3236,#3237,#3238));
#519=EDGE_LOOP('',(#3239,#3240,#3241,#3242));
#520=EDGE_LOOP('',(#3243,#3244,#3245,#3246));
#521=EDGE_LOOP('',(#3247,#3248,#3249,#3250));
#522=EDGE_LOOP('',(#3251,#3252,#3253,#3254));
#523=EDGE_LOOP('',(#3255,#3256,#3257,#3258,#3259,#3260,#3261,#3262,#3263,
#3264,#3265,#3266));
#524=EDGE_LOOP('',(#3267,#3268,#3269,#3270));
#525=EDGE_LOOP('',(#3271,#3272,#3273,#3274));
#526=EDGE_LOOP('',(#3275,#3276,#3277,#3278));
#527=EDGE_LOOP('',(#3279,#3280,#3281,#3282));
#528=EDGE_LOOP('',(#3283,#3284,#3285,#3286,#3287,#3288,#3289,#3290));
#529=EDGE_LOOP('',(#3291,#3292,#3293,#3294,#3295));
#530=EDGE_LOOP('',(#3296,#3297,#3298,#3299,#3300));
#531=EDGE_LOOP('',(#3301,#3302,#3303,#3304,#3305,#3306,#3307,#3308,#3309));
#532=EDGE_LOOP('',(#3310,#3311,#3312,#3313,#3314,#3315,#3316,#3317,#3318,
#3319,#3320,#3321,#3322,#3323,#3324,#3325,#3326,#3327,#3328,#3329,#3330,
#3331,#3332,#3333,#3334));
#533=EDGE_LOOP('',(#3335,#3336,#3337,#3338,#3339,#3340,#3341,#3342,#3343,
#3344,#3345,#3346,#3347,#3348,#3349,#3350,#3351,#3352,#3353,#3354,#3355,
#3356,#3357,#3358,#3359));
#534=EDGE_LOOP('',(#3360,#3361,#3362,#3363));
#535=EDGE_LOOP('',(#3364,#3365,#3366,#3367));
#536=EDGE_LOOP('',(#3368,#3369,#3370));
#537=EDGE_LOOP('',(#3371,#3372,#3373,#3374));
#538=EDGE_LOOP('',(#3375,#3376,#3377));
#539=EDGE_LOOP('',(#3378,#3379,#3380,#3381));
#540=EDGE_LOOP('',(#3382,#3383,#3384));
#541=EDGE_LOOP('',(#3385,#3386,#3387,#3388));
#542=EDGE_LOOP('',(#3389,#3390,#3391));
#543=EDGE_LOOP('',(#3392,#3393,#3394,#3395));
#544=EDGE_LOOP('',(#3396,#3397,#3398));
#545=EDGE_LOOP('',(#3399,#3400,#3401,#3402));
#546=EDGE_LOOP('',(#3403,#3404,#3405));
#547=EDGE_LOOP('',(#3406,#3407,#3408,#3409));
#548=EDGE_LOOP('',(#3410,#3411,#3412,#3413));
#549=EDGE_LOOP('',(#3414,#3415,#3416,#3417,#3418));
#550=EDGE_LOOP('',(#3419,#3420,#3421,#3422));
#551=EDGE_LOOP('',(#3423,#3424,#3425,#3426,#3427));
#552=EDGE_LOOP('',(#3428,#3429,#3430,#3431));
#553=EDGE_LOOP('',(#3432,#3433,#3434,#3435));
#554=EDGE_LOOP('',(#3436,#3437,#3438,#3439,#3440));
#555=EDGE_LOOP('',(#3441,#3442,#3443,#3444,#3445,#3446));
#556=EDGE_LOOP('',(#3447,#3448,#3449,#3450,#3451,#3452,#3453,#3454));
#557=EDGE_LOOP('',(#3455,#3456,#3457,#3458,#3459,#3460));
#558=EDGE_LOOP('',(#3461,#3462,#3463,#3464,#3465,#3466));
#559=EDGE_LOOP('',(#3467,#3468,#3469,#3470,#3471,#3472));
#560=EDGE_LOOP('',(#3473));
#561=EDGE_LOOP('',(#3474));
#562=EDGE_LOOP('',(#3475,#3476,#3477,#3478));
#563=EDGE_LOOP('',(#3479,#3480,#3481,#3482,#3483,#3484));
#564=EDGE_LOOP('',(#3485));
#565=EDGE_LOOP('',(#3486));
#566=EDGE_LOOP('',(#3487,#3488,#3489,#3490,#3491,#3492,#3493,#3494));
#567=EDGE_LOOP('',(#3495,#3496,#3497,#3498));
#568=EDGE_LOOP('',(#3499,#3500,#3501,#3502));
#569=EDGE_LOOP('',(#3503,#3504,#3505,#3506));
#570=EDGE_LOOP('',(#3507,#3508,#3509,#3510));
#571=EDGE_LOOP('',(#3511,#3512,#3513,#3514));
#572=EDGE_LOOP('',(#3515));
#573=EDGE_LOOP('',(#3516));
#574=EDGE_LOOP('',(#3517,#3518,#3519,#3520));
#575=EDGE_LOOP('',(#3521,#3522,#3523,#3524,#3525,#3526,#3527,#3528,#3529,
#3530,#3531,#3532,#3533,#3534,#3535,#3536,#3537,#3538,#3539,#3540,#3541,
#3542,#3543,#3544));
#576=EDGE_LOOP('',(#3545,#3546,#3547,#3548));
#577=EDGE_LOOP('',(#3549,#3550,#3551,#3552));
#578=EDGE_LOOP('',(#3553,#3554,#3555,#3556,#3557,#3558,#3559,#3560,#3561,
#3562,#3563,#3564));
#579=EDGE_LOOP('',(#3565,#3566,#3567,#3568));
#580=EDGE_LOOP('',(#3569,#3570,#3571));
#581=EDGE_LOOP('',(#3572,#3573,#3574,#3575,#3576));
#582=EDGE_LOOP('',(#3577,#3578,#3579));
#583=EDGE_LOOP('',(#3580,#3581,#3582,#3583));
#584=EDGE_LOOP('',(#3584,#3585,#3586));
#585=EDGE_LOOP('',(#3587,#3588,#3589,#3590,#3591,#3592));
#586=EDGE_LOOP('',(#3593,#3594,#3595,#3596));
#587=EDGE_LOOP('',(#3597,#3598,#3599,#3600));
#588=EDGE_LOOP('',(#3601,#3602,#3603,#3604));
#589=EDGE_LOOP('',(#3605,#3606,#3607,#3608));
#590=EDGE_LOOP('',(#3609,#3610,#3611,#3612));
#591=EDGE_LOOP('',(#3613,#3614,#3615,#3616));
#592=EDGE_LOOP('',(#3617,#3618,#3619,#3620));
#593=EDGE_LOOP('',(#3621,#3622,#3623,#3624));
#594=EDGE_LOOP('',(#3625,#3626,#3627,#3628));
#595=EDGE_LOOP('',(#3629,#3630,#3631,#3632));
#596=EDGE_LOOP('',(#3633,#3634,#3635,#3636));
#597=EDGE_LOOP('',(#3637,#3638,#3639,#3640));
#598=EDGE_LOOP('',(#3641,#3642,#3643,#3644,#3645));
#599=EDGE_LOOP('',(#3646,#3647,#3648,#3649,#3650));
#600=EDGE_LOOP('',(#3651,#3652,#3653,#3654,#3655,#3656));
#601=EDGE_LOOP('',(#3657,#3658,#3659,#3660));
#602=EDGE_LOOP('',(#3661,#3662,#3663,#3664));
#603=EDGE_LOOP('',(#3665,#3666,#3667,#3668));
#604=EDGE_LOOP('',(#3669,#3670,#3671,#3672));
#605=EDGE_LOOP('',(#3673,#3674,#3675,#3676));
#606=ELLIPSE('',#3950,1.00750982545885,1.);
#607=ELLIPSE('',#3954,1.00750982545885,1.);
#608=ELLIPSE('',#3972,1.012465125788,1.);
#609=ELLIPSE('',#3985,1.012465125788,1.);
#610=ELLIPSE('',#4085,1.012465125788,1.);
#611=ELLIPSE('',#4088,1.012465125788,1.);
#612=ELLIPSE('',#4091,1.012465125788,1.);
#613=ELLIPSE('',#4094,1.012465125788,1.);
#614=LINE('',#5394,#1059);
#615=LINE('',#5397,#1060);
#616=LINE('',#5400,#1061);
#617=LINE('',#5402,#1062);
#618=LINE('',#5404,#1063);
#619=LINE('',#5406,#1064);
#620=LINE('',#5408,#1065);
#621=LINE('',#5410,#1066);
#622=LINE('',#5412,#1067);
#623=LINE('',#5414,#1068);
#624=LINE('',#5416,#1069);
#625=LINE('',#5418,#1070);
#626=LINE('',#5420,#1071);
#627=LINE('',#5422,#1072);
#628=LINE('',#5423,#1073);
#629=LINE('',#5429,#1074);
#630=LINE('',#5432,#1075);
#631=LINE('',#5435,#1076);
#632=LINE('',#5437,#1077);
#633=LINE('',#5439,#1078);
#634=LINE('',#5441,#1079);
#635=LINE('',#5443,#1080);
#636=LINE('',#5445,#1081);
#637=LINE('',#5446,#1082);
#638=LINE('',#5448,#1083);
#639=LINE('',#5452,#1084);
#640=LINE('',#5460,#1085);
#641=LINE('',#5462,#1086);
#642=LINE('',#5466,#1087);
#643=LINE('',#5468,#1088);
#644=LINE('',#5472,#1089);
#645=LINE('',#5476,#1090);
#646=LINE('',#5478,#1091);
#647=LINE('',#5480,#1092);
#648=LINE('',#5482,#1093);
#649=LINE('',#5486,#1094);
#650=LINE('',#5490,#1095);
#651=LINE('',#5492,#1096);
#652=LINE('',#5496,#1097);
#653=LINE('',#5498,#1098);
#654=LINE('',#5504,#1099);
#655=LINE('',#5508,#1100);
#656=LINE('',#5510,#1101);
#657=LINE('',#5512,#1102);
#658=LINE('',#5514,#1103);
#659=LINE('',#5516,#1104);
#660=LINE('',#5518,#1105);
#661=LINE('',#5520,#1106);
#662=LINE('',#5522,#1107);
#663=LINE('',#5524,#1108);
#664=LINE('',#5526,#1109);
#665=LINE('',#5527,#1110);
#666=LINE('',#5533,#1111);
#667=LINE('',#5536,#1112);
#668=LINE('',#5538,#1113);
#669=LINE('',#5539,#1114);
#670=LINE('',#5544,#1115);
#671=LINE('',#5549,#1116);
#672=LINE('',#5552,#1117);
#673=LINE('',#5554,#1118);
#674=LINE('',#5556,#1119);
#675=LINE('',#5557,#1120);
#676=LINE('',#5561,#1121);
#677=LINE('',#5564,#1122);
#678=LINE('',#5566,#1123);
#679=LINE('',#5568,#1124);
#680=LINE('',#5569,#1125);
#681=LINE('',#5574,#1126);
#682=LINE('',#5580,#1127);
#683=LINE('',#5584,#1128);
#684=LINE('',#5586,#1129);
#685=LINE('',#5590,#1130);
#686=LINE('',#5593,#1131);
#687=LINE('',#5597,#1132);
#688=LINE('',#5599,#1133);
#689=LINE('',#5603,#1134);
#690=LINE('',#5605,#1135);
#691=LINE('',#5609,#1136);
#692=LINE('',#5611,#1137);
#693=LINE('',#5615,#1138);
#694=LINE('',#5619,#1139);
#695=LINE('',#5623,#1140);
#696=LINE('',#5625,#1141);
#697=LINE('',#5629,#1142);
#698=LINE('',#5631,#1143);
#699=LINE('',#5635,#1144);
#700=LINE('',#5636,#1145);
#701=LINE('',#5640,#1146);
#702=LINE('',#5643,#1147);
#703=LINE('',#5645,#1148);
#704=LINE('',#5649,#1149);
#705=LINE('',#5651,#1150);
#706=LINE('',#5655,#1151);
#707=LINE('',#5657,#1152);
#708=LINE('',#5661,#1153);
#709=LINE('',#5663,#1154);
#710=LINE('',#5667,#1155);
#711=LINE('',#5668,#1156);
#712=LINE('',#5672,#1157);
#713=LINE('',#5674,#1158);
#714=LINE('',#5678,#1159);
#715=LINE('',#5680,#1160);
#716=LINE('',#5684,#1161);
#717=LINE('',#5688,#1162);
#718=LINE('',#5690,#1163);
#719=LINE('',#5694,#1164);
#720=LINE('',#5696,#1165);
#721=LINE('',#5700,#1166);
#722=LINE('',#5702,#1167);
#723=LINE('',#5706,#1168);
#724=LINE('',#5710,#1169);
#725=LINE('',#5714,#1170);
#726=LINE('',#5719,#1171);
#727=LINE('',#5721,#1172);
#728=LINE('',#5723,#1173);
#729=LINE('',#5725,#1174);
#730=LINE('',#5730,#1175);
#731=LINE('',#5734,#1176);
#732=LINE('',#5738,#1177);
#733=LINE('',#5742,#1178);
#734=LINE('',#5744,#1179);
#735=LINE('',#5748,#1180);
#736=LINE('',#5750,#1181);
#737=LINE('',#5754,#1182);
#738=LINE('',#5756,#1183);
#739=LINE('',#5760,#1184);
#740=LINE('',#5764,#1185);
#741=LINE('',#5766,#1186);
#742=LINE('',#5770,#1187);
#743=LINE('',#5772,#1188);
#744=LINE('',#5776,#1189);
#745=LINE('',#5778,#1190);
#746=LINE('',#5780,#1191);
#747=LINE('',#5781,#1192);
#748=LINE('',#5785,#1193);
#749=LINE('',#5788,#1194);
#750=LINE('',#5791,#1195);
#751=LINE('',#5794,#1196);
#752=LINE('',#5795,#1197);
#753=LINE('',#5798,#1198);
#754=LINE('',#5801,#1199);
#755=LINE('',#5804,#1200);
#756=LINE('',#5805,#1201);
#757=LINE('',#5808,#1202);
#758=LINE('',#5811,#1203);
#759=LINE('',#5813,#1204);
#760=LINE('',#5816,#1205);
#761=LINE('',#5819,#1206);
#762=LINE('',#5822,#1207);
#763=LINE('',#5823,#1208);
#764=LINE('',#5826,#1209);
#765=LINE('',#5829,#1210);
#766=LINE('',#5832,#1211);
#767=LINE('',#5833,#1212);
#768=LINE('',#5836,#1213);
#769=LINE('',#5839,#1214);
#770=LINE('',#5842,#1215);
#771=LINE('',#5843,#1216);
#772=LINE('',#5846,#1217);
#773=LINE('',#5850,#1218);
#774=LINE('',#5851,#1219);
#775=LINE('',#5854,#1220);
#776=LINE('',#5858,#1221);
#777=LINE('',#5861,#1222);
#778=LINE('',#5863,#1223);
#779=LINE('',#5867,#1224);
#780=LINE('',#5872,#1225);
#781=LINE('',#5873,#1226);
#782=LINE('',#5876,#1227);
#783=LINE('',#5879,#1228);
#784=LINE('',#5881,#1229);
#785=LINE('',#5884,#1230);
#786=LINE('',#5887,#1231);
#787=LINE('',#5889,#1232);
#788=LINE('',#5892,#1233);
#789=LINE('',#5895,#1234);
#790=LINE('',#5898,#1235);
#791=LINE('',#5899,#1236);
#792=LINE('',#5902,#1237);
#793=LINE('',#5905,#1238);
#794=LINE('',#5908,#1239);
#795=LINE('',#5909,#1240);
#796=LINE('',#5912,#1241);
#797=LINE('',#5915,#1242);
#798=LINE('',#5918,#1243);
#799=LINE('',#5919,#1244);
#800=LINE('',#5922,#1245);
#801=LINE('',#5925,#1246);
#802=LINE('',#5927,#1247);
#803=LINE('',#5930,#1248);
#804=LINE('',#5933,#1249);
#805=LINE('',#5936,#1250);
#806=LINE('',#5937,#1251);
#807=LINE('',#5940,#1252);
#808=LINE('',#5944,#1253);
#809=LINE('',#5945,#1254);
#810=LINE('',#5948,#1255);
#811=LINE('',#5951,#1256);
#812=LINE('',#5954,#1257);
#813=LINE('',#5955,#1258);
#814=LINE('',#5958,#1259);
#815=LINE('',#5961,#1260);
#816=LINE('',#5964,#1261);
#817=LINE('',#5965,#1262);
#818=LINE('',#5968,#1263);
#819=LINE('',#5972,#1264);
#820=LINE('',#5973,#1265);
#821=LINE('',#5981,#1266);
#822=LINE('',#5984,#1267);
#823=LINE('',#5987,#1268);
#824=LINE('',#5989,#1269);
#825=LINE('',#5990,#1270);
#826=LINE('',#5995,#1271);
#827=LINE('',#5999,#1272);
#828=LINE('',#6001,#1273);
#829=LINE('',#6002,#1274);
#830=LINE('',#6008,#1275);
#831=LINE('',#6015,#1276);
#832=LINE('',#6016,#1277);
#833=LINE('',#6021,#1278);
#834=LINE('',#6022,#1279);
#835=LINE('',#6025,#1280);
#836=LINE('',#6026,#1281);
#837=LINE('',#6031,#1282);
#838=LINE('',#6032,#1283);
#839=LINE('',#6034,#1284);
#840=LINE('',#6039,#1285);
#841=LINE('',#6040,#1286);
#842=LINE('',#6043,#1287);
#843=LINE('',#6045,#1288);
#844=LINE('',#6047,#1289);
#845=LINE('',#6048,#1290);
#846=LINE('',#6050,#1291);
#847=LINE('',#6055,#1292);
#848=LINE('',#6056,#1293);
#849=LINE('',#6059,#1294);
#850=LINE('',#6060,#1295);
#851=LINE('',#6062,#1296);
#852=LINE('',#6063,#1297);
#853=LINE('',#6065,#1298);
#854=LINE('',#6067,#1299);
#855=LINE('',#6068,#1300);
#856=LINE('',#6071,#1301);
#857=LINE('',#6073,#1302);
#858=LINE('',#6074,#1303);
#859=LINE('',#6076,#1304);
#860=LINE('',#6077,#1305);
#861=LINE('',#6079,#1306);
#862=LINE('',#6084,#1307);
#863=LINE('',#6085,#1308);
#864=LINE('',#6088,#1309);
#865=LINE('',#6089,#1310);
#866=LINE('',#6091,#1311);
#867=LINE('',#6092,#1312);
#868=LINE('',#6095,#1313);
#869=LINE('',#6096,#1314);
#870=LINE('',#6100,#1315);
#871=LINE('',#6101,#1316);
#872=LINE('',#6106,#1317);
#873=LINE('',#6107,#1318);
#874=LINE('',#6110,#1319);
#875=LINE('',#6111,#1320);
#876=LINE('',#6116,#1321);
#877=LINE('',#6117,#1322);
#878=LINE('',#6120,#1323);
#879=LINE('',#6122,#1324);
#880=LINE('',#6124,#1325);
#881=LINE('',#6125,#1326);
#882=LINE('',#6130,#1327);
#883=LINE('',#6131,#1328);
#884=LINE('',#6133,#1329);
#885=LINE('',#6137,#1330);
#886=LINE('',#6139,#1331);
#887=LINE('',#6140,#1332);
#888=LINE('',#6144,#1333);
#889=LINE('',#6146,#1334);
#890=LINE('',#6147,#1335);
#891=LINE('',#6151,#1336);
#892=LINE('',#6153,#1337);
#893=LINE('',#6154,#1338);
#894=LINE('',#6156,#1339);
#895=LINE('',#6157,#1340);
#896=LINE('',#6161,#1341);
#897=LINE('',#6163,#1342);
#898=LINE('',#6164,#1343);
#899=LINE('',#6166,#1344);
#900=LINE('',#6167,#1345);
#901=LINE('',#6171,#1346);
#902=LINE('',#6172,#1347);
#903=LINE('',#6173,#1348);
#904=LINE('',#6177,#1349);
#905=LINE('',#6179,#1350);
#906=LINE('',#6180,#1351);
#907=LINE('',#6182,#1352);
#908=LINE('',#6183,#1353);
#909=LINE('',#6185,#1354);
#910=LINE('',#6186,#1355);
#911=LINE('',#6190,#1356);
#912=LINE('',#6192,#1357);
#913=LINE('',#6193,#1358);
#914=LINE('',#6197,#1359);
#915=LINE('',#6199,#1360);
#916=LINE('',#6200,#1361);
#917=LINE('',#6202,#1362);
#918=LINE('',#6203,#1363);
#919=LINE('',#6207,#1364);
#920=LINE('',#6209,#1365);
#921=LINE('',#6210,#1366);
#922=LINE('',#6214,#1367);
#923=LINE('',#6216,#1368);
#924=LINE('',#6217,#1369);
#925=LINE('',#6219,#1370);
#926=LINE('',#6220,#1371);
#927=LINE('',#6223,#1372);
#928=LINE('',#6225,#1373);
#929=LINE('',#6226,#1374);
#930=LINE('',#6230,#1375);
#931=LINE('',#6232,#1376);
#932=LINE('',#6233,#1377);
#933=LINE('',#6235,#1378);
#934=LINE('',#6236,#1379);
#935=LINE('',#6240,#1380);
#936=LINE('',#6242,#1381);
#937=LINE('',#6243,#1382);
#938=LINE('',#6247,#1383);
#939=LINE('',#6249,#1384);
#940=LINE('',#6250,#1385);
#941=LINE('',#6252,#1386);
#942=LINE('',#6253,#1387);
#943=LINE('',#6257,#1388);
#944=LINE('',#6258,#1389);
#945=LINE('',#6259,#1390);
#946=LINE('',#6263,#1391);
#947=LINE('',#6265,#1392);
#948=LINE('',#6266,#1393);
#949=LINE('',#6268,#1394);
#950=LINE('',#6269,#1395);
#951=LINE('',#6271,#1396);
#952=LINE('',#6272,#1397);
#953=LINE('',#6276,#1398);
#954=LINE('',#6278,#1399);
#955=LINE('',#6279,#1400);
#956=LINE('',#6281,#1401);
#957=LINE('',#6282,#1402);
#958=LINE('',#6286,#1403);
#959=LINE('',#6288,#1404);
#960=LINE('',#6289,#1405);
#961=LINE('',#6291,#1406);
#962=LINE('',#6292,#1407);
#963=LINE('',#6294,#1408);
#964=LINE('',#6295,#1409);
#965=LINE('',#6299,#1410);
#966=LINE('',#6301,#1411);
#967=LINE('',#6302,#1412);
#968=LINE('',#6304,#1413);
#969=LINE('',#6305,#1414);
#970=LINE('',#6307,#1415);
#971=LINE('',#6308,#1416);
#972=LINE('',#6310,#1417);
#973=LINE('',#6311,#1418);
#974=LINE('',#6313,#1419);
#975=LINE('',#6314,#1420);
#976=LINE('',#6316,#1421);
#977=LINE('',#6317,#1422);
#978=LINE('',#6319,#1423);
#979=LINE('',#6320,#1424);
#980=LINE('',#6322,#1425);
#981=LINE('',#6323,#1426);
#982=LINE('',#6325,#1427);
#983=LINE('',#6326,#1428);
#984=LINE('',#6328,#1429);
#985=LINE('',#6329,#1430);
#986=LINE('',#6332,#1431);
#987=LINE('',#6334,#1432);
#988=LINE('',#6335,#1433);
#989=LINE('',#6337,#1434);
#990=LINE('',#6338,#1435);
#991=LINE('',#6340,#1436);
#992=LINE('',#6341,#1437);
#993=LINE('',#6343,#1438);
#994=LINE('',#6345,#1439);
#995=LINE('',#6347,#1440);
#996=LINE('',#6348,#1441);
#997=LINE('',#6349,#1442);
#998=LINE('',#6351,#1443);
#999=LINE('',#6355,#1444);
#1000=LINE('',#6359,#1445);
#1001=LINE('',#6360,#1446);
#1002=LINE('',#6361,#1447);
#1003=LINE('',#6362,#1448);
#1004=LINE('',#6363,#1449);
#1005=LINE('',#6364,#1450);
#1006=LINE('',#6365,#1451);
#1007=LINE('',#6366,#1452);
#1008=LINE('',#6367,#1453);
#1009=LINE('',#6368,#1454);
#1010=LINE('',#6369,#1455);
#1011=LINE('',#6370,#1456);
#1012=LINE('',#6377,#1457);
#1013=LINE('',#6381,#1458);
#1014=LINE('',#6386,#1459);
#1015=LINE('',#6390,#1460);
#1016=LINE('',#6395,#1461);
#1017=LINE('',#6399,#1462);
#1018=LINE('',#6404,#1463);
#1019=LINE('',#6408,#1464);
#1020=LINE('',#6413,#1465);
#1021=LINE('',#6417,#1466);
#1022=LINE('',#6422,#1467);
#1023=LINE('',#6426,#1468);
#1024=LINE('',#6429,#1469);
#1025=LINE('',#6430,#1470);
#1026=LINE('',#6433,#1471);
#1027=LINE('',#6434,#1472);
#1028=LINE('',#6436,#1473);
#1029=LINE('',#6438,#1474);
#1030=LINE('',#6440,#1475);
#1031=LINE('',#6443,#1476);
#1032=LINE('',#6444,#1477);
#1033=LINE('',#6446,#1478);
#1034=LINE('',#6448,#1479);
#1035=LINE('',#6451,#1480);
#1036=LINE('',#6452,#1481);
#1037=LINE('',#6453,#1482);
#1038=LINE('',#6455,#1483);
#1039=LINE('',#6460,#1484);
#1040=LINE('',#6461,#1485);
#1041=LINE('',#6463,#1486);
#1042=LINE('',#6465,#1487);
#1043=LINE('',#6468,#1488);
#1044=LINE('',#6470,#1489);
#1045=LINE('',#6471,#1490);
#1046=LINE('',#6474,#1491);
#1047=LINE('',#6475,#1492);
#1048=LINE('',#6478,#1493);
#1049=LINE('',#6479,#1494);
#1050=LINE('',#6481,#1495);
#1051=LINE('',#6484,#1496);
#1052=LINE('',#6486,#1497);
#1053=LINE('',#6487,#1498);
#1054=LINE('',#6490,#1499);
#1055=LINE('',#6492,#1500);
#1056=LINE('',#6502,#1501);
#1057=LINE('',#6504,#1502);
#1058=LINE('',#6519,#1503);
#1059=VECTOR('',#4285,10.);
#1060=VECTOR('',#4288,10.);
#1061=VECTOR('',#4291,10.);
#1062=VECTOR('',#4292,10.);
#1063=VECTOR('',#4293,10.);
#1064=VECTOR('',#4294,10.);
#1065=VECTOR('',#4295,10.);
#1066=VECTOR('',#4296,10.);
#1067=VECTOR('',#4297,10.);
#1068=VECTOR('',#4298,10.);
#1069=VECTOR('',#4299,10.);
#1070=VECTOR('',#4300,10.);
#1071=VECTOR('',#4301,10.);
#1072=VECTOR('',#4302,10.);
#1073=VECTOR('',#4303,10.);
#1074=VECTOR('',#4308,10.);
#1075=VECTOR('',#4311,10.);
#1076=VECTOR('',#4314,10.);
#1077=VECTOR('',#4315,10.);
#1078=VECTOR('',#4316,10.);
#1079=VECTOR('',#4317,10.);
#1080=VECTOR('',#4318,10.);
#1081=VECTOR('',#4319,10.);
#1082=VECTOR('',#4320,10.);
#1083=VECTOR('',#4321,10.);
#1084=VECTOR('',#4324,10.);
#1085=VECTOR('',#4331,10.);
#1086=VECTOR('',#4332,10.);
#1087=VECTOR('',#4335,10.);
#1088=VECTOR('',#4336,10.);
#1089=VECTOR('',#4339,10.);
#1090=VECTOR('',#4342,10.);
#1091=VECTOR('',#4343,10.);
#1092=VECTOR('',#4344,10.);
#1093=VECTOR('',#4345,10.);
#1094=VECTOR('',#4348,10.);
#1095=VECTOR('',#4351,10.);
#1096=VECTOR('',#4352,10.);
#1097=VECTOR('',#4355,10.);
#1098=VECTOR('',#4356,10.);
#1099=VECTOR('',#4361,10.);
#1100=VECTOR('',#4366,10.);
#1101=VECTOR('',#4367,10.);
#1102=VECTOR('',#4368,10.);
#1103=VECTOR('',#4369,10.);
#1104=VECTOR('',#4370,10.);
#1105=VECTOR('',#4371,10.);
#1106=VECTOR('',#4372,10.);
#1107=VECTOR('',#4373,10.);
#1108=VECTOR('',#4374,10.);
#1109=VECTOR('',#4375,10.);
#1110=VECTOR('',#4376,10.);
#1111=VECTOR('',#4383,10.);
#1112=VECTOR('',#4386,10.);
#1113=VECTOR('',#4387,10.);
#1114=VECTOR('',#4388,10.);
#1115=VECTOR('',#4393,10.);
#1116=VECTOR('',#4400,10.);
#1117=VECTOR('',#4403,10.);
#1118=VECTOR('',#4404,10.);
#1119=VECTOR('',#4405,10.);
#1120=VECTOR('',#4406,10.);
#1121=VECTOR('',#4411,10.);
#1122=VECTOR('',#4414,10.);
#1123=VECTOR('',#4415,10.);
#1124=VECTOR('',#4416,10.);
#1125=VECTOR('',#4417,10.);
#1126=VECTOR('',#4422,10.);
#1127=VECTOR('',#4429,10.);
#1128=VECTOR('',#4432,10.);
#1129=VECTOR('',#4433,10.);
#1130=VECTOR('',#4436,10.);
#1131=VECTOR('',#4439,10.);
#1132=VECTOR('',#4442,10.);
#1133=VECTOR('',#4443,10.);
#1134=VECTOR('',#4446,10.);
#1135=VECTOR('',#4447,10.);
#1136=VECTOR('',#4450,10.);
#1137=VECTOR('',#4451,10.);
#1138=VECTOR('',#4454,10.);
#1139=VECTOR('',#4457,10.);
#1140=VECTOR('',#4460,10.);
#1141=VECTOR('',#4461,10.);
#1142=VECTOR('',#4464,10.);
#1143=VECTOR('',#4465,10.);
#1144=VECTOR('',#4468,10.);
#1145=VECTOR('',#4469,10.);
#1146=VECTOR('',#4474,10.);
#1147=VECTOR('',#4477,10.);
#1148=VECTOR('',#4478,10.);
#1149=VECTOR('',#4481,10.);
#1150=VECTOR('',#4482,10.);
#1151=VECTOR('',#4485,10.);
#1152=VECTOR('',#4486,10.);
#1153=VECTOR('',#4489,10.);
#1154=VECTOR('',#4490,10.);
#1155=VECTOR('',#4493,10.);
#1156=VECTOR('',#4494,10.);
#1157=VECTOR('',#4497,10.);
#1158=VECTOR('',#4498,10.);
#1159=VECTOR('',#4501,10.);
#1160=VECTOR('',#4502,10.);
#1161=VECTOR('',#4505,10.);
#1162=VECTOR('',#4508,10.);
#1163=VECTOR('',#4509,10.);
#1164=VECTOR('',#4512,10.);
#1165=VECTOR('',#4513,10.);
#1166=VECTOR('',#4516,10.);
#1167=VECTOR('',#4517,10.);
#1168=VECTOR('',#4520,10.);
#1169=VECTOR('',#4523,10.);
#1170=VECTOR('',#4526,10.);
#1171=VECTOR('',#4531,10.);
#1172=VECTOR('',#4532,10.);
#1173=VECTOR('',#4533,10.);
#1174=VECTOR('',#4534,10.);
#1175=VECTOR('',#4539,10.);
#1176=VECTOR('',#4542,10.);
#1177=VECTOR('',#4545,10.);
#1178=VECTOR('',#4548,10.);
#1179=VECTOR('',#4549,10.);
#1180=VECTOR('',#4552,10.);
#1181=VECTOR('',#4553,10.);
#1182=VECTOR('',#4556,10.);
#1183=VECTOR('',#4557,10.);
#1184=VECTOR('',#4560,10.);
#1185=VECTOR('',#4563,10.);
#1186=VECTOR('',#4564,10.);
#1187=VECTOR('',#4567,10.);
#1188=VECTOR('',#4568,10.);
#1189=VECTOR('',#4571,10.);
#1190=VECTOR('',#4572,10.);
#1191=VECTOR('',#4573,10.);
#1192=VECTOR('',#4574,10.);
#1193=VECTOR('',#4579,10.);
#1194=VECTOR('',#4582,10.);
#1195=VECTOR('',#4585,10.);
#1196=VECTOR('',#4588,10.);
#1197=VECTOR('',#4589,10.);
#1198=VECTOR('',#4592,10.);
#1199=VECTOR('',#4595,10.);
#1200=VECTOR('',#4598,10.);
#1201=VECTOR('',#4599,10.);
#1202=VECTOR('',#4602,10.);
#1203=VECTOR('',#4605,10.);
#1204=VECTOR('',#4608,10.);
#1205=VECTOR('',#4611,10.);
#1206=VECTOR('',#4614,10.);
#1207=VECTOR('',#4617,10.);
#1208=VECTOR('',#4618,10.);
#1209=VECTOR('',#4621,10.);
#1210=VECTOR('',#4624,10.);
#1211=VECTOR('',#4627,10.);
#1212=VECTOR('',#4628,10.);
#1213=VECTOR('',#4631,10.);
#1214=VECTOR('',#4634,10.);
#1215=VECTOR('',#4637,10.);
#1216=VECTOR('',#4638,10.);
#1217=VECTOR('',#4641,10.);
#1218=VECTOR('',#4646,10.);
#1219=VECTOR('',#4647,10.);
#1220=VECTOR('',#4650,2.);
#1221=VECTOR('',#4655,10.);
#1222=VECTOR('',#4658,10.);
#1223=VECTOR('',#4661,10.);
#1224=VECTOR('',#4666,10.);
#1225=VECTOR('',#4671,2.);
#1226=VECTOR('',#4672,10.);
#1227=VECTOR('',#4675,10.);
#1228=VECTOR('',#4678,10.);
#1229=VECTOR('',#4681,10.);
#1230=VECTOR('',#4684,10.);
#1231=VECTOR('',#4687,10.);
#1232=VECTOR('',#4690,10.);
#1233=VECTOR('',#4693,10.);
#1234=VECTOR('',#4696,10.);
#1235=VECTOR('',#4699,10.);
#1236=VECTOR('',#4700,10.);
#1237=VECTOR('',#4703,10.);
#1238=VECTOR('',#4706,10.);
#1239=VECTOR('',#4709,10.);
#1240=VECTOR('',#4710,10.);
#1241=VECTOR('',#4713,10.);
#1242=VECTOR('',#4716,10.);
#1243=VECTOR('',#4719,10.);
#1244=VECTOR('',#4720,10.);
#1245=VECTOR('',#4723,10.);
#1246=VECTOR('',#4726,10.);
#1247=VECTOR('',#4729,10.);
#1248=VECTOR('',#4732,10.);
#1249=VECTOR('',#4735,10.);
#1250=VECTOR('',#4738,10.);
#1251=VECTOR('',#4739,10.);
#1252=VECTOR('',#4742,10.);
#1253=VECTOR('',#4747,10.);
#1254=VECTOR('',#4748,10.);
#1255=VECTOR('',#4751,10.);
#1256=VECTOR('',#4754,10.);
#1257=VECTOR('',#4757,10.);
#1258=VECTOR('',#4758,10.);
#1259=VECTOR('',#4761,10.);
#1260=VECTOR('',#4764,10.);
#1261=VECTOR('',#4767,10.);
#1262=VECTOR('',#4768,10.);
#1263=VECTOR('',#4771,10.);
#1264=VECTOR('',#4776,10.);
#1265=VECTOR('',#4777,10.);
#1266=VECTOR('',#4786,10.);
#1267=VECTOR('',#4789,10.);
#1268=VECTOR('',#4792,10.);
#1269=VECTOR('',#4793,10.);
#1270=VECTOR('',#4794,10.);
#1271=VECTOR('',#4799,10.);
#1272=VECTOR('',#4804,10.);
#1273=VECTOR('',#4805,10.);
#1274=VECTOR('',#4806,10.);
#1275=VECTOR('',#4813,10.);
#1276=VECTOR('',#4824,10.);
#1277=VECTOR('',#4825,10.);
#1278=VECTOR('',#4830,10.);
#1279=VECTOR('',#4831,10.);
#1280=VECTOR('',#4834,10.);
#1281=VECTOR('',#4835,10.);
#1282=VECTOR('',#4840,10.);
#1283=VECTOR('',#4841,10.);
#1284=VECTOR('',#4844,10.);
#1285=VECTOR('',#4849,10.);
#1286=VECTOR('',#4850,10.);
#1287=VECTOR('',#4853,10.);
#1288=VECTOR('',#4854,10.);
#1289=VECTOR('',#4855,10.);
#1290=VECTOR('',#4856,10.);
#1291=VECTOR('',#4859,10.);
#1292=VECTOR('',#4864,10.);
#1293=VECTOR('',#4865,10.);
#1294=VECTOR('',#4868,10.);
#1295=VECTOR('',#4869,10.);
#1296=VECTOR('',#4872,10.);
#1297=VECTOR('',#4873,10.);
#1298=VECTOR('',#4876,10.);
#1299=VECTOR('',#4879,10.);
#1300=VECTOR('',#4880,10.);
#1301=VECTOR('',#4883,10.);
#1302=VECTOR('',#4884,10.);
#1303=VECTOR('',#4885,10.);
#1304=VECTOR('',#4888,10.);
#1305=VECTOR('',#4889,10.);
#1306=VECTOR('',#4892,10.);
#1307=VECTOR('',#4897,10.);
#1308=VECTOR('',#4898,10.);
#1309=VECTOR('',#4901,10.);
#1310=VECTOR('',#4902,10.);
#1311=VECTOR('',#4905,10.);
#1312=VECTOR('',#4906,10.);
#1313=VECTOR('',#4909,10.);
#1314=VECTOR('',#4910,10.);
#1315=VECTOR('',#4915,10.);
#1316=VECTOR('',#4916,10.);
#1317=VECTOR('',#4921,10.);
#1318=VECTOR('',#4922,10.);
#1319=VECTOR('',#4925,10.);
#1320=VECTOR('',#4926,10.);
#1321=VECTOR('',#4931,10.);
#1322=VECTOR('',#4932,10.);
#1323=VECTOR('',#4935,10.);
#1324=VECTOR('',#4936,10.);
#1325=VECTOR('',#4937,10.);
#1326=VECTOR('',#4938,10.);
#1327=VECTOR('',#4943,10.);
#1328=VECTOR('',#4944,10.);
#1329=VECTOR('',#4947,10.);
#1330=VECTOR('',#4950,10.);
#1331=VECTOR('',#4951,10.);
#1332=VECTOR('',#4952,10.);
#1333=VECTOR('',#4955,10.);
#1334=VECTOR('',#4956,10.);
#1335=VECTOR('',#4957,10.);
#1336=VECTOR('',#4960,10.);
#1337=VECTOR('',#4961,10.);
#1338=VECTOR('',#4962,10.);
#1339=VECTOR('',#4965,10.);
#1340=VECTOR('',#4966,10.);
#1341=VECTOR('',#4969,10.);
#1342=VECTOR('',#4970,10.);
#1343=VECTOR('',#4971,10.);
#1344=VECTOR('',#4974,10.);
#1345=VECTOR('',#4975,10.);
#1346=VECTOR('',#4978,10.);
#1347=VECTOR('',#4979,10.);
#1348=VECTOR('',#4980,10.);
#1349=VECTOR('',#4983,10.);
#1350=VECTOR('',#4984,10.);
#1351=VECTOR('',#4985,10.);
#1352=VECTOR('',#4988,10.);
#1353=VECTOR('',#4989,10.);
#1354=VECTOR('',#4992,10.);
#1355=VECTOR('',#4993,10.);
#1356=VECTOR('',#4996,10.);
#1357=VECTOR('',#4997,10.);
#1358=VECTOR('',#4998,10.);
#1359=VECTOR('',#5001,10.);
#1360=VECTOR('',#5002,10.);
#1361=VECTOR('',#5003,10.);
#1362=VECTOR('',#5006,10.);
#1363=VECTOR('',#5007,10.);
#1364=VECTOR('',#5010,10.);
#1365=VECTOR('',#5011,10.);
#1366=VECTOR('',#5012,10.);
#1367=VECTOR('',#5015,10.);
#1368=VECTOR('',#5016,10.);
#1369=VECTOR('',#5017,10.);
#1370=VECTOR('',#5020,10.);
#1371=VECTOR('',#5021,10.);
#1372=VECTOR('',#5024,10.);
#1373=VECTOR('',#5025,10.);
#1374=VECTOR('',#5026,10.);
#1375=VECTOR('',#5029,10.);
#1376=VECTOR('',#5030,10.);
#1377=VECTOR('',#5031,10.);
#1378=VECTOR('',#5034,10.);
#1379=VECTOR('',#5035,10.);
#1380=VECTOR('',#5038,10.);
#1381=VECTOR('',#5039,10.);
#1382=VECTOR('',#5040,10.);
#1383=VECTOR('',#5043,10.);
#1384=VECTOR('',#5044,10.);
#1385=VECTOR('',#5045,10.);
#1386=VECTOR('',#5048,10.);
#1387=VECTOR('',#5049,10.);
#1388=VECTOR('',#5052,10.);
#1389=VECTOR('',#5053,10.);
#1390=VECTOR('',#5054,10.);
#1391=VECTOR('',#5057,10.);
#1392=VECTOR('',#5058,10.);
#1393=VECTOR('',#5059,10.);
#1394=VECTOR('',#5062,10.);
#1395=VECTOR('',#5063,10.);
#1396=VECTOR('',#5066,10.);
#1397=VECTOR('',#5067,10.);
#1398=VECTOR('',#5070,10.);
#1399=VECTOR('',#5071,10.);
#1400=VECTOR('',#5072,10.);
#1401=VECTOR('',#5075,10.);
#1402=VECTOR('',#5076,10.);
#1403=VECTOR('',#5079,10.);
#1404=VECTOR('',#5080,10.);
#1405=VECTOR('',#5081,10.);
#1406=VECTOR('',#5084,10.);
#1407=VECTOR('',#5085,10.);
#1408=VECTOR('',#5088,10.);
#1409=VECTOR('',#5089,10.);
#1410=VECTOR('',#5092,10.);
#1411=VECTOR('',#5093,10.);
#1412=VECTOR('',#5094,10.);
#1413=VECTOR('',#5097,10.);
#1414=VECTOR('',#5098,10.);
#1415=VECTOR('',#5101,10.);
#1416=VECTOR('',#5102,10.);
#1417=VECTOR('',#5105,10.);
#1418=VECTOR('',#5106,10.);
#1419=VECTOR('',#5109,10.);
#1420=VECTOR('',#5110,10.);
#1421=VECTOR('',#5113,10.);
#1422=VECTOR('',#5114,10.);
#1423=VECTOR('',#5117,10.);
#1424=VECTOR('',#5118,10.);
#1425=VECTOR('',#5121,10.);
#1426=VECTOR('',#5122,10.);
#1427=VECTOR('',#5125,10.);
#1428=VECTOR('',#5126,10.);
#1429=VECTOR('',#5129,10.);
#1430=VECTOR('',#5130,10.);
#1431=VECTOR('',#5133,10.);
#1432=VECTOR('',#5134,10.);
#1433=VECTOR('',#5135,10.);
#1434=VECTOR('',#5138,10.);
#1435=VECTOR('',#5139,10.);
#1436=VECTOR('',#5142,10.);
#1437=VECTOR('',#5143,10.);
#1438=VECTOR('',#5146,10.);
#1439=VECTOR('',#5147,10.);
#1440=VECTOR('',#5148,10.);
#1441=VECTOR('',#5149,10.);
#1442=VECTOR('',#5150,10.);
#1443=VECTOR('',#5153,10.);
#1444=VECTOR('',#5160,10.);
#1445=VECTOR('',#5167,10.);
#1446=VECTOR('',#5168,10.);
#1447=VECTOR('',#5169,10.);
#1448=VECTOR('',#5170,10.);
#1449=VECTOR('',#5171,10.);
#1450=VECTOR('',#5172,10.);
#1451=VECTOR('',#5173,10.);
#1452=VECTOR('',#5174,10.);
#1453=VECTOR('',#5175,10.);
#1454=VECTOR('',#5176,10.);
#1455=VECTOR('',#5177,10.);
#1456=VECTOR('',#5178,10.);
#1457=VECTOR('',#5187,0.40575);
#1458=VECTOR('',#5192,0.8115);
#1459=VECTOR('',#5197,0.40575);
#1460=VECTOR('',#5202,0.8115);
#1461=VECTOR('',#5207,0.40575);
#1462=VECTOR('',#5212,0.8115);
#1463=VECTOR('',#5217,0.40575);
#1464=VECTOR('',#5222,0.8115);
#1465=VECTOR('',#5227,0.40575);
#1466=VECTOR('',#5232,0.8115);
#1467=VECTOR('',#5237,0.40575);
#1468=VECTOR('',#5242,0.8115);
#1469=VECTOR('',#5245,10.);
#1470=VECTOR('',#5246,10.);
#1471=VECTOR('',#5249,10.);
#1472=VECTOR('',#5250,10.);
#1473=VECTOR('',#5253,10.);
#1474=VECTOR('',#5256,10.);
#1475=VECTOR('',#5259,10.);
#1476=VECTOR('',#5262,10.);
#1477=VECTOR('',#5263,10.);
#1478=VECTOR('',#5266,10.);
#1479=VECTOR('',#5269,10.);
#1480=VECTOR('',#5272,10.);
#1481=VECTOR('',#5273,10.);
#1482=VECTOR('',#5274,10.);
#1483=VECTOR('',#5277,10.);
#1484=VECTOR('',#5284,10.);
#1485=VECTOR('',#5285,10.);
#1486=VECTOR('',#5288,10.);
#1487=VECTOR('',#5291,10.);
#1488=VECTOR('',#5294,10.);
#1489=VECTOR('',#5295,10.);
#1490=VECTOR('',#5296,10.);
#1491=VECTOR('',#5299,10.);
#1492=VECTOR('',#5300,10.);
#1493=VECTOR('',#5303,10.);
#1494=VECTOR('',#5304,10.);
#1495=VECTOR('',#5307,10.);
#1496=VECTOR('',#5312,10.);
#1497=VECTOR('',#5315,10.);
#1498=VECTOR('',#5316,10.);
#1499=VECTOR('',#5321,10.);
#1500=VECTOR('',#5324,10.);
#1501=VECTOR('',#5341,10.);
#1502=VECTOR('',#5344,10.);
#1503=VECTOR('',#5373,10.);
#1504=CIRCLE('',#3949,1.);
#1505=CIRCLE('',#3953,1.);
#1506=CIRCLE('',#3956,1.);
#1507=CIRCLE('',#3957,5.07815353642522);
#1508=CIRCLE('',#3958,5.07815353642522);
#1509=CIRCLE('',#3959,1.);
#1510=CIRCLE('',#3960,1.);
#1511=CIRCLE('',#3961,1.);
#1512=CIRCLE('',#3962,1.);
#1513=CIRCLE('',#3963,1.);
#1514=CIRCLE('',#3964,1.);
#1515=CIRCLE('',#3965,1.);
#1516=CIRCLE('',#3966,1.);
#1517=CIRCLE('',#3967,5.07812512180233);
#1518=CIRCLE('',#3968,1.);
#1519=CIRCLE('',#3971,1.);
#1520=CIRCLE('',#3975,1.);
#1521=CIRCLE('',#3976,1.);
#1522=CIRCLE('',#3978,1.);
#1523=CIRCLE('',#3981,1.);
#1524=CIRCLE('',#3984,1.);
#1525=CIRCLE('',#3987,1.);
#1526=CIRCLE('',#3988,1.);
#1527=CIRCLE('',#3989,1.);
#1528=CIRCLE('',#3990,1.);
#1529=CIRCLE('',#3991,1.);
#1530=CIRCLE('',#3992,1.);
#1531=CIRCLE('',#3993,1.);
#1532=CIRCLE('',#3994,1.);
#1533=CIRCLE('',#3995,5.07812494133378);
#1534=CIRCLE('',#3996,1.);
#1535=CIRCLE('',#3997,1.);
#1536=CIRCLE('',#3998,1.);
#1537=CIRCLE('',#4000,1.);
#1538=CIRCLE('',#4002,1.);
#1539=CIRCLE('',#4003,1.);
#1540=CIRCLE('',#4004,1.);
#1541=CIRCLE('',#4005,1.);
#1542=CIRCLE('',#4006,2.);
#1543=CIRCLE('',#4007,2.);
#1544=CIRCLE('',#4008,2.);
#1545=CIRCLE('',#4009,2.);
#1546=CIRCLE('',#4010,2.);
#1547=CIRCLE('',#4011,2.);
#1548=CIRCLE('',#4012,2.);
#1549=CIRCLE('',#4013,2.);
#1550=CIRCLE('',#4014,2.);
#1551=CIRCLE('',#4015,2.);
#1552=CIRCLE('',#4016,1.);
#1553=CIRCLE('',#4017,1.);
#1554=CIRCLE('',#4018,2.);
#1555=CIRCLE('',#4019,2.);
#1556=CIRCLE('',#4020,2.);
#1557=CIRCLE('',#4021,2.);
#1558=CIRCLE('',#4022,2.);
#1559=CIRCLE('',#4023,2.);
#1560=CIRCLE('',#4024,2.);
#1561=CIRCLE('',#4025,2.);
#1562=CIRCLE('',#4026,2.);
#1563=CIRCLE('',#4027,2.);
#1564=CIRCLE('',#4029,2.);
#1565=CIRCLE('',#4031,2.);
#1566=CIRCLE('',#4034,2.);
#1567=CIRCLE('',#4037,2.);
#1568=CIRCLE('',#4040,2.);
#1569=CIRCLE('',#4043,2.);
#1570=CIRCLE('',#4046,2.);
#1571=CIRCLE('',#4049,2.);
#1572=CIRCLE('',#4052,2.);
#1573=CIRCLE('',#4054,2.);
#1574=CIRCLE('',#4057,2.);
#1575=CIRCLE('',#4059,2.);
#1576=CIRCLE('',#4061,2.);
#1577=CIRCLE('',#4064,2.);
#1578=CIRCLE('',#4067,2.);
#1579=CIRCLE('',#4070,2.);
#1580=CIRCLE('',#4073,2.);
#1581=CIRCLE('',#4076,2.);
#1582=CIRCLE('',#4079,2.);
#1583=CIRCLE('',#4082,2.);
#1584=CIRCLE('',#4096,1.);
#1585=CIRCLE('',#4097,1.);
#1586=CIRCLE('',#4100,1.);
#1587=CIRCLE('',#4101,1.);
#1588=CIRCLE('',#4104,1.);
#1589=CIRCLE('',#4105,1.);
#1590=CIRCLE('',#4107,1.);
#1591=CIRCLE('',#4108,1.);
#1592=CIRCLE('',#4110,1.);
#1593=CIRCLE('',#4112,1.);
#1594=CIRCLE('',#4115,1.);
#1595=CIRCLE('',#4118,1.);
#1596=CIRCLE('',#4122,1.);
#1597=CIRCLE('',#4131,1.);
#1598=CIRCLE('',#4136,1.);
#1599=CIRCLE('',#4138,1.);
#1600=CIRCLE('',#4141,1.);
#1601=CIRCLE('',#4144,1.);
#1602=CIRCLE('',#4201,0.8115);
#1603=CIRCLE('',#4203,0.8115);
#1604=CIRCLE('',#4205,0.8115);
#1605=CIRCLE('',#4207,0.8115);
#1606=CIRCLE('',#4209,0.8115);
#1607=CIRCLE('',#4211,0.8115);
#1608=CIRCLE('',#4213,0.8115);
#1609=CIRCLE('',#4215,0.8115);
#1610=CIRCLE('',#4217,0.8115);
#1611=CIRCLE('',#4219,0.8115);
#1612=CIRCLE('',#4221,0.8115);
#1613=CIRCLE('',#4223,0.8115);
#1614=CIRCLE('',#4250,5.07812512180233);
#1615=CIRCLE('',#4253,5.07815353642522);
#1616=CIRCLE('',#4256,5.07812494133378);
#1617=VERTEX_POINT('',#5390);
#1618=VERTEX_POINT('',#5391);
#1619=VERTEX_POINT('',#5393);
#1620=VERTEX_POINT('',#5395);
#1621=VERTEX_POINT('',#5399);
#1622=VERTEX_POINT('',#5401);
#1623=VERTEX_POINT('',#5403);
#1624=VERTEX_POINT('',#5405);
#1625=VERTEX_POINT('',#5407);
#1626=VERTEX_POINT('',#5409);
#1627=VERTEX_POINT('',#5411);
#1628=VERTEX_POINT('',#5413);
#1629=VERTEX_POINT('',#5415);
#1630=VERTEX_POINT('',#5417);
#1631=VERTEX_POINT('',#5419);
#1632=VERTEX_POINT('',#5421);
#1633=VERTEX_POINT('',#5425);
#1634=VERTEX_POINT('',#5426);
#1635=VERTEX_POINT('',#5428);
#1636=VERTEX_POINT('',#5430);
#1637=VERTEX_POINT('',#5434);
#1638=VERTEX_POINT('',#5436);
#1639=VERTEX_POINT('',#5438);
#1640=VERTEX_POINT('',#5440);
#1641=VERTEX_POINT('',#5442);
#1642=VERTEX_POINT('',#5444);
#1643=VERTEX_POINT('',#5447);
#1644=VERTEX_POINT('',#5449);
#1645=VERTEX_POINT('',#5451);
#1646=VERTEX_POINT('',#5453);
#1647=VERTEX_POINT('',#5455);
#1648=VERTEX_POINT('',#5457);
#1649=VERTEX_POINT('',#5459);
#1650=VERTEX_POINT('',#5461);
#1651=VERTEX_POINT('',#5463);
#1652=VERTEX_POINT('',#5465);
#1653=VERTEX_POINT('',#5467);
#1654=VERTEX_POINT('',#5469);
#1655=VERTEX_POINT('',#5471);
#1656=VERTEX_POINT('',#5473);
#1657=VERTEX_POINT('',#5475);
#1658=VERTEX_POINT('',#5477);
#1659=VERTEX_POINT('',#5479);
#1660=VERTEX_POINT('',#5481);
#1661=VERTEX_POINT('',#5483);
#1662=VERTEX_POINT('',#5485);
#1663=VERTEX_POINT('',#5487);
#1664=VERTEX_POINT('',#5489);
#1665=VERTEX_POINT('',#5491);
#1666=VERTEX_POINT('',#5493);
#1667=VERTEX_POINT('',#5495);
#1668=VERTEX_POINT('',#5497);
#1669=VERTEX_POINT('',#5499);
#1670=VERTEX_POINT('',#5501);
#1671=VERTEX_POINT('',#5503);
#1672=VERTEX_POINT('',#5507);
#1673=VERTEX_POINT('',#5509);
#1674=VERTEX_POINT('',#5511);
#1675=VERTEX_POINT('',#5513);
#1676=VERTEX_POINT('',#5515);
#1677=VERTEX_POINT('',#5517);
#1678=VERTEX_POINT('',#5519);
#1679=VERTEX_POINT('',#5521);
#1680=VERTEX_POINT('',#5523);
#1681=VERTEX_POINT('',#5525);
#1682=VERTEX_POINT('',#5529);
#1683=VERTEX_POINT('',#5531);
#1684=VERTEX_POINT('',#5535);
#1685=VERTEX_POINT('',#5537);
#1686=VERTEX_POINT('',#5541);
#1687=VERTEX_POINT('',#5543);
#1688=VERTEX_POINT('',#5547);
#1689=VERTEX_POINT('',#5551);
#1690=VERTEX_POINT('',#5553);
#1691=VERTEX_POINT('',#5555);
#1692=VERTEX_POINT('',#5559);
#1693=VERTEX_POINT('',#5563);
#1694=VERTEX_POINT('',#5565);
#1695=VERTEX_POINT('',#5567);
#1696=VERTEX_POINT('',#5571);
#1697=VERTEX_POINT('',#5573);
#1698=VERTEX_POINT('',#5577);
#1699=VERTEX_POINT('',#5579);
#1700=VERTEX_POINT('',#5581);
#1701=VERTEX_POINT('',#5583);
#1702=VERTEX_POINT('',#5585);
#1703=VERTEX_POINT('',#5587);
#1704=VERTEX_POINT('',#5589);
#1705=VERTEX_POINT('',#5591);
#1706=VERTEX_POINT('',#5594);
#1707=VERTEX_POINT('',#5596);
#1708=VERTEX_POINT('',#5598);
#1709=VERTEX_POINT('',#5600);
#1710=VERTEX_POINT('',#5602);
#1711=VERTEX_POINT('',#5604);
#1712=VERTEX_POINT('',#5606);
#1713=VERTEX_POINT('',#5608);
#1714=VERTEX_POINT('',#5610);
#1715=VERTEX_POINT('',#5612);
#1716=VERTEX_POINT('',#5614);
#1717=VERTEX_POINT('',#5616);
#1718=VERTEX_POINT('',#5618);
#1719=VERTEX_POINT('',#5620);
#1720=VERTEX_POINT('',#5622);
#1721=VERTEX_POINT('',#5624);
#1722=VERTEX_POINT('',#5626);
#1723=VERTEX_POINT('',#5628);
#1724=VERTEX_POINT('',#5630);
#1725=VERTEX_POINT('',#5632);
#1726=VERTEX_POINT('',#5634);
#1727=VERTEX_POINT('',#5638);
#1728=VERTEX_POINT('',#5642);
#1729=VERTEX_POINT('',#5644);
#1730=VERTEX_POINT('',#5646);
#1731=VERTEX_POINT('',#5648);
#1732=VERTEX_POINT('',#5650);
#1733=VERTEX_POINT('',#5652);
#1734=VERTEX_POINT('',#5654);
#1735=VERTEX_POINT('',#5656);
#1736=VERTEX_POINT('',#5658);
#1737=VERTEX_POINT('',#5660);
#1738=VERTEX_POINT('',#5662);
#1739=VERTEX_POINT('',#5664);
#1740=VERTEX_POINT('',#5666);
#1741=VERTEX_POINT('',#5669);
#1742=VERTEX_POINT('',#5671);
#1743=VERTEX_POINT('',#5673);
#1744=VERTEX_POINT('',#5675);
#1745=VERTEX_POINT('',#5677);
#1746=VERTEX_POINT('',#5679);
#1747=VERTEX_POINT('',#5681);
#1748=VERTEX_POINT('',#5683);
#1749=VERTEX_POINT('',#5685);
#1750=VERTEX_POINT('',#5687);
#1751=VERTEX_POINT('',#5689);
#1752=VERTEX_POINT('',#5691);
#1753=VERTEX_POINT('',#5693);
#1754=VERTEX_POINT('',#5695);
#1755=VERTEX_POINT('',#5697);
#1756=VERTEX_POINT('',#5699);
#1757=VERTEX_POINT('',#5701);
#1758=VERTEX_POINT('',#5703);
#1759=VERTEX_POINT('',#5705);
#1760=VERTEX_POINT('',#5707);
#1761=VERTEX_POINT('',#5709);
#1762=VERTEX_POINT('',#5711);
#1763=VERTEX_POINT('',#5713);
#1764=VERTEX_POINT('',#5716);
#1765=VERTEX_POINT('',#5718);
#1766=VERTEX_POINT('',#5720);
#1767=VERTEX_POINT('',#5722);
#1768=VERTEX_POINT('',#5724);
#1769=VERTEX_POINT('',#5727);
#1770=VERTEX_POINT('',#5729);
#1771=VERTEX_POINT('',#5731);
#1772=VERTEX_POINT('',#5733);
#1773=VERTEX_POINT('',#5735);
#1774=VERTEX_POINT('',#5737);
#1775=VERTEX_POINT('',#5739);
#1776=VERTEX_POINT('',#5741);
#1777=VERTEX_POINT('',#5743);
#1778=VERTEX_POINT('',#5745);
#1779=VERTEX_POINT('',#5747);
#1780=VERTEX_POINT('',#5749);
#1781=VERTEX_POINT('',#5751);
#1782=VERTEX_POINT('',#5753);
#1783=VERTEX_POINT('',#5755);
#1784=VERTEX_POINT('',#5757);
#1785=VERTEX_POINT('',#5759);
#1786=VERTEX_POINT('',#5761);
#1787=VERTEX_POINT('',#5763);
#1788=VERTEX_POINT('',#5765);
#1789=VERTEX_POINT('',#5767);
#1790=VERTEX_POINT('',#5769);
#1791=VERTEX_POINT('',#5771);
#1792=VERTEX_POINT('',#5774);
#1793=VERTEX_POINT('',#5775);
#1794=VERTEX_POINT('',#5777);
#1795=VERTEX_POINT('',#5779);
#1796=VERTEX_POINT('',#5783);
#1797=VERTEX_POINT('',#5787);
#1798=VERTEX_POINT('',#5789);
#1799=VERTEX_POINT('',#5793);
#1800=VERTEX_POINT('',#5797);
#1801=VERTEX_POINT('',#5799);
#1802=VERTEX_POINT('',#5803);
#1803=VERTEX_POINT('',#5807);
#1804=VERTEX_POINT('',#5809);
#1805=VERTEX_POINT('',#5815);
#1806=VERTEX_POINT('',#5817);
#1807=VERTEX_POINT('',#5821);
#1808=VERTEX_POINT('',#5825);
#1809=VERTEX_POINT('',#5827);
#1810=VERTEX_POINT('',#5831);
#1811=VERTEX_POINT('',#5835);
#1812=VERTEX_POINT('',#5837);
#1813=VERTEX_POINT('',#5841);
#1814=VERTEX_POINT('',#5845);
#1815=VERTEX_POINT('',#5849);
#1816=VERTEX_POINT('',#5853);
#1817=VERTEX_POINT('',#5857);
#1818=VERTEX_POINT('',#5859);
#1819=VERTEX_POINT('',#5865);
#1820=VERTEX_POINT('',#5869);
#1821=VERTEX_POINT('',#5870);
#1822=VERTEX_POINT('',#5875);
#1823=VERTEX_POINT('',#5877);
#1824=VERTEX_POINT('',#5883);
#1825=VERTEX_POINT('',#5885);
#1826=VERTEX_POINT('',#5891);
#1827=VERTEX_POINT('',#5893);
#1828=VERTEX_POINT('',#5897);
#1829=VERTEX_POINT('',#5901);
#1830=VERTEX_POINT('',#5903);
#1831=VERTEX_POINT('',#5907);
#1832=VERTEX_POINT('',#5911);
#1833=VERTEX_POINT('',#5913);
#1834=VERTEX_POINT('',#5917);
#1835=VERTEX_POINT('',#5921);
#1836=VERTEX_POINT('',#5923);
#1837=VERTEX_POINT('',#5929);
#1838=VERTEX_POINT('',#5931);
#1839=VERTEX_POINT('',#5935);
#1840=VERTEX_POINT('',#5939);
#1841=VERTEX_POINT('',#5943);
#1842=VERTEX_POINT('',#5947);
#1843=VERTEX_POINT('',#5949);
#1844=VERTEX_POINT('',#5953);
#1845=VERTEX_POINT('',#5957);
#1846=VERTEX_POINT('',#5959);
#1847=VERTEX_POINT('',#5963);
#1848=VERTEX_POINT('',#5967);
#1849=VERTEX_POINT('',#5971);
#1850=VERTEX_POINT('',#5977);
#1851=VERTEX_POINT('',#5978);
#1852=VERTEX_POINT('',#5980);
#1853=VERTEX_POINT('',#5982);
#1854=VERTEX_POINT('',#5986);
#1855=VERTEX_POINT('',#5988);
#1856=VERTEX_POINT('',#5992);
#1857=VERTEX_POINT('',#5994);
#1858=VERTEX_POINT('',#5998);
#1859=VERTEX_POINT('',#6000);
#1860=VERTEX_POINT('',#6004);
#1861=VERTEX_POINT('',#6006);
#1862=VERTEX_POINT('',#6013);
#1863=VERTEX_POINT('',#6018);
#1864=VERTEX_POINT('',#6019);
#1865=VERTEX_POINT('',#6024);
#1866=VERTEX_POINT('',#6028);
#1867=VERTEX_POINT('',#6029);
#1868=VERTEX_POINT('',#6036);
#1869=VERTEX_POINT('',#6037);
#1870=VERTEX_POINT('',#6042);
#1871=VERTEX_POINT('',#6044);
#1872=VERTEX_POINT('',#6046);
#1873=VERTEX_POINT('',#6052);
#1874=VERTEX_POINT('',#6053);
#1875=VERTEX_POINT('',#6058);
#1876=VERTEX_POINT('',#6070);
#1877=VERTEX_POINT('',#6072);
#1878=VERTEX_POINT('',#6081);
#1879=VERTEX_POINT('',#6082);
#1880=VERTEX_POINT('',#6087);
#1881=VERTEX_POINT('',#6094);
#1882=VERTEX_POINT('',#6098);
#1883=VERTEX_POINT('',#6103);
#1884=VERTEX_POINT('',#6104);
#1885=VERTEX_POINT('',#6109);
#1886=VERTEX_POINT('',#6113);
#1887=VERTEX_POINT('',#6114);
#1888=VERTEX_POINT('',#6119);
#1889=VERTEX_POINT('',#6121);
#1890=VERTEX_POINT('',#6123);
#1891=VERTEX_POINT('',#6127);
#1892=VERTEX_POINT('',#6128);
#1893=VERTEX_POINT('',#6135);
#1894=VERTEX_POINT('',#6136);
#1895=VERTEX_POINT('',#6138);
#1896=VERTEX_POINT('',#6142);
#1897=VERTEX_POINT('',#6143);
#1898=VERTEX_POINT('',#6145);
#1899=VERTEX_POINT('',#6149);
#1900=VERTEX_POINT('',#6150);
#1901=VERTEX_POINT('',#6152);
#1902=VERTEX_POINT('',#6159);
#1903=VERTEX_POINT('',#6160);
#1904=VERTEX_POINT('',#6162);
#1905=VERTEX_POINT('',#6169);
#1906=VERTEX_POINT('',#6170);
#1907=VERTEX_POINT('',#6175);
#1908=VERTEX_POINT('',#6176);
#1909=VERTEX_POINT('',#6178);
#1910=VERTEX_POINT('',#6188);
#1911=VERTEX_POINT('',#6189);
#1912=VERTEX_POINT('',#6191);
#1913=VERTEX_POINT('',#6195);
#1914=VERTEX_POINT('',#6196);
#1915=VERTEX_POINT('',#6198);
#1916=VERTEX_POINT('',#6205);
#1917=VERTEX_POINT('',#6206);
#1918=VERTEX_POINT('',#6208);
#1919=VERTEX_POINT('',#6212);
#1920=VERTEX_POINT('',#6213);
#1921=VERTEX_POINT('',#6215);
#1922=VERTEX_POINT('',#6222);
#1923=VERTEX_POINT('',#6224);
#1924=VERTEX_POINT('',#6228);
#1925=VERTEX_POINT('',#6229);
#1926=VERTEX_POINT('',#6231);
#1927=VERTEX_POINT('',#6238);
#1928=VERTEX_POINT('',#6239);
#1929=VERTEX_POINT('',#6241);
#1930=VERTEX_POINT('',#6245);
#1931=VERTEX_POINT('',#6246);
#1932=VERTEX_POINT('',#6248);
#1933=VERTEX_POINT('',#6255);
#1934=VERTEX_POINT('',#6256);
#1935=VERTEX_POINT('',#6261);
#1936=VERTEX_POINT('',#6262);
#1937=VERTEX_POINT('',#6264);
#1938=VERTEX_POINT('',#6274);
#1939=VERTEX_POINT('',#6275);
#1940=VERTEX_POINT('',#6277);
#1941=VERTEX_POINT('',#6284);
#1942=VERTEX_POINT('',#6285);
#1943=VERTEX_POINT('',#6287);
#1944=VERTEX_POINT('',#6297);
#1945=VERTEX_POINT('',#6298);
#1946=VERTEX_POINT('',#6300);
#1947=VERTEX_POINT('',#6331);
#1948=VERTEX_POINT('',#6333);
#1949=VERTEX_POINT('',#6344);
#1950=VERTEX_POINT('',#6346);
#1951=VERTEX_POINT('',#6374);
#1952=VERTEX_POINT('',#6376);
#1953=VERTEX_POINT('',#6379);
#1954=VERTEX_POINT('',#6383);
#1955=VERTEX_POINT('',#6385);
#1956=VERTEX_POINT('',#6388);
#1957=VERTEX_POINT('',#6392);
#1958=VERTEX_POINT('',#6394);
#1959=VERTEX_POINT('',#6397);
#1960=VERTEX_POINT('',#6401);
#1961=VERTEX_POINT('',#6403);
#1962=VERTEX_POINT('',#6406);
#1963=VERTEX_POINT('',#6410);
#1964=VERTEX_POINT('',#6412);
#1965=VERTEX_POINT('',#6415);
#1966=VERTEX_POINT('',#6419);
#1967=VERTEX_POINT('',#6421);
#1968=VERTEX_POINT('',#6424);
#1969=VERTEX_POINT('',#6428);
#1970=VERTEX_POINT('',#6432);
#1971=VERTEX_POINT('',#6442);
#1972=VERTEX_POINT('',#6450);
#1973=VERTEX_POINT('',#6459);
#1974=VERTEX_POINT('',#6467);
#1975=VERTEX_POINT('',#6469);
#1976=VERTEX_POINT('',#6473);
#1977=VERTEX_POINT('',#6477);
#1978=VERTEX_POINT('',#6500);
#1979=EDGE_CURVE('',#1617,#1618,#1504,.T.);
#1980=EDGE_CURVE('',#1617,#1619,#614,.T.);
#1981=EDGE_CURVE('',#1619,#1620,#606,.T.);
#1982=EDGE_CURVE('',#1620,#1618,#615,.T.);
#1983=EDGE_CURVE('',#1621,#1617,#616,.T.);
#1984=EDGE_CURVE('',#1622,#1621,#617,.T.);
#1985=EDGE_CURVE('',#1623,#1622,#618,.T.);
#1986=EDGE_CURVE('',#1624,#1623,#619,.T.);
#1987=EDGE_CURVE('',#1625,#1624,#620,.T.);
#1988=EDGE_CURVE('',#1626,#1625,#621,.T.);
#1989=EDGE_CURVE('',#1627,#1626,#622,.T.);
#1990=EDGE_CURVE('',#1628,#1627,#623,.T.);
#1991=EDGE_CURVE('',#1629,#1628,#624,.T.);
#1992=EDGE_CURVE('',#1629,#1630,#625,.T.);
#1993=EDGE_CURVE('',#1631,#1630,#626,.T.);
#1994=EDGE_CURVE('',#1631,#1632,#627,.T.);
#1995=EDGE_CURVE('',#1632,#1619,#628,.T.);
#1996=EDGE_CURVE('',#1633,#1634,#1505,.T.);
#1997=EDGE_CURVE('',#1633,#1635,#629,.T.);
#1998=EDGE_CURVE('',#1635,#1636,#607,.T.);
#1999=EDGE_CURVE('',#1636,#1634,#630,.T.);
#2000=EDGE_CURVE('',#1618,#1637,#631,.T.);
#2001=EDGE_CURVE('',#1637,#1638,#632,.T.);
#2002=EDGE_CURVE('',#1639,#1638,#633,.T.);
#2003=EDGE_CURVE('',#1640,#1639,#634,.T.);
#2004=EDGE_CURVE('',#1641,#1640,#635,.T.);
#2005=EDGE_CURVE('',#1641,#1642,#636,.T.);
#2006=EDGE_CURVE('',#1642,#1633,#637,.T.);
#2007=EDGE_CURVE('',#1634,#1643,#638,.T.);
#2008=EDGE_CURVE('',#1644,#1643,#1506,.T.);
#2009=EDGE_CURVE('',#1644,#1645,#639,.T.);
#2010=EDGE_CURVE('',#1645,#1646,#1507,.T.);
#2011=EDGE_CURVE('',#1647,#1646,#1508,.F.);
#2012=EDGE_CURVE('',#1648,#1647,#1509,.T.);
#2013=EDGE_CURVE('',#1648,#1649,#640,.T.);
#2014=EDGE_CURVE('',#1649,#1650,#641,.T.);
#2015=EDGE_CURVE('',#1651,#1650,#1510,.T.);
#2016=EDGE_CURVE('',#1651,#1652,#642,.T.);
#2017=EDGE_CURVE('',#1652,#1653,#643,.T.);
#2018=EDGE_CURVE('',#1654,#1653,#1511,.T.);
#2019=EDGE_CURVE('',#1654,#1655,#644,.T.);
#2020=EDGE_CURVE('',#1656,#1655,#1512,.T.);
#2021=EDGE_CURVE('',#1656,#1657,#645,.T.);
#2022=EDGE_CURVE('',#1657,#1658,#646,.T.);
#2023=EDGE_CURVE('',#1658,#1659,#647,.T.);
#2024=EDGE_CURVE('',#1659,#1660,#648,.T.);
#2025=EDGE_CURVE('',#1661,#1660,#1513,.T.);
#2026=EDGE_CURVE('',#1661,#1662,#649,.T.);
#2027=EDGE_CURVE('',#1663,#1662,#1514,.T.);
#2028=EDGE_CURVE('',#1663,#1664,#650,.T.);
#2029=EDGE_CURVE('',#1664,#1665,#651,.T.);
#2030=EDGE_CURVE('',#1666,#1665,#1515,.T.);
#2031=EDGE_CURVE('',#1666,#1667,#652,.T.);
#2032=EDGE_CURVE('',#1667,#1668,#653,.T.);
#2033=EDGE_CURVE('',#1668,#1669,#1516,.F.);
#2034=EDGE_CURVE('',#1669,#1670,#1517,.T.);
#2035=EDGE_CURVE('',#1670,#1671,#654,.T.);
#2036=EDGE_CURVE('',#1622,#1671,#1518,.T.);
#2037=EDGE_CURVE('',#1636,#1672,#655,.T.);
#2038=EDGE_CURVE('',#1672,#1673,#656,.T.);
#2039=EDGE_CURVE('',#1674,#1673,#657,.T.);
#2040=EDGE_CURVE('',#1674,#1675,#658,.T.);
#2041=EDGE_CURVE('',#1676,#1675,#659,.T.);
#2042=EDGE_CURVE('',#1677,#1676,#660,.T.);
#2043=EDGE_CURVE('',#1678,#1677,#661,.T.);
#2044=EDGE_CURVE('',#1679,#1678,#662,.T.);
#2045=EDGE_CURVE('',#1680,#1679,#663,.T.);
#2046=EDGE_CURVE('',#1681,#1680,#664,.T.);
#2047=EDGE_CURVE('',#1643,#1681,#665,.T.);
#2048=EDGE_CURVE('',#1674,#1682,#1519,.T.);
#2049=EDGE_CURVE('',#1673,#1683,#608,.T.);
#2050=EDGE_CURVE('',#1683,#1682,#666,.T.);
#2051=EDGE_CURVE('',#1683,#1684,#667,.T.);
#2052=EDGE_CURVE('',#1685,#1684,#668,.T.);
#2053=EDGE_CURVE('',#1682,#1685,#669,.T.);
#2054=EDGE_CURVE('',#1675,#1686,#1520,.T.);
#2055=EDGE_CURVE('',#1686,#1687,#670,.T.);
#2056=EDGE_CURVE('',#1676,#1687,#1521,.T.);
#2057=EDGE_CURVE('',#1688,#1681,#1522,.T.);
#2058=EDGE_CURVE('',#1688,#1644,#671,.T.);
#2059=EDGE_CURVE('',#1689,#1688,#672,.T.);
#2060=EDGE_CURVE('',#1690,#1689,#673,.T.);
#2061=EDGE_CURVE('',#1690,#1691,#674,.T.);
#2062=EDGE_CURVE('',#1691,#1645,#675,.T.);
#2063=EDGE_CURVE('',#1623,#1692,#1523,.T.);
#2064=EDGE_CURVE('',#1671,#1692,#676,.T.);
#2065=EDGE_CURVE('',#1670,#1693,#677,.T.);
#2066=EDGE_CURVE('',#1693,#1694,#678,.T.);
#2067=EDGE_CURVE('',#1695,#1694,#679,.T.);
#2068=EDGE_CURVE('',#1692,#1695,#680,.T.);
#2069=EDGE_CURVE('',#1696,#1630,#1524,.T.);
#2070=EDGE_CURVE('',#1696,#1697,#681,.T.);
#2071=EDGE_CURVE('',#1697,#1631,#609,.T.);
#2072=EDGE_CURVE('',#1685,#1698,#1525,.T.);
#2073=EDGE_CURVE('',#1698,#1699,#682,.T.);
#2074=EDGE_CURVE('',#1699,#1700,#1526,.T.);
#2075=EDGE_CURVE('',#1700,#1701,#683,.T.);
#2076=EDGE_CURVE('',#1701,#1702,#684,.T.);
#2077=EDGE_CURVE('',#1702,#1703,#1527,.T.);
#2078=EDGE_CURVE('',#1703,#1704,#685,.T.);
#2079=EDGE_CURVE('',#1704,#1705,#1528,.T.);
#2080=EDGE_CURVE('',#1705,#1696,#686,.T.);
#2081=EDGE_CURVE('',#1629,#1706,#1529,.F.);
#2082=EDGE_CURVE('',#1706,#1707,#687,.T.);
#2083=EDGE_CURVE('',#1707,#1708,#688,.T.);
#2084=EDGE_CURVE('',#1709,#1708,#1530,.T.);
#2085=EDGE_CURVE('',#1709,#1710,#689,.T.);
#2086=EDGE_CURVE('',#1710,#1711,#690,.T.);
#2087=EDGE_CURVE('',#1712,#1711,#1531,.T.);
#2088=EDGE_CURVE('',#1712,#1713,#691,.T.);
#2089=EDGE_CURVE('',#1713,#1714,#692,.T.);
#2090=EDGE_CURVE('',#1715,#1714,#1532,.T.);
#2091=EDGE_CURVE('',#1715,#1716,#693,.T.);
#2092=EDGE_CURVE('',#1716,#1717,#1533,.T.);
#2093=EDGE_CURVE('',#1717,#1718,#694,.T.);
#2094=EDGE_CURVE('',#1719,#1718,#1534,.T.);
#2095=EDGE_CURVE('',#1719,#1720,#695,.T.);
#2096=EDGE_CURVE('',#1720,#1721,#696,.T.);
#2097=EDGE_CURVE('',#1722,#1721,#1535,.T.);
#2098=EDGE_CURVE('',#1722,#1723,#697,.T.);
#2099=EDGE_CURVE('',#1723,#1724,#698,.T.);
#2100=EDGE_CURVE('',#1725,#1724,#1536,.T.);
#2101=EDGE_CURVE('',#1725,#1726,#699,.T.);
#2102=EDGE_CURVE('',#1726,#1686,#700,.T.);
#2103=EDGE_CURVE('',#1727,#1628,#1537,.T.);
#2104=EDGE_CURVE('',#1727,#1706,#701,.T.);
#2105=EDGE_CURVE('',#1687,#1728,#702,.T.);
#2106=EDGE_CURVE('',#1728,#1729,#703,.T.);
#2107=EDGE_CURVE('',#1729,#1730,#1538,.T.);
#2108=EDGE_CURVE('',#1730,#1731,#704,.T.);
#2109=EDGE_CURVE('',#1731,#1732,#705,.T.);
#2110=EDGE_CURVE('',#1732,#1733,#1539,.T.);
#2111=EDGE_CURVE('',#1733,#1734,#706,.T.);
#2112=EDGE_CURVE('',#1734,#1735,#707,.T.);
#2113=EDGE_CURVE('',#1735,#1736,#1540,.T.);
#2114=EDGE_CURVE('',#1736,#1737,#708,.T.);
#2115=EDGE_CURVE('',#1737,#1738,#709,.T.);
#2116=EDGE_CURVE('',#1738,#1739,#1541,.T.);
#2117=EDGE_CURVE('',#1739,#1740,#710,.T.);
#2118=EDGE_CURVE('',#1740,#1727,#711,.T.);
#2119=EDGE_CURVE('',#1741,#1627,#1542,.T.);
#2120=EDGE_CURVE('',#1741,#1742,#712,.T.);
#2121=EDGE_CURVE('',#1742,#1743,#713,.T.);
#2122=EDGE_CURVE('',#1744,#1743,#1543,.T.);
#2123=EDGE_CURVE('',#1744,#1745,#714,.T.);
#2124=EDGE_CURVE('',#1745,#1746,#715,.T.);
#2125=EDGE_CURVE('',#1747,#1746,#1544,.T.);
#2126=EDGE_CURVE('',#1747,#1748,#716,.T.);
#2127=EDGE_CURVE('',#1749,#1748,#1545,.T.);
#2128=EDGE_CURVE('',#1749,#1750,#717,.T.);
#2129=EDGE_CURVE('',#1750,#1751,#718,.T.);
#2130=EDGE_CURVE('',#1752,#1751,#1546,.T.);
#2131=EDGE_CURVE('',#1752,#1753,#719,.T.);
#2132=EDGE_CURVE('',#1753,#1754,#720,.T.);
#2133=EDGE_CURVE('',#1755,#1754,#1547,.T.);
#2134=EDGE_CURVE('',#1755,#1756,#721,.T.);
#2135=EDGE_CURVE('',#1756,#1757,#722,.T.);
#2136=EDGE_CURVE('',#1758,#1757,#1548,.T.);
#2137=EDGE_CURVE('',#1758,#1759,#723,.T.);
#2138=EDGE_CURVE('',#1760,#1759,#1549,.T.);
#2139=EDGE_CURVE('',#1760,#1761,#724,.T.);
#2140=EDGE_CURVE('',#1761,#1762,#1550,.F.);
#2141=EDGE_CURVE('',#1762,#1763,#725,.T.);
#2142=EDGE_CURVE('',#1624,#1763,#1551,.T.);
#2143=EDGE_CURVE('',#1695,#1764,#1552,.T.);
#2144=EDGE_CURVE('',#1764,#1765,#726,.T.);
#2145=EDGE_CURVE('',#1765,#1766,#727,.T.);
#2146=EDGE_CURVE('',#1766,#1767,#728,.T.);
#2147=EDGE_CURVE('',#1767,#1768,#729,.T.);
#2148=EDGE_CURVE('',#1768,#1689,#1553,.T.);
#2149=EDGE_CURVE('',#1769,#1680,#1554,.T.);
#2150=EDGE_CURVE('',#1769,#1770,#730,.T.);
#2151=EDGE_CURVE('',#1770,#1771,#1555,.F.);
#2152=EDGE_CURVE('',#1771,#1772,#731,.T.);
#2153=EDGE_CURVE('',#1773,#1772,#1556,.T.);
#2154=EDGE_CURVE('',#1773,#1774,#732,.T.);
#2155=EDGE_CURVE('',#1775,#1774,#1557,.T.);
#2156=EDGE_CURVE('',#1775,#1776,#733,.T.);
#2157=EDGE_CURVE('',#1776,#1777,#734,.T.);
#2158=EDGE_CURVE('',#1778,#1777,#1558,.T.);
#2159=EDGE_CURVE('',#1778,#1779,#735,.T.);
#2160=EDGE_CURVE('',#1779,#1780,#736,.T.);
#2161=EDGE_CURVE('',#1781,#1780,#1559,.T.);
#2162=EDGE_CURVE('',#1781,#1782,#737,.T.);
#2163=EDGE_CURVE('',#1782,#1783,#738,.T.);
#2164=EDGE_CURVE('',#1784,#1783,#1560,.T.);
#2165=EDGE_CURVE('',#1784,#1785,#739,.T.);
#2166=EDGE_CURVE('',#1786,#1785,#1561,.T.);
#2167=EDGE_CURVE('',#1786,#1787,#740,.T.);
#2168=EDGE_CURVE('',#1787,#1788,#741,.T.);
#2169=EDGE_CURVE('',#1789,#1788,#1562,.T.);
#2170=EDGE_CURVE('',#1789,#1790,#742,.T.);
#2171=EDGE_CURVE('',#1790,#1791,#743,.T.);
#2172=EDGE_CURVE('',#1677,#1791,#1563,.T.);
#2173=EDGE_CURVE('',#1792,#1793,#744,.T.);
#2174=EDGE_CURVE('',#1793,#1794,#745,.T.);
#2175=EDGE_CURVE('',#1794,#1795,#746,.T.);
#2176=EDGE_CURVE('',#1795,#1792,#747,.T.);
#2177=EDGE_CURVE('',#1626,#1796,#1564,.T.);
#2178=EDGE_CURVE('',#1796,#1741,#748,.T.);
#2179=EDGE_CURVE('',#1743,#1797,#749,.T.);
#2180=EDGE_CURVE('',#1797,#1798,#1565,.T.);
#2181=EDGE_CURVE('',#1798,#1744,#750,.T.);
#2182=EDGE_CURVE('',#1742,#1799,#751,.T.);
#2183=EDGE_CURVE('',#1797,#1799,#752,.T.);
#2184=EDGE_CURVE('',#1746,#1800,#753,.T.);
#2185=EDGE_CURVE('',#1800,#1801,#1566,.T.);
#2186=EDGE_CURVE('',#1801,#1747,#754,.T.);
#2187=EDGE_CURVE('',#1745,#1802,#755,.T.);
#2188=EDGE_CURVE('',#1800,#1802,#756,.T.);
#2189=EDGE_CURVE('',#1748,#1803,#757,.T.);
#2190=EDGE_CURVE('',#1803,#1804,#1567,.T.);
#2191=EDGE_CURVE('',#1804,#1749,#758,.T.);
#2192=EDGE_CURVE('',#1803,#1801,#759,.T.);
#2193=EDGE_CURVE('',#1751,#1805,#760,.T.);
#2194=EDGE_CURVE('',#1805,#1806,#1568,.T.);
#2195=EDGE_CURVE('',#1806,#1752,#761,.T.);
#2196=EDGE_CURVE('',#1750,#1807,#762,.T.);
#2197=EDGE_CURVE('',#1805,#1807,#763,.T.);
#2198=EDGE_CURVE('',#1754,#1808,#764,.T.);
#2199=EDGE_CURVE('',#1808,#1809,#1569,.T.);
#2200=EDGE_CURVE('',#1809,#1755,#765,.T.);
#2201=EDGE_CURVE('',#1753,#1810,#766,.T.);
#2202=EDGE_CURVE('',#1808,#1810,#767,.T.);
#2203=EDGE_CURVE('',#1757,#1811,#768,.T.);
#2204=EDGE_CURVE('',#1811,#1812,#1570,.T.);
#2205=EDGE_CURVE('',#1812,#1758,#769,.T.);
#2206=EDGE_CURVE('',#1756,#1813,#770,.T.);
#2207=EDGE_CURVE('',#1811,#1813,#771,.T.);
#2208=EDGE_CURVE('',#1763,#1814,#772,.T.);
#2209=EDGE_CURVE('',#1814,#1625,#1571,.T.);
#2210=EDGE_CURVE('',#1762,#1815,#773,.T.);
#2211=EDGE_CURVE('',#1814,#1815,#774,.T.);
#2212=EDGE_CURVE('',#1761,#1816,#775,.T.);
#2213=EDGE_CURVE('',#1816,#1815,#1572,.T.);
#2214=EDGE_CURVE('',#1759,#1817,#776,.T.);
#2215=EDGE_CURVE('',#1817,#1818,#1573,.T.);
#2216=EDGE_CURVE('',#1818,#1760,#777,.T.);
#2217=EDGE_CURVE('',#1817,#1812,#778,.T.);
#2218=EDGE_CURVE('',#1679,#1819,#1574,.T.);
#2219=EDGE_CURVE('',#1819,#1769,#779,.T.);
#2220=EDGE_CURVE('',#1820,#1821,#1575,.T.);
#2221=EDGE_CURVE('',#1821,#1771,#780,.T.);
#2222=EDGE_CURVE('',#1770,#1820,#781,.T.);
#2223=EDGE_CURVE('',#1772,#1822,#782,.T.);
#2224=EDGE_CURVE('',#1822,#1823,#1576,.T.);
#2225=EDGE_CURVE('',#1823,#1773,#783,.T.);
#2226=EDGE_CURVE('',#1822,#1821,#784,.T.);
#2227=EDGE_CURVE('',#1774,#1824,#785,.T.);
#2228=EDGE_CURVE('',#1824,#1825,#1577,.T.);
#2229=EDGE_CURVE('',#1825,#1775,#786,.T.);
#2230=EDGE_CURVE('',#1824,#1823,#787,.T.);
#2231=EDGE_CURVE('',#1777,#1826,#788,.T.);
#2232=EDGE_CURVE('',#1826,#1827,#1578,.T.);
#2233=EDGE_CURVE('',#1827,#1778,#789,.T.);
#2234=EDGE_CURVE('',#1776,#1828,#790,.T.);
#2235=EDGE_CURVE('',#1826,#1828,#791,.T.);
#2236=EDGE_CURVE('',#1780,#1829,#792,.T.);
#2237=EDGE_CURVE('',#1829,#1830,#1579,.T.);
#2238=EDGE_CURVE('',#1830,#1781,#793,.T.);
#2239=EDGE_CURVE('',#1779,#1831,#794,.T.);
#2240=EDGE_CURVE('',#1829,#1831,#795,.T.);
#2241=EDGE_CURVE('',#1783,#1832,#796,.T.);
#2242=EDGE_CURVE('',#1832,#1833,#1580,.T.);
#2243=EDGE_CURVE('',#1833,#1784,#797,.T.);
#2244=EDGE_CURVE('',#1782,#1834,#798,.T.);
#2245=EDGE_CURVE('',#1832,#1834,#799,.T.);
#2246=EDGE_CURVE('',#1785,#1835,#800,.T.);
#2247=EDGE_CURVE('',#1835,#1836,#1581,.T.);
#2248=EDGE_CURVE('',#1836,#1786,#801,.T.);
#2249=EDGE_CURVE('',#1835,#1833,#802,.T.);
#2250=EDGE_CURVE('',#1788,#1837,#803,.T.);
#2251=EDGE_CURVE('',#1837,#1838,#1582,.T.);
#2252=EDGE_CURVE('',#1838,#1789,#804,.T.);
#2253=EDGE_CURVE('',#1787,#1839,#805,.T.);
#2254=EDGE_CURVE('',#1837,#1839,#806,.T.);
#2255=EDGE_CURVE('',#1791,#1840,#807,.T.);
#2256=EDGE_CURVE('',#1840,#1678,#1583,.T.);
#2257=EDGE_CURVE('',#1790,#1841,#808,.T.);
#2258=EDGE_CURVE('',#1840,#1841,#809,.T.);
#2259=EDGE_CURVE('',#1704,#1842,#810,.T.);
#2260=EDGE_CURVE('',#1842,#1843,#610,.T.);
#2261=EDGE_CURVE('',#1843,#1705,#811,.T.);
#2262=EDGE_CURVE('',#1844,#1703,#812,.T.);
#2263=EDGE_CURVE('',#1844,#1842,#813,.T.);
#2264=EDGE_CURVE('',#1699,#1845,#814,.T.);
#2265=EDGE_CURVE('',#1845,#1846,#611,.T.);
#2266=EDGE_CURVE('',#1846,#1700,#815,.T.);
#2267=EDGE_CURVE('',#1847,#1698,#816,.T.);
#2268=EDGE_CURVE('',#1847,#1845,#817,.T.);
#2269=EDGE_CURVE('',#1702,#1848,#818,.T.);
#2270=EDGE_CURVE('',#1848,#1844,#612,.T.);
#2271=EDGE_CURVE('',#1849,#1701,#819,.T.);
#2272=EDGE_CURVE('',#1849,#1848,#820,.T.);
#2273=EDGE_CURVE('',#1684,#1847,#613,.T.);
#2274=EDGE_CURVE('',#1850,#1851,#1584,.T.);
#2275=EDGE_CURVE('',#1851,#1852,#821,.T.);
#2276=EDGE_CURVE('',#1852,#1853,#1585,.T.);
#2277=EDGE_CURVE('',#1853,#1850,#822,.T.);
#2278=EDGE_CURVE('',#1854,#1851,#823,.T.);
#2279=EDGE_CURVE('',#1855,#1854,#824,.T.);
#2280=EDGE_CURVE('',#1852,#1855,#825,.T.);
#2281=EDGE_CURVE('',#1854,#1856,#1586,.T.);
#2282=EDGE_CURVE('',#1856,#1857,#826,.T.);
#2283=EDGE_CURVE('',#1857,#1855,#1587,.T.);
#2284=EDGE_CURVE('',#1858,#1856,#827,.T.);
#2285=EDGE_CURVE('',#1859,#1858,#828,.T.);
#2286=EDGE_CURVE('',#1857,#1859,#829,.T.);
#2287=EDGE_CURVE('',#1860,#1641,#1588,.T.);
#2288=EDGE_CURVE('',#1640,#1861,#1589,.T.);
#2289=EDGE_CURVE('',#1861,#1860,#830,.T.);
#2290=EDGE_CURVE('',#1638,#1859,#1590,.T.);
#2291=EDGE_CURVE('',#1858,#1639,#1591,.T.);
#2292=EDGE_CURVE('',#1862,#1694,#1592,.F.);
#2293=EDGE_CURVE('',#1862,#1669,#831,.T.);
#2294=EDGE_CURVE('',#1668,#1764,#832,.T.);
#2295=EDGE_CURVE('',#1863,#1864,#1593,.T.);
#2296=EDGE_CURVE('',#1863,#1661,#833,.T.);
#2297=EDGE_CURVE('',#1660,#1864,#834,.T.);
#2298=EDGE_CURVE('',#1865,#1659,#835,.T.);
#2299=EDGE_CURVE('',#1865,#1864,#836,.T.);
#2300=EDGE_CURVE('',#1866,#1867,#1594,.T.);
#2301=EDGE_CURVE('',#1866,#1663,#837,.T.);
#2302=EDGE_CURVE('',#1662,#1867,#838,.T.);
#2303=EDGE_CURVE('',#1863,#1867,#839,.T.);
#2304=EDGE_CURVE('',#1868,#1869,#1595,.T.);
#2305=EDGE_CURVE('',#1868,#1666,#840,.T.);
#2306=EDGE_CURVE('',#1665,#1869,#841,.T.);
#2307=EDGE_CURVE('',#1870,#1869,#842,.T.);
#2308=EDGE_CURVE('',#1871,#1870,#843,.T.);
#2309=EDGE_CURVE('',#1872,#1871,#844,.T.);
#2310=EDGE_CURVE('',#1868,#1872,#845,.T.);
#2311=EDGE_CURVE('',#1870,#1664,#846,.T.);
#2312=EDGE_CURVE('',#1873,#1874,#1596,.T.);
#2313=EDGE_CURVE('',#1873,#1709,#847,.T.);
#2314=EDGE_CURVE('',#1708,#1874,#848,.T.);
#2315=EDGE_CURVE('',#1875,#1707,#849,.T.);
#2316=EDGE_CURVE('',#1875,#1874,#850,.T.);
#2317=EDGE_CURVE('',#1738,#1712,#851,.T.);
#2318=EDGE_CURVE('',#1711,#1739,#852,.T.);
#2319=EDGE_CURVE('',#1737,#1713,#853,.T.);
#2320=EDGE_CURVE('',#1735,#1715,#854,.T.);
#2321=EDGE_CURVE('',#1714,#1736,#855,.T.);
#2322=EDGE_CURVE('',#1734,#1876,#856,.T.);
#2323=EDGE_CURVE('',#1876,#1877,#857,.T.);
#2324=EDGE_CURVE('',#1877,#1716,#858,.T.);
#2325=EDGE_CURVE('',#1732,#1719,#859,.T.);
#2326=EDGE_CURVE('',#1718,#1733,#860,.T.);
#2327=EDGE_CURVE('',#1731,#1720,#861,.T.);
#2328=EDGE_CURVE('',#1878,#1879,#1597,.T.);
#2329=EDGE_CURVE('',#1878,#1725,#862,.T.);
#2330=EDGE_CURVE('',#1724,#1879,#863,.T.);
#2331=EDGE_CURVE('',#1880,#1723,#864,.T.);
#2332=EDGE_CURVE('',#1880,#1879,#865,.T.);
#2333=EDGE_CURVE('',#1729,#1722,#866,.T.);
#2334=EDGE_CURVE('',#1721,#1730,#867,.T.);
#2335=EDGE_CURVE('',#1728,#1881,#868,.T.);
#2336=EDGE_CURVE('',#1881,#1880,#869,.T.);
#2337=EDGE_CURVE('',#1882,#1690,#1598,.T.);
#2338=EDGE_CURVE('',#1768,#1648,#870,.T.);
#2339=EDGE_CURVE('',#1882,#1647,#871,.F.);
#2340=EDGE_CURVE('',#1883,#1884,#1599,.T.);
#2341=EDGE_CURVE('',#1883,#1651,#872,.T.);
#2342=EDGE_CURVE('',#1650,#1884,#873,.T.);
#2343=EDGE_CURVE('',#1885,#1649,#874,.T.);
#2344=EDGE_CURVE('',#1885,#1884,#875,.T.);
#2345=EDGE_CURVE('',#1886,#1887,#1600,.T.);
#2346=EDGE_CURVE('',#1886,#1654,#876,.T.);
#2347=EDGE_CURVE('',#1653,#1887,#877,.T.);
#2348=EDGE_CURVE('',#1652,#1888,#878,.T.);
#2349=EDGE_CURVE('',#1888,#1889,#879,.T.);
#2350=EDGE_CURVE('',#1890,#1889,#880,.T.);
#2351=EDGE_CURVE('',#1890,#1887,#881,.T.);
#2352=EDGE_CURVE('',#1891,#1892,#1601,.T.);
#2353=EDGE_CURVE('',#1891,#1656,#882,.T.);
#2354=EDGE_CURVE('',#1655,#1892,#883,.T.);
#2355=EDGE_CURVE('',#1886,#1892,#884,.T.);
#2356=EDGE_CURVE('',#1893,#1894,#885,.T.);
#2357=EDGE_CURVE('',#1895,#1893,#886,.T.);
#2358=EDGE_CURVE('',#1894,#1895,#887,.T.);
#2359=EDGE_CURVE('',#1896,#1897,#888,.T.);
#2360=EDGE_CURVE('',#1898,#1896,#889,.T.);
#2361=EDGE_CURVE('',#1897,#1898,#890,.T.);
#2362=EDGE_CURVE('',#1899,#1900,#891,.T.);
#2363=EDGE_CURVE('',#1901,#1899,#892,.T.);
#2364=EDGE_CURVE('',#1900,#1901,#893,.T.);
#2365=EDGE_CURVE('',#1899,#1894,#894,.T.);
#2366=EDGE_CURVE('',#1895,#1901,#895,.T.);
#2367=EDGE_CURVE('',#1902,#1903,#896,.T.);
#2368=EDGE_CURVE('',#1904,#1902,#897,.T.);
#2369=EDGE_CURVE('',#1903,#1904,#898,.T.);
#2370=EDGE_CURVE('',#1902,#1893,#899,.T.);
#2371=EDGE_CURVE('',#1894,#1904,#900,.T.);
#2372=EDGE_CURVE('',#1905,#1906,#901,.T.);
#2373=EDGE_CURVE('',#1906,#1898,#902,.T.);
#2374=EDGE_CURVE('',#1896,#1905,#903,.T.);
#2375=EDGE_CURVE('',#1907,#1908,#904,.T.);
#2376=EDGE_CURVE('',#1909,#1907,#905,.T.);
#2377=EDGE_CURVE('',#1908,#1909,#906,.T.);
#2378=EDGE_CURVE('',#1907,#1896,#907,.T.);
#2379=EDGE_CURVE('',#1897,#1909,#908,.T.);
#2380=EDGE_CURVE('',#1903,#1908,#909,.T.);
#2381=EDGE_CURVE('',#1909,#1902,#910,.T.);
#2382=EDGE_CURVE('',#1910,#1911,#911,.T.);
#2383=EDGE_CURVE('',#1912,#1910,#912,.T.);
#2384=EDGE_CURVE('',#1911,#1912,#913,.T.);
#2385=EDGE_CURVE('',#1913,#1914,#914,.T.);
#2386=EDGE_CURVE('',#1915,#1913,#915,.T.);
#2387=EDGE_CURVE('',#1914,#1915,#916,.T.);
#2388=EDGE_CURVE('',#1913,#1899,#917,.T.);
#2389=EDGE_CURVE('',#1900,#1915,#918,.T.);
#2390=EDGE_CURVE('',#1916,#1917,#919,.T.);
#2391=EDGE_CURVE('',#1918,#1916,#920,.T.);
#2392=EDGE_CURVE('',#1917,#1918,#921,.T.);
#2393=EDGE_CURVE('',#1919,#1920,#922,.T.);
#2394=EDGE_CURVE('',#1921,#1919,#923,.T.);
#2395=EDGE_CURVE('',#1920,#1921,#924,.T.);
#2396=EDGE_CURVE('',#1919,#1912,#925,.T.);
#2397=EDGE_CURVE('',#1910,#1921,#926,.T.);
#2398=EDGE_CURVE('',#1922,#1920,#927,.T.);
#2399=EDGE_CURVE('',#1921,#1923,#928,.T.);
#2400=EDGE_CURVE('',#1923,#1922,#929,.T.);
#2401=EDGE_CURVE('',#1924,#1925,#930,.T.);
#2402=EDGE_CURVE('',#1926,#1924,#931,.T.);
#2403=EDGE_CURVE('',#1925,#1926,#932,.T.);
#2404=EDGE_CURVE('',#1924,#1911,#933,.T.);
#2405=EDGE_CURVE('',#1912,#1926,#934,.T.);
#2406=EDGE_CURVE('',#1927,#1928,#935,.T.);
#2407=EDGE_CURVE('',#1929,#1927,#936,.T.);
#2408=EDGE_CURVE('',#1928,#1929,#937,.T.);
#2409=EDGE_CURVE('',#1930,#1931,#938,.T.);
#2410=EDGE_CURVE('',#1932,#1930,#939,.T.);
#2411=EDGE_CURVE('',#1931,#1932,#940,.T.);
#2412=EDGE_CURVE('',#1930,#1916,#941,.T.);
#2413=EDGE_CURVE('',#1917,#1932,#942,.T.);
#2414=EDGE_CURVE('',#1933,#1934,#943,.T.);
#2415=EDGE_CURVE('',#1934,#1931,#944,.T.);
#2416=EDGE_CURVE('',#1932,#1933,#945,.T.);
#2417=EDGE_CURVE('',#1935,#1936,#946,.T.);
#2418=EDGE_CURVE('',#1937,#1935,#947,.T.);
#2419=EDGE_CURVE('',#1936,#1937,#948,.T.);
#2420=EDGE_CURVE('',#1923,#1937,#949,.T.);
#2421=EDGE_CURVE('',#1935,#1922,#950,.T.);
#2422=EDGE_CURVE('',#1927,#1936,#951,.T.);
#2423=EDGE_CURVE('',#1937,#1929,#952,.T.);
#2424=EDGE_CURVE('',#1938,#1939,#953,.T.);
#2425=EDGE_CURVE('',#1940,#1938,#954,.T.);
#2426=EDGE_CURVE('',#1939,#1940,#955,.T.);
#2427=EDGE_CURVE('',#1920,#1940,#956,.T.);
#2428=EDGE_CURVE('',#1938,#1919,#957,.T.);
#2429=EDGE_CURVE('',#1941,#1942,#958,.T.);
#2430=EDGE_CURVE('',#1943,#1941,#959,.T.);
#2431=EDGE_CURVE('',#1942,#1943,#960,.T.);
#2432=EDGE_CURVE('',#1941,#1927,#961,.T.);
#2433=EDGE_CURVE('',#1928,#1943,#962,.T.);
#2434=EDGE_CURVE('',#1931,#1942,#963,.T.);
#2435=EDGE_CURVE('',#1943,#1930,#964,.T.);
#2436=EDGE_CURVE('',#1944,#1945,#965,.T.);
#2437=EDGE_CURVE('',#1946,#1944,#966,.T.);
#2438=EDGE_CURVE('',#1945,#1946,#967,.T.);
#2439=EDGE_CURVE('',#1944,#1935,#968,.T.);
#2440=EDGE_CURVE('',#1936,#1946,#969,.T.);
#2441=EDGE_CURVE('',#1942,#1945,#970,.T.);
#2442=EDGE_CURVE('',#1946,#1941,#971,.T.);
#2443=EDGE_CURVE('',#1945,#1939,#972,.T.);
#2444=EDGE_CURVE('',#1940,#1944,#973,.T.);
#2445=EDGE_CURVE('',#1939,#1925,#974,.T.);
#2446=EDGE_CURVE('',#1926,#1938,#975,.T.);
#2447=EDGE_CURVE('',#1916,#1928,#976,.T.);
#2448=EDGE_CURVE('',#1929,#1918,#977,.T.);
#2449=EDGE_CURVE('',#1925,#1914,#978,.T.);
#2450=EDGE_CURVE('',#1915,#1924,#979,.T.);
#2451=EDGE_CURVE('',#1933,#1907,#980,.T.);
#2452=EDGE_CURVE('',#1908,#1934,#981,.T.);
#2453=EDGE_CURVE('',#1905,#1917,#982,.T.);
#2454=EDGE_CURVE('',#1918,#1906,#983,.T.);
#2455=EDGE_CURVE('',#1914,#1903,#984,.T.);
#2456=EDGE_CURVE('',#1904,#1913,#985,.T.);
#2457=EDGE_CURVE('',#1947,#1910,#986,.T.);
#2458=EDGE_CURVE('',#1911,#1948,#987,.T.);
#2459=EDGE_CURVE('',#1948,#1947,#988,.T.);
#2460=EDGE_CURVE('',#1948,#1900,#989,.T.);
#2461=EDGE_CURVE('',#1901,#1947,#990,.T.);
#2462=EDGE_CURVE('',#1893,#1897,#991,.T.);
#2463=EDGE_CURVE('',#1898,#1895,#992,.T.);
#2464=EDGE_CURVE('',#1672,#1947,#993,.T.);
#2465=EDGE_CURVE('',#1949,#1635,#994,.T.);
#2466=EDGE_CURVE('',#1950,#1949,#995,.T.);
#2467=EDGE_CURVE('',#1620,#1950,#996,.T.);
#2468=EDGE_CURVE('',#1923,#1632,#997,.T.);
#2469=EDGE_CURVE('',#1905,#1933,#998,.T.);
#2470=EDGE_CURVE('',#1850,#1861,#999,.T.);
#2471=EDGE_CURVE('',#1820,#1819,#1000,.T.);
#2472=EDGE_CURVE('',#1841,#1838,#1001,.T.);
#2473=EDGE_CURVE('',#1839,#1836,#1002,.T.);
#2474=EDGE_CURVE('',#1834,#1830,#1003,.T.);
#2475=EDGE_CURVE('',#1831,#1827,#1004,.T.);
#2476=EDGE_CURVE('',#1828,#1825,#1005,.T.);
#2477=EDGE_CURVE('',#1807,#1804,#1006,.T.);
#2478=EDGE_CURVE('',#1802,#1798,#1007,.T.);
#2479=EDGE_CURVE('',#1799,#1796,#1008,.T.);
#2480=EDGE_CURVE('',#1816,#1818,#1009,.T.);
#2481=EDGE_CURVE('',#1813,#1809,#1010,.T.);
#2482=EDGE_CURVE('',#1810,#1806,#1011,.T.);
#2483=EDGE_CURVE('',#1951,#1951,#1602,.T.);
#2484=EDGE_CURVE('',#1951,#1952,#1012,.T.);
#2485=EDGE_CURVE('',#1953,#1953,#1603,.T.);
#2486=EDGE_CURVE('',#1953,#1951,#1013,.T.);
#2487=EDGE_CURVE('',#1954,#1954,#1604,.T.);
#2488=EDGE_CURVE('',#1954,#1955,#1014,.T.);
#2489=EDGE_CURVE('',#1956,#1956,#1605,.T.);
#2490=EDGE_CURVE('',#1956,#1954,#1015,.T.);
#2491=EDGE_CURVE('',#1957,#1957,#1606,.T.);
#2492=EDGE_CURVE('',#1957,#1958,#1016,.T.);
#2493=EDGE_CURVE('',#1959,#1959,#1607,.T.);
#2494=EDGE_CURVE('',#1959,#1957,#1017,.T.);
#2495=EDGE_CURVE('',#1960,#1960,#1608,.T.);
#2496=EDGE_CURVE('',#1960,#1961,#1018,.T.);
#2497=EDGE_CURVE('',#1962,#1962,#1609,.T.);
#2498=EDGE_CURVE('',#1962,#1960,#1019,.T.);
#2499=EDGE_CURVE('',#1963,#1963,#1610,.T.);
#2500=EDGE_CURVE('',#1963,#1964,#1020,.T.);
#2501=EDGE_CURVE('',#1965,#1965,#1611,.T.);
#2502=EDGE_CURVE('',#1965,#1963,#1021,.T.);
#2503=EDGE_CURVE('',#1966,#1966,#1612,.T.);
#2504=EDGE_CURVE('',#1966,#1967,#1022,.T.);
#2505=EDGE_CURVE('',#1968,#1968,#1613,.T.);
#2506=EDGE_CURVE('',#1968,#1966,#1023,.T.);
#2507=EDGE_CURVE('',#1873,#1969,#1024,.T.);
#2508=EDGE_CURVE('',#1710,#1969,#1025,.T.);
#2509=EDGE_CURVE('',#1970,#1875,#1026,.T.);
#2510=EDGE_CURVE('',#1969,#1970,#1027,.T.);
#2511=EDGE_CURVE('',#1883,#1888,#1028,.T.);
#2512=EDGE_CURVE('',#1889,#1885,#1029,.T.);
#2513=EDGE_CURVE('',#1667,#1872,#1030,.T.);
#2514=EDGE_CURVE('',#1878,#1971,#1031,.T.);
#2515=EDGE_CURVE('',#1726,#1971,#1032,.T.);
#2516=EDGE_CURVE('',#1971,#1881,#1033,.T.);
#2517=EDGE_CURVE('',#1740,#1970,#1034,.T.);
#2518=EDGE_CURVE('',#1871,#1972,#1035,.T.);
#2519=EDGE_CURVE('',#1972,#1865,#1036,.T.);
#2520=EDGE_CURVE('',#1765,#1865,#1037,.T.);
#2521=EDGE_CURVE('',#1866,#1972,#1038,.T.);
#2522=EDGE_CURVE('',#1891,#1973,#1039,.T.);
#2523=EDGE_CURVE('',#1973,#1657,#1040,.T.);
#2524=EDGE_CURVE('',#1973,#1890,#1041,.T.);
#2525=EDGE_CURVE('',#1767,#1973,#1042,.T.);
#2526=EDGE_CURVE('',#1792,#1974,#1043,.T.);
#2527=EDGE_CURVE('',#1975,#1974,#1044,.T.);
#2528=EDGE_CURVE('',#1793,#1975,#1045,.T.);
#2529=EDGE_CURVE('',#1976,#1975,#1046,.T.);
#2530=EDGE_CURVE('',#1794,#1976,#1047,.T.);
#2531=EDGE_CURVE('',#1977,#1976,#1048,.T.);
#2532=EDGE_CURVE('',#1795,#1977,#1049,.T.);
#2533=EDGE_CURVE('',#1974,#1977,#1050,.T.);
#2534=EDGE_CURVE('',#1950,#1637,#1051,.T.);
#2535=EDGE_CURVE('',#1843,#1697,#1052,.T.);
#2536=EDGE_CURVE('',#1846,#1849,#1053,.T.);
#2537=EDGE_CURVE('',#1860,#1853,#1054,.T.);
#2538=EDGE_CURVE('',#1949,#1642,#1055,.T.);
#2539=EDGE_CURVE('',#1862,#1693,#1614,.T.);
#2540=EDGE_CURVE('',#1691,#1882,#1615,.F.);
#2541=EDGE_CURVE('',#1877,#1978,#1616,.T.);
#2542=EDGE_CURVE('',#1717,#1978,#1056,.T.);
#2543=EDGE_CURVE('',#1978,#1876,#1057,.T.);
#2544=EDGE_CURVE('',#1766,#1658,#1058,.T.);
#2545=ORIENTED_EDGE('',*,*,#1979,.F.);
#2546=ORIENTED_EDGE('',*,*,#1980,.T.);
#2547=ORIENTED_EDGE('',*,*,#1981,.T.);
#2548=ORIENTED_EDGE('',*,*,#1982,.T.);
#2549=ORIENTED_EDGE('',*,*,#1980,.F.);
#2550=ORIENTED_EDGE('',*,*,#1983,.F.);
#2551=ORIENTED_EDGE('',*,*,#1984,.F.);
#2552=ORIENTED_EDGE('',*,*,#1985,.F.);
#2553=ORIENTED_EDGE('',*,*,#1986,.F.);
#2554=ORIENTED_EDGE('',*,*,#1987,.F.);
#2555=ORIENTED_EDGE('',*,*,#1988,.F.);
#2556=ORIENTED_EDGE('',*,*,#1989,.F.);
#2557=ORIENTED_EDGE('',*,*,#1990,.F.);
#2558=ORIENTED_EDGE('',*,*,#1991,.F.);
#2559=ORIENTED_EDGE('',*,*,#1992,.T.);
#2560=ORIENTED_EDGE('',*,*,#1993,.F.);
#2561=ORIENTED_EDGE('',*,*,#1994,.T.);
#2562=ORIENTED_EDGE('',*,*,#1995,.T.);
#2563=ORIENTED_EDGE('',*,*,#1996,.F.);
#2564=ORIENTED_EDGE('',*,*,#1997,.T.);
#2565=ORIENTED_EDGE('',*,*,#1998,.T.);
#2566=ORIENTED_EDGE('',*,*,#1999,.T.);
#2567=ORIENTED_EDGE('',*,*,#1979,.T.);
#2568=ORIENTED_EDGE('',*,*,#2000,.T.);
#2569=ORIENTED_EDGE('',*,*,#2001,.T.);
#2570=ORIENTED_EDGE('',*,*,#2002,.F.);
#2571=ORIENTED_EDGE('',*,*,#2003,.F.);
#2572=ORIENTED_EDGE('',*,*,#2004,.F.);
#2573=ORIENTED_EDGE('',*,*,#2005,.T.);
#2574=ORIENTED_EDGE('',*,*,#2006,.T.);
#2575=ORIENTED_EDGE('',*,*,#1996,.T.);
#2576=ORIENTED_EDGE('',*,*,#2007,.T.);
#2577=ORIENTED_EDGE('',*,*,#2008,.F.);
#2578=ORIENTED_EDGE('',*,*,#2009,.T.);
#2579=ORIENTED_EDGE('',*,*,#2010,.T.);
#2580=ORIENTED_EDGE('',*,*,#2011,.F.);
#2581=ORIENTED_EDGE('',*,*,#2012,.F.);
#2582=ORIENTED_EDGE('',*,*,#2013,.T.);
#2583=ORIENTED_EDGE('',*,*,#2014,.T.);
#2584=ORIENTED_EDGE('',*,*,#2015,.F.);
#2585=ORIENTED_EDGE('',*,*,#2016,.T.);
#2586=ORIENTED_EDGE('',*,*,#2017,.T.);
#2587=ORIENTED_EDGE('',*,*,#2018,.F.);
#2588=ORIENTED_EDGE('',*,*,#2019,.T.);
#2589=ORIENTED_EDGE('',*,*,#2020,.F.);
#2590=ORIENTED_EDGE('',*,*,#2021,.T.);
#2591=ORIENTED_EDGE('',*,*,#2022,.T.);
#2592=ORIENTED_EDGE('',*,*,#2023,.T.);
#2593=ORIENTED_EDGE('',*,*,#2024,.T.);
#2594=ORIENTED_EDGE('',*,*,#2025,.F.);
#2595=ORIENTED_EDGE('',*,*,#2026,.T.);
#2596=ORIENTED_EDGE('',*,*,#2027,.F.);
#2597=ORIENTED_EDGE('',*,*,#2028,.T.);
#2598=ORIENTED_EDGE('',*,*,#2029,.T.);
#2599=ORIENTED_EDGE('',*,*,#2030,.F.);
#2600=ORIENTED_EDGE('',*,*,#2031,.T.);
#2601=ORIENTED_EDGE('',*,*,#2032,.T.);
#2602=ORIENTED_EDGE('',*,*,#2033,.T.);
#2603=ORIENTED_EDGE('',*,*,#2034,.T.);
#2604=ORIENTED_EDGE('',*,*,#2035,.T.);
#2605=ORIENTED_EDGE('',*,*,#2036,.F.);
#2606=ORIENTED_EDGE('',*,*,#1984,.T.);
#2607=ORIENTED_EDGE('',*,*,#1983,.T.);
#2608=ORIENTED_EDGE('',*,*,#1999,.F.);
#2609=ORIENTED_EDGE('',*,*,#2037,.T.);
#2610=ORIENTED_EDGE('',*,*,#2038,.T.);
#2611=ORIENTED_EDGE('',*,*,#2039,.F.);
#2612=ORIENTED_EDGE('',*,*,#2040,.T.);
#2613=ORIENTED_EDGE('',*,*,#2041,.F.);
#2614=ORIENTED_EDGE('',*,*,#2042,.F.);
#2615=ORIENTED_EDGE('',*,*,#2043,.F.);
#2616=ORIENTED_EDGE('',*,*,#2044,.F.);
#2617=ORIENTED_EDGE('',*,*,#2045,.F.);
#2618=ORIENTED_EDGE('',*,*,#2046,.F.);
#2619=ORIENTED_EDGE('',*,*,#2047,.F.);
#2620=ORIENTED_EDGE('',*,*,#2007,.F.);
#2621=ORIENTED_EDGE('',*,*,#2048,.F.);
#2622=ORIENTED_EDGE('',*,*,#2039,.T.);
#2623=ORIENTED_EDGE('',*,*,#2049,.T.);
#2624=ORIENTED_EDGE('',*,*,#2050,.T.);
#2625=ORIENTED_EDGE('',*,*,#2050,.F.);
#2626=ORIENTED_EDGE('',*,*,#2051,.T.);
#2627=ORIENTED_EDGE('',*,*,#2052,.F.);
#2628=ORIENTED_EDGE('',*,*,#2053,.F.);
#2629=ORIENTED_EDGE('',*,*,#2054,.T.);
#2630=ORIENTED_EDGE('',*,*,#2055,.T.);
#2631=ORIENTED_EDGE('',*,*,#2056,.F.);
#2632=ORIENTED_EDGE('',*,*,#2041,.T.);
#2633=ORIENTED_EDGE('',*,*,#2057,.F.);
#2634=ORIENTED_EDGE('',*,*,#2058,.T.);
#2635=ORIENTED_EDGE('',*,*,#2008,.T.);
#2636=ORIENTED_EDGE('',*,*,#2047,.T.);
#2637=ORIENTED_EDGE('',*,*,#2058,.F.);
#2638=ORIENTED_EDGE('',*,*,#2059,.F.);
#2639=ORIENTED_EDGE('',*,*,#2060,.F.);
#2640=ORIENTED_EDGE('',*,*,#2061,.T.);
#2641=ORIENTED_EDGE('',*,*,#2062,.T.);
#2642=ORIENTED_EDGE('',*,*,#2009,.F.);
#2643=ORIENTED_EDGE('',*,*,#2063,.F.);
#2644=ORIENTED_EDGE('',*,*,#1985,.T.);
#2645=ORIENTED_EDGE('',*,*,#2036,.T.);
#2646=ORIENTED_EDGE('',*,*,#2064,.T.);
#2647=ORIENTED_EDGE('',*,*,#2064,.F.);
#2648=ORIENTED_EDGE('',*,*,#2035,.F.);
#2649=ORIENTED_EDGE('',*,*,#2065,.T.);
#2650=ORIENTED_EDGE('',*,*,#2066,.T.);
#2651=ORIENTED_EDGE('',*,*,#2067,.F.);
#2652=ORIENTED_EDGE('',*,*,#2068,.F.);
#2653=ORIENTED_EDGE('',*,*,#2069,.F.);
#2654=ORIENTED_EDGE('',*,*,#2070,.T.);
#2655=ORIENTED_EDGE('',*,*,#2071,.T.);
#2656=ORIENTED_EDGE('',*,*,#1993,.T.);
#2657=ORIENTED_EDGE('',*,*,#2048,.T.);
#2658=ORIENTED_EDGE('',*,*,#2053,.T.);
#2659=ORIENTED_EDGE('',*,*,#2072,.T.);
#2660=ORIENTED_EDGE('',*,*,#2073,.T.);
#2661=ORIENTED_EDGE('',*,*,#2074,.T.);
#2662=ORIENTED_EDGE('',*,*,#2075,.T.);
#2663=ORIENTED_EDGE('',*,*,#2076,.T.);
#2664=ORIENTED_EDGE('',*,*,#2077,.T.);
#2665=ORIENTED_EDGE('',*,*,#2078,.T.);
#2666=ORIENTED_EDGE('',*,*,#2079,.T.);
#2667=ORIENTED_EDGE('',*,*,#2080,.T.);
#2668=ORIENTED_EDGE('',*,*,#2069,.T.);
#2669=ORIENTED_EDGE('',*,*,#1992,.F.);
#2670=ORIENTED_EDGE('',*,*,#2081,.T.);
#2671=ORIENTED_EDGE('',*,*,#2082,.T.);
#2672=ORIENTED_EDGE('',*,*,#2083,.T.);
#2673=ORIENTED_EDGE('',*,*,#2084,.F.);
#2674=ORIENTED_EDGE('',*,*,#2085,.T.);
#2675=ORIENTED_EDGE('',*,*,#2086,.T.);
#2676=ORIENTED_EDGE('',*,*,#2087,.F.);
#2677=ORIENTED_EDGE('',*,*,#2088,.T.);
#2678=ORIENTED_EDGE('',*,*,#2089,.T.);
#2679=ORIENTED_EDGE('',*,*,#2090,.F.);
#2680=ORIENTED_EDGE('',*,*,#2091,.T.);
#2681=ORIENTED_EDGE('',*,*,#2092,.T.);
#2682=ORIENTED_EDGE('',*,*,#2093,.T.);
#2683=ORIENTED_EDGE('',*,*,#2094,.F.);
#2684=ORIENTED_EDGE('',*,*,#2095,.T.);
#2685=ORIENTED_EDGE('',*,*,#2096,.T.);
#2686=ORIENTED_EDGE('',*,*,#2097,.F.);
#2687=ORIENTED_EDGE('',*,*,#2098,.T.);
#2688=ORIENTED_EDGE('',*,*,#2099,.T.);
#2689=ORIENTED_EDGE('',*,*,#2100,.F.);
#2690=ORIENTED_EDGE('',*,*,#2101,.T.);
#2691=ORIENTED_EDGE('',*,*,#2102,.T.);
#2692=ORIENTED_EDGE('',*,*,#2054,.F.);
#2693=ORIENTED_EDGE('',*,*,#2040,.F.);
#2694=ORIENTED_EDGE('',*,*,#2081,.F.);
#2695=ORIENTED_EDGE('',*,*,#1991,.T.);
#2696=ORIENTED_EDGE('',*,*,#2103,.F.);
#2697=ORIENTED_EDGE('',*,*,#2104,.T.);
#2698=ORIENTED_EDGE('',*,*,#2056,.T.);
#2699=ORIENTED_EDGE('',*,*,#2105,.T.);
#2700=ORIENTED_EDGE('',*,*,#2106,.T.);
#2701=ORIENTED_EDGE('',*,*,#2107,.T.);
#2702=ORIENTED_EDGE('',*,*,#2108,.T.);
#2703=ORIENTED_EDGE('',*,*,#2109,.T.);
#2704=ORIENTED_EDGE('',*,*,#2110,.T.);
#2705=ORIENTED_EDGE('',*,*,#2111,.T.);
#2706=ORIENTED_EDGE('',*,*,#2112,.T.);
#2707=ORIENTED_EDGE('',*,*,#2113,.T.);
#2708=ORIENTED_EDGE('',*,*,#2114,.T.);
#2709=ORIENTED_EDGE('',*,*,#2115,.T.);
#2710=ORIENTED_EDGE('',*,*,#2116,.T.);
#2711=ORIENTED_EDGE('',*,*,#2117,.T.);
#2712=ORIENTED_EDGE('',*,*,#2118,.T.);
#2713=ORIENTED_EDGE('',*,*,#2103,.T.);
#2714=ORIENTED_EDGE('',*,*,#1990,.T.);
#2715=ORIENTED_EDGE('',*,*,#2119,.F.);
#2716=ORIENTED_EDGE('',*,*,#2120,.T.);
#2717=ORIENTED_EDGE('',*,*,#2121,.T.);
#2718=ORIENTED_EDGE('',*,*,#2122,.F.);
#2719=ORIENTED_EDGE('',*,*,#2123,.T.);
#2720=ORIENTED_EDGE('',*,*,#2124,.T.);
#2721=ORIENTED_EDGE('',*,*,#2125,.F.);
#2722=ORIENTED_EDGE('',*,*,#2126,.T.);
#2723=ORIENTED_EDGE('',*,*,#2127,.F.);
#2724=ORIENTED_EDGE('',*,*,#2128,.T.);
#2725=ORIENTED_EDGE('',*,*,#2129,.T.);
#2726=ORIENTED_EDGE('',*,*,#2130,.F.);
#2727=ORIENTED_EDGE('',*,*,#2131,.T.);
#2728=ORIENTED_EDGE('',*,*,#2132,.T.);
#2729=ORIENTED_EDGE('',*,*,#2133,.F.);
#2730=ORIENTED_EDGE('',*,*,#2134,.T.);
#2731=ORIENTED_EDGE('',*,*,#2135,.T.);
#2732=ORIENTED_EDGE('',*,*,#2136,.F.);
#2733=ORIENTED_EDGE('',*,*,#2137,.T.);
#2734=ORIENTED_EDGE('',*,*,#2138,.F.);
#2735=ORIENTED_EDGE('',*,*,#2139,.T.);
#2736=ORIENTED_EDGE('',*,*,#2140,.T.);
#2737=ORIENTED_EDGE('',*,*,#2141,.T.);
#2738=ORIENTED_EDGE('',*,*,#2142,.F.);
#2739=ORIENTED_EDGE('',*,*,#1986,.T.);
#2740=ORIENTED_EDGE('',*,*,#2063,.T.);
#2741=ORIENTED_EDGE('',*,*,#2068,.T.);
#2742=ORIENTED_EDGE('',*,*,#2143,.T.);
#2743=ORIENTED_EDGE('',*,*,#2144,.T.);
#2744=ORIENTED_EDGE('',*,*,#2145,.T.);
#2745=ORIENTED_EDGE('',*,*,#2146,.T.);
#2746=ORIENTED_EDGE('',*,*,#2147,.T.);
#2747=ORIENTED_EDGE('',*,*,#2148,.T.);
#2748=ORIENTED_EDGE('',*,*,#2059,.T.);
#2749=ORIENTED_EDGE('',*,*,#2057,.T.);
#2750=ORIENTED_EDGE('',*,*,#2046,.T.);
#2751=ORIENTED_EDGE('',*,*,#2149,.F.);
#2752=ORIENTED_EDGE('',*,*,#2150,.T.);
#2753=ORIENTED_EDGE('',*,*,#2151,.T.);
#2754=ORIENTED_EDGE('',*,*,#2152,.T.);
#2755=ORIENTED_EDGE('',*,*,#2153,.F.);
#2756=ORIENTED_EDGE('',*,*,#2154,.T.);
#2757=ORIENTED_EDGE('',*,*,#2155,.F.);
#2758=ORIENTED_EDGE('',*,*,#2156,.T.);
#2759=ORIENTED_EDGE('',*,*,#2157,.T.);
#2760=ORIENTED_EDGE('',*,*,#2158,.F.);
#2761=ORIENTED_EDGE('',*,*,#2159,.T.);
#2762=ORIENTED_EDGE('',*,*,#2160,.T.);
#2763=ORIENTED_EDGE('',*,*,#2161,.F.);
#2764=ORIENTED_EDGE('',*,*,#2162,.T.);
#2765=ORIENTED_EDGE('',*,*,#2163,.T.);
#2766=ORIENTED_EDGE('',*,*,#2164,.F.);
#2767=ORIENTED_EDGE('',*,*,#2165,.T.);
#2768=ORIENTED_EDGE('',*,*,#2166,.F.);
#2769=ORIENTED_EDGE('',*,*,#2167,.T.);
#2770=ORIENTED_EDGE('',*,*,#2168,.T.);
#2771=ORIENTED_EDGE('',*,*,#2169,.F.);
#2772=ORIENTED_EDGE('',*,*,#2170,.T.);
#2773=ORIENTED_EDGE('',*,*,#2171,.T.);
#2774=ORIENTED_EDGE('',*,*,#2172,.F.);
#2775=ORIENTED_EDGE('',*,*,#2042,.T.);
#2776=ORIENTED_EDGE('',*,*,#2173,.T.);
#2777=ORIENTED_EDGE('',*,*,#2174,.T.);
#2778=ORIENTED_EDGE('',*,*,#2175,.T.);
#2779=ORIENTED_EDGE('',*,*,#2176,.T.);
#2780=ORIENTED_EDGE('',*,*,#2119,.T.);
#2781=ORIENTED_EDGE('',*,*,#1989,.T.);
#2782=ORIENTED_EDGE('',*,*,#2177,.T.);
#2783=ORIENTED_EDGE('',*,*,#2178,.T.);
#2784=ORIENTED_EDGE('',*,*,#2122,.T.);
#2785=ORIENTED_EDGE('',*,*,#2179,.T.);
#2786=ORIENTED_EDGE('',*,*,#2180,.T.);
#2787=ORIENTED_EDGE('',*,*,#2181,.T.);
#2788=ORIENTED_EDGE('',*,*,#2179,.F.);
#2789=ORIENTED_EDGE('',*,*,#2121,.F.);
#2790=ORIENTED_EDGE('',*,*,#2182,.T.);
#2791=ORIENTED_EDGE('',*,*,#2183,.F.);
#2792=ORIENTED_EDGE('',*,*,#2125,.T.);
#2793=ORIENTED_EDGE('',*,*,#2184,.T.);
#2794=ORIENTED_EDGE('',*,*,#2185,.T.);
#2795=ORIENTED_EDGE('',*,*,#2186,.T.);
#2796=ORIENTED_EDGE('',*,*,#2184,.F.);
#2797=ORIENTED_EDGE('',*,*,#2124,.F.);
#2798=ORIENTED_EDGE('',*,*,#2187,.T.);
#2799=ORIENTED_EDGE('',*,*,#2188,.F.);
#2800=ORIENTED_EDGE('',*,*,#2127,.T.);
#2801=ORIENTED_EDGE('',*,*,#2189,.T.);
#2802=ORIENTED_EDGE('',*,*,#2190,.T.);
#2803=ORIENTED_EDGE('',*,*,#2191,.T.);
#2804=ORIENTED_EDGE('',*,*,#2186,.F.);
#2805=ORIENTED_EDGE('',*,*,#2192,.F.);
#2806=ORIENTED_EDGE('',*,*,#2189,.F.);
#2807=ORIENTED_EDGE('',*,*,#2126,.F.);
#2808=ORIENTED_EDGE('',*,*,#2130,.T.);
#2809=ORIENTED_EDGE('',*,*,#2193,.T.);
#2810=ORIENTED_EDGE('',*,*,#2194,.T.);
#2811=ORIENTED_EDGE('',*,*,#2195,.T.);
#2812=ORIENTED_EDGE('',*,*,#2193,.F.);
#2813=ORIENTED_EDGE('',*,*,#2129,.F.);
#2814=ORIENTED_EDGE('',*,*,#2196,.T.);
#2815=ORIENTED_EDGE('',*,*,#2197,.F.);
#2816=ORIENTED_EDGE('',*,*,#2133,.T.);
#2817=ORIENTED_EDGE('',*,*,#2198,.T.);
#2818=ORIENTED_EDGE('',*,*,#2199,.T.);
#2819=ORIENTED_EDGE('',*,*,#2200,.T.);
#2820=ORIENTED_EDGE('',*,*,#2198,.F.);
#2821=ORIENTED_EDGE('',*,*,#2132,.F.);
#2822=ORIENTED_EDGE('',*,*,#2201,.T.);
#2823=ORIENTED_EDGE('',*,*,#2202,.F.);
#2824=ORIENTED_EDGE('',*,*,#2136,.T.);
#2825=ORIENTED_EDGE('',*,*,#2203,.T.);
#2826=ORIENTED_EDGE('',*,*,#2204,.T.);
#2827=ORIENTED_EDGE('',*,*,#2205,.T.);
#2828=ORIENTED_EDGE('',*,*,#2203,.F.);
#2829=ORIENTED_EDGE('',*,*,#2135,.F.);
#2830=ORIENTED_EDGE('',*,*,#2206,.T.);
#2831=ORIENTED_EDGE('',*,*,#2207,.F.);
#2832=ORIENTED_EDGE('',*,*,#2142,.T.);
#2833=ORIENTED_EDGE('',*,*,#2208,.T.);
#2834=ORIENTED_EDGE('',*,*,#2209,.T.);
#2835=ORIENTED_EDGE('',*,*,#1987,.T.);
#2836=ORIENTED_EDGE('',*,*,#2208,.F.);
#2837=ORIENTED_EDGE('',*,*,#2141,.F.);
#2838=ORIENTED_EDGE('',*,*,#2210,.T.);
#2839=ORIENTED_EDGE('',*,*,#2211,.F.);
#2840=ORIENTED_EDGE('',*,*,#2140,.F.);
#2841=ORIENTED_EDGE('',*,*,#2212,.T.);
#2842=ORIENTED_EDGE('',*,*,#2213,.T.);
#2843=ORIENTED_EDGE('',*,*,#2210,.F.);
#2844=ORIENTED_EDGE('',*,*,#2138,.T.);
#2845=ORIENTED_EDGE('',*,*,#2214,.T.);
#2846=ORIENTED_EDGE('',*,*,#2215,.T.);
#2847=ORIENTED_EDGE('',*,*,#2216,.T.);
#2848=ORIENTED_EDGE('',*,*,#2205,.F.);
#2849=ORIENTED_EDGE('',*,*,#2217,.F.);
#2850=ORIENTED_EDGE('',*,*,#2214,.F.);
#2851=ORIENTED_EDGE('',*,*,#2137,.F.);
#2852=ORIENTED_EDGE('',*,*,#2149,.T.);
#2853=ORIENTED_EDGE('',*,*,#2045,.T.);
#2854=ORIENTED_EDGE('',*,*,#2218,.T.);
#2855=ORIENTED_EDGE('',*,*,#2219,.T.);
#2856=ORIENTED_EDGE('',*,*,#2220,.T.);
#2857=ORIENTED_EDGE('',*,*,#2221,.T.);
#2858=ORIENTED_EDGE('',*,*,#2151,.F.);
#2859=ORIENTED_EDGE('',*,*,#2222,.T.);
#2860=ORIENTED_EDGE('',*,*,#2153,.T.);
#2861=ORIENTED_EDGE('',*,*,#2223,.T.);
#2862=ORIENTED_EDGE('',*,*,#2224,.T.);
#2863=ORIENTED_EDGE('',*,*,#2225,.T.);
#2864=ORIENTED_EDGE('',*,*,#2221,.F.);
#2865=ORIENTED_EDGE('',*,*,#2226,.F.);
#2866=ORIENTED_EDGE('',*,*,#2223,.F.);
#2867=ORIENTED_EDGE('',*,*,#2152,.F.);
#2868=ORIENTED_EDGE('',*,*,#2155,.T.);
#2869=ORIENTED_EDGE('',*,*,#2227,.T.);
#2870=ORIENTED_EDGE('',*,*,#2228,.T.);
#2871=ORIENTED_EDGE('',*,*,#2229,.T.);
#2872=ORIENTED_EDGE('',*,*,#2225,.F.);
#2873=ORIENTED_EDGE('',*,*,#2230,.F.);
#2874=ORIENTED_EDGE('',*,*,#2227,.F.);
#2875=ORIENTED_EDGE('',*,*,#2154,.F.);
#2876=ORIENTED_EDGE('',*,*,#2158,.T.);
#2877=ORIENTED_EDGE('',*,*,#2231,.T.);
#2878=ORIENTED_EDGE('',*,*,#2232,.T.);
#2879=ORIENTED_EDGE('',*,*,#2233,.T.);
#2880=ORIENTED_EDGE('',*,*,#2231,.F.);
#2881=ORIENTED_EDGE('',*,*,#2157,.F.);
#2882=ORIENTED_EDGE('',*,*,#2234,.T.);
#2883=ORIENTED_EDGE('',*,*,#2235,.F.);
#2884=ORIENTED_EDGE('',*,*,#2161,.T.);
#2885=ORIENTED_EDGE('',*,*,#2236,.T.);
#2886=ORIENTED_EDGE('',*,*,#2237,.T.);
#2887=ORIENTED_EDGE('',*,*,#2238,.T.);
#2888=ORIENTED_EDGE('',*,*,#2236,.F.);
#2889=ORIENTED_EDGE('',*,*,#2160,.F.);
#2890=ORIENTED_EDGE('',*,*,#2239,.T.);
#2891=ORIENTED_EDGE('',*,*,#2240,.F.);
#2892=ORIENTED_EDGE('',*,*,#2164,.T.);
#2893=ORIENTED_EDGE('',*,*,#2241,.T.);
#2894=ORIENTED_EDGE('',*,*,#2242,.T.);
#2895=ORIENTED_EDGE('',*,*,#2243,.T.);
#2896=ORIENTED_EDGE('',*,*,#2241,.F.);
#2897=ORIENTED_EDGE('',*,*,#2163,.F.);
#2898=ORIENTED_EDGE('',*,*,#2244,.T.);
#2899=ORIENTED_EDGE('',*,*,#2245,.F.);
#2900=ORIENTED_EDGE('',*,*,#2166,.T.);
#2901=ORIENTED_EDGE('',*,*,#2246,.T.);
#2902=ORIENTED_EDGE('',*,*,#2247,.T.);
#2903=ORIENTED_EDGE('',*,*,#2248,.T.);
#2904=ORIENTED_EDGE('',*,*,#2243,.F.);
#2905=ORIENTED_EDGE('',*,*,#2249,.F.);
#2906=ORIENTED_EDGE('',*,*,#2246,.F.);
#2907=ORIENTED_EDGE('',*,*,#2165,.F.);
#2908=ORIENTED_EDGE('',*,*,#2169,.T.);
#2909=ORIENTED_EDGE('',*,*,#2250,.T.);
#2910=ORIENTED_EDGE('',*,*,#2251,.T.);
#2911=ORIENTED_EDGE('',*,*,#2252,.T.);
#2912=ORIENTED_EDGE('',*,*,#2250,.F.);
#2913=ORIENTED_EDGE('',*,*,#2168,.F.);
#2914=ORIENTED_EDGE('',*,*,#2253,.T.);
#2915=ORIENTED_EDGE('',*,*,#2254,.F.);
#2916=ORIENTED_EDGE('',*,*,#2172,.T.);
#2917=ORIENTED_EDGE('',*,*,#2255,.T.);
#2918=ORIENTED_EDGE('',*,*,#2256,.T.);
#2919=ORIENTED_EDGE('',*,*,#2043,.T.);
#2920=ORIENTED_EDGE('',*,*,#2255,.F.);
#2921=ORIENTED_EDGE('',*,*,#2171,.F.);
#2922=ORIENTED_EDGE('',*,*,#2257,.T.);
#2923=ORIENTED_EDGE('',*,*,#2258,.F.);
#2924=ORIENTED_EDGE('',*,*,#2079,.F.);
#2925=ORIENTED_EDGE('',*,*,#2259,.T.);
#2926=ORIENTED_EDGE('',*,*,#2260,.T.);
#2927=ORIENTED_EDGE('',*,*,#2261,.T.);
#2928=ORIENTED_EDGE('',*,*,#2259,.F.);
#2929=ORIENTED_EDGE('',*,*,#2078,.F.);
#2930=ORIENTED_EDGE('',*,*,#2262,.F.);
#2931=ORIENTED_EDGE('',*,*,#2263,.T.);
#2932=ORIENTED_EDGE('',*,*,#2074,.F.);
#2933=ORIENTED_EDGE('',*,*,#2264,.T.);
#2934=ORIENTED_EDGE('',*,*,#2265,.T.);
#2935=ORIENTED_EDGE('',*,*,#2266,.T.);
#2936=ORIENTED_EDGE('',*,*,#2264,.F.);
#2937=ORIENTED_EDGE('',*,*,#2073,.F.);
#2938=ORIENTED_EDGE('',*,*,#2267,.F.);
#2939=ORIENTED_EDGE('',*,*,#2268,.T.);
#2940=ORIENTED_EDGE('',*,*,#2077,.F.);
#2941=ORIENTED_EDGE('',*,*,#2269,.T.);
#2942=ORIENTED_EDGE('',*,*,#2270,.T.);
#2943=ORIENTED_EDGE('',*,*,#2262,.T.);
#2944=ORIENTED_EDGE('',*,*,#2269,.F.);
#2945=ORIENTED_EDGE('',*,*,#2076,.F.);
#2946=ORIENTED_EDGE('',*,*,#2271,.F.);
#2947=ORIENTED_EDGE('',*,*,#2272,.T.);
#2948=ORIENTED_EDGE('',*,*,#2072,.F.);
#2949=ORIENTED_EDGE('',*,*,#2052,.T.);
#2950=ORIENTED_EDGE('',*,*,#2273,.T.);
#2951=ORIENTED_EDGE('',*,*,#2267,.T.);
#2952=ORIENTED_EDGE('',*,*,#2274,.T.);
#2953=ORIENTED_EDGE('',*,*,#2275,.T.);
#2954=ORIENTED_EDGE('',*,*,#2276,.T.);
#2955=ORIENTED_EDGE('',*,*,#2277,.T.);
#2956=ORIENTED_EDGE('',*,*,#2275,.F.);
#2957=ORIENTED_EDGE('',*,*,#2278,.F.);
#2958=ORIENTED_EDGE('',*,*,#2279,.F.);
#2959=ORIENTED_EDGE('',*,*,#2280,.F.);
#2960=ORIENTED_EDGE('',*,*,#2281,.T.);
#2961=ORIENTED_EDGE('',*,*,#2282,.T.);
#2962=ORIENTED_EDGE('',*,*,#2283,.T.);
#2963=ORIENTED_EDGE('',*,*,#2279,.T.);
#2964=ORIENTED_EDGE('',*,*,#2282,.F.);
#2965=ORIENTED_EDGE('',*,*,#2284,.F.);
#2966=ORIENTED_EDGE('',*,*,#2285,.F.);
#2967=ORIENTED_EDGE('',*,*,#2286,.F.);
#2968=ORIENTED_EDGE('',*,*,#2287,.T.);
#2969=ORIENTED_EDGE('',*,*,#2004,.T.);
#2970=ORIENTED_EDGE('',*,*,#2288,.T.);
#2971=ORIENTED_EDGE('',*,*,#2289,.T.);
#2972=ORIENTED_EDGE('',*,*,#2290,.T.);
#2973=ORIENTED_EDGE('',*,*,#2285,.T.);
#2974=ORIENTED_EDGE('',*,*,#2291,.T.);
#2975=ORIENTED_EDGE('',*,*,#2002,.T.);
#2976=ORIENTED_EDGE('',*,*,#2292,.F.);
#2977=ORIENTED_EDGE('',*,*,#2293,.T.);
#2978=ORIENTED_EDGE('',*,*,#2033,.F.);
#2979=ORIENTED_EDGE('',*,*,#2294,.T.);
#2980=ORIENTED_EDGE('',*,*,#2143,.F.);
#2981=ORIENTED_EDGE('',*,*,#2067,.T.);
#2982=ORIENTED_EDGE('',*,*,#2295,.F.);
#2983=ORIENTED_EDGE('',*,*,#2296,.T.);
#2984=ORIENTED_EDGE('',*,*,#2025,.T.);
#2985=ORIENTED_EDGE('',*,*,#2297,.T.);
#2986=ORIENTED_EDGE('',*,*,#2297,.F.);
#2987=ORIENTED_EDGE('',*,*,#2024,.F.);
#2988=ORIENTED_EDGE('',*,*,#2298,.F.);
#2989=ORIENTED_EDGE('',*,*,#2299,.T.);
#2990=ORIENTED_EDGE('',*,*,#2300,.F.);
#2991=ORIENTED_EDGE('',*,*,#2301,.T.);
#2992=ORIENTED_EDGE('',*,*,#2027,.T.);
#2993=ORIENTED_EDGE('',*,*,#2302,.T.);
#2994=ORIENTED_EDGE('',*,*,#2296,.F.);
#2995=ORIENTED_EDGE('',*,*,#2303,.T.);
#2996=ORIENTED_EDGE('',*,*,#2302,.F.);
#2997=ORIENTED_EDGE('',*,*,#2026,.F.);
#2998=ORIENTED_EDGE('',*,*,#2304,.F.);
#2999=ORIENTED_EDGE('',*,*,#2305,.T.);
#3000=ORIENTED_EDGE('',*,*,#2030,.T.);
#3001=ORIENTED_EDGE('',*,*,#2306,.T.);
#3002=ORIENTED_EDGE('',*,*,#2304,.T.);
#3003=ORIENTED_EDGE('',*,*,#2307,.F.);
#3004=ORIENTED_EDGE('',*,*,#2308,.F.);
#3005=ORIENTED_EDGE('',*,*,#2309,.F.);
#3006=ORIENTED_EDGE('',*,*,#2310,.F.);
#3007=ORIENTED_EDGE('',*,*,#2306,.F.);
#3008=ORIENTED_EDGE('',*,*,#2029,.F.);
#3009=ORIENTED_EDGE('',*,*,#2311,.F.);
#3010=ORIENTED_EDGE('',*,*,#2307,.T.);
#3011=ORIENTED_EDGE('',*,*,#2312,.F.);
#3012=ORIENTED_EDGE('',*,*,#2313,.T.);
#3013=ORIENTED_EDGE('',*,*,#2084,.T.);
#3014=ORIENTED_EDGE('',*,*,#2314,.T.);
#3015=ORIENTED_EDGE('',*,*,#2314,.F.);
#3016=ORIENTED_EDGE('',*,*,#2083,.F.);
#3017=ORIENTED_EDGE('',*,*,#2315,.F.);
#3018=ORIENTED_EDGE('',*,*,#2316,.T.);
#3019=ORIENTED_EDGE('',*,*,#2116,.F.);
#3020=ORIENTED_EDGE('',*,*,#2317,.T.);
#3021=ORIENTED_EDGE('',*,*,#2087,.T.);
#3022=ORIENTED_EDGE('',*,*,#2318,.T.);
#3023=ORIENTED_EDGE('',*,*,#2317,.F.);
#3024=ORIENTED_EDGE('',*,*,#2115,.F.);
#3025=ORIENTED_EDGE('',*,*,#2319,.T.);
#3026=ORIENTED_EDGE('',*,*,#2088,.F.);
#3027=ORIENTED_EDGE('',*,*,#2113,.F.);
#3028=ORIENTED_EDGE('',*,*,#2320,.T.);
#3029=ORIENTED_EDGE('',*,*,#2090,.T.);
#3030=ORIENTED_EDGE('',*,*,#2321,.T.);
#3031=ORIENTED_EDGE('',*,*,#2320,.F.);
#3032=ORIENTED_EDGE('',*,*,#2112,.F.);
#3033=ORIENTED_EDGE('',*,*,#2322,.T.);
#3034=ORIENTED_EDGE('',*,*,#2323,.T.);
#3035=ORIENTED_EDGE('',*,*,#2324,.T.);
#3036=ORIENTED_EDGE('',*,*,#2091,.F.);
#3037=ORIENTED_EDGE('',*,*,#2110,.F.);
#3038=ORIENTED_EDGE('',*,*,#2325,.T.);
#3039=ORIENTED_EDGE('',*,*,#2094,.T.);
#3040=ORIENTED_EDGE('',*,*,#2326,.T.);
#3041=ORIENTED_EDGE('',*,*,#2325,.F.);
#3042=ORIENTED_EDGE('',*,*,#2109,.F.);
#3043=ORIENTED_EDGE('',*,*,#2327,.T.);
#3044=ORIENTED_EDGE('',*,*,#2095,.F.);
#3045=ORIENTED_EDGE('',*,*,#2328,.F.);
#3046=ORIENTED_EDGE('',*,*,#2329,.T.);
#3047=ORIENTED_EDGE('',*,*,#2100,.T.);
#3048=ORIENTED_EDGE('',*,*,#2330,.T.);
#3049=ORIENTED_EDGE('',*,*,#2330,.F.);
#3050=ORIENTED_EDGE('',*,*,#2099,.F.);
#3051=ORIENTED_EDGE('',*,*,#2331,.F.);
#3052=ORIENTED_EDGE('',*,*,#2332,.T.);
#3053=ORIENTED_EDGE('',*,*,#2107,.F.);
#3054=ORIENTED_EDGE('',*,*,#2333,.T.);
#3055=ORIENTED_EDGE('',*,*,#2097,.T.);
#3056=ORIENTED_EDGE('',*,*,#2334,.T.);
#3057=ORIENTED_EDGE('',*,*,#2333,.F.);
#3058=ORIENTED_EDGE('',*,*,#2106,.F.);
#3059=ORIENTED_EDGE('',*,*,#2335,.T.);
#3060=ORIENTED_EDGE('',*,*,#2336,.T.);
#3061=ORIENTED_EDGE('',*,*,#2331,.T.);
#3062=ORIENTED_EDGE('',*,*,#2098,.F.);
#3063=ORIENTED_EDGE('',*,*,#2337,.T.);
#3064=ORIENTED_EDGE('',*,*,#2060,.T.);
#3065=ORIENTED_EDGE('',*,*,#2148,.F.);
#3066=ORIENTED_EDGE('',*,*,#2338,.T.);
#3067=ORIENTED_EDGE('',*,*,#2012,.T.);
#3068=ORIENTED_EDGE('',*,*,#2339,.F.);
#3069=ORIENTED_EDGE('',*,*,#2340,.F.);
#3070=ORIENTED_EDGE('',*,*,#2341,.T.);
#3071=ORIENTED_EDGE('',*,*,#2015,.T.);
#3072=ORIENTED_EDGE('',*,*,#2342,.T.);
#3073=ORIENTED_EDGE('',*,*,#2342,.F.);
#3074=ORIENTED_EDGE('',*,*,#2014,.F.);
#3075=ORIENTED_EDGE('',*,*,#2343,.F.);
#3076=ORIENTED_EDGE('',*,*,#2344,.T.);
#3077=ORIENTED_EDGE('',*,*,#2345,.F.);
#3078=ORIENTED_EDGE('',*,*,#2346,.T.);
#3079=ORIENTED_EDGE('',*,*,#2018,.T.);
#3080=ORIENTED_EDGE('',*,*,#2347,.T.);
#3081=ORIENTED_EDGE('',*,*,#2347,.F.);
#3082=ORIENTED_EDGE('',*,*,#2017,.F.);
#3083=ORIENTED_EDGE('',*,*,#2348,.T.);
#3084=ORIENTED_EDGE('',*,*,#2349,.T.);
#3085=ORIENTED_EDGE('',*,*,#2350,.F.);
#3086=ORIENTED_EDGE('',*,*,#2351,.T.);
#3087=ORIENTED_EDGE('',*,*,#2352,.F.);
#3088=ORIENTED_EDGE('',*,*,#2353,.T.);
#3089=ORIENTED_EDGE('',*,*,#2020,.T.);
#3090=ORIENTED_EDGE('',*,*,#2354,.T.);
#3091=ORIENTED_EDGE('',*,*,#2346,.F.);
#3092=ORIENTED_EDGE('',*,*,#2355,.T.);
#3093=ORIENTED_EDGE('',*,*,#2354,.F.);
#3094=ORIENTED_EDGE('',*,*,#2019,.F.);
#3095=ORIENTED_EDGE('',*,*,#2356,.F.);
#3096=ORIENTED_EDGE('',*,*,#2357,.F.);
#3097=ORIENTED_EDGE('',*,*,#2358,.F.);
#3098=ORIENTED_EDGE('',*,*,#2359,.F.);
#3099=ORIENTED_EDGE('',*,*,#2360,.F.);
#3100=ORIENTED_EDGE('',*,*,#2361,.F.);
#3101=ORIENTED_EDGE('',*,*,#2362,.F.);
#3102=ORIENTED_EDGE('',*,*,#2363,.F.);
#3103=ORIENTED_EDGE('',*,*,#2364,.F.);
#3104=ORIENTED_EDGE('',*,*,#2363,.T.);
#3105=ORIENTED_EDGE('',*,*,#2365,.T.);
#3106=ORIENTED_EDGE('',*,*,#2358,.T.);
#3107=ORIENTED_EDGE('',*,*,#2366,.T.);
#3108=ORIENTED_EDGE('',*,*,#2367,.F.);
#3109=ORIENTED_EDGE('',*,*,#2368,.F.);
#3110=ORIENTED_EDGE('',*,*,#2369,.F.);
#3111=ORIENTED_EDGE('',*,*,#2368,.T.);
#3112=ORIENTED_EDGE('',*,*,#2370,.T.);
#3113=ORIENTED_EDGE('',*,*,#2356,.T.);
#3114=ORIENTED_EDGE('',*,*,#2371,.T.);
#3115=ORIENTED_EDGE('',*,*,#2372,.T.);
#3116=ORIENTED_EDGE('',*,*,#2373,.T.);
#3117=ORIENTED_EDGE('',*,*,#2360,.T.);
#3118=ORIENTED_EDGE('',*,*,#2374,.T.);
#3119=ORIENTED_EDGE('',*,*,#2375,.F.);
#3120=ORIENTED_EDGE('',*,*,#2376,.F.);
#3121=ORIENTED_EDGE('',*,*,#2377,.F.);
#3122=ORIENTED_EDGE('',*,*,#2376,.T.);
#3123=ORIENTED_EDGE('',*,*,#2378,.T.);
#3124=ORIENTED_EDGE('',*,*,#2359,.T.);
#3125=ORIENTED_EDGE('',*,*,#2379,.T.);
#3126=ORIENTED_EDGE('',*,*,#2367,.T.);
#3127=ORIENTED_EDGE('',*,*,#2380,.T.);
#3128=ORIENTED_EDGE('',*,*,#2377,.T.);
#3129=ORIENTED_EDGE('',*,*,#2381,.T.);
#3130=ORIENTED_EDGE('',*,*,#2382,.F.);
#3131=ORIENTED_EDGE('',*,*,#2383,.F.);
#3132=ORIENTED_EDGE('',*,*,#2384,.F.);
#3133=ORIENTED_EDGE('',*,*,#2385,.F.);
#3134=ORIENTED_EDGE('',*,*,#2386,.F.);
#3135=ORIENTED_EDGE('',*,*,#2387,.F.);
#3136=ORIENTED_EDGE('',*,*,#2386,.T.);
#3137=ORIENTED_EDGE('',*,*,#2388,.T.);
#3138=ORIENTED_EDGE('',*,*,#2362,.T.);
#3139=ORIENTED_EDGE('',*,*,#2389,.T.);
#3140=ORIENTED_EDGE('',*,*,#2390,.F.);
#3141=ORIENTED_EDGE('',*,*,#2391,.F.);
#3142=ORIENTED_EDGE('',*,*,#2392,.F.);
#3143=ORIENTED_EDGE('',*,*,#2393,.F.);
#3144=ORIENTED_EDGE('',*,*,#2394,.F.);
#3145=ORIENTED_EDGE('',*,*,#2395,.F.);
#3146=ORIENTED_EDGE('',*,*,#2394,.T.);
#3147=ORIENTED_EDGE('',*,*,#2396,.T.);
#3148=ORIENTED_EDGE('',*,*,#2383,.T.);
#3149=ORIENTED_EDGE('',*,*,#2397,.T.);
#3150=ORIENTED_EDGE('',*,*,#2398,.T.);
#3151=ORIENTED_EDGE('',*,*,#2395,.T.);
#3152=ORIENTED_EDGE('',*,*,#2399,.T.);
#3153=ORIENTED_EDGE('',*,*,#2400,.T.);
#3154=ORIENTED_EDGE('',*,*,#2401,.F.);
#3155=ORIENTED_EDGE('',*,*,#2402,.F.);
#3156=ORIENTED_EDGE('',*,*,#2403,.F.);
#3157=ORIENTED_EDGE('',*,*,#2402,.T.);
#3158=ORIENTED_EDGE('',*,*,#2404,.T.);
#3159=ORIENTED_EDGE('',*,*,#2384,.T.);
#3160=ORIENTED_EDGE('',*,*,#2405,.T.);
#3161=ORIENTED_EDGE('',*,*,#2406,.F.);
#3162=ORIENTED_EDGE('',*,*,#2407,.F.);
#3163=ORIENTED_EDGE('',*,*,#2408,.F.);
#3164=ORIENTED_EDGE('',*,*,#2409,.F.);
#3165=ORIENTED_EDGE('',*,*,#2410,.F.);
#3166=ORIENTED_EDGE('',*,*,#2411,.F.);
#3167=ORIENTED_EDGE('',*,*,#2410,.T.);
#3168=ORIENTED_EDGE('',*,*,#2412,.T.);
#3169=ORIENTED_EDGE('',*,*,#2390,.T.);
#3170=ORIENTED_EDGE('',*,*,#2413,.T.);
#3171=ORIENTED_EDGE('',*,*,#2414,.T.);
#3172=ORIENTED_EDGE('',*,*,#2415,.T.);
#3173=ORIENTED_EDGE('',*,*,#2411,.T.);
#3174=ORIENTED_EDGE('',*,*,#2416,.T.);
#3175=ORIENTED_EDGE('',*,*,#2417,.F.);
#3176=ORIENTED_EDGE('',*,*,#2418,.F.);
#3177=ORIENTED_EDGE('',*,*,#2419,.F.);
#3178=ORIENTED_EDGE('',*,*,#2420,.T.);
#3179=ORIENTED_EDGE('',*,*,#2418,.T.);
#3180=ORIENTED_EDGE('',*,*,#2421,.T.);
#3181=ORIENTED_EDGE('',*,*,#2400,.F.);
#3182=ORIENTED_EDGE('',*,*,#2407,.T.);
#3183=ORIENTED_EDGE('',*,*,#2422,.T.);
#3184=ORIENTED_EDGE('',*,*,#2419,.T.);
#3185=ORIENTED_EDGE('',*,*,#2423,.T.);
#3186=ORIENTED_EDGE('',*,*,#2424,.F.);
#3187=ORIENTED_EDGE('',*,*,#2425,.F.);
#3188=ORIENTED_EDGE('',*,*,#2426,.F.);
#3189=ORIENTED_EDGE('',*,*,#2393,.T.);
#3190=ORIENTED_EDGE('',*,*,#2427,.T.);
#3191=ORIENTED_EDGE('',*,*,#2425,.T.);
#3192=ORIENTED_EDGE('',*,*,#2428,.T.);
#3193=ORIENTED_EDGE('',*,*,#2429,.F.);
#3194=ORIENTED_EDGE('',*,*,#2430,.F.);
#3195=ORIENTED_EDGE('',*,*,#2431,.F.);
#3196=ORIENTED_EDGE('',*,*,#2430,.T.);
#3197=ORIENTED_EDGE('',*,*,#2432,.T.);
#3198=ORIENTED_EDGE('',*,*,#2406,.T.);
#3199=ORIENTED_EDGE('',*,*,#2433,.T.);
#3200=ORIENTED_EDGE('',*,*,#2409,.T.);
#3201=ORIENTED_EDGE('',*,*,#2434,.T.);
#3202=ORIENTED_EDGE('',*,*,#2431,.T.);
#3203=ORIENTED_EDGE('',*,*,#2435,.T.);
#3204=ORIENTED_EDGE('',*,*,#2436,.F.);
#3205=ORIENTED_EDGE('',*,*,#2437,.F.);
#3206=ORIENTED_EDGE('',*,*,#2438,.F.);
#3207=ORIENTED_EDGE('',*,*,#2437,.T.);
#3208=ORIENTED_EDGE('',*,*,#2439,.T.);
#3209=ORIENTED_EDGE('',*,*,#2417,.T.);
#3210=ORIENTED_EDGE('',*,*,#2440,.T.);
#3211=ORIENTED_EDGE('',*,*,#2429,.T.);
#3212=ORIENTED_EDGE('',*,*,#2441,.T.);
#3213=ORIENTED_EDGE('',*,*,#2438,.T.);
#3214=ORIENTED_EDGE('',*,*,#2442,.T.);
#3215=ORIENTED_EDGE('',*,*,#2436,.T.);
#3216=ORIENTED_EDGE('',*,*,#2443,.T.);
#3217=ORIENTED_EDGE('',*,*,#2426,.T.);
#3218=ORIENTED_EDGE('',*,*,#2444,.T.);
#3219=ORIENTED_EDGE('',*,*,#2424,.T.);
#3220=ORIENTED_EDGE('',*,*,#2445,.T.);
#3221=ORIENTED_EDGE('',*,*,#2403,.T.);
#3222=ORIENTED_EDGE('',*,*,#2446,.T.);
#3223=ORIENTED_EDGE('',*,*,#2391,.T.);
#3224=ORIENTED_EDGE('',*,*,#2447,.T.);
#3225=ORIENTED_EDGE('',*,*,#2408,.T.);
#3226=ORIENTED_EDGE('',*,*,#2448,.T.);
#3227=ORIENTED_EDGE('',*,*,#2401,.T.);
#3228=ORIENTED_EDGE('',*,*,#2449,.T.);
#3229=ORIENTED_EDGE('',*,*,#2387,.T.);
#3230=ORIENTED_EDGE('',*,*,#2450,.T.);
#3231=ORIENTED_EDGE('',*,*,#2414,.F.);
#3232=ORIENTED_EDGE('',*,*,#2451,.T.);
#3233=ORIENTED_EDGE('',*,*,#2375,.T.);
#3234=ORIENTED_EDGE('',*,*,#2452,.T.);
#3235=ORIENTED_EDGE('',*,*,#2372,.F.);
#3236=ORIENTED_EDGE('',*,*,#2453,.T.);
#3237=ORIENTED_EDGE('',*,*,#2392,.T.);
#3238=ORIENTED_EDGE('',*,*,#2454,.T.);
#3239=ORIENTED_EDGE('',*,*,#2385,.T.);
#3240=ORIENTED_EDGE('',*,*,#2455,.T.);
#3241=ORIENTED_EDGE('',*,*,#2369,.T.);
#3242=ORIENTED_EDGE('',*,*,#2456,.T.);
#3243=ORIENTED_EDGE('',*,*,#2457,.T.);
#3244=ORIENTED_EDGE('',*,*,#2382,.T.);
#3245=ORIENTED_EDGE('',*,*,#2458,.T.);
#3246=ORIENTED_EDGE('',*,*,#2459,.T.);
#3247=ORIENTED_EDGE('',*,*,#2460,.T.);
#3248=ORIENTED_EDGE('',*,*,#2364,.T.);
#3249=ORIENTED_EDGE('',*,*,#2461,.T.);
#3250=ORIENTED_EDGE('',*,*,#2459,.F.);
#3251=ORIENTED_EDGE('',*,*,#2357,.T.);
#3252=ORIENTED_EDGE('',*,*,#2462,.T.);
#3253=ORIENTED_EDGE('',*,*,#2361,.T.);
#3254=ORIENTED_EDGE('',*,*,#2463,.T.);
#3255=ORIENTED_EDGE('',*,*,#2399,.F.);
#3256=ORIENTED_EDGE('',*,*,#2397,.F.);
#3257=ORIENTED_EDGE('',*,*,#2457,.F.);
#3258=ORIENTED_EDGE('',*,*,#2464,.F.);
#3259=ORIENTED_EDGE('',*,*,#2037,.F.);
#3260=ORIENTED_EDGE('',*,*,#1998,.F.);
#3261=ORIENTED_EDGE('',*,*,#2465,.F.);
#3262=ORIENTED_EDGE('',*,*,#2466,.F.);
#3263=ORIENTED_EDGE('',*,*,#2467,.F.);
#3264=ORIENTED_EDGE('',*,*,#1981,.F.);
#3265=ORIENTED_EDGE('',*,*,#1995,.F.);
#3266=ORIENTED_EDGE('',*,*,#2468,.F.);
#3267=ORIENTED_EDGE('',*,*,#2416,.F.);
#3268=ORIENTED_EDGE('',*,*,#2413,.F.);
#3269=ORIENTED_EDGE('',*,*,#2453,.F.);
#3270=ORIENTED_EDGE('',*,*,#2469,.T.);
#3271=ORIENTED_EDGE('',*,*,#2365,.F.);
#3272=ORIENTED_EDGE('',*,*,#2388,.F.);
#3273=ORIENTED_EDGE('',*,*,#2456,.F.);
#3274=ORIENTED_EDGE('',*,*,#2371,.F.);
#3275=ORIENTED_EDGE('',*,*,#2379,.F.);
#3276=ORIENTED_EDGE('',*,*,#2462,.F.);
#3277=ORIENTED_EDGE('',*,*,#2370,.F.);
#3278=ORIENTED_EDGE('',*,*,#2381,.F.);
#3279=ORIENTED_EDGE('',*,*,#2396,.F.);
#3280=ORIENTED_EDGE('',*,*,#2428,.F.);
#3281=ORIENTED_EDGE('',*,*,#2446,.F.);
#3282=ORIENTED_EDGE('',*,*,#2405,.F.);
#3283=ORIENTED_EDGE('',*,*,#2003,.T.);
#3284=ORIENTED_EDGE('',*,*,#2291,.F.);
#3285=ORIENTED_EDGE('',*,*,#2284,.T.);
#3286=ORIENTED_EDGE('',*,*,#2281,.F.);
#3287=ORIENTED_EDGE('',*,*,#2278,.T.);
#3288=ORIENTED_EDGE('',*,*,#2274,.F.);
#3289=ORIENTED_EDGE('',*,*,#2470,.T.);
#3290=ORIENTED_EDGE('',*,*,#2288,.F.);
#3291=ORIENTED_EDGE('',*,*,#2398,.F.);
#3292=ORIENTED_EDGE('',*,*,#2421,.F.);
#3293=ORIENTED_EDGE('',*,*,#2439,.F.);
#3294=ORIENTED_EDGE('',*,*,#2444,.F.);
#3295=ORIENTED_EDGE('',*,*,#2427,.F.);
#3296=ORIENTED_EDGE('',*,*,#2404,.F.);
#3297=ORIENTED_EDGE('',*,*,#2450,.F.);
#3298=ORIENTED_EDGE('',*,*,#2389,.F.);
#3299=ORIENTED_EDGE('',*,*,#2460,.F.);
#3300=ORIENTED_EDGE('',*,*,#2458,.F.);
#3301=ORIENTED_EDGE('',*,*,#2415,.F.);
#3302=ORIENTED_EDGE('',*,*,#2452,.F.);
#3303=ORIENTED_EDGE('',*,*,#2380,.F.);
#3304=ORIENTED_EDGE('',*,*,#2455,.F.);
#3305=ORIENTED_EDGE('',*,*,#2449,.F.);
#3306=ORIENTED_EDGE('',*,*,#2445,.F.);
#3307=ORIENTED_EDGE('',*,*,#2443,.F.);
#3308=ORIENTED_EDGE('',*,*,#2441,.F.);
#3309=ORIENTED_EDGE('',*,*,#2434,.F.);
#3310=ORIENTED_EDGE('',*,*,#2471,.T.);
#3311=ORIENTED_EDGE('',*,*,#2218,.F.);
#3312=ORIENTED_EDGE('',*,*,#2044,.T.);
#3313=ORIENTED_EDGE('',*,*,#2256,.F.);
#3314=ORIENTED_EDGE('',*,*,#2258,.T.);
#3315=ORIENTED_EDGE('',*,*,#2472,.T.);
#3316=ORIENTED_EDGE('',*,*,#2251,.F.);
#3317=ORIENTED_EDGE('',*,*,#2254,.T.);
#3318=ORIENTED_EDGE('',*,*,#2473,.T.);
#3319=ORIENTED_EDGE('',*,*,#2247,.F.);
#3320=ORIENTED_EDGE('',*,*,#2249,.T.);
#3321=ORIENTED_EDGE('',*,*,#2242,.F.);
#3322=ORIENTED_EDGE('',*,*,#2245,.T.);
#3323=ORIENTED_EDGE('',*,*,#2474,.T.);
#3324=ORIENTED_EDGE('',*,*,#2237,.F.);
#3325=ORIENTED_EDGE('',*,*,#2240,.T.);
#3326=ORIENTED_EDGE('',*,*,#2475,.T.);
#3327=ORIENTED_EDGE('',*,*,#2232,.F.);
#3328=ORIENTED_EDGE('',*,*,#2235,.T.);
#3329=ORIENTED_EDGE('',*,*,#2476,.T.);
#3330=ORIENTED_EDGE('',*,*,#2228,.F.);
#3331=ORIENTED_EDGE('',*,*,#2230,.T.);
#3332=ORIENTED_EDGE('',*,*,#2224,.F.);
#3333=ORIENTED_EDGE('',*,*,#2226,.T.);
#3334=ORIENTED_EDGE('',*,*,#2220,.F.);
#3335=ORIENTED_EDGE('',*,*,#2197,.T.);
#3336=ORIENTED_EDGE('',*,*,#2477,.T.);
#3337=ORIENTED_EDGE('',*,*,#2190,.F.);
#3338=ORIENTED_EDGE('',*,*,#2192,.T.);
#3339=ORIENTED_EDGE('',*,*,#2185,.F.);
#3340=ORIENTED_EDGE('',*,*,#2188,.T.);
#3341=ORIENTED_EDGE('',*,*,#2478,.T.);
#3342=ORIENTED_EDGE('',*,*,#2180,.F.);
#3343=ORIENTED_EDGE('',*,*,#2183,.T.);
#3344=ORIENTED_EDGE('',*,*,#2479,.T.);
#3345=ORIENTED_EDGE('',*,*,#2177,.F.);
#3346=ORIENTED_EDGE('',*,*,#1988,.T.);
#3347=ORIENTED_EDGE('',*,*,#2209,.F.);
#3348=ORIENTED_EDGE('',*,*,#2211,.T.);
#3349=ORIENTED_EDGE('',*,*,#2213,.F.);
#3350=ORIENTED_EDGE('',*,*,#2480,.T.);
#3351=ORIENTED_EDGE('',*,*,#2215,.F.);
#3352=ORIENTED_EDGE('',*,*,#2217,.T.);
#3353=ORIENTED_EDGE('',*,*,#2204,.F.);
#3354=ORIENTED_EDGE('',*,*,#2207,.T.);
#3355=ORIENTED_EDGE('',*,*,#2481,.T.);
#3356=ORIENTED_EDGE('',*,*,#2199,.F.);
#3357=ORIENTED_EDGE('',*,*,#2202,.T.);
#3358=ORIENTED_EDGE('',*,*,#2482,.T.);
#3359=ORIENTED_EDGE('',*,*,#2194,.F.);
#3360=ORIENTED_EDGE('',*,*,#2422,.F.);
#3361=ORIENTED_EDGE('',*,*,#2432,.F.);
#3362=ORIENTED_EDGE('',*,*,#2442,.F.);
#3363=ORIENTED_EDGE('',*,*,#2440,.F.);
#3364=ORIENTED_EDGE('',*,*,#2433,.F.);
#3365=ORIENTED_EDGE('',*,*,#2447,.F.);
#3366=ORIENTED_EDGE('',*,*,#2412,.F.);
#3367=ORIENTED_EDGE('',*,*,#2435,.F.);
#3368=ORIENTED_EDGE('',*,*,#2483,.F.);
#3369=ORIENTED_EDGE('',*,*,#2484,.T.);
#3370=ORIENTED_EDGE('',*,*,#2484,.F.);
#3371=ORIENTED_EDGE('',*,*,#2485,.F.);
#3372=ORIENTED_EDGE('',*,*,#2486,.T.);
#3373=ORIENTED_EDGE('',*,*,#2483,.T.);
#3374=ORIENTED_EDGE('',*,*,#2486,.F.);
#3375=ORIENTED_EDGE('',*,*,#2487,.F.);
#3376=ORIENTED_EDGE('',*,*,#2488,.T.);
#3377=ORIENTED_EDGE('',*,*,#2488,.F.);
#3378=ORIENTED_EDGE('',*,*,#2489,.F.);
#3379=ORIENTED_EDGE('',*,*,#2490,.T.);
#3380=ORIENTED_EDGE('',*,*,#2487,.T.);
#3381=ORIENTED_EDGE('',*,*,#2490,.F.);
#3382=ORIENTED_EDGE('',*,*,#2491,.F.);
#3383=ORIENTED_EDGE('',*,*,#2492,.T.);
#3384=ORIENTED_EDGE('',*,*,#2492,.F.);
#3385=ORIENTED_EDGE('',*,*,#2493,.F.);
#3386=ORIENTED_EDGE('',*,*,#2494,.T.);
#3387=ORIENTED_EDGE('',*,*,#2491,.T.);
#3388=ORIENTED_EDGE('',*,*,#2494,.F.);
#3389=ORIENTED_EDGE('',*,*,#2495,.F.);
#3390=ORIENTED_EDGE('',*,*,#2496,.T.);
#3391=ORIENTED_EDGE('',*,*,#2496,.F.);
#3392=ORIENTED_EDGE('',*,*,#2497,.F.);
#3393=ORIENTED_EDGE('',*,*,#2498,.T.);
#3394=ORIENTED_EDGE('',*,*,#2495,.T.);
#3395=ORIENTED_EDGE('',*,*,#2498,.F.);
#3396=ORIENTED_EDGE('',*,*,#2499,.F.);
#3397=ORIENTED_EDGE('',*,*,#2500,.T.);
#3398=ORIENTED_EDGE('',*,*,#2500,.F.);
#3399=ORIENTED_EDGE('',*,*,#2501,.F.);
#3400=ORIENTED_EDGE('',*,*,#2502,.T.);
#3401=ORIENTED_EDGE('',*,*,#2499,.T.);
#3402=ORIENTED_EDGE('',*,*,#2502,.F.);
#3403=ORIENTED_EDGE('',*,*,#2503,.F.);
#3404=ORIENTED_EDGE('',*,*,#2504,.T.);
#3405=ORIENTED_EDGE('',*,*,#2504,.F.);
#3406=ORIENTED_EDGE('',*,*,#2505,.F.);
#3407=ORIENTED_EDGE('',*,*,#2506,.T.);
#3408=ORIENTED_EDGE('',*,*,#2503,.T.);
#3409=ORIENTED_EDGE('',*,*,#2506,.F.);
#3410=ORIENTED_EDGE('',*,*,#2313,.F.);
#3411=ORIENTED_EDGE('',*,*,#2507,.T.);
#3412=ORIENTED_EDGE('',*,*,#2508,.F.);
#3413=ORIENTED_EDGE('',*,*,#2085,.F.);
#3414=ORIENTED_EDGE('',*,*,#2312,.T.);
#3415=ORIENTED_EDGE('',*,*,#2316,.F.);
#3416=ORIENTED_EDGE('',*,*,#2509,.F.);
#3417=ORIENTED_EDGE('',*,*,#2510,.F.);
#3418=ORIENTED_EDGE('',*,*,#2507,.F.);
#3419=ORIENTED_EDGE('',*,*,#2341,.F.);
#3420=ORIENTED_EDGE('',*,*,#2511,.T.);
#3421=ORIENTED_EDGE('',*,*,#2348,.F.);
#3422=ORIENTED_EDGE('',*,*,#2016,.F.);
#3423=ORIENTED_EDGE('',*,*,#2340,.T.);
#3424=ORIENTED_EDGE('',*,*,#2344,.F.);
#3425=ORIENTED_EDGE('',*,*,#2512,.F.);
#3426=ORIENTED_EDGE('',*,*,#2349,.F.);
#3427=ORIENTED_EDGE('',*,*,#2511,.F.);
#3428=ORIENTED_EDGE('',*,*,#2305,.F.);
#3429=ORIENTED_EDGE('',*,*,#2310,.T.);
#3430=ORIENTED_EDGE('',*,*,#2513,.F.);
#3431=ORIENTED_EDGE('',*,*,#2031,.F.);
#3432=ORIENTED_EDGE('',*,*,#2329,.F.);
#3433=ORIENTED_EDGE('',*,*,#2514,.T.);
#3434=ORIENTED_EDGE('',*,*,#2515,.F.);
#3435=ORIENTED_EDGE('',*,*,#2101,.F.);
#3436=ORIENTED_EDGE('',*,*,#2328,.T.);
#3437=ORIENTED_EDGE('',*,*,#2332,.F.);
#3438=ORIENTED_EDGE('',*,*,#2336,.F.);
#3439=ORIENTED_EDGE('',*,*,#2516,.F.);
#3440=ORIENTED_EDGE('',*,*,#2514,.F.);
#3441=ORIENTED_EDGE('',*,*,#2318,.F.);
#3442=ORIENTED_EDGE('',*,*,#2086,.F.);
#3443=ORIENTED_EDGE('',*,*,#2508,.T.);
#3444=ORIENTED_EDGE('',*,*,#2510,.T.);
#3445=ORIENTED_EDGE('',*,*,#2517,.F.);
#3446=ORIENTED_EDGE('',*,*,#2117,.F.);
#3447=ORIENTED_EDGE('',*,*,#2294,.F.);
#3448=ORIENTED_EDGE('',*,*,#2032,.F.);
#3449=ORIENTED_EDGE('',*,*,#2513,.T.);
#3450=ORIENTED_EDGE('',*,*,#2309,.T.);
#3451=ORIENTED_EDGE('',*,*,#2518,.T.);
#3452=ORIENTED_EDGE('',*,*,#2519,.T.);
#3453=ORIENTED_EDGE('',*,*,#2520,.F.);
#3454=ORIENTED_EDGE('',*,*,#2144,.F.);
#3455=ORIENTED_EDGE('',*,*,#2301,.F.);
#3456=ORIENTED_EDGE('',*,*,#2521,.T.);
#3457=ORIENTED_EDGE('',*,*,#2518,.F.);
#3458=ORIENTED_EDGE('',*,*,#2308,.T.);
#3459=ORIENTED_EDGE('',*,*,#2311,.T.);
#3460=ORIENTED_EDGE('',*,*,#2028,.F.);
#3461=ORIENTED_EDGE('',*,*,#2055,.F.);
#3462=ORIENTED_EDGE('',*,*,#2102,.F.);
#3463=ORIENTED_EDGE('',*,*,#2515,.T.);
#3464=ORIENTED_EDGE('',*,*,#2516,.T.);
#3465=ORIENTED_EDGE('',*,*,#2335,.F.);
#3466=ORIENTED_EDGE('',*,*,#2105,.F.);
#3467=ORIENTED_EDGE('',*,*,#2295,.T.);
#3468=ORIENTED_EDGE('',*,*,#2299,.F.);
#3469=ORIENTED_EDGE('',*,*,#2519,.F.);
#3470=ORIENTED_EDGE('',*,*,#2521,.F.);
#3471=ORIENTED_EDGE('',*,*,#2300,.T.);
#3472=ORIENTED_EDGE('',*,*,#2303,.F.);
#3473=ORIENTED_EDGE('',*,*,#2493,.T.);
#3474=ORIENTED_EDGE('',*,*,#2497,.T.);
#3475=ORIENTED_EDGE('',*,*,#2353,.F.);
#3476=ORIENTED_EDGE('',*,*,#2522,.T.);
#3477=ORIENTED_EDGE('',*,*,#2523,.T.);
#3478=ORIENTED_EDGE('',*,*,#2021,.F.);
#3479=ORIENTED_EDGE('',*,*,#2345,.T.);
#3480=ORIENTED_EDGE('',*,*,#2351,.F.);
#3481=ORIENTED_EDGE('',*,*,#2524,.F.);
#3482=ORIENTED_EDGE('',*,*,#2522,.F.);
#3483=ORIENTED_EDGE('',*,*,#2352,.T.);
#3484=ORIENTED_EDGE('',*,*,#2355,.F.);
#3485=ORIENTED_EDGE('',*,*,#2489,.T.);
#3486=ORIENTED_EDGE('',*,*,#2501,.T.);
#3487=ORIENTED_EDGE('',*,*,#2338,.F.);
#3488=ORIENTED_EDGE('',*,*,#2147,.F.);
#3489=ORIENTED_EDGE('',*,*,#2525,.T.);
#3490=ORIENTED_EDGE('',*,*,#2524,.T.);
#3491=ORIENTED_EDGE('',*,*,#2350,.T.);
#3492=ORIENTED_EDGE('',*,*,#2512,.T.);
#3493=ORIENTED_EDGE('',*,*,#2343,.T.);
#3494=ORIENTED_EDGE('',*,*,#2013,.F.);
#3495=ORIENTED_EDGE('',*,*,#2173,.F.);
#3496=ORIENTED_EDGE('',*,*,#2526,.T.);
#3497=ORIENTED_EDGE('',*,*,#2527,.F.);
#3498=ORIENTED_EDGE('',*,*,#2528,.F.);
#3499=ORIENTED_EDGE('',*,*,#2174,.F.);
#3500=ORIENTED_EDGE('',*,*,#2528,.T.);
#3501=ORIENTED_EDGE('',*,*,#2529,.F.);
#3502=ORIENTED_EDGE('',*,*,#2530,.F.);
#3503=ORIENTED_EDGE('',*,*,#2175,.F.);
#3504=ORIENTED_EDGE('',*,*,#2530,.T.);
#3505=ORIENTED_EDGE('',*,*,#2531,.F.);
#3506=ORIENTED_EDGE('',*,*,#2532,.F.);
#3507=ORIENTED_EDGE('',*,*,#2176,.F.);
#3508=ORIENTED_EDGE('',*,*,#2532,.T.);
#3509=ORIENTED_EDGE('',*,*,#2533,.F.);
#3510=ORIENTED_EDGE('',*,*,#2526,.F.);
#3511=ORIENTED_EDGE('',*,*,#2533,.T.);
#3512=ORIENTED_EDGE('',*,*,#2531,.T.);
#3513=ORIENTED_EDGE('',*,*,#2529,.T.);
#3514=ORIENTED_EDGE('',*,*,#2527,.T.);
#3515=ORIENTED_EDGE('',*,*,#2485,.T.);
#3516=ORIENTED_EDGE('',*,*,#2505,.T.);
#3517=ORIENTED_EDGE('',*,*,#1982,.F.);
#3518=ORIENTED_EDGE('',*,*,#2467,.T.);
#3519=ORIENTED_EDGE('',*,*,#2534,.T.);
#3520=ORIENTED_EDGE('',*,*,#2000,.F.);
#3521=ORIENTED_EDGE('',*,*,#2420,.F.);
#3522=ORIENTED_EDGE('',*,*,#2468,.T.);
#3523=ORIENTED_EDGE('',*,*,#1994,.F.);
#3524=ORIENTED_EDGE('',*,*,#2071,.F.);
#3525=ORIENTED_EDGE('',*,*,#2535,.F.);
#3526=ORIENTED_EDGE('',*,*,#2260,.F.);
#3527=ORIENTED_EDGE('',*,*,#2263,.F.);
#3528=ORIENTED_EDGE('',*,*,#2270,.F.);
#3529=ORIENTED_EDGE('',*,*,#2272,.F.);
#3530=ORIENTED_EDGE('',*,*,#2536,.F.);
#3531=ORIENTED_EDGE('',*,*,#2265,.F.);
#3532=ORIENTED_EDGE('',*,*,#2268,.F.);
#3533=ORIENTED_EDGE('',*,*,#2273,.F.);
#3534=ORIENTED_EDGE('',*,*,#2051,.F.);
#3535=ORIENTED_EDGE('',*,*,#2049,.F.);
#3536=ORIENTED_EDGE('',*,*,#2038,.F.);
#3537=ORIENTED_EDGE('',*,*,#2464,.T.);
#3538=ORIENTED_EDGE('',*,*,#2461,.F.);
#3539=ORIENTED_EDGE('',*,*,#2366,.F.);
#3540=ORIENTED_EDGE('',*,*,#2463,.F.);
#3541=ORIENTED_EDGE('',*,*,#2373,.F.);
#3542=ORIENTED_EDGE('',*,*,#2454,.F.);
#3543=ORIENTED_EDGE('',*,*,#2448,.F.);
#3544=ORIENTED_EDGE('',*,*,#2423,.F.);
#3545=ORIENTED_EDGE('',*,*,#2451,.F.);
#3546=ORIENTED_EDGE('',*,*,#2469,.F.);
#3547=ORIENTED_EDGE('',*,*,#2374,.F.);
#3548=ORIENTED_EDGE('',*,*,#2378,.F.);
#3549=ORIENTED_EDGE('',*,*,#2277,.F.);
#3550=ORIENTED_EDGE('',*,*,#2537,.F.);
#3551=ORIENTED_EDGE('',*,*,#2289,.F.);
#3552=ORIENTED_EDGE('',*,*,#2470,.F.);
#3553=ORIENTED_EDGE('',*,*,#2466,.T.);
#3554=ORIENTED_EDGE('',*,*,#2538,.T.);
#3555=ORIENTED_EDGE('',*,*,#2005,.F.);
#3556=ORIENTED_EDGE('',*,*,#2287,.F.);
#3557=ORIENTED_EDGE('',*,*,#2537,.T.);
#3558=ORIENTED_EDGE('',*,*,#2276,.F.);
#3559=ORIENTED_EDGE('',*,*,#2280,.T.);
#3560=ORIENTED_EDGE('',*,*,#2283,.F.);
#3561=ORIENTED_EDGE('',*,*,#2286,.T.);
#3562=ORIENTED_EDGE('',*,*,#2290,.F.);
#3563=ORIENTED_EDGE('',*,*,#2001,.F.);
#3564=ORIENTED_EDGE('',*,*,#2534,.F.);
#3565=ORIENTED_EDGE('',*,*,#2034,.F.);
#3566=ORIENTED_EDGE('',*,*,#2293,.F.);
#3567=ORIENTED_EDGE('',*,*,#2539,.T.);
#3568=ORIENTED_EDGE('',*,*,#2065,.F.);
#3569=ORIENTED_EDGE('',*,*,#2066,.F.);
#3570=ORIENTED_EDGE('',*,*,#2539,.F.);
#3571=ORIENTED_EDGE('',*,*,#2292,.T.);
#3572=ORIENTED_EDGE('',*,*,#2010,.F.);
#3573=ORIENTED_EDGE('',*,*,#2062,.F.);
#3574=ORIENTED_EDGE('',*,*,#2540,.T.);
#3575=ORIENTED_EDGE('',*,*,#2339,.T.);
#3576=ORIENTED_EDGE('',*,*,#2011,.T.);
#3577=ORIENTED_EDGE('',*,*,#2540,.F.);
#3578=ORIENTED_EDGE('',*,*,#2061,.F.);
#3579=ORIENTED_EDGE('',*,*,#2337,.F.);
#3580=ORIENTED_EDGE('',*,*,#2092,.F.);
#3581=ORIENTED_EDGE('',*,*,#2324,.F.);
#3582=ORIENTED_EDGE('',*,*,#2541,.T.);
#3583=ORIENTED_EDGE('',*,*,#2542,.F.);
#3584=ORIENTED_EDGE('',*,*,#2323,.F.);
#3585=ORIENTED_EDGE('',*,*,#2543,.F.);
#3586=ORIENTED_EDGE('',*,*,#2541,.F.);
#3587=ORIENTED_EDGE('',*,*,#2326,.F.);
#3588=ORIENTED_EDGE('',*,*,#2093,.F.);
#3589=ORIENTED_EDGE('',*,*,#2542,.T.);
#3590=ORIENTED_EDGE('',*,*,#2543,.T.);
#3591=ORIENTED_EDGE('',*,*,#2322,.F.);
#3592=ORIENTED_EDGE('',*,*,#2111,.F.);
#3593=ORIENTED_EDGE('',*,*,#2191,.F.);
#3594=ORIENTED_EDGE('',*,*,#2477,.F.);
#3595=ORIENTED_EDGE('',*,*,#2196,.F.);
#3596=ORIENTED_EDGE('',*,*,#2128,.F.);
#3597=ORIENTED_EDGE('',*,*,#2181,.F.);
#3598=ORIENTED_EDGE('',*,*,#2478,.F.);
#3599=ORIENTED_EDGE('',*,*,#2187,.F.);
#3600=ORIENTED_EDGE('',*,*,#2123,.F.);
#3601=ORIENTED_EDGE('',*,*,#2178,.F.);
#3602=ORIENTED_EDGE('',*,*,#2479,.F.);
#3603=ORIENTED_EDGE('',*,*,#2182,.F.);
#3604=ORIENTED_EDGE('',*,*,#2120,.F.);
#3605=ORIENTED_EDGE('',*,*,#2212,.F.);
#3606=ORIENTED_EDGE('',*,*,#2139,.F.);
#3607=ORIENTED_EDGE('',*,*,#2216,.F.);
#3608=ORIENTED_EDGE('',*,*,#2480,.F.);
#3609=ORIENTED_EDGE('',*,*,#2200,.F.);
#3610=ORIENTED_EDGE('',*,*,#2481,.F.);
#3611=ORIENTED_EDGE('',*,*,#2206,.F.);
#3612=ORIENTED_EDGE('',*,*,#2134,.F.);
#3613=ORIENTED_EDGE('',*,*,#2195,.F.);
#3614=ORIENTED_EDGE('',*,*,#2482,.F.);
#3615=ORIENTED_EDGE('',*,*,#2201,.F.);
#3616=ORIENTED_EDGE('',*,*,#2131,.F.);
#3617=ORIENTED_EDGE('',*,*,#2219,.F.);
#3618=ORIENTED_EDGE('',*,*,#2471,.F.);
#3619=ORIENTED_EDGE('',*,*,#2222,.F.);
#3620=ORIENTED_EDGE('',*,*,#2150,.F.);
#3621=ORIENTED_EDGE('',*,*,#2252,.F.);
#3622=ORIENTED_EDGE('',*,*,#2472,.F.);
#3623=ORIENTED_EDGE('',*,*,#2257,.F.);
#3624=ORIENTED_EDGE('',*,*,#2170,.F.);
#3625=ORIENTED_EDGE('',*,*,#2248,.F.);
#3626=ORIENTED_EDGE('',*,*,#2473,.F.);
#3627=ORIENTED_EDGE('',*,*,#2253,.F.);
#3628=ORIENTED_EDGE('',*,*,#2167,.F.);
#3629=ORIENTED_EDGE('',*,*,#2238,.F.);
#3630=ORIENTED_EDGE('',*,*,#2474,.F.);
#3631=ORIENTED_EDGE('',*,*,#2244,.F.);
#3632=ORIENTED_EDGE('',*,*,#2162,.F.);
#3633=ORIENTED_EDGE('',*,*,#2233,.F.);
#3634=ORIENTED_EDGE('',*,*,#2475,.F.);
#3635=ORIENTED_EDGE('',*,*,#2239,.F.);
#3636=ORIENTED_EDGE('',*,*,#2159,.F.);
#3637=ORIENTED_EDGE('',*,*,#2229,.F.);
#3638=ORIENTED_EDGE('',*,*,#2476,.F.);
#3639=ORIENTED_EDGE('',*,*,#2234,.F.);
#3640=ORIENTED_EDGE('',*,*,#2156,.F.);
#3641=ORIENTED_EDGE('',*,*,#2022,.F.);
#3642=ORIENTED_EDGE('',*,*,#2523,.F.);
#3643=ORIENTED_EDGE('',*,*,#2525,.F.);
#3644=ORIENTED_EDGE('',*,*,#2146,.F.);
#3645=ORIENTED_EDGE('',*,*,#2544,.T.);
#3646=ORIENTED_EDGE('',*,*,#2023,.F.);
#3647=ORIENTED_EDGE('',*,*,#2544,.F.);
#3648=ORIENTED_EDGE('',*,*,#2145,.F.);
#3649=ORIENTED_EDGE('',*,*,#2520,.T.);
#3650=ORIENTED_EDGE('',*,*,#2298,.T.);
#3651=ORIENTED_EDGE('',*,*,#2104,.F.);
#3652=ORIENTED_EDGE('',*,*,#2118,.F.);
#3653=ORIENTED_EDGE('',*,*,#2517,.T.);
#3654=ORIENTED_EDGE('',*,*,#2509,.T.);
#3655=ORIENTED_EDGE('',*,*,#2315,.T.);
#3656=ORIENTED_EDGE('',*,*,#2082,.F.);
#3657=ORIENTED_EDGE('',*,*,#2321,.F.);
#3658=ORIENTED_EDGE('',*,*,#2089,.F.);
#3659=ORIENTED_EDGE('',*,*,#2319,.F.);
#3660=ORIENTED_EDGE('',*,*,#2114,.F.);
#3661=ORIENTED_EDGE('',*,*,#2334,.F.);
#3662=ORIENTED_EDGE('',*,*,#2096,.F.);
#3663=ORIENTED_EDGE('',*,*,#2327,.F.);
#3664=ORIENTED_EDGE('',*,*,#2108,.F.);
#3665=ORIENTED_EDGE('',*,*,#1997,.F.);
#3666=ORIENTED_EDGE('',*,*,#2006,.F.);
#3667=ORIENTED_EDGE('',*,*,#2538,.F.);
#3668=ORIENTED_EDGE('',*,*,#2465,.T.);
#3669=ORIENTED_EDGE('',*,*,#2070,.F.);
#3670=ORIENTED_EDGE('',*,*,#2080,.F.);
#3671=ORIENTED_EDGE('',*,*,#2261,.F.);
#3672=ORIENTED_EDGE('',*,*,#2535,.T.);
#3673=ORIENTED_EDGE('',*,*,#2266,.F.);
#3674=ORIENTED_EDGE('',*,*,#2536,.T.);
#3675=ORIENTED_EDGE('',*,*,#2271,.T.);
#3676=ORIENTED_EDGE('',*,*,#2075,.F.);
#3677=CYLINDRICAL_SURFACE('',#3948,1.);
#3678=CYLINDRICAL_SURFACE('',#3952,1.);
#3679=CYLINDRICAL_SURFACE('',#3970,1.);
#3680=CYLINDRICAL_SURFACE('',#3974,1.);
#3681=CYLINDRICAL_SURFACE('',#3977,1.);
#3682=CYLINDRICAL_SURFACE('',#3980,1.);
#3683=CYLINDRICAL_SURFACE('',#3983,1.);
#3684=CYLINDRICAL_SURFACE('',#3999,1.);
#3685=CYLINDRICAL_SURFACE('',#4028,2.);
#3686=CYLINDRICAL_SURFACE('',#4030,2.);
#3687=CYLINDRICAL_SURFACE('',#4033,2.);
#3688=CYLINDRICAL_SURFACE('',#4036,2.);
#3689=CYLINDRICAL_SURFACE('',#4039,2.);
#3690=CYLINDRICAL_SURFACE('',#4042,2.);
#3691=CYLINDRICAL_SURFACE('',#4045,2.);
#3692=CYLINDRICAL_SURFACE('',#4048,2.);
#3693=CYLINDRICAL_SURFACE('',#4051,2.);
#3694=CYLINDRICAL_SURFACE('',#4053,2.);
#3695=CYLINDRICAL_SURFACE('',#4056,2.);
#3696=CYLINDRICAL_SURFACE('',#4058,2.);
#3697=CYLINDRICAL_SURFACE('',#4060,2.);
#3698=CYLINDRICAL_SURFACE('',#4063,2.);
#3699=CYLINDRICAL_SURFACE('',#4066,2.);
#3700=CYLINDRICAL_SURFACE('',#4069,2.);
#3701=CYLINDRICAL_SURFACE('',#4072,2.);
#3702=CYLINDRICAL_SURFACE('',#4075,2.);
#3703=CYLINDRICAL_SURFACE('',#4078,2.);
#3704=CYLINDRICAL_SURFACE('',#4081,2.);
#3705=CYLINDRICAL_SURFACE('',#4084,1.);
#3706=CYLINDRICAL_SURFACE('',#4087,1.);
#3707=CYLINDRICAL_SURFACE('',#4090,1.);
#3708=CYLINDRICAL_SURFACE('',#4093,1.);
#3709=CYLINDRICAL_SURFACE('',#4095,1.);
#3710=CYLINDRICAL_SURFACE('',#4099,1.);
#3711=CYLINDRICAL_SURFACE('',#4103,1.);
#3712=CYLINDRICAL_SURFACE('',#4106,1.);
#3713=CYLINDRICAL_SURFACE('',#4109,1.);
#3714=CYLINDRICAL_SURFACE('',#4111,1.);
#3715=CYLINDRICAL_SURFACE('',#4114,1.);
#3716=CYLINDRICAL_SURFACE('',#4117,1.);
#3717=CYLINDRICAL_SURFACE('',#4121,1.);
#3718=CYLINDRICAL_SURFACE('',#4124,1.);
#3719=CYLINDRICAL_SURFACE('',#4126,1.);
#3720=CYLINDRICAL_SURFACE('',#4128,1.);
#3721=CYLINDRICAL_SURFACE('',#4130,1.);
#3722=CYLINDRICAL_SURFACE('',#4133,1.);
#3723=CYLINDRICAL_SURFACE('',#4135,1.);
#3724=CYLINDRICAL_SURFACE('',#4137,1.);
#3725=CYLINDRICAL_SURFACE('',#4140,1.);
#3726=CYLINDRICAL_SURFACE('',#4143,1.);
#3727=CYLINDRICAL_SURFACE('',#4202,0.8115);
#3728=CYLINDRICAL_SURFACE('',#4206,0.8115);
#3729=CYLINDRICAL_SURFACE('',#4210,0.8115);
#3730=CYLINDRICAL_SURFACE('',#4214,0.8115);
#3731=CYLINDRICAL_SURFACE('',#4218,0.8115);
#3732=CYLINDRICAL_SURFACE('',#4222,0.8115);
#3733=CYLINDRICAL_SURFACE('',#4249,5.07812512180233);
#3734=CYLINDRICAL_SURFACE('',#4252,5.07815353642522);
#3735=CYLINDRICAL_SURFACE('',#4255,5.07812494133378);
#3736=ADVANCED_FACE('',(#176),#3677,.F.);
#3737=ADVANCED_FACE('',(#177),#31,.F.);
#3738=ADVANCED_FACE('',(#178),#3678,.F.);
#3739=ADVANCED_FACE('',(#179),#32,.F.);
#3740=ADVANCED_FACE('',(#180),#33,.F.);
#3741=ADVANCED_FACE('',(#181),#3679,.F.);
#3742=ADVANCED_FACE('',(#182),#34,.F.);
#3743=ADVANCED_FACE('',(#183),#3680,.F.);
#3744=ADVANCED_FACE('',(#184),#3681,.F.);
#3745=ADVANCED_FACE('',(#185),#35,.F.);
#3746=ADVANCED_FACE('',(#186),#3682,.F.);
#3747=ADVANCED_FACE('',(#187),#36,.F.);
#3748=ADVANCED_FACE('',(#188),#3683,.F.);
#3749=ADVANCED_FACE('',(#189),#37,.F.);
#3750=ADVANCED_FACE('',(#190),#3684,.F.);
#3751=ADVANCED_FACE('',(#191,#21),#38,.F.);
#3752=ADVANCED_FACE('',(#192),#3685,.F.);
#3753=ADVANCED_FACE('',(#193),#3686,.F.);
#3754=ADVANCED_FACE('',(#194),#39,.F.);
#3755=ADVANCED_FACE('',(#195),#3687,.F.);
#3756=ADVANCED_FACE('',(#196),#40,.F.);
#3757=ADVANCED_FACE('',(#197),#3688,.F.);
#3758=ADVANCED_FACE('',(#198),#41,.F.);
#3759=ADVANCED_FACE('',(#199),#3689,.F.);
#3760=ADVANCED_FACE('',(#200),#42,.F.);
#3761=ADVANCED_FACE('',(#201),#3690,.F.);
#3762=ADVANCED_FACE('',(#202),#43,.F.);
#3763=ADVANCED_FACE('',(#203),#3691,.F.);
#3764=ADVANCED_FACE('',(#204),#44,.F.);
#3765=ADVANCED_FACE('',(#205),#3692,.F.);
#3766=ADVANCED_FACE('',(#206),#45,.F.);
#3767=ADVANCED_FACE('',(#207),#3693,.F.);
#3768=ADVANCED_FACE('',(#208),#3694,.F.);
#3769=ADVANCED_FACE('',(#209),#46,.F.);
#3770=ADVANCED_FACE('',(#210),#3695,.F.);
#3771=ADVANCED_FACE('',(#211),#3696,.F.);
#3772=ADVANCED_FACE('',(#212),#3697,.F.);
#3773=ADVANCED_FACE('',(#213),#47,.F.);
#3774=ADVANCED_FACE('',(#214),#3698,.F.);
#3775=ADVANCED_FACE('',(#215),#48,.F.);
#3776=ADVANCED_FACE('',(#216),#3699,.F.);
#3777=ADVANCED_FACE('',(#217),#49,.F.);
#3778=ADVANCED_FACE('',(#218),#3700,.F.);
#3779=ADVANCED_FACE('',(#219),#50,.F.);
#3780=ADVANCED_FACE('',(#220),#3701,.F.);
#3781=ADVANCED_FACE('',(#221),#51,.F.);
#3782=ADVANCED_FACE('',(#222),#3702,.F.);
#3783=ADVANCED_FACE('',(#223),#52,.F.);
#3784=ADVANCED_FACE('',(#224),#3703,.F.);
#3785=ADVANCED_FACE('',(#225),#53,.F.);
#3786=ADVANCED_FACE('',(#226),#3704,.F.);
#3787=ADVANCED_FACE('',(#227),#54,.F.);
#3788=ADVANCED_FACE('',(#228),#3705,.F.);
#3789=ADVANCED_FACE('',(#229),#55,.F.);
#3790=ADVANCED_FACE('',(#230),#3706,.F.);
#3791=ADVANCED_FACE('',(#231),#56,.F.);
#3792=ADVANCED_FACE('',(#232),#3707,.F.);
#3793=ADVANCED_FACE('',(#233),#57,.F.);
#3794=ADVANCED_FACE('',(#234),#3708,.F.);
#3795=ADVANCED_FACE('',(#235),#3709,.F.);
#3796=ADVANCED_FACE('',(#236),#58,.F.);
#3797=ADVANCED_FACE('',(#237),#3710,.F.);
#3798=ADVANCED_FACE('',(#238),#59,.F.);
#3799=ADVANCED_FACE('',(#239),#3711,.F.);
#3800=ADVANCED_FACE('',(#240),#3712,.F.);
#3801=ADVANCED_FACE('',(#241),#3713,.F.);
#3802=ADVANCED_FACE('',(#242),#3714,.F.);
#3803=ADVANCED_FACE('',(#243),#60,.F.);
#3804=ADVANCED_FACE('',(#244),#3715,.F.);
#3805=ADVANCED_FACE('',(#245),#61,.F.);
#3806=ADVANCED_FACE('',(#246),#3716,.F.);
#3807=ADVANCED_FACE('',(#247),#62,.F.);
#3808=ADVANCED_FACE('',(#248),#63,.F.);
#3809=ADVANCED_FACE('',(#249),#3717,.F.);
#3810=ADVANCED_FACE('',(#250),#64,.F.);
#3811=ADVANCED_FACE('',(#251),#3718,.F.);
#3812=ADVANCED_FACE('',(#252),#65,.F.);
#3813=ADVANCED_FACE('',(#253),#3719,.F.);
#3814=ADVANCED_FACE('',(#254),#66,.F.);
#3815=ADVANCED_FACE('',(#255),#3720,.F.);
#3816=ADVANCED_FACE('',(#256),#67,.F.);
#3817=ADVANCED_FACE('',(#257),#3721,.F.);
#3818=ADVANCED_FACE('',(#258),#68,.F.);
#3819=ADVANCED_FACE('',(#259),#3722,.F.);
#3820=ADVANCED_FACE('',(#260),#69,.F.);
#3821=ADVANCED_FACE('',(#261),#3723,.F.);
#3822=ADVANCED_FACE('',(#262),#3724,.F.);
#3823=ADVANCED_FACE('',(#263),#70,.F.);
#3824=ADVANCED_FACE('',(#264),#3725,.F.);
#3825=ADVANCED_FACE('',(#265),#71,.F.);
#3826=ADVANCED_FACE('',(#266),#3726,.F.);
#3827=ADVANCED_FACE('',(#267),#72,.F.);
#3828=ADVANCED_FACE('',(#268),#73,.T.);
#3829=ADVANCED_FACE('',(#269),#74,.T.);
#3830=ADVANCED_FACE('',(#270),#75,.T.);
#3831=ADVANCED_FACE('',(#271),#76,.T.);
#3832=ADVANCED_FACE('',(#272),#77,.T.);
#3833=ADVANCED_FACE('',(#273),#78,.T.);
#3834=ADVANCED_FACE('',(#274),#79,.T.);
#3835=ADVANCED_FACE('',(#275),#80,.T.);
#3836=ADVANCED_FACE('',(#276),#81,.T.);
#3837=ADVANCED_FACE('',(#277),#82,.T.);
#3838=ADVANCED_FACE('',(#278),#83,.T.);
#3839=ADVANCED_FACE('',(#279),#84,.T.);
#3840=ADVANCED_FACE('',(#280),#85,.T.);
#3841=ADVANCED_FACE('',(#281),#86,.T.);
#3842=ADVANCED_FACE('',(#282),#87,.T.);
#3843=ADVANCED_FACE('',(#283),#88,.T.);
#3844=ADVANCED_FACE('',(#284),#89,.T.);
#3845=ADVANCED_FACE('',(#285),#90,.T.);
#3846=ADVANCED_FACE('',(#286),#91,.T.);
#3847=ADVANCED_FACE('',(#287),#92,.T.);
#3848=ADVANCED_FACE('',(#288),#93,.T.);
#3849=ADVANCED_FACE('',(#289),#94,.T.);
#3850=ADVANCED_FACE('',(#290),#95,.T.);
#3851=ADVANCED_FACE('',(#291),#96,.T.);
#3852=ADVANCED_FACE('',(#292),#97,.T.);
#3853=ADVANCED_FACE('',(#293),#98,.T.);
#3854=ADVANCED_FACE('',(#294),#99,.T.);
#3855=ADVANCED_FACE('',(#295),#100,.T.);
#3856=ADVANCED_FACE('',(#296),#101,.T.);
#3857=ADVANCED_FACE('',(#297),#102,.T.);
#3858=ADVANCED_FACE('',(#298),#103,.T.);
#3859=ADVANCED_FACE('',(#299),#104,.T.);
#3860=ADVANCED_FACE('',(#300),#105,.T.);
#3861=ADVANCED_FACE('',(#301),#106,.T.);
#3862=ADVANCED_FACE('',(#302),#107,.T.);
#3863=ADVANCED_FACE('',(#303),#108,.T.);
#3864=ADVANCED_FACE('',(#304),#109,.T.);
#3865=ADVANCED_FACE('',(#305),#110,.T.);
#3866=ADVANCED_FACE('',(#306),#111,.T.);
#3867=ADVANCED_FACE('',(#307),#112,.T.);
#3868=ADVANCED_FACE('',(#308),#113,.T.);
#3869=ADVANCED_FACE('',(#309),#114,.T.);
#3870=ADVANCED_FACE('',(#310),#115,.T.);
#3871=ADVANCED_FACE('',(#311),#116,.T.);
#3872=ADVANCED_FACE('',(#312),#117,.F.);
#3873=ADVANCED_FACE('',(#313),#118,.T.);
#3874=ADVANCED_FACE('',(#314),#119,.T.);
#3875=ADVANCED_FACE('',(#315),#120,.T.);
#3876=ADVANCED_FACE('',(#316,#22),#121,.T.);
#3877=ADVANCED_FACE('',(#317),#122,.T.);
#3878=ADVANCED_FACE('',(#318),#123,.T.);
#3879=ADVANCED_FACE('',(#319,#23,#24),#124,.T.);
#3880=ADVANCED_FACE('',(#320),#125,.T.);
#3881=ADVANCED_FACE('',(#321),#126,.T.);
#3882=ADVANCED_FACE('',(#322),#15,.F.);
#3883=ADVANCED_FACE('',(#323),#3727,.F.);
#3884=ADVANCED_FACE('',(#324),#16,.F.);
#3885=ADVANCED_FACE('',(#325),#3728,.F.);
#3886=ADVANCED_FACE('',(#326),#17,.F.);
#3887=ADVANCED_FACE('',(#327),#3729,.F.);
#3888=ADVANCED_FACE('',(#328),#18,.F.);
#3889=ADVANCED_FACE('',(#329),#3730,.F.);
#3890=ADVANCED_FACE('',(#330),#19,.F.);
#3891=ADVANCED_FACE('',(#331),#3731,.F.);
#3892=ADVANCED_FACE('',(#332),#20,.F.);
#3893=ADVANCED_FACE('',(#333),#3732,.F.);
#3894=ADVANCED_FACE('',(#334),#127,.F.);
#3895=ADVANCED_FACE('',(#335),#128,.F.);
#3896=ADVANCED_FACE('',(#336),#129,.F.);
#3897=ADVANCED_FACE('',(#337),#130,.F.);
#3898=ADVANCED_FACE('',(#338),#131,.F.);
#3899=ADVANCED_FACE('',(#339),#132,.F.);
#3900=ADVANCED_FACE('',(#340),#133,.F.);
#3901=ADVANCED_FACE('',(#341),#134,.F.);
#3902=ADVANCED_FACE('',(#342),#135,.F.);
#3903=ADVANCED_FACE('',(#343),#136,.F.);
#3904=ADVANCED_FACE('',(#344),#137,.F.);
#3905=ADVANCED_FACE('',(#345,#25,#26),#138,.F.);
#3906=ADVANCED_FACE('',(#346),#139,.F.);
#3907=ADVANCED_FACE('',(#347,#27,#28),#140,.F.);
#3908=ADVANCED_FACE('',(#348),#141,.F.);
#3909=ADVANCED_FACE('',(#349),#142,.T.);
#3910=ADVANCED_FACE('',(#350),#143,.T.);
#3911=ADVANCED_FACE('',(#351),#144,.T.);
#3912=ADVANCED_FACE('',(#352),#145,.T.);
#3913=ADVANCED_FACE('',(#353,#29,#30),#146,.T.);
#3914=ADVANCED_FACE('',(#354),#147,.F.);
#3915=ADVANCED_FACE('',(#355),#148,.F.);
#3916=ADVANCED_FACE('',(#356),#149,.T.);
#3917=ADVANCED_FACE('',(#357),#150,.F.);
#3918=ADVANCED_FACE('',(#358),#151,.F.);
#3919=ADVANCED_FACE('',(#359),#3733,.F.);
#3920=ADVANCED_FACE('',(#360),#152,.T.);
#3921=ADVANCED_FACE('',(#361),#3734,.F.);
#3922=ADVANCED_FACE('',(#362),#153,.T.);
#3923=ADVANCED_FACE('',(#363),#3735,.F.);
#3924=ADVANCED_FACE('',(#364),#154,.T.);
#3925=ADVANCED_FACE('',(#365),#155,.F.);
#3926=ADVANCED_FACE('',(#366),#156,.F.);
#3927=ADVANCED_FACE('',(#367),#157,.F.);
#3928=ADVANCED_FACE('',(#368),#158,.F.);
#3929=ADVANCED_FACE('',(#369),#159,.F.);
#3930=ADVANCED_FACE('',(#370),#160,.F.);
#3931=ADVANCED_FACE('',(#371),#161,.F.);
#3932=ADVANCED_FACE('',(#372),#162,.F.);
#3933=ADVANCED_FACE('',(#373),#163,.F.);
#3934=ADVANCED_FACE('',(#374),#164,.F.);
#3935=ADVANCED_FACE('',(#375),#165,.F.);
#3936=ADVANCED_FACE('',(#376),#166,.F.);
#3937=ADVANCED_FACE('',(#377),#167,.F.);
#3938=ADVANCED_FACE('',(#378),#168,.F.);
#3939=ADVANCED_FACE('',(#379),#169,.F.);
#3940=ADVANCED_FACE('',(#380),#170,.F.);
#3941=ADVANCED_FACE('',(#381),#171,.F.);
#3942=ADVANCED_FACE('',(#382),#172,.F.);
#3943=ADVANCED_FACE('',(#383),#173,.F.);
#3944=ADVANCED_FACE('',(#384),#174,.F.);
#3945=ADVANCED_FACE('',(#385),#175,.F.);
#3946=CLOSED_SHELL('',(#3736,#3737,#3738,#3739,#3740,#3741,#3742,#3743,
#3744,#3745,#3746,#3747,#3748,#3749,#3750,#3751,#3752,#3753,#3754,#3755,
#3756,#3757,#3758,#3759,#3760,#3761,#3762,#3763,#3764,#3765,#3766,#3767,
#3768,#3769,#3770,#3771,#3772,#3773,#3774,#3775,#3776,#3777,#3778,#3779,
#3780,#3781,#3782,#3783,#3784,#3785,#3786,#3787,#3788,#3789,#3790,#3791,
#3792,#3793,#3794,#3795,#3796,#3797,#3798,#3799,#3800,#3801,#3802,#3803,
#3804,#3805,#3806,#3807,#3808,#3809,#3810,#3811,#3812,#3813,#3814,#3815,
#3816,#3817,#3818,#3819,#3820,#3821,#3822,#3823,#3824,#3825,#3826,#3827,
#3828,#3829,#3830,#3831,#3832,#3833,#3834,#3835,#3836,#3837,#3838,#3839,
#3840,#3841,#3842,#3843,#3844,#3845,#3846,#3847,#3848,#3849,#3850,#3851,
#3852,#3853,#3854,#3855,#3856,#3857,#3858,#3859,#3860,#3861,#3862,#3863,
#3864,#3865,#3866,#3867,#3868,#3869,#3870,#3871,#3872,#3873,#3874,#3875,
#3876,#3877,#3878,#3879,#3880,#3881,#3882,#3883,#3884,#3885,#3886,#3887,
#3888,#3889,#3890,#3891,#3892,#3893,#3894,#3895,#3896,#3897,#3898,#3899,
#3900,#3901,#3902,#3903,#3904,#3905,#3906,#3907,#3908,#3909,#3910,#3911,
#3912,#3913,#3914,#3915,#3916,#3917,#3918,#3919,#3920,#3921,#3922,#3923,
#3924,#3925,#3926,#3927,#3928,#3929,#3930,#3931,#3932,#3933,#3934,#3935,
#3936,#3937,#3938,#3939,#3940,#3941,#3942,#3943,#3944,#3945));
#3947=AXIS2_PLACEMENT_3D('',#5388,#4279,#4280);
#3948=AXIS2_PLACEMENT_3D('',#5389,#4281,#4282);
#3949=AXIS2_PLACEMENT_3D('',#5392,#4283,#4284);
#3950=AXIS2_PLACEMENT_3D('',#5396,#4286,#4287);
#3951=AXIS2_PLACEMENT_3D('',#5398,#4289,#4290);
#3952=AXIS2_PLACEMENT_3D('',#5424,#4304,#4305);
#3953=AXIS2_PLACEMENT_3D('',#5427,#4306,#4307);
#3954=AXIS2_PLACEMENT_3D('',#5431,#4309,#4310);
#3955=AXIS2_PLACEMENT_3D('',#5433,#4312,#4313);
#3956=AXIS2_PLACEMENT_3D('',#5450,#4322,#4323);
#3957=AXIS2_PLACEMENT_3D('',#5454,#4325,#4326);
#3958=AXIS2_PLACEMENT_3D('',#5456,#4327,#4328);
#3959=AXIS2_PLACEMENT_3D('',#5458,#4329,#4330);
#3960=AXIS2_PLACEMENT_3D('',#5464,#4333,#4334);
#3961=AXIS2_PLACEMENT_3D('',#5470,#4337,#4338);
#3962=AXIS2_PLACEMENT_3D('',#5474,#4340,#4341);
#3963=AXIS2_PLACEMENT_3D('',#5484,#4346,#4347);
#3964=AXIS2_PLACEMENT_3D('',#5488,#4349,#4350);
#3965=AXIS2_PLACEMENT_3D('',#5494,#4353,#4354);
#3966=AXIS2_PLACEMENT_3D('',#5500,#4357,#4358);
#3967=AXIS2_PLACEMENT_3D('',#5502,#4359,#4360);
#3968=AXIS2_PLACEMENT_3D('',#5505,#4362,#4363);
#3969=AXIS2_PLACEMENT_3D('',#5506,#4364,#4365);
#3970=AXIS2_PLACEMENT_3D('',#5528,#4377,#4378);
#3971=AXIS2_PLACEMENT_3D('',#5530,#4379,#4380);
#3972=AXIS2_PLACEMENT_3D('',#5532,#4381,#4382);
#3973=AXIS2_PLACEMENT_3D('',#5534,#4384,#4385);
#3974=AXIS2_PLACEMENT_3D('',#5540,#4389,#4390);
#3975=AXIS2_PLACEMENT_3D('',#5542,#4391,#4392);
#3976=AXIS2_PLACEMENT_3D('',#5545,#4394,#4395);
#3977=AXIS2_PLACEMENT_3D('',#5546,#4396,#4397);
#3978=AXIS2_PLACEMENT_3D('',#5548,#4398,#4399);
#3979=AXIS2_PLACEMENT_3D('',#5550,#4401,#4402);
#3980=AXIS2_PLACEMENT_3D('',#5558,#4407,#4408);
#3981=AXIS2_PLACEMENT_3D('',#5560,#4409,#4410);
#3982=AXIS2_PLACEMENT_3D('',#5562,#4412,#4413);
#3983=AXIS2_PLACEMENT_3D('',#5570,#4418,#4419);
#3984=AXIS2_PLACEMENT_3D('',#5572,#4420,#4421);
#3985=AXIS2_PLACEMENT_3D('',#5575,#4423,#4424);
#3986=AXIS2_PLACEMENT_3D('',#5576,#4425,#4426);
#3987=AXIS2_PLACEMENT_3D('',#5578,#4427,#4428);
#3988=AXIS2_PLACEMENT_3D('',#5582,#4430,#4431);
#3989=AXIS2_PLACEMENT_3D('',#5588,#4434,#4435);
#3990=AXIS2_PLACEMENT_3D('',#5592,#4437,#4438);
#3991=AXIS2_PLACEMENT_3D('',#5595,#4440,#4441);
#3992=AXIS2_PLACEMENT_3D('',#5601,#4444,#4445);
#3993=AXIS2_PLACEMENT_3D('',#5607,#4448,#4449);
#3994=AXIS2_PLACEMENT_3D('',#5613,#4452,#4453);
#3995=AXIS2_PLACEMENT_3D('',#5617,#4455,#4456);
#3996=AXIS2_PLACEMENT_3D('',#5621,#4458,#4459);
#3997=AXIS2_PLACEMENT_3D('',#5627,#4462,#4463);
#3998=AXIS2_PLACEMENT_3D('',#5633,#4466,#4467);
#3999=AXIS2_PLACEMENT_3D('',#5637,#4470,#4471);
#4000=AXIS2_PLACEMENT_3D('',#5639,#4472,#4473);
#4001=AXIS2_PLACEMENT_3D('',#5641,#4475,#4476);
#4002=AXIS2_PLACEMENT_3D('',#5647,#4479,#4480);
#4003=AXIS2_PLACEMENT_3D('',#5653,#4483,#4484);
#4004=AXIS2_PLACEMENT_3D('',#5659,#4487,#4488);
#4005=AXIS2_PLACEMENT_3D('',#5665,#4491,#4492);
#4006=AXIS2_PLACEMENT_3D('',#5670,#4495,#4496);
#4007=AXIS2_PLACEMENT_3D('',#5676,#4499,#4500);
#4008=AXIS2_PLACEMENT_3D('',#5682,#4503,#4504);
#4009=AXIS2_PLACEMENT_3D('',#5686,#4506,#4507);
#4010=AXIS2_PLACEMENT_3D('',#5692,#4510,#4511);
#4011=AXIS2_PLACEMENT_3D('',#5698,#4514,#4515);
#4012=AXIS2_PLACEMENT_3D('',#5704,#4518,#4519);
#4013=AXIS2_PLACEMENT_3D('',#5708,#4521,#4522);
#4014=AXIS2_PLACEMENT_3D('',#5712,#4524,#4525);
#4015=AXIS2_PLACEMENT_3D('',#5715,#4527,#4528);
#4016=AXIS2_PLACEMENT_3D('',#5717,#4529,#4530);
#4017=AXIS2_PLACEMENT_3D('',#5726,#4535,#4536);
#4018=AXIS2_PLACEMENT_3D('',#5728,#4537,#4538);
#4019=AXIS2_PLACEMENT_3D('',#5732,#4540,#4541);
#4020=AXIS2_PLACEMENT_3D('',#5736,#4543,#4544);
#4021=AXIS2_PLACEMENT_3D('',#5740,#4546,#4547);
#4022=AXIS2_PLACEMENT_3D('',#5746,#4550,#4551);
#4023=AXIS2_PLACEMENT_3D('',#5752,#4554,#4555);
#4024=AXIS2_PLACEMENT_3D('',#5758,#4558,#4559);
#4025=AXIS2_PLACEMENT_3D('',#5762,#4561,#4562);
#4026=AXIS2_PLACEMENT_3D('',#5768,#4565,#4566);
#4027=AXIS2_PLACEMENT_3D('',#5773,#4569,#4570);
#4028=AXIS2_PLACEMENT_3D('',#5782,#4575,#4576);
#4029=AXIS2_PLACEMENT_3D('',#5784,#4577,#4578);
#4030=AXIS2_PLACEMENT_3D('',#5786,#4580,#4581);
#4031=AXIS2_PLACEMENT_3D('',#5790,#4583,#4584);
#4032=AXIS2_PLACEMENT_3D('',#5792,#4586,#4587);
#4033=AXIS2_PLACEMENT_3D('',#5796,#4590,#4591);
#4034=AXIS2_PLACEMENT_3D('',#5800,#4593,#4594);
#4035=AXIS2_PLACEMENT_3D('',#5802,#4596,#4597);
#4036=AXIS2_PLACEMENT_3D('',#5806,#4600,#4601);
#4037=AXIS2_PLACEMENT_3D('',#5810,#4603,#4604);
#4038=AXIS2_PLACEMENT_3D('',#5812,#4606,#4607);
#4039=AXIS2_PLACEMENT_3D('',#5814,#4609,#4610);
#4040=AXIS2_PLACEMENT_3D('',#5818,#4612,#4613);
#4041=AXIS2_PLACEMENT_3D('',#5820,#4615,#4616);
#4042=AXIS2_PLACEMENT_3D('',#5824,#4619,#4620);
#4043=AXIS2_PLACEMENT_3D('',#5828,#4622,#4623);
#4044=AXIS2_PLACEMENT_3D('',#5830,#4625,#4626);
#4045=AXIS2_PLACEMENT_3D('',#5834,#4629,#4630);
#4046=AXIS2_PLACEMENT_3D('',#5838,#4632,#4633);
#4047=AXIS2_PLACEMENT_3D('',#5840,#4635,#4636);
#4048=AXIS2_PLACEMENT_3D('',#5844,#4639,#4640);
#4049=AXIS2_PLACEMENT_3D('',#5847,#4642,#4643);
#4050=AXIS2_PLACEMENT_3D('',#5848,#4644,#4645);
#4051=AXIS2_PLACEMENT_3D('',#5852,#4648,#4649);
#4052=AXIS2_PLACEMENT_3D('',#5855,#4651,#4652);
#4053=AXIS2_PLACEMENT_3D('',#5856,#4653,#4654);
#4054=AXIS2_PLACEMENT_3D('',#5860,#4656,#4657);
#4055=AXIS2_PLACEMENT_3D('',#5862,#4659,#4660);
#4056=AXIS2_PLACEMENT_3D('',#5864,#4662,#4663);
#4057=AXIS2_PLACEMENT_3D('',#5866,#4664,#4665);
#4058=AXIS2_PLACEMENT_3D('',#5868,#4667,#4668);
#4059=AXIS2_PLACEMENT_3D('',#5871,#4669,#4670);
#4060=AXIS2_PLACEMENT_3D('',#5874,#4673,#4674);
#4061=AXIS2_PLACEMENT_3D('',#5878,#4676,#4677);
#4062=AXIS2_PLACEMENT_3D('',#5880,#4679,#4680);
#4063=AXIS2_PLACEMENT_3D('',#5882,#4682,#4683);
#4064=AXIS2_PLACEMENT_3D('',#5886,#4685,#4686);
#4065=AXIS2_PLACEMENT_3D('',#5888,#4688,#4689);
#4066=AXIS2_PLACEMENT_3D('',#5890,#4691,#4692);
#4067=AXIS2_PLACEMENT_3D('',#5894,#4694,#4695);
#4068=AXIS2_PLACEMENT_3D('',#5896,#4697,#4698);
#4069=AXIS2_PLACEMENT_3D('',#5900,#4701,#4702);
#4070=AXIS2_PLACEMENT_3D('',#5904,#4704,#4705);
#4071=AXIS2_PLACEMENT_3D('',#5906,#4707,#4708);
#4072=AXIS2_PLACEMENT_3D('',#5910,#4711,#4712);
#4073=AXIS2_PLACEMENT_3D('',#5914,#4714,#4715);
#4074=AXIS2_PLACEMENT_3D('',#5916,#4717,#4718);
#4075=AXIS2_PLACEMENT_3D('',#5920,#4721,#4722);
#4076=AXIS2_PLACEMENT_3D('',#5924,#4724,#4725);
#4077=AXIS2_PLACEMENT_3D('',#5926,#4727,#4728);
#4078=AXIS2_PLACEMENT_3D('',#5928,#4730,#4731);
#4079=AXIS2_PLACEMENT_3D('',#5932,#4733,#4734);
#4080=AXIS2_PLACEMENT_3D('',#5934,#4736,#4737);
#4081=AXIS2_PLACEMENT_3D('',#5938,#4740,#4741);
#4082=AXIS2_PLACEMENT_3D('',#5941,#4743,#4744);
#4083=AXIS2_PLACEMENT_3D('',#5942,#4745,#4746);
#4084=AXIS2_PLACEMENT_3D('',#5946,#4749,#4750);
#4085=AXIS2_PLACEMENT_3D('',#5950,#4752,#4753);
#4086=AXIS2_PLACEMENT_3D('',#5952,#4755,#4756);
#4087=AXIS2_PLACEMENT_3D('',#5956,#4759,#4760);
#4088=AXIS2_PLACEMENT_3D('',#5960,#4762,#4763);
#4089=AXIS2_PLACEMENT_3D('',#5962,#4765,#4766);
#4090=AXIS2_PLACEMENT_3D('',#5966,#4769,#4770);
#4091=AXIS2_PLACEMENT_3D('',#5969,#4772,#4773);
#4092=AXIS2_PLACEMENT_3D('',#5970,#4774,#4775);
#4093=AXIS2_PLACEMENT_3D('',#5974,#4778,#4779);
#4094=AXIS2_PLACEMENT_3D('',#5975,#4780,#4781);
#4095=AXIS2_PLACEMENT_3D('',#5976,#4782,#4783);
#4096=AXIS2_PLACEMENT_3D('',#5979,#4784,#4785);
#4097=AXIS2_PLACEMENT_3D('',#5983,#4787,#4788);
#4098=AXIS2_PLACEMENT_3D('',#5985,#4790,#4791);
#4099=AXIS2_PLACEMENT_3D('',#5991,#4795,#4796);
#4100=AXIS2_PLACEMENT_3D('',#5993,#4797,#4798);
#4101=AXIS2_PLACEMENT_3D('',#5996,#4800,#4801);
#4102=AXIS2_PLACEMENT_3D('',#5997,#4802,#4803);
#4103=AXIS2_PLACEMENT_3D('',#6003,#4807,#4808);
#4104=AXIS2_PLACEMENT_3D('',#6005,#4809,#4810);
#4105=AXIS2_PLACEMENT_3D('',#6007,#4811,#4812);
#4106=AXIS2_PLACEMENT_3D('',#6009,#4814,#4815);
#4107=AXIS2_PLACEMENT_3D('',#6010,#4816,#4817);
#4108=AXIS2_PLACEMENT_3D('',#6011,#4818,#4819);
#4109=AXIS2_PLACEMENT_3D('',#6012,#4820,#4821);
#4110=AXIS2_PLACEMENT_3D('',#6014,#4822,#4823);
#4111=AXIS2_PLACEMENT_3D('',#6017,#4826,#4827);
#4112=AXIS2_PLACEMENT_3D('',#6020,#4828,#4829);
#4113=AXIS2_PLACEMENT_3D('',#6023,#4832,#4833);
#4114=AXIS2_PLACEMENT_3D('',#6027,#4836,#4837);
#4115=AXIS2_PLACEMENT_3D('',#6030,#4838,#4839);
#4116=AXIS2_PLACEMENT_3D('',#6033,#4842,#4843);
#4117=AXIS2_PLACEMENT_3D('',#6035,#4845,#4846);
#4118=AXIS2_PLACEMENT_3D('',#6038,#4847,#4848);
#4119=AXIS2_PLACEMENT_3D('',#6041,#4851,#4852);
#4120=AXIS2_PLACEMENT_3D('',#6049,#4857,#4858);
#4121=AXIS2_PLACEMENT_3D('',#6051,#4860,#4861);
#4122=AXIS2_PLACEMENT_3D('',#6054,#4862,#4863);
#4123=AXIS2_PLACEMENT_3D('',#6057,#4866,#4867);
#4124=AXIS2_PLACEMENT_3D('',#6061,#4870,#4871);
#4125=AXIS2_PLACEMENT_3D('',#6064,#4874,#4875);
#4126=AXIS2_PLACEMENT_3D('',#6066,#4877,#4878);
#4127=AXIS2_PLACEMENT_3D('',#6069,#4881,#4882);
#4128=AXIS2_PLACEMENT_3D('',#6075,#4886,#4887);
#4129=AXIS2_PLACEMENT_3D('',#6078,#4890,#4891);
#4130=AXIS2_PLACEMENT_3D('',#6080,#4893,#4894);
#4131=AXIS2_PLACEMENT_3D('',#6083,#4895,#4896);
#4132=AXIS2_PLACEMENT_3D('',#6086,#4899,#4900);
#4133=AXIS2_PLACEMENT_3D('',#6090,#4903,#4904);
#4134=AXIS2_PLACEMENT_3D('',#6093,#4907,#4908);
#4135=AXIS2_PLACEMENT_3D('',#6097,#4911,#4912);
#4136=AXIS2_PLACEMENT_3D('',#6099,#4913,#4914);
#4137=AXIS2_PLACEMENT_3D('',#6102,#4917,#4918);
#4138=AXIS2_PLACEMENT_3D('',#6105,#4919,#4920);
#4139=AXIS2_PLACEMENT_3D('',#6108,#4923,#4924);
#4140=AXIS2_PLACEMENT_3D('',#6112,#4927,#4928);
#4141=AXIS2_PLACEMENT_3D('',#6115,#4929,#4930);
#4142=AXIS2_PLACEMENT_3D('',#6118,#4933,#4934);
#4143=AXIS2_PLACEMENT_3D('',#6126,#4939,#4940);
#4144=AXIS2_PLACEMENT_3D('',#6129,#4941,#4942);
#4145=AXIS2_PLACEMENT_3D('',#6132,#4945,#4946);
#4146=AXIS2_PLACEMENT_3D('',#6134,#4948,#4949);
#4147=AXIS2_PLACEMENT_3D('',#6141,#4953,#4954);
#4148=AXIS2_PLACEMENT_3D('',#6148,#4958,#4959);
#4149=AXIS2_PLACEMENT_3D('',#6155,#4963,#4964);
#4150=AXIS2_PLACEMENT_3D('',#6158,#4967,#4968);
#4151=AXIS2_PLACEMENT_3D('',#6165,#4972,#4973);
#4152=AXIS2_PLACEMENT_3D('',#6168,#4976,#4977);
#4153=AXIS2_PLACEMENT_3D('',#6174,#4981,#4982);
#4154=AXIS2_PLACEMENT_3D('',#6181,#4986,#4987);
#4155=AXIS2_PLACEMENT_3D('',#6184,#4990,#4991);
#4156=AXIS2_PLACEMENT_3D('',#6187,#4994,#4995);
#4157=AXIS2_PLACEMENT_3D('',#6194,#4999,#5000);
#4158=AXIS2_PLACEMENT_3D('',#6201,#5004,#5005);
#4159=AXIS2_PLACEMENT_3D('',#6204,#5008,#5009);
#4160=AXIS2_PLACEMENT_3D('',#6211,#5013,#5014);
#4161=AXIS2_PLACEMENT_3D('',#6218,#5018,#5019);
#4162=AXIS2_PLACEMENT_3D('',#6221,#5022,#5023);
#4163=AXIS2_PLACEMENT_3D('',#6227,#5027,#5028);
#4164=AXIS2_PLACEMENT_3D('',#6234,#5032,#5033);
#4165=AXIS2_PLACEMENT_3D('',#6237,#5036,#5037);
#4166=AXIS2_PLACEMENT_3D('',#6244,#5041,#5042);
#4167=AXIS2_PLACEMENT_3D('',#6251,#5046,#5047);
#4168=AXIS2_PLACEMENT_3D('',#6254,#5050,#5051);
#4169=AXIS2_PLACEMENT_3D('',#6260,#5055,#5056);
#4170=AXIS2_PLACEMENT_3D('',#6267,#5060,#5061);
#4171=AXIS2_PLACEMENT_3D('',#6270,#5064,#5065);
#4172=AXIS2_PLACEMENT_3D('',#6273,#5068,#5069);
#4173=AXIS2_PLACEMENT_3D('',#6280,#5073,#5074);
#4174=AXIS2_PLACEMENT_3D('',#6283,#5077,#5078);
#4175=AXIS2_PLACEMENT_3D('',#6290,#5082,#5083);
#4176=AXIS2_PLACEMENT_3D('',#6293,#5086,#5087);
#4177=AXIS2_PLACEMENT_3D('',#6296,#5090,#5091);
#4178=AXIS2_PLACEMENT_3D('',#6303,#5095,#5096);
#4179=AXIS2_PLACEMENT_3D('',#6306,#5099,#5100);
#4180=AXIS2_PLACEMENT_3D('',#6309,#5103,#5104);
#4181=AXIS2_PLACEMENT_3D('',#6312,#5107,#5108);
#4182=AXIS2_PLACEMENT_3D('',#6315,#5111,#5112);
#4183=AXIS2_PLACEMENT_3D('',#6318,#5115,#5116);
#4184=AXIS2_PLACEMENT_3D('',#6321,#5119,#5120);
#4185=AXIS2_PLACEMENT_3D('',#6324,#5123,#5124);
#4186=AXIS2_PLACEMENT_3D('',#6327,#5127,#5128);
#4187=AXIS2_PLACEMENT_3D('',#6330,#5131,#5132);
#4188=AXIS2_PLACEMENT_3D('',#6336,#5136,#5137);
#4189=AXIS2_PLACEMENT_3D('',#6339,#5140,#5141);
#4190=AXIS2_PLACEMENT_3D('',#6342,#5144,#5145);
#4191=AXIS2_PLACEMENT_3D('',#6350,#5151,#5152);
#4192=AXIS2_PLACEMENT_3D('',#6352,#5154,#5155);
#4193=AXIS2_PLACEMENT_3D('',#6353,#5156,#5157);
#4194=AXIS2_PLACEMENT_3D('',#6354,#5158,#5159);
#4195=AXIS2_PLACEMENT_3D('',#6356,#5161,#5162);
#4196=AXIS2_PLACEMENT_3D('',#6357,#5163,#5164);
#4197=AXIS2_PLACEMENT_3D('',#6358,#5165,#5166);
#4198=AXIS2_PLACEMENT_3D('',#6371,#5179,#5180);
#4199=AXIS2_PLACEMENT_3D('',#6372,#5181,#5182);
#4200=AXIS2_PLACEMENT_3D('',#6373,#5183,#5184);
#4201=AXIS2_PLACEMENT_3D('',#6375,#5185,#5186);
#4202=AXIS2_PLACEMENT_3D('',#6378,#5188,#5189);
#4203=AXIS2_PLACEMENT_3D('',#6380,#5190,#5191);
#4204=AXIS2_PLACEMENT_3D('',#6382,#5193,#5194);
#4205=AXIS2_PLACEMENT_3D('',#6384,#5195,#5196);
#4206=AXIS2_PLACEMENT_3D('',#6387,#5198,#5199);
#4207=AXIS2_PLACEMENT_3D('',#6389,#5200,#5201);
#4208=AXIS2_PLACEMENT_3D('',#6391,#5203,#5204);
#4209=AXIS2_PLACEMENT_3D('',#6393,#5205,#5206);
#4210=AXIS2_PLACEMENT_3D('',#6396,#5208,#5209);
#4211=AXIS2_PLACEMENT_3D('',#6398,#5210,#5211);
#4212=AXIS2_PLACEMENT_3D('',#6400,#5213,#5214);
#4213=AXIS2_PLACEMENT_3D('',#6402,#5215,#5216);
#4214=AXIS2_PLACEMENT_3D('',#6405,#5218,#5219);
#4215=AXIS2_PLACEMENT_3D('',#6407,#5220,#5221);
#4216=AXIS2_PLACEMENT_3D('',#6409,#5223,#5224);
#4217=AXIS2_PLACEMENT_3D('',#6411,#5225,#5226);
#4218=AXIS2_PLACEMENT_3D('',#6414,#5228,#5229);
#4219=AXIS2_PLACEMENT_3D('',#6416,#5230,#5231);
#4220=AXIS2_PLACEMENT_3D('',#6418,#5233,#5234);
#4221=AXIS2_PLACEMENT_3D('',#6420,#5235,#5236);
#4222=AXIS2_PLACEMENT_3D('',#6423,#5238,#5239);
#4223=AXIS2_PLACEMENT_3D('',#6425,#5240,#5241);
#4224=AXIS2_PLACEMENT_3D('',#6427,#5243,#5244);
#4225=AXIS2_PLACEMENT_3D('',#6431,#5247,#5248);
#4226=AXIS2_PLACEMENT_3D('',#6435,#5251,#5252);
#4227=AXIS2_PLACEMENT_3D('',#6437,#5254,#5255);
#4228=AXIS2_PLACEMENT_3D('',#6439,#5257,#5258);
#4229=AXIS2_PLACEMENT_3D('',#6441,#5260,#5261);
#4230=AXIS2_PLACEMENT_3D('',#6445,#5264,#5265);
#4231=AXIS2_PLACEMENT_3D('',#6447,#5267,#5268);
#4232=AXIS2_PLACEMENT_3D('',#6449,#5270,#5271);
#4233=AXIS2_PLACEMENT_3D('',#6454,#5275,#5276);
#4234=AXIS2_PLACEMENT_3D('',#6456,#5278,#5279);
#4235=AXIS2_PLACEMENT_3D('',#6457,#5280,#5281);
#4236=AXIS2_PLACEMENT_3D('',#6458,#5282,#5283);
#4237=AXIS2_PLACEMENT_3D('',#6462,#5286,#5287);
#4238=AXIS2_PLACEMENT_3D('',#6464,#5289,#5290);
#4239=AXIS2_PLACEMENT_3D('',#6466,#5292,#5293);
#4240=AXIS2_PLACEMENT_3D('',#6472,#5297,#5298);
#4241=AXIS2_PLACEMENT_3D('',#6476,#5301,#5302);
#4242=AXIS2_PLACEMENT_3D('',#6480,#5305,#5306);
#4243=AXIS2_PLACEMENT_3D('',#6482,#5308,#5309);
#4244=AXIS2_PLACEMENT_3D('',#6483,#5310,#5311);
#4245=AXIS2_PLACEMENT_3D('',#6485,#5313,#5314);
#4246=AXIS2_PLACEMENT_3D('',#6488,#5317,#5318);
#4247=AXIS2_PLACEMENT_3D('',#6489,#5319,#5320);
#4248=AXIS2_PLACEMENT_3D('',#6491,#5322,#5323);
#4249=AXIS2_PLACEMENT_3D('',#6493,#5325,#5326);
#4250=AXIS2_PLACEMENT_3D('',#6494,#5327,#5328);
#4251=AXIS2_PLACEMENT_3D('',#6495,#5329,#5330);
#4252=AXIS2_PLACEMENT_3D('',#6496,#5331,#5332);
#4253=AXIS2_PLACEMENT_3D('',#6497,#5333,#5334);
#4254=AXIS2_PLACEMENT_3D('',#6498,#5335,#5336);
#4255=AXIS2_PLACEMENT_3D('',#6499,#5337,#5338);
#4256=AXIS2_PLACEMENT_3D('',#6501,#5339,#5340);
#4257=AXIS2_PLACEMENT_3D('',#6503,#5342,#5343);
#4258=AXIS2_PLACEMENT_3D('',#6505,#5345,#5346);
#4259=AXIS2_PLACEMENT_3D('',#6506,#5347,#5348);
#4260=AXIS2_PLACEMENT_3D('',#6507,#5349,#5350);
#4261=AXIS2_PLACEMENT_3D('',#6508,#5351,#5352);
#4262=AXIS2_PLACEMENT_3D('',#6509,#5353,#5354);
#4263=AXIS2_PLACEMENT_3D('',#6510,#5355,#5356);
#4264=AXIS2_PLACEMENT_3D('',#6511,#5357,#5358);
#4265=AXIS2_PLACEMENT_3D('',#6512,#5359,#5360);
#4266=AXIS2_PLACEMENT_3D('',#6513,#5361,#5362);
#4267=AXIS2_PLACEMENT_3D('',#6514,#5363,#5364);
#4268=AXIS2_PLACEMENT_3D('',#6515,#5365,#5366);
#4269=AXIS2_PLACEMENT_3D('',#6516,#5367,#5368);
#4270=AXIS2_PLACEMENT_3D('',#6517,#5369,#5370);
#4271=AXIS2_PLACEMENT_3D('',#6518,#5371,#5372);
#4272=AXIS2_PLACEMENT_3D('',#6520,#5374,#5375);
#4273=AXIS2_PLACEMENT_3D('',#6521,#5376,#5377);
#4274=AXIS2_PLACEMENT_3D('',#6522,#5378,#5379);
#4275=AXIS2_PLACEMENT_3D('',#6523,#5380,#5381);
#4276=AXIS2_PLACEMENT_3D('',#6524,#5382,#5383);
#4277=AXIS2_PLACEMENT_3D('',#6525,#5384,#5385);
#4278=AXIS2_PLACEMENT_3D('',#6526,#5386,#5387);
#4279=DIRECTION('axis',(0.,0.,1.));
#4280=DIRECTION('refdir',(1.,0.,0.));
#4281=DIRECTION('center_axis',(0.,-1.,0.));
#4282=DIRECTION('ref_axis',(-0.707106799120168,0.,-0.707106763252927));
#4283=DIRECTION('center_axis',(0.,-1.,0.));
#4284=DIRECTION('ref_axis',(-0.707106799120168,0.,-0.707106763252927));
#4285=DIRECTION('',(0.,-1.,0.));
#4286=DIRECTION('center_axis',(-1.20573861576272E-8,-0.992546151641322,
-0.121869343405147));
#4287=DIRECTION('ref_axis',(-9.81995317683103E-8,0.121869343405147,-0.992546151641317));
#4288=DIRECTION('',(0.,1.,0.));
#4289=DIRECTION('center_axis',(-1.,0.,-1.51509514723972E-14));
#4290=DIRECTION('ref_axis',(1.51509514723972E-14,0.,-1.));
#4291=DIRECTION('',(1.51509514723972E-14,0.,-1.));
#4292=DIRECTION('',(1.51509514723972E-14,0.,-1.));
#4293=DIRECTION('',(0.,-1.,0.));
#4294=DIRECTION('',(1.51509514723972E-14,0.,-1.));
#4295=DIRECTION('',(0.,-1.,0.));
#4296=DIRECTION('',(1.51509514723972E-14,0.,-1.));
#4297=DIRECTION('',(0.,1.,0.));
#4298=DIRECTION('',(1.51509514723972E-14,0.,-1.));
#4299=DIRECTION('',(0.,1.,0.));
#4300=DIRECTION('',(-1.51509514723972E-14,0.,1.));
#4301=DIRECTION('',(0.,1.,0.));
#4302=DIRECTION('',(1.49644181182095E-14,-0.156434465040231,-0.987688340595138));
#4303=DIRECTION('',(1.50380185776323E-14,0.121869343405147,-0.992546151641322));
#4304=DIRECTION('center_axis',(0.,1.,0.));
#4305=DIRECTION('ref_axis',(0.707116532721452,0.,-0.70709702951716));
#4306=DIRECTION('center_axis',(0.,-1.,0.));
#4307=DIRECTION('ref_axis',(0.707116532721452,0.,-0.70709702951716));
#4308=DIRECTION('',(0.,-1.,0.));
#4309=DIRECTION('center_axis',(-1.20573861576272E-8,-0.992546151641322,
-0.121869343405147));
#4310=DIRECTION('ref_axis',(-9.81995281181089E-8,0.121869343405147,-0.992546151641317));
#4311=DIRECTION('',(0.,1.,0.));
#4312=DIRECTION('center_axis',(0.,1.,0.));
#4313=DIRECTION('ref_axis',(0.,0.,1.));
#4314=DIRECTION('',(0.999999999999999,0.,-5.07239427665044E-8));
#4315=DIRECTION('',(1.,0.,0.));
#4316=DIRECTION('',(0.,0.,1.));
#4317=DIRECTION('',(-0.999999999999995,0.,9.89369912131481E-8));
#4318=DIRECTION('',(0.,0.,-1.));
#4319=DIRECTION('',(1.,0.,0.));
#4320=DIRECTION('',(0.999999999619625,0.,2.75816959938576E-5));
#4321=DIRECTION('',(0.,0.,1.));
#4322=DIRECTION('center_axis',(0.,-1.,0.));
#4323=DIRECTION('ref_axis',(0.707116476864332,0.,-0.707097085375816));
#4324=DIRECTION('',(-0.99999999962397,0.,-2.74237060671371E-5));
#4325=DIRECTION('center_axis',(0.,1.,0.));
#4326=DIRECTION('ref_axis',(0.728630200934485,0.,-0.684907315106338));
#4327=DIRECTION('center_axis',(0.,1.,0.));
#4328=DIRECTION('ref_axis',(0.728630200934485,0.,-0.684907315106338));
#4329=DIRECTION('center_axis',(0.,-1.,0.));
#4330=DIRECTION('ref_axis',(-0.0705719458295451,0.,-0.997506691938371));
#4331=DIRECTION('',(-0.990035339513601,0.,0.140819126947264));
#4332=DIRECTION('',(-0.140819110213717,0.,-0.990035341893721));
#4333=DIRECTION('center_axis',(0.,-1.,0.));
#4334=DIRECTION('ref_axis',(0.600486556114614,0.,-0.79963485162017));
#4335=DIRECTION('',(-0.990035341893721,0.,0.140819110213719));
#4336=DIRECTION('',(-0.140819110213715,0.,-0.990035341893721));
#4337=DIRECTION('center_axis',(0.,-1.,0.));
#4338=DIRECTION('ref_axis',(0.600486556114628,0.,-0.799634851620159));
#4339=DIRECTION('',(-0.990035341893721,0.,0.140819110213717));
#4340=DIRECTION('center_axis',(0.,-1.,0.));
#4341=DIRECTION('ref_axis',(-0.799634851620167,0.,-0.600486556114618));
#4342=DIRECTION('',(0.140819110213716,0.,0.990035341893721));
#4343=DIRECTION('',(-1.,0.,2.28736761149946E-13));
#4344=DIRECTION('',(-1.,0.,1.59004027730869E-10));
#4345=DIRECTION('',(0.140773571624603,0.,-0.990041818072375));
#4346=DIRECTION('center_axis',(0.,-1.,0.));
#4347=DIRECTION('ref_axis',(0.799607230324843,0.,-0.600523336109625));
#4348=DIRECTION('',(-0.990041818072374,0.,-0.140773571624604));
#4349=DIRECTION('center_axis',(0.,-1.,0.));
#4350=DIRECTION('ref_axis',(-0.600523336109623,0.,-0.799607230324844));
#4351=DIRECTION('',(-0.14077357162461,0.,0.990041818072373));
#4352=DIRECTION('',(-0.990041818072374,0.,-0.140773571624604));
#4353=DIRECTION('center_axis',(0.,-1.,0.));
#4354=DIRECTION('ref_axis',(-0.600523336109637,0.,-0.799607230324834));
#4355=DIRECTION('',(-0.140773571624604,0.,0.990041818072374));
#4356=DIRECTION('',(-0.990041824958455,0.,-0.140773523195707));
#4357=DIRECTION('center_axis',(0.,-1.,0.));
#4358=DIRECTION('ref_axis',(0.0705626496155045,0.,-0.997507349586578));
#4359=DIRECTION('center_axis',(0.,1.,0.));
#4360=DIRECTION('ref_axis',(0.728615368802829,0.,-0.68492309374434));
#4361=DIRECTION('',(-1.,0.,1.82836497178517E-13));
#4362=DIRECTION('center_axis',(0.,-1.,0.));
#4363=DIRECTION('ref_axis',(-0.707106781186598,0.,-0.707106781186497));
#4364=DIRECTION('center_axis',(1.,0.,0.));
#4365=DIRECTION('ref_axis',(0.,0.,1.));
#4366=DIRECTION('',(0.,-0.121869343405147,0.992546151641322));
#4367=DIRECTION('',(0.,0.156434465040231,0.987688340595138));
#4368=DIRECTION('',(0.,-1.,0.));
#4369=DIRECTION('',(0.,0.,-1.));
#4370=DIRECTION('',(0.,-1.,0.));
#4371=DIRECTION('',(0.,0.,1.));
#4372=DIRECTION('',(0.,-1.,0.));
#4373=DIRECTION('',(0.,0.,1.));
#4374=DIRECTION('',(0.,1.,0.));
#4375=DIRECTION('',(0.,0.,1.));
#4376=DIRECTION('',(0.,1.,0.));
#4377=DIRECTION('center_axis',(0.,1.,0.));
#4378=DIRECTION('ref_axis',(0.866092008804687,0.,0.49988461897188));
#4379=DIRECTION('center_axis',(0.,-1.,0.));
#4380=DIRECTION('ref_axis',(0.866092008804687,0.,0.49988461897188));
#4381=DIRECTION('center_axis',(6.05850505578779E-17,-0.987688340595138,
0.156434465040231));
#4382=DIRECTION('ref_axis',(9.59485044772219E-16,0.156434465040231,0.987688340595138));
#4383=DIRECTION('',(0.,1.,0.));
#4384=DIRECTION('center_axis',(0.500230735430679,0.,0.865892147631841));
#4385=DIRECTION('ref_axis',(-0.865892147631841,0.,0.500230735430679));
#4386=DIRECTION('',(-0.863187187777802,0.0789812623824087,0.49866806499788));
#4387=DIRECTION('',(0.,-1.,0.));
#4388=DIRECTION('',(-0.865892147631841,0.,0.500230735430679));
#4389=DIRECTION('center_axis',(0.,-1.,0.));
#4390=DIRECTION('ref_axis',(0.707106781186552,0.,0.707106781186543));
#4391=DIRECTION('center_axis',(0.,-1.,0.));
#4392=DIRECTION('ref_axis',(0.707106781186552,0.,0.707106781186543));
#4393=DIRECTION('',(0.,1.,0.));
#4394=DIRECTION('center_axis',(0.,-1.,0.));
#4395=DIRECTION('ref_axis',(0.707106781186552,0.,0.707106781186543));
#4396=DIRECTION('center_axis',(0.,-1.,0.));
#4397=DIRECTION('ref_axis',(0.707116476864332,0.,-0.707097085375816));
#4398=DIRECTION('center_axis',(0.,-1.,0.));
#4399=DIRECTION('ref_axis',(0.707116476864332,0.,-0.707097085375816));
#4400=DIRECTION('',(0.,-1.,0.));
#4401=DIRECTION('center_axis',(2.74237060671371E-5,0.,-0.99999999962397));
#4402=DIRECTION('ref_axis',(0.99999999962397,0.,2.74237060671371E-5));
#4403=DIRECTION('',(0.99999999962397,0.,2.74237060671371E-5));
#4404=DIRECTION('',(0.,1.,0.));
#4405=DIRECTION('',(0.99999999962397,0.,2.74237060671371E-5));
#4406=DIRECTION('',(0.,-1.,0.));
#4407=DIRECTION('center_axis',(0.,-1.,0.));
#4408=DIRECTION('ref_axis',(-0.707106781186598,0.,-0.707106781186497));
#4409=DIRECTION('center_axis',(0.,-1.,0.));
#4410=DIRECTION('ref_axis',(-0.707106781186598,0.,-0.707106781186497));
#4411=DIRECTION('',(0.,1.,0.));
#4412=DIRECTION('center_axis',(-1.82836497178517E-13,0.,-1.));
#4413=DIRECTION('ref_axis',(1.,0.,-1.82836497178517E-13));
#4414=DIRECTION('',(0.,1.,0.));
#4415=DIRECTION('',(1.,0.,-1.82836497178517E-13));
#4416=DIRECTION('',(0.,-1.,0.));
#4417=DIRECTION('',(1.,0.,-1.82836497178517E-13));
#4418=DIRECTION('center_axis',(0.,1.,0.));
#4419=DIRECTION('ref_axis',(-0.86609200554862,0.,0.499884624613289));
#4420=DIRECTION('center_axis',(0.,-1.,0.));
#4421=DIRECTION('ref_axis',(-0.86609200554862,0.,0.499884624613289));
#4422=DIRECTION('',(0.,-1.,0.));
#4423=DIRECTION('center_axis',(6.05850505578779E-17,-0.987688340595138,
0.156434465040231));
#4424=DIRECTION('ref_axis',(1.02801969082738E-15,0.156434465040231,0.987688340595138));
#4425=DIRECTION('center_axis',(0.,1.,0.));
#4426=DIRECTION('ref_axis',(0.,0.,1.));
#4427=DIRECTION('center_axis',(0.,-1.,0.));
#4428=DIRECTION('ref_axis',(0.320264236105331,0.,0.947328253073806));
#4429=DIRECTION('',(-0.991799818351917,0.,0.127801096697581));
#4430=DIRECTION('center_axis',(0.,-1.,0.));
#4431=DIRECTION('ref_axis',(0.064031955226056,0.,0.99794784869247));
#4432=DIRECTION('',(-1.,0.,7.29305387946193E-9));
#4433=DIRECTION('',(-1.,0.,0.));
#4434=DIRECTION('center_axis',(0.,-1.,0.));
#4435=DIRECTION('ref_axis',(-0.0640319438904264,0.,0.997947849419805));
#4436=DIRECTION('',(-0.991799820323227,0.,-0.127801081399241));
#4437=DIRECTION('center_axis',(0.,-1.,0.));
#4438=DIRECTION('ref_axis',(-0.320264222628586,0.,0.947328257629903));
#4439=DIRECTION('',(-0.865892154148498,0.,-0.500230724150441));
#4440=DIRECTION('center_axis',(0.,-1.,0.));
#4441=DIRECTION('ref_axis',(-0.707106781186557,0.,0.707106781186538));
#4442=DIRECTION('',(1.,0.,-1.23268812580027E-16));
#4443=DIRECTION('',(0.,0.,1.));
#4444=DIRECTION('center_axis',(0.,-1.,0.));
#4445=DIRECTION('ref_axis',(-0.707106781186551,0.,0.707106781186544));
#4446=DIRECTION('',(1.,0.,0.));
#4447=DIRECTION('',(0.,0.,1.));
#4448=DIRECTION('center_axis',(0.,-1.,0.));
#4449=DIRECTION('ref_axis',(-0.733113085359461,0.,0.680106759321455));
#4450=DIRECTION('',(0.997190329399952,0.,0.0749095918505387));
#4451=DIRECTION('',(0.990041820303956,0.,0.140773555930189));
#4452=DIRECTION('center_axis',(0.,-1.,0.));
#4453=DIRECTION('ref_axis',(-0.0705626661062503,0.,0.997507348420039));
#4454=DIRECTION('',(1.,0.,-9.47469158629694E-16));
#4455=DIRECTION('center_axis',(0.,1.,0.));
#4456=DIRECTION('ref_axis',(-0.72861538803711,0.,0.684923073283074));
#4457=DIRECTION('',(1.,0.,-1.45861071456461E-8));
#4458=DIRECTION('center_axis',(0.,-1.,0.));
#4459=DIRECTION('ref_axis',(0.0705626796631929,0.,0.997507347461035));
#4460=DIRECTION('',(0.990041818530838,0.,-0.140773568400291));
#4461=DIRECTION('',(0.997190328307313,0.,-0.074909606395664));
#4462=DIRECTION('center_axis',(0.,-1.,0.));
#4463=DIRECTION('ref_axis',(0.733113090319517,0.,0.680106753974821));
#4464=DIRECTION('',(0.,0.,-1.));
#4465=DIRECTION('',(1.,0.,0.));
#4466=DIRECTION('center_axis',(0.,-1.,0.));
#4467=DIRECTION('ref_axis',(0.707106781186541,0.,0.707106781186554));
#4468=DIRECTION('',(0.,0.,-1.));
#4469=DIRECTION('',(1.,0.,0.));
#4470=DIRECTION('center_axis',(0.,-1.,0.));
#4471=DIRECTION('ref_axis',(-0.707106781186557,0.,0.707106781186538));
#4472=DIRECTION('center_axis',(0.,-1.,0.));
#4473=DIRECTION('ref_axis',(-0.707106781186557,0.,0.707106781186538));
#4474=DIRECTION('',(0.,-1.,0.));
#4475=DIRECTION('center_axis',(0.,1.,0.));
#4476=DIRECTION('ref_axis',(0.,0.,1.));
#4477=DIRECTION('',(-1.,0.,0.));
#4478=DIRECTION('',(0.,0.,1.));
#4479=DIRECTION('center_axis',(0.,-1.,0.));
#4480=DIRECTION('ref_axis',(0.733113090319517,0.,0.680106753974821));
#4481=DIRECTION('',(-0.997190328307313,0.,0.074909606395664));
#4482=DIRECTION('',(-0.990041818530838,0.,0.140773568400291));
#4483=DIRECTION('center_axis',(0.,-1.,0.));
#4484=DIRECTION('ref_axis',(0.0705626796631929,0.,0.997507347461035));
#4485=DIRECTION('',(-1.,0.,1.45861071456462E-8));
#4486=DIRECTION('',(-1.,0.,9.47469158629694E-16));
#4487=DIRECTION('center_axis',(0.,-1.,0.));
#4488=DIRECTION('ref_axis',(-0.0705626661062503,0.,0.997507348420039));
#4489=DIRECTION('',(-0.990041820303956,0.,-0.140773555930189));
#4490=DIRECTION('',(-0.997190329399952,0.,-0.0749095918505387));
#4491=DIRECTION('center_axis',(0.,-1.,0.));
#4492=DIRECTION('ref_axis',(-0.733113085359461,0.,0.680106759321455));
#4493=DIRECTION('',(0.,0.,-1.));
#4494=DIRECTION('',(-1.,0.,1.23268812580027E-16));
#4495=DIRECTION('center_axis',(0.,-1.,0.));
#4496=DIRECTION('ref_axis',(-0.707106781186546,0.,0.707106781186549));
#4497=DIRECTION('',(1.,0.,-1.4801629982016E-14));
#4498=DIRECTION('',(-0.0764596326037235,0.,0.997072677683078));
#4499=DIRECTION('center_axis',(0.,-1.,0.));
#4500=DIRECTION('ref_axis',(-0.759744860712668,0.,0.650221305880305));
#4501=DIRECTION('',(0.996919624100387,0.,0.0784299884198837));
#4502=DIRECTION('',(0.990041820306071,0.,0.140773555915308));
#4503=DIRECTION('center_axis',(0.,-1.,0.));
#4504=DIRECTION('ref_axis',(0.600523348796204,0.,0.799607220796932));
#4505=DIRECTION('',(0.140773555917877,0.,-0.990041820305706));
#4506=DIRECTION('center_axis',(0.,-1.,0.));
#4507=DIRECTION('ref_axis',(0.799607220796945,0.,-0.600523348796186));
#4508=DIRECTION('',(-0.990041820306066,0.,-0.140773555915346));
#4509=DIRECTION('',(0.140773551100193,0.,-0.99004182099073));
#4510=DIRECTION('center_axis',(0.,-1.,0.));
#4511=DIRECTION('ref_axis',(0.799607219369195,0.,-0.60052335069726));
#4512=DIRECTION('',(-0.990041820290423,0.,-0.140773556025363));
#4513=DIRECTION('',(0.140773566868376,0.,-0.99004181874866));
#4514=DIRECTION('center_axis',(0.,-1.,0.));
#4515=DIRECTION('ref_axis',(0.799607227439887,0.,-0.600523339950993));
#4516=DIRECTION('',(-0.99004181874866,0.,-0.140773566868376));
#4517=DIRECTION('',(0.140773552408159,0.,-0.990041820804751));
#4518=DIRECTION('center_axis',(0.,-1.,0.));
#4519=DIRECTION('ref_axis',(0.799607219733278,0.,-0.600523350212477));
#4520=DIRECTION('',(-0.990041820305706,0.,-0.140773555917878));
#4521=DIRECTION('center_axis',(0.,-1.,0.));
#4522=DIRECTION('ref_axis',(0.109650458741681,0.,-0.99397020926069));
#4523=DIRECTION('',(-0.996920452591012,0.,-0.0784194568058961));
#4524=DIRECTION('center_axis',(0.,-1.,0.));
#4525=DIRECTION('ref_axis',(-0.993042198008291,0.,-0.117759046254897));
#4526=DIRECTION('',(-1.,0.,0.));
#4527=DIRECTION('center_axis',(0.,-1.,0.));
#4528=DIRECTION('ref_axis',(-0.707106781186548,0.,-0.707106781186548));
#4529=DIRECTION('center_axis',(0.,-1.,0.));
#4530=DIRECTION('ref_axis',(0.0705626496155045,0.,-0.997507349586578));
#4531=DIRECTION('',(0.990041824958455,0.,0.140773523195707));
#4532=DIRECTION('',(1.,0.,-1.59004027730869E-10));
#4533=DIRECTION('',(1.,0.,-2.28736761149946E-13));
#4534=DIRECTION('',(0.990035339513601,0.,-0.140819126947264));
#4535=DIRECTION('center_axis',(0.,-1.,0.));
#4536=DIRECTION('ref_axis',(-0.0705719458295451,0.,-0.997506691938371));
#4537=DIRECTION('center_axis',(0.,-1.,0.));
#4538=DIRECTION('ref_axis',(0.707106783022731,0.,-0.707106779350364));
#4539=DIRECTION('',(-1.,0.,-5.19351691976997E-9));
#4540=DIRECTION('center_axis',(0.,-1.,0.));
#4541=DIRECTION('ref_axis',(0.993054826450921,0.,-0.117652503851513));
#4542=DIRECTION('',(-0.996919517644012,0.,0.0784313415697467));
#4543=DIRECTION('center_axis',(0.,-1.,0.));
#4544=DIRECTION('ref_axis',(-0.109656509377642,0.,-0.993969541762277));
#4545=DIRECTION('',(-0.99004178466116,0.,0.14077380660103));
#4546=DIRECTION('center_axis',(0.,-1.,0.));
#4547=DIRECTION('ref_axis',(-0.79960737285297,0.,-0.600523146330907));
#4548=DIRECTION('',(0.14077380660103,0.,0.99004178466116));
#4549=DIRECTION('',(-0.990041786700341,0.,0.140773792259768));
#4550=DIRECTION('center_axis',(0.,-1.,0.));
#4551=DIRECTION('ref_axis',(-0.799607368503528,0.,-0.600523152122267));
#4552=DIRECTION('',(0.140773806601031,0.,0.99004178466116));
#4553=DIRECTION('',(-0.990041787794309,0.,0.14077378456605));
#4554=DIRECTION('center_axis',(0.,-1.,0.));
#4555=DIRECTION('ref_axis',(-0.799607366170164,0.,-0.600523155229182));
#4556=DIRECTION('',(0.140773806601031,0.,0.99004178466116));
#4557=DIRECTION('',(-0.990041788252146,0.,0.140773781346151));
#4558=DIRECTION('center_axis',(0.,-1.,0.));
#4559=DIRECTION('ref_axis',(-0.799607365193627,0.,-0.60052315652946));
#4560=DIRECTION('',(0.140773806601029,0.,0.990041784661161));
#4561=DIRECTION('center_axis',(0.,-1.,0.));
#4562=DIRECTION('ref_axis',(-0.600523241679221,0.,0.799607301244229));
#4563=DIRECTION('',(0.990041818233975,0.,-0.140773570488092));
#4564=DIRECTION('',(0.996918634902478,0.,-0.0784425610506167));
#4565=DIRECTION('center_axis',(0.,-1.,0.));
#4566=DIRECTION('ref_axis',(0.759753068671418,0.,0.650211715246937));
#4567=DIRECTION('',(-0.0764722309729082,0.,-0.997071711508268));
#4568=DIRECTION('',(1.,0.,0.));
#4569=DIRECTION('center_axis',(0.,-1.,0.));
#4570=DIRECTION('ref_axis',(0.707106781186547,0.,0.707106781186548));
#4571=DIRECTION('',(1.,0.,0.));
#4572=DIRECTION('',(0.,0.,-1.));
#4573=DIRECTION('',(-1.,0.,0.));
#4574=DIRECTION('',(0.,0.,1.));
#4575=DIRECTION('center_axis',(0.,1.,0.));
#4576=DIRECTION('ref_axis',(-0.707106781186546,0.,0.707106781186549));
#4577=DIRECTION('center_axis',(0.,1.,0.));
#4578=DIRECTION('ref_axis',(-0.707106781186546,0.,0.707106781186549));
#4579=DIRECTION('',(0.,-1.,0.));
#4580=DIRECTION('center_axis',(0.,1.,0.));
#4581=DIRECTION('ref_axis',(-0.759744860712668,0.,0.650221305880305));
#4582=DIRECTION('',(0.,1.,0.));
#4583=DIRECTION('center_axis',(0.,1.,0.));
#4584=DIRECTION('ref_axis',(-0.759744860712668,0.,0.650221305880305));
#4585=DIRECTION('',(0.,-1.,0.));
#4586=DIRECTION('center_axis',(-0.997072677683078,0.,-0.0764596326037235));
#4587=DIRECTION('ref_axis',(-0.0764596326037235,0.,0.997072677683078));
#4588=DIRECTION('',(0.,1.,0.));
#4589=DIRECTION('',(0.0764596326037235,0.,-0.997072677683078));
#4590=DIRECTION('center_axis',(0.,1.,0.));
#4591=DIRECTION('ref_axis',(0.600523348796204,0.,0.799607220796932));
#4592=DIRECTION('',(0.,1.,0.));
#4593=DIRECTION('center_axis',(0.,1.,0.));
#4594=DIRECTION('ref_axis',(0.600523348796204,0.,0.799607220796932));
#4595=DIRECTION('',(0.,-1.,0.));
#4596=DIRECTION('center_axis',(-0.140773555915308,0.,0.990041820306071));
#4597=DIRECTION('ref_axis',(0.990041820306071,0.,0.140773555915308));
#4598=DIRECTION('',(0.,1.,0.));
#4599=DIRECTION('',(-0.990041820306071,0.,-0.140773555915308));
#4600=DIRECTION('center_axis',(0.,1.,0.));
#4601=DIRECTION('ref_axis',(0.799607220796945,0.,-0.600523348796186));
#4602=DIRECTION('',(0.,1.,0.));
#4603=DIRECTION('center_axis',(0.,1.,0.));
#4604=DIRECTION('ref_axis',(0.799607220796945,0.,-0.600523348796186));
#4605=DIRECTION('',(0.,-1.,0.));
#4606=DIRECTION('center_axis',(0.990041820305706,0.,0.140773555917877));
#4607=DIRECTION('ref_axis',(0.140773555917877,0.,-0.990041820305706));
#4608=DIRECTION('',(-0.140773555917877,0.,0.990041820305706));
#4609=DIRECTION('center_axis',(0.,1.,0.));
#4610=DIRECTION('ref_axis',(0.799607219369195,0.,-0.60052335069726));
#4611=DIRECTION('',(0.,1.,0.));
#4612=DIRECTION('center_axis',(0.,1.,0.));
#4613=DIRECTION('ref_axis',(0.799607219369195,0.,-0.60052335069726));
#4614=DIRECTION('',(0.,-1.,0.));
#4615=DIRECTION('center_axis',(0.99004182099073,0.,0.140773551100193));
#4616=DIRECTION('ref_axis',(0.140773551100193,0.,-0.99004182099073));
#4617=DIRECTION('',(0.,1.,0.));
#4618=DIRECTION('',(-0.140773551100193,0.,0.99004182099073));
#4619=DIRECTION('center_axis',(0.,1.,0.));
#4620=DIRECTION('ref_axis',(0.799607227439887,0.,-0.600523339950993));
#4621=DIRECTION('',(0.,1.,0.));
#4622=DIRECTION('center_axis',(0.,1.,0.));
#4623=DIRECTION('ref_axis',(0.799607227439887,0.,-0.600523339950993));
#4624=DIRECTION('',(0.,-1.,0.));
#4625=DIRECTION('center_axis',(0.99004181874866,0.,0.140773566868376));
#4626=DIRECTION('ref_axis',(0.140773566868376,0.,-0.99004181874866));
#4627=DIRECTION('',(0.,1.,0.));
#4628=DIRECTION('',(-0.140773566868376,0.,0.99004181874866));
#4629=DIRECTION('center_axis',(0.,1.,0.));
#4630=DIRECTION('ref_axis',(0.799607219733278,0.,-0.600523350212477));
#4631=DIRECTION('',(0.,1.,0.));
#4632=DIRECTION('center_axis',(0.,1.,0.));
#4633=DIRECTION('ref_axis',(0.799607219733278,0.,-0.600523350212477));
#4634=DIRECTION('',(0.,-1.,0.));
#4635=DIRECTION('center_axis',(0.990041820804751,0.,0.140773552408159));
#4636=DIRECTION('ref_axis',(0.140773552408159,0.,-0.990041820804751));
#4637=DIRECTION('',(0.,1.,0.));
#4638=DIRECTION('',(-0.140773552408159,0.,0.990041820804751));
#4639=DIRECTION('center_axis',(0.,1.,0.));
#4640=DIRECTION('ref_axis',(-0.707106781186548,0.,-0.707106781186548));
#4641=DIRECTION('',(0.,1.,0.));
#4642=DIRECTION('center_axis',(0.,1.,0.));
#4643=DIRECTION('ref_axis',(-0.707106781186548,0.,-0.707106781186548));
#4644=DIRECTION('center_axis',(0.,0.,-1.));
#4645=DIRECTION('ref_axis',(-1.,0.,0.));
#4646=DIRECTION('',(0.,1.,0.));
#4647=DIRECTION('',(1.,0.,0.));
#4648=DIRECTION('center_axis',(0.,-1.,0.));
#4649=DIRECTION('ref_axis',(-0.993042198008291,0.,-0.117759046254897));
#4650=DIRECTION('',(0.,1.,0.));
#4651=DIRECTION('center_axis',(0.,1.,0.));
#4652=DIRECTION('ref_axis',(-0.993042198008291,0.,-0.117759046254897));
#4653=DIRECTION('center_axis',(0.,1.,0.));
#4654=DIRECTION('ref_axis',(0.109650458741681,0.,-0.99397020926069));
#4655=DIRECTION('',(0.,1.,0.));
#4656=DIRECTION('center_axis',(0.,1.,0.));
#4657=DIRECTION('ref_axis',(0.109650458741681,0.,-0.99397020926069));
#4658=DIRECTION('',(0.,-1.,0.));
#4659=DIRECTION('center_axis',(0.140773555917878,0.,-0.990041820305706));
#4660=DIRECTION('ref_axis',(-0.990041820305706,0.,-0.140773555917878));
#4661=DIRECTION('',(0.990041820305706,0.,0.140773555917878));
#4662=DIRECTION('center_axis',(0.,1.,0.));
#4663=DIRECTION('ref_axis',(0.707106783022731,0.,-0.707106779350364));
#4664=DIRECTION('center_axis',(0.,1.,0.));
#4665=DIRECTION('ref_axis',(0.707106783022731,0.,-0.707106779350364));
#4666=DIRECTION('',(0.,-1.,0.));
#4667=DIRECTION('center_axis',(0.,1.,0.));
#4668=DIRECTION('ref_axis',(0.993054826450921,0.,-0.117652503851513));
#4669=DIRECTION('center_axis',(0.,1.,0.));
#4670=DIRECTION('ref_axis',(0.993054826450921,0.,-0.117652503851513));
#4671=DIRECTION('',(0.,-1.,0.));
#4672=DIRECTION('',(0.,1.,0.));
#4673=DIRECTION('center_axis',(0.,1.,0.));
#4674=DIRECTION('ref_axis',(-0.109656509377642,0.,-0.993969541762277));
#4675=DIRECTION('',(0.,1.,0.));
#4676=DIRECTION('center_axis',(0.,1.,0.));
#4677=DIRECTION('ref_axis',(-0.109656509377642,0.,-0.993969541762277));
#4678=DIRECTION('',(0.,-1.,0.));
#4679=DIRECTION('center_axis',(-0.0784313415697467,0.,-0.996919517644012));
#4680=DIRECTION('ref_axis',(-0.996919517644012,0.,0.0784313415697467));
#4681=DIRECTION('',(0.996919517644012,0.,-0.0784313415697467));
#4682=DIRECTION('center_axis',(0.,1.,0.));
#4683=DIRECTION('ref_axis',(-0.79960737285297,0.,-0.600523146330907));
#4684=DIRECTION('',(0.,1.,0.));
#4685=DIRECTION('center_axis',(0.,1.,0.));
#4686=DIRECTION('ref_axis',(-0.79960737285297,0.,-0.600523146330907));
#4687=DIRECTION('',(0.,-1.,0.));
#4688=DIRECTION('center_axis',(-0.14077380660103,0.,-0.990041784661161));
#4689=DIRECTION('ref_axis',(-0.99004178466116,0.,0.14077380660103));
#4690=DIRECTION('',(0.99004178466116,0.,-0.14077380660103));
#4691=DIRECTION('center_axis',(0.,1.,0.));
#4692=DIRECTION('ref_axis',(-0.799607368503528,0.,-0.600523152122267));
#4693=DIRECTION('',(0.,1.,0.));
#4694=DIRECTION('center_axis',(0.,1.,0.));
#4695=DIRECTION('ref_axis',(-0.799607368503528,0.,-0.600523152122267));
#4696=DIRECTION('',(0.,-1.,0.));
#4697=DIRECTION('center_axis',(-0.140773792259768,0.,-0.990041786700341));
#4698=DIRECTION('ref_axis',(-0.990041786700341,0.,0.140773792259768));
#4699=DIRECTION('',(0.,1.,0.));
#4700=DIRECTION('',(0.990041786700341,0.,-0.140773792259768));
#4701=DIRECTION('center_axis',(0.,1.,0.));
#4702=DIRECTION('ref_axis',(-0.799607366170164,0.,-0.600523155229182));
#4703=DIRECTION('',(0.,1.,0.));
#4704=DIRECTION('center_axis',(0.,1.,0.));
#4705=DIRECTION('ref_axis',(-0.799607366170164,0.,-0.600523155229182));
#4706=DIRECTION('',(0.,-1.,0.));
#4707=DIRECTION('center_axis',(-0.14077378456605,0.,-0.990041787794309));
#4708=DIRECTION('ref_axis',(-0.990041787794309,0.,0.14077378456605));
#4709=DIRECTION('',(0.,1.,0.));
#4710=DIRECTION('',(0.990041787794309,0.,-0.14077378456605));
#4711=DIRECTION('center_axis',(0.,1.,0.));
#4712=DIRECTION('ref_axis',(-0.799607365193627,0.,-0.60052315652946));
#4713=DIRECTION('',(0.,1.,0.));
#4714=DIRECTION('center_axis',(0.,1.,0.));
#4715=DIRECTION('ref_axis',(-0.799607365193627,0.,-0.60052315652946));
#4716=DIRECTION('',(0.,-1.,0.));
#4717=DIRECTION('center_axis',(-0.140773781346151,0.,-0.990041788252146));
#4718=DIRECTION('ref_axis',(-0.990041788252146,0.,0.140773781346151));
#4719=DIRECTION('',(0.,1.,0.));
#4720=DIRECTION('',(0.990041788252146,0.,-0.140773781346151));
#4721=DIRECTION('center_axis',(0.,1.,0.));
#4722=DIRECTION('ref_axis',(-0.600523241679221,0.,0.799607301244229));
#4723=DIRECTION('',(0.,1.,0.));
#4724=DIRECTION('center_axis',(0.,1.,0.));
#4725=DIRECTION('ref_axis',(-0.600523241679221,0.,0.799607301244229));
#4726=DIRECTION('',(0.,-1.,0.));
#4727=DIRECTION('center_axis',(-0.990041784661161,0.,0.140773806601029));
#4728=DIRECTION('ref_axis',(0.140773806601029,0.,0.990041784661161));
#4729=DIRECTION('',(-0.140773806601029,0.,-0.990041784661161));
#4730=DIRECTION('center_axis',(0.,1.,0.));
#4731=DIRECTION('ref_axis',(0.759753068671418,0.,0.650211715246937));
#4732=DIRECTION('',(0.,1.,0.));
#4733=DIRECTION('center_axis',(0.,1.,0.));
#4734=DIRECTION('ref_axis',(0.759753068671418,0.,0.650211715246937));
#4735=DIRECTION('',(0.,-1.,0.));
#4736=DIRECTION('center_axis',(0.0784425610506167,0.,0.996918634902478));
#4737=DIRECTION('ref_axis',(0.996918634902478,0.,-0.0784425610506167));
#4738=DIRECTION('',(0.,1.,0.));
#4739=DIRECTION('',(-0.996918634902478,0.,0.0784425610506167));
#4740=DIRECTION('center_axis',(0.,1.,0.));
#4741=DIRECTION('ref_axis',(0.707106781186547,0.,0.707106781186548));
#4742=DIRECTION('',(0.,1.,0.));
#4743=DIRECTION('center_axis',(0.,1.,0.));
#4744=DIRECTION('ref_axis',(0.707106781186547,0.,0.707106781186548));
#4745=DIRECTION('center_axis',(0.,0.,1.));
#4746=DIRECTION('ref_axis',(1.,0.,0.));
#4747=DIRECTION('',(0.,1.,0.));
#4748=DIRECTION('',(-1.,0.,0.));
#4749=DIRECTION('center_axis',(0.,1.,0.));
#4750=DIRECTION('ref_axis',(-0.320264222628586,0.,0.947328257629903));
#4751=DIRECTION('',(0.,-1.,0.));
#4752=DIRECTION('center_axis',(6.05850505578779E-17,-0.987688340595138,
0.156434465040231));
#4753=DIRECTION('ref_axis',(-1.71336615137896E-15,0.156434465040231,0.987688340595138));
#4754=DIRECTION('',(0.,1.,0.));
#4755=DIRECTION('center_axis',(-0.127801081399241,0.,0.991799820323227));
#4756=DIRECTION('ref_axis',(-0.991799820323227,0.,-0.127801081399241));
#4757=DIRECTION('',(0.,1.,0.));
#4758=DIRECTION('',(-0.99159669938959,-0.0202375572428223,-0.127774907695192));
#4759=DIRECTION('center_axis',(0.,1.,0.));
#4760=DIRECTION('ref_axis',(0.064031955226056,0.,0.99794784869247));
#4761=DIRECTION('',(0.,-1.,0.));
#4762=DIRECTION('center_axis',(6.05850505578779E-17,-0.987688340595138,
0.156434465040231));
#4763=DIRECTION('ref_axis',(7.71014768120533E-16,0.156434465040231,0.987688340595138));
#4764=DIRECTION('',(0.,1.,0.));
#4765=DIRECTION('center_axis',(0.127801096697581,0.,0.991799818351917));
#4766=DIRECTION('ref_axis',(-0.991799818351917,0.,0.127801096697581));
#4767=DIRECTION('',(0.,1.,0.));
#4768=DIRECTION('',(-0.99159669737007,0.0202375596643528,0.127774922984134));
#4769=DIRECTION('center_axis',(0.,1.,0.));
#4770=DIRECTION('ref_axis',(-0.0640319438904264,0.,0.997947849419805));
#4771=DIRECTION('',(0.,-1.,0.));
#4772=DIRECTION('center_axis',(6.05850505578779E-17,-0.987688340595138,
0.156434465040231));
#4773=DIRECTION('ref_axis',(6.16811814496426E-16,0.156434465040231,0.987688340595138));
#4774=DIRECTION('center_axis',(0.,0.,1.));
#4775=DIRECTION('ref_axis',(-1.,0.,0.));
#4776=DIRECTION('',(0.,1.,0.));
#4777=DIRECTION('',(-1.,-6.13402508339544E-17,0.));
#4778=DIRECTION('center_axis',(0.,1.,0.));
#4779=DIRECTION('ref_axis',(0.320264236105331,0.,0.947328253073806));
#4780=DIRECTION('center_axis',(6.05850505578779E-17,-0.987688340595138,
0.156434465040231));
#4781=DIRECTION('ref_axis',(-8.9095039871706E-16,0.156434465040231,0.987688340595138));
#4782=DIRECTION('center_axis',(0.,0.,1.));
#4783=DIRECTION('ref_axis',(0.707106781186548,-0.707106781186548,0.));
#4784=DIRECTION('center_axis',(-9.89369912131481E-8,0.,-0.999999999999995));
#4785=DIRECTION('ref_axis',(0.707106781186546,-0.707106781186546,-6.99590173970111E-8));
#4786=DIRECTION('',(0.,0.,1.));
#4787=DIRECTION('center_axis',(0.,0.,1.));
#4788=DIRECTION('ref_axis',(0.707106781186548,-0.707106781186548,0.));
#4789=DIRECTION('',(0.,0.,-1.));
#4790=DIRECTION('center_axis',(4.62592926927149E-17,-1.,0.));
#4791=DIRECTION('ref_axis',(1.,4.62592926927149E-17,0.));
#4792=DIRECTION('',(0.999999999999995,4.62592926927146E-17,-9.89369912131481E-8));
#4793=DIRECTION('',(0.,0.,-1.));
#4794=DIRECTION('',(-1.,-4.62592926927149E-17,0.));
#4795=DIRECTION('center_axis',(0.,0.,1.));
#4796=DIRECTION('ref_axis',(-0.707106781186547,-0.707106781186548,0.));
#4797=DIRECTION('center_axis',(-9.89369912131481E-8,0.,-0.999999999999995));
#4798=DIRECTION('ref_axis',(-0.707106781186545,-0.707106781186547,6.9959017397011E-8));
#4799=DIRECTION('',(0.,0.,1.));
#4800=DIRECTION('center_axis',(0.,0.,1.));
#4801=DIRECTION('ref_axis',(-0.707106781186547,-0.707106781186548,0.));
#4802=DIRECTION('center_axis',(-1.,1.63268091856641E-16,0.));
#4803=DIRECTION('ref_axis',(-1.63268091856641E-16,-1.,0.));
#4804=DIRECTION('',(-1.63268091856641E-16,-1.,1.6153253769408E-23));
#4805=DIRECTION('',(0.,0.,-1.));
#4806=DIRECTION('',(1.63268091856641E-16,1.,0.));
#4807=DIRECTION('center_axis',(0.,0.,1.));
#4808=DIRECTION('ref_axis',(0.707106781186548,0.707106781186547,0.));
#4809=DIRECTION('center_axis',(0.,0.,1.));
#4810=DIRECTION('ref_axis',(0.707106781186548,0.707106781186547,0.));
#4811=DIRECTION('center_axis',(-9.89369912131481E-8,0.,-0.999999999999995));
#4812=DIRECTION('ref_axis',(0.707106781186546,0.707106781186545,-6.99590173970111E-8));
#4813=DIRECTION('',(0.,0.,1.));
#4814=DIRECTION('center_axis',(0.,0.,1.));
#4815=DIRECTION('ref_axis',(-0.707106781186548,0.707106781186547,0.));
#4816=DIRECTION('center_axis',(0.,0.,1.));
#4817=DIRECTION('ref_axis',(-0.707106781186548,0.707106781186547,0.));
#4818=DIRECTION('center_axis',(-9.89369912131481E-8,0.,-0.999999999999995));
#4819=DIRECTION('ref_axis',(-0.707106781186546,0.707106781186546,6.99590173970111E-8));
#4820=DIRECTION('center_axis',(0.,-1.,0.));
#4821=DIRECTION('ref_axis',(0.0705626496155045,0.,-0.997507349586578));
#4822=DIRECTION('center_axis',(0.,-1.,0.));
#4823=DIRECTION('ref_axis',(0.0705626496155045,0.,-0.997507349586578));
#4824=DIRECTION('',(0.,-1.,0.));
#4825=DIRECTION('',(0.,1.,0.));
#4826=DIRECTION('center_axis',(0.,1.,0.));
#4827=DIRECTION('ref_axis',(0.799607230324843,0.,-0.600523336109625));
#4828=DIRECTION('center_axis',(0.,-1.,0.));
#4829=DIRECTION('ref_axis',(0.799607230324843,0.,-0.600523336109625));
#4830=DIRECTION('',(0.,-1.,0.));
#4831=DIRECTION('',(0.,1.,0.));
#4832=DIRECTION('center_axis',(0.990041818072375,0.,0.140773571624603));
#4833=DIRECTION('ref_axis',(0.140773571624603,0.,-0.990041818072375));
#4834=DIRECTION('',(0.,-1.,0.));
#4835=DIRECTION('',(0.140773571624603,0.,-0.990041818072375));
#4836=DIRECTION('center_axis',(0.,1.,0.));
#4837=DIRECTION('ref_axis',(-0.600523336109623,0.,-0.799607230324844));
#4838=DIRECTION('center_axis',(0.,-1.,0.));
#4839=DIRECTION('ref_axis',(-0.600523336109623,0.,-0.799607230324844));
#4840=DIRECTION('',(0.,-1.,0.));
#4841=DIRECTION('',(0.,1.,0.));
#4842=DIRECTION('center_axis',(0.140773571624604,0.,-0.990041818072374));
#4843=DIRECTION('ref_axis',(-0.990041818072374,0.,-0.140773571624604));
#4844=DIRECTION('',(-0.990041818072374,0.,-0.140773571624604));
#4845=DIRECTION('center_axis',(0.,-1.,0.));
#4846=DIRECTION('ref_axis',(-0.600523336109637,0.,-0.799607230324834));
#4847=DIRECTION('center_axis',(0.,-1.,0.));
#4848=DIRECTION('ref_axis',(-0.600523336109637,0.,-0.799607230324834));
#4849=DIRECTION('',(0.,-1.,0.));
#4850=DIRECTION('',(0.,1.,0.));
#4851=DIRECTION('center_axis',(0.,1.,0.));
#4852=DIRECTION('ref_axis',(0.,0.,1.));
#4853=DIRECTION('',(-0.990041818072374,0.,-0.140773571624604));
#4854=DIRECTION('',(0.14077357162461,0.,-0.990041818072373));
#4855=DIRECTION('',(0.990041824958455,0.,0.140773523195707));
#4856=DIRECTION('',(-0.140773571624604,0.,0.990041818072374));
#4857=DIRECTION('center_axis',(0.140773571624604,0.,-0.990041818072374));
#4858=DIRECTION('ref_axis',(-0.990041818072374,0.,-0.140773571624604));
#4859=DIRECTION('',(0.,-1.,0.));
#4860=DIRECTION('center_axis',(0.,1.,0.));
#4861=DIRECTION('ref_axis',(-0.707106781186551,0.,0.707106781186544));
#4862=DIRECTION('center_axis',(0.,-1.,0.));
#4863=DIRECTION('ref_axis',(-0.707106781186551,0.,0.707106781186544));
#4864=DIRECTION('',(0.,-1.,0.));
#4865=DIRECTION('',(0.,1.,0.));
#4866=DIRECTION('center_axis',(-1.,0.,0.));
#4867=DIRECTION('ref_axis',(0.,0.,1.));
#4868=DIRECTION('',(0.,-1.,0.));
#4869=DIRECTION('',(0.,0.,1.));
#4870=DIRECTION('center_axis',(0.,-1.,0.));
#4871=DIRECTION('ref_axis',(-0.733113085359461,0.,0.680106759321455));
#4872=DIRECTION('',(0.,-1.,0.));
#4873=DIRECTION('',(0.,1.,0.));
#4874=DIRECTION('center_axis',(-0.0749095918505387,0.,0.997190329399953));
#4875=DIRECTION('ref_axis',(-0.997190329399952,0.,-0.0749095918505387));
#4876=DIRECTION('',(0.,-1.,0.));
#4877=DIRECTION('center_axis',(0.,-1.,0.));
#4878=DIRECTION('ref_axis',(-0.0705626661062503,0.,0.997507348420039));
#4879=DIRECTION('',(0.,-1.,0.));
#4880=DIRECTION('',(0.,1.,0.));
#4881=DIRECTION('center_axis',(9.47469158629694E-16,0.,1.));
#4882=DIRECTION('ref_axis',(-1.,0.,9.47469158629694E-16));
#4883=DIRECTION('',(0.,-1.,0.));
#4884=DIRECTION('',(-1.,0.,9.47469158629694E-16));
#4885=DIRECTION('',(0.,-1.,0.));
#4886=DIRECTION('center_axis',(0.,-1.,0.));
#4887=DIRECTION('ref_axis',(0.0705626796631929,0.,0.997507347461035));
#4888=DIRECTION('',(0.,-1.,0.));
#4889=DIRECTION('',(0.,1.,0.));
#4890=DIRECTION('center_axis',(0.140773568400291,0.,0.990041818530838));
#4891=DIRECTION('ref_axis',(-0.990041818530838,0.,0.140773568400291));
#4892=DIRECTION('',(0.,-1.,0.));
#4893=DIRECTION('center_axis',(0.,1.,0.));
#4894=DIRECTION('ref_axis',(0.707106781186541,0.,0.707106781186554));
#4895=DIRECTION('center_axis',(0.,-1.,0.));
#4896=DIRECTION('ref_axis',(0.707106781186541,0.,0.707106781186554));
#4897=DIRECTION('',(0.,-1.,0.));
#4898=DIRECTION('',(0.,1.,0.));
#4899=DIRECTION('center_axis',(0.,0.,1.));
#4900=DIRECTION('ref_axis',(1.,0.,0.));
#4901=DIRECTION('',(0.,-1.,0.));
#4902=DIRECTION('',(1.,0.,0.));
#4903=DIRECTION('center_axis',(0.,-1.,0.));
#4904=DIRECTION('ref_axis',(0.733113090319517,0.,0.680106753974821));
#4905=DIRECTION('',(0.,-1.,0.));
#4906=DIRECTION('',(0.,1.,0.));
#4907=DIRECTION('center_axis',(1.,0.,0.));
#4908=DIRECTION('ref_axis',(0.,0.,1.));
#4909=DIRECTION('',(0.,-1.,0.));
#4910=DIRECTION('',(0.,0.,1.));
#4911=DIRECTION('center_axis',(0.,-1.,0.));
#4912=DIRECTION('ref_axis',(-0.0705719458295451,0.,-0.997506691938371));
#4913=DIRECTION('center_axis',(0.,-1.,0.));
#4914=DIRECTION('ref_axis',(-0.0705719458295451,0.,-0.997506691938371));
#4915=DIRECTION('',(0.,-1.,0.));
#4916=DIRECTION('',(0.,1.,0.));
#4917=DIRECTION('center_axis',(0.,1.,0.));
#4918=DIRECTION('ref_axis',(0.600486556114614,0.,-0.79963485162017));
#4919=DIRECTION('center_axis',(0.,-1.,0.));
#4920=DIRECTION('ref_axis',(0.600486556114614,0.,-0.79963485162017));
#4921=DIRECTION('',(0.,-1.,0.));
#4922=DIRECTION('',(0.,1.,0.));
#4923=DIRECTION('center_axis',(0.990035341893721,0.,-0.140819110213717));
#4924=DIRECTION('ref_axis',(-0.140819110213717,0.,-0.990035341893721));
#4925=DIRECTION('',(0.,-1.,0.));
#4926=DIRECTION('',(-0.140819110213717,0.,-0.990035341893721));
#4927=DIRECTION('center_axis',(0.,1.,0.));
#4928=DIRECTION('ref_axis',(0.600486556114628,0.,-0.799634851620159));
#4929=DIRECTION('center_axis',(0.,-1.,0.));
#4930=DIRECTION('ref_axis',(0.600486556114628,0.,-0.799634851620159));
#4931=DIRECTION('',(0.,-1.,0.));
#4932=DIRECTION('',(0.,1.,0.));
#4933=DIRECTION('center_axis',(0.990035341893721,0.,-0.140819110213715));
#4934=DIRECTION('ref_axis',(-0.140819110213715,0.,-0.990035341893721));
#4935=DIRECTION('',(0.,1.,0.));
#4936=DIRECTION('',(0.140819110213715,0.,0.990035341893721));
#4937=DIRECTION('',(0.,-1.,0.));
#4938=DIRECTION('',(-0.140819110213715,0.,-0.990035341893721));
#4939=DIRECTION('center_axis',(0.,1.,0.));
#4940=DIRECTION('ref_axis',(-0.799634851620167,0.,-0.600486556114618));
#4941=DIRECTION('center_axis',(0.,-1.,0.));
#4942=DIRECTION('ref_axis',(-0.799634851620167,0.,-0.600486556114618));
#4943=DIRECTION('',(0.,-1.,0.));
#4944=DIRECTION('',(0.,1.,0.));
#4945=DIRECTION('center_axis',(-0.140819110213717,0.,-0.990035341893721));
#4946=DIRECTION('ref_axis',(-0.990035341893721,0.,0.140819110213717));
#4947=DIRECTION('',(-0.990035341893721,0.,0.140819110213717));
#4948=DIRECTION('center_axis',(0.232097774352397,-0.585717987947608,0.776572637771426));
#4949=DIRECTION('ref_axis',(0.958122567277993,0.,-0.286358422388146));
#4950=DIRECTION('',(0.946182305664707,-0.049171756152406,-0.319876824487032));
#4951=DIRECTION('',(-0.383336217854132,0.678681278217478,0.626454361209482));
#4952=DIRECTION('',(-0.715857441931749,-0.643381357240027,-0.271308960388178));
#4953=DIRECTION('center_axis',(0.0435217426419035,-0.628252578079772,0.776791192054552));
#4954=DIRECTION('ref_axis',(0.998434139845987,0.,-0.0559398640506414));
#4955=DIRECTION('',(0.997897562934112,-0.0100385322764434,-0.0640287572883817));
#4956=DIRECTION('',(-0.523755668161988,0.647765901149563,0.55324437401214));
#4957=DIRECTION('',(-0.595647515795151,-0.640537666193449,-0.484680859034598));
#4958=DIRECTION('center_axis',(0.702257286928343,-0.521466782125904,0.484672155271271));
#4959=DIRECTION('ref_axis',(0.568016285396842,0.,-0.823017314230979));
#4960=DIRECTION('',(0.495599091173959,-0.130658656702456,-0.85866748876166));
#4961=DIRECTION('',(0.0843170808072446,0.73692282592656,0.670697680413879));
#4962=DIRECTION('',(-0.693596143332032,-0.654623111428774,0.300654239847441));
#4963=DIRECTION('center_axis',(0.331948216263839,-0.655420308396043,0.678405926463862));
#4964=DIRECTION('ref_axis',(0.898236409259013,0.,-0.439512631310494));
#4965=DIRECTION('',(-0.863187187777802,0.0789812623824087,0.49866806499788));
#4966=DIRECTION('',(0.863187187777802,-0.0789812623824087,-0.49866806499788));
#4967=DIRECTION('center_axis',(0.247245878928377,0.635615366965844,0.731342997935859));
#4968=DIRECTION('ref_axis',(0.947328253073803,0.,-0.320264236105339));
#4969=DIRECTION('',(0.409438996945298,0.615546923819956,-0.673395643256041));
#4970=DIRECTION('',(-0.947328253073803,0.,0.320264236105339));
#4971=DIRECTION('',(0.734057578121049,-0.615546923819958,0.286812580928465));
#4972=DIRECTION('center_axis',(0.320264236105339,0.,0.947328253073803));
#4973=DIRECTION('ref_axis',(0.947328253073803,0.,-0.320264236105339));
#4974=DIRECTION('',(0.,-1.,0.));
#4975=DIRECTION('',(0.,1.,0.));
#4976=DIRECTION('center_axis',(4.23041964571904E-8,-0.649448048330175,0.760405965600037));
#4977=DIRECTION('ref_axis',(0.999999999999998,0.,-5.56336988016763E-8));
#4978=DIRECTION('',(-4.95318495564964E-8,-0.760405965600044,-0.649448048330166));
#4979=DIRECTION('',(0.999999999999998,-1.0189936381645E-8,-6.43367266513405E-8));
#4980=DIRECTION('',(-0.999999999999998,1.0189936381645E-8,6.43367266513405E-8));
#4981=DIRECTION('center_axis',(0.0467014917104349,0.684144680965504,0.727849590354099));
#4982=DIRECTION('ref_axis',(0.99794784686616,0.,-0.0640319836893673));
#4983=DIRECTION('',(0.551850370932719,0.589686834781243,-0.589686870285492));
#4984=DIRECTION('',(-0.99794784686616,0.,0.0640319836893673));
#4985=DIRECTION('',(0.622687759469088,-0.589686834781251,0.514324208153803));
#4986=DIRECTION('center_axis',(0.0640319836893673,0.,0.99794784686616));
#4987=DIRECTION('ref_axis',(0.99794784686616,0.,-0.0640319836893673));
#4988=DIRECTION('',(0.,-1.,0.));
#4989=DIRECTION('',(0.,1.,0.));
#4990=DIRECTION('center_axis',(0.0903690221179379,0.707106781186543,0.701308377136232));
#4991=DIRECTION('ref_axis',(0.991799818351917,0.,-0.127801096697581));
#4992=DIRECTION('',(-0.991799818351917,0.,0.127801096697581));
#4993=DIRECTION('',(0.991799818351917,0.,-0.127801096697581));
#4994=DIRECTION('center_axis',(0.558088057298325,-0.549829866131357,-0.621469901613068));
#4995=DIRECTION('ref_axis',(-0.744028802262181,0.,-0.668147544636889));
#4996=DIRECTION('',(0.704769368453126,0.709417043388766,0.00525317425215871));
#4997=DIRECTION('',(3.44876992691414E-7,-0.748955720788972,0.662620048215681));
#4998=DIRECTION('',(-0.704769586070439,0.0812420852988278,-0.704769149527986));
#4999=DIRECTION('center_axis',(0.724600299258063,0.547765541095922,0.418219222780372));
#5000=DIRECTION('ref_axis',(0.499884393582296,0.,-0.866092138893351));
#5001=DIRECTION('',(-0.0908548726236003,0.67747464076988,-0.729913353237404));
#5002=DIRECTION('',(-0.499884393582296,0.,0.866092138893351));
#5003=DIRECTION('',(0.677474491677371,-0.677474640769837,-0.286454925320317));
#5004=DIRECTION('center_axis',(0.866092138893351,0.,0.499884393582296));
#5005=DIRECTION('ref_axis',(0.499884393582296,0.,-0.866092138893351));
#5006=DIRECTION('',(0.,-1.,0.));
#5007=DIRECTION('',(0.,1.,0.));
#5008=DIRECTION('center_axis',(-0.0435217161128286,-0.628252569781733,0.776791200252193));
#5009=DIRECTION('ref_axis',(0.998434141783446,0.,0.0559398294701937));
#5010=DIRECTION('',(0.997897565550633,0.0100385259980045,0.0640287174938459));
#5011=DIRECTION('',(-0.595647498043809,0.640537672030876,0.484680873135527));
#5012=DIRECTION('',(-0.523755696107249,-0.647765902475147,-0.55324434600434));
#5013=DIRECTION('center_axis',(-0.558088242715122,-0.549829927651365,-0.621469680678021));
#5014=DIRECTION('ref_axis',(-0.744028573829239,0.,0.668147799012785));
#5015=DIRECTION('',(-0.704769332185034,-0.0812420983167179,0.704769401912823));
#5016=DIRECTION('',(0.,0.748955720788999,-0.662620048215741));
#5017=DIRECTION('',(0.704769366560666,-0.709417044236111,-0.00525331371394293));
#5018=DIRECTION('center_axis',(-7.40994255667387E-8,-0.662620048215736,
-0.748955720789));
#5019=DIRECTION('ref_axis',(-0.999999999999995,0.,9.89369912131481E-8));
#5020=DIRECTION('',(0.999999999999995,-1.66678518915249E-24,-9.89369912131481E-8));
#5021=DIRECTION('',(-0.999999999999995,1.66678518915249E-24,9.89369912131481E-8));
#5022=DIRECTION('center_axis',(-0.707106785449473,-0.701836110235036,-0.0861746386210428));
#5023=DIRECTION('ref_axis',(-0.120974289714112,0.,0.992655640808113));
#5024=DIRECTION('',(4.4583351663486E-14,0.121869343405147,-0.992546151641322));
#5025=DIRECTION('',(-4.4583351663486E-14,-0.121869343405147,0.992546151641322));
#5026=DIRECTION('',(-0.703640785392261,0.710447649952716,-0.0124008793730824));
#5027=DIRECTION('center_axis',(0.57735013094327,0.577350188064686,-0.577350488560857));
#5028=DIRECTION('ref_axis',(-0.707107000181651,0.,-0.707106562191376));
#5029=DIRECTION('',(-0.707106781186588,0.707106781186503,6.99590241859776E-8));
#5030=DIRECTION('',(0.707107000181651,0.,0.707106562191376));
#5031=DIRECTION('',(-3.68031204725699E-7,-0.707106781186514,-0.707106781186486));
#5032=DIRECTION('center_axis',(0.707106562191376,0.,-0.707107000181651));
#5033=DIRECTION('ref_axis',(-0.707107000181651,0.,-0.707106562191376));
#5034=DIRECTION('',(0.,-1.,0.));
#5035=DIRECTION('',(0.,1.,0.));
#5036=DIRECTION('center_axis',(-0.232097764639352,-0.585717987366233,0.7765726411129));
#5037=DIRECTION('ref_axis',(0.958122570904007,0.,0.286358410255917));
#5038=DIRECTION('',(0.946182310312324,0.0491717540720579,0.319876811059366));
#5039=DIRECTION('',(-0.715857437260317,0.643381358399782,0.271308969963659));
#5040=DIRECTION('',(-0.383336227336462,-0.678681277870198,-0.626454355783343));
#5041=DIRECTION('center_axis',(-0.0467014632141523,0.684144672106185,0.72784960050987));
#5042=DIRECTION('ref_axis',(0.99794784941991,0.,0.0640319438887901));
#5043=DIRECTION('',(0.622687742149232,0.589686839493811,-0.51432422371972));
#5044=DIRECTION('',(-0.99794784941991,0.,-0.0640319438887901));
#5045=DIRECTION('',(0.551850398801611,-0.58968683949392,0.589686839492095));
#5046=DIRECTION('center_axis',(-0.0640319438887901,0.,0.99794784941991));
#5047=DIRECTION('ref_axis',(0.99794784941991,0.,0.0640319438887901));
#5048=DIRECTION('',(0.,-1.,0.));
#5049=DIRECTION('',(0.,1.,0.));
#5050=DIRECTION('center_axis',(2.33286977125715E-12,0.707106781186546,0.707106781186549));
#5051=DIRECTION('ref_axis',(1.,0.,-3.29917606976208E-12));
#5052=DIRECTION('',(-2.3331573936041E-12,0.707106781186548,-0.707106781186548));
#5053=DIRECTION('',(-1.,0.,3.29917606976208E-12));
#5054=DIRECTION('',(1.,0.,-3.29917606976208E-12));
#5055=DIRECTION('center_axis',(-0.702257151381777,-0.521466802460841,0.484672329790363));
#5056=DIRECTION('ref_axis',(0.568016498199067,0.,0.823017167362668));
#5057=DIRECTION('',(0.495599321534846,0.130658636810636,0.858667358830523));
#5058=DIRECTION('',(-0.693596241491549,0.654623076040805,-0.300654090448925));
#5059=DIRECTION('',(0.0843168856756776,-0.736922793186731,-0.670697740917488));
#5060=DIRECTION('center_axis',(-0.707106781186554,-0.698401123333709,0.110615871041205));
#5061=DIRECTION('ref_axis',(0.154554782932062,0.,0.987984220052539));
#5062=DIRECTION('',(-4.43651477060895E-14,0.156434465040231,0.987688340595138));
#5063=DIRECTION('',(4.43651477060895E-14,-0.156434465040231,-0.987688340595138));
#5064=DIRECTION('center_axis',(-0.331948208629371,-0.655420308101819,0.67840593048371));
#5065=DIRECTION('ref_axis',(0.89823641427779,0.,0.43951262105357));
#5066=DIRECTION('',(-0.863187194395524,-0.0789812606124861,-0.498668053823028));
#5067=DIRECTION('',(0.863187194395524,0.0789812606124861,0.498668053823028));
#5068=DIRECTION('center_axis',(-0.577350307270494,0.57735025014921,-0.577350250149172));
#5069=DIRECTION('ref_axis',(-0.707106746207024,0.,0.70710681616607));
#5070=DIRECTION('',(1.00485917355761E-13,0.707106781186543,0.707106781186552));
#5071=DIRECTION('',(0.707106746207024,0.,-0.70710681616607));
#5072=DIRECTION('',(-0.70710678118655,-0.707106781186541,6.99590116252417E-8));
#5073=DIRECTION('center_axis',(-0.70710681616607,0.,-0.707106746207024));
#5074=DIRECTION('ref_axis',(-0.707106746207024,0.,0.70710681616607));
#5075=DIRECTION('',(0.,1.,0.));
#5076=DIRECTION('',(0.,-1.,0.));
#5077=DIRECTION('center_axis',(-0.247245868637087,0.635615366537848,0.73134300178702));
#5078=DIRECTION('ref_axis',(0.947328257629908,0.,0.32026422262857));
#5079=DIRECTION('',(0.73405757399729,0.615546924052489,-0.286812590983612));
#5080=DIRECTION('',(-0.947328257629908,0.,-0.32026422262857));
#5081=DIRECTION('',(0.409439006725745,-0.615546924052449,0.673395637096799));
#5082=DIRECTION('center_axis',(-0.32026422262857,0.,0.947328257629908));
#5083=DIRECTION('ref_axis',(0.947328257629908,0.,0.32026422262857));
#5084=DIRECTION('',(0.,-1.,0.));
#5085=DIRECTION('',(0.,1.,0.));
#5086=DIRECTION('center_axis',(-0.0903690113003764,0.707106781186556,0.701308378530144));
#5087=DIRECTION('ref_axis',(0.991799820323227,0.,0.127801081399241));
#5088=DIRECTION('',(-0.991799820323227,0.,-0.127801081399241));
#5089=DIRECTION('',(0.991799820323227,0.,0.127801081399241));
#5090=DIRECTION('center_axis',(-0.724600170873736,0.547765570764857,0.418219406357958));
#5091=DIRECTION('ref_axis',(0.499884624613263,0.,0.866092005548635));
#5092=DIRECTION('',(0.677474596299034,0.677474596299025,0.286454783061715));
#5093=DIRECTION('',(-0.499884624613263,0.,-0.866092005548635));
#5094=DIRECTION('',(-0.0908546587288345,-0.677474596299046,0.729913421137543));
#5095=DIRECTION('center_axis',(-0.866092005548635,0.,0.499884624613263));
#5096=DIRECTION('ref_axis',(0.499884624613263,0.,0.866092005548635));
#5097=DIRECTION('',(0.,-1.,0.));
#5098=DIRECTION('',(0.,1.,0.));
#5099=DIRECTION('center_axis',(-0.353716537204633,0.707106781186549,0.612278213974628));
#5100=DIRECTION('ref_axis',(0.865892154148497,0.,0.500230724150441));
#5101=DIRECTION('',(-0.865892154148497,0.,-0.500230724150441));
#5102=DIRECTION('',(0.865892154148497,0.,0.500230724150441));
#5103=DIRECTION('center_axis',(-0.707106781186543,0.707106781186552,-3.17619389659047E-14));
#5104=DIRECTION('ref_axis',(-4.49181648528492E-14,0.,1.));
#5105=DIRECTION('',(4.49181648528493E-14,0.,-1.));
#5106=DIRECTION('',(-4.49181648528493E-14,0.,1.));
#5107=DIRECTION('center_axis',(-6.99590173970109E-8,0.707106781186548,-0.707106781186544));
#5108=DIRECTION('ref_axis',(-0.999999999999995,0.,9.89369912131481E-8));
#5109=DIRECTION('',(0.999999999999995,0.,-9.89369912131481E-8));
#5110=DIRECTION('',(-0.999999999999995,0.,9.89369912131481E-8));
#5111=DIRECTION('center_axis',(-0.0840814175298998,-0.649808552836614,0.755433094248953));
#5112=DIRECTION('ref_axis',(0.993862864964387,0.,0.11061919202734));
#5113=DIRECTION('',(-0.99159669938959,-0.0202375572428223,-0.127774907695192));
#5114=DIRECTION('',(0.99159669938959,0.0202375572428223,0.127774907695192));
#5115=DIRECTION('center_axis',(0.707106781186437,0.707106781186562,-3.68031302022955E-7));
#5116=DIRECTION('ref_axis',(-5.20474858698703E-7,0.,-0.999999999999865));
#5117=DIRECTION('',(5.20474858698703E-7,0.,0.999999999999865));
#5118=DIRECTION('',(-5.20474858698703E-7,0.,-0.999999999999865));
#5119=DIRECTION('center_axis',(4.54929356945082E-8,0.707106781186547,0.707106781186547));
#5120=DIRECTION('ref_axis',(0.999999999999998,0.,-6.43367266513405E-8));
#5121=DIRECTION('',(0.999999999999998,0.,-6.43367266513405E-8));
#5122=DIRECTION('',(-0.999999999999998,0.,6.43367266513405E-8));
#5123=DIRECTION('center_axis',(2.16939161715362E-12,-0.649448048330186,
0.760405965600029));
#5124=DIRECTION('ref_axis',(1.,0.,-2.85293871339078E-12));
#5125=DIRECTION('',(-1.,5.22476815090535E-13,3.29917606976208E-12));
#5126=DIRECTION('',(1.,-5.22476815090535E-13,-3.29917606976208E-12));
#5127=DIRECTION('center_axis',(0.353716545180972,0.707106781186536,0.612278209366668));
#5128=DIRECTION('ref_axis',(0.865892147631842,0.,-0.500230735430678));
#5129=DIRECTION('',(-0.865892147631841,0.,0.500230735430678));
#5130=DIRECTION('',(0.865892147631841,0.,-0.500230735430678));
#5131=DIRECTION('center_axis',(0.70710675449765,-0.701836096438644,-0.0861750049583196));
#5132=DIRECTION('ref_axis',(-0.120974801679829,0.,-0.992655578415054));
#5133=DIRECTION('',(-5.16595318027459E-7,0.121869343405137,-0.992546151641189));
#5134=DIRECTION('',(5.16595318027459E-7,-0.121869343405137,0.992546151641189));
#5135=DIRECTION('',(-0.703640786417071,-0.710447647874125,0.0124009403066529));
#5136=DIRECTION('center_axis',(0.707106809972854,-0.698401151765684,0.110615507513102));
#5137=DIRECTION('ref_axis',(0.154554280994405,0.,-0.987984298572757));
#5138=DIRECTION('',(5.14066949509612E-7,0.15643446504021,0.987688340595007));
#5139=DIRECTION('',(-5.14066949509612E-7,-0.15643446504021,-0.987688340595007));
#5140=DIRECTION('center_axis',(0.0840814276060323,-0.649808552923339,0.755433093052858));
#5141=DIRECTION('ref_axis',(0.993862863487722,0.,-0.110619205294492));
#5142=DIRECTION('',(-0.99159669737007,0.0202375596643527,0.127774922984134));
#5143=DIRECTION('',(0.99159669737007,-0.0202375596643527,-0.127774922984134));
#5144=DIRECTION('center_axis',(1.20573861576272E-8,0.992546151641322,0.121869343405147));
#5145=DIRECTION('ref_axis',(0.,-0.121869343405147,0.992546151641322));
#5146=DIRECTION('',(0.999999999999999,-6.84301567317572E-9,-4.32051009587454E-8));
#5147=DIRECTION('',(0.999999999613849,-3.3987543665621E-6,2.75816959936983E-5));
#5148=DIRECTION('',(1.,-1.21479350231609E-8,0.));
#5149=DIRECTION('',(0.999999999999999,-5.91981798331163E-9,-5.07239427665044E-8));
#5150=DIRECTION('',(0.999999999999999,-6.84301567317572E-9,-4.32051009587454E-8));
#5151=DIRECTION('center_axis',(3.29917606976208E-12,0.,1.));
#5152=DIRECTION('ref_axis',(1.,0.,-3.29917606976208E-12));
#5153=DIRECTION('',(0.,1.,0.));
#5154=DIRECTION('center_axis',(0.500230735430678,0.,0.865892147631841));
#5155=DIRECTION('ref_axis',(0.865892147631841,0.,-0.500230735430678));
#5156=DIRECTION('center_axis',(0.127801096697581,0.,0.991799818351917));
#5157=DIRECTION('ref_axis',(0.991799818351917,0.,-0.127801096697581));
#5158=DIRECTION('center_axis',(-9.89369912131481E-8,0.,-0.999999999999995));
#5159=DIRECTION('ref_axis',(-0.999999999999995,0.,9.89369912131481E-8));
#5160=DIRECTION('',(1.63268091856641E-16,1.,-1.6153253769408E-23));
#5161=DIRECTION('center_axis',(-1.,0.,-4.49181648528493E-14));
#5162=DIRECTION('ref_axis',(-4.49181648528493E-14,0.,1.));
#5163=DIRECTION('center_axis',(0.999999999999865,0.,-5.20474858698703E-7));
#5164=DIRECTION('ref_axis',(-5.20474858698703E-7,0.,-0.999999999999865));
#5165=DIRECTION('center_axis',(0.,1.,0.));
#5166=DIRECTION('ref_axis',(0.,0.,1.));
#5167=DIRECTION('',(1.,0.,5.19351691976997E-9));
#5168=DIRECTION('',(0.0764722309729082,0.,0.997071711508268));
#5169=DIRECTION('',(-0.990041818233975,0.,0.140773570488092));
#5170=DIRECTION('',(-0.140773806601031,0.,-0.99004178466116));
#5171=DIRECTION('',(-0.140773806601031,0.,-0.99004178466116));
#5172=DIRECTION('',(-0.14077380660103,0.,-0.99004178466116));
#5173=DIRECTION('',(0.990041820306066,0.,0.140773555915346));
#5174=DIRECTION('',(-0.996919624100387,0.,-0.0784299884198837));
#5175=DIRECTION('',(-1.,0.,1.4801629982016E-14));
#5176=DIRECTION('',(0.996920452591012,0.,0.0784194568058961));
#5177=DIRECTION('',(0.99004181874866,0.,0.140773566868376));
#5178=DIRECTION('',(0.990041820290423,0.,0.140773556025363));
#5179=DIRECTION('center_axis',(-0.500230724150441,0.,0.865892154148498));
#5180=DIRECTION('ref_axis',(0.865892154148497,0.,0.500230724150441));
#5181=DIRECTION('center_axis',(-0.127801081399241,0.,0.991799820323227));
#5182=DIRECTION('ref_axis',(0.991799820323227,0.,0.127801081399241));
#5183=DIRECTION('center_axis',(0.,-1.,0.));
#5184=DIRECTION('ref_axis',(0.,0.,-1.));
#5185=DIRECTION('center_axis',(0.,1.,0.));
#5186=DIRECTION('ref_axis',(0.,0.,-1.));
#5187=DIRECTION('',(-1.04972719113862E-16,0.515038074910054,-0.857167300702112));
#5188=DIRECTION('center_axis',(0.,1.,0.));
#5189=DIRECTION('ref_axis',(0.,0.,-1.));
#5190=DIRECTION('center_axis',(0.,1.,0.));
#5191=DIRECTION('ref_axis',(0.,0.,-1.));
#5192=DIRECTION('',(0.,1.,0.));
#5193=DIRECTION('center_axis',(0.,-1.,0.));
#5194=DIRECTION('ref_axis',(0.,0.,-1.));
#5195=DIRECTION('center_axis',(0.,1.,0.));
#5196=DIRECTION('ref_axis',(0.,0.,-1.));
#5197=DIRECTION('',(-1.04972719113862E-16,0.515038074910054,-0.857167300702112));
#5198=DIRECTION('center_axis',(0.,1.,0.));
#5199=DIRECTION('ref_axis',(0.,0.,-1.));
#5200=DIRECTION('center_axis',(0.,1.,0.));
#5201=DIRECTION('ref_axis',(0.,0.,-1.));
#5202=DIRECTION('',(0.,1.,0.));
#5203=DIRECTION('center_axis',(0.,-1.,0.));
#5204=DIRECTION('ref_axis',(0.,0.,-1.));
#5205=DIRECTION('center_axis',(0.,1.,0.));
#5206=DIRECTION('ref_axis',(0.,0.,-1.));
#5207=DIRECTION('',(-1.04972719113862E-16,0.515038074910054,-0.857167300702112));
#5208=DIRECTION('center_axis',(0.,1.,0.));
#5209=DIRECTION('ref_axis',(0.,0.,-1.));
#5210=DIRECTION('center_axis',(0.,1.,0.));
#5211=DIRECTION('ref_axis',(0.,0.,-1.));
#5212=DIRECTION('',(0.,1.,0.));
#5213=DIRECTION('center_axis',(0.,-1.,0.));
#5214=DIRECTION('ref_axis',(0.,0.,-1.));
#5215=DIRECTION('center_axis',(0.,1.,0.));
#5216=DIRECTION('ref_axis',(0.,0.,-1.));
#5217=DIRECTION('',(-1.04972719113862E-16,0.515038074910054,-0.857167300702112));
#5218=DIRECTION('center_axis',(0.,1.,0.));
#5219=DIRECTION('ref_axis',(0.,0.,-1.));
#5220=DIRECTION('center_axis',(0.,1.,0.));
#5221=DIRECTION('ref_axis',(0.,0.,-1.));
#5222=DIRECTION('',(0.,1.,0.));
#5223=DIRECTION('center_axis',(0.,-1.,0.));
#5224=DIRECTION('ref_axis',(0.,0.,-1.));
#5225=DIRECTION('center_axis',(0.,1.,0.));
#5226=DIRECTION('ref_axis',(0.,0.,-1.));
#5227=DIRECTION('',(-1.04972719113862E-16,0.515038074910054,-0.857167300702112));
#5228=DIRECTION('center_axis',(0.,1.,0.));
#5229=DIRECTION('ref_axis',(0.,0.,-1.));
#5230=DIRECTION('center_axis',(0.,1.,0.));
#5231=DIRECTION('ref_axis',(0.,0.,-1.));
#5232=DIRECTION('',(0.,1.,0.));
#5233=DIRECTION('center_axis',(0.,-1.,0.));
#5234=DIRECTION('ref_axis',(0.,0.,-1.));
#5235=DIRECTION('center_axis',(0.,1.,0.));
#5236=DIRECTION('ref_axis',(0.,0.,-1.));
#5237=DIRECTION('',(-1.04972719113862E-16,0.515038074910054,-0.857167300702112));
#5238=DIRECTION('center_axis',(0.,1.,0.));
#5239=DIRECTION('ref_axis',(0.,0.,-1.));
#5240=DIRECTION('center_axis',(0.,1.,0.));
#5241=DIRECTION('ref_axis',(0.,0.,-1.));
#5242=DIRECTION('',(0.,1.,0.));
#5243=DIRECTION('center_axis',(0.,0.,1.));
#5244=DIRECTION('ref_axis',(1.,0.,0.));
#5245=DIRECTION('',(1.,0.,0.));
#5246=DIRECTION('',(0.,1.,0.));
#5247=DIRECTION('center_axis',(0.,1.,0.));
#5248=DIRECTION('ref_axis',(0.,0.,1.));
#5249=DIRECTION('',(-1.,0.,1.23268812580027E-16));
#5250=DIRECTION('',(0.,0.,-1.));
#5251=DIRECTION('center_axis',(-0.14081911021372,0.,-0.990035341893721));
#5252=DIRECTION('ref_axis',(-0.990035341893721,0.,0.140819110213719));
#5253=DIRECTION('',(-0.990035341893721,0.,0.140819110213719));
#5254=DIRECTION('center_axis',(0.,1.,0.));
#5255=DIRECTION('ref_axis',(0.,0.,1.));
#5256=DIRECTION('',(0.990035339513601,0.,-0.140819126947264));
#5257=DIRECTION('center_axis',(-0.990041818072374,0.,-0.140773571624604));
#5258=DIRECTION('ref_axis',(-0.140773571624604,0.,0.990041818072374));
#5259=DIRECTION('',(0.,1.,0.));
#5260=DIRECTION('center_axis',(1.,0.,0.));
#5261=DIRECTION('ref_axis',(0.,0.,-1.));
#5262=DIRECTION('',(0.,0.,-1.));
#5263=DIRECTION('',(0.,1.,0.));
#5264=DIRECTION('center_axis',(0.,1.,0.));
#5265=DIRECTION('ref_axis',(0.,0.,1.));
#5266=DIRECTION('',(-1.,0.,0.));
#5267=DIRECTION('center_axis',(-1.,0.,0.));
#5268=DIRECTION('ref_axis',(0.,0.,-1.));
#5269=DIRECTION('',(0.,-1.,0.));
#5270=DIRECTION('center_axis',(0.140773523195707,0.,-0.990041824958455));
#5271=DIRECTION('ref_axis',(0.990041824958455,0.,0.140773523195707));
#5272=DIRECTION('',(0.,1.,0.));
#5273=DIRECTION('',(0.990041824958455,0.,0.140773523195707));
#5274=DIRECTION('',(0.,-1.,0.));
#5275=DIRECTION('center_axis',(-0.990041818072374,0.,-0.14077357162461));
#5276=DIRECTION('ref_axis',(-0.14077357162461,0.,0.990041818072373));
#5277=DIRECTION('',(-0.14077357162461,0.,0.990041818072373));
#5278=DIRECTION('center_axis',(0.,0.,1.));
#5279=DIRECTION('ref_axis',(-1.,0.,0.));
#5280=DIRECTION('center_axis',(0.,1.,0.));
#5281=DIRECTION('ref_axis',(0.,0.,1.));
#5282=DIRECTION('center_axis',(-0.990035341893721,0.,0.140819110213716));
#5283=DIRECTION('ref_axis',(0.140819110213716,0.,0.990035341893721));
#5284=DIRECTION('',(0.140819110213716,0.,0.990035341893721));
#5285=DIRECTION('',(0.,-1.,0.));
#5286=DIRECTION('center_axis',(0.,1.,0.));
#5287=DIRECTION('ref_axis',(0.,0.,1.));
#5288=DIRECTION('',(0.990035339513601,0.,-0.140819126947264));
#5289=DIRECTION('center_axis',(-0.140819126947264,0.,-0.990035339513601));
#5290=DIRECTION('ref_axis',(0.990035339513601,0.,-0.140819126947264));
#5291=DIRECTION('',(0.,-1.,0.));
#5292=DIRECTION('center_axis',(0.,0.,1.));
#5293=DIRECTION('ref_axis',(-1.,0.,0.));
#5294=DIRECTION('',(0.,-1.,0.));
#5295=DIRECTION('',(-1.,0.,0.));
#5296=DIRECTION('',(0.,-1.,0.));
#5297=DIRECTION('center_axis',(1.,0.,0.));
#5298=DIRECTION('ref_axis',(0.,0.,1.));
#5299=DIRECTION('',(0.,0.,1.));
#5300=DIRECTION('',(0.,-1.,0.));
#5301=DIRECTION('center_axis',(0.,0.,-1.));
#5302=DIRECTION('ref_axis',(1.,0.,0.));
#5303=DIRECTION('',(1.,0.,0.));
#5304=DIRECTION('',(0.,-1.,0.));
#5305=DIRECTION('center_axis',(-1.,0.,0.));
#5306=DIRECTION('ref_axis',(0.,0.,-1.));
#5307=DIRECTION('',(0.,0.,-1.));
#5308=DIRECTION('center_axis',(0.,-1.,0.));
#5309=DIRECTION('ref_axis',(0.,0.,-1.));
#5310=DIRECTION('center_axis',(-5.07239427665044E-8,0.,-0.999999999999999));
#5311=DIRECTION('ref_axis',(0.999999999999999,0.,-5.07239427665044E-8));
#5312=DIRECTION('',(0.,1.,0.));
#5313=DIRECTION('center_axis',(-6.05850505578779E-17,0.987688340595138,
-0.156434465040231));
#5314=DIRECTION('ref_axis',(0.,0.156434465040231,0.987688340595138));
#5315=DIRECTION('',(-0.863187194395524,-0.0789812606124861,-0.498668053823028));
#5316=DIRECTION('',(-1.,1.15510619561502E-9,7.29305387946193E-9));
#5317=DIRECTION('center_axis',(6.43367266513405E-8,0.,0.999999999999998));
#5318=DIRECTION('ref_axis',(0.999999999999998,0.,-6.43367266513405E-8));
#5319=DIRECTION('center_axis',(1.,-1.63268091856641E-16,0.));
#5320=DIRECTION('ref_axis',(1.63268091856641E-16,1.,0.));
#5321=DIRECTION('',(-1.63268091856641E-16,-1.,0.));
#5322=DIRECTION('center_axis',(0.,0.,-1.));
#5323=DIRECTION('ref_axis',(1.,0.,0.));
#5324=DIRECTION('',(0.,1.,0.));
#5325=DIRECTION('center_axis',(0.,1.,0.));
#5326=DIRECTION('ref_axis',(0.728615368802829,0.,-0.68492309374434));
#5327=DIRECTION('center_axis',(0.,1.,0.));
#5328=DIRECTION('ref_axis',(0.728615368802829,0.,-0.68492309374434));
#5329=DIRECTION('center_axis',(0.,-1.,0.));
#5330=DIRECTION('ref_axis',(0.,0.,-1.));
#5331=DIRECTION('center_axis',(0.,1.,0.));
#5332=DIRECTION('ref_axis',(0.728630200934485,0.,-0.684907315106338));
#5333=DIRECTION('center_axis',(0.,-1.,0.));
#5334=DIRECTION('ref_axis',(0.728630200934485,0.,-0.684907315106338));
#5335=DIRECTION('center_axis',(0.,-1.,0.));
#5336=DIRECTION('ref_axis',(0.,0.,-1.));
#5337=DIRECTION('center_axis',(0.,1.,0.));
#5338=DIRECTION('ref_axis',(-0.72861538803711,0.,0.684923073283074));
#5339=DIRECTION('center_axis',(0.,1.,0.));
#5340=DIRECTION('ref_axis',(-0.72861538803711,0.,0.684923073283074));
#5341=DIRECTION('',(0.,1.,0.));
#5342=DIRECTION('center_axis',(0.,-1.,0.));
#5343=DIRECTION('ref_axis',(0.,0.,-1.));
#5344=DIRECTION('',(-1.,0.,1.45861071456461E-8));
#5345=DIRECTION('center_axis',(1.45861071456461E-8,0.,1.));
#5346=DIRECTION('ref_axis',(-1.,0.,1.45861071456461E-8));
#5347=DIRECTION('center_axis',(0.140773555915346,0.,-0.990041820306066));
#5348=DIRECTION('ref_axis',(-0.990041820306066,0.,-0.140773555915346));
#5349=DIRECTION('center_axis',(-0.0784299884198837,0.,0.996919624100387));
#5350=DIRECTION('ref_axis',(0.996919624100387,0.,0.0784299884198837));
#5351=DIRECTION('center_axis',(1.4801629982016E-14,0.,1.));
#5352=DIRECTION('ref_axis',(1.,0.,-1.4801629982016E-14));
#5353=DIRECTION('center_axis',(0.0784194568058961,0.,-0.996920452591012));
#5354=DIRECTION('ref_axis',(-0.996920452591012,0.,-0.0784194568058961));
#5355=DIRECTION('center_axis',(0.140773566868376,0.,-0.99004181874866));
#5356=DIRECTION('ref_axis',(-0.99004181874866,0.,-0.140773566868376));
#5357=DIRECTION('center_axis',(0.140773556025363,0.,-0.990041820290423));
#5358=DIRECTION('ref_axis',(-0.990041820290423,0.,-0.140773556025363));
#5359=DIRECTION('center_axis',(5.19351691976997E-9,0.,-1.));
#5360=DIRECTION('ref_axis',(-1.,0.,-5.19351691976997E-9));
#5361=DIRECTION('center_axis',(0.997071711508268,0.,-0.0764722309729082));
#5362=DIRECTION('ref_axis',(-0.0764722309729082,0.,-0.997071711508268));
#5363=DIRECTION('center_axis',(0.140773570488092,0.,0.990041818233975));
#5364=DIRECTION('ref_axis',(0.990041818233975,0.,-0.140773570488092));
#5365=DIRECTION('center_axis',(-0.99004178466116,0.,0.140773806601031));
#5366=DIRECTION('ref_axis',(0.140773806601031,0.,0.99004178466116));
#5367=DIRECTION('center_axis',(-0.99004178466116,0.,0.140773806601031));
#5368=DIRECTION('ref_axis',(0.140773806601031,0.,0.99004178466116));
#5369=DIRECTION('center_axis',(-0.990041784661161,0.,0.14077380660103));
#5370=DIRECTION('ref_axis',(0.14077380660103,0.,0.99004178466116));
#5371=DIRECTION('center_axis',(-2.28736761149946E-13,0.,-1.));
#5372=DIRECTION('ref_axis',(1.,0.,-2.28736761149946E-13));
#5373=DIRECTION('',(0.,-1.,0.));
#5374=DIRECTION('center_axis',(-1.59004027730869E-10,0.,-1.));
#5375=DIRECTION('ref_axis',(1.,0.,-1.59004027730869E-10));
#5376=DIRECTION('center_axis',(1.23268812580027E-16,0.,1.));
#5377=DIRECTION('ref_axis',(-1.,0.,1.23268812580027E-16));
#5378=DIRECTION('center_axis',(-0.140773555930189,0.,0.990041820303956));
#5379=DIRECTION('ref_axis',(-0.990041820303956,0.,-0.140773555930189));
#5380=DIRECTION('center_axis',(0.074909606395664,0.,0.997190328307313));
#5381=DIRECTION('ref_axis',(-0.997190328307313,0.,0.074909606395664));
#5382=DIRECTION('center_axis',(2.75816959938576E-5,0.,-0.999999999619625));
#5383=DIRECTION('ref_axis',(0.999999999619625,0.,2.75816959938576E-5));
#5384=DIRECTION('center_axis',(-0.500230724150441,0.,0.865892154148498));
#5385=DIRECTION('ref_axis',(-0.865892154148498,0.,-0.500230724150441));
#5386=DIRECTION('center_axis',(7.29305387946193E-9,0.,1.));
#5387=DIRECTION('ref_axis',(-1.,0.,7.29305387946193E-9));
#5388=CARTESIAN_POINT('',(0.,0.,0.));
#5389=CARTESIAN_POINT('Origin',(-125.390882591204,0.,-45.3241087448862));
#5390=CARTESIAN_POINT('',(-126.390882591204,2.6,-45.3241087448863));
#5391=CARTESIAN_POINT('',(-125.390882641928,2.6,-46.3241087448862));
#5392=CARTESIAN_POINT('Origin',(-125.390882591204,2.6,-45.3241087448862));
#5393=CARTESIAN_POINT('',(-126.390882591204,-10.3232944794211,-45.3241087448863));
#5394=CARTESIAN_POINT('',(-126.390882591204,0.,-45.3241087448863));
#5395=CARTESIAN_POINT('',(-125.390882641928,-10.2005099306661,-46.3241087448862));
#5396=CARTESIAN_POINT('Origin',(-125.390882591204,-10.323294491569,-45.3241087448862));
#5397=CARTESIAN_POINT('',(-125.390882641928,0.,-46.3241087448862));
#5398=CARTESIAN_POINT('Origin',(-126.390882591205,0.,19.3324827005395));
#5399=CARTESIAN_POINT('',(-126.390890952277,2.6,-41.8240952111687));
#5400=CARTESIAN_POINT('',(-126.390882591205,2.6,-22.3760466733101));
#5401=CARTESIAN_POINT('',(-126.390882591205,2.6,-40.8240952111689));
#5402=CARTESIAN_POINT('',(-126.390882591205,2.6,-22.3760466733101));
#5403=CARTESIAN_POINT('',(-126.390882591205,9.1,-40.8240952111689));
#5404=CARTESIAN_POINT('',(-126.390882591205,4.55,-40.8240952111689));
#5405=CARTESIAN_POINT('',(-126.390882591205,9.1,-36.3175172994603));
#5406=CARTESIAN_POINT('',(-126.390882591205,9.1,-19.6260406309358));
#5407=CARTESIAN_POINT('',(-126.390882591205,13.1,-36.3175172994603));
#5408=CARTESIAN_POINT('',(-126.390882591205,4.55,-36.3175172994603));
#5409=CARTESIAN_POINT('',(-126.390882591205,13.1,16.8324827005395));
#5410=CARTESIAN_POINT('',(-126.390882591205,13.1,-18.3727562570375));
#5411=CARTESIAN_POINT('',(-126.390882591205,9.1,16.8324827005395));
#5412=CARTESIAN_POINT('',(-126.390882591205,4.55,16.8324827005395));
#5413=CARTESIAN_POINT('',(-126.390882591205,9.1,18.3324827005395));
#5414=CARTESIAN_POINT('',(-126.390882591205,9.1,-19.6260406309358));
#5415=CARTESIAN_POINT('',(-126.390882591205,2.6,18.3324827005395));
#5416=CARTESIAN_POINT('',(-126.390882591205,4.55,18.3324827005395));
#5417=CARTESIAN_POINT('',(-126.390882591205,2.6,18.7553100428879));
#5418=CARTESIAN_POINT('',(-126.390882591205,2.6,10.4522490240408));
#5419=CARTESIAN_POINT('',(-126.390882591205,-9.15187506168572,18.7553100428879));
#5420=CARTESIAN_POINT('',(-126.390882591205,0.,18.7553100428879));
#5421=CARTESIAN_POINT('',(-126.390882591205,-14.2438217776571,-13.3939762477208));
#5422=CARTESIAN_POINT('',(-126.390882591205,-10.2285489343224,11.9574587487174));
#5423=CARTESIAN_POINT('',(-126.390882591205,-16.9274996897744,8.46282636966689));
#5424=CARTESIAN_POINT('Origin',(125.390882032301,0.,-45.3230000908344));
#5425=CARTESIAN_POINT('',(125.390909613997,2.6,-46.323000090454));
#5426=CARTESIAN_POINT('',(126.390882032301,2.6,-45.3230000908344));
#5427=CARTESIAN_POINT('Origin',(125.390882032301,2.6,-45.3230000908344));
#5428=CARTESIAN_POINT('',(125.390909613996,-10.2006491027947,-46.323000090454));
#5429=CARTESIAN_POINT('',(125.390909613997,0.,-46.323000090454));
#5430=CARTESIAN_POINT('',(126.390882032301,-10.3234336757985,-45.3230000908344));
#5431=CARTESIAN_POINT('Origin',(125.390882032301,-10.3234336636505,-45.3230000908344));
#5432=CARTESIAN_POINT('',(126.390882032301,0.,-45.3230000908344));
#5433=CARTESIAN_POINT('Origin',(-2.79452470053343E-7,2.6,1.572015347544));
#5434=CARTESIAN_POINT('',(-85.1216311825421,2.6,-46.3241107875014));
#5435=CARTESIAN_POINT('',(-42.5608169457376,2.6,-46.3241129463538));
#5436=CARTESIAN_POINT('',(-5.00000040254124,2.6,-46.3241107875014));
#5437=CARTESIAN_POINT('',(42.5607782629344,2.6,-46.3241107875014));
#5438=CARTESIAN_POINT('',(-5.00000040254124,2.59999999999991,-48.3241187144945));
#5439=CARTESIAN_POINT('',(-5.00000040254124,2.6,-23.3760519308178));
#5440=CARTESIAN_POINT('',(4.99999959745876,2.59999999999991,-48.3241197038645));
#5441=CARTESIAN_POINT('',(67.195440294103,2.59999999999991,-48.3241258572942));
#5442=CARTESIAN_POINT('',(4.99999959745876,2.6,-46.3241107875014));
#5443=CARTESIAN_POINT('',(4.99999959745876,2.6,-23.3760519308178));
#5444=CARTESIAN_POINT('',(85.1215568053212,2.6,-46.3241107875014));
#5445=CARTESIAN_POINT('',(42.5607782629344,2.6,-46.3241107875014));
#5446=CARTESIAN_POINT('',(63.1961014369971,2.6,-46.3247155287462));
#5447=CARTESIAN_POINT('',(126.390882032301,2.6,-40.8230032034085));
#5448=CARTESIAN_POINT('',(126.390882032301,2.6,10.4522483801317));
#5449=CARTESIAN_POINT('',(125.390909456007,2.6,-41.8230032030325));
#5450=CARTESIAN_POINT('Origin',(125.390882032301,2.6,-40.8230032034085));
#5451=CARTESIAN_POINT('',(92.8149504647292,2.6,-41.8238954235068));
#5452=CARTESIAN_POINT('',(42.708074259218,2.6,-41.8252706728025));
#5453=CARTESIAN_POINT('',(85.4149586513541,2.6,-41.8240994917575));
#5454=CARTESIAN_POINT('Origin',(89.1148544331075,2.6,-38.3458309191761));
#5455=CARTESIAN_POINT('',(85.4124223862826,2.6,-41.8214086090216));
#5456=CARTESIAN_POINT('Origin',(89.1148544331075,2.6,-38.3458309191761));
#5457=CARTESIAN_POINT('',(85.3448880049424,2.6,-41.8141328907095));
#5458=CARTESIAN_POINT('Origin',(85.4857071318896,2.6,-40.8240975511959));
#5459=CARTESIAN_POINT('',(66.4306587400706,2.6,-39.1238397813058));
#5460=CARTESIAN_POINT('',(2.82116207166869,2.6,-30.07624983285));
#5461=CARTESIAN_POINT('',(65.7265631433724,2.6,-44.0740168115751));
#5462=CARTESIAN_POINT('',(68.6088225605607,2.6,-23.8101571465644));
#5463=CARTESIAN_POINT('',(64.595708691265,2.6,-44.9232330432551));
#5464=CARTESIAN_POINT('Origin',(64.7365278014787,2.6,-43.9331977013614));
#5465=CARTESIAN_POINT('',(45.7850371952841,2.6,-42.2476699491944));
#5466=CARTESIAN_POINT('',(30.1922506800922,2.6,-40.0298073841856));
#5467=CARTESIAN_POINT('',(45.6864638181345,2.6,-42.94069468852));
#5468=CARTESIAN_POINT('',(48.8081157226861,2.6,-20.99377494229));
#5469=CARTESIAN_POINT('',(44.555609366027,2.6,-43.7899109202));
#5470=CARTESIAN_POINT('Origin',(44.6964284762408,2.6,-42.7998755783063));
#5471=CARTESIAN_POINT('',(9.9043723997468,2.6,-38.86124206272));
#5472=CARTESIAN_POINT('',(20.0525047737916,2.6,-40.3046763632678));
#5473=CARTESIAN_POINT('',(9.0551561680668,2.6,-37.7303876106125));
#5474=CARTESIAN_POINT('Origin',(10.0451915099605,2.6,-37.8712067208262));
#5475=CARTESIAN_POINT('',(9.99865245688523,2.6,-31.0971506930306));
#5476=CARTESIAN_POINT('',(11.6346544982956,2.6,-19.5951039306733));
#5477=CARTESIAN_POINT('',(-2.26793191451184E-7,2.6,-31.0971506930283));
#5478=CARTESIAN_POINT('',(-2.53126567070799E-7,2.6,-31.0971506930283));
#5479=CARTESIAN_POINT('',(-9.99865291047162,2.6,-31.0971506914385));
#5480=CARTESIAN_POINT('',(-4.99932659755931,2.6,-31.0971506922334));
#5481=CARTESIAN_POINT('',(-9.0554622432896,2.6,-37.7304264227094));
#5482=CARTESIAN_POINT('',(-12.1761512743969,2.6,-15.7830352587278));
#5483=CARTESIAN_POINT('',(-9.90473048973737,2.6,-38.8612418124064));
#5484=CARTESIAN_POINT('Origin',(-10.045504061362,2.6,-37.8711999943341));
#5485=CARTESIAN_POINT('',(-44.5561941222704,2.6,-43.7883168192676));
#5486=CARTESIAN_POINT('',(-1.73786012358157,2.6,-37.6999984290943));
#5487=CARTESIAN_POINT('',(-45.6870095119674,2.6,-42.9390485728198));
#5488=CARTESIAN_POINT('Origin',(-44.696967693895,2.6,-42.7982750011952));
#5489=CARTESIAN_POINT('',(-45.7855510121046,2.6,-42.2460193001691));
#5490=CARTESIAN_POINT('',(-48.26572029232,2.6,-24.803318408417));
#5491=CARTESIAN_POINT('',(-64.5963455554798,2.6,-44.9207171610366));
#5492=CARTESIAN_POINT('',(-20.2929488296823,2.6,-38.6212384134264));
#5493=CARTESIAN_POINT('',(-65.7271609451767,2.6,-44.0714489145888));
#5494=CARTESIAN_POINT('Origin',(-64.7371191271044,2.6,-43.9306753429642));
#5495=CARTESIAN_POINT('',(-66.4310288032997,2.6,-39.121239824227));
#5496=CARTESIAN_POINT('',(-68.1862141896484,2.6,-26.7772542955474));
#5497=CARTESIAN_POINT('',(-85.3698198592964,2.6,-41.8141370361347));
#5498=CARTESIAN_POINT('',(-40.5424217069364,2.6,-35.4401530139251));
#5499=CARTESIAN_POINT('',(-85.4373296646437,2.6,-41.8214078139478));
#5500=CARTESIAN_POINT('Origin',(-85.5105933824921,2.6,-40.8240952111762));
#5501=CARTESIAN_POINT('',(-92.8398544702593,2.6,-41.8240956536219));
#5502=CARTESIAN_POINT('Origin',(-89.1398544787062,2.6,-38.3459704668026));
#5503=CARTESIAN_POINT('',(-125.390882591205,2.6,-41.8240952111689));
#5504=CARTESIAN_POINT('',(-63.1954456158685,2.6,-41.8240952111803));
#5505=CARTESIAN_POINT('Origin',(-125.390882591205,2.6,-40.8240952111689));
#5506=CARTESIAN_POINT('Origin',(126.390882032301,0.,-46.3229725095187));
#5507=CARTESIAN_POINT('',(126.390882032301,-14.2438235074466,-13.3939871691824));
#5508=CARTESIAN_POINT('',(126.390882032301,-12.9566296697243,-23.8773397035469));
#5509=CARTESIAN_POINT('',(126.390882032301,-9.15187526428103,18.7553087637514));
#5510=CARTESIAN_POINT('',(126.390882032301,-15.300711792655,-20.0669171807589));
#5511=CARTESIAN_POINT('',(126.390882032301,2.6,18.7553087637514));
#5512=CARTESIAN_POINT('',(126.390882032301,0.,18.7553087637514));
#5513=CARTESIAN_POINT('',(126.390882032301,2.6,18.3324814127195));
#5514=CARTESIAN_POINT('',(126.390882032301,2.6,-22.3754785809874));
#5515=CARTESIAN_POINT('',(126.390882032301,9.1,18.3324814127195));
#5516=CARTESIAN_POINT('',(126.390882032301,4.55,18.3324814127195));
#5517=CARTESIAN_POINT('',(126.390882032301,9.1,16.8324814127195));
#5518=CARTESIAN_POINT('',(126.390882032301,9.1,10.9522476810093));
#5519=CARTESIAN_POINT('',(126.390882032301,13.1,16.8324814127195));
#5520=CARTESIAN_POINT('',(126.390882032301,4.55,16.8324814127195));
#5521=CARTESIAN_POINT('',(126.390882032301,13.1,-36.3175188232833));
#5522=CARTESIAN_POINT('',(126.390882032301,13.1,10.2022430990533));
#5523=CARTESIAN_POINT('',(126.390882032301,9.1,-36.3175188232833));
#5524=CARTESIAN_POINT('',(126.390882032301,4.55,-36.3175188232833));
#5525=CARTESIAN_POINT('',(126.390882032301,9.1,-40.8230032034085));
#5526=CARTESIAN_POINT('',(126.390882032301,9.1,10.9522476810093));
#5527=CARTESIAN_POINT('',(126.390882032301,4.55,-40.8230032034085));
#5528=CARTESIAN_POINT('Origin',(125.390882032301,0.,18.7553087637514));
#5529=CARTESIAN_POINT('',(125.891112767731,2.6,19.6212009113832));
#5530=CARTESIAN_POINT('Origin',(125.390882032301,2.6,18.7553087637514));
#5531=CARTESIAN_POINT('',(125.891112767731,-9.01473142109695,19.6212009113832));
#5532=CARTESIAN_POINT('Origin',(125.390882032301,-9.15187526428103,18.7553087637514));
#5533=CARTESIAN_POINT('',(125.891112767731,0.,19.6212009113832));
#5534=CARTESIAN_POINT('Origin',(126.390882032301,0.,19.3324814127195));
#5535=CARTESIAN_POINT('',(92.9223000585929,-5.99809901055284,38.667468362674));
#5536=CARTESIAN_POINT('',(82.5586320675998,-5.04982777526257,44.6546173108107));
#5537=CARTESIAN_POINT('',(92.9223000585929,2.6,38.667468362674));
#5538=CARTESIAN_POINT('',(92.9223000585929,0.,38.667468362674));
#5539=CARTESIAN_POINT('',(66.0342342710552,2.6,54.2008543161024));
#5540=CARTESIAN_POINT('Origin',(125.390882032301,4.55,18.3324814127195));
#5541=CARTESIAN_POINT('',(125.390882032301,2.6,19.3324814127195));
#5542=CARTESIAN_POINT('Origin',(125.390882032301,2.6,18.3324814127195));
#5543=CARTESIAN_POINT('',(125.390882032301,9.1,19.3324814127195));
#5544=CARTESIAN_POINT('',(125.390882032301,4.55,19.3324814127195));
#5545=CARTESIAN_POINT('Origin',(125.390882032301,9.1,18.3324814127195));
#5546=CARTESIAN_POINT('Origin',(125.390882032301,4.55,-40.8230032034085));
#5547=CARTESIAN_POINT('',(125.390909456007,9.1,-41.8230032030324));
#5548=CARTESIAN_POINT('Origin',(125.390882032301,9.1,-40.8230032034085));
#5549=CARTESIAN_POINT('',(125.390909456007,4.55,-41.8230032030324));
#5550=CARTESIAN_POINT('Origin',(85.4149586513541,9.1,-41.8240994917575));
#5551=CARTESIAN_POINT('',(85.4857345555957,9.1,-41.8240975508199));
#5552=CARTESIAN_POINT('',(63.1960429809894,9.1,-41.8247088167702));
#5553=CARTESIAN_POINT('',(85.4857345555957,6.8,-41.8240975508199));
#5554=CARTESIAN_POINT('',(85.4857345555957,9.1,-41.8240975508199));
#5555=CARTESIAN_POINT('',(92.8149504647292,6.8,-41.8238954235068));
#5556=CARTESIAN_POINT('',(42.7018621095236,6.8,-41.8252708431627));
#5557=CARTESIAN_POINT('',(92.8149493996421,2.6,-41.8238965565862));
#5558=CARTESIAN_POINT('Origin',(-125.390882591205,4.55,-40.8240952111689));
#5559=CARTESIAN_POINT('',(-125.390882591205,9.1,-41.8240952111689));
#5560=CARTESIAN_POINT('Origin',(-125.390882591205,9.1,-40.8240952111689));
#5561=CARTESIAN_POINT('',(-125.390882591205,4.55,-41.8240952111689));
#5562=CARTESIAN_POINT('Origin',(-126.390890952277,9.1,-41.8240952111687));
#5563=CARTESIAN_POINT('',(-92.8398544702593,6.8,-41.8240956536219));
#5564=CARTESIAN_POINT('',(-92.8398548861745,2.6,-41.8240952111748));
#5565=CARTESIAN_POINT('',(-85.5105933824923,6.8,-41.8240952111762));
#5566=CARTESIAN_POINT('',(-63.2016714775249,6.8,-41.8240952111803));
#5567=CARTESIAN_POINT('',(-85.5105933824923,9.1,-41.8240952111762));
#5568=CARTESIAN_POINT('',(-85.5105933824923,9.1,-41.8240952111762));
#5569=CARTESIAN_POINT('',(-42.719934022934,9.1,-41.824095211184));
#5570=CARTESIAN_POINT('Origin',(-125.390882591205,0.,18.7553100428879));
#5571=CARTESIAN_POINT('',(-125.891113315356,2.6,19.6212021970364));
#5572=CARTESIAN_POINT('Origin',(-125.390882591205,2.6,18.7553100428879));
#5573=CARTESIAN_POINT('',(-125.891113315356,-9.0147312174695,19.6212021970364));
#5574=CARTESIAN_POINT('',(-125.891113315356,0.,19.6212021970364));
#5575=CARTESIAN_POINT('Origin',(-125.390882591205,-9.15187506168572,18.7553100428879));
#5576=CARTESIAN_POINT('Origin',(-2.79452470053343E-7,2.6,1.572015347544));
#5577=CARTESIAN_POINT('',(92.5498704198598,2.6,38.793376033394));
#5578=CARTESIAN_POINT('Origin',(92.4220693231622,2.6,37.8015762150421));
#5579=CARTESIAN_POINT('',(9.77204066408936,2.6,49.4599412306054));
#5580=CARTESIAN_POINT('',(7.96897705517086,2.6,49.692279957001));
#5581=CARTESIAN_POINT('',(9.64423957468483,2.6,49.4681414122535));
#5582=CARTESIAN_POINT('Origin',(9.64423956739178,2.6,48.4681414122535));
#5583=CARTESIAN_POINT('',(3.60773818356916E-7,2.6,49.4681414825894));
#5584=CARTESIAN_POINT('',(2.15315188411982E-7,2.6,49.4681414825894));
#5585=CARTESIAN_POINT('',(-9.64423885721989,2.6,49.4681414825894));
#5586=CARTESIAN_POINT('',(-4.85420137698362,2.6,49.4681414825894));
#5587=CARTESIAN_POINT('',(-9.77203993861913,2.6,49.4599413029127));
#5588=CARTESIAN_POINT('Origin',(-9.64423885721989,2.6,48.4681414825894));
#5589=CARTESIAN_POINT('',(-92.5498698527572,2.6,38.793377383329));
#5590=CARTESIAN_POINT('',(-49.4891281760802,2.6,44.3420871525435));
#5591=CARTESIAN_POINT('',(-92.9222994955084,2.6,38.6674697171543));
#5592=CARTESIAN_POINT('Origin',(-92.4220687713579,2.6,37.8015775630058));
#5593=CARTESIAN_POINT('',(-82.8553222495372,2.6,44.4832185879941));
#5594=CARTESIAN_POINT('',(-125.390882591205,2.6,19.3324827005395));
#5595=CARTESIAN_POINT('Origin',(-125.390882591205,2.6,18.3324827005395));
#5596=CARTESIAN_POINT('',(-112.364802631868,2.6,19.3324827005395));
#5597=CARTESIAN_POINT('',(-45.1824014556602,2.6,19.3324827005395));
#5598=CARTESIAN_POINT('',(-112.364802631868,2.6,24.3324827005395));
#5599=CARTESIAN_POINT('',(-112.364802631868,2.6,10.4522490240418));
#5600=CARTESIAN_POINT('',(-111.364802631868,2.6,25.3324827005395));
#5601=CARTESIAN_POINT('Origin',(-111.364802631868,2.6,24.3324827005395));
#5602=CARTESIAN_POINT('',(-90.3648026318679,2.6,25.3324827005395));
#5603=CARTESIAN_POINT('',(-56.1824014556602,2.6,25.3324827005395));
#5604=CARTESIAN_POINT('',(-90.3648026318679,2.6,35.8440550443306));
#5605=CARTESIAN_POINT('',(-90.3648026318679,2.6,19.1718836614083));
#5606=CARTESIAN_POINT('',(-89.4397122237185,2.6,36.8412453737306));
#5607=CARTESIAN_POINT('Origin',(-89.3648026318679,2.6,35.8440550443306));
#5608=CARTESIAN_POINT('',(-70.6891793846868,2.6,38.2497977037528));
#5609=CARTESIAN_POINT('',(-36.9128231646386,2.6,40.7870997453448));
#5610=CARTESIAN_POINT('',(-9.44425407269151,2.6,46.9581832911429));
#5611=CARTESIAN_POINT('',(-7.94346306306577,2.6,47.1715800212611));
#5612=CARTESIAN_POINT('',(-9.30348051676132,2.6,46.9681414708389));
#5613=CARTESIAN_POINT('Origin',(-9.30348051676132,2.6,45.9681414708389));
#5614=CARTESIAN_POINT('',(-3.69999999999698,2.6,46.9681414708389));
#5615=CARTESIAN_POINT('',(3.15443786320932E-8,2.6,46.9681414708389));
#5616=CARTESIAN_POINT('',(3.69999999999698,2.6,46.9681414168703));
#5617=CARTESIAN_POINT('Origin',(-2.53661475873614E-8,2.6,43.4900165295052));
#5618=CARTESIAN_POINT('',(9.30348032711325,2.6,46.9681413351374));
#5619=CARTESIAN_POINT('',(4.68710985129203,2.6,46.9681414024722));
#5620=CARTESIAN_POINT('',(9.44425388092744,2.6,46.9581831536682));
#5621=CARTESIAN_POINT('Origin',(9.30348031252714,2.6,45.9681413351374));
#5622=CARTESIAN_POINT('',(70.6891799426025,2.6,38.2497966726728));
#5623=CARTESIAN_POINT('',(38.600943284788,2.6,42.812407557834));
#5624=CARTESIAN_POINT('',(89.4397127746203,2.6,36.8412440681368));
#5625=CARTESIAN_POINT('',(46.7506350830899,2.6,40.0480762209261));
#5626=CARTESIAN_POINT('',(90.3648031682247,2.6,35.8440537398295));
#5627=CARTESIAN_POINT('Origin',(89.3648031682247,2.6,35.8440537398295));
#5628=CARTESIAN_POINT('',(90.3648031682247,2.6,25.3324814127195));
#5629=CARTESIAN_POINT('',(90.3648031682247,2.6,10.4522483801317));
#5630=CARTESIAN_POINT('',(111.364803168225,2.6,25.3324814127195));
#5631=CARTESIAN_POINT('',(45.1824014443861,2.6,25.3324814127195));
#5632=CARTESIAN_POINT('',(112.364803168225,2.6,24.3324814127195));
#5633=CARTESIAN_POINT('Origin',(111.364803168225,2.6,24.3324814127195));
#5634=CARTESIAN_POINT('',(112.364803168225,2.6,19.3324814127195));
#5635=CARTESIAN_POINT('',(112.364803168225,2.6,13.4522483801317));
#5636=CARTESIAN_POINT('',(63.195440876424,2.6,19.3324814127195));
#5637=CARTESIAN_POINT('Origin',(-125.390882591205,4.55,18.3324827005395));
#5638=CARTESIAN_POINT('',(-125.390882591205,9.1,19.3324827005395));
#5639=CARTESIAN_POINT('Origin',(-125.390882591205,9.1,18.3324827005395));
#5640=CARTESIAN_POINT('',(-125.390882591205,4.55,19.3324827005395));
#5641=CARTESIAN_POINT('Origin',(-1.36405240258597E-5,9.1,2.57201394929909));
#5642=CARTESIAN_POINT('',(90.3648031682247,9.1,19.3324814127195));
#5643=CARTESIAN_POINT('',(45.1823947638503,9.1,19.3324814127195));
#5644=CARTESIAN_POINT('',(90.3648031682247,9.1,35.8440537398295));
#5645=CARTESIAN_POINT('',(90.3648031682247,9.1,19.6718823032505));
#5646=CARTESIAN_POINT('',(89.4397127746203,9.1,36.8412440681368));
#5647=CARTESIAN_POINT('Origin',(89.3648031682247,9.1,35.8440537398295));
#5648=CARTESIAN_POINT('',(70.6891799426025,9.1,38.2497966726728));
#5649=CARTESIAN_POINT('',(36.8754673119569,9.1,40.7899054483339));
#5650=CARTESIAN_POINT('',(9.44425388092743,9.1,46.9581831536682));
#5651=CARTESIAN_POINT('',(7.87377066289018,9.1,47.1814894045536));
#5652=CARTESIAN_POINT('',(9.30348032711325,9.1,46.9681413351374));
#5653=CARTESIAN_POINT('Origin',(9.30348031252714,9.1,45.9681413351374));
#5654=CARTESIAN_POINT('',(3.425411843061E-7,9.1,46.9681414708389));
#5655=CARTESIAN_POINT('',(-6.32520808433632E-6,9.1,46.968141470839));
#5656=CARTESIAN_POINT('',(-9.30348051676132,9.1,46.9681414708389));
#5657=CARTESIAN_POINT('',(-4.68711657552809,9.1,46.9681414708389));
#5658=CARTESIAN_POINT('',(-9.44425407269151,9.1,46.9581832911429));
#5659=CARTESIAN_POINT('Origin',(-9.30348051676132,9.1,45.9681414708389));
#5660=CARTESIAN_POINT('',(-70.6891793846868,9.1,38.2497977037528));
#5661=CARTESIAN_POINT('',(-38.5312637919454,9.1,42.8223157898103));
#5662=CARTESIAN_POINT('',(-89.4397122237185,9.1,36.8412453737306));
#5663=CARTESIAN_POINT('',(-46.713291923215,9.1,40.050882101627));
#5664=CARTESIAN_POINT('',(-90.3648026318679,9.1,35.8440550443306));
#5665=CARTESIAN_POINT('Origin',(-89.3648026318679,9.1,35.8440550443306));
#5666=CARTESIAN_POINT('',(-90.3648026318679,9.1,19.3324827005395));
#5667=CARTESIAN_POINT('',(-90.3648026318679,9.1,10.9522483249193));
#5668=CARTESIAN_POINT('',(-63.1954481158647,9.1,19.3324827005395));
#5669=CARTESIAN_POINT('',(-124.390882591205,9.1,18.8324827005395));
#5670=CARTESIAN_POINT('Origin',(-124.390882591205,9.1,16.8324827005395));
#5671=CARTESIAN_POINT('',(-88.2874322576102,9.1,18.832482700539));
#5672=CARTESIAN_POINT('',(-63.1954522922147,9.1,18.8324827005386));
#5673=CARTESIAN_POINT('',(-89.4711209125905,9.1,34.2683875901315));
#5674=CARTESIAN_POINT('',(-87.4095497956526,9.1,7.38444682556059));
#5675=CARTESIAN_POINT('',(-87.6338355340641,9.1,36.4151461035397));
#5676=CARTESIAN_POINT('Origin',(-87.4769755572244,9.1,34.4213068553389));
#5677=CARTESIAN_POINT('',(-70.6348140880913,9.1,37.752498707427));
#5678=CARTESIAN_POINT('',(-46.4044753837312,9.1,39.6587558800729));
#5679=CARTESIAN_POINT('',(-11.3189335672863,9.1,46.1865943707596));
#5680=CARTESIAN_POINT('',(-38.4688877542858,9.1,42.3261558362943));
#5681=CARTESIAN_POINT('',(-9.05730281484425,9.1,44.4880578419832));
#5682=CARTESIAN_POINT('Origin',(-11.0373864554557,9.1,44.2065107301474));
#5683=CARTESIAN_POINT('',(-6.93866079828016,9.1,29.587928446382));
#5684=CARTESIAN_POINT('',(-6.18737603664304,9.1,24.3042419746624));
#5685=CARTESIAN_POINT('',(-8.63719732706088,9.1,27.3262976939341));
#5686=CARTESIAN_POINT('Origin',(-8.91874443889157,9.1,29.3063813345462));
#5687=CARTESIAN_POINT('',(-12.847066095435,9.1,26.7276985395289));
#5688=CARTESIAN_POINT('',(-5.13916943336918,9.1,27.8236805470481));
#5689=CARTESIAN_POINT('',(-10.4468771113531,9.1,9.84748592891535));
#5690=CARTESIAN_POINT('',(-11.0364603906714,9.1,13.9939473836424));
#5691=CARTESIAN_POINT('',(-12.1454136412838,9.1,7.58585518613412));
#5692=CARTESIAN_POINT('Origin',(-12.4269607533346,9.1,9.56593882671497));
#5693=CARTESIAN_POINT('',(-12.8470501103668,9.1,7.48608984413987));
#5694=CARTESIAN_POINT('',(-5.55240950755884,9.1,8.52331117816699));
#5695=CARTESIAN_POINT('',(-10.4468608375381,9.1,-9.39412286819475));
#5696=CARTESIAN_POINT('',(-12.3773123828936,9.1,4.1824867289529));
#5697=CARTESIAN_POINT('',(-12.1453973412987,9.1,-11.6557536394288));
#5698=CARTESIAN_POINT('Origin',(-12.4269444750355,9.1,-9.67567000193151));
#5699=CARTESIAN_POINT('',(-12.7157648497873,9.1,-11.7368539193112));
#5700=CARTESIAN_POINT('',(-4.21153319635316,9.1,-10.5276413379255));
#5701=CARTESIAN_POINT('',(-10.3155757678043,9.1,-28.6170670584405));
#5702=CARTESIAN_POINT('',(-13.5868952511276,9.1,-5.61030874127434));
#5703=CARTESIAN_POINT('',(-12.0141122975781,9.1,-30.8786978038682));
#5704=CARTESIAN_POINT('Origin',(-12.2956594094138,9.1,-28.8986141632568));
#5705=CARTESIAN_POINT('',(-66.5527827452151,9.1,-38.6335243338995));
#5706=CARTESIAN_POINT('',(-2.80502260650924,9.1,-29.5692619032937));
#5707=CARTESIAN_POINT('',(-66.677490943439,9.1,-38.6472815984701));
#5708=CARTESIAN_POINT('Origin',(-66.8343298570508,9.1,-36.6534406932881));
#5709=CARTESIAN_POINT('',(-84.8382798343657,9.1,-40.0758401121325));
#5710=CARTESIAN_POINT('',(-31.9012673649778,9.1,-35.9117247587088));
#5711=CARTESIAN_POINT('',(-86.9812031439941,9.1,-38.3175172994602));
#5712=CARTESIAN_POINT('Origin',(-84.9951187479775,9.1,-38.0819992069504));
#5713=CARTESIAN_POINT('',(-124.390882591205,9.1,-38.3175172994602));
#5714=CARTESIAN_POINT('',(-43.490608392259,9.1,-38.3175172994602));
#5715=CARTESIAN_POINT('Origin',(-124.390882591205,9.1,-36.3175172994602));
#5716=CARTESIAN_POINT('',(-85.3698198592964,9.1,-41.8141370361347));
#5717=CARTESIAN_POINT('Origin',(-85.5105933824921,9.1,-40.8240952111762));
#5718=CARTESIAN_POINT('',(-9.99865291047162,9.1,-31.0971506914385));
#5719=CARTESIAN_POINT('',(-2.75214176718324,9.1,-30.0667731065718));
#5720=CARTESIAN_POINT('',(-2.26793191451184E-7,9.1,-31.0971506930283));
#5721=CARTESIAN_POINT('',(-6.93633537504967E-6,9.1,-31.0971506930283));
#5722=CARTESIAN_POINT('',(9.99865245688523,9.1,-31.0971506930306));
#5723=CARTESIAN_POINT('',(4.99931940817675,9.1,-31.0971506930294));
#5724=CARTESIAN_POINT('',(85.3448880049424,9.1,-41.8141328907095));
#5725=CARTESIAN_POINT('',(40.4596007622327,9.1,-35.429808301447));
#5726=CARTESIAN_POINT('Origin',(85.4857071318896,9.1,-40.8240975511959));
#5727=CARTESIAN_POINT('',(124.390882042688,9.1,-38.3175188232833));
#5728=CARTESIAN_POINT('Origin',(124.390882032301,9.1,-36.3175188232833));
#5729=CARTESIAN_POINT('',(86.9809979149914,9.1,-38.3175190175722));
#5730=CARTESIAN_POINT('',(63.1954343020685,9.1,-38.3175191411029));
#5731=CARTESIAN_POINT('',(84.8380255789501,9.1,-40.0760530451572));
#5732=CARTESIAN_POINT('Origin',(84.9948882620896,9.1,-38.0822140098692));
#5733=CARTESIAN_POINT('',(66.6774768038354,9.1,-38.6472955789164));
#5734=CARTESIAN_POINT('',(42.0106520549821,9.1,-36.7066653444011));
#5735=CARTESIAN_POINT('',(66.5527918737729,9.1,-38.6335401129507));
#5736=CARTESIAN_POINT('Origin',(66.8343394869749,9.1,-36.6534565436284));
#5737=CARTESIAN_POINT('',(12.0141141204892,9.1,-30.8786984554905));
#5738=CARTESIAN_POINT('',(31.0954505061246,9.1,-33.5918691515737));
#5739=CARTESIAN_POINT('',(10.315578164369,9.1,-28.6170672729661));
#5740=CARTESIAN_POINT('Origin',(12.2956617336913,9.1,-28.8986148861681));
#5741=CARTESIAN_POINT('',(12.7157714562332,9.1,-11.7368556229134));
#5742=CARTESIAN_POINT('',(12.2460324970564,9.1,-15.0404616608338));
#5743=CARTESIAN_POINT('',(12.1453971399792,9.1,-11.6557542425623));
#5744=CARTESIAN_POINT('',(5.48674748835469,9.1,-10.7089625259092));
#5745=CARTESIAN_POINT('',(10.4468611551764,9.1,-9.39412305595959));
#5746=CARTESIAN_POINT('Origin',(12.4269447244987,9.1,-9.67567066916165));
#5747=CARTESIAN_POINT('',(12.847054383073,9.1,7.48608814421767));
#5748=CARTESIAN_POINT('',(11.036445033879,9.1,-5.24766506372497));
#5749=CARTESIAN_POINT('',(12.1454137449667,9.1,7.58585424424423));
#5750=CARTESIAN_POINT('',(6.89325920551112,9.1,8.33265673355343));
#5751=CARTESIAN_POINT('',(10.4468777447765,9.1,9.84748543303491));
#5752=CARTESIAN_POINT('Origin',(12.4269613140988,9.1,9.56593781983284));
#5753=CARTESIAN_POINT('',(12.8470709358338,9.1,26.7276963741273));
#5754=CARTESIAN_POINT('',(9.695591202946,9.1,4.56379604063409));
#5755=CARTESIAN_POINT('',(8.63719780560714,9.1,27.3262971267034));
#5756=CARTESIAN_POINT('',(8.23413763372418,9.1,27.3836081464798));
#5757=CARTESIAN_POINT('',(6.93866179897712,9.1,29.5879283164098));
#5758=CARTESIAN_POINT('Origin',(8.91874536829944,9.1,29.3063807032077));
#5759=CARTESIAN_POINT('',(9.05730764931428,9.1,44.4880576045058));
#5760=CARTESIAN_POINT('',(4.84650486219398,9.1,14.8740917192763));
#5761=CARTESIAN_POINT('',(11.3189383596128,9.1,46.1865936277717));
#5762=CARTESIAN_POINT('Origin',(11.0373912186366,9.1,44.2065099913038));
#5763=CARTESIAN_POINT('',(70.6348147597322,9.1,37.7524976596135));
#5764=CARTESIAN_POINT('',(7.82089526491546,9.1,46.6839786948391));
#5765=CARTESIAN_POINT('',(87.6340593274084,9.1,36.4149117893838));
#5766=CARTESIAN_POINT('',(36.910288802611,9.1,40.406112602375));
#5767=CARTESIAN_POINT('',(89.4713176283236,9.1,34.268130057633));
#5768=CARTESIAN_POINT('Origin',(87.4771742053071,9.1,34.4210745195788));
#5769=CARTESIAN_POINT('',(88.2874524411297,9.1,18.8324814127195));
#5770=CARTESIAN_POINT('',(88.0776371551027,9.1,16.0968362814344));
#5771=CARTESIAN_POINT('',(124.390882032301,9.1,18.8324814127195));
#5772=CARTESIAN_POINT('',(44.1437194003029,9.1,18.8324814127195));
#5773=CARTESIAN_POINT('Origin',(124.390882032301,9.1,16.8324814127195));
#5774=CARTESIAN_POINT('',(-3.85,9.1,40.0969798213424));
#5775=CARTESIAN_POINT('',(3.85,9.1,40.0969798213424));
#5776=CARTESIAN_POINT('',(1.92499317973799,9.1,40.0969798213424));
#5777=CARTESIAN_POINT('',(3.85,9.1,3.09697982134238));
#5778=CARTESIAN_POINT('',(3.85,9.1,2.83449688532074));
#5779=CARTESIAN_POINT('',(-3.85,9.1,3.09697982134238));
#5780=CARTESIAN_POINT('',(-1.92500682026201,9.1,3.09697982134238));
#5781=CARTESIAN_POINT('',(-3.85,9.1,21.3344968853207));
#5782=CARTESIAN_POINT('Origin',(-124.390882591205,4.55,16.8324827005395));
#5783=CARTESIAN_POINT('',(-124.390882591205,13.1,18.8324827005395));
#5784=CARTESIAN_POINT('Origin',(-124.390882591205,13.1,16.8324827005395));
#5785=CARTESIAN_POINT('',(-124.390882591205,4.55,18.8324827005395));
#5786=CARTESIAN_POINT('Origin',(-87.4769755572244,9.1,34.4213068553389));
#5787=CARTESIAN_POINT('',(-89.4711209125905,13.1,34.2683875901315));
#5788=CARTESIAN_POINT('',(-89.4711209125905,9.1,34.2683875901315));
#5789=CARTESIAN_POINT('',(-87.6338355340641,13.1,36.4151461035397));
#5790=CARTESIAN_POINT('Origin',(-87.4769755572244,13.1,34.4213068553389));
#5791=CARTESIAN_POINT('',(-87.6338355340641,9.1,36.4151461035397));
#5792=CARTESIAN_POINT('Origin',(-88.2874322576102,9.1,18.832482700539));
#5793=CARTESIAN_POINT('',(-88.2874322576102,13.1,18.832482700539));
#5794=CARTESIAN_POINT('',(-88.2874322576102,9.1,18.832482700539));
#5795=CARTESIAN_POINT('',(-87.37143145116,13.1,6.88736413607058));
#5796=CARTESIAN_POINT('Origin',(-11.0373864554557,9.1,44.2065107301474));
#5797=CARTESIAN_POINT('',(-11.3189335672863,13.1,46.1865943707596));
#5798=CARTESIAN_POINT('',(-11.3189335672863,9.1,46.1865943707596));
#5799=CARTESIAN_POINT('',(-9.05730281484425,13.1,44.4880578419832));
#5800=CARTESIAN_POINT('Origin',(-11.0373864554557,13.1,44.2065107301474));
#5801=CARTESIAN_POINT('',(-9.05730281484425,9.1,44.4880578419832));
#5802=CARTESIAN_POINT('Origin',(-70.6348140880912,9.1,37.752498707427));
#5803=CARTESIAN_POINT('',(-70.6348140880913,13.1,37.752498707427));
#5804=CARTESIAN_POINT('',(-70.6348140880913,9.1,37.752498707427));
#5805=CARTESIAN_POINT('',(-38.5385591775815,13.1,42.3162492911345));
#5806=CARTESIAN_POINT('Origin',(-8.91874443889157,9.1,29.3063813345462));
#5807=CARTESIAN_POINT('',(-6.93866079828016,13.1,29.587928446382));
#5808=CARTESIAN_POINT('',(-6.93866079828016,9.1,29.587928446382));
#5809=CARTESIAN_POINT('',(-8.63719732706088,13.1,27.3262976939341));
#5810=CARTESIAN_POINT('Origin',(-8.91874443889157,13.1,29.3063813345462));
#5811=CARTESIAN_POINT('',(-8.63719732706088,9.1,27.3262976939341));
#5812=CARTESIAN_POINT('Origin',(-9.33884992667928,9.1,46.4681414825894));
#5813=CARTESIAN_POINT('',(-6.11768923960773,13.1,23.8141439378666));
#5814=CARTESIAN_POINT('Origin',(-12.4269607533346,9.1,9.56593882671497));
#5815=CARTESIAN_POINT('',(-10.4468771113531,13.1,9.84748592891535));
#5816=CARTESIAN_POINT('',(-10.4468771113531,9.1,9.84748592891535));
#5817=CARTESIAN_POINT('',(-12.1454136412838,13.1,7.58585518613413));
#5818=CARTESIAN_POINT('Origin',(-12.4269607533346,13.1,9.56593882671497));
#5819=CARTESIAN_POINT('',(-12.1454136412838,9.1,7.58585518613412));
#5820=CARTESIAN_POINT('Origin',(-12.847066095435,9.1,26.7276985395289));
#5821=CARTESIAN_POINT('',(-12.847066095435,13.1,26.7276985395289));
#5822=CARTESIAN_POINT('',(-12.847066095435,9.1,26.7276985395289));
#5823=CARTESIAN_POINT('',(-10.9667735959728,13.1,13.5038493461684));
#5824=CARTESIAN_POINT('Origin',(-12.4269444750355,9.1,-9.67567000193151));
#5825=CARTESIAN_POINT('',(-10.4468608375381,13.1,-9.39412286819475));
#5826=CARTESIAN_POINT('',(-10.4468608375381,9.1,-9.39412286819476));
#5827=CARTESIAN_POINT('',(-12.1453973412987,13.1,-11.6557536394288));
#5828=CARTESIAN_POINT('Origin',(-12.4269444750355,13.1,-9.67567000193151));
#5829=CARTESIAN_POINT('',(-12.1453973412987,9.1,-11.6557536394288));
#5830=CARTESIAN_POINT('Origin',(-12.8470501103667,9.1,7.48608984413987));
#5831=CARTESIAN_POINT('',(-12.8470501103668,13.1,7.48608984413987));
#5832=CARTESIAN_POINT('',(-12.8470501103668,9.1,7.48608984413987));
#5833=CARTESIAN_POINT('',(-12.3076255805471,13.1,3.6923886936985));
#5834=CARTESIAN_POINT('Origin',(-12.2956594094138,9.1,-28.8986141632568));
#5835=CARTESIAN_POINT('',(-10.3155757678043,13.1,-28.6170670584405));
#5836=CARTESIAN_POINT('',(-10.3155757678043,9.1,-28.6170670584405));
#5837=CARTESIAN_POINT('',(-12.0141122975781,13.1,-30.8786978038683));
#5838=CARTESIAN_POINT('Origin',(-12.2956594094138,13.1,-28.8986141632568));
#5839=CARTESIAN_POINT('',(-12.0141122975781,9.1,-30.8786978038682));
#5840=CARTESIAN_POINT('Origin',(-12.7157648497873,9.1,-11.7368539193112));
#5841=CARTESIAN_POINT('',(-12.7157648497873,13.1,-11.7368539193112));
#5842=CARTESIAN_POINT('',(-12.7157648497873,9.1,-11.7368539193112));
#5843=CARTESIAN_POINT('',(-13.5172084557946,13.1,-6.10040677856416));
#5844=CARTESIAN_POINT('Origin',(-124.390882591205,4.55,-36.3175172994602));
#5845=CARTESIAN_POINT('',(-124.390882591205,13.1,-38.3175172994602));
#5846=CARTESIAN_POINT('',(-124.390882591205,4.55,-38.3175172994602));
#5847=CARTESIAN_POINT('Origin',(-124.390882591205,13.1,-36.3175172994602));
#5848=CARTESIAN_POINT('Origin',(-86.9812031439941,9.1,-38.3175172994602));
#5849=CARTESIAN_POINT('',(-86.9812031439941,13.1,-38.3175172994602));
#5850=CARTESIAN_POINT('',(-86.9812031439941,9.1,-38.3175172994602));
#5851=CARTESIAN_POINT('',(-43.4905930185207,13.1,-38.3175172994602));
#5852=CARTESIAN_POINT('Origin',(-84.9951187479775,9.1,-38.0819992069504));
#5853=CARTESIAN_POINT('',(-84.8382798343657,13.1,-40.0758401121325));
#5854=CARTESIAN_POINT('',(-84.8382798343657,9.1,-40.0758401121325));
#5855=CARTESIAN_POINT('Origin',(-84.9951187479775,13.1,-38.0819992069504));
#5856=CARTESIAN_POINT('Origin',(-66.8343298570508,9.1,-36.6534406932881));
#5857=CARTESIAN_POINT('',(-66.5527827452151,13.1,-38.6335243338995));
#5858=CARTESIAN_POINT('',(-66.5527827452151,9.1,-38.6335243338995));
#5859=CARTESIAN_POINT('',(-66.677490943439,13.1,-38.6472815984701));
#5860=CARTESIAN_POINT('Origin',(-66.8343298570508,13.1,-36.6534406932881));
#5861=CARTESIAN_POINT('',(-66.677490943439,9.1,-38.6472815984701));
#5862=CARTESIAN_POINT('Origin',(-10.0340286639861,9.1,-30.5971506930306));
#5863=CARTESIAN_POINT('',(-2.87469402980619,13.1,-29.579168448454));
#5864=CARTESIAN_POINT('Origin',(124.390882032301,4.55,-36.3175188232833));
#5865=CARTESIAN_POINT('',(124.390882042688,13.1,-38.3175188232833));
#5866=CARTESIAN_POINT('Origin',(124.390882032301,13.1,-36.3175188232833));
#5867=CARTESIAN_POINT('',(124.390882042688,4.55,-38.3175188232833));
#5868=CARTESIAN_POINT('Origin',(84.9948882620896,9.1,-38.0822140098692));
#5869=CARTESIAN_POINT('',(86.9809979149914,13.1,-38.3175190175722));
#5870=CARTESIAN_POINT('',(84.8380255789501,13.1,-40.0760530451572));
#5871=CARTESIAN_POINT('Origin',(84.9948882620896,13.1,-38.0822140098692));
#5872=CARTESIAN_POINT('',(84.8380255789501,9.1,-40.0760530451572));
#5873=CARTESIAN_POINT('',(86.9809979149914,9.1,-38.3175190175722));
#5874=CARTESIAN_POINT('Origin',(66.8343394869749,9.1,-36.6534565436284));
#5875=CARTESIAN_POINT('',(66.6774768038354,13.1,-38.6472955789164));
#5876=CARTESIAN_POINT('',(66.6774768038354,9.1,-38.6472955789164));
#5877=CARTESIAN_POINT('',(66.5527918737729,13.1,-38.6335401129507));
#5878=CARTESIAN_POINT('Origin',(66.8343394869749,13.1,-36.6534565436284));
#5879=CARTESIAN_POINT('',(66.5527918737729,9.1,-38.6335401129507));
#5880=CARTESIAN_POINT('Origin',(86.8340797096385,9.1,-40.2330899980355));
#5881=CARTESIAN_POINT('',(42.0497625600141,13.1,-36.7097423123256));
#5882=CARTESIAN_POINT('Origin',(12.2956617336913,9.1,-28.8986148861681));
#5883=CARTESIAN_POINT('',(12.0141141204892,13.1,-30.8786984554905));
#5884=CARTESIAN_POINT('',(12.0141141204892,9.1,-30.8786984554905));
#5885=CARTESIAN_POINT('',(10.315578164369,13.1,-28.6170672729661));
#5886=CARTESIAN_POINT('Origin',(12.2956617336913,13.1,-28.8986148861681));
#5887=CARTESIAN_POINT('',(10.315578164369,9.1,-28.6170672729661));
#5888=CARTESIAN_POINT('Origin',(66.6149185445522,9.1,-38.6423738895373));
#5889=CARTESIAN_POINT('',(31.1651521891541,13.1,-33.6017800173559));
#5890=CARTESIAN_POINT('Origin',(12.4269447244987,9.1,-9.67567066916165));
#5891=CARTESIAN_POINT('',(12.1453971399792,13.1,-11.6557542425623));
#5892=CARTESIAN_POINT('',(12.1453971399792,9.1,-11.6557542425623));
#5893=CARTESIAN_POINT('',(10.4468611551764,13.1,-9.39412305595959));
#5894=CARTESIAN_POINT('Origin',(12.4269447244987,13.1,-9.67567066916165));
#5895=CARTESIAN_POINT('',(10.4468611551764,9.1,-9.39412305595959));
#5896=CARTESIAN_POINT('Origin',(12.7157714562332,9.1,-11.7368556229134));
#5897=CARTESIAN_POINT('',(12.7157714562332,13.1,-11.7368556229134));
#5898=CARTESIAN_POINT('',(12.7157714562332,9.1,-11.7368556229134));
#5899=CARTESIAN_POINT('',(5.55644916442847,13.1,-10.7188733896723));
#5900=CARTESIAN_POINT('Origin',(12.4269613140988,9.1,9.56593781983284));
#5901=CARTESIAN_POINT('',(12.1454137449667,13.1,7.58585424424423));
#5902=CARTESIAN_POINT('',(12.1454137449667,9.1,7.58585424424423));
#5903=CARTESIAN_POINT('',(10.4468777447765,13.1,9.84748543303491));
#5904=CARTESIAN_POINT('Origin',(12.4269613140988,13.1,9.56593781983284));
#5905=CARTESIAN_POINT('',(10.4468777447765,9.1,9.84748543303491));
#5906=CARTESIAN_POINT('Origin',(12.847054383073,9.1,7.48608814421767));
#5907=CARTESIAN_POINT('',(12.847054383073,13.1,7.48608814421767));
#5908=CARTESIAN_POINT('',(12.847054383073,9.1,7.48608814421767));
#5909=CARTESIAN_POINT('',(6.96296087785335,13.1,8.32274587087352));
#5910=CARTESIAN_POINT('Origin',(8.91874536829944,9.1,29.3063807032077));
#5911=CARTESIAN_POINT('',(8.63719780560714,13.1,27.3262971267034));
#5912=CARTESIAN_POINT('',(8.63719780560714,9.1,27.3262971267034));
#5913=CARTESIAN_POINT('',(6.93866179897712,13.1,29.5879283164098));
#5914=CARTESIAN_POINT('Origin',(8.91874536829944,13.1,29.3063807032077));
#5915=CARTESIAN_POINT('',(6.93866179897712,9.1,29.5879283164098));
#5916=CARTESIAN_POINT('Origin',(12.8470709358338,9.1,26.7276963741273));
#5917=CARTESIAN_POINT('',(12.8470709358338,13.1,26.7276963741273));
#5918=CARTESIAN_POINT('',(12.8470709358338,9.1,26.7276963741273));
#5919=CARTESIAN_POINT('',(8.30383930450472,13.1,27.3736972842533));
#5920=CARTESIAN_POINT('Origin',(11.0373912186366,9.1,44.2065099913038));
#5921=CARTESIAN_POINT('',(9.05730764931428,13.1,44.4880576045058));
#5922=CARTESIAN_POINT('',(9.05730764931428,9.1,44.4880576045058));
#5923=CARTESIAN_POINT('',(11.3189383596128,13.1,46.1865936277717));
#5924=CARTESIAN_POINT('Origin',(11.0373912186366,13.1,44.2065099913038));
#5925=CARTESIAN_POINT('',(11.3189383596128,9.1,46.1865936277717));
#5926=CARTESIAN_POINT('Origin',(6.65711417859309,9.1,27.6078446965777));
#5927=CARTESIAN_POINT('',(4.77681855290286,13.1,14.3839980031025));
#5928=CARTESIAN_POINT('Origin',(87.4771742053071,9.1,34.4210745195788));
#5929=CARTESIAN_POINT('',(87.6340593274084,13.1,36.4149117893838));
#5930=CARTESIAN_POINT('',(87.6340593274084,9.1,36.4149117893838));
#5931=CARTESIAN_POINT('',(89.4713176283236,13.1,34.268130057633));
#5932=CARTESIAN_POINT('Origin',(87.4771742053071,13.1,34.4210745195788));
#5933=CARTESIAN_POINT('',(89.4713176283236,9.1,34.268130057633));
#5934=CARTESIAN_POINT('Origin',(70.6348147597322,9.1,37.7524976596135));
#5935=CARTESIAN_POINT('',(70.6348147597322,13.1,37.7524976596135));
#5936=CARTESIAN_POINT('',(70.6348147597322,9.1,37.7524976596135));
#5937=CARTESIAN_POINT('',(36.9494048655044,13.1,40.4030347542496));
#5938=CARTESIAN_POINT('Origin',(124.390882032301,4.55,16.8324814127195));
#5939=CARTESIAN_POINT('',(124.390882032301,13.1,18.8324814127195));
#5940=CARTESIAN_POINT('',(124.390882032301,4.55,18.8324814127195));
#5941=CARTESIAN_POINT('Origin',(124.390882032301,13.1,16.8324814127195));
#5942=CARTESIAN_POINT('Origin',(88.2874524411297,9.1,18.8324814127195));
#5943=CARTESIAN_POINT('',(88.2874524411297,13.1,18.8324814127195));
#5944=CARTESIAN_POINT('',(88.2874524411297,9.1,18.8324814127195));
#5945=CARTESIAN_POINT('',(44.1437347740412,13.1,18.8324814127195));
#5946=CARTESIAN_POINT('Origin',(-92.4220687713579,0.,37.8015775630058));
#5947=CARTESIAN_POINT('',(-92.5498698527572,-5.9781569807846,38.793377383329));
#5948=CARTESIAN_POINT('',(-92.5498698527572,0.,38.793377383329));
#5949=CARTESIAN_POINT('',(-92.9222994955084,-5.99809879602424,38.6674697171543));
#5950=CARTESIAN_POINT('Origin',(-92.4220687713579,-6.13524264024046,37.8015775630058));
#5951=CARTESIAN_POINT('',(-92.9222994955084,0.,38.6674697171543));
#5952=CARTESIAN_POINT('Origin',(-9.70840247451479,0.,49.4681414825894));
#5953=CARTESIAN_POINT('',(-9.77203993861913,-4.28873922419544,49.4599413029127));
#5954=CARTESIAN_POINT('',(-9.77203993861913,0.,49.4599413029127));
#5955=CARTESIAN_POINT('',(-7.89819176228466,-4.25049574299358,49.7014011402773));
#5956=CARTESIAN_POINT('Origin',(9.64423956739178,0.,48.4681414122535));
#5957=CARTESIAN_POINT('',(9.77204066408936,-4.28873923564778,49.4599412306054));
#5958=CARTESIAN_POINT('',(9.77204066408936,0.,49.4599412306054));
#5959=CARTESIAN_POINT('',(9.64423957468483,-4.28744045446689,49.4681414122535));
#5960=CARTESIAN_POINT('Origin',(9.64423956739178,-4.44582489479143,48.4681414122535));
#5961=CARTESIAN_POINT('',(9.64423957468483,0.,49.4681414122535));
#5962=CARTESIAN_POINT('Origin',(92.7487062090046,0.,38.7677545002527));
#5963=CARTESIAN_POINT('',(92.5498704198598,-5.97815719459328,38.793376033394));
#5964=CARTESIAN_POINT('',(92.5498704198598,0.,38.793376033394));
#5965=CARTESIAN_POINT('',(49.4013558751194,-5.09753643431508,44.3533966924548));
#5966=CARTESIAN_POINT('Origin',(-9.64423885721989,0.,48.4681414825894));
#5967=CARTESIAN_POINT('',(-9.64423885721989,-4.28744044332677,49.4681414825894));
#5968=CARTESIAN_POINT('',(-9.64423885721989,0.,49.4681414825894));
#5969=CARTESIAN_POINT('Origin',(-9.64423885721989,-4.44582488365131,48.4681414825894));
#5970=CARTESIAN_POINT('Origin',(3.60773818597337E-7,0.,49.4681414825894));
#5971=CARTESIAN_POINT('',(3.60773818356916E-7,-4.28744044332677,49.4681414825894));
#5972=CARTESIAN_POINT('',(3.60773818356916E-7,0.,49.4681414825894));
#5973=CARTESIAN_POINT('',(8.73386324562112E-6,-4.28744044332677,49.4681414825894));
#5974=CARTESIAN_POINT('Origin',(92.4220693231622,0.,37.8015762150421));
#5975=CARTESIAN_POINT('Origin',(92.4220693231622,-6.13524285373692,37.8015762150421));
#5976=CARTESIAN_POINT('Origin',(4.99999959745876,-3.20000000000009,-48.3241192091795));
#5977=CARTESIAN_POINT('',(5.99999959745876,-3.20000000000009,-48.3241198028014));
#5978=CARTESIAN_POINT('',(4.99999959745876,-4.20000000000009,-48.3241197038645));
#5979=CARTESIAN_POINT('Origin',(4.99999959745876,-3.20000000000009,-48.3241197038645));
#5980=CARTESIAN_POINT('',(4.99999959745876,-4.20000000000009,-46.3241107875014));
#5981=CARTESIAN_POINT('',(4.99999959745876,-4.20000000000009,-48.3241192091795));
#5982=CARTESIAN_POINT('',(5.99999959745876,-3.20000000000009,-46.3241107875014));
#5983=CARTESIAN_POINT('Origin',(4.99999959745876,-3.20000000000009,-46.3241107875014));
#5984=CARTESIAN_POINT('',(5.99999959745876,-3.20000000000009,-48.3241192091795));
#5985=CARTESIAN_POINT('Origin',(-6.00000040254125,-4.20000000000009,-48.3241192091795));
#5986=CARTESIAN_POINT('',(-5.00000040254124,-4.20000000000009,-48.3241187144945));
#5987=CARTESIAN_POINT('',(61.1954402941031,-4.20000000000008,-48.3241252636723));
#5988=CARTESIAN_POINT('',(-5.00000040254124,-4.20000000000009,-46.3241107875014));
#5989=CARTESIAN_POINT('',(-5.00000040254125,-4.20000000000009,-48.3241192091795));
#5990=CARTESIAN_POINT('',(-45.5608157925417,-4.20000000000009,-46.3241107875014));
#5991=CARTESIAN_POINT('Origin',(-5.00000040254125,-3.20000000000009,-48.3241192091795));
#5992=CARTESIAN_POINT('',(-6.00000040254125,-3.20000000000009,-48.3241186155576));
#5993=CARTESIAN_POINT('Origin',(-5.00000040254125,-3.20000000000009,-48.3241187144945));
#5994=CARTESIAN_POINT('',(-6.00000040254125,-3.20000000000009,-46.3241107875014));
#5995=CARTESIAN_POINT('',(-6.00000040254125,-3.20000000000009,-48.3241192091795));
#5996=CARTESIAN_POINT('Origin',(-5.00000040254125,-3.20000000000009,-46.3241107875014));
#5997=CARTESIAN_POINT('Origin',(-6.00000040254124,2.59999999999991,-48.3241192091795));
#5998=CARTESIAN_POINT('',(-6.00000040254125,1.6,-48.3241186155576));
#5999=CARTESIAN_POINT('',(-6.00000040254125,2.09999999999997,-48.3241186155576));
#6000=CARTESIAN_POINT('',(-6.00000040254125,1.6,-46.3241107875014));
#6001=CARTESIAN_POINT('',(-6.00000040254124,1.6,-23.3760519308178));
#6002=CARTESIAN_POINT('',(-6.00000040254125,1.29999999999995,-46.3241107875014));
#6003=CARTESIAN_POINT('Origin',(4.99999959745876,1.6,-23.3760519308178));
#6004=CARTESIAN_POINT('',(5.99999959745876,1.6,-46.3241107875014));
#6005=CARTESIAN_POINT('Origin',(4.99999959745876,1.6,-46.3241107875014));
#6006=CARTESIAN_POINT('',(5.99999959745876,1.6,-48.3241198028014));
#6007=CARTESIAN_POINT('Origin',(4.99999959745876,1.6,-48.3241197038645));
#6008=CARTESIAN_POINT('',(5.99999959745876,1.6,-23.3760519308178));
#6009=CARTESIAN_POINT('Origin',(-5.00000040254124,1.6,-23.3760519308178));
#6010=CARTESIAN_POINT('Origin',(-5.00000040254124,1.6,-46.3241107875014));
#6011=CARTESIAN_POINT('Origin',(-5.00000040254124,1.6,-48.3241187144945));
#6012=CARTESIAN_POINT('Origin',(-85.5105933824921,9.1,-40.8240952111762));
#6013=CARTESIAN_POINT('',(-85.4373296646437,6.8,-41.8214078139478));
#6014=CARTESIAN_POINT('Origin',(-85.5105933824921,6.8,-40.8240952111762));
#6015=CARTESIAN_POINT('',(-85.4373296646437,9.1,-41.8214078139478));
#6016=CARTESIAN_POINT('',(-85.3698198592964,9.1,-41.8141370361347));
#6017=CARTESIAN_POINT('Origin',(-10.045504061362,-1.9,-37.8711999943341));
#6018=CARTESIAN_POINT('',(-9.90473048973737,8.1,-38.8612418124064));
#6019=CARTESIAN_POINT('',(-9.0554622432896,8.1,-37.7304264227095));
#6020=CARTESIAN_POINT('Origin',(-10.045504061362,8.1,-37.8711999943341));
#6021=CARTESIAN_POINT('',(-9.90473048973737,-1.9,-38.8612418124064));
#6022=CARTESIAN_POINT('',(-9.0554622432896,-1.9,-37.7304264227095));
#6023=CARTESIAN_POINT('Origin',(-9.99864517317444,-1.9,-31.0971462416246));
#6024=CARTESIAN_POINT('',(-9.99864517317444,8.1,-31.0971462416246));
#6025=CARTESIAN_POINT('',(-9.99865291047162,9.1,-31.0971506914385));
#6026=CARTESIAN_POINT('',(-11.3910478763427,8.1,-21.3045631038629));
#6027=CARTESIAN_POINT('Origin',(-44.696967693895,-1.9,-42.7982750011952));
#6028=CARTESIAN_POINT('',(-45.6870095119674,8.1,-42.9390485728198));
#6029=CARTESIAN_POINT('',(-44.5561941222704,8.1,-43.7883168192676));
#6030=CARTESIAN_POINT('Origin',(-44.696967693895,8.1,-42.7982750011952));
#6031=CARTESIAN_POINT('',(-45.6870095119674,-1.9,-42.9390485728198));
#6032=CARTESIAN_POINT('',(-44.5561941222704,-1.9,-43.7883168192676));
#6033=CARTESIAN_POINT('Origin',(-8.91468867166499,-1.9,-38.7204682407818));
#6034=CARTESIAN_POINT('',(-20.2968189118152,8.1,-40.3388878846329));
#6035=CARTESIAN_POINT('Origin',(-64.7371191271044,2.3,-43.9306753429642));
#6036=CARTESIAN_POINT('',(-65.7271609451767,4.7,-44.0714489145888));
#6037=CARTESIAN_POINT('',(-64.5963455554798,4.7,-44.9207171610366));
#6038=CARTESIAN_POINT('Origin',(-64.7371191271044,4.7,-43.9306753429642));
#6039=CARTESIAN_POINT('',(-65.7271609451767,2.3,-44.0714489145888));
#6040=CARTESIAN_POINT('',(-64.5963455554798,2.3,-44.9207171610366));
#6041=CARTESIAN_POINT('Origin',(2.68178359519311E-7,4.7,-9.86578472646464));
#6042=CARTESIAN_POINT('',(-45.7855510121046,4.7,-42.2460193001691));
#6043=CARTESIAN_POINT('',(-21.0900015119014,4.7,-38.7345709523159));
#6044=CARTESIAN_POINT('',(-46.6301924418523,4.7,-36.3057683917349));
#6045=CARTESIAN_POINT('',(-47.4686673362854,4.7,-30.4088859065318));
#6046=CARTESIAN_POINT('',(-66.4310288032997,4.7,-39.121239824227));
#6047=CARTESIAN_POINT('',(-41.3394741204973,4.7,-35.5534854748373));
#6048=CARTESIAN_POINT('',(-67.3891612336138,4.7,-32.3828217936622));
#6049=CARTESIAN_POINT('Origin',(-45.7855510121046,2.3,-42.2460193001691));
#6050=CARTESIAN_POINT('',(-45.7855510121046,0.2,-42.2460193001691));
#6051=CARTESIAN_POINT('Origin',(-111.364802631868,2.3,24.3324827005395));
#6052=CARTESIAN_POINT('',(-111.364802631868,4.7,25.3324827005395));
#6053=CARTESIAN_POINT('',(-112.364802631868,4.7,24.3324827005395));
#6054=CARTESIAN_POINT('Origin',(-111.364802631868,4.7,24.3324827005395));
#6055=CARTESIAN_POINT('',(-111.364802631868,2.3,25.3324827005395));
#6056=CARTESIAN_POINT('',(-112.364802631868,2.3,24.3324827005395));
#6057=CARTESIAN_POINT('Origin',(-112.364802631868,2.3,19.3324827005395));
#6058=CARTESIAN_POINT('',(-112.364802631868,4.7,19.3324827005395));
#6059=CARTESIAN_POINT('',(-112.364802631868,5.7,19.3324827005395));
#6060=CARTESIAN_POINT('',(-112.364802631868,4.7,4.73334898703744));
#6061=CARTESIAN_POINT('Origin',(-89.3648026318679,9.1,35.8440550443306));
#6062=CARTESIAN_POINT('',(-89.4397122237185,9.1,36.8412453737306));
#6063=CARTESIAN_POINT('',(-90.3648026318679,9.1,35.8440550443306));
#6064=CARTESIAN_POINT('Origin',(-70.6891793846868,9.1,38.2497977037528));
#6065=CARTESIAN_POINT('',(-70.6891793846868,9.1,38.2497977037528));
#6066=CARTESIAN_POINT('Origin',(-9.30348051676132,9.1,45.9681414708389));
#6067=CARTESIAN_POINT('',(-9.30348051676132,9.1,46.9681414708389));
#6068=CARTESIAN_POINT('',(-9.44425407269151,9.1,46.9581832911429));
#6069=CARTESIAN_POINT('Origin',(3.425411843061E-7,9.1,46.9681414708389));
#6070=CARTESIAN_POINT('',(3.425411843061E-7,6.8,46.9681414708389));
#6071=CARTESIAN_POINT('',(3.425411843061E-7,9.1,46.9681414708389));
#6072=CARTESIAN_POINT('',(-3.69999999999698,6.8,46.9681414708389));
#6073=CARTESIAN_POINT('',(-0.00622583011191453,6.8,46.9681414708389));
#6074=CARTESIAN_POINT('',(-3.69999999999698,2.6,46.9681414708389));
#6075=CARTESIAN_POINT('Origin',(9.30348031252714,9.1,45.9681413351374));
#6076=CARTESIAN_POINT('',(9.44425388092743,9.1,46.9581831536682));
#6077=CARTESIAN_POINT('',(9.30348032711325,9.1,46.9681413351374));
#6078=CARTESIAN_POINT('Origin',(70.6891799426025,9.1,38.2497966726729));
#6079=CARTESIAN_POINT('',(70.6891799426025,9.1,38.2497966726728));
#6080=CARTESIAN_POINT('Origin',(111.364803168225,2.3,24.3324814127195));
#6081=CARTESIAN_POINT('',(112.364803168225,4.7,24.3324814127195));
#6082=CARTESIAN_POINT('',(111.364803168225,4.7,25.3324814127195));
#6083=CARTESIAN_POINT('Origin',(111.364803168225,4.7,24.3324814127195));
#6084=CARTESIAN_POINT('',(112.364803168225,2.3,24.3324814127195));
#6085=CARTESIAN_POINT('',(111.364803168225,2.3,25.3324814127195));
#6086=CARTESIAN_POINT('Origin',(90.3648031682247,2.3,25.3324814127195));
#6087=CARTESIAN_POINT('',(90.3648031682247,4.7,25.3324814127195));
#6088=CARTESIAN_POINT('',(90.3648031682247,5.7,25.3324814127195));
#6089=CARTESIAN_POINT('',(45.1824017182015,4.7,25.3324814127195));
#6090=CARTESIAN_POINT('Origin',(89.3648031682247,9.1,35.8440537398295));
#6091=CARTESIAN_POINT('',(90.3648031682247,9.1,35.8440537398295));
#6092=CARTESIAN_POINT('',(89.4397127746203,9.1,36.8412440681368));
#6093=CARTESIAN_POINT('Origin',(90.3648031682247,9.1,19.3324814127195));
#6094=CARTESIAN_POINT('',(90.3648031682247,4.7,19.3324814127195));
#6095=CARTESIAN_POINT('',(90.3648031682247,9.1,19.3324814127195));
#6096=CARTESIAN_POINT('',(90.3648031682247,4.7,4.73334834312741));
#6097=CARTESIAN_POINT('Origin',(85.4857071318896,9.1,-40.8240975511959));
#6098=CARTESIAN_POINT('',(85.4124223862826,6.8,-41.8214086090216));
#6099=CARTESIAN_POINT('Origin',(85.4857071318896,6.8,-40.8240975511959));
#6100=CARTESIAN_POINT('',(85.3448880049424,9.1,-41.8141328907095));
#6101=CARTESIAN_POINT('',(85.4124223862826,9.1,-41.8214086090216));
#6102=CARTESIAN_POINT('Origin',(64.7365278014787,2.3,-43.9331977013614));
#6103=CARTESIAN_POINT('',(64.595708691265,4.7,-44.9232330432551));
#6104=CARTESIAN_POINT('',(65.7265631433724,4.7,-44.0740168115751));
#6105=CARTESIAN_POINT('Origin',(64.7365278014787,4.7,-43.9331977013614));
#6106=CARTESIAN_POINT('',(64.595708691265,2.3,-44.9232330432551));
#6107=CARTESIAN_POINT('',(65.7265631433724,2.3,-44.0740168115751));
#6108=CARTESIAN_POINT('Origin',(66.430658694441,2.3,-39.1238401021064));
#6109=CARTESIAN_POINT('',(66.430658694441,4.7,-39.1238401021064));
#6110=CARTESIAN_POINT('',(66.4306587400706,5.7,-39.1238397813058));
#6111=CARTESIAN_POINT('',(67.8115169936226,4.7,-29.4156512329808));
#6112=CARTESIAN_POINT('Origin',(44.6964284762408,-1.9,-42.7998755783063));
#6113=CARTESIAN_POINT('',(44.5556093660271,8.1,-43.7899109202));
#6114=CARTESIAN_POINT('',(45.6864638181345,8.1,-42.94069468852));
#6115=CARTESIAN_POINT('Origin',(44.6964284762408,8.1,-42.7998755783063));
#6116=CARTESIAN_POINT('',(44.5556093660271,-1.9,-43.7899109202));
#6117=CARTESIAN_POINT('',(45.6864638181345,-1.9,-42.94069468852));
#6118=CARTESIAN_POINT('Origin',(46.6299518565664,-1.9,-36.3074578978321));
#6119=CARTESIAN_POINT('',(45.7850371952843,4.7,-42.2476699491944));
#6120=CARTESIAN_POINT('',(45.7850371952841,0.2,-42.2476699491944));
#6121=CARTESIAN_POINT('',(46.6299518565664,4.7,-36.3074578978321));
#6122=CARTESIAN_POINT('',(48.0108101557479,4.7,-26.5992690287063));
#6123=CARTESIAN_POINT('',(46.6299518565664,8.1,-36.3074578978321));
#6124=CARTESIAN_POINT('',(46.6299519497983,3.6,-36.3074572423605));
#6125=CARTESIAN_POINT('',(48.0227575643497,8.1,-26.5152722136302));
#6126=CARTESIAN_POINT('Origin',(10.0451915099605,-1.9,-37.8712067208262));
#6127=CARTESIAN_POINT('',(9.0551561680668,8.1,-37.7303876106125));
#6128=CARTESIAN_POINT('',(9.9043723997468,8.1,-38.86124206272));
#6129=CARTESIAN_POINT('Origin',(10.0451915099605,8.1,-37.8712067208262));
#6130=CARTESIAN_POINT('',(9.0551561680668,-1.9,-37.7303876106125));
#6131=CARTESIAN_POINT('',(9.9043723997468,-1.9,-38.86124206272));
#6132=CARTESIAN_POINT('Origin',(45.5456447079208,-1.9,-43.9307300304138));
#6133=CARTESIAN_POINT('',(1.97999552617611,8.1,-37.7341068453045));
#6134=CARTESIAN_POINT('Origin',(93.2369176686349,-5.75167135146021,40.2233513685279));
#6135=CARTESIAN_POINT('',(92.9060800715135,-5.16593675911287,40.7640116190228));
#6136=CARTESIAN_POINT('',(93.8349260545053,-5.21420757109633,40.4499957029586));
#6137=CARTESIAN_POINT('',(92.9060800715134,-5.16593675911287,40.7640116190228));
#6138=CARTESIAN_POINT('',(93.2369176686348,-5.75167135146021,40.2233513685279));
#6139=CARTESIAN_POINT('',(93.2369176686349,-5.75167135146021,40.2233513685279));
#6140=CARTESIAN_POINT('',(93.8349260545053,-5.21420757109633,40.4499957029586));
#6141=CARTESIAN_POINT('Origin',(9.80425470896822,-4.04888886027172,50.9742969014314));
#6142=CARTESIAN_POINT('',(9.33673310136418,-3.47067162298759,51.4681411018078));
#6143=CARTESIAN_POINT('',(10.3326330105401,-3.48069005950223,51.4042405212906));
#6144=CARTESIAN_POINT('',(9.33673310136417,-3.47067162298759,51.4681411018078));
#6145=CARTESIAN_POINT('',(9.80425470896822,-4.04888886027172,50.9742969014314));
#6146=CARTESIAN_POINT('',(9.80425470896822,-4.04888886027172,50.9742969014314));
#6147=CARTESIAN_POINT('',(10.3326330105401,-3.48069005950223,51.4042405212906));
#6148=CARTESIAN_POINT('Origin',(127.890916657679,-8.9224975934479,20.2035423804067));
#6149=CARTESIAN_POINT('',(127.957970731295,-8.33645171821165,20.736921989924));
#6150=CARTESIAN_POINT('',(128.390916544873,-8.4505926023144,19.9868066222087));
#6151=CARTESIAN_POINT('',(127.957970731295,-8.33645171821165,20.736921989924));
#6152=CARTESIAN_POINT('',(127.890916657679,-8.9224975934479,20.2035423804067));
#6153=CARTESIAN_POINT('',(127.890916657679,-8.9224975934479,20.2035423804067));
#6154=CARTESIAN_POINT('',(128.390916544873,-8.4505926023144,19.9868066222087));
#6155=CARTESIAN_POINT('Origin',(66.5254608263611,-3.01149370733502,55.9407679081397));
#6156=CARTESIAN_POINT('',(66.6687791463765,-2.72851662566689,56.1440306746778));
#6157=CARTESIAN_POINT('',(66.3821425063457,-3.29447078900315,55.7375051416016));
#6158=CARTESIAN_POINT('Origin',(93.8349260545053,12.6,40.4499957029586));
#6159=CARTESIAN_POINT('',(92.9060800715134,12.6,40.7640116190228));
#6160=CARTESIAN_POINT('',(93.2386615377682,13.1,40.2170219280687));
#6161=CARTESIAN_POINT('',(92.9060800715135,12.6,40.7640116190228));
#6162=CARTESIAN_POINT('',(93.8349260545053,12.6,40.4499957029586));
#6163=CARTESIAN_POINT('',(93.8349260545053,12.6,40.4499957029586));
#6164=CARTESIAN_POINT('',(93.2386615377682,13.1,40.2170219280687));
#6165=CARTESIAN_POINT('Origin',(93.3705030630094,1.6,40.6070036609907));
#6166=CARTESIAN_POINT('',(92.9060800715134,1.6,40.7640116190228));
#6167=CARTESIAN_POINT('',(93.8349260545053,1.6,40.4499957029586));
#6168=CARTESIAN_POINT('Origin',(1.70964940227922,-3.75978016152815,51.2212195073606));
#6169=CARTESIAN_POINT('',(3.41927859737639,-3.4706715626891,51.4681414825174));
#6170=CARTESIAN_POINT('',(3.41927855971207,-4.04888879520922,50.9742973122199));
#6171=CARTESIAN_POINT('',(3.41927859737639,-3.4706715626891,51.4681414825174));
#6172=CARTESIAN_POINT('',(1.70964938344706,-4.04888877778821,50.9742974222118));
#6173=CARTESIAN_POINT('',(1.70964942111138,-3.47067154526809,51.4681415925094));
#6174=CARTESIAN_POINT('Origin',(10.3326330105401,12.6,51.4042405212906));
#6175=CARTESIAN_POINT('',(9.33673310136417,12.6,51.4681411018078));
#6176=CARTESIAN_POINT('',(9.80465127282669,13.1,50.9681410717034));
#6177=CARTESIAN_POINT('',(9.33673310136417,12.6,51.4681411018078));
#6178=CARTESIAN_POINT('',(10.3326330105401,12.6,51.4042405212906));
#6179=CARTESIAN_POINT('',(10.3326330105401,12.6,51.4042405212906));
#6180=CARTESIAN_POINT('',(9.80465127282669,13.1,50.9681410717034));
#6181=CARTESIAN_POINT('Origin',(9.83468305595215,1.6,51.4361908115492));
#6182=CARTESIAN_POINT('',(9.33673310136417,1.6,51.4681411018078));
#6183=CARTESIAN_POINT('',(10.3326330105401,1.6,51.4042405212906));
#6184=CARTESIAN_POINT('Origin',(8.12900205095345,12.85,51.436128461545));
#6185=CARTESIAN_POINT('',(8.09705177677906,13.1,51.188178506957));
#6186=CARTESIAN_POINT('',(8.16095232512785,12.6,51.684078416133));
#6187=CARTESIAN_POINT('Origin',(127.890880990747,-9.45494104724691,-48.3241318623185));
#6188=CARTESIAN_POINT('',(127.890881249045,-10.0158757189495,-47.8278587864979));
#6189=CARTESIAN_POINT('',(128.390881250985,-9.51257841496894,-47.824131911787));
#6190=CARTESIAN_POINT('',(127.890881249045,-10.0158757189495,-47.8278587864979));
#6191=CARTESIAN_POINT('',(127.890880990747,-9.45494104724691,-48.3241318623185));
#6192=CARTESIAN_POINT('',(127.890880990747,-9.45494104724691,-48.3241318623185));
#6193=CARTESIAN_POINT('',(128.390881250985,-9.51257841496894,-47.824131911787));
#6194=CARTESIAN_POINT('Origin',(128.390916544873,12.6,19.9868066222087));
#6195=CARTESIAN_POINT('',(127.957970731295,12.6,20.736921989924));
#6196=CARTESIAN_POINT('',(127.890916654909,13.1,20.1982203844971));
#6197=CARTESIAN_POINT('',(127.957970731295,12.6,20.736921989924));
#6198=CARTESIAN_POINT('',(128.390916544873,12.6,19.9868066222087));
#6199=CARTESIAN_POINT('',(128.390916544873,12.6,19.9868066222087));
#6200=CARTESIAN_POINT('',(127.890916654909,13.1,20.1982203844971));
#6201=CARTESIAN_POINT('Origin',(128.174443638084,1.6,20.3618643060663));
#6202=CARTESIAN_POINT('',(127.957970731295,1.6,20.736921989924));
#6203=CARTESIAN_POINT('',(128.390916544873,1.6,19.9868066222087));
#6204=CARTESIAN_POINT('Origin',(-9.80425133706428,-4.04888879520231,50.9742973122635));
#6205=CARTESIAN_POINT('',(-10.3326296194859,-3.48068999291486,51.4042409418615));
#6206=CARTESIAN_POINT('',(-9.33672970932428,-3.47067156268244,51.4681414825595));
#6207=CARTESIAN_POINT('',(-10.3326296194859,-3.48068999291486,51.4042409418615));
#6208=CARTESIAN_POINT('',(-9.80425133706428,-4.04888879520231,50.9742973122635));
#6209=CARTESIAN_POINT('',(-9.80425133706428,-4.04888879520231,50.9742973122635));
#6210=CARTESIAN_POINT('',(-9.33672970932428,-3.47067156268244,51.4681414825595));
#6211=CARTESIAN_POINT('Origin',(-127.890882591202,-10.0158757189495,-47.8278334802198));
#6212=CARTESIAN_POINT('',(-127.890882591202,-9.45494104724691,-48.3241065560404));
#6213=CARTESIAN_POINT('',(-128.390882591202,-9.51257841496894,-47.8241065065719));
#6214=CARTESIAN_POINT('',(-127.890882591202,-9.45494104724691,-48.3241065560404));
#6215=CARTESIAN_POINT('',(-127.890882591202,-10.0158757189495,-47.8278334802198));
#6216=CARTESIAN_POINT('',(-127.890882591202,-10.0158757189495,-47.8278334802198));
#6217=CARTESIAN_POINT('',(-128.390882591202,-9.51257841496894,-47.8241065065719));
#6218=CARTESIAN_POINT('Origin',(64.1954466051137,-9.7354083830982,-48.0759890225735));
#6219=CARTESIAN_POINT('',(64.1954465805638,-9.45494104724691,-48.3241255604839));
#6220=CARTESIAN_POINT('',(64.1954466296636,-10.0158757189495,-47.8278524846632));
#6221=CARTESIAN_POINT('Origin',(-128.140882591203,-12.5755788437331,-24.9293471924477));
#6222=CARTESIAN_POINT('',(-128.390882591204,-13.738984878527,-13.4027881219241));
#6223=CARTESIAN_POINT('',(-128.390882591203,-12.3274423028308,-24.8988798562291));
#6224=CARTESIAN_POINT('',(-127.890882591204,-14.2438217673925,-13.3939761829131));
#6225=CARTESIAN_POINT('',(-127.890882591203,-12.8237153846353,-24.9598145286663));
#6226=CARTESIAN_POINT('',(-127.890882591204,-14.2438217673925,-13.3939761829131));
#6227=CARTESIAN_POINT('Origin',(127.890880990747,12.6,-48.3241318623185));
#6228=CARTESIAN_POINT('',(128.390881250985,12.6,-47.824131911787));
#6229=CARTESIAN_POINT('',(127.890881250985,13.1,-47.8241318623185));
#6230=CARTESIAN_POINT('',(128.390881250985,12.6,-47.824131911787));
#6231=CARTESIAN_POINT('',(127.890880990747,12.6,-48.3241318623185));
#6232=CARTESIAN_POINT('',(127.890880990747,12.6,-48.3241318623185));
#6233=CARTESIAN_POINT('',(127.890881250985,13.1,-47.8241318623185));
#6234=CARTESIAN_POINT('Origin',(128.140881120866,1.6,-48.0741318870528));
#6235=CARTESIAN_POINT('',(128.390881250985,1.6,-47.824131911787));
#6236=CARTESIAN_POINT('',(127.890880990747,1.6,-48.3241318623185));
#6237=CARTESIAN_POINT('Origin',(-93.2369170827208,-5.75167113603542,40.2233527286666));
#6238=CARTESIAN_POINT('',(-93.8349254649602,-5.21420735445887,40.4499970711993));
#6239=CARTESIAN_POINT('',(-92.9060794777243,-5.16593654453419,40.7640129739741));
#6240=CARTESIAN_POINT('',(-93.8349254649602,-5.21420735445887,40.4499970711993));
#6241=CARTESIAN_POINT('',(-93.2369170827208,-5.75167113603541,40.2233527286666));
#6242=CARTESIAN_POINT('',(-93.2369170827208,-5.75167113603542,40.2233527286666));
#6243=CARTESIAN_POINT('',(-92.9060794777243,-5.16593654453419,40.7640129739741));
#6244=CARTESIAN_POINT('Origin',(-9.33672970932428,12.6,51.4681414825595));
#6245=CARTESIAN_POINT('',(-10.3326296194859,12.6,51.4042409418615));
#6246=CARTESIAN_POINT('',(-9.80464790067752,13.1,50.968141482561));
#6247=CARTESIAN_POINT('',(-10.3326296194859,12.6,51.4042409418615));
#6248=CARTESIAN_POINT('',(-9.33672970932428,12.6,51.4681414825595));
#6249=CARTESIAN_POINT('',(-9.33672970932428,12.6,51.4681414825595));
#6250=CARTESIAN_POINT('',(-9.80464790067752,13.1,50.968141482561));
#6251=CARTESIAN_POINT('Origin',(-9.83467966440508,1.6,51.4361912122105));
#6252=CARTESIAN_POINT('',(-10.3326296194859,1.6,51.4042409418615));
#6253=CARTESIAN_POINT('',(-9.33672970932428,1.6,51.4681414825595));
#6254=CARTESIAN_POINT('Origin',(-4.91835630110432,12.85,51.2181414825449));
#6255=CARTESIAN_POINT('',(3.41927859737639,12.6,51.4681414825174));
#6256=CARTESIAN_POINT('',(3.41927859737474,13.1,50.9681414825174));
#6257=CARTESIAN_POINT('',(3.41927859737639,12.6,51.4681414825174));
#6258=CARTESIAN_POINT('',(-4.91835630110515,13.1,50.9681414825449));
#6259=CARTESIAN_POINT('',(-4.9183563011035,12.6,51.4681414825449));
#6260=CARTESIAN_POINT('Origin',(-127.890882591205,-8.92249421920038,20.2035636845672));
#6261=CARTESIAN_POINT('',(-128.390882591205,-8.45058921389567,19.9868280158427));
#6262=CARTESIAN_POINT('',(-127.957936514131,-8.33644833075677,20.7369433779179));
#6263=CARTESIAN_POINT('',(-128.390882591205,-8.45058921389568,19.9868280158427));
#6264=CARTESIAN_POINT('',(-127.890882591205,-8.92249421920038,20.2035636845672));
#6265=CARTESIAN_POINT('',(-127.890882591205,-8.92249421920038,20.2035636845672));
#6266=CARTESIAN_POINT('',(-127.957936514131,-8.33644833075677,20.7369433779179));
#6267=CARTESIAN_POINT('Origin',(-128.140882591204,-15.1888084173024,-20.9585003805044));
#6268=CARTESIAN_POINT('',(-127.890882591204,-15.4357305024512,-20.9193917642443));
#6269=CARTESIAN_POINT('',(-128.390882591204,-14.9418863321537,-20.9976089967644));
#6270=CARTESIAN_POINT('Origin',(-83.9107678878314,-4.60224181026273,45.8971796640362));
#6271=CARTESIAN_POINT('',(-84.0540862047638,-4.31926472830073,46.1004424326525));
#6272=CARTESIAN_POINT('',(-83.767449570899,-4.88521889222472,45.69391689542));
#6273=CARTESIAN_POINT('Origin',(-128.390882591202,12.6,-47.8241065065719));
#6274=CARTESIAN_POINT('',(-127.890882591202,12.6,-48.3241065560404));
#6275=CARTESIAN_POINT('',(-127.890882591202,13.1,-47.8241065560404));
#6276=CARTESIAN_POINT('',(-127.890882591203,12.6,-48.3241065560404));
#6277=CARTESIAN_POINT('',(-128.390882591202,12.6,-47.8241065065719));
#6278=CARTESIAN_POINT('',(-128.390882591202,12.6,-47.8241065065719));
#6279=CARTESIAN_POINT('',(-127.890882591202,13.1,-47.8241065560404));
#6280=CARTESIAN_POINT('Origin',(-128.140882591202,1.6,-48.0741065313062));
#6281=CARTESIAN_POINT('',(-128.390882591202,1.6,-47.8241065065719));
#6282=CARTESIAN_POINT('',(-127.890882591202,1.6,-48.3241065560404));
#6283=CARTESIAN_POINT('Origin',(-92.9060794777243,12.6,40.7640129739741));
#6284=CARTESIAN_POINT('',(-93.8349254649602,12.6,40.4499970711993));
#6285=CARTESIAN_POINT('',(-93.238660951798,13.1,40.2170232882297));
#6286=CARTESIAN_POINT('',(-93.8349254649602,12.6,40.4499970711993));
#6287=CARTESIAN_POINT('',(-92.9060794777243,12.6,40.7640129739741));
#6288=CARTESIAN_POINT('',(-92.9060794777243,12.6,40.7640129739741));
#6289=CARTESIAN_POINT('',(-93.238660951798,13.1,40.2170232882297));
#6290=CARTESIAN_POINT('Origin',(-93.3705024713422,1.6,40.6070050225867));
#6291=CARTESIAN_POINT('',(-93.8349254649602,1.6,40.4499970711993));
#6292=CARTESIAN_POINT('',(-92.9060794777243,1.6,40.7640129739741));
#6293=CARTESIAN_POINT('Origin',(-49.9116079774831,12.85,46.0521163235093));
#6294=CARTESIAN_POINT('',(-49.8796577071333,13.1,45.8041663684285));
#6295=CARTESIAN_POINT('',(-49.9435582478329,12.6,46.3000662785901));
#6296=CARTESIAN_POINT('Origin',(-127.957936514131,12.6,20.7369433779179));
#6297=CARTESIAN_POINT('',(-128.390882591205,12.6,19.9868280158427));
#6298=CARTESIAN_POINT('',(-127.890882591205,13.1,20.1982416870169));
#6299=CARTESIAN_POINT('',(-128.390882591205,12.6,19.9868280158427));
#6300=CARTESIAN_POINT('',(-127.957936514131,12.6,20.7369433779179));
#6301=CARTESIAN_POINT('',(-127.957936514131,12.6,20.7369433779179));
#6302=CARTESIAN_POINT('',(-127.890882591205,13.1,20.1982416870169));
#6303=CARTESIAN_POINT('Origin',(-128.174409552668,1.6,20.3618856968803));
#6304=CARTESIAN_POINT('',(-128.390882591205,1.6,19.9868280158427));
#6305=CARTESIAN_POINT('',(-127.957936514131,1.6,20.7369433779179));
#6306=CARTESIAN_POINT('Origin',(-84.2304910622316,12.85,45.7098128051934));
#6307=CARTESIAN_POINT('',(-84.105433381194,13.1,45.4933397666562));
#6308=CARTESIAN_POINT('',(-84.3555487432692,12.6,45.9262858437305));
#6309=CARTESIAN_POINT('Origin',(-128.140882591204,12.85,-23.3760508605953));
#6310=CARTESIAN_POINT('',(-127.890882591204,13.1,-23.3760508605953));
#6311=CARTESIAN_POINT('',(-128.390882591204,12.6,-23.3760508605953));
#6312=CARTESIAN_POINT('Origin',(64.1954466052981,12.85,-48.0741255604839));
#6313=CARTESIAN_POINT('',(64.1954466300323,13.1,-47.8241255604839));
#6314=CARTESIAN_POINT('',(64.1954465805638,12.6,-48.3241255604839));
#6315=CARTESIAN_POINT('Origin',(-49.818621552468,-4.57605325304151,46.0671507086079));
#6316=CARTESIAN_POINT('',(-49.8559813633753,-4.28732447832364,46.3113512378227));
#6317=CARTESIAN_POINT('',(-49.7812617415606,-4.86478202775939,45.8229501793931));
#6318=CARTESIAN_POINT('Origin',(128.140911882754,12.85,11.0293724218014));
#6319=CARTESIAN_POINT('',(127.890911882754,13.1,11.0293725519202));
#6320=CARTESIAN_POINT('',(128.390911882754,12.6,11.0293722916827));
#6321=CARTESIAN_POINT('Origin',(1.70964944115741,12.85,51.2181415925093));
#6322=CARTESIAN_POINT('',(1.70964945724159,12.6,51.4681415925094));
#6323=CARTESIAN_POINT('',(1.70964942507323,13.1,50.9681415925094));
#6324=CARTESIAN_POINT('Origin',(-4.91835630110632,-3.75978017894481,51.2212193973961));
#6325=CARTESIAN_POINT('',(-4.91835630110535,-3.47067156268475,51.4681414825449));
#6326=CARTESIAN_POINT('',(-4.91835630110729,-4.04888879520487,50.9742973122473));
#6327=CARTESIAN_POINT('Origin',(66.7360530138435,12.85,55.8164466251237));
#6328=CARTESIAN_POINT('',(66.6109953299859,13.1,55.5999735882158));
#6329=CARTESIAN_POINT('',(66.8611106977012,12.6,56.0329196620317));
#6330=CARTESIAN_POINT('Origin',(128.140910808343,-16.7372945204818,8.96508165797718));
#6331=CARTESIAN_POINT('',(127.890899171009,-14.2438235177113,-13.3939872339908));
#6332=CARTESIAN_POINT('',(127.890910792485,-16.9854310711395,8.93461445067943));
#6333=CARTESIAN_POINT('',(128.390899166423,-13.7389866356887,-13.4027992162069));
#6334=CARTESIAN_POINT('',(128.3909108242,-16.489157969824,8.99554886527493));
#6335=CARTESIAN_POINT('',(128.390899166423,-13.7389866356887,-13.4027992162069));
#6336=CARTESIAN_POINT('Origin',(128.140912702809,-9.87287817084046,12.6049622650018));
#6337=CARTESIAN_POINT('',(128.390912682454,-9.62595610579612,12.5658535218073));
#6338=CARTESIAN_POINT('',(127.890912723164,-10.1198002358848,12.6440710081963));
#6339=CARTESIAN_POINT('Origin',(8.0531280479073,-3.72365875211744,51.4489577798405));
#6340=CARTESIAN_POINT('',(8.09048786327497,-3.4349299774908,51.6931583084019));
#6341=CARTESIAN_POINT('',(8.01576823253963,-4.01238752674408,51.2047572512792));
#6342=CARTESIAN_POINT('Origin',(1.69318509277597E-5,-15.8641068124425,-0.197826117100367));
#6343=CARTESIAN_POINT('',(1.63727973231376E-5,-14.243822642552,-13.3939817084523));
#6344=CARTESIAN_POINT('',(85.1215568053212,-10.2005122371559,-46.3241107875014));
#6345=CARTESIAN_POINT('',(42.5614153121018,-10.2003675856891,-46.325284668386));
#6346=CARTESIAN_POINT('',(-85.1216311825421,-10.2005101690527,-46.3241107875014));
#6347=CARTESIAN_POINT('',(-42.5608071529026,-10.2005106860788,-46.3241107875014));
#6348=CARTESIAN_POINT('',(-63.1954340129592,-10.2005102988518,-46.3241118996846));
#6349=CARTESIAN_POINT('',(1.63727973231376E-5,-14.243822642552,-13.3939817084523));
#6350=CARTESIAN_POINT('Origin',(-9.83672970932429,1.6,51.4681414825611));
#6351=CARTESIAN_POINT('',(3.41927859737639,1.6,51.4681414825174));
#6352=CARTESIAN_POINT('Origin',(93.4019799806894,1.6,40.700111070674));
#6353=CARTESIAN_POINT('Origin',(9.83673310136414,1.6,51.4681410696394));
#6354=CARTESIAN_POINT('Origin',(128.390880990747,1.6,-48.324131911787));
#6355=CARTESIAN_POINT('',(5.99999959745876,-1.30000000000003,-48.3241198028014));
#6356=CARTESIAN_POINT('Origin',(-128.390882591202,1.6,-48.3241065065719));
#6357=CARTESIAN_POINT('Origin',(128.390916805111,1.6,20.4868066222086));
#6358=CARTESIAN_POINT('Origin',(1.71069526810896E-5,13.1,1.57200478538706));
#6359=CARTESIAN_POINT('',(63.19544967321,13.1,-38.3175191411029));
#6360=CARTESIAN_POINT('',(88.0395127465326,13.1,15.5997568995501));
#6361=CARTESIAN_POINT('',(7.89059683342716,13.1,46.6740678622992));
#6362=CARTESIAN_POINT('',(9.62590489365488,13.1,4.07370232446029));
#6363=CARTESIAN_POINT('',(10.9667587245879,13.1,-5.73775877989877));
#6364=CARTESIAN_POINT('',(12.1763461877653,13.1,-15.5305553770076));
#6365=CARTESIAN_POINT('',(-5.20884085666491,13.1,27.8137740018883));
#6366=CARTESIAN_POINT('',(-46.4435546601034,13.1,39.6556814223943));
#6367=CARTESIAN_POINT('',(-63.1954369184764,13.1,18.8324827005386));
#6368=CARTESIAN_POINT('',(-31.9403414241753,13.1,-35.9147983906014));
#6369=CARTESIAN_POINT('',(-4.28120462496134,13.1,-10.5375478846271));
#6370=CARTESIAN_POINT('',(-5.62208093090793,13.1,8.51340463299164));
#6371=CARTESIAN_POINT('Origin',(-128.390882591206,1.6,20.4868280158427));
#6372=CARTESIAN_POINT('Origin',(-93.4019793878859,1.6,40.7001124332745));
#6373=CARTESIAN_POINT('Origin',(0.,11.3437991961704,8.09697982134238));
#6374=CARTESIAN_POINT('',(9.93800877508078E-17,11.1,8.90847982134238));
#6375=CARTESIAN_POINT('Origin',(0.,11.1,8.09697982134238));
#6376=CARTESIAN_POINT('',(0.,11.5875983923409,8.09697982134238));
#6377=CARTESIAN_POINT('',(4.96900438754039E-17,11.3437991961704,8.50272982134238));
#6378=CARTESIAN_POINT('Origin',(0.,9.6,8.09697982134238));
#6379=CARTESIAN_POINT('',(9.93800877508077E-17,8.1,8.90847982134238));
#6380=CARTESIAN_POINT('Origin',(0.,8.1,8.09697982134238));
#6381=CARTESIAN_POINT('',(9.93800877508077E-17,9.6,8.90847982134238));
#6382=CARTESIAN_POINT('Origin',(14.4066673416445,11.3437991961704,-35.612882437284));
#6383=CARTESIAN_POINT('',(14.4066673416445,11.1,-34.801382437284));
#6384=CARTESIAN_POINT('Origin',(14.4066673416445,11.1,-35.612882437284));
#6385=CARTESIAN_POINT('',(14.4066673416445,11.5875983923409,-35.612882437284));
#6386=CARTESIAN_POINT('',(14.4066673416445,11.3437991961704,-35.207132437284));
#6387=CARTESIAN_POINT('Origin',(14.4066673416445,9.6,-35.612882437284));
#6388=CARTESIAN_POINT('',(14.4066673416445,8.1,-34.801382437284));
#6389=CARTESIAN_POINT('Origin',(14.4066673416445,8.1,-35.612882437284));
#6390=CARTESIAN_POINT('',(14.4066673416445,9.6,-34.801382437284));
#6391=CARTESIAN_POINT('Origin',(-41.1380051007357,11.3437991961704,-39.4135615331905));
#6392=CARTESIAN_POINT('',(-41.1380051007357,11.1,-38.6020615331905));
#6393=CARTESIAN_POINT('Origin',(-41.1380051007357,11.1,-39.4135615331905));
#6394=CARTESIAN_POINT('',(-41.1380051007357,11.5875983923409,-39.4135615331905));
#6395=CARTESIAN_POINT('',(-41.1380051007357,11.3437991961704,-39.0078115331905));
#6396=CARTESIAN_POINT('Origin',(-41.1380051007357,9.6,-39.4135615331905));
#6397=CARTESIAN_POINT('',(-41.1380051007357,8.1,-38.6020615331905));
#6398=CARTESIAN_POINT('Origin',(-41.1380051007357,8.1,-39.4135615331905));
#6399=CARTESIAN_POINT('',(-41.1380051007357,9.6,-38.6020615331905));
#6400=CARTESIAN_POINT('Origin',(-14.4068760127816,11.3437991961704,-35.6126750993262));
#6401=CARTESIAN_POINT('',(-14.4068760127816,11.1,-34.8011750993262));
#6402=CARTESIAN_POINT('Origin',(-14.4068760127816,11.1,-35.6126750993262));
#6403=CARTESIAN_POINT('',(-14.4068760127816,11.5875983923409,-35.6126750993262));
#6404=CARTESIAN_POINT('',(-14.4068760127816,11.3437991961704,-35.2069250993262));
#6405=CARTESIAN_POINT('Origin',(-14.4068760127816,9.6,-35.6126750993262));
#6406=CARTESIAN_POINT('',(-14.4068760127816,8.1,-34.8011750993262));
#6407=CARTESIAN_POINT('Origin',(-14.4068760127816,8.1,-35.6126750993262));
#6408=CARTESIAN_POINT('',(-14.4068760127816,9.6,-34.8011750993262));
#6409=CARTESIAN_POINT('Origin',(41.137621572775,11.3437991961704,-39.4149984130544));
#6410=CARTESIAN_POINT('',(41.137621572775,11.1,-38.6034984130543));
#6411=CARTESIAN_POINT('Origin',(41.137621572775,11.1,-39.4149984130544));
#6412=CARTESIAN_POINT('',(41.137621572775,11.5875983923409,-39.4149984130544));
#6413=CARTESIAN_POINT('',(41.137621572775,11.3437991961704,-39.0092484130544));
#6414=CARTESIAN_POINT('Origin',(41.137621572775,9.6,-39.4149984130544));
#6415=CARTESIAN_POINT('',(41.137621572775,8.1,-38.6034984130544));
#6416=CARTESIAN_POINT('Origin',(41.137621572775,8.1,-39.4149984130544));
#6417=CARTESIAN_POINT('',(41.137621572775,9.6,-38.6034984130544));
#6418=CARTESIAN_POINT('Origin',(1.97064586870965E-14,11.3437991961704,35.0969798213424));
#6419=CARTESIAN_POINT('',(1.98058387748474E-14,11.1,35.9084798213424));
#6420=CARTESIAN_POINT('Origin',(1.97064586870965E-14,11.1,35.0969798213424));
#6421=CARTESIAN_POINT('',(1.97064586870965E-14,11.5875983923409,35.0969798213424));
#6422=CARTESIAN_POINT('',(1.97561487309719E-14,11.3437991961704,35.5027298213424));
#6423=CARTESIAN_POINT('Origin',(1.97064586870965E-14,9.6,35.0969798213424));
#6424=CARTESIAN_POINT('',(1.98058387748474E-14,8.1,35.9084798213424));
#6425=CARTESIAN_POINT('Origin',(1.97064586870965E-14,8.1,35.0969798213424));
#6426=CARTESIAN_POINT('',(1.98058387748474E-14,9.6,35.9084798213424));
#6427=CARTESIAN_POINT('Origin',(-112.364802631868,2.3,25.3324827005395));
#6428=CARTESIAN_POINT('',(-90.3648026318679,4.7,25.3324827005395));
#6429=CARTESIAN_POINT('',(-56.1824011818448,4.7,25.3324827005395));
#6430=CARTESIAN_POINT('',(-90.3648026318679,5.7,25.3324827005395));
#6431=CARTESIAN_POINT('Origin',(2.68178350637527E-7,4.7,-9.86578472646464));
#6432=CARTESIAN_POINT('',(-90.3648026318679,4.7,19.3324827005395));
#6433=CARTESIAN_POINT('',(-45.1824011818448,4.7,19.3324827005395));
#6434=CARTESIAN_POINT('',(-90.3648026318679,4.7,13.452983624404));
#6435=CARTESIAN_POINT('Origin',(65.5857440331587,2.3,-45.0640521534688));
#6436=CARTESIAN_POINT('',(30.9895565208458,4.7,-40.1432133347735));
#6437=CARTESIAN_POINT('Origin',(2.68178359519311E-7,4.7,-9.86578472646464));
#6438=CARTESIAN_POINT('',(3.61846800524938,4.7,-30.18965581039));
#6439=CARTESIAN_POINT('Origin',(-65.5863873735521,2.3,-45.0614907326612));
#6440=CARTESIAN_POINT('',(-66.4310287289597,5.7,-39.1212403470509));
#6441=CARTESIAN_POINT('Origin',(112.364803168225,2.3,25.3324814127195));
#6442=CARTESIAN_POINT('',(112.364803168225,4.7,19.3324814127195));
#6443=CARTESIAN_POINT('',(112.364803168225,4.7,7.73334834312741));
#6444=CARTESIAN_POINT('',(112.364803168225,5.7,19.3324814127195));
#6445=CARTESIAN_POINT('Origin',(2.68178368401095E-7,4.7,-9.86578472646464));
#6446=CARTESIAN_POINT('',(63.1954411502394,4.7,19.3324814127195));
#6447=CARTESIAN_POINT('Origin',(-90.3648026318679,9.1,36.7717519752727));
#6448=CARTESIAN_POINT('',(-90.3648026318679,9.1,19.3324827005395));
#6449=CARTESIAN_POINT('Origin',(-85.4398544053359,9.1,-41.8240952111762));
#6450=CARTESIAN_POINT('',(-46.6301924418523,8.1,-36.3057683917349));
#6451=CARTESIAN_POINT('',(-46.6301922297906,3.6,-36.3057698831367));
#6452=CARTESIAN_POINT('',(-40.7856067788827,8.1,-35.4747313706201));
#6453=CARTESIAN_POINT('',(-9.99865291047162,9.1,-31.0971506914385));
#6454=CARTESIAN_POINT('Origin',(-45.5462359403428,-1.9,-43.9290903908922));
#6455=CARTESIAN_POINT('',(-48.5645733957753,8.1,-22.7015242543947));
#6456=CARTESIAN_POINT('Origin',(126.390882032301,9.1,19.3324814127195));
#6457=CARTESIAN_POINT('Origin',(-0.000120292642948883,8.1,-1.91687510453569));
#6458=CARTESIAN_POINT('Origin',(8.91433705785308,-1.9,-38.7204229525062));
#6459=CARTESIAN_POINT('',(9.9986442064987,8.1,-31.0971508199246));
#6460=CARTESIAN_POINT('',(11.9336034886048,8.1,-17.4933290694319));
#6461=CARTESIAN_POINT('',(9.99865245688523,9.1,-31.0971506930306));
#6462=CARTESIAN_POINT('Origin',(-0.000120292642948883,8.1,-1.91687510453568));
#6463=CARTESIAN_POINT('',(3.06430667740252,8.1,-30.1108338620607));
#6464=CARTESIAN_POINT('Origin',(9.99865245688523,9.1,-31.0971506930306));
#6465=CARTESIAN_POINT('',(9.99865245688523,9.1,-31.0971506930306));
#6466=CARTESIAN_POINT('Origin',(3.85,9.1,40.0969798213424));
#6467=CARTESIAN_POINT('',(-3.85,8.1,40.0969798213424));
#6468=CARTESIAN_POINT('',(-3.85,9.1,40.0969798213424));
#6469=CARTESIAN_POINT('',(3.85,8.1,40.0969798213424));
#6470=CARTESIAN_POINT('',(-1.925,8.1,40.0969798213424));
#6471=CARTESIAN_POINT('',(3.85,9.1,40.0969798213424));
#6472=CARTESIAN_POINT('Origin',(3.85,9.1,3.09697982134238));
#6473=CARTESIAN_POINT('',(3.85,8.1,3.09697982134238));
#6474=CARTESIAN_POINT('',(3.85,8.1,30.8469798213424));
#6475=CARTESIAN_POINT('',(3.85,9.1,3.09697982134238));
#6476=CARTESIAN_POINT('Origin',(-3.85,9.1,3.09697982134238));
#6477=CARTESIAN_POINT('',(-3.85,8.1,3.09697982134238));
#6478=CARTESIAN_POINT('',(1.925,8.1,3.09697982134238));
#6479=CARTESIAN_POINT('',(-3.85,9.1,3.09697982134238));
#6480=CARTESIAN_POINT('Origin',(-3.85,9.1,40.0969798213424));
#6481=CARTESIAN_POINT('',(-3.85,8.1,12.3469798213424));
#6482=CARTESIAN_POINT('Origin',(0.,8.1,21.5969798213424));
#6483=CARTESIAN_POINT('Origin',(-126.390882591204,0.,-46.3241086941623));
#6484=CARTESIAN_POINT('',(-85.1216311825421,0.,-46.3241107875014));
#6485=CARTESIAN_POINT('Origin',(1.71069526728316E-5,-11.6183632108853,3.18251675495082));
#6486=CARTESIAN_POINT('',(-65.8424613341088,-3.52030513891698,54.3116431727675));
#6487=CARTESIAN_POINT('',(4.85421032204709,-4.2874404489339,49.4681414471874));
#6488=CARTESIAN_POINT('Origin',(3.41927859737639,1.6,51.4681414825174));
#6489=CARTESIAN_POINT('Origin',(5.99999959745876,-4.20000000000009,-48.3241192091795));
#6490=CARTESIAN_POINT('',(5.99999959745876,-2.10000000000005,-46.3241107875014));
#6491=CARTESIAN_POINT('Origin',(-85.1216311825421,0.,-46.3241107875014));
#6492=CARTESIAN_POINT('',(85.1215568053212,0.,-46.3241107875014));
#6493=CARTESIAN_POINT('Origin',(-89.1398544787062,2.6,-38.3459704668026));
#6494=CARTESIAN_POINT('Origin',(-89.1398544787062,6.8,-38.3459704668026));
#6495=CARTESIAN_POINT('Origin',(-0.0124520027650554,6.8,2.57202294111701));
#6496=CARTESIAN_POINT('Origin',(89.1148544331075,2.6,-38.3458309191761));
#6497=CARTESIAN_POINT('Origin',(89.1148544331075,6.8,-38.3458309191761));
#6498=CARTESIAN_POINT('Origin',(-0.0124520027650554,6.8,2.57202294111701));
#6499=CARTESIAN_POINT('Origin',(-2.53661475873614E-8,2.6,43.4900165295052));
#6500=CARTESIAN_POINT('',(3.69999999999698,6.8,46.9681414168703));
#6501=CARTESIAN_POINT('Origin',(-2.53661475873614E-8,6.8,43.4900165295052));
#6502=CARTESIAN_POINT('',(3.69999999999699,2.6,46.9681414168703));
#6503=CARTESIAN_POINT('Origin',(-0.0124520027650554,6.8,2.57202294111701));
#6504=CARTESIAN_POINT('',(4.68088398234263,6.8,46.968141402563));
#6505=CARTESIAN_POINT('Origin',(9.37421931988377,9.1,46.9681413341056));
#6506=CARTESIAN_POINT('Origin',(-6.65711368644368,9.1,27.6078448057655));
#6507=CARTESIAN_POINT('Origin',(-89.6237382629676,9.1,36.2585958218403));
#6508=CARTESIAN_POINT('Origin',(-126.390890943906,9.1,18.8324827005395));
#6509=CARTESIAN_POINT('Origin',(-66.6149209816885,9.1,-38.6423597389576));
#6510=CARTESIAN_POINT('Origin',(-10.1653137038014,9.1,-11.3742065056921));
#6511=CARTESIAN_POINT('Origin',(-10.1653300105533,9.1,7.86740229678423));
#6512=CARTESIAN_POINT('Origin',(126.390882032301,9.1,-38.3175188128963));
#6513=CARTESIAN_POINT('Origin',(89.6239601293369,9.1,36.2583364083295));
#6514=CARTESIAN_POINT('Origin',(9.33885519537066,9.1,46.4681407016024));
#6515=CARTESIAN_POINT('Origin',(10.1653301253081,9.1,7.86740181964262));
#6516=CARTESIAN_POINT('Origin',(10.165313537896,9.1,-11.3742066539644));
#6517=CARTESIAN_POINT('Origin',(10.0340305511669,9.1,-30.5971508422884));
#6518=CARTESIAN_POINT('Origin',(-2.26793191449026E-7,9.1,-31.0971506930283));
#6519=CARTESIAN_POINT('',(-2.26793191451184E-7,9.1,-31.0971506930283));
#6520=CARTESIAN_POINT('Origin',(-9.99865291047162,9.1,-31.0971506914385));
#6521=CARTESIAN_POINT('Origin',(-90.3648026318679,9.1,19.3324827005395));
#6522=CARTESIAN_POINT('Origin',(-9.3742195105322,9.1,46.9681414708389));
#6523=CARTESIAN_POINT('Origin',(90.3648031682247,9.1,36.7717506572019));
#6524=CARTESIAN_POINT('Origin',(85.1215568053212,0.,-46.3241107875014));
#6525=CARTESIAN_POINT('Origin',(-92.7487056435339,0.,38.7677558530953));
#6526=CARTESIAN_POINT('Origin',(9.70840319606242,0.,49.4681414117855));
#6527=UNCERTAINTY_MEASURE_WITH_UNIT(LENGTH_MEASURE(0.01),#6531,
'DISTANCE_ACCURACY_VALUE',
'Maximum model space distance between geometric entities at asserted c
onnectivities');
#6528=UNCERTAINTY_MEASURE_WITH_UNIT(LENGTH_MEASURE(0.01),#6531,
'DISTANCE_ACCURACY_VALUE',
'Maximum model space distance between geometric entities at asserted c
onnectivities');
#6529=(
GEOMETRIC_REPRESENTATION_CONTEXT(3)
GLOBAL_UNCERTAINTY_ASSIGNED_CONTEXT((#6527))
GLOBAL_UNIT_ASSIGNED_CONTEXT((#6531,#6532,#6533))
REPRESENTATION_CONTEXT('','3D')
);
#6530=(
GEOMETRIC_REPRESENTATION_CONTEXT(3)
GLOBAL_UNCERTAINTY_ASSIGNED_CONTEXT((#6528))
GLOBAL_UNIT_ASSIGNED_CONTEXT((#6531,#6532,#6533))
REPRESENTATION_CONTEXT('','3D')
);
#6531=(
LENGTH_UNIT()
NAMED_UNIT(*)
SI_UNIT(.MILLI.,.METRE.)
);
#6532=(
NAMED_UNIT(*)
PLANE_ANGLE_UNIT()
SI_UNIT($,.RADIAN.)
);
#6533=(
NAMED_UNIT(*)
SI_UNIT($,.STERADIAN.)
SOLID_ANGLE_UNIT()
);
#6534=SHAPE_DEFINITION_REPRESENTATION(#6535,#6536);
#6535=PRODUCT_DEFINITION_SHAPE('',$,#6538);
#6536=SHAPE_REPRESENTATION('',(#3947),#6529);
#6537=PRODUCT_DEFINITION_CONTEXT('part definition',#6542,'design');
#6538=PRODUCT_DEFINITION('2026-05-22-02-35-04-396','carot48',#6539,#6537);
#6539=PRODUCT_DEFINITION_FORMATION('',$,#6544);
#6540=PRODUCT_RELATED_PRODUCT_CATEGORY('carot48','carot48',(#6544));
#6541=APPLICATION_PROTOCOL_DEFINITION('international standard',
'automotive_design',2009,#6542);
#6542=APPLICATION_CONTEXT(
'Core Data for Automotive Mechanical Design Process');
#6543=PRODUCT_CONTEXT('part definition',#6542,'mechanical');
#6544=PRODUCT('2026-05-22-02-35-04-396','carot48',$,(#6543));
#6545=PRESENTATION_STYLE_ASSIGNMENT((#6546));
#6546=SURFACE_STYLE_USAGE(.BOTH.,#6547);
#6547=SURFACE_SIDE_STYLE('',(#6548));
#6548=SURFACE_STYLE_FILL_AREA(#6549);
#6549=FILL_AREA_STYLE('\X2\92FC\X0\ - \X2\30B530C630F3\X0\',(#6550));
#6550=FILL_AREA_STYLE_COLOUR('\X2\92FC\X0\ - \X2\30B530C630F3\X0\',#6551);
#6551=COLOUR_RGB('\X2\92FC\X0\ - \X2\30B530C630F3\X0\',0.627450980392157,
0.627450980392157,0.627450980392157);
ENDSEC;
END-ISO-10303-21;
