ISO-10303-21;
HEADER;
/* Generated by software containing ST-Developer
 * from STEP Tools, Inc. (www.steptools.com) 
 */

FILE_DESCRIPTION(
/* description */ (''),
/* implementation_level */ '2;1');

FILE_NAME(
/* name */ 'carot48_topcase_20260705_zero_offset.step',
/* time_stamp */ '2026-07-05T11:23:27+09:00',
/* author */ (''),
/* organization */ (''),
/* preprocessor_version */ 'ST-DEVELOPER v20.1',
/* originating_system */ 'Autodesk Translation Framework v15.8.0.0',
/* authorisation */ '');

FILE_SCHEMA (('AUTOMOTIVE_DESIGN { 1 0 10303 214 3 1 1 }'));
ENDSEC;

DATA;
#10=MECHANICAL_DESIGN_GEOMETRIC_PRESENTATION_REPRESENTATION('',(#13),#4849);
#11=SHAPE_REPRESENTATION_RELATIONSHIP('SRR','None',#4855,#12);
#12=ADVANCED_BREP_SHAPE_REPRESENTATION('',(#14),#4848);
#13=STYLED_ITEM('',(#4864),#14);
#14=MANIFOLD_SOLID_BREP('top_case',#3041);
#15=CYLINDRICAL_SURFACE('',#3099,0.8115);
#16=CYLINDRICAL_SURFACE('',#3103,0.8115);
#17=CYLINDRICAL_SURFACE('',#3107,0.8115);
#18=CYLINDRICAL_SURFACE('',#3111,0.8115);
#19=CYLINDRICAL_SURFACE('',#3115,0.8115);
#20=CYLINDRICAL_SURFACE('',#3119,0.8115);
#21=CYLINDRICAL_SURFACE('',#3163,5.07812520906737);
#22=CYLINDRICAL_SURFACE('',#3166,5.07815199172816);
#23=CYLINDRICAL_SURFACE('',#3169,5.07812494133378);
#24=CIRCLE('',#3098,0.8115);
#25=CIRCLE('',#3100,0.8115);
#26=CIRCLE('',#3102,0.8115);
#27=CIRCLE('',#3104,0.8115);
#28=CIRCLE('',#3106,0.8115);
#29=CIRCLE('',#3108,0.8115);
#30=CIRCLE('',#3110,0.8115);
#31=CIRCLE('',#3112,0.8115);
#32=CIRCLE('',#3114,0.8115);
#33=CIRCLE('',#3116,0.8115);
#34=CIRCLE('',#3118,0.8115);
#35=CIRCLE('',#3120,0.8115);
#36=CIRCLE('',#3136,5.07812520906737);
#37=CIRCLE('',#3137,5.07815199172816);
#38=CIRCLE('',#3164,5.07812520906737);
#39=CIRCLE('',#3167,5.07815199172816);
#40=CIRCLE('',#3170,5.07812494133378);
#41=CIRCLE('',#3171,5.07812494133378);
#42=CONICAL_SURFACE('',#3097,0.40575,1.02974425867665);
#43=CONICAL_SURFACE('',#3101,0.40575,1.02974425867665);
#44=CONICAL_SURFACE('',#3105,0.40575,1.02974425867665);
#45=CONICAL_SURFACE('',#3109,0.40575,1.02974425867665);
#46=CONICAL_SURFACE('',#3113,0.40575,1.02974425867665);
#47=CONICAL_SURFACE('',#3117,0.40575,1.02974425867665);
#48=FACE_BOUND('',#273,.T.);
#49=FACE_BOUND('',#277,.T.);
#50=FACE_BOUND('',#278,.T.);
#51=FACE_BOUND('',#316,.T.);
#52=FACE_BOUND('',#317,.T.);
#53=FACE_BOUND('',#321,.T.);
#54=FACE_BOUND('',#322,.T.);
#55=FACE_BOUND('',#329,.T.);
#56=FACE_BOUND('',#330,.T.);
#57=FACE_BOUND('',#381,.T.);
#58=FACE_OUTER_BOUND('',#224,.T.);
#59=FACE_OUTER_BOUND('',#225,.T.);
#60=FACE_OUTER_BOUND('',#226,.T.);
#61=FACE_OUTER_BOUND('',#227,.T.);
#62=FACE_OUTER_BOUND('',#228,.T.);
#63=FACE_OUTER_BOUND('',#229,.T.);
#64=FACE_OUTER_BOUND('',#230,.T.);
#65=FACE_OUTER_BOUND('',#231,.T.);
#66=FACE_OUTER_BOUND('',#232,.T.);
#67=FACE_OUTER_BOUND('',#233,.T.);
#68=FACE_OUTER_BOUND('',#234,.T.);
#69=FACE_OUTER_BOUND('',#235,.T.);
#70=FACE_OUTER_BOUND('',#236,.T.);
#71=FACE_OUTER_BOUND('',#237,.T.);
#72=FACE_OUTER_BOUND('',#238,.T.);
#73=FACE_OUTER_BOUND('',#239,.T.);
#74=FACE_OUTER_BOUND('',#240,.T.);
#75=FACE_OUTER_BOUND('',#241,.T.);
#76=FACE_OUTER_BOUND('',#242,.T.);
#77=FACE_OUTER_BOUND('',#243,.T.);
#78=FACE_OUTER_BOUND('',#244,.T.);
#79=FACE_OUTER_BOUND('',#245,.T.);
#80=FACE_OUTER_BOUND('',#246,.T.);
#81=FACE_OUTER_BOUND('',#247,.T.);
#82=FACE_OUTER_BOUND('',#248,.T.);
#83=FACE_OUTER_BOUND('',#249,.T.);
#84=FACE_OUTER_BOUND('',#250,.T.);
#85=FACE_OUTER_BOUND('',#251,.T.);
#86=FACE_OUTER_BOUND('',#252,.T.);
#87=FACE_OUTER_BOUND('',#253,.T.);
#88=FACE_OUTER_BOUND('',#254,.T.);
#89=FACE_OUTER_BOUND('',#255,.T.);
#90=FACE_OUTER_BOUND('',#256,.T.);
#91=FACE_OUTER_BOUND('',#257,.T.);
#92=FACE_OUTER_BOUND('',#258,.T.);
#93=FACE_OUTER_BOUND('',#259,.T.);
#94=FACE_OUTER_BOUND('',#260,.T.);
#95=FACE_OUTER_BOUND('',#261,.T.);
#96=FACE_OUTER_BOUND('',#262,.T.);
#97=FACE_OUTER_BOUND('',#263,.T.);
#98=FACE_OUTER_BOUND('',#264,.T.);
#99=FACE_OUTER_BOUND('',#265,.T.);
#100=FACE_OUTER_BOUND('',#266,.T.);
#101=FACE_OUTER_BOUND('',#267,.T.);
#102=FACE_OUTER_BOUND('',#268,.T.);
#103=FACE_OUTER_BOUND('',#269,.T.);
#104=FACE_OUTER_BOUND('',#270,.T.);
#105=FACE_OUTER_BOUND('',#271,.T.);
#106=FACE_OUTER_BOUND('',#272,.T.);
#107=FACE_OUTER_BOUND('',#274,.T.);
#108=FACE_OUTER_BOUND('',#275,.T.);
#109=FACE_OUTER_BOUND('',#276,.T.);
#110=FACE_OUTER_BOUND('',#279,.T.);
#111=FACE_OUTER_BOUND('',#280,.T.);
#112=FACE_OUTER_BOUND('',#281,.T.);
#113=FACE_OUTER_BOUND('',#282,.T.);
#114=FACE_OUTER_BOUND('',#283,.T.);
#115=FACE_OUTER_BOUND('',#284,.T.);
#116=FACE_OUTER_BOUND('',#285,.T.);
#117=FACE_OUTER_BOUND('',#286,.T.);
#118=FACE_OUTER_BOUND('',#287,.T.);
#119=FACE_OUTER_BOUND('',#288,.T.);
#120=FACE_OUTER_BOUND('',#289,.T.);
#121=FACE_OUTER_BOUND('',#290,.T.);
#122=FACE_OUTER_BOUND('',#291,.T.);
#123=FACE_OUTER_BOUND('',#292,.T.);
#124=FACE_OUTER_BOUND('',#293,.T.);
#125=FACE_OUTER_BOUND('',#294,.T.);
#126=FACE_OUTER_BOUND('',#295,.T.);
#127=FACE_OUTER_BOUND('',#296,.T.);
#128=FACE_OUTER_BOUND('',#297,.T.);
#129=FACE_OUTER_BOUND('',#298,.T.);
#130=FACE_OUTER_BOUND('',#299,.T.);
#131=FACE_OUTER_BOUND('',#300,.T.);
#132=FACE_OUTER_BOUND('',#301,.T.);
#133=FACE_OUTER_BOUND('',#302,.T.);
#134=FACE_OUTER_BOUND('',#303,.T.);
#135=FACE_OUTER_BOUND('',#304,.T.);
#136=FACE_OUTER_BOUND('',#305,.T.);
#137=FACE_OUTER_BOUND('',#306,.T.);
#138=FACE_OUTER_BOUND('',#307,.T.);
#139=FACE_OUTER_BOUND('',#308,.T.);
#140=FACE_OUTER_BOUND('',#309,.T.);
#141=FACE_OUTER_BOUND('',#310,.T.);
#142=FACE_OUTER_BOUND('',#311,.T.);
#143=FACE_OUTER_BOUND('',#312,.T.);
#144=FACE_OUTER_BOUND('',#313,.T.);
#145=FACE_OUTER_BOUND('',#314,.T.);
#146=FACE_OUTER_BOUND('',#315,.T.);
#147=FACE_OUTER_BOUND('',#318,.T.);
#148=FACE_OUTER_BOUND('',#319,.T.);
#149=FACE_OUTER_BOUND('',#320,.T.);
#150=FACE_OUTER_BOUND('',#323,.T.);
#151=FACE_OUTER_BOUND('',#324,.T.);
#152=FACE_OUTER_BOUND('',#325,.T.);
#153=FACE_OUTER_BOUND('',#326,.T.);
#154=FACE_OUTER_BOUND('',#327,.T.);
#155=FACE_OUTER_BOUND('',#328,.T.);
#156=FACE_OUTER_BOUND('',#331,.T.);
#157=FACE_OUTER_BOUND('',#332,.T.);
#158=FACE_OUTER_BOUND('',#333,.T.);
#159=FACE_OUTER_BOUND('',#334,.T.);
#160=FACE_OUTER_BOUND('',#335,.T.);
#161=FACE_OUTER_BOUND('',#336,.T.);
#162=FACE_OUTER_BOUND('',#337,.T.);
#163=FACE_OUTER_BOUND('',#338,.T.);
#164=FACE_OUTER_BOUND('',#339,.T.);
#165=FACE_OUTER_BOUND('',#340,.T.);
#166=FACE_OUTER_BOUND('',#341,.T.);
#167=FACE_OUTER_BOUND('',#342,.T.);
#168=FACE_OUTER_BOUND('',#343,.T.);
#169=FACE_OUTER_BOUND('',#344,.T.);
#170=FACE_OUTER_BOUND('',#345,.T.);
#171=FACE_OUTER_BOUND('',#346,.T.);
#172=FACE_OUTER_BOUND('',#347,.T.);
#173=FACE_OUTER_BOUND('',#348,.T.);
#174=FACE_OUTER_BOUND('',#349,.T.);
#175=FACE_OUTER_BOUND('',#350,.T.);
#176=FACE_OUTER_BOUND('',#351,.T.);
#177=FACE_OUTER_BOUND('',#352,.T.);
#178=FACE_OUTER_BOUND('',#353,.T.);
#179=FACE_OUTER_BOUND('',#354,.T.);
#180=FACE_OUTER_BOUND('',#355,.T.);
#181=FACE_OUTER_BOUND('',#356,.T.);
#182=FACE_OUTER_BOUND('',#357,.T.);
#183=FACE_OUTER_BOUND('',#358,.T.);
#184=FACE_OUTER_BOUND('',#359,.T.);
#185=FACE_OUTER_BOUND('',#360,.T.);
#186=FACE_OUTER_BOUND('',#361,.T.);
#187=FACE_OUTER_BOUND('',#362,.T.);
#188=FACE_OUTER_BOUND('',#363,.T.);
#189=FACE_OUTER_BOUND('',#364,.T.);
#190=FACE_OUTER_BOUND('',#365,.T.);
#191=FACE_OUTER_BOUND('',#366,.T.);
#192=FACE_OUTER_BOUND('',#367,.T.);
#193=FACE_OUTER_BOUND('',#368,.T.);
#194=FACE_OUTER_BOUND('',#369,.T.);
#195=FACE_OUTER_BOUND('',#370,.T.);
#196=FACE_OUTER_BOUND('',#371,.T.);
#197=FACE_OUTER_BOUND('',#372,.T.);
#198=FACE_OUTER_BOUND('',#373,.T.);
#199=FACE_OUTER_BOUND('',#374,.T.);
#200=FACE_OUTER_BOUND('',#375,.T.);
#201=FACE_OUTER_BOUND('',#376,.T.);
#202=FACE_OUTER_BOUND('',#377,.T.);
#203=FACE_OUTER_BOUND('',#378,.T.);
#204=FACE_OUTER_BOUND('',#379,.T.);
#205=FACE_OUTER_BOUND('',#380,.T.);
#206=FACE_OUTER_BOUND('',#382,.T.);
#207=FACE_OUTER_BOUND('',#383,.T.);
#208=FACE_OUTER_BOUND('',#384,.T.);
#209=FACE_OUTER_BOUND('',#385,.T.);
#210=FACE_OUTER_BOUND('',#386,.T.);
#211=FACE_OUTER_BOUND('',#387,.T.);
#212=FACE_OUTER_BOUND('',#388,.T.);
#213=FACE_OUTER_BOUND('',#389,.T.);
#214=FACE_OUTER_BOUND('',#390,.T.);
#215=FACE_OUTER_BOUND('',#391,.T.);
#216=FACE_OUTER_BOUND('',#392,.T.);
#217=FACE_OUTER_BOUND('',#393,.T.);
#218=FACE_OUTER_BOUND('',#394,.T.);
#219=FACE_OUTER_BOUND('',#395,.T.);
#220=FACE_OUTER_BOUND('',#396,.T.);
#221=FACE_OUTER_BOUND('',#397,.T.);
#222=FACE_OUTER_BOUND('',#398,.T.);
#223=FACE_OUTER_BOUND('',#399,.T.);
#224=EDGE_LOOP('',(#1884,#1885,#1886));
#225=EDGE_LOOP('',(#1887,#1888,#1889));
#226=EDGE_LOOP('',(#1890,#1891,#1892));
#227=EDGE_LOOP('',(#1893,#1894,#1895,#1896));
#228=EDGE_LOOP('',(#1897,#1898,#1899));
#229=EDGE_LOOP('',(#1900,#1901,#1902,#1903));
#230=EDGE_LOOP('',(#1904,#1905,#1906,#1907));
#231=EDGE_LOOP('',(#1908,#1909,#1910));
#232=EDGE_LOOP('',(#1911,#1912,#1913,#1914));
#233=EDGE_LOOP('',(#1915,#1916,#1917,#1918));
#234=EDGE_LOOP('',(#1919,#1920,#1921));
#235=EDGE_LOOP('',(#1922,#1923,#1924));
#236=EDGE_LOOP('',(#1925,#1926,#1927,#1928));
#237=EDGE_LOOP('',(#1929,#1930,#1931));
#238=EDGE_LOOP('',(#1932,#1933,#1934));
#239=EDGE_LOOP('',(#1935,#1936,#1937,#1938));
#240=EDGE_LOOP('',(#1939,#1940,#1941,#1942));
#241=EDGE_LOOP('',(#1943,#1944,#1945));
#242=EDGE_LOOP('',(#1946,#1947,#1948,#1949));
#243=EDGE_LOOP('',(#1950,#1951,#1952));
#244=EDGE_LOOP('',(#1953,#1954,#1955));
#245=EDGE_LOOP('',(#1956,#1957,#1958,#1959));
#246=EDGE_LOOP('',(#1960,#1961,#1962,#1963));
#247=EDGE_LOOP('',(#1964,#1965,#1966));
#248=EDGE_LOOP('',(#1967,#1968,#1969,#1970));
#249=EDGE_LOOP('',(#1971,#1972,#1973,#1974));
#250=EDGE_LOOP('',(#1975,#1976,#1977));
#251=EDGE_LOOP('',(#1978,#1979,#1980,#1981));
#252=EDGE_LOOP('',(#1982,#1983,#1984));
#253=EDGE_LOOP('',(#1985,#1986,#1987,#1988));
#254=EDGE_LOOP('',(#1989,#1990,#1991,#1992));
#255=EDGE_LOOP('',(#1993,#1994,#1995));
#256=EDGE_LOOP('',(#1996,#1997,#1998,#1999));
#257=EDGE_LOOP('',(#2000,#2001,#2002,#2003));
#258=EDGE_LOOP('',(#2004,#2005,#2006,#2007));
#259=EDGE_LOOP('',(#2008,#2009,#2010,#2011));
#260=EDGE_LOOP('',(#2012,#2013,#2014,#2015));
#261=EDGE_LOOP('',(#2016,#2017,#2018,#2019));
#262=EDGE_LOOP('',(#2020,#2021,#2022,#2023));
#263=EDGE_LOOP('',(#2024,#2025,#2026,#2027));
#264=EDGE_LOOP('',(#2028,#2029,#2030,#2031));
#265=EDGE_LOOP('',(#2032,#2033,#2034,#2035));
#266=EDGE_LOOP('',(#2036,#2037,#2038,#2039));
#267=EDGE_LOOP('',(#2040,#2041,#2042,#2043));
#268=EDGE_LOOP('',(#2044,#2045,#2046,#2047,#2048,#2049,#2050,#2051,#2052,
#2053));
#269=EDGE_LOOP('',(#2054,#2055,#2056,#2057));
#270=EDGE_LOOP('',(#2058,#2059,#2060,#2061));
#271=EDGE_LOOP('',(#2062,#2063,#2064,#2065));
#272=EDGE_LOOP('',(#2066,#2067,#2068,#2069));
#273=EDGE_LOOP('',(#2070,#2071,#2072,#2073));
#274=EDGE_LOOP('',(#2074,#2075,#2076,#2077,#2078));
#275=EDGE_LOOP('',(#2079,#2080,#2081,#2082,#2083));
#276=EDGE_LOOP('',(#2084,#2085,#2086,#2087,#2088,#2089,#2090,#2091,#2092));
#277=EDGE_LOOP('',(#2093,#2094,#2095,#2096,#2097,#2098,#2099,#2100,#2101,
#2102,#2103,#2104,#2105,#2106,#2107,#2108));
#278=EDGE_LOOP('',(#2109,#2110,#2111,#2112,#2113,#2114,#2115,#2116,#2117,
#2118,#2119,#2120,#2121,#2122,#2123,#2124));
#279=EDGE_LOOP('',(#2125,#2126,#2127,#2128));
#280=EDGE_LOOP('',(#2129,#2130,#2131,#2132));
#281=EDGE_LOOP('',(#2133,#2134,#2135));
#282=EDGE_LOOP('',(#2136,#2137,#2138,#2139));
#283=EDGE_LOOP('',(#2140,#2141,#2142));
#284=EDGE_LOOP('',(#2143,#2144,#2145,#2146));
#285=EDGE_LOOP('',(#2147,#2148,#2149));
#286=EDGE_LOOP('',(#2150,#2151,#2152,#2153));
#287=EDGE_LOOP('',(#2154,#2155,#2156));
#288=EDGE_LOOP('',(#2157,#2158,#2159,#2160));
#289=EDGE_LOOP('',(#2161,#2162,#2163));
#290=EDGE_LOOP('',(#2164,#2165,#2166,#2167));
#291=EDGE_LOOP('',(#2168,#2169,#2170));
#292=EDGE_LOOP('',(#2171,#2172,#2173,#2174));
#293=EDGE_LOOP('',(#2175,#2176,#2177,#2178));
#294=EDGE_LOOP('',(#2179,#2180,#2181,#2182));
#295=EDGE_LOOP('',(#2183,#2184,#2185,#2186));
#296=EDGE_LOOP('',(#2187,#2188,#2189,#2190));
#297=EDGE_LOOP('',(#2191,#2192,#2193,#2194));
#298=EDGE_LOOP('',(#2195,#2196,#2197,#2198));
#299=EDGE_LOOP('',(#2199,#2200,#2201,#2202));
#300=EDGE_LOOP('',(#2203,#2204,#2205,#2206));
#301=EDGE_LOOP('',(#2207,#2208,#2209,#2210));
#302=EDGE_LOOP('',(#2211,#2212,#2213,#2214));
#303=EDGE_LOOP('',(#2215,#2216,#2217,#2218));
#304=EDGE_LOOP('',(#2219,#2220,#2221,#2222));
#305=EDGE_LOOP('',(#2223,#2224,#2225,#2226,#2227,#2228));
#306=EDGE_LOOP('',(#2229,#2230,#2231,#2232,#2233,#2234));
#307=EDGE_LOOP('',(#2235,#2236,#2237,#2238,#2239,#2240,#2241,#2242,#2243,
#2244,#2245,#2246,#2247,#2248,#2249,#2250,#2251,#2252,#2253,#2254,#2255,
#2256,#2257,#2258,#2259,#2260,#2261));
#308=EDGE_LOOP('',(#2262,#2263,#2264,#2265,#2266,#2267,#2268,#2269,#2270,
#2271));
#309=EDGE_LOOP('',(#2272,#2273,#2274,#2275));
#310=EDGE_LOOP('',(#2276,#2277,#2278,#2279,#2280,#2281));
#311=EDGE_LOOP('',(#2282,#2283,#2284,#2285,#2286,#2287));
#312=EDGE_LOOP('',(#2288,#2289,#2290,#2291));
#313=EDGE_LOOP('',(#2292,#2293,#2294,#2295,#2296));
#314=EDGE_LOOP('',(#2297,#2298,#2299,#2300));
#315=EDGE_LOOP('',(#2301,#2302,#2303,#2304,#2305));
#316=EDGE_LOOP('',(#2306));
#317=EDGE_LOOP('',(#2307));
#318=EDGE_LOOP('',(#2308,#2309,#2310,#2311));
#319=EDGE_LOOP('',(#2312,#2313,#2314,#2315));
#320=EDGE_LOOP('',(#2316,#2317,#2318,#2319));
#321=EDGE_LOOP('',(#2320));
#322=EDGE_LOOP('',(#2321));
#323=EDGE_LOOP('',(#2322,#2323,#2324,#2325,#2326,#2327,#2328,#2329,#2330,
#2331));
#324=EDGE_LOOP('',(#2332,#2333,#2334,#2335));
#325=EDGE_LOOP('',(#2336,#2337,#2338,#2339));
#326=EDGE_LOOP('',(#2340,#2341,#2342,#2343));
#327=EDGE_LOOP('',(#2344,#2345,#2346,#2347));
#328=EDGE_LOOP('',(#2348,#2349,#2350,#2351));
#329=EDGE_LOOP('',(#2352));
#330=EDGE_LOOP('',(#2353));
#331=EDGE_LOOP('',(#2354,#2355,#2356,#2357,#2358,#2359,#2360,#2361,#2362,
#2363,#2364,#2365));
#332=EDGE_LOOP('',(#2366,#2367,#2368,#2369));
#333=EDGE_LOOP('',(#2370,#2371,#2372,#2373,#2374,#2375,#2376,#2377,#2378,
#2379,#2380,#2381,#2382,#2383,#2384,#2385,#2386,#2387));
#334=EDGE_LOOP('',(#2388,#2389,#2390,#2391));
#335=EDGE_LOOP('',(#2392,#2393,#2394,#2395));
#336=EDGE_LOOP('',(#2396,#2397,#2398,#2399));
#337=EDGE_LOOP('',(#2400,#2401,#2402,#2403));
#338=EDGE_LOOP('',(#2404,#2405,#2406,#2407,#2408,#2409,#2410,#2411));
#339=EDGE_LOOP('',(#2412,#2413,#2414,#2415));
#340=EDGE_LOOP('',(#2416,#2417));
#341=EDGE_LOOP('',(#2418,#2419,#2420,#2421));
#342=EDGE_LOOP('',(#2422,#2423));
#343=EDGE_LOOP('',(#2424,#2425,#2426,#2427));
#344=EDGE_LOOP('',(#2428,#2429,#2430));
#345=EDGE_LOOP('',(#2431,#2432,#2433,#2434,#2435,#2436));
#346=EDGE_LOOP('',(#2437,#2438,#2439,#2440,#2441,#2442));
#347=EDGE_LOOP('',(#2443,#2444,#2445,#2446,#2447,#2448));
#348=EDGE_LOOP('',(#2449,#2450,#2451,#2452));
#349=EDGE_LOOP('',(#2453,#2454,#2455,#2456));
#350=EDGE_LOOP('',(#2457,#2458,#2459,#2460));
#351=EDGE_LOOP('',(#2461,#2462,#2463,#2464));
#352=EDGE_LOOP('',(#2465,#2466,#2467,#2468));
#353=EDGE_LOOP('',(#2469,#2470,#2471,#2472));
#354=EDGE_LOOP('',(#2473,#2474,#2475,#2476));
#355=EDGE_LOOP('',(#2477,#2478,#2479,#2480));
#356=EDGE_LOOP('',(#2481,#2482,#2483,#2484));
#357=EDGE_LOOP('',(#2485,#2486,#2487,#2488));
#358=EDGE_LOOP('',(#2489,#2490,#2491,#2492));
#359=EDGE_LOOP('',(#2493,#2494,#2495,#2496));
#360=EDGE_LOOP('',(#2497,#2498,#2499,#2500));
#361=EDGE_LOOP('',(#2501,#2502,#2503,#2504));
#362=EDGE_LOOP('',(#2505,#2506,#2507,#2508));
#363=EDGE_LOOP('',(#2509,#2510,#2511,#2512));
#364=EDGE_LOOP('',(#2513,#2514,#2515,#2516));
#365=EDGE_LOOP('',(#2517,#2518,#2519,#2520));
#366=EDGE_LOOP('',(#2521,#2522,#2523,#2524));
#367=EDGE_LOOP('',(#2525,#2526,#2527,#2528));
#368=EDGE_LOOP('',(#2529,#2530,#2531,#2532));
#369=EDGE_LOOP('',(#2533,#2534,#2535,#2536));
#370=EDGE_LOOP('',(#2537,#2538,#2539,#2540));
#371=EDGE_LOOP('',(#2541,#2542,#2543,#2544));
#372=EDGE_LOOP('',(#2545,#2546,#2547,#2548));
#373=EDGE_LOOP('',(#2549,#2550,#2551,#2552));
#374=EDGE_LOOP('',(#2553,#2554,#2555,#2556));
#375=EDGE_LOOP('',(#2557,#2558,#2559,#2560));
#376=EDGE_LOOP('',(#2561,#2562,#2563,#2564));
#377=EDGE_LOOP('',(#2565,#2566,#2567,#2568,#2569));
#378=EDGE_LOOP('',(#2570,#2571,#2572));
#379=EDGE_LOOP('',(#2573,#2574,#2575,#2576,#2577,#2578));
#380=EDGE_LOOP('',(#2579,#2580,#2581,#2582,#2583,#2584,#2585,#2586,#2587,
#2588,#2589,#2590,#2591,#2592,#2593,#2594,#2595,#2596,#2597,#2598,#2599,
#2600,#2601,#2602,#2603,#2604,#2605,#2606,#2607,#2608,#2609,#2610,#2611,
#2612,#2613,#2614));
#381=EDGE_LOOP('',(#2615,#2616,#2617,#2618));
#382=EDGE_LOOP('',(#2619,#2620,#2621,#2622));
#383=EDGE_LOOP('',(#2623,#2624,#2625,#2626));
#384=EDGE_LOOP('',(#2627,#2628,#2629,#2630));
#385=EDGE_LOOP('',(#2631,#2632,#2633,#2634,#2635));
#386=EDGE_LOOP('',(#2636,#2637,#2638,#2639,#2640));
#387=EDGE_LOOP('',(#2641,#2642,#2643,#2644,#2645,#2646));
#388=EDGE_LOOP('',(#2647,#2648,#2649,#2650,#2651,#2652));
#389=EDGE_LOOP('',(#2653,#2654,#2655,#2656));
#390=EDGE_LOOP('',(#2657,#2658,#2659,#2660,#2661,#2662));
#391=EDGE_LOOP('',(#2663,#2664,#2665,#2666,#2667,#2668,#2669,#2670,#2671,
#2672,#2673,#2674,#2675,#2676,#2677,#2678,#2679,#2680,#2681,#2682,#2683));
#392=EDGE_LOOP('',(#2684,#2685,#2686,#2687,#2688,#2689,#2690,#2691,#2692,
#2693,#2694,#2695));
#393=EDGE_LOOP('',(#2696,#2697,#2698,#2699));
#394=EDGE_LOOP('',(#2700,#2701,#2702,#2703));
#395=EDGE_LOOP('',(#2704,#2705,#2706,#2707));
#396=EDGE_LOOP('',(#2708,#2709,#2710,#2711));
#397=EDGE_LOOP('',(#2712,#2713,#2714,#2715));
#398=EDGE_LOOP('',(#2716,#2717,#2718,#2719));
#399=EDGE_LOOP('',(#2720,#2721,#2722,#2723));
#400=LINE('',#4003,#802);
#401=LINE('',#4005,#803);
#402=LINE('',#4006,#804);
#403=LINE('',#4010,#805);
#404=LINE('',#4012,#806);
#405=LINE('',#4013,#807);
#406=LINE('',#4017,#808);
#407=LINE('',#4019,#809);
#408=LINE('',#4020,#810);
#409=LINE('',#4022,#811);
#410=LINE('',#4023,#812);
#411=LINE('',#4027,#813);
#412=LINE('',#4029,#814);
#413=LINE('',#4030,#815);
#414=LINE('',#4032,#816);
#415=LINE('',#4033,#817);
#416=LINE('',#4037,#818);
#417=LINE('',#4038,#819);
#418=LINE('',#4039,#820);
#419=LINE('',#4043,#821);
#420=LINE('',#4045,#822);
#421=LINE('',#4046,#823);
#422=LINE('',#4048,#824);
#423=LINE('',#4049,#825);
#424=LINE('',#4051,#826);
#425=LINE('',#4052,#827);
#426=LINE('',#4056,#828);
#427=LINE('',#4058,#829);
#428=LINE('',#4059,#830);
#429=LINE('',#4063,#831);
#430=LINE('',#4065,#832);
#431=LINE('',#4066,#833);
#432=LINE('',#4068,#834);
#433=LINE('',#4069,#835);
#434=LINE('',#4073,#836);
#435=LINE('',#4075,#837);
#436=LINE('',#4076,#838);
#437=LINE('',#4080,#839);
#438=LINE('',#4082,#840);
#439=LINE('',#4083,#841);
#440=LINE('',#4085,#842);
#441=LINE('',#4086,#843);
#442=LINE('',#4089,#844);
#443=LINE('',#4091,#845);
#444=LINE('',#4092,#846);
#445=LINE('',#4096,#847);
#446=LINE('',#4098,#848);
#447=LINE('',#4099,#849);
#448=LINE('',#4101,#850);
#449=LINE('',#4102,#851);
#450=LINE('',#4106,#852);
#451=LINE('',#4108,#853);
#452=LINE('',#4109,#854);
#453=LINE('',#4113,#855);
#454=LINE('',#4115,#856);
#455=LINE('',#4116,#857);
#456=LINE('',#4118,#858);
#457=LINE('',#4119,#859);
#458=LINE('',#4123,#860);
#459=LINE('',#4124,#861);
#460=LINE('',#4125,#862);
#461=LINE('',#4129,#863);
#462=LINE('',#4131,#864);
#463=LINE('',#4132,#865);
#464=LINE('',#4134,#866);
#465=LINE('',#4135,#867);
#466=LINE('',#4137,#868);
#467=LINE('',#4138,#869);
#468=LINE('',#4142,#870);
#469=LINE('',#4144,#871);
#470=LINE('',#4145,#872);
#471=LINE('',#4147,#873);
#472=LINE('',#4148,#874);
#473=LINE('',#4152,#875);
#474=LINE('',#4154,#876);
#475=LINE('',#4155,#877);
#476=LINE('',#4157,#878);
#477=LINE('',#4158,#879);
#478=LINE('',#4160,#880);
#479=LINE('',#4161,#881);
#480=LINE('',#4165,#882);
#481=LINE('',#4167,#883);
#482=LINE('',#4168,#884);
#483=LINE('',#4170,#885);
#484=LINE('',#4171,#886);
#485=LINE('',#4173,#887);
#486=LINE('',#4174,#888);
#487=LINE('',#4176,#889);
#488=LINE('',#4177,#890);
#489=LINE('',#4179,#891);
#490=LINE('',#4180,#892);
#491=LINE('',#4182,#893);
#492=LINE('',#4183,#894);
#493=LINE('',#4185,#895);
#494=LINE('',#4186,#896);
#495=LINE('',#4188,#897);
#496=LINE('',#4189,#898);
#497=LINE('',#4191,#899);
#498=LINE('',#4192,#900);
#499=LINE('',#4194,#901);
#500=LINE('',#4195,#902);
#501=LINE('',#4198,#903);
#502=LINE('',#4200,#904);
#503=LINE('',#4201,#905);
#504=LINE('',#4203,#906);
#505=LINE('',#4204,#907);
#506=LINE('',#4206,#908);
#507=LINE('',#4207,#909);
#508=LINE('',#4210,#910);
#509=LINE('',#4212,#911);
#510=LINE('',#4214,#912);
#511=LINE('',#4216,#913);
#512=LINE('',#4218,#914);
#513=LINE('',#4220,#915);
#514=LINE('',#4221,#916);
#515=LINE('',#4223,#917);
#516=LINE('',#4229,#918);
#517=LINE('',#4231,#919);
#518=LINE('',#4233,#920);
#519=LINE('',#4234,#921);
#520=LINE('',#4240,#922);
#521=LINE('',#4242,#923);
#522=LINE('',#4244,#924);
#523=LINE('',#4246,#925);
#524=LINE('',#4248,#926);
#525=LINE('',#4250,#927);
#526=LINE('',#4252,#928);
#527=LINE('',#4254,#929);
#528=LINE('',#4256,#930);
#529=LINE('',#4258,#931);
#530=LINE('',#4260,#932);
#531=LINE('',#4262,#933);
#532=LINE('',#4264,#934);
#533=LINE('',#4266,#935);
#534=LINE('',#4268,#936);
#535=LINE('',#4269,#937);
#536=LINE('',#4272,#938);
#537=LINE('',#4274,#939);
#538=LINE('',#4276,#940);
#539=LINE('',#4278,#941);
#540=LINE('',#4280,#942);
#541=LINE('',#4282,#943);
#542=LINE('',#4284,#944);
#543=LINE('',#4286,#945);
#544=LINE('',#4288,#946);
#545=LINE('',#4290,#947);
#546=LINE('',#4292,#948);
#547=LINE('',#4294,#949);
#548=LINE('',#4296,#950);
#549=LINE('',#4298,#951);
#550=LINE('',#4300,#952);
#551=LINE('',#4301,#953);
#552=LINE('',#4308,#954);
#553=LINE('',#4312,#955);
#554=LINE('',#4317,#956);
#555=LINE('',#4321,#957);
#556=LINE('',#4326,#958);
#557=LINE('',#4330,#959);
#558=LINE('',#4335,#960);
#559=LINE('',#4339,#961);
#560=LINE('',#4344,#962);
#561=LINE('',#4348,#963);
#562=LINE('',#4353,#964);
#563=LINE('',#4357,#965);
#564=LINE('',#4361,#966);
#565=LINE('',#4363,#967);
#566=LINE('',#4365,#968);
#567=LINE('',#4366,#969);
#568=LINE('',#4369,#970);
#569=LINE('',#4371,#971);
#570=LINE('',#4372,#972);
#571=LINE('',#4375,#973);
#572=LINE('',#4376,#974);
#573=LINE('',#4380,#975);
#574=LINE('',#4382,#976);
#575=LINE('',#4384,#977);
#576=LINE('',#4385,#978);
#577=LINE('',#4388,#979);
#578=LINE('',#4390,#980);
#579=LINE('',#4391,#981);
#580=LINE('',#4394,#982);
#581=LINE('',#4395,#983);
#582=LINE('',#4399,#984);
#583=LINE('',#4401,#985);
#584=LINE('',#4403,#986);
#585=LINE('',#4404,#987);
#586=LINE('',#4407,#988);
#587=LINE('',#4409,#989);
#588=LINE('',#4410,#990);
#589=LINE('',#4413,#991);
#590=LINE('',#4414,#992);
#591=LINE('',#4418,#993);
#592=LINE('',#4420,#994);
#593=LINE('',#4422,#995);
#594=LINE('',#4423,#996);
#595=LINE('',#4426,#997);
#596=LINE('',#4428,#998);
#597=LINE('',#4429,#999);
#598=LINE('',#4432,#1000);
#599=LINE('',#4433,#1001);
#600=LINE('',#4436,#1002);
#601=LINE('',#4438,#1003);
#602=LINE('',#4440,#1004);
#603=LINE('',#4441,#1005);
#604=LINE('',#4444,#1006);
#605=LINE('',#4446,#1007);
#606=LINE('',#4448,#1008);
#607=LINE('',#4449,#1009);
#608=LINE('',#4452,#1010);
#609=LINE('',#4454,#1011);
#610=LINE('',#4456,#1012);
#611=LINE('',#4458,#1013);
#612=LINE('',#4460,#1014);
#613=LINE('',#4462,#1015);
#614=LINE('',#4463,#1016);
#615=LINE('',#4465,#1017);
#616=LINE('',#4469,#1018);
#617=LINE('',#4471,#1019);
#618=LINE('',#4473,#1020);
#619=LINE('',#4475,#1021);
#620=LINE('',#4476,#1022);
#621=LINE('',#4478,#1023);
#622=LINE('',#4480,#1024);
#623=LINE('',#4482,#1025);
#624=LINE('',#4484,#1026);
#625=LINE('',#4486,#1027);
#626=LINE('',#4489,#1028);
#627=LINE('',#4492,#1029);
#628=LINE('',#4494,#1030);
#629=LINE('',#4496,#1031);
#630=LINE('',#4498,#1032);
#631=LINE('',#4500,#1033);
#632=LINE('',#4502,#1034);
#633=LINE('',#4503,#1035);
#634=LINE('',#4506,#1036);
#635=LINE('',#4507,#1037);
#636=LINE('',#4510,#1038);
#637=LINE('',#4512,#1039);
#638=LINE('',#4514,#1040);
#639=LINE('',#4515,#1041);
#640=LINE('',#4518,#1042);
#641=LINE('',#4520,#1043);
#642=LINE('',#4521,#1044);
#643=LINE('',#4524,#1045);
#644=LINE('',#4526,#1046);
#645=LINE('',#4527,#1047);
#646=LINE('',#4529,#1048);
#647=LINE('',#4531,#1049);
#648=LINE('',#4532,#1050);
#649=LINE('',#4536,#1051);
#650=LINE('',#4538,#1052);
#651=LINE('',#4539,#1053);
#652=LINE('',#4541,#1054);
#653=LINE('',#4543,#1055);
#654=LINE('',#4546,#1056);
#655=LINE('',#4548,#1057);
#656=LINE('',#4550,#1058);
#657=LINE('',#4552,#1059);
#658=LINE('',#4553,#1060);
#659=LINE('',#4557,#1061);
#660=LINE('',#4559,#1062);
#661=LINE('',#4561,#1063);
#662=LINE('',#4562,#1064);
#663=LINE('',#4565,#1065);
#664=LINE('',#4567,#1066);
#665=LINE('',#4568,#1067);
#666=LINE('',#4571,#1068);
#667=LINE('',#4573,#1069);
#668=LINE('',#4574,#1070);
#669=LINE('',#4576,#1071);
#670=LINE('',#4577,#1072);
#671=LINE('',#4580,#1073);
#672=LINE('',#4582,#1074);
#673=LINE('',#4584,#1075);
#674=LINE('',#4585,#1076);
#675=LINE('',#4587,#1077);
#676=LINE('',#4589,#1078);
#677=LINE('',#4591,#1079);
#678=LINE('',#4593,#1080);
#679=LINE('',#4594,#1081);
#680=LINE('',#4596,#1082);
#681=LINE('',#4599,#1083);
#682=LINE('',#4601,#1084);
#683=LINE('',#4603,#1085);
#684=LINE('',#4605,#1086);
#685=LINE('',#4607,#1087);
#686=LINE('',#4609,#1088);
#687=LINE('',#4610,#1089);
#688=LINE('',#4615,#1090);
#689=LINE('',#4616,#1091);
#690=LINE('',#4617,#1092);
#691=LINE('',#4619,#1093);
#692=LINE('',#4621,#1094);
#693=LINE('',#4623,#1095);
#694=LINE('',#4627,#1096);
#695=LINE('',#4629,#1097);
#696=LINE('',#4632,#1098);
#697=LINE('',#4635,#1099);
#698=LINE('',#4641,#1100);
#699=LINE('',#4644,#1101);
#700=LINE('',#4647,#1102);
#701=LINE('',#4648,#1103);
#702=LINE('',#4651,#1104);
#703=LINE('',#4652,#1105);
#704=LINE('',#4655,#1106);
#705=LINE('',#4657,#1107);
#706=LINE('',#4659,#1108);
#707=LINE('',#4660,#1109);
#708=LINE('',#4663,#1110);
#709=LINE('',#4665,#1111);
#710=LINE('',#4666,#1112);
#711=LINE('',#4669,#1113);
#712=LINE('',#4671,#1114);
#713=LINE('',#4672,#1115);
#714=LINE('',#4675,#1116);
#715=LINE('',#4676,#1117);
#716=LINE('',#4679,#1118);
#717=LINE('',#4680,#1119);
#718=LINE('',#4683,#1120);
#719=LINE('',#4684,#1121);
#720=LINE('',#4687,#1122);
#721=LINE('',#4688,#1123);
#722=LINE('',#4691,#1124);
#723=LINE('',#4692,#1125);
#724=LINE('',#4694,#1126);
#725=LINE('',#4697,#1127);
#726=LINE('',#4698,#1128);
#727=LINE('',#4701,#1129);
#728=LINE('',#4702,#1130);
#729=LINE('',#4704,#1131);
#730=LINE('',#4705,#1132);
#731=LINE('',#4707,#1133);
#732=LINE('',#4710,#1134);
#733=LINE('',#4711,#1135);
#734=LINE('',#4714,#1136);
#735=LINE('',#4715,#1137);
#736=LINE('',#4718,#1138);
#737=LINE('',#4719,#1139);
#738=LINE('',#4721,#1140);
#739=LINE('',#4724,#1141);
#740=LINE('',#4726,#1142);
#741=LINE('',#4727,#1143);
#742=LINE('',#4730,#1144);
#743=LINE('',#4731,#1145);
#744=LINE('',#4734,#1146);
#745=LINE('',#4736,#1147);
#746=LINE('',#4737,#1148);
#747=LINE('',#4740,#1149);
#748=LINE('',#4741,#1150);
#749=LINE('',#4744,#1151);
#750=LINE('',#4745,#1152);
#751=LINE('',#4748,#1153);
#752=LINE('',#4749,#1154);
#753=LINE('',#4752,#1155);
#754=LINE('',#4753,#1156);
#755=LINE('',#4756,#1157);
#756=LINE('',#4757,#1158);
#757=LINE('',#4760,#1159);
#758=LINE('',#4761,#1160);
#759=LINE('',#4764,#1161);
#760=LINE('',#4765,#1162);
#761=LINE('',#4768,#1163);
#762=LINE('',#4769,#1164);
#763=LINE('',#4772,#1165);
#764=LINE('',#4773,#1166);
#765=LINE('',#4775,#1167);
#766=LINE('',#4776,#1168);
#767=LINE('',#4779,#1169);
#768=LINE('',#4780,#1170);
#769=LINE('',#4782,#1171);
#770=LINE('',#4783,#1172);
#771=LINE('',#4786,#1173);
#772=LINE('',#4789,#1174);
#773=LINE('',#4790,#1175);
#774=LINE('',#4791,#1176);
#775=LINE('',#4793,#1177);
#776=LINE('',#4794,#1178);
#777=LINE('',#4796,#1179);
#778=LINE('',#4797,#1180);
#779=LINE('',#4798,#1181);
#780=LINE('',#4801,#1182);
#781=LINE('',#4802,#1183);
#782=LINE('',#4805,#1184);
#783=LINE('',#4806,#1185);
#784=LINE('',#4808,#1186);
#785=LINE('',#4810,#1187);
#786=LINE('',#4813,#1188);
#787=LINE('',#4815,#1189);
#788=LINE('',#4817,#1190);
#789=LINE('',#4821,#1191);
#790=LINE('',#4823,#1192);
#791=LINE('',#4825,#1193);
#792=LINE('',#4827,#1194);
#793=LINE('',#4829,#1195);
#794=LINE('',#4830,#1196);
#795=LINE('',#4832,#1197);
#796=LINE('',#4833,#1198);
#797=LINE('',#4836,#1199);
#798=LINE('',#4838,#1200);
#799=LINE('',#4840,#1201);
#800=LINE('',#4842,#1202);
#801=LINE('',#4844,#1203);
#802=VECTOR('',#3231,10.);
#803=VECTOR('',#3232,10.);
#804=VECTOR('',#3233,10.);
#805=VECTOR('',#3236,10.);
#806=VECTOR('',#3237,10.);
#807=VECTOR('',#3238,10.);
#808=VECTOR('',#3241,10.);
#809=VECTOR('',#3242,10.);
#810=VECTOR('',#3243,10.);
#811=VECTOR('',#3246,10.);
#812=VECTOR('',#3247,10.);
#813=VECTOR('',#3250,10.);
#814=VECTOR('',#3251,10.);
#815=VECTOR('',#3252,10.);
#816=VECTOR('',#3255,10.);
#817=VECTOR('',#3256,10.);
#818=VECTOR('',#3259,10.);
#819=VECTOR('',#3260,10.);
#820=VECTOR('',#3261,10.);
#821=VECTOR('',#3264,10.);
#822=VECTOR('',#3265,10.);
#823=VECTOR('',#3266,10.);
#824=VECTOR('',#3269,10.);
#825=VECTOR('',#3270,10.);
#826=VECTOR('',#3273,10.);
#827=VECTOR('',#3274,10.);
#828=VECTOR('',#3277,10.);
#829=VECTOR('',#3278,10.);
#830=VECTOR('',#3279,10.);
#831=VECTOR('',#3282,10.);
#832=VECTOR('',#3283,10.);
#833=VECTOR('',#3284,10.);
#834=VECTOR('',#3287,10.);
#835=VECTOR('',#3288,10.);
#836=VECTOR('',#3291,10.);
#837=VECTOR('',#3292,10.);
#838=VECTOR('',#3293,10.);
#839=VECTOR('',#3296,10.);
#840=VECTOR('',#3297,10.);
#841=VECTOR('',#3298,10.);
#842=VECTOR('',#3301,10.);
#843=VECTOR('',#3302,10.);
#844=VECTOR('',#3305,10.);
#845=VECTOR('',#3306,10.);
#846=VECTOR('',#3307,10.);
#847=VECTOR('',#3310,10.);
#848=VECTOR('',#3311,10.);
#849=VECTOR('',#3312,10.);
#850=VECTOR('',#3315,10.);
#851=VECTOR('',#3316,10.);
#852=VECTOR('',#3319,10.);
#853=VECTOR('',#3320,10.);
#854=VECTOR('',#3321,10.);
#855=VECTOR('',#3324,10.);
#856=VECTOR('',#3325,10.);
#857=VECTOR('',#3326,10.);
#858=VECTOR('',#3329,10.);
#859=VECTOR('',#3330,10.);
#860=VECTOR('',#3333,10.);
#861=VECTOR('',#3334,10.);
#862=VECTOR('',#3335,10.);
#863=VECTOR('',#3338,10.);
#864=VECTOR('',#3339,10.);
#865=VECTOR('',#3340,10.);
#866=VECTOR('',#3343,10.);
#867=VECTOR('',#3344,10.);
#868=VECTOR('',#3347,10.);
#869=VECTOR('',#3348,10.);
#870=VECTOR('',#3351,10.);
#871=VECTOR('',#3352,10.);
#872=VECTOR('',#3353,10.);
#873=VECTOR('',#3356,10.);
#874=VECTOR('',#3357,10.);
#875=VECTOR('',#3360,10.);
#876=VECTOR('',#3361,10.);
#877=VECTOR('',#3362,10.);
#878=VECTOR('',#3365,10.);
#879=VECTOR('',#3366,10.);
#880=VECTOR('',#3369,10.);
#881=VECTOR('',#3370,10.);
#882=VECTOR('',#3373,10.);
#883=VECTOR('',#3374,10.);
#884=VECTOR('',#3375,10.);
#885=VECTOR('',#3378,10.);
#886=VECTOR('',#3379,10.);
#887=VECTOR('',#3382,10.);
#888=VECTOR('',#3383,10.);
#889=VECTOR('',#3386,10.);
#890=VECTOR('',#3387,10.);
#891=VECTOR('',#3390,10.);
#892=VECTOR('',#3391,10.);
#893=VECTOR('',#3394,10.);
#894=VECTOR('',#3395,10.);
#895=VECTOR('',#3398,10.);
#896=VECTOR('',#3399,10.);
#897=VECTOR('',#3402,10.);
#898=VECTOR('',#3403,10.);
#899=VECTOR('',#3406,10.);
#900=VECTOR('',#3407,10.);
#901=VECTOR('',#3410,10.);
#902=VECTOR('',#3411,10.);
#903=VECTOR('',#3414,10.);
#904=VECTOR('',#3415,10.);
#905=VECTOR('',#3416,10.);
#906=VECTOR('',#3419,10.);
#907=VECTOR('',#3420,10.);
#908=VECTOR('',#3423,10.);
#909=VECTOR('',#3424,10.);
#910=VECTOR('',#3427,10.);
#911=VECTOR('',#3428,10.);
#912=VECTOR('',#3429,10.);
#913=VECTOR('',#3430,10.);
#914=VECTOR('',#3431,10.);
#915=VECTOR('',#3432,10.);
#916=VECTOR('',#3433,10.);
#917=VECTOR('',#3436,10.);
#918=VECTOR('',#3443,10.);
#919=VECTOR('',#3444,10.);
#920=VECTOR('',#3445,10.);
#921=VECTOR('',#3446,10.);
#922=VECTOR('',#3453,10.);
#923=VECTOR('',#3454,10.);
#924=VECTOR('',#3455,10.);
#925=VECTOR('',#3456,10.);
#926=VECTOR('',#3457,10.);
#927=VECTOR('',#3458,10.);
#928=VECTOR('',#3459,10.);
#929=VECTOR('',#3460,10.);
#930=VECTOR('',#3461,10.);
#931=VECTOR('',#3462,10.);
#932=VECTOR('',#3463,10.);
#933=VECTOR('',#3464,10.);
#934=VECTOR('',#3465,10.);
#935=VECTOR('',#3466,10.);
#936=VECTOR('',#3467,10.);
#937=VECTOR('',#3468,10.);
#938=VECTOR('',#3469,10.);
#939=VECTOR('',#3470,10.);
#940=VECTOR('',#3471,10.);
#941=VECTOR('',#3472,10.);
#942=VECTOR('',#3473,10.);
#943=VECTOR('',#3474,10.);
#944=VECTOR('',#3475,10.);
#945=VECTOR('',#3476,10.);
#946=VECTOR('',#3477,10.);
#947=VECTOR('',#3478,10.);
#948=VECTOR('',#3479,10.);
#949=VECTOR('',#3480,10.);
#950=VECTOR('',#3481,10.);
#951=VECTOR('',#3482,10.);
#952=VECTOR('',#3483,10.);
#953=VECTOR('',#3484,10.);
#954=VECTOR('',#3493,0.40575);
#955=VECTOR('',#3498,0.8115);
#956=VECTOR('',#3503,0.40575);
#957=VECTOR('',#3508,0.8115);
#958=VECTOR('',#3513,0.40575);
#959=VECTOR('',#3518,0.8115);
#960=VECTOR('',#3523,0.40575);
#961=VECTOR('',#3528,0.8115);
#962=VECTOR('',#3533,0.40575);
#963=VECTOR('',#3538,0.8115);
#964=VECTOR('',#3543,0.40575);
#965=VECTOR('',#3548,0.8115);
#966=VECTOR('',#3551,10.);
#967=VECTOR('',#3552,10.);
#968=VECTOR('',#3553,10.);
#969=VECTOR('',#3554,10.);
#970=VECTOR('',#3557,10.);
#971=VECTOR('',#3558,10.);
#972=VECTOR('',#3559,10.);
#973=VECTOR('',#3562,10.);
#974=VECTOR('',#3563,10.);
#975=VECTOR('',#3566,10.);
#976=VECTOR('',#3567,10.);
#977=VECTOR('',#3568,10.);
#978=VECTOR('',#3569,10.);
#979=VECTOR('',#3572,10.);
#980=VECTOR('',#3573,10.);
#981=VECTOR('',#3574,10.);
#982=VECTOR('',#3577,10.);
#983=VECTOR('',#3578,10.);
#984=VECTOR('',#3581,10.);
#985=VECTOR('',#3582,10.);
#986=VECTOR('',#3583,10.);
#987=VECTOR('',#3584,10.);
#988=VECTOR('',#3587,10.);
#989=VECTOR('',#3588,10.);
#990=VECTOR('',#3589,10.);
#991=VECTOR('',#3592,10.);
#992=VECTOR('',#3593,10.);
#993=VECTOR('',#3596,10.);
#994=VECTOR('',#3597,10.);
#995=VECTOR('',#3598,10.);
#996=VECTOR('',#3599,10.);
#997=VECTOR('',#3602,10.);
#998=VECTOR('',#3603,10.);
#999=VECTOR('',#3604,10.);
#1000=VECTOR('',#3607,10.);
#1001=VECTOR('',#3608,10.);
#1002=VECTOR('',#3611,10.);
#1003=VECTOR('',#3612,10.);
#1004=VECTOR('',#3613,10.);
#1005=VECTOR('',#3614,10.);
#1006=VECTOR('',#3617,10.);
#1007=VECTOR('',#3618,10.);
#1008=VECTOR('',#3619,10.);
#1009=VECTOR('',#3620,10.);
#1010=VECTOR('',#3623,10.);
#1011=VECTOR('',#3624,10.);
#1012=VECTOR('',#3625,10.);
#1013=VECTOR('',#3626,10.);
#1014=VECTOR('',#3627,10.);
#1015=VECTOR('',#3628,10.);
#1016=VECTOR('',#3629,10.);
#1017=VECTOR('',#3630,10.);
#1018=VECTOR('',#3633,10.);
#1019=VECTOR('',#3634,10.);
#1020=VECTOR('',#3635,10.);
#1021=VECTOR('',#3636,10.);
#1022=VECTOR('',#3637,10.);
#1023=VECTOR('',#3638,10.);
#1024=VECTOR('',#3639,10.);
#1025=VECTOR('',#3640,10.);
#1026=VECTOR('',#3641,10.);
#1027=VECTOR('',#3642,10.);
#1028=VECTOR('',#3645,10.);
#1029=VECTOR('',#3648,10.);
#1030=VECTOR('',#3649,10.);
#1031=VECTOR('',#3650,10.);
#1032=VECTOR('',#3651,10.);
#1033=VECTOR('',#3652,10.);
#1034=VECTOR('',#3653,10.);
#1035=VECTOR('',#3654,10.);
#1036=VECTOR('',#3657,10.);
#1037=VECTOR('',#3658,10.);
#1038=VECTOR('',#3661,10.);
#1039=VECTOR('',#3662,10.);
#1040=VECTOR('',#3663,10.);
#1041=VECTOR('',#3664,10.);
#1042=VECTOR('',#3667,10.);
#1043=VECTOR('',#3668,10.);
#1044=VECTOR('',#3669,10.);
#1045=VECTOR('',#3672,10.);
#1046=VECTOR('',#3673,10.);
#1047=VECTOR('',#3674,10.);
#1048=VECTOR('',#3677,10.);
#1049=VECTOR('',#3680,10.);
#1050=VECTOR('',#3681,10.);
#1051=VECTOR('',#3686,10.);
#1052=VECTOR('',#3687,10.);
#1053=VECTOR('',#3688,10.);
#1054=VECTOR('',#3691,10.);
#1055=VECTOR('',#3694,10.);
#1056=VECTOR('',#3697,10.);
#1057=VECTOR('',#3698,10.);
#1058=VECTOR('',#3699,10.);
#1059=VECTOR('',#3700,10.);
#1060=VECTOR('',#3701,10.);
#1061=VECTOR('',#3704,10.);
#1062=VECTOR('',#3705,10.);
#1063=VECTOR('',#3706,10.);
#1064=VECTOR('',#3707,10.);
#1065=VECTOR('',#3710,10.);
#1066=VECTOR('',#3711,10.);
#1067=VECTOR('',#3712,10.);
#1068=VECTOR('',#3715,10.);
#1069=VECTOR('',#3716,10.);
#1070=VECTOR('',#3717,10.);
#1071=VECTOR('',#3720,10.);
#1072=VECTOR('',#3721,10.);
#1073=VECTOR('',#3726,10.);
#1074=VECTOR('',#3727,10.);
#1075=VECTOR('',#3728,10.);
#1076=VECTOR('',#3729,10.);
#1077=VECTOR('',#3730,10.);
#1078=VECTOR('',#3731,10.);
#1079=VECTOR('',#3732,10.);
#1080=VECTOR('',#3733,10.);
#1081=VECTOR('',#3734,10.);
#1082=VECTOR('',#3737,10.);
#1083=VECTOR('',#3740,10.);
#1084=VECTOR('',#3741,10.);
#1085=VECTOR('',#3742,10.);
#1086=VECTOR('',#3743,10.);
#1087=VECTOR('',#3744,10.);
#1088=VECTOR('',#3745,10.);
#1089=VECTOR('',#3746,10.);
#1090=VECTOR('',#3751,10.);
#1091=VECTOR('',#3752,10.);
#1092=VECTOR('',#3753,10.);
#1093=VECTOR('',#3756,10.);
#1094=VECTOR('',#3759,10.);
#1095=VECTOR('',#3762,10.);
#1096=VECTOR('',#3767,10.);
#1097=VECTOR('',#3770,10.);
#1098=VECTOR('',#3773,10.);
#1099=VECTOR('',#3778,10.);
#1100=VECTOR('',#3783,10.);
#1101=VECTOR('',#3786,10.);
#1102=VECTOR('',#3789,10.);
#1103=VECTOR('',#3790,10.);
#1104=VECTOR('',#3793,10.);
#1105=VECTOR('',#3794,10.);
#1106=VECTOR('',#3797,10.);
#1107=VECTOR('',#3798,10.);
#1108=VECTOR('',#3799,10.);
#1109=VECTOR('',#3800,10.);
#1110=VECTOR('',#3803,10.);
#1111=VECTOR('',#3804,10.);
#1112=VECTOR('',#3805,10.);
#1113=VECTOR('',#3808,10.);
#1114=VECTOR('',#3809,10.);
#1115=VECTOR('',#3810,10.);
#1116=VECTOR('',#3813,10.);
#1117=VECTOR('',#3814,10.);
#1118=VECTOR('',#3817,10.);
#1119=VECTOR('',#3818,10.);
#1120=VECTOR('',#3821,10.);
#1121=VECTOR('',#3822,10.);
#1122=VECTOR('',#3825,10.);
#1123=VECTOR('',#3826,10.);
#1124=VECTOR('',#3829,10.);
#1125=VECTOR('',#3830,10.);
#1126=VECTOR('',#3833,10.);
#1127=VECTOR('',#3836,10.);
#1128=VECTOR('',#3837,10.);
#1129=VECTOR('',#3840,10.);
#1130=VECTOR('',#3841,10.);
#1131=VECTOR('',#3844,10.);
#1132=VECTOR('',#3845,10.);
#1133=VECTOR('',#3848,10.);
#1134=VECTOR('',#3851,10.);
#1135=VECTOR('',#3852,10.);
#1136=VECTOR('',#3855,10.);
#1137=VECTOR('',#3856,10.);
#1138=VECTOR('',#3859,10.);
#1139=VECTOR('',#3860,10.);
#1140=VECTOR('',#3863,10.);
#1141=VECTOR('',#3866,10.);
#1142=VECTOR('',#3867,10.);
#1143=VECTOR('',#3868,10.);
#1144=VECTOR('',#3871,10.);
#1145=VECTOR('',#3872,10.);
#1146=VECTOR('',#3875,10.);
#1147=VECTOR('',#3876,10.);
#1148=VECTOR('',#3877,10.);
#1149=VECTOR('',#3880,10.);
#1150=VECTOR('',#3881,10.);
#1151=VECTOR('',#3884,10.);
#1152=VECTOR('',#3885,10.);
#1153=VECTOR('',#3888,10.);
#1154=VECTOR('',#3889,10.);
#1155=VECTOR('',#3892,10.);
#1156=VECTOR('',#3893,10.);
#1157=VECTOR('',#3896,10.);
#1158=VECTOR('',#3897,10.);
#1159=VECTOR('',#3900,10.);
#1160=VECTOR('',#3901,10.);
#1161=VECTOR('',#3904,10.);
#1162=VECTOR('',#3905,10.);
#1163=VECTOR('',#3908,10.);
#1164=VECTOR('',#3909,10.);
#1165=VECTOR('',#3912,10.);
#1166=VECTOR('',#3913,10.);
#1167=VECTOR('',#3916,10.);
#1168=VECTOR('',#3917,10.);
#1169=VECTOR('',#3920,10.);
#1170=VECTOR('',#3921,10.);
#1171=VECTOR('',#3924,10.);
#1172=VECTOR('',#3925,10.);
#1173=VECTOR('',#3930,10.);
#1174=VECTOR('',#3933,10.);
#1175=VECTOR('',#3934,10.);
#1176=VECTOR('',#3935,10.);
#1177=VECTOR('',#3936,10.);
#1178=VECTOR('',#3937,10.);
#1179=VECTOR('',#3938,10.);
#1180=VECTOR('',#3939,10.);
#1181=VECTOR('',#3940,10.);
#1182=VECTOR('',#3943,10.);
#1183=VECTOR('',#3944,10.);
#1184=VECTOR('',#3947,10.);
#1185=VECTOR('',#3948,10.);
#1186=VECTOR('',#3951,10.);
#1187=VECTOR('',#3954,10.);
#1188=VECTOR('',#3959,10.);
#1189=VECTOR('',#3962,10.);
#1190=VECTOR('',#3965,10.);
#1191=VECTOR('',#3970,10.);
#1192=VECTOR('',#3971,10.);
#1193=VECTOR('',#3972,10.);
#1194=VECTOR('',#3973,10.);
#1195=VECTOR('',#3974,10.);
#1196=VECTOR('',#3975,10.);
#1197=VECTOR('',#3978,10.);
#1198=VECTOR('',#3979,10.);
#1199=VECTOR('',#3984,10.);
#1200=VECTOR('',#3987,10.);
#1201=VECTOR('',#3990,10.);
#1202=VECTOR('',#3993,10.);
#1203=VECTOR('',#3996,10.);
#1204=VERTEX_POINT('',#4001);
#1205=VERTEX_POINT('',#4002);
#1206=VERTEX_POINT('',#4004);
#1207=VERTEX_POINT('',#4008);
#1208=VERTEX_POINT('',#4009);
#1209=VERTEX_POINT('',#4011);
#1210=VERTEX_POINT('',#4015);
#1211=VERTEX_POINT('',#4016);
#1212=VERTEX_POINT('',#4018);
#1213=VERTEX_POINT('',#4025);
#1214=VERTEX_POINT('',#4026);
#1215=VERTEX_POINT('',#4028);
#1216=VERTEX_POINT('',#4035);
#1217=VERTEX_POINT('',#4036);
#1218=VERTEX_POINT('',#4041);
#1219=VERTEX_POINT('',#4042);
#1220=VERTEX_POINT('',#4044);
#1221=VERTEX_POINT('',#4054);
#1222=VERTEX_POINT('',#4055);
#1223=VERTEX_POINT('',#4057);
#1224=VERTEX_POINT('',#4061);
#1225=VERTEX_POINT('',#4062);
#1226=VERTEX_POINT('',#4064);
#1227=VERTEX_POINT('',#4071);
#1228=VERTEX_POINT('',#4072);
#1229=VERTEX_POINT('',#4074);
#1230=VERTEX_POINT('',#4078);
#1231=VERTEX_POINT('',#4079);
#1232=VERTEX_POINT('',#4081);
#1233=VERTEX_POINT('',#4088);
#1234=VERTEX_POINT('',#4090);
#1235=VERTEX_POINT('',#4094);
#1236=VERTEX_POINT('',#4095);
#1237=VERTEX_POINT('',#4097);
#1238=VERTEX_POINT('',#4104);
#1239=VERTEX_POINT('',#4105);
#1240=VERTEX_POINT('',#4107);
#1241=VERTEX_POINT('',#4111);
#1242=VERTEX_POINT('',#4112);
#1243=VERTEX_POINT('',#4114);
#1244=VERTEX_POINT('',#4121);
#1245=VERTEX_POINT('',#4122);
#1246=VERTEX_POINT('',#4127);
#1247=VERTEX_POINT('',#4128);
#1248=VERTEX_POINT('',#4130);
#1249=VERTEX_POINT('',#4140);
#1250=VERTEX_POINT('',#4141);
#1251=VERTEX_POINT('',#4143);
#1252=VERTEX_POINT('',#4150);
#1253=VERTEX_POINT('',#4151);
#1254=VERTEX_POINT('',#4153);
#1255=VERTEX_POINT('',#4163);
#1256=VERTEX_POINT('',#4164);
#1257=VERTEX_POINT('',#4166);
#1258=VERTEX_POINT('',#4197);
#1259=VERTEX_POINT('',#4199);
#1260=VERTEX_POINT('',#4209);
#1261=VERTEX_POINT('',#4211);
#1262=VERTEX_POINT('',#4213);
#1263=VERTEX_POINT('',#4215);
#1264=VERTEX_POINT('',#4217);
#1265=VERTEX_POINT('',#4219);
#1266=VERTEX_POINT('',#4227);
#1267=VERTEX_POINT('',#4228);
#1268=VERTEX_POINT('',#4230);
#1269=VERTEX_POINT('',#4232);
#1270=VERTEX_POINT('',#4238);
#1271=VERTEX_POINT('',#4239);
#1272=VERTEX_POINT('',#4241);
#1273=VERTEX_POINT('',#4243);
#1274=VERTEX_POINT('',#4245);
#1275=VERTEX_POINT('',#4247);
#1276=VERTEX_POINT('',#4249);
#1277=VERTEX_POINT('',#4251);
#1278=VERTEX_POINT('',#4253);
#1279=VERTEX_POINT('',#4255);
#1280=VERTEX_POINT('',#4257);
#1281=VERTEX_POINT('',#4259);
#1282=VERTEX_POINT('',#4261);
#1283=VERTEX_POINT('',#4263);
#1284=VERTEX_POINT('',#4265);
#1285=VERTEX_POINT('',#4267);
#1286=VERTEX_POINT('',#4270);
#1287=VERTEX_POINT('',#4271);
#1288=VERTEX_POINT('',#4273);
#1289=VERTEX_POINT('',#4275);
#1290=VERTEX_POINT('',#4277);
#1291=VERTEX_POINT('',#4279);
#1292=VERTEX_POINT('',#4281);
#1293=VERTEX_POINT('',#4283);
#1294=VERTEX_POINT('',#4285);
#1295=VERTEX_POINT('',#4287);
#1296=VERTEX_POINT('',#4289);
#1297=VERTEX_POINT('',#4291);
#1298=VERTEX_POINT('',#4293);
#1299=VERTEX_POINT('',#4295);
#1300=VERTEX_POINT('',#4297);
#1301=VERTEX_POINT('',#4299);
#1302=VERTEX_POINT('',#4305);
#1303=VERTEX_POINT('',#4307);
#1304=VERTEX_POINT('',#4310);
#1305=VERTEX_POINT('',#4314);
#1306=VERTEX_POINT('',#4316);
#1307=VERTEX_POINT('',#4319);
#1308=VERTEX_POINT('',#4323);
#1309=VERTEX_POINT('',#4325);
#1310=VERTEX_POINT('',#4328);
#1311=VERTEX_POINT('',#4332);
#1312=VERTEX_POINT('',#4334);
#1313=VERTEX_POINT('',#4337);
#1314=VERTEX_POINT('',#4341);
#1315=VERTEX_POINT('',#4343);
#1316=VERTEX_POINT('',#4346);
#1317=VERTEX_POINT('',#4350);
#1318=VERTEX_POINT('',#4352);
#1319=VERTEX_POINT('',#4355);
#1320=VERTEX_POINT('',#4359);
#1321=VERTEX_POINT('',#4360);
#1322=VERTEX_POINT('',#4362);
#1323=VERTEX_POINT('',#4364);
#1324=VERTEX_POINT('',#4368);
#1325=VERTEX_POINT('',#4370);
#1326=VERTEX_POINT('',#4374);
#1327=VERTEX_POINT('',#4378);
#1328=VERTEX_POINT('',#4379);
#1329=VERTEX_POINT('',#4381);
#1330=VERTEX_POINT('',#4383);
#1331=VERTEX_POINT('',#4387);
#1332=VERTEX_POINT('',#4389);
#1333=VERTEX_POINT('',#4393);
#1334=VERTEX_POINT('',#4397);
#1335=VERTEX_POINT('',#4398);
#1336=VERTEX_POINT('',#4400);
#1337=VERTEX_POINT('',#4402);
#1338=VERTEX_POINT('',#4406);
#1339=VERTEX_POINT('',#4408);
#1340=VERTEX_POINT('',#4412);
#1341=VERTEX_POINT('',#4416);
#1342=VERTEX_POINT('',#4417);
#1343=VERTEX_POINT('',#4419);
#1344=VERTEX_POINT('',#4421);
#1345=VERTEX_POINT('',#4425);
#1346=VERTEX_POINT('',#4427);
#1347=VERTEX_POINT('',#4431);
#1348=VERTEX_POINT('',#4435);
#1349=VERTEX_POINT('',#4437);
#1350=VERTEX_POINT('',#4439);
#1351=VERTEX_POINT('',#4443);
#1352=VERTEX_POINT('',#4445);
#1353=VERTEX_POINT('',#4447);
#1354=VERTEX_POINT('',#4451);
#1355=VERTEX_POINT('',#4453);
#1356=VERTEX_POINT('',#4455);
#1357=VERTEX_POINT('',#4457);
#1358=VERTEX_POINT('',#4459);
#1359=VERTEX_POINT('',#4461);
#1360=VERTEX_POINT('',#4464);
#1361=VERTEX_POINT('',#4466);
#1362=VERTEX_POINT('',#4468);
#1363=VERTEX_POINT('',#4470);
#1364=VERTEX_POINT('',#4472);
#1365=VERTEX_POINT('',#4474);
#1366=VERTEX_POINT('',#4477);
#1367=VERTEX_POINT('',#4479);
#1368=VERTEX_POINT('',#4481);
#1369=VERTEX_POINT('',#4483);
#1370=VERTEX_POINT('',#4485);
#1371=VERTEX_POINT('',#4487);
#1372=VERTEX_POINT('',#4491);
#1373=VERTEX_POINT('',#4493);
#1374=VERTEX_POINT('',#4495);
#1375=VERTEX_POINT('',#4497);
#1376=VERTEX_POINT('',#4499);
#1377=VERTEX_POINT('',#4501);
#1378=VERTEX_POINT('',#4505);
#1379=VERTEX_POINT('',#4509);
#1380=VERTEX_POINT('',#4511);
#1381=VERTEX_POINT('',#4513);
#1382=VERTEX_POINT('',#4517);
#1383=VERTEX_POINT('',#4519);
#1384=VERTEX_POINT('',#4523);
#1385=VERTEX_POINT('',#4525);
#1386=VERTEX_POINT('',#4535);
#1387=VERTEX_POINT('',#4537);
#1388=VERTEX_POINT('',#4545);
#1389=VERTEX_POINT('',#4547);
#1390=VERTEX_POINT('',#4549);
#1391=VERTEX_POINT('',#4551);
#1392=VERTEX_POINT('',#4555);
#1393=VERTEX_POINT('',#4556);
#1394=VERTEX_POINT('',#4558);
#1395=VERTEX_POINT('',#4560);
#1396=VERTEX_POINT('',#4564);
#1397=VERTEX_POINT('',#4566);
#1398=VERTEX_POINT('',#4570);
#1399=VERTEX_POINT('',#4572);
#1400=VERTEX_POINT('',#4581);
#1401=VERTEX_POINT('',#4583);
#1402=VERTEX_POINT('',#4586);
#1403=VERTEX_POINT('',#4588);
#1404=VERTEX_POINT('',#4590);
#1405=VERTEX_POINT('',#4592);
#1406=VERTEX_POINT('',#4598);
#1407=VERTEX_POINT('',#4600);
#1408=VERTEX_POINT('',#4602);
#1409=VERTEX_POINT('',#4604);
#1410=VERTEX_POINT('',#4606);
#1411=VERTEX_POINT('',#4608);
#1412=VERTEX_POINT('',#4613);
#1413=VERTEX_POINT('',#4614);
#1414=VERTEX_POINT('',#4625);
#1415=VERTEX_POINT('',#4631);
#1416=VERTEX_POINT('',#4637);
#1417=VERTEX_POINT('',#4638);
#1418=VERTEX_POINT('',#4640);
#1419=VERTEX_POINT('',#4642);
#1420=VERTEX_POINT('',#4646);
#1421=VERTEX_POINT('',#4650);
#1422=VERTEX_POINT('',#4654);
#1423=VERTEX_POINT('',#4656);
#1424=VERTEX_POINT('',#4658);
#1425=VERTEX_POINT('',#4662);
#1426=VERTEX_POINT('',#4664);
#1427=VERTEX_POINT('',#4668);
#1428=VERTEX_POINT('',#4670);
#1429=VERTEX_POINT('',#4674);
#1430=VERTEX_POINT('',#4678);
#1431=VERTEX_POINT('',#4682);
#1432=VERTEX_POINT('',#4686);
#1433=VERTEX_POINT('',#4690);
#1434=VERTEX_POINT('',#4696);
#1435=VERTEX_POINT('',#4700);
#1436=VERTEX_POINT('',#4709);
#1437=VERTEX_POINT('',#4713);
#1438=VERTEX_POINT('',#4717);
#1439=VERTEX_POINT('',#4723);
#1440=VERTEX_POINT('',#4725);
#1441=VERTEX_POINT('',#4729);
#1442=VERTEX_POINT('',#4733);
#1443=VERTEX_POINT('',#4735);
#1444=VERTEX_POINT('',#4739);
#1445=VERTEX_POINT('',#4743);
#1446=VERTEX_POINT('',#4747);
#1447=VERTEX_POINT('',#4751);
#1448=VERTEX_POINT('',#4755);
#1449=VERTEX_POINT('',#4759);
#1450=VERTEX_POINT('',#4763);
#1451=VERTEX_POINT('',#4767);
#1452=VERTEX_POINT('',#4771);
#1453=VERTEX_POINT('',#4778);
#1454=VERTEX_POINT('',#4788);
#1455=VERTEX_POINT('',#4792);
#1456=VERTEX_POINT('',#4795);
#1457=VERTEX_POINT('',#4800);
#1458=VERTEX_POINT('',#4804);
#1459=VERTEX_POINT('',#4820);
#1460=VERTEX_POINT('',#4822);
#1461=VERTEX_POINT('',#4824);
#1462=VERTEX_POINT('',#4826);
#1463=VERTEX_POINT('',#4828);
#1464=EDGE_CURVE('',#1204,#1205,#400,.T.);
#1465=EDGE_CURVE('',#1206,#1204,#401,.T.);
#1466=EDGE_CURVE('',#1205,#1206,#402,.T.);
#1467=EDGE_CURVE('',#1207,#1208,#403,.T.);
#1468=EDGE_CURVE('',#1209,#1207,#404,.T.);
#1469=EDGE_CURVE('',#1208,#1209,#405,.T.);
#1470=EDGE_CURVE('',#1210,#1211,#406,.T.);
#1471=EDGE_CURVE('',#1212,#1210,#407,.T.);
#1472=EDGE_CURVE('',#1211,#1212,#408,.T.);
#1473=EDGE_CURVE('',#1210,#1205,#409,.T.);
#1474=EDGE_CURVE('',#1206,#1212,#410,.T.);
#1475=EDGE_CURVE('',#1213,#1214,#411,.T.);
#1476=EDGE_CURVE('',#1215,#1213,#412,.T.);
#1477=EDGE_CURVE('',#1214,#1215,#413,.T.);
#1478=EDGE_CURVE('',#1213,#1204,#414,.T.);
#1479=EDGE_CURVE('',#1205,#1215,#415,.T.);
#1480=EDGE_CURVE('',#1216,#1217,#416,.T.);
#1481=EDGE_CURVE('',#1217,#1209,#417,.T.);
#1482=EDGE_CURVE('',#1207,#1216,#418,.T.);
#1483=EDGE_CURVE('',#1218,#1219,#419,.T.);
#1484=EDGE_CURVE('',#1220,#1218,#420,.T.);
#1485=EDGE_CURVE('',#1219,#1220,#421,.T.);
#1486=EDGE_CURVE('',#1218,#1207,#422,.T.);
#1487=EDGE_CURVE('',#1208,#1220,#423,.T.);
#1488=EDGE_CURVE('',#1214,#1219,#424,.T.);
#1489=EDGE_CURVE('',#1220,#1213,#425,.T.);
#1490=EDGE_CURVE('',#1221,#1222,#426,.T.);
#1491=EDGE_CURVE('',#1223,#1221,#427,.T.);
#1492=EDGE_CURVE('',#1222,#1223,#428,.T.);
#1493=EDGE_CURVE('',#1224,#1225,#429,.T.);
#1494=EDGE_CURVE('',#1226,#1224,#430,.T.);
#1495=EDGE_CURVE('',#1225,#1226,#431,.T.);
#1496=EDGE_CURVE('',#1224,#1210,#432,.T.);
#1497=EDGE_CURVE('',#1211,#1226,#433,.T.);
#1498=EDGE_CURVE('',#1227,#1228,#434,.T.);
#1499=EDGE_CURVE('',#1229,#1227,#435,.T.);
#1500=EDGE_CURVE('',#1228,#1229,#436,.T.);
#1501=EDGE_CURVE('',#1230,#1231,#437,.T.);
#1502=EDGE_CURVE('',#1232,#1230,#438,.T.);
#1503=EDGE_CURVE('',#1231,#1232,#439,.T.);
#1504=EDGE_CURVE('',#1230,#1223,#440,.T.);
#1505=EDGE_CURVE('',#1221,#1232,#441,.T.);
#1506=EDGE_CURVE('',#1233,#1231,#442,.T.);
#1507=EDGE_CURVE('',#1232,#1234,#443,.T.);
#1508=EDGE_CURVE('',#1234,#1233,#444,.T.);
#1509=EDGE_CURVE('',#1235,#1236,#445,.T.);
#1510=EDGE_CURVE('',#1237,#1235,#446,.T.);
#1511=EDGE_CURVE('',#1236,#1237,#447,.T.);
#1512=EDGE_CURVE('',#1235,#1222,#448,.T.);
#1513=EDGE_CURVE('',#1223,#1237,#449,.T.);
#1514=EDGE_CURVE('',#1238,#1239,#450,.T.);
#1515=EDGE_CURVE('',#1240,#1238,#451,.T.);
#1516=EDGE_CURVE('',#1239,#1240,#452,.T.);
#1517=EDGE_CURVE('',#1241,#1242,#453,.T.);
#1518=EDGE_CURVE('',#1243,#1241,#454,.T.);
#1519=EDGE_CURVE('',#1242,#1243,#455,.T.);
#1520=EDGE_CURVE('',#1241,#1227,#456,.T.);
#1521=EDGE_CURVE('',#1228,#1243,#457,.T.);
#1522=EDGE_CURVE('',#1244,#1245,#458,.T.);
#1523=EDGE_CURVE('',#1245,#1242,#459,.T.);
#1524=EDGE_CURVE('',#1243,#1244,#460,.T.);
#1525=EDGE_CURVE('',#1246,#1247,#461,.T.);
#1526=EDGE_CURVE('',#1248,#1246,#462,.T.);
#1527=EDGE_CURVE('',#1247,#1248,#463,.T.);
#1528=EDGE_CURVE('',#1234,#1248,#464,.T.);
#1529=EDGE_CURVE('',#1246,#1233,#465,.T.);
#1530=EDGE_CURVE('',#1238,#1247,#466,.T.);
#1531=EDGE_CURVE('',#1248,#1240,#467,.T.);
#1532=EDGE_CURVE('',#1249,#1250,#468,.T.);
#1533=EDGE_CURVE('',#1251,#1249,#469,.T.);
#1534=EDGE_CURVE('',#1250,#1251,#470,.T.);
#1535=EDGE_CURVE('',#1231,#1251,#471,.T.);
#1536=EDGE_CURVE('',#1249,#1230,#472,.T.);
#1537=EDGE_CURVE('',#1252,#1253,#473,.T.);
#1538=EDGE_CURVE('',#1254,#1252,#474,.T.);
#1539=EDGE_CURVE('',#1253,#1254,#475,.T.);
#1540=EDGE_CURVE('',#1252,#1238,#476,.T.);
#1541=EDGE_CURVE('',#1239,#1254,#477,.T.);
#1542=EDGE_CURVE('',#1242,#1253,#478,.T.);
#1543=EDGE_CURVE('',#1254,#1241,#479,.T.);
#1544=EDGE_CURVE('',#1255,#1256,#480,.T.);
#1545=EDGE_CURVE('',#1257,#1255,#481,.T.);
#1546=EDGE_CURVE('',#1256,#1257,#482,.T.);
#1547=EDGE_CURVE('',#1255,#1246,#483,.T.);
#1548=EDGE_CURVE('',#1247,#1257,#484,.T.);
#1549=EDGE_CURVE('',#1253,#1256,#485,.T.);
#1550=EDGE_CURVE('',#1257,#1252,#486,.T.);
#1551=EDGE_CURVE('',#1256,#1250,#487,.T.);
#1552=EDGE_CURVE('',#1251,#1255,#488,.T.);
#1553=EDGE_CURVE('',#1250,#1236,#489,.T.);
#1554=EDGE_CURVE('',#1237,#1249,#490,.T.);
#1555=EDGE_CURVE('',#1227,#1239,#491,.T.);
#1556=EDGE_CURVE('',#1240,#1229,#492,.T.);
#1557=EDGE_CURVE('',#1236,#1225,#493,.T.);
#1558=EDGE_CURVE('',#1226,#1235,#494,.T.);
#1559=EDGE_CURVE('',#1244,#1218,#495,.T.);
#1560=EDGE_CURVE('',#1219,#1245,#496,.T.);
#1561=EDGE_CURVE('',#1216,#1228,#497,.T.);
#1562=EDGE_CURVE('',#1229,#1217,#498,.T.);
#1563=EDGE_CURVE('',#1225,#1214,#499,.T.);
#1564=EDGE_CURVE('',#1215,#1224,#500,.T.);
#1565=EDGE_CURVE('',#1258,#1221,#501,.T.);
#1566=EDGE_CURVE('',#1222,#1259,#502,.T.);
#1567=EDGE_CURVE('',#1259,#1258,#503,.T.);
#1568=EDGE_CURVE('',#1259,#1211,#504,.T.);
#1569=EDGE_CURVE('',#1212,#1258,#505,.T.);
#1570=EDGE_CURVE('',#1204,#1208,#506,.T.);
#1571=EDGE_CURVE('',#1209,#1206,#507,.T.);
#1572=EDGE_CURVE('',#1260,#1258,#508,.T.);
#1573=EDGE_CURVE('',#1261,#1260,#509,.T.);
#1574=EDGE_CURVE('',#1262,#1261,#510,.T.);
#1575=EDGE_CURVE('',#1263,#1262,#511,.T.);
#1576=EDGE_CURVE('',#1264,#1263,#512,.T.);
#1577=EDGE_CURVE('',#1265,#1264,#513,.T.);
#1578=EDGE_CURVE('',#1234,#1265,#514,.T.);
#1579=EDGE_CURVE('',#1216,#1244,#515,.T.);
#1580=EDGE_CURVE('',#1266,#1267,#516,.T.);
#1581=EDGE_CURVE('',#1267,#1268,#517,.T.);
#1582=EDGE_CURVE('',#1268,#1269,#518,.T.);
#1583=EDGE_CURVE('',#1269,#1266,#519,.T.);
#1584=EDGE_CURVE('',#1270,#1271,#520,.T.);
#1585=EDGE_CURVE('',#1271,#1272,#521,.T.);
#1586=EDGE_CURVE('',#1272,#1273,#522,.T.);
#1587=EDGE_CURVE('',#1273,#1274,#523,.T.);
#1588=EDGE_CURVE('',#1274,#1275,#524,.T.);
#1589=EDGE_CURVE('',#1275,#1276,#525,.T.);
#1590=EDGE_CURVE('',#1276,#1277,#526,.T.);
#1591=EDGE_CURVE('',#1277,#1278,#527,.T.);
#1592=EDGE_CURVE('',#1278,#1279,#528,.T.);
#1593=EDGE_CURVE('',#1279,#1280,#529,.T.);
#1594=EDGE_CURVE('',#1280,#1281,#530,.T.);
#1595=EDGE_CURVE('',#1281,#1282,#531,.T.);
#1596=EDGE_CURVE('',#1282,#1283,#532,.T.);
#1597=EDGE_CURVE('',#1283,#1284,#533,.T.);
#1598=EDGE_CURVE('',#1284,#1285,#534,.T.);
#1599=EDGE_CURVE('',#1285,#1270,#535,.T.);
#1600=EDGE_CURVE('',#1286,#1287,#536,.T.);
#1601=EDGE_CURVE('',#1287,#1288,#537,.T.);
#1602=EDGE_CURVE('',#1288,#1289,#538,.T.);
#1603=EDGE_CURVE('',#1289,#1290,#539,.T.);
#1604=EDGE_CURVE('',#1290,#1291,#540,.T.);
#1605=EDGE_CURVE('',#1291,#1292,#541,.T.);
#1606=EDGE_CURVE('',#1292,#1293,#542,.T.);
#1607=EDGE_CURVE('',#1293,#1294,#543,.T.);
#1608=EDGE_CURVE('',#1294,#1295,#544,.T.);
#1609=EDGE_CURVE('',#1295,#1296,#545,.T.);
#1610=EDGE_CURVE('',#1296,#1297,#546,.T.);
#1611=EDGE_CURVE('',#1297,#1298,#547,.T.);
#1612=EDGE_CURVE('',#1298,#1299,#548,.T.);
#1613=EDGE_CURVE('',#1299,#1300,#549,.T.);
#1614=EDGE_CURVE('',#1300,#1301,#550,.T.);
#1615=EDGE_CURVE('',#1301,#1286,#551,.T.);
#1616=EDGE_CURVE('',#1302,#1302,#24,.T.);
#1617=EDGE_CURVE('',#1302,#1303,#552,.T.);
#1618=EDGE_CURVE('',#1304,#1304,#25,.T.);
#1619=EDGE_CURVE('',#1304,#1302,#553,.T.);
#1620=EDGE_CURVE('',#1305,#1305,#26,.T.);
#1621=EDGE_CURVE('',#1305,#1306,#554,.T.);
#1622=EDGE_CURVE('',#1307,#1307,#27,.T.);
#1623=EDGE_CURVE('',#1307,#1305,#555,.T.);
#1624=EDGE_CURVE('',#1308,#1308,#28,.T.);
#1625=EDGE_CURVE('',#1308,#1309,#556,.T.);
#1626=EDGE_CURVE('',#1310,#1310,#29,.T.);
#1627=EDGE_CURVE('',#1310,#1308,#557,.T.);
#1628=EDGE_CURVE('',#1311,#1311,#30,.T.);
#1629=EDGE_CURVE('',#1311,#1312,#558,.T.);
#1630=EDGE_CURVE('',#1313,#1313,#31,.T.);
#1631=EDGE_CURVE('',#1313,#1311,#559,.T.);
#1632=EDGE_CURVE('',#1314,#1314,#32,.T.);
#1633=EDGE_CURVE('',#1314,#1315,#560,.T.);
#1634=EDGE_CURVE('',#1316,#1316,#33,.T.);
#1635=EDGE_CURVE('',#1316,#1314,#561,.T.);
#1636=EDGE_CURVE('',#1317,#1317,#34,.T.);
#1637=EDGE_CURVE('',#1317,#1318,#562,.T.);
#1638=EDGE_CURVE('',#1319,#1319,#35,.T.);
#1639=EDGE_CURVE('',#1319,#1317,#563,.T.);
#1640=EDGE_CURVE('',#1320,#1321,#564,.T.);
#1641=EDGE_CURVE('',#1320,#1322,#565,.T.);
#1642=EDGE_CURVE('',#1322,#1323,#566,.T.);
#1643=EDGE_CURVE('',#1321,#1323,#567,.T.);
#1644=EDGE_CURVE('',#1324,#1320,#568,.T.);
#1645=EDGE_CURVE('',#1325,#1324,#569,.T.);
#1646=EDGE_CURVE('',#1325,#1322,#570,.T.);
#1647=EDGE_CURVE('',#1326,#1325,#571,.T.);
#1648=EDGE_CURVE('',#1323,#1326,#572,.T.);
#1649=EDGE_CURVE('',#1327,#1328,#573,.T.);
#1650=EDGE_CURVE('',#1327,#1329,#574,.T.);
#1651=EDGE_CURVE('',#1329,#1330,#575,.T.);
#1652=EDGE_CURVE('',#1328,#1330,#576,.T.);
#1653=EDGE_CURVE('',#1331,#1327,#577,.T.);
#1654=EDGE_CURVE('',#1332,#1331,#578,.T.);
#1655=EDGE_CURVE('',#1332,#1329,#579,.T.);
#1656=EDGE_CURVE('',#1330,#1333,#580,.T.);
#1657=EDGE_CURVE('',#1333,#1332,#581,.T.);
#1658=EDGE_CURVE('',#1334,#1335,#582,.T.);
#1659=EDGE_CURVE('',#1334,#1336,#583,.T.);
#1660=EDGE_CURVE('',#1336,#1337,#584,.T.);
#1661=EDGE_CURVE('',#1337,#1335,#585,.T.);
#1662=EDGE_CURVE('',#1335,#1338,#586,.T.);
#1663=EDGE_CURVE('',#1337,#1339,#587,.T.);
#1664=EDGE_CURVE('',#1338,#1339,#588,.T.);
#1665=EDGE_CURVE('',#1340,#1336,#589,.T.);
#1666=EDGE_CURVE('',#1339,#1340,#590,.T.);
#1667=EDGE_CURVE('',#1341,#1342,#591,.T.);
#1668=EDGE_CURVE('',#1341,#1343,#592,.T.);
#1669=EDGE_CURVE('',#1343,#1344,#593,.T.);
#1670=EDGE_CURVE('',#1342,#1344,#594,.T.);
#1671=EDGE_CURVE('',#1345,#1341,#595,.T.);
#1672=EDGE_CURVE('',#1346,#1345,#596,.T.);
#1673=EDGE_CURVE('',#1346,#1343,#597,.T.);
#1674=EDGE_CURVE('',#1347,#1346,#598,.T.);
#1675=EDGE_CURVE('',#1344,#1347,#599,.T.);
#1676=EDGE_CURVE('',#1348,#1326,#600,.T.);
#1677=EDGE_CURVE('',#1349,#1348,#601,.T.);
#1678=EDGE_CURVE('',#1349,#1350,#602,.T.);
#1679=EDGE_CURVE('',#1321,#1350,#603,.T.);
#1680=EDGE_CURVE('',#1351,#1333,#604,.T.);
#1681=EDGE_CURVE('',#1351,#1352,#605,.T.);
#1682=EDGE_CURVE('',#1353,#1352,#606,.T.);
#1683=EDGE_CURVE('',#1328,#1353,#607,.T.);
#1684=EDGE_CURVE('',#1353,#1354,#608,.T.);
#1685=EDGE_CURVE('',#1354,#1355,#609,.T.);
#1686=EDGE_CURVE('',#1355,#1356,#610,.T.);
#1687=EDGE_CURVE('',#1356,#1357,#611,.T.);
#1688=EDGE_CURVE('',#1357,#1358,#612,.T.);
#1689=EDGE_CURVE('',#1358,#1359,#613,.T.);
#1690=EDGE_CURVE('',#1359,#1334,#614,.T.);
#1691=EDGE_CURVE('',#1338,#1360,#615,.T.);
#1692=EDGE_CURVE('',#1360,#1361,#36,.T.);
#1693=EDGE_CURVE('',#1361,#1362,#616,.T.);
#1694=EDGE_CURVE('',#1362,#1363,#617,.T.);
#1695=EDGE_CURVE('',#1363,#1364,#618,.T.);
#1696=EDGE_CURVE('',#1364,#1365,#619,.T.);
#1697=EDGE_CURVE('',#1267,#1365,#620,.T.);
#1698=EDGE_CURVE('',#1266,#1366,#621,.T.);
#1699=EDGE_CURVE('',#1366,#1367,#622,.T.);
#1700=EDGE_CURVE('',#1367,#1368,#623,.T.);
#1701=EDGE_CURVE('',#1368,#1369,#624,.T.);
#1702=EDGE_CURVE('',#1369,#1370,#625,.T.);
#1703=EDGE_CURVE('',#1370,#1371,#37,.T.);
#1704=EDGE_CURVE('',#1371,#1331,#626,.T.);
#1705=EDGE_CURVE('',#1340,#1372,#627,.T.);
#1706=EDGE_CURVE('',#1372,#1373,#628,.T.);
#1707=EDGE_CURVE('',#1374,#1373,#629,.T.);
#1708=EDGE_CURVE('',#1375,#1374,#630,.T.);
#1709=EDGE_CURVE('',#1376,#1375,#631,.T.);
#1710=EDGE_CURVE('',#1376,#1377,#632,.T.);
#1711=EDGE_CURVE('',#1377,#1360,#633,.T.);
#1712=EDGE_CURVE('',#1336,#1378,#634,.T.);
#1713=EDGE_CURVE('',#1378,#1372,#635,.T.);
#1714=EDGE_CURVE('',#1379,#1347,#636,.T.);
#1715=EDGE_CURVE('',#1380,#1379,#637,.T.);
#1716=EDGE_CURVE('',#1380,#1381,#638,.T.);
#1717=EDGE_CURVE('',#1342,#1381,#639,.T.);
#1718=EDGE_CURVE('',#1382,#1345,#640,.T.);
#1719=EDGE_CURVE('',#1383,#1382,#641,.T.);
#1720=EDGE_CURVE('',#1379,#1383,#642,.T.);
#1721=EDGE_CURVE('',#1358,#1384,#643,.T.);
#1722=EDGE_CURVE('',#1384,#1385,#644,.T.);
#1723=EDGE_CURVE('',#1359,#1385,#645,.T.);
#1724=EDGE_CURVE('',#1385,#1378,#646,.T.);
#1725=EDGE_CURVE('',#1373,#1357,#647,.T.);
#1726=EDGE_CURVE('',#1373,#1384,#648,.T.);
#1727=EDGE_CURVE('',#1354,#1386,#649,.T.);
#1728=EDGE_CURVE('',#1386,#1387,#650,.T.);
#1729=EDGE_CURVE('',#1387,#1355,#651,.T.);
#1730=EDGE_CURVE('',#1352,#1386,#652,.T.);
#1731=EDGE_CURVE('',#1387,#1351,#653,.T.);
#1732=EDGE_CURVE('',#1388,#1371,#654,.T.);
#1733=EDGE_CURVE('',#1389,#1388,#655,.T.);
#1734=EDGE_CURVE('',#1390,#1389,#656,.T.);
#1735=EDGE_CURVE('',#1391,#1390,#657,.T.);
#1736=EDGE_CURVE('',#1391,#1387,#658,.T.);
#1737=EDGE_CURVE('',#1392,#1393,#659,.T.);
#1738=EDGE_CURVE('',#1392,#1394,#660,.T.);
#1739=EDGE_CURVE('',#1395,#1394,#661,.T.);
#1740=EDGE_CURVE('',#1393,#1395,#662,.T.);
#1741=EDGE_CURVE('',#1393,#1396,#663,.T.);
#1742=EDGE_CURVE('',#1397,#1395,#664,.T.);
#1743=EDGE_CURVE('',#1396,#1397,#665,.T.);
#1744=EDGE_CURVE('',#1396,#1398,#666,.T.);
#1745=EDGE_CURVE('',#1399,#1397,#667,.T.);
#1746=EDGE_CURVE('',#1398,#1399,#668,.T.);
#1747=EDGE_CURVE('',#1398,#1392,#669,.T.);
#1748=EDGE_CURVE('',#1394,#1399,#670,.T.);
#1749=EDGE_CURVE('',#1363,#1264,#671,.T.);
#1750=EDGE_CURVE('',#1400,#1362,#672,.T.);
#1751=EDGE_CURVE('',#1401,#1400,#673,.T.);
#1752=EDGE_CURVE('',#1401,#1294,#674,.T.);
#1753=EDGE_CURVE('',#1402,#1293,#675,.T.);
#1754=EDGE_CURVE('',#1403,#1402,#676,.T.);
#1755=EDGE_CURVE('',#1403,#1404,#677,.T.);
#1756=EDGE_CURVE('',#1405,#1404,#678,.T.);
#1757=EDGE_CURVE('',#1405,#1265,#679,.T.);
#1758=EDGE_CURVE('',#1263,#1364,#680,.T.);
#1759=EDGE_CURVE('',#1406,#1405,#681,.T.);
#1760=EDGE_CURVE('',#1407,#1406,#682,.T.);
#1761=EDGE_CURVE('',#1408,#1407,#683,.T.);
#1762=EDGE_CURVE('',#1409,#1408,#684,.T.);
#1763=EDGE_CURVE('',#1410,#1409,#685,.T.);
#1764=EDGE_CURVE('',#1411,#1410,#686,.T.);
#1765=EDGE_CURVE('',#1260,#1411,#687,.T.);
#1766=EDGE_CURVE('',#1412,#1413,#688,.T.);
#1767=EDGE_CURVE('',#1269,#1412,#689,.T.);
#1768=EDGE_CURVE('',#1268,#1413,#690,.T.);
#1769=EDGE_CURVE('',#1413,#1365,#691,.T.);
#1770=EDGE_CURVE('',#1366,#1412,#692,.T.);
#1771=EDGE_CURVE('',#1262,#1367,#693,.T.);
#1772=EDGE_CURVE('',#1377,#1414,#38,.T.);
#1773=EDGE_CURVE('',#1361,#1414,#694,.T.);
#1774=EDGE_CURVE('',#1414,#1377,#695,.T.);
#1775=EDGE_CURVE('',#1415,#1370,#696,.T.);
#1776=EDGE_CURVE('',#1415,#1388,#39,.T.);
#1777=EDGE_CURVE('',#1388,#1415,#697,.T.);
#1778=EDGE_CURVE('',#1416,#1417,#40,.T.);
#1779=EDGE_CURVE('',#1418,#1416,#698,.T.);
#1780=EDGE_CURVE('',#1418,#1419,#41,.T.);
#1781=EDGE_CURVE('',#1417,#1419,#699,.T.);
#1782=EDGE_CURVE('',#1420,#1418,#700,.T.);
#1783=EDGE_CURVE('',#1419,#1420,#701,.T.);
#1784=EDGE_CURVE('',#1421,#1369,#702,.T.);
#1785=EDGE_CURVE('',#1389,#1421,#703,.T.);
#1786=EDGE_CURVE('',#1422,#1420,#704,.T.);
#1787=EDGE_CURVE('',#1423,#1422,#705,.T.);
#1788=EDGE_CURVE('',#1423,#1424,#706,.T.);
#1789=EDGE_CURVE('',#1417,#1424,#707,.T.);
#1790=EDGE_CURVE('',#1425,#1416,#708,.T.);
#1791=EDGE_CURVE('',#1426,#1425,#709,.T.);
#1792=EDGE_CURVE('',#1422,#1426,#710,.T.);
#1793=EDGE_CURVE('',#1427,#1286,#711,.T.);
#1794=EDGE_CURVE('',#1428,#1427,#712,.T.);
#1795=EDGE_CURVE('',#1428,#1287,#713,.T.);
#1796=EDGE_CURVE('',#1429,#1428,#714,.T.);
#1797=EDGE_CURVE('',#1429,#1288,#715,.T.);
#1798=EDGE_CURVE('',#1430,#1429,#716,.T.);
#1799=EDGE_CURVE('',#1430,#1289,#717,.T.);
#1800=EDGE_CURVE('',#1431,#1430,#718,.T.);
#1801=EDGE_CURVE('',#1431,#1290,#719,.T.);
#1802=EDGE_CURVE('',#1432,#1431,#720,.T.);
#1803=EDGE_CURVE('',#1432,#1291,#721,.T.);
#1804=EDGE_CURVE('',#1433,#1432,#722,.T.);
#1805=EDGE_CURVE('',#1433,#1292,#723,.T.);
#1806=EDGE_CURVE('',#1402,#1433,#724,.T.);
#1807=EDGE_CURVE('',#1434,#1401,#725,.T.);
#1808=EDGE_CURVE('',#1434,#1295,#726,.T.);
#1809=EDGE_CURVE('',#1435,#1434,#727,.T.);
#1810=EDGE_CURVE('',#1435,#1296,#728,.T.);
#1811=EDGE_CURVE('',#1375,#1435,#729,.T.);
#1812=EDGE_CURVE('',#1375,#1297,#730,.T.);
#1813=EDGE_CURVE('',#1374,#1298,#731,.T.);
#1814=EDGE_CURVE('',#1436,#1374,#732,.T.);
#1815=EDGE_CURVE('',#1436,#1299,#733,.T.);
#1816=EDGE_CURVE('',#1437,#1436,#734,.T.);
#1817=EDGE_CURVE('',#1437,#1300,#735,.T.);
#1818=EDGE_CURVE('',#1438,#1437,#736,.T.);
#1819=EDGE_CURVE('',#1438,#1301,#737,.T.);
#1820=EDGE_CURVE('',#1427,#1438,#738,.T.);
#1821=EDGE_CURVE('',#1439,#1270,#739,.T.);
#1822=EDGE_CURVE('',#1440,#1439,#740,.T.);
#1823=EDGE_CURVE('',#1440,#1271,#741,.T.);
#1824=EDGE_CURVE('',#1441,#1440,#742,.T.);
#1825=EDGE_CURVE('',#1441,#1272,#743,.T.);
#1826=EDGE_CURVE('',#1442,#1273,#744,.T.);
#1827=EDGE_CURVE('',#1443,#1442,#745,.T.);
#1828=EDGE_CURVE('',#1443,#1274,#746,.T.);
#1829=EDGE_CURVE('',#1444,#1443,#747,.T.);
#1830=EDGE_CURVE('',#1444,#1275,#748,.T.);
#1831=EDGE_CURVE('',#1445,#1444,#749,.T.);
#1832=EDGE_CURVE('',#1445,#1276,#750,.T.);
#1833=EDGE_CURVE('',#1446,#1445,#751,.T.);
#1834=EDGE_CURVE('',#1446,#1277,#752,.T.);
#1835=EDGE_CURVE('',#1447,#1446,#753,.T.);
#1836=EDGE_CURVE('',#1447,#1278,#754,.T.);
#1837=EDGE_CURVE('',#1448,#1447,#755,.T.);
#1838=EDGE_CURVE('',#1448,#1279,#756,.T.);
#1839=EDGE_CURVE('',#1449,#1448,#757,.T.);
#1840=EDGE_CURVE('',#1449,#1280,#758,.T.);
#1841=EDGE_CURVE('',#1450,#1449,#759,.T.);
#1842=EDGE_CURVE('',#1450,#1281,#760,.T.);
#1843=EDGE_CURVE('',#1451,#1450,#761,.T.);
#1844=EDGE_CURVE('',#1451,#1282,#762,.T.);
#1845=EDGE_CURVE('',#1452,#1451,#763,.T.);
#1846=EDGE_CURVE('',#1452,#1283,#764,.T.);
#1847=EDGE_CURVE('',#1391,#1452,#765,.T.);
#1848=EDGE_CURVE('',#1391,#1284,#766,.T.);
#1849=EDGE_CURVE('',#1391,#1453,#767,.T.);
#1850=EDGE_CURVE('',#1453,#1285,#768,.T.);
#1851=EDGE_CURVE('',#1390,#1453,#769,.T.);
#1852=EDGE_CURVE('',#1439,#1390,#770,.T.);
#1853=EDGE_CURVE('',#1421,#1441,#771,.T.);
#1854=EDGE_CURVE('',#1374,#1454,#772,.T.);
#1855=EDGE_CURVE('',#1454,#1391,#773,.T.);
#1856=EDGE_CURVE('',#1442,#1380,#774,.T.);
#1857=EDGE_CURVE('',#1383,#1455,#775,.T.);
#1858=EDGE_CURVE('',#1455,#1423,#776,.T.);
#1859=EDGE_CURVE('',#1426,#1456,#777,.T.);
#1860=EDGE_CURVE('',#1456,#1349,#778,.T.);
#1861=EDGE_CURVE('',#1348,#1403,#779,.T.);
#1862=EDGE_CURVE('',#1457,#1425,#780,.T.);
#1863=EDGE_CURVE('',#1456,#1457,#781,.T.);
#1864=EDGE_CURVE('',#1424,#1458,#782,.T.);
#1865=EDGE_CURVE('',#1455,#1458,#783,.T.);
#1866=EDGE_CURVE('',#1458,#1382,#784,.T.);
#1867=EDGE_CURVE('',#1454,#1356,#785,.T.);
#1868=EDGE_CURVE('',#1400,#1376,#786,.T.);
#1869=EDGE_CURVE('',#1404,#1324,#787,.T.);
#1870=EDGE_CURVE('',#1350,#1457,#788,.T.);
#1871=EDGE_CURVE('',#1381,#1459,#789,.T.);
#1872=EDGE_CURVE('',#1459,#1460,#790,.T.);
#1873=EDGE_CURVE('',#1460,#1461,#791,.T.);
#1874=EDGE_CURVE('',#1461,#1462,#792,.T.);
#1875=EDGE_CURVE('',#1462,#1463,#793,.T.);
#1876=EDGE_CURVE('',#1463,#1404,#794,.T.);
#1877=EDGE_CURVE('',#1411,#1381,#795,.T.);
#1878=EDGE_CURVE('',#1261,#1368,#796,.T.);
#1879=EDGE_CURVE('',#1406,#1463,#797,.T.);
#1880=EDGE_CURVE('',#1407,#1462,#798,.T.);
#1881=EDGE_CURVE('',#1408,#1461,#799,.T.);
#1882=EDGE_CURVE('',#1409,#1460,#800,.T.);
#1883=EDGE_CURVE('',#1410,#1459,#801,.T.);
#1884=ORIENTED_EDGE('',*,*,#1464,.F.);
#1885=ORIENTED_EDGE('',*,*,#1465,.F.);
#1886=ORIENTED_EDGE('',*,*,#1466,.F.);
#1887=ORIENTED_EDGE('',*,*,#1467,.F.);
#1888=ORIENTED_EDGE('',*,*,#1468,.F.);
#1889=ORIENTED_EDGE('',*,*,#1469,.F.);
#1890=ORIENTED_EDGE('',*,*,#1470,.F.);
#1891=ORIENTED_EDGE('',*,*,#1471,.F.);
#1892=ORIENTED_EDGE('',*,*,#1472,.F.);
#1893=ORIENTED_EDGE('',*,*,#1471,.T.);
#1894=ORIENTED_EDGE('',*,*,#1473,.T.);
#1895=ORIENTED_EDGE('',*,*,#1466,.T.);
#1896=ORIENTED_EDGE('',*,*,#1474,.T.);
#1897=ORIENTED_EDGE('',*,*,#1475,.F.);
#1898=ORIENTED_EDGE('',*,*,#1476,.F.);
#1899=ORIENTED_EDGE('',*,*,#1477,.F.);
#1900=ORIENTED_EDGE('',*,*,#1476,.T.);
#1901=ORIENTED_EDGE('',*,*,#1478,.T.);
#1902=ORIENTED_EDGE('',*,*,#1464,.T.);
#1903=ORIENTED_EDGE('',*,*,#1479,.T.);
#1904=ORIENTED_EDGE('',*,*,#1480,.T.);
#1905=ORIENTED_EDGE('',*,*,#1481,.T.);
#1906=ORIENTED_EDGE('',*,*,#1468,.T.);
#1907=ORIENTED_EDGE('',*,*,#1482,.T.);
#1908=ORIENTED_EDGE('',*,*,#1483,.F.);
#1909=ORIENTED_EDGE('',*,*,#1484,.F.);
#1910=ORIENTED_EDGE('',*,*,#1485,.F.);
#1911=ORIENTED_EDGE('',*,*,#1484,.T.);
#1912=ORIENTED_EDGE('',*,*,#1486,.T.);
#1913=ORIENTED_EDGE('',*,*,#1467,.T.);
#1914=ORIENTED_EDGE('',*,*,#1487,.T.);
#1915=ORIENTED_EDGE('',*,*,#1475,.T.);
#1916=ORIENTED_EDGE('',*,*,#1488,.T.);
#1917=ORIENTED_EDGE('',*,*,#1485,.T.);
#1918=ORIENTED_EDGE('',*,*,#1489,.T.);
#1919=ORIENTED_EDGE('',*,*,#1490,.F.);
#1920=ORIENTED_EDGE('',*,*,#1491,.F.);
#1921=ORIENTED_EDGE('',*,*,#1492,.F.);
#1922=ORIENTED_EDGE('',*,*,#1493,.F.);
#1923=ORIENTED_EDGE('',*,*,#1494,.F.);
#1924=ORIENTED_EDGE('',*,*,#1495,.F.);
#1925=ORIENTED_EDGE('',*,*,#1494,.T.);
#1926=ORIENTED_EDGE('',*,*,#1496,.T.);
#1927=ORIENTED_EDGE('',*,*,#1470,.T.);
#1928=ORIENTED_EDGE('',*,*,#1497,.T.);
#1929=ORIENTED_EDGE('',*,*,#1498,.F.);
#1930=ORIENTED_EDGE('',*,*,#1499,.F.);
#1931=ORIENTED_EDGE('',*,*,#1500,.F.);
#1932=ORIENTED_EDGE('',*,*,#1501,.F.);
#1933=ORIENTED_EDGE('',*,*,#1502,.F.);
#1934=ORIENTED_EDGE('',*,*,#1503,.F.);
#1935=ORIENTED_EDGE('',*,*,#1502,.T.);
#1936=ORIENTED_EDGE('',*,*,#1504,.T.);
#1937=ORIENTED_EDGE('',*,*,#1491,.T.);
#1938=ORIENTED_EDGE('',*,*,#1505,.T.);
#1939=ORIENTED_EDGE('',*,*,#1506,.T.);
#1940=ORIENTED_EDGE('',*,*,#1503,.T.);
#1941=ORIENTED_EDGE('',*,*,#1507,.T.);
#1942=ORIENTED_EDGE('',*,*,#1508,.T.);
#1943=ORIENTED_EDGE('',*,*,#1509,.F.);
#1944=ORIENTED_EDGE('',*,*,#1510,.F.);
#1945=ORIENTED_EDGE('',*,*,#1511,.F.);
#1946=ORIENTED_EDGE('',*,*,#1510,.T.);
#1947=ORIENTED_EDGE('',*,*,#1512,.T.);
#1948=ORIENTED_EDGE('',*,*,#1492,.T.);
#1949=ORIENTED_EDGE('',*,*,#1513,.T.);
#1950=ORIENTED_EDGE('',*,*,#1514,.F.);
#1951=ORIENTED_EDGE('',*,*,#1515,.F.);
#1952=ORIENTED_EDGE('',*,*,#1516,.F.);
#1953=ORIENTED_EDGE('',*,*,#1517,.F.);
#1954=ORIENTED_EDGE('',*,*,#1518,.F.);
#1955=ORIENTED_EDGE('',*,*,#1519,.F.);
#1956=ORIENTED_EDGE('',*,*,#1518,.T.);
#1957=ORIENTED_EDGE('',*,*,#1520,.T.);
#1958=ORIENTED_EDGE('',*,*,#1498,.T.);
#1959=ORIENTED_EDGE('',*,*,#1521,.T.);
#1960=ORIENTED_EDGE('',*,*,#1522,.T.);
#1961=ORIENTED_EDGE('',*,*,#1523,.T.);
#1962=ORIENTED_EDGE('',*,*,#1519,.T.);
#1963=ORIENTED_EDGE('',*,*,#1524,.T.);
#1964=ORIENTED_EDGE('',*,*,#1525,.F.);
#1965=ORIENTED_EDGE('',*,*,#1526,.F.);
#1966=ORIENTED_EDGE('',*,*,#1527,.F.);
#1967=ORIENTED_EDGE('',*,*,#1528,.T.);
#1968=ORIENTED_EDGE('',*,*,#1526,.T.);
#1969=ORIENTED_EDGE('',*,*,#1529,.T.);
#1970=ORIENTED_EDGE('',*,*,#1508,.F.);
#1971=ORIENTED_EDGE('',*,*,#1515,.T.);
#1972=ORIENTED_EDGE('',*,*,#1530,.T.);
#1973=ORIENTED_EDGE('',*,*,#1527,.T.);
#1974=ORIENTED_EDGE('',*,*,#1531,.T.);
#1975=ORIENTED_EDGE('',*,*,#1532,.F.);
#1976=ORIENTED_EDGE('',*,*,#1533,.F.);
#1977=ORIENTED_EDGE('',*,*,#1534,.F.);
#1978=ORIENTED_EDGE('',*,*,#1501,.T.);
#1979=ORIENTED_EDGE('',*,*,#1535,.T.);
#1980=ORIENTED_EDGE('',*,*,#1533,.T.);
#1981=ORIENTED_EDGE('',*,*,#1536,.T.);
#1982=ORIENTED_EDGE('',*,*,#1537,.F.);
#1983=ORIENTED_EDGE('',*,*,#1538,.F.);
#1984=ORIENTED_EDGE('',*,*,#1539,.F.);
#1985=ORIENTED_EDGE('',*,*,#1538,.T.);
#1986=ORIENTED_EDGE('',*,*,#1540,.T.);
#1987=ORIENTED_EDGE('',*,*,#1514,.T.);
#1988=ORIENTED_EDGE('',*,*,#1541,.T.);
#1989=ORIENTED_EDGE('',*,*,#1517,.T.);
#1990=ORIENTED_EDGE('',*,*,#1542,.T.);
#1991=ORIENTED_EDGE('',*,*,#1539,.T.);
#1992=ORIENTED_EDGE('',*,*,#1543,.T.);
#1993=ORIENTED_EDGE('',*,*,#1544,.F.);
#1994=ORIENTED_EDGE('',*,*,#1545,.F.);
#1995=ORIENTED_EDGE('',*,*,#1546,.F.);
#1996=ORIENTED_EDGE('',*,*,#1545,.T.);
#1997=ORIENTED_EDGE('',*,*,#1547,.T.);
#1998=ORIENTED_EDGE('',*,*,#1525,.T.);
#1999=ORIENTED_EDGE('',*,*,#1548,.T.);
#2000=ORIENTED_EDGE('',*,*,#1537,.T.);
#2001=ORIENTED_EDGE('',*,*,#1549,.T.);
#2002=ORIENTED_EDGE('',*,*,#1546,.T.);
#2003=ORIENTED_EDGE('',*,*,#1550,.T.);
#2004=ORIENTED_EDGE('',*,*,#1544,.T.);
#2005=ORIENTED_EDGE('',*,*,#1551,.T.);
#2006=ORIENTED_EDGE('',*,*,#1534,.T.);
#2007=ORIENTED_EDGE('',*,*,#1552,.T.);
#2008=ORIENTED_EDGE('',*,*,#1532,.T.);
#2009=ORIENTED_EDGE('',*,*,#1553,.T.);
#2010=ORIENTED_EDGE('',*,*,#1511,.T.);
#2011=ORIENTED_EDGE('',*,*,#1554,.T.);
#2012=ORIENTED_EDGE('',*,*,#1499,.T.);
#2013=ORIENTED_EDGE('',*,*,#1555,.T.);
#2014=ORIENTED_EDGE('',*,*,#1516,.T.);
#2015=ORIENTED_EDGE('',*,*,#1556,.T.);
#2016=ORIENTED_EDGE('',*,*,#1509,.T.);
#2017=ORIENTED_EDGE('',*,*,#1557,.T.);
#2018=ORIENTED_EDGE('',*,*,#1495,.T.);
#2019=ORIENTED_EDGE('',*,*,#1558,.T.);
#2020=ORIENTED_EDGE('',*,*,#1522,.F.);
#2021=ORIENTED_EDGE('',*,*,#1559,.T.);
#2022=ORIENTED_EDGE('',*,*,#1483,.T.);
#2023=ORIENTED_EDGE('',*,*,#1560,.T.);
#2024=ORIENTED_EDGE('',*,*,#1480,.F.);
#2025=ORIENTED_EDGE('',*,*,#1561,.T.);
#2026=ORIENTED_EDGE('',*,*,#1500,.T.);
#2027=ORIENTED_EDGE('',*,*,#1562,.T.);
#2028=ORIENTED_EDGE('',*,*,#1493,.T.);
#2029=ORIENTED_EDGE('',*,*,#1563,.T.);
#2030=ORIENTED_EDGE('',*,*,#1477,.T.);
#2031=ORIENTED_EDGE('',*,*,#1564,.T.);
#2032=ORIENTED_EDGE('',*,*,#1565,.T.);
#2033=ORIENTED_EDGE('',*,*,#1490,.T.);
#2034=ORIENTED_EDGE('',*,*,#1566,.T.);
#2035=ORIENTED_EDGE('',*,*,#1567,.T.);
#2036=ORIENTED_EDGE('',*,*,#1568,.T.);
#2037=ORIENTED_EDGE('',*,*,#1472,.T.);
#2038=ORIENTED_EDGE('',*,*,#1569,.T.);
#2039=ORIENTED_EDGE('',*,*,#1567,.F.);
#2040=ORIENTED_EDGE('',*,*,#1465,.T.);
#2041=ORIENTED_EDGE('',*,*,#1570,.T.);
#2042=ORIENTED_EDGE('',*,*,#1469,.T.);
#2043=ORIENTED_EDGE('',*,*,#1571,.T.);
#2044=ORIENTED_EDGE('',*,*,#1507,.F.);
#2045=ORIENTED_EDGE('',*,*,#1505,.F.);
#2046=ORIENTED_EDGE('',*,*,#1565,.F.);
#2047=ORIENTED_EDGE('',*,*,#1572,.F.);
#2048=ORIENTED_EDGE('',*,*,#1573,.F.);
#2049=ORIENTED_EDGE('',*,*,#1574,.F.);
#2050=ORIENTED_EDGE('',*,*,#1575,.F.);
#2051=ORIENTED_EDGE('',*,*,#1576,.F.);
#2052=ORIENTED_EDGE('',*,*,#1577,.F.);
#2053=ORIENTED_EDGE('',*,*,#1578,.F.);
#2054=ORIENTED_EDGE('',*,*,#1524,.F.);
#2055=ORIENTED_EDGE('',*,*,#1521,.F.);
#2056=ORIENTED_EDGE('',*,*,#1561,.F.);
#2057=ORIENTED_EDGE('',*,*,#1579,.T.);
#2058=ORIENTED_EDGE('',*,*,#1473,.F.);
#2059=ORIENTED_EDGE('',*,*,#1496,.F.);
#2060=ORIENTED_EDGE('',*,*,#1564,.F.);
#2061=ORIENTED_EDGE('',*,*,#1479,.F.);
#2062=ORIENTED_EDGE('',*,*,#1487,.F.);
#2063=ORIENTED_EDGE('',*,*,#1570,.F.);
#2064=ORIENTED_EDGE('',*,*,#1478,.F.);
#2065=ORIENTED_EDGE('',*,*,#1489,.F.);
#2066=ORIENTED_EDGE('',*,*,#1504,.F.);
#2067=ORIENTED_EDGE('',*,*,#1536,.F.);
#2068=ORIENTED_EDGE('',*,*,#1554,.F.);
#2069=ORIENTED_EDGE('',*,*,#1513,.F.);
#2070=ORIENTED_EDGE('',*,*,#1580,.T.);
#2071=ORIENTED_EDGE('',*,*,#1581,.T.);
#2072=ORIENTED_EDGE('',*,*,#1582,.T.);
#2073=ORIENTED_EDGE('',*,*,#1583,.T.);
#2074=ORIENTED_EDGE('',*,*,#1506,.F.);
#2075=ORIENTED_EDGE('',*,*,#1529,.F.);
#2076=ORIENTED_EDGE('',*,*,#1547,.F.);
#2077=ORIENTED_EDGE('',*,*,#1552,.F.);
#2078=ORIENTED_EDGE('',*,*,#1535,.F.);
#2079=ORIENTED_EDGE('',*,*,#1512,.F.);
#2080=ORIENTED_EDGE('',*,*,#1558,.F.);
#2081=ORIENTED_EDGE('',*,*,#1497,.F.);
#2082=ORIENTED_EDGE('',*,*,#1568,.F.);
#2083=ORIENTED_EDGE('',*,*,#1566,.F.);
#2084=ORIENTED_EDGE('',*,*,#1523,.F.);
#2085=ORIENTED_EDGE('',*,*,#1560,.F.);
#2086=ORIENTED_EDGE('',*,*,#1488,.F.);
#2087=ORIENTED_EDGE('',*,*,#1563,.F.);
#2088=ORIENTED_EDGE('',*,*,#1557,.F.);
#2089=ORIENTED_EDGE('',*,*,#1553,.F.);
#2090=ORIENTED_EDGE('',*,*,#1551,.F.);
#2091=ORIENTED_EDGE('',*,*,#1549,.F.);
#2092=ORIENTED_EDGE('',*,*,#1542,.F.);
#2093=ORIENTED_EDGE('',*,*,#1584,.T.);
#2094=ORIENTED_EDGE('',*,*,#1585,.T.);
#2095=ORIENTED_EDGE('',*,*,#1586,.T.);
#2096=ORIENTED_EDGE('',*,*,#1587,.T.);
#2097=ORIENTED_EDGE('',*,*,#1588,.T.);
#2098=ORIENTED_EDGE('',*,*,#1589,.T.);
#2099=ORIENTED_EDGE('',*,*,#1590,.T.);
#2100=ORIENTED_EDGE('',*,*,#1591,.T.);
#2101=ORIENTED_EDGE('',*,*,#1592,.T.);
#2102=ORIENTED_EDGE('',*,*,#1593,.T.);
#2103=ORIENTED_EDGE('',*,*,#1594,.T.);
#2104=ORIENTED_EDGE('',*,*,#1595,.T.);
#2105=ORIENTED_EDGE('',*,*,#1596,.T.);
#2106=ORIENTED_EDGE('',*,*,#1597,.T.);
#2107=ORIENTED_EDGE('',*,*,#1598,.T.);
#2108=ORIENTED_EDGE('',*,*,#1599,.T.);
#2109=ORIENTED_EDGE('',*,*,#1600,.T.);
#2110=ORIENTED_EDGE('',*,*,#1601,.T.);
#2111=ORIENTED_EDGE('',*,*,#1602,.T.);
#2112=ORIENTED_EDGE('',*,*,#1603,.T.);
#2113=ORIENTED_EDGE('',*,*,#1604,.T.);
#2114=ORIENTED_EDGE('',*,*,#1605,.T.);
#2115=ORIENTED_EDGE('',*,*,#1606,.T.);
#2116=ORIENTED_EDGE('',*,*,#1607,.T.);
#2117=ORIENTED_EDGE('',*,*,#1608,.T.);
#2118=ORIENTED_EDGE('',*,*,#1609,.T.);
#2119=ORIENTED_EDGE('',*,*,#1610,.T.);
#2120=ORIENTED_EDGE('',*,*,#1611,.T.);
#2121=ORIENTED_EDGE('',*,*,#1612,.T.);
#2122=ORIENTED_EDGE('',*,*,#1613,.T.);
#2123=ORIENTED_EDGE('',*,*,#1614,.T.);
#2124=ORIENTED_EDGE('',*,*,#1615,.T.);
#2125=ORIENTED_EDGE('',*,*,#1530,.F.);
#2126=ORIENTED_EDGE('',*,*,#1540,.F.);
#2127=ORIENTED_EDGE('',*,*,#1550,.F.);
#2128=ORIENTED_EDGE('',*,*,#1548,.F.);
#2129=ORIENTED_EDGE('',*,*,#1541,.F.);
#2130=ORIENTED_EDGE('',*,*,#1555,.F.);
#2131=ORIENTED_EDGE('',*,*,#1520,.F.);
#2132=ORIENTED_EDGE('',*,*,#1543,.F.);
#2133=ORIENTED_EDGE('',*,*,#1616,.F.);
#2134=ORIENTED_EDGE('',*,*,#1617,.T.);
#2135=ORIENTED_EDGE('',*,*,#1617,.F.);
#2136=ORIENTED_EDGE('',*,*,#1618,.F.);
#2137=ORIENTED_EDGE('',*,*,#1619,.T.);
#2138=ORIENTED_EDGE('',*,*,#1616,.T.);
#2139=ORIENTED_EDGE('',*,*,#1619,.F.);
#2140=ORIENTED_EDGE('',*,*,#1620,.F.);
#2141=ORIENTED_EDGE('',*,*,#1621,.T.);
#2142=ORIENTED_EDGE('',*,*,#1621,.F.);
#2143=ORIENTED_EDGE('',*,*,#1622,.F.);
#2144=ORIENTED_EDGE('',*,*,#1623,.T.);
#2145=ORIENTED_EDGE('',*,*,#1620,.T.);
#2146=ORIENTED_EDGE('',*,*,#1623,.F.);
#2147=ORIENTED_EDGE('',*,*,#1624,.F.);
#2148=ORIENTED_EDGE('',*,*,#1625,.T.);
#2149=ORIENTED_EDGE('',*,*,#1625,.F.);
#2150=ORIENTED_EDGE('',*,*,#1626,.F.);
#2151=ORIENTED_EDGE('',*,*,#1627,.T.);
#2152=ORIENTED_EDGE('',*,*,#1624,.T.);
#2153=ORIENTED_EDGE('',*,*,#1627,.F.);
#2154=ORIENTED_EDGE('',*,*,#1628,.F.);
#2155=ORIENTED_EDGE('',*,*,#1629,.T.);
#2156=ORIENTED_EDGE('',*,*,#1629,.F.);
#2157=ORIENTED_EDGE('',*,*,#1630,.F.);
#2158=ORIENTED_EDGE('',*,*,#1631,.T.);
#2159=ORIENTED_EDGE('',*,*,#1628,.T.);
#2160=ORIENTED_EDGE('',*,*,#1631,.F.);
#2161=ORIENTED_EDGE('',*,*,#1632,.F.);
#2162=ORIENTED_EDGE('',*,*,#1633,.T.);
#2163=ORIENTED_EDGE('',*,*,#1633,.F.);
#2164=ORIENTED_EDGE('',*,*,#1634,.F.);
#2165=ORIENTED_EDGE('',*,*,#1635,.T.);
#2166=ORIENTED_EDGE('',*,*,#1632,.T.);
#2167=ORIENTED_EDGE('',*,*,#1635,.F.);
#2168=ORIENTED_EDGE('',*,*,#1636,.F.);
#2169=ORIENTED_EDGE('',*,*,#1637,.T.);
#2170=ORIENTED_EDGE('',*,*,#1637,.F.);
#2171=ORIENTED_EDGE('',*,*,#1638,.F.);
#2172=ORIENTED_EDGE('',*,*,#1639,.T.);
#2173=ORIENTED_EDGE('',*,*,#1636,.T.);
#2174=ORIENTED_EDGE('',*,*,#1639,.F.);
#2175=ORIENTED_EDGE('',*,*,#1640,.F.);
#2176=ORIENTED_EDGE('',*,*,#1641,.T.);
#2177=ORIENTED_EDGE('',*,*,#1642,.T.);
#2178=ORIENTED_EDGE('',*,*,#1643,.F.);
#2179=ORIENTED_EDGE('',*,*,#1644,.F.);
#2180=ORIENTED_EDGE('',*,*,#1645,.F.);
#2181=ORIENTED_EDGE('',*,*,#1646,.T.);
#2182=ORIENTED_EDGE('',*,*,#1641,.F.);
#2183=ORIENTED_EDGE('',*,*,#1646,.F.);
#2184=ORIENTED_EDGE('',*,*,#1647,.F.);
#2185=ORIENTED_EDGE('',*,*,#1648,.F.);
#2186=ORIENTED_EDGE('',*,*,#1642,.F.);
#2187=ORIENTED_EDGE('',*,*,#1649,.F.);
#2188=ORIENTED_EDGE('',*,*,#1650,.T.);
#2189=ORIENTED_EDGE('',*,*,#1651,.T.);
#2190=ORIENTED_EDGE('',*,*,#1652,.F.);
#2191=ORIENTED_EDGE('',*,*,#1653,.F.);
#2192=ORIENTED_EDGE('',*,*,#1654,.F.);
#2193=ORIENTED_EDGE('',*,*,#1655,.T.);
#2194=ORIENTED_EDGE('',*,*,#1650,.F.);
#2195=ORIENTED_EDGE('',*,*,#1656,.F.);
#2196=ORIENTED_EDGE('',*,*,#1651,.F.);
#2197=ORIENTED_EDGE('',*,*,#1655,.F.);
#2198=ORIENTED_EDGE('',*,*,#1657,.F.);
#2199=ORIENTED_EDGE('',*,*,#1658,.F.);
#2200=ORIENTED_EDGE('',*,*,#1659,.T.);
#2201=ORIENTED_EDGE('',*,*,#1660,.T.);
#2202=ORIENTED_EDGE('',*,*,#1661,.T.);
#2203=ORIENTED_EDGE('',*,*,#1662,.F.);
#2204=ORIENTED_EDGE('',*,*,#1661,.F.);
#2205=ORIENTED_EDGE('',*,*,#1663,.T.);
#2206=ORIENTED_EDGE('',*,*,#1664,.F.);
#2207=ORIENTED_EDGE('',*,*,#1663,.F.);
#2208=ORIENTED_EDGE('',*,*,#1660,.F.);
#2209=ORIENTED_EDGE('',*,*,#1665,.F.);
#2210=ORIENTED_EDGE('',*,*,#1666,.F.);
#2211=ORIENTED_EDGE('',*,*,#1667,.F.);
#2212=ORIENTED_EDGE('',*,*,#1668,.T.);
#2213=ORIENTED_EDGE('',*,*,#1669,.T.);
#2214=ORIENTED_EDGE('',*,*,#1670,.F.);
#2215=ORIENTED_EDGE('',*,*,#1671,.F.);
#2216=ORIENTED_EDGE('',*,*,#1672,.F.);
#2217=ORIENTED_EDGE('',*,*,#1673,.T.);
#2218=ORIENTED_EDGE('',*,*,#1668,.F.);
#2219=ORIENTED_EDGE('',*,*,#1674,.F.);
#2220=ORIENTED_EDGE('',*,*,#1675,.F.);
#2221=ORIENTED_EDGE('',*,*,#1669,.F.);
#2222=ORIENTED_EDGE('',*,*,#1673,.F.);
#2223=ORIENTED_EDGE('',*,*,#1643,.T.);
#2224=ORIENTED_EDGE('',*,*,#1648,.T.);
#2225=ORIENTED_EDGE('',*,*,#1676,.F.);
#2226=ORIENTED_EDGE('',*,*,#1677,.F.);
#2227=ORIENTED_EDGE('',*,*,#1678,.T.);
#2228=ORIENTED_EDGE('',*,*,#1679,.F.);
#2229=ORIENTED_EDGE('',*,*,#1652,.T.);
#2230=ORIENTED_EDGE('',*,*,#1656,.T.);
#2231=ORIENTED_EDGE('',*,*,#1680,.F.);
#2232=ORIENTED_EDGE('',*,*,#1681,.T.);
#2233=ORIENTED_EDGE('',*,*,#1682,.F.);
#2234=ORIENTED_EDGE('',*,*,#1683,.F.);
#2235=ORIENTED_EDGE('',*,*,#1653,.T.);
#2236=ORIENTED_EDGE('',*,*,#1649,.T.);
#2237=ORIENTED_EDGE('',*,*,#1683,.T.);
#2238=ORIENTED_EDGE('',*,*,#1684,.T.);
#2239=ORIENTED_EDGE('',*,*,#1685,.T.);
#2240=ORIENTED_EDGE('',*,*,#1686,.T.);
#2241=ORIENTED_EDGE('',*,*,#1687,.T.);
#2242=ORIENTED_EDGE('',*,*,#1688,.T.);
#2243=ORIENTED_EDGE('',*,*,#1689,.T.);
#2244=ORIENTED_EDGE('',*,*,#1690,.T.);
#2245=ORIENTED_EDGE('',*,*,#1658,.T.);
#2246=ORIENTED_EDGE('',*,*,#1662,.T.);
#2247=ORIENTED_EDGE('',*,*,#1691,.T.);
#2248=ORIENTED_EDGE('',*,*,#1692,.T.);
#2249=ORIENTED_EDGE('',*,*,#1693,.T.);
#2250=ORIENTED_EDGE('',*,*,#1694,.T.);
#2251=ORIENTED_EDGE('',*,*,#1695,.T.);
#2252=ORIENTED_EDGE('',*,*,#1696,.T.);
#2253=ORIENTED_EDGE('',*,*,#1697,.F.);
#2254=ORIENTED_EDGE('',*,*,#1580,.F.);
#2255=ORIENTED_EDGE('',*,*,#1698,.T.);
#2256=ORIENTED_EDGE('',*,*,#1699,.T.);
#2257=ORIENTED_EDGE('',*,*,#1700,.T.);
#2258=ORIENTED_EDGE('',*,*,#1701,.T.);
#2259=ORIENTED_EDGE('',*,*,#1702,.T.);
#2260=ORIENTED_EDGE('',*,*,#1703,.T.);
#2261=ORIENTED_EDGE('',*,*,#1704,.T.);
#2262=ORIENTED_EDGE('',*,*,#1664,.T.);
#2263=ORIENTED_EDGE('',*,*,#1666,.T.);
#2264=ORIENTED_EDGE('',*,*,#1705,.T.);
#2265=ORIENTED_EDGE('',*,*,#1706,.T.);
#2266=ORIENTED_EDGE('',*,*,#1707,.F.);
#2267=ORIENTED_EDGE('',*,*,#1708,.F.);
#2268=ORIENTED_EDGE('',*,*,#1709,.F.);
#2269=ORIENTED_EDGE('',*,*,#1710,.T.);
#2270=ORIENTED_EDGE('',*,*,#1711,.T.);
#2271=ORIENTED_EDGE('',*,*,#1691,.F.);
#2272=ORIENTED_EDGE('',*,*,#1665,.T.);
#2273=ORIENTED_EDGE('',*,*,#1712,.T.);
#2274=ORIENTED_EDGE('',*,*,#1713,.T.);
#2275=ORIENTED_EDGE('',*,*,#1705,.F.);
#2276=ORIENTED_EDGE('',*,*,#1670,.T.);
#2277=ORIENTED_EDGE('',*,*,#1675,.T.);
#2278=ORIENTED_EDGE('',*,*,#1714,.F.);
#2279=ORIENTED_EDGE('',*,*,#1715,.F.);
#2280=ORIENTED_EDGE('',*,*,#1716,.T.);
#2281=ORIENTED_EDGE('',*,*,#1717,.F.);
#2282=ORIENTED_EDGE('',*,*,#1674,.T.);
#2283=ORIENTED_EDGE('',*,*,#1672,.T.);
#2284=ORIENTED_EDGE('',*,*,#1718,.F.);
#2285=ORIENTED_EDGE('',*,*,#1719,.F.);
#2286=ORIENTED_EDGE('',*,*,#1720,.F.);
#2287=ORIENTED_EDGE('',*,*,#1714,.T.);
#2288=ORIENTED_EDGE('',*,*,#1689,.F.);
#2289=ORIENTED_EDGE('',*,*,#1721,.T.);
#2290=ORIENTED_EDGE('',*,*,#1722,.T.);
#2291=ORIENTED_EDGE('',*,*,#1723,.F.);
#2292=ORIENTED_EDGE('',*,*,#1690,.F.);
#2293=ORIENTED_EDGE('',*,*,#1723,.T.);
#2294=ORIENTED_EDGE('',*,*,#1724,.T.);
#2295=ORIENTED_EDGE('',*,*,#1712,.F.);
#2296=ORIENTED_EDGE('',*,*,#1659,.F.);
#2297=ORIENTED_EDGE('',*,*,#1688,.F.);
#2298=ORIENTED_EDGE('',*,*,#1725,.F.);
#2299=ORIENTED_EDGE('',*,*,#1726,.T.);
#2300=ORIENTED_EDGE('',*,*,#1721,.F.);
#2301=ORIENTED_EDGE('',*,*,#1706,.F.);
#2302=ORIENTED_EDGE('',*,*,#1713,.F.);
#2303=ORIENTED_EDGE('',*,*,#1724,.F.);
#2304=ORIENTED_EDGE('',*,*,#1722,.F.);
#2305=ORIENTED_EDGE('',*,*,#1726,.F.);
#2306=ORIENTED_EDGE('',*,*,#1626,.T.);
#2307=ORIENTED_EDGE('',*,*,#1630,.T.);
#2308=ORIENTED_EDGE('',*,*,#1685,.F.);
#2309=ORIENTED_EDGE('',*,*,#1727,.T.);
#2310=ORIENTED_EDGE('',*,*,#1728,.T.);
#2311=ORIENTED_EDGE('',*,*,#1729,.T.);
#2312=ORIENTED_EDGE('',*,*,#1684,.F.);
#2313=ORIENTED_EDGE('',*,*,#1682,.T.);
#2314=ORIENTED_EDGE('',*,*,#1730,.T.);
#2315=ORIENTED_EDGE('',*,*,#1727,.F.);
#2316=ORIENTED_EDGE('',*,*,#1681,.F.);
#2317=ORIENTED_EDGE('',*,*,#1731,.F.);
#2318=ORIENTED_EDGE('',*,*,#1728,.F.);
#2319=ORIENTED_EDGE('',*,*,#1730,.F.);
#2320=ORIENTED_EDGE('',*,*,#1622,.T.);
#2321=ORIENTED_EDGE('',*,*,#1634,.T.);
#2322=ORIENTED_EDGE('',*,*,#1654,.T.);
#2323=ORIENTED_EDGE('',*,*,#1704,.F.);
#2324=ORIENTED_EDGE('',*,*,#1732,.F.);
#2325=ORIENTED_EDGE('',*,*,#1733,.F.);
#2326=ORIENTED_EDGE('',*,*,#1734,.F.);
#2327=ORIENTED_EDGE('',*,*,#1735,.F.);
#2328=ORIENTED_EDGE('',*,*,#1736,.T.);
#2329=ORIENTED_EDGE('',*,*,#1731,.T.);
#2330=ORIENTED_EDGE('',*,*,#1680,.T.);
#2331=ORIENTED_EDGE('',*,*,#1657,.T.);
#2332=ORIENTED_EDGE('',*,*,#1737,.F.);
#2333=ORIENTED_EDGE('',*,*,#1738,.T.);
#2334=ORIENTED_EDGE('',*,*,#1739,.F.);
#2335=ORIENTED_EDGE('',*,*,#1740,.F.);
#2336=ORIENTED_EDGE('',*,*,#1741,.F.);
#2337=ORIENTED_EDGE('',*,*,#1740,.T.);
#2338=ORIENTED_EDGE('',*,*,#1742,.F.);
#2339=ORIENTED_EDGE('',*,*,#1743,.F.);
#2340=ORIENTED_EDGE('',*,*,#1744,.F.);
#2341=ORIENTED_EDGE('',*,*,#1743,.T.);
#2342=ORIENTED_EDGE('',*,*,#1745,.F.);
#2343=ORIENTED_EDGE('',*,*,#1746,.F.);
#2344=ORIENTED_EDGE('',*,*,#1747,.F.);
#2345=ORIENTED_EDGE('',*,*,#1746,.T.);
#2346=ORIENTED_EDGE('',*,*,#1748,.F.);
#2347=ORIENTED_EDGE('',*,*,#1738,.F.);
#2348=ORIENTED_EDGE('',*,*,#1748,.T.);
#2349=ORIENTED_EDGE('',*,*,#1745,.T.);
#2350=ORIENTED_EDGE('',*,*,#1742,.T.);
#2351=ORIENTED_EDGE('',*,*,#1739,.T.);
#2352=ORIENTED_EDGE('',*,*,#1618,.T.);
#2353=ORIENTED_EDGE('',*,*,#1638,.T.);
#2354=ORIENTED_EDGE('',*,*,#1577,.T.);
#2355=ORIENTED_EDGE('',*,*,#1749,.F.);
#2356=ORIENTED_EDGE('',*,*,#1694,.F.);
#2357=ORIENTED_EDGE('',*,*,#1750,.F.);
#2358=ORIENTED_EDGE('',*,*,#1751,.F.);
#2359=ORIENTED_EDGE('',*,*,#1752,.T.);
#2360=ORIENTED_EDGE('',*,*,#1607,.F.);
#2361=ORIENTED_EDGE('',*,*,#1753,.F.);
#2362=ORIENTED_EDGE('',*,*,#1754,.F.);
#2363=ORIENTED_EDGE('',*,*,#1755,.T.);
#2364=ORIENTED_EDGE('',*,*,#1756,.F.);
#2365=ORIENTED_EDGE('',*,*,#1757,.T.);
#2366=ORIENTED_EDGE('',*,*,#1576,.T.);
#2367=ORIENTED_EDGE('',*,*,#1758,.T.);
#2368=ORIENTED_EDGE('',*,*,#1695,.F.);
#2369=ORIENTED_EDGE('',*,*,#1749,.T.);
#2370=ORIENTED_EDGE('',*,*,#1528,.F.);
#2371=ORIENTED_EDGE('',*,*,#1578,.T.);
#2372=ORIENTED_EDGE('',*,*,#1757,.F.);
#2373=ORIENTED_EDGE('',*,*,#1759,.F.);
#2374=ORIENTED_EDGE('',*,*,#1760,.F.);
#2375=ORIENTED_EDGE('',*,*,#1761,.F.);
#2376=ORIENTED_EDGE('',*,*,#1762,.F.);
#2377=ORIENTED_EDGE('',*,*,#1763,.F.);
#2378=ORIENTED_EDGE('',*,*,#1764,.F.);
#2379=ORIENTED_EDGE('',*,*,#1765,.F.);
#2380=ORIENTED_EDGE('',*,*,#1572,.T.);
#2381=ORIENTED_EDGE('',*,*,#1569,.F.);
#2382=ORIENTED_EDGE('',*,*,#1474,.F.);
#2383=ORIENTED_EDGE('',*,*,#1571,.F.);
#2384=ORIENTED_EDGE('',*,*,#1481,.F.);
#2385=ORIENTED_EDGE('',*,*,#1562,.F.);
#2386=ORIENTED_EDGE('',*,*,#1556,.F.);
#2387=ORIENTED_EDGE('',*,*,#1531,.F.);
#2388=ORIENTED_EDGE('',*,*,#1559,.F.);
#2389=ORIENTED_EDGE('',*,*,#1579,.F.);
#2390=ORIENTED_EDGE('',*,*,#1482,.F.);
#2391=ORIENTED_EDGE('',*,*,#1486,.F.);
#2392=ORIENTED_EDGE('',*,*,#1766,.F.);
#2393=ORIENTED_EDGE('',*,*,#1767,.F.);
#2394=ORIENTED_EDGE('',*,*,#1582,.F.);
#2395=ORIENTED_EDGE('',*,*,#1768,.T.);
#2396=ORIENTED_EDGE('',*,*,#1769,.F.);
#2397=ORIENTED_EDGE('',*,*,#1768,.F.);
#2398=ORIENTED_EDGE('',*,*,#1581,.F.);
#2399=ORIENTED_EDGE('',*,*,#1697,.T.);
#2400=ORIENTED_EDGE('',*,*,#1770,.F.);
#2401=ORIENTED_EDGE('',*,*,#1698,.F.);
#2402=ORIENTED_EDGE('',*,*,#1583,.F.);
#2403=ORIENTED_EDGE('',*,*,#1767,.T.);
#2404=ORIENTED_EDGE('',*,*,#1575,.T.);
#2405=ORIENTED_EDGE('',*,*,#1771,.T.);
#2406=ORIENTED_EDGE('',*,*,#1699,.F.);
#2407=ORIENTED_EDGE('',*,*,#1770,.T.);
#2408=ORIENTED_EDGE('',*,*,#1766,.T.);
#2409=ORIENTED_EDGE('',*,*,#1769,.T.);
#2410=ORIENTED_EDGE('',*,*,#1696,.F.);
#2411=ORIENTED_EDGE('',*,*,#1758,.F.);
#2412=ORIENTED_EDGE('',*,*,#1692,.F.);
#2413=ORIENTED_EDGE('',*,*,#1711,.F.);
#2414=ORIENTED_EDGE('',*,*,#1772,.T.);
#2415=ORIENTED_EDGE('',*,*,#1773,.F.);
#2416=ORIENTED_EDGE('',*,*,#1774,.F.);
#2417=ORIENTED_EDGE('',*,*,#1772,.F.);
#2418=ORIENTED_EDGE('',*,*,#1703,.F.);
#2419=ORIENTED_EDGE('',*,*,#1775,.F.);
#2420=ORIENTED_EDGE('',*,*,#1776,.T.);
#2421=ORIENTED_EDGE('',*,*,#1732,.T.);
#2422=ORIENTED_EDGE('',*,*,#1777,.F.);
#2423=ORIENTED_EDGE('',*,*,#1776,.F.);
#2424=ORIENTED_EDGE('',*,*,#1778,.F.);
#2425=ORIENTED_EDGE('',*,*,#1779,.F.);
#2426=ORIENTED_EDGE('',*,*,#1780,.T.);
#2427=ORIENTED_EDGE('',*,*,#1781,.F.);
#2428=ORIENTED_EDGE('',*,*,#1782,.F.);
#2429=ORIENTED_EDGE('',*,*,#1783,.F.);
#2430=ORIENTED_EDGE('',*,*,#1780,.F.);
#2431=ORIENTED_EDGE('',*,*,#1777,.T.);
#2432=ORIENTED_EDGE('',*,*,#1775,.T.);
#2433=ORIENTED_EDGE('',*,*,#1702,.F.);
#2434=ORIENTED_EDGE('',*,*,#1784,.F.);
#2435=ORIENTED_EDGE('',*,*,#1785,.F.);
#2436=ORIENTED_EDGE('',*,*,#1733,.T.);
#2437=ORIENTED_EDGE('',*,*,#1781,.T.);
#2438=ORIENTED_EDGE('',*,*,#1783,.T.);
#2439=ORIENTED_EDGE('',*,*,#1786,.F.);
#2440=ORIENTED_EDGE('',*,*,#1787,.F.);
#2441=ORIENTED_EDGE('',*,*,#1788,.T.);
#2442=ORIENTED_EDGE('',*,*,#1789,.F.);
#2443=ORIENTED_EDGE('',*,*,#1782,.T.);
#2444=ORIENTED_EDGE('',*,*,#1779,.T.);
#2445=ORIENTED_EDGE('',*,*,#1790,.F.);
#2446=ORIENTED_EDGE('',*,*,#1791,.F.);
#2447=ORIENTED_EDGE('',*,*,#1792,.F.);
#2448=ORIENTED_EDGE('',*,*,#1786,.T.);
#2449=ORIENTED_EDGE('',*,*,#1600,.F.);
#2450=ORIENTED_EDGE('',*,*,#1793,.F.);
#2451=ORIENTED_EDGE('',*,*,#1794,.F.);
#2452=ORIENTED_EDGE('',*,*,#1795,.T.);
#2453=ORIENTED_EDGE('',*,*,#1601,.F.);
#2454=ORIENTED_EDGE('',*,*,#1795,.F.);
#2455=ORIENTED_EDGE('',*,*,#1796,.F.);
#2456=ORIENTED_EDGE('',*,*,#1797,.T.);
#2457=ORIENTED_EDGE('',*,*,#1602,.F.);
#2458=ORIENTED_EDGE('',*,*,#1797,.F.);
#2459=ORIENTED_EDGE('',*,*,#1798,.F.);
#2460=ORIENTED_EDGE('',*,*,#1799,.T.);
#2461=ORIENTED_EDGE('',*,*,#1603,.F.);
#2462=ORIENTED_EDGE('',*,*,#1799,.F.);
#2463=ORIENTED_EDGE('',*,*,#1800,.F.);
#2464=ORIENTED_EDGE('',*,*,#1801,.T.);
#2465=ORIENTED_EDGE('',*,*,#1604,.F.);
#2466=ORIENTED_EDGE('',*,*,#1801,.F.);
#2467=ORIENTED_EDGE('',*,*,#1802,.F.);
#2468=ORIENTED_EDGE('',*,*,#1803,.T.);
#2469=ORIENTED_EDGE('',*,*,#1605,.F.);
#2470=ORIENTED_EDGE('',*,*,#1803,.F.);
#2471=ORIENTED_EDGE('',*,*,#1804,.F.);
#2472=ORIENTED_EDGE('',*,*,#1805,.T.);
#2473=ORIENTED_EDGE('',*,*,#1606,.F.);
#2474=ORIENTED_EDGE('',*,*,#1805,.F.);
#2475=ORIENTED_EDGE('',*,*,#1806,.F.);
#2476=ORIENTED_EDGE('',*,*,#1753,.T.);
#2477=ORIENTED_EDGE('',*,*,#1608,.F.);
#2478=ORIENTED_EDGE('',*,*,#1752,.F.);
#2479=ORIENTED_EDGE('',*,*,#1807,.F.);
#2480=ORIENTED_EDGE('',*,*,#1808,.T.);
#2481=ORIENTED_EDGE('',*,*,#1609,.F.);
#2482=ORIENTED_EDGE('',*,*,#1808,.F.);
#2483=ORIENTED_EDGE('',*,*,#1809,.F.);
#2484=ORIENTED_EDGE('',*,*,#1810,.T.);
#2485=ORIENTED_EDGE('',*,*,#1610,.F.);
#2486=ORIENTED_EDGE('',*,*,#1810,.F.);
#2487=ORIENTED_EDGE('',*,*,#1811,.F.);
#2488=ORIENTED_EDGE('',*,*,#1812,.T.);
#2489=ORIENTED_EDGE('',*,*,#1611,.F.);
#2490=ORIENTED_EDGE('',*,*,#1812,.F.);
#2491=ORIENTED_EDGE('',*,*,#1708,.T.);
#2492=ORIENTED_EDGE('',*,*,#1813,.T.);
#2493=ORIENTED_EDGE('',*,*,#1612,.F.);
#2494=ORIENTED_EDGE('',*,*,#1813,.F.);
#2495=ORIENTED_EDGE('',*,*,#1814,.F.);
#2496=ORIENTED_EDGE('',*,*,#1815,.T.);
#2497=ORIENTED_EDGE('',*,*,#1613,.F.);
#2498=ORIENTED_EDGE('',*,*,#1815,.F.);
#2499=ORIENTED_EDGE('',*,*,#1816,.F.);
#2500=ORIENTED_EDGE('',*,*,#1817,.T.);
#2501=ORIENTED_EDGE('',*,*,#1614,.F.);
#2502=ORIENTED_EDGE('',*,*,#1817,.F.);
#2503=ORIENTED_EDGE('',*,*,#1818,.F.);
#2504=ORIENTED_EDGE('',*,*,#1819,.T.);
#2505=ORIENTED_EDGE('',*,*,#1615,.F.);
#2506=ORIENTED_EDGE('',*,*,#1819,.F.);
#2507=ORIENTED_EDGE('',*,*,#1820,.F.);
#2508=ORIENTED_EDGE('',*,*,#1793,.T.);
#2509=ORIENTED_EDGE('',*,*,#1584,.F.);
#2510=ORIENTED_EDGE('',*,*,#1821,.F.);
#2511=ORIENTED_EDGE('',*,*,#1822,.F.);
#2512=ORIENTED_EDGE('',*,*,#1823,.T.);
#2513=ORIENTED_EDGE('',*,*,#1585,.F.);
#2514=ORIENTED_EDGE('',*,*,#1823,.F.);
#2515=ORIENTED_EDGE('',*,*,#1824,.F.);
#2516=ORIENTED_EDGE('',*,*,#1825,.T.);
#2517=ORIENTED_EDGE('',*,*,#1587,.F.);
#2518=ORIENTED_EDGE('',*,*,#1826,.F.);
#2519=ORIENTED_EDGE('',*,*,#1827,.F.);
#2520=ORIENTED_EDGE('',*,*,#1828,.T.);
#2521=ORIENTED_EDGE('',*,*,#1588,.F.);
#2522=ORIENTED_EDGE('',*,*,#1828,.F.);
#2523=ORIENTED_EDGE('',*,*,#1829,.F.);
#2524=ORIENTED_EDGE('',*,*,#1830,.T.);
#2525=ORIENTED_EDGE('',*,*,#1589,.F.);
#2526=ORIENTED_EDGE('',*,*,#1830,.F.);
#2527=ORIENTED_EDGE('',*,*,#1831,.F.);
#2528=ORIENTED_EDGE('',*,*,#1832,.T.);
#2529=ORIENTED_EDGE('',*,*,#1590,.F.);
#2530=ORIENTED_EDGE('',*,*,#1832,.F.);
#2531=ORIENTED_EDGE('',*,*,#1833,.F.);
#2532=ORIENTED_EDGE('',*,*,#1834,.T.);
#2533=ORIENTED_EDGE('',*,*,#1591,.F.);
#2534=ORIENTED_EDGE('',*,*,#1834,.F.);
#2535=ORIENTED_EDGE('',*,*,#1835,.F.);
#2536=ORIENTED_EDGE('',*,*,#1836,.T.);
#2537=ORIENTED_EDGE('',*,*,#1592,.F.);
#2538=ORIENTED_EDGE('',*,*,#1836,.F.);
#2539=ORIENTED_EDGE('',*,*,#1837,.F.);
#2540=ORIENTED_EDGE('',*,*,#1838,.T.);
#2541=ORIENTED_EDGE('',*,*,#1593,.F.);
#2542=ORIENTED_EDGE('',*,*,#1838,.F.);
#2543=ORIENTED_EDGE('',*,*,#1839,.F.);
#2544=ORIENTED_EDGE('',*,*,#1840,.T.);
#2545=ORIENTED_EDGE('',*,*,#1594,.F.);
#2546=ORIENTED_EDGE('',*,*,#1840,.F.);
#2547=ORIENTED_EDGE('',*,*,#1841,.F.);
#2548=ORIENTED_EDGE('',*,*,#1842,.T.);
#2549=ORIENTED_EDGE('',*,*,#1595,.F.);
#2550=ORIENTED_EDGE('',*,*,#1842,.F.);
#2551=ORIENTED_EDGE('',*,*,#1843,.F.);
#2552=ORIENTED_EDGE('',*,*,#1844,.T.);
#2553=ORIENTED_EDGE('',*,*,#1596,.F.);
#2554=ORIENTED_EDGE('',*,*,#1844,.F.);
#2555=ORIENTED_EDGE('',*,*,#1845,.F.);
#2556=ORIENTED_EDGE('',*,*,#1846,.T.);
#2557=ORIENTED_EDGE('',*,*,#1597,.F.);
#2558=ORIENTED_EDGE('',*,*,#1846,.F.);
#2559=ORIENTED_EDGE('',*,*,#1847,.F.);
#2560=ORIENTED_EDGE('',*,*,#1848,.T.);
#2561=ORIENTED_EDGE('',*,*,#1598,.F.);
#2562=ORIENTED_EDGE('',*,*,#1848,.F.);
#2563=ORIENTED_EDGE('',*,*,#1849,.T.);
#2564=ORIENTED_EDGE('',*,*,#1850,.T.);
#2565=ORIENTED_EDGE('',*,*,#1599,.F.);
#2566=ORIENTED_EDGE('',*,*,#1850,.F.);
#2567=ORIENTED_EDGE('',*,*,#1851,.F.);
#2568=ORIENTED_EDGE('',*,*,#1852,.F.);
#2569=ORIENTED_EDGE('',*,*,#1821,.T.);
#2570=ORIENTED_EDGE('',*,*,#1735,.T.);
#2571=ORIENTED_EDGE('',*,*,#1851,.T.);
#2572=ORIENTED_EDGE('',*,*,#1849,.F.);
#2573=ORIENTED_EDGE('',*,*,#1852,.T.);
#2574=ORIENTED_EDGE('',*,*,#1734,.T.);
#2575=ORIENTED_EDGE('',*,*,#1785,.T.);
#2576=ORIENTED_EDGE('',*,*,#1853,.T.);
#2577=ORIENTED_EDGE('',*,*,#1824,.T.);
#2578=ORIENTED_EDGE('',*,*,#1822,.T.);
#2579=ORIENTED_EDGE('',*,*,#1806,.T.);
#2580=ORIENTED_EDGE('',*,*,#1804,.T.);
#2581=ORIENTED_EDGE('',*,*,#1802,.T.);
#2582=ORIENTED_EDGE('',*,*,#1800,.T.);
#2583=ORIENTED_EDGE('',*,*,#1798,.T.);
#2584=ORIENTED_EDGE('',*,*,#1796,.T.);
#2585=ORIENTED_EDGE('',*,*,#1794,.T.);
#2586=ORIENTED_EDGE('',*,*,#1820,.T.);
#2587=ORIENTED_EDGE('',*,*,#1818,.T.);
#2588=ORIENTED_EDGE('',*,*,#1816,.T.);
#2589=ORIENTED_EDGE('',*,*,#1814,.T.);
#2590=ORIENTED_EDGE('',*,*,#1854,.T.);
#2591=ORIENTED_EDGE('',*,*,#1855,.T.);
#2592=ORIENTED_EDGE('',*,*,#1847,.T.);
#2593=ORIENTED_EDGE('',*,*,#1845,.T.);
#2594=ORIENTED_EDGE('',*,*,#1843,.T.);
#2595=ORIENTED_EDGE('',*,*,#1841,.T.);
#2596=ORIENTED_EDGE('',*,*,#1839,.T.);
#2597=ORIENTED_EDGE('',*,*,#1837,.T.);
#2598=ORIENTED_EDGE('',*,*,#1835,.T.);
#2599=ORIENTED_EDGE('',*,*,#1833,.T.);
#2600=ORIENTED_EDGE('',*,*,#1831,.T.);
#2601=ORIENTED_EDGE('',*,*,#1829,.T.);
#2602=ORIENTED_EDGE('',*,*,#1827,.T.);
#2603=ORIENTED_EDGE('',*,*,#1856,.T.);
#2604=ORIENTED_EDGE('',*,*,#1715,.T.);
#2605=ORIENTED_EDGE('',*,*,#1720,.T.);
#2606=ORIENTED_EDGE('',*,*,#1857,.T.);
#2607=ORIENTED_EDGE('',*,*,#1858,.T.);
#2608=ORIENTED_EDGE('',*,*,#1787,.T.);
#2609=ORIENTED_EDGE('',*,*,#1792,.T.);
#2610=ORIENTED_EDGE('',*,*,#1859,.T.);
#2611=ORIENTED_EDGE('',*,*,#1860,.T.);
#2612=ORIENTED_EDGE('',*,*,#1677,.T.);
#2613=ORIENTED_EDGE('',*,*,#1861,.T.);
#2614=ORIENTED_EDGE('',*,*,#1754,.T.);
#2615=ORIENTED_EDGE('',*,*,#1737,.T.);
#2616=ORIENTED_EDGE('',*,*,#1741,.T.);
#2617=ORIENTED_EDGE('',*,*,#1744,.T.);
#2618=ORIENTED_EDGE('',*,*,#1747,.T.);
#2619=ORIENTED_EDGE('',*,*,#1862,.F.);
#2620=ORIENTED_EDGE('',*,*,#1863,.F.);
#2621=ORIENTED_EDGE('',*,*,#1859,.F.);
#2622=ORIENTED_EDGE('',*,*,#1791,.T.);
#2623=ORIENTED_EDGE('',*,*,#1864,.F.);
#2624=ORIENTED_EDGE('',*,*,#1788,.F.);
#2625=ORIENTED_EDGE('',*,*,#1858,.F.);
#2626=ORIENTED_EDGE('',*,*,#1865,.T.);
#2627=ORIENTED_EDGE('',*,*,#1866,.F.);
#2628=ORIENTED_EDGE('',*,*,#1865,.F.);
#2629=ORIENTED_EDGE('',*,*,#1857,.F.);
#2630=ORIENTED_EDGE('',*,*,#1719,.T.);
#2631=ORIENTED_EDGE('',*,*,#1686,.F.);
#2632=ORIENTED_EDGE('',*,*,#1729,.F.);
#2633=ORIENTED_EDGE('',*,*,#1736,.F.);
#2634=ORIENTED_EDGE('',*,*,#1855,.F.);
#2635=ORIENTED_EDGE('',*,*,#1867,.T.);
#2636=ORIENTED_EDGE('',*,*,#1687,.F.);
#2637=ORIENTED_EDGE('',*,*,#1867,.F.);
#2638=ORIENTED_EDGE('',*,*,#1854,.F.);
#2639=ORIENTED_EDGE('',*,*,#1707,.T.);
#2640=ORIENTED_EDGE('',*,*,#1725,.T.);
#2641=ORIENTED_EDGE('',*,*,#1774,.T.);
#2642=ORIENTED_EDGE('',*,*,#1710,.F.);
#2643=ORIENTED_EDGE('',*,*,#1868,.F.);
#2644=ORIENTED_EDGE('',*,*,#1750,.T.);
#2645=ORIENTED_EDGE('',*,*,#1693,.F.);
#2646=ORIENTED_EDGE('',*,*,#1773,.T.);
#2647=ORIENTED_EDGE('',*,*,#1645,.T.);
#2648=ORIENTED_EDGE('',*,*,#1869,.F.);
#2649=ORIENTED_EDGE('',*,*,#1755,.F.);
#2650=ORIENTED_EDGE('',*,*,#1861,.F.);
#2651=ORIENTED_EDGE('',*,*,#1676,.T.);
#2652=ORIENTED_EDGE('',*,*,#1647,.T.);
#2653=ORIENTED_EDGE('',*,*,#1870,.F.);
#2654=ORIENTED_EDGE('',*,*,#1678,.F.);
#2655=ORIENTED_EDGE('',*,*,#1860,.F.);
#2656=ORIENTED_EDGE('',*,*,#1863,.T.);
#2657=ORIENTED_EDGE('',*,*,#1807,.T.);
#2658=ORIENTED_EDGE('',*,*,#1751,.T.);
#2659=ORIENTED_EDGE('',*,*,#1868,.T.);
#2660=ORIENTED_EDGE('',*,*,#1709,.T.);
#2661=ORIENTED_EDGE('',*,*,#1811,.T.);
#2662=ORIENTED_EDGE('',*,*,#1809,.T.);
#2663=ORIENTED_EDGE('',*,*,#1640,.T.);
#2664=ORIENTED_EDGE('',*,*,#1679,.T.);
#2665=ORIENTED_EDGE('',*,*,#1870,.T.);
#2666=ORIENTED_EDGE('',*,*,#1862,.T.);
#2667=ORIENTED_EDGE('',*,*,#1790,.T.);
#2668=ORIENTED_EDGE('',*,*,#1778,.T.);
#2669=ORIENTED_EDGE('',*,*,#1789,.T.);
#2670=ORIENTED_EDGE('',*,*,#1864,.T.);
#2671=ORIENTED_EDGE('',*,*,#1866,.T.);
#2672=ORIENTED_EDGE('',*,*,#1718,.T.);
#2673=ORIENTED_EDGE('',*,*,#1671,.T.);
#2674=ORIENTED_EDGE('',*,*,#1667,.T.);
#2675=ORIENTED_EDGE('',*,*,#1717,.T.);
#2676=ORIENTED_EDGE('',*,*,#1871,.T.);
#2677=ORIENTED_EDGE('',*,*,#1872,.T.);
#2678=ORIENTED_EDGE('',*,*,#1873,.T.);
#2679=ORIENTED_EDGE('',*,*,#1874,.T.);
#2680=ORIENTED_EDGE('',*,*,#1875,.T.);
#2681=ORIENTED_EDGE('',*,*,#1876,.T.);
#2682=ORIENTED_EDGE('',*,*,#1869,.T.);
#2683=ORIENTED_EDGE('',*,*,#1644,.T.);
#2684=ORIENTED_EDGE('',*,*,#1573,.T.);
#2685=ORIENTED_EDGE('',*,*,#1765,.T.);
#2686=ORIENTED_EDGE('',*,*,#1877,.T.);
#2687=ORIENTED_EDGE('',*,*,#1716,.F.);
#2688=ORIENTED_EDGE('',*,*,#1856,.F.);
#2689=ORIENTED_EDGE('',*,*,#1826,.T.);
#2690=ORIENTED_EDGE('',*,*,#1586,.F.);
#2691=ORIENTED_EDGE('',*,*,#1825,.F.);
#2692=ORIENTED_EDGE('',*,*,#1853,.F.);
#2693=ORIENTED_EDGE('',*,*,#1784,.T.);
#2694=ORIENTED_EDGE('',*,*,#1701,.F.);
#2695=ORIENTED_EDGE('',*,*,#1878,.F.);
#2696=ORIENTED_EDGE('',*,*,#1574,.T.);
#2697=ORIENTED_EDGE('',*,*,#1878,.T.);
#2698=ORIENTED_EDGE('',*,*,#1700,.F.);
#2699=ORIENTED_EDGE('',*,*,#1771,.F.);
#2700=ORIENTED_EDGE('',*,*,#1759,.T.);
#2701=ORIENTED_EDGE('',*,*,#1756,.T.);
#2702=ORIENTED_EDGE('',*,*,#1876,.F.);
#2703=ORIENTED_EDGE('',*,*,#1879,.F.);
#2704=ORIENTED_EDGE('',*,*,#1760,.T.);
#2705=ORIENTED_EDGE('',*,*,#1879,.T.);
#2706=ORIENTED_EDGE('',*,*,#1875,.F.);
#2707=ORIENTED_EDGE('',*,*,#1880,.F.);
#2708=ORIENTED_EDGE('',*,*,#1761,.T.);
#2709=ORIENTED_EDGE('',*,*,#1880,.T.);
#2710=ORIENTED_EDGE('',*,*,#1874,.F.);
#2711=ORIENTED_EDGE('',*,*,#1881,.F.);
#2712=ORIENTED_EDGE('',*,*,#1762,.T.);
#2713=ORIENTED_EDGE('',*,*,#1881,.T.);
#2714=ORIENTED_EDGE('',*,*,#1873,.F.);
#2715=ORIENTED_EDGE('',*,*,#1882,.F.);
#2716=ORIENTED_EDGE('',*,*,#1763,.T.);
#2717=ORIENTED_EDGE('',*,*,#1882,.T.);
#2718=ORIENTED_EDGE('',*,*,#1872,.F.);
#2719=ORIENTED_EDGE('',*,*,#1883,.F.);
#2720=ORIENTED_EDGE('',*,*,#1764,.T.);
#2721=ORIENTED_EDGE('',*,*,#1883,.T.);
#2722=ORIENTED_EDGE('',*,*,#1871,.F.);
#2723=ORIENTED_EDGE('',*,*,#1877,.F.);
#2724=PLANE('',#3043);
#2725=PLANE('',#3044);
#2726=PLANE('',#3045);
#2727=PLANE('',#3046);
#2728=PLANE('',#3047);
#2729=PLANE('',#3048);
#2730=PLANE('',#3049);
#2731=PLANE('',#3050);
#2732=PLANE('',#3051);
#2733=PLANE('',#3052);
#2734=PLANE('',#3053);
#2735=PLANE('',#3054);
#2736=PLANE('',#3055);
#2737=PLANE('',#3056);
#2738=PLANE('',#3057);
#2739=PLANE('',#3058);
#2740=PLANE('',#3059);
#2741=PLANE('',#3060);
#2742=PLANE('',#3061);
#2743=PLANE('',#3062);
#2744=PLANE('',#3063);
#2745=PLANE('',#3064);
#2746=PLANE('',#3065);
#2747=PLANE('',#3066);
#2748=PLANE('',#3067);
#2749=PLANE('',#3068);
#2750=PLANE('',#3069);
#2751=PLANE('',#3070);
#2752=PLANE('',#3071);
#2753=PLANE('',#3072);
#2754=PLANE('',#3073);
#2755=PLANE('',#3074);
#2756=PLANE('',#3075);
#2757=PLANE('',#3076);
#2758=PLANE('',#3077);
#2759=PLANE('',#3078);
#2760=PLANE('',#3079);
#2761=PLANE('',#3080);
#2762=PLANE('',#3081);
#2763=PLANE('',#3082);
#2764=PLANE('',#3083);
#2765=PLANE('',#3084);
#2766=PLANE('',#3085);
#2767=PLANE('',#3086);
#2768=PLANE('',#3087);
#2769=PLANE('',#3088);
#2770=PLANE('',#3089);
#2771=PLANE('',#3090);
#2772=PLANE('',#3091);
#2773=PLANE('',#3092);
#2774=PLANE('',#3093);
#2775=PLANE('',#3094);
#2776=PLANE('',#3095);
#2777=PLANE('',#3096);
#2778=PLANE('',#3121);
#2779=PLANE('',#3122);
#2780=PLANE('',#3123);
#2781=PLANE('',#3124);
#2782=PLANE('',#3125);
#2783=PLANE('',#3126);
#2784=PLANE('',#3127);
#2785=PLANE('',#3128);
#2786=PLANE('',#3129);
#2787=PLANE('',#3130);
#2788=PLANE('',#3131);
#2789=PLANE('',#3132);
#2790=PLANE('',#3133);
#2791=PLANE('',#3134);
#2792=PLANE('',#3135);
#2793=PLANE('',#3138);
#2794=PLANE('',#3139);
#2795=PLANE('',#3140);
#2796=PLANE('',#3141);
#2797=PLANE('',#3142);
#2798=PLANE('',#3143);
#2799=PLANE('',#3144);
#2800=PLANE('',#3145);
#2801=PLANE('',#3146);
#2802=PLANE('',#3147);
#2803=PLANE('',#3148);
#2804=PLANE('',#3149);
#2805=PLANE('',#3150);
#2806=PLANE('',#3151);
#2807=PLANE('',#3152);
#2808=PLANE('',#3153);
#2809=PLANE('',#3154);
#2810=PLANE('',#3155);
#2811=PLANE('',#3156);
#2812=PLANE('',#3157);
#2813=PLANE('',#3158);
#2814=PLANE('',#3159);
#2815=PLANE('',#3160);
#2816=PLANE('',#3161);
#2817=PLANE('',#3162);
#2818=PLANE('',#3165);
#2819=PLANE('',#3168);
#2820=PLANE('',#3172);
#2821=PLANE('',#3173);
#2822=PLANE('',#3174);
#2823=PLANE('',#3175);
#2824=PLANE('',#3176);
#2825=PLANE('',#3177);
#2826=PLANE('',#3178);
#2827=PLANE('',#3179);
#2828=PLANE('',#3180);
#2829=PLANE('',#3181);
#2830=PLANE('',#3182);
#2831=PLANE('',#3183);
#2832=PLANE('',#3184);
#2833=PLANE('',#3185);
#2834=PLANE('',#3186);
#2835=PLANE('',#3187);
#2836=PLANE('',#3188);
#2837=PLANE('',#3189);
#2838=PLANE('',#3190);
#2839=PLANE('',#3191);
#2840=PLANE('',#3192);
#2841=PLANE('',#3193);
#2842=PLANE('',#3194);
#2843=PLANE('',#3195);
#2844=PLANE('',#3196);
#2845=PLANE('',#3197);
#2846=PLANE('',#3198);
#2847=PLANE('',#3199);
#2848=PLANE('',#3200);
#2849=PLANE('',#3201);
#2850=PLANE('',#3202);
#2851=PLANE('',#3203);
#2852=PLANE('',#3204);
#2853=PLANE('',#3205);
#2854=PLANE('',#3206);
#2855=PLANE('',#3207);
#2856=PLANE('',#3208);
#2857=PLANE('',#3209);
#2858=PLANE('',#3210);
#2859=PLANE('',#3211);
#2860=PLANE('',#3212);
#2861=PLANE('',#3213);
#2862=PLANE('',#3214);
#2863=PLANE('',#3215);
#2864=PLANE('',#3216);
#2865=PLANE('',#3217);
#2866=PLANE('',#3218);
#2867=PLANE('',#3219);
#2868=PLANE('',#3220);
#2869=PLANE('',#3221);
#2870=PLANE('',#3222);
#2871=PLANE('',#3223);
#2872=PLANE('',#3224);
#2873=PLANE('',#3225);
#2874=PLANE('',#3226);
#2875=ADVANCED_FACE('',(#58),#2724,.T.);
#2876=ADVANCED_FACE('',(#59),#2725,.T.);
#2877=ADVANCED_FACE('',(#60),#2726,.T.);
#2878=ADVANCED_FACE('',(#61),#2727,.T.);
#2879=ADVANCED_FACE('',(#62),#2728,.T.);
#2880=ADVANCED_FACE('',(#63),#2729,.T.);
#2881=ADVANCED_FACE('',(#64),#2730,.T.);
#2882=ADVANCED_FACE('',(#65),#2731,.T.);
#2883=ADVANCED_FACE('',(#66),#2732,.T.);
#2884=ADVANCED_FACE('',(#67),#2733,.T.);
#2885=ADVANCED_FACE('',(#68),#2734,.T.);
#2886=ADVANCED_FACE('',(#69),#2735,.T.);
#2887=ADVANCED_FACE('',(#70),#2736,.T.);
#2888=ADVANCED_FACE('',(#71),#2737,.T.);
#2889=ADVANCED_FACE('',(#72),#2738,.T.);
#2890=ADVANCED_FACE('',(#73),#2739,.T.);
#2891=ADVANCED_FACE('',(#74),#2740,.T.);
#2892=ADVANCED_FACE('',(#75),#2741,.T.);
#2893=ADVANCED_FACE('',(#76),#2742,.T.);
#2894=ADVANCED_FACE('',(#77),#2743,.T.);
#2895=ADVANCED_FACE('',(#78),#2744,.T.);
#2896=ADVANCED_FACE('',(#79),#2745,.T.);
#2897=ADVANCED_FACE('',(#80),#2746,.T.);
#2898=ADVANCED_FACE('',(#81),#2747,.T.);
#2899=ADVANCED_FACE('',(#82),#2748,.T.);
#2900=ADVANCED_FACE('',(#83),#2749,.T.);
#2901=ADVANCED_FACE('',(#84),#2750,.T.);
#2902=ADVANCED_FACE('',(#85),#2751,.T.);
#2903=ADVANCED_FACE('',(#86),#2752,.T.);
#2904=ADVANCED_FACE('',(#87),#2753,.T.);
#2905=ADVANCED_FACE('',(#88),#2754,.T.);
#2906=ADVANCED_FACE('',(#89),#2755,.T.);
#2907=ADVANCED_FACE('',(#90),#2756,.T.);
#2908=ADVANCED_FACE('',(#91),#2757,.T.);
#2909=ADVANCED_FACE('',(#92),#2758,.T.);
#2910=ADVANCED_FACE('',(#93),#2759,.T.);
#2911=ADVANCED_FACE('',(#94),#2760,.T.);
#2912=ADVANCED_FACE('',(#95),#2761,.T.);
#2913=ADVANCED_FACE('',(#96),#2762,.T.);
#2914=ADVANCED_FACE('',(#97),#2763,.T.);
#2915=ADVANCED_FACE('',(#98),#2764,.T.);
#2916=ADVANCED_FACE('',(#99),#2765,.T.);
#2917=ADVANCED_FACE('',(#100),#2766,.T.);
#2918=ADVANCED_FACE('',(#101),#2767,.T.);
#2919=ADVANCED_FACE('',(#102),#2768,.F.);
#2920=ADVANCED_FACE('',(#103),#2769,.T.);
#2921=ADVANCED_FACE('',(#104),#2770,.T.);
#2922=ADVANCED_FACE('',(#105),#2771,.T.);
#2923=ADVANCED_FACE('',(#106,#48),#2772,.T.);
#2924=ADVANCED_FACE('',(#107),#2773,.T.);
#2925=ADVANCED_FACE('',(#108),#2774,.T.);
#2926=ADVANCED_FACE('',(#109,#49,#50),#2775,.T.);
#2927=ADVANCED_FACE('',(#110),#2776,.T.);
#2928=ADVANCED_FACE('',(#111),#2777,.T.);
#2929=ADVANCED_FACE('',(#112),#42,.F.);
#2930=ADVANCED_FACE('',(#113),#15,.F.);
#2931=ADVANCED_FACE('',(#114),#43,.F.);
#2932=ADVANCED_FACE('',(#115),#16,.F.);
#2933=ADVANCED_FACE('',(#116),#44,.F.);
#2934=ADVANCED_FACE('',(#117),#17,.F.);
#2935=ADVANCED_FACE('',(#118),#45,.F.);
#2936=ADVANCED_FACE('',(#119),#18,.F.);
#2937=ADVANCED_FACE('',(#120),#46,.F.);
#2938=ADVANCED_FACE('',(#121),#19,.F.);
#2939=ADVANCED_FACE('',(#122),#47,.F.);
#2940=ADVANCED_FACE('',(#123),#20,.F.);
#2941=ADVANCED_FACE('',(#124),#2778,.F.);
#2942=ADVANCED_FACE('',(#125),#2779,.F.);
#2943=ADVANCED_FACE('',(#126),#2780,.F.);
#2944=ADVANCED_FACE('',(#127),#2781,.F.);
#2945=ADVANCED_FACE('',(#128),#2782,.F.);
#2946=ADVANCED_FACE('',(#129),#2783,.F.);
#2947=ADVANCED_FACE('',(#130),#2784,.F.);
#2948=ADVANCED_FACE('',(#131),#2785,.F.);
#2949=ADVANCED_FACE('',(#132),#2786,.F.);
#2950=ADVANCED_FACE('',(#133),#2787,.F.);
#2951=ADVANCED_FACE('',(#134),#2788,.F.);
#2952=ADVANCED_FACE('',(#135),#2789,.F.);
#2953=ADVANCED_FACE('',(#136),#2790,.F.);
#2954=ADVANCED_FACE('',(#137),#2791,.F.);
#2955=ADVANCED_FACE('',(#138),#2792,.F.);
#2956=ADVANCED_FACE('',(#139),#2793,.F.);
#2957=ADVANCED_FACE('',(#140),#2794,.F.);
#2958=ADVANCED_FACE('',(#141),#2795,.F.);
#2959=ADVANCED_FACE('',(#142),#2796,.F.);
#2960=ADVANCED_FACE('',(#143),#2797,.F.);
#2961=ADVANCED_FACE('',(#144),#2798,.F.);
#2962=ADVANCED_FACE('',(#145),#2799,.F.);
#2963=ADVANCED_FACE('',(#146,#51,#52),#2800,.F.);
#2964=ADVANCED_FACE('',(#147),#2801,.F.);
#2965=ADVANCED_FACE('',(#148),#2802,.F.);
#2966=ADVANCED_FACE('',(#149,#53,#54),#2803,.F.);
#2967=ADVANCED_FACE('',(#150),#2804,.F.);
#2968=ADVANCED_FACE('',(#151),#2805,.T.);
#2969=ADVANCED_FACE('',(#152),#2806,.T.);
#2970=ADVANCED_FACE('',(#153),#2807,.T.);
#2971=ADVANCED_FACE('',(#154),#2808,.T.);
#2972=ADVANCED_FACE('',(#155,#55,#56),#2809,.T.);
#2973=ADVANCED_FACE('',(#156),#2810,.F.);
#2974=ADVANCED_FACE('',(#157),#2811,.F.);
#2975=ADVANCED_FACE('',(#158),#2812,.F.);
#2976=ADVANCED_FACE('',(#159),#2813,.T.);
#2977=ADVANCED_FACE('',(#160),#2814,.F.);
#2978=ADVANCED_FACE('',(#161),#2815,.F.);
#2979=ADVANCED_FACE('',(#162),#2816,.F.);
#2980=ADVANCED_FACE('',(#163),#2817,.F.);
#2981=ADVANCED_FACE('',(#164),#21,.F.);
#2982=ADVANCED_FACE('',(#165),#2818,.T.);
#2983=ADVANCED_FACE('',(#166),#22,.F.);
#2984=ADVANCED_FACE('',(#167),#2819,.T.);
#2985=ADVANCED_FACE('',(#168),#23,.F.);
#2986=ADVANCED_FACE('',(#169),#2820,.T.);
#2987=ADVANCED_FACE('',(#170),#2821,.F.);
#2988=ADVANCED_FACE('',(#171),#2822,.F.);
#2989=ADVANCED_FACE('',(#172),#2823,.F.);
#2990=ADVANCED_FACE('',(#173),#2824,.F.);
#2991=ADVANCED_FACE('',(#174),#2825,.F.);
#2992=ADVANCED_FACE('',(#175),#2826,.F.);
#2993=ADVANCED_FACE('',(#176),#2827,.F.);
#2994=ADVANCED_FACE('',(#177),#2828,.F.);
#2995=ADVANCED_FACE('',(#178),#2829,.F.);
#2996=ADVANCED_FACE('',(#179),#2830,.F.);
#2997=ADVANCED_FACE('',(#180),#2831,.F.);
#2998=ADVANCED_FACE('',(#181),#2832,.F.);
#2999=ADVANCED_FACE('',(#182),#2833,.F.);
#3000=ADVANCED_FACE('',(#183),#2834,.F.);
#3001=ADVANCED_FACE('',(#184),#2835,.F.);
#3002=ADVANCED_FACE('',(#185),#2836,.F.);
#3003=ADVANCED_FACE('',(#186),#2837,.F.);
#3004=ADVANCED_FACE('',(#187),#2838,.F.);
#3005=ADVANCED_FACE('',(#188),#2839,.F.);
#3006=ADVANCED_FACE('',(#189),#2840,.F.);
#3007=ADVANCED_FACE('',(#190),#2841,.F.);
#3008=ADVANCED_FACE('',(#191),#2842,.F.);
#3009=ADVANCED_FACE('',(#192),#2843,.F.);
#3010=ADVANCED_FACE('',(#193),#2844,.F.);
#3011=ADVANCED_FACE('',(#194),#2845,.F.);
#3012=ADVANCED_FACE('',(#195),#2846,.F.);
#3013=ADVANCED_FACE('',(#196),#2847,.F.);
#3014=ADVANCED_FACE('',(#197),#2848,.F.);
#3015=ADVANCED_FACE('',(#198),#2849,.F.);
#3016=ADVANCED_FACE('',(#199),#2850,.F.);
#3017=ADVANCED_FACE('',(#200),#2851,.F.);
#3018=ADVANCED_FACE('',(#201),#2852,.F.);
#3019=ADVANCED_FACE('',(#202),#2853,.F.);
#3020=ADVANCED_FACE('',(#203),#2854,.T.);
#3021=ADVANCED_FACE('',(#204),#2855,.F.);
#3022=ADVANCED_FACE('',(#205,#57),#2856,.F.);
#3023=ADVANCED_FACE('',(#206),#2857,.F.);
#3024=ADVANCED_FACE('',(#207),#2858,.F.);
#3025=ADVANCED_FACE('',(#208),#2859,.F.);
#3026=ADVANCED_FACE('',(#209),#2860,.F.);
#3027=ADVANCED_FACE('',(#210),#2861,.F.);
#3028=ADVANCED_FACE('',(#211),#2862,.F.);
#3029=ADVANCED_FACE('',(#212),#2863,.F.);
#3030=ADVANCED_FACE('',(#213),#2864,.F.);
#3031=ADVANCED_FACE('',(#214),#2865,.F.);
#3032=ADVANCED_FACE('',(#215),#2866,.F.);
#3033=ADVANCED_FACE('',(#216),#2867,.F.);
#3034=ADVANCED_FACE('',(#217),#2868,.F.);
#3035=ADVANCED_FACE('',(#218),#2869,.F.);
#3036=ADVANCED_FACE('',(#219),#2870,.F.);
#3037=ADVANCED_FACE('',(#220),#2871,.F.);
#3038=ADVANCED_FACE('',(#221),#2872,.F.);
#3039=ADVANCED_FACE('',(#222),#2873,.F.);
#3040=ADVANCED_FACE('',(#223),#2874,.F.);
#3041=CLOSED_SHELL('',(#2875,#2876,#2877,#2878,#2879,#2880,#2881,#2882,
#2883,#2884,#2885,#2886,#2887,#2888,#2889,#2890,#2891,#2892,#2893,#2894,
#2895,#2896,#2897,#2898,#2899,#2900,#2901,#2902,#2903,#2904,#2905,#2906,
#2907,#2908,#2909,#2910,#2911,#2912,#2913,#2914,#2915,#2916,#2917,#2918,
#2919,#2920,#2921,#2922,#2923,#2924,#2925,#2926,#2927,#2928,#2929,#2930,
#2931,#2932,#2933,#2934,#2935,#2936,#2937,#2938,#2939,#2940,#2941,#2942,
#2943,#2944,#2945,#2946,#2947,#2948,#2949,#2950,#2951,#2952,#2953,#2954,
#2955,#2956,#2957,#2958,#2959,#2960,#2961,#2962,#2963,#2964,#2965,#2966,
#2967,#2968,#2969,#2970,#2971,#2972,#2973,#2974,#2975,#2976,#2977,#2978,
#2979,#2980,#2981,#2982,#2983,#2984,#2985,#2986,#2987,#2988,#2989,#2990,
#2991,#2992,#2993,#2994,#2995,#2996,#2997,#2998,#2999,#3000,#3001,#3002,
#3003,#3004,#3005,#3006,#3007,#3008,#3009,#3010,#3011,#3012,#3013,#3014,
#3015,#3016,#3017,#3018,#3019,#3020,#3021,#3022,#3023,#3024,#3025,#3026,
#3027,#3028,#3029,#3030,#3031,#3032,#3033,#3034,#3035,#3036,#3037,#3038,
#3039,#3040));
#3042=AXIS2_PLACEMENT_3D('',#3999,#3227,#3228);
#3043=AXIS2_PLACEMENT_3D('',#4000,#3229,#3230);
#3044=AXIS2_PLACEMENT_3D('',#4007,#3234,#3235);
#3045=AXIS2_PLACEMENT_3D('',#4014,#3239,#3240);
#3046=AXIS2_PLACEMENT_3D('',#4021,#3244,#3245);
#3047=AXIS2_PLACEMENT_3D('',#4024,#3248,#3249);
#3048=AXIS2_PLACEMENT_3D('',#4031,#3253,#3254);
#3049=AXIS2_PLACEMENT_3D('',#4034,#3257,#3258);
#3050=AXIS2_PLACEMENT_3D('',#4040,#3262,#3263);
#3051=AXIS2_PLACEMENT_3D('',#4047,#3267,#3268);
#3052=AXIS2_PLACEMENT_3D('',#4050,#3271,#3272);
#3053=AXIS2_PLACEMENT_3D('',#4053,#3275,#3276);
#3054=AXIS2_PLACEMENT_3D('',#4060,#3280,#3281);
#3055=AXIS2_PLACEMENT_3D('',#4067,#3285,#3286);
#3056=AXIS2_PLACEMENT_3D('',#4070,#3289,#3290);
#3057=AXIS2_PLACEMENT_3D('',#4077,#3294,#3295);
#3058=AXIS2_PLACEMENT_3D('',#4084,#3299,#3300);
#3059=AXIS2_PLACEMENT_3D('',#4087,#3303,#3304);
#3060=AXIS2_PLACEMENT_3D('',#4093,#3308,#3309);
#3061=AXIS2_PLACEMENT_3D('',#4100,#3313,#3314);
#3062=AXIS2_PLACEMENT_3D('',#4103,#3317,#3318);
#3063=AXIS2_PLACEMENT_3D('',#4110,#3322,#3323);
#3064=AXIS2_PLACEMENT_3D('',#4117,#3327,#3328);
#3065=AXIS2_PLACEMENT_3D('',#4120,#3331,#3332);
#3066=AXIS2_PLACEMENT_3D('',#4126,#3336,#3337);
#3067=AXIS2_PLACEMENT_3D('',#4133,#3341,#3342);
#3068=AXIS2_PLACEMENT_3D('',#4136,#3345,#3346);
#3069=AXIS2_PLACEMENT_3D('',#4139,#3349,#3350);
#3070=AXIS2_PLACEMENT_3D('',#4146,#3354,#3355);
#3071=AXIS2_PLACEMENT_3D('',#4149,#3358,#3359);
#3072=AXIS2_PLACEMENT_3D('',#4156,#3363,#3364);
#3073=AXIS2_PLACEMENT_3D('',#4159,#3367,#3368);
#3074=AXIS2_PLACEMENT_3D('',#4162,#3371,#3372);
#3075=AXIS2_PLACEMENT_3D('',#4169,#3376,#3377);
#3076=AXIS2_PLACEMENT_3D('',#4172,#3380,#3381);
#3077=AXIS2_PLACEMENT_3D('',#4175,#3384,#3385);
#3078=AXIS2_PLACEMENT_3D('',#4178,#3388,#3389);
#3079=AXIS2_PLACEMENT_3D('',#4181,#3392,#3393);
#3080=AXIS2_PLACEMENT_3D('',#4184,#3396,#3397);
#3081=AXIS2_PLACEMENT_3D('',#4187,#3400,#3401);
#3082=AXIS2_PLACEMENT_3D('',#4190,#3404,#3405);
#3083=AXIS2_PLACEMENT_3D('',#4193,#3408,#3409);
#3084=AXIS2_PLACEMENT_3D('',#4196,#3412,#3413);
#3085=AXIS2_PLACEMENT_3D('',#4202,#3417,#3418);
#3086=AXIS2_PLACEMENT_3D('',#4205,#3421,#3422);
#3087=AXIS2_PLACEMENT_3D('',#4208,#3425,#3426);
#3088=AXIS2_PLACEMENT_3D('',#4222,#3434,#3435);
#3089=AXIS2_PLACEMENT_3D('',#4224,#3437,#3438);
#3090=AXIS2_PLACEMENT_3D('',#4225,#3439,#3440);
#3091=AXIS2_PLACEMENT_3D('',#4226,#3441,#3442);
#3092=AXIS2_PLACEMENT_3D('',#4235,#3447,#3448);
#3093=AXIS2_PLACEMENT_3D('',#4236,#3449,#3450);
#3094=AXIS2_PLACEMENT_3D('',#4237,#3451,#3452);
#3095=AXIS2_PLACEMENT_3D('',#4302,#3485,#3486);
#3096=AXIS2_PLACEMENT_3D('',#4303,#3487,#3488);
#3097=AXIS2_PLACEMENT_3D('',#4304,#3489,#3490);
#3098=AXIS2_PLACEMENT_3D('',#4306,#3491,#3492);
#3099=AXIS2_PLACEMENT_3D('',#4309,#3494,#3495);
#3100=AXIS2_PLACEMENT_3D('',#4311,#3496,#3497);
#3101=AXIS2_PLACEMENT_3D('',#4313,#3499,#3500);
#3102=AXIS2_PLACEMENT_3D('',#4315,#3501,#3502);
#3103=AXIS2_PLACEMENT_3D('',#4318,#3504,#3505);
#3104=AXIS2_PLACEMENT_3D('',#4320,#3506,#3507);
#3105=AXIS2_PLACEMENT_3D('',#4322,#3509,#3510);
#3106=AXIS2_PLACEMENT_3D('',#4324,#3511,#3512);
#3107=AXIS2_PLACEMENT_3D('',#4327,#3514,#3515);
#3108=AXIS2_PLACEMENT_3D('',#4329,#3516,#3517);
#3109=AXIS2_PLACEMENT_3D('',#4331,#3519,#3520);
#3110=AXIS2_PLACEMENT_3D('',#4333,#3521,#3522);
#3111=AXIS2_PLACEMENT_3D('',#4336,#3524,#3525);
#3112=AXIS2_PLACEMENT_3D('',#4338,#3526,#3527);
#3113=AXIS2_PLACEMENT_3D('',#4340,#3529,#3530);
#3114=AXIS2_PLACEMENT_3D('',#4342,#3531,#3532);
#3115=AXIS2_PLACEMENT_3D('',#4345,#3534,#3535);
#3116=AXIS2_PLACEMENT_3D('',#4347,#3536,#3537);
#3117=AXIS2_PLACEMENT_3D('',#4349,#3539,#3540);
#3118=AXIS2_PLACEMENT_3D('',#4351,#3541,#3542);
#3119=AXIS2_PLACEMENT_3D('',#4354,#3544,#3545);
#3120=AXIS2_PLACEMENT_3D('',#4356,#3546,#3547);
#3121=AXIS2_PLACEMENT_3D('',#4358,#3549,#3550);
#3122=AXIS2_PLACEMENT_3D('',#4367,#3555,#3556);
#3123=AXIS2_PLACEMENT_3D('',#4373,#3560,#3561);
#3124=AXIS2_PLACEMENT_3D('',#4377,#3564,#3565);
#3125=AXIS2_PLACEMENT_3D('',#4386,#3570,#3571);
#3126=AXIS2_PLACEMENT_3D('',#4392,#3575,#3576);
#3127=AXIS2_PLACEMENT_3D('',#4396,#3579,#3580);
#3128=AXIS2_PLACEMENT_3D('',#4405,#3585,#3586);
#3129=AXIS2_PLACEMENT_3D('',#4411,#3590,#3591);
#3130=AXIS2_PLACEMENT_3D('',#4415,#3594,#3595);
#3131=AXIS2_PLACEMENT_3D('',#4424,#3600,#3601);
#3132=AXIS2_PLACEMENT_3D('',#4430,#3605,#3606);
#3133=AXIS2_PLACEMENT_3D('',#4434,#3609,#3610);
#3134=AXIS2_PLACEMENT_3D('',#4442,#3615,#3616);
#3135=AXIS2_PLACEMENT_3D('',#4450,#3621,#3622);
#3136=AXIS2_PLACEMENT_3D('',#4467,#3631,#3632);
#3137=AXIS2_PLACEMENT_3D('',#4488,#3643,#3644);
#3138=AXIS2_PLACEMENT_3D('',#4490,#3646,#3647);
#3139=AXIS2_PLACEMENT_3D('',#4504,#3655,#3656);
#3140=AXIS2_PLACEMENT_3D('',#4508,#3659,#3660);
#3141=AXIS2_PLACEMENT_3D('',#4516,#3665,#3666);
#3142=AXIS2_PLACEMENT_3D('',#4522,#3670,#3671);
#3143=AXIS2_PLACEMENT_3D('',#4528,#3675,#3676);
#3144=AXIS2_PLACEMENT_3D('',#4530,#3678,#3679);
#3145=AXIS2_PLACEMENT_3D('',#4533,#3682,#3683);
#3146=AXIS2_PLACEMENT_3D('',#4534,#3684,#3685);
#3147=AXIS2_PLACEMENT_3D('',#4540,#3689,#3690);
#3148=AXIS2_PLACEMENT_3D('',#4542,#3692,#3693);
#3149=AXIS2_PLACEMENT_3D('',#4544,#3695,#3696);
#3150=AXIS2_PLACEMENT_3D('',#4554,#3702,#3703);
#3151=AXIS2_PLACEMENT_3D('',#4563,#3708,#3709);
#3152=AXIS2_PLACEMENT_3D('',#4569,#3713,#3714);
#3153=AXIS2_PLACEMENT_3D('',#4575,#3718,#3719);
#3154=AXIS2_PLACEMENT_3D('',#4578,#3722,#3723);
#3155=AXIS2_PLACEMENT_3D('',#4579,#3724,#3725);
#3156=AXIS2_PLACEMENT_3D('',#4595,#3735,#3736);
#3157=AXIS2_PLACEMENT_3D('',#4597,#3738,#3739);
#3158=AXIS2_PLACEMENT_3D('',#4611,#3747,#3748);
#3159=AXIS2_PLACEMENT_3D('',#4612,#3749,#3750);
#3160=AXIS2_PLACEMENT_3D('',#4618,#3754,#3755);
#3161=AXIS2_PLACEMENT_3D('',#4620,#3757,#3758);
#3162=AXIS2_PLACEMENT_3D('',#4622,#3760,#3761);
#3163=AXIS2_PLACEMENT_3D('',#4624,#3763,#3764);
#3164=AXIS2_PLACEMENT_3D('',#4626,#3765,#3766);
#3165=AXIS2_PLACEMENT_3D('',#4628,#3768,#3769);
#3166=AXIS2_PLACEMENT_3D('',#4630,#3771,#3772);
#3167=AXIS2_PLACEMENT_3D('',#4633,#3774,#3775);
#3168=AXIS2_PLACEMENT_3D('',#4634,#3776,#3777);
#3169=AXIS2_PLACEMENT_3D('',#4636,#3779,#3780);
#3170=AXIS2_PLACEMENT_3D('',#4639,#3781,#3782);
#3171=AXIS2_PLACEMENT_3D('',#4643,#3784,#3785);
#3172=AXIS2_PLACEMENT_3D('',#4645,#3787,#3788);
#3173=AXIS2_PLACEMENT_3D('',#4649,#3791,#3792);
#3174=AXIS2_PLACEMENT_3D('',#4653,#3795,#3796);
#3175=AXIS2_PLACEMENT_3D('',#4661,#3801,#3802);
#3176=AXIS2_PLACEMENT_3D('',#4667,#3806,#3807);
#3177=AXIS2_PLACEMENT_3D('',#4673,#3811,#3812);
#3178=AXIS2_PLACEMENT_3D('',#4677,#3815,#3816);
#3179=AXIS2_PLACEMENT_3D('',#4681,#3819,#3820);
#3180=AXIS2_PLACEMENT_3D('',#4685,#3823,#3824);
#3181=AXIS2_PLACEMENT_3D('',#4689,#3827,#3828);
#3182=AXIS2_PLACEMENT_3D('',#4693,#3831,#3832);
#3183=AXIS2_PLACEMENT_3D('',#4695,#3834,#3835);
#3184=AXIS2_PLACEMENT_3D('',#4699,#3838,#3839);
#3185=AXIS2_PLACEMENT_3D('',#4703,#3842,#3843);
#3186=AXIS2_PLACEMENT_3D('',#4706,#3846,#3847);
#3187=AXIS2_PLACEMENT_3D('',#4708,#3849,#3850);
#3188=AXIS2_PLACEMENT_3D('',#4712,#3853,#3854);
#3189=AXIS2_PLACEMENT_3D('',#4716,#3857,#3858);
#3190=AXIS2_PLACEMENT_3D('',#4720,#3861,#3862);
#3191=AXIS2_PLACEMENT_3D('',#4722,#3864,#3865);
#3192=AXIS2_PLACEMENT_3D('',#4728,#3869,#3870);
#3193=AXIS2_PLACEMENT_3D('',#4732,#3873,#3874);
#3194=AXIS2_PLACEMENT_3D('',#4738,#3878,#3879);
#3195=AXIS2_PLACEMENT_3D('',#4742,#3882,#3883);
#3196=AXIS2_PLACEMENT_3D('',#4746,#3886,#3887);
#3197=AXIS2_PLACEMENT_3D('',#4750,#3890,#3891);
#3198=AXIS2_PLACEMENT_3D('',#4754,#3894,#3895);
#3199=AXIS2_PLACEMENT_3D('',#4758,#3898,#3899);
#3200=AXIS2_PLACEMENT_3D('',#4762,#3902,#3903);
#3201=AXIS2_PLACEMENT_3D('',#4766,#3906,#3907);
#3202=AXIS2_PLACEMENT_3D('',#4770,#3910,#3911);
#3203=AXIS2_PLACEMENT_3D('',#4774,#3914,#3915);
#3204=AXIS2_PLACEMENT_3D('',#4777,#3918,#3919);
#3205=AXIS2_PLACEMENT_3D('',#4781,#3922,#3923);
#3206=AXIS2_PLACEMENT_3D('',#4784,#3926,#3927);
#3207=AXIS2_PLACEMENT_3D('',#4785,#3928,#3929);
#3208=AXIS2_PLACEMENT_3D('',#4787,#3931,#3932);
#3209=AXIS2_PLACEMENT_3D('',#4799,#3941,#3942);
#3210=AXIS2_PLACEMENT_3D('',#4803,#3945,#3946);
#3211=AXIS2_PLACEMENT_3D('',#4807,#3949,#3950);
#3212=AXIS2_PLACEMENT_3D('',#4809,#3952,#3953);
#3213=AXIS2_PLACEMENT_3D('',#4811,#3955,#3956);
#3214=AXIS2_PLACEMENT_3D('',#4812,#3957,#3958);
#3215=AXIS2_PLACEMENT_3D('',#4814,#3960,#3961);
#3216=AXIS2_PLACEMENT_3D('',#4816,#3963,#3964);
#3217=AXIS2_PLACEMENT_3D('',#4818,#3966,#3967);
#3218=AXIS2_PLACEMENT_3D('',#4819,#3968,#3969);
#3219=AXIS2_PLACEMENT_3D('',#4831,#3976,#3977);
#3220=AXIS2_PLACEMENT_3D('',#4834,#3980,#3981);
#3221=AXIS2_PLACEMENT_3D('',#4835,#3982,#3983);
#3222=AXIS2_PLACEMENT_3D('',#4837,#3985,#3986);
#3223=AXIS2_PLACEMENT_3D('',#4839,#3988,#3989);
#3224=AXIS2_PLACEMENT_3D('',#4841,#3991,#3992);
#3225=AXIS2_PLACEMENT_3D('',#4843,#3994,#3995);
#3226=AXIS2_PLACEMENT_3D('',#4845,#3997,#3998);
#3227=DIRECTION('axis',(0.,0.,1.));
#3228=DIRECTION('refdir',(1.,0.,0.));
#3229=DIRECTION('center_axis',(0.2320977743524,-0.585717987947605,0.776572637771427));
#3230=DIRECTION('ref_axis',(0.958122567277992,0.,-0.286358422388149));
#3231=DIRECTION('',(0.946182305664707,-0.0491717561524082,-0.319876824487032));
#3232=DIRECTION('',(-0.383336217854165,0.678681278217462,0.626454361209479));
#3233=DIRECTION('',(-0.715857441931739,-0.643381357240036,-0.271308960388182));
#3234=DIRECTION('center_axis',(0.043521742641909,-0.628252578079773,0.776791192054551));
#3235=DIRECTION('ref_axis',(0.998434139845987,0.,-0.0559398640506486));
#3236=DIRECTION('',(0.997897562934112,-0.0100385322764456,-0.0640287572883906));
#3237=DIRECTION('',(-0.523755668161933,0.647765901149589,0.553244374012162));
#3238=DIRECTION('',(-0.595647515795203,-0.640537666193422,-0.484680859034569));
#3239=DIRECTION('center_axis',(0.70225728692834,-0.521466782125896,0.484672155271283));
#3240=DIRECTION('ref_axis',(0.568016285396853,0.,-0.823017314230971));
#3241=DIRECTION('',(0.495599091173959,-0.130658656702458,-0.85866748876166));
#3242=DIRECTION('',(0.0843170808072227,0.736922825926559,0.670697680413883));
#3243=DIRECTION('',(-0.693596143332032,-0.654623111428773,0.300654239847441));
#3244=DIRECTION('center_axis',(0.331948216263839,-0.655420308396045,0.678405926463861));
#3245=DIRECTION('ref_axis',(0.898236409259013,0.,-0.439512631310494));
#3246=DIRECTION('',(-0.863187187777802,0.0789812623824087,0.49866806499788));
#3247=DIRECTION('',(0.863187187777802,-0.0789812623824087,-0.49866806499788));
#3248=DIRECTION('center_axis',(0.247245878928375,0.635615366965852,0.731342997935853));
#3249=DIRECTION('ref_axis',(0.947328253073803,0.,-0.320264236105339));
#3250=DIRECTION('',(0.409438996945262,0.615546923819967,-0.673395643256053));
#3251=DIRECTION('',(-0.947328253073803,0.,0.320264236105339));
#3252=DIRECTION('',(0.734057578121047,-0.615546923819956,0.286812580928475));
#3253=DIRECTION('center_axis',(0.320264236105339,0.,0.947328253073803));
#3254=DIRECTION('ref_axis',(0.947328253073803,0.,-0.320264236105339));
#3255=DIRECTION('',(0.,-1.,0.));
#3256=DIRECTION('',(0.,1.,0.));
#3257=DIRECTION('center_axis',(4.23041964571904E-8,-0.649448048330175,0.760405965600037));
#3258=DIRECTION('ref_axis',(0.999999999999998,0.,-5.56336988016763E-8));
#3259=DIRECTION('',(-4.95318495564964E-8,-0.760405965600044,-0.649448048330166));
#3260=DIRECTION('',(0.999999999999998,-1.0189936381645E-8,-6.43367266513405E-8));
#3261=DIRECTION('',(-0.999999999999998,1.0189936381645E-8,6.43367266513405E-8));
#3262=DIRECTION('center_axis',(0.0467014917104412,0.684144680965506,0.727849590354096));
#3263=DIRECTION('ref_axis',(0.997947846866159,0.,-0.0640319836893762));
#3264=DIRECTION('',(0.551850370932619,0.58968683478129,-0.589686870285539));
#3265=DIRECTION('',(-0.997947846866159,0.,0.0640319836893762));
#3266=DIRECTION('',(0.622687759469181,-0.589686834781201,0.514324208153749));
#3267=DIRECTION('center_axis',(0.0640319836893762,0.,0.997947846866159));
#3268=DIRECTION('ref_axis',(0.997947846866159,0.,-0.0640319836893762));
#3269=DIRECTION('',(0.,-1.,0.));
#3270=DIRECTION('',(0.,1.,0.));
#3271=DIRECTION('center_axis',(0.0903690221179371,0.707106781186549,0.701308377136225));
#3272=DIRECTION('ref_axis',(0.991799818351917,0.,-0.127801096697581));
#3273=DIRECTION('',(-0.991799818351917,0.,0.127801096697581));
#3274=DIRECTION('',(0.991799818351917,0.,-0.127801096697581));
#3275=DIRECTION('center_axis',(0.558088057298315,-0.549829866131365,-0.621469901613069));
#3276=DIRECTION('ref_axis',(-0.744028802262188,0.,-0.668147544636881));
#3277=DIRECTION('',(0.704769368453121,0.709417043388771,0.00525317425209608));
#3278=DIRECTION('',(3.4487699269141E-7,-0.748955720788969,0.662620048215686));
#3279=DIRECTION('',(-0.704769586070445,0.0812420852988286,-0.704769149527979));
#3280=DIRECTION('center_axis',(0.724600299258066,0.547765541095917,0.418219222780373));
#3281=DIRECTION('ref_axis',(0.499884393582296,0.,-0.866092138893351));
#3282=DIRECTION('',(-0.0908548726235987,0.677474640769868,-0.729913353237415));
#3283=DIRECTION('',(-0.499884393582296,0.,0.866092138893351));
#3284=DIRECTION('',(0.677474491677364,-0.677474640769854,-0.286454925320294));
#3285=DIRECTION('center_axis',(0.866092138893351,0.,0.499884393582296));
#3286=DIRECTION('ref_axis',(0.499884393582296,0.,-0.866092138893351));
#3287=DIRECTION('',(0.,-1.,0.));
#3288=DIRECTION('',(0.,1.,0.));
#3289=DIRECTION('center_axis',(-0.0435217161128305,-0.628252569781728,0.776791200252197));
#3290=DIRECTION('ref_axis',(0.998434141783446,0.,0.0559398294701958));
#3291=DIRECTION('',(0.997897565550634,0.0100385259980056,0.0640287174938367));
#3292=DIRECTION('',(-0.595647498043734,0.640537672030921,0.48468087313556));
#3293=DIRECTION('',(-0.523755696107336,-0.647765902475106,-0.553244346004306));
#3294=DIRECTION('center_axis',(-0.558088242715116,-0.549829927651382,-0.621469680678013));
#3295=DIRECTION('ref_axis',(-0.744028573829238,0.,0.668147799012786));
#3296=DIRECTION('',(-0.704769332185033,-0.0812420983167241,0.704769401912823));
#3297=DIRECTION('',(-2.37177818406792E-14,0.748955720788995,-0.662620048215745));
#3298=DIRECTION('',(0.704769366560667,-0.709417044236111,-0.0052533137139179));
#3299=DIRECTION('center_axis',(-7.40994255667363E-8,-0.66262004821574,-0.748955720788996));
#3300=DIRECTION('ref_axis',(-0.999999999999995,0.,9.89369912131454E-8));
#3301=DIRECTION('',(0.999999999999995,1.66678518915249E-24,-9.89369912131454E-8));
#3302=DIRECTION('',(-0.999999999999995,-1.66678518915249E-24,9.89369912131454E-8));
#3303=DIRECTION('center_axis',(-0.707106785449472,-0.701836110235037,-0.086174638621043));
#3304=DIRECTION('ref_axis',(-0.120974289714112,0.,0.992655640808113));
#3305=DIRECTION('',(4.45833603995827E-14,0.121869343405147,-0.992546151641322));
#3306=DIRECTION('',(-4.45833603995827E-14,-0.121869343405147,0.992546151641322));
#3307=DIRECTION('',(-0.703640785392261,0.710447649952716,-0.0124008793730855));
#3308=DIRECTION('center_axis',(0.57735013094327,0.577350188064676,-0.577350488560868));
#3309=DIRECTION('ref_axis',(-0.707107000181657,0.,-0.70710656219137));
#3310=DIRECTION('',(-0.707106781186576,0.707106781186516,6.99590493074582E-8));
#3311=DIRECTION('',(0.707107000181657,0.,0.70710656219137));
#3312=DIRECTION('',(-3.68031229847178E-7,-0.707106781186514,-0.707106781186486));
#3313=DIRECTION('center_axis',(0.70710656219137,0.,-0.707107000181657));
#3314=DIRECTION('ref_axis',(-0.707107000181657,0.,-0.70710656219137));
#3315=DIRECTION('',(0.,-1.,0.));
#3316=DIRECTION('',(0.,1.,0.));
#3317=DIRECTION('center_axis',(-0.232097764639338,-0.585717987366242,0.776572641112898));
#3318=DIRECTION('ref_axis',(0.958122570904011,0.,0.286358410255903));
#3319=DIRECTION('',(0.946182310312324,0.049171754072059,0.319876811059366));
#3320=DIRECTION('',(-0.715857437260327,0.643381358399769,0.271308969963665));
#3321=DIRECTION('',(-0.38333622733643,-0.678681277870213,-0.626454355783347));
#3322=DIRECTION('center_axis',(-0.0467014632141456,0.684144672106186,0.72784960050987));
#3323=DIRECTION('ref_axis',(0.99794784941991,0.,0.064031943888781));
#3324=DIRECTION('',(0.622687742149193,0.589686839493828,-0.514324223719746));
#3325=DIRECTION('',(-0.99794784941991,0.,-0.064031943888781));
#3326=DIRECTION('',(0.551850398801653,-0.5896868394939,0.589686839492075));
#3327=DIRECTION('center_axis',(-0.064031943888781,0.,0.99794784941991));
#3328=DIRECTION('ref_axis',(0.99794784941991,0.,0.064031943888781));
#3329=DIRECTION('',(0.,-1.,0.));
#3330=DIRECTION('',(0.,1.,0.));
#3331=DIRECTION('center_axis',(2.33286977125715E-12,0.707106781186546,0.707106781186549));
#3332=DIRECTION('ref_axis',(1.,0.,-3.29917606976208E-12));
#3333=DIRECTION('',(-2.3331573936041E-12,0.707106781186548,-0.707106781186548));
#3334=DIRECTION('',(-1.,0.,3.29917606976208E-12));
#3335=DIRECTION('',(1.,0.,-3.29917606976208E-12));
#3336=DIRECTION('center_axis',(-0.702257151381772,-0.521466802460849,0.484672329790361));
#3337=DIRECTION('ref_axis',(0.568016498199068,0.,0.823017167362667));
#3338=DIRECTION('',(0.49559932153485,0.130658636810635,0.858667358830522));
#3339=DIRECTION('',(-0.693596241491553,0.654623076040806,-0.300654090448915));
#3340=DIRECTION('',(0.0843168856756772,-0.736922793186723,-0.670697740917496));
#3341=DIRECTION('center_axis',(-0.707106781186552,-0.69840112333371,0.110615871041205));
#3342=DIRECTION('ref_axis',(0.154554782932063,0.,0.987984220052538));
#3343=DIRECTION('',(-4.43651563994292E-14,0.156434465040231,0.987688340595138));
#3344=DIRECTION('',(4.43651563994292E-14,-0.156434465040231,-0.987688340595138));
#3345=DIRECTION('center_axis',(-0.331948208629367,-0.655420308101826,0.678405930483705));
#3346=DIRECTION('ref_axis',(0.89823641427779,0.,0.439512621053569));
#3347=DIRECTION('',(-0.863187194395524,-0.0789812606124861,-0.498668053823028));
#3348=DIRECTION('',(0.863187194395524,0.0789812606124861,0.498668053823028));
#3349=DIRECTION('center_axis',(-0.577350307270494,0.57735025014921,-0.577350250149172));
#3350=DIRECTION('ref_axis',(-0.707106746207024,0.,0.70710681616607));
#3351=DIRECTION('',(1.00485917355761E-13,0.707106781186543,0.707106781186552));
#3352=DIRECTION('',(0.707106746207024,0.,-0.70710681616607));
#3353=DIRECTION('',(-0.70710678118655,-0.707106781186541,6.99590116252417E-8));
#3354=DIRECTION('center_axis',(-0.70710681616607,0.,-0.707106746207024));
#3355=DIRECTION('ref_axis',(-0.707106746207024,0.,0.70710681616607));
#3356=DIRECTION('',(0.,1.,0.));
#3357=DIRECTION('',(0.,-1.,0.));
#3358=DIRECTION('center_axis',(-0.247245868637089,0.635615366537841,0.731343001787026));
#3359=DIRECTION('ref_axis',(0.947328257629908,0.,0.32026422262857));
#3360=DIRECTION('',(0.73405757399729,0.615546924052489,-0.286812590983612));
#3361=DIRECTION('',(-0.947328257629908,0.,-0.32026422262857));
#3362=DIRECTION('',(0.409439006725748,-0.615546924052454,0.673395637096793));
#3363=DIRECTION('center_axis',(-0.32026422262857,0.,0.947328257629908));
#3364=DIRECTION('ref_axis',(0.947328257629908,0.,0.32026422262857));
#3365=DIRECTION('',(0.,-1.,0.));
#3366=DIRECTION('',(0.,1.,0.));
#3367=DIRECTION('center_axis',(-0.0903690113003764,0.707106781186556,0.701308378530144));
#3368=DIRECTION('ref_axis',(0.991799820323227,0.,0.127801081399241));
#3369=DIRECTION('',(-0.991799820323227,0.,-0.127801081399241));
#3370=DIRECTION('',(0.991799820323227,0.,0.127801081399241));
#3371=DIRECTION('center_axis',(-0.724600170873724,0.547765570764877,0.418219406357954));
#3372=DIRECTION('ref_axis',(0.499884624613266,0.,0.866092005548633));
#3373=DIRECTION('',(0.677474596299036,0.677474596299027,0.286454783061704));
#3374=DIRECTION('',(-0.499884624613266,0.,-0.866092005548633));
#3375=DIRECTION('',(-0.0908546587288583,-0.677474596299045,0.729913421137541));
#3376=DIRECTION('center_axis',(-0.866092005548633,0.,0.499884624613266));
#3377=DIRECTION('ref_axis',(0.499884624613266,0.,0.866092005548633));
#3378=DIRECTION('',(0.,-1.,0.));
#3379=DIRECTION('',(0.,1.,0.));
#3380=DIRECTION('center_axis',(-0.353716537204633,0.707106781186549,0.612278213974628));
#3381=DIRECTION('ref_axis',(0.865892154148497,0.,0.500230724150441));
#3382=DIRECTION('',(-0.865892154148497,0.,-0.500230724150441));
#3383=DIRECTION('',(0.865892154148497,0.,0.500230724150441));
#3384=DIRECTION('center_axis',(-0.707106781186543,0.707106781186552,-3.17619451896488E-14));
#3385=DIRECTION('ref_axis',(-4.49181736545525E-14,0.,1.));
#3386=DIRECTION('',(4.49181736545525E-14,0.,-1.));
#3387=DIRECTION('',(-4.49181736545525E-14,0.,1.));
#3388=DIRECTION('center_axis',(-6.9959017397009E-8,0.707106781186548,-0.707106781186544));
#3389=DIRECTION('ref_axis',(-0.999999999999995,0.,9.89369912131454E-8));
#3390=DIRECTION('',(0.999999999999995,0.,-9.89369912131454E-8));
#3391=DIRECTION('',(-0.999999999999995,0.,9.89369912131454E-8));
#3392=DIRECTION('center_axis',(-0.0840814175299005,-0.649808552836608,0.755433094248958));
#3393=DIRECTION('ref_axis',(0.993862864964387,0.,0.110619192027341));
#3394=DIRECTION('',(-0.99159669938959,-0.0202375572428223,-0.127774907695192));
#3395=DIRECTION('',(0.99159669938959,0.0202375572428223,0.127774907695192));
#3396=DIRECTION('center_axis',(0.707106781186449,0.70710678118655,-3.68031302035337E-7));
#3397=DIRECTION('ref_axis',(-5.20474858716204E-7,0.,-0.999999999999865));
#3398=DIRECTION('',(5.20474858716205E-7,0.,0.999999999999865));
#3399=DIRECTION('',(-5.20474858716205E-7,0.,-0.999999999999865));
#3400=DIRECTION('center_axis',(4.54929356945082E-8,0.707106781186547,0.707106781186547));
#3401=DIRECTION('ref_axis',(0.999999999999998,0.,-6.43367266513405E-8));
#3402=DIRECTION('',(0.999999999999998,0.,-6.43367266513405E-8));
#3403=DIRECTION('',(-0.999999999999998,0.,6.43367266513405E-8));
#3404=DIRECTION('center_axis',(2.16939161715362E-12,-0.649448048330186,
0.760405965600029));
#3405=DIRECTION('ref_axis',(1.,0.,-2.85293871339078E-12));
#3406=DIRECTION('',(-1.,5.22476815090535E-13,3.29917606976208E-12));
#3407=DIRECTION('',(1.,-5.22476815090535E-13,-3.29917606976208E-12));
#3408=DIRECTION('center_axis',(0.353716545180968,0.707106781186545,0.612278209366661));
#3409=DIRECTION('ref_axis',(0.865892147631841,0.,-0.500230735430678));
#3410=DIRECTION('',(-0.865892147631841,0.,0.500230735430678));
#3411=DIRECTION('',(0.865892147631841,0.,-0.500230735430678));
#3412=DIRECTION('center_axis',(0.707106754497652,-0.701836096438642,-0.0861750049583195));
#3413=DIRECTION('ref_axis',(-0.120974801679829,0.,-0.992655578415054));
#3414=DIRECTION('',(-5.1659531804483E-7,0.121869343405137,-0.992546151641189));
#3415=DIRECTION('',(5.1659531804483E-7,-0.121869343405137,0.992546151641189));
#3416=DIRECTION('',(-0.703640786417082,-0.710447647874114,0.0124009403066465));
#3417=DIRECTION('center_axis',(0.707106809972841,-0.698401151765696,0.110615507513104));
#3418=DIRECTION('ref_axis',(0.15455428099441,0.,-0.987984298572756));
#3419=DIRECTION('',(5.14066949526899E-7,0.15643446504021,0.987688340595007));
#3420=DIRECTION('',(-5.14066949526899E-7,-0.15643446504021,-0.987688340595007));
#3421=DIRECTION('center_axis',(0.0840814276060322,-0.64980855292334,0.755433093052857));
#3422=DIRECTION('ref_axis',(0.993862863487722,0.,-0.110619205294492));
#3423=DIRECTION('',(-0.99159669737007,0.0202375596643527,0.127774922984134));
#3424=DIRECTION('',(0.99159669737007,-0.0202375596643527,-0.127774922984134));
#3425=DIRECTION('center_axis',(1.20573861576269E-8,0.992546151641322,0.121869343405147));
#3426=DIRECTION('ref_axis',(0.,-0.121869343405147,0.992546151641322));
#3427=DIRECTION('',(0.999999999999999,-6.84301567317554E-9,-4.32051009587442E-8));
#3428=DIRECTION('',(0.,-0.121869343405147,0.992546151641322));
#3429=DIRECTION('',(0.999999999613849,-3.39875436648128E-6,2.75816959930401E-5));
#3430=DIRECTION('',(0.999999999999997,-2.42322584333061E-9,-7.92014004718402E-8));
#3431=DIRECTION('',(0.999999999999993,2.46732228803683E-9,-1.1903171867638E-7));
#3432=DIRECTION('',(1.47694861988584E-14,0.121869343405147,-0.992546151641322));
#3433=DIRECTION('',(0.999999999999999,-6.84301567317554E-9,-4.32051009587442E-8));
#3434=DIRECTION('center_axis',(3.29917606976208E-12,0.,1.));
#3435=DIRECTION('ref_axis',(1.,0.,-3.29917606976208E-12));
#3436=DIRECTION('',(0.,1.,0.));
#3437=DIRECTION('center_axis',(0.500230735430678,0.,0.865892147631841));
#3438=DIRECTION('ref_axis',(0.865892147631841,0.,-0.500230735430678));
#3439=DIRECTION('center_axis',(0.127801096697581,0.,0.991799818351917));
#3440=DIRECTION('ref_axis',(0.991799818351917,0.,-0.127801096697581));
#3441=DIRECTION('center_axis',(-9.89369912131454E-8,0.,-0.999999999999995));
#3442=DIRECTION('ref_axis',(-0.999999999999995,0.,9.89369912131454E-8));
#3443=DIRECTION('',(-0.999999999999995,0.,9.89369912131454E-8));
#3444=DIRECTION('',(-1.63268091856641E-16,-1.,1.61532537694076E-23));
#3445=DIRECTION('',(0.999999999999995,4.62592926927146E-17,-9.89369912131454E-8));
#3446=DIRECTION('',(1.63268091856641E-16,1.,-1.61532537694076E-23));
#3447=DIRECTION('center_axis',(-1.,0.,-4.49181736545525E-14));
#3448=DIRECTION('ref_axis',(-4.49181736545525E-14,0.,1.));
#3449=DIRECTION('center_axis',(0.999999999999865,0.,-5.20474858716205E-7));
#3450=DIRECTION('ref_axis',(-5.20474858716205E-7,0.,-0.999999999999865));
#3451=DIRECTION('center_axis',(0.,1.,0.));
#3452=DIRECTION('ref_axis',(0.,0.,1.));
#3453=DIRECTION('',(0.0764722309729023,0.,0.997071711508268));
#3454=DIRECTION('',(1.,0.,5.19351691976997E-9));
#3455=DIRECTION('',(0.,0.,1.));
#3456=DIRECTION('',(-1.,0.,0.));
#3457=DIRECTION('',(0.0764722309729082,0.,0.997071711508268));
#3458=DIRECTION('',(-0.996918634902478,0.,0.0784425610506167));
#3459=DIRECTION('',(-0.990041818233975,0.,0.140773570488092));
#3460=DIRECTION('',(-0.140773806601029,0.,-0.990041784661161));
#3461=DIRECTION('',(0.990041788252146,0.,-0.140773781346151));
#3462=DIRECTION('',(-0.140773806601031,0.,-0.99004178466116));
#3463=DIRECTION('',(0.990041787794309,0.,-0.14077378456605));
#3464=DIRECTION('',(-0.140773806601031,0.,-0.99004178466116));
#3465=DIRECTION('',(0.990041786700341,0.,-0.140773792259768));
#3466=DIRECTION('',(-0.14077380660103,0.,-0.99004178466116));
#3467=DIRECTION('',(0.99004178466116,0.,-0.14077380660103));
#3468=DIRECTION('',(0.996919517644012,0.,-0.0784313415697467));
#3469=DIRECTION('',(-0.140773551100193,0.,0.99004182099073));
#3470=DIRECTION('',(0.990041820306066,0.,0.140773555915346));
#3471=DIRECTION('',(-0.140773555917877,0.,0.990041820305706));
#3472=DIRECTION('',(-0.990041820306071,0.,-0.140773555915308));
#3473=DIRECTION('',(-0.996919624100387,0.,-0.0784299884198837));
#3474=DIRECTION('',(0.0764596326037235,0.,-0.997072677683078));
#3475=DIRECTION('',(-1.,0.,1.4801629982016E-14));
#3476=DIRECTION('',(1.48804024623287E-14,0.,-1.));
#3477=DIRECTION('',(1.,0.,0.));
#3478=DIRECTION('',(0.076459587808256,0.,-0.997072681118178));
#3479=DIRECTION('',(0.996920452591012,0.,0.0784194568058961));
#3480=DIRECTION('',(0.990041820305706,0.,0.140773555917878));
#3481=DIRECTION('',(-0.140773552408159,0.,0.990041820804751));
#3482=DIRECTION('',(0.99004181874866,0.,0.140773566868376));
#3483=DIRECTION('',(-0.140773566868376,0.,0.99004181874866));
#3484=DIRECTION('',(0.990041820290423,0.,0.140773556025363));
#3485=DIRECTION('center_axis',(-0.500230724150441,0.,0.865892154148498));
#3486=DIRECTION('ref_axis',(0.865892154148497,0.,0.500230724150441));
#3487=DIRECTION('center_axis',(-0.127801081399241,0.,0.991799820323227));
#3488=DIRECTION('ref_axis',(0.991799820323227,0.,0.127801081399241));
#3489=DIRECTION('center_axis',(0.,-1.,0.));
#3490=DIRECTION('ref_axis',(0.,0.,-1.));
#3491=DIRECTION('center_axis',(0.,1.,0.));
#3492=DIRECTION('ref_axis',(0.,0.,-1.));
#3493=DIRECTION('',(-1.04972719113862E-16,0.515038074910054,-0.857167300702112));
#3494=DIRECTION('center_axis',(0.,1.,0.));
#3495=DIRECTION('ref_axis',(0.,0.,-1.));
#3496=DIRECTION('center_axis',(0.,1.,0.));
#3497=DIRECTION('ref_axis',(0.,0.,-1.));
#3498=DIRECTION('',(0.,1.,0.));
#3499=DIRECTION('center_axis',(0.,-1.,0.));
#3500=DIRECTION('ref_axis',(0.,0.,-1.));
#3501=DIRECTION('center_axis',(0.,1.,0.));
#3502=DIRECTION('ref_axis',(0.,0.,-1.));
#3503=DIRECTION('',(-1.04972719113862E-16,0.515038074910054,-0.857167300702112));
#3504=DIRECTION('center_axis',(0.,1.,0.));
#3505=DIRECTION('ref_axis',(0.,0.,-1.));
#3506=DIRECTION('center_axis',(0.,1.,0.));
#3507=DIRECTION('ref_axis',(0.,0.,-1.));
#3508=DIRECTION('',(0.,1.,0.));
#3509=DIRECTION('center_axis',(0.,-1.,0.));
#3510=DIRECTION('ref_axis',(0.,0.,-1.));
#3511=DIRECTION('center_axis',(0.,1.,0.));
#3512=DIRECTION('ref_axis',(0.,0.,-1.));
#3513=DIRECTION('',(-1.04972719113862E-16,0.515038074910054,-0.857167300702112));
#3514=DIRECTION('center_axis',(0.,1.,0.));
#3515=DIRECTION('ref_axis',(0.,0.,-1.));
#3516=DIRECTION('center_axis',(0.,1.,0.));
#3517=DIRECTION('ref_axis',(0.,0.,-1.));
#3518=DIRECTION('',(0.,1.,0.));
#3519=DIRECTION('center_axis',(0.,-1.,0.));
#3520=DIRECTION('ref_axis',(0.,0.,-1.));
#3521=DIRECTION('center_axis',(0.,1.,0.));
#3522=DIRECTION('ref_axis',(0.,0.,-1.));
#3523=DIRECTION('',(-1.04972719113862E-16,0.515038074910054,-0.857167300702112));
#3524=DIRECTION('center_axis',(0.,1.,0.));
#3525=DIRECTION('ref_axis',(0.,0.,-1.));
#3526=DIRECTION('center_axis',(0.,1.,0.));
#3527=DIRECTION('ref_axis',(0.,0.,-1.));
#3528=DIRECTION('',(0.,1.,0.));
#3529=DIRECTION('center_axis',(0.,-1.,0.));
#3530=DIRECTION('ref_axis',(0.,0.,-1.));
#3531=DIRECTION('center_axis',(0.,1.,0.));
#3532=DIRECTION('ref_axis',(0.,0.,-1.));
#3533=DIRECTION('',(-1.04972719113862E-16,0.515038074910054,-0.857167300702112));
#3534=DIRECTION('center_axis',(0.,1.,0.));
#3535=DIRECTION('ref_axis',(0.,0.,-1.));
#3536=DIRECTION('center_axis',(0.,1.,0.));
#3537=DIRECTION('ref_axis',(0.,0.,-1.));
#3538=DIRECTION('',(0.,1.,0.));
#3539=DIRECTION('center_axis',(0.,-1.,0.));
#3540=DIRECTION('ref_axis',(0.,0.,-1.));
#3541=DIRECTION('center_axis',(0.,1.,0.));
#3542=DIRECTION('ref_axis',(0.,0.,-1.));
#3543=DIRECTION('',(-1.04972719113862E-16,0.515038074910054,-0.857167300702112));
#3544=DIRECTION('center_axis',(0.,1.,0.));
#3545=DIRECTION('ref_axis',(0.,0.,-1.));
#3546=DIRECTION('center_axis',(0.,1.,0.));
#3547=DIRECTION('ref_axis',(0.,0.,-1.));
#3548=DIRECTION('',(0.,1.,0.));
#3549=DIRECTION('center_axis',(0.,0.,1.));
#3550=DIRECTION('ref_axis',(1.,0.,0.));
#3551=DIRECTION('',(1.,0.,0.));
#3552=DIRECTION('',(0.,1.,0.));
#3553=DIRECTION('',(1.,0.,0.));
#3554=DIRECTION('',(0.,1.,0.));
#3555=DIRECTION('center_axis',(-1.,0.,0.));
#3556=DIRECTION('ref_axis',(0.,0.,1.));
#3557=DIRECTION('',(0.,0.,1.));
#3558=DIRECTION('',(0.,-1.,0.));
#3559=DIRECTION('',(0.,0.,1.));
#3560=DIRECTION('center_axis',(0.,1.,0.));
#3561=DIRECTION('ref_axis',(0.,0.,1.));
#3562=DIRECTION('',(-1.,0.,1.23268812580027E-16));
#3563=DIRECTION('',(0.,0.,-1.));
#3564=DIRECTION('center_axis',(-0.14077357455459,0.,-0.990041817655761));
#3565=DIRECTION('ref_axis',(-0.990041817655761,0.,0.14077357455459));
#3566=DIRECTION('',(-0.990041817655761,0.,0.14077357455459));
#3567=DIRECTION('',(0.,1.,0.));
#3568=DIRECTION('',(-0.990041817655761,0.,0.14077357455459));
#3569=DIRECTION('',(0.,1.,0.));
#3570=DIRECTION('center_axis',(0.990041817655761,0.,-0.140773574554589));
#3571=DIRECTION('ref_axis',(-0.140773574554589,0.,-0.990041817655761));
#3572=DIRECTION('',(-0.140773574554589,0.,-0.990041817655761));
#3573=DIRECTION('',(0.,-1.,0.));
#3574=DIRECTION('',(-0.140773574554589,0.,-0.990041817655761));
#3575=DIRECTION('center_axis',(0.,1.,0.));
#3576=DIRECTION('ref_axis',(0.,0.,1.));
#3577=DIRECTION('',(0.140773555917873,0.,0.990041820305707));
#3578=DIRECTION('',(0.990041817655761,0.,-0.140773574554587));
#3579=DIRECTION('center_axis',(0.140773571624604,0.,-0.990041818072374));
#3580=DIRECTION('ref_axis',(-0.990041818072374,0.,-0.140773571624604));
#3581=DIRECTION('',(-0.990041818072374,0.,-0.140773571624604));
#3582=DIRECTION('',(0.,1.,0.));
#3583=DIRECTION('',(-0.990041818072374,0.,-0.140773571624604));
#3584=DIRECTION('',(0.,-1.,0.));
#3585=DIRECTION('center_axis',(-0.990041818072375,0.,-0.140773571624602));
#3586=DIRECTION('ref_axis',(-0.140773571624602,0.,0.990041818072375));
#3587=DIRECTION('',(-0.140773571624602,0.,0.990041818072375));
#3588=DIRECTION('',(-0.140773571624602,0.,0.990041818072375));
#3589=DIRECTION('',(0.,1.,0.));
#3590=DIRECTION('center_axis',(0.,1.,0.));
#3591=DIRECTION('ref_axis',(0.,0.,1.));
#3592=DIRECTION('',(0.140773571624617,0.,-0.990041818072373));
#3593=DIRECTION('',(0.990041821132024,0.,0.140773550106491));
#3594=DIRECTION('center_axis',(1.,0.,0.));
#3595=DIRECTION('ref_axis',(0.,0.,-1.));
#3596=DIRECTION('',(0.,0.,-1.));
#3597=DIRECTION('',(0.,1.,0.));
#3598=DIRECTION('',(0.,0.,-1.));
#3599=DIRECTION('',(0.,1.,0.));
#3600=DIRECTION('center_axis',(0.,0.,1.));
#3601=DIRECTION('ref_axis',(1.,0.,0.));
#3602=DIRECTION('',(1.,0.,0.));
#3603=DIRECTION('',(0.,-1.,0.));
#3604=DIRECTION('',(1.,0.,0.));
#3605=DIRECTION('center_axis',(0.,1.,0.));
#3606=DIRECTION('ref_axis',(0.,0.,1.));
#3607=DIRECTION('',(0.,0.,1.));
#3608=DIRECTION('',(-1.,0.,0.));
#3609=DIRECTION('center_axis',(-1.,0.,0.));
#3610=DIRECTION('ref_axis',(0.,0.,-1.));
#3611=DIRECTION('',(0.,-1.,0.));
#3612=DIRECTION('',(0.,0.,-1.));
#3613=DIRECTION('',(0.,-1.,0.));
#3614=DIRECTION('',(0.,0.,1.));
#3615=DIRECTION('center_axis',(0.990041820305707,0.,-0.140773555917873));
#3616=DIRECTION('ref_axis',(-0.140773555917873,0.,-0.990041820305707));
#3617=DIRECTION('',(0.,-1.,0.));
#3618=DIRECTION('',(-0.140773555917873,0.,-0.990041820305707));
#3619=DIRECTION('',(0.,1.,0.));
#3620=DIRECTION('',(-0.140773555917873,0.,-0.990041820305707));
#3621=DIRECTION('center_axis',(0.,1.,0.));
#3622=DIRECTION('ref_axis',(0.,0.,1.));
#3623=DIRECTION('',(-0.990041820305706,0.,0.140773555917876));
#3624=DIRECTION('',(0.140773555917875,0.,0.990041820305706));
#3625=DIRECTION('',(-1.,0.,-1.75425164075413E-8));
#3626=DIRECTION('',(-1.,0.,4.42582924081686E-16));
#3627=DIRECTION('',(0.140773555917879,0.,-0.990041820305706));
#3628=DIRECTION('',(-0.990041820305706,0.,-0.140773555917879));
#3629=DIRECTION('',(-0.140773555917882,0.,0.990041820305706));
#3630=DIRECTION('',(-0.990041821132024,0.,-0.140773550106491));
#3631=DIRECTION('center_axis',(0.,1.,0.));
#3632=DIRECTION('ref_axis',(0.728615354618144,0.,-0.684923108833887));
#3633=DIRECTION('',(-1.,0.,8.59618640590682E-14));
#3634=DIRECTION('',(1.48804024623287E-14,0.,-1.));
#3635=DIRECTION('',(0.999999999999993,0.,-1.1903171867638E-7));
#3636=DIRECTION('',(0.999999999999997,0.,-7.92014004718402E-8));
#3637=DIRECTION('',(0.,0.,1.));
#3638=DIRECTION('',(0.,0.,1.));
#3639=DIRECTION('',(0.999999999999997,0.,-7.92014004718402E-8));
#3640=DIRECTION('',(0.999999999619625,0.,2.75816959931994E-5));
#3641=DIRECTION('',(0.,0.,1.));
#3642=DIRECTION('',(-0.999999999625819,0.,-2.73562041801191E-5));
#3643=DIRECTION('center_axis',(0.,1.,0.));
#3644=DIRECTION('ref_axis',(0.728630281108392,0.,-0.684907229814305));
#3645=DIRECTION('',(-0.990041817655761,0.,0.140773574554587));
#3646=DIRECTION('center_axis',(0.140773550106491,0.,-0.990041821132024));
#3647=DIRECTION('ref_axis',(0.990041821132024,0.,0.140773550106491));
#3648=DIRECTION('',(0.,1.,0.));
#3649=DIRECTION('',(0.990041821132024,0.,0.140773550106491));
#3650=DIRECTION('',(0.,-1.,0.));
#3651=DIRECTION('',(0.990041821132024,0.,0.140773550106491));
#3652=DIRECTION('',(0.990041821132024,0.,0.140773550106491));
#3653=DIRECTION('',(0.,-1.,0.));
#3654=DIRECTION('',(0.,-1.,0.));
#3655=DIRECTION('center_axis',(-0.990041818072373,0.,-0.140773571624617));
#3656=DIRECTION('ref_axis',(-0.140773571624617,0.,0.990041818072373));
#3657=DIRECTION('',(0.,1.,0.));
#3658=DIRECTION('',(-0.140773571624617,0.,0.990041818072373));
#3659=DIRECTION('center_axis',(0.,0.,1.));
#3660=DIRECTION('ref_axis',(-1.,0.,0.));
#3661=DIRECTION('',(0.,-1.,0.));
#3662=DIRECTION('',(-1.,0.,0.));
#3663=DIRECTION('',(0.,-1.,0.));
#3664=DIRECTION('',(1.,0.,0.));
#3665=DIRECTION('center_axis',(1.,0.,0.));
#3666=DIRECTION('ref_axis',(0.,0.,1.));
#3667=DIRECTION('',(0.,0.,-1.));
#3668=DIRECTION('',(0.,-1.,0.));
#3669=DIRECTION('',(0.,0.,1.));
#3670=DIRECTION('center_axis',(0.140773555917879,0.,-0.990041820305706));
#3671=DIRECTION('ref_axis',(-0.990041820305706,0.,-0.140773555917879));
#3672=DIRECTION('',(0.,1.,0.));
#3673=DIRECTION('',(-0.990041820305706,0.,-0.140773555917879));
#3674=DIRECTION('',(0.,1.,0.));
#3675=DIRECTION('center_axis',(-0.990041820305706,0.,-0.140773555917882));
#3676=DIRECTION('ref_axis',(-0.140773555917882,0.,0.990041820305706));
#3677=DIRECTION('',(-0.140773555917882,0.,0.990041820305706));
#3678=DIRECTION('center_axis',(0.990041820305706,0.,0.140773555917879));
#3679=DIRECTION('ref_axis',(0.140773555917879,0.,-0.990041820305706));
#3680=DIRECTION('',(0.,-1.,0.));
#3681=DIRECTION('',(0.140773555917879,0.,-0.990041820305706));
#3682=DIRECTION('center_axis',(0.,1.,0.));
#3683=DIRECTION('ref_axis',(0.,0.,1.));
#3684=DIRECTION('center_axis',(-0.990041820305707,0.,0.140773555917875));
#3685=DIRECTION('ref_axis',(0.140773555917875,0.,0.990041820305706));
#3686=DIRECTION('',(0.,1.,0.));
#3687=DIRECTION('',(0.140773555917875,0.,0.990041820305706));
#3688=DIRECTION('',(0.,-1.,0.));
#3689=DIRECTION('center_axis',(-0.140773555917876,0.,-0.990041820305706));
#3690=DIRECTION('ref_axis',(-0.990041820305706,0.,0.140773555917876));
#3691=DIRECTION('',(-0.990041820305706,0.,0.140773555917876));
#3692=DIRECTION('center_axis',(0.,1.,0.));
#3693=DIRECTION('ref_axis',(0.,0.,1.));
#3694=DIRECTION('',(0.990041817655761,0.,-0.140773574554587));
#3695=DIRECTION('center_axis',(-0.140773574554587,0.,-0.990041817655761));
#3696=DIRECTION('ref_axis',(0.990041817655761,0.,-0.140773574554587));
#3697=DIRECTION('',(0.,-1.,0.));
#3698=DIRECTION('',(0.,-1.,0.));
#3699=DIRECTION('',(0.990041817655761,0.,-0.140773574554587));
#3700=DIRECTION('',(0.990041817655761,0.,-0.140773574554587));
#3701=DIRECTION('',(0.,-1.,0.));
#3702=DIRECTION('center_axis',(0.,0.,1.));
#3703=DIRECTION('ref_axis',(-1.,0.,0.));
#3704=DIRECTION('',(1.,0.,0.));
#3705=DIRECTION('',(0.,-1.,0.));
#3706=DIRECTION('',(-1.,0.,0.));
#3707=DIRECTION('',(0.,-1.,0.));
#3708=DIRECTION('center_axis',(1.,0.,0.));
#3709=DIRECTION('ref_axis',(0.,0.,1.));
#3710=DIRECTION('',(0.,0.,-1.));
#3711=DIRECTION('',(0.,0.,1.));
#3712=DIRECTION('',(0.,-1.,0.));
#3713=DIRECTION('center_axis',(0.,0.,-1.));
#3714=DIRECTION('ref_axis',(1.,0.,0.));
#3715=DIRECTION('',(-1.,0.,0.));
#3716=DIRECTION('',(1.,0.,0.));
#3717=DIRECTION('',(0.,-1.,0.));
#3718=DIRECTION('center_axis',(-1.,0.,0.));
#3719=DIRECTION('ref_axis',(0.,0.,-1.));
#3720=DIRECTION('',(0.,0.,1.));
#3721=DIRECTION('',(0.,0.,-1.));
#3722=DIRECTION('center_axis',(0.,-1.,0.));
#3723=DIRECTION('ref_axis',(0.,0.,-1.));
#3724=DIRECTION('center_axis',(-1.,0.,-1.48804024623287E-14));
#3725=DIRECTION('ref_axis',(1.48804024623287E-14,0.,-1.));
#3726=DIRECTION('',(0.,-1.,0.));
#3727=DIRECTION('',(0.,-1.,0.));
#3728=DIRECTION('',(1.48804024623287E-14,0.,-1.));
#3729=DIRECTION('',(0.,1.,0.));
#3730=DIRECTION('',(0.,1.,0.));
#3731=DIRECTION('',(1.48804024623287E-14,0.,-1.));
#3732=DIRECTION('',(0.,-1.,0.));
#3733=DIRECTION('',(0.,1.,0.));
#3734=DIRECTION('',(1.46972000154053E-14,-0.156434465040231,-0.987688340595138));
#3735=DIRECTION('center_axis',(-1.1903171867638E-7,0.,-0.999999999999993));
#3736=DIRECTION('ref_axis',(0.999999999999993,0.,-1.1903171867638E-7));
#3737=DIRECTION('',(0.,1.,0.));
#3738=DIRECTION('center_axis',(-6.05850505578779E-17,0.987688340595138,
-0.156434465040231));
#3739=DIRECTION('ref_axis',(0.,0.156434465040231,0.987688340595138));
#3740=DIRECTION('',(-0.863187194395524,-0.0789812606124861,-0.498668053823028));
#3741=DIRECTION('',(-0.99159669938959,-0.0202375572428223,-0.127774907695192));
#3742=DIRECTION('',(-1.,-6.13402508339544E-17,0.));
#3743=DIRECTION('',(-1.,1.15510619561502E-9,7.29305387946193E-9));
#3744=DIRECTION('',(-0.99159669737007,0.0202375596643528,0.127774922984134));
#3745=DIRECTION('',(-0.863187187777802,0.0789812623824087,0.49866806499788));
#3746=DIRECTION('',(0.,0.156434465040231,0.987688340595138));
#3747=DIRECTION('center_axis',(6.43367266513405E-8,0.,0.999999999999998));
#3748=DIRECTION('ref_axis',(0.999999999999998,0.,-6.43367266513405E-8));
#3749=DIRECTION('center_axis',(4.62592926927149E-17,-1.,0.));
#3750=DIRECTION('ref_axis',(1.,4.62592926927149E-17,0.));
#3751=DIRECTION('',(-0.999999999999997,-4.62592926927147E-17,7.92014004718402E-8));
#3752=DIRECTION('',(0.,0.,1.));
#3753=DIRECTION('',(0.,0.,1.));
#3754=DIRECTION('center_axis',(-1.,1.63268091856641E-16,0.));
#3755=DIRECTION('ref_axis',(-1.63268091856641E-16,-1.,0.));
#3756=DIRECTION('',(1.63268091856641E-16,1.,-1.2931061527411E-23));
#3757=DIRECTION('center_axis',(1.,-1.63268091856641E-16,0.));
#3758=DIRECTION('ref_axis',(1.63268091856641E-16,1.,0.));
#3759=DIRECTION('',(-1.63268091856641E-16,-1.,1.2931061527411E-23));
#3760=DIRECTION('center_axis',(-7.92014004718402E-8,0.,-0.999999999999997));
#3761=DIRECTION('ref_axis',(0.999999999999997,0.,-7.92014004718402E-8));
#3762=DIRECTION('',(0.,1.,0.));
#3763=DIRECTION('center_axis',(0.,1.,0.));
#3764=DIRECTION('ref_axis',(0.728615354618144,0.,-0.684923108833887));
#3765=DIRECTION('center_axis',(0.,1.,0.));
#3766=DIRECTION('ref_axis',(0.728615354618144,0.,-0.684923108833887));
#3767=DIRECTION('',(0.,1.,0.));
#3768=DIRECTION('center_axis',(0.,-1.,0.));
#3769=DIRECTION('ref_axis',(0.,0.,-1.));
#3770=DIRECTION('',(1.,0.,-8.59618640590682E-14));
#3771=DIRECTION('center_axis',(0.,1.,0.));
#3772=DIRECTION('ref_axis',(0.728630281108392,0.,-0.684907229814305));
#3773=DIRECTION('',(0.,-1.,0.));
#3774=DIRECTION('center_axis',(0.,1.,0.));
#3775=DIRECTION('ref_axis',(0.728630281108392,0.,-0.684907229814305));
#3776=DIRECTION('center_axis',(0.,-1.,0.));
#3777=DIRECTION('ref_axis',(0.,0.,-1.));
#3778=DIRECTION('',(0.999999999625819,0.,2.73562041801191E-5));
#3779=DIRECTION('center_axis',(0.,1.,0.));
#3780=DIRECTION('ref_axis',(-0.72861538803711,0.,0.684923073283074));
#3781=DIRECTION('center_axis',(0.,1.,0.));
#3782=DIRECTION('ref_axis',(-0.72861538803711,0.,0.684923073283074));
#3783=DIRECTION('',(0.,-1.,0.));
#3784=DIRECTION('center_axis',(0.,1.,0.));
#3785=DIRECTION('ref_axis',(-0.72861538803711,0.,0.684923073283074));
#3786=DIRECTION('',(0.,1.,0.));
#3787=DIRECTION('center_axis',(0.,-1.,0.));
#3788=DIRECTION('ref_axis',(0.,0.,-1.));
#3789=DIRECTION('',(-1.,0.,9.47469158629694E-16));
#3790=DIRECTION('',(-1.,0.,1.45861071456461E-8));
#3791=DIRECTION('center_axis',(2.73562041801191E-5,0.,-0.999999999625819));
#3792=DIRECTION('ref_axis',(0.999999999625819,0.,2.73562041801191E-5));
#3793=DIRECTION('',(0.,-1.,0.));
#3794=DIRECTION('',(0.999999999625819,0.,2.73562041801191E-5));
#3795=DIRECTION('center_axis',(1.45861071456461E-8,0.,1.));
#3796=DIRECTION('ref_axis',(-1.,0.,1.45861071456461E-8));
#3797=DIRECTION('',(0.,-1.,0.));
#3798=DIRECTION('',(-1.,0.,1.45861071456461E-8));
#3799=DIRECTION('',(0.,-1.,0.));
#3800=DIRECTION('',(1.,0.,-1.45861071456461E-8));
#3801=DIRECTION('center_axis',(9.47469158629694E-16,0.,1.));
#3802=DIRECTION('ref_axis',(-1.,0.,9.47469158629694E-16));
#3803=DIRECTION('',(1.,0.,-9.47469158629694E-16));
#3804=DIRECTION('',(0.,-1.,0.));
#3805=DIRECTION('',(-1.,0.,9.47469158629694E-16));
#3806=DIRECTION('center_axis',(0.99004182099073,0.,0.140773551100193));
#3807=DIRECTION('ref_axis',(0.140773551100193,0.,-0.99004182099073));
#3808=DIRECTION('',(0.,1.,0.));
#3809=DIRECTION('',(0.140773551100193,0.,-0.99004182099073));
#3810=DIRECTION('',(0.,1.,0.));
#3811=DIRECTION('center_axis',(0.140773555915346,0.,-0.990041820306066));
#3812=DIRECTION('ref_axis',(-0.990041820306066,0.,-0.140773555915346));
#3813=DIRECTION('',(-0.990041820306066,0.,-0.140773555915346));
#3814=DIRECTION('',(0.,1.,0.));
#3815=DIRECTION('center_axis',(0.990041820305706,0.,0.140773555917877));
#3816=DIRECTION('ref_axis',(0.140773555917877,0.,-0.990041820305706));
#3817=DIRECTION('',(0.140773555917877,0.,-0.990041820305706));
#3818=DIRECTION('',(0.,1.,0.));
#3819=DIRECTION('center_axis',(-0.140773555915308,0.,0.990041820306071));
#3820=DIRECTION('ref_axis',(0.990041820306071,0.,0.140773555915308));
#3821=DIRECTION('',(0.990041820306071,0.,0.140773555915308));
#3822=DIRECTION('',(0.,1.,0.));
#3823=DIRECTION('center_axis',(-0.0784299884198837,0.,0.996919624100387));
#3824=DIRECTION('ref_axis',(0.996919624100387,0.,0.0784299884198837));
#3825=DIRECTION('',(0.996919624100387,0.,0.0784299884198837));
#3826=DIRECTION('',(0.,1.,0.));
#3827=DIRECTION('center_axis',(-0.997072677683078,0.,-0.0764596326037235));
#3828=DIRECTION('ref_axis',(-0.0764596326037235,0.,0.997072677683078));
#3829=DIRECTION('',(-0.0764596326037235,0.,0.997072677683078));
#3830=DIRECTION('',(0.,1.,0.));
#3831=DIRECTION('center_axis',(1.4801629982016E-14,0.,1.));
#3832=DIRECTION('ref_axis',(1.,0.,-1.4801629982016E-14));
#3833=DIRECTION('',(1.,0.,-1.4801629982016E-14));
#3834=DIRECTION('center_axis',(0.,0.,-1.));
#3835=DIRECTION('ref_axis',(-1.,0.,0.));
#3836=DIRECTION('',(-1.,0.,0.));
#3837=DIRECTION('',(0.,1.,0.));
#3838=DIRECTION('center_axis',(-0.997072681118178,0.,-0.076459587808256));
#3839=DIRECTION('ref_axis',(-0.076459587808256,0.,0.997072681118178));
#3840=DIRECTION('',(-0.076459587808256,0.,0.997072681118178));
#3841=DIRECTION('',(0.,1.,0.));
#3842=DIRECTION('center_axis',(0.0784194568058961,0.,-0.996920452591012));
#3843=DIRECTION('ref_axis',(-0.996920452591012,0.,-0.0784194568058961));
#3844=DIRECTION('',(-0.996920452591012,0.,-0.0784194568058961));
#3845=DIRECTION('',(0.,1.,0.));
#3846=DIRECTION('center_axis',(0.140773555917878,0.,-0.990041820305706));
#3847=DIRECTION('ref_axis',(-0.990041820305706,0.,-0.140773555917878));
#3848=DIRECTION('',(0.,1.,0.));
#3849=DIRECTION('center_axis',(0.990041820804751,0.,0.140773552408159));
#3850=DIRECTION('ref_axis',(0.140773552408159,0.,-0.990041820804751));
#3851=DIRECTION('',(0.140773552408159,0.,-0.990041820804751));
#3852=DIRECTION('',(0.,1.,0.));
#3853=DIRECTION('center_axis',(0.140773566868376,0.,-0.99004181874866));
#3854=DIRECTION('ref_axis',(-0.99004181874866,0.,-0.140773566868376));
#3855=DIRECTION('',(-0.99004181874866,0.,-0.140773566868376));
#3856=DIRECTION('',(0.,1.,0.));
#3857=DIRECTION('center_axis',(0.99004181874866,0.,0.140773566868376));
#3858=DIRECTION('ref_axis',(0.140773566868376,0.,-0.99004181874866));
#3859=DIRECTION('',(0.140773566868376,0.,-0.99004181874866));
#3860=DIRECTION('',(0.,1.,0.));
#3861=DIRECTION('center_axis',(0.140773556025363,0.,-0.990041820290423));
#3862=DIRECTION('ref_axis',(-0.990041820290423,0.,-0.140773556025363));
#3863=DIRECTION('',(-0.990041820290423,0.,-0.140773556025363));
#3864=DIRECTION('center_axis',(0.997071711508268,0.,-0.0764722309729023));
#3865=DIRECTION('ref_axis',(-0.0764722309729023,0.,-0.997071711508268));
#3866=DIRECTION('',(0.,1.,0.));
#3867=DIRECTION('',(-0.0764722309729023,0.,-0.997071711508268));
#3868=DIRECTION('',(0.,1.,0.));
#3869=DIRECTION('center_axis',(5.19351691976997E-9,0.,-1.));
#3870=DIRECTION('ref_axis',(-1.,0.,-5.19351691976997E-9));
#3871=DIRECTION('',(-1.,0.,-5.19351691976997E-9));
#3872=DIRECTION('',(0.,1.,0.));
#3873=DIRECTION('center_axis',(0.,0.,1.));
#3874=DIRECTION('ref_axis',(1.,0.,0.));
#3875=DIRECTION('',(0.,1.,0.));
#3876=DIRECTION('',(1.,0.,0.));
#3877=DIRECTION('',(0.,1.,0.));
#3878=DIRECTION('center_axis',(0.997071711508268,0.,-0.0764722309729082));
#3879=DIRECTION('ref_axis',(-0.0764722309729082,0.,-0.997071711508268));
#3880=DIRECTION('',(-0.0764722309729082,0.,-0.997071711508268));
#3881=DIRECTION('',(0.,1.,0.));
#3882=DIRECTION('center_axis',(0.0784425610506167,0.,0.996918634902478));
#3883=DIRECTION('ref_axis',(0.996918634902478,0.,-0.0784425610506167));
#3884=DIRECTION('',(0.996918634902478,0.,-0.0784425610506167));
#3885=DIRECTION('',(0.,1.,0.));
#3886=DIRECTION('center_axis',(0.140773570488092,0.,0.990041818233975));
#3887=DIRECTION('ref_axis',(0.990041818233975,0.,-0.140773570488092));
#3888=DIRECTION('',(0.990041818233975,0.,-0.140773570488092));
#3889=DIRECTION('',(0.,1.,0.));
#3890=DIRECTION('center_axis',(-0.990041784661161,0.,0.140773806601029));
#3891=DIRECTION('ref_axis',(0.140773806601029,0.,0.990041784661161));
#3892=DIRECTION('',(0.140773806601029,0.,0.990041784661161));
#3893=DIRECTION('',(0.,1.,0.));
#3894=DIRECTION('center_axis',(-0.140773781346151,0.,-0.990041788252146));
#3895=DIRECTION('ref_axis',(-0.990041788252146,0.,0.140773781346151));
#3896=DIRECTION('',(-0.990041788252146,0.,0.140773781346151));
#3897=DIRECTION('',(0.,1.,0.));
#3898=DIRECTION('center_axis',(-0.99004178466116,0.,0.140773806601031));
#3899=DIRECTION('ref_axis',(0.140773806601031,0.,0.99004178466116));
#3900=DIRECTION('',(0.140773806601031,0.,0.99004178466116));
#3901=DIRECTION('',(0.,1.,0.));
#3902=DIRECTION('center_axis',(-0.14077378456605,0.,-0.990041787794309));
#3903=DIRECTION('ref_axis',(-0.990041787794309,0.,0.14077378456605));
#3904=DIRECTION('',(-0.990041787794309,0.,0.14077378456605));
#3905=DIRECTION('',(0.,1.,0.));
#3906=DIRECTION('center_axis',(-0.99004178466116,0.,0.140773806601031));
#3907=DIRECTION('ref_axis',(0.140773806601031,0.,0.99004178466116));
#3908=DIRECTION('',(0.140773806601031,0.,0.99004178466116));
#3909=DIRECTION('',(0.,1.,0.));
#3910=DIRECTION('center_axis',(-0.140773792259768,0.,-0.990041786700341));
#3911=DIRECTION('ref_axis',(-0.990041786700341,0.,0.140773792259768));
#3912=DIRECTION('',(-0.990041786700341,0.,0.140773792259768));
#3913=DIRECTION('',(0.,1.,0.));
#3914=DIRECTION('center_axis',(-0.990041784661161,0.,0.14077380660103));
#3915=DIRECTION('ref_axis',(0.14077380660103,0.,0.99004178466116));
#3916=DIRECTION('',(0.14077380660103,0.,0.99004178466116));
#3917=DIRECTION('',(0.,1.,0.));
#3918=DIRECTION('center_axis',(-0.14077380660103,0.,-0.990041784661161));
#3919=DIRECTION('ref_axis',(-0.99004178466116,0.,0.14077380660103));
#3920=DIRECTION('',(0.99004178466116,0.,-0.14077380660103));
#3921=DIRECTION('',(0.,1.,0.));
#3922=DIRECTION('center_axis',(-0.0784313415697467,0.,-0.996919517644012));
#3923=DIRECTION('ref_axis',(-0.996919517644012,0.,0.0784313415697467));
#3924=DIRECTION('',(-0.996919517644012,0.,0.0784313415697467));
#3925=DIRECTION('',(-0.996919517644012,0.,0.0784313415697467));
#3926=DIRECTION('center_axis',(0.,1.,0.));
#3927=DIRECTION('ref_axis',(0.,0.,1.));
#3928=DIRECTION('center_axis',(0.,1.,0.));
#3929=DIRECTION('ref_axis',(0.,0.,1.));
#3930=DIRECTION('',(0.,0.,1.));
#3931=DIRECTION('center_axis',(0.,1.,0.));
#3932=DIRECTION('ref_axis',(0.,0.,1.));
#3933=DIRECTION('',(1.,0.,-4.42582924081686E-16));
#3934=DIRECTION('',(1.,0.,1.75425164075413E-8));
#3935=DIRECTION('',(0.,0.,1.));
#3936=DIRECTION('',(-0.997190328307313,0.,0.074909606395664));
#3937=DIRECTION('',(-0.990041818530838,0.,0.140773568400291));
#3938=DIRECTION('',(-0.990041820303956,0.,-0.140773555930189));
#3939=DIRECTION('',(-0.997190329399952,0.,-0.0749095918505387));
#3940=DIRECTION('',(-1.,0.,1.23268812580027E-16));
#3941=DIRECTION('center_axis',(-0.140773555930189,0.,0.990041820303956));
#3942=DIRECTION('ref_axis',(-0.990041820303956,0.,-0.140773555930189));
#3943=DIRECTION('',(0.990041820303956,0.,0.140773555930189));
#3944=DIRECTION('',(0.,-1.,0.));
#3945=DIRECTION('center_axis',(0.140773568400291,0.,0.990041818530838));
#3946=DIRECTION('ref_axis',(-0.990041818530838,0.,0.140773568400291));
#3947=DIRECTION('',(0.990041818530838,0.,-0.140773568400291));
#3948=DIRECTION('',(0.,-1.,0.));
#3949=DIRECTION('center_axis',(0.074909606395664,0.,0.997190328307313));
#3950=DIRECTION('ref_axis',(-0.997190328307313,0.,0.074909606395664));
#3951=DIRECTION('',(0.997190328307313,0.,-0.074909606395664));
#3952=DIRECTION('center_axis',(1.75425164075413E-8,0.,-1.));
#3953=DIRECTION('ref_axis',(1.,0.,1.75425164075413E-8));
#3954=DIRECTION('',(0.,-1.,0.));
#3955=DIRECTION('center_axis',(-4.42582924081686E-16,0.,-1.));
#3956=DIRECTION('ref_axis',(1.,0.,-4.42582924081686E-16));
#3957=DIRECTION('center_axis',(-8.59618640590682E-14,0.,-1.));
#3958=DIRECTION('ref_axis',(1.,0.,-8.59618640590682E-14));
#3959=DIRECTION('',(1.,0.,-8.59618640590682E-14));
#3960=DIRECTION('center_axis',(1.23268812580027E-16,0.,1.));
#3961=DIRECTION('ref_axis',(-1.,0.,1.23268812580027E-16));
#3962=DIRECTION('',(1.,0.,-1.23268812580027E-16));
#3963=DIRECTION('center_axis',(-0.0749095918505387,0.,0.997190329399953));
#3964=DIRECTION('ref_axis',(-0.997190329399952,0.,-0.0749095918505387));
#3965=DIRECTION('',(0.997190329399952,0.,0.0749095918505387));
#3966=DIRECTION('center_axis',(0.,1.,0.));
#3967=DIRECTION('ref_axis',(0.,0.,1.));
#3968=DIRECTION('center_axis',(0.,1.,0.));
#3969=DIRECTION('ref_axis',(0.,0.,1.));
#3970=DIRECTION('',(-0.865892147631841,0.,0.500230735430679));
#3971=DIRECTION('',(-0.991799818351917,0.,0.127801096697581));
#3972=DIRECTION('',(-1.,0.,7.29305387946193E-9));
#3973=DIRECTION('',(-1.,0.,0.));
#3974=DIRECTION('',(-0.991799820323227,0.,-0.127801081399241));
#3975=DIRECTION('',(-0.865892154148498,0.,-0.500230724150441));
#3976=DIRECTION('center_axis',(1.,0.,0.));
#3977=DIRECTION('ref_axis',(0.,0.,1.));
#3978=DIRECTION('',(0.,1.,0.));
#3979=DIRECTION('',(0.,1.,0.));
#3980=DIRECTION('center_axis',(2.75816959931994E-5,0.,-0.999999999619625));
#3981=DIRECTION('ref_axis',(0.999999999619625,0.,2.75816959931994E-5));
#3982=DIRECTION('center_axis',(-0.500230724150441,0.,0.865892154148498));
#3983=DIRECTION('ref_axis',(-0.865892154148498,0.,-0.500230724150441));
#3984=DIRECTION('',(0.,1.,0.));
#3985=DIRECTION('center_axis',(-0.127801081399241,0.,0.991799820323227));
#3986=DIRECTION('ref_axis',(-0.991799820323227,0.,-0.127801081399241));
#3987=DIRECTION('',(0.,1.,0.));
#3988=DIRECTION('center_axis',(0.,0.,1.));
#3989=DIRECTION('ref_axis',(-1.,0.,0.));
#3990=DIRECTION('',(0.,1.,0.));
#3991=DIRECTION('center_axis',(7.29305387946193E-9,0.,1.));
#3992=DIRECTION('ref_axis',(-1.,0.,7.29305387946193E-9));
#3993=DIRECTION('',(0.,1.,0.));
#3994=DIRECTION('center_axis',(0.127801096697581,0.,0.991799818351917));
#3995=DIRECTION('ref_axis',(-0.991799818351917,0.,0.127801096697581));
#3996=DIRECTION('',(0.,1.,0.));
#3997=DIRECTION('center_axis',(0.500230735430679,0.,0.865892147631841));
#3998=DIRECTION('ref_axis',(-0.865892147631841,0.,0.500230735430679));
#3999=CARTESIAN_POINT('',(0.,0.,0.));
#4000=CARTESIAN_POINT('Origin',(93.2369176686349,-5.75167135146021,40.2233513685279));
#4001=CARTESIAN_POINT('',(92.9060800715134,-5.16593675911287,40.7640116190228));
#4002=CARTESIAN_POINT('',(93.8349260545053,-5.21420757109633,40.4499957029586));
#4003=CARTESIAN_POINT('',(92.9060800715134,-5.16593675911287,40.7640116190228));
#4004=CARTESIAN_POINT('',(93.2369176686349,-5.75167135146021,40.2233513685279));
#4005=CARTESIAN_POINT('',(93.2369176686349,-5.75167135146021,40.2233513685279));
#4006=CARTESIAN_POINT('',(93.8349260545053,-5.21420757109633,40.4499957029586));
#4007=CARTESIAN_POINT('Origin',(9.80425470896816,-4.04888886027172,50.9742969014314));
#4008=CARTESIAN_POINT('',(9.33673310136418,-3.47067162298759,51.4681411018078));
#4009=CARTESIAN_POINT('',(10.3326330105401,-3.48069005950223,51.4042405212906));
#4010=CARTESIAN_POINT('',(9.33673310136417,-3.47067162298759,51.4681411018078));
#4011=CARTESIAN_POINT('',(9.80425470896816,-4.04888886027172,50.9742969014314));
#4012=CARTESIAN_POINT('',(9.80425470896816,-4.04888886027172,50.9742969014314));
#4013=CARTESIAN_POINT('',(10.3326330105401,-3.48069005950223,51.4042405212906));
#4014=CARTESIAN_POINT('Origin',(127.890916657679,-8.9224975934479,20.2035423804067));
#4015=CARTESIAN_POINT('',(127.957970731295,-8.33645171821165,20.736921989924));
#4016=CARTESIAN_POINT('',(128.390916544873,-8.4505926023144,19.9868066222087));
#4017=CARTESIAN_POINT('',(127.957970731295,-8.33645171821165,20.736921989924));
#4018=CARTESIAN_POINT('',(127.890916657679,-8.9224975934479,20.2035423804067));
#4019=CARTESIAN_POINT('',(127.890916657679,-8.9224975934479,20.2035423804067));
#4020=CARTESIAN_POINT('',(128.390916544873,-8.4505926023144,19.9868066222087));
#4021=CARTESIAN_POINT('Origin',(66.5254593753904,-3.01149357457182,55.9407687463735));
#4022=CARTESIAN_POINT('',(66.6687776954058,-2.72851649290369,56.1440315129117));
#4023=CARTESIAN_POINT('',(66.3821410553751,-3.29447065623994,55.7375059798354));
#4024=CARTESIAN_POINT('Origin',(93.8349260545053,12.6,40.4499957029586));
#4025=CARTESIAN_POINT('',(92.9060800715134,12.6,40.7640116190228));
#4026=CARTESIAN_POINT('',(93.2386615377682,13.1,40.2170219280687));
#4027=CARTESIAN_POINT('',(92.9060800715135,12.6,40.7640116190228));
#4028=CARTESIAN_POINT('',(93.8349260545053,12.6,40.4499957029586));
#4029=CARTESIAN_POINT('',(93.8349260545053,12.6,40.4499957029586));
#4030=CARTESIAN_POINT('',(93.2386615377682,13.1,40.2170219280687));
#4031=CARTESIAN_POINT('Origin',(93.3705030630094,1.6,40.6070036609907));
#4032=CARTESIAN_POINT('',(92.9060800715134,1.6,40.7640116190228));
#4033=CARTESIAN_POINT('',(93.8349260545053,1.6,40.4499957029586));
#4034=CARTESIAN_POINT('Origin',(1.709649402279,-3.75978016152815,51.2212195073606));
#4035=CARTESIAN_POINT('',(3.41927859737639,-3.4706715626891,51.4681414825174));
#4036=CARTESIAN_POINT('',(3.41927855971207,-4.04888879520922,50.9742973122199));
#4037=CARTESIAN_POINT('',(3.41927859737639,-3.4706715626891,51.4681414825174));
#4038=CARTESIAN_POINT('',(1.70964938344684,-4.04888877778821,50.9742974222118));
#4039=CARTESIAN_POINT('',(1.70964942111116,-3.47067154526809,51.4681415925094));
#4040=CARTESIAN_POINT('Origin',(10.3326330105401,12.6,51.4042405212906));
#4041=CARTESIAN_POINT('',(9.33673310136417,12.6,51.4681411018078));
#4042=CARTESIAN_POINT('',(9.80465127282657,13.1,50.9681410717034));
#4043=CARTESIAN_POINT('',(9.33673310136417,12.6,51.4681411018078));
#4044=CARTESIAN_POINT('',(10.3326330105401,12.6,51.4042405212906));
#4045=CARTESIAN_POINT('',(10.3326330105401,12.6,51.4042405212906));
#4046=CARTESIAN_POINT('',(9.80465127282657,13.1,50.9681410717034));
#4047=CARTESIAN_POINT('Origin',(9.83468305595215,1.6,51.4361908115492));
#4048=CARTESIAN_POINT('',(9.33673310136417,1.6,51.4681411018078));
#4049=CARTESIAN_POINT('',(10.3326330105401,1.6,51.4042405212906));
#4050=CARTESIAN_POINT('Origin',(8.12900162368512,12.85,51.4361285166018));
#4051=CARTESIAN_POINT('',(8.09705134951073,13.1,51.1881785620138));
#4052=CARTESIAN_POINT('',(8.16095189785952,12.6,51.6840784711898));
#4053=CARTESIAN_POINT('Origin',(127.890880990754,-9.4549410472469,-48.3241183788356));
#4054=CARTESIAN_POINT('',(127.890881249052,-10.0158757189495,-47.827845303015));
#4055=CARTESIAN_POINT('',(128.390881250992,-9.51257841496892,-47.8241184283042));
#4056=CARTESIAN_POINT('',(127.890881249052,-10.0158757189495,-47.827845303015));
#4057=CARTESIAN_POINT('',(127.890880990754,-9.4549410472469,-48.3241183788356));
#4058=CARTESIAN_POINT('',(127.890880990754,-9.4549410472469,-48.3241183788356));
#4059=CARTESIAN_POINT('',(128.390881250992,-9.51257841496892,-47.8241184283042));
#4060=CARTESIAN_POINT('Origin',(128.390916544873,12.6,19.9868066222087));
#4061=CARTESIAN_POINT('',(127.957970731295,12.6,20.736921989924));
#4062=CARTESIAN_POINT('',(127.890916654909,13.1,20.1982203844971));
#4063=CARTESIAN_POINT('',(127.957970731295,12.6,20.736921989924));
#4064=CARTESIAN_POINT('',(128.390916544873,12.6,19.9868066222087));
#4065=CARTESIAN_POINT('',(128.390916544873,12.6,19.9868066222087));
#4066=CARTESIAN_POINT('',(127.890916654909,13.1,20.1982203844971));
#4067=CARTESIAN_POINT('Origin',(128.174443638084,1.6,20.3618643060663));
#4068=CARTESIAN_POINT('',(127.957970731295,1.6,20.736921989924));
#4069=CARTESIAN_POINT('',(128.390916544873,1.6,19.9868066222087));
#4070=CARTESIAN_POINT('Origin',(-9.80425133706439,-4.04888879520232,50.9742973122635));
#4071=CARTESIAN_POINT('',(-10.3326296194859,-3.48068999291486,51.4042409418615));
#4072=CARTESIAN_POINT('',(-9.33672970932428,-3.47067156268244,51.4681414825595));
#4073=CARTESIAN_POINT('',(-10.3326296194859,-3.48068999291486,51.4042409418615));
#4074=CARTESIAN_POINT('',(-9.80425133706439,-4.04888879520231,50.9742973122635));
#4075=CARTESIAN_POINT('',(-9.80425133706439,-4.04888879520232,50.9742973122635));
#4076=CARTESIAN_POINT('',(-9.33672970932428,-3.47067156268244,51.4681414825595));
#4077=CARTESIAN_POINT('Origin',(-127.890882591202,-10.0158757189495,-47.8278199967369));
#4078=CARTESIAN_POINT('',(-127.890882591202,-9.4549410472469,-48.3240930725575));
#4079=CARTESIAN_POINT('',(-128.390882591202,-9.51257841496893,-47.824093023089));
#4080=CARTESIAN_POINT('',(-127.890882591202,-9.4549410472469,-48.3240930725575));
#4081=CARTESIAN_POINT('',(-127.890882591202,-10.0158757189495,-47.8278199967369));
#4082=CARTESIAN_POINT('',(-127.890882591202,-10.0158757189495,-47.8278199967369));
#4083=CARTESIAN_POINT('',(-128.390882591202,-9.51257841496893,-47.824093023089));
#4084=CARTESIAN_POINT('Origin',(64.1954466051176,-9.73540838309819,-48.0759755390907));
#4085=CARTESIAN_POINT('',(64.1954465805677,-9.4549410472469,-48.324112077001));
#4086=CARTESIAN_POINT('',(64.1954466296674,-10.0158757189495,-47.8278390011803));
#4087=CARTESIAN_POINT('Origin',(-128.140882591203,-12.5755784359893,-24.9293370297709));
#4088=CARTESIAN_POINT('',(-128.390882591204,-13.7389839459366,-13.4027822337802));
#4089=CARTESIAN_POINT('',(-128.390882591203,-12.3274418950871,-24.8988696935523));
#4090=CARTESIAN_POINT('',(-127.890882591204,-14.2438208348022,-13.3939702947692));
#4091=CARTESIAN_POINT('',(-127.890882591203,-12.8237149768915,-24.9598043659895));
#4092=CARTESIAN_POINT('',(-127.890882591204,-14.2438208348022,-13.3939702947692));
#4093=CARTESIAN_POINT('Origin',(127.890880990754,12.6,-48.3241183788356));
#4094=CARTESIAN_POINT('',(128.390881250992,12.6,-47.8241184283042));
#4095=CARTESIAN_POINT('',(127.890881250992,13.1,-47.8241183788356));
#4096=CARTESIAN_POINT('',(128.390881250992,12.6,-47.8241184283042));
#4097=CARTESIAN_POINT('',(127.890880990754,12.6,-48.3241183788356));
#4098=CARTESIAN_POINT('',(127.890880990754,12.6,-48.3241183788356));
#4099=CARTESIAN_POINT('',(127.890881250992,13.1,-47.8241183788357));
#4100=CARTESIAN_POINT('Origin',(128.140881120873,1.6,-48.0741184035699));
#4101=CARTESIAN_POINT('',(128.390881250992,1.6,-47.8241184283042));
#4102=CARTESIAN_POINT('',(127.890880990754,1.6,-48.3241183788356));
#4103=CARTESIAN_POINT('Origin',(-93.2369170827208,-5.75167113603541,40.2233527286666));
#4104=CARTESIAN_POINT('',(-93.8349254649602,-5.21420735445887,40.4499970711993));
#4105=CARTESIAN_POINT('',(-92.9060794777243,-5.16593654453419,40.7640129739741));
#4106=CARTESIAN_POINT('',(-93.8349254649602,-5.21420735445887,40.4499970711993));
#4107=CARTESIAN_POINT('',(-93.2369170827208,-5.75167113603541,40.2233527286666));
#4108=CARTESIAN_POINT('',(-93.2369170827208,-5.75167113603541,40.2233527286666));
#4109=CARTESIAN_POINT('',(-92.9060794777243,-5.16593654453419,40.7640129739741));
#4110=CARTESIAN_POINT('Origin',(-9.33672970932428,12.6,51.4681414825595));
#4111=CARTESIAN_POINT('',(-10.3326296194859,12.6,51.4042409418615));
#4112=CARTESIAN_POINT('',(-9.80464790067757,13.1,50.968141482561));
#4113=CARTESIAN_POINT('',(-10.3326296194859,12.6,51.4042409418615));
#4114=CARTESIAN_POINT('',(-9.33672970932428,12.6,51.4681414825595));
#4115=CARTESIAN_POINT('',(-9.33672970932428,12.6,51.4681414825595));
#4116=CARTESIAN_POINT('',(-9.80464790067757,13.1,50.968141482561));
#4117=CARTESIAN_POINT('Origin',(-9.83467966440509,1.6,51.4361912122105));
#4118=CARTESIAN_POINT('',(-10.3326296194859,1.6,51.4042409418615));
#4119=CARTESIAN_POINT('',(-9.33672970932428,1.6,51.4681414825595));
#4120=CARTESIAN_POINT('Origin',(-4.91835630110432,12.85,51.2181414825449));
#4121=CARTESIAN_POINT('',(3.41927859737639,12.6,51.4681414825174));
#4122=CARTESIAN_POINT('',(3.41927859737474,13.1,50.9681414825174));
#4123=CARTESIAN_POINT('',(3.41927859737639,12.6,51.4681414825174));
#4124=CARTESIAN_POINT('',(-4.91835630110515,13.1,50.9681414825449));
#4125=CARTESIAN_POINT('',(-4.9183563011035,12.6,51.4681414825449));
#4126=CARTESIAN_POINT('Origin',(-127.890882591205,-8.92249421920038,20.2035636845672));
#4127=CARTESIAN_POINT('',(-128.390882591205,-8.45058921389567,19.9868280158427));
#4128=CARTESIAN_POINT('',(-127.957936514131,-8.33644833075677,20.7369433779179));
#4129=CARTESIAN_POINT('',(-128.390882591205,-8.45058921389567,19.9868280158427));
#4130=CARTESIAN_POINT('',(-127.890882591205,-8.92249421920038,20.2035636845672));
#4131=CARTESIAN_POINT('',(-127.890882591205,-8.92249421920038,20.2035636845672));
#4132=CARTESIAN_POINT('',(-127.957936514131,-8.33644833075677,20.7369433779179));
#4133=CARTESIAN_POINT('Origin',(-128.140882591204,-15.1888068548179,-20.9584905153654));
#4134=CARTESIAN_POINT('',(-127.890882591204,-15.4357289399667,-20.9193818991054));
#4135=CARTESIAN_POINT('',(-128.390882591204,-14.9418847696692,-20.9975991316255));
#4136=CARTESIAN_POINT('Origin',(-83.9107664368607,-4.60224167749953,45.8971805022701));
#4137=CARTESIAN_POINT('',(-84.0540847537931,-4.31926459553754,46.1004432708863));
#4138=CARTESIAN_POINT('',(-83.7674481199284,-4.88521875946152,45.6939177336538));
#4139=CARTESIAN_POINT('Origin',(-128.390882591202,12.6,-47.824093023089));
#4140=CARTESIAN_POINT('',(-127.890882591202,12.6,-48.3240930725575));
#4141=CARTESIAN_POINT('',(-127.890882591202,13.1,-47.8240930725575));
#4142=CARTESIAN_POINT('',(-127.890882591203,12.6,-48.3240930725575));
#4143=CARTESIAN_POINT('',(-128.390882591202,12.6,-47.824093023089));
#4144=CARTESIAN_POINT('',(-128.390882591202,12.6,-47.824093023089));
#4145=CARTESIAN_POINT('',(-127.890882591202,13.1,-47.8240930725575));
#4146=CARTESIAN_POINT('Origin',(-128.140882591202,1.6,-48.0740930478233));
#4147=CARTESIAN_POINT('',(-128.390882591202,1.6,-47.824093023089));
#4148=CARTESIAN_POINT('',(-127.890882591202,1.6,-48.3240930725575));
#4149=CARTESIAN_POINT('Origin',(-92.9060794777243,12.6,40.7640129739741));
#4150=CARTESIAN_POINT('',(-93.8349254649602,12.6,40.4499970711993));
#4151=CARTESIAN_POINT('',(-93.238660951798,13.1,40.2170232882297));
#4152=CARTESIAN_POINT('',(-93.8349254649602,12.6,40.4499970711993));
#4153=CARTESIAN_POINT('',(-92.9060794777243,12.6,40.7640129739741));
#4154=CARTESIAN_POINT('',(-92.9060794777243,12.6,40.7640129739741));
#4155=CARTESIAN_POINT('',(-93.238660951798,13.1,40.2170232882297));
#4156=CARTESIAN_POINT('Origin',(-93.3705024713422,1.6,40.6070050225867));
#4157=CARTESIAN_POINT('',(-93.8349254649602,1.6,40.4499970711993));
#4158=CARTESIAN_POINT('',(-92.9060794777243,1.6,40.7640129739741));
#4159=CARTESIAN_POINT('Origin',(-49.9116075502149,12.85,46.0521163785661));
#4160=CARTESIAN_POINT('',(-49.8796572798651,13.1,45.8041664234853));
#4161=CARTESIAN_POINT('',(-49.9435578205647,12.6,46.300066333647));
#4162=CARTESIAN_POINT('Origin',(-127.957936514131,12.6,20.7369433779179));
#4163=CARTESIAN_POINT('',(-128.390882591205,12.6,19.9868280158427));
#4164=CARTESIAN_POINT('',(-127.890882591205,13.1,20.1982416870169));
#4165=CARTESIAN_POINT('',(-128.390882591205,12.6,19.9868280158427));
#4166=CARTESIAN_POINT('',(-127.957936514131,12.6,20.7369433779179));
#4167=CARTESIAN_POINT('',(-127.957936514131,12.6,20.7369433779179));
#4168=CARTESIAN_POINT('',(-127.890882591205,13.1,20.1982416870169));
#4169=CARTESIAN_POINT('Origin',(-128.174409552668,1.6,20.3618856968803));
#4170=CARTESIAN_POINT('',(-128.390882591205,1.6,19.9868280158427));
#4171=CARTESIAN_POINT('',(-127.957936514131,1.6,20.7369433779179));
#4172=CARTESIAN_POINT('Origin',(-84.2304896021529,12.85,45.709813648689));
#4173=CARTESIAN_POINT('',(-84.1054319211153,13.1,45.4933406101519));
#4174=CARTESIAN_POINT('',(-84.3555472831905,12.6,45.9262866872261));
#4175=CARTESIAN_POINT('Origin',(-128.140882591204,12.85,-23.3760407479831));
#4176=CARTESIAN_POINT('',(-127.890882591204,13.1,-23.3760407479831));
#4177=CARTESIAN_POINT('',(-128.390882591204,12.6,-23.3760407479832));
#4178=CARTESIAN_POINT('Origin',(64.1954466053019,12.85,-48.074112077001));
#4179=CARTESIAN_POINT('',(64.1954466300362,13.1,-47.824112077001));
#4180=CARTESIAN_POINT('',(64.1954465805677,12.6,-48.324112077001));
#4181=CARTESIAN_POINT('Origin',(-49.8186211253747,-4.57605324432494,46.0671507636422));
#4182=CARTESIAN_POINT('',(-49.855980936282,-4.28732446960706,46.311351292857));
#4183=CARTESIAN_POINT('',(-49.7812613144674,-4.86478201904281,45.8229502344274));
#4184=CARTESIAN_POINT('Origin',(128.140911882756,12.85,11.0293757926722));
#4185=CARTESIAN_POINT('',(127.890911882756,13.1,11.0293759227909));
#4186=CARTESIAN_POINT('',(128.390911882756,12.6,11.0293756625534));
#4187=CARTESIAN_POINT('Origin',(1.7096494411572,12.85,51.2181415925093));
#4188=CARTESIAN_POINT('',(1.70964945724138,12.6,51.4681415925094));
#4189=CARTESIAN_POINT('',(1.70964942507301,13.1,50.9681415925094));
#4190=CARTESIAN_POINT('Origin',(-4.91835630110632,-3.75978017894481,51.2212193973961));
#4191=CARTESIAN_POINT('',(-4.91835630110535,-3.47067156268475,51.4681414825449));
#4192=CARTESIAN_POINT('',(-4.91835630110729,-4.04888879520487,50.9742973122473));
#4193=CARTESIAN_POINT('Origin',(66.7360515537648,12.85,55.8164474686194));
#4194=CARTESIAN_POINT('',(66.6109938699072,13.1,55.5999744317114));
#4195=CARTESIAN_POINT('',(66.8611092376225,12.6,56.0329205055273));
#4196=CARTESIAN_POINT('Origin',(128.140910808344,-16.7372932972506,8.9650851790418));
#4197=CARTESIAN_POINT('',(127.890899171012,-14.2438225851209,-13.3939813458469));
#4198=CARTESIAN_POINT('',(127.890910792487,-16.9854298479083,8.93461797174405));
#4199=CARTESIAN_POINT('',(128.390899166426,-13.7389857030984,-13.402793328063));
#4200=CARTESIAN_POINT('',(128.390910824202,-16.4891567465929,8.99555238633955));
#4201=CARTESIAN_POINT('',(128.390899166426,-13.7389857030984,-13.402793328063));
#4202=CARTESIAN_POINT('Origin',(128.140912702811,-9.87287765001229,12.6049655533814));
#4203=CARTESIAN_POINT('',(128.390912682456,-9.62595558496795,12.5658568101869));
#4204=CARTESIAN_POINT('',(127.890912723166,-10.1197997150566,12.644074296576));
#4205=CARTESIAN_POINT('Origin',(8.05312762081397,-3.72365874340087,51.4489578348748));
#4206=CARTESIAN_POINT('',(8.09048743618163,-3.43492996877423,51.6931583634362));
#4207=CARTESIAN_POINT('',(8.0157678054463,-4.01238751802751,51.2047573063135));
#4208=CARTESIAN_POINT('Origin',(1.69318509376662E-5,-15.8641059969551,-0.197819275229666));
#4209=CARTESIAN_POINT('',(126.390882032301,-14.2438225748563,-13.3939812810385));
#4210=CARTESIAN_POINT('',(1.63727972926396E-5,-14.2438217099616,-13.3939758203084));
#4211=CARTESIAN_POINT('',(126.390882032301,-10.2006508458895,-46.3229725095367));
#4212=CARTESIAN_POINT('',(126.390882032301,-12.9566284464921,-23.8773361824911));
#4213=CARTESIAN_POINT('',(85.1215568053024,-10.2005105815902,-46.3241107875194));
#4214=CARTESIAN_POINT('',(42.561415312191,-10.2003659301234,-46.3252846684039));
#4215=CARTESIAN_POINT('',(-85.1215363550497,-10.2005101690527,-46.324097304028));
#4216=CARTESIAN_POINT('',(-42.5607615437295,-10.2005102721871,-46.3241006749009));
#4217=CARTESIAN_POINT('',(-126.390882591204,-10.2005102708775,-46.3240923916668));
#4218=CARTESIAN_POINT('',(-63.1954355693254,-10.200510114954,-46.3240999139294));
#4219=CARTESIAN_POINT('',(-126.390882591205,-14.2438208450667,-13.3939703595769));
#4220=CARTESIAN_POINT('',(-126.390882591205,-16.9274984665433,8.46282989073152));
#4221=CARTESIAN_POINT('',(1.63727972926396E-5,-14.2438217099616,-13.3939758203084));
#4222=CARTESIAN_POINT('Origin',(-9.83672970932429,1.6,51.4681414825611));
#4223=CARTESIAN_POINT('',(3.41927859737639,1.6,51.4681414825174));
#4224=CARTESIAN_POINT('Origin',(93.4019799806894,1.6,40.700111070674));
#4225=CARTESIAN_POINT('Origin',(9.83673310136414,1.6,51.4681410696394));
#4226=CARTESIAN_POINT('Origin',(128.390880990754,1.6,-48.3241184283041));
#4227=CARTESIAN_POINT('',(5.99999959746009,2.59999999999991,-48.3241057256967));
#4228=CARTESIAN_POINT('',(-6.00000040253991,2.59999999999991,-48.3241057256967));
#4229=CARTESIAN_POINT('',(67.1954402941072,2.59999999999991,-48.3241123738113));
#4230=CARTESIAN_POINT('',(-6.00000040253991,-4.20000000000009,-48.3241057256967));
#4231=CARTESIAN_POINT('',(-6.00000040253992,2.09999999999997,-48.3241051320747));
#4232=CARTESIAN_POINT('',(5.99999959746009,-4.20000000000009,-48.3241057256967));
#4233=CARTESIAN_POINT('',(61.1954402941073,-4.20000000000008,-48.3241117801894));
#4234=CARTESIAN_POINT('',(5.99999959746009,-1.30000000000003,-48.3241063193186));
#4235=CARTESIAN_POINT('Origin',(-128.390882591202,1.6,-48.324093023089));
#4236=CARTESIAN_POINT('Origin',(128.390916805111,1.6,20.4868066222086));
#4237=CARTESIAN_POINT('Origin',(1.71069526810896E-5,13.1,1.5720115271285));
#4238=CARTESIAN_POINT('',(86.8340797096385,13.1,-40.2330899980355));
#4239=CARTESIAN_POINT('',(86.9809979149914,13.1,-38.3175190175722));
#4240=CARTESIAN_POINT('',(88.2474198457392,13.1,-21.805466656634));
#4241=CARTESIAN_POINT('',(126.390882032301,13.1,-38.3175188128963));
#4242=CARTESIAN_POINT('',(63.1954496732101,13.1,-38.3175191411029));
#4243=CARTESIAN_POINT('',(126.390882032301,13.1,18.8324814127195));
#4244=CARTESIAN_POINT('',(126.390882032301,13.1,10.202246469924));
#4245=CARTESIAN_POINT('',(88.2874524411297,13.1,18.8324814127195));
#4246=CARTESIAN_POINT('',(44.1437347740412,13.1,18.8324814127195));
#4247=CARTESIAN_POINT('',(89.6239601293369,13.1,36.2583364083295));
#4248=CARTESIAN_POINT('',(88.0395130035557,13.1,15.599760250708));
#4249=CARTESIAN_POINT('',(70.6348147597322,13.1,37.7524976596135));
#4250=CARTESIAN_POINT('',(36.9494046018995,13.1,40.4030347749914));
#4251=CARTESIAN_POINT('',(9.33885068822459,13.1,46.4681413424713));
#4252=CARTESIAN_POINT('',(7.8905963636231,13.1,46.6740679291004));
#4253=CARTESIAN_POINT('',(6.65711417859309,13.1,27.6078446965777));
#4254=CARTESIAN_POINT('',(4.77681902270769,13.1,14.3840013071718));
#4255=CARTESIAN_POINT('',(12.8470709358338,13.1,26.7276963741273));
#4256=CARTESIAN_POINT('',(8.30383883469997,13.1,27.3736973510547));
#4257=CARTESIAN_POINT('',(10.1653301253081,13.1,7.86740181964262));
#4258=CARTESIAN_POINT('',(9.62590536345971,13.1,4.07370562852957));
#4259=CARTESIAN_POINT('',(12.847054383073,13.1,7.48608814421767));
#4260=CARTESIAN_POINT('',(6.96296040804859,13.1,8.32274593767494));
#4261=CARTESIAN_POINT('',(10.165313537896,13.1,-11.3742066539644));
#4262=CARTESIAN_POINT('',(10.9667591943927,13.1,-5.73775547582949));
#4263=CARTESIAN_POINT('',(12.7157714562332,13.1,-11.7368556229134));
#4264=CARTESIAN_POINT('',(5.55644869462369,13.1,-10.7188733228709));
#4265=CARTESIAN_POINT('',(10.0340305511669,13.1,-30.5971508422884));
#4266=CARTESIAN_POINT('',(12.1763466575701,13.1,-15.5305520729383));
#4267=CARTESIAN_POINT('',(66.6149185445522,13.1,-38.6423738895373));
#4268=CARTESIAN_POINT('',(31.1651517193492,13.1,-33.6017799505545));
#4269=CARTESIAN_POINT('',(42.0497622964466,13.1,-36.7097422915898));
#4270=CARTESIAN_POINT('',(-10.1653300105533,13.1,7.86740229678423));
#4271=CARTESIAN_POINT('',(-12.847066095435,13.1,26.7276985395289));
#4272=CARTESIAN_POINT('',(-10.9667740657768,13.1,13.503852650238));
#4273=CARTESIAN_POINT('',(-6.65711368644368,13.1,27.6078448057655));
#4274=CARTESIAN_POINT('',(-5.2088403868609,13.1,27.8137740686895));
#4275=CARTESIAN_POINT('',(-9.33884992667928,13.1,46.4681414825894));
#4276=CARTESIAN_POINT('',(-6.11768970941174,13.1,23.8141472419361));
#4277=CARTESIAN_POINT('',(-70.6348140880913,13.1,37.752498707427));
#4278=CARTESIAN_POINT('',(-38.5385587077775,13.1,42.3162493579357));
#4279=CARTESIAN_POINT('',(-89.6237382629676,13.1,36.2585958218403));
#4280=CARTESIAN_POINT('',(-46.4435543965404,13.1,39.6556814431294));
#4281=CARTESIAN_POINT('',(-88.2874322576102,13.1,18.832482700539));
#4282=CARTESIAN_POINT('',(-87.3714317081411,13.1,6.88736748723494));
#4283=CARTESIAN_POINT('',(-126.390890943906,13.1,18.8324827005395));
#4284=CARTESIAN_POINT('',(-63.1954369184764,13.1,18.8324827005386));
#4285=CARTESIAN_POINT('',(-126.390882591205,13.1,-38.3175172994602));
#4286=CARTESIAN_POINT('',(-126.390882591205,13.1,-18.3727528861668));
#4287=CARTESIAN_POINT('',(-86.9812031439941,13.1,-38.3175172994602));
#4288=CARTESIAN_POINT('',(-43.4905930185207,13.1,-38.3175172994602));
#4289=CARTESIAN_POINT('',(-86.8343274437133,13.1,-40.2328526088436));
#4290=CARTESIAN_POINT('',(-88.174020601993,13.1,-22.7625589871801));
#4291=CARTESIAN_POINT('',(-66.6149209816885,13.1,-38.6423597389576));
#4292=CARTESIAN_POINT('',(-31.9403411606475,13.1,-35.9147983698718));
#4293=CARTESIAN_POINT('',(-10.0340286639861,13.1,-30.5971506930306));
#4294=CARTESIAN_POINT('',(-2.87469356000219,13.1,-29.5791683816528));
#4295=CARTESIAN_POINT('',(-12.7157648497873,13.1,-11.7368539193112));
#4296=CARTESIAN_POINT('',(-13.5172089255986,13.1,-6.10040347449464));
#4297=CARTESIAN_POINT('',(-10.1653137038014,13.1,-11.3742065056921));
#4298=CARTESIAN_POINT('',(-4.2812041551573,13.1,-10.5375478178259));
#4299=CARTESIAN_POINT('',(-12.8470501103668,13.1,7.48608984413987));
#4300=CARTESIAN_POINT('',(-12.3076260503511,13.1,3.69239199776801));
#4301=CARTESIAN_POINT('',(-5.62208046110392,13.1,8.51340469979284));
#4302=CARTESIAN_POINT('Origin',(-128.390882591206,1.6,20.4868280158427));
#4303=CARTESIAN_POINT('Origin',(-93.4019793878859,1.6,40.7001124332745));
#4304=CARTESIAN_POINT('Origin',(0.,11.3437991961704,8.09697982134238));
#4305=CARTESIAN_POINT('',(9.93800877508078E-17,11.1,8.90847982134238));
#4306=CARTESIAN_POINT('Origin',(0.,11.1,8.09697982134238));
#4307=CARTESIAN_POINT('',(0.,11.5875983923409,8.09697982134238));
#4308=CARTESIAN_POINT('',(4.96900438754039E-17,11.3437991961704,8.50272982134238));
#4309=CARTESIAN_POINT('Origin',(0.,9.6,8.09697982134238));
#4310=CARTESIAN_POINT('',(9.93800877508077E-17,8.1,8.90847982134238));
#4311=CARTESIAN_POINT('Origin',(0.,8.1,8.09697982134238));
#4312=CARTESIAN_POINT('',(9.93800877508077E-17,9.6,8.90847982134238));
#4313=CARTESIAN_POINT('Origin',(14.4422646174862,11.3437991961704,-35.1126796495539));
#4314=CARTESIAN_POINT('',(14.4422646174862,11.1,-34.3011796495539));
#4315=CARTESIAN_POINT('Origin',(14.4422646174862,11.1,-35.1126796495539));
#4316=CARTESIAN_POINT('',(14.4422646174862,11.5875983923409,-35.1126796495539));
#4317=CARTESIAN_POINT('',(14.4422646174862,11.3437991961704,-34.7069296495539));
#4318=CARTESIAN_POINT('Origin',(14.4422646174862,9.6,-35.1126796495539));
#4319=CARTESIAN_POINT('',(14.4422646174862,8.1,-34.3011796495539));
#4320=CARTESIAN_POINT('Origin',(14.4422646174862,8.1,-35.1126796495539));
#4321=CARTESIAN_POINT('',(14.4422646174862,9.6,-34.3011796495539));
#4322=CARTESIAN_POINT('Origin',(-41.1733942462485,11.3437991961704,-38.9135655947294));
#4323=CARTESIAN_POINT('',(-41.1733942462485,11.1,-38.1020655947294));
#4324=CARTESIAN_POINT('Origin',(-41.1733942462485,11.1,-38.9135655947294));
#4325=CARTESIAN_POINT('',(-41.1733942462485,11.5875983923409,-38.9135655947294));
#4326=CARTESIAN_POINT('',(-41.1733942462485,11.3437991961704,-38.5078155947294));
#4327=CARTESIAN_POINT('Origin',(-41.1733942462485,9.6,-38.9135655947294));
#4328=CARTESIAN_POINT('',(-41.1733942462485,8.1,-38.1020655947294));
#4329=CARTESIAN_POINT('Origin',(-41.1733942462485,8.1,-38.9135655947294));
#4330=CARTESIAN_POINT('',(-41.1733942462485,9.6,-38.1020655947294));
#4331=CARTESIAN_POINT('Origin',(-14.4422651582944,11.3437991961704,-35.1126791608651));
#4332=CARTESIAN_POINT('',(-14.4422651582944,11.1,-34.3011791608651));
#4333=CARTESIAN_POINT('Origin',(-14.4422651582944,11.1,-35.1126791608651));
#4334=CARTESIAN_POINT('',(-14.4422651582944,11.5875983923409,-35.1126791608651));
#4335=CARTESIAN_POINT('',(-14.4422651582944,11.3437991961704,-34.7069291608651));
#4336=CARTESIAN_POINT('Origin',(-14.4422651582944,9.6,-35.1126791608651));
#4337=CARTESIAN_POINT('',(-14.4422651582944,8.1,-34.3011791608651));
#4338=CARTESIAN_POINT('Origin',(-14.4422651582944,8.1,-35.1126791608651));
#4339=CARTESIAN_POINT('',(-14.4422651582944,9.6,-34.3011791608651));
#4340=CARTESIAN_POINT('Origin',(41.1733937657402,11.3437991961704,-38.9135656593365));
#4341=CARTESIAN_POINT('',(41.1733937657402,11.1,-38.1020656593365));
#4342=CARTESIAN_POINT('Origin',(41.1733937657402,11.1,-38.9135656593365));
#4343=CARTESIAN_POINT('',(41.1733937657402,11.5875983923409,-38.9135656593365));
#4344=CARTESIAN_POINT('',(41.1733937657402,11.3437991961704,-38.5078156593365));
#4345=CARTESIAN_POINT('Origin',(41.1733937657402,9.6,-38.9135656593365));
#4346=CARTESIAN_POINT('',(41.1733937657402,8.1,-38.1020656593365));
#4347=CARTESIAN_POINT('Origin',(41.1733937657402,8.1,-38.9135656593365));
#4348=CARTESIAN_POINT('',(41.1733937657402,9.6,-38.1020656593365));
#4349=CARTESIAN_POINT('Origin',(1.97064586870965E-14,11.3437991961704,35.0969798213424));
#4350=CARTESIAN_POINT('',(1.98058387748474E-14,11.1,35.9084798213424));
#4351=CARTESIAN_POINT('Origin',(1.97064586870965E-14,11.1,35.0969798213424));
#4352=CARTESIAN_POINT('',(1.97064586870965E-14,11.5875983923409,35.0969798213424));
#4353=CARTESIAN_POINT('',(1.97561487309719E-14,11.3437991961704,35.5027298213424));
#4354=CARTESIAN_POINT('Origin',(1.97064586870965E-14,9.6,35.0969798213424));
#4355=CARTESIAN_POINT('',(1.98058387748474E-14,8.1,35.9084798213424));
#4356=CARTESIAN_POINT('Origin',(1.97064586870965E-14,8.1,35.0969798213424));
#4357=CARTESIAN_POINT('',(1.98058387748474E-14,9.6,35.9084798213424));
#4358=CARTESIAN_POINT('Origin',(-112.364802631868,2.3,25.3324827005395));
#4359=CARTESIAN_POINT('',(-112.364802631868,2.6,25.3324827005395));
#4360=CARTESIAN_POINT('',(-90.3648026318679,2.6,25.3324827005395));
#4361=CARTESIAN_POINT('',(-56.1824014556602,2.6,25.3324827005395));
#4362=CARTESIAN_POINT('',(-112.364802631868,4.7,25.3324827005395));
#4363=CARTESIAN_POINT('',(-112.364802631868,2.3,25.3324827005395));
#4364=CARTESIAN_POINT('',(-90.3648026318679,4.7,25.3324827005395));
#4365=CARTESIAN_POINT('',(-56.1824011818448,4.7,25.3324827005395));
#4366=CARTESIAN_POINT('',(-90.3648026318679,5.7,25.3324827005395));
#4367=CARTESIAN_POINT('Origin',(-112.364802631868,2.3,19.3324827005395));
#4368=CARTESIAN_POINT('',(-112.364802631868,2.6,19.3324827005395));
#4369=CARTESIAN_POINT('',(-112.364802631868,2.6,10.4522490240373));
#4370=CARTESIAN_POINT('',(-112.364802631868,4.7,19.3324827005395));
#4371=CARTESIAN_POINT('',(-112.364802631868,5.7,19.3324827005395));
#4372=CARTESIAN_POINT('',(-112.364802631868,4.7,4.85898823226603));
#4373=CARTESIAN_POINT('Origin',(2.68178350637527E-7,4.7,-9.61450623600747));
#4374=CARTESIAN_POINT('',(-90.3648026318679,4.7,19.3324827005395));
#4375=CARTESIAN_POINT('',(-45.1824011818448,4.7,19.3324827005395));
#4376=CARTESIAN_POINT('',(-90.3648026318679,4.7,13.5786228696326));
#4377=CARTESIAN_POINT('Origin',(65.6217759143165,2.3,-44.5614951725545));
#4378=CARTESIAN_POINT('',(65.6217759143165,2.6,-44.5614951725545));
#4379=CARTESIAN_POINT('',(45.8209396730214,2.6,-41.7460236973623));
#4380=CARTESIAN_POINT('',(30.2462542405487,2.6,-39.531466593013));
#4381=CARTESIAN_POINT('',(65.6217759143165,4.7,-44.5614951725545));
#4382=CARTESIAN_POINT('',(65.6217759143165,2.3,-44.5614951725545));
#4383=CARTESIAN_POINT('',(45.8209395612013,4.7,-41.7460236814627));
#4384=CARTESIAN_POINT('',(31.0257969173852,4.7,-39.6423093949827));
#4385=CARTESIAN_POINT('',(45.8209396730214,0.2,-41.7460236973623));
#4386=CARTESIAN_POINT('Origin',(66.466417361644,2.3,-38.6212442666198));
#4387=CARTESIAN_POINT('',(66.466417361644,2.6,-38.6212442666198));
#4388=CARTESIAN_POINT('',(68.6087302148636,2.6,-23.5546430390838));
#4389=CARTESIAN_POINT('',(66.466417361644,4.7,-38.6212442666198));
#4390=CARTESIAN_POINT('',(66.466417361644,5.7,-38.6212442666198));
#4391=CARTESIAN_POINT('',(67.8291878118425,4.7,-29.0370610288854));
#4392=CARTESIAN_POINT('Origin',(2.68178359519311E-7,4.7,-9.61450623600747));
#4393=CARTESIAN_POINT('',(46.6655810085286,4.7,-35.8057727755281));
#4394=CARTESIAN_POINT('',(48.0283513444129,4.7,-26.2215890472672));
#4395=CARTESIAN_POINT('',(3.65424656152344,4.7,-29.6900116142424));
#4396=CARTESIAN_POINT('Origin',(-45.8209401538041,2.3,-41.7460229546443));
#4397=CARTESIAN_POINT('',(-45.8209401538041,2.6,-41.7460229546443));
#4398=CARTESIAN_POINT('',(-65.6217765152516,2.6,-44.5614943871364));
#4399=CARTESIAN_POINT('',(-20.3458367333867,2.6,-38.1237302084846));
#4400=CARTESIAN_POINT('',(-45.8209401538041,4.7,-41.7460229546443));
#4401=CARTESIAN_POINT('',(-45.8209401538041,-1.9,-41.7460229546443));
#4402=CARTESIAN_POINT('',(-65.6217765152516,4.7,-44.5614943871364));
#4403=CARTESIAN_POINT('',(-21.125378857548,4.7,-38.234572929516));
#4404=CARTESIAN_POINT('',(-65.6217765152516,2.3,-44.5614943871364));
#4405=CARTESIAN_POINT('Origin',(-65.6217765152516,2.3,-44.5614943871364));
#4406=CARTESIAN_POINT('',(-66.4664179449993,2.6,-38.6212434787021));
#4407=CARTESIAN_POINT('',(-68.1864099984932,2.6,-26.5247679822064));
#4408=CARTESIAN_POINT('',(-66.4664179449993,4.7,-38.6212434787021));
#4409=CARTESIAN_POINT('',(-67.4068676005166,4.7,-32.0071860529462));
#4410=CARTESIAN_POINT('',(-66.4664180060841,5.7,-38.6212430491005));
#4411=CARTESIAN_POINT('Origin',(2.68178359519311E-7,4.7,-9.61450623600747));
#4412=CARTESIAN_POINT('',(-46.6655815835519,4.7,-35.8057720462101));
#4413=CARTESIAN_POINT('',(-47.6060312390692,4.7,-29.1917146204545));
#4414=CARTESIAN_POINT('',(-41.374840113364,4.7,-35.0534841702958));
#4415=CARTESIAN_POINT('Origin',(112.364803168225,2.3,25.3324814127195));
#4416=CARTESIAN_POINT('',(112.364803168225,2.6,25.3324814127195));
#4417=CARTESIAN_POINT('',(112.364803168225,2.6,19.3324814127195));
#4418=CARTESIAN_POINT('',(112.364803168225,2.6,13.4522483801273));
#4419=CARTESIAN_POINT('',(112.364803168225,4.7,25.3324814127195));
#4420=CARTESIAN_POINT('',(112.364803168225,2.3,25.3324814127195));
#4421=CARTESIAN_POINT('',(112.364803168225,4.7,19.3324814127195));
#4422=CARTESIAN_POINT('',(112.364803168225,4.7,7.858987588356));
#4423=CARTESIAN_POINT('',(112.364803168225,5.7,19.3324814127195));
#4424=CARTESIAN_POINT('Origin',(90.3648031682247,2.3,25.3324814127195));
#4425=CARTESIAN_POINT('',(90.3648031682247,2.6,25.3324814127195));
#4426=CARTESIAN_POINT('',(45.1824014443861,2.6,25.3324814127195));
#4427=CARTESIAN_POINT('',(90.3648031682247,4.7,25.3324814127195));
#4428=CARTESIAN_POINT('',(90.3648031682247,5.7,25.3324814127195));
#4429=CARTESIAN_POINT('',(45.1824017182015,4.7,25.3324814127195));
#4430=CARTESIAN_POINT('Origin',(2.68178368401095E-7,4.7,-9.61450623600747));
#4431=CARTESIAN_POINT('',(90.3648031682247,4.7,19.3324814127195));
#4432=CARTESIAN_POINT('',(90.3648031682247,4.7,4.858987588356));
#4433=CARTESIAN_POINT('',(63.1954411502394,4.7,19.3324814127195));
#4434=CARTESIAN_POINT('Origin',(-90.3648026318679,9.1,36.7717519752727));
#4435=CARTESIAN_POINT('',(-90.3648026318679,9.1,19.3324827005395));
#4436=CARTESIAN_POINT('',(-90.3648026318679,9.1,19.3324827005395));
#4437=CARTESIAN_POINT('',(-90.3648026318679,9.1,36.7717519752727));
#4438=CARTESIAN_POINT('',(-90.3648026318679,9.1,11.0772526035055));
#4439=CARTESIAN_POINT('',(-90.3648026318679,2.6,36.7717519752727));
#4440=CARTESIAN_POINT('',(-90.3648026318679,9.1,36.7717519752727));
#4441=CARTESIAN_POINT('',(-90.3648026318679,2.6,19.1718836614039));
#4442=CARTESIAN_POINT('Origin',(46.6655810085286,-1.9,-35.8057727755281));
#4443=CARTESIAN_POINT('',(46.6655810085286,8.1,-35.8057727755281));
#4444=CARTESIAN_POINT('',(46.6655810085286,3.6,-35.8057727755281));
#4445=CARTESIAN_POINT('',(45.5816247260089,8.1,-43.4290941023237));
#4446=CARTESIAN_POINT('',(48.0402676529294,8.1,-26.1377832238082));
#4447=CARTESIAN_POINT('',(45.5816247260089,2.6,-43.4290941023237));
#4448=CARTESIAN_POINT('',(45.5816247260089,-1.9,-43.4290941023237));
#4449=CARTESIAN_POINT('',(48.8078936463186,2.6,-20.7391710281171));
#4450=CARTESIAN_POINT('Origin',(-2.79452470053343E-7,2.6,1.57201534753504));
#4451=CARTESIAN_POINT('',(8.9500773746978,2.6,-38.2204725333623));
#4452=CARTESIAN_POINT('',(20.1065214442284,2.6,-39.806801788203));
#4453=CARTESIAN_POINT('',(10.0340337552654,2.6,-30.5971505170084));
#4454=CARTESIAN_POINT('',(11.6343681537476,2.6,-19.3422101225536));
#4455=CARTESIAN_POINT('',(-2.2314666455394E-7,2.6,-30.5971506930306));
#4456=CARTESIAN_POINT('',(3.08644948303335E-8,2.6,-30.5971506930306));
#4457=CARTESIAN_POINT('',(-10.0340342015588,2.6,-30.5971506930306));
#4458=CARTESIAN_POINT('',(-5.01701724050563,2.6,-30.5971506930306));
#4459=CARTESIAN_POINT('',(-8.95007782099111,2.6,-38.2204727093845));
#4460=CARTESIAN_POINT('',(-12.1763468037069,2.6,-15.5305491962844));
#4461=CARTESIAN_POINT('',(-45.5816251723022,2.6,-43.429094278346));
#4462=CARTESIAN_POINT('',(-1.79074825778983,2.6,-37.2024911858478));
#4463=CARTESIAN_POINT('',(-48.2659159647342,2.6,-24.550831773423));
#4464=CARTESIAN_POINT('',(-85.4752209718204,2.6,-41.3240952111453));
#4465=CARTESIAN_POINT('',(-40.5952981059515,2.6,-34.9426414831504));
#4466=CARTESIAN_POINT('',(-92.8752209718209,2.6,-41.3240952111447));
#4467=CARTESIAN_POINT('Origin',(-89.1752209718203,2.6,-37.8459699059032));
#4468=CARTESIAN_POINT('',(-126.390882591206,2.6,-41.3240952111418));
#4469=CARTESIAN_POINT('',(-63.1954414353313,2.6,-41.3240952111473));
#4470=CARTESIAN_POINT('',(-126.390882591204,2.6,-46.3240923916668));
#4471=CARTESIAN_POINT('',(-126.390882591205,2.6,-22.3760385220668));
#4472=CARTESIAN_POINT('',(-85.1215363550497,2.6,-46.324097304028));
#4473=CARTESIAN_POINT('',(-42.56077116783,2.6,-46.324102370109));
#4474=CARTESIAN_POINT('',(-6.00000040253991,2.59999999999991,-46.3241035705644));
#4475=CARTESIAN_POINT('',(42.5607763662051,2.6,-46.3241074166459));
#4476=CARTESIAN_POINT('',(-6.00000040253991,2.59999999999991,-48.3241057256967));
#4477=CARTESIAN_POINT('',(5.99999959746009,2.59999999999991,-46.3241045209812));
#4478=CARTESIAN_POINT('',(5.99999959746009,2.59999999999991,-48.3241057256967));
#4479=CARTESIAN_POINT('',(85.1215568053024,2.6,-46.3241107875194));
#4480=CARTESIAN_POINT('',(42.5607763662051,2.6,-46.3241074166459));
#4481=CARTESIAN_POINT('',(126.390882032301,2.6,-46.3229725095367));
#4482=CARTESIAN_POINT('',(63.196101436997,2.6,-46.3247155287641));
#4483=CARTESIAN_POINT('',(126.390882032301,2.6,-41.3229771603869));
#4484=CARTESIAN_POINT('',(126.390882032301,2.6,10.4522483801273));
#4485=CARTESIAN_POINT('',(92.8752174927091,2.6,-41.3238940219758));
#4486=CARTESIAN_POINT('',(42.7381952121347,2.6,-41.3252655805949));
#4487=CARTESIAN_POINT('',(85.4752171649628,2.6,-41.3240964578958));
#4488=CARTESIAN_POINT('Origin',(89.175122179465,2.6,-37.8458310087453));
#4489=CARTESIAN_POINT('',(2.87470388468693,2.6,-29.5791688122727));
#4490=CARTESIAN_POINT('Origin',(-85.4752209718204,9.1,-41.3240952111454));
#4491=CARTESIAN_POINT('',(-46.6655815835519,8.1,-35.8057720462101));
#4492=CARTESIAN_POINT('',(-46.6655815834437,3.6,-35.8057720469707));
#4493=CARTESIAN_POINT('',(-10.0340342015588,8.1,-30.5971506930306));
#4494=CARTESIAN_POINT('',(-40.8209459528239,8.1,-34.9747262373498));
#4495=CARTESIAN_POINT('',(-10.0340342015588,9.1,-30.5971506930306));
#4496=CARTESIAN_POINT('',(-10.0340342015588,9.1,-30.5971506930306));
#4497=CARTESIAN_POINT('',(-66.6149209816885,9.1,-38.6423597389576));
#4498=CARTESIAN_POINT('',(-2.78759243129783,9.1,-29.5667827713268));
#4499=CARTESIAN_POINT('',(-85.4752209718204,9.1,-41.3240952111453));
#4500=CARTESIAN_POINT('',(-2.78759243129783,9.1,-29.5667827713268));
#4501=CARTESIAN_POINT('',(-85.4752209718204,6.8,-41.3240952111453));
#4502=CARTESIAN_POINT('',(-85.4752209718204,9.1,-41.3240952111453));
#4503=CARTESIAN_POINT('',(-85.4752209718204,9.1,-41.3240952111453));
#4504=CARTESIAN_POINT('Origin',(-45.8209401538041,-1.9,-41.7460229546443));
#4505=CARTESIAN_POINT('',(-45.8209401538041,8.1,-41.7460229546443));
#4506=CARTESIAN_POINT('',(-45.8209401538041,-1.9,-41.7460229546443));
#4507=CARTESIAN_POINT('',(-48.5822464752826,8.1,-22.3261226195079));
#4508=CARTESIAN_POINT('Origin',(126.390882032301,9.1,19.3324814127195));
#4509=CARTESIAN_POINT('',(90.3648031682247,9.1,19.3324814127195));
#4510=CARTESIAN_POINT('',(90.3648031682247,9.1,19.3324814127195));
#4511=CARTESIAN_POINT('',(126.390882032301,9.1,19.3324814127195));
#4512=CARTESIAN_POINT('',(45.18240601185,9.1,19.3324814127195));
#4513=CARTESIAN_POINT('',(126.390882032301,2.6,19.3324814127195));
#4514=CARTESIAN_POINT('',(126.390882032301,9.1,19.3324814127195));
#4515=CARTESIAN_POINT('',(63.195440876424,2.6,19.3324814127195));
#4516=CARTESIAN_POINT('Origin',(90.3648031682247,9.1,19.3324814127195));
#4517=CARTESIAN_POINT('',(90.3648031682247,2.6,36.7717506572019));
#4518=CARTESIAN_POINT('',(90.3648031682247,2.6,10.4522483801273));
#4519=CARTESIAN_POINT('',(90.3648031682247,9.1,36.7717506572019));
#4520=CARTESIAN_POINT('',(90.3648031682247,9.1,36.7717506572019));
#4521=CARTESIAN_POINT('',(90.3648031682247,9.1,19.7968865818368));
#4522=CARTESIAN_POINT('Origin',(-8.9500778209911,-1.9,-38.2204727093845));
#4523=CARTESIAN_POINT('',(-8.95007782099111,8.1,-38.2204727093845));
#4524=CARTESIAN_POINT('',(-8.95007782099111,-1.9,-38.2204727093845));
#4525=CARTESIAN_POINT('',(-45.5816251723022,8.1,-43.429094278346));
#4526=CARTESIAN_POINT('',(-20.3321697894446,8.1,-39.838886727177));
#4527=CARTESIAN_POINT('',(-45.5816251723022,-1.9,-43.429094278346));
#4528=CARTESIAN_POINT('Origin',(-45.5816251723022,-1.9,-43.429094278346));
#4529=CARTESIAN_POINT('',(-48.1599256506357,8.1,-25.2962476494422));
#4530=CARTESIAN_POINT('Origin',(-10.0340342015588,-1.9,-30.5971506930306));
#4531=CARTESIAN_POINT('',(-10.0340342015588,9.1,-30.5971506930306));
#4532=CARTESIAN_POINT('',(-11.4087207614534,8.1,-20.9291617356314));
#4533=CARTESIAN_POINT('Origin',(-2.87511623398018E-7,8.1,-1.66605722850181));
#4534=CARTESIAN_POINT('Origin',(8.9500773746978,-1.9,-38.2204725333623));
#4535=CARTESIAN_POINT('',(8.9500773746978,8.1,-38.2204725333623));
#4536=CARTESIAN_POINT('',(8.9500773746978,-1.9,-38.2204725333623));
#4537=CARTESIAN_POINT('',(10.0340337552654,8.1,-30.5971505170084));
#4538=CARTESIAN_POINT('',(11.9506984919021,8.1,-17.1175006466699));
#4539=CARTESIAN_POINT('',(10.0340337552654,9.1,-30.5971505170084));
#4540=CARTESIAN_POINT('Origin',(45.5816247260089,-1.9,-43.4290941023237));
#4541=CARTESIAN_POINT('',(2.01639561667264,8.1,-37.2345757594475));
#4542=CARTESIAN_POINT('Origin',(-2.87511623398018E-7,8.1,-1.6660572285018));
#4543=CARTESIAN_POINT('',(3.1003517620558,8.1,-29.6112535764932));
#4544=CARTESIAN_POINT('Origin',(10.0340337552654,9.1,-30.5971505170084));
#4545=CARTESIAN_POINT('',(85.4752171649628,6.8,-41.3240964578958));
#4546=CARTESIAN_POINT('',(85.4752171649628,9.1,-41.3240964578958));
#4547=CARTESIAN_POINT('',(85.4752171649628,9.1,-41.3240964578958));
#4548=CARTESIAN_POINT('',(85.4752171649628,9.1,-41.3240964578958));
#4549=CARTESIAN_POINT('',(66.6151438496789,9.1,-38.642391615124));
#4550=CARTESIAN_POINT('',(40.5081922390898,9.1,-34.9302565987987));
#4551=CARTESIAN_POINT('',(10.0340337552654,9.1,-30.5971505170084));
#4552=CARTESIAN_POINT('',(40.5081922390898,9.1,-34.9302565987987));
#4553=CARTESIAN_POINT('',(10.0340337552654,9.1,-30.5971505170084));
#4554=CARTESIAN_POINT('Origin',(3.85,9.1,40.0969798213424));
#4555=CARTESIAN_POINT('',(-3.85,9.1,40.0969798213424));
#4556=CARTESIAN_POINT('',(3.85,9.1,40.0969798213424));
#4557=CARTESIAN_POINT('',(1.92500442773766,9.1,40.0969798213424));
#4558=CARTESIAN_POINT('',(-3.85,8.1,40.0969798213424));
#4559=CARTESIAN_POINT('',(-3.85,9.1,40.0969798213424));
#4560=CARTESIAN_POINT('',(3.85,8.1,40.0969798213424));
#4561=CARTESIAN_POINT('',(-1.925,8.1,40.0969798213424));
#4562=CARTESIAN_POINT('',(3.85,9.1,40.0969798213424));
#4563=CARTESIAN_POINT('Origin',(3.85,9.1,3.09697982134238));
#4564=CARTESIAN_POINT('',(3.85,9.1,3.09697982134238));
#4565=CARTESIAN_POINT('',(3.85,9.1,2.95950116390697));
#4566=CARTESIAN_POINT('',(3.85,8.1,3.09697982134238));
#4567=CARTESIAN_POINT('',(3.85,8.1,30.8469798213424));
#4568=CARTESIAN_POINT('',(3.85,9.1,3.09697982134238));
#4569=CARTESIAN_POINT('Origin',(-3.85,9.1,3.09697982134238));
#4570=CARTESIAN_POINT('',(-3.85,9.1,3.09697982134238));
#4571=CARTESIAN_POINT('',(-1.92499557226234,9.1,3.09697982134238));
#4572=CARTESIAN_POINT('',(-3.85,8.1,3.09697982134238));
#4573=CARTESIAN_POINT('',(1.925,8.1,3.09697982134238));
#4574=CARTESIAN_POINT('',(-3.85,9.1,3.09697982134238));
#4575=CARTESIAN_POINT('Origin',(-3.85,9.1,40.0969798213424));
#4576=CARTESIAN_POINT('',(-3.85,9.1,21.459501163907));
#4577=CARTESIAN_POINT('',(-3.85,8.1,12.3469798213424));
#4578=CARTESIAN_POINT('Origin',(0.,8.1,21.5969798213424));
#4579=CARTESIAN_POINT('Origin',(-126.390882591205,0.,19.3324827005395));
#4580=CARTESIAN_POINT('',(-126.390882591204,0.,-46.3240923916668));
#4581=CARTESIAN_POINT('',(-126.390882591206,9.1,-41.3240952111418));
#4582=CARTESIAN_POINT('',(-126.390882591206,9.1,-41.3240952111418));
#4583=CARTESIAN_POINT('',(-126.390882591205,9.1,-38.3175172994602));
#4584=CARTESIAN_POINT('',(-126.390882591205,9.1,-19.2510363523361));
#4585=CARTESIAN_POINT('',(-126.390882591205,9.1,-38.3175172994602));
#4586=CARTESIAN_POINT('',(-126.390890943906,9.1,18.8324827005395));
#4587=CARTESIAN_POINT('',(-126.390890943906,9.1,18.8324827005395));
#4588=CARTESIAN_POINT('',(-126.390882591205,9.1,19.3324827005395));
#4589=CARTESIAN_POINT('',(-126.390882591205,9.1,-19.2510363523361));
#4590=CARTESIAN_POINT('',(-126.390882591205,2.6,19.3324827005395));
#4591=CARTESIAN_POINT('',(-126.390882591205,9.1,19.3324827005395));
#4592=CARTESIAN_POINT('',(-126.390882591205,-9.06045989333295,19.3324827005395));
#4593=CARTESIAN_POINT('',(-126.390882591205,0.,19.3324827005395));
#4594=CARTESIAN_POINT('',(-126.390882591205,-10.2285484134942,11.957462037097));
#4595=CARTESIAN_POINT('Origin',(-126.390882591204,0.,-46.3240923916668));
#4596=CARTESIAN_POINT('',(-85.1215363550497,0.,-46.324097304028));
#4597=CARTESIAN_POINT('Origin',(1.71069526728316E-5,-11.618362169229,3.18252333171009));
#4598=CARTESIAN_POINT('',(-92.7487056435339,-5.98221503251091,38.7677558530953));
#4599=CARTESIAN_POINT('',(-65.8424598831381,-3.52030500615378,54.3116440110013));
#4600=CARTESIAN_POINT('',(-9.70840247451478,-4.28744044332677,49.4681414825894));
#4601=CARTESIAN_POINT('',(-7.89819133519137,-4.25049573427701,49.7014011953116));
#4602=CARTESIAN_POINT('',(3.60773818356916E-7,-4.28744044332677,49.4681414825894));
#4603=CARTESIAN_POINT('',(8.73386324562112E-6,-4.28744044332677,49.4681414825894));
#4604=CARTESIAN_POINT('',(9.70840319606242,-4.28744045454101,49.4681414117855));
#4605=CARTESIAN_POINT('',(4.85421032204707,-4.2874404489339,49.4681414471874));
#4606=CARTESIAN_POINT('',(92.7487062090046,-5.98221524678012,38.7677545002527));
#4607=CARTESIAN_POINT('',(49.4013554480261,-5.09753642559851,44.3533967474891));
#4608=CARTESIAN_POINT('',(126.390882032301,-9.0604600973036,19.3324814127195));
#4609=CARTESIAN_POINT('',(82.5586306166291,-5.04982764249937,44.6546181490446));
#4610=CARTESIAN_POINT('',(126.390882032301,-15.3007112718282,-20.066913892388));
#4611=CARTESIAN_POINT('Origin',(3.41927859737639,1.6,51.4681414825174));
#4612=CARTESIAN_POINT('Origin',(-6.00000040253991,-4.20000000000009,-48.3241057256967));
#4613=CARTESIAN_POINT('',(5.99999959746009,-4.20000000000009,-46.3241045209812));
#4614=CARTESIAN_POINT('',(-6.00000040253991,-4.20000000000009,-46.3241035705644));
#4615=CARTESIAN_POINT('',(-45.5607682995933,-4.20000000000009,-46.3241004372962));
#4616=CARTESIAN_POINT('',(5.99999959746009,-4.20000000000009,-48.3241057256967));
#4617=CARTESIAN_POINT('',(-6.00000040253991,-4.20000000000009,-48.3241057256967));
#4618=CARTESIAN_POINT('Origin',(-6.00000040253991,2.59999999999991,-48.3241057256967));
#4619=CARTESIAN_POINT('',(-6.00000040253991,1.29999999999995,-46.3241035705644));
#4620=CARTESIAN_POINT('Origin',(5.99999959746009,-4.20000000000009,-48.3241057256967));
#4621=CARTESIAN_POINT('',(5.99999959746009,-2.10000000000005,-46.3241045209812));
#4622=CARTESIAN_POINT('Origin',(-85.1215363550497,0.,-46.324097304028));
#4623=CARTESIAN_POINT('',(85.1215568053024,0.,-46.3241107875194));
#4624=CARTESIAN_POINT('Origin',(-89.1752209718203,2.6,-37.8459699059032));
#4625=CARTESIAN_POINT('',(-92.8752209718209,6.8,-41.3240952111447));
#4626=CARTESIAN_POINT('Origin',(-89.1752209718203,6.8,-37.8459699059032));
#4627=CARTESIAN_POINT('',(-92.8752209718209,2.6,-41.3240952111447));
#4628=CARTESIAN_POINT('Origin',(-1.73955593041342E-6,6.8,2.82202317793419));
#4629=CARTESIAN_POINT('',(-63.1954421653831,6.8,-41.3240952111472));
#4630=CARTESIAN_POINT('Origin',(89.175122179465,2.6,-37.8458310087453));
#4631=CARTESIAN_POINT('',(92.8752174927091,6.8,-41.3238940219758));
#4632=CARTESIAN_POINT('',(92.8752174927091,2.6,-41.3238940219759));
#4633=CARTESIAN_POINT('Origin',(89.175122179465,6.8,-37.8458310087453));
#4634=CARTESIAN_POINT('Origin',(-1.73955593041342E-6,6.8,2.82202317793419));
#4635=CARTESIAN_POINT('',(42.7382115798177,6.8,-41.3252655801471));
#4636=CARTESIAN_POINT('Origin',(-2.53661475873614E-8,2.6,43.4900165295052));
#4637=CARTESIAN_POINT('',(-3.69999999999698,2.6,46.9681414708389));
#4638=CARTESIAN_POINT('',(3.69999999999698,2.6,46.9681414168703));
#4639=CARTESIAN_POINT('Origin',(-2.53661475873614E-8,2.6,43.4900165295052));
#4640=CARTESIAN_POINT('',(-3.69999999999698,6.8,46.9681414708389));
#4641=CARTESIAN_POINT('',(-3.69999999999697,2.6,46.9681414708389));
#4642=CARTESIAN_POINT('',(3.69999999999698,6.8,46.9681414168703));
#4643=CARTESIAN_POINT('Origin',(-2.53661475873614E-8,6.8,43.4900165295052));
#4644=CARTESIAN_POINT('',(3.69999999999699,2.6,46.9681414168703));
#4645=CARTESIAN_POINT('Origin',(-1.73955593041342E-6,6.8,2.82202317793419));
#4646=CARTESIAN_POINT('',(3.425411843061E-7,6.8,46.9681414708389));
#4647=CARTESIAN_POINT('',(-6.98507352140116E-7,6.8,46.9681414708389));
#4648=CARTESIAN_POINT('',(4.68710911212393,6.8,46.9681414024723));
#4649=CARTESIAN_POINT('Origin',(85.4752171649628,9.1,-41.3240964578958));
#4650=CARTESIAN_POINT('',(126.390882032301,9.1,-41.3229771603869));
#4651=CARTESIAN_POINT('',(126.390882032301,9.1,-41.3229771603869));
#4652=CARTESIAN_POINT('',(63.1960534459212,9.1,-41.3247059312477));
#4653=CARTESIAN_POINT('Origin',(9.37421931988377,9.1,46.9681413341056));
#4654=CARTESIAN_POINT('',(3.425411843061E-7,9.1,46.9681414708389));
#4655=CARTESIAN_POINT('',(3.425411843061E-7,9.1,46.9681414708389));
#4656=CARTESIAN_POINT('',(9.37421931988377,9.1,46.9681413341056));
#4657=CARTESIAN_POINT('',(4.92096826375378E-6,9.1,46.9681414708389));
#4658=CARTESIAN_POINT('',(9.37421931988377,2.6,46.9681413341056));
#4659=CARTESIAN_POINT('',(9.37421931988377,9.1,46.9681413341056));
#4660=CARTESIAN_POINT('',(4.68710985129203,2.6,46.9681414024722));
#4661=CARTESIAN_POINT('Origin',(3.425411843061E-7,9.1,46.9681414708389));
#4662=CARTESIAN_POINT('',(-9.3742195105322,2.6,46.9681414708389));
#4663=CARTESIAN_POINT('',(3.15443786320932E-8,2.6,46.9681414708389));
#4664=CARTESIAN_POINT('',(-9.3742195105322,9.1,46.9681414708389));
#4665=CARTESIAN_POINT('',(-9.3742195105322,9.1,46.9681414708389));
#4666=CARTESIAN_POINT('',(-4.68710532752842,9.1,46.9681414708389));
#4667=CARTESIAN_POINT('Origin',(-12.847066095435,9.1,26.7276985395289));
#4668=CARTESIAN_POINT('',(-10.1653300105533,9.1,7.86740229678423));
#4669=CARTESIAN_POINT('',(-10.1653300105533,9.1,7.86740229678423));
#4670=CARTESIAN_POINT('',(-12.847066095435,9.1,26.7276985395289));
#4671=CARTESIAN_POINT('',(-11.0538822269413,9.1,14.1164728607));
#4672=CARTESIAN_POINT('',(-12.847066095435,9.1,26.7276985395289));
#4673=CARTESIAN_POINT('Origin',(-6.65711368644368,9.1,27.6078448057655));
#4674=CARTESIAN_POINT('',(-6.65711368644368,9.1,27.6078448057655));
#4675=CARTESIAN_POINT('',(-5.12173634851576,9.1,27.8261593487463));
#4676=CARTESIAN_POINT('',(-6.65711368644368,9.1,27.6078448057655));
#4677=CARTESIAN_POINT('Origin',(-9.33884992667928,9.1,46.4681414825894));
#4678=CARTESIAN_POINT('',(-9.33884992667928,9.1,46.4681414825894));
#4679=CARTESIAN_POINT('',(-6.2047978734971,9.1,24.4267674515504));
#4680=CARTESIAN_POINT('',(-9.33884992667928,9.1,46.4681414825894));
#4681=CARTESIAN_POINT('Origin',(-70.6348140880912,9.1,37.752498707427));
#4682=CARTESIAN_POINT('',(-70.6348140880913,9.1,37.752498707427));
#4683=CARTESIAN_POINT('',(-38.4514546694324,9.1,42.3286346379925));
#4684=CARTESIAN_POINT('',(-70.6348140880913,9.1,37.752498707427));
#4685=CARTESIAN_POINT('Origin',(-89.6237382629676,9.1,36.2585958218403));
#4686=CARTESIAN_POINT('',(-89.6237382629676,9.1,36.2585958218403));
#4687=CARTESIAN_POINT('',(-46.3946903210634,9.1,39.6595256937401));
#4688=CARTESIAN_POINT('',(-89.6237382629676,9.1,36.2585958218403));
#4689=CARTESIAN_POINT('Origin',(-88.2874322576102,9.1,18.832482700539));
#4690=CARTESIAN_POINT('',(-88.2874322576102,9.1,18.832482700539));
#4691=CARTESIAN_POINT('',(-87.4190795324043,9.1,7.50871946220628));
#4692=CARTESIAN_POINT('',(-88.2874322576102,9.1,18.832482700539));
#4693=CARTESIAN_POINT('Origin',(-126.390890943906,9.1,18.8324827005395));
#4694=CARTESIAN_POINT('',(-63.1954410442151,9.1,18.8324827005386));
#4695=CARTESIAN_POINT('Origin',(-86.9812031439941,9.1,-38.3175172994602));
#4696=CARTESIAN_POINT('',(-86.9812031439941,9.1,-38.3175172994602));
#4697=CARTESIAN_POINT('',(-43.4905971442594,9.1,-38.3175172994602));
#4698=CARTESIAN_POINT('',(-86.9812031439941,9.1,-38.3175172994602));
#4699=CARTESIAN_POINT('Origin',(-86.8343274437133,9.1,-40.2328526088436));
#4700=CARTESIAN_POINT('',(-86.8343274437133,9.1,-40.2328526088436));
#4701=CARTESIAN_POINT('',(-88.2216683985048,9.1,-22.1412070079276));
#4702=CARTESIAN_POINT('',(-86.8343274437133,9.1,-40.2328526088436));
#4703=CARTESIAN_POINT('Origin',(-66.6149209816885,9.1,-38.6423597389576));
#4704=CARTESIAN_POINT('',(-31.8914836066114,9.1,-35.9109551516507));
#4705=CARTESIAN_POINT('',(-66.6149209816885,9.1,-38.6423597389576));
#4706=CARTESIAN_POINT('Origin',(-10.0340286639861,9.1,-30.5971506930306));
#4707=CARTESIAN_POINT('',(-10.0340286639861,9.1,-30.5971506930306));
#4708=CARTESIAN_POINT('Origin',(-12.7157648497873,9.1,-11.7368539193112));
#4709=CARTESIAN_POINT('',(-12.7157648497873,9.1,-11.7368539193112));
#4710=CARTESIAN_POINT('',(-13.6043170875561,9.1,-5.48778326426276));
#4711=CARTESIAN_POINT('',(-12.7157648497873,9.1,-11.7368539193112));
#4712=CARTESIAN_POINT('Origin',(-10.1653137038014,9.1,-11.3742065056921));
#4713=CARTESIAN_POINT('',(-10.1653137038014,9.1,-11.3742065056921));
#4714=CARTESIAN_POINT('',(-4.19410011017163,9.1,-10.5251625358418));
#4715=CARTESIAN_POINT('',(-10.1653137038014,9.1,-11.3742065056921));
#4716=CARTESIAN_POINT('Origin',(-12.8470501103667,9.1,7.48608984413987));
#4717=CARTESIAN_POINT('',(-12.8470501103668,9.1,7.48608984413987));
#4718=CARTESIAN_POINT('',(-12.3947342210755,9.1,4.3050122054554));
#4719=CARTESIAN_POINT('',(-12.8470501103668,9.1,7.48608984413987));
#4720=CARTESIAN_POINT('Origin',(-10.1653300105533,9.1,7.86740229678423));
#4721=CARTESIAN_POINT('',(-5.53497642269208,9.1,8.52578997986899));
#4722=CARTESIAN_POINT('Origin',(86.9809979149914,9.1,-38.3175190175722));
#4723=CARTESIAN_POINT('',(86.8340797096385,9.1,-40.2330899980355));
#4724=CARTESIAN_POINT('',(86.8340797096385,9.1,-40.2330899980355));
#4725=CARTESIAN_POINT('',(86.9809979149914,9.1,-38.3175190175722));
#4726=CARTESIAN_POINT('',(88.2950754265769,9.1,-21.1841165149654));
#4727=CARTESIAN_POINT('',(86.9809979149914,9.1,-38.3175190175722));
#4728=CARTESIAN_POINT('Origin',(126.390882032301,9.1,-38.3175188128963));
#4729=CARTESIAN_POINT('',(126.390882032301,9.1,-38.3175188128963));
#4730=CARTESIAN_POINT('',(63.1954455507174,9.1,-38.3175191411029));
#4731=CARTESIAN_POINT('',(126.390882032301,9.1,-38.3175188128963));
#4732=CARTESIAN_POINT('Origin',(88.2874524411297,9.1,18.8324814127195));
#4733=CARTESIAN_POINT('',(126.390882032301,9.1,18.8324814127195));
#4734=CARTESIAN_POINT('',(126.390882032301,9.1,18.8324814127195));
#4735=CARTESIAN_POINT('',(88.2874524411297,9.1,18.8324814127195));
#4736=CARTESIAN_POINT('',(44.1437306483025,9.1,18.8324814127195));
#4737=CARTESIAN_POINT('',(88.2874524411297,9.1,18.8324814127195));
#4738=CARTESIAN_POINT('Origin',(89.6239601293369,9.1,36.2583364083295));
#4739=CARTESIAN_POINT('',(89.6239601293369,9.1,36.2583364083295));
#4740=CARTESIAN_POINT('',(88.0871685843934,9.1,16.2211103923766));
#4741=CARTESIAN_POINT('',(89.6239601293369,9.1,36.2583364083295));
#4742=CARTESIAN_POINT('Origin',(70.6348147597322,9.1,37.7524976596135));
#4743=CARTESIAN_POINT('',(70.6348147597322,9.1,37.7524976596135));
#4744=CARTESIAN_POINT('',(36.9005245404499,9.1,40.406880903522));
#4745=CARTESIAN_POINT('',(70.6348147597322,9.1,37.7524976596135));
#4746=CARTESIAN_POINT('Origin',(9.33885519537066,9.1,46.4681407016024));
#4747=CARTESIAN_POINT('',(9.33885068822459,9.1,46.4681413424713));
#4748=CARTESIAN_POINT('',(7.8034842284867,9.1,46.6864543617441));
#4749=CARTESIAN_POINT('',(9.33885068822459,9.1,46.4681413424713));
#4750=CARTESIAN_POINT('Origin',(6.65711417859309,9.1,27.6078446965777));
#4751=CARTESIAN_POINT('',(6.65711417859309,9.1,27.6078446965777));
#4752=CARTESIAN_POINT('',(4.86392717525358,9.1,14.9966203226502));
#4753=CARTESIAN_POINT('',(6.65711417859309,9.1,27.6078446965777));
#4754=CARTESIAN_POINT('Origin',(12.8470709358338,9.1,26.7276963741273));
#4755=CARTESIAN_POINT('',(12.8470709358338,9.1,26.7276963741273));
#4756=CARTESIAN_POINT('',(8.21672657172668,9.1,27.3860838208036));
#4757=CARTESIAN_POINT('',(12.8470709358338,9.1,26.7276963741273));
#4758=CARTESIAN_POINT('Origin',(10.1653301253081,9.1,7.86740181964262));
#4759=CARTESIAN_POINT('',(10.1653301253081,9.1,7.86740181964262));
#4760=CARTESIAN_POINT('',(9.7130135160056,9.1,4.68632464400799));
#4761=CARTESIAN_POINT('',(10.1653301253081,9.1,7.86740181964262));
#4762=CARTESIAN_POINT('Origin',(12.847054383073,9.1,7.48608814421767));
#4763=CARTESIAN_POINT('',(12.847054383073,9.1,7.48608814421767));
#4764=CARTESIAN_POINT('',(6.87584814312317,9.1,8.33513240799049));
#4765=CARTESIAN_POINT('',(12.847054383073,9.1,7.48608814421767));
#4766=CARTESIAN_POINT('Origin',(10.165313537896,9.1,-11.3742066539644));
#4767=CARTESIAN_POINT('',(10.165313537896,9.1,-11.3742066539644));
#4768=CARTESIAN_POINT('',(11.0538673469386,9.1,-5.12513646035107));
#4769=CARTESIAN_POINT('',(10.165313537896,9.1,-11.3742066539644));
#4770=CARTESIAN_POINT('Origin',(12.7157714562332,9.1,-11.7368556229134));
#4771=CARTESIAN_POINT('',(12.7157714562332,9.1,-11.7368556229134));
#4772=CARTESIAN_POINT('',(5.4693364250338,9.1,-10.7064868512014));
#4773=CARTESIAN_POINT('',(12.7157714562332,9.1,-11.7368556229134));
#4774=CARTESIAN_POINT('Origin',(10.0340305511669,9.1,-30.5971508422884));
#4775=CARTESIAN_POINT('',(12.263454810116,9.1,-14.9179330574599));
#4776=CARTESIAN_POINT('',(10.0340305511669,9.1,-30.5971508422884));
#4777=CARTESIAN_POINT('Origin',(66.6149185445522,9.1,-38.6423738895373));
#4778=CARTESIAN_POINT('',(66.6149185445522,9.1,-38.6423738895373));
#4779=CARTESIAN_POINT('',(31.0574354866931,9.1,-33.5864638049749));
#4780=CARTESIAN_POINT('',(66.6149185445522,9.1,-38.6423738895373));
#4781=CARTESIAN_POINT('Origin',(86.8340797096385,9.1,-40.2330899980355));
#4782=CARTESIAN_POINT('',(42.0008891823477,9.1,-36.705897263142));
#4783=CARTESIAN_POINT('',(42.0008891823477,9.1,-36.705897263142));
#4784=CARTESIAN_POINT('Origin',(8.85547532192277E-6,9.1,2.82202250647156));
#4785=CARTESIAN_POINT('Origin',(8.85547532192277E-6,9.1,2.82202250647156));
#4786=CARTESIAN_POINT('',(126.390882032301,9.1,11.0772519595955));
#4787=CARTESIAN_POINT('Origin',(8.85547532192277E-6,9.1,2.82202250647156));
#4788=CARTESIAN_POINT('',(-2.2314666455394E-7,9.1,-30.5971506930306));
#4789=CARTESIAN_POINT('',(4.31616432128904E-6,9.1,-30.5971506930306));
#4790=CARTESIAN_POINT('',(5.01702159849858,9.1,-30.5971506050194));
#4791=CARTESIAN_POINT('',(126.390882032301,9.1,11.0772519595955));
#4792=CARTESIAN_POINT('',(70.6891799426025,9.1,38.2497966726728));
#4793=CARTESIAN_POINT('',(36.8661407853579,9.1,40.7906060632684));
#4794=CARTESIAN_POINT('',(7.85635962671459,9.1,47.1839650713851));
#4795=CARTESIAN_POINT('',(-70.6891793846868,9.1,38.2497977037528));
#4796=CARTESIAN_POINT('',(-38.5138307070901,9.1,42.8247945915089));
#4797=CARTESIAN_POINT('',(-46.7039430286546,9.1,40.0515843967207));
#4798=CARTESIAN_POINT('',(-63.1954368678651,9.1,19.3324827005395));
#4799=CARTESIAN_POINT('Origin',(-9.37421951053219,9.1,46.9681414708389));
#4800=CARTESIAN_POINT('',(-70.6891793846868,2.6,38.2497977037528));
#4801=CARTESIAN_POINT('',(-7.9434630630664,2.6,47.1715800212609));
#4802=CARTESIAN_POINT('',(-70.6891793846868,9.1,38.2497977037528));
#4803=CARTESIAN_POINT('Origin',(70.6891799426025,9.1,38.2497966726729));
#4804=CARTESIAN_POINT('',(70.6891799426025,2.6,38.2497966726728));
#4805=CARTESIAN_POINT('',(38.6009432847886,2.6,42.812407557834));
#4806=CARTESIAN_POINT('',(70.6891799426025,9.1,38.2497966726728));
#4807=CARTESIAN_POINT('Origin',(90.3648031682247,9.1,36.7717506572019));
#4808=CARTESIAN_POINT('',(46.7506350830903,2.6,40.0480762209261));
#4809=CARTESIAN_POINT('Origin',(-2.23146663369533E-7,9.1,-30.5971506930306));
#4810=CARTESIAN_POINT('',(-2.2314666455394E-7,9.1,-30.5971506930306));
#4811=CARTESIAN_POINT('Origin',(-10.0340342015588,9.1,-30.5971506930306));
#4812=CARTESIAN_POINT('Origin',(-126.390882591206,9.1,-41.3240952111418));
#4813=CARTESIAN_POINT('',(-42.7376060581744,9.1,-41.324095211149));
#4814=CARTESIAN_POINT('Origin',(-90.3648026318679,9.1,19.3324827005395));
#4815=CARTESIAN_POINT('',(-45.1824014556602,2.6,19.3324827005395));
#4816=CARTESIAN_POINT('Origin',(-70.6891793846868,9.1,38.2497977037528));
#4817=CARTESIAN_POINT('',(-36.9128231646389,2.6,40.7870997453447));
#4818=CARTESIAN_POINT('Origin',(8.85547532192277E-6,9.1,2.82202250647156));
#4819=CARTESIAN_POINT('Origin',(-2.79452470053343E-7,2.6,1.57201534753504));
#4820=CARTESIAN_POINT('',(92.7487062090046,2.6,38.7677545002527));
#4821=CARTESIAN_POINT('',(66.0342342710571,2.6,54.2008543161013));
#4822=CARTESIAN_POINT('',(9.70840319606242,2.6,49.4681414117855));
#4823=CARTESIAN_POINT('',(7.96897705517143,2.6,49.6922799570009));
#4824=CARTESIAN_POINT('',(3.60773818356916E-7,2.6,49.4681414825894));
#4825=CARTESIAN_POINT('',(2.15315188412015E-7,2.6,49.4681414825894));
#4826=CARTESIAN_POINT('',(-9.70840247451478,2.6,49.4681414825894));
#4827=CARTESIAN_POINT('',(-4.85420137698362,2.6,49.4681414825894));
#4828=CARTESIAN_POINT('',(-92.7487056435339,2.6,38.7677558530953));
#4829=CARTESIAN_POINT('',(-49.4891281760808,2.6,44.3420871525434));
#4830=CARTESIAN_POINT('',(-82.8553222495391,2.6,44.483218587993));
#4831=CARTESIAN_POINT('Origin',(126.390882032301,0.,-46.3229725095367));
#4832=CARTESIAN_POINT('',(126.390882032301,0.,19.3324814127195));
#4833=CARTESIAN_POINT('',(126.390882032301,0.,-46.3229725095367));
#4834=CARTESIAN_POINT('Origin',(85.1215568053024,0.,-46.3241107875194));
#4835=CARTESIAN_POINT('Origin',(-92.7487056435339,0.,38.7677558530953));
#4836=CARTESIAN_POINT('',(-92.7487056435339,0.,38.7677558530953));
#4837=CARTESIAN_POINT('Origin',(-9.70840247451479,0.,49.4681414825894));
#4838=CARTESIAN_POINT('',(-9.70840247451478,0.,49.4681414825894));
#4839=CARTESIAN_POINT('Origin',(3.60773818597337E-7,0.,49.4681414825894));
#4840=CARTESIAN_POINT('',(3.60773818356916E-7,0.,49.4681414825894));
#4841=CARTESIAN_POINT('Origin',(9.70840319606242,0.,49.4681414117855));
#4842=CARTESIAN_POINT('',(9.70840319606242,0.,49.4681414117855));
#4843=CARTESIAN_POINT('Origin',(92.7487062090046,0.,38.7677545002527));
#4844=CARTESIAN_POINT('',(92.7487062090046,0.,38.7677545002527));
#4845=CARTESIAN_POINT('Origin',(126.390882032301,0.,19.3324814127195));
#4846=UNCERTAINTY_MEASURE_WITH_UNIT(LENGTH_MEASURE(0.01),#4850,
'DISTANCE_ACCURACY_VALUE',
'Maximum model space distance between geometric entities at asserted c
onnectivities');
#4847=UNCERTAINTY_MEASURE_WITH_UNIT(LENGTH_MEASURE(0.01),#4850,
'DISTANCE_ACCURACY_VALUE',
'Maximum model space distance between geometric entities at asserted c
onnectivities');
#4848=(
GEOMETRIC_REPRESENTATION_CONTEXT(3)
GLOBAL_UNCERTAINTY_ASSIGNED_CONTEXT((#4846))
GLOBAL_UNIT_ASSIGNED_CONTEXT((#4850,#4851,#4852))
REPRESENTATION_CONTEXT('','3D')
);
#4849=(
GEOMETRIC_REPRESENTATION_CONTEXT(3)
GLOBAL_UNCERTAINTY_ASSIGNED_CONTEXT((#4847))
GLOBAL_UNIT_ASSIGNED_CONTEXT((#4850,#4851,#4852))
REPRESENTATION_CONTEXT('','3D')
);
#4850=(
LENGTH_UNIT()
NAMED_UNIT(*)
SI_UNIT(.MILLI.,.METRE.)
);
#4851=(
NAMED_UNIT(*)
PLANE_ANGLE_UNIT()
SI_UNIT($,.RADIAN.)
);
#4852=(
NAMED_UNIT(*)
SI_UNIT($,.STERADIAN.)
SOLID_ANGLE_UNIT()
);
#4853=SHAPE_DEFINITION_REPRESENTATION(#4854,#4855);
#4854=PRODUCT_DEFINITION_SHAPE('',$,#4857);
#4855=SHAPE_REPRESENTATION('',(#3042),#4848);
#4856=PRODUCT_DEFINITION_CONTEXT('part definition',#4861,'design');
#4857=PRODUCT_DEFINITION('2026-05-22-02-35-04-396','carot48',#4858,#4856);
#4858=PRODUCT_DEFINITION_FORMATION('',$,#4863);
#4859=PRODUCT_RELATED_PRODUCT_CATEGORY('carot48','carot48',(#4863));
#4860=APPLICATION_PROTOCOL_DEFINITION('international standard',
'automotive_design',2009,#4861);
#4861=APPLICATION_CONTEXT(
'Core Data for Automotive Mechanical Design Process');
#4862=PRODUCT_CONTEXT('part definition',#4861,'mechanical');
#4863=PRODUCT('2026-05-22-02-35-04-396','carot48',$,(#4862));
#4864=PRESENTATION_STYLE_ASSIGNMENT((#4865));
#4865=SURFACE_STYLE_USAGE(.BOTH.,#4866);
#4866=SURFACE_SIDE_STYLE('',(#4867));
#4867=SURFACE_STYLE_FILL_AREA(#4868);
#4868=FILL_AREA_STYLE('\X2\92FC\X0\ - \X2\30B530C630F3\X0\',(#4869));
#4869=FILL_AREA_STYLE_COLOUR('\X2\92FC\X0\ - \X2\30B530C630F3\X0\',#4870);
#4870=COLOUR_RGB('\X2\92FC\X0\ - \X2\30B530C630F3\X0\',0.627450980392157,
0.627450980392157,0.627450980392157);
ENDSEC;
END-ISO-10303-21;
