ISO-10303-21;
HEADER;
/* Generated by software containing ST-Developer
 * from STEP Tools, Inc. (www.steptools.com) 
 */

FILE_DESCRIPTION(
/* description */ (''),
/* implementation_level */ '2;1');

FILE_NAME(
/* name */ 'case_top.step',
/* time_stamp */ '2026-06-10T09:31:19+09:00',
/* author */ (''),
/* organization */ (''),
/* preprocessor_version */ 'ST-DEVELOPER v20.1',
/* originating_system */ 'Autodesk Translation Framework v15.8.0.0',
/* authorisation */ '');

FILE_SCHEMA (('AUTOMOTIVE_DESIGN { 1 0 10303 214 3 1 1 }'));
ENDSEC;

DATA;
#10=MECHANICAL_DESIGN_GEOMETRIC_PRESENTATION_REPRESENTATION('',(#13),#6164);
#11=SHAPE_REPRESENTATION_RELATIONSHIP('SRR','None',#6170,#12);
#12=ADVANCED_BREP_SHAPE_REPRESENTATION('',(#14),#6163);
#13=STYLED_ITEM('',(#6179),#14);
#14=MANIFOLD_SOLID_BREP('top_case',#3701);
#15=ELLIPSE('',#3827,3.03739537736401,3.);
#16=ELLIPSE('',#3828,3.03739537736401,3.);
#17=ELLIPSE('',#3829,3.03739537736401,3.);
#18=ELLIPSE('',#3830,3.03739537736401,3.);
#19=ELLIPSE('',#3831,3.03739537736401,3.);
#20=ELLIPSE('',#3832,3.03739537736401,3.);
#21=ELLIPSE('',#4000,3.03739537736401,3.);
#22=ELLIPSE('',#4002,3.03739537736401,3.);
#23=FACE_BOUND('',#380,.T.);
#24=FACE_BOUND('',#381,.T.);
#25=FACE_BOUND('',#386,.T.);
#26=FACE_BOUND('',#387,.T.);
#27=FACE_BOUND('',#407,.T.);
#28=FACE_BOUND('',#416,.T.);
#29=FACE_BOUND('',#417,.T.);
#30=FACE_BOUND('',#420,.T.);
#31=FACE_BOUND('',#421,.T.);
#32=FACE_BOUND('',#433,.T.);
#33=FACE_BOUND('',#446,.T.);
#34=FACE_BOUND('',#447,.T.);
#35=FACE_BOUND('',#532,.T.);
#36=FACE_BOUND('',#533,.T.);
#37=PLANE('',#3706);
#38=PLANE('',#3710);
#39=PLANE('',#3714);
#40=PLANE('',#3718);
#41=PLANE('',#3722);
#42=PLANE('',#3726);
#43=PLANE('',#3727);
#44=PLANE('',#3728);
#45=PLANE('',#3729);
#46=PLANE('',#3730);
#47=PLANE('',#3731);
#48=PLANE('',#3735);
#49=PLANE('',#3739);
#50=PLANE('',#3741);
#51=PLANE('',#3744);
#52=PLANE('',#3748);
#53=PLANE('',#3752);
#54=PLANE('',#3756);
#55=PLANE('',#3760);
#56=PLANE('',#3764);
#57=PLANE('',#3768);
#58=PLANE('',#3772);
#59=PLANE('',#3776);
#60=PLANE('',#3800);
#61=PLANE('',#3803);
#62=PLANE('',#3804);
#63=PLANE('',#3805);
#64=PLANE('',#3806);
#65=PLANE('',#3807);
#66=PLANE('',#3808);
#67=PLANE('',#3809);
#68=PLANE('',#3810);
#69=PLANE('',#3817);
#70=PLANE('',#3818);
#71=PLANE('',#3819);
#72=PLANE('',#3820);
#73=PLANE('',#3821);
#74=PLANE('',#3822);
#75=PLANE('',#3823);
#76=PLANE('',#3824);
#77=PLANE('',#3825);
#78=PLANE('',#3826);
#79=PLANE('',#3833);
#80=PLANE('',#3838);
#81=PLANE('',#3839);
#82=PLANE('',#3840);
#83=PLANE('',#3841);
#84=PLANE('',#3842);
#85=PLANE('',#3843);
#86=PLANE('',#3844);
#87=PLANE('',#3845);
#88=PLANE('',#3846);
#89=PLANE('',#3847);
#90=PLANE('',#3848);
#91=PLANE('',#3849);
#92=PLANE('',#3868);
#93=PLANE('',#3869);
#94=PLANE('',#3870);
#95=PLANE('',#3871);
#96=PLANE('',#3872);
#97=PLANE('',#3873);
#98=PLANE('',#3874);
#99=PLANE('',#3875);
#100=PLANE('',#3876);
#101=PLANE('',#3877);
#102=PLANE('',#3878);
#103=PLANE('',#3879);
#104=PLANE('',#3880);
#105=PLANE('',#3881);
#106=PLANE('',#3882);
#107=PLANE('',#3883);
#108=PLANE('',#3884);
#109=PLANE('',#3885);
#110=PLANE('',#3886);
#111=PLANE('',#3887);
#112=PLANE('',#3890);
#113=PLANE('',#3893);
#114=PLANE('',#3896);
#115=PLANE('',#3899);
#116=PLANE('',#3902);
#117=PLANE('',#3905);
#118=PLANE('',#3909);
#119=PLANE('',#3911);
#120=PLANE('',#3913);
#121=PLANE('',#3918);
#122=PLANE('',#3920);
#123=PLANE('',#3923);
#124=PLANE('',#3928);
#125=PLANE('',#3931);
#126=PLANE('',#3936);
#127=PLANE('',#3941);
#128=PLANE('',#3942);
#129=PLANE('',#3945);
#130=PLANE('',#3948);
#131=PLANE('',#3949);
#132=PLANE('',#3950);
#133=PLANE('',#3951);
#134=PLANE('',#3952);
#135=PLANE('',#3953);
#136=PLANE('',#3954);
#137=PLANE('',#3955);
#138=PLANE('',#3956);
#139=PLANE('',#3957);
#140=PLANE('',#3958);
#141=PLANE('',#3959);
#142=PLANE('',#3962);
#143=PLANE('',#3965);
#144=PLANE('',#3975);
#145=PLANE('',#3984);
#146=PLANE('',#3988);
#147=PLANE('',#3990);
#148=PLANE('',#3992);
#149=PLANE('',#3994);
#150=PLANE('',#3996);
#151=PLANE('',#4005);
#152=PLANE('',#4006);
#153=PLANE('',#4007);
#154=PLANE('',#4008);
#155=PLANE('',#4009);
#156=PLANE('',#4010);
#157=PLANE('',#4011);
#158=PLANE('',#4012);
#159=PLANE('',#4013);
#160=PLANE('',#4014);
#161=PLANE('',#4015);
#162=PLANE('',#4016);
#163=PLANE('',#4017);
#164=PLANE('',#4018);
#165=PLANE('',#4019);
#166=PLANE('',#4022);
#167=PLANE('',#4025);
#168=PLANE('',#4028);
#169=FACE_OUTER_BOUND('',#363,.T.);
#170=FACE_OUTER_BOUND('',#364,.T.);
#171=FACE_OUTER_BOUND('',#365,.T.);
#172=FACE_OUTER_BOUND('',#366,.T.);
#173=FACE_OUTER_BOUND('',#367,.T.);
#174=FACE_OUTER_BOUND('',#368,.T.);
#175=FACE_OUTER_BOUND('',#369,.T.);
#176=FACE_OUTER_BOUND('',#370,.T.);
#177=FACE_OUTER_BOUND('',#371,.T.);
#178=FACE_OUTER_BOUND('',#372,.T.);
#179=FACE_OUTER_BOUND('',#373,.T.);
#180=FACE_OUTER_BOUND('',#374,.T.);
#181=FACE_OUTER_BOUND('',#375,.T.);
#182=FACE_OUTER_BOUND('',#376,.T.);
#183=FACE_OUTER_BOUND('',#377,.T.);
#184=FACE_OUTER_BOUND('',#378,.T.);
#185=FACE_OUTER_BOUND('',#379,.T.);
#186=FACE_OUTER_BOUND('',#382,.T.);
#187=FACE_OUTER_BOUND('',#383,.T.);
#188=FACE_OUTER_BOUND('',#384,.T.);
#189=FACE_OUTER_BOUND('',#385,.T.);
#190=FACE_OUTER_BOUND('',#388,.T.);
#191=FACE_OUTER_BOUND('',#389,.T.);
#192=FACE_OUTER_BOUND('',#390,.T.);
#193=FACE_OUTER_BOUND('',#391,.T.);
#194=FACE_OUTER_BOUND('',#392,.T.);
#195=FACE_OUTER_BOUND('',#393,.T.);
#196=FACE_OUTER_BOUND('',#394,.T.);
#197=FACE_OUTER_BOUND('',#395,.T.);
#198=FACE_OUTER_BOUND('',#396,.T.);
#199=FACE_OUTER_BOUND('',#397,.T.);
#200=FACE_OUTER_BOUND('',#398,.T.);
#201=FACE_OUTER_BOUND('',#399,.T.);
#202=FACE_OUTER_BOUND('',#400,.T.);
#203=FACE_OUTER_BOUND('',#401,.T.);
#204=FACE_OUTER_BOUND('',#402,.T.);
#205=FACE_OUTER_BOUND('',#403,.T.);
#206=FACE_OUTER_BOUND('',#404,.T.);
#207=FACE_OUTER_BOUND('',#405,.T.);
#208=FACE_OUTER_BOUND('',#406,.T.);
#209=FACE_OUTER_BOUND('',#408,.T.);
#210=FACE_OUTER_BOUND('',#409,.T.);
#211=FACE_OUTER_BOUND('',#410,.T.);
#212=FACE_OUTER_BOUND('',#411,.T.);
#213=FACE_OUTER_BOUND('',#412,.T.);
#214=FACE_OUTER_BOUND('',#413,.T.);
#215=FACE_OUTER_BOUND('',#414,.T.);
#216=FACE_OUTER_BOUND('',#415,.T.);
#217=FACE_OUTER_BOUND('',#418,.T.);
#218=FACE_OUTER_BOUND('',#419,.T.);
#219=FACE_OUTER_BOUND('',#422,.T.);
#220=FACE_OUTER_BOUND('',#423,.T.);
#221=FACE_OUTER_BOUND('',#424,.T.);
#222=FACE_OUTER_BOUND('',#425,.T.);
#223=FACE_OUTER_BOUND('',#426,.T.);
#224=FACE_OUTER_BOUND('',#427,.T.);
#225=FACE_OUTER_BOUND('',#428,.T.);
#226=FACE_OUTER_BOUND('',#429,.T.);
#227=FACE_OUTER_BOUND('',#430,.T.);
#228=FACE_OUTER_BOUND('',#431,.T.);
#229=FACE_OUTER_BOUND('',#432,.T.);
#230=FACE_OUTER_BOUND('',#434,.T.);
#231=FACE_OUTER_BOUND('',#435,.T.);
#232=FACE_OUTER_BOUND('',#436,.T.);
#233=FACE_OUTER_BOUND('',#437,.T.);
#234=FACE_OUTER_BOUND('',#438,.T.);
#235=FACE_OUTER_BOUND('',#439,.T.);
#236=FACE_OUTER_BOUND('',#440,.T.);
#237=FACE_OUTER_BOUND('',#441,.T.);
#238=FACE_OUTER_BOUND('',#442,.T.);
#239=FACE_OUTER_BOUND('',#443,.T.);
#240=FACE_OUTER_BOUND('',#444,.T.);
#241=FACE_OUTER_BOUND('',#445,.T.);
#242=FACE_OUTER_BOUND('',#448,.T.);
#243=FACE_OUTER_BOUND('',#449,.T.);
#244=FACE_OUTER_BOUND('',#450,.T.);
#245=FACE_OUTER_BOUND('',#451,.T.);
#246=FACE_OUTER_BOUND('',#452,.T.);
#247=FACE_OUTER_BOUND('',#453,.T.);
#248=FACE_OUTER_BOUND('',#454,.T.);
#249=FACE_OUTER_BOUND('',#455,.T.);
#250=FACE_OUTER_BOUND('',#456,.T.);
#251=FACE_OUTER_BOUND('',#457,.T.);
#252=FACE_OUTER_BOUND('',#458,.T.);
#253=FACE_OUTER_BOUND('',#459,.T.);
#254=FACE_OUTER_BOUND('',#460,.T.);
#255=FACE_OUTER_BOUND('',#461,.T.);
#256=FACE_OUTER_BOUND('',#462,.T.);
#257=FACE_OUTER_BOUND('',#463,.T.);
#258=FACE_OUTER_BOUND('',#464,.T.);
#259=FACE_OUTER_BOUND('',#465,.T.);
#260=FACE_OUTER_BOUND('',#466,.T.);
#261=FACE_OUTER_BOUND('',#467,.T.);
#262=FACE_OUTER_BOUND('',#468,.T.);
#263=FACE_OUTER_BOUND('',#469,.T.);
#264=FACE_OUTER_BOUND('',#470,.T.);
#265=FACE_OUTER_BOUND('',#471,.T.);
#266=FACE_OUTER_BOUND('',#472,.T.);
#267=FACE_OUTER_BOUND('',#473,.T.);
#268=FACE_OUTER_BOUND('',#474,.T.);
#269=FACE_OUTER_BOUND('',#475,.T.);
#270=FACE_OUTER_BOUND('',#476,.T.);
#271=FACE_OUTER_BOUND('',#477,.T.);
#272=FACE_OUTER_BOUND('',#478,.T.);
#273=FACE_OUTER_BOUND('',#479,.T.);
#274=FACE_OUTER_BOUND('',#480,.T.);
#275=FACE_OUTER_BOUND('',#481,.T.);
#276=FACE_OUTER_BOUND('',#482,.T.);
#277=FACE_OUTER_BOUND('',#483,.T.);
#278=FACE_OUTER_BOUND('',#484,.T.);
#279=FACE_OUTER_BOUND('',#485,.T.);
#280=FACE_OUTER_BOUND('',#486,.T.);
#281=FACE_OUTER_BOUND('',#487,.T.);
#282=FACE_OUTER_BOUND('',#488,.T.);
#283=FACE_OUTER_BOUND('',#489,.T.);
#284=FACE_OUTER_BOUND('',#490,.T.);
#285=FACE_OUTER_BOUND('',#491,.T.);
#286=FACE_OUTER_BOUND('',#492,.T.);
#287=FACE_OUTER_BOUND('',#493,.T.);
#288=FACE_OUTER_BOUND('',#494,.T.);
#289=FACE_OUTER_BOUND('',#495,.T.);
#290=FACE_OUTER_BOUND('',#496,.T.);
#291=FACE_OUTER_BOUND('',#497,.T.);
#292=FACE_OUTER_BOUND('',#498,.T.);
#293=FACE_OUTER_BOUND('',#499,.T.);
#294=FACE_OUTER_BOUND('',#500,.T.);
#295=FACE_OUTER_BOUND('',#501,.T.);
#296=FACE_OUTER_BOUND('',#502,.T.);
#297=FACE_OUTER_BOUND('',#503,.T.);
#298=FACE_OUTER_BOUND('',#504,.T.);
#299=FACE_OUTER_BOUND('',#505,.T.);
#300=FACE_OUTER_BOUND('',#506,.T.);
#301=FACE_OUTER_BOUND('',#507,.T.);
#302=FACE_OUTER_BOUND('',#508,.T.);
#303=FACE_OUTER_BOUND('',#509,.T.);
#304=FACE_OUTER_BOUND('',#510,.T.);
#305=FACE_OUTER_BOUND('',#511,.T.);
#306=FACE_OUTER_BOUND('',#512,.T.);
#307=FACE_OUTER_BOUND('',#513,.T.);
#308=FACE_OUTER_BOUND('',#514,.T.);
#309=FACE_OUTER_BOUND('',#515,.T.);
#310=FACE_OUTER_BOUND('',#516,.T.);
#311=FACE_OUTER_BOUND('',#517,.T.);
#312=FACE_OUTER_BOUND('',#518,.T.);
#313=FACE_OUTER_BOUND('',#519,.T.);
#314=FACE_OUTER_BOUND('',#520,.T.);
#315=FACE_OUTER_BOUND('',#521,.T.);
#316=FACE_OUTER_BOUND('',#522,.T.);
#317=FACE_OUTER_BOUND('',#523,.T.);
#318=FACE_OUTER_BOUND('',#524,.T.);
#319=FACE_OUTER_BOUND('',#525,.T.);
#320=FACE_OUTER_BOUND('',#526,.T.);
#321=FACE_OUTER_BOUND('',#527,.T.);
#322=FACE_OUTER_BOUND('',#528,.T.);
#323=FACE_OUTER_BOUND('',#529,.T.);
#324=FACE_OUTER_BOUND('',#530,.T.);
#325=FACE_OUTER_BOUND('',#531,.T.);
#326=FACE_OUTER_BOUND('',#534,.T.);
#327=FACE_OUTER_BOUND('',#535,.T.);
#328=FACE_OUTER_BOUND('',#536,.T.);
#329=FACE_OUTER_BOUND('',#537,.T.);
#330=FACE_OUTER_BOUND('',#538,.T.);
#331=FACE_OUTER_BOUND('',#539,.T.);
#332=FACE_OUTER_BOUND('',#540,.T.);
#333=FACE_OUTER_BOUND('',#541,.T.);
#334=FACE_OUTER_BOUND('',#542,.T.);
#335=FACE_OUTER_BOUND('',#543,.T.);
#336=FACE_OUTER_BOUND('',#544,.T.);
#337=FACE_OUTER_BOUND('',#545,.T.);
#338=FACE_OUTER_BOUND('',#546,.T.);
#339=FACE_OUTER_BOUND('',#547,.T.);
#340=FACE_OUTER_BOUND('',#548,.T.);
#341=FACE_OUTER_BOUND('',#549,.T.);
#342=FACE_OUTER_BOUND('',#550,.T.);
#343=FACE_OUTER_BOUND('',#551,.T.);
#344=FACE_OUTER_BOUND('',#552,.T.);
#345=FACE_OUTER_BOUND('',#553,.T.);
#346=FACE_OUTER_BOUND('',#554,.T.);
#347=FACE_OUTER_BOUND('',#555,.T.);
#348=FACE_OUTER_BOUND('',#556,.T.);
#349=FACE_OUTER_BOUND('',#557,.T.);
#350=FACE_OUTER_BOUND('',#558,.T.);
#351=FACE_OUTER_BOUND('',#559,.T.);
#352=FACE_OUTER_BOUND('',#560,.T.);
#353=FACE_OUTER_BOUND('',#561,.T.);
#354=FACE_OUTER_BOUND('',#562,.T.);
#355=FACE_OUTER_BOUND('',#563,.T.);
#356=FACE_OUTER_BOUND('',#564,.T.);
#357=FACE_OUTER_BOUND('',#565,.T.);
#358=FACE_OUTER_BOUND('',#566,.T.);
#359=FACE_OUTER_BOUND('',#567,.T.);
#360=FACE_OUTER_BOUND('',#568,.T.);
#361=FACE_OUTER_BOUND('',#569,.T.);
#362=FACE_OUTER_BOUND('',#570,.T.);
#363=EDGE_LOOP('',(#2379,#2380,#2381,#2382));
#364=EDGE_LOOP('',(#2383));
#365=EDGE_LOOP('',(#2384,#2385,#2386,#2387));
#366=EDGE_LOOP('',(#2388));
#367=EDGE_LOOP('',(#2389,#2390,#2391,#2392));
#368=EDGE_LOOP('',(#2393));
#369=EDGE_LOOP('',(#2394,#2395,#2396,#2397));
#370=EDGE_LOOP('',(#2398));
#371=EDGE_LOOP('',(#2399,#2400,#2401,#2402));
#372=EDGE_LOOP('',(#2403));
#373=EDGE_LOOP('',(#2404,#2405,#2406,#2407));
#374=EDGE_LOOP('',(#2408));
#375=EDGE_LOOP('',(#2409,#2410,#2411,#2412));
#376=EDGE_LOOP('',(#2413,#2414,#2415,#2416));
#377=EDGE_LOOP('',(#2417,#2418,#2419,#2420));
#378=EDGE_LOOP('',(#2421,#2422,#2423,#2424));
#379=EDGE_LOOP('',(#2425,#2426,#2427,#2428));
#380=EDGE_LOOP('',(#2429));
#381=EDGE_LOOP('',(#2430));
#382=EDGE_LOOP('',(#2431,#2432,#2433,#2434));
#383=EDGE_LOOP('',(#2435,#2436,#2437,#2438,#2439,#2440));
#384=EDGE_LOOP('',(#2441,#2442,#2443,#2444));
#385=EDGE_LOOP('',(#2445,#2446,#2447,#2448,#2449,#2450));
#386=EDGE_LOOP('',(#2451));
#387=EDGE_LOOP('',(#2452));
#388=EDGE_LOOP('',(#2453,#2454,#2455,#2456));
#389=EDGE_LOOP('',(#2457,#2458,#2459,#2460));
#390=EDGE_LOOP('',(#2461,#2462,#2463,#2464));
#391=EDGE_LOOP('',(#2465,#2466,#2467,#2468));
#392=EDGE_LOOP('',(#2469,#2470,#2471,#2472));
#393=EDGE_LOOP('',(#2473,#2474,#2475,#2476));
#394=EDGE_LOOP('',(#2477));
#395=EDGE_LOOP('',(#2478,#2479,#2480,#2481));
#396=EDGE_LOOP('',(#2482));
#397=EDGE_LOOP('',(#2483,#2484,#2485,#2486));
#398=EDGE_LOOP('',(#2487));
#399=EDGE_LOOP('',(#2488,#2489,#2490,#2491));
#400=EDGE_LOOP('',(#2492));
#401=EDGE_LOOP('',(#2493,#2494,#2495,#2496));
#402=EDGE_LOOP('',(#2497,#2498,#2499,#2500));
#403=EDGE_LOOP('',(#2501,#2502,#2503,#2504));
#404=EDGE_LOOP('',(#2505,#2506,#2507,#2508,#2509,#2510));
#405=EDGE_LOOP('',(#2511,#2512,#2513,#2514));
#406=EDGE_LOOP('',(#2515,#2516,#2517,#2518,#2519,#2520,#2521,#2522,#2523,
#2524,#2525,#2526,#2527,#2528,#2529,#2530,#2531,#2532,#2533,#2534,#2535,
#2536,#2537,#2538,#2539,#2540,#2541,#2542,#2543,#2544,#2545,#2546,#2547,
#2548,#2549,#2550,#2551,#2552,#2553,#2554,#2555,#2556,#2557,#2558,#2559,
#2560,#2561,#2562,#2563,#2564,#2565,#2566,#2567,#2568,#2569,#2570,#2571,
#2572,#2573,#2574,#2575,#2576));
#407=EDGE_LOOP('',(#2577,#2578,#2579,#2580));
#408=EDGE_LOOP('',(#2581,#2582,#2583,#2584));
#409=EDGE_LOOP('',(#2585,#2586,#2587,#2588));
#410=EDGE_LOOP('',(#2589,#2590,#2591,#2592,#2593,#2594));
#411=EDGE_LOOP('',(#2595,#2596,#2597,#2598,#2599,#2600,#2601,#2602,#2603));
#412=EDGE_LOOP('',(#2604,#2605,#2606,#2607,#2608,#2609,#2610,#2611,#2612));
#413=EDGE_LOOP('',(#2613,#2614,#2615,#2616,#2617,#2618));
#414=EDGE_LOOP('',(#2619,#2620,#2621,#2622));
#415=EDGE_LOOP('',(#2623,#2624,#2625,#2626,#2627,#2628));
#416=EDGE_LOOP('',(#2629));
#417=EDGE_LOOP('',(#2630));
#418=EDGE_LOOP('',(#2631,#2632,#2633,#2634,#2635,#2636,#2637,#2638,#2639,
#2640));
#419=EDGE_LOOP('',(#2641,#2642,#2643,#2644,#2645,#2646,#2647,#2648,#2649,
#2650,#2651,#2652,#2653,#2654,#2655,#2656,#2657,#2658,#2659,#2660,#2661,
#2662,#2663,#2664,#2665,#2666,#2667,#2668,#2669,#2670,#2671,#2672,#2673,
#2674,#2675,#2676,#2677,#2678));
#420=EDGE_LOOP('',(#2679));
#421=EDGE_LOOP('',(#2680));
#422=EDGE_LOOP('',(#2681,#2682,#2683,#2684));
#423=EDGE_LOOP('',(#2685,#2686,#2687,#2688,#2689));
#424=EDGE_LOOP('',(#2690,#2691,#2692,#2693,#2694));
#425=EDGE_LOOP('',(#2695,#2696,#2697,#2698,#2699));
#426=EDGE_LOOP('',(#2700,#2701,#2702,#2703));
#427=EDGE_LOOP('',(#2704,#2705,#2706,#2707,#2708));
#428=EDGE_LOOP('',(#2709,#2710,#2711,#2712,#2713));
#429=EDGE_LOOP('',(#2714,#2715,#2716,#2717,#2718));
#430=EDGE_LOOP('',(#2719,#2720,#2721,#2722,#2723));
#431=EDGE_LOOP('',(#2724,#2725,#2726,#2727,#2728,#2729,#2730,#2731,#2732,
#2733,#2734,#2735,#2736,#2737,#2738,#2739,#2740,#2741,#2742,#2743,#2744,
#2745));
#432=EDGE_LOOP('',(#2746,#2747,#2748,#2749,#2750));
#433=EDGE_LOOP('',(#2751,#2752,#2753,#2754,#2755,#2756,#2757,#2758));
#434=EDGE_LOOP('',(#2759,#2760,#2761,#2762,#2763));
#435=EDGE_LOOP('',(#2764,#2765,#2766,#2767,#2768));
#436=EDGE_LOOP('',(#2769,#2770,#2771,#2772));
#437=EDGE_LOOP('',(#2773,#2774,#2775,#2776));
#438=EDGE_LOOP('',(#2777,#2778,#2779,#2780));
#439=EDGE_LOOP('',(#2781,#2782,#2783,#2784));
#440=EDGE_LOOP('',(#2785,#2786,#2787,#2788));
#441=EDGE_LOOP('',(#2789,#2790,#2791,#2792));
#442=EDGE_LOOP('',(#2793,#2794,#2795,#2796));
#443=EDGE_LOOP('',(#2797,#2798,#2799,#2800));
#444=EDGE_LOOP('',(#2801,#2802,#2803,#2804,#2805,#2806));
#445=EDGE_LOOP('',(#2807,#2808,#2809,#2810,#2811,#2812,#2813,#2814));
#446=EDGE_LOOP('',(#2815,#2816,#2817,#2818,#2819,#2820,#2821,#2822,#2823,
#2824,#2825,#2826,#2827,#2828,#2829,#2830,#2831,#2832,#2833,#2834,#2835,
#2836,#2837,#2838,#2839));
#447=EDGE_LOOP('',(#2840,#2841,#2842,#2843,#2844,#2845,#2846,#2847,#2848,
#2849,#2850,#2851,#2852,#2853,#2854,#2855,#2856,#2857,#2858,#2859,#2860,
#2861,#2862));
#448=EDGE_LOOP('',(#2863,#2864,#2865,#2866));
#449=EDGE_LOOP('',(#2867,#2868,#2869,#2870));
#450=EDGE_LOOP('',(#2871,#2872,#2873,#2874,#2875));
#451=EDGE_LOOP('',(#2876,#2877,#2878,#2879,#2880));
#452=EDGE_LOOP('',(#2881,#2882,#2883,#2884,#2885));
#453=EDGE_LOOP('',(#2886,#2887,#2888,#2889,#2890));
#454=EDGE_LOOP('',(#2891,#2892,#2893,#2894));
#455=EDGE_LOOP('',(#2895,#2896,#2897,#2898));
#456=EDGE_LOOP('',(#2899,#2900,#2901,#2902));
#457=EDGE_LOOP('',(#2903,#2904,#2905,#2906));
#458=EDGE_LOOP('',(#2907,#2908,#2909,#2910));
#459=EDGE_LOOP('',(#2911,#2912,#2913,#2914));
#460=EDGE_LOOP('',(#2915,#2916,#2917,#2918));
#461=EDGE_LOOP('',(#2919,#2920,#2921,#2922));
#462=EDGE_LOOP('',(#2923,#2924,#2925,#2926));
#463=EDGE_LOOP('',(#2927,#2928,#2929,#2930));
#464=EDGE_LOOP('',(#2931,#2932,#2933,#2934));
#465=EDGE_LOOP('',(#2935,#2936,#2937,#2938));
#466=EDGE_LOOP('',(#2939,#2940,#2941,#2942));
#467=EDGE_LOOP('',(#2943,#2944,#2945,#2946));
#468=EDGE_LOOP('',(#2947,#2948,#2949,#2950));
#469=EDGE_LOOP('',(#2951,#2952,#2953,#2954,#2955,#2956));
#470=EDGE_LOOP('',(#2957,#2958,#2959,#2960));
#471=EDGE_LOOP('',(#2961,#2962,#2963,#2964,#2965,#2966));
#472=EDGE_LOOP('',(#2967,#2968,#2969,#2970));
#473=EDGE_LOOP('',(#2971,#2972,#2973,#2974,#2975,#2976));
#474=EDGE_LOOP('',(#2977,#2978,#2979,#2980));
#475=EDGE_LOOP('',(#2981,#2982,#2983,#2984));
#476=EDGE_LOOP('',(#2985,#2986,#2987,#2988));
#477=EDGE_LOOP('',(#2989,#2990,#2991,#2992,#2993,#2994));
#478=EDGE_LOOP('',(#2995,#2996,#2997,#2998));
#479=EDGE_LOOP('',(#2999,#3000,#3001,#3002,#3003));
#480=EDGE_LOOP('',(#3004,#3005,#3006,#3007));
#481=EDGE_LOOP('',(#3008,#3009,#3010,#3011));
#482=EDGE_LOOP('',(#3012,#3013,#3014,#3015));
#483=EDGE_LOOP('',(#3016,#3017,#3018,#3019));
#484=EDGE_LOOP('',(#3020,#3021,#3022,#3023));
#485=EDGE_LOOP('',(#3024,#3025,#3026,#3027));
#486=EDGE_LOOP('',(#3028,#3029,#3030,#3031));
#487=EDGE_LOOP('',(#3032,#3033,#3034,#3035));
#488=EDGE_LOOP('',(#3036,#3037,#3038,#3039));
#489=EDGE_LOOP('',(#3040,#3041,#3042,#3043));
#490=EDGE_LOOP('',(#3044,#3045,#3046,#3047,#3048));
#491=EDGE_LOOP('',(#3049,#3050,#3051,#3052));
#492=EDGE_LOOP('',(#3053,#3054,#3055,#3056,#3057));
#493=EDGE_LOOP('',(#3058,#3059,#3060,#3061));
#494=EDGE_LOOP('',(#3062,#3063,#3064,#3065));
#495=EDGE_LOOP('',(#3066,#3067,#3068,#3069));
#496=EDGE_LOOP('',(#3070,#3071,#3072,#3073));
#497=EDGE_LOOP('',(#3074,#3075,#3076,#3077));
#498=EDGE_LOOP('',(#3078,#3079,#3080,#3081));
#499=EDGE_LOOP('',(#3082,#3083,#3084,#3085));
#500=EDGE_LOOP('',(#3086,#3087,#3088,#3089));
#501=EDGE_LOOP('',(#3090,#3091,#3092,#3093));
#502=EDGE_LOOP('',(#3094,#3095,#3096,#3097));
#503=EDGE_LOOP('',(#3098,#3099,#3100,#3101,#3102));
#504=EDGE_LOOP('',(#3103,#3104,#3105,#3106,#3107));
#505=EDGE_LOOP('',(#3108,#3109,#3110,#3111));
#506=EDGE_LOOP('',(#3112,#3113,#3114,#3115,#3116));
#507=EDGE_LOOP('',(#3117,#3118,#3119,#3120));
#508=EDGE_LOOP('',(#3121,#3122,#3123,#3124));
#509=EDGE_LOOP('',(#3125,#3126,#3127,#3128));
#510=EDGE_LOOP('',(#3129,#3130,#3131,#3132));
#511=EDGE_LOOP('',(#3133,#3134,#3135,#3136,#3137));
#512=EDGE_LOOP('',(#3138,#3139,#3140,#3141));
#513=EDGE_LOOP('',(#3142,#3143,#3144,#3145));
#514=EDGE_LOOP('',(#3146,#3147,#3148,#3149));
#515=EDGE_LOOP('',(#3150,#3151,#3152,#3153));
#516=EDGE_LOOP('',(#3154,#3155,#3156,#3157));
#517=EDGE_LOOP('',(#3158,#3159,#3160,#3161));
#518=EDGE_LOOP('',(#3162,#3163,#3164,#3165,#3166));
#519=EDGE_LOOP('',(#3167,#3168,#3169,#3170));
#520=EDGE_LOOP('',(#3171,#3172,#3173,#3174,#3175,#3176));
#521=EDGE_LOOP('',(#3177,#3178,#3179,#3180,#3181,#3182,#3183,#3184,#3185,
#3186));
#522=EDGE_LOOP('',(#3187,#3188,#3189,#3190,#3191,#3192));
#523=EDGE_LOOP('',(#3193,#3194,#3195,#3196,#3197));
#524=EDGE_LOOP('',(#3198,#3199,#3200,#3201,#3202,#3203,#3204));
#525=EDGE_LOOP('',(#3205,#3206,#3207,#3208));
#526=EDGE_LOOP('',(#3209,#3210,#3211,#3212));
#527=EDGE_LOOP('',(#3213,#3214,#3215,#3216));
#528=EDGE_LOOP('',(#3217,#3218,#3219,#3220,#3221));
#529=EDGE_LOOP('',(#3222,#3223,#3224,#3225,#3226));
#530=EDGE_LOOP('',(#3227,#3228,#3229,#3230));
#531=EDGE_LOOP('',(#3231,#3232,#3233,#3234,#3235,#3236,#3237,#3238,#3239,
#3240,#3241,#3242,#3243,#3244,#3245,#3246,#3247,#3248,#3249,#3250,#3251,
#3252,#3253,#3254,#3255,#3256,#3257,#3258,#3259,#3260,#3261,#3262,#3263));
#532=EDGE_LOOP('',(#3264));
#533=EDGE_LOOP('',(#3265));
#534=EDGE_LOOP('',(#3266,#3267,#3268,#3269));
#535=EDGE_LOOP('',(#3270,#3271,#3272,#3273));
#536=EDGE_LOOP('',(#3274,#3275,#3276,#3277,#3278));
#537=EDGE_LOOP('',(#3279,#3280,#3281,#3282,#3283));
#538=EDGE_LOOP('',(#3284,#3285,#3286,#3287));
#539=EDGE_LOOP('',(#3288,#3289,#3290,#3291));
#540=EDGE_LOOP('',(#3292,#3293,#3294,#3295));
#541=EDGE_LOOP('',(#3296,#3297,#3298,#3299));
#542=EDGE_LOOP('',(#3300,#3301,#3302,#3303));
#543=EDGE_LOOP('',(#3304,#3305,#3306,#3307,#3308));
#544=EDGE_LOOP('',(#3309,#3310,#3311,#3312));
#545=EDGE_LOOP('',(#3313,#3314,#3315,#3316,#3317,#3318,#3319,#3320));
#546=EDGE_LOOP('',(#3321,#3322,#3323,#3324));
#547=EDGE_LOOP('',(#3325,#3326,#3327,#3328));
#548=EDGE_LOOP('',(#3329,#3330,#3331,#3332));
#549=EDGE_LOOP('',(#3333,#3334,#3335,#3336));
#550=EDGE_LOOP('',(#3337,#3338,#3339,#3340,#3341,#3342,#3343,#3344,#3345,
#3346,#3347));
#551=EDGE_LOOP('',(#3348,#3349,#3350,#3351,#3352,#3353,#3354,#3355,#3356,
#3357));
#552=EDGE_LOOP('',(#3358,#3359,#3360,#3361,#3362));
#553=EDGE_LOOP('',(#3363,#3364,#3365,#3366,#3367,#3368));
#554=EDGE_LOOP('',(#3369,#3370,#3371,#3372,#3373));
#555=EDGE_LOOP('',(#3374,#3375,#3376,#3377,#3378));
#556=EDGE_LOOP('',(#3379,#3380,#3381,#3382,#3383));
#557=EDGE_LOOP('',(#3384,#3385,#3386,#3387));
#558=EDGE_LOOP('',(#3388,#3389,#3390,#3391,#3392,#3393));
#559=EDGE_LOOP('',(#3394,#3395,#3396,#3397));
#560=EDGE_LOOP('',(#3398,#3399,#3400,#3401));
#561=EDGE_LOOP('',(#3402,#3403,#3404,#3405));
#562=EDGE_LOOP('',(#3406,#3407,#3408,#3409,#3410,#3411,#3412));
#563=EDGE_LOOP('',(#3413,#3414,#3415,#3416,#3417,#3418));
#564=EDGE_LOOP('',(#3419,#3420));
#565=EDGE_LOOP('',(#3421,#3422,#3423,#3424));
#566=EDGE_LOOP('',(#3425,#3426,#3427,#3428));
#567=EDGE_LOOP('',(#3429,#3430,#3431,#3432));
#568=EDGE_LOOP('',(#3433,#3434,#3435,#3436));
#569=EDGE_LOOP('',(#3437,#3438,#3439,#3440));
#570=EDGE_LOOP('',(#3441,#3442,#3443,#3444));
#571=LINE('',#5089,#972);
#572=LINE('',#5096,#973);
#573=LINE('',#5103,#974);
#574=LINE('',#5110,#975);
#575=LINE('',#5117,#976);
#576=LINE('',#5124,#977);
#577=LINE('',#5130,#978);
#578=LINE('',#5132,#979);
#579=LINE('',#5134,#980);
#580=LINE('',#5135,#981);
#581=LINE('',#5138,#982);
#582=LINE('',#5140,#983);
#583=LINE('',#5141,#984);
#584=LINE('',#5144,#985);
#585=LINE('',#5146,#986);
#586=LINE('',#5147,#987);
#587=LINE('',#5149,#988);
#588=LINE('',#5150,#989);
#589=LINE('',#5157,#990);
#590=LINE('',#5160,#991);
#591=LINE('',#5163,#992);
#592=LINE('',#5165,#993);
#593=LINE('',#5167,#994);
#594=LINE('',#5169,#995);
#595=LINE('',#5170,#996);
#596=LINE('',#5176,#997);
#597=LINE('',#5179,#998);
#598=LINE('',#5182,#999);
#599=LINE('',#5186,#1000);
#600=LINE('',#5188,#1001);
#601=LINE('',#5189,#1002);
#602=LINE('',#5192,#1003);
#603=LINE('',#5193,#1004);
#604=LINE('',#5197,#1005);
#605=LINE('',#5200,#1006);
#606=LINE('',#5201,#1007);
#607=LINE('',#5207,#1008);
#608=LINE('',#5210,#1009);
#609=LINE('',#5212,#1010);
#610=LINE('',#5213,#1011);
#611=LINE('',#5218,#1012);
#612=LINE('',#5225,#1013);
#613=LINE('',#5232,#1014);
#614=LINE('',#5239,#1015);
#615=LINE('',#5247,#1016);
#616=LINE('',#5250,#1017);
#617=LINE('',#5253,#1018);
#618=LINE('',#5255,#1019);
#619=LINE('',#5256,#1020);
#620=LINE('',#5261,#1021);
#621=LINE('',#5265,#1022);
#622=LINE('',#5267,#1023);
#623=LINE('',#5269,#1024);
#624=LINE('',#5271,#1025);
#625=LINE('',#5272,#1026);
#626=LINE('',#5278,#1027);
#627=LINE('',#5281,#1028);
#628=LINE('',#5284,#1029);
#629=LINE('',#5290,#1030);
#630=LINE('',#5294,#1031);
#631=LINE('',#5296,#1032);
#632=LINE('',#5298,#1033);
#633=LINE('',#5300,#1034);
#634=LINE('',#5304,#1035);
#635=LINE('',#5308,#1036);
#636=LINE('',#5310,#1037);
#637=LINE('',#5314,#1038);
#638=LINE('',#5316,#1039);
#639=LINE('',#5320,#1040);
#640=LINE('',#5322,#1041);
#641=LINE('',#5326,#1042);
#642=LINE('',#5330,#1043);
#643=LINE('',#5334,#1044);
#644=LINE('',#5338,#1045);
#645=LINE('',#5342,#1046);
#646=LINE('',#5346,#1047);
#647=LINE('',#5348,#1048);
#648=LINE('',#5352,#1049);
#649=LINE('',#5354,#1050);
#650=LINE('',#5358,#1051);
#651=LINE('',#5360,#1052);
#652=LINE('',#5364,#1053);
#653=LINE('',#5368,#1054);
#654=LINE('',#5370,#1055);
#655=LINE('',#5374,#1056);
#656=LINE('',#5379,#1057);
#657=LINE('',#5381,#1058);
#658=LINE('',#5385,#1059);
#659=LINE('',#5389,#1060);
#660=LINE('',#5391,#1061);
#661=LINE('',#5393,#1062);
#662=LINE('',#5397,#1063);
#663=LINE('',#5398,#1064);
#664=LINE('',#5402,#1065);
#665=LINE('',#5405,#1066);
#666=LINE('',#5407,#1067);
#667=LINE('',#5409,#1068);
#668=LINE('',#5410,#1069);
#669=LINE('',#5413,#1070);
#670=LINE('',#5415,#1071);
#671=LINE('',#5417,#1072);
#672=LINE('',#5419,#1073);
#673=LINE('',#5421,#1074);
#674=LINE('',#5423,#1075);
#675=LINE('',#5424,#1076);
#676=LINE('',#5427,#1077);
#677=LINE('',#5429,#1078);
#678=LINE('',#5431,#1079);
#679=LINE('',#5433,#1080);
#680=LINE('',#5435,#1081);
#681=LINE('',#5437,#1082);
#682=LINE('',#5438,#1083);
#683=LINE('',#5441,#1084);
#684=LINE('',#5443,#1085);
#685=LINE('',#5445,#1086);
#686=LINE('',#5446,#1087);
#687=LINE('',#5449,#1088);
#688=LINE('',#5451,#1089);
#689=LINE('',#5452,#1090);
#690=LINE('',#5454,#1091);
#691=LINE('',#5457,#1092);
#692=LINE('',#5459,#1093);
#693=LINE('',#5461,#1094);
#694=LINE('',#5463,#1095);
#695=LINE('',#5465,#1096);
#696=LINE('',#5466,#1097);
#697=LINE('',#5467,#1098);
#698=LINE('',#5470,#1099);
#699=LINE('',#5474,#1100);
#700=LINE('',#5476,#1101);
#701=LINE('',#5481,#1102);
#702=LINE('',#5483,#1103);
#703=LINE('',#5485,#1104);
#704=LINE('',#5487,#1105);
#705=LINE('',#5489,#1106);
#706=LINE('',#5493,#1107);
#707=LINE('',#5496,#1108);
#708=LINE('',#5497,#1109);
#709=LINE('',#5501,#1110);
#710=LINE('',#5503,#1111);
#711=LINE('',#5505,#1112);
#712=LINE('',#5506,#1113);
#713=LINE('',#5510,#1114);
#714=LINE('',#5512,#1115);
#715=LINE('',#5514,#1116);
#716=LINE('',#5516,#1117);
#717=LINE('',#5517,#1118);
#718=LINE('',#5520,#1119);
#719=LINE('',#5522,#1120);
#720=LINE('',#5524,#1121);
#721=LINE('',#5525,#1122);
#722=LINE('',#5528,#1123);
#723=LINE('',#5530,#1124);
#724=LINE('',#5532,#1125);
#725=LINE('',#5533,#1126);
#726=LINE('',#5536,#1127);
#727=LINE('',#5538,#1128);
#728=LINE('',#5539,#1129);
#729=LINE('',#5542,#1130);
#730=LINE('',#5544,#1131);
#731=LINE('',#5546,#1132);
#732=LINE('',#5547,#1133);
#733=LINE('',#5550,#1134);
#734=LINE('',#5552,#1135);
#735=LINE('',#5554,#1136);
#736=LINE('',#5555,#1137);
#737=LINE('',#5558,#1138);
#738=LINE('',#5560,#1139);
#739=LINE('',#5562,#1140);
#740=LINE('',#5563,#1141);
#741=LINE('',#5565,#1142);
#742=LINE('',#5567,#1143);
#743=LINE('',#5568,#1144);
#744=LINE('',#5570,#1145);
#745=LINE('',#5574,#1146);
#746=LINE('',#5578,#1147);
#747=LINE('',#5582,#1148);
#748=LINE('',#5586,#1149);
#749=LINE('',#5590,#1150);
#750=LINE('',#5592,#1151);
#751=LINE('',#5595,#1152);
#752=LINE('',#5597,#1153);
#753=LINE('',#5598,#1154);
#754=LINE('',#5601,#1155);
#755=LINE('',#5605,#1156);
#756=LINE('',#5609,#1157);
#757=LINE('',#5613,#1158);
#758=LINE('',#5617,#1159);
#759=LINE('',#5618,#1160);
#760=LINE('',#5621,#1161);
#761=LINE('',#5622,#1162);
#762=LINE('',#5626,#1163);
#763=LINE('',#5628,#1164);
#764=LINE('',#5629,#1165);
#765=LINE('',#5630,#1166);
#766=LINE('',#5633,#1167);
#767=LINE('',#5635,#1168);
#768=LINE('',#5636,#1169);
#769=LINE('',#5639,#1170);
#770=LINE('',#5641,#1171);
#771=LINE('',#5642,#1172);
#772=LINE('',#5645,#1173);
#773=LINE('',#5647,#1174);
#774=LINE('',#5648,#1175);
#775=LINE('',#5651,#1176);
#776=LINE('',#5652,#1177);
#777=LINE('',#5653,#1178);
#778=LINE('',#5656,#1179);
#779=LINE('',#5657,#1180);
#780=LINE('',#5660,#1181);
#781=LINE('',#5661,#1182);
#782=LINE('',#5663,#1183);
#783=LINE('',#5665,#1184);
#784=LINE('',#5666,#1185);
#785=LINE('',#5670,#1186);
#786=LINE('',#5672,#1187);
#787=LINE('',#5676,#1188);
#788=LINE('',#5680,#1189);
#789=LINE('',#5684,#1190);
#790=LINE('',#5686,#1191);
#791=LINE('',#5690,#1192);
#792=LINE('',#5692,#1193);
#793=LINE('',#5696,#1194);
#794=LINE('',#5698,#1195);
#795=LINE('',#5702,#1196);
#796=LINE('',#5706,#1197);
#797=LINE('',#5708,#1198);
#798=LINE('',#5710,#1199);
#799=LINE('',#5712,#1200);
#800=LINE('',#5716,#1201);
#801=LINE('',#5720,#1202);
#802=LINE('',#5722,#1203);
#803=LINE('',#5726,#1204);
#804=LINE('',#5730,#1205);
#805=LINE('',#5732,#1206);
#806=LINE('',#5736,#1207);
#807=LINE('',#5738,#1208);
#808=LINE('',#5742,#1209);
#809=LINE('',#5744,#1210);
#810=LINE('',#5748,#1211);
#811=LINE('',#5752,#1212);
#812=LINE('',#5756,#1213);
#813=LINE('',#5758,#1214);
#814=LINE('',#5762,#1215);
#815=LINE('',#5765,#1216);
#816=LINE('',#5766,#1217);
#817=LINE('',#5768,#1218);
#818=LINE('',#5771,#1219);
#819=LINE('',#5773,#1220);
#820=LINE('',#5775,#1221);
#821=LINE('',#5776,#1222);
#822=LINE('',#5779,#1223);
#823=LINE('',#5781,#1224);
#824=LINE('',#5782,#1225);
#825=LINE('',#5785,#1226);
#826=LINE('',#5787,#1227);
#827=LINE('',#5789,#1228);
#828=LINE('',#5790,#1229);
#829=LINE('',#5793,#1230);
#830=LINE('',#5795,#1231);
#831=LINE('',#5796,#1232);
#832=LINE('',#5798,#1233);
#833=LINE('',#5799,#1234);
#834=LINE('',#5801,#1235);
#835=LINE('',#5803,#1236);
#836=LINE('',#5804,#1237);
#837=LINE('',#5806,#1238);
#838=LINE('',#5807,#1239);
#839=LINE('',#5809,#1240);
#840=LINE('',#5810,#1241);
#841=LINE('',#5812,#1242);
#842=LINE('',#5813,#1243);
#843=LINE('',#5815,#1244);
#844=LINE('',#5817,#1245);
#845=LINE('',#5819,#1246);
#846=LINE('',#5821,#1247);
#847=LINE('',#5823,#1248);
#848=LINE('',#5824,#1249);
#849=LINE('',#5826,#1250);
#850=LINE('',#5828,#1251);
#851=LINE('',#5829,#1252);
#852=LINE('',#5831,#1253);
#853=LINE('',#5836,#1254);
#854=LINE('',#5837,#1255);
#855=LINE('',#5839,#1256);
#856=LINE('',#5841,#1257);
#857=LINE('',#5842,#1258);
#858=LINE('',#5847,#1259);
#859=LINE('',#5848,#1260);
#860=LINE('',#5850,#1261);
#861=LINE('',#5852,#1262);
#862=LINE('',#5853,#1263);
#863=LINE('',#5857,#1264);
#864=LINE('',#5859,#1265);
#865=LINE('',#5863,#1266);
#866=LINE('',#5865,#1267);
#867=LINE('',#5869,#1268);
#868=LINE('',#5873,#1269);
#869=LINE('',#5876,#1270);
#870=LINE('',#5879,#1271);
#871=LINE('',#5883,#1272);
#872=LINE('',#5885,#1273);
#873=LINE('',#5887,#1274);
#874=LINE('',#5889,#1275);
#875=LINE('',#5891,#1276);
#876=LINE('',#5893,#1277);
#877=LINE('',#5898,#1278);
#878=LINE('',#5900,#1279);
#879=LINE('',#5902,#1280);
#880=LINE('',#5907,#1281);
#881=LINE('',#5908,#1282);
#882=LINE('',#5910,#1283);
#883=LINE('',#5915,#1284);
#884=LINE('',#5917,#1285);
#885=LINE('',#5920,#1286);
#886=LINE('',#5922,#1287);
#887=LINE('',#5926,#1288);
#888=LINE('',#5931,#1289);
#889=LINE('',#5933,#1290);
#890=LINE('',#5940,#1291);
#891=LINE('',#5943,#1292);
#892=LINE('',#5946,#1293);
#893=LINE('',#5948,#1294);
#894=LINE('',#5950,#1295);
#895=LINE('',#5951,#1296);
#896=LINE('',#5954,#1297);
#897=LINE('',#5955,#1298);
#898=LINE('',#5960,#1299);
#899=LINE('',#5961,#1300);
#900=LINE('',#5963,#1301);
#901=LINE('',#5968,#1302);
#902=LINE('',#5969,#1303);
#903=LINE('',#5971,#1304);
#904=LINE('',#5972,#1305);
#905=LINE('',#5978,#1306);
#906=LINE('',#5980,#1307);
#907=LINE('',#5982,#1308);
#908=LINE('',#5983,#1309);
#909=LINE('',#5986,#1310);
#910=LINE('',#5988,#1311);
#911=LINE('',#5989,#1312);
#912=LINE('',#5992,#1313);
#913=LINE('',#5993,#1314);
#914=LINE('',#5996,#1315);
#915=LINE('',#5997,#1316);
#916=LINE('',#5999,#1317);
#917=LINE('',#6002,#1318);
#918=LINE('',#6003,#1319);
#919=LINE('',#6006,#1320);
#920=LINE('',#6008,#1321);
#921=LINE('',#6010,#1322);
#922=LINE('',#6011,#1323);
#923=LINE('',#6013,#1324);
#924=LINE('',#6015,#1325);
#925=LINE('',#6017,#1326);
#926=LINE('',#6018,#1327);
#927=LINE('',#6021,#1328);
#928=LINE('',#6022,#1329);
#929=LINE('',#6023,#1330);
#930=LINE('',#6026,#1331);
#931=LINE('',#6029,#1332);
#932=LINE('',#6031,#1333);
#933=LINE('',#6032,#1334);
#934=LINE('',#6037,#1335);
#935=LINE('',#6038,#1336);
#936=LINE('',#6041,#1337);
#937=LINE('',#6042,#1338);
#938=LINE('',#6053,#1339);
#939=LINE('',#6056,#1340);
#940=LINE('',#6060,#1341);
#941=LINE('',#6064,#1342);
#942=LINE('',#6067,#1343);
#943=LINE('',#6069,#1344);
#944=LINE('',#6073,#1345);
#945=LINE('',#6077,#1346);
#946=LINE('',#6081,#1347);
#947=LINE('',#6084,#1348);
#948=LINE('',#6086,#1349);
#949=LINE('',#6087,#1350);
#950=LINE('',#6089,#1351);
#951=LINE('',#6095,#1352);
#952=LINE('',#6096,#1353);
#953=LINE('',#6098,#1354);
#954=LINE('',#6099,#1355);
#955=LINE('',#6101,#1356);
#956=LINE('',#6103,#1357);
#957=LINE('',#6105,#1358);
#958=LINE('',#6108,#1359);
#959=LINE('',#6109,#1360);
#960=LINE('',#6112,#1361);
#961=LINE('',#6115,#1362);
#962=LINE('',#6117,#1363);
#963=LINE('',#6118,#1364);
#964=LINE('',#6124,#1365);
#965=LINE('',#6127,#1366);
#966=LINE('',#6132,#1367);
#967=LINE('',#6135,#1368);
#968=LINE('',#6137,#1369);
#969=LINE('',#6139,#1370);
#970=LINE('',#6144,#1371);
#971=LINE('',#6147,#1372);
#972=VECTOR('',#4035,1.038);
#973=VECTOR('',#4044,1.038);
#974=VECTOR('',#4053,1.038);
#975=VECTOR('',#4062,1.038);
#976=VECTOR('',#4071,1.038);
#977=VECTOR('',#4080,1.038);
#978=VECTOR('',#4087,10.);
#979=VECTOR('',#4088,10.);
#980=VECTOR('',#4089,10.);
#981=VECTOR('',#4090,10.);
#982=VECTOR('',#4093,10.);
#983=VECTOR('',#4094,10.);
#984=VECTOR('',#4095,10.);
#985=VECTOR('',#4098,10.);
#986=VECTOR('',#4099,10.);
#987=VECTOR('',#4100,10.);
#988=VECTOR('',#4103,10.);
#989=VECTOR('',#4104,10.);
#990=VECTOR('',#4111,10.);
#991=VECTOR('',#4114,10.);
#992=VECTOR('',#4117,10.);
#993=VECTOR('',#4118,10.);
#994=VECTOR('',#4119,10.);
#995=VECTOR('',#4120,10.);
#996=VECTOR('',#4121,10.);
#997=VECTOR('',#4126,10.);
#998=VECTOR('',#4129,10.);
#999=VECTOR('',#4132,10.);
#1000=VECTOR('',#4135,10.);
#1001=VECTOR('',#4136,10.);
#1002=VECTOR('',#4137,10.);
#1003=VECTOR('',#4140,10.);
#1004=VECTOR('',#4141,10.);
#1005=VECTOR('',#4146,10.);
#1006=VECTOR('',#4149,10.);
#1007=VECTOR('',#4150,10.);
#1008=VECTOR('',#4155,10.);
#1009=VECTOR('',#4158,10.);
#1010=VECTOR('',#4161,10.);
#1011=VECTOR('',#4162,10.);
#1012=VECTOR('',#4167,0.8115);
#1013=VECTOR('',#4176,0.8115);
#1014=VECTOR('',#4185,0.8115);
#1015=VECTOR('',#4194,0.8115);
#1016=VECTOR('',#4203,10.);
#1017=VECTOR('',#4206,10.);
#1018=VECTOR('',#4209,10.);
#1019=VECTOR('',#4210,10.);
#1020=VECTOR('',#4211,10.);
#1021=VECTOR('',#4216,3.);
#1022=VECTOR('',#4221,10.);
#1023=VECTOR('',#4222,10.);
#1024=VECTOR('',#4223,10.);
#1025=VECTOR('',#4224,10.);
#1026=VECTOR('',#4225,10.);
#1027=VECTOR('',#4230,10.);
#1028=VECTOR('',#4233,10.);
#1029=VECTOR('',#4236,10.);
#1030=VECTOR('',#4241,10.);
#1031=VECTOR('',#4244,10.);
#1032=VECTOR('',#4245,10.);
#1033=VECTOR('',#4246,10.);
#1034=VECTOR('',#4247,10.);
#1035=VECTOR('',#4250,10.);
#1036=VECTOR('',#4253,10.);
#1037=VECTOR('',#4254,10.);
#1038=VECTOR('',#4257,10.);
#1039=VECTOR('',#4258,10.);
#1040=VECTOR('',#4261,10.);
#1041=VECTOR('',#4262,10.);
#1042=VECTOR('',#4265,10.);
#1043=VECTOR('',#4268,10.);
#1044=VECTOR('',#4271,10.);
#1045=VECTOR('',#4274,10.);
#1046=VECTOR('',#4277,10.);
#1047=VECTOR('',#4280,10.);
#1048=VECTOR('',#4281,10.);
#1049=VECTOR('',#4284,10.);
#1050=VECTOR('',#4285,10.);
#1051=VECTOR('',#4288,10.);
#1052=VECTOR('',#4289,10.);
#1053=VECTOR('',#4292,10.);
#1054=VECTOR('',#4295,10.);
#1055=VECTOR('',#4296,10.);
#1056=VECTOR('',#4299,10.);
#1057=VECTOR('',#4304,10.);
#1058=VECTOR('',#4305,10.);
#1059=VECTOR('',#4308,10.);
#1060=VECTOR('',#4311,10.);
#1061=VECTOR('',#4312,10.);
#1062=VECTOR('',#4313,10.);
#1063=VECTOR('',#4318,10.);
#1064=VECTOR('',#4319,10.);
#1065=VECTOR('',#4324,3.);
#1066=VECTOR('',#4327,10.);
#1067=VECTOR('',#4328,10.);
#1068=VECTOR('',#4329,10.);
#1069=VECTOR('',#4330,10.);
#1070=VECTOR('',#4333,10.);
#1071=VECTOR('',#4334,10.);
#1072=VECTOR('',#4335,10.);
#1073=VECTOR('',#4336,10.);
#1074=VECTOR('',#4337,10.);
#1075=VECTOR('',#4338,10.);
#1076=VECTOR('',#4339,10.);
#1077=VECTOR('',#4342,10.);
#1078=VECTOR('',#4343,10.);
#1079=VECTOR('',#4344,10.);
#1080=VECTOR('',#4345,10.);
#1081=VECTOR('',#4346,10.);
#1082=VECTOR('',#4347,10.);
#1083=VECTOR('',#4348,10.);
#1084=VECTOR('',#4351,10.);
#1085=VECTOR('',#4352,10.);
#1086=VECTOR('',#4353,10.);
#1087=VECTOR('',#4354,10.);
#1088=VECTOR('',#4357,10.);
#1089=VECTOR('',#4358,10.);
#1090=VECTOR('',#4359,10.);
#1091=VECTOR('',#4362,10.);
#1092=VECTOR('',#4365,10.);
#1093=VECTOR('',#4366,10.);
#1094=VECTOR('',#4367,10.);
#1095=VECTOR('',#4368,10.);
#1096=VECTOR('',#4369,10.);
#1097=VECTOR('',#4370,10.);
#1098=VECTOR('',#4371,10.);
#1099=VECTOR('',#4374,10.);
#1100=VECTOR('',#4377,10.);
#1101=VECTOR('',#4378,10.);
#1102=VECTOR('',#4383,10.);
#1103=VECTOR('',#4384,10.);
#1104=VECTOR('',#4385,10.);
#1105=VECTOR('',#4386,10.);
#1106=VECTOR('',#4387,10.);
#1107=VECTOR('',#4392,10.);
#1108=VECTOR('',#4395,10.);
#1109=VECTOR('',#4396,10.);
#1110=VECTOR('',#4399,10.);
#1111=VECTOR('',#4400,10.);
#1112=VECTOR('',#4401,10.);
#1113=VECTOR('',#4402,10.);
#1114=VECTOR('',#4405,10.);
#1115=VECTOR('',#4406,10.);
#1116=VECTOR('',#4407,10.);
#1117=VECTOR('',#4408,10.);
#1118=VECTOR('',#4409,10.);
#1119=VECTOR('',#4412,10.);
#1120=VECTOR('',#4413,10.);
#1121=VECTOR('',#4414,10.);
#1122=VECTOR('',#4415,10.);
#1123=VECTOR('',#4418,10.);
#1124=VECTOR('',#4419,10.);
#1125=VECTOR('',#4420,10.);
#1126=VECTOR('',#4421,10.);
#1127=VECTOR('',#4424,10.);
#1128=VECTOR('',#4425,10.);
#1129=VECTOR('',#4426,10.);
#1130=VECTOR('',#4429,10.);
#1131=VECTOR('',#4430,10.);
#1132=VECTOR('',#4431,10.);
#1133=VECTOR('',#4432,10.);
#1134=VECTOR('',#4435,10.);
#1135=VECTOR('',#4436,10.);
#1136=VECTOR('',#4437,10.);
#1137=VECTOR('',#4438,10.);
#1138=VECTOR('',#4441,10.);
#1139=VECTOR('',#4442,10.);
#1140=VECTOR('',#4443,10.);
#1141=VECTOR('',#4444,10.);
#1142=VECTOR('',#4447,10.);
#1143=VECTOR('',#4448,10.);
#1144=VECTOR('',#4449,10.);
#1145=VECTOR('',#4452,10.);
#1146=VECTOR('',#4455,10.);
#1147=VECTOR('',#4458,10.);
#1148=VECTOR('',#4461,10.);
#1149=VECTOR('',#4464,10.);
#1150=VECTOR('',#4467,10.);
#1151=VECTOR('',#4470,10.);
#1152=VECTOR('',#4473,10.);
#1153=VECTOR('',#4474,10.);
#1154=VECTOR('',#4475,10.);
#1155=VECTOR('',#4476,10.);
#1156=VECTOR('',#4479,10.);
#1157=VECTOR('',#4482,10.);
#1158=VECTOR('',#4485,10.);
#1159=VECTOR('',#4490,10.);
#1160=VECTOR('',#4491,10.);
#1161=VECTOR('',#4494,10.);
#1162=VECTOR('',#4495,10.);
#1163=VECTOR('',#4498,10.);
#1164=VECTOR('',#4499,10.);
#1165=VECTOR('',#4500,10.);
#1166=VECTOR('',#4501,10.);
#1167=VECTOR('',#4504,10.);
#1168=VECTOR('',#4505,10.);
#1169=VECTOR('',#4506,10.);
#1170=VECTOR('',#4509,10.);
#1171=VECTOR('',#4510,10.);
#1172=VECTOR('',#4511,10.);
#1173=VECTOR('',#4514,10.);
#1174=VECTOR('',#4515,10.);
#1175=VECTOR('',#4516,10.);
#1176=VECTOR('',#4519,10.);
#1177=VECTOR('',#4520,10.);
#1178=VECTOR('',#4521,10.);
#1179=VECTOR('',#4524,10.);
#1180=VECTOR('',#4525,10.);
#1181=VECTOR('',#4528,10.);
#1182=VECTOR('',#4529,10.);
#1183=VECTOR('',#4532,10.);
#1184=VECTOR('',#4535,10.);
#1185=VECTOR('',#4536,10.);
#1186=VECTOR('',#4539,10.);
#1187=VECTOR('',#4540,10.);
#1188=VECTOR('',#4543,10.);
#1189=VECTOR('',#4546,10.);
#1190=VECTOR('',#4549,10.);
#1191=VECTOR('',#4550,10.);
#1192=VECTOR('',#4553,10.);
#1193=VECTOR('',#4554,10.);
#1194=VECTOR('',#4557,10.);
#1195=VECTOR('',#4558,10.);
#1196=VECTOR('',#4561,10.);
#1197=VECTOR('',#4564,10.);
#1198=VECTOR('',#4565,10.);
#1199=VECTOR('',#4566,10.);
#1200=VECTOR('',#4567,10.);
#1201=VECTOR('',#4570,10.);
#1202=VECTOR('',#4573,10.);
#1203=VECTOR('',#4574,10.);
#1204=VECTOR('',#4577,10.);
#1205=VECTOR('',#4580,10.);
#1206=VECTOR('',#4581,10.);
#1207=VECTOR('',#4584,10.);
#1208=VECTOR('',#4585,10.);
#1209=VECTOR('',#4588,10.);
#1210=VECTOR('',#4589,10.);
#1211=VECTOR('',#4592,10.);
#1212=VECTOR('',#4595,10.);
#1213=VECTOR('',#4598,10.);
#1214=VECTOR('',#4599,10.);
#1215=VECTOR('',#4602,10.);
#1216=VECTOR('',#4607,10.);
#1217=VECTOR('',#4608,10.);
#1218=VECTOR('',#4611,10.);
#1219=VECTOR('',#4614,10.);
#1220=VECTOR('',#4615,10.);
#1221=VECTOR('',#4616,10.);
#1222=VECTOR('',#4617,10.);
#1223=VECTOR('',#4620,10.);
#1224=VECTOR('',#4621,10.);
#1225=VECTOR('',#4622,10.);
#1226=VECTOR('',#4625,10.);
#1227=VECTOR('',#4626,10.);
#1228=VECTOR('',#4627,10.);
#1229=VECTOR('',#4628,10.);
#1230=VECTOR('',#4631,10.);
#1231=VECTOR('',#4632,10.);
#1232=VECTOR('',#4633,10.);
#1233=VECTOR('',#4636,10.);
#1234=VECTOR('',#4637,10.);
#1235=VECTOR('',#4640,10.);
#1236=VECTOR('',#4643,10.);
#1237=VECTOR('',#4644,10.);
#1238=VECTOR('',#4647,10.);
#1239=VECTOR('',#4648,10.);
#1240=VECTOR('',#4651,10.);
#1241=VECTOR('',#4652,10.);
#1242=VECTOR('',#4655,10.);
#1243=VECTOR('',#4656,10.);
#1244=VECTOR('',#4659,10.);
#1245=VECTOR('',#4662,10.);
#1246=VECTOR('',#4665,10.);
#1247=VECTOR('',#4668,10.);
#1248=VECTOR('',#4671,10.);
#1249=VECTOR('',#4672,10.);
#1250=VECTOR('',#4675,10.);
#1251=VECTOR('',#4678,10.);
#1252=VECTOR('',#4679,10.);
#1253=VECTOR('',#4682,10.);
#1254=VECTOR('',#4687,10.);
#1255=VECTOR('',#4688,10.);
#1256=VECTOR('',#4691,10.);
#1257=VECTOR('',#4692,10.);
#1258=VECTOR('',#4693,10.);
#1259=VECTOR('',#4698,10.);
#1260=VECTOR('',#4699,10.);
#1261=VECTOR('',#4702,10.);
#1262=VECTOR('',#4703,10.);
#1263=VECTOR('',#4704,10.);
#1264=VECTOR('',#4709,10.);
#1265=VECTOR('',#4712,10.);
#1266=VECTOR('',#4717,10.);
#1267=VECTOR('',#4720,10.);
#1268=VECTOR('',#4725,10.);
#1269=VECTOR('',#4730,10.);
#1270=VECTOR('',#4733,10.);
#1271=VECTOR('',#4736,10.);
#1272=VECTOR('',#4743,10.);
#1273=VECTOR('',#4746,10.);
#1274=VECTOR('',#4749,10.);
#1275=VECTOR('',#4752,10.);
#1276=VECTOR('',#4755,10.);
#1277=VECTOR('',#4758,10.);
#1278=VECTOR('',#4767,10.);
#1279=VECTOR('',#4770,10.);
#1280=VECTOR('',#4773,10.);
#1281=VECTOR('',#4780,10.);
#1282=VECTOR('',#4781,10.);
#1283=VECTOR('',#4784,10.);
#1284=VECTOR('',#4793,10.);
#1285=VECTOR('',#4796,10.);
#1286=VECTOR('',#4801,10.);
#1287=VECTOR('',#4804,10.);
#1288=VECTOR('',#4809,10.);
#1289=VECTOR('',#4816,10.);
#1290=VECTOR('',#4817,10.);
#1291=VECTOR('',#4824,10.);
#1292=VECTOR('',#4827,10.);
#1293=VECTOR('',#4830,10.);
#1294=VECTOR('',#4831,10.);
#1295=VECTOR('',#4832,10.);
#1296=VECTOR('',#4833,10.);
#1297=VECTOR('',#4836,10.);
#1298=VECTOR('',#4837,10.);
#1299=VECTOR('',#4842,10.);
#1300=VECTOR('',#4843,10.);
#1301=VECTOR('',#4846,10.);
#1302=VECTOR('',#4851,10.);
#1303=VECTOR('',#4852,10.);
#1304=VECTOR('',#4855,10.);
#1305=VECTOR('',#4856,10.);
#1306=VECTOR('',#4863,10.);
#1307=VECTOR('',#4864,10.);
#1308=VECTOR('',#4865,10.);
#1309=VECTOR('',#4866,10.);
#1310=VECTOR('',#4869,10.);
#1311=VECTOR('',#4870,10.);
#1312=VECTOR('',#4871,10.);
#1313=VECTOR('',#4874,10.);
#1314=VECTOR('',#4875,10.);
#1315=VECTOR('',#4878,10.);
#1316=VECTOR('',#4879,10.);
#1317=VECTOR('',#4882,10.);
#1318=VECTOR('',#4885,10.);
#1319=VECTOR('',#4886,10.);
#1320=VECTOR('',#4889,10.);
#1321=VECTOR('',#4890,10.);
#1322=VECTOR('',#4891,10.);
#1323=VECTOR('',#4892,10.);
#1324=VECTOR('',#4895,10.);
#1325=VECTOR('',#4896,10.);
#1326=VECTOR('',#4897,10.);
#1327=VECTOR('',#4898,10.);
#1328=VECTOR('',#4901,10.);
#1329=VECTOR('',#4902,10.);
#1330=VECTOR('',#4903,10.);
#1331=VECTOR('',#4906,10.);
#1332=VECTOR('',#4909,10.);
#1333=VECTOR('',#4912,10.);
#1334=VECTOR('',#4913,10.);
#1335=VECTOR('',#4918,10.);
#1336=VECTOR('',#4919,10.);
#1337=VECTOR('',#4922,10.);
#1338=VECTOR('',#4923,10.);
#1339=VECTOR('',#4942,10.);
#1340=VECTOR('',#4945,10.);
#1341=VECTOR('',#4948,10.);
#1342=VECTOR('',#4951,10.);
#1343=VECTOR('',#4954,10.);
#1344=VECTOR('',#4955,10.);
#1345=VECTOR('',#4958,10.);
#1346=VECTOR('',#4961,10.);
#1347=VECTOR('',#4964,10.);
#1348=VECTOR('',#4967,10.);
#1349=VECTOR('',#4970,10.);
#1350=VECTOR('',#4971,10.);
#1351=VECTOR('',#4974,10.);
#1352=VECTOR('',#4981,10.);
#1353=VECTOR('',#4982,10.);
#1354=VECTOR('',#4985,10.);
#1355=VECTOR('',#4986,10.);
#1356=VECTOR('',#4989,10.);
#1357=VECTOR('',#4992,10.);
#1358=VECTOR('',#4995,10.);
#1359=VECTOR('',#5000,10.);
#1360=VECTOR('',#5001,10.);
#1361=VECTOR('',#5006,10.);
#1362=VECTOR('',#5009,10.);
#1363=VECTOR('',#5010,10.);
#1364=VECTOR('',#5011,10.);
#1365=VECTOR('',#5020,10.);
#1366=VECTOR('',#5023,10.);
#1367=VECTOR('',#5032,10.);
#1368=VECTOR('',#5037,10.);
#1369=VECTOR('',#5040,10.);
#1370=VECTOR('',#5043,10.);
#1371=VECTOR('',#5052,10.);
#1372=VECTOR('',#5057,10.);
#1373=CIRCLE('',#3704,1.03775);
#1374=CIRCLE('',#3705,1.03775);
#1375=CIRCLE('',#3708,1.03775);
#1376=CIRCLE('',#3709,1.03775);
#1377=CIRCLE('',#3712,1.03775);
#1378=CIRCLE('',#3713,1.03775);
#1379=CIRCLE('',#3716,1.03775);
#1380=CIRCLE('',#3717,1.03775);
#1381=CIRCLE('',#3720,1.03775);
#1382=CIRCLE('',#3721,1.03775);
#1383=CIRCLE('',#3724,1.03775);
#1384=CIRCLE('',#3725,1.03775);
#1385=CIRCLE('',#3733,1.);
#1386=CIRCLE('',#3734,1.);
#1387=CIRCLE('',#3737,1.);
#1388=CIRCLE('',#3738,1.);
#1389=CIRCLE('',#3740,1.);
#1390=CIRCLE('',#3743,1.);
#1391=CIRCLE('',#3746,1.);
#1392=CIRCLE('',#3747,1.);
#1393=CIRCLE('',#3750,0.8115);
#1394=CIRCLE('',#3751,0.8115);
#1395=CIRCLE('',#3754,0.8115);
#1396=CIRCLE('',#3755,0.8115);
#1397=CIRCLE('',#3758,0.8115);
#1398=CIRCLE('',#3759,0.8115);
#1399=CIRCLE('',#3762,0.8115);
#1400=CIRCLE('',#3763,0.8115);
#1401=CIRCLE('',#3766,3.);
#1402=CIRCLE('',#3767,3.);
#1403=CIRCLE('',#3770,3.);
#1404=CIRCLE('',#3771,3.);
#1405=CIRCLE('',#3774,3.);
#1406=CIRCLE('',#3775,3.);
#1407=CIRCLE('',#3777,3.);
#1408=CIRCLE('',#3778,1.);
#1409=CIRCLE('',#3779,1.);
#1410=CIRCLE('',#3780,1.);
#1411=CIRCLE('',#3781,1.);
#1412=CIRCLE('',#3782,1.);
#1413=CIRCLE('',#3783,1.);
#1414=CIRCLE('',#3784,1.);
#1415=CIRCLE('',#3785,1.);
#1416=CIRCLE('',#3786,3.);
#1417=CIRCLE('',#3787,3.);
#1418=CIRCLE('',#3788,1.);
#1419=CIRCLE('',#3789,1.);
#1420=CIRCLE('',#3790,1.);
#1421=CIRCLE('',#3791,1.);
#1422=CIRCLE('',#3792,1.);
#1423=CIRCLE('',#3793,1.);
#1424=CIRCLE('',#3794,1.);
#1425=CIRCLE('',#3795,1.);
#1426=CIRCLE('',#3796,3.);
#1427=CIRCLE('',#3797,3.00000000000001);
#1428=CIRCLE('',#3798,3.);
#1429=CIRCLE('',#3799,3.);
#1430=CIRCLE('',#3802,3.00000000000001);
#1431=CIRCLE('',#3811,1.);
#1432=CIRCLE('',#3812,2.24513949672931);
#1433=CIRCLE('',#3813,3.);
#1434=CIRCLE('',#3814,3.);
#1435=CIRCLE('',#3815,2.24468012174003);
#1436=CIRCLE('',#3816,1.);
#1437=CIRCLE('',#3834,1.);
#1438=CIRCLE('',#3835,1.);
#1439=CIRCLE('',#3836,1.);
#1440=CIRCLE('',#3837,1.);
#1441=CIRCLE('',#3850,1.);
#1442=CIRCLE('',#3851,1.);
#1443=CIRCLE('',#3852,1.);
#1444=CIRCLE('',#3853,1.);
#1445=CIRCLE('',#3854,1.);
#1446=CIRCLE('',#3855,1.);
#1447=CIRCLE('',#3856,1.);
#1448=CIRCLE('',#3857,1.);
#1449=CIRCLE('',#3858,1.);
#1450=CIRCLE('',#3859,1.);
#1451=CIRCLE('',#3860,1.);
#1452=CIRCLE('',#3861,1.);
#1453=CIRCLE('',#3862,1.);
#1454=CIRCLE('',#3863,1.);
#1455=CIRCLE('',#3864,1.);
#1456=CIRCLE('',#3865,1.);
#1457=CIRCLE('',#3866,1.);
#1458=CIRCLE('',#3867,1.);
#1459=CIRCLE('',#3889,1.);
#1460=CIRCLE('',#3892,1.00000014946605);
#1461=CIRCLE('',#3895,1.00000014946605);
#1462=CIRCLE('',#3898,1.);
#1463=CIRCLE('',#3901,1.);
#1464=CIRCLE('',#3903,3.);
#1465=CIRCLE('',#3904,1.);
#1466=CIRCLE('',#3906,3.);
#1467=CIRCLE('',#3908,1.);
#1468=CIRCLE('',#3922,1.);
#1469=CIRCLE('',#3933,1.);
#1470=CIRCLE('',#3935,1.);
#1471=CIRCLE('',#3937,3.);
#1472=CIRCLE('',#3939,1.);
#1473=CIRCLE('',#3940,1.);
#1474=CIRCLE('',#3944,1.);
#1475=CIRCLE('',#3947,1.);
#1476=CIRCLE('',#3961,3.);
#1477=CIRCLE('',#3964,3.);
#1478=CIRCLE('',#3967,3.);
#1479=CIRCLE('',#3969,3.);
#1480=CIRCLE('',#3970,3.);
#1481=CIRCLE('',#3972,3.);
#1482=CIRCLE('',#3974,3.);
#1483=CIRCLE('',#3976,3.);
#1484=CIRCLE('',#3977,3.);
#1485=CIRCLE('',#3978,3.);
#1486=CIRCLE('',#3979,3.);
#1487=CIRCLE('',#3980,3.);
#1488=CIRCLE('',#3981,2.19285714285714);
#1489=CIRCLE('',#3982,3.);
#1490=CIRCLE('',#3986,3.);
#1491=CIRCLE('',#3987,3.);
#1492=CIRCLE('',#3998,3.);
#1493=CIRCLE('',#4004,3.);
#1494=CIRCLE('',#4020,2.19285714285714);
#1495=CIRCLE('',#4023,2.24513949672931);
#1496=CIRCLE('',#4026,2.24468012174003);
#1497=VERTEX_POINT('',#5086);
#1498=VERTEX_POINT('',#5088);
#1499=VERTEX_POINT('',#5093);
#1500=VERTEX_POINT('',#5095);
#1501=VERTEX_POINT('',#5100);
#1502=VERTEX_POINT('',#5102);
#1503=VERTEX_POINT('',#5107);
#1504=VERTEX_POINT('',#5109);
#1505=VERTEX_POINT('',#5114);
#1506=VERTEX_POINT('',#5116);
#1507=VERTEX_POINT('',#5121);
#1508=VERTEX_POINT('',#5123);
#1509=VERTEX_POINT('',#5128);
#1510=VERTEX_POINT('',#5129);
#1511=VERTEX_POINT('',#5131);
#1512=VERTEX_POINT('',#5133);
#1513=VERTEX_POINT('',#5137);
#1514=VERTEX_POINT('',#5139);
#1515=VERTEX_POINT('',#5143);
#1516=VERTEX_POINT('',#5145);
#1517=VERTEX_POINT('',#5153);
#1518=VERTEX_POINT('',#5154);
#1519=VERTEX_POINT('',#5156);
#1520=VERTEX_POINT('',#5158);
#1521=VERTEX_POINT('',#5162);
#1522=VERTEX_POINT('',#5164);
#1523=VERTEX_POINT('',#5166);
#1524=VERTEX_POINT('',#5168);
#1525=VERTEX_POINT('',#5172);
#1526=VERTEX_POINT('',#5173);
#1527=VERTEX_POINT('',#5175);
#1528=VERTEX_POINT('',#5177);
#1529=VERTEX_POINT('',#5181);
#1530=VERTEX_POINT('',#5183);
#1531=VERTEX_POINT('',#5185);
#1532=VERTEX_POINT('',#5187);
#1533=VERTEX_POINT('',#5191);
#1534=VERTEX_POINT('',#5195);
#1535=VERTEX_POINT('',#5199);
#1536=VERTEX_POINT('',#5203);
#1537=VERTEX_POINT('',#5204);
#1538=VERTEX_POINT('',#5206);
#1539=VERTEX_POINT('',#5208);
#1540=VERTEX_POINT('',#5215);
#1541=VERTEX_POINT('',#5217);
#1542=VERTEX_POINT('',#5222);
#1543=VERTEX_POINT('',#5224);
#1544=VERTEX_POINT('',#5229);
#1545=VERTEX_POINT('',#5231);
#1546=VERTEX_POINT('',#5236);
#1547=VERTEX_POINT('',#5238);
#1548=VERTEX_POINT('',#5243);
#1549=VERTEX_POINT('',#5244);
#1550=VERTEX_POINT('',#5246);
#1551=VERTEX_POINT('',#5248);
#1552=VERTEX_POINT('',#5252);
#1553=VERTEX_POINT('',#5254);
#1554=VERTEX_POINT('',#5258);
#1555=VERTEX_POINT('',#5260);
#1556=VERTEX_POINT('',#5264);
#1557=VERTEX_POINT('',#5266);
#1558=VERTEX_POINT('',#5268);
#1559=VERTEX_POINT('',#5270);
#1560=VERTEX_POINT('',#5274);
#1561=VERTEX_POINT('',#5275);
#1562=VERTEX_POINT('',#5277);
#1563=VERTEX_POINT('',#5279);
#1564=VERTEX_POINT('',#5283);
#1565=VERTEX_POINT('',#5285);
#1566=VERTEX_POINT('',#5287);
#1567=VERTEX_POINT('',#5289);
#1568=VERTEX_POINT('',#5291);
#1569=VERTEX_POINT('',#5293);
#1570=VERTEX_POINT('',#5295);
#1571=VERTEX_POINT('',#5297);
#1572=VERTEX_POINT('',#5299);
#1573=VERTEX_POINT('',#5301);
#1574=VERTEX_POINT('',#5303);
#1575=VERTEX_POINT('',#5305);
#1576=VERTEX_POINT('',#5307);
#1577=VERTEX_POINT('',#5309);
#1578=VERTEX_POINT('',#5311);
#1579=VERTEX_POINT('',#5313);
#1580=VERTEX_POINT('',#5315);
#1581=VERTEX_POINT('',#5317);
#1582=VERTEX_POINT('',#5319);
#1583=VERTEX_POINT('',#5321);
#1584=VERTEX_POINT('',#5323);
#1585=VERTEX_POINT('',#5325);
#1586=VERTEX_POINT('',#5327);
#1587=VERTEX_POINT('',#5329);
#1588=VERTEX_POINT('',#5331);
#1589=VERTEX_POINT('',#5333);
#1590=VERTEX_POINT('',#5335);
#1591=VERTEX_POINT('',#5337);
#1592=VERTEX_POINT('',#5339);
#1593=VERTEX_POINT('',#5341);
#1594=VERTEX_POINT('',#5343);
#1595=VERTEX_POINT('',#5345);
#1596=VERTEX_POINT('',#5347);
#1597=VERTEX_POINT('',#5349);
#1598=VERTEX_POINT('',#5351);
#1599=VERTEX_POINT('',#5353);
#1600=VERTEX_POINT('',#5355);
#1601=VERTEX_POINT('',#5357);
#1602=VERTEX_POINT('',#5359);
#1603=VERTEX_POINT('',#5361);
#1604=VERTEX_POINT('',#5363);
#1605=VERTEX_POINT('',#5365);
#1606=VERTEX_POINT('',#5367);
#1607=VERTEX_POINT('',#5369);
#1608=VERTEX_POINT('',#5371);
#1609=VERTEX_POINT('',#5373);
#1610=VERTEX_POINT('',#5375);
#1611=VERTEX_POINT('',#5377);
#1612=VERTEX_POINT('',#5380);
#1613=VERTEX_POINT('',#5382);
#1614=VERTEX_POINT('',#5384);
#1615=VERTEX_POINT('',#5386);
#1616=VERTEX_POINT('',#5388);
#1617=VERTEX_POINT('',#5390);
#1618=VERTEX_POINT('',#5392);
#1619=VERTEX_POINT('',#5396);
#1620=VERTEX_POINT('',#5400);
#1621=VERTEX_POINT('',#5404);
#1622=VERTEX_POINT('',#5406);
#1623=VERTEX_POINT('',#5408);
#1624=VERTEX_POINT('',#5412);
#1625=VERTEX_POINT('',#5414);
#1626=VERTEX_POINT('',#5416);
#1627=VERTEX_POINT('',#5418);
#1628=VERTEX_POINT('',#5420);
#1629=VERTEX_POINT('',#5422);
#1630=VERTEX_POINT('',#5426);
#1631=VERTEX_POINT('',#5428);
#1632=VERTEX_POINT('',#5430);
#1633=VERTEX_POINT('',#5432);
#1634=VERTEX_POINT('',#5434);
#1635=VERTEX_POINT('',#5436);
#1636=VERTEX_POINT('',#5440);
#1637=VERTEX_POINT('',#5442);
#1638=VERTEX_POINT('',#5444);
#1639=VERTEX_POINT('',#5448);
#1640=VERTEX_POINT('',#5450);
#1641=VERTEX_POINT('',#5456);
#1642=VERTEX_POINT('',#5458);
#1643=VERTEX_POINT('',#5460);
#1644=VERTEX_POINT('',#5462);
#1645=VERTEX_POINT('',#5464);
#1646=VERTEX_POINT('',#5469);
#1647=VERTEX_POINT('',#5471);
#1648=VERTEX_POINT('',#5473);
#1649=VERTEX_POINT('',#5475);
#1650=VERTEX_POINT('',#5478);
#1651=VERTEX_POINT('',#5480);
#1652=VERTEX_POINT('',#5482);
#1653=VERTEX_POINT('',#5484);
#1654=VERTEX_POINT('',#5486);
#1655=VERTEX_POINT('',#5488);
#1656=VERTEX_POINT('',#5492);
#1657=VERTEX_POINT('',#5494);
#1658=VERTEX_POINT('',#5499);
#1659=VERTEX_POINT('',#5500);
#1660=VERTEX_POINT('',#5502);
#1661=VERTEX_POINT('',#5504);
#1662=VERTEX_POINT('',#5508);
#1663=VERTEX_POINT('',#5509);
#1664=VERTEX_POINT('',#5511);
#1665=VERTEX_POINT('',#5513);
#1666=VERTEX_POINT('',#5515);
#1667=VERTEX_POINT('',#5519);
#1668=VERTEX_POINT('',#5521);
#1669=VERTEX_POINT('',#5523);
#1670=VERTEX_POINT('',#5527);
#1671=VERTEX_POINT('',#5529);
#1672=VERTEX_POINT('',#5531);
#1673=VERTEX_POINT('',#5535);
#1674=VERTEX_POINT('',#5537);
#1675=VERTEX_POINT('',#5541);
#1676=VERTEX_POINT('',#5543);
#1677=VERTEX_POINT('',#5545);
#1678=VERTEX_POINT('',#5549);
#1679=VERTEX_POINT('',#5551);
#1680=VERTEX_POINT('',#5553);
#1681=VERTEX_POINT('',#5557);
#1682=VERTEX_POINT('',#5559);
#1683=VERTEX_POINT('',#5561);
#1684=VERTEX_POINT('',#5566);
#1685=VERTEX_POINT('',#5571);
#1686=VERTEX_POINT('',#5573);
#1687=VERTEX_POINT('',#5575);
#1688=VERTEX_POINT('',#5577);
#1689=VERTEX_POINT('',#5579);
#1690=VERTEX_POINT('',#5581);
#1691=VERTEX_POINT('',#5583);
#1692=VERTEX_POINT('',#5585);
#1693=VERTEX_POINT('',#5587);
#1694=VERTEX_POINT('',#5589);
#1695=VERTEX_POINT('',#5594);
#1696=VERTEX_POINT('',#5596);
#1697=VERTEX_POINT('',#5599);
#1698=VERTEX_POINT('',#5600);
#1699=VERTEX_POINT('',#5602);
#1700=VERTEX_POINT('',#5604);
#1701=VERTEX_POINT('',#5606);
#1702=VERTEX_POINT('',#5608);
#1703=VERTEX_POINT('',#5610);
#1704=VERTEX_POINT('',#5612);
#1705=VERTEX_POINT('',#5616);
#1706=VERTEX_POINT('',#5620);
#1707=VERTEX_POINT('',#5624);
#1708=VERTEX_POINT('',#5625);
#1709=VERTEX_POINT('',#5627);
#1710=VERTEX_POINT('',#5632);
#1711=VERTEX_POINT('',#5634);
#1712=VERTEX_POINT('',#5638);
#1713=VERTEX_POINT('',#5640);
#1714=VERTEX_POINT('',#5644);
#1715=VERTEX_POINT('',#5646);
#1716=VERTEX_POINT('',#5650);
#1717=VERTEX_POINT('',#5655);
#1718=VERTEX_POINT('',#5659);
#1719=VERTEX_POINT('',#5668);
#1720=VERTEX_POINT('',#5669);
#1721=VERTEX_POINT('',#5671);
#1722=VERTEX_POINT('',#5673);
#1723=VERTEX_POINT('',#5675);
#1724=VERTEX_POINT('',#5677);
#1725=VERTEX_POINT('',#5679);
#1726=VERTEX_POINT('',#5681);
#1727=VERTEX_POINT('',#5683);
#1728=VERTEX_POINT('',#5685);
#1729=VERTEX_POINT('',#5687);
#1730=VERTEX_POINT('',#5689);
#1731=VERTEX_POINT('',#5691);
#1732=VERTEX_POINT('',#5693);
#1733=VERTEX_POINT('',#5695);
#1734=VERTEX_POINT('',#5697);
#1735=VERTEX_POINT('',#5699);
#1736=VERTEX_POINT('',#5701);
#1737=VERTEX_POINT('',#5703);
#1738=VERTEX_POINT('',#5705);
#1739=VERTEX_POINT('',#5707);
#1740=VERTEX_POINT('',#5709);
#1741=VERTEX_POINT('',#5711);
#1742=VERTEX_POINT('',#5713);
#1743=VERTEX_POINT('',#5715);
#1744=VERTEX_POINT('',#5718);
#1745=VERTEX_POINT('',#5719);
#1746=VERTEX_POINT('',#5721);
#1747=VERTEX_POINT('',#5723);
#1748=VERTEX_POINT('',#5725);
#1749=VERTEX_POINT('',#5727);
#1750=VERTEX_POINT('',#5729);
#1751=VERTEX_POINT('',#5731);
#1752=VERTEX_POINT('',#5733);
#1753=VERTEX_POINT('',#5735);
#1754=VERTEX_POINT('',#5737);
#1755=VERTEX_POINT('',#5739);
#1756=VERTEX_POINT('',#5741);
#1757=VERTEX_POINT('',#5743);
#1758=VERTEX_POINT('',#5745);
#1759=VERTEX_POINT('',#5747);
#1760=VERTEX_POINT('',#5749);
#1761=VERTEX_POINT('',#5751);
#1762=VERTEX_POINT('',#5753);
#1763=VERTEX_POINT('',#5755);
#1764=VERTEX_POINT('',#5757);
#1765=VERTEX_POINT('',#5759);
#1766=VERTEX_POINT('',#5761);
#1767=VERTEX_POINT('',#5770);
#1768=VERTEX_POINT('',#5772);
#1769=VERTEX_POINT('',#5774);
#1770=VERTEX_POINT('',#5778);
#1771=VERTEX_POINT('',#5780);
#1772=VERTEX_POINT('',#5784);
#1773=VERTEX_POINT('',#5786);
#1774=VERTEX_POINT('',#5788);
#1775=VERTEX_POINT('',#5792);
#1776=VERTEX_POINT('',#5794);
#1777=VERTEX_POINT('',#5833);
#1778=VERTEX_POINT('',#5834);
#1779=VERTEX_POINT('',#5840);
#1780=VERTEX_POINT('',#5844);
#1781=VERTEX_POINT('',#5845);
#1782=VERTEX_POINT('',#5851);
#1783=VERTEX_POINT('',#5855);
#1784=VERTEX_POINT('',#5861);
#1785=VERTEX_POINT('',#5867);
#1786=VERTEX_POINT('',#5871);
#1787=VERTEX_POINT('',#5874);
#1788=VERTEX_POINT('',#5878);
#1789=VERTEX_POINT('',#5905);
#1790=VERTEX_POINT('',#5924);
#1791=VERTEX_POINT('',#5930);
#1792=VERTEX_POINT('',#5932);
#1793=VERTEX_POINT('',#5936);
#1794=VERTEX_POINT('',#5937);
#1795=VERTEX_POINT('',#5939);
#1796=VERTEX_POINT('',#5941);
#1797=VERTEX_POINT('',#5945);
#1798=VERTEX_POINT('',#5947);
#1799=VERTEX_POINT('',#5949);
#1800=VERTEX_POINT('',#5953);
#1801=VERTEX_POINT('',#5957);
#1802=VERTEX_POINT('',#5958);
#1803=VERTEX_POINT('',#5965);
#1804=VERTEX_POINT('',#5966);
#1805=VERTEX_POINT('',#5976);
#1806=VERTEX_POINT('',#5977);
#1807=VERTEX_POINT('',#5979);
#1808=VERTEX_POINT('',#5981);
#1809=VERTEX_POINT('',#5985);
#1810=VERTEX_POINT('',#5987);
#1811=VERTEX_POINT('',#5991);
#1812=VERTEX_POINT('',#5995);
#1813=VERTEX_POINT('',#6001);
#1814=VERTEX_POINT('',#6005);
#1815=VERTEX_POINT('',#6007);
#1816=VERTEX_POINT('',#6009);
#1817=VERTEX_POINT('',#6014);
#1818=VERTEX_POINT('',#6016);
#1819=VERTEX_POINT('',#6020);
#1820=VERTEX_POINT('',#6025);
#1821=VERTEX_POINT('',#6027);
#1822=VERTEX_POINT('',#6034);
#1823=VERTEX_POINT('',#6035);
#1824=VERTEX_POINT('',#6040);
#1825=VERTEX_POINT('',#6051);
#1826=VERTEX_POINT('',#6055);
#1827=VERTEX_POINT('',#6057);
#1828=VERTEX_POINT('',#6059);
#1829=VERTEX_POINT('',#6061);
#1830=VERTEX_POINT('',#6063);
#1831=VERTEX_POINT('',#6065);
#1832=VERTEX_POINT('',#6068);
#1833=VERTEX_POINT('',#6070);
#1834=VERTEX_POINT('',#6072);
#1835=VERTEX_POINT('',#6074);
#1836=VERTEX_POINT('',#6076);
#1837=VERTEX_POINT('',#6078);
#1838=VERTEX_POINT('',#6080);
#1839=VERTEX_POINT('',#6082);
#1840=VERTEX_POINT('',#6091);
#1841=VERTEX_POINT('',#6093);
#1842=VERTEX_POINT('',#6114);
#1843=VERTEX_POINT('',#6116);
#1844=VERTEX_POINT('',#6122);
#1845=VERTEX_POINT('',#6126);
#1846=EDGE_CURVE('',#1497,#1497,#1373,.F.);
#1847=EDGE_CURVE('',#1497,#1498,#571,.T.);
#1848=EDGE_CURVE('',#1498,#1498,#1374,.F.);
#1849=EDGE_CURVE('',#1499,#1499,#1375,.F.);
#1850=EDGE_CURVE('',#1499,#1500,#572,.T.);
#1851=EDGE_CURVE('',#1500,#1500,#1376,.F.);
#1852=EDGE_CURVE('',#1501,#1501,#1377,.F.);
#1853=EDGE_CURVE('',#1501,#1502,#573,.T.);
#1854=EDGE_CURVE('',#1502,#1502,#1378,.F.);
#1855=EDGE_CURVE('',#1503,#1503,#1379,.F.);
#1856=EDGE_CURVE('',#1503,#1504,#574,.T.);
#1857=EDGE_CURVE('',#1504,#1504,#1380,.F.);
#1858=EDGE_CURVE('',#1505,#1505,#1381,.T.);
#1859=EDGE_CURVE('',#1505,#1506,#575,.T.);
#1860=EDGE_CURVE('',#1506,#1506,#1382,.F.);
#1861=EDGE_CURVE('',#1507,#1507,#1383,.T.);
#1862=EDGE_CURVE('',#1507,#1508,#576,.T.);
#1863=EDGE_CURVE('',#1508,#1508,#1384,.F.);
#1864=EDGE_CURVE('',#1509,#1510,#577,.T.);
#1865=EDGE_CURVE('',#1509,#1511,#578,.T.);
#1866=EDGE_CURVE('',#1512,#1511,#579,.T.);
#1867=EDGE_CURVE('',#1510,#1512,#580,.T.);
#1868=EDGE_CURVE('',#1510,#1513,#581,.T.);
#1869=EDGE_CURVE('',#1514,#1512,#582,.T.);
#1870=EDGE_CURVE('',#1513,#1514,#583,.T.);
#1871=EDGE_CURVE('',#1513,#1515,#584,.T.);
#1872=EDGE_CURVE('',#1516,#1514,#585,.T.);
#1873=EDGE_CURVE('',#1515,#1516,#586,.T.);
#1874=EDGE_CURVE('',#1515,#1509,#587,.T.);
#1875=EDGE_CURVE('',#1511,#1516,#588,.T.);
#1876=EDGE_CURVE('',#1517,#1518,#1385,.T.);
#1877=EDGE_CURVE('',#1517,#1519,#589,.T.);
#1878=EDGE_CURVE('',#1519,#1520,#1386,.T.);
#1879=EDGE_CURVE('',#1520,#1518,#590,.T.);
#1880=EDGE_CURVE('',#1521,#1520,#591,.T.);
#1881=EDGE_CURVE('',#1522,#1521,#592,.T.);
#1882=EDGE_CURVE('',#1522,#1523,#593,.T.);
#1883=EDGE_CURVE('',#1524,#1523,#594,.T.);
#1884=EDGE_CURVE('',#1524,#1518,#595,.T.);
#1885=EDGE_CURVE('',#1525,#1526,#1387,.T.);
#1886=EDGE_CURVE('',#1525,#1527,#596,.T.);
#1887=EDGE_CURVE('',#1527,#1528,#1388,.T.);
#1888=EDGE_CURVE('',#1528,#1526,#597,.T.);
#1889=EDGE_CURVE('',#1529,#1526,#598,.T.);
#1890=EDGE_CURVE('',#1529,#1530,#1389,.T.);
#1891=EDGE_CURVE('',#1531,#1530,#599,.T.);
#1892=EDGE_CURVE('',#1532,#1531,#600,.T.);
#1893=EDGE_CURVE('',#1525,#1532,#601,.T.);
#1894=EDGE_CURVE('',#1533,#1528,#602,.T.);
#1895=EDGE_CURVE('',#1529,#1533,#603,.T.);
#1896=EDGE_CURVE('',#1533,#1534,#1390,.T.);
#1897=EDGE_CURVE('',#1534,#1530,#604,.T.);
#1898=EDGE_CURVE('',#1535,#1534,#605,.T.);
#1899=EDGE_CURVE('',#1531,#1535,#606,.T.);
#1900=EDGE_CURVE('',#1536,#1537,#1391,.T.);
#1901=EDGE_CURVE('',#1536,#1538,#607,.T.);
#1902=EDGE_CURVE('',#1538,#1539,#1392,.T.);
#1903=EDGE_CURVE('',#1539,#1537,#608,.T.);
#1904=EDGE_CURVE('',#1517,#1537,#609,.T.);
#1905=EDGE_CURVE('',#1519,#1539,#610,.T.);
#1906=EDGE_CURVE('',#1540,#1540,#1393,.T.);
#1907=EDGE_CURVE('',#1540,#1541,#611,.T.);
#1908=EDGE_CURVE('',#1541,#1541,#1394,.T.);
#1909=EDGE_CURVE('',#1542,#1542,#1395,.T.);
#1910=EDGE_CURVE('',#1542,#1543,#612,.T.);
#1911=EDGE_CURVE('',#1543,#1543,#1396,.T.);
#1912=EDGE_CURVE('',#1544,#1544,#1397,.T.);
#1913=EDGE_CURVE('',#1544,#1545,#613,.T.);
#1914=EDGE_CURVE('',#1545,#1545,#1398,.T.);
#1915=EDGE_CURVE('',#1546,#1546,#1399,.T.);
#1916=EDGE_CURVE('',#1546,#1547,#614,.T.);
#1917=EDGE_CURVE('',#1547,#1547,#1400,.T.);
#1918=EDGE_CURVE('',#1548,#1549,#1401,.T.);
#1919=EDGE_CURVE('',#1548,#1550,#615,.T.);
#1920=EDGE_CURVE('',#1550,#1551,#1402,.T.);
#1921=EDGE_CURVE('',#1551,#1549,#616,.T.);
#1922=EDGE_CURVE('',#1552,#1548,#617,.T.);
#1923=EDGE_CURVE('',#1553,#1552,#618,.T.);
#1924=EDGE_CURVE('',#1553,#1550,#619,.T.);
#1925=EDGE_CURVE('',#1554,#1552,#1403,.T.);
#1926=EDGE_CURVE('',#1554,#1555,#620,.T.);
#1927=EDGE_CURVE('',#1553,#1555,#1404,.F.);
#1928=EDGE_CURVE('',#1556,#1554,#621,.T.);
#1929=EDGE_CURVE('',#1557,#1556,#622,.T.);
#1930=EDGE_CURVE('',#1557,#1558,#623,.T.);
#1931=EDGE_CURVE('',#1558,#1559,#624,.T.);
#1932=EDGE_CURVE('',#1559,#1555,#625,.T.);
#1933=EDGE_CURVE('',#1560,#1561,#1405,.T.);
#1934=EDGE_CURVE('',#1560,#1562,#626,.T.);
#1935=EDGE_CURVE('',#1562,#1563,#1406,.T.);
#1936=EDGE_CURVE('',#1563,#1561,#627,.T.);
#1937=EDGE_CURVE('',#1549,#1564,#628,.T.);
#1938=EDGE_CURVE('',#1565,#1564,#1407,.T.);
#1939=EDGE_CURVE('',#1566,#1565,#1408,.T.);
#1940=EDGE_CURVE('',#1567,#1566,#629,.T.);
#1941=EDGE_CURVE('',#1568,#1567,#1409,.T.);
#1942=EDGE_CURVE('',#1569,#1568,#630,.T.);
#1943=EDGE_CURVE('',#1570,#1569,#631,.T.);
#1944=EDGE_CURVE('',#1571,#1570,#632,.T.);
#1945=EDGE_CURVE('',#1572,#1571,#633,.T.);
#1946=EDGE_CURVE('',#1573,#1572,#1410,.T.);
#1947=EDGE_CURVE('',#1574,#1573,#634,.T.);
#1948=EDGE_CURVE('',#1575,#1574,#1411,.T.);
#1949=EDGE_CURVE('',#1576,#1575,#635,.T.);
#1950=EDGE_CURVE('',#1577,#1576,#636,.T.);
#1951=EDGE_CURVE('',#1578,#1577,#1412,.T.);
#1952=EDGE_CURVE('',#1579,#1578,#637,.T.);
#1953=EDGE_CURVE('',#1580,#1579,#638,.T.);
#1954=EDGE_CURVE('',#1581,#1580,#1413,.T.);
#1955=EDGE_CURVE('',#1582,#1581,#639,.T.);
#1956=EDGE_CURVE('',#1583,#1582,#640,.T.);
#1957=EDGE_CURVE('',#1584,#1583,#1414,.T.);
#1958=EDGE_CURVE('',#1585,#1584,#641,.T.);
#1959=EDGE_CURVE('',#1585,#1586,#1415,.F.);
#1960=EDGE_CURVE('',#1586,#1587,#642,.T.);
#1961=EDGE_CURVE('',#1587,#1588,#1416,.T.);
#1962=EDGE_CURVE('',#1588,#1589,#643,.T.);
#1963=EDGE_CURVE('',#1590,#1589,#1417,.T.);
#1964=EDGE_CURVE('',#1590,#1591,#644,.T.);
#1965=EDGE_CURVE('',#1592,#1591,#1418,.T.);
#1966=EDGE_CURVE('',#1593,#1592,#645,.T.);
#1967=EDGE_CURVE('',#1594,#1593,#1419,.T.);
#1968=EDGE_CURVE('',#1595,#1594,#646,.T.);
#1969=EDGE_CURVE('',#1596,#1595,#647,.T.);
#1970=EDGE_CURVE('',#1597,#1596,#1420,.T.);
#1971=EDGE_CURVE('',#1598,#1597,#648,.T.);
#1972=EDGE_CURVE('',#1599,#1598,#649,.T.);
#1973=EDGE_CURVE('',#1600,#1599,#1421,.T.);
#1974=EDGE_CURVE('',#1601,#1600,#650,.T.);
#1975=EDGE_CURVE('',#1602,#1601,#651,.T.);
#1976=EDGE_CURVE('',#1603,#1602,#1422,.T.);
#1977=EDGE_CURVE('',#1604,#1603,#652,.T.);
#1978=EDGE_CURVE('',#1605,#1604,#1423,.T.);
#1979=EDGE_CURVE('',#1606,#1605,#653,.T.);
#1980=EDGE_CURVE('',#1607,#1606,#654,.T.);
#1981=EDGE_CURVE('',#1608,#1607,#1424,.T.);
#1982=EDGE_CURVE('',#1609,#1608,#655,.T.);
#1983=EDGE_CURVE('',#1609,#1610,#1425,.F.);
#1984=EDGE_CURVE('',#1610,#1611,#1426,.T.);
#1985=EDGE_CURVE('',#1611,#1560,#656,.T.);
#1986=EDGE_CURVE('',#1561,#1612,#657,.T.);
#1987=EDGE_CURVE('',#1612,#1613,#1427,.T.);
#1988=EDGE_CURVE('',#1613,#1614,#658,.T.);
#1989=EDGE_CURVE('',#1614,#1615,#1428,.T.);
#1990=EDGE_CURVE('',#1615,#1616,#659,.T.);
#1991=EDGE_CURVE('',#1616,#1617,#660,.T.);
#1992=EDGE_CURVE('',#1617,#1618,#661,.T.);
#1993=EDGE_CURVE('',#1618,#1556,#1429,.T.);
#1994=EDGE_CURVE('',#1563,#1619,#662,.T.);
#1995=EDGE_CURVE('',#1619,#1612,#663,.T.);
#1996=EDGE_CURVE('',#1619,#1620,#1430,.T.);
#1997=EDGE_CURVE('',#1620,#1613,#664,.T.);
#1998=EDGE_CURVE('',#1620,#1621,#665,.T.);
#1999=EDGE_CURVE('',#1621,#1622,#666,.T.);
#2000=EDGE_CURVE('',#1622,#1623,#667,.T.);
#2001=EDGE_CURVE('',#1614,#1623,#668,.T.);
#2002=EDGE_CURVE('',#1551,#1624,#669,.T.);
#2003=EDGE_CURVE('',#1625,#1624,#670,.T.);
#2004=EDGE_CURVE('',#1625,#1626,#671,.T.);
#2005=EDGE_CURVE('',#1627,#1626,#672,.T.);
#2006=EDGE_CURVE('',#1628,#1627,#673,.T.);
#2007=EDGE_CURVE('',#1628,#1629,#674,.T.);
#2008=EDGE_CURVE('',#1564,#1629,#675,.T.);
#2009=EDGE_CURVE('',#1630,#1611,#676,.T.);
#2010=EDGE_CURVE('',#1630,#1631,#677,.T.);
#2011=EDGE_CURVE('',#1632,#1631,#678,.T.);
#2012=EDGE_CURVE('',#1633,#1632,#679,.T.);
#2013=EDGE_CURVE('',#1633,#1634,#680,.T.);
#2014=EDGE_CURVE('',#1635,#1634,#681,.T.);
#2015=EDGE_CURVE('',#1635,#1562,#682,.T.);
#2016=EDGE_CURVE('',#1636,#1532,#683,.T.);
#2017=EDGE_CURVE('',#1636,#1637,#684,.T.);
#2018=EDGE_CURVE('',#1638,#1637,#685,.T.);
#2019=EDGE_CURVE('',#1527,#1638,#686,.T.);
#2020=EDGE_CURVE('',#1536,#1639,#687,.T.);
#2021=EDGE_CURVE('',#1639,#1640,#688,.T.);
#2022=EDGE_CURVE('',#1538,#1640,#689,.T.);
#2023=EDGE_CURVE('',#1639,#1524,#690,.T.);
#2024=EDGE_CURVE('',#1523,#1641,#691,.T.);
#2025=EDGE_CURVE('',#1641,#1642,#692,.T.);
#2026=EDGE_CURVE('',#1642,#1643,#693,.T.);
#2027=EDGE_CURVE('',#1643,#1644,#694,.T.);
#2028=EDGE_CURVE('',#1644,#1645,#695,.T.);
#2029=EDGE_CURVE('',#1618,#1645,#696,.T.);
#2030=EDGE_CURVE('',#1617,#1639,#697,.T.);
#2031=EDGE_CURVE('',#1638,#1646,#698,.T.);
#2032=EDGE_CURVE('',#1647,#1646,#1431,.T.);
#2033=EDGE_CURVE('',#1647,#1648,#699,.T.);
#2034=EDGE_CURVE('',#1649,#1648,#700,.T.);
#2035=EDGE_CURVE('',#1649,#1621,#1432,.T.);
#2036=EDGE_CURVE('',#1635,#1650,#1433,.T.);
#2037=EDGE_CURVE('',#1651,#1650,#701,.T.);
#2038=EDGE_CURVE('',#1652,#1651,#702,.T.);
#2039=EDGE_CURVE('',#1653,#1652,#703,.T.);
#2040=EDGE_CURVE('',#1654,#1653,#704,.T.);
#2041=EDGE_CURVE('',#1655,#1654,#705,.T.);
#2042=EDGE_CURVE('',#1655,#1624,#1434,.T.);
#2043=EDGE_CURVE('',#1559,#1643,#1435,.T.);
#2044=EDGE_CURVE('',#1642,#1656,#706,.T.);
#2045=EDGE_CURVE('',#1657,#1656,#1436,.T.);
#2046=EDGE_CURVE('',#1657,#1521,#707,.T.);
#2047=EDGE_CURVE('',#1535,#1640,#708,.T.);
#2048=EDGE_CURVE('',#1658,#1659,#709,.T.);
#2049=EDGE_CURVE('',#1659,#1660,#710,.T.);
#2050=EDGE_CURVE('',#1660,#1661,#711,.T.);
#2051=EDGE_CURVE('',#1661,#1658,#712,.T.);
#2052=EDGE_CURVE('',#1662,#1663,#713,.T.);
#2053=EDGE_CURVE('',#1663,#1664,#714,.T.);
#2054=EDGE_CURVE('',#1664,#1665,#715,.T.);
#2055=EDGE_CURVE('',#1665,#1666,#716,.T.);
#2056=EDGE_CURVE('',#1666,#1662,#717,.T.);
#2057=EDGE_CURVE('',#1663,#1667,#718,.T.);
#2058=EDGE_CURVE('',#1667,#1668,#719,.T.);
#2059=EDGE_CURVE('',#1668,#1669,#720,.T.);
#2060=EDGE_CURVE('',#1669,#1664,#721,.T.);
#2061=EDGE_CURVE('',#1670,#1662,#722,.T.);
#2062=EDGE_CURVE('',#1666,#1671,#723,.T.);
#2063=EDGE_CURVE('',#1671,#1672,#724,.T.);
#2064=EDGE_CURVE('',#1672,#1670,#725,.T.);
#2065=EDGE_CURVE('',#1673,#1670,#726,.T.);
#2066=EDGE_CURVE('',#1672,#1674,#727,.T.);
#2067=EDGE_CURVE('',#1674,#1673,#728,.T.);
#2068=EDGE_CURVE('',#1675,#1673,#729,.T.);
#2069=EDGE_CURVE('',#1674,#1676,#730,.T.);
#2070=EDGE_CURVE('',#1676,#1677,#731,.T.);
#2071=EDGE_CURVE('',#1677,#1675,#732,.T.);
#2072=EDGE_CURVE('',#1678,#1675,#733,.T.);
#2073=EDGE_CURVE('',#1677,#1679,#734,.T.);
#2074=EDGE_CURVE('',#1679,#1680,#735,.T.);
#2075=EDGE_CURVE('',#1680,#1678,#736,.T.);
#2076=EDGE_CURVE('',#1681,#1678,#737,.T.);
#2077=EDGE_CURVE('',#1680,#1682,#738,.T.);
#2078=EDGE_CURVE('',#1682,#1683,#739,.T.);
#2079=EDGE_CURVE('',#1683,#1681,#740,.T.);
#2080=EDGE_CURVE('',#1661,#1681,#741,.T.);
#2081=EDGE_CURVE('',#1683,#1684,#742,.T.);
#2082=EDGE_CURVE('',#1684,#1658,#743,.T.);
#2083=EDGE_CURVE('',#1681,#1633,#744,.T.);
#2084=EDGE_CURVE('',#1685,#1632,#15,.T.);
#2085=EDGE_CURVE('',#1685,#1686,#745,.T.);
#2086=EDGE_CURVE('',#1687,#1686,#16,.T.);
#2087=EDGE_CURVE('',#1687,#1688,#746,.T.);
#2088=EDGE_CURVE('',#1689,#1688,#17,.T.);
#2089=EDGE_CURVE('',#1689,#1690,#747,.T.);
#2090=EDGE_CURVE('',#1691,#1690,#18,.T.);
#2091=EDGE_CURVE('',#1691,#1692,#748,.T.);
#2092=EDGE_CURVE('',#1693,#1692,#19,.T.);
#2093=EDGE_CURVE('',#1693,#1694,#749,.T.);
#2094=EDGE_CURVE('',#1627,#1694,#20,.T.);
#2095=EDGE_CURVE('',#1626,#1667,#750,.T.);
#2096=EDGE_CURVE('',#1695,#1684,#751,.T.);
#2097=EDGE_CURVE('',#1696,#1695,#752,.T.);
#2098=EDGE_CURVE('',#1659,#1696,#753,.T.);
#2099=EDGE_CURVE('',#1697,#1698,#754,.T.);
#2100=EDGE_CURVE('',#1699,#1698,#1437,.T.);
#2101=EDGE_CURVE('',#1699,#1700,#755,.T.);
#2102=EDGE_CURVE('',#1701,#1700,#1438,.T.);
#2103=EDGE_CURVE('',#1701,#1702,#756,.T.);
#2104=EDGE_CURVE('',#1703,#1702,#1439,.T.);
#2105=EDGE_CURVE('',#1703,#1704,#757,.T.);
#2106=EDGE_CURVE('',#1697,#1704,#1440,.T.);
#2107=EDGE_CURVE('',#1682,#1705,#758,.T.);
#2108=EDGE_CURVE('',#1695,#1705,#759,.T.);
#2109=EDGE_CURVE('',#1679,#1706,#760,.T.);
#2110=EDGE_CURVE('',#1705,#1706,#761,.T.);
#2111=EDGE_CURVE('',#1707,#1708,#762,.T.);
#2112=EDGE_CURVE('',#1708,#1709,#763,.T.);
#2113=EDGE_CURVE('',#1709,#1696,#764,.T.);
#2114=EDGE_CURVE('',#1707,#1696,#765,.T.);
#2115=EDGE_CURVE('',#1708,#1710,#766,.T.);
#2116=EDGE_CURVE('',#1710,#1711,#767,.T.);
#2117=EDGE_CURVE('',#1711,#1709,#768,.T.);
#2118=EDGE_CURVE('',#1710,#1712,#769,.T.);
#2119=EDGE_CURVE('',#1712,#1713,#770,.T.);
#2120=EDGE_CURVE('',#1713,#1711,#771,.T.);
#2121=EDGE_CURVE('',#1712,#1714,#772,.T.);
#2122=EDGE_CURVE('',#1714,#1715,#773,.T.);
#2123=EDGE_CURVE('',#1715,#1713,#774,.T.);
#2124=EDGE_CURVE('',#1714,#1716,#775,.T.);
#2125=EDGE_CURVE('',#1716,#1706,#776,.T.);
#2126=EDGE_CURVE('',#1706,#1715,#777,.T.);
#2127=EDGE_CURVE('',#1716,#1717,#778,.T.);
#2128=EDGE_CURVE('',#1717,#1705,#779,.T.);
#2129=EDGE_CURVE('',#1717,#1718,#780,.T.);
#2130=EDGE_CURVE('',#1718,#1695,#781,.T.);
#2131=EDGE_CURVE('',#1718,#1707,#782,.T.);
#2132=EDGE_CURVE('',#1668,#1660,#783,.T.);
#2133=EDGE_CURVE('',#1669,#1709,#784,.T.);
#2134=EDGE_CURVE('',#1719,#1720,#785,.T.);
#2135=EDGE_CURVE('',#1720,#1721,#786,.T.);
#2136=EDGE_CURVE('',#1722,#1721,#1441,.T.);
#2137=EDGE_CURVE('',#1722,#1723,#787,.T.);
#2138=EDGE_CURVE('',#1724,#1723,#1442,.T.);
#2139=EDGE_CURVE('',#1724,#1725,#788,.T.);
#2140=EDGE_CURVE('',#1726,#1725,#1443,.T.);
#2141=EDGE_CURVE('',#1726,#1727,#789,.T.);
#2142=EDGE_CURVE('',#1727,#1728,#790,.T.);
#2143=EDGE_CURVE('',#1729,#1728,#1444,.T.);
#2144=EDGE_CURVE('',#1729,#1730,#791,.T.);
#2145=EDGE_CURVE('',#1730,#1731,#792,.T.);
#2146=EDGE_CURVE('',#1732,#1731,#1445,.T.);
#2147=EDGE_CURVE('',#1732,#1733,#793,.T.);
#2148=EDGE_CURVE('',#1733,#1734,#794,.T.);
#2149=EDGE_CURVE('',#1735,#1734,#1446,.T.);
#2150=EDGE_CURVE('',#1735,#1736,#795,.T.);
#2151=EDGE_CURVE('',#1737,#1736,#1447,.T.);
#2152=EDGE_CURVE('',#1737,#1738,#796,.T.);
#2153=EDGE_CURVE('',#1738,#1739,#797,.T.);
#2154=EDGE_CURVE('',#1739,#1740,#798,.T.);
#2155=EDGE_CURVE('',#1740,#1741,#799,.T.);
#2156=EDGE_CURVE('',#1742,#1741,#1448,.T.);
#2157=EDGE_CURVE('',#1742,#1743,#800,.T.);
#2158=EDGE_CURVE('',#1719,#1743,#1449,.T.);
#2159=EDGE_CURVE('',#1744,#1745,#801,.T.);
#2160=EDGE_CURVE('',#1745,#1746,#802,.T.);
#2161=EDGE_CURVE('',#1747,#1746,#1450,.T.);
#2162=EDGE_CURVE('',#1747,#1748,#803,.T.);
#2163=EDGE_CURVE('',#1749,#1748,#1451,.T.);
#2164=EDGE_CURVE('',#1749,#1750,#804,.T.);
#2165=EDGE_CURVE('',#1750,#1751,#805,.T.);
#2166=EDGE_CURVE('',#1752,#1751,#1452,.T.);
#2167=EDGE_CURVE('',#1752,#1753,#806,.T.);
#2168=EDGE_CURVE('',#1753,#1754,#807,.T.);
#2169=EDGE_CURVE('',#1755,#1754,#1453,.T.);
#2170=EDGE_CURVE('',#1755,#1756,#808,.T.);
#2171=EDGE_CURVE('',#1756,#1757,#809,.T.);
#2172=EDGE_CURVE('',#1758,#1757,#1454,.T.);
#2173=EDGE_CURVE('',#1758,#1759,#810,.T.);
#2174=EDGE_CURVE('',#1760,#1759,#1455,.T.);
#2175=EDGE_CURVE('',#1760,#1761,#811,.T.);
#2176=EDGE_CURVE('',#1762,#1761,#1456,.T.);
#2177=EDGE_CURVE('',#1762,#1763,#812,.T.);
#2178=EDGE_CURVE('',#1763,#1764,#813,.T.);
#2179=EDGE_CURVE('',#1765,#1764,#1457,.T.);
#2180=EDGE_CURVE('',#1765,#1766,#814,.T.);
#2181=EDGE_CURVE('',#1744,#1766,#1458,.T.);
#2182=EDGE_CURVE('',#1607,#1744,#815,.T.);
#2183=EDGE_CURVE('',#1745,#1606,#816,.T.);
#2184=EDGE_CURVE('',#1746,#1605,#817,.T.);
#2185=EDGE_CURVE('',#1767,#1762,#818,.T.);
#2186=EDGE_CURVE('',#1767,#1768,#819,.T.);
#2187=EDGE_CURVE('',#1768,#1769,#820,.T.);
#2188=EDGE_CURVE('',#1763,#1769,#821,.T.);
#2189=EDGE_CURVE('',#1769,#1770,#822,.T.);
#2190=EDGE_CURVE('',#1770,#1771,#823,.T.);
#2191=EDGE_CURVE('',#1764,#1771,#824,.T.);
#2192=EDGE_CURVE('',#1772,#1719,#825,.T.);
#2193=EDGE_CURVE('',#1772,#1773,#826,.T.);
#2194=EDGE_CURVE('',#1773,#1774,#827,.T.);
#2195=EDGE_CURVE('',#1720,#1774,#828,.T.);
#2196=EDGE_CURVE('',#1774,#1775,#829,.T.);
#2197=EDGE_CURVE('',#1775,#1776,#830,.T.);
#2198=EDGE_CURVE('',#1721,#1776,#831,.T.);
#2199=EDGE_CURVE('',#1572,#1737,#832,.T.);
#2200=EDGE_CURVE('',#1738,#1571,#833,.T.);
#2201=EDGE_CURVE('',#1739,#1570,#834,.T.);
#2202=EDGE_CURVE('',#1727,#1582,#835,.T.);
#2203=EDGE_CURVE('',#1583,#1726,#836,.T.);
#2204=EDGE_CURVE('',#1730,#1579,#837,.T.);
#2205=EDGE_CURVE('',#1580,#1729,#838,.T.);
#2206=EDGE_CURVE('',#1733,#1576,#839,.T.);
#2207=EDGE_CURVE('',#1577,#1732,#840,.T.);
#2208=EDGE_CURVE('',#1750,#1601,#841,.T.);
#2209=EDGE_CURVE('',#1602,#1749,#842,.T.);
#2210=EDGE_CURVE('',#1728,#1581,#843,.T.);
#2211=EDGE_CURVE('',#1731,#1578,#844,.T.);
#2212=EDGE_CURVE('',#1734,#1575,#845,.T.);
#2213=EDGE_CURVE('',#1751,#1600,#846,.T.);
#2214=EDGE_CURVE('',#1599,#1752,#847,.T.);
#2215=EDGE_CURVE('',#1753,#1598,#848,.T.);
#2216=EDGE_CURVE('',#1754,#1597,#849,.T.);
#2217=EDGE_CURVE('',#1596,#1755,#850,.T.);
#2218=EDGE_CURVE('',#1756,#1595,#851,.T.);
#2219=EDGE_CURVE('',#1757,#1594,#852,.T.);
#2220=EDGE_CURVE('',#1777,#1778,#1459,.T.);
#2221=EDGE_CURVE('',#1778,#1703,#853,.T.);
#2222=EDGE_CURVE('',#1702,#1777,#854,.T.);
#2223=EDGE_CURVE('',#1778,#1654,#855,.T.);
#2224=EDGE_CURVE('',#1653,#1779,#856,.T.);
#2225=EDGE_CURVE('',#1704,#1779,#857,.T.);
#2226=EDGE_CURVE('',#1780,#1781,#1460,.T.);
#2227=EDGE_CURVE('',#1780,#1699,#858,.T.);
#2228=EDGE_CURVE('',#1698,#1781,#859,.T.);
#2229=EDGE_CURVE('',#1780,#1652,#860,.T.);
#2230=EDGE_CURVE('',#1651,#1782,#861,.T.);
#2231=EDGE_CURVE('',#1700,#1782,#862,.T.);
#2232=EDGE_CURVE('',#1783,#1779,#1461,.T.);
#2233=EDGE_CURVE('',#1783,#1697,#863,.T.);
#2234=EDGE_CURVE('',#1783,#1781,#864,.T.);
#2235=EDGE_CURVE('',#1782,#1784,#1462,.T.);
#2236=EDGE_CURVE('',#1784,#1701,#865,.T.);
#2237=EDGE_CURVE('',#1777,#1784,#866,.T.);
#2238=EDGE_CURVE('',#1785,#1776,#1463,.T.);
#2239=EDGE_CURVE('',#1785,#1722,#867,.T.);
#2240=EDGE_CURVE('',#1786,#1775,#1464,.T.);
#2241=EDGE_CURVE('',#1786,#1586,#868,.T.);
#2242=EDGE_CURVE('',#1586,#1787,#1465,.T.);
#2243=EDGE_CURVE('',#1785,#1787,#869,.T.);
#2244=EDGE_CURVE('',#1773,#1788,#870,.T.);
#2245=EDGE_CURVE('',#1788,#1775,#1466,.T.);
#2246=EDGE_CURVE('',#1772,#1565,#1467,.T.);
#2247=EDGE_CURVE('',#1743,#1566,#871,.T.);
#2248=EDGE_CURVE('',#1567,#1742,#872,.T.);
#2249=EDGE_CURVE('',#1741,#1568,#873,.T.);
#2250=EDGE_CURVE('',#1740,#1569,#874,.T.);
#2251=EDGE_CURVE('',#1736,#1573,#875,.T.);
#2252=EDGE_CURVE('',#1574,#1735,#876,.T.);
#2253=EDGE_CURVE('',#1725,#1584,#877,.T.);
#2254=EDGE_CURVE('',#1585,#1724,#878,.T.);
#2255=EDGE_CURVE('',#1723,#1787,#879,.T.);
#2256=EDGE_CURVE('',#1789,#1591,#1468,.T.);
#2257=EDGE_CURVE('',#1789,#1760,#880,.T.);
#2258=EDGE_CURVE('',#1759,#1592,#881,.T.);
#2259=EDGE_CURVE('',#1593,#1758,#882,.T.);
#2260=EDGE_CURVE('',#1748,#1603,#883,.T.);
#2261=EDGE_CURVE('',#1604,#1747,#884,.T.);
#2262=EDGE_CURVE('',#1766,#1608,#885,.T.);
#2263=EDGE_CURVE('',#1609,#1765,#886,.T.);
#2264=EDGE_CURVE('',#1767,#1790,#1469,.T.);
#2265=EDGE_CURVE('',#1761,#1790,#887,.T.);
#2266=EDGE_CURVE('',#1610,#1771,#1470,.T.);
#2267=EDGE_CURVE('',#1770,#1791,#888,.T.);
#2268=EDGE_CURVE('',#1791,#1792,#889,.T.);
#2269=EDGE_CURVE('',#1792,#1610,#1471,.F.);
#2270=EDGE_CURVE('',#1793,#1794,#1472,.T.);
#2271=EDGE_CURVE('',#1793,#1795,#890,.T.);
#2272=EDGE_CURVE('',#1795,#1796,#1473,.T.);
#2273=EDGE_CURVE('',#1796,#1794,#891,.T.);
#2274=EDGE_CURVE('',#1797,#1794,#892,.T.);
#2275=EDGE_CURVE('',#1798,#1797,#893,.T.);
#2276=EDGE_CURVE('',#1799,#1798,#894,.T.);
#2277=EDGE_CURVE('',#1793,#1799,#895,.T.);
#2278=EDGE_CURVE('',#1800,#1796,#896,.T.);
#2279=EDGE_CURVE('',#1797,#1800,#897,.T.);
#2280=EDGE_CURVE('',#1801,#1802,#1474,.T.);
#2281=EDGE_CURVE('',#1801,#1647,#898,.T.);
#2282=EDGE_CURVE('',#1646,#1802,#899,.T.);
#2283=EDGE_CURVE('',#1637,#1802,#900,.T.);
#2284=EDGE_CURVE('',#1803,#1804,#1475,.T.);
#2285=EDGE_CURVE('',#1803,#1657,#901,.T.);
#2286=EDGE_CURVE('',#1656,#1804,#902,.T.);
#2287=EDGE_CURVE('',#1641,#1804,#903,.T.);
#2288=EDGE_CURVE('',#1803,#1522,#904,.T.);
#2289=EDGE_CURVE('',#1805,#1806,#905,.T.);
#2290=EDGE_CURVE('',#1807,#1805,#906,.T.);
#2291=EDGE_CURVE('',#1807,#1808,#907,.T.);
#2292=EDGE_CURVE('',#1806,#1808,#908,.T.);
#2293=EDGE_CURVE('',#1809,#1805,#909,.T.);
#2294=EDGE_CURVE('',#1810,#1809,#910,.T.);
#2295=EDGE_CURVE('',#1810,#1807,#911,.T.);
#2296=EDGE_CURVE('',#1811,#1810,#912,.T.);
#2297=EDGE_CURVE('',#1808,#1811,#913,.T.);
#2298=EDGE_CURVE('',#1801,#1812,#914,.T.);
#2299=EDGE_CURVE('',#1648,#1812,#915,.T.);
#2300=EDGE_CURVE('',#1812,#1636,#916,.T.);
#2301=EDGE_CURVE('',#1813,#1799,#917,.T.);
#2302=EDGE_CURVE('',#1795,#1813,#918,.T.);
#2303=EDGE_CURVE('',#1814,#1811,#919,.T.);
#2304=EDGE_CURVE('',#1815,#1814,#920,.T.);
#2305=EDGE_CURVE('',#1816,#1815,#921,.T.);
#2306=EDGE_CURVE('',#1816,#1806,#922,.T.);
#2307=EDGE_CURVE('',#1616,#1531,#923,.T.);
#2308=EDGE_CURVE('',#1817,#1615,#924,.T.);
#2309=EDGE_CURVE('',#1817,#1818,#925,.T.);
#2310=EDGE_CURVE('',#1818,#1649,#926,.T.);
#2311=EDGE_CURVE('',#1800,#1819,#927,.T.);
#2312=EDGE_CURVE('',#1792,#1819,#928,.T.);
#2313=EDGE_CURVE('',#1791,#1798,#929,.T.);
#2314=EDGE_CURVE('',#1788,#1820,#930,.T.);
#2315=EDGE_CURVE('',#1820,#1821,#1476,.T.);
#2316=EDGE_CURVE('',#1821,#1786,#931,.T.);
#2317=EDGE_CURVE('',#1809,#1820,#932,.T.);
#2318=EDGE_CURVE('',#1814,#1773,#933,.T.);
#2319=EDGE_CURVE('',#1822,#1823,#1477,.T.);
#2320=EDGE_CURVE('',#1822,#1693,#934,.T.);
#2321=EDGE_CURVE('',#1692,#1823,#935,.T.);
#2322=EDGE_CURVE('',#1822,#1824,#936,.T.);
#2323=EDGE_CURVE('',#1694,#1824,#937,.T.);
#2324=EDGE_CURVE('',#1628,#1824,#1478,.T.);
#2325=EDGE_CURVE('',#1629,#1816,#1479,.T.);
#2326=EDGE_CURVE('',#1815,#1565,#1480,.T.);
#2327=EDGE_CURVE('',#1819,#1630,#1481,.T.);
#2328=EDGE_CURVE('',#1825,#1631,#1482,.T.);
#2329=EDGE_CURVE('',#1825,#1685,#938,.T.);
#2330=EDGE_CURVE('',#1826,#1823,#939,.T.);
#2331=EDGE_CURVE('',#1826,#1827,#1483,.T.);
#2332=EDGE_CURVE('',#1828,#1827,#940,.T.);
#2333=EDGE_CURVE('',#1828,#1829,#1484,.T.);
#2334=EDGE_CURVE('',#1830,#1829,#941,.T.);
#2335=EDGE_CURVE('',#1830,#1831,#1485,.T.);
#2336=EDGE_CURVE('',#1825,#1831,#942,.T.);
#2337=EDGE_CURVE('',#1832,#1813,#943,.T.);
#2338=EDGE_CURVE('',#1833,#1832,#1486,.T.);
#2339=EDGE_CURVE('',#1834,#1833,#944,.T.);
#2340=EDGE_CURVE('',#1835,#1834,#1487,.T.);
#2341=EDGE_CURVE('',#1836,#1835,#945,.T.);
#2342=EDGE_CURVE('',#1836,#1837,#1488,.T.);
#2343=EDGE_CURVE('',#1838,#1837,#946,.T.);
#2344=EDGE_CURVE('',#1839,#1838,#1489,.T.);
#2345=EDGE_CURVE('',#1821,#1839,#947,.T.);
#2346=EDGE_CURVE('',#1830,#1687,#948,.T.);
#2347=EDGE_CURVE('',#1686,#1831,#949,.T.);
#2348=EDGE_CURVE('',#1688,#1829,#950,.T.);
#2349=EDGE_CURVE('',#1768,#1840,#1490,.T.);
#2350=EDGE_CURVE('',#1841,#1768,#1491,.F.);
#2351=EDGE_CURVE('',#1841,#1833,#951,.T.);
#2352=EDGE_CURVE('',#1832,#1840,#952,.T.);
#2353=EDGE_CURVE('',#1591,#1841,#953,.T.);
#2354=EDGE_CURVE('',#1834,#1590,#954,.T.);
#2355=EDGE_CURVE('',#1828,#1689,#955,.T.);
#2356=EDGE_CURVE('',#1690,#1827,#956,.T.);
#2357=EDGE_CURVE('',#1826,#1691,#957,.T.);
#2358=EDGE_CURVE('',#1587,#1839,#958,.T.);
#2359=EDGE_CURVE('',#1838,#1588,#959,.T.);
#2360=EDGE_CURVE('',#1589,#1835,#960,.T.);
#2361=EDGE_CURVE('',#1837,#1842,#961,.T.);
#2362=EDGE_CURVE('',#1842,#1843,#962,.T.);
#2363=EDGE_CURVE('',#1843,#1836,#963,.T.);
#2364=EDGE_CURVE('',#1623,#1817,#1492,.T.);
#2365=EDGE_CURVE('',#1634,#1844,#21,.T.);
#2366=EDGE_CURVE('',#1844,#1650,#964,.T.);
#2367=EDGE_CURVE('',#1655,#1845,#965,.T.);
#2368=EDGE_CURVE('',#1845,#1625,#22,.T.);
#2369=EDGE_CURVE('',#1645,#1557,#1493,.T.);
#2370=EDGE_CURVE('',#1844,#1845,#966,.T.);
#2371=EDGE_CURVE('',#1676,#1715,#967,.T.);
#2372=EDGE_CURVE('',#1671,#1713,#968,.T.);
#2373=EDGE_CURVE('',#1665,#1711,#969,.T.);
#2374=EDGE_CURVE('',#1789,#1790,#970,.T.);
#2375=EDGE_CURVE('',#1840,#1770,#971,.T.);
#2376=EDGE_CURVE('',#1843,#1842,#1494,.T.);
#2377=EDGE_CURVE('',#1818,#1622,#1495,.T.);
#2378=EDGE_CURVE('',#1558,#1644,#1496,.T.);
#2379=ORIENTED_EDGE('',*,*,#1846,.F.);
#2380=ORIENTED_EDGE('',*,*,#1847,.T.);
#2381=ORIENTED_EDGE('',*,*,#1848,.T.);
#2382=ORIENTED_EDGE('',*,*,#1847,.F.);
#2383=ORIENTED_EDGE('',*,*,#1848,.F.);
#2384=ORIENTED_EDGE('',*,*,#1849,.F.);
#2385=ORIENTED_EDGE('',*,*,#1850,.T.);
#2386=ORIENTED_EDGE('',*,*,#1851,.T.);
#2387=ORIENTED_EDGE('',*,*,#1850,.F.);
#2388=ORIENTED_EDGE('',*,*,#1851,.F.);
#2389=ORIENTED_EDGE('',*,*,#1852,.F.);
#2390=ORIENTED_EDGE('',*,*,#1853,.T.);
#2391=ORIENTED_EDGE('',*,*,#1854,.T.);
#2392=ORIENTED_EDGE('',*,*,#1853,.F.);
#2393=ORIENTED_EDGE('',*,*,#1854,.F.);
#2394=ORIENTED_EDGE('',*,*,#1855,.F.);
#2395=ORIENTED_EDGE('',*,*,#1856,.T.);
#2396=ORIENTED_EDGE('',*,*,#1857,.T.);
#2397=ORIENTED_EDGE('',*,*,#1856,.F.);
#2398=ORIENTED_EDGE('',*,*,#1857,.F.);
#2399=ORIENTED_EDGE('',*,*,#1858,.F.);
#2400=ORIENTED_EDGE('',*,*,#1859,.T.);
#2401=ORIENTED_EDGE('',*,*,#1860,.T.);
#2402=ORIENTED_EDGE('',*,*,#1859,.F.);
#2403=ORIENTED_EDGE('',*,*,#1860,.F.);
#2404=ORIENTED_EDGE('',*,*,#1861,.F.);
#2405=ORIENTED_EDGE('',*,*,#1862,.T.);
#2406=ORIENTED_EDGE('',*,*,#1863,.T.);
#2407=ORIENTED_EDGE('',*,*,#1862,.F.);
#2408=ORIENTED_EDGE('',*,*,#1863,.F.);
#2409=ORIENTED_EDGE('',*,*,#1864,.F.);
#2410=ORIENTED_EDGE('',*,*,#1865,.T.);
#2411=ORIENTED_EDGE('',*,*,#1866,.F.);
#2412=ORIENTED_EDGE('',*,*,#1867,.F.);
#2413=ORIENTED_EDGE('',*,*,#1868,.F.);
#2414=ORIENTED_EDGE('',*,*,#1867,.T.);
#2415=ORIENTED_EDGE('',*,*,#1869,.F.);
#2416=ORIENTED_EDGE('',*,*,#1870,.F.);
#2417=ORIENTED_EDGE('',*,*,#1871,.F.);
#2418=ORIENTED_EDGE('',*,*,#1870,.T.);
#2419=ORIENTED_EDGE('',*,*,#1872,.F.);
#2420=ORIENTED_EDGE('',*,*,#1873,.F.);
#2421=ORIENTED_EDGE('',*,*,#1874,.F.);
#2422=ORIENTED_EDGE('',*,*,#1873,.T.);
#2423=ORIENTED_EDGE('',*,*,#1875,.F.);
#2424=ORIENTED_EDGE('',*,*,#1865,.F.);
#2425=ORIENTED_EDGE('',*,*,#1875,.T.);
#2426=ORIENTED_EDGE('',*,*,#1872,.T.);
#2427=ORIENTED_EDGE('',*,*,#1869,.T.);
#2428=ORIENTED_EDGE('',*,*,#1866,.T.);
#2429=ORIENTED_EDGE('',*,*,#1858,.T.);
#2430=ORIENTED_EDGE('',*,*,#1861,.T.);
#2431=ORIENTED_EDGE('',*,*,#1876,.F.);
#2432=ORIENTED_EDGE('',*,*,#1877,.T.);
#2433=ORIENTED_EDGE('',*,*,#1878,.T.);
#2434=ORIENTED_EDGE('',*,*,#1879,.T.);
#2435=ORIENTED_EDGE('',*,*,#1879,.F.);
#2436=ORIENTED_EDGE('',*,*,#1880,.F.);
#2437=ORIENTED_EDGE('',*,*,#1881,.F.);
#2438=ORIENTED_EDGE('',*,*,#1882,.T.);
#2439=ORIENTED_EDGE('',*,*,#1883,.F.);
#2440=ORIENTED_EDGE('',*,*,#1884,.T.);
#2441=ORIENTED_EDGE('',*,*,#1885,.F.);
#2442=ORIENTED_EDGE('',*,*,#1886,.T.);
#2443=ORIENTED_EDGE('',*,*,#1887,.T.);
#2444=ORIENTED_EDGE('',*,*,#1888,.T.);
#2445=ORIENTED_EDGE('',*,*,#1885,.T.);
#2446=ORIENTED_EDGE('',*,*,#1889,.F.);
#2447=ORIENTED_EDGE('',*,*,#1890,.T.);
#2448=ORIENTED_EDGE('',*,*,#1891,.F.);
#2449=ORIENTED_EDGE('',*,*,#1892,.F.);
#2450=ORIENTED_EDGE('',*,*,#1893,.F.);
#2451=ORIENTED_EDGE('',*,*,#1852,.T.);
#2452=ORIENTED_EDGE('',*,*,#1855,.T.);
#2453=ORIENTED_EDGE('',*,*,#1888,.F.);
#2454=ORIENTED_EDGE('',*,*,#1894,.F.);
#2455=ORIENTED_EDGE('',*,*,#1895,.F.);
#2456=ORIENTED_EDGE('',*,*,#1889,.T.);
#2457=ORIENTED_EDGE('',*,*,#1890,.F.);
#2458=ORIENTED_EDGE('',*,*,#1895,.T.);
#2459=ORIENTED_EDGE('',*,*,#1896,.T.);
#2460=ORIENTED_EDGE('',*,*,#1897,.T.);
#2461=ORIENTED_EDGE('',*,*,#1897,.F.);
#2462=ORIENTED_EDGE('',*,*,#1898,.F.);
#2463=ORIENTED_EDGE('',*,*,#1899,.F.);
#2464=ORIENTED_EDGE('',*,*,#1891,.T.);
#2465=ORIENTED_EDGE('',*,*,#1900,.F.);
#2466=ORIENTED_EDGE('',*,*,#1901,.T.);
#2467=ORIENTED_EDGE('',*,*,#1902,.T.);
#2468=ORIENTED_EDGE('',*,*,#1903,.T.);
#2469=ORIENTED_EDGE('',*,*,#1877,.F.);
#2470=ORIENTED_EDGE('',*,*,#1904,.T.);
#2471=ORIENTED_EDGE('',*,*,#1903,.F.);
#2472=ORIENTED_EDGE('',*,*,#1905,.F.);
#2473=ORIENTED_EDGE('',*,*,#1906,.F.);
#2474=ORIENTED_EDGE('',*,*,#1907,.T.);
#2475=ORIENTED_EDGE('',*,*,#1908,.T.);
#2476=ORIENTED_EDGE('',*,*,#1907,.F.);
#2477=ORIENTED_EDGE('',*,*,#1908,.F.);
#2478=ORIENTED_EDGE('',*,*,#1909,.F.);
#2479=ORIENTED_EDGE('',*,*,#1910,.T.);
#2480=ORIENTED_EDGE('',*,*,#1911,.T.);
#2481=ORIENTED_EDGE('',*,*,#1910,.F.);
#2482=ORIENTED_EDGE('',*,*,#1911,.F.);
#2483=ORIENTED_EDGE('',*,*,#1912,.F.);
#2484=ORIENTED_EDGE('',*,*,#1913,.T.);
#2485=ORIENTED_EDGE('',*,*,#1914,.T.);
#2486=ORIENTED_EDGE('',*,*,#1913,.F.);
#2487=ORIENTED_EDGE('',*,*,#1914,.F.);
#2488=ORIENTED_EDGE('',*,*,#1915,.F.);
#2489=ORIENTED_EDGE('',*,*,#1916,.T.);
#2490=ORIENTED_EDGE('',*,*,#1917,.T.);
#2491=ORIENTED_EDGE('',*,*,#1916,.F.);
#2492=ORIENTED_EDGE('',*,*,#1917,.F.);
#2493=ORIENTED_EDGE('',*,*,#1918,.F.);
#2494=ORIENTED_EDGE('',*,*,#1919,.T.);
#2495=ORIENTED_EDGE('',*,*,#1920,.T.);
#2496=ORIENTED_EDGE('',*,*,#1921,.T.);
#2497=ORIENTED_EDGE('',*,*,#1919,.F.);
#2498=ORIENTED_EDGE('',*,*,#1922,.F.);
#2499=ORIENTED_EDGE('',*,*,#1923,.F.);
#2500=ORIENTED_EDGE('',*,*,#1924,.T.);
#2501=ORIENTED_EDGE('',*,*,#1925,.F.);
#2502=ORIENTED_EDGE('',*,*,#1926,.T.);
#2503=ORIENTED_EDGE('',*,*,#1927,.F.);
#2504=ORIENTED_EDGE('',*,*,#1923,.T.);
#2505=ORIENTED_EDGE('',*,*,#1926,.F.);
#2506=ORIENTED_EDGE('',*,*,#1928,.F.);
#2507=ORIENTED_EDGE('',*,*,#1929,.F.);
#2508=ORIENTED_EDGE('',*,*,#1930,.T.);
#2509=ORIENTED_EDGE('',*,*,#1931,.T.);
#2510=ORIENTED_EDGE('',*,*,#1932,.T.);
#2511=ORIENTED_EDGE('',*,*,#1933,.F.);
#2512=ORIENTED_EDGE('',*,*,#1934,.T.);
#2513=ORIENTED_EDGE('',*,*,#1935,.T.);
#2514=ORIENTED_EDGE('',*,*,#1936,.T.);
#2515=ORIENTED_EDGE('',*,*,#1918,.T.);
#2516=ORIENTED_EDGE('',*,*,#1937,.T.);
#2517=ORIENTED_EDGE('',*,*,#1938,.F.);
#2518=ORIENTED_EDGE('',*,*,#1939,.F.);
#2519=ORIENTED_EDGE('',*,*,#1940,.F.);
#2520=ORIENTED_EDGE('',*,*,#1941,.F.);
#2521=ORIENTED_EDGE('',*,*,#1942,.F.);
#2522=ORIENTED_EDGE('',*,*,#1943,.F.);
#2523=ORIENTED_EDGE('',*,*,#1944,.F.);
#2524=ORIENTED_EDGE('',*,*,#1945,.F.);
#2525=ORIENTED_EDGE('',*,*,#1946,.F.);
#2526=ORIENTED_EDGE('',*,*,#1947,.F.);
#2527=ORIENTED_EDGE('',*,*,#1948,.F.);
#2528=ORIENTED_EDGE('',*,*,#1949,.F.);
#2529=ORIENTED_EDGE('',*,*,#1950,.F.);
#2530=ORIENTED_EDGE('',*,*,#1951,.F.);
#2531=ORIENTED_EDGE('',*,*,#1952,.F.);
#2532=ORIENTED_EDGE('',*,*,#1953,.F.);
#2533=ORIENTED_EDGE('',*,*,#1954,.F.);
#2534=ORIENTED_EDGE('',*,*,#1955,.F.);
#2535=ORIENTED_EDGE('',*,*,#1956,.F.);
#2536=ORIENTED_EDGE('',*,*,#1957,.F.);
#2537=ORIENTED_EDGE('',*,*,#1958,.F.);
#2538=ORIENTED_EDGE('',*,*,#1959,.T.);
#2539=ORIENTED_EDGE('',*,*,#1960,.T.);
#2540=ORIENTED_EDGE('',*,*,#1961,.T.);
#2541=ORIENTED_EDGE('',*,*,#1962,.T.);
#2542=ORIENTED_EDGE('',*,*,#1963,.F.);
#2543=ORIENTED_EDGE('',*,*,#1964,.T.);
#2544=ORIENTED_EDGE('',*,*,#1965,.F.);
#2545=ORIENTED_EDGE('',*,*,#1966,.F.);
#2546=ORIENTED_EDGE('',*,*,#1967,.F.);
#2547=ORIENTED_EDGE('',*,*,#1968,.F.);
#2548=ORIENTED_EDGE('',*,*,#1969,.F.);
#2549=ORIENTED_EDGE('',*,*,#1970,.F.);
#2550=ORIENTED_EDGE('',*,*,#1971,.F.);
#2551=ORIENTED_EDGE('',*,*,#1972,.F.);
#2552=ORIENTED_EDGE('',*,*,#1973,.F.);
#2553=ORIENTED_EDGE('',*,*,#1974,.F.);
#2554=ORIENTED_EDGE('',*,*,#1975,.F.);
#2555=ORIENTED_EDGE('',*,*,#1976,.F.);
#2556=ORIENTED_EDGE('',*,*,#1977,.F.);
#2557=ORIENTED_EDGE('',*,*,#1978,.F.);
#2558=ORIENTED_EDGE('',*,*,#1979,.F.);
#2559=ORIENTED_EDGE('',*,*,#1980,.F.);
#2560=ORIENTED_EDGE('',*,*,#1981,.F.);
#2561=ORIENTED_EDGE('',*,*,#1982,.F.);
#2562=ORIENTED_EDGE('',*,*,#1983,.T.);
#2563=ORIENTED_EDGE('',*,*,#1984,.T.);
#2564=ORIENTED_EDGE('',*,*,#1985,.T.);
#2565=ORIENTED_EDGE('',*,*,#1933,.T.);
#2566=ORIENTED_EDGE('',*,*,#1986,.T.);
#2567=ORIENTED_EDGE('',*,*,#1987,.T.);
#2568=ORIENTED_EDGE('',*,*,#1988,.T.);
#2569=ORIENTED_EDGE('',*,*,#1989,.T.);
#2570=ORIENTED_EDGE('',*,*,#1990,.T.);
#2571=ORIENTED_EDGE('',*,*,#1991,.T.);
#2572=ORIENTED_EDGE('',*,*,#1992,.T.);
#2573=ORIENTED_EDGE('',*,*,#1993,.T.);
#2574=ORIENTED_EDGE('',*,*,#1928,.T.);
#2575=ORIENTED_EDGE('',*,*,#1925,.T.);
#2576=ORIENTED_EDGE('',*,*,#1922,.T.);
#2577=ORIENTED_EDGE('',*,*,#1864,.T.);
#2578=ORIENTED_EDGE('',*,*,#1868,.T.);
#2579=ORIENTED_EDGE('',*,*,#1871,.T.);
#2580=ORIENTED_EDGE('',*,*,#1874,.T.);
#2581=ORIENTED_EDGE('',*,*,#1936,.F.);
#2582=ORIENTED_EDGE('',*,*,#1994,.T.);
#2583=ORIENTED_EDGE('',*,*,#1995,.T.);
#2584=ORIENTED_EDGE('',*,*,#1986,.F.);
#2585=ORIENTED_EDGE('',*,*,#1996,.T.);
#2586=ORIENTED_EDGE('',*,*,#1997,.T.);
#2587=ORIENTED_EDGE('',*,*,#1987,.F.);
#2588=ORIENTED_EDGE('',*,*,#1995,.F.);
#2589=ORIENTED_EDGE('',*,*,#1997,.F.);
#2590=ORIENTED_EDGE('',*,*,#1998,.T.);
#2591=ORIENTED_EDGE('',*,*,#1999,.T.);
#2592=ORIENTED_EDGE('',*,*,#2000,.T.);
#2593=ORIENTED_EDGE('',*,*,#2001,.F.);
#2594=ORIENTED_EDGE('',*,*,#1988,.F.);
#2595=ORIENTED_EDGE('',*,*,#2002,.T.);
#2596=ORIENTED_EDGE('',*,*,#2003,.F.);
#2597=ORIENTED_EDGE('',*,*,#2004,.T.);
#2598=ORIENTED_EDGE('',*,*,#2005,.F.);
#2599=ORIENTED_EDGE('',*,*,#2006,.F.);
#2600=ORIENTED_EDGE('',*,*,#2007,.T.);
#2601=ORIENTED_EDGE('',*,*,#2008,.F.);
#2602=ORIENTED_EDGE('',*,*,#1937,.F.);
#2603=ORIENTED_EDGE('',*,*,#1921,.F.);
#2604=ORIENTED_EDGE('',*,*,#1934,.F.);
#2605=ORIENTED_EDGE('',*,*,#1985,.F.);
#2606=ORIENTED_EDGE('',*,*,#2009,.F.);
#2607=ORIENTED_EDGE('',*,*,#2010,.T.);
#2608=ORIENTED_EDGE('',*,*,#2011,.F.);
#2609=ORIENTED_EDGE('',*,*,#2012,.F.);
#2610=ORIENTED_EDGE('',*,*,#2013,.T.);
#2611=ORIENTED_EDGE('',*,*,#2014,.F.);
#2612=ORIENTED_EDGE('',*,*,#2015,.T.);
#2613=ORIENTED_EDGE('',*,*,#1886,.F.);
#2614=ORIENTED_EDGE('',*,*,#1893,.T.);
#2615=ORIENTED_EDGE('',*,*,#2016,.F.);
#2616=ORIENTED_EDGE('',*,*,#2017,.T.);
#2617=ORIENTED_EDGE('',*,*,#2018,.F.);
#2618=ORIENTED_EDGE('',*,*,#2019,.F.);
#2619=ORIENTED_EDGE('',*,*,#1901,.F.);
#2620=ORIENTED_EDGE('',*,*,#2020,.T.);
#2621=ORIENTED_EDGE('',*,*,#2021,.T.);
#2622=ORIENTED_EDGE('',*,*,#2022,.F.);
#2623=ORIENTED_EDGE('',*,*,#1876,.T.);
#2624=ORIENTED_EDGE('',*,*,#1884,.F.);
#2625=ORIENTED_EDGE('',*,*,#2023,.F.);
#2626=ORIENTED_EDGE('',*,*,#2020,.F.);
#2627=ORIENTED_EDGE('',*,*,#1900,.T.);
#2628=ORIENTED_EDGE('',*,*,#1904,.F.);
#2629=ORIENTED_EDGE('',*,*,#1846,.T.);
#2630=ORIENTED_EDGE('',*,*,#1849,.T.);
#2631=ORIENTED_EDGE('',*,*,#2023,.T.);
#2632=ORIENTED_EDGE('',*,*,#1883,.T.);
#2633=ORIENTED_EDGE('',*,*,#2024,.T.);
#2634=ORIENTED_EDGE('',*,*,#2025,.T.);
#2635=ORIENTED_EDGE('',*,*,#2026,.T.);
#2636=ORIENTED_EDGE('',*,*,#2027,.T.);
#2637=ORIENTED_EDGE('',*,*,#2028,.T.);
#2638=ORIENTED_EDGE('',*,*,#2029,.F.);
#2639=ORIENTED_EDGE('',*,*,#1992,.F.);
#2640=ORIENTED_EDGE('',*,*,#2030,.T.);
#2641=ORIENTED_EDGE('',*,*,#1898,.T.);
#2642=ORIENTED_EDGE('',*,*,#1896,.F.);
#2643=ORIENTED_EDGE('',*,*,#1894,.T.);
#2644=ORIENTED_EDGE('',*,*,#1887,.F.);
#2645=ORIENTED_EDGE('',*,*,#2019,.T.);
#2646=ORIENTED_EDGE('',*,*,#2031,.T.);
#2647=ORIENTED_EDGE('',*,*,#2032,.F.);
#2648=ORIENTED_EDGE('',*,*,#2033,.T.);
#2649=ORIENTED_EDGE('',*,*,#2034,.F.);
#2650=ORIENTED_EDGE('',*,*,#2035,.T.);
#2651=ORIENTED_EDGE('',*,*,#1998,.F.);
#2652=ORIENTED_EDGE('',*,*,#1996,.F.);
#2653=ORIENTED_EDGE('',*,*,#1994,.F.);
#2654=ORIENTED_EDGE('',*,*,#1935,.F.);
#2655=ORIENTED_EDGE('',*,*,#2015,.F.);
#2656=ORIENTED_EDGE('',*,*,#2036,.T.);
#2657=ORIENTED_EDGE('',*,*,#2037,.F.);
#2658=ORIENTED_EDGE('',*,*,#2038,.F.);
#2659=ORIENTED_EDGE('',*,*,#2039,.F.);
#2660=ORIENTED_EDGE('',*,*,#2040,.F.);
#2661=ORIENTED_EDGE('',*,*,#2041,.F.);
#2662=ORIENTED_EDGE('',*,*,#2042,.T.);
#2663=ORIENTED_EDGE('',*,*,#2002,.F.);
#2664=ORIENTED_EDGE('',*,*,#1920,.F.);
#2665=ORIENTED_EDGE('',*,*,#1924,.F.);
#2666=ORIENTED_EDGE('',*,*,#1927,.T.);
#2667=ORIENTED_EDGE('',*,*,#1932,.F.);
#2668=ORIENTED_EDGE('',*,*,#2043,.T.);
#2669=ORIENTED_EDGE('',*,*,#2026,.F.);
#2670=ORIENTED_EDGE('',*,*,#2044,.T.);
#2671=ORIENTED_EDGE('',*,*,#2045,.F.);
#2672=ORIENTED_EDGE('',*,*,#2046,.T.);
#2673=ORIENTED_EDGE('',*,*,#1880,.T.);
#2674=ORIENTED_EDGE('',*,*,#1878,.F.);
#2675=ORIENTED_EDGE('',*,*,#1905,.T.);
#2676=ORIENTED_EDGE('',*,*,#1902,.F.);
#2677=ORIENTED_EDGE('',*,*,#2022,.T.);
#2678=ORIENTED_EDGE('',*,*,#2047,.F.);
#2679=ORIENTED_EDGE('',*,*,#1906,.T.);
#2680=ORIENTED_EDGE('',*,*,#1912,.T.);
#2681=ORIENTED_EDGE('',*,*,#2048,.T.);
#2682=ORIENTED_EDGE('',*,*,#2049,.T.);
#2683=ORIENTED_EDGE('',*,*,#2050,.T.);
#2684=ORIENTED_EDGE('',*,*,#2051,.T.);
#2685=ORIENTED_EDGE('',*,*,#2052,.T.);
#2686=ORIENTED_EDGE('',*,*,#2053,.T.);
#2687=ORIENTED_EDGE('',*,*,#2054,.T.);
#2688=ORIENTED_EDGE('',*,*,#2055,.T.);
#2689=ORIENTED_EDGE('',*,*,#2056,.T.);
#2690=ORIENTED_EDGE('',*,*,#2057,.T.);
#2691=ORIENTED_EDGE('',*,*,#2058,.T.);
#2692=ORIENTED_EDGE('',*,*,#2059,.T.);
#2693=ORIENTED_EDGE('',*,*,#2060,.T.);
#2694=ORIENTED_EDGE('',*,*,#2053,.F.);
#2695=ORIENTED_EDGE('',*,*,#2061,.T.);
#2696=ORIENTED_EDGE('',*,*,#2056,.F.);
#2697=ORIENTED_EDGE('',*,*,#2062,.T.);
#2698=ORIENTED_EDGE('',*,*,#2063,.T.);
#2699=ORIENTED_EDGE('',*,*,#2064,.T.);
#2700=ORIENTED_EDGE('',*,*,#2065,.T.);
#2701=ORIENTED_EDGE('',*,*,#2064,.F.);
#2702=ORIENTED_EDGE('',*,*,#2066,.T.);
#2703=ORIENTED_EDGE('',*,*,#2067,.T.);
#2704=ORIENTED_EDGE('',*,*,#2068,.T.);
#2705=ORIENTED_EDGE('',*,*,#2067,.F.);
#2706=ORIENTED_EDGE('',*,*,#2069,.T.);
#2707=ORIENTED_EDGE('',*,*,#2070,.T.);
#2708=ORIENTED_EDGE('',*,*,#2071,.T.);
#2709=ORIENTED_EDGE('',*,*,#2072,.T.);
#2710=ORIENTED_EDGE('',*,*,#2071,.F.);
#2711=ORIENTED_EDGE('',*,*,#2073,.T.);
#2712=ORIENTED_EDGE('',*,*,#2074,.T.);
#2713=ORIENTED_EDGE('',*,*,#2075,.T.);
#2714=ORIENTED_EDGE('',*,*,#2076,.T.);
#2715=ORIENTED_EDGE('',*,*,#2075,.F.);
#2716=ORIENTED_EDGE('',*,*,#2077,.T.);
#2717=ORIENTED_EDGE('',*,*,#2078,.T.);
#2718=ORIENTED_EDGE('',*,*,#2079,.T.);
#2719=ORIENTED_EDGE('',*,*,#2080,.T.);
#2720=ORIENTED_EDGE('',*,*,#2079,.F.);
#2721=ORIENTED_EDGE('',*,*,#2081,.T.);
#2722=ORIENTED_EDGE('',*,*,#2082,.T.);
#2723=ORIENTED_EDGE('',*,*,#2051,.F.);
#2724=ORIENTED_EDGE('',*,*,#2057,.F.);
#2725=ORIENTED_EDGE('',*,*,#2052,.F.);
#2726=ORIENTED_EDGE('',*,*,#2061,.F.);
#2727=ORIENTED_EDGE('',*,*,#2065,.F.);
#2728=ORIENTED_EDGE('',*,*,#2068,.F.);
#2729=ORIENTED_EDGE('',*,*,#2072,.F.);
#2730=ORIENTED_EDGE('',*,*,#2076,.F.);
#2731=ORIENTED_EDGE('',*,*,#2083,.T.);
#2732=ORIENTED_EDGE('',*,*,#2012,.T.);
#2733=ORIENTED_EDGE('',*,*,#2084,.F.);
#2734=ORIENTED_EDGE('',*,*,#2085,.T.);
#2735=ORIENTED_EDGE('',*,*,#2086,.F.);
#2736=ORIENTED_EDGE('',*,*,#2087,.T.);
#2737=ORIENTED_EDGE('',*,*,#2088,.F.);
#2738=ORIENTED_EDGE('',*,*,#2089,.T.);
#2739=ORIENTED_EDGE('',*,*,#2090,.F.);
#2740=ORIENTED_EDGE('',*,*,#2091,.T.);
#2741=ORIENTED_EDGE('',*,*,#2092,.F.);
#2742=ORIENTED_EDGE('',*,*,#2093,.T.);
#2743=ORIENTED_EDGE('',*,*,#2094,.F.);
#2744=ORIENTED_EDGE('',*,*,#2005,.T.);
#2745=ORIENTED_EDGE('',*,*,#2095,.T.);
#2746=ORIENTED_EDGE('',*,*,#2048,.F.);
#2747=ORIENTED_EDGE('',*,*,#2082,.F.);
#2748=ORIENTED_EDGE('',*,*,#2096,.F.);
#2749=ORIENTED_EDGE('',*,*,#2097,.F.);
#2750=ORIENTED_EDGE('',*,*,#2098,.F.);
#2751=ORIENTED_EDGE('',*,*,#2099,.T.);
#2752=ORIENTED_EDGE('',*,*,#2100,.F.);
#2753=ORIENTED_EDGE('',*,*,#2101,.T.);
#2754=ORIENTED_EDGE('',*,*,#2102,.F.);
#2755=ORIENTED_EDGE('',*,*,#2103,.T.);
#2756=ORIENTED_EDGE('',*,*,#2104,.F.);
#2757=ORIENTED_EDGE('',*,*,#2105,.T.);
#2758=ORIENTED_EDGE('',*,*,#2106,.F.);
#2759=ORIENTED_EDGE('',*,*,#2081,.F.);
#2760=ORIENTED_EDGE('',*,*,#2078,.F.);
#2761=ORIENTED_EDGE('',*,*,#2107,.T.);
#2762=ORIENTED_EDGE('',*,*,#2108,.F.);
#2763=ORIENTED_EDGE('',*,*,#2096,.T.);
#2764=ORIENTED_EDGE('',*,*,#2077,.F.);
#2765=ORIENTED_EDGE('',*,*,#2074,.F.);
#2766=ORIENTED_EDGE('',*,*,#2109,.T.);
#2767=ORIENTED_EDGE('',*,*,#2110,.F.);
#2768=ORIENTED_EDGE('',*,*,#2107,.F.);
#2769=ORIENTED_EDGE('',*,*,#2111,.T.);
#2770=ORIENTED_EDGE('',*,*,#2112,.T.);
#2771=ORIENTED_EDGE('',*,*,#2113,.T.);
#2772=ORIENTED_EDGE('',*,*,#2114,.F.);
#2773=ORIENTED_EDGE('',*,*,#2115,.T.);
#2774=ORIENTED_EDGE('',*,*,#2116,.T.);
#2775=ORIENTED_EDGE('',*,*,#2117,.T.);
#2776=ORIENTED_EDGE('',*,*,#2112,.F.);
#2777=ORIENTED_EDGE('',*,*,#2118,.T.);
#2778=ORIENTED_EDGE('',*,*,#2119,.T.);
#2779=ORIENTED_EDGE('',*,*,#2120,.T.);
#2780=ORIENTED_EDGE('',*,*,#2116,.F.);
#2781=ORIENTED_EDGE('',*,*,#2121,.T.);
#2782=ORIENTED_EDGE('',*,*,#2122,.T.);
#2783=ORIENTED_EDGE('',*,*,#2123,.T.);
#2784=ORIENTED_EDGE('',*,*,#2119,.F.);
#2785=ORIENTED_EDGE('',*,*,#2124,.T.);
#2786=ORIENTED_EDGE('',*,*,#2125,.T.);
#2787=ORIENTED_EDGE('',*,*,#2126,.T.);
#2788=ORIENTED_EDGE('',*,*,#2122,.F.);
#2789=ORIENTED_EDGE('',*,*,#2110,.T.);
#2790=ORIENTED_EDGE('',*,*,#2125,.F.);
#2791=ORIENTED_EDGE('',*,*,#2127,.T.);
#2792=ORIENTED_EDGE('',*,*,#2128,.T.);
#2793=ORIENTED_EDGE('',*,*,#2108,.T.);
#2794=ORIENTED_EDGE('',*,*,#2128,.F.);
#2795=ORIENTED_EDGE('',*,*,#2129,.T.);
#2796=ORIENTED_EDGE('',*,*,#2130,.T.);
#2797=ORIENTED_EDGE('',*,*,#2097,.T.);
#2798=ORIENTED_EDGE('',*,*,#2130,.F.);
#2799=ORIENTED_EDGE('',*,*,#2131,.T.);
#2800=ORIENTED_EDGE('',*,*,#2114,.T.);
#2801=ORIENTED_EDGE('',*,*,#2059,.F.);
#2802=ORIENTED_EDGE('',*,*,#2132,.T.);
#2803=ORIENTED_EDGE('',*,*,#2049,.F.);
#2804=ORIENTED_EDGE('',*,*,#2098,.T.);
#2805=ORIENTED_EDGE('',*,*,#2113,.F.);
#2806=ORIENTED_EDGE('',*,*,#2133,.F.);
#2807=ORIENTED_EDGE('',*,*,#2111,.F.);
#2808=ORIENTED_EDGE('',*,*,#2131,.F.);
#2809=ORIENTED_EDGE('',*,*,#2129,.F.);
#2810=ORIENTED_EDGE('',*,*,#2127,.F.);
#2811=ORIENTED_EDGE('',*,*,#2124,.F.);
#2812=ORIENTED_EDGE('',*,*,#2121,.F.);
#2813=ORIENTED_EDGE('',*,*,#2118,.F.);
#2814=ORIENTED_EDGE('',*,*,#2115,.F.);
#2815=ORIENTED_EDGE('',*,*,#2134,.T.);
#2816=ORIENTED_EDGE('',*,*,#2135,.T.);
#2817=ORIENTED_EDGE('',*,*,#2136,.F.);
#2818=ORIENTED_EDGE('',*,*,#2137,.T.);
#2819=ORIENTED_EDGE('',*,*,#2138,.F.);
#2820=ORIENTED_EDGE('',*,*,#2139,.T.);
#2821=ORIENTED_EDGE('',*,*,#2140,.F.);
#2822=ORIENTED_EDGE('',*,*,#2141,.T.);
#2823=ORIENTED_EDGE('',*,*,#2142,.T.);
#2824=ORIENTED_EDGE('',*,*,#2143,.F.);
#2825=ORIENTED_EDGE('',*,*,#2144,.T.);
#2826=ORIENTED_EDGE('',*,*,#2145,.T.);
#2827=ORIENTED_EDGE('',*,*,#2146,.F.);
#2828=ORIENTED_EDGE('',*,*,#2147,.T.);
#2829=ORIENTED_EDGE('',*,*,#2148,.T.);
#2830=ORIENTED_EDGE('',*,*,#2149,.F.);
#2831=ORIENTED_EDGE('',*,*,#2150,.T.);
#2832=ORIENTED_EDGE('',*,*,#2151,.F.);
#2833=ORIENTED_EDGE('',*,*,#2152,.T.);
#2834=ORIENTED_EDGE('',*,*,#2153,.T.);
#2835=ORIENTED_EDGE('',*,*,#2154,.T.);
#2836=ORIENTED_EDGE('',*,*,#2155,.T.);
#2837=ORIENTED_EDGE('',*,*,#2156,.F.);
#2838=ORIENTED_EDGE('',*,*,#2157,.T.);
#2839=ORIENTED_EDGE('',*,*,#2158,.F.);
#2840=ORIENTED_EDGE('',*,*,#2159,.T.);
#2841=ORIENTED_EDGE('',*,*,#2160,.T.);
#2842=ORIENTED_EDGE('',*,*,#2161,.F.);
#2843=ORIENTED_EDGE('',*,*,#2162,.T.);
#2844=ORIENTED_EDGE('',*,*,#2163,.F.);
#2845=ORIENTED_EDGE('',*,*,#2164,.T.);
#2846=ORIENTED_EDGE('',*,*,#2165,.T.);
#2847=ORIENTED_EDGE('',*,*,#2166,.F.);
#2848=ORIENTED_EDGE('',*,*,#2167,.T.);
#2849=ORIENTED_EDGE('',*,*,#2168,.T.);
#2850=ORIENTED_EDGE('',*,*,#2169,.F.);
#2851=ORIENTED_EDGE('',*,*,#2170,.T.);
#2852=ORIENTED_EDGE('',*,*,#2171,.T.);
#2853=ORIENTED_EDGE('',*,*,#2172,.F.);
#2854=ORIENTED_EDGE('',*,*,#2173,.T.);
#2855=ORIENTED_EDGE('',*,*,#2174,.F.);
#2856=ORIENTED_EDGE('',*,*,#2175,.T.);
#2857=ORIENTED_EDGE('',*,*,#2176,.F.);
#2858=ORIENTED_EDGE('',*,*,#2177,.T.);
#2859=ORIENTED_EDGE('',*,*,#2178,.T.);
#2860=ORIENTED_EDGE('',*,*,#2179,.F.);
#2861=ORIENTED_EDGE('',*,*,#2180,.T.);
#2862=ORIENTED_EDGE('',*,*,#2181,.F.);
#2863=ORIENTED_EDGE('',*,*,#2159,.F.);
#2864=ORIENTED_EDGE('',*,*,#2182,.F.);
#2865=ORIENTED_EDGE('',*,*,#1980,.T.);
#2866=ORIENTED_EDGE('',*,*,#2183,.F.);
#2867=ORIENTED_EDGE('',*,*,#2183,.T.);
#2868=ORIENTED_EDGE('',*,*,#1979,.T.);
#2869=ORIENTED_EDGE('',*,*,#2184,.F.);
#2870=ORIENTED_EDGE('',*,*,#2160,.F.);
#2871=ORIENTED_EDGE('',*,*,#2177,.F.);
#2872=ORIENTED_EDGE('',*,*,#2185,.F.);
#2873=ORIENTED_EDGE('',*,*,#2186,.T.);
#2874=ORIENTED_EDGE('',*,*,#2187,.T.);
#2875=ORIENTED_EDGE('',*,*,#2188,.F.);
#2876=ORIENTED_EDGE('',*,*,#2188,.T.);
#2877=ORIENTED_EDGE('',*,*,#2189,.T.);
#2878=ORIENTED_EDGE('',*,*,#2190,.T.);
#2879=ORIENTED_EDGE('',*,*,#2191,.F.);
#2880=ORIENTED_EDGE('',*,*,#2178,.F.);
#2881=ORIENTED_EDGE('',*,*,#2134,.F.);
#2882=ORIENTED_EDGE('',*,*,#2192,.F.);
#2883=ORIENTED_EDGE('',*,*,#2193,.T.);
#2884=ORIENTED_EDGE('',*,*,#2194,.T.);
#2885=ORIENTED_EDGE('',*,*,#2195,.F.);
#2886=ORIENTED_EDGE('',*,*,#2195,.T.);
#2887=ORIENTED_EDGE('',*,*,#2196,.T.);
#2888=ORIENTED_EDGE('',*,*,#2197,.T.);
#2889=ORIENTED_EDGE('',*,*,#2198,.F.);
#2890=ORIENTED_EDGE('',*,*,#2135,.F.);
#2891=ORIENTED_EDGE('',*,*,#2152,.F.);
#2892=ORIENTED_EDGE('',*,*,#2199,.F.);
#2893=ORIENTED_EDGE('',*,*,#1945,.T.);
#2894=ORIENTED_EDGE('',*,*,#2200,.F.);
#2895=ORIENTED_EDGE('',*,*,#2200,.T.);
#2896=ORIENTED_EDGE('',*,*,#1944,.T.);
#2897=ORIENTED_EDGE('',*,*,#2201,.F.);
#2898=ORIENTED_EDGE('',*,*,#2153,.F.);
#2899=ORIENTED_EDGE('',*,*,#2202,.F.);
#2900=ORIENTED_EDGE('',*,*,#2141,.F.);
#2901=ORIENTED_EDGE('',*,*,#2203,.F.);
#2902=ORIENTED_EDGE('',*,*,#1956,.T.);
#2903=ORIENTED_EDGE('',*,*,#2204,.F.);
#2904=ORIENTED_EDGE('',*,*,#2144,.F.);
#2905=ORIENTED_EDGE('',*,*,#2205,.F.);
#2906=ORIENTED_EDGE('',*,*,#1953,.T.);
#2907=ORIENTED_EDGE('',*,*,#2206,.F.);
#2908=ORIENTED_EDGE('',*,*,#2147,.F.);
#2909=ORIENTED_EDGE('',*,*,#2207,.F.);
#2910=ORIENTED_EDGE('',*,*,#1950,.T.);
#2911=ORIENTED_EDGE('',*,*,#2208,.F.);
#2912=ORIENTED_EDGE('',*,*,#2164,.F.);
#2913=ORIENTED_EDGE('',*,*,#2209,.F.);
#2914=ORIENTED_EDGE('',*,*,#1975,.T.);
#2915=ORIENTED_EDGE('',*,*,#2202,.T.);
#2916=ORIENTED_EDGE('',*,*,#1955,.T.);
#2917=ORIENTED_EDGE('',*,*,#2210,.F.);
#2918=ORIENTED_EDGE('',*,*,#2142,.F.);
#2919=ORIENTED_EDGE('',*,*,#2204,.T.);
#2920=ORIENTED_EDGE('',*,*,#1952,.T.);
#2921=ORIENTED_EDGE('',*,*,#2211,.F.);
#2922=ORIENTED_EDGE('',*,*,#2145,.F.);
#2923=ORIENTED_EDGE('',*,*,#2206,.T.);
#2924=ORIENTED_EDGE('',*,*,#1949,.T.);
#2925=ORIENTED_EDGE('',*,*,#2212,.F.);
#2926=ORIENTED_EDGE('',*,*,#2148,.F.);
#2927=ORIENTED_EDGE('',*,*,#2208,.T.);
#2928=ORIENTED_EDGE('',*,*,#1974,.T.);
#2929=ORIENTED_EDGE('',*,*,#2213,.F.);
#2930=ORIENTED_EDGE('',*,*,#2165,.F.);
#2931=ORIENTED_EDGE('',*,*,#2167,.F.);
#2932=ORIENTED_EDGE('',*,*,#2214,.F.);
#2933=ORIENTED_EDGE('',*,*,#1972,.T.);
#2934=ORIENTED_EDGE('',*,*,#2215,.F.);
#2935=ORIENTED_EDGE('',*,*,#2215,.T.);
#2936=ORIENTED_EDGE('',*,*,#1971,.T.);
#2937=ORIENTED_EDGE('',*,*,#2216,.F.);
#2938=ORIENTED_EDGE('',*,*,#2168,.F.);
#2939=ORIENTED_EDGE('',*,*,#2170,.F.);
#2940=ORIENTED_EDGE('',*,*,#2217,.F.);
#2941=ORIENTED_EDGE('',*,*,#1969,.T.);
#2942=ORIENTED_EDGE('',*,*,#2218,.F.);
#2943=ORIENTED_EDGE('',*,*,#2218,.T.);
#2944=ORIENTED_EDGE('',*,*,#1968,.T.);
#2945=ORIENTED_EDGE('',*,*,#2219,.F.);
#2946=ORIENTED_EDGE('',*,*,#2171,.F.);
#2947=ORIENTED_EDGE('',*,*,#2220,.T.);
#2948=ORIENTED_EDGE('',*,*,#2221,.T.);
#2949=ORIENTED_EDGE('',*,*,#2104,.T.);
#2950=ORIENTED_EDGE('',*,*,#2222,.T.);
#2951=ORIENTED_EDGE('',*,*,#2221,.F.);
#2952=ORIENTED_EDGE('',*,*,#2223,.T.);
#2953=ORIENTED_EDGE('',*,*,#2040,.T.);
#2954=ORIENTED_EDGE('',*,*,#2224,.T.);
#2955=ORIENTED_EDGE('',*,*,#2225,.F.);
#2956=ORIENTED_EDGE('',*,*,#2105,.F.);
#2957=ORIENTED_EDGE('',*,*,#2226,.F.);
#2958=ORIENTED_EDGE('',*,*,#2227,.T.);
#2959=ORIENTED_EDGE('',*,*,#2100,.T.);
#2960=ORIENTED_EDGE('',*,*,#2228,.T.);
#2961=ORIENTED_EDGE('',*,*,#2227,.F.);
#2962=ORIENTED_EDGE('',*,*,#2229,.T.);
#2963=ORIENTED_EDGE('',*,*,#2038,.T.);
#2964=ORIENTED_EDGE('',*,*,#2230,.T.);
#2965=ORIENTED_EDGE('',*,*,#2231,.F.);
#2966=ORIENTED_EDGE('',*,*,#2101,.F.);
#2967=ORIENTED_EDGE('',*,*,#2232,.F.);
#2968=ORIENTED_EDGE('',*,*,#2233,.T.);
#2969=ORIENTED_EDGE('',*,*,#2106,.T.);
#2970=ORIENTED_EDGE('',*,*,#2225,.T.);
#2971=ORIENTED_EDGE('',*,*,#2226,.T.);
#2972=ORIENTED_EDGE('',*,*,#2234,.F.);
#2973=ORIENTED_EDGE('',*,*,#2232,.T.);
#2974=ORIENTED_EDGE('',*,*,#2224,.F.);
#2975=ORIENTED_EDGE('',*,*,#2039,.T.);
#2976=ORIENTED_EDGE('',*,*,#2229,.F.);
#2977=ORIENTED_EDGE('',*,*,#2235,.T.);
#2978=ORIENTED_EDGE('',*,*,#2236,.T.);
#2979=ORIENTED_EDGE('',*,*,#2102,.T.);
#2980=ORIENTED_EDGE('',*,*,#2231,.T.);
#2981=ORIENTED_EDGE('',*,*,#2222,.F.);
#2982=ORIENTED_EDGE('',*,*,#2103,.F.);
#2983=ORIENTED_EDGE('',*,*,#2236,.F.);
#2984=ORIENTED_EDGE('',*,*,#2237,.F.);
#2985=ORIENTED_EDGE('',*,*,#2238,.F.);
#2986=ORIENTED_EDGE('',*,*,#2239,.T.);
#2987=ORIENTED_EDGE('',*,*,#2136,.T.);
#2988=ORIENTED_EDGE('',*,*,#2198,.T.);
#2989=ORIENTED_EDGE('',*,*,#2238,.T.);
#2990=ORIENTED_EDGE('',*,*,#2197,.F.);
#2991=ORIENTED_EDGE('',*,*,#2240,.F.);
#2992=ORIENTED_EDGE('',*,*,#2241,.T.);
#2993=ORIENTED_EDGE('',*,*,#2242,.T.);
#2994=ORIENTED_EDGE('',*,*,#2243,.F.);
#2995=ORIENTED_EDGE('',*,*,#2194,.F.);
#2996=ORIENTED_EDGE('',*,*,#2244,.T.);
#2997=ORIENTED_EDGE('',*,*,#2245,.T.);
#2998=ORIENTED_EDGE('',*,*,#2196,.F.);
#2999=ORIENTED_EDGE('',*,*,#2246,.F.);
#3000=ORIENTED_EDGE('',*,*,#2192,.T.);
#3001=ORIENTED_EDGE('',*,*,#2158,.T.);
#3002=ORIENTED_EDGE('',*,*,#2247,.T.);
#3003=ORIENTED_EDGE('',*,*,#1939,.T.);
#3004=ORIENTED_EDGE('',*,*,#2247,.F.);
#3005=ORIENTED_EDGE('',*,*,#2157,.F.);
#3006=ORIENTED_EDGE('',*,*,#2248,.F.);
#3007=ORIENTED_EDGE('',*,*,#1940,.T.);
#3008=ORIENTED_EDGE('',*,*,#2156,.T.);
#3009=ORIENTED_EDGE('',*,*,#2249,.T.);
#3010=ORIENTED_EDGE('',*,*,#1941,.T.);
#3011=ORIENTED_EDGE('',*,*,#2248,.T.);
#3012=ORIENTED_EDGE('',*,*,#2249,.F.);
#3013=ORIENTED_EDGE('',*,*,#2155,.F.);
#3014=ORIENTED_EDGE('',*,*,#2250,.T.);
#3015=ORIENTED_EDGE('',*,*,#1942,.T.);
#3016=ORIENTED_EDGE('',*,*,#2151,.T.);
#3017=ORIENTED_EDGE('',*,*,#2251,.T.);
#3018=ORIENTED_EDGE('',*,*,#1946,.T.);
#3019=ORIENTED_EDGE('',*,*,#2199,.T.);
#3020=ORIENTED_EDGE('',*,*,#2251,.F.);
#3021=ORIENTED_EDGE('',*,*,#2150,.F.);
#3022=ORIENTED_EDGE('',*,*,#2252,.F.);
#3023=ORIENTED_EDGE('',*,*,#1947,.T.);
#3024=ORIENTED_EDGE('',*,*,#2149,.T.);
#3025=ORIENTED_EDGE('',*,*,#2212,.T.);
#3026=ORIENTED_EDGE('',*,*,#1948,.T.);
#3027=ORIENTED_EDGE('',*,*,#2252,.T.);
#3028=ORIENTED_EDGE('',*,*,#2146,.T.);
#3029=ORIENTED_EDGE('',*,*,#2211,.T.);
#3030=ORIENTED_EDGE('',*,*,#1951,.T.);
#3031=ORIENTED_EDGE('',*,*,#2207,.T.);
#3032=ORIENTED_EDGE('',*,*,#2143,.T.);
#3033=ORIENTED_EDGE('',*,*,#2210,.T.);
#3034=ORIENTED_EDGE('',*,*,#1954,.T.);
#3035=ORIENTED_EDGE('',*,*,#2205,.T.);
#3036=ORIENTED_EDGE('',*,*,#2140,.T.);
#3037=ORIENTED_EDGE('',*,*,#2253,.T.);
#3038=ORIENTED_EDGE('',*,*,#1957,.T.);
#3039=ORIENTED_EDGE('',*,*,#2203,.T.);
#3040=ORIENTED_EDGE('',*,*,#2253,.F.);
#3041=ORIENTED_EDGE('',*,*,#2139,.F.);
#3042=ORIENTED_EDGE('',*,*,#2254,.F.);
#3043=ORIENTED_EDGE('',*,*,#1958,.T.);
#3044=ORIENTED_EDGE('',*,*,#2242,.F.);
#3045=ORIENTED_EDGE('',*,*,#1959,.F.);
#3046=ORIENTED_EDGE('',*,*,#2254,.T.);
#3047=ORIENTED_EDGE('',*,*,#2138,.T.);
#3048=ORIENTED_EDGE('',*,*,#2255,.T.);
#3049=ORIENTED_EDGE('',*,*,#2239,.F.);
#3050=ORIENTED_EDGE('',*,*,#2243,.T.);
#3051=ORIENTED_EDGE('',*,*,#2255,.F.);
#3052=ORIENTED_EDGE('',*,*,#2137,.F.);
#3053=ORIENTED_EDGE('',*,*,#2256,.F.);
#3054=ORIENTED_EDGE('',*,*,#2257,.T.);
#3055=ORIENTED_EDGE('',*,*,#2174,.T.);
#3056=ORIENTED_EDGE('',*,*,#2258,.T.);
#3057=ORIENTED_EDGE('',*,*,#1965,.T.);
#3058=ORIENTED_EDGE('',*,*,#2258,.F.);
#3059=ORIENTED_EDGE('',*,*,#2173,.F.);
#3060=ORIENTED_EDGE('',*,*,#2259,.F.);
#3061=ORIENTED_EDGE('',*,*,#1966,.T.);
#3062=ORIENTED_EDGE('',*,*,#2172,.T.);
#3063=ORIENTED_EDGE('',*,*,#2219,.T.);
#3064=ORIENTED_EDGE('',*,*,#1967,.T.);
#3065=ORIENTED_EDGE('',*,*,#2259,.T.);
#3066=ORIENTED_EDGE('',*,*,#2169,.T.);
#3067=ORIENTED_EDGE('',*,*,#2216,.T.);
#3068=ORIENTED_EDGE('',*,*,#1970,.T.);
#3069=ORIENTED_EDGE('',*,*,#2217,.T.);
#3070=ORIENTED_EDGE('',*,*,#2166,.T.);
#3071=ORIENTED_EDGE('',*,*,#2213,.T.);
#3072=ORIENTED_EDGE('',*,*,#1973,.T.);
#3073=ORIENTED_EDGE('',*,*,#2214,.T.);
#3074=ORIENTED_EDGE('',*,*,#2163,.T.);
#3075=ORIENTED_EDGE('',*,*,#2260,.T.);
#3076=ORIENTED_EDGE('',*,*,#1976,.T.);
#3077=ORIENTED_EDGE('',*,*,#2209,.T.);
#3078=ORIENTED_EDGE('',*,*,#2260,.F.);
#3079=ORIENTED_EDGE('',*,*,#2162,.F.);
#3080=ORIENTED_EDGE('',*,*,#2261,.F.);
#3081=ORIENTED_EDGE('',*,*,#1977,.T.);
#3082=ORIENTED_EDGE('',*,*,#2161,.T.);
#3083=ORIENTED_EDGE('',*,*,#2184,.T.);
#3084=ORIENTED_EDGE('',*,*,#1978,.T.);
#3085=ORIENTED_EDGE('',*,*,#2261,.T.);
#3086=ORIENTED_EDGE('',*,*,#2181,.T.);
#3087=ORIENTED_EDGE('',*,*,#2262,.T.);
#3088=ORIENTED_EDGE('',*,*,#1981,.T.);
#3089=ORIENTED_EDGE('',*,*,#2182,.T.);
#3090=ORIENTED_EDGE('',*,*,#2262,.F.);
#3091=ORIENTED_EDGE('',*,*,#2180,.F.);
#3092=ORIENTED_EDGE('',*,*,#2263,.F.);
#3093=ORIENTED_EDGE('',*,*,#1982,.T.);
#3094=ORIENTED_EDGE('',*,*,#2264,.F.);
#3095=ORIENTED_EDGE('',*,*,#2185,.T.);
#3096=ORIENTED_EDGE('',*,*,#2176,.T.);
#3097=ORIENTED_EDGE('',*,*,#2265,.T.);
#3098=ORIENTED_EDGE('',*,*,#2266,.F.);
#3099=ORIENTED_EDGE('',*,*,#1983,.F.);
#3100=ORIENTED_EDGE('',*,*,#2263,.T.);
#3101=ORIENTED_EDGE('',*,*,#2179,.T.);
#3102=ORIENTED_EDGE('',*,*,#2191,.T.);
#3103=ORIENTED_EDGE('',*,*,#2266,.T.);
#3104=ORIENTED_EDGE('',*,*,#2190,.F.);
#3105=ORIENTED_EDGE('',*,*,#2267,.T.);
#3106=ORIENTED_EDGE('',*,*,#2268,.T.);
#3107=ORIENTED_EDGE('',*,*,#2269,.T.);
#3108=ORIENTED_EDGE('',*,*,#2270,.F.);
#3109=ORIENTED_EDGE('',*,*,#2271,.T.);
#3110=ORIENTED_EDGE('',*,*,#2272,.T.);
#3111=ORIENTED_EDGE('',*,*,#2273,.T.);
#3112=ORIENTED_EDGE('',*,*,#2270,.T.);
#3113=ORIENTED_EDGE('',*,*,#2274,.F.);
#3114=ORIENTED_EDGE('',*,*,#2275,.F.);
#3115=ORIENTED_EDGE('',*,*,#2276,.F.);
#3116=ORIENTED_EDGE('',*,*,#2277,.F.);
#3117=ORIENTED_EDGE('',*,*,#2273,.F.);
#3118=ORIENTED_EDGE('',*,*,#2278,.F.);
#3119=ORIENTED_EDGE('',*,*,#2279,.F.);
#3120=ORIENTED_EDGE('',*,*,#2274,.T.);
#3121=ORIENTED_EDGE('',*,*,#2280,.F.);
#3122=ORIENTED_EDGE('',*,*,#2281,.T.);
#3123=ORIENTED_EDGE('',*,*,#2032,.T.);
#3124=ORIENTED_EDGE('',*,*,#2282,.T.);
#3125=ORIENTED_EDGE('',*,*,#2282,.F.);
#3126=ORIENTED_EDGE('',*,*,#2031,.F.);
#3127=ORIENTED_EDGE('',*,*,#2018,.T.);
#3128=ORIENTED_EDGE('',*,*,#2283,.T.);
#3129=ORIENTED_EDGE('',*,*,#2284,.F.);
#3130=ORIENTED_EDGE('',*,*,#2285,.T.);
#3131=ORIENTED_EDGE('',*,*,#2045,.T.);
#3132=ORIENTED_EDGE('',*,*,#2286,.T.);
#3133=ORIENTED_EDGE('',*,*,#2284,.T.);
#3134=ORIENTED_EDGE('',*,*,#2287,.F.);
#3135=ORIENTED_EDGE('',*,*,#2024,.F.);
#3136=ORIENTED_EDGE('',*,*,#1882,.F.);
#3137=ORIENTED_EDGE('',*,*,#2288,.F.);
#3138=ORIENTED_EDGE('',*,*,#2286,.F.);
#3139=ORIENTED_EDGE('',*,*,#2044,.F.);
#3140=ORIENTED_EDGE('',*,*,#2025,.F.);
#3141=ORIENTED_EDGE('',*,*,#2287,.T.);
#3142=ORIENTED_EDGE('',*,*,#2285,.F.);
#3143=ORIENTED_EDGE('',*,*,#2288,.T.);
#3144=ORIENTED_EDGE('',*,*,#1881,.T.);
#3145=ORIENTED_EDGE('',*,*,#2046,.F.);
#3146=ORIENTED_EDGE('',*,*,#2289,.F.);
#3147=ORIENTED_EDGE('',*,*,#2290,.F.);
#3148=ORIENTED_EDGE('',*,*,#2291,.T.);
#3149=ORIENTED_EDGE('',*,*,#2292,.F.);
#3150=ORIENTED_EDGE('',*,*,#2293,.F.);
#3151=ORIENTED_EDGE('',*,*,#2294,.F.);
#3152=ORIENTED_EDGE('',*,*,#2295,.T.);
#3153=ORIENTED_EDGE('',*,*,#2290,.T.);
#3154=ORIENTED_EDGE('',*,*,#2291,.F.);
#3155=ORIENTED_EDGE('',*,*,#2295,.F.);
#3156=ORIENTED_EDGE('',*,*,#2296,.F.);
#3157=ORIENTED_EDGE('',*,*,#2297,.F.);
#3158=ORIENTED_EDGE('',*,*,#2281,.F.);
#3159=ORIENTED_EDGE('',*,*,#2298,.T.);
#3160=ORIENTED_EDGE('',*,*,#2299,.F.);
#3161=ORIENTED_EDGE('',*,*,#2033,.F.);
#3162=ORIENTED_EDGE('',*,*,#2280,.T.);
#3163=ORIENTED_EDGE('',*,*,#2283,.F.);
#3164=ORIENTED_EDGE('',*,*,#2017,.F.);
#3165=ORIENTED_EDGE('',*,*,#2300,.F.);
#3166=ORIENTED_EDGE('',*,*,#2298,.F.);
#3167=ORIENTED_EDGE('',*,*,#2271,.F.);
#3168=ORIENTED_EDGE('',*,*,#2277,.T.);
#3169=ORIENTED_EDGE('',*,*,#2301,.F.);
#3170=ORIENTED_EDGE('',*,*,#2302,.F.);
#3171=ORIENTED_EDGE('',*,*,#2292,.T.);
#3172=ORIENTED_EDGE('',*,*,#2297,.T.);
#3173=ORIENTED_EDGE('',*,*,#2303,.F.);
#3174=ORIENTED_EDGE('',*,*,#2304,.F.);
#3175=ORIENTED_EDGE('',*,*,#2305,.F.);
#3176=ORIENTED_EDGE('',*,*,#2306,.T.);
#3177=ORIENTED_EDGE('',*,*,#1892,.T.);
#3178=ORIENTED_EDGE('',*,*,#2307,.F.);
#3179=ORIENTED_EDGE('',*,*,#1990,.F.);
#3180=ORIENTED_EDGE('',*,*,#2308,.F.);
#3181=ORIENTED_EDGE('',*,*,#2309,.T.);
#3182=ORIENTED_EDGE('',*,*,#2310,.T.);
#3183=ORIENTED_EDGE('',*,*,#2034,.T.);
#3184=ORIENTED_EDGE('',*,*,#2299,.T.);
#3185=ORIENTED_EDGE('',*,*,#2300,.T.);
#3186=ORIENTED_EDGE('',*,*,#2016,.T.);
#3187=ORIENTED_EDGE('',*,*,#2275,.T.);
#3188=ORIENTED_EDGE('',*,*,#2279,.T.);
#3189=ORIENTED_EDGE('',*,*,#2311,.T.);
#3190=ORIENTED_EDGE('',*,*,#2312,.F.);
#3191=ORIENTED_EDGE('',*,*,#2268,.F.);
#3192=ORIENTED_EDGE('',*,*,#2313,.T.);
#3193=ORIENTED_EDGE('',*,*,#2245,.F.);
#3194=ORIENTED_EDGE('',*,*,#2314,.T.);
#3195=ORIENTED_EDGE('',*,*,#2315,.T.);
#3196=ORIENTED_EDGE('',*,*,#2316,.T.);
#3197=ORIENTED_EDGE('',*,*,#2240,.T.);
#3198=ORIENTED_EDGE('',*,*,#2294,.T.);
#3199=ORIENTED_EDGE('',*,*,#2317,.T.);
#3200=ORIENTED_EDGE('',*,*,#2314,.F.);
#3201=ORIENTED_EDGE('',*,*,#2244,.F.);
#3202=ORIENTED_EDGE('',*,*,#2318,.F.);
#3203=ORIENTED_EDGE('',*,*,#2303,.T.);
#3204=ORIENTED_EDGE('',*,*,#2296,.T.);
#3205=ORIENTED_EDGE('',*,*,#2319,.F.);
#3206=ORIENTED_EDGE('',*,*,#2320,.T.);
#3207=ORIENTED_EDGE('',*,*,#2092,.T.);
#3208=ORIENTED_EDGE('',*,*,#2321,.T.);
#3209=ORIENTED_EDGE('',*,*,#2320,.F.);
#3210=ORIENTED_EDGE('',*,*,#2322,.T.);
#3211=ORIENTED_EDGE('',*,*,#2323,.F.);
#3212=ORIENTED_EDGE('',*,*,#2093,.F.);
#3213=ORIENTED_EDGE('',*,*,#2324,.F.);
#3214=ORIENTED_EDGE('',*,*,#2006,.T.);
#3215=ORIENTED_EDGE('',*,*,#2094,.T.);
#3216=ORIENTED_EDGE('',*,*,#2323,.T.);
#3217=ORIENTED_EDGE('',*,*,#1938,.T.);
#3218=ORIENTED_EDGE('',*,*,#2008,.T.);
#3219=ORIENTED_EDGE('',*,*,#2325,.T.);
#3220=ORIENTED_EDGE('',*,*,#2305,.T.);
#3221=ORIENTED_EDGE('',*,*,#2326,.T.);
#3222=ORIENTED_EDGE('',*,*,#1984,.F.);
#3223=ORIENTED_EDGE('',*,*,#2269,.F.);
#3224=ORIENTED_EDGE('',*,*,#2312,.T.);
#3225=ORIENTED_EDGE('',*,*,#2327,.T.);
#3226=ORIENTED_EDGE('',*,*,#2009,.T.);
#3227=ORIENTED_EDGE('',*,*,#2328,.F.);
#3228=ORIENTED_EDGE('',*,*,#2329,.T.);
#3229=ORIENTED_EDGE('',*,*,#2084,.T.);
#3230=ORIENTED_EDGE('',*,*,#2011,.T.);
#3231=ORIENTED_EDGE('',*,*,#2289,.T.);
#3232=ORIENTED_EDGE('',*,*,#2306,.F.);
#3233=ORIENTED_EDGE('',*,*,#2325,.F.);
#3234=ORIENTED_EDGE('',*,*,#2007,.F.);
#3235=ORIENTED_EDGE('',*,*,#2324,.T.);
#3236=ORIENTED_EDGE('',*,*,#2322,.F.);
#3237=ORIENTED_EDGE('',*,*,#2319,.T.);
#3238=ORIENTED_EDGE('',*,*,#2330,.F.);
#3239=ORIENTED_EDGE('',*,*,#2331,.T.);
#3240=ORIENTED_EDGE('',*,*,#2332,.F.);
#3241=ORIENTED_EDGE('',*,*,#2333,.T.);
#3242=ORIENTED_EDGE('',*,*,#2334,.F.);
#3243=ORIENTED_EDGE('',*,*,#2335,.T.);
#3244=ORIENTED_EDGE('',*,*,#2336,.F.);
#3245=ORIENTED_EDGE('',*,*,#2328,.T.);
#3246=ORIENTED_EDGE('',*,*,#2010,.F.);
#3247=ORIENTED_EDGE('',*,*,#2327,.F.);
#3248=ORIENTED_EDGE('',*,*,#2311,.F.);
#3249=ORIENTED_EDGE('',*,*,#2278,.T.);
#3250=ORIENTED_EDGE('',*,*,#2272,.F.);
#3251=ORIENTED_EDGE('',*,*,#2302,.T.);
#3252=ORIENTED_EDGE('',*,*,#2337,.F.);
#3253=ORIENTED_EDGE('',*,*,#2338,.F.);
#3254=ORIENTED_EDGE('',*,*,#2339,.F.);
#3255=ORIENTED_EDGE('',*,*,#2340,.F.);
#3256=ORIENTED_EDGE('',*,*,#2341,.F.);
#3257=ORIENTED_EDGE('',*,*,#2342,.T.);
#3258=ORIENTED_EDGE('',*,*,#2343,.F.);
#3259=ORIENTED_EDGE('',*,*,#2344,.F.);
#3260=ORIENTED_EDGE('',*,*,#2345,.F.);
#3261=ORIENTED_EDGE('',*,*,#2315,.F.);
#3262=ORIENTED_EDGE('',*,*,#2317,.F.);
#3263=ORIENTED_EDGE('',*,*,#2293,.T.);
#3264=ORIENTED_EDGE('',*,*,#1909,.T.);
#3265=ORIENTED_EDGE('',*,*,#1915,.T.);
#3266=ORIENTED_EDGE('',*,*,#2335,.F.);
#3267=ORIENTED_EDGE('',*,*,#2346,.T.);
#3268=ORIENTED_EDGE('',*,*,#2086,.T.);
#3269=ORIENTED_EDGE('',*,*,#2347,.T.);
#3270=ORIENTED_EDGE('',*,*,#2346,.F.);
#3271=ORIENTED_EDGE('',*,*,#2334,.T.);
#3272=ORIENTED_EDGE('',*,*,#2348,.F.);
#3273=ORIENTED_EDGE('',*,*,#2087,.F.);
#3274=ORIENTED_EDGE('',*,*,#2349,.F.);
#3275=ORIENTED_EDGE('',*,*,#2350,.F.);
#3276=ORIENTED_EDGE('',*,*,#2351,.T.);
#3277=ORIENTED_EDGE('',*,*,#2338,.T.);
#3278=ORIENTED_EDGE('',*,*,#2352,.T.);
#3279=ORIENTED_EDGE('',*,*,#2351,.F.);
#3280=ORIENTED_EDGE('',*,*,#2353,.F.);
#3281=ORIENTED_EDGE('',*,*,#1964,.F.);
#3282=ORIENTED_EDGE('',*,*,#2354,.F.);
#3283=ORIENTED_EDGE('',*,*,#2339,.T.);
#3284=ORIENTED_EDGE('',*,*,#2333,.F.);
#3285=ORIENTED_EDGE('',*,*,#2355,.T.);
#3286=ORIENTED_EDGE('',*,*,#2088,.T.);
#3287=ORIENTED_EDGE('',*,*,#2348,.T.);
#3288=ORIENTED_EDGE('',*,*,#2355,.F.);
#3289=ORIENTED_EDGE('',*,*,#2332,.T.);
#3290=ORIENTED_EDGE('',*,*,#2356,.F.);
#3291=ORIENTED_EDGE('',*,*,#2089,.F.);
#3292=ORIENTED_EDGE('',*,*,#2331,.F.);
#3293=ORIENTED_EDGE('',*,*,#2357,.T.);
#3294=ORIENTED_EDGE('',*,*,#2090,.T.);
#3295=ORIENTED_EDGE('',*,*,#2356,.T.);
#3296=ORIENTED_EDGE('',*,*,#2321,.F.);
#3297=ORIENTED_EDGE('',*,*,#2091,.F.);
#3298=ORIENTED_EDGE('',*,*,#2357,.F.);
#3299=ORIENTED_EDGE('',*,*,#2330,.T.);
#3300=ORIENTED_EDGE('',*,*,#1961,.F.);
#3301=ORIENTED_EDGE('',*,*,#2358,.T.);
#3302=ORIENTED_EDGE('',*,*,#2344,.T.);
#3303=ORIENTED_EDGE('',*,*,#2359,.T.);
#3304=ORIENTED_EDGE('',*,*,#2316,.F.);
#3305=ORIENTED_EDGE('',*,*,#2345,.T.);
#3306=ORIENTED_EDGE('',*,*,#2358,.F.);
#3307=ORIENTED_EDGE('',*,*,#1960,.F.);
#3308=ORIENTED_EDGE('',*,*,#2241,.F.);
#3309=ORIENTED_EDGE('',*,*,#1963,.T.);
#3310=ORIENTED_EDGE('',*,*,#2360,.T.);
#3311=ORIENTED_EDGE('',*,*,#2340,.T.);
#3312=ORIENTED_EDGE('',*,*,#2354,.T.);
#3313=ORIENTED_EDGE('',*,*,#2359,.F.);
#3314=ORIENTED_EDGE('',*,*,#2343,.T.);
#3315=ORIENTED_EDGE('',*,*,#2361,.T.);
#3316=ORIENTED_EDGE('',*,*,#2362,.T.);
#3317=ORIENTED_EDGE('',*,*,#2363,.T.);
#3318=ORIENTED_EDGE('',*,*,#2341,.T.);
#3319=ORIENTED_EDGE('',*,*,#2360,.F.);
#3320=ORIENTED_EDGE('',*,*,#1962,.F.);
#3321=ORIENTED_EDGE('',*,*,#1989,.F.);
#3322=ORIENTED_EDGE('',*,*,#2001,.T.);
#3323=ORIENTED_EDGE('',*,*,#2364,.T.);
#3324=ORIENTED_EDGE('',*,*,#2308,.T.);
#3325=ORIENTED_EDGE('',*,*,#2036,.F.);
#3326=ORIENTED_EDGE('',*,*,#2014,.T.);
#3327=ORIENTED_EDGE('',*,*,#2365,.T.);
#3328=ORIENTED_EDGE('',*,*,#2366,.T.);
#3329=ORIENTED_EDGE('',*,*,#2042,.F.);
#3330=ORIENTED_EDGE('',*,*,#2367,.T.);
#3331=ORIENTED_EDGE('',*,*,#2368,.T.);
#3332=ORIENTED_EDGE('',*,*,#2003,.T.);
#3333=ORIENTED_EDGE('',*,*,#1993,.F.);
#3334=ORIENTED_EDGE('',*,*,#2029,.T.);
#3335=ORIENTED_EDGE('',*,*,#2369,.T.);
#3336=ORIENTED_EDGE('',*,*,#1929,.T.);
#3337=ORIENTED_EDGE('',*,*,#2058,.F.);
#3338=ORIENTED_EDGE('',*,*,#2095,.F.);
#3339=ORIENTED_EDGE('',*,*,#2004,.F.);
#3340=ORIENTED_EDGE('',*,*,#2368,.F.);
#3341=ORIENTED_EDGE('',*,*,#2370,.F.);
#3342=ORIENTED_EDGE('',*,*,#2365,.F.);
#3343=ORIENTED_EDGE('',*,*,#2013,.F.);
#3344=ORIENTED_EDGE('',*,*,#2083,.F.);
#3345=ORIENTED_EDGE('',*,*,#2080,.F.);
#3346=ORIENTED_EDGE('',*,*,#2050,.F.);
#3347=ORIENTED_EDGE('',*,*,#2132,.F.);
#3348=ORIENTED_EDGE('',*,*,#2366,.F.);
#3349=ORIENTED_EDGE('',*,*,#2370,.T.);
#3350=ORIENTED_EDGE('',*,*,#2367,.F.);
#3351=ORIENTED_EDGE('',*,*,#2041,.T.);
#3352=ORIENTED_EDGE('',*,*,#2223,.F.);
#3353=ORIENTED_EDGE('',*,*,#2220,.F.);
#3354=ORIENTED_EDGE('',*,*,#2237,.T.);
#3355=ORIENTED_EDGE('',*,*,#2235,.F.);
#3356=ORIENTED_EDGE('',*,*,#2230,.F.);
#3357=ORIENTED_EDGE('',*,*,#2037,.T.);
#3358=ORIENTED_EDGE('',*,*,#2070,.F.);
#3359=ORIENTED_EDGE('',*,*,#2371,.T.);
#3360=ORIENTED_EDGE('',*,*,#2126,.F.);
#3361=ORIENTED_EDGE('',*,*,#2109,.F.);
#3362=ORIENTED_EDGE('',*,*,#2073,.F.);
#3363=ORIENTED_EDGE('',*,*,#2063,.F.);
#3364=ORIENTED_EDGE('',*,*,#2372,.T.);
#3365=ORIENTED_EDGE('',*,*,#2123,.F.);
#3366=ORIENTED_EDGE('',*,*,#2371,.F.);
#3367=ORIENTED_EDGE('',*,*,#2069,.F.);
#3368=ORIENTED_EDGE('',*,*,#2066,.F.);
#3369=ORIENTED_EDGE('',*,*,#2055,.F.);
#3370=ORIENTED_EDGE('',*,*,#2373,.T.);
#3371=ORIENTED_EDGE('',*,*,#2120,.F.);
#3372=ORIENTED_EDGE('',*,*,#2372,.F.);
#3373=ORIENTED_EDGE('',*,*,#2062,.F.);
#3374=ORIENTED_EDGE('',*,*,#2060,.F.);
#3375=ORIENTED_EDGE('',*,*,#2133,.T.);
#3376=ORIENTED_EDGE('',*,*,#2117,.F.);
#3377=ORIENTED_EDGE('',*,*,#2373,.F.);
#3378=ORIENTED_EDGE('',*,*,#2054,.F.);
#3379=ORIENTED_EDGE('',*,*,#2246,.T.);
#3380=ORIENTED_EDGE('',*,*,#2326,.F.);
#3381=ORIENTED_EDGE('',*,*,#2304,.T.);
#3382=ORIENTED_EDGE('',*,*,#2318,.T.);
#3383=ORIENTED_EDGE('',*,*,#2193,.F.);
#3384=ORIENTED_EDGE('',*,*,#2154,.F.);
#3385=ORIENTED_EDGE('',*,*,#2201,.T.);
#3386=ORIENTED_EDGE('',*,*,#1943,.T.);
#3387=ORIENTED_EDGE('',*,*,#2250,.F.);
#3388=ORIENTED_EDGE('',*,*,#2256,.T.);
#3389=ORIENTED_EDGE('',*,*,#2353,.T.);
#3390=ORIENTED_EDGE('',*,*,#2350,.T.);
#3391=ORIENTED_EDGE('',*,*,#2186,.F.);
#3392=ORIENTED_EDGE('',*,*,#2264,.T.);
#3393=ORIENTED_EDGE('',*,*,#2374,.F.);
#3394=ORIENTED_EDGE('',*,*,#2257,.F.);
#3395=ORIENTED_EDGE('',*,*,#2374,.T.);
#3396=ORIENTED_EDGE('',*,*,#2265,.F.);
#3397=ORIENTED_EDGE('',*,*,#2175,.F.);
#3398=ORIENTED_EDGE('',*,*,#2187,.F.);
#3399=ORIENTED_EDGE('',*,*,#2349,.T.);
#3400=ORIENTED_EDGE('',*,*,#2375,.T.);
#3401=ORIENTED_EDGE('',*,*,#2189,.F.);
#3402=ORIENTED_EDGE('',*,*,#2228,.F.);
#3403=ORIENTED_EDGE('',*,*,#2099,.F.);
#3404=ORIENTED_EDGE('',*,*,#2233,.F.);
#3405=ORIENTED_EDGE('',*,*,#2234,.T.);
#3406=ORIENTED_EDGE('',*,*,#2276,.T.);
#3407=ORIENTED_EDGE('',*,*,#2313,.F.);
#3408=ORIENTED_EDGE('',*,*,#2267,.F.);
#3409=ORIENTED_EDGE('',*,*,#2375,.F.);
#3410=ORIENTED_EDGE('',*,*,#2352,.F.);
#3411=ORIENTED_EDGE('',*,*,#2337,.T.);
#3412=ORIENTED_EDGE('',*,*,#2301,.T.);
#3413=ORIENTED_EDGE('',*,*,#2047,.T.);
#3414=ORIENTED_EDGE('',*,*,#2021,.F.);
#3415=ORIENTED_EDGE('',*,*,#2030,.F.);
#3416=ORIENTED_EDGE('',*,*,#1991,.F.);
#3417=ORIENTED_EDGE('',*,*,#2307,.T.);
#3418=ORIENTED_EDGE('',*,*,#1899,.T.);
#3419=ORIENTED_EDGE('',*,*,#2376,.F.);
#3420=ORIENTED_EDGE('',*,*,#2362,.F.);
#3421=ORIENTED_EDGE('',*,*,#2342,.F.);
#3422=ORIENTED_EDGE('',*,*,#2363,.F.);
#3423=ORIENTED_EDGE('',*,*,#2376,.T.);
#3424=ORIENTED_EDGE('',*,*,#2361,.F.);
#3425=ORIENTED_EDGE('',*,*,#2364,.F.);
#3426=ORIENTED_EDGE('',*,*,#2000,.F.);
#3427=ORIENTED_EDGE('',*,*,#2377,.F.);
#3428=ORIENTED_EDGE('',*,*,#2309,.F.);
#3429=ORIENTED_EDGE('',*,*,#2035,.F.);
#3430=ORIENTED_EDGE('',*,*,#2310,.F.);
#3431=ORIENTED_EDGE('',*,*,#2377,.T.);
#3432=ORIENTED_EDGE('',*,*,#1999,.F.);
#3433=ORIENTED_EDGE('',*,*,#2369,.F.);
#3434=ORIENTED_EDGE('',*,*,#2028,.F.);
#3435=ORIENTED_EDGE('',*,*,#2378,.F.);
#3436=ORIENTED_EDGE('',*,*,#1930,.F.);
#3437=ORIENTED_EDGE('',*,*,#2043,.F.);
#3438=ORIENTED_EDGE('',*,*,#1931,.F.);
#3439=ORIENTED_EDGE('',*,*,#2378,.T.);
#3440=ORIENTED_EDGE('',*,*,#2027,.F.);
#3441=ORIENTED_EDGE('',*,*,#2329,.F.);
#3442=ORIENTED_EDGE('',*,*,#2336,.T.);
#3443=ORIENTED_EDGE('',*,*,#2347,.F.);
#3444=ORIENTED_EDGE('',*,*,#2085,.F.);
#3445=CYLINDRICAL_SURFACE('',#3703,1.03775);
#3446=CYLINDRICAL_SURFACE('',#3707,1.03775);
#3447=CYLINDRICAL_SURFACE('',#3711,1.03775);
#3448=CYLINDRICAL_SURFACE('',#3715,1.03775);
#3449=CYLINDRICAL_SURFACE('',#3719,1.03775);
#3450=CYLINDRICAL_SURFACE('',#3723,1.03775);
#3451=CYLINDRICAL_SURFACE('',#3732,1.);
#3452=CYLINDRICAL_SURFACE('',#3736,1.);
#3453=CYLINDRICAL_SURFACE('',#3742,1.);
#3454=CYLINDRICAL_SURFACE('',#3745,1.);
#3455=CYLINDRICAL_SURFACE('',#3749,0.8115);
#3456=CYLINDRICAL_SURFACE('',#3753,0.8115);
#3457=CYLINDRICAL_SURFACE('',#3757,0.8115);
#3458=CYLINDRICAL_SURFACE('',#3761,0.8115);
#3459=CYLINDRICAL_SURFACE('',#3765,3.);
#3460=CYLINDRICAL_SURFACE('',#3769,3.);
#3461=CYLINDRICAL_SURFACE('',#3773,3.);
#3462=CYLINDRICAL_SURFACE('',#3801,3.00000000000001);
#3463=CYLINDRICAL_SURFACE('',#3888,1.);
#3464=CYLINDRICAL_SURFACE('',#3891,1.);
#3465=CYLINDRICAL_SURFACE('',#3894,1.);
#3466=CYLINDRICAL_SURFACE('',#3897,1.);
#3467=CYLINDRICAL_SURFACE('',#3900,1.);
#3468=CYLINDRICAL_SURFACE('',#3907,1.);
#3469=CYLINDRICAL_SURFACE('',#3910,1.);
#3470=CYLINDRICAL_SURFACE('',#3912,1.);
#3471=CYLINDRICAL_SURFACE('',#3914,1.);
#3472=CYLINDRICAL_SURFACE('',#3915,1.);
#3473=CYLINDRICAL_SURFACE('',#3916,1.);
#3474=CYLINDRICAL_SURFACE('',#3917,1.);
#3475=CYLINDRICAL_SURFACE('',#3919,1.);
#3476=CYLINDRICAL_SURFACE('',#3921,1.);
#3477=CYLINDRICAL_SURFACE('',#3924,1.);
#3478=CYLINDRICAL_SURFACE('',#3925,1.);
#3479=CYLINDRICAL_SURFACE('',#3926,1.);
#3480=CYLINDRICAL_SURFACE('',#3927,1.);
#3481=CYLINDRICAL_SURFACE('',#3929,1.);
#3482=CYLINDRICAL_SURFACE('',#3930,1.);
#3483=CYLINDRICAL_SURFACE('',#3932,1.);
#3484=CYLINDRICAL_SURFACE('',#3934,1.);
#3485=CYLINDRICAL_SURFACE('',#3938,1.);
#3486=CYLINDRICAL_SURFACE('',#3943,1.);
#3487=CYLINDRICAL_SURFACE('',#3946,1.);
#3488=CYLINDRICAL_SURFACE('',#3960,3.);
#3489=CYLINDRICAL_SURFACE('',#3963,3.);
#3490=CYLINDRICAL_SURFACE('',#3966,3.);
#3491=CYLINDRICAL_SURFACE('',#3968,3.);
#3492=CYLINDRICAL_SURFACE('',#3971,3.);
#3493=CYLINDRICAL_SURFACE('',#3973,3.);
#3494=CYLINDRICAL_SURFACE('',#3983,3.);
#3495=CYLINDRICAL_SURFACE('',#3985,3.);
#3496=CYLINDRICAL_SURFACE('',#3989,3.);
#3497=CYLINDRICAL_SURFACE('',#3991,3.);
#3498=CYLINDRICAL_SURFACE('',#3993,3.);
#3499=CYLINDRICAL_SURFACE('',#3995,3.);
#3500=CYLINDRICAL_SURFACE('',#3997,3.);
#3501=CYLINDRICAL_SURFACE('',#3999,3.);
#3502=CYLINDRICAL_SURFACE('',#4001,3.);
#3503=CYLINDRICAL_SURFACE('',#4003,3.);
#3504=CYLINDRICAL_SURFACE('',#4021,2.19285714285714);
#3505=CYLINDRICAL_SURFACE('',#4024,2.24513949672931);
#3506=CYLINDRICAL_SURFACE('',#4027,2.24468012174003);
#3507=ADVANCED_FACE('',(#169),#3445,.F.);
#3508=ADVANCED_FACE('',(#170),#37,.F.);
#3509=ADVANCED_FACE('',(#171),#3446,.F.);
#3510=ADVANCED_FACE('',(#172),#38,.F.);
#3511=ADVANCED_FACE('',(#173),#3447,.F.);
#3512=ADVANCED_FACE('',(#174),#39,.F.);
#3513=ADVANCED_FACE('',(#175),#3448,.F.);
#3514=ADVANCED_FACE('',(#176),#40,.F.);
#3515=ADVANCED_FACE('',(#177),#3449,.F.);
#3516=ADVANCED_FACE('',(#178),#41,.F.);
#3517=ADVANCED_FACE('',(#179),#3450,.F.);
#3518=ADVANCED_FACE('',(#180),#42,.F.);
#3519=ADVANCED_FACE('',(#181),#43,.T.);
#3520=ADVANCED_FACE('',(#182),#44,.T.);
#3521=ADVANCED_FACE('',(#183),#45,.T.);
#3522=ADVANCED_FACE('',(#184),#46,.T.);
#3523=ADVANCED_FACE('',(#185,#23,#24),#47,.T.);
#3524=ADVANCED_FACE('',(#186),#3451,.F.);
#3525=ADVANCED_FACE('',(#187),#48,.F.);
#3526=ADVANCED_FACE('',(#188),#3452,.F.);
#3527=ADVANCED_FACE('',(#189,#25,#26),#49,.F.);
#3528=ADVANCED_FACE('',(#190),#50,.F.);
#3529=ADVANCED_FACE('',(#191),#3453,.F.);
#3530=ADVANCED_FACE('',(#192),#51,.F.);
#3531=ADVANCED_FACE('',(#193),#3454,.F.);
#3532=ADVANCED_FACE('',(#194),#52,.F.);
#3533=ADVANCED_FACE('',(#195),#3455,.F.);
#3534=ADVANCED_FACE('',(#196),#53,.F.);
#3535=ADVANCED_FACE('',(#197),#3456,.F.);
#3536=ADVANCED_FACE('',(#198),#54,.F.);
#3537=ADVANCED_FACE('',(#199),#3457,.F.);
#3538=ADVANCED_FACE('',(#200),#55,.F.);
#3539=ADVANCED_FACE('',(#201),#3458,.F.);
#3540=ADVANCED_FACE('',(#202),#56,.F.);
#3541=ADVANCED_FACE('',(#203),#3459,.F.);
#3542=ADVANCED_FACE('',(#204),#57,.T.);
#3543=ADVANCED_FACE('',(#205),#3460,.F.);
#3544=ADVANCED_FACE('',(#206),#58,.F.);
#3545=ADVANCED_FACE('',(#207),#3461,.F.);
#3546=ADVANCED_FACE('',(#208,#27),#59,.F.);
#3547=ADVANCED_FACE('',(#209),#60,.T.);
#3548=ADVANCED_FACE('',(#210),#3462,.F.);
#3549=ADVANCED_FACE('',(#211),#61,.F.);
#3550=ADVANCED_FACE('',(#212),#62,.F.);
#3551=ADVANCED_FACE('',(#213),#63,.F.);
#3552=ADVANCED_FACE('',(#214),#64,.F.);
#3553=ADVANCED_FACE('',(#215),#65,.F.);
#3554=ADVANCED_FACE('',(#216,#28,#29),#66,.F.);
#3555=ADVANCED_FACE('',(#217),#67,.F.);
#3556=ADVANCED_FACE('',(#218,#30,#31),#68,.F.);
#3557=ADVANCED_FACE('',(#219),#69,.T.);
#3558=ADVANCED_FACE('',(#220),#70,.T.);
#3559=ADVANCED_FACE('',(#221),#71,.T.);
#3560=ADVANCED_FACE('',(#222),#72,.T.);
#3561=ADVANCED_FACE('',(#223),#73,.T.);
#3562=ADVANCED_FACE('',(#224),#74,.T.);
#3563=ADVANCED_FACE('',(#225),#75,.T.);
#3564=ADVANCED_FACE('',(#226),#76,.T.);
#3565=ADVANCED_FACE('',(#227),#77,.T.);
#3566=ADVANCED_FACE('',(#228),#78,.T.);
#3567=ADVANCED_FACE('',(#229,#32),#79,.T.);
#3568=ADVANCED_FACE('',(#230),#80,.T.);
#3569=ADVANCED_FACE('',(#231),#81,.T.);
#3570=ADVANCED_FACE('',(#232),#82,.T.);
#3571=ADVANCED_FACE('',(#233),#83,.T.);
#3572=ADVANCED_FACE('',(#234),#84,.T.);
#3573=ADVANCED_FACE('',(#235),#85,.T.);
#3574=ADVANCED_FACE('',(#236),#86,.T.);
#3575=ADVANCED_FACE('',(#237),#87,.T.);
#3576=ADVANCED_FACE('',(#238),#88,.T.);
#3577=ADVANCED_FACE('',(#239),#89,.T.);
#3578=ADVANCED_FACE('',(#240),#90,.T.);
#3579=ADVANCED_FACE('',(#241,#33,#34),#91,.T.);
#3580=ADVANCED_FACE('',(#242),#92,.F.);
#3581=ADVANCED_FACE('',(#243),#93,.F.);
#3582=ADVANCED_FACE('',(#244),#94,.F.);
#3583=ADVANCED_FACE('',(#245),#95,.F.);
#3584=ADVANCED_FACE('',(#246),#96,.F.);
#3585=ADVANCED_FACE('',(#247),#97,.F.);
#3586=ADVANCED_FACE('',(#248),#98,.F.);
#3587=ADVANCED_FACE('',(#249),#99,.F.);
#3588=ADVANCED_FACE('',(#250),#100,.F.);
#3589=ADVANCED_FACE('',(#251),#101,.F.);
#3590=ADVANCED_FACE('',(#252),#102,.F.);
#3591=ADVANCED_FACE('',(#253),#103,.F.);
#3592=ADVANCED_FACE('',(#254),#104,.F.);
#3593=ADVANCED_FACE('',(#255),#105,.F.);
#3594=ADVANCED_FACE('',(#256),#106,.F.);
#3595=ADVANCED_FACE('',(#257),#107,.F.);
#3596=ADVANCED_FACE('',(#258),#108,.F.);
#3597=ADVANCED_FACE('',(#259),#109,.F.);
#3598=ADVANCED_FACE('',(#260),#110,.F.);
#3599=ADVANCED_FACE('',(#261),#111,.F.);
#3600=ADVANCED_FACE('',(#262),#3463,.F.);
#3601=ADVANCED_FACE('',(#263),#112,.F.);
#3602=ADVANCED_FACE('',(#264),#3464,.F.);
#3603=ADVANCED_FACE('',(#265),#113,.F.);
#3604=ADVANCED_FACE('',(#266),#3465,.F.);
#3605=ADVANCED_FACE('',(#267),#114,.T.);
#3606=ADVANCED_FACE('',(#268),#3466,.F.);
#3607=ADVANCED_FACE('',(#269),#115,.F.);
#3608=ADVANCED_FACE('',(#270),#3467,.F.);
#3609=ADVANCED_FACE('',(#271),#116,.F.);
#3610=ADVANCED_FACE('',(#272),#117,.F.);
#3611=ADVANCED_FACE('',(#273),#3468,.F.);
#3612=ADVANCED_FACE('',(#274),#118,.F.);
#3613=ADVANCED_FACE('',(#275),#3469,.F.);
#3614=ADVANCED_FACE('',(#276),#119,.F.);
#3615=ADVANCED_FACE('',(#277),#3470,.F.);
#3616=ADVANCED_FACE('',(#278),#120,.F.);
#3617=ADVANCED_FACE('',(#279),#3471,.F.);
#3618=ADVANCED_FACE('',(#280),#3472,.F.);
#3619=ADVANCED_FACE('',(#281),#3473,.F.);
#3620=ADVANCED_FACE('',(#282),#3474,.F.);
#3621=ADVANCED_FACE('',(#283),#121,.F.);
#3622=ADVANCED_FACE('',(#284),#3475,.F.);
#3623=ADVANCED_FACE('',(#285),#122,.F.);
#3624=ADVANCED_FACE('',(#286),#3476,.F.);
#3625=ADVANCED_FACE('',(#287),#123,.F.);
#3626=ADVANCED_FACE('',(#288),#3477,.F.);
#3627=ADVANCED_FACE('',(#289),#3478,.F.);
#3628=ADVANCED_FACE('',(#290),#3479,.F.);
#3629=ADVANCED_FACE('',(#291),#3480,.F.);
#3630=ADVANCED_FACE('',(#292),#124,.F.);
#3631=ADVANCED_FACE('',(#293),#3481,.F.);
#3632=ADVANCED_FACE('',(#294),#3482,.F.);
#3633=ADVANCED_FACE('',(#295),#125,.F.);
#3634=ADVANCED_FACE('',(#296),#3483,.F.);
#3635=ADVANCED_FACE('',(#297),#3484,.F.);
#3636=ADVANCED_FACE('',(#298),#126,.F.);
#3637=ADVANCED_FACE('',(#299),#3485,.F.);
#3638=ADVANCED_FACE('',(#300),#127,.F.);
#3639=ADVANCED_FACE('',(#301),#128,.F.);
#3640=ADVANCED_FACE('',(#302),#3486,.F.);
#3641=ADVANCED_FACE('',(#303),#129,.F.);
#3642=ADVANCED_FACE('',(#304),#3487,.F.);
#3643=ADVANCED_FACE('',(#305),#130,.F.);
#3644=ADVANCED_FACE('',(#306),#131,.F.);
#3645=ADVANCED_FACE('',(#307),#132,.F.);
#3646=ADVANCED_FACE('',(#308),#133,.F.);
#3647=ADVANCED_FACE('',(#309),#134,.F.);
#3648=ADVANCED_FACE('',(#310),#135,.F.);
#3649=ADVANCED_FACE('',(#311),#136,.F.);
#3650=ADVANCED_FACE('',(#312),#137,.F.);
#3651=ADVANCED_FACE('',(#313),#138,.F.);
#3652=ADVANCED_FACE('',(#314),#139,.F.);
#3653=ADVANCED_FACE('',(#315),#140,.F.);
#3654=ADVANCED_FACE('',(#316),#141,.F.);
#3655=ADVANCED_FACE('',(#317),#3488,.F.);
#3656=ADVANCED_FACE('',(#318),#142,.F.);
#3657=ADVANCED_FACE('',(#319),#3489,.F.);
#3658=ADVANCED_FACE('',(#320),#143,.F.);
#3659=ADVANCED_FACE('',(#321),#3490,.F.);
#3660=ADVANCED_FACE('',(#322),#3491,.F.);
#3661=ADVANCED_FACE('',(#323),#3492,.F.);
#3662=ADVANCED_FACE('',(#324),#3493,.F.);
#3663=ADVANCED_FACE('',(#325,#35,#36),#144,.F.);
#3664=ADVANCED_FACE('',(#326),#3494,.F.);
#3665=ADVANCED_FACE('',(#327),#145,.F.);
#3666=ADVANCED_FACE('',(#328),#3495,.F.);
#3667=ADVANCED_FACE('',(#329),#146,.F.);
#3668=ADVANCED_FACE('',(#330),#3496,.F.);
#3669=ADVANCED_FACE('',(#331),#147,.F.);
#3670=ADVANCED_FACE('',(#332),#3497,.F.);
#3671=ADVANCED_FACE('',(#333),#148,.F.);
#3672=ADVANCED_FACE('',(#334),#3498,.F.);
#3673=ADVANCED_FACE('',(#335),#149,.F.);
#3674=ADVANCED_FACE('',(#336),#3499,.F.);
#3675=ADVANCED_FACE('',(#337),#150,.F.);
#3676=ADVANCED_FACE('',(#338),#3500,.F.);
#3677=ADVANCED_FACE('',(#339),#3501,.F.);
#3678=ADVANCED_FACE('',(#340),#3502,.F.);
#3679=ADVANCED_FACE('',(#341),#3503,.F.);
#3680=ADVANCED_FACE('',(#342),#151,.F.);
#3681=ADVANCED_FACE('',(#343),#152,.F.);
#3682=ADVANCED_FACE('',(#344),#153,.T.);
#3683=ADVANCED_FACE('',(#345),#154,.T.);
#3684=ADVANCED_FACE('',(#346),#155,.T.);
#3685=ADVANCED_FACE('',(#347),#156,.T.);
#3686=ADVANCED_FACE('',(#348),#157,.F.);
#3687=ADVANCED_FACE('',(#349),#158,.F.);
#3688=ADVANCED_FACE('',(#350),#159,.F.);
#3689=ADVANCED_FACE('',(#351),#160,.F.);
#3690=ADVANCED_FACE('',(#352),#161,.F.);
#3691=ADVANCED_FACE('',(#353),#162,.F.);
#3692=ADVANCED_FACE('',(#354),#163,.F.);
#3693=ADVANCED_FACE('',(#355),#164,.F.);
#3694=ADVANCED_FACE('',(#356),#165,.T.);
#3695=ADVANCED_FACE('',(#357),#3504,.F.);
#3696=ADVANCED_FACE('',(#358),#166,.T.);
#3697=ADVANCED_FACE('',(#359),#3505,.F.);
#3698=ADVANCED_FACE('',(#360),#167,.T.);
#3699=ADVANCED_FACE('',(#361),#3506,.F.);
#3700=ADVANCED_FACE('',(#362),#168,.F.);
#3701=CLOSED_SHELL('',(#3507,#3508,#3509,#3510,#3511,#3512,#3513,#3514,
#3515,#3516,#3517,#3518,#3519,#3520,#3521,#3522,#3523,#3524,#3525,#3526,
#3527,#3528,#3529,#3530,#3531,#3532,#3533,#3534,#3535,#3536,#3537,#3538,
#3539,#3540,#3541,#3542,#3543,#3544,#3545,#3546,#3547,#3548,#3549,#3550,
#3551,#3552,#3553,#3554,#3555,#3556,#3557,#3558,#3559,#3560,#3561,#3562,
#3563,#3564,#3565,#3566,#3567,#3568,#3569,#3570,#3571,#3572,#3573,#3574,
#3575,#3576,#3577,#3578,#3579,#3580,#3581,#3582,#3583,#3584,#3585,#3586,
#3587,#3588,#3589,#3590,#3591,#3592,#3593,#3594,#3595,#3596,#3597,#3598,
#3599,#3600,#3601,#3602,#3603,#3604,#3605,#3606,#3607,#3608,#3609,#3610,
#3611,#3612,#3613,#3614,#3615,#3616,#3617,#3618,#3619,#3620,#3621,#3622,
#3623,#3624,#3625,#3626,#3627,#3628,#3629,#3630,#3631,#3632,#3633,#3634,
#3635,#3636,#3637,#3638,#3639,#3640,#3641,#3642,#3643,#3644,#3645,#3646,
#3647,#3648,#3649,#3650,#3651,#3652,#3653,#3654,#3655,#3656,#3657,#3658,
#3659,#3660,#3661,#3662,#3663,#3664,#3665,#3666,#3667,#3668,#3669,#3670,
#3671,#3672,#3673,#3674,#3675,#3676,#3677,#3678,#3679,#3680,#3681,#3682,
#3683,#3684,#3685,#3686,#3687,#3688,#3689,#3690,#3691,#3692,#3693,#3694,
#3695,#3696,#3697,#3698,#3699,#3700));
#3702=AXIS2_PLACEMENT_3D('',#5084,#4029,#4030);
#3703=AXIS2_PLACEMENT_3D('',#5085,#4031,#4032);
#3704=AXIS2_PLACEMENT_3D('',#5087,#4033,#4034);
#3705=AXIS2_PLACEMENT_3D('',#5090,#4036,#4037);
#3706=AXIS2_PLACEMENT_3D('',#5091,#4038,#4039);
#3707=AXIS2_PLACEMENT_3D('',#5092,#4040,#4041);
#3708=AXIS2_PLACEMENT_3D('',#5094,#4042,#4043);
#3709=AXIS2_PLACEMENT_3D('',#5097,#4045,#4046);
#3710=AXIS2_PLACEMENT_3D('',#5098,#4047,#4048);
#3711=AXIS2_PLACEMENT_3D('',#5099,#4049,#4050);
#3712=AXIS2_PLACEMENT_3D('',#5101,#4051,#4052);
#3713=AXIS2_PLACEMENT_3D('',#5104,#4054,#4055);
#3714=AXIS2_PLACEMENT_3D('',#5105,#4056,#4057);
#3715=AXIS2_PLACEMENT_3D('',#5106,#4058,#4059);
#3716=AXIS2_PLACEMENT_3D('',#5108,#4060,#4061);
#3717=AXIS2_PLACEMENT_3D('',#5111,#4063,#4064);
#3718=AXIS2_PLACEMENT_3D('',#5112,#4065,#4066);
#3719=AXIS2_PLACEMENT_3D('',#5113,#4067,#4068);
#3720=AXIS2_PLACEMENT_3D('',#5115,#4069,#4070);
#3721=AXIS2_PLACEMENT_3D('',#5118,#4072,#4073);
#3722=AXIS2_PLACEMENT_3D('',#5119,#4074,#4075);
#3723=AXIS2_PLACEMENT_3D('',#5120,#4076,#4077);
#3724=AXIS2_PLACEMENT_3D('',#5122,#4078,#4079);
#3725=AXIS2_PLACEMENT_3D('',#5125,#4081,#4082);
#3726=AXIS2_PLACEMENT_3D('',#5126,#4083,#4084);
#3727=AXIS2_PLACEMENT_3D('',#5127,#4085,#4086);
#3728=AXIS2_PLACEMENT_3D('',#5136,#4091,#4092);
#3729=AXIS2_PLACEMENT_3D('',#5142,#4096,#4097);
#3730=AXIS2_PLACEMENT_3D('',#5148,#4101,#4102);
#3731=AXIS2_PLACEMENT_3D('',#5151,#4105,#4106);
#3732=AXIS2_PLACEMENT_3D('',#5152,#4107,#4108);
#3733=AXIS2_PLACEMENT_3D('',#5155,#4109,#4110);
#3734=AXIS2_PLACEMENT_3D('',#5159,#4112,#4113);
#3735=AXIS2_PLACEMENT_3D('',#5161,#4115,#4116);
#3736=AXIS2_PLACEMENT_3D('',#5171,#4122,#4123);
#3737=AXIS2_PLACEMENT_3D('',#5174,#4124,#4125);
#3738=AXIS2_PLACEMENT_3D('',#5178,#4127,#4128);
#3739=AXIS2_PLACEMENT_3D('',#5180,#4130,#4131);
#3740=AXIS2_PLACEMENT_3D('',#5184,#4133,#4134);
#3741=AXIS2_PLACEMENT_3D('',#5190,#4138,#4139);
#3742=AXIS2_PLACEMENT_3D('',#5194,#4142,#4143);
#3743=AXIS2_PLACEMENT_3D('',#5196,#4144,#4145);
#3744=AXIS2_PLACEMENT_3D('',#5198,#4147,#4148);
#3745=AXIS2_PLACEMENT_3D('',#5202,#4151,#4152);
#3746=AXIS2_PLACEMENT_3D('',#5205,#4153,#4154);
#3747=AXIS2_PLACEMENT_3D('',#5209,#4156,#4157);
#3748=AXIS2_PLACEMENT_3D('',#5211,#4159,#4160);
#3749=AXIS2_PLACEMENT_3D('',#5214,#4163,#4164);
#3750=AXIS2_PLACEMENT_3D('',#5216,#4165,#4166);
#3751=AXIS2_PLACEMENT_3D('',#5219,#4168,#4169);
#3752=AXIS2_PLACEMENT_3D('',#5220,#4170,#4171);
#3753=AXIS2_PLACEMENT_3D('',#5221,#4172,#4173);
#3754=AXIS2_PLACEMENT_3D('',#5223,#4174,#4175);
#3755=AXIS2_PLACEMENT_3D('',#5226,#4177,#4178);
#3756=AXIS2_PLACEMENT_3D('',#5227,#4179,#4180);
#3757=AXIS2_PLACEMENT_3D('',#5228,#4181,#4182);
#3758=AXIS2_PLACEMENT_3D('',#5230,#4183,#4184);
#3759=AXIS2_PLACEMENT_3D('',#5233,#4186,#4187);
#3760=AXIS2_PLACEMENT_3D('',#5234,#4188,#4189);
#3761=AXIS2_PLACEMENT_3D('',#5235,#4190,#4191);
#3762=AXIS2_PLACEMENT_3D('',#5237,#4192,#4193);
#3763=AXIS2_PLACEMENT_3D('',#5240,#4195,#4196);
#3764=AXIS2_PLACEMENT_3D('',#5241,#4197,#4198);
#3765=AXIS2_PLACEMENT_3D('',#5242,#4199,#4200);
#3766=AXIS2_PLACEMENT_3D('',#5245,#4201,#4202);
#3767=AXIS2_PLACEMENT_3D('',#5249,#4204,#4205);
#3768=AXIS2_PLACEMENT_3D('',#5251,#4207,#4208);
#3769=AXIS2_PLACEMENT_3D('',#5257,#4212,#4213);
#3770=AXIS2_PLACEMENT_3D('',#5259,#4214,#4215);
#3771=AXIS2_PLACEMENT_3D('',#5262,#4217,#4218);
#3772=AXIS2_PLACEMENT_3D('',#5263,#4219,#4220);
#3773=AXIS2_PLACEMENT_3D('',#5273,#4226,#4227);
#3774=AXIS2_PLACEMENT_3D('',#5276,#4228,#4229);
#3775=AXIS2_PLACEMENT_3D('',#5280,#4231,#4232);
#3776=AXIS2_PLACEMENT_3D('',#5282,#4234,#4235);
#3777=AXIS2_PLACEMENT_3D('',#5286,#4237,#4238);
#3778=AXIS2_PLACEMENT_3D('',#5288,#4239,#4240);
#3779=AXIS2_PLACEMENT_3D('',#5292,#4242,#4243);
#3780=AXIS2_PLACEMENT_3D('',#5302,#4248,#4249);
#3781=AXIS2_PLACEMENT_3D('',#5306,#4251,#4252);
#3782=AXIS2_PLACEMENT_3D('',#5312,#4255,#4256);
#3783=AXIS2_PLACEMENT_3D('',#5318,#4259,#4260);
#3784=AXIS2_PLACEMENT_3D('',#5324,#4263,#4264);
#3785=AXIS2_PLACEMENT_3D('',#5328,#4266,#4267);
#3786=AXIS2_PLACEMENT_3D('',#5332,#4269,#4270);
#3787=AXIS2_PLACEMENT_3D('',#5336,#4272,#4273);
#3788=AXIS2_PLACEMENT_3D('',#5340,#4275,#4276);
#3789=AXIS2_PLACEMENT_3D('',#5344,#4278,#4279);
#3790=AXIS2_PLACEMENT_3D('',#5350,#4282,#4283);
#3791=AXIS2_PLACEMENT_3D('',#5356,#4286,#4287);
#3792=AXIS2_PLACEMENT_3D('',#5362,#4290,#4291);
#3793=AXIS2_PLACEMENT_3D('',#5366,#4293,#4294);
#3794=AXIS2_PLACEMENT_3D('',#5372,#4297,#4298);
#3795=AXIS2_PLACEMENT_3D('',#5376,#4300,#4301);
#3796=AXIS2_PLACEMENT_3D('',#5378,#4302,#4303);
#3797=AXIS2_PLACEMENT_3D('',#5383,#4306,#4307);
#3798=AXIS2_PLACEMENT_3D('',#5387,#4309,#4310);
#3799=AXIS2_PLACEMENT_3D('',#5394,#4314,#4315);
#3800=AXIS2_PLACEMENT_3D('',#5395,#4316,#4317);
#3801=AXIS2_PLACEMENT_3D('',#5399,#4320,#4321);
#3802=AXIS2_PLACEMENT_3D('',#5401,#4322,#4323);
#3803=AXIS2_PLACEMENT_3D('',#5403,#4325,#4326);
#3804=AXIS2_PLACEMENT_3D('',#5411,#4331,#4332);
#3805=AXIS2_PLACEMENT_3D('',#5425,#4340,#4341);
#3806=AXIS2_PLACEMENT_3D('',#5439,#4349,#4350);
#3807=AXIS2_PLACEMENT_3D('',#5447,#4355,#4356);
#3808=AXIS2_PLACEMENT_3D('',#5453,#4360,#4361);
#3809=AXIS2_PLACEMENT_3D('',#5455,#4363,#4364);
#3810=AXIS2_PLACEMENT_3D('',#5468,#4372,#4373);
#3811=AXIS2_PLACEMENT_3D('',#5472,#4375,#4376);
#3812=AXIS2_PLACEMENT_3D('',#5477,#4379,#4380);
#3813=AXIS2_PLACEMENT_3D('',#5479,#4381,#4382);
#3814=AXIS2_PLACEMENT_3D('',#5490,#4388,#4389);
#3815=AXIS2_PLACEMENT_3D('',#5491,#4390,#4391);
#3816=AXIS2_PLACEMENT_3D('',#5495,#4393,#4394);
#3817=AXIS2_PLACEMENT_3D('',#5498,#4397,#4398);
#3818=AXIS2_PLACEMENT_3D('',#5507,#4403,#4404);
#3819=AXIS2_PLACEMENT_3D('',#5518,#4410,#4411);
#3820=AXIS2_PLACEMENT_3D('',#5526,#4416,#4417);
#3821=AXIS2_PLACEMENT_3D('',#5534,#4422,#4423);
#3822=AXIS2_PLACEMENT_3D('',#5540,#4427,#4428);
#3823=AXIS2_PLACEMENT_3D('',#5548,#4433,#4434);
#3824=AXIS2_PLACEMENT_3D('',#5556,#4439,#4440);
#3825=AXIS2_PLACEMENT_3D('',#5564,#4445,#4446);
#3826=AXIS2_PLACEMENT_3D('',#5569,#4450,#4451);
#3827=AXIS2_PLACEMENT_3D('',#5572,#4453,#4454);
#3828=AXIS2_PLACEMENT_3D('',#5576,#4456,#4457);
#3829=AXIS2_PLACEMENT_3D('',#5580,#4459,#4460);
#3830=AXIS2_PLACEMENT_3D('',#5584,#4462,#4463);
#3831=AXIS2_PLACEMENT_3D('',#5588,#4465,#4466);
#3832=AXIS2_PLACEMENT_3D('',#5591,#4468,#4469);
#3833=AXIS2_PLACEMENT_3D('',#5593,#4471,#4472);
#3834=AXIS2_PLACEMENT_3D('',#5603,#4477,#4478);
#3835=AXIS2_PLACEMENT_3D('',#5607,#4480,#4481);
#3836=AXIS2_PLACEMENT_3D('',#5611,#4483,#4484);
#3837=AXIS2_PLACEMENT_3D('',#5614,#4486,#4487);
#3838=AXIS2_PLACEMENT_3D('',#5615,#4488,#4489);
#3839=AXIS2_PLACEMENT_3D('',#5619,#4492,#4493);
#3840=AXIS2_PLACEMENT_3D('',#5623,#4496,#4497);
#3841=AXIS2_PLACEMENT_3D('',#5631,#4502,#4503);
#3842=AXIS2_PLACEMENT_3D('',#5637,#4507,#4508);
#3843=AXIS2_PLACEMENT_3D('',#5643,#4512,#4513);
#3844=AXIS2_PLACEMENT_3D('',#5649,#4517,#4518);
#3845=AXIS2_PLACEMENT_3D('',#5654,#4522,#4523);
#3846=AXIS2_PLACEMENT_3D('',#5658,#4526,#4527);
#3847=AXIS2_PLACEMENT_3D('',#5662,#4530,#4531);
#3848=AXIS2_PLACEMENT_3D('',#5664,#4533,#4534);
#3849=AXIS2_PLACEMENT_3D('',#5667,#4537,#4538);
#3850=AXIS2_PLACEMENT_3D('',#5674,#4541,#4542);
#3851=AXIS2_PLACEMENT_3D('',#5678,#4544,#4545);
#3852=AXIS2_PLACEMENT_3D('',#5682,#4547,#4548);
#3853=AXIS2_PLACEMENT_3D('',#5688,#4551,#4552);
#3854=AXIS2_PLACEMENT_3D('',#5694,#4555,#4556);
#3855=AXIS2_PLACEMENT_3D('',#5700,#4559,#4560);
#3856=AXIS2_PLACEMENT_3D('',#5704,#4562,#4563);
#3857=AXIS2_PLACEMENT_3D('',#5714,#4568,#4569);
#3858=AXIS2_PLACEMENT_3D('',#5717,#4571,#4572);
#3859=AXIS2_PLACEMENT_3D('',#5724,#4575,#4576);
#3860=AXIS2_PLACEMENT_3D('',#5728,#4578,#4579);
#3861=AXIS2_PLACEMENT_3D('',#5734,#4582,#4583);
#3862=AXIS2_PLACEMENT_3D('',#5740,#4586,#4587);
#3863=AXIS2_PLACEMENT_3D('',#5746,#4590,#4591);
#3864=AXIS2_PLACEMENT_3D('',#5750,#4593,#4594);
#3865=AXIS2_PLACEMENT_3D('',#5754,#4596,#4597);
#3866=AXIS2_PLACEMENT_3D('',#5760,#4600,#4601);
#3867=AXIS2_PLACEMENT_3D('',#5763,#4603,#4604);
#3868=AXIS2_PLACEMENT_3D('',#5764,#4605,#4606);
#3869=AXIS2_PLACEMENT_3D('',#5767,#4609,#4610);
#3870=AXIS2_PLACEMENT_3D('',#5769,#4612,#4613);
#3871=AXIS2_PLACEMENT_3D('',#5777,#4618,#4619);
#3872=AXIS2_PLACEMENT_3D('',#5783,#4623,#4624);
#3873=AXIS2_PLACEMENT_3D('',#5791,#4629,#4630);
#3874=AXIS2_PLACEMENT_3D('',#5797,#4634,#4635);
#3875=AXIS2_PLACEMENT_3D('',#5800,#4638,#4639);
#3876=AXIS2_PLACEMENT_3D('',#5802,#4641,#4642);
#3877=AXIS2_PLACEMENT_3D('',#5805,#4645,#4646);
#3878=AXIS2_PLACEMENT_3D('',#5808,#4649,#4650);
#3879=AXIS2_PLACEMENT_3D('',#5811,#4653,#4654);
#3880=AXIS2_PLACEMENT_3D('',#5814,#4657,#4658);
#3881=AXIS2_PLACEMENT_3D('',#5816,#4660,#4661);
#3882=AXIS2_PLACEMENT_3D('',#5818,#4663,#4664);
#3883=AXIS2_PLACEMENT_3D('',#5820,#4666,#4667);
#3884=AXIS2_PLACEMENT_3D('',#5822,#4669,#4670);
#3885=AXIS2_PLACEMENT_3D('',#5825,#4673,#4674);
#3886=AXIS2_PLACEMENT_3D('',#5827,#4676,#4677);
#3887=AXIS2_PLACEMENT_3D('',#5830,#4680,#4681);
#3888=AXIS2_PLACEMENT_3D('',#5832,#4683,#4684);
#3889=AXIS2_PLACEMENT_3D('',#5835,#4685,#4686);
#3890=AXIS2_PLACEMENT_3D('',#5838,#4689,#4690);
#3891=AXIS2_PLACEMENT_3D('',#5843,#4694,#4695);
#3892=AXIS2_PLACEMENT_3D('',#5846,#4696,#4697);
#3893=AXIS2_PLACEMENT_3D('',#5849,#4700,#4701);
#3894=AXIS2_PLACEMENT_3D('',#5854,#4705,#4706);
#3895=AXIS2_PLACEMENT_3D('',#5856,#4707,#4708);
#3896=AXIS2_PLACEMENT_3D('',#5858,#4710,#4711);
#3897=AXIS2_PLACEMENT_3D('',#5860,#4713,#4714);
#3898=AXIS2_PLACEMENT_3D('',#5862,#4715,#4716);
#3899=AXIS2_PLACEMENT_3D('',#5864,#4718,#4719);
#3900=AXIS2_PLACEMENT_3D('',#5866,#4721,#4722);
#3901=AXIS2_PLACEMENT_3D('',#5868,#4723,#4724);
#3902=AXIS2_PLACEMENT_3D('',#5870,#4726,#4727);
#3903=AXIS2_PLACEMENT_3D('',#5872,#4728,#4729);
#3904=AXIS2_PLACEMENT_3D('',#5875,#4731,#4732);
#3905=AXIS2_PLACEMENT_3D('',#5877,#4734,#4735);
#3906=AXIS2_PLACEMENT_3D('',#5880,#4737,#4738);
#3907=AXIS2_PLACEMENT_3D('',#5881,#4739,#4740);
#3908=AXIS2_PLACEMENT_3D('',#5882,#4741,#4742);
#3909=AXIS2_PLACEMENT_3D('',#5884,#4744,#4745);
#3910=AXIS2_PLACEMENT_3D('',#5886,#4747,#4748);
#3911=AXIS2_PLACEMENT_3D('',#5888,#4750,#4751);
#3912=AXIS2_PLACEMENT_3D('',#5890,#4753,#4754);
#3913=AXIS2_PLACEMENT_3D('',#5892,#4756,#4757);
#3914=AXIS2_PLACEMENT_3D('',#5894,#4759,#4760);
#3915=AXIS2_PLACEMENT_3D('',#5895,#4761,#4762);
#3916=AXIS2_PLACEMENT_3D('',#5896,#4763,#4764);
#3917=AXIS2_PLACEMENT_3D('',#5897,#4765,#4766);
#3918=AXIS2_PLACEMENT_3D('',#5899,#4768,#4769);
#3919=AXIS2_PLACEMENT_3D('',#5901,#4771,#4772);
#3920=AXIS2_PLACEMENT_3D('',#5903,#4774,#4775);
#3921=AXIS2_PLACEMENT_3D('',#5904,#4776,#4777);
#3922=AXIS2_PLACEMENT_3D('',#5906,#4778,#4779);
#3923=AXIS2_PLACEMENT_3D('',#5909,#4782,#4783);
#3924=AXIS2_PLACEMENT_3D('',#5911,#4785,#4786);
#3925=AXIS2_PLACEMENT_3D('',#5912,#4787,#4788);
#3926=AXIS2_PLACEMENT_3D('',#5913,#4789,#4790);
#3927=AXIS2_PLACEMENT_3D('',#5914,#4791,#4792);
#3928=AXIS2_PLACEMENT_3D('',#5916,#4794,#4795);
#3929=AXIS2_PLACEMENT_3D('',#5918,#4797,#4798);
#3930=AXIS2_PLACEMENT_3D('',#5919,#4799,#4800);
#3931=AXIS2_PLACEMENT_3D('',#5921,#4802,#4803);
#3932=AXIS2_PLACEMENT_3D('',#5923,#4805,#4806);
#3933=AXIS2_PLACEMENT_3D('',#5925,#4807,#4808);
#3934=AXIS2_PLACEMENT_3D('',#5927,#4810,#4811);
#3935=AXIS2_PLACEMENT_3D('',#5928,#4812,#4813);
#3936=AXIS2_PLACEMENT_3D('',#5929,#4814,#4815);
#3937=AXIS2_PLACEMENT_3D('',#5934,#4818,#4819);
#3938=AXIS2_PLACEMENT_3D('',#5935,#4820,#4821);
#3939=AXIS2_PLACEMENT_3D('',#5938,#4822,#4823);
#3940=AXIS2_PLACEMENT_3D('',#5942,#4825,#4826);
#3941=AXIS2_PLACEMENT_3D('',#5944,#4828,#4829);
#3942=AXIS2_PLACEMENT_3D('',#5952,#4834,#4835);
#3943=AXIS2_PLACEMENT_3D('',#5956,#4838,#4839);
#3944=AXIS2_PLACEMENT_3D('',#5959,#4840,#4841);
#3945=AXIS2_PLACEMENT_3D('',#5962,#4844,#4845);
#3946=AXIS2_PLACEMENT_3D('',#5964,#4847,#4848);
#3947=AXIS2_PLACEMENT_3D('',#5967,#4849,#4850);
#3948=AXIS2_PLACEMENT_3D('',#5970,#4853,#4854);
#3949=AXIS2_PLACEMENT_3D('',#5973,#4857,#4858);
#3950=AXIS2_PLACEMENT_3D('',#5974,#4859,#4860);
#3951=AXIS2_PLACEMENT_3D('',#5975,#4861,#4862);
#3952=AXIS2_PLACEMENT_3D('',#5984,#4867,#4868);
#3953=AXIS2_PLACEMENT_3D('',#5990,#4872,#4873);
#3954=AXIS2_PLACEMENT_3D('',#5994,#4876,#4877);
#3955=AXIS2_PLACEMENT_3D('',#5998,#4880,#4881);
#3956=AXIS2_PLACEMENT_3D('',#6000,#4883,#4884);
#3957=AXIS2_PLACEMENT_3D('',#6004,#4887,#4888);
#3958=AXIS2_PLACEMENT_3D('',#6012,#4893,#4894);
#3959=AXIS2_PLACEMENT_3D('',#6019,#4899,#4900);
#3960=AXIS2_PLACEMENT_3D('',#6024,#4904,#4905);
#3961=AXIS2_PLACEMENT_3D('',#6028,#4907,#4908);
#3962=AXIS2_PLACEMENT_3D('',#6030,#4910,#4911);
#3963=AXIS2_PLACEMENT_3D('',#6033,#4914,#4915);
#3964=AXIS2_PLACEMENT_3D('',#6036,#4916,#4917);
#3965=AXIS2_PLACEMENT_3D('',#6039,#4920,#4921);
#3966=AXIS2_PLACEMENT_3D('',#6043,#4924,#4925);
#3967=AXIS2_PLACEMENT_3D('',#6044,#4926,#4927);
#3968=AXIS2_PLACEMENT_3D('',#6045,#4928,#4929);
#3969=AXIS2_PLACEMENT_3D('',#6046,#4930,#4931);
#3970=AXIS2_PLACEMENT_3D('',#6047,#4932,#4933);
#3971=AXIS2_PLACEMENT_3D('',#6048,#4934,#4935);
#3972=AXIS2_PLACEMENT_3D('',#6049,#4936,#4937);
#3973=AXIS2_PLACEMENT_3D('',#6050,#4938,#4939);
#3974=AXIS2_PLACEMENT_3D('',#6052,#4940,#4941);
#3975=AXIS2_PLACEMENT_3D('',#6054,#4943,#4944);
#3976=AXIS2_PLACEMENT_3D('',#6058,#4946,#4947);
#3977=AXIS2_PLACEMENT_3D('',#6062,#4949,#4950);
#3978=AXIS2_PLACEMENT_3D('',#6066,#4952,#4953);
#3979=AXIS2_PLACEMENT_3D('',#6071,#4956,#4957);
#3980=AXIS2_PLACEMENT_3D('',#6075,#4959,#4960);
#3981=AXIS2_PLACEMENT_3D('',#6079,#4962,#4963);
#3982=AXIS2_PLACEMENT_3D('',#6083,#4965,#4966);
#3983=AXIS2_PLACEMENT_3D('',#6085,#4968,#4969);
#3984=AXIS2_PLACEMENT_3D('',#6088,#4972,#4973);
#3985=AXIS2_PLACEMENT_3D('',#6090,#4975,#4976);
#3986=AXIS2_PLACEMENT_3D('',#6092,#4977,#4978);
#3987=AXIS2_PLACEMENT_3D('',#6094,#4979,#4980);
#3988=AXIS2_PLACEMENT_3D('',#6097,#4983,#4984);
#3989=AXIS2_PLACEMENT_3D('',#6100,#4987,#4988);
#3990=AXIS2_PLACEMENT_3D('',#6102,#4990,#4991);
#3991=AXIS2_PLACEMENT_3D('',#6104,#4993,#4994);
#3992=AXIS2_PLACEMENT_3D('',#6106,#4996,#4997);
#3993=AXIS2_PLACEMENT_3D('',#6107,#4998,#4999);
#3994=AXIS2_PLACEMENT_3D('',#6110,#5002,#5003);
#3995=AXIS2_PLACEMENT_3D('',#6111,#5004,#5005);
#3996=AXIS2_PLACEMENT_3D('',#6113,#5007,#5008);
#3997=AXIS2_PLACEMENT_3D('',#6119,#5012,#5013);
#3998=AXIS2_PLACEMENT_3D('',#6120,#5014,#5015);
#3999=AXIS2_PLACEMENT_3D('',#6121,#5016,#5017);
#4000=AXIS2_PLACEMENT_3D('',#6123,#5018,#5019);
#4001=AXIS2_PLACEMENT_3D('',#6125,#5021,#5022);
#4002=AXIS2_PLACEMENT_3D('',#6128,#5024,#5025);
#4003=AXIS2_PLACEMENT_3D('',#6129,#5026,#5027);
#4004=AXIS2_PLACEMENT_3D('',#6130,#5028,#5029);
#4005=AXIS2_PLACEMENT_3D('',#6131,#5030,#5031);
#4006=AXIS2_PLACEMENT_3D('',#6133,#5033,#5034);
#4007=AXIS2_PLACEMENT_3D('',#6134,#5035,#5036);
#4008=AXIS2_PLACEMENT_3D('',#6136,#5038,#5039);
#4009=AXIS2_PLACEMENT_3D('',#6138,#5041,#5042);
#4010=AXIS2_PLACEMENT_3D('',#6140,#5044,#5045);
#4011=AXIS2_PLACEMENT_3D('',#6141,#5046,#5047);
#4012=AXIS2_PLACEMENT_3D('',#6142,#5048,#5049);
#4013=AXIS2_PLACEMENT_3D('',#6143,#5050,#5051);
#4014=AXIS2_PLACEMENT_3D('',#6145,#5053,#5054);
#4015=AXIS2_PLACEMENT_3D('',#6146,#5055,#5056);
#4016=AXIS2_PLACEMENT_3D('',#6148,#5058,#5059);
#4017=AXIS2_PLACEMENT_3D('',#6149,#5060,#5061);
#4018=AXIS2_PLACEMENT_3D('',#6150,#5062,#5063);
#4019=AXIS2_PLACEMENT_3D('',#6151,#5064,#5065);
#4020=AXIS2_PLACEMENT_3D('',#6152,#5066,#5067);
#4021=AXIS2_PLACEMENT_3D('',#6153,#5068,#5069);
#4022=AXIS2_PLACEMENT_3D('',#6154,#5070,#5071);
#4023=AXIS2_PLACEMENT_3D('',#6155,#5072,#5073);
#4024=AXIS2_PLACEMENT_3D('',#6156,#5074,#5075);
#4025=AXIS2_PLACEMENT_3D('',#6157,#5076,#5077);
#4026=AXIS2_PLACEMENT_3D('',#6158,#5078,#5079);
#4027=AXIS2_PLACEMENT_3D('',#6159,#5080,#5081);
#4028=AXIS2_PLACEMENT_3D('',#6160,#5082,#5083);
#4029=DIRECTION('axis',(0.,0.,1.));
#4030=DIRECTION('refdir',(1.,0.,0.));
#4031=DIRECTION('center_axis',(0.,1.,0.));
#4032=DIRECTION('ref_axis',(0.,0.,-1.));
#4033=DIRECTION('center_axis',(0.,-1.,0.));
#4034=DIRECTION('ref_axis',(0.,0.,-1.));
#4035=DIRECTION('',(0.,1.,0.));
#4036=DIRECTION('center_axis',(0.,-1.,0.));
#4037=DIRECTION('ref_axis',(0.,0.,-1.));
#4038=DIRECTION('center_axis',(0.,1.,0.));
#4039=DIRECTION('ref_axis',(0.,0.,-1.));
#4040=DIRECTION('center_axis',(0.,1.,0.));
#4041=DIRECTION('ref_axis',(0.,0.,-1.));
#4042=DIRECTION('center_axis',(0.,-1.,0.));
#4043=DIRECTION('ref_axis',(0.,0.,-1.));
#4044=DIRECTION('',(0.,1.,0.));
#4045=DIRECTION('center_axis',(0.,-1.,0.));
#4046=DIRECTION('ref_axis',(0.,0.,-1.));
#4047=DIRECTION('center_axis',(0.,1.,0.));
#4048=DIRECTION('ref_axis',(0.,0.,-1.));
#4049=DIRECTION('center_axis',(0.,1.,0.));
#4050=DIRECTION('ref_axis',(0.,0.,-1.));
#4051=DIRECTION('center_axis',(0.,-1.,0.));
#4052=DIRECTION('ref_axis',(0.,0.,-1.));
#4053=DIRECTION('',(0.,1.,0.));
#4054=DIRECTION('center_axis',(0.,-1.,0.));
#4055=DIRECTION('ref_axis',(0.,0.,-1.));
#4056=DIRECTION('center_axis',(0.,1.,0.));
#4057=DIRECTION('ref_axis',(0.,0.,-1.));
#4058=DIRECTION('center_axis',(0.,1.,0.));
#4059=DIRECTION('ref_axis',(0.,0.,-1.));
#4060=DIRECTION('center_axis',(0.,-1.,0.));
#4061=DIRECTION('ref_axis',(0.,0.,-1.));
#4062=DIRECTION('',(0.,1.,0.));
#4063=DIRECTION('center_axis',(0.,-1.,0.));
#4064=DIRECTION('ref_axis',(0.,0.,-1.));
#4065=DIRECTION('center_axis',(0.,1.,0.));
#4066=DIRECTION('ref_axis',(0.,0.,-1.));
#4067=DIRECTION('center_axis',(0.,1.,0.));
#4068=DIRECTION('ref_axis',(0.,0.,-1.));
#4069=DIRECTION('center_axis',(0.,1.,0.));
#4070=DIRECTION('ref_axis',(0.,0.,-1.));
#4071=DIRECTION('',(0.,1.,0.));
#4072=DIRECTION('center_axis',(0.,-1.,0.));
#4073=DIRECTION('ref_axis',(0.,0.,-1.));
#4074=DIRECTION('center_axis',(0.,1.,0.));
#4075=DIRECTION('ref_axis',(0.,0.,-1.));
#4076=DIRECTION('center_axis',(0.,1.,0.));
#4077=DIRECTION('ref_axis',(0.,0.,-1.));
#4078=DIRECTION('center_axis',(0.,1.,0.));
#4079=DIRECTION('ref_axis',(0.,0.,-1.));
#4080=DIRECTION('',(0.,1.,0.));
#4081=DIRECTION('center_axis',(0.,-1.,0.));
#4082=DIRECTION('ref_axis',(0.,0.,-1.));
#4083=DIRECTION('center_axis',(0.,1.,0.));
#4084=DIRECTION('ref_axis',(0.,0.,-1.));
#4085=DIRECTION('center_axis',(1.,0.,7.50150692314295E-17));
#4086=DIRECTION('ref_axis',(-7.50150692314295E-17,0.,1.));
#4087=DIRECTION('',(7.50150692314295E-17,0.,-1.));
#4088=DIRECTION('',(0.,-1.,0.));
#4089=DIRECTION('',(-7.50150692314295E-17,0.,1.));
#4090=DIRECTION('',(0.,-1.,0.));
#4091=DIRECTION('center_axis',(0.,0.,-1.));
#4092=DIRECTION('ref_axis',(1.,0.,0.));
#4093=DIRECTION('',(-1.,0.,0.));
#4094=DIRECTION('',(1.,0.,0.));
#4095=DIRECTION('',(0.,-1.,0.));
#4096=DIRECTION('center_axis',(-1.,0.,-1.80036166155431E-16));
#4097=DIRECTION('ref_axis',(1.80036166155431E-16,0.,-1.));
#4098=DIRECTION('',(-1.80036166155431E-16,0.,1.));
#4099=DIRECTION('',(1.80036166155431E-16,0.,-1.));
#4100=DIRECTION('',(0.,-1.,0.));
#4101=DIRECTION('center_axis',(0.,0.,1.));
#4102=DIRECTION('ref_axis',(-1.,0.,0.));
#4103=DIRECTION('',(1.,0.,0.));
#4104=DIRECTION('',(-1.,0.,0.));
#4105=DIRECTION('center_axis',(0.,-1.,0.));
#4106=DIRECTION('ref_axis',(0.,0.,-1.));
#4107=DIRECTION('center_axis',(0.,1.,0.));
#4108=DIRECTION('ref_axis',(0.600924577230438,0.,-0.799305731544832));
#4109=DIRECTION('center_axis',(0.,-1.,0.));
#4110=DIRECTION('ref_axis',(0.600924577230438,0.,-0.799305731544832));
#4111=DIRECTION('',(0.,-1.,0.));
#4112=DIRECTION('center_axis',(0.,-1.,0.));
#4113=DIRECTION('ref_axis',(0.600924577230438,0.,-0.799305731544832));
#4114=DIRECTION('',(0.,1.,0.));
#4115=DIRECTION('center_axis',(0.990112346557927,0.,-0.140276659475325));
#4116=DIRECTION('ref_axis',(-0.140276659475325,0.,-0.990112346557927));
#4117=DIRECTION('',(-0.140276659475325,0.,-0.990112346557927));
#4118=DIRECTION('',(0.,-1.,0.));
#4119=DIRECTION('',(0.140276659475315,0.,0.990112346557928));
#4120=DIRECTION('',(0.,-1.,0.));
#4121=DIRECTION('',(-0.140276659475325,0.,-0.990112346557927));
#4122=DIRECTION('center_axis',(0.,1.,0.));
#4123=DIRECTION('ref_axis',(-0.600924577230444,0.,-0.799305731544828));
#4124=DIRECTION('center_axis',(0.,-1.,0.));
#4125=DIRECTION('ref_axis',(-0.600924577230444,0.,-0.799305731544828));
#4126=DIRECTION('',(0.,-1.,0.));
#4127=DIRECTION('center_axis',(0.,-1.,0.));
#4128=DIRECTION('ref_axis',(-0.600924577230444,0.,-0.799305731544828));
#4129=DIRECTION('',(0.,1.,0.));
#4130=DIRECTION('center_axis',(0.,1.,0.));
#4131=DIRECTION('ref_axis',(0.,0.,1.));
#4132=DIRECTION('',(-0.990112346557928,0.,-0.140276659475312));
#4133=DIRECTION('center_axis',(0.,-1.,0.));
#4134=DIRECTION('ref_axis',(0.799305731544824,0.,-0.600924577230449));
#4135=DIRECTION('',(0.140276659475317,0.,-0.990112346557928));
#4136=DIRECTION('',(0.990112346557931,0.,0.140276659475292));
#4137=DIRECTION('',(-0.140276659475308,0.,0.990112346557929));
#4138=DIRECTION('center_axis',(0.140276659475312,0.,-0.990112346557928));
#4139=DIRECTION('ref_axis',(-0.990112346557928,0.,-0.140276659475312));
#4140=DIRECTION('',(-0.990112346557928,0.,-0.140276659475312));
#4141=DIRECTION('',(0.,-1.,0.));
#4142=DIRECTION('center_axis',(0.,1.,0.));
#4143=DIRECTION('ref_axis',(0.799305731544824,0.,-0.600924577230449));
#4144=DIRECTION('center_axis',(0.,-1.,0.));
#4145=DIRECTION('ref_axis',(0.799305731544824,0.,-0.600924577230449));
#4146=DIRECTION('',(0.,1.,0.));
#4147=DIRECTION('center_axis',(0.990112346557928,0.,0.140276659475317));
#4148=DIRECTION('ref_axis',(0.140276659475317,0.,-0.990112346557928));
#4149=DIRECTION('',(0.140276659475317,0.,-0.990112346557928));
#4150=DIRECTION('',(0.,-1.,0.));
#4151=DIRECTION('center_axis',(0.,1.,0.));
#4152=DIRECTION('ref_axis',(-0.799305731544832,0.,-0.600924577230439));
#4153=DIRECTION('center_axis',(0.,-1.,0.));
#4154=DIRECTION('ref_axis',(-0.799305731544832,0.,-0.600924577230439));
#4155=DIRECTION('',(0.,-1.,0.));
#4156=DIRECTION('center_axis',(0.,-1.,0.));
#4157=DIRECTION('ref_axis',(-0.799305731544832,0.,-0.600924577230439));
#4158=DIRECTION('',(0.,1.,0.));
#4159=DIRECTION('center_axis',(-0.140276659475312,0.,-0.990112346557928));
#4160=DIRECTION('ref_axis',(-0.990112346557928,0.,0.140276659475312));
#4161=DIRECTION('',(-0.990112346557928,0.,0.140276659475312));
#4162=DIRECTION('',(-0.990112346557928,0.,0.140276659475312));
#4163=DIRECTION('center_axis',(0.,1.,0.));
#4164=DIRECTION('ref_axis',(0.,0.,-1.));
#4165=DIRECTION('center_axis',(0.,1.,0.));
#4166=DIRECTION('ref_axis',(0.,0.,-1.));
#4167=DIRECTION('',(0.,1.,0.));
#4168=DIRECTION('center_axis',(0.,1.,0.));
#4169=DIRECTION('ref_axis',(0.,0.,-1.));
#4170=DIRECTION('center_axis',(0.,1.,0.));
#4171=DIRECTION('ref_axis',(0.,0.,-1.));
#4172=DIRECTION('center_axis',(0.,1.,0.));
#4173=DIRECTION('ref_axis',(0.,0.,-1.));
#4174=DIRECTION('center_axis',(0.,1.,0.));
#4175=DIRECTION('ref_axis',(0.,0.,-1.));
#4176=DIRECTION('',(0.,1.,0.));
#4177=DIRECTION('center_axis',(0.,1.,0.));
#4178=DIRECTION('ref_axis',(0.,0.,-1.));
#4179=DIRECTION('center_axis',(0.,1.,0.));
#4180=DIRECTION('ref_axis',(0.,0.,-1.));
#4181=DIRECTION('center_axis',(0.,1.,0.));
#4182=DIRECTION('ref_axis',(0.,0.,-1.));
#4183=DIRECTION('center_axis',(0.,1.,0.));
#4184=DIRECTION('ref_axis',(0.,0.,-1.));
#4185=DIRECTION('',(0.,1.,0.));
#4186=DIRECTION('center_axis',(0.,1.,0.));
#4187=DIRECTION('ref_axis',(0.,0.,-1.));
#4188=DIRECTION('center_axis',(0.,1.,0.));
#4189=DIRECTION('ref_axis',(0.,0.,-1.));
#4190=DIRECTION('center_axis',(0.,1.,0.));
#4191=DIRECTION('ref_axis',(0.,0.,-1.));
#4192=DIRECTION('center_axis',(0.,1.,0.));
#4193=DIRECTION('ref_axis',(0.,0.,-1.));
#4194=DIRECTION('',(0.,1.,0.));
#4195=DIRECTION('center_axis',(0.,1.,0.));
#4196=DIRECTION('ref_axis',(0.,0.,-1.));
#4197=DIRECTION('center_axis',(0.,1.,0.));
#4198=DIRECTION('ref_axis',(0.,0.,-1.));
#4199=DIRECTION('center_axis',(0.,-1.,0.));
#4200=DIRECTION('ref_axis',(0.706422135271227,0.,-0.707790764844273));
#4201=DIRECTION('center_axis',(0.,-1.,0.));
#4202=DIRECTION('ref_axis',(0.706422135271227,0.,-0.707790764844273));
#4203=DIRECTION('',(0.,-1.,0.));
#4204=DIRECTION('center_axis',(0.,-1.,0.));
#4205=DIRECTION('ref_axis',(0.706422135271227,0.,-0.707790764844273));
#4206=DIRECTION('',(0.,1.,0.));
#4207=DIRECTION('center_axis',(0.00193553359768839,0.,0.999998126853092));
#4208=DIRECTION('ref_axis',(0.999998126853092,0.,-0.00193553359768839));
#4209=DIRECTION('',(0.999998126853092,0.,-0.00193553359768839));
#4210=DIRECTION('',(0.,1.,0.));
#4211=DIRECTION('',(0.999998126853092,0.,-0.00193553359768839));
#4212=DIRECTION('center_axis',(0.,1.,0.));
#4213=DIRECTION('ref_axis',(0.942809041581907,0.,-0.333333333333775));
#4214=DIRECTION('center_axis',(0.,-1.,0.));
#4215=DIRECTION('ref_axis',(0.942809041581907,0.,-0.333333333333775));
#4216=DIRECTION('',(0.,-1.,0.));
#4217=DIRECTION('center_axis',(0.,-1.,0.));
#4218=DIRECTION('ref_axis',(0.942809041581907,0.,-0.333333333333775));
#4219=DIRECTION('center_axis',(-3.70349994004896E-14,0.,-1.));
#4220=DIRECTION('ref_axis',(1.,0.,-3.70349994004896E-14));
#4221=DIRECTION('',(1.,0.,-3.70349994004896E-14));
#4222=DIRECTION('',(0.,1.,0.));
#4223=DIRECTION('',(1.,0.,-3.70349994004896E-14));
#4224=DIRECTION('',(0.,-1.,0.));
#4225=DIRECTION('',(1.,0.,-3.70349994004896E-14));
#4226=DIRECTION('center_axis',(0.,1.,0.));
#4227=DIRECTION('ref_axis',(-0.707106781186549,0.,-0.707106781186546));
#4228=DIRECTION('center_axis',(0.,-1.,0.));
#4229=DIRECTION('ref_axis',(-0.707106781186549,0.,-0.707106781186546));
#4230=DIRECTION('',(0.,-1.,0.));
#4231=DIRECTION('center_axis',(0.,-1.,0.));
#4232=DIRECTION('ref_axis',(-0.707106781186549,0.,-0.707106781186546));
#4233=DIRECTION('',(0.,1.,0.));
#4234=DIRECTION('center_axis',(0.,1.,0.));
#4235=DIRECTION('ref_axis',(0.,0.,1.));
#4236=DIRECTION('',(0.,0.,1.));
#4237=DIRECTION('center_axis',(0.,1.,0.));
#4238=DIRECTION('ref_axis',(0.707106781186549,0.,0.707106781186546));
#4239=DIRECTION('center_axis',(0.,-1.,0.));
#4240=DIRECTION('ref_axis',(0.706986753672652,0.,0.707226788329886));
#4241=DIRECTION('',(-0.000339460262831899,0.,0.999999942383363));
#4242=DIRECTION('center_axis',(0.,-1.,0.));
#4243=DIRECTION('ref_axis',(0.707226788329889,0.,-0.706986753672648));
#4244=DIRECTION('',(1.,0.,-1.51526502048578E-15));
#4245=DIRECTION('',(0.830622252852758,0.,0.556836307244607));
#4246=DIRECTION('',(0.999999942383363,0.,0.000339460262831999));
#4247=DIRECTION('',(0.140276659475251,0.,0.990112346557937));
#4248=DIRECTION('center_axis',(0.,-1.,0.));
#4249=DIRECTION('ref_axis',(0.600924577230463,0.,-0.799305731544814));
#4250=DIRECTION('',(0.990112346557922,0.,-0.140276659475359));
#4251=DIRECTION('center_axis',(0.,-1.,0.));
#4252=DIRECTION('ref_axis',(-0.799305731544855,0.,-0.600924577230408));
#4253=DIRECTION('',(-0.140276659475365,0.,-0.990112346557921));
#4254=DIRECTION('',(0.990112346557923,0.,-0.140276659475348));
#4255=DIRECTION('center_axis',(0.,-1.,0.));
#4256=DIRECTION('ref_axis',(-0.799305731544823,0.,-0.60092457723045));
#4257=DIRECTION('',(-0.140276659475269,0.,-0.990112346557935));
#4258=DIRECTION('',(0.990112346557935,0.,-0.140276659475268));
#4259=DIRECTION('center_axis',(0.,-1.,0.));
#4260=DIRECTION('ref_axis',(-0.799305731544798,0.,-0.600924577230483));
#4261=DIRECTION('',(-0.140276659475267,0.,-0.990112346557935));
#4262=DIRECTION('',(0.990195633419172,0.,-0.139687535441087));
#4263=DIRECTION('center_axis',(0.,-1.,0.));
#4264=DIRECTION('ref_axis',(-0.79912692645898,0.,-0.601162336984133));
#4265=DIRECTION('',(-0.14027665947531,0.,-0.990112346557929));
#4266=DIRECTION('center_axis',(0.,-1.,0.));
#4267=DIRECTION('ref_axis',(-0.600924577230449,0.,0.799305731544824));
#4268=DIRECTION('',(-0.990112346557929,0.,0.140276659475311));
#4269=DIRECTION('center_axis',(0.,-1.,0.));
#4270=DIRECTION('ref_axis',(0.070312351127208,0.,0.9975250238861));
#4271=DIRECTION('',(-1.,0.,1.03302805765865E-15));
#4272=DIRECTION('center_axis',(0.,1.,0.));
#4273=DIRECTION('ref_axis',(-0.0703123511272069,0.,0.9975250238861));
#4274=DIRECTION('',(-0.990112346557929,0.,-0.140276659475311));
#4275=DIRECTION('center_axis',(0.,-1.,0.));
#4276=DIRECTION('ref_axis',(0.600924577230451,0.,0.799305731544822));
#4277=DIRECTION('',(-0.14027665947531,0.,0.990112346557929));
#4278=DIRECTION('center_axis',(0.,-1.,0.));
#4279=DIRECTION('ref_axis',(0.79912692645898,0.,-0.601162336984133));
#4280=DIRECTION('',(0.990195633419172,0.,0.139687535441087));
#4281=DIRECTION('',(-0.140276659475267,0.,0.990112346557935));
#4282=DIRECTION('center_axis',(0.,-1.,0.));
#4283=DIRECTION('ref_axis',(0.799305731544799,0.,-0.600924577230482));
#4284=DIRECTION('',(0.990112346557935,0.,0.140276659475269));
#4285=DIRECTION('',(-0.140276659475269,0.,0.990112346557935));
#4286=DIRECTION('center_axis',(0.,-1.,0.));
#4287=DIRECTION('ref_axis',(0.799305731544822,0.,-0.600924577230452));
#4288=DIRECTION('',(0.990112346557923,0.,0.140276659475347));
#4289=DIRECTION('',(-0.140276659475365,0.,0.990112346557921));
#4290=DIRECTION('center_axis',(0.,-1.,0.));
#4291=DIRECTION('ref_axis',(0.799305731544858,0.,-0.600924577230404));
#4292=DIRECTION('',(0.990112346557922,0.,0.140276659475359));
#4293=DIRECTION('center_axis',(0.,-1.,0.));
#4294=DIRECTION('ref_axis',(-0.600924577230449,0.,-0.799305731544824));
#4295=DIRECTION('',(0.14027665947525,0.,-0.990112346557937));
#4296=DIRECTION('',(0.999999942383363,0.,-0.000339460262831891));
#4297=DIRECTION('center_axis',(0.,-1.,0.));
#4298=DIRECTION('ref_axis',(-0.707346775099228,0.,-0.706866705791638));
#4299=DIRECTION('',(-0.000339460262831899,0.,-0.999999942383363));
#4300=DIRECTION('center_axis',(0.,-1.,0.));
#4301=DIRECTION('ref_axis',(-0.706986753672651,0.,0.707226788329887));
#4302=DIRECTION('center_axis',(0.,-1.,0.));
#4303=DIRECTION('ref_axis',(-0.707106781186549,0.,0.707106781186546));
#4304=DIRECTION('',(0.,0.,-1.));
#4305=DIRECTION('',(1.,0.,0.));
#4306=DIRECTION('center_axis',(0.,-1.,0.));
#4307=DIRECTION('ref_axis',(-0.935008901789922,0.,-0.354624242788903));
#4308=DIRECTION('',(1.,0.,0.));
#4309=DIRECTION('center_axis',(0.,-1.,0.));
#4310=DIRECTION('ref_axis',(0.0703123511271985,0.,-0.997525023886101));
#4311=DIRECTION('',(0.990112346557931,0.,0.140276659475292));
#4312=DIRECTION('',(1.,0.,3.54164198037956E-15));
#4313=DIRECTION('',(0.990112346557928,0.,-0.140276659475312));
#4314=DIRECTION('center_axis',(0.,-1.,0.));
#4315=DIRECTION('ref_axis',(-0.0703123511272221,0.,-0.997525023886099));
#4316=DIRECTION('center_axis',(0.,0.,1.));
#4317=DIRECTION('ref_axis',(1.,0.,0.));
#4318=DIRECTION('',(1.,0.,0.));
#4319=DIRECTION('',(0.,1.,0.));
#4320=DIRECTION('center_axis',(0.,-1.,0.));
#4321=DIRECTION('ref_axis',(-0.935008901789922,0.,-0.354624242788903));
#4322=DIRECTION('center_axis',(0.,-1.,0.));
#4323=DIRECTION('ref_axis',(-0.935008901789922,0.,-0.354624242788903));
#4324=DIRECTION('',(0.,1.,0.));
#4325=DIRECTION('center_axis',(0.,0.,-1.));
#4326=DIRECTION('ref_axis',(1.,0.,0.));
#4327=DIRECTION('',(1.,0.,0.));
#4328=DIRECTION('',(0.,1.,0.));
#4329=DIRECTION('',(1.,0.,0.));
#4330=DIRECTION('',(0.,-1.,0.));
#4331=DIRECTION('center_axis',(1.,0.,0.));
#4332=DIRECTION('ref_axis',(0.,0.,1.));
#4333=DIRECTION('',(0.,0.,-1.));
#4334=DIRECTION('',(0.,1.,0.));
#4335=DIRECTION('',(0.,-0.156434465040231,0.987688340595138));
#4336=DIRECTION('',(0.,-0.156434465040231,-0.987688340595138));
#4337=DIRECTION('',(0.,-1.,0.));
#4338=DIRECTION('',(0.,0.,-1.));
#4339=DIRECTION('',(0.,-1.,0.));
#4340=DIRECTION('center_axis',(-1.,0.,0.));
#4341=DIRECTION('ref_axis',(0.,0.,-1.));
#4342=DIRECTION('',(0.,1.,0.));
#4343=DIRECTION('',(0.,0.,1.));
#4344=DIRECTION('',(0.,1.,0.));
#4345=DIRECTION('',(0.,0.156434465040231,0.987688340595138));
#4346=DIRECTION('',(0.,0.156434465040231,-0.987688340595138));
#4347=DIRECTION('',(0.,-1.,0.));
#4348=DIRECTION('',(0.,0.,1.));
#4349=DIRECTION('center_axis',(-0.990112346557929,0.,-0.140276659475308));
#4350=DIRECTION('ref_axis',(-0.140276659475308,0.,0.990112346557929));
#4351=DIRECTION('',(0.,1.,0.));
#4352=DIRECTION('',(0.140276659475312,0.,-0.990112346557929));
#4353=DIRECTION('',(0.,1.,0.));
#4354=DIRECTION('',(-0.140276659475308,0.,0.990112346557929));
#4355=DIRECTION('center_axis',(-0.990112346557926,0.,0.14027665947533));
#4356=DIRECTION('ref_axis',(0.14027665947533,0.,0.990112346557926));
#4357=DIRECTION('',(0.14027665947533,0.,0.990112346557926));
#4358=DIRECTION('',(0.,-1.,0.));
#4359=DIRECTION('',(0.14027665947533,0.,0.990112346557926));
#4360=DIRECTION('center_axis',(0.,1.,0.));
#4361=DIRECTION('ref_axis',(0.,0.,1.));
#4362=DIRECTION('',(0.990112346557928,0.,-0.140276659475312));
#4363=DIRECTION('center_axis',(-0.140276659475312,0.,-0.990112346557928));
#4364=DIRECTION('ref_axis',(0.990112346557928,0.,-0.140276659475312));
#4365=DIRECTION('',(0.990112346557928,0.,-0.140276659475312));
#4366=DIRECTION('',(0.,-1.,0.));
#4367=DIRECTION('',(0.990112346557928,0.,-0.140276659475312));
#4368=DIRECTION('',(0.,1.,0.));
#4369=DIRECTION('',(0.990112346557928,0.,-0.140276659475312));
#4370=DIRECTION('',(0.,-1.,0.));
#4371=DIRECTION('',(0.,-1.,0.));
#4372=DIRECTION('center_axis',(0.,1.,0.));
#4373=DIRECTION('ref_axis',(0.,0.,1.));
#4374=DIRECTION('',(-0.990112346557929,0.,-0.14027665947531));
#4375=DIRECTION('center_axis',(0.,-1.,0.));
#4376=DIRECTION('ref_axis',(-0.600924577230452,0.,-0.799305731544821));
#4377=DIRECTION('',(-0.140276659475311,0.,0.990112346557929));
#4378=DIRECTION('',(0.990112346557931,0.,0.140276659475292));
#4379=DIRECTION('center_axis',(0.,1.,0.));
#4380=DIRECTION('ref_axis',(0.970121197672965,0.,-0.242620819027496));
#4381=DIRECTION('center_axis',(0.,-1.,0.));
#4382=DIRECTION('ref_axis',(-0.707106781186545,0.,-0.70710678118655));
#4383=DIRECTION('',(-1.,0.,4.20082245601989E-16));
#4384=DIRECTION('',(0.,0.,-1.));
#4385=DIRECTION('',(-0.999999850533971,0.,-0.000546746774480943));
#4386=DIRECTION('',(0.,0.,1.));
#4387=DIRECTION('',(-1.,0.,4.20082245601989E-16));
#4388=DIRECTION('center_axis',(0.,-1.,0.));
#4389=DIRECTION('ref_axis',(0.707106781186554,0.,-0.707106781186541));
#4390=DIRECTION('center_axis',(0.,1.,0.));
#4391=DIRECTION('ref_axis',(0.92673097272537,0.,-0.375725570318934));
#4392=DIRECTION('',(-0.140276659475311,0.,-0.990112346557929));
#4393=DIRECTION('center_axis',(0.,-1.,0.));
#4394=DIRECTION('ref_axis',(0.600924577230446,0.,-0.799305731544826));
#4395=DIRECTION('',(-0.990112346557928,0.,0.140276659475312));
#4396=DIRECTION('',(1.,0.,3.54164198037956E-15));
#4397=DIRECTION('center_axis',(7.36867058784786E-18,-0.649448048330185,
-0.76040596560003));
#4398=DIRECTION('ref_axis',(-1.,0.,-9.69044289655632E-18));
#4399=DIRECTION('',(1.,1.13460508608713E-17,0.));
#4400=DIRECTION('',(4.89651334322012E-16,-0.76040596560003,0.649448048330185));
#4401=DIRECTION('',(-1.,-1.13460508608713E-17,0.));
#4402=DIRECTION('',(-0.544662898606091,0.637718318510594,-0.54466289860613));
#4403=DIRECTION('center_axis',(0.282064441615905,-0.653678143400421,0.702242504848921));
#4404=DIRECTION('ref_axis',(0.927943788243263,0.,-0.37272017098722));
#4405=DIRECTION('',(0.902579214583758,-0.0673487637983382,-0.425223359443249));
#4406=DIRECTION('',(0.615347178867114,0.684837351654826,0.39031481042703));
#4407=DIRECTION('',(-0.902579214583758,0.0673487637983382,0.425223359443249));
#4408=DIRECTION('',(-0.954295294618025,-0.266534911228997,0.135202188466188));
#4409=DIRECTION('',(-0.187688361855077,-0.755417204817139,-0.627788121495157));
#4410=DIRECTION('center_axis',(0.707106781186544,-0.698401123333714,0.110615871041237));
#4411=DIRECTION('ref_axis',(0.154554782932109,0.,-0.987984220052531));
#4412=DIRECTION('',(-7.44667591364944E-16,-0.156434465040231,-0.987688340595138));
#4413=DIRECTION('',(0.295241808844329,0.149461017564724,-0.943659726034149));
#4414=DIRECTION('',(7.44667591364944E-16,0.156434465040231,0.987688340595138));
#4415=DIRECTION('',(-0.689817382760924,-0.646943167226499,0.324986948691504));
#4416=DIRECTION('center_axis',(0.0922997532899455,-0.649882813757317,0.754409095866088));
#4417=DIRECTION('ref_axis',(0.992598585365307,0.,-0.12144154285413));
#4418=DIRECTION('',(0.989868065612492,-0.0222121586558139,-0.140242050357347));
#4419=DIRECTION('',(-0.989868065612492,0.0222121586558139,0.140242050357347));
#4420=DIRECTION('',(-0.990064475815116,-0.140614130616167,9.78637400923553E-16));
#4421=DIRECTION('',(-0.0457296274802005,-0.759610469464634,-0.648768630445585));
#4422=DIRECTION('center_axis',(6.42872110768978E-16,-0.649448048330186,
0.760405965600029));
#4423=DIRECTION('ref_axis',(1.,0.,-8.45432755464634E-16));
#4424=DIRECTION('',(1.,-1.67461340315538E-16,-9.8845825178996E-16));
#4425=DIRECTION('',(-1.,1.67461340315538E-16,9.8845825178996E-16));
#4426=DIRECTION('',(0.0457296274800117,-0.759610469464646,-0.648768630445584));
#4427=DIRECTION('center_axis',(-0.0922997532899475,-0.649882813757308,0.754409095866095));
#4428=DIRECTION('ref_axis',(0.992598585365307,0.,0.121441542854131));
#4429=DIRECTION('',(0.989868065612492,0.0222121586558141,0.140242050357349));
#4430=DIRECTION('',(-0.990064475815114,0.140614130616174,9.78637400923552E-16));
#4431=DIRECTION('',(-0.989868065612492,-0.0222121586558141,-0.140242050357349));
#4432=DIRECTION('',(0.187688361855079,-0.755417204817145,-0.62778812149515));
#4433=DIRECTION('center_axis',(-0.282064441615904,-0.653678143400421,0.702242504848922));
#4434=DIRECTION('ref_axis',(0.927943788243264,0.,0.372720170987219));
#4435=DIRECTION('',(0.902579214583758,0.067348763798338,0.425223359443248));
#4436=DIRECTION('',(-0.954295294618026,0.266534911228995,-0.135202188466189));
#4437=DIRECTION('',(-0.902579214583758,-0.067348763798338,-0.425223359443248));
#4438=DIRECTION('',(0.615347178867083,-0.684837351654839,-0.390314810427055));
#4439=DIRECTION('center_axis',(-0.707106781186553,-0.698401123333705,0.110615871041236));
#4440=DIRECTION('ref_axis',(0.154554782932105,0.,0.987984220052532));
#4441=DIRECTION('',(-2.48222530454981E-16,0.156434465040231,0.987688340595138));
#4442=DIRECTION('',(-0.689817382760916,0.646943167226511,-0.324986948691499));
#4443=DIRECTION('',(2.48222530454981E-16,-0.156434465040231,-0.987688340595138));
#4444=DIRECTION('',(0.702713511301552,-0.711472923612869,4.68101231977314E-15));
#4445=DIRECTION('center_axis',(-0.707106781186555,-0.698401123333703,-0.110615871041236));
#4446=DIRECTION('ref_axis',(-0.154554782932105,0.,0.987984220052532));
#4447=DIRECTION('',(-2.48222530454981E-16,-0.156434465040231,0.987688340595138));
#4448=DIRECTION('',(2.48222530454981E-16,0.156434465040231,-0.987688340595138));
#4449=DIRECTION('',(0.702713511301552,-0.711472923612869,0.));
#4450=DIRECTION('center_axis',(-1.07706754967266E-17,-0.987688340595138,
0.156434465040231));
#4451=DIRECTION('ref_axis',(0.,-0.156434465040231,-0.987688340595138));
#4452=DIRECTION('',(1.,2.20558769628112E-19,7.02435925425917E-17));
#4453=DIRECTION('center_axis',(-1.07706754967266E-17,-0.987688340595138,
0.156434465040231));
#4454=DIRECTION('ref_axis',(1.91897008954444E-15,0.156434465040231,0.987688340595138));
#4455=DIRECTION('',(0.902579214583759,0.0673487637983378,0.425223359443247));
#4456=DIRECTION('center_axis',(-1.07706754967266E-17,-0.987688340595138,
0.156434465040231));
#4457=DIRECTION('ref_axis',(9.59485044772218E-16,0.156434465040231,0.987688340595138));
#4458=DIRECTION('',(0.989868065612492,0.0222121586558139,0.140242050357348));
#4459=DIRECTION('center_axis',(-1.07706754967266E-17,-0.987688340595138,
0.156434465040231));
#4460=DIRECTION('ref_axis',(-1.82759056147089E-16,0.156434465040231,0.987688340595138));
#4461=DIRECTION('',(1.,-1.69956707439214E-16,-1.00421337974674E-15));
#4462=DIRECTION('center_axis',(-1.07706754967266E-17,-0.987688340595138,
0.156434465040231));
#4463=DIRECTION('ref_axis',(1.37069292110317E-16,0.156434465040231,0.987688340595138));
#4464=DIRECTION('',(0.989868065612492,-0.0222121586558139,-0.140242050357348));
#4465=DIRECTION('center_axis',(-1.07706754967266E-17,-0.987688340595138,
0.156434465040231));
#4466=DIRECTION('ref_axis',(3.19828348257406E-16,0.156434465040231,0.987688340595138));
#4467=DIRECTION('',(0.902579214583759,-0.0673487637983378,-0.425223359443246));
#4468=DIRECTION('center_axis',(-1.07706754967266E-17,-0.987688340595138,
0.156434465040231));
#4469=DIRECTION('ref_axis',(-4.56897640367723E-16,0.156434465040231,0.987688340595138));
#4470=DIRECTION('',(1.,2.20558769628112E-19,7.02435925425917E-17));
#4471=DIRECTION('center_axis',(0.,0.,-1.));
#4472=DIRECTION('ref_axis',(-1.,0.,0.));
#4473=DIRECTION('',(0.,-1.,0.));
#4474=DIRECTION('',(-1.,0.,0.));
#4475=DIRECTION('',(0.,1.,0.));
#4476=DIRECTION('',(-1.,0.,0.));
#4477=DIRECTION('center_axis',(0.,0.,-1.));
#4478=DIRECTION('ref_axis',(-0.707106781186547,0.707106781186548,0.));
#4479=DIRECTION('',(0.,-1.,0.));
#4480=DIRECTION('center_axis',(0.,0.,-1.));
#4481=DIRECTION('ref_axis',(-0.707106781186547,-0.707106781186548,0.));
#4482=DIRECTION('',(1.,1.8239378261699E-15,0.));
#4483=DIRECTION('center_axis',(0.,0.,-1.));
#4484=DIRECTION('ref_axis',(0.707106781186548,-0.707106781186547,0.));
#4485=DIRECTION('',(0.,1.,0.));
#4486=DIRECTION('center_axis',(0.,0.,-1.));
#4487=DIRECTION('ref_axis',(0.707106781186547,0.707106781186548,0.));
#4488=DIRECTION('center_axis',(-1.,0.,-2.51316655520519E-16));
#4489=DIRECTION('ref_axis',(-2.51316655520519E-16,0.,1.));
#4490=DIRECTION('',(0.,1.,0.));
#4491=DIRECTION('',(-2.51316655520519E-16,0.,1.));
#4492=DIRECTION('center_axis',(-0.426191028556163,0.,0.904633189297319));
#4493=DIRECTION('ref_axis',(0.904633189297319,0.,0.426191028556163));
#4494=DIRECTION('',(0.,1.,0.));
#4495=DIRECTION('',(0.904633189297319,0.,0.426191028556163));
#4496=DIRECTION('center_axis',(0.707106781186543,0.707106781186552,-5.33123134031044E-16));
#4497=DIRECTION('ref_axis',(-7.53949966561557E-16,0.,-1.));
#4498=DIRECTION('',(7.53949966561557E-16,0.,1.));
#4499=DIRECTION('',(0.645183219460809,-0.6451832194608,0.409239815575638));
#4500=DIRECTION('',(-7.53949966561557E-16,0.,-1.));
#4501=DIRECTION('',(0.577350269189632,-0.577350269189624,-0.577350269189622));
#4502=DIRECTION('center_axis',(0.30136256637293,0.707106781186555,0.639672262638541));
#4503=DIRECTION('ref_axis',(0.904633189297319,0.,-0.426191028556165));
#4504=DIRECTION('',(-0.904633189297319,0.,0.426191028556165));
#4505=DIRECTION('',(0.203680754136458,-0.703115558044999,0.681280164418041));
#4506=DIRECTION('',(0.904633189297319,0.,-0.426191028556165));
#4507=DIRECTION('center_axis',(0.0991905771571889,0.707106781186546,0.700115154387638));
#4508=DIRECTION('ref_axis',(0.990112346557929,0.,-0.140276659475311));
#4509=DIRECTION('',(-0.990112346557929,0.,0.140276659475311));
#4510=DIRECTION('',(0.0497799041567797,-0.706230118708524,0.706230118708546));
#4511=DIRECTION('',(0.990112346557929,0.,-0.140276659475311));
#4512=DIRECTION('center_axis',(6.98945532760476E-16,0.707106781186552,0.707106781186543));
#4513=DIRECTION('ref_axis',(1.,0.,-9.8845825178996E-16));
#4514=DIRECTION('',(-1.,0.,9.8845825178996E-16));
#4515=DIRECTION('',(-0.0497799041569976,-0.706230118708522,0.706230118708532));
#4516=DIRECTION('',(1.,0.,-9.8845825178996E-16));
#4517=DIRECTION('center_axis',(-0.0991905771571898,0.707106781186546,0.700115154387638));
#4518=DIRECTION('ref_axis',(0.990112346557928,0.,0.140276659475312));
#4519=DIRECTION('',(-0.990112346557928,0.,-0.140276659475312));
#4520=DIRECTION('',(-0.203680754136432,-0.703115558044996,0.681280164418052));
#4521=DIRECTION('',(0.990112346557928,0.,0.140276659475312));
#4522=DIRECTION('center_axis',(-0.301362566372929,0.707106781186555,0.639672262638541));
#4523=DIRECTION('ref_axis',(0.904633189297319,0.,0.426191028556163));
#4524=DIRECTION('',(-0.904633189297319,0.,-0.426191028556163));
#4525=DIRECTION('',(-0.645183219460795,-0.64518321946081,0.409239815575645));
#4526=DIRECTION('center_axis',(-0.707106781186555,0.70710678118654,-1.77707711343685E-16));
#4527=DIRECTION('ref_axis',(-2.51316655520519E-16,0.,1.));
#4528=DIRECTION('',(2.51316655520519E-16,0.,-1.));
#4529=DIRECTION('',(-0.577350269189611,-0.577350269189624,-0.577350269189642));
#4530=DIRECTION('center_axis',(0.,0.707106781186546,-0.707106781186549));
#4531=DIRECTION('ref_axis',(-1.,0.,0.));
#4532=DIRECTION('',(1.,0.,0.));
#4533=DIRECTION('center_axis',(1.,0.,-7.53949966561557E-16));
#4534=DIRECTION('ref_axis',(-7.53949966561557E-16,0.,-1.));
#4535=DIRECTION('',(-7.44667591364944E-16,0.156434465040231,-0.987688340595138));
#4536=DIRECTION('',(0.,1.,0.));
#4537=DIRECTION('center_axis',(0.,1.,0.));
#4538=DIRECTION('ref_axis',(0.,0.,1.));
#4539=DIRECTION('',(-1.,0.,-1.80972940748879E-15));
#4540=DIRECTION('',(0.140276680130038,0.,0.990112343631618));
#4541=DIRECTION('center_axis',(0.,1.,0.));
#4542=DIRECTION('ref_axis',(0.799305737812772,0.,0.600924568893285));
#4543=DIRECTION('',(-0.990112346557929,0.,0.140276659475311));
#4544=DIRECTION('center_axis',(0.,1.,0.));
#4545=DIRECTION('ref_axis',(-0.600924577230449,0.,0.799305731544824));
#4546=DIRECTION('',(-0.14027665947531,0.,-0.990112346557929));
#4547=DIRECTION('center_axis',(0.,1.,0.));
#4548=DIRECTION('ref_axis',(-0.79912692645898,0.,-0.601162336984133));
#4549=DIRECTION('',(0.990195633419172,0.,-0.139687535441087));
#4550=DIRECTION('',(-0.140276659475267,0.,-0.990112346557935));
#4551=DIRECTION('center_axis',(0.,1.,0.));
#4552=DIRECTION('ref_axis',(-0.799305731544798,0.,-0.600924577230483));
#4553=DIRECTION('',(0.990112346557935,0.,-0.140276659475268));
#4554=DIRECTION('',(-0.140276659475269,0.,-0.990112346557935));
#4555=DIRECTION('center_axis',(0.,1.,0.));
#4556=DIRECTION('ref_axis',(-0.799305731544823,0.,-0.60092457723045));
#4557=DIRECTION('',(0.990112346557923,0.,-0.140276659475348));
#4558=DIRECTION('',(-0.140276659475365,0.,-0.990112346557921));
#4559=DIRECTION('center_axis',(0.,1.,0.));
#4560=DIRECTION('ref_axis',(-0.799305731544855,0.,-0.600924577230408));
#4561=DIRECTION('',(0.990112346557922,0.,-0.140276659475359));
#4562=DIRECTION('center_axis',(0.,1.,0.));
#4563=DIRECTION('ref_axis',(0.600924577230463,0.,-0.799305731544814));
#4564=DIRECTION('',(0.140276659475251,0.,0.990112346557937));
#4565=DIRECTION('',(0.999999942383363,0.,0.000339460262831999));
#4566=DIRECTION('',(0.830622252852758,0.,0.556836307244607));
#4567=DIRECTION('',(1.,0.,-1.51526502048578E-15));
#4568=DIRECTION('center_axis',(0.,1.,0.));
#4569=DIRECTION('ref_axis',(0.707226788329889,0.,-0.706986753672648));
#4570=DIRECTION('',(-0.000339460262831899,0.,0.999999942383363));
#4571=DIRECTION('center_axis',(0.,1.,0.));
#4572=DIRECTION('ref_axis',(0.706986753672652,0.,0.707226788329886));
#4573=DIRECTION('',(0.999999942383363,0.,-0.000339460262831891));
#4574=DIRECTION('',(0.14027665947525,0.,-0.990112346557937));
#4575=DIRECTION('center_axis',(0.,1.,0.));
#4576=DIRECTION('ref_axis',(-0.600924577230449,0.,-0.799305731544824));
#4577=DIRECTION('',(0.990112346557922,0.,0.140276659475359));
#4578=DIRECTION('center_axis',(0.,1.,0.));
#4579=DIRECTION('ref_axis',(0.799305731544858,0.,-0.600924577230404));
#4580=DIRECTION('',(-0.140276659475365,0.,0.990112346557921));
#4581=DIRECTION('',(0.990112346557923,0.,0.140276659475347));
#4582=DIRECTION('center_axis',(0.,1.,0.));
#4583=DIRECTION('ref_axis',(0.799305731544822,0.,-0.600924577230452));
#4584=DIRECTION('',(-0.140276659475269,0.,0.990112346557935));
#4585=DIRECTION('',(0.990112346557935,0.,0.140276659475269));
#4586=DIRECTION('center_axis',(0.,1.,0.));
#4587=DIRECTION('ref_axis',(0.799305731544799,0.,-0.600924577230482));
#4588=DIRECTION('',(-0.140276659475267,0.,0.990112346557935));
#4589=DIRECTION('',(0.990195633419172,0.,0.139687535441087));
#4590=DIRECTION('center_axis',(0.,1.,0.));
#4591=DIRECTION('ref_axis',(0.79912692645898,0.,-0.601162336984133));
#4592=DIRECTION('',(-0.14027665947531,0.,0.990112346557929));
#4593=DIRECTION('center_axis',(0.,1.,0.));
#4594=DIRECTION('ref_axis',(0.600924577230451,0.,0.799305731544822));
#4595=DIRECTION('',(-0.990112346557929,0.,-0.140276659475311));
#4596=DIRECTION('center_axis',(0.,1.,0.));
#4597=DIRECTION('ref_axis',(-0.799305737812763,0.,0.600924568893297));
#4598=DIRECTION('',(0.140276680130038,0.,-0.990112343631618));
#4599=DIRECTION('',(-1.,0.,1.86628345147282E-15));
#4600=DIRECTION('center_axis',(0.,1.,0.));
#4601=DIRECTION('ref_axis',(-0.706986753672651,0.,0.707226788329887));
#4602=DIRECTION('',(-0.000339460262831899,0.,-0.999999942383363));
#4603=DIRECTION('center_axis',(0.,1.,0.));
#4604=DIRECTION('ref_axis',(-0.707346775099228,0.,-0.706866705791638));
#4605=DIRECTION('center_axis',(-0.000339460262831891,0.,-0.999999942383363));
#4606=DIRECTION('ref_axis',(0.999999942383363,0.,-0.000339460262831891));
#4607=DIRECTION('',(0.,1.,0.));
#4608=DIRECTION('',(0.,-1.,0.));
#4609=DIRECTION('center_axis',(-0.990112346557937,0.,-0.14027665947525));
#4610=DIRECTION('ref_axis',(0.14027665947525,0.,-0.990112346557937));
#4611=DIRECTION('',(0.,-1.,0.));
#4612=DIRECTION('center_axis',(-0.990112343631618,0.,-0.140276680130038));
#4613=DIRECTION('ref_axis',(0.140276680130038,0.,-0.990112343631618));
#4614=DIRECTION('',(0.,1.,0.));
#4615=DIRECTION('',(0.140276680130038,0.,-0.990112343631618));
#4616=DIRECTION('',(0.140276680130038,0.,-0.990112343631618));
#4617=DIRECTION('',(0.,-1.,0.));
#4618=DIRECTION('center_axis',(1.86628345147282E-15,0.,1.));
#4619=DIRECTION('ref_axis',(-1.,0.,1.86628345147282E-15));
#4620=DIRECTION('',(-1.,0.,1.86628345147282E-15));
#4621=DIRECTION('',(-1.,0.,1.86628345147282E-15));
#4622=DIRECTION('',(0.,-1.,0.));
#4623=DIRECTION('center_axis',(-1.80972940748879E-15,0.,1.));
#4624=DIRECTION('ref_axis',(-1.,0.,-1.80972940748879E-15));
#4625=DIRECTION('',(0.,1.,0.));
#4626=DIRECTION('',(-1.,0.,-1.80972940748879E-15));
#4627=DIRECTION('',(-1.,0.,-1.80972940748879E-15));
#4628=DIRECTION('',(0.,-1.,0.));
#4629=DIRECTION('center_axis',(0.990112343631618,0.,-0.140276680130038));
#4630=DIRECTION('ref_axis',(0.140276680130038,0.,0.990112343631618));
#4631=DIRECTION('',(0.140276680130038,0.,0.990112343631618));
#4632=DIRECTION('',(0.140276680130038,0.,0.990112343631618));
#4633=DIRECTION('',(0.,-1.,0.));
#4634=DIRECTION('center_axis',(0.990112346557937,0.,-0.140276659475251));
#4635=DIRECTION('ref_axis',(0.140276659475251,0.,0.990112346557937));
#4636=DIRECTION('',(0.,1.,0.));
#4637=DIRECTION('',(0.,-1.,0.));
#4638=DIRECTION('center_axis',(0.000339460262831999,0.,-0.999999942383363));
#4639=DIRECTION('ref_axis',(0.999999942383363,0.,0.000339460262831999));
#4640=DIRECTION('',(0.,-1.,0.));
#4641=DIRECTION('center_axis',(-0.139687535441087,0.,-0.990195633419172));
#4642=DIRECTION('ref_axis',(0.990195633419172,0.,-0.139687535441087));
#4643=DIRECTION('',(0.,-1.,0.));
#4644=DIRECTION('',(0.,1.,0.));
#4645=DIRECTION('center_axis',(-0.140276659475268,0.,-0.990112346557935));
#4646=DIRECTION('ref_axis',(0.990112346557935,0.,-0.140276659475268));
#4647=DIRECTION('',(0.,-1.,0.));
#4648=DIRECTION('',(0.,1.,0.));
#4649=DIRECTION('center_axis',(-0.140276659475348,0.,-0.990112346557923));
#4650=DIRECTION('ref_axis',(0.990112346557923,0.,-0.140276659475348));
#4651=DIRECTION('',(0.,-1.,0.));
#4652=DIRECTION('',(0.,1.,0.));
#4653=DIRECTION('center_axis',(0.990112346557921,0.,0.140276659475365));
#4654=DIRECTION('ref_axis',(-0.140276659475365,0.,0.990112346557921));
#4655=DIRECTION('',(0.,-1.,0.));
#4656=DIRECTION('',(0.,1.,0.));
#4657=DIRECTION('center_axis',(-0.990112346557935,0.,0.140276659475267));
#4658=DIRECTION('ref_axis',(-0.140276659475267,0.,-0.990112346557935));
#4659=DIRECTION('',(0.,-1.,0.));
#4660=DIRECTION('center_axis',(-0.990112346557935,0.,0.140276659475269));
#4661=DIRECTION('ref_axis',(-0.140276659475269,0.,-0.990112346557935));
#4662=DIRECTION('',(0.,-1.,0.));
#4663=DIRECTION('center_axis',(-0.990112346557921,0.,0.140276659475365));
#4664=DIRECTION('ref_axis',(-0.140276659475365,0.,-0.990112346557921));
#4665=DIRECTION('',(0.,-1.,0.));
#4666=DIRECTION('center_axis',(0.140276659475347,0.,-0.990112346557923));
#4667=DIRECTION('ref_axis',(0.990112346557923,0.,0.140276659475347));
#4668=DIRECTION('',(0.,-1.,0.));
#4669=DIRECTION('center_axis',(0.990112346557935,0.,0.140276659475269));
#4670=DIRECTION('ref_axis',(-0.140276659475269,0.,0.990112346557935));
#4671=DIRECTION('',(0.,1.,0.));
#4672=DIRECTION('',(0.,-1.,0.));
#4673=DIRECTION('center_axis',(0.140276659475269,0.,-0.990112346557935));
#4674=DIRECTION('ref_axis',(0.990112346557935,0.,0.140276659475269));
#4675=DIRECTION('',(0.,-1.,0.));
#4676=DIRECTION('center_axis',(0.990112346557935,0.,0.140276659475267));
#4677=DIRECTION('ref_axis',(-0.140276659475267,0.,0.990112346557935));
#4678=DIRECTION('',(0.,1.,0.));
#4679=DIRECTION('',(0.,-1.,0.));
#4680=DIRECTION('center_axis',(0.139687535441087,0.,-0.990195633419172));
#4681=DIRECTION('ref_axis',(0.990195633419172,0.,0.139687535441087));
#4682=DIRECTION('',(0.,-1.,0.));
#4683=DIRECTION('center_axis',(0.,0.,-1.));
#4684=DIRECTION('ref_axis',(0.707106781186548,-0.707106781186547,0.));
#4685=DIRECTION('center_axis',(-4.41086357881967E-15,0.,1.));
#4686=DIRECTION('ref_axis',(0.707106781186548,-0.707106781186547,0.));
#4687=DIRECTION('',(0.,0.,-1.));
#4688=DIRECTION('',(0.,0.,1.));
#4689=DIRECTION('center_axis',(1.,0.,0.));
#4690=DIRECTION('ref_axis',(0.,-1.,2.91433543964104E-16));
#4691=DIRECTION('',(0.,1.,0.));
#4692=DIRECTION('',(0.,1.,-2.91433543964104E-16));
#4693=DIRECTION('',(0.,0.,1.));
#4694=DIRECTION('center_axis',(0.,0.,-1.));
#4695=DIRECTION('ref_axis',(-0.707106781186547,0.707106781186548,0.));
#4696=DIRECTION('center_axis',(0.000546746774480943,-2.91433500404689E-16,
-0.999999850533971));
#4697=DIRECTION('ref_axis',(-0.999999850533971,6.24500358010048E-16,-0.000546746774480943));
#4698=DIRECTION('',(0.,0.,-1.));
#4699=DIRECTION('',(0.,0.,1.));
#4700=DIRECTION('center_axis',(-1.,0.,0.));
#4701=DIRECTION('ref_axis',(0.,1.,-2.91433543964104E-16));
#4702=DIRECTION('',(0.,-1.,2.91433543964104E-16));
#4703=DIRECTION('',(0.,-1.,0.));
#4704=DIRECTION('',(0.,0.,1.));
#4705=DIRECTION('center_axis',(0.,0.,-1.));
#4706=DIRECTION('ref_axis',(0.707106781186547,0.707106781186548,0.));
#4707=DIRECTION('center_axis',(0.000546746774480943,-2.91433500404689E-16,
-0.999999850533971));
#4708=DIRECTION('ref_axis',(0.999999850533971,6.24500358010048E-16,0.000546746774480943));
#4709=DIRECTION('',(0.,0.,-1.));
#4710=DIRECTION('center_axis',(0.000546746774480943,-2.91433500404689E-16,
-0.999999850533971));
#4711=DIRECTION('ref_axis',(-0.999999850533971,0.,-0.000546746774480943));
#4712=DIRECTION('',(-0.999999850533971,0.,-0.000546746774480943));
#4713=DIRECTION('center_axis',(0.,0.,-1.));
#4714=DIRECTION('ref_axis',(-0.707106781186547,-0.707106781186548,0.));
#4715=DIRECTION('center_axis',(-4.41086357881967E-15,0.,1.));
#4716=DIRECTION('ref_axis',(-0.707106781186547,-0.707106781186548,0.));
#4717=DIRECTION('',(0.,0.,-1.));
#4718=DIRECTION('center_axis',(1.8239378261699E-15,-1.,0.));
#4719=DIRECTION('ref_axis',(-0.999999850533971,-1.82393755355316E-15,-0.000546746774480943));
#4720=DIRECTION('',(-1.,-1.8239378261699E-15,-4.41086357881967E-15));
#4721=DIRECTION('center_axis',(0.,-1.,0.));
#4722=DIRECTION('ref_axis',(0.799305737812772,0.,0.600924568893285));
#4723=DIRECTION('center_axis',(0.,1.,0.));
#4724=DIRECTION('ref_axis',(0.799305737812772,0.,0.600924568893285));
#4725=DIRECTION('',(0.,1.,0.));
#4726=DIRECTION('center_axis',(0.,-1.,0.));
#4727=DIRECTION('ref_axis',(0.,0.,-1.));
#4728=DIRECTION('center_axis',(0.,1.,0.));
#4729=DIRECTION('ref_axis',(0.755075049076355,0.,0.655638368509912));
#4730=DIRECTION('',(-0.990112346557929,0.,0.140276659475311));
#4731=DIRECTION('center_axis',(0.,1.,0.));
#4732=DIRECTION('ref_axis',(-0.600924577230449,0.,0.799305731544824));
#4733=DIRECTION('',(-0.990112346557929,0.,0.140276659475311));
#4734=DIRECTION('center_axis',(0.,1.,0.));
#4735=DIRECTION('ref_axis',(0.,0.,1.));
#4736=DIRECTION('',(4.21761679139266E-15,0.,1.));
#4737=DIRECTION('center_axis',(0.,-1.,0.));
#4738=DIRECTION('ref_axis',(0.755075049076355,0.,0.655638368509912));
#4739=DIRECTION('center_axis',(0.,-1.,0.));
#4740=DIRECTION('ref_axis',(0.706986753672652,0.,0.707226788329886));
#4741=DIRECTION('center_axis',(0.,1.,0.));
#4742=DIRECTION('ref_axis',(0.706986753672652,0.,0.707226788329886));
#4743=DIRECTION('',(0.,-1.,0.));
#4744=DIRECTION('center_axis',(0.999999942383363,0.,0.000339460262831899));
#4745=DIRECTION('ref_axis',(-0.000339460262831899,0.,0.999999942383363));
#4746=DIRECTION('',(0.,1.,0.));
#4747=DIRECTION('center_axis',(0.,-1.,0.));
#4748=DIRECTION('ref_axis',(0.707226788329889,0.,-0.706986753672648));
#4749=DIRECTION('',(0.,-1.,0.));
#4750=DIRECTION('center_axis',(-1.51526502048578E-15,0.,-1.));
#4751=DIRECTION('ref_axis',(1.,0.,-1.51526502048578E-15));
#4752=DIRECTION('',(0.,-1.,0.));
#4753=DIRECTION('center_axis',(0.,-1.,0.));
#4754=DIRECTION('ref_axis',(0.600924577230463,0.,-0.799305731544814));
#4755=DIRECTION('',(0.,-1.,0.));
#4756=DIRECTION('center_axis',(-0.140276659475359,0.,-0.990112346557922));
#4757=DIRECTION('ref_axis',(0.990112346557922,0.,-0.140276659475359));
#4758=DIRECTION('',(0.,1.,0.));
#4759=DIRECTION('center_axis',(0.,-1.,0.));
#4760=DIRECTION('ref_axis',(-0.799305731544855,0.,-0.600924577230408));
#4761=DIRECTION('center_axis',(0.,-1.,0.));
#4762=DIRECTION('ref_axis',(-0.799305731544823,0.,-0.60092457723045));
#4763=DIRECTION('center_axis',(0.,-1.,0.));
#4764=DIRECTION('ref_axis',(-0.799305731544798,0.,-0.600924577230483));
#4765=DIRECTION('center_axis',(0.,-1.,0.));
#4766=DIRECTION('ref_axis',(-0.79912692645898,0.,-0.601162336984133));
#4767=DIRECTION('',(0.,-1.,0.));
#4768=DIRECTION('center_axis',(-0.990112346557929,0.,0.14027665947531));
#4769=DIRECTION('ref_axis',(-0.14027665947531,0.,-0.990112346557929));
#4770=DIRECTION('',(0.,1.,0.));
#4771=DIRECTION('center_axis',(0.,-1.,0.));
#4772=DIRECTION('ref_axis',(-0.600924577230449,0.,0.799305731544824));
#4773=DIRECTION('',(0.,-1.,0.));
#4774=DIRECTION('center_axis',(0.140276659475311,0.,0.990112346557929));
#4775=DIRECTION('ref_axis',(-0.990112346557929,0.,0.140276659475311));
#4776=DIRECTION('center_axis',(0.,-1.,0.));
#4777=DIRECTION('ref_axis',(0.600924577230451,0.,0.799305731544822));
#4778=DIRECTION('center_axis',(0.,1.,0.));
#4779=DIRECTION('ref_axis',(0.600924577230451,0.,0.799305731544822));
#4780=DIRECTION('',(0.,1.,0.));
#4781=DIRECTION('',(0.,-1.,0.));
#4782=DIRECTION('center_axis',(0.990112346557929,0.,0.14027665947531));
#4783=DIRECTION('ref_axis',(-0.14027665947531,0.,0.990112346557929));
#4784=DIRECTION('',(0.,1.,0.));
#4785=DIRECTION('center_axis',(0.,-1.,0.));
#4786=DIRECTION('ref_axis',(0.79912692645898,0.,-0.601162336984133));
#4787=DIRECTION('center_axis',(0.,-1.,0.));
#4788=DIRECTION('ref_axis',(0.799305731544799,0.,-0.600924577230482));
#4789=DIRECTION('center_axis',(0.,-1.,0.));
#4790=DIRECTION('ref_axis',(0.799305731544822,0.,-0.600924577230452));
#4791=DIRECTION('center_axis',(0.,-1.,0.));
#4792=DIRECTION('ref_axis',(0.799305731544858,0.,-0.600924577230404));
#4793=DIRECTION('',(0.,-1.,0.));
#4794=DIRECTION('center_axis',(0.140276659475359,0.,-0.990112346557922));
#4795=DIRECTION('ref_axis',(0.990112346557922,0.,0.140276659475359));
#4796=DIRECTION('',(0.,1.,0.));
#4797=DIRECTION('center_axis',(0.,-1.,0.));
#4798=DIRECTION('ref_axis',(-0.600924577230449,0.,-0.799305731544824));
#4799=DIRECTION('center_axis',(0.,-1.,0.));
#4800=DIRECTION('ref_axis',(-0.707346775099228,0.,-0.706866705791638));
#4801=DIRECTION('',(0.,-1.,0.));
#4802=DIRECTION('center_axis',(-0.999999942383363,0.,0.000339460262831899));
#4803=DIRECTION('ref_axis',(-0.000339460262831899,0.,-0.999999942383363));
#4804=DIRECTION('',(0.,1.,0.));
#4805=DIRECTION('center_axis',(0.,-1.,0.));
#4806=DIRECTION('ref_axis',(-0.799305737812763,0.,0.600924568893297));
#4807=DIRECTION('center_axis',(0.,1.,0.));
#4808=DIRECTION('ref_axis',(-0.799305737812763,0.,0.600924568893297));
#4809=DIRECTION('',(0.,-1.,0.));
#4810=DIRECTION('center_axis',(0.,-1.,0.));
#4811=DIRECTION('ref_axis',(-0.706986753672651,0.,0.707226788329887));
#4812=DIRECTION('center_axis',(0.,1.,0.));
#4813=DIRECTION('ref_axis',(-0.706986753672651,0.,0.707226788329887));
#4814=DIRECTION('center_axis',(0.,-1.,0.));
#4815=DIRECTION('ref_axis',(0.,0.,-1.));
#4816=DIRECTION('',(4.21761679139266E-15,0.,-1.));
#4817=DIRECTION('',(-1.,0.,-1.16007304512967E-16));
#4818=DIRECTION('center_axis',(0.,1.,0.));
#4819=DIRECTION('ref_axis',(-0.707106781186549,0.,0.707106781186546));
#4820=DIRECTION('center_axis',(0.,1.,0.));
#4821=DIRECTION('ref_axis',(-0.707106781186551,0.,0.707106781186544));
#4822=DIRECTION('center_axis',(0.,-1.,0.));
#4823=DIRECTION('ref_axis',(-0.707106781186551,0.,0.707106781186544));
#4824=DIRECTION('',(0.,-1.,0.));
#4825=DIRECTION('center_axis',(0.,-1.,0.));
#4826=DIRECTION('ref_axis',(-0.707106781186551,0.,0.707106781186544));
#4827=DIRECTION('',(0.,1.,0.));
#4828=DIRECTION('center_axis',(0.,1.,0.));
#4829=DIRECTION('ref_axis',(0.,0.,1.));
#4830=DIRECTION('',(0.,0.,1.));
#4831=DIRECTION('',(-1.,0.,-1.16007304512967E-16));
#4832=DIRECTION('',(4.21761679139266E-15,0.,-1.));
#4833=DIRECTION('',(1.,0.,-1.85037170770859E-16));
#4834=DIRECTION('center_axis',(-1.,0.,0.));
#4835=DIRECTION('ref_axis',(0.,0.,1.));
#4836=DIRECTION('',(0.,0.,1.));
#4837=DIRECTION('',(0.,-1.,0.));
#4838=DIRECTION('center_axis',(0.,1.,0.));
#4839=DIRECTION('ref_axis',(-0.600924577230452,0.,-0.799305731544821));
#4840=DIRECTION('center_axis',(0.,-1.,0.));
#4841=DIRECTION('ref_axis',(-0.600924577230452,0.,-0.799305731544821));
#4842=DIRECTION('',(0.,-1.,0.));
#4843=DIRECTION('',(0.,1.,0.));
#4844=DIRECTION('center_axis',(0.14027665947531,0.,-0.990112346557929));
#4845=DIRECTION('ref_axis',(-0.990112346557929,0.,-0.14027665947531));
#4846=DIRECTION('',(-0.990112346557929,0.,-0.14027665947531));
#4847=DIRECTION('center_axis',(0.,1.,0.));
#4848=DIRECTION('ref_axis',(0.600924577230446,0.,-0.799305731544826));
#4849=DIRECTION('center_axis',(0.,-1.,0.));
#4850=DIRECTION('ref_axis',(0.600924577230446,0.,-0.799305731544826));
#4851=DIRECTION('',(0.,-1.,0.));
#4852=DIRECTION('',(0.,1.,0.));
#4853=DIRECTION('center_axis',(0.,1.,0.));
#4854=DIRECTION('ref_axis',(0.,0.,1.));
#4855=DIRECTION('',(-0.140276659475311,0.,-0.990112346557929));
#4856=DIRECTION('',(-0.990112346557928,0.,0.140276659475312));
#4857=DIRECTION('center_axis',(0.990112346557929,0.,-0.140276659475311));
#4858=DIRECTION('ref_axis',(-0.140276659475311,0.,-0.990112346557929));
#4859=DIRECTION('center_axis',(-0.140276659475312,0.,-0.990112346557928));
#4860=DIRECTION('ref_axis',(-0.990112346557928,0.,0.140276659475312));
#4861=DIRECTION('center_axis',(1.,0.,0.));
#4862=DIRECTION('ref_axis',(0.,0.,-1.));
#4863=DIRECTION('',(0.,0.,-1.));
#4864=DIRECTION('',(0.,-1.,0.));
#4865=DIRECTION('',(0.,0.,-1.));
#4866=DIRECTION('',(0.,1.,0.));
#4867=DIRECTION('center_axis',(3.70074341541719E-16,0.,1.));
#4868=DIRECTION('ref_axis',(1.,0.,-3.70074341541719E-16));
#4869=DIRECTION('',(1.,0.,-3.70074341541719E-16));
#4870=DIRECTION('',(0.,-1.,0.));
#4871=DIRECTION('',(1.,0.,-3.70074341541719E-16));
#4872=DIRECTION('center_axis',(0.,1.,0.));
#4873=DIRECTION('ref_axis',(0.,0.,1.));
#4874=DIRECTION('',(4.21761679139266E-15,0.,1.));
#4875=DIRECTION('',(-1.,0.,0.));
#4876=DIRECTION('center_axis',(-0.990112346557929,0.,-0.140276659475311));
#4877=DIRECTION('ref_axis',(-0.140276659475311,0.,0.990112346557929));
#4878=DIRECTION('',(-0.140276659475311,0.,0.990112346557929));
#4879=DIRECTION('',(0.,1.,0.));
#4880=DIRECTION('center_axis',(0.,1.,0.));
#4881=DIRECTION('ref_axis',(0.,0.,1.));
#4882=DIRECTION('',(0.990112346557931,0.,0.140276659475292));
#4883=DIRECTION('center_axis',(1.85037170770859E-16,0.,1.));
#4884=DIRECTION('ref_axis',(1.,0.,-1.85037170770859E-16));
#4885=DIRECTION('',(0.,1.,0.));
#4886=DIRECTION('',(1.,0.,-1.85037170770859E-16));
#4887=DIRECTION('center_axis',(0.,0.,1.));
#4888=DIRECTION('ref_axis',(-1.,0.,0.));
#4889=DIRECTION('',(0.,-1.,0.));
#4890=DIRECTION('',(-1.,0.,0.));
#4891=DIRECTION('',(0.,1.,0.));
#4892=DIRECTION('',(-1.,0.,0.));
#4893=DIRECTION('center_axis',(0.140276659475292,0.,-0.990112346557931));
#4894=DIRECTION('ref_axis',(0.990112346557931,0.,0.140276659475292));
#4895=DIRECTION('',(0.,-1.,0.));
#4896=DIRECTION('',(0.,1.,0.));
#4897=DIRECTION('',(0.990112346557931,0.,0.140276659475292));
#4898=DIRECTION('',(0.,-1.,0.));
#4899=DIRECTION('center_axis',(-1.16007304512967E-16,0.,1.));
#4900=DIRECTION('ref_axis',(-1.,0.,-1.16007304512967E-16));
#4901=DIRECTION('',(-1.,0.,-1.16007304512967E-16));
#4902=DIRECTION('',(0.,-1.,0.));
#4903=DIRECTION('',(0.,-1.,0.));
#4904=DIRECTION('center_axis',(0.,-1.,0.));
#4905=DIRECTION('ref_axis',(0.755075049076355,0.,0.655638368509912));
#4906=DIRECTION('',(0.,-1.,0.));
#4907=DIRECTION('center_axis',(0.,-1.,0.));
#4908=DIRECTION('ref_axis',(0.755075049076355,0.,0.655638368509912));
#4909=DIRECTION('',(0.,1.,0.));
#4910=DIRECTION('center_axis',(1.,0.,-4.21761679139266E-15));
#4911=DIRECTION('ref_axis',(4.21761679139266E-15,0.,1.));
#4912=DIRECTION('',(4.21761679139266E-15,0.,1.));
#4913=DIRECTION('',(4.21761679139266E-15,0.,1.));
#4914=DIRECTION('center_axis',(0.,-1.,0.));
#4915=DIRECTION('ref_axis',(0.286440363736372,0.,0.958098073279857));
#4916=DIRECTION('center_axis',(0.,-1.,0.));
#4917=DIRECTION('ref_axis',(0.286440363736372,0.,0.958098073279857));
#4918=DIRECTION('',(0.,-1.,0.));
#4919=DIRECTION('',(0.,1.,0.));
#4920=DIRECTION('center_axis',(0.426191028556162,0.,0.90463318929732));
#4921=DIRECTION('ref_axis',(-0.90463318929732,0.,0.426191028556162));
#4922=DIRECTION('',(0.90463318929732,0.,-0.426191028556162));
#4923=DIRECTION('',(0.,1.,0.));
#4924=DIRECTION('center_axis',(0.,-1.,0.));
#4925=DIRECTION('ref_axis',(0.844449829343391,0.,0.535634656946241));
#4926=DIRECTION('center_axis',(0.,-1.,0.));
#4927=DIRECTION('ref_axis',(0.844449829343391,0.,0.535634656946241));
#4928=DIRECTION('center_axis',(0.,-1.,0.));
#4929=DIRECTION('ref_axis',(0.707106781186549,0.,0.707106781186546));
#4930=DIRECTION('center_axis',(0.,-1.,0.));
#4931=DIRECTION('ref_axis',(0.707106781186549,0.,0.707106781186546));
#4932=DIRECTION('center_axis',(0.,1.,0.));
#4933=DIRECTION('ref_axis',(0.707106781186549,0.,0.707106781186546));
#4934=DIRECTION('center_axis',(0.,-1.,0.));
#4935=DIRECTION('ref_axis',(-0.707106781186549,0.,0.707106781186546));
#4936=DIRECTION('center_axis',(0.,-1.,0.));
#4937=DIRECTION('ref_axis',(-0.707106781186549,0.,0.707106781186546));
#4938=DIRECTION('center_axis',(0.,-1.,0.));
#4939=DIRECTION('ref_axis',(-0.844449829343391,0.,0.535634656946242));
#4940=DIRECTION('center_axis',(0.,-1.,0.));
#4941=DIRECTION('ref_axis',(-0.844449829343391,0.,0.535634656946242));
#4942=DIRECTION('',(0.,-1.,0.));
#4943=DIRECTION('center_axis',(0.,1.,0.));
#4944=DIRECTION('ref_axis',(0.,0.,1.));
#4945=DIRECTION('',(0.990112346557929,0.,-0.140276659475311));
#4946=DIRECTION('center_axis',(0.,-1.,0.));
#4947=DIRECTION('ref_axis',(0.070312351127208,0.,0.9975250238861));
#4948=DIRECTION('',(1.,0.,-1.00421337974674E-15));
#4949=DIRECTION('center_axis',(0.,-1.,0.));
#4950=DIRECTION('ref_axis',(-0.0703123511272069,0.,0.9975250238861));
#4951=DIRECTION('',(0.990112346557929,0.,0.140276659475311));
#4952=DIRECTION('center_axis',(0.,-1.,0.));
#4953=DIRECTION('ref_axis',(-0.286440363736373,0.,0.958098073279857));
#4954=DIRECTION('',(0.90463318929732,0.,0.426191028556162));
#4955=DIRECTION('',(4.21761679139266E-15,0.,-1.));
#4956=DIRECTION('center_axis',(0.,-1.,0.));
#4957=DIRECTION('ref_axis',(-0.755075049076355,0.,0.655638368509912));
#4958=DIRECTION('',(-0.990112346557929,0.,-0.140276659475311));
#4959=DIRECTION('center_axis',(0.,-1.,0.));
#4960=DIRECTION('ref_axis',(-0.0703123511272069,0.,0.9975250238861));
#4961=DIRECTION('',(-1.,0.,1.03302805765865E-15));
#4962=DIRECTION('center_axis',(0.,1.,0.));
#4963=DIRECTION('ref_axis',(-0.932347479490726,0.,0.361563517915303));
#4964=DIRECTION('',(-1.,0.,1.03302805765865E-15));
#4965=DIRECTION('center_axis',(0.,-1.,0.));
#4966=DIRECTION('ref_axis',(0.070312351127208,0.,0.9975250238861));
#4967=DIRECTION('',(-0.990112346557929,0.,0.140276659475311));
#4968=DIRECTION('center_axis',(0.,-1.,0.));
#4969=DIRECTION('ref_axis',(-0.286440363736373,0.,0.958098073279857));
#4970=DIRECTION('',(0.,-1.,0.));
#4971=DIRECTION('',(0.,1.,0.));
#4972=DIRECTION('center_axis',(-0.140276659475311,0.,0.990112346557929));
#4973=DIRECTION('ref_axis',(-0.990112346557929,0.,-0.140276659475311));
#4974=DIRECTION('',(0.,1.,0.));
#4975=DIRECTION('center_axis',(0.,-1.,0.));
#4976=DIRECTION('ref_axis',(-0.755075049076355,0.,0.655638368509912));
#4977=DIRECTION('center_axis',(0.,-1.,0.));
#4978=DIRECTION('ref_axis',(-0.755075049076355,0.,0.655638368509912));
#4979=DIRECTION('center_axis',(0.,1.,0.));
#4980=DIRECTION('ref_axis',(-0.755075049076355,0.,0.655638368509912));
#4981=DIRECTION('',(0.,-1.,0.));
#4982=DIRECTION('',(0.,1.,0.));
#4983=DIRECTION('center_axis',(-0.140276659475311,0.,0.990112346557929));
#4984=DIRECTION('ref_axis',(-0.990112346557929,0.,-0.140276659475311));
#4985=DIRECTION('',(-0.990112346557929,0.,-0.140276659475311));
#4986=DIRECTION('',(0.,1.,0.));
#4987=DIRECTION('center_axis',(0.,-1.,0.));
#4988=DIRECTION('ref_axis',(-0.0703123511272069,0.,0.9975250238861));
#4989=DIRECTION('',(0.,-1.,0.));
#4990=DIRECTION('center_axis',(1.00421337974674E-15,0.,1.));
#4991=DIRECTION('ref_axis',(-1.,0.,1.00421337974674E-15));
#4992=DIRECTION('',(0.,1.,0.));
#4993=DIRECTION('center_axis',(0.,-1.,0.));
#4994=DIRECTION('ref_axis',(0.070312351127208,0.,0.9975250238861));
#4995=DIRECTION('',(0.,-1.,0.));
#4996=DIRECTION('center_axis',(0.140276659475311,0.,0.990112346557929));
#4997=DIRECTION('ref_axis',(-0.990112346557929,0.,0.140276659475311));
#4998=DIRECTION('center_axis',(0.,-1.,0.));
#4999=DIRECTION('ref_axis',(0.070312351127208,0.,0.9975250238861));
#5000=DIRECTION('',(0.,-1.,0.));
#5001=DIRECTION('',(0.,1.,0.));
#5002=DIRECTION('center_axis',(0.140276659475311,0.,0.990112346557929));
#5003=DIRECTION('ref_axis',(-0.990112346557929,0.,0.140276659475311));
#5004=DIRECTION('center_axis',(0.,-1.,0.));
#5005=DIRECTION('ref_axis',(-0.0703123511272069,0.,0.9975250238861));
#5006=DIRECTION('',(0.,-1.,0.));
#5007=DIRECTION('center_axis',(1.03302805765865E-15,0.,1.));
#5008=DIRECTION('ref_axis',(-1.,0.,1.03302805765865E-15));
#5009=DIRECTION('',(0.,1.,0.));
#5010=DIRECTION('',(-1.,0.,1.03302805765865E-15));
#5011=DIRECTION('',(0.,-1.,0.));
#5012=DIRECTION('center_axis',(0.,-1.,0.));
#5013=DIRECTION('ref_axis',(0.0703123511271985,0.,-0.997525023886101));
#5014=DIRECTION('center_axis',(0.,-1.,0.));
#5015=DIRECTION('ref_axis',(0.0703123511271985,0.,-0.997525023886101));
#5016=DIRECTION('center_axis',(0.,-1.,0.));
#5017=DIRECTION('ref_axis',(-0.707106781186545,0.,-0.70710678118655));
#5018=DIRECTION('center_axis',(1.1206362147082E-17,-0.987688340595138,-0.156434465040231));
#5019=DIRECTION('ref_axis',(-9.13795280735446E-17,0.156434465040231,-0.987688340595138));
#5020=DIRECTION('',(0.,1.,0.));
#5021=DIRECTION('center_axis',(0.,-1.,0.));
#5022=DIRECTION('ref_axis',(0.707106781186554,0.,-0.707106781186541));
#5023=DIRECTION('',(0.,-1.,0.));
#5024=DIRECTION('center_axis',(1.1206362147082E-17,-0.987688340595138,-0.156434465040231));
#5025=DIRECTION('ref_axis',(-2.74138584220634E-16,0.156434465040231,-0.987688340595138));
#5026=DIRECTION('center_axis',(0.,-1.,0.));
#5027=DIRECTION('ref_axis',(-0.0703123511272221,0.,-0.997525023886099));
#5028=DIRECTION('center_axis',(0.,-1.,0.));
#5029=DIRECTION('ref_axis',(-0.0703123511272221,0.,-0.997525023886099));
#5030=DIRECTION('center_axis',(-1.1206362147082E-17,0.987688340595138,0.156434465040231));
#5031=DIRECTION('ref_axis',(0.,-0.156434465040231,0.987688340595138));
#5032=DIRECTION('',(1.,-6.87266108418364E-16,4.41086357881967E-15));
#5033=DIRECTION('center_axis',(4.41086357881967E-15,0.,-1.));
#5034=DIRECTION('ref_axis',(1.,0.,4.41086357881967E-15));
#5035=DIRECTION('center_axis',(-0.140276659475312,0.,0.990112346557928));
#5036=DIRECTION('ref_axis',(0.990112346557928,0.,0.140276659475312));
#5037=DIRECTION('',(0.,1.,0.));
#5038=DIRECTION('center_axis',(9.8845825178996E-16,0.,1.));
#5039=DIRECTION('ref_axis',(1.,0.,-9.8845825178996E-16));
#5040=DIRECTION('',(0.,1.,0.));
#5041=DIRECTION('center_axis',(0.140276659475311,0.,0.990112346557929));
#5042=DIRECTION('ref_axis',(0.990112346557929,0.,-0.140276659475311));
#5043=DIRECTION('',(0.,1.,0.));
#5044=DIRECTION('center_axis',(0.426191028556165,0.,0.904633189297319));
#5045=DIRECTION('ref_axis',(0.904633189297319,0.,-0.426191028556165));
#5046=DIRECTION('center_axis',(0.,-1.,0.));
#5047=DIRECTION('ref_axis',(0.,0.,-1.));
#5048=DIRECTION('center_axis',(0.556836307244607,0.,-0.830622252852758));
#5049=DIRECTION('ref_axis',(0.830622252852758,0.,0.556836307244607));
#5050=DIRECTION('center_axis',(0.,-1.,0.));
#5051=DIRECTION('ref_axis',(0.,0.,-1.));
#5052=DIRECTION('',(-0.990112346557929,0.,-0.140276659475311));
#5053=DIRECTION('center_axis',(-0.140276659475311,0.,0.990112346557929));
#5054=DIRECTION('ref_axis',(-0.990112346557929,0.,-0.140276659475311));
#5055=DIRECTION('center_axis',(0.,1.,0.));
#5056=DIRECTION('ref_axis',(0.,0.,1.));
#5057=DIRECTION('',(4.21761679139266E-15,0.,-1.));
#5058=DIRECTION('center_axis',(0.,1.,0.));
#5059=DIRECTION('ref_axis',(0.999999850533971,0.,0.000546746774480943));
#5060=DIRECTION('center_axis',(-1.,0.,-4.21761679139266E-15));
#5061=DIRECTION('ref_axis',(4.21761679139266E-15,0.,-1.));
#5062=DIRECTION('center_axis',(3.54164198037956E-15,0.,-1.));
#5063=DIRECTION('ref_axis',(1.,0.,3.54164198037956E-15));
#5064=DIRECTION('center_axis',(0.,-1.,0.));
#5065=DIRECTION('ref_axis',(0.,0.,-1.));
#5066=DIRECTION('center_axis',(0.,1.,0.));
#5067=DIRECTION('ref_axis',(-0.932347479490726,0.,0.361563517915303));
#5068=DIRECTION('center_axis',(0.,1.,0.));
#5069=DIRECTION('ref_axis',(-0.932347479490726,0.,0.361563517915303));
#5070=DIRECTION('center_axis',(0.,-1.,0.));
#5071=DIRECTION('ref_axis',(0.,0.,-1.));
#5072=DIRECTION('center_axis',(0.,1.,0.));
#5073=DIRECTION('ref_axis',(0.970121197672965,0.,-0.242620819027496));
#5074=DIRECTION('center_axis',(0.,1.,0.));
#5075=DIRECTION('ref_axis',(0.970121197672965,0.,-0.242620819027496));
#5076=DIRECTION('center_axis',(0.,-1.,0.));
#5077=DIRECTION('ref_axis',(0.,0.,-1.));
#5078=DIRECTION('center_axis',(0.,1.,0.));
#5079=DIRECTION('ref_axis',(0.92673097272537,0.,-0.375725570318934));
#5080=DIRECTION('center_axis',(0.,1.,0.));
#5081=DIRECTION('ref_axis',(0.92673097272537,0.,-0.375725570318934));
#5082=DIRECTION('center_axis',(-0.426191028556162,0.,0.90463318929732));
#5083=DIRECTION('ref_axis',(-0.90463318929732,0.,-0.426191028556162));
#5084=CARTESIAN_POINT('',(0.,0.,0.));
#5085=CARTESIAN_POINT('Origin',(40.2341056803717,12.,-38.477833309881));
#5086=CARTESIAN_POINT('',(40.2341056803717,10.,-37.440083309881));
#5087=CARTESIAN_POINT('Origin',(40.2341056803717,10.,-38.477833309881));
#5088=CARTESIAN_POINT('',(40.2341056803717,14.,-37.440083309881));
#5089=CARTESIAN_POINT('',(40.2341056803717,12.,-37.440083309881));
#5090=CARTESIAN_POINT('Origin',(40.2341056803717,14.,-38.477833309881));
#5091=CARTESIAN_POINT('Origin',(40.2341056803717,14.,-38.477833309881));
#5092=CARTESIAN_POINT('Origin',(13.4022116966759,12.,-34.6762565035069));
#5093=CARTESIAN_POINT('',(13.4022116966759,10.,-33.6385065035069));
#5094=CARTESIAN_POINT('Origin',(13.4022116966759,10.,-34.6762565035069));
#5095=CARTESIAN_POINT('',(13.4022116966759,14.,-33.6385065035069));
#5096=CARTESIAN_POINT('',(13.4022116966759,12.,-33.6385065035069));
#5097=CARTESIAN_POINT('Origin',(13.4022116966759,14.,-34.6762565035069));
#5098=CARTESIAN_POINT('Origin',(13.4022116966759,14.,-34.6762565035069));
#5099=CARTESIAN_POINT('Origin',(-13.4021856085824,12.,-34.6764752284408));
#5100=CARTESIAN_POINT('',(-13.4021856085824,10.,-33.6387252284407));
#5101=CARTESIAN_POINT('Origin',(-13.4021856085824,10.,-34.6764752284408));
#5102=CARTESIAN_POINT('',(-13.4021856085824,14.,-33.6387252284407));
#5103=CARTESIAN_POINT('',(-13.4021856085824,12.,-33.6387252284407));
#5104=CARTESIAN_POINT('Origin',(-13.4021856085824,14.,-34.6764752284408));
#5105=CARTESIAN_POINT('Origin',(-13.4021856085824,14.,-34.6764752284408));
#5106=CARTESIAN_POINT('Origin',(-40.2341413588552,12.,-38.4778558763882));
#5107=CARTESIAN_POINT('',(-40.2341413588552,10.,-37.4401058763882));
#5108=CARTESIAN_POINT('Origin',(-40.2341413588552,10.,-38.4778558763882));
#5109=CARTESIAN_POINT('',(-40.2341413588552,14.,-37.4401058763882));
#5110=CARTESIAN_POINT('',(-40.2341413588552,12.,-37.4401058763882));
#5111=CARTESIAN_POINT('Origin',(-40.2341413588552,14.,-38.4778558763882));
#5112=CARTESIAN_POINT('Origin',(-40.2341413588552,14.,-38.4778558763882));
#5113=CARTESIAN_POINT('Origin',(2.63295150551828E-5,12.,29.042987559859));
#5114=CARTESIAN_POINT('',(2.63295150553099E-5,10.,30.080737559859));
#5115=CARTESIAN_POINT('Origin',(2.63295150551828E-5,10.,29.042987559859));
#5116=CARTESIAN_POINT('',(2.63295150550557E-5,14.,30.080737559859));
#5117=CARTESIAN_POINT('',(2.63295150553099E-5,12.,30.080737559859));
#5118=CARTESIAN_POINT('Origin',(2.63295150551828E-5,14.,29.042987559859));
#5119=CARTESIAN_POINT('Origin',(2.63295150551828E-5,14.,29.042987559859));
#5120=CARTESIAN_POINT('Origin',(-1.74575072506636E-5,12.,1.94264162359399));
#5121=CARTESIAN_POINT('',(-1.74575072505365E-5,10.,2.98039162359399));
#5122=CARTESIAN_POINT('Origin',(-1.74575072506636E-5,10.,1.94264162359399));
#5123=CARTESIAN_POINT('',(-1.74575072507907E-5,14.,2.98039162359399));
#5124=CARTESIAN_POINT('',(-1.74575072505365E-5,12.,2.98039162359399));
#5125=CARTESIAN_POINT('Origin',(-1.74575072506636E-5,14.,1.94264162359399));
#5126=CARTESIAN_POINT('Origin',(-1.74575072506636E-5,14.,1.94264162359399));
#5127=CARTESIAN_POINT('Origin',(4.85,12.2,-3.00698074828152));
#5128=CARTESIAN_POINT('',(4.85,12.2,33.9930192517185));
#5129=CARTESIAN_POINT('',(4.85,12.2,-3.00698074828152));
#5130=CARTESIAN_POINT('',(4.85,12.2,-0.0686072183345996));
#5131=CARTESIAN_POINT('',(4.85,10.,33.9930192517185));
#5132=CARTESIAN_POINT('',(4.85,12.2,33.9930192517185));
#5133=CARTESIAN_POINT('',(4.85,10.,-3.00698074828152));
#5134=CARTESIAN_POINT('',(4.85,10.,24.7430192517185));
#5135=CARTESIAN_POINT('',(4.85,12.2,-3.00698074828152));
#5136=CARTESIAN_POINT('Origin',(-4.85,12.2,-3.00698074828152));
#5137=CARTESIAN_POINT('',(-4.85,12.2,-3.00698074828152));
#5138=CARTESIAN_POINT('',(-2.425,12.2,-3.00698074828152));
#5139=CARTESIAN_POINT('',(-4.85,10.,-3.00698074828152));
#5140=CARTESIAN_POINT('',(2.425,10.,-3.00698074828152));
#5141=CARTESIAN_POINT('',(-4.85,12.2,-3.00698074828152));
#5142=CARTESIAN_POINT('Origin',(-4.85,12.2,33.9930192517185));
#5143=CARTESIAN_POINT('',(-4.85,12.2,33.9930192517185));
#5144=CARTESIAN_POINT('',(-4.85,12.2,18.4313927816654));
#5145=CARTESIAN_POINT('',(-4.85,10.,33.9930192517185));
#5146=CARTESIAN_POINT('',(-4.85,10.,6.24301925171848));
#5147=CARTESIAN_POINT('',(-4.85,12.2,33.9930192517185));
#5148=CARTESIAN_POINT('Origin',(4.85,12.2,33.9930192517185));
#5149=CARTESIAN_POINT('',(2.425,12.2,33.9930192517185));
#5150=CARTESIAN_POINT('',(-2.425,10.,33.9930192517185));
#5151=CARTESIAN_POINT('Origin',(-5.55111512312578E-16,10.,15.4930192517185));
#5152=CARTESIAN_POINT('Origin',(42.7552276485254,0.,-41.7134730132474));
#5153=CARTESIAN_POINT('',(42.6149509890501,10.,-42.7035853598054));
#5154=CARTESIAN_POINT('',(43.7453399950833,10.,-41.8537496727228));
#5155=CARTESIAN_POINT('Origin',(42.7552276485254,10.,-41.7134730132474));
#5156=CARTESIAN_POINT('',(42.6149509890501,4.2,-42.7035853598054));
#5157=CARTESIAN_POINT('',(42.6149509890501,0.,-42.7035853598054));
#5158=CARTESIAN_POINT('',(43.7453399950833,4.2,-41.8537496727228));
#5159=CARTESIAN_POINT('Origin',(42.7552276485254,4.2,-41.7134730132474));
#5160=CARTESIAN_POINT('',(43.7453399950833,0.,-41.8537496727228));
#5161=CARTESIAN_POINT('Origin',(44.685193613568,0.,-35.2199969507846));
#5162=CARTESIAN_POINT('',(43.8435336567162,4.2,-41.1606710301318));
#5163=CARTESIAN_POINT('',(44.0612935711127,4.2,-39.6236599504844));
#5164=CARTESIAN_POINT('',(43.8435336567162,7.,-41.1606710301318));
#5165=CARTESIAN_POINT('',(43.8435336567162,3.5,-41.1606710301318));
#5166=CARTESIAN_POINT('',(44.685193613568,7.,-35.2199969507846));
#5167=CARTESIAN_POINT('',(45.5938607015687,7.,-28.8063675836078));
#5168=CARTESIAN_POINT('',(44.685193613568,10.,-35.2199969507846));
#5169=CARTESIAN_POINT('',(44.685193613568,6.1,-35.2199969507846));
#5170=CARTESIAN_POINT('',(43.605063335608,10.,-42.8438620192807));
#5171=CARTESIAN_POINT('Origin',(-42.7552276485255,0.,-41.7134730132475));
#5172=CARTESIAN_POINT('',(-43.7453399950834,10.,-41.8537496727228));
#5173=CARTESIAN_POINT('',(-42.6149509890502,10.,-42.7035853598054));
#5174=CARTESIAN_POINT('Origin',(-42.7552276485255,10.,-41.7134730132475));
#5175=CARTESIAN_POINT('',(-43.7453399950834,4.2,-41.8537496727228));
#5176=CARTESIAN_POINT('',(-43.7453399950834,0.,-41.8537496727228));
#5177=CARTESIAN_POINT('',(-42.6149509890502,4.2,-42.7035853598054));
#5178=CARTESIAN_POINT('Origin',(-42.7552276485255,4.2,-41.7134730132475));
#5179=CARTESIAN_POINT('',(-42.6149509890502,0.,-42.7035853598054));
#5180=CARTESIAN_POINT('Origin',(-26.8181624098243,10.,-36.5770879442147));
#5181=CARTESIAN_POINT('',(-9.94124355263855,10.,-38.0744555971201));
#5182=CARTESIAN_POINT('',(-43.6050633356081,10.,-42.8438620192807));
#5183=CARTESIAN_POINT('',(-9.09140786555594,10.,-36.9440665910868));
#5184=CARTESIAN_POINT('Origin',(-10.0815202121139,10.,-37.0843432505622));
#5185=CARTESIAN_POINT('',(-10.0312614840406,10.,-30.3103138691487));
#5186=CARTESIAN_POINT('',(-8.95113120608062,10.,-37.9341789376448));
#5187=CARTESIAN_POINT('',(-44.685193613568,10.,-35.2199969507846));
#5188=CARTESIAN_POINT('',(-56.1947450752158,10.,-36.8506416313732));
#5189=CARTESIAN_POINT('',(-44.685193613568,10.,-35.2199969507846));
#5190=CARTESIAN_POINT('Origin',(-8.95113120608062,0.,-37.9341789376448));
#5191=CARTESIAN_POINT('',(-9.94124355263856,4.2,-38.0744555971201));
#5192=CARTESIAN_POINT('',(-4.55940050651553,4.2,-37.3119694338528));
#5193=CARTESIAN_POINT('',(-9.94124355263856,0.,-38.0744555971201));
#5194=CARTESIAN_POINT('Origin',(-10.0815202121139,0.,-37.0843432505622));
#5195=CARTESIAN_POINT('',(-9.09140786555594,4.2,-36.9440665910868));
#5196=CARTESIAN_POINT('Origin',(-10.0815202121139,4.2,-37.0843432505622));
#5197=CARTESIAN_POINT('',(-9.09140786555594,0.,-36.9440665910868));
#5198=CARTESIAN_POINT('Origin',(-10.0312614840406,0.,-30.3103138691487));
#5199=CARTESIAN_POINT('',(-10.0312614840299,4.2,-30.3103138691488));
#5200=CARTESIAN_POINT('',(-9.40736144158537,4.2,-34.7139768688483));
#5201=CARTESIAN_POINT('',(-10.0312614840299,12.2,-30.3103138691488));
#5202=CARTESIAN_POINT('Origin',(10.0815202121138,0.,-37.0843432505622));
#5203=CARTESIAN_POINT('',(9.09140786555586,10.,-36.9440665910868));
#5204=CARTESIAN_POINT('',(9.94124355263847,10.,-38.0744555971201));
#5205=CARTESIAN_POINT('Origin',(10.0815202121138,10.,-37.0843432505622));
#5206=CARTESIAN_POINT('',(9.09140786555586,4.2,-36.9440665910868));
#5207=CARTESIAN_POINT('',(9.09140786555586,0.,-36.9440665910868));
#5208=CARTESIAN_POINT('',(9.94124355263847,4.2,-38.0744555971201));
#5209=CARTESIAN_POINT('Origin',(10.0815202121138,4.2,-37.0843432505622));
#5210=CARTESIAN_POINT('',(9.94124355263847,0.,-38.0744555971201));
#5211=CARTESIAN_POINT('Origin',(43.605063335608,0.,-42.8438620192807));
#5212=CARTESIAN_POINT('',(8.95113120608053,10.,-37.9341789376448));
#5213=CARTESIAN_POINT('',(21.8863665712792,4.2,-39.7668109746707));
#5214=CARTESIAN_POINT('Origin',(-117.000001892447,5.,-41.2361278527785));
#5215=CARTESIAN_POINT('',(-117.000001892447,4.2,-40.4246278527785));
#5216=CARTESIAN_POINT('Origin',(-117.000001892447,4.2,-41.2361278527785));
#5217=CARTESIAN_POINT('',(-117.000001892447,10.,-40.4246278527785));
#5218=CARTESIAN_POINT('',(-117.000001892447,5.,-40.4246278527785));
#5219=CARTESIAN_POINT('Origin',(-117.000001892447,10.,-41.2361278527785));
#5220=CARTESIAN_POINT('Origin',(-117.000001892447,10.,-41.2361278527785));
#5221=CARTESIAN_POINT('Origin',(-117.000001892447,5.,22.0457268314194));
#5222=CARTESIAN_POINT('',(-117.000001892447,4.2,22.8572268314194));
#5223=CARTESIAN_POINT('Origin',(-117.000001892447,4.2,22.0457268314194));
#5224=CARTESIAN_POINT('',(-117.000001892447,10.,22.8572268314194));
#5225=CARTESIAN_POINT('',(-117.000001892447,5.,22.8572268314194));
#5226=CARTESIAN_POINT('Origin',(-117.000001892447,10.,22.0457268314194));
#5227=CARTESIAN_POINT('Origin',(-117.000001892447,10.,22.0457268314194));
#5228=CARTESIAN_POINT('Origin',(117.000001892447,5.,-41.2361278527786));
#5229=CARTESIAN_POINT('',(117.000001892447,4.2,-40.4246278527786));
#5230=CARTESIAN_POINT('Origin',(117.000001892447,4.2,-41.2361278527786));
#5231=CARTESIAN_POINT('',(117.000001892447,10.,-40.4246278527786));
#5232=CARTESIAN_POINT('',(117.000001892447,5.,-40.4246278527786));
#5233=CARTESIAN_POINT('Origin',(117.000001892447,10.,-41.2361278527786));
#5234=CARTESIAN_POINT('Origin',(117.000001892447,10.,-41.2361278527786));
#5235=CARTESIAN_POINT('Origin',(117.000001892447,5.,22.0457268314194));
#5236=CARTESIAN_POINT('',(117.000001892447,4.2,22.8572268314194));
#5237=CARTESIAN_POINT('Origin',(117.000001892447,4.2,22.0457268314194));
#5238=CARTESIAN_POINT('',(117.000001892447,10.,22.8572268314194));
#5239=CARTESIAN_POINT('',(117.000001892447,5.,22.8572268314194));
#5240=CARTESIAN_POINT('Origin',(117.000001892447,10.,22.0457268314194));
#5241=CARTESIAN_POINT('Origin',(117.000001892447,10.,22.0457268314194));
#5242=CARTESIAN_POINT('Origin',(124.000001892447,8.2,-35.9941883500243));
#5243=CARTESIAN_POINT('',(123.994195291654,12.2,-38.9941827305836));
#5244=CARTESIAN_POINT('',(127.000001892447,12.2,-35.9941883500243));
#5245=CARTESIAN_POINT('Origin',(124.000001892447,12.2,-35.9941883500243));
#5246=CARTESIAN_POINT('',(123.994195291654,4.2,-38.9941827305836));
#5247=CARTESIAN_POINT('',(123.994195291654,8.2,-38.9941827305836));
#5248=CARTESIAN_POINT('',(127.000001892447,4.2,-35.9941883500243));
#5249=CARTESIAN_POINT('Origin',(124.000001892447,4.2,-35.9941883500243));
#5250=CARTESIAN_POINT('',(127.000001892447,8.2,-35.9941883500243));
#5251=CARTESIAN_POINT('Origin',(94.0000018924475,4.2,-38.9361278527786));
#5252=CARTESIAN_POINT('',(94.0000018924475,12.2,-38.9361278527786));
#5253=CARTESIAN_POINT('',(46.9597187412879,12.2,-38.845079633748));
#5254=CARTESIAN_POINT('',(94.0000018924475,4.2,-38.9361278527786));
#5255=CARTESIAN_POINT('',(94.0000018924475,4.2,-38.9361278527786));
#5256=CARTESIAN_POINT('',(47.0011447868578,4.2,-38.8451598154012));
#5257=CARTESIAN_POINT('Origin',(91.1715747677017,4.2,-37.9361278527772));
#5258=CARTESIAN_POINT('',(91.1715747677016,12.2,-40.9361278527772));
#5259=CARTESIAN_POINT('Origin',(91.1715747677017,12.2,-37.9361278527772));
#5260=CARTESIAN_POINT('',(91.1715747677016,4.2,-40.9361278527772));
#5261=CARTESIAN_POINT('',(91.1715747677016,4.2,-40.9361278527772));
#5262=CARTESIAN_POINT('Origin',(91.1715747677017,4.2,-37.9361278527772));
#5263=CARTESIAN_POINT('Origin',(85.0312626016167,12.2,-40.936127852777));
#5264=CARTESIAN_POINT('',(85.2427230144691,12.2,-40.936127852777));
#5265=CARTESIAN_POINT('',(63.5000009462229,12.2,-40.9361278527762));
#5266=CARTESIAN_POINT('',(85.2427230144691,8.7,-40.936127852777));
#5267=CARTESIAN_POINT('',(85.2427230144691,12.2,-40.936127852777));
#5268=CARTESIAN_POINT('',(87.1709246174373,8.7,-40.9361278527786));
#5269=CARTESIAN_POINT('',(42.5156313008075,8.7,-40.9361278527754));
#5270=CARTESIAN_POINT('',(87.1709246174373,4.2,-40.9361278527786));
#5271=CARTESIAN_POINT('',(87.1709246174379,4.2,-40.9361278527771));
#5272=CARTESIAN_POINT('',(42.5156313008083,4.2,-40.9361278527754));
#5273=CARTESIAN_POINT('Origin',(-124.000001892447,8.2,-36.0000005811453));
#5274=CARTESIAN_POINT('',(-127.000001892447,12.2,-36.0000005811453));
#5275=CARTESIAN_POINT('',(-124.000001892447,12.2,-39.0000005811453));
#5276=CARTESIAN_POINT('Origin',(-124.000001892447,12.2,-36.0000005811453));
#5277=CARTESIAN_POINT('',(-127.000001892447,4.2,-36.0000005811453));
#5278=CARTESIAN_POINT('',(-127.000001892447,8.2,-36.0000005811453));
#5279=CARTESIAN_POINT('',(-124.000001892447,4.2,-39.0000005811453));
#5280=CARTESIAN_POINT('Origin',(-124.000001892447,4.2,-36.0000005811453));
#5281=CARTESIAN_POINT('',(-124.000001892447,8.2,-39.0000005811453));
#5282=CARTESIAN_POINT('Origin',(0.,12.2,2.86976631161232));
#5283=CARTESIAN_POINT('',(127.000001892447,12.2,15.4772899375556));
#5284=CARTESIAN_POINT('',(127.000001892447,12.2,10.673528124584));
#5285=CARTESIAN_POINT('',(125.517851968275,12.2,18.0649783166522));
#5286=CARTESIAN_POINT('Origin',(124.000001892447,12.2,15.4772899375556));
#5287=CARTESIAN_POINT('',(125.665441682111,12.2,17.5424441762537));
#5288=CARTESIAN_POINT('Origin',(124.665441739728,12.2,17.5421047159908));
#5289=CARTESIAN_POINT('',(125.684204761996,12.2,-37.7308259478201));
#5290=CARTESIAN_POINT('',(125.667728054111,12.2,10.8071289768578));
#5291=CARTESIAN_POINT('',(124.684204819613,12.2,-38.7311654080829));
#5292=CARTESIAN_POINT('Origin',(124.684204819613,12.2,-37.7311654080829));
#5293=CARTESIAN_POINT('',(87.5845443375118,12.2,-38.7311654080829));
#5294=CARTESIAN_POINT('',(62.8422721687559,12.2,-38.7311654080828));
#5295=CARTESIAN_POINT('',(87.5652419989456,12.2,-38.7441053972193));
#5296=CARTESIAN_POINT('',(67.0283793155724,12.2,-52.5117004017157));
#5297=CARTESIAN_POINT('',(84.7621932724821,12.2,-38.7450569209316));
#5298=CARTESIAN_POINT('',(43.789716282649,12.2,-38.7589654495408));
#5299=CARTESIAN_POINT('',(84.6084500734447,12.2,-39.8302199133759));
#5300=CARTESIAN_POINT('',(86.8292638681122,12.2,-24.1550878869081));
#5301=CARTESIAN_POINT('',(83.4780610674114,12.2,-40.6800556004585));
#5302=CARTESIAN_POINT('Origin',(83.6183377268868,12.2,-39.6899432539006));
#5303=CARTESIAN_POINT('',(10.0117249528137,12.2,-30.2715274673869));
#5304=CARTESIAN_POINT('',(40.0200061820973,12.2,-34.5230262615137));
#5305=CARTESIAN_POINT('',(9.16188926573118,12.2,-29.1411384613536));
#5306=CARTESIAN_POINT('Origin',(10.1520016122891,12.2,-29.281415120829));
#5307=CARTESIAN_POINT('',(11.6938829692615,12.2,-11.2696106059832));
#5308=CARTESIAN_POINT('',(11.2356931311433,12.2,-14.5036441043921));
#5309=CARTESIAN_POINT('',(10.2747506111765,12.2,-11.0685514562436));
#5310=CARTESIAN_POINT('',(4.96899614124623,12.2,-10.3168453335742));
#5311=CARTESIAN_POINT('',(9.42491492409393,12.2,-9.93816245021045));
#5312=CARTESIAN_POINT('Origin',(10.4150272706519,12.2,-10.0784391096857));
#5313=CARTESIAN_POINT('',(11.9569086276225,12.2,7.93336540516023));
#5314=CARTESIAN_POINT('',(10.1625836080028,12.2,-4.73148819421241));
#5315=CARTESIAN_POINT('',(10.1351138572294,12.2,8.19147276593467));
#5316=CARTESIAN_POINT('',(6.43664415192909,12.2,8.71546277296126));
#5317=CARTESIAN_POINT('',(9.28527817014673,12.2,9.32186177196788));
#5318=CARTESIAN_POINT('Origin',(10.2753905167047,12.2,9.18158511249261));
#5319=CARTESIAN_POINT('',(11.8172718736753,12.2,27.1933896273387));
#5320=CARTESIAN_POINT('',(8.68681167255365,12.2,5.09771592700158));
#5321=CARTESIAN_POINT('',(6.96496505345652,12.2,27.8779076741209));
#5322=CARTESIAN_POINT('',(7.69507959859799,12.2,27.7749099452293));
#5323=CARTESIAN_POINT('',(6.11454024233967,12.2,29.0083799670154));
#5324=CARTESIAN_POINT('Origin',(7.1046525888976,12.2,28.8681033075401));
#5325=CARTESIAN_POINT('',(8.50617379943668,12.2,45.8892062012671));
#5326=CARTESIAN_POINT('',(4.18010132903238,12.2,15.3545628680648));
#5327=CARTESIAN_POINT('',(9.00223624054317,12.2,46.6183630877994));
#5328=CARTESIAN_POINT('Origin',(9.49628614599461,12.2,45.7489295417918));
#5329=CARTESIAN_POINT('',(8.80718463086015,12.2,46.645997515677));
#5330=CARTESIAN_POINT('',(47.4750223766654,12.2,41.1676342501629));
#5331=CARTESIAN_POINT('',(8.38635465243422,12.2,46.6756604760032));
#5332=CARTESIAN_POINT('Origin',(8.38635465243422,12.2,43.6756604760032));
#5333=CARTESIAN_POINT('',(-8.38635465243408,12.2,46.6756604760032));
#5334=CARTESIAN_POINT('',(-4.29890753264325,12.2,46.6756604760032));
#5335=CARTESIAN_POINT('',(-8.80718463086002,12.2,46.645997515677));
#5336=CARTESIAN_POINT('Origin',(-8.38635465243409,12.2,43.6756604760032));
#5337=CARTESIAN_POINT('',(-9.00223624054319,12.2,46.6183630877995));
#5338=CARTESIAN_POINT('',(-7.41449996912975,12.2,46.8433096214488));
#5339=CARTESIAN_POINT('',(-8.50617379943669,12.2,45.8892062012671));
#5340=CARTESIAN_POINT('Origin',(-9.49628614599462,12.2,45.7489295417918));
#5341=CARTESIAN_POINT('',(-6.11454024233968,12.2,29.0083799670154));
#5342=CARTESIAN_POINT('',(-5.51623651053471,12.2,24.7853829690291));
#5343=CARTESIAN_POINT('',(-6.96496505345652,12.2,27.8779076741209));
#5344=CARTESIAN_POINT('Origin',(-7.10465258889761,12.2,28.8681033075401));
#5345=CARTESIAN_POINT('',(-11.8172718736753,12.2,27.1933896273387));
#5346=CARTESIAN_POINT('',(-4.77353370971399,12.2,28.1870543045082));
#5347=CARTESIAN_POINT('',(-9.28527817014674,12.2,9.32186177196788));
#5348=CARTESIAN_POINT('',(-10.0229468540556,12.2,14.528536027966));
#5349=CARTESIAN_POINT('',(-10.1351138572294,12.2,8.19147276593468));
#5350=CARTESIAN_POINT('Origin',(-10.2753905167047,12.2,9.18158511249261));
#5351=CARTESIAN_POINT('',(-11.9569086276225,12.2,7.93336540516024));
#5352=CARTESIAN_POINT('',(-5.03069059345356,12.2,8.91465478308613));
#5353=CARTESIAN_POINT('',(-9.42491492409393,12.2,-9.93816245021045));
#5354=CARTESIAN_POINT('',(-11.4987187895047,12.2,4.69933190675186));
#5355=CARTESIAN_POINT('',(-10.2747506111765,12.2,-11.0685514562436));
#5356=CARTESIAN_POINT('Origin',(-10.4150272706519,12.2,-10.0784391096857));
#5357=CARTESIAN_POINT('',(-11.6938829692615,12.2,-11.2696106059832));
#5358=CARTESIAN_POINT('',(-3.76437378892481,12.2,-10.1461774289668));
#5359=CARTESIAN_POINT('',(-9.16188926573118,12.2,-29.1411384613536));
#5360=CARTESIAN_POINT('',(-12.5718283126461,12.2,-5.07282400342791));
#5361=CARTESIAN_POINT('',(-10.0117249528137,12.2,-30.2715274673869));
#5362=CARTESIAN_POINT('Origin',(-10.1520016122891,12.2,-29.281415120829));
#5363=CARTESIAN_POINT('',(-83.4780610674114,12.2,-40.6800556004585));
#5364=CARTESIAN_POINT('',(-2.29672577824052,12.2,-29.1784855355025));
#5365=CARTESIAN_POINT('',(-84.6084500734447,12.2,-39.8302199133759));
#5366=CARTESIAN_POINT('Origin',(-83.6183377268868,12.2,-39.6899432539006));
#5367=CARTESIAN_POINT('',(-84.7621932724821,12.2,-38.7450569209316));
#5368=CARTESIAN_POINT('',(-86.6822539388558,12.2,-25.1927255564093));
#5369=CARTESIAN_POINT('',(-124.684544395128,12.2,-38.7315048683458));
#5370=CARTESIAN_POINT('',(-42.3881919194173,12.2,-38.7594412113969));
#5371=CARTESIAN_POINT('',(-125.684204877249,12.2,-37.7311654656996));
#5372=CARTESIAN_POINT('Origin',(-124.684204934866,12.2,-37.7315049259624));
#5373=CARTESIAN_POINT('',(-125.665441682111,12.2,17.5424441762537));
#5374=CARTESIAN_POINT('',(-125.677449054336,12.2,-17.8295060851791));
#5375=CARTESIAN_POINT('',(-125.517851968275,12.2,18.0649783166521));
#5376=CARTESIAN_POINT('Origin',(-124.665441739728,12.2,17.5421047159908));
#5377=CARTESIAN_POINT('',(-127.000001892447,12.2,15.4772899375556));
#5378=CARTESIAN_POINT('Origin',(-124.000001892447,12.2,15.4772899375556));
#5379=CARTESIAN_POINT('',(-127.000001892447,12.2,-19.0331807705831));
#5380=CARTESIAN_POINT('',(-94.0000018924475,12.2,-39.0000005811453));
#5381=CARTESIAN_POINT('',(-63.5000009462237,12.2,-39.0000005811453));
#5382=CARTESIAN_POINT('',(-91.1949751870777,12.2,-40.9361278527786));
#5383=CARTESIAN_POINT('Origin',(-91.1949751870777,12.2,-37.9361278527786));
#5384=CARTESIAN_POINT('',(-85.2427230144801,12.2,-40.9361278527786));
#5385=CARTESIAN_POINT('',(-42.5156313008138,12.2,-40.9361278527786));
#5386=CARTESIAN_POINT('',(-84.8218930360542,12.2,-40.9064648924524));
#5387=CARTESIAN_POINT('Origin',(-85.2427230144801,12.2,-37.9361278527786));
#5388=CARTESIAN_POINT('',(-10.0312614840299,12.2,-30.3103138691488));
#5389=CARTESIAN_POINT('',(-2.81014111976391,12.2,-29.2872434611393));
#5390=CARTESIAN_POINT('',(10.0312614840406,12.2,-30.3103138691487));
#5391=CARTESIAN_POINT('',(5.01563074202034,12.2,-30.3103138691487));
#5392=CARTESIAN_POINT('',(84.8218930360433,12.2,-40.9064648924508));
#5393=CARTESIAN_POINT('',(40.3101416785571,12.2,-34.6001504529525));
#5394=CARTESIAN_POINT('Origin',(85.2427230144693,12.2,-37.936127852777));
#5395=CARTESIAN_POINT('Origin',(-127.000001892447,4.2,-39.0000005811453));
#5396=CARTESIAN_POINT('',(-94.0000018924475,4.2,-39.0000005811453));
#5397=CARTESIAN_POINT('',(-63.5000009462237,4.2,-39.0000005811453));
#5398=CARTESIAN_POINT('',(-94.0000018924475,4.2,-39.0000005811453));
#5399=CARTESIAN_POINT('Origin',(-91.1949751870777,4.2,-37.9361278527786));
#5400=CARTESIAN_POINT('',(-91.1949751870777,4.2,-40.9361278527786));
#5401=CARTESIAN_POINT('Origin',(-91.1949751870777,4.2,-37.9361278527786));
#5402=CARTESIAN_POINT('',(-91.1949751870777,4.2,-40.9361278527786));
#5403=CARTESIAN_POINT('Origin',(-127.000001892447,12.2,-40.9361278527786));
#5404=CARTESIAN_POINT('',(-87.1709246174374,4.2,-40.9361278527786));
#5405=CARTESIAN_POINT('',(-63.5000009462237,4.2,-40.9361278527786));
#5406=CARTESIAN_POINT('',(-87.1709246174374,8.7,-40.9361278527786));
#5407=CARTESIAN_POINT('',(-87.1709246174374,4.2,-40.9361278527786));
#5408=CARTESIAN_POINT('',(-85.2427230144801,8.7,-40.9361278527786));
#5409=CARTESIAN_POINT('',(-63.5000009462238,8.7,-40.9361278527786));
#5410=CARTESIAN_POINT('',(-85.2427230144801,12.2,-40.9361278527786));
#5411=CARTESIAN_POINT('Origin',(127.000001892447,12.2,-40.9361278527786));
#5412=CARTESIAN_POINT('',(127.000001892447,4.2,-42.4361278527776));
#5413=CARTESIAN_POINT('',(127.000001892447,4.2,-45.4361278527786));
#5414=CARTESIAN_POINT('',(127.000001892447,-5.64218531280589,-42.4361278527776));
#5415=CARTESIAN_POINT('',(127.000001892447,6.1,-42.4361278527776));
#5416=CARTESIAN_POINT('',(127.000001892447,-10.93767437106,-9.0017257902807));
#5417=CARTESIAN_POINT('',(127.000001892447,-8.93093705708594,-21.6717665459392));
#5418=CARTESIAN_POINT('',(127.000001892447,-6.33247012795233,20.0743894750282));
#5419=CARTESIAN_POINT('',(127.000001892447,-12.1080813729003,-16.3913847709365));
#5420=CARTESIAN_POINT('',(127.000001892447,4.2,20.0743894750282));
#5421=CARTESIAN_POINT('',(127.000001892447,6.1,20.0743894750282));
#5422=CARTESIAN_POINT('',(127.000001892447,4.2,15.4772899375556));
#5423=CARTESIAN_POINT('',(127.000001892447,4.2,-45.4361278527786));
#5424=CARTESIAN_POINT('',(127.000001892447,12.2,15.4772899375556));
#5425=CARTESIAN_POINT('Origin',(-127.000001892447,12.2,18.4772899375556));
#5426=CARTESIAN_POINT('',(-127.000001892447,4.2,15.4772899375556));
#5427=CARTESIAN_POINT('',(-127.000001892447,12.2,15.4772899375556));
#5428=CARTESIAN_POINT('',(-127.000001892447,4.2,20.0743894750282));
#5429=CARTESIAN_POINT('',(-127.000001892447,4.2,-45.4361278527787));
#5430=CARTESIAN_POINT('',(-127.000001892447,-6.33247012795233,20.0743894750282));
#5431=CARTESIAN_POINT('',(-127.000001892447,6.1,20.0743894750282));
#5432=CARTESIAN_POINT('',(-127.000001892447,-10.93767437106,-9.00172579028071));
#5433=CARTESIAN_POINT('',(-127.000001892447,-7.51814242512231,12.588349212863));
#5434=CARTESIAN_POINT('',(-127.000001892447,-5.64218531280572,-42.4361278527787));
#5435=CARTESIAN_POINT('',(-127.000001892447,-13.520876004864,7.30796743786024));
#5436=CARTESIAN_POINT('',(-127.000001892447,4.2,-42.4361278527787));
#5437=CARTESIAN_POINT('',(-127.000001892447,6.1,-42.4361278527787));
#5438=CARTESIAN_POINT('',(-127.000001892447,4.2,-10.7294189576115));
#5439=CARTESIAN_POINT('Origin',(-43.6050633356081,0.,-42.8438620192807));
#5440=CARTESIAN_POINT('',(-44.685193613568,7.,-35.2199969507846));
#5441=CARTESIAN_POINT('',(-44.6851936135679,6.1,-35.2199969507855));
#5442=CARTESIAN_POINT('',(-43.8435336567162,7.,-41.1606710301319));
#5443=CARTESIAN_POINT('',(-46.0146906799946,7.,-25.8360305439341));
#5444=CARTESIAN_POINT('',(-43.8435336567162,4.2,-41.1606710301319));
#5445=CARTESIAN_POINT('',(-43.8435336567162,3.5,-41.1606710301319));
#5446=CARTESIAN_POINT('',(-43.5212284321329,4.2,-43.4355924847321));
#5447=CARTESIAN_POINT('Origin',(8.95113120608053,0.,-37.9341789376448));
#5448=CARTESIAN_POINT('',(10.0312614840406,10.,-30.3103138691487));
#5449=CARTESIAN_POINT('',(10.0312614840406,10.,-30.3103138691487));
#5450=CARTESIAN_POINT('',(10.0312614840406,4.2,-30.3103138691487));
#5451=CARTESIAN_POINT('',(10.0312614840406,12.2,-30.3103138691487));
#5452=CARTESIAN_POINT('',(8.86729630260529,4.2,-38.5259094030963));
#5453=CARTESIAN_POINT('Origin',(26.8181624098243,10.,-36.5770879442147));
#5454=CARTESIAN_POINT('',(18.6947445164224,10.,-31.5377346395577));
#5455=CARTESIAN_POINT('Origin',(10.0312614840406,12.2,-30.3103138691487));
#5456=CARTESIAN_POINT('',(64.4874405447266,7.,-38.0255301402909));
#5457=CARTESIAN_POINT('',(3.68613367559367,7.,-29.4113519119455));
#5458=CARTESIAN_POINT('',(64.4874405447266,4.2,-38.0255301402909));
#5459=CARTESIAN_POINT('',(64.4874405447266,7.85,-38.0255301402909));
#5460=CARTESIAN_POINT('',(82.9127568223134,4.2,-40.6359832127946));
#5461=CARTESIAN_POINT('',(5.63953078447545,4.2,-29.6881043653567));
#5462=CARTESIAN_POINT('',(82.9127568223134,8.7,-40.6359832127946));
#5463=CARTESIAN_POINT('',(82.9127568223134,4.2,-40.6359832127946));
#5464=CARTESIAN_POINT('',(84.8218930360433,8.7,-40.9064648924508));
#5465=CARTESIAN_POINT('',(2.81018613400313,8.7,-29.2872498386433));
#5466=CARTESIAN_POINT('',(84.8218930360433,12.2,-40.9064648924508));
#5467=CARTESIAN_POINT('',(10.0312614840406,12.2,-30.3103138691487));
#5468=CARTESIAN_POINT('Origin',(0.,4.2,-37.8732208609637));
#5469=CARTESIAN_POINT('',(-62.6556682413168,4.2,-43.8259275601628));
#5470=CARTESIAN_POINT('',(-22.1248368923873,4.2,-38.0836199855219));
#5471=CARTESIAN_POINT('',(-63.7860572473501,4.2,-42.9760918730801));
#5472=CARTESIAN_POINT('Origin',(-62.7959449007922,4.2,-42.8358152136048));
#5473=CARTESIAN_POINT('',(-64.4874405447265,4.2,-38.0255301402913));
#5474=CARTESIAN_POINT('',(-63.4427105238455,4.2,-45.399530179664));
#5475=CARTESIAN_POINT('',(-82.9127568223135,4.2,-40.6359832127946));
#5476=CARTESIAN_POINT('',(-43.1395313432688,4.2,-35.0010113571725));
#5477=CARTESIAN_POINT('Origin',(-85.0908142398234,4.2,-40.0912656292671));
#5478=CARTESIAN_POINT('',(-124.000001892447,4.2,-45.4361278527785));
#5479=CARTESIAN_POINT('Origin',(-124.000001892447,4.2,-42.4361278527787));
#5480=CARTESIAN_POINT('',(-6.99271030121782,4.2,-45.4361278527785));
#5481=CARTESIAN_POINT('',(84.7140719823489,4.2,-45.4361278527786));
#5482=CARTESIAN_POINT('',(-6.99271030121782,4.2,-32.360102096978));
#5483=CARTESIAN_POINT('',(-6.99271030121782,4.2,-35.1166614789709));
#5484=CARTESIAN_POINT('',(7.00728969878218,4.2,-32.3524476409912));
#5485=CARTESIAN_POINT('',(0.00213666449302544,4.2,-32.3562776863899));
#5486=CARTESIAN_POINT('',(7.00728969878218,4.2,-45.4361278527785));
#5487=CARTESIAN_POINT('',(7.00728969878218,4.2,-35.1128342509775));
#5488=CARTESIAN_POINT('',(124.000001892447,4.2,-45.4361278527786));
#5489=CARTESIAN_POINT('',(84.7140719823489,4.2,-45.4361278527786));
#5490=CARTESIAN_POINT('Origin',(124.000001892447,4.2,-42.4361278527776));
#5491=CARTESIAN_POINT('Origin',(85.0907100247598,4.2,-40.0927441338542));
#5492=CARTESIAN_POINT('',(63.7860572473501,4.2,-42.9760918730801));
#5493=CARTESIAN_POINT('',(63.8635405022714,4.2,-42.4291931399904));
#5494=CARTESIAN_POINT('',(62.6556682413169,4.2,-43.8259275601627));
#5495=CARTESIAN_POINT('Origin',(62.7959449007922,4.2,-42.8358152136048));
#5496=CARTESIAN_POINT('',(32.0259603579667,4.2,-39.4863865802749));
#5497=CARTESIAN_POINT('',(-5.01563074201498,4.2,-30.3103138691488));
#5498=CARTESIAN_POINT('Origin',(64.5000009462238,-4.63937172744312,-47.1892057676298));
#5499=CARTESIAN_POINT('',(-128.993846062745,-4.35026311118306,-47.4361278527786));
#5500=CARTESIAN_POINT('',(129.000001892448,-4.35026311118306,-47.4361278527786));
#5501=CARTESIAN_POINT('',(64.5000009462238,-4.35026311118306,-47.4361278527786));
#5502=CARTESIAN_POINT('',(129.000001892448,-4.92848034370317,-46.942283682481));
#5503=CARTESIAN_POINT('',(129.000001892448,-20.6900701623234,-33.4806142461998));
#5504=CARTESIAN_POINT('',(-128.500001892447,-4.92848034370317,-46.942283682481));
#5505=CARTESIAN_POINT('',(64.5000009462238,-4.92848034370317,-46.942283682481));
#5506=CARTESIAN_POINT('',(-128.500001892447,-4.92848034370318,-46.942283682481));
#5507=CARTESIAN_POINT('Origin',(61.9926054185182,-0.622948753531886,54.5408588144749));
#5508=CARTESIAN_POINT('',(92.6517706053041,-3.20457677061186,39.8231308976786));
#5509=CARTESIAN_POINT('',(128.500001892448,-5.87950438088199,22.9343026466895));
#5510=CARTESIAN_POINT('',(61.869742981244,-0.907679751281748,54.3251679325267));
#5511=CARTESIAN_POINT('',(128.994969890351,-5.32864043857471,23.248260924072));
#5512=CARTESIAN_POINT('',(128.500001892448,-5.87950438088199,22.9343026466895));
#5513=CARTESIAN_POINT('',(92.7982262499569,-2.62770749184142,40.3012804075451));
#5514=CARTESIAN_POINT('',(62.1154678557924,-0.338217755782024,54.756549696423));
#5515=CARTESIAN_POINT('',(92.794864261479,-2.62864649605276,40.3017567257271));
#5516=CARTESIAN_POINT('',(39.5124254770804,-17.5104447942919,47.8506803881348));
#5517=CARTESIAN_POINT('',(92.794864261479,-2.62864649605276,40.3017567257271));
#5518=CARTESIAN_POINT('Origin',(128.750001892448,-7.05210333160775,13.9326909400634));
#5519=CARTESIAN_POINT('',(128.500001892448,-10.93767437106,-9.00172579028069));
#5520=CARTESIAN_POINT('',(128.500001892448,-7.29902541675654,13.9717995563235));
#5521=CARTESIAN_POINT('',(129.000001892448,-10.684558089613,-10.5998390956556));
#5522=CARTESIAN_POINT('',(118.460684508976,-16.0199037398009,23.086207584533));
#5523=CARTESIAN_POINT('',(129.000001892448,-5.32392119047382,23.2458902459072));
#5524=CARTESIAN_POINT('',(129.000001892448,-6.80518124645897,13.8935823238034));
#5525=CARTESIAN_POINT('',(120.261760668723,-13.5190545613372,27.3626527734947));
#5526=CARTESIAN_POINT('Origin',(7.98183914108249,-1.01505401576002,52.0684060998918));
#5527=CARTESIAN_POINT('',(8.94981419750704,-1.32634551927675,51.6818163057056));
#5528=CARTESIAN_POINT('',(7.94084346166133,-1.30370470597825,51.8247647749625));
#5529=CARTESIAN_POINT('',(8.98549248884949,-0.748004896097861,52.1756604760032));
#5530=CARTESIAN_POINT('',(8.02283482050365,-0.726403325541786,52.312047424821));
#5531=CARTESIAN_POINT('',(8.98462369488589,-0.748128286756637,52.1756604760032));
#5532=CARTESIAN_POINT('',(-0.280761609690067,-2.06404672565844,52.1756604760032));
#5533=CARTESIAN_POINT('',(8.98462369488589,-0.748128286756637,52.1756604760032));
#5534=CARTESIAN_POINT('Origin',(-4.49274624442534,-1.03723690301669,51.9287383908544));
#5535=CARTESIAN_POINT('',(-8.94981419750824,-1.32634551927675,51.6818163057056));
#5536=CARTESIAN_POINT('',(-4.49274624442534,-1.32634551927675,51.6818163057056));
#5537=CARTESIAN_POINT('',(-8.98462369488695,-0.748128286756634,52.1756604760032));
#5538=CARTESIAN_POINT('',(-4.49274624442534,-0.748128286756635,52.1756604760032));
#5539=CARTESIAN_POINT('',(-8.98462369488695,-0.748128286756634,52.1756604760032));
#5540=CARTESIAN_POINT('Origin',(-49.8675302586733,-1.95494858235223,46.1341453564353));
#5541=CARTESIAN_POINT('',(-92.6517706053035,-3.20457677061183,39.8231308976788));
#5542=CARTESIAN_POINT('',(-49.8265345792522,-2.24359927257046,45.8905040315061));
#5543=CARTESIAN_POINT('',(-8.98549248885077,-0.748004896097857,52.1756604760032));
#5544=CARTESIAN_POINT('',(-28.990398673095,2.09319641944245,52.1756604760032));
#5545=CARTESIAN_POINT('',(-92.7948642614785,-2.62864649605273,40.3017567257272));
#5546=CARTESIAN_POINT('',(-49.9085259380945,-1.66629789213399,46.3777866813646));
#5547=CARTESIAN_POINT('',(-92.7948642614785,-2.62864649605273,40.3017567257272));
#5548=CARTESIAN_POINT('Origin',(-80.0113902194026,-1.96747659317144,46.0518441304279));
#5549=CARTESIAN_POINT('',(-128.500001892448,-5.87950438088199,22.9343026466895));
#5550=CARTESIAN_POINT('',(-79.8885277821284,-2.2522075909213,45.8361532484797));
#5551=CARTESIAN_POINT('',(-92.7982262499563,-2.62770749184139,40.3012804075452));
#5552=CARTESIAN_POINT('',(-87.0230430328665,-4.24071758921839,41.1194940298353));
#5553=CARTESIAN_POINT('',(-128.994969890351,-5.32864043857471,23.248260924072));
#5554=CARTESIAN_POINT('',(-80.1342526566768,-1.68274559542158,46.267535012376));
#5555=CARTESIAN_POINT('',(-128.994969890351,-5.32864043857471,23.248260924072));
#5556=CARTESIAN_POINT('Origin',(-128.750001892447,-12.5125895289106,-20.5434620590198));
#5557=CARTESIAN_POINT('',(-128.500001892447,-10.93767437106,-9.00172579028071));
#5558=CARTESIAN_POINT('',(-128.500001892447,-12.7595116140594,-20.5043534427597));
#5559=CARTESIAN_POINT('',(-129.000001892447,-5.32392119047383,23.2458902459072));
#5560=CARTESIAN_POINT('',(-133.432812617946,-1.1666229226457,21.157503278851));
#5561=CARTESIAN_POINT('',(-129.000001892447,-10.431441808166,-9.00172579028071));
#5562=CARTESIAN_POINT('',(-129.000001892447,-12.2656674437618,-20.5825706752798));
#5563=CARTESIAN_POINT('',(-129.000001892447,-10.431441808166,-9.00172579028071));
#5564=CARTESIAN_POINT('Origin',(-128.750001892447,-8.33113998137765,-23.8606229358153));
#5565=CARTESIAN_POINT('',(-128.500001892447,-8.57806206652644,-23.8997315520753));
#5566=CARTESIAN_POINT('',(-129.000001892447,-4.34403054828906,-47.4361278527786));
#5567=CARTESIAN_POINT('',(-129.000001892447,-8.08421789622887,-23.8215143195552));
#5568=CARTESIAN_POINT('',(-65.3264886188931,-68.8112421741636,-47.4361278527786));
#5569=CARTESIAN_POINT('Origin',(3.54288771109943E-14,-8.91057109775758,
3.79690057193509));
#5570=CARTESIAN_POINT('',(4.07692378001911E-14,-10.93767437106,-9.0017257902807));
#5571=CARTESIAN_POINT('',(-125.278574978116,-5.90263066379476,22.7882890429202));
#5572=CARTESIAN_POINT('Origin',(-124.000001892447,-6.33247012795233,20.0743894750282));
#5573=CARTESIAN_POINT('',(-92.6283834116285,-3.46633476394298,38.1704559708059));
#5574=CARTESIAN_POINT('',(-61.3510922277046,-1.13248210906064,52.9058217055977));
#5575=CARTESIAN_POINT('',(-91.7706403043859,-3.42571905849658,38.4268934425877));
#5576=CARTESIAN_POINT('Origin',(-91.34981032596,-3.89617422810055,35.456556402914));
#5577=CARTESIAN_POINT('',(-9.05388844585485,-1.56959531877534,50.145997515677));
#5578=CARTESIAN_POINT('',(-7.79414469227647,-1.54132728074864,50.324474883585));
#5579=CARTESIAN_POINT('',(-8.63305846742891,-1.56489716740571,50.1756604760032));
#5580=CARTESIAN_POINT('Origin',(-8.63305846742891,-2.04005048837932,47.1756604760032));
#5581=CARTESIAN_POINT('',(8.63305846742886,-1.56489716740571,50.1756604760032));
#5582=CARTESIAN_POINT('',(4.42225944014064,-1.56489716740571,50.1756604760032));
#5583=CARTESIAN_POINT('',(9.05388844585478,-1.56959531877535,50.145997515677));
#5584=CARTESIAN_POINT('Origin',(8.63305846742886,-2.04005048837932,47.1756604760032));
#5585=CARTESIAN_POINT('',(91.7706403043859,-3.42571905849659,38.4268934425877));
#5586=CARTESIAN_POINT('',(49.4607475764607,-2.47630561378501,44.4212540171883));
#5587=CARTESIAN_POINT('',(92.6283834116285,-3.46633476394299,38.1704559708059));
#5588=CARTESIAN_POINT('Origin',(91.34981032596,-3.89617422810056,35.4565564029139));
#5589=CARTESIAN_POINT('',(125.278574978116,-5.90263066379476,22.7882890429202));
#5590=CARTESIAN_POINT('',(78.6627821081662,-2.42424785534694,44.7499337683772));
#5591=CARTESIAN_POINT('Origin',(124.000001892447,-6.33247012795233,20.0743894750282));
#5592=CARTESIAN_POINT('',(4.07692378001911E-14,-10.93767437106,-9.0017257902807));
#5593=CARTESIAN_POINT('Origin',(129.000001892448,0.,-47.4361278527786));
#5594=CARTESIAN_POINT('',(-129.000001892447,15.7,-47.4361278527786));
#5595=CARTESIAN_POINT('',(-129.000001892447,0.,-47.4361278527786));
#5596=CARTESIAN_POINT('',(129.000001892448,15.7,-47.4361278527786));
#5597=CARTESIAN_POINT('',(64.5000009462238,15.7,-47.4361278527786));
#5598=CARTESIAN_POINT('',(129.000001892448,0.,-47.4361278527786));
#5599=CARTESIAN_POINT('',(6.00728969878218,5.24164049331539,-47.4361278527786));
#5600=CARTESIAN_POINT('',(-5.99271030121782,5.24164049331539,-47.4361278527786));
#5601=CARTESIAN_POINT('',(61.0036457956149,5.24164049331539,-47.4361278527786));
#5602=CARTESIAN_POINT('',(-6.99271030121782,4.24164049331539,-47.4361278527786));
#5603=CARTESIAN_POINT('Origin',(-5.99271030121782,4.24164049331539,-47.4361278527786));
#5604=CARTESIAN_POINT('',(-6.99271030121782,-1.85835950668462,-47.4361278527786));
#5605=CARTESIAN_POINT('',(-6.99271030121782,-1.42917975334231,-47.4361278527786));
#5606=CARTESIAN_POINT('',(-5.99271030121781,-2.85835950668462,-47.4361278527786));
#5607=CARTESIAN_POINT('Origin',(-5.99271030121782,-1.85835950668462,-47.4361278527786));
#5608=CARTESIAN_POINT('',(6.00728969878219,-2.8583595066846,-47.4361278527786));
#5609=CARTESIAN_POINT('',(68.0036457956149,-2.85835950668448,-47.4361278527786));
#5610=CARTESIAN_POINT('',(7.00728969878218,-1.8583595066846,-47.4361278527786));
#5611=CARTESIAN_POINT('Origin',(6.00728969878218,-1.8583595066846,-47.4361278527786));
#5612=CARTESIAN_POINT('',(7.00728969878218,4.24164049331539,-47.4361278527786));
#5613=CARTESIAN_POINT('',(7.00728969878218,2.6208202466577,-47.4361278527786));
#5614=CARTESIAN_POINT('Origin',(6.00728969878218,4.24164049331539,-47.4361278527786));
#5615=CARTESIAN_POINT('Origin',(-129.000001892447,0.,-47.4361278527786));
#5616=CARTESIAN_POINT('',(-129.000001892447,15.7,23.2458902459072));
#5617=CARTESIAN_POINT('',(-129.000001892447,0.,23.2458902459072));
#5618=CARTESIAN_POINT('',(-129.000001892447,15.7,-22.5331807705832));
#5619=CARTESIAN_POINT('Origin',(-129.000001892447,0.,23.2458902459072));
#5620=CARTESIAN_POINT('',(-92.7982262499563,15.7,40.3012804075452));
#5621=CARTESIAN_POINT('',(-92.7982262499563,0.,40.3012804075452));
#5622=CARTESIAN_POINT('',(-80.2400620290875,15.7,46.2176860727261));
#5623=CARTESIAN_POINT('Origin',(128.750001892448,15.95,12.8078282787597));
#5624=CARTESIAN_POINT('',(128.500001892448,16.2,-46.9361278527786));
#5625=CARTESIAN_POINT('',(128.500001892448,16.2,22.9287401688193));
#5626=CARTESIAN_POINT('',(128.500001892448,16.2,12.8078282787597));
#5627=CARTESIAN_POINT('',(129.000001892448,15.7,23.2458902459072));
#5628=CARTESIAN_POINT('',(128.500001892448,16.2,22.9287401688193));
#5629=CARTESIAN_POINT('',(129.000001892448,15.7,12.8078282787597));
#5630=CARTESIAN_POINT('',(128.500001892448,16.2,-46.9361278527786));
#5631=CARTESIAN_POINT('Origin',(62.0326264507033,15.95,54.5192228562208));
#5632=CARTESIAN_POINT('',(92.6533846575573,16.2,39.816808007082));
#5633=CARTESIAN_POINT('',(61.9260786935643,16.2,54.2930645588964));
#5634=CARTESIAN_POINT('',(92.7982262499569,15.7,40.3012804075451));
#5635=CARTESIAN_POINT('',(92.6533846575573,16.2,39.816808007082));
#5636=CARTESIAN_POINT('',(62.1391742078424,15.7,54.7453811535451));
#5637=CARTESIAN_POINT('Origin',(8.0048449448369,15.95,52.0620995868838));
#5638=CARTESIAN_POINT('',(8.95024908670756,16.2,51.6756604760032));
#5639=CARTESIAN_POINT('',(7.96977577996807,16.2,51.8145715002443));
#5640=CARTESIAN_POINT('',(8.98549248884949,15.7,52.1756604760032));
#5641=CARTESIAN_POINT('',(8.95024908670756,16.2,51.6756604760032));
#5642=CARTESIAN_POINT('',(8.03991410970573,15.7,52.3096276735233));
#5643=CARTESIAN_POINT('Origin',(-4.49274624442533,15.95,51.9256604760032));
#5644=CARTESIAN_POINT('',(-8.95024908670868,16.2,51.6756604760032));
#5645=CARTESIAN_POINT('',(-4.49274624442533,16.2,51.6756604760032));
#5646=CARTESIAN_POINT('',(-8.98549248885077,15.7,52.1756604760032));
#5647=CARTESIAN_POINT('',(-8.95024908670868,16.2,51.6756604760032));
#5648=CARTESIAN_POINT('',(-4.49274624442533,15.7,52.1756604760032));
#5649=CARTESIAN_POINT('Origin',(-49.9112118253903,15.95,46.1249095526549));
#5650=CARTESIAN_POINT('',(-92.6533846575567,16.2,39.8168080070821));
#5651=CARTESIAN_POINT('',(-49.8761426605215,16.2,45.8773814660154));
#5652=CARTESIAN_POINT('',(-92.6533846575567,16.2,39.8168080070821));
#5653=CARTESIAN_POINT('',(-49.9462809902592,15.7,46.3724376392944));
#5654=CARTESIAN_POINT('Origin',(-80.1335142719484,15.95,45.9915277754018));
#5655=CARTESIAN_POINT('',(-128.500001892447,16.2,22.9287401688193));
#5656=CARTESIAN_POINT('',(-80.0269665148094,16.2,45.7653694780775));
#5657=CARTESIAN_POINT('',(-128.500001892447,16.2,22.9287401688193));
#5658=CARTESIAN_POINT('Origin',(-128.750001892447,15.95,-22.5331807705832));
#5659=CARTESIAN_POINT('',(-128.500001892447,16.2,-46.9361278527786));
#5660=CARTESIAN_POINT('',(-128.500001892447,16.2,-22.5331807705832));
#5661=CARTESIAN_POINT('',(-128.500001892447,16.2,-46.9361278527786));
#5662=CARTESIAN_POINT('Origin',(64.5000009462238,15.95,-47.1861278527786));
#5663=CARTESIAN_POINT('',(64.5000009462238,16.2,-46.9361278527786));
#5664=CARTESIAN_POINT('Origin',(129.000001892448,0.,23.2458902459072));
#5665=CARTESIAN_POINT('',(129.000001892448,-14.0385482638293,10.5764214470079));
#5666=CARTESIAN_POINT('',(129.000001892448,0.,23.2458902459072));
#5667=CARTESIAN_POINT('Origin',(5.32907051820075E-14,16.2,2.36976631161231));
#5668=CARTESIAN_POINT('',(124.665441739728,16.2,18.5421047159908));
#5669=CARTESIAN_POINT('',(86.4027279279475,16.2,18.5421047159908));
#5670=CARTESIAN_POINT('',(62.832551168531,16.2,18.5421047159907));
#5671=CARTESIAN_POINT('',(88.6681450275245,16.2,34.5320570850226));
#5672=CARTESIAN_POINT('',(84.4295456661509,16.2,4.61482819484143));
#5673=CARTESIAN_POINT('',(87.8183093433681,16.2,35.6624461117106));
#5674=CARTESIAN_POINT('Origin',(87.6780326838928,16.2,34.6723337651527));
#5675=CARTESIAN_POINT('',(9.63656280546992,16.2,46.7390418883497));
#5676=CARTESIAN_POINT('',(47.5802394189051,16.2,41.3632759744633));
#5677=CARTESIAN_POINT('',(8.50617379943668,16.2,45.8892062012671));
#5678=CARTESIAN_POINT('Origin',(9.49628614599461,16.2,45.7489295417918));
#5679=CARTESIAN_POINT('',(6.11454024233967,16.2,29.0083799670154));
#5680=CARTESIAN_POINT('',(5.47042189529733,16.2,24.4620104538223));
#5681=CARTESIAN_POINT('',(6.96496505345652,16.2,27.8779076741209));
#5682=CARTESIAN_POINT('Origin',(7.1046525888976,16.2,28.8681033075401));
#5683=CARTESIAN_POINT('',(11.8172718736753,16.2,27.1933896273387));
#5684=CARTESIAN_POINT('',(4.8191597536332,16.2,28.1806178091209));
#5685=CARTESIAN_POINT('',(9.28527817014673,16.2,9.32186177196788));
#5686=CARTESIAN_POINT('',(9.9771322388182,16.2,14.2051635127592));
#5687=CARTESIAN_POINT('',(10.1351138572294,16.2,8.19147276593467));
#5688=CARTESIAN_POINT('Origin',(10.2753905167047,16.2,9.18158511249261));
#5689=CARTESIAN_POINT('',(11.9569086276225,16.2,7.93336540516023));
#5690=CARTESIAN_POINT('',(5.07650520869095,16.2,8.90816388212626));
#5691=CARTESIAN_POINT('',(9.42491492409393,16.2,-9.93816245021045));
#5692=CARTESIAN_POINT('',(11.4529041742673,16.2,4.3759593915451));
#5693=CARTESIAN_POINT('',(10.2747506111765,16.2,-11.0685514562436));
#5694=CARTESIAN_POINT('Origin',(10.4150272706519,16.2,-10.0784391096857));
#5695=CARTESIAN_POINT('',(11.6938829692615,16.2,-11.2696106059832));
#5696=CARTESIAN_POINT('',(3.81018840416223,16.2,-10.1526683299266));
#5697=CARTESIAN_POINT('',(9.16188926573118,16.2,-29.1411384613536));
#5698=CARTESIAN_POINT('',(12.5260136974087,16.2,-5.39619651863466));
#5699=CARTESIAN_POINT('',(10.0117249528137,16.2,-30.2715274673869));
#5700=CARTESIAN_POINT('Origin',(10.1520016122891,16.2,-29.281415120829));
#5701=CARTESIAN_POINT('',(83.4780610674114,16.2,-40.6800556004585));
#5702=CARTESIAN_POINT('',(2.34254039347795,16.2,-29.1849764364624));
#5703=CARTESIAN_POINT('',(84.6084500734447,16.2,-39.8302199133759));
#5704=CARTESIAN_POINT('Origin',(83.6183377268868,16.2,-39.6899432539006));
#5705=CARTESIAN_POINT('',(84.7621932724821,16.2,-38.7450569209316));
#5706=CARTESIAN_POINT('',(86.6364393236184,16.2,-25.516098071616));
#5707=CARTESIAN_POINT('',(87.5652419989456,16.2,-38.7441053972193));
#5708=CARTESIAN_POINT('',(42.3880799439018,16.2,-38.7594412494081));
#5709=CARTESIAN_POINT('',(87.5845443375118,16.2,-38.7311654080829));
#5710=CARTESIAN_POINT('',(66.8661595118918,16.2,-52.6204500483008));
#5711=CARTESIAN_POINT('',(124.684204819613,16.2,-38.7311654080829));
#5712=CARTESIAN_POINT('',(43.7922721687559,16.2,-38.7311654080828));
#5713=CARTESIAN_POINT('',(125.684204761996,16.2,-37.7308259478201));
#5714=CARTESIAN_POINT('Origin',(124.684204819613,16.2,-37.7311654080829));
#5715=CARTESIAN_POINT('',(125.665441682111,16.2,17.5424441762537));
#5716=CARTESIAN_POINT('',(125.677561029851,16.2,-18.1593694633344));
#5717=CARTESIAN_POINT('Origin',(124.665441739728,16.2,17.5421047159908));
#5718=CARTESIAN_POINT('',(-124.684544395128,16.2,-38.7315048683458));
#5719=CARTESIAN_POINT('',(-84.7621932724821,16.2,-38.7450569209316));
#5720=CARTESIAN_POINT('',(-62.8492554764166,16.2,-38.7524954929838));
#5721=CARTESIAN_POINT('',(-84.6084500734447,16.2,-39.8302199133759));
#5722=CARTESIAN_POINT('',(-86.7834492528748,16.2,-24.4784604021149));
#5723=CARTESIAN_POINT('',(-83.4780610674114,16.2,-40.6800556004585));
#5724=CARTESIAN_POINT('Origin',(-83.6183377268868,16.2,-39.6899432539006));
#5725=CARTESIAN_POINT('',(-10.0117249528137,16.2,-30.2715274673869));
#5726=CARTESIAN_POINT('',(-40.0658207973347,16.2,-34.5295171624735));
#5727=CARTESIAN_POINT('',(-9.16188926573118,16.2,-29.1411384613536));
#5728=CARTESIAN_POINT('Origin',(-10.1520016122891,16.2,-29.281415120829));
#5729=CARTESIAN_POINT('',(-11.6938829692615,16.2,-11.2696106059832));
#5730=CARTESIAN_POINT('',(-11.1898785159059,16.2,-14.8270166195989));
#5731=CARTESIAN_POINT('',(-10.2747506111765,16.2,-11.0685514562436));
#5732=CARTESIAN_POINT('',(-5.0148107564836,16.2,-10.3233362345341));
#5733=CARTESIAN_POINT('',(-9.42491492409393,16.2,-9.93816245021045));
#5734=CARTESIAN_POINT('Origin',(-10.4150272706519,16.2,-10.0784391096857));
#5735=CARTESIAN_POINT('',(-11.9569086276225,16.2,7.93336540516024));
#5736=CARTESIAN_POINT('',(-10.1167689927654,16.2,-5.05486070941918));
#5737=CARTESIAN_POINT('',(-10.1351138572294,16.2,8.19147276593468));
#5738=CARTESIAN_POINT('',(-6.48245876716644,16.2,8.70897187200142));
#5739=CARTESIAN_POINT('',(-9.28527817014674,16.2,9.32186177196788));
#5740=CARTESIAN_POINT('Origin',(-10.2753905167047,16.2,9.18158511249261));
#5741=CARTESIAN_POINT('',(-11.8172718736753,16.2,27.1933896273387));
#5742=CARTESIAN_POINT('',(-8.64099705731628,16.2,4.77434341179481));
#5743=CARTESIAN_POINT('',(-6.96496505345652,16.2,27.8779076741209));
#5744=CARTESIAN_POINT('',(-7.74070564251715,16.2,27.7684734498421));
#5745=CARTESIAN_POINT('',(-6.11454024233968,16.2,29.0083799670154));
#5746=CARTESIAN_POINT('Origin',(-7.10465258889761,16.2,28.8681033075401));
#5747=CARTESIAN_POINT('',(-8.50617379943669,16.2,45.8892062012671));
#5748=CARTESIAN_POINT('',(-4.134286713795,16.2,15.031190352858));
#5749=CARTESIAN_POINT('',(-9.63656280546993,16.2,46.7390418883497));
#5750=CARTESIAN_POINT('Origin',(-9.49628614599462,16.2,45.7489295417918));
#5751=CARTESIAN_POINT('',(-87.8183093433681,16.2,35.6624461117106));
#5752=CARTESIAN_POINT('',(-7.49925379307066,16.2,47.0418505237214));
#5753=CARTESIAN_POINT('',(-88.6681450275244,16.2,34.5320570850226));
#5754=CARTESIAN_POINT('Origin',(-87.6780326838928,16.2,34.6723337651527));
#5755=CARTESIAN_POINT('',(-86.4027279279475,16.2,18.5421047159907));
#5756=CARTESIAN_POINT('',(-85.6323925574675,16.2,13.1048605615005));
#5757=CARTESIAN_POINT('',(-124.665441739728,16.2,18.5421047159908));
#5758=CARTESIAN_POINT('',(-43.2013639639737,16.2,18.5421047159907));
#5759=CARTESIAN_POINT('',(-125.665441682111,16.2,17.5424441762536));
#5760=CARTESIAN_POINT('Origin',(-124.665441739728,16.2,17.5421047159908));
#5761=CARTESIAN_POINT('',(-125.684204877249,16.2,-37.7311654656996));
#5762=CARTESIAN_POINT('',(-125.667840029626,16.2,10.4772655987024));
#5763=CARTESIAN_POINT('Origin',(-124.684204934866,16.2,-37.7315049259624));
#5764=CARTESIAN_POINT('Origin',(-125.684544337512,16.2,-38.731165408083));
#5765=CARTESIAN_POINT('',(-124.684544395128,16.2,-38.7315048683458));
#5766=CARTESIAN_POINT('',(-84.7621932724821,16.2,-38.7450569209316));
#5767=CARTESIAN_POINT('Origin',(-84.7621932724821,16.2,-38.7450569209316));
#5768=CARTESIAN_POINT('',(-84.6084500734447,16.2,-39.8302199133759));
#5769=CARTESIAN_POINT('Origin',(-88.8084217105808,16.2,35.522169449309));
#5770=CARTESIAN_POINT('',(-88.6681450275244,12.2,34.5320570850226));
#5771=CARTESIAN_POINT('',(-88.6681450275244,16.2,34.5320570850226));
#5772=CARTESIAN_POINT('',(-88.5513632204468,12.2,33.7077781771389));
#5773=CARTESIAN_POINT('',(-84.4753602879987,12.2,4.93820070813671));
#5774=CARTESIAN_POINT('',(-86.4027279279475,12.2,18.5421047159907));
#5775=CARTESIAN_POINT('',(-84.4753602879987,12.2,4.93820070813671));
#5776=CARTESIAN_POINT('',(-86.4027279279475,16.2,18.5421047159907));
#5777=CARTESIAN_POINT('Origin',(-86.4027279279475,16.2,18.5421047159907));
#5778=CARTESIAN_POINT('',(-88.7188598803578,12.2,18.5421047159908));
#5779=CARTESIAN_POINT('',(-62.832551168531,12.2,18.5421047159907));
#5780=CARTESIAN_POINT('',(-124.665441739728,12.2,18.5421047159908));
#5781=CARTESIAN_POINT('',(-62.832551168531,12.2,18.5421047159907));
#5782=CARTESIAN_POINT('',(-124.665441739728,16.2,18.5421047159908));
#5783=CARTESIAN_POINT('Origin',(125.665102337062,16.2,18.5421047159908));
#5784=CARTESIAN_POINT('',(124.665441739728,12.2,18.5421047159908));
#5785=CARTESIAN_POINT('',(124.665441739728,16.2,18.5421047159908));
#5786=CARTESIAN_POINT('',(88.7188598803578,12.2,18.5421047159908));
#5787=CARTESIAN_POINT('',(43.2013639639737,12.2,18.5421047159907));
#5788=CARTESIAN_POINT('',(86.4027279279475,12.2,18.5421047159907));
#5789=CARTESIAN_POINT('',(43.2013639639737,12.2,18.5421047159907));
#5790=CARTESIAN_POINT('',(86.4027279279475,16.2,18.5421047159908));
#5791=CARTESIAN_POINT('Origin',(86.4027279279475,16.2,18.5421047159908));
#5792=CARTESIAN_POINT('',(88.5513632204469,12.2,33.7077781771389));
#5793=CARTESIAN_POINT('',(85.6782071793153,12.2,13.4282330747958));
#5794=CARTESIAN_POINT('',(88.6681450275244,12.2,34.5320570850226));
#5795=CARTESIAN_POINT('',(85.6782071793153,12.2,13.4282330747958));
#5796=CARTESIAN_POINT('',(88.6681450275244,16.2,34.5320570850226));
#5797=CARTESIAN_POINT('Origin',(84.4681734139694,16.2,-40.8203322599339));
#5798=CARTESIAN_POINT('',(84.6084500734447,16.2,-39.8302199133759));
#5799=CARTESIAN_POINT('',(84.7621932724821,16.2,-38.7450569209316));
#5800=CARTESIAN_POINT('Origin',(84.7621932724821,16.2,-38.7450569209316));
#5801=CARTESIAN_POINT('',(87.5652419989456,16.2,-38.7441053972193));
#5802=CARTESIAN_POINT('Origin',(5.97418009590732,16.2,28.0176783458964));
#5803=CARTESIAN_POINT('',(11.8172718736753,16.2,27.1933896273387));
#5804=CARTESIAN_POINT('',(6.96496505345652,16.2,27.8779076741209));
#5805=CARTESIAN_POINT('Origin',(9.14500151067147,16.2,8.33174942540994));
#5806=CARTESIAN_POINT('',(11.9569086276225,16.2,7.93336540516023));
#5807=CARTESIAN_POINT('',(10.1351138572294,16.2,8.19147276593467));
#5808=CARTESIAN_POINT('Origin',(9.28463826461867,16.2,-10.9282747967683));
#5809=CARTESIAN_POINT('',(11.6938829692615,16.2,-11.2696106059832));
#5810=CARTESIAN_POINT('',(10.2747506111765,16.2,-11.0685514562436));
#5811=CARTESIAN_POINT('Origin',(-9.02161260625581,16.2,-30.1312508079116));
#5812=CARTESIAN_POINT('',(-11.6938829692615,16.2,-11.2696106059832));
#5813=CARTESIAN_POINT('',(-9.16188926573118,16.2,-29.1411384613536));
#5814=CARTESIAN_POINT('Origin',(11.8172718736753,16.2,27.1933896273387));
#5815=CARTESIAN_POINT('',(9.28527817014673,16.2,9.32186177196788));
#5816=CARTESIAN_POINT('Origin',(11.9569086276225,16.2,7.93336540516023));
#5817=CARTESIAN_POINT('',(9.42491492409393,16.2,-9.93816245021045));
#5818=CARTESIAN_POINT('Origin',(11.6938829692615,16.2,-11.2696106059832));
#5819=CARTESIAN_POINT('',(9.16188926573118,16.2,-29.1411384613536));
#5820=CARTESIAN_POINT('Origin',(-11.6938829692615,16.2,-11.2696106059832));
#5821=CARTESIAN_POINT('',(-10.2747506111765,16.2,-11.0685514562436));
#5822=CARTESIAN_POINT('Origin',(-9.28463826461867,16.2,-10.9282747967683));
#5823=CARTESIAN_POINT('',(-9.42491492409393,16.2,-9.93816245021045));
#5824=CARTESIAN_POINT('',(-11.9569086276225,16.2,7.93336540516024));
#5825=CARTESIAN_POINT('Origin',(-11.9569086276225,16.2,7.93336540516023));
#5826=CARTESIAN_POINT('',(-10.1351138572294,16.2,8.19147276593468));
#5827=CARTESIAN_POINT('Origin',(-9.14500151067147,16.2,8.33174942540995));
#5828=CARTESIAN_POINT('',(-9.28527817014674,16.2,9.32186177196788));
#5829=CARTESIAN_POINT('',(-11.8172718736753,16.2,27.1933896273387));
#5830=CARTESIAN_POINT('Origin',(-11.8172718736753,16.2,27.1933896273387));
#5831=CARTESIAN_POINT('',(-6.96496505345652,16.2,27.8779076741209));
#5832=CARTESIAN_POINT('Origin',(6.00728969878218,-1.8583595066846,-32.3524476409912));
#5833=CARTESIAN_POINT('',(6.00728969878219,-2.8583595066846,-45.4361278527781));
#5834=CARTESIAN_POINT('',(7.00728969878218,-1.8583595066846,-45.4361278527785));
#5835=CARTESIAN_POINT('Origin',(6.00728969878218,-1.8583595066846,-45.4361278527787));
#5836=CARTESIAN_POINT('',(7.00728969878218,-1.8583595066846,-32.3524476409912));
#5837=CARTESIAN_POINT('',(6.00728969878218,-2.8583595066846,-32.3524476409912));
#5838=CARTESIAN_POINT('Origin',(7.00728969878218,5.24164049331539,-32.3524476409912));
#5839=CARTESIAN_POINT('',(7.00728969878218,2.6208202466577,-45.4361278527785));
#5840=CARTESIAN_POINT('',(7.00728969878218,4.24164049331539,-32.3524476409912));
#5841=CARTESIAN_POINT('',(7.00728969878218,3.21664049331538,-32.3524476409912));
#5842=CARTESIAN_POINT('',(7.00728969878218,4.24164049331539,-32.3562748689846));
#5843=CARTESIAN_POINT('Origin',(-5.99271030121782,4.24164049331539,-32.360102096978));
#5844=CARTESIAN_POINT('',(-6.99271030121782,4.24164049331539,-32.360102096978));
#5845=CARTESIAN_POINT('',(-5.99271030121782,5.24164049331539,-32.3595553501218));
#5846=CARTESIAN_POINT('Origin',(-5.99271030121782,4.24164049331539,-32.3595553501218));
#5847=CARTESIAN_POINT('',(-6.99271030121782,4.24164049331539,-32.360102096978));
#5848=CARTESIAN_POINT('',(-5.99271030121782,5.24164049331539,-32.360102096978));
#5849=CARTESIAN_POINT('Origin',(-6.99271030121782,-2.85835950668462,-32.360102096978));
#5850=CARTESIAN_POINT('',(-6.99271030121782,-0.833359506684622,-32.360102096978));
#5851=CARTESIAN_POINT('',(-6.99271030121782,-1.85835950668462,-45.4361278527785));
#5852=CARTESIAN_POINT('',(-6.99271030121782,-1.42917975334231,-45.4361278527785));
#5853=CARTESIAN_POINT('',(-6.99271030121782,-1.85835950668462,-32.3562748689846));
#5854=CARTESIAN_POINT('Origin',(6.00728969878218,4.24164049331539,-32.3562748689846));
#5855=CARTESIAN_POINT('',(6.00728969878218,5.24164049331539,-32.3529943878474));
#5856=CARTESIAN_POINT('Origin',(6.00728969878218,4.24164049331539,-32.3529943878474));
#5857=CARTESIAN_POINT('',(6.00728969878218,5.24164049331539,-32.3562748689846));
#5858=CARTESIAN_POINT('Origin',(0.00728969878218133,1.19164049331539,-32.3562748689846));
#5859=CARTESIAN_POINT('',(-3.48386391181836,5.24164049331539,-32.3581836462457));
#5860=CARTESIAN_POINT('Origin',(-5.99271030121782,-1.85835950668462,-32.3562748689846));
#5861=CARTESIAN_POINT('',(-5.99271030121781,-2.85835950668462,-45.4361278527782));
#5862=CARTESIAN_POINT('Origin',(-5.99271030121782,-1.85835950668462,-45.4361278527787));
#5863=CARTESIAN_POINT('',(-5.99271030121782,-2.85835950668462,-32.3562748689846));
#5864=CARTESIAN_POINT('Origin',(7.00728969878218,-2.8583595066846,-32.3524476409912));
#5865=CARTESIAN_POINT('',(-59.9963560968326,-2.85835950668472,-45.4361278527784));
#5866=CARTESIAN_POINT('Origin',(87.6780326838928,16.2,34.6723337651527));
#5867=CARTESIAN_POINT('',(87.8183093433681,12.2,35.6624461117106));
#5868=CARTESIAN_POINT('Origin',(87.6780326838928,12.2,34.6723337651527));
#5869=CARTESIAN_POINT('',(87.8183093433681,16.2,35.6624461117106));
#5870=CARTESIAN_POINT('Origin',(0.,12.2,3.02949314394557));
#5871=CARTESIAN_POINT('',(86.1396898587838,12.2,35.6897201397383));
#5872=CARTESIAN_POINT('Origin',(85.7188598803579,12.2,32.7193831000645));
#5873=CARTESIAN_POINT('',(47.4750223766654,12.2,41.1676342501629));
#5874=CARTESIAN_POINT('',(9.63656280546992,12.2,46.7390418883497));
#5875=CARTESIAN_POINT('Origin',(9.49628614599461,12.2,45.7489295417918));
#5876=CARTESIAN_POINT('',(7.4534391778333,12.2,47.0483414246812));
#5877=CARTESIAN_POINT('Origin',(0.,12.2,2.86976631161232));
#5878=CARTESIAN_POINT('',(88.7188598803579,12.2,32.7193831000645));
#5879=CARTESIAN_POINT('',(88.7188598803578,12.2,19.0970380225217));
#5880=CARTESIAN_POINT('Origin',(85.7188598803579,12.2,32.7193831000645));
#5881=CARTESIAN_POINT('Origin',(124.665441739728,16.2,17.5421047159908));
#5882=CARTESIAN_POINT('Origin',(124.665441739728,12.2,17.5421047159908));
#5883=CARTESIAN_POINT('',(125.665441682111,16.2,17.5424441762537));
#5884=CARTESIAN_POINT('Origin',(125.684544337512,16.2,-38.7311654080829));
#5885=CARTESIAN_POINT('',(125.684204761996,16.2,-37.7308259478201));
#5886=CARTESIAN_POINT('Origin',(124.684204819613,16.2,-37.7311654080829));
#5887=CARTESIAN_POINT('',(124.684204819613,16.2,-38.7311654080829));
#5888=CARTESIAN_POINT('Origin',(87.5845443375118,16.2,-38.7311654080829));
#5889=CARTESIAN_POINT('',(87.5845443375118,16.2,-38.7311654080829));
#5890=CARTESIAN_POINT('Origin',(83.6183377268868,16.2,-39.6899432539006));
#5891=CARTESIAN_POINT('',(83.4780610674114,16.2,-40.6800556004585));
#5892=CARTESIAN_POINT('Origin',(9.02161260625581,16.2,-30.1312508079116));
#5893=CARTESIAN_POINT('',(10.0117249528137,16.2,-30.2715274673869));
#5894=CARTESIAN_POINT('Origin',(10.1520016122891,16.2,-29.281415120829));
#5895=CARTESIAN_POINT('Origin',(10.4150272706519,16.2,-10.0784391096857));
#5896=CARTESIAN_POINT('Origin',(10.2753905167047,16.2,9.18158511249261));
#5897=CARTESIAN_POINT('Origin',(7.1046525888976,16.2,28.8681033075401));
#5898=CARTESIAN_POINT('',(6.11454024233967,16.2,29.0083799670154));
#5899=CARTESIAN_POINT('Origin',(8.64645045891199,16.2,46.879318547825));
#5900=CARTESIAN_POINT('',(8.50617379943668,16.2,45.8892062012671));
#5901=CARTESIAN_POINT('Origin',(9.49628614599461,16.2,45.7489295417918));
#5902=CARTESIAN_POINT('',(9.63656280546992,16.2,46.7390418883497));
#5903=CARTESIAN_POINT('Origin',(88.8084217105808,16.2,35.522169449309));
#5904=CARTESIAN_POINT('Origin',(-9.49628614599462,16.2,45.7489295417918));
#5905=CARTESIAN_POINT('',(-9.63656280546994,12.2,46.7390418883497));
#5906=CARTESIAN_POINT('Origin',(-9.49628614599462,12.2,45.7489295417918));
#5907=CARTESIAN_POINT('',(-9.63656280546993,16.2,46.7390418883497));
#5908=CARTESIAN_POINT('',(-8.50617379943669,16.2,45.8892062012671));
#5909=CARTESIAN_POINT('Origin',(-5.97418009590733,16.2,28.0176783458964));
#5910=CARTESIAN_POINT('',(-6.11454024233968,16.2,29.0083799670154));
#5911=CARTESIAN_POINT('Origin',(-7.10465258889761,16.2,28.8681033075401));
#5912=CARTESIAN_POINT('Origin',(-10.2753905167047,16.2,9.18158511249261));
#5913=CARTESIAN_POINT('Origin',(-10.4150272706519,16.2,-10.0784391096857));
#5914=CARTESIAN_POINT('Origin',(-10.1520016122891,16.2,-29.281415120829));
#5915=CARTESIAN_POINT('',(-10.0117249528137,16.2,-30.2715274673869));
#5916=CARTESIAN_POINT('Origin',(-84.4681734139695,16.2,-40.8203322599339));
#5917=CARTESIAN_POINT('',(-83.4780610674114,16.2,-40.6800556004585));
#5918=CARTESIAN_POINT('Origin',(-83.6183377268868,16.2,-39.6899432539006));
#5919=CARTESIAN_POINT('Origin',(-124.684204934866,16.2,-37.7315049259624));
#5920=CARTESIAN_POINT('',(-125.684204877249,16.2,-37.7311654656996));
#5921=CARTESIAN_POINT('Origin',(-125.665102337062,16.2,18.5421047159908));
#5922=CARTESIAN_POINT('',(-125.665441682111,16.2,17.5424441762536));
#5923=CARTESIAN_POINT('Origin',(-87.6780326838928,16.2,34.6723337651527));
#5924=CARTESIAN_POINT('',(-87.8183093433681,12.2,35.6624461117106));
#5925=CARTESIAN_POINT('Origin',(-87.6780326838928,12.2,34.6723337651527));
#5926=CARTESIAN_POINT('',(-87.8183093433681,16.2,35.6624461117106));
#5927=CARTESIAN_POINT('Origin',(-124.665441739728,16.2,17.5421047159908));
#5928=CARTESIAN_POINT('Origin',(-124.665441739728,12.2,17.5421047159908));
#5929=CARTESIAN_POINT('Origin',(0.,12.2,3.02949314394557));
#5930=CARTESIAN_POINT('',(-88.7188598803578,12.2,18.4772899375556));
#5931=CARTESIAN_POINT('',(-88.7188598803578,12.2,19.1769014386883));
#5932=CARTESIAN_POINT('',(-124.000001892447,12.2,18.4772899375556));
#5933=CARTESIAN_POINT('',(-44.3594299401789,12.2,18.4772899375556));
#5934=CARTESIAN_POINT('Origin',(-124.000001892447,12.2,15.4772899375556));
#5935=CARTESIAN_POINT('Origin',(-111.718859880358,3.5,23.4772899375556));
#5936=CARTESIAN_POINT('',(-111.718859880358,7.,24.4772899375556));
#5937=CARTESIAN_POINT('',(-112.718859880358,7.,23.4772899375556));
#5938=CARTESIAN_POINT('Origin',(-111.718859880358,7.,23.4772899375556));
#5939=CARTESIAN_POINT('',(-111.718859880358,4.2,24.4772899375556));
#5940=CARTESIAN_POINT('',(-111.718859880358,3.5,24.4772899375556));
#5941=CARTESIAN_POINT('',(-112.718859880358,4.2,23.4772899375556));
#5942=CARTESIAN_POINT('Origin',(-111.718859880358,4.2,23.4772899375556));
#5943=CARTESIAN_POINT('',(-112.718859880358,3.5,23.4772899375556));
#5944=CARTESIAN_POINT('Origin',(1.77635683940025E-14,7.,-9.74445714104121));
#5945=CARTESIAN_POINT('',(-112.718859880358,7.,18.4772899375556));
#5946=CARTESIAN_POINT('',(-112.718859880358,7.,4.36641639825722));
#5947=CARTESIAN_POINT('',(-88.7188598803579,7.,18.4772899375556));
#5948=CARTESIAN_POINT('',(-44.3594299401789,7.,18.4772899375556));
#5949=CARTESIAN_POINT('',(-88.7188598803579,7.,24.4772899375556));
#5950=CARTESIAN_POINT('',(-88.7188598803578,7.,12.7899262961949));
#5951=CARTESIAN_POINT('',(-56.3594299401789,7.,24.4772899375556));
#5952=CARTESIAN_POINT('Origin',(-112.718859880358,3.5,18.4772899375556));
#5953=CARTESIAN_POINT('',(-112.718859880358,4.2,18.4772899375556));
#5954=CARTESIAN_POINT('',(-112.718859880358,4.2,26.4018825721675));
#5955=CARTESIAN_POINT('',(-112.718859880358,7.85,18.4772899375556));
#5956=CARTESIAN_POINT('Origin',(-62.7959449007922,3.5,-42.8358152136048));
#5957=CARTESIAN_POINT('',(-63.7860572473501,7.,-42.9760918730801));
#5958=CARTESIAN_POINT('',(-62.6556682413168,7.,-43.8259275601628));
#5959=CARTESIAN_POINT('Origin',(-62.7959449007922,7.,-42.8358152136048));
#5960=CARTESIAN_POINT('',(-63.7860572473501,3.5,-42.9760918730801));
#5961=CARTESIAN_POINT('',(-62.6556682413168,3.5,-43.8259275601628));
#5962=CARTESIAN_POINT('Origin',(-43.8435336567162,3.5,-41.1606710301319));
#5963=CARTESIAN_POINT('',(-20.1714397835056,7.,-37.8068675321107));
#5964=CARTESIAN_POINT('Origin',(62.7959449007922,3.5,-42.8358152136048));
#5965=CARTESIAN_POINT('',(62.6556682413169,7.,-43.8259275601627));
#5966=CARTESIAN_POINT('',(63.7860572473501,7.,-42.9760918730801));
#5967=CARTESIAN_POINT('Origin',(62.7959449007922,7.,-42.8358152136048));
#5968=CARTESIAN_POINT('',(62.6556682413169,3.5,-43.8259275601627));
#5969=CARTESIAN_POINT('',(63.7860572473501,3.5,-42.9760918730801));
#5970=CARTESIAN_POINT('Origin',(8.88178419700125E-15,7.,-9.74445714104121));
#5971=CARTESIAN_POINT('',(65.8169376111532,7.,-28.6415637334403));
#5972=CARTESIAN_POINT('',(30.0725632490849,7.,-39.2096341268637));
#5973=CARTESIAN_POINT('Origin',(64.4874405447266,3.5,-38.0255301402909));
#5974=CARTESIAN_POINT('Origin',(63.6457805878748,3.5,-43.966204219638));
#5975=CARTESIAN_POINT('Origin',(112.718859880358,3.5,24.4772899375556));
#5976=CARTESIAN_POINT('',(112.718859880358,4.2,24.4772899375556));
#5977=CARTESIAN_POINT('',(112.718859880358,4.2,18.4772899375556));
#5978=CARTESIAN_POINT('',(112.718859880358,4.2,29.4018825721675));
#5979=CARTESIAN_POINT('',(112.718859880358,7.,24.4772899375556));
#5980=CARTESIAN_POINT('',(112.718859880358,3.5,24.4772899375556));
#5981=CARTESIAN_POINT('',(112.718859880358,7.,18.4772899375556));
#5982=CARTESIAN_POINT('',(112.718859880358,7.,7.36641639825721));
#5983=CARTESIAN_POINT('',(112.718859880358,7.85,18.4772899375556));
#5984=CARTESIAN_POINT('Origin',(88.7188598803579,3.5,24.4772899375556));
#5985=CARTESIAN_POINT('',(88.7188598803579,4.2,24.4772899375556));
#5986=CARTESIAN_POINT('',(44.3594299401789,4.2,24.4772899375556));
#5987=CARTESIAN_POINT('',(88.7188598803579,7.,24.4772899375556));
#5988=CARTESIAN_POINT('',(88.7188598803579,7.85,24.4772899375556));
#5989=CARTESIAN_POINT('',(44.359429940179,7.,24.4772899375556));
#5990=CARTESIAN_POINT('Origin',(0.,7.,-9.74445714104121));
#5991=CARTESIAN_POINT('',(88.7188598803579,7.,18.4772899375556));
#5992=CARTESIAN_POINT('',(88.7188598803578,7.,4.36641639825702));
#5993=CARTESIAN_POINT('',(63.5000009462237,7.,18.4772899375556));
#5994=CARTESIAN_POINT('Origin',(-63.6457805878748,3.5,-43.9662042196381));
#5995=CARTESIAN_POINT('',(-64.4874405447266,7.,-38.0255301402909));
#5996=CARTESIAN_POINT('',(-65.3961076327273,7.,-31.611900773114));
#5997=CARTESIAN_POINT('',(-64.4874405447265,7.85,-38.0255301402913));
#5998=CARTESIAN_POINT('Origin',(8.88178419700125E-15,7.,-9.74445714104121));
#5999=CARTESIAN_POINT('',(-41.1861342343873,7.,-34.7242589037613));
#6000=CARTESIAN_POINT('Origin',(-112.718859880358,3.5,24.4772899375556));
#6001=CARTESIAN_POINT('',(-88.7188598803579,4.2,24.4772899375556));
#6002=CARTESIAN_POINT('',(-88.7188598803579,7.85,24.4772899375556));
#6003=CARTESIAN_POINT('',(-56.3594299401789,4.2,24.4772899375556));
#6004=CARTESIAN_POINT('Origin',(127.000001892447,12.2,18.4772899375556));
#6005=CARTESIAN_POINT('',(88.7188598803578,12.2,18.4772899375556));
#6006=CARTESIAN_POINT('',(88.7188598803578,12.2,18.4772899375556));
#6007=CARTESIAN_POINT('',(124.000001892447,12.2,18.4772899375556));
#6008=CARTESIAN_POINT('',(63.5000009462237,12.2,18.4772899375556));
#6009=CARTESIAN_POINT('',(124.000001892447,4.2,18.4772899375556));
#6010=CARTESIAN_POINT('',(124.000001892447,12.2,18.4772899375556));
#6011=CARTESIAN_POINT('',(63.5000009462237,4.2,18.4772899375556));
#6012=CARTESIAN_POINT('Origin',(-85.0312626016276,12.2,-40.9361278527786));
#6013=CARTESIAN_POINT('',(-10.0312614840299,12.2,-30.3103138691488));
#6014=CARTESIAN_POINT('',(-84.8218930360542,8.7,-40.9064648924524));
#6015=CARTESIAN_POINT('',(-84.8218930360542,12.2,-40.9064648924524));
#6016=CARTESIAN_POINT('',(-82.9127568223135,8.7,-40.6359832127946));
#6017=CARTESIAN_POINT('',(-40.3101866927969,8.7,-34.6001568304592));
#6018=CARTESIAN_POINT('',(-82.9127568223135,4.2,-40.6359832127946));
#6019=CARTESIAN_POINT('Origin',(-88.7188598803578,12.2,18.4772899375556));
#6020=CARTESIAN_POINT('',(-124.000001892447,4.2,18.4772899375556));
#6021=CARTESIAN_POINT('',(-44.3594299401789,4.2,18.4772899375556));
#6022=CARTESIAN_POINT('',(-124.000001892447,12.2,18.4772899375556));
#6023=CARTESIAN_POINT('',(-88.7188598803578,12.2,18.4772899375556));
#6024=CARTESIAN_POINT('Origin',(85.7188598803579,12.2,32.7193831000645));
#6025=CARTESIAN_POINT('',(88.7188598803579,4.2,32.7193831000645));
#6026=CARTESIAN_POINT('',(88.7188598803579,12.2,32.7193831000645));
#6027=CARTESIAN_POINT('',(86.1396898587838,4.2,35.6897201397383));
#6028=CARTESIAN_POINT('Origin',(85.7188598803579,4.2,32.7193831000645));
#6029=CARTESIAN_POINT('',(86.1396898587838,12.2,35.6897201397383));
#6030=CARTESIAN_POINT('Origin',(88.7188598803578,12.2,18.4772899375556));
#6031=CARTESIAN_POINT('',(88.7188598803579,4.2,26.4018825721673));
#6032=CARTESIAN_POINT('',(88.7188598803578,12.2,10.7533915407504));
#6033=CARTESIAN_POINT('Origin',(91.34981032596,0.,35.4565564029139));
#6034=CARTESIAN_POINT('',(92.6283834116285,4.2,38.1704559708059));
#6035=CARTESIAN_POINT('',(91.7706403043859,4.2,38.4268934425877));
#6036=CARTESIAN_POINT('Origin',(91.34981032596,4.2,35.4565564029139));
#6037=CARTESIAN_POINT('',(92.6283834116285,0.,38.1704559708059));
#6038=CARTESIAN_POINT('',(91.7706403043859,0.,38.4268934425877));
#6039=CARTESIAN_POINT('Origin',(127.000001892447,0.,21.9772899375556));
#6040=CARTESIAN_POINT('',(125.278574978116,4.2,22.7882890429202));
#6041=CARTESIAN_POINT('',(127.000001892447,4.2,21.9772899375556));
#6042=CARTESIAN_POINT('',(125.278574978116,6.1,22.7882890429202));
#6043=CARTESIAN_POINT('Origin',(124.000001892447,6.1,20.0743894750282));
#6044=CARTESIAN_POINT('Origin',(124.000001892447,4.2,20.0743894750282));
#6045=CARTESIAN_POINT('Origin',(124.000001892447,12.2,15.4772899375556));
#6046=CARTESIAN_POINT('Origin',(124.000001892447,4.2,15.4772899375556));
#6047=CARTESIAN_POINT('Origin',(124.000001892447,12.2,15.4772899375556));
#6048=CARTESIAN_POINT('Origin',(-124.000001892447,12.2,15.4772899375556));
#6049=CARTESIAN_POINT('Origin',(-124.000001892447,4.2,15.4772899375556));
#6050=CARTESIAN_POINT('Origin',(-124.000001892447,6.1,20.0743894750282));
#6051=CARTESIAN_POINT('',(-125.278574978116,4.2,22.7882890429202));
#6052=CARTESIAN_POINT('Origin',(-124.000001892447,4.2,20.0743894750282));
#6053=CARTESIAN_POINT('',(-125.278574978116,6.1,22.7882890429202));
#6054=CARTESIAN_POINT('Origin',(0.,4.2,34.3264752067794));
#6055=CARTESIAN_POINT('',(9.05388844585479,4.2,50.145997515677));
#6056=CARTESIAN_POINT('',(92.2188598803579,4.2,38.3633908056926));
#6057=CARTESIAN_POINT('',(8.63305846742886,4.2,50.1756604760032));
#6058=CARTESIAN_POINT('Origin',(8.63305846742886,4.2,47.1756604760032));
#6059=CARTESIAN_POINT('',(-8.63305846742891,4.2,50.1756604760032));
#6060=CARTESIAN_POINT('',(-8.8445188802814,4.2,50.1756604760032));
#6061=CARTESIAN_POINT('',(-9.05388844585485,4.2,50.145997515677));
#6062=CARTESIAN_POINT('Origin',(-8.63305846742891,4.2,47.1756604760032));
#6063=CARTESIAN_POINT('',(-91.7706403043859,4.2,38.4268934425878));
#6064=CARTESIAN_POINT('',(-92.2188598803579,4.2,38.3633908056927));
#6065=CARTESIAN_POINT('',(-92.6283834116285,4.2,38.1704559708059));
#6066=CARTESIAN_POINT('Origin',(-91.34981032596,4.2,35.456556402914));
#6067=CARTESIAN_POINT('',(-92.2188598803579,4.2,38.3633908056927));
#6068=CARTESIAN_POINT('',(-88.7188598803579,4.2,32.7193831000645));
#6069=CARTESIAN_POINT('',(-88.7188598803579,4.2,34.8253924701052));
#6070=CARTESIAN_POINT('',(-86.1396898587838,4.2,35.6897201397383));
#6071=CARTESIAN_POINT('Origin',(-85.7188598803579,4.2,32.7193831000645));
#6072=CARTESIAN_POINT('',(-8.80718463086002,4.2,46.645997515677));
#6073=CARTESIAN_POINT('',(-5.24108648793347,4.2,47.1512334483365));
#6074=CARTESIAN_POINT('',(-8.38635465243408,4.2,46.6756604760032));
#6075=CARTESIAN_POINT('Origin',(-8.38635465243409,4.2,43.6756604760032));
#6076=CARTESIAN_POINT('',(-2.05101392303666,4.2,46.6756604760032));
#6077=CARTESIAN_POINT('',(4.29890753264328,4.2,46.6756604760032));
#6078=CARTESIAN_POINT('',(2.03799573701552,4.2,46.6756604760032));
#6079=CARTESIAN_POINT('Origin',(-0.00650909301057295,4.2,45.8828033331461));
#6080=CARTESIAN_POINT('',(8.38635465243422,4.2,46.6756604760032));
#6081=CARTESIAN_POINT('',(4.29890753264328,4.2,46.6756604760032));
#6082=CARTESIAN_POINT('',(8.80718463086014,4.2,46.645997515677));
#6083=CARTESIAN_POINT('Origin',(8.38635465243422,4.2,43.6756604760032));
#6084=CARTESIAN_POINT('',(45.3016088954691,4.2,41.4755580770505));
#6085=CARTESIAN_POINT('Origin',(-91.34981032596,0.,35.456556402914));
#6086=CARTESIAN_POINT('',(-91.7706403043859,0.,38.4268934425877));
#6087=CARTESIAN_POINT('',(-92.6283834116285,0.,38.1704559708059));
#6088=CARTESIAN_POINT('Origin',(-8.8445188802814,0.,50.1756604760032));
#6089=CARTESIAN_POINT('',(-9.05388844585484,0.,50.145997515677));
#6090=CARTESIAN_POINT('Origin',(-85.7188598803579,12.2,32.7193831000645));
#6091=CARTESIAN_POINT('',(-88.7188598803579,12.2,32.7193831000645));
#6092=CARTESIAN_POINT('Origin',(-85.7188598803579,12.2,32.7193831000645));
#6093=CARTESIAN_POINT('',(-86.1396898587838,12.2,35.6897201397383));
#6094=CARTESIAN_POINT('Origin',(-85.7188598803579,12.2,32.7193831000645));
#6095=CARTESIAN_POINT('',(-86.1396898587838,12.2,35.6897201397383));
#6096=CARTESIAN_POINT('',(-88.7188598803579,12.2,32.7193831000645));
#6097=CARTESIAN_POINT('Origin',(-8.59781506528655,12.2,46.6756604760032));
#6098=CARTESIAN_POINT('',(-7.41449996912975,12.2,46.8433096214488));
#6099=CARTESIAN_POINT('',(-8.80718463086002,12.2,46.645997515677));
#6100=CARTESIAN_POINT('Origin',(-8.63305846742891,0.,47.1756604760032));
#6101=CARTESIAN_POINT('',(-8.63305846742891,0.,50.1756604760032));
#6102=CARTESIAN_POINT('Origin',(8.84451888028119,0.,50.1756604760032));
#6103=CARTESIAN_POINT('',(8.63305846742886,0.,50.1756604760032));
#6104=CARTESIAN_POINT('Origin',(8.63305846742886,0.,47.1756604760032));
#6105=CARTESIAN_POINT('',(9.05388844585479,0.,50.145997515677));
#6106=CARTESIAN_POINT('Origin',(92.2188598803579,0.,38.3633908056926));
#6107=CARTESIAN_POINT('Origin',(8.38635465243422,12.2,43.6756604760032));
#6108=CARTESIAN_POINT('',(8.80718463086015,12.2,46.645997515677));
#6109=CARTESIAN_POINT('',(8.38635465243422,12.2,46.6756604760032));
#6110=CARTESIAN_POINT('Origin',(88.7188598803579,12.2,35.3243097334314));
#6111=CARTESIAN_POINT('Origin',(-8.38635465243409,12.2,43.6756604760032));
#6112=CARTESIAN_POINT('',(-8.38635465243408,12.2,46.6756604760032));
#6113=CARTESIAN_POINT('Origin',(8.59781506528655,12.2,46.6756604760032));
#6114=CARTESIAN_POINT('',(2.03799573701552,8.7,46.6756604760032));
#6115=CARTESIAN_POINT('',(2.03799573701552,4.2,46.6756604760032));
#6116=CARTESIAN_POINT('',(-2.05101392303666,8.7,46.6756604760032));
#6117=CARTESIAN_POINT('',(4.29890753264326,8.7,46.6756604760032));
#6118=CARTESIAN_POINT('',(-2.05101392303666,4.2,46.6756604760032));
#6119=CARTESIAN_POINT('Origin',(-85.2427230144801,12.2,-37.9361278527786));
#6120=CARTESIAN_POINT('Origin',(-85.2427230144801,8.7,-37.9361278527786));
#6121=CARTESIAN_POINT('Origin',(-124.000001892447,6.1,-42.4361278527787));
#6122=CARTESIAN_POINT('',(-124.000001892447,-5.16703199183211,-45.4361278527787));
#6123=CARTESIAN_POINT('Origin',(-124.000001892447,-5.64218531280572,-42.4361278527787));
#6124=CARTESIAN_POINT('',(-124.000001892447,6.1,-45.4361278527787));
#6125=CARTESIAN_POINT('Origin',(124.000001892447,6.1,-42.4361278527776));
#6126=CARTESIAN_POINT('',(124.000001892447,-5.16703199183229,-45.4361278527776));
#6127=CARTESIAN_POINT('',(124.000001892447,6.1,-45.4361278527776));
#6128=CARTESIAN_POINT('Origin',(124.000001892447,-5.64218531280589,-42.4361278527776));
#6129=CARTESIAN_POINT('Origin',(85.2427230144693,12.2,-37.936127852777));
#6130=CARTESIAN_POINT('Origin',(85.2427230144693,8.7,-37.936127852777));
#6131=CARTESIAN_POINT('Origin',(4.45510252276825E-14,-12.424555408643,0.386071612900748));
#6132=CARTESIAN_POINT('',(-63.5000009462236,-5.16703199183216,-45.4361278527784));
#6133=CARTESIAN_POINT('Origin',(-127.000001892447,0.,-45.4361278527787));
#6134=CARTESIAN_POINT('Origin',(-92.7982262499563,0.,40.3012804075452));
#6135=CARTESIAN_POINT('',(-8.98549248885077,0.,52.1756604760032));
#6136=CARTESIAN_POINT('Origin',(-8.98549248885077,0.,52.1756604760032));
#6137=CARTESIAN_POINT('',(8.98549248884949,0.,52.1756604760032));
#6138=CARTESIAN_POINT('Origin',(8.98549248884949,0.,52.1756604760032));
#6139=CARTESIAN_POINT('',(92.7982262499569,0.,40.3012804075451));
#6140=CARTESIAN_POINT('Origin',(92.7982262499569,0.,40.3012804075451));
#6141=CARTESIAN_POINT('Origin',(0.,12.2,3.02949314394557));
#6142=CARTESIAN_POINT('Origin',(87.5652419989456,16.2,-38.7441053972193));
#6143=CARTESIAN_POINT('Origin',(0.,12.2,3.02949314394557));
#6144=CARTESIAN_POINT('',(-47.5344248036677,12.2,41.3697668754232));
#6145=CARTESIAN_POINT('Origin',(-8.646450458912,16.2,46.879318547825));
#6146=CARTESIAN_POINT('Origin',(0.,12.2,2.86976631161232));
#6147=CARTESIAN_POINT('',(-88.7188598803578,12.2,10.6735281245838));
#6148=CARTESIAN_POINT('Origin',(-6.99271030121782,5.24164049331539,-32.360102096978));
#6149=CARTESIAN_POINT('Origin',(-88.7188598803579,12.2,35.3243097334314));
#6150=CARTESIAN_POINT('Origin',(-10.0312614840299,12.2,-30.3103138691488));
#6151=CARTESIAN_POINT('Origin',(-7.99360577730113E-14,8.7,2.86911811020448));
#6152=CARTESIAN_POINT('Origin',(-0.00650909301057295,8.7,45.8828033331461));
#6153=CARTESIAN_POINT('Origin',(-0.00650909301057295,4.2,45.8828033331461));
#6154=CARTESIAN_POINT('Origin',(-7.99360577730113E-14,8.7,2.86911811020448));
#6155=CARTESIAN_POINT('Origin',(-85.0908142398234,8.7,-40.0912656292671));
#6156=CARTESIAN_POINT('Origin',(-85.0908142398234,4.2,-40.0912656292671));
#6157=CARTESIAN_POINT('Origin',(-7.99360577730113E-14,8.7,2.86911811020448));
#6158=CARTESIAN_POINT('Origin',(85.0907100247598,8.7,-40.0927441338542));
#6159=CARTESIAN_POINT('Origin',(85.0907100247598,4.2,-40.0927441338542));
#6160=CARTESIAN_POINT('Origin',(-92.2188598803579,0.,38.3633908056927));
#6161=UNCERTAINTY_MEASURE_WITH_UNIT(LENGTH_MEASURE(0.01),#6165,
'DISTANCE_ACCURACY_VALUE',
'Maximum model space distance between geometric entities at asserted c
onnectivities');
#6162=UNCERTAINTY_MEASURE_WITH_UNIT(LENGTH_MEASURE(0.01),#6165,
'DISTANCE_ACCURACY_VALUE',
'Maximum model space distance between geometric entities at asserted c
onnectivities');
#6163=(
GEOMETRIC_REPRESENTATION_CONTEXT(3)
GLOBAL_UNCERTAINTY_ASSIGNED_CONTEXT((#6161))
GLOBAL_UNIT_ASSIGNED_CONTEXT((#6165,#6166,#6167))
REPRESENTATION_CONTEXT('','3D')
);
#6164=(
GEOMETRIC_REPRESENTATION_CONTEXT(3)
GLOBAL_UNCERTAINTY_ASSIGNED_CONTEXT((#6162))
GLOBAL_UNIT_ASSIGNED_CONTEXT((#6165,#6166,#6167))
REPRESENTATION_CONTEXT('','3D')
);
#6165=(
LENGTH_UNIT()
NAMED_UNIT(*)
SI_UNIT(.MILLI.,.METRE.)
);
#6166=(
NAMED_UNIT(*)
PLANE_ANGLE_UNIT()
SI_UNIT($,.RADIAN.)
);
#6167=(
NAMED_UNIT(*)
SI_UNIT($,.STERADIAN.)
SOLID_ANGLE_UNIT()
);
#6168=SHAPE_DEFINITION_REPRESENTATION(#6169,#6170);
#6169=PRODUCT_DEFINITION_SHAPE('',$,#6172);
#6170=SHAPE_REPRESENTATION('',(#3702),#6163);
#6171=PRODUCT_DEFINITION_CONTEXT('part definition',#6176,'design');
#6172=PRODUCT_DEFINITION('2026-05-22-02-35-04-396','carot48',#6173,#6171);
#6173=PRODUCT_DEFINITION_FORMATION('',$,#6178);
#6174=PRODUCT_RELATED_PRODUCT_CATEGORY('carot48','carot48',(#6178));
#6175=APPLICATION_PROTOCOL_DEFINITION('international standard',
'automotive_design',2009,#6176);
#6176=APPLICATION_CONTEXT(
'Core Data for Automotive Mechanical Design Process');
#6177=PRODUCT_CONTEXT('part definition',#6176,'mechanical');
#6178=PRODUCT('2026-05-22-02-35-04-396','carot48',$,(#6177));
#6179=PRESENTATION_STYLE_ASSIGNMENT((#6180));
#6180=SURFACE_STYLE_USAGE(.BOTH.,#6181);
#6181=SURFACE_SIDE_STYLE('',(#6182));
#6182=SURFACE_STYLE_FILL_AREA(#6183);
#6183=FILL_AREA_STYLE('\X2\92FC\X0\ - \X2\30B530C630F3\X0\',(#6184));
#6184=FILL_AREA_STYLE_COLOUR('\X2\92FC\X0\ - \X2\30B530C630F3\X0\',#6185);
#6185=COLOUR_RGB('\X2\92FC\X0\ - \X2\30B530C630F3\X0\',0.627450980392157,
0.627450980392157,0.627450980392157);
ENDSEC;
END-ISO-10303-21;
