ISO-10303-21;
HEADER;
/* Generated by software containing ST-Developer
 * from STEP Tools, Inc. (www.steptools.com) 
 */

FILE_DESCRIPTION(
/* description */ (''),
/* implementation_level */ '2;1');

FILE_NAME(
/* name */ 'carot42_v3_bottom_case.step',
/* time_stamp */ '2026-07-15T00:32:26+09:00',
/* author */ (''),
/* organization */ (''),
/* preprocessor_version */ 'ST-DEVELOPER v20.1',
/* originating_system */ 'Autodesk Translation Framework v15.8.0.0',
/* authorisation */ '');

FILE_SCHEMA (('AUTOMOTIVE_DESIGN { 1 0 10303 214 3 1 1 }'));
ENDSEC;

DATA;
#10=MECHANICAL_DESIGN_GEOMETRIC_PRESENTATION_REPRESENTATION('',(#13),#4239);
#11=SHAPE_REPRESENTATION_RELATIONSHIP('SRR','None',#4245,#12);
#12=ADVANCED_BREP_SHAPE_REPRESENTATION('',(#14),#4238);
#13=STYLED_ITEM('',(#4254),#14);
#14=MANIFOLD_SOLID_BREP('bottom_case',#2515);
#15=CONICAL_SURFACE('',#2690,0.40575,1.02974425867665);
#16=CONICAL_SURFACE('',#2693,0.40575,1.02974425867665);
#17=CONICAL_SURFACE('',#2696,0.40575,1.02974425867665);
#18=CONICAL_SURFACE('',#2699,0.40575,1.02974425867665);
#19=CONICAL_SURFACE('',#2702,0.40575,1.02974425867665);
#20=CONICAL_SURFACE('',#2705,0.40575,1.02974425867665);
#21=CONICAL_SURFACE('',#2708,0.40575,1.02974425867665);
#22=CONICAL_SURFACE('',#2711,0.40575,1.02974425867665);
#23=CONICAL_SURFACE('',#2714,0.40575,1.02974425867665);
#24=CONICAL_SURFACE('',#2717,0.40575,1.02974425867665);
#25=ELLIPSE('',#2596,2.03085322377149,2.);
#26=ELLIPSE('',#2599,2.03085322377149,2.);
#27=ELLIPSE('',#2600,2.03085322377149,2.);
#28=ELLIPSE('',#2601,2.03085322377149,2.);
#29=ELLIPSE('',#2602,2.03085322377149,2.);
#30=ELLIPSE('',#2603,2.03085322377149,2.);
#31=FACE_BOUND('',#366,.T.);
#32=FACE_BOUND('',#371,.T.);
#33=FACE_BOUND('',#372,.T.);
#34=FACE_BOUND('',#373,.T.);
#35=FACE_BOUND('',#374,.T.);
#36=FACE_BOUND('',#384,.T.);
#37=FACE_BOUND('',#385,.T.);
#38=FACE_BOUND('',#386,.T.);
#39=FACE_BOUND('',#390,.T.);
#40=FACE_BOUND('',#399,.T.);
#41=FACE_BOUND('',#400,.T.);
#42=FACE_BOUND('',#406,.T.);
#43=FACE_BOUND('',#407,.T.);
#44=FACE_BOUND('',#408,.T.);
#45=FACE_BOUND('',#409,.T.);
#46=FACE_BOUND('',#410,.T.);
#47=FACE_BOUND('',#411,.T.);
#48=CIRCLE('',#2520,2.);
#49=CIRCLE('',#2521,2.);
#50=CIRCLE('',#2524,2.);
#51=CIRCLE('',#2525,2.);
#52=CIRCLE('',#2528,2.);
#53=CIRCLE('',#2529,2.);
#54=CIRCLE('',#2532,2.);
#55=CIRCLE('',#2533,2.);
#56=CIRCLE('',#2536,2.);
#57=CIRCLE('',#2537,2.);
#58=CIRCLE('',#2540,2.);
#59=CIRCLE('',#2541,2.);
#60=CIRCLE('',#2545,1.);
#61=CIRCLE('',#2546,1.);
#62=CIRCLE('',#2549,1.);
#63=CIRCLE('',#2550,1.);
#64=CIRCLE('',#2553,1.);
#65=CIRCLE('',#2554,1.);
#66=CIRCLE('',#2557,1.);
#67=CIRCLE('',#2558,1.);
#68=CIRCLE('',#2561,1.);
#69=CIRCLE('',#2562,1.);
#70=CIRCLE('',#2565,1.);
#71=CIRCLE('',#2566,1.);
#72=CIRCLE('',#2569,2.);
#73=CIRCLE('',#2570,2.);
#74=CIRCLE('',#2573,2.);
#75=CIRCLE('',#2574,2.);
#76=CIRCLE('',#2576,2.);
#77=CIRCLE('',#2577,2.);
#78=CIRCLE('',#2578,2.);
#79=CIRCLE('',#2579,2.);
#80=CIRCLE('',#2580,0.8115);
#81=CIRCLE('',#2581,0.8115);
#82=CIRCLE('',#2582,0.8115);
#83=CIRCLE('',#2583,0.8115);
#84=CIRCLE('',#2586,2.);
#85=CIRCLE('',#2588,2.);
#86=CIRCLE('',#2591,2.);
#87=CIRCLE('',#2593,2.);
#88=CIRCLE('',#2595,2.);
#89=CIRCLE('',#2605,2.);
#90=CIRCLE('',#2608,2.);
#91=CIRCLE('',#2609,2.);
#92=CIRCLE('',#2610,1.99999999999999);
#93=CIRCLE('',#2611,2.3);
#94=CIRCLE('',#2612,2.);
#95=CIRCLE('',#2613,2.);
#96=CIRCLE('',#2614,2.);
#97=CIRCLE('',#2615,2.);
#98=CIRCLE('',#2616,2.);
#99=CIRCLE('',#2617,1.);
#100=CIRCLE('',#2623,2.);
#101=CIRCLE('',#2625,2.);
#102=CIRCLE('',#2626,2.);
#103=CIRCLE('',#2629,2.00000000000001);
#104=CIRCLE('',#2630,2.3);
#105=CIRCLE('',#2631,2.);
#106=CIRCLE('',#2632,2.);
#107=CIRCLE('',#2633,2.);
#108=CIRCLE('',#2634,2.);
#109=CIRCLE('',#2635,2.);
#110=CIRCLE('',#2636,2.);
#111=CIRCLE('',#2637,2.3);
#112=CIRCLE('',#2638,2.00000000000001);
#113=CIRCLE('',#2639,2.);
#114=CIRCLE('',#2640,0.999999999999996);
#115=CIRCLE('',#2641,0.999999999999996);
#116=CIRCLE('',#2643,2.);
#117=CIRCLE('',#2647,2.);
#118=CIRCLE('',#2649,2.);
#119=CIRCLE('',#2650,2.);
#120=CIRCLE('',#2651,2.3);
#121=CIRCLE('',#2652,1.99999999999999);
#122=CIRCLE('',#2653,2.);
#123=CIRCLE('',#2654,2.00000000000001);
#124=CIRCLE('',#2655,2.3);
#125=CIRCLE('',#2656,2.);
#126=CIRCLE('',#2657,2.);
#127=CIRCLE('',#2658,2.);
#128=CIRCLE('',#2659,2.);
#129=CIRCLE('',#2660,2.);
#130=CIRCLE('',#2661,2.);
#131=CIRCLE('',#2662,2.3);
#132=CIRCLE('',#2663,2.00000000000001);
#133=CIRCLE('',#2664,0.8115);
#134=CIRCLE('',#2665,0.8115);
#135=CIRCLE('',#2666,0.8115);
#136=CIRCLE('',#2667,0.8115);
#137=CIRCLE('',#2668,0.8115);
#138=CIRCLE('',#2669,0.8115);
#139=CIRCLE('',#2691,0.8115);
#140=CIRCLE('',#2694,0.8115);
#141=CIRCLE('',#2697,0.8115);
#142=CIRCLE('',#2700,0.8115);
#143=CIRCLE('',#2703,0.8115);
#144=CIRCLE('',#2706,0.8115);
#145=CIRCLE('',#2709,0.8115);
#146=CIRCLE('',#2712,0.8115);
#147=CIRCLE('',#2715,0.8115);
#148=CIRCLE('',#2718,0.8115);
#149=CIRCLE('',#2746,0.999999999999996);
#150=CIRCLE('',#2748,1.);
#151=CIRCLE('',#2750,0.999999999999996);
#152=CYLINDRICAL_SURFACE('',#2519,2.);
#153=CYLINDRICAL_SURFACE('',#2523,2.);
#154=CYLINDRICAL_SURFACE('',#2527,2.);
#155=CYLINDRICAL_SURFACE('',#2531,2.);
#156=CYLINDRICAL_SURFACE('',#2535,2.);
#157=CYLINDRICAL_SURFACE('',#2539,2.);
#158=CYLINDRICAL_SURFACE('',#2544,1.);
#159=CYLINDRICAL_SURFACE('',#2548,1.);
#160=CYLINDRICAL_SURFACE('',#2552,1.);
#161=CYLINDRICAL_SURFACE('',#2556,1.);
#162=CYLINDRICAL_SURFACE('',#2560,1.);
#163=CYLINDRICAL_SURFACE('',#2564,1.);
#164=CYLINDRICAL_SURFACE('',#2568,2.);
#165=CYLINDRICAL_SURFACE('',#2572,2.);
#166=CYLINDRICAL_SURFACE('',#2585,2.);
#167=CYLINDRICAL_SURFACE('',#2587,2.);
#168=CYLINDRICAL_SURFACE('',#2590,2.);
#169=CYLINDRICAL_SURFACE('',#2592,2.);
#170=CYLINDRICAL_SURFACE('',#2594,2.);
#171=CYLINDRICAL_SURFACE('',#2604,2.);
#172=CYLINDRICAL_SURFACE('',#2618,2.);
#173=CYLINDRICAL_SURFACE('',#2620,2.);
#174=CYLINDRICAL_SURFACE('',#2622,2.);
#175=CYLINDRICAL_SURFACE('',#2624,2.);
#176=CYLINDRICAL_SURFACE('',#2642,2.);
#177=CYLINDRICAL_SURFACE('',#2646,2.);
#178=CYLINDRICAL_SURFACE('',#2670,2.);
#179=CYLINDRICAL_SURFACE('',#2672,2.);
#180=CYLINDRICAL_SURFACE('',#2673,2.3);
#181=CYLINDRICAL_SURFACE('',#2674,1.99999999999999);
#182=CYLINDRICAL_SURFACE('',#2675,2.);
#183=CYLINDRICAL_SURFACE('',#2677,2.00000000000001);
#184=CYLINDRICAL_SURFACE('',#2678,2.3);
#185=CYLINDRICAL_SURFACE('',#2679,2.);
#186=CYLINDRICAL_SURFACE('',#2680,2.);
#187=CYLINDRICAL_SURFACE('',#2682,2.);
#188=CYLINDRICAL_SURFACE('',#2683,2.);
#189=CYLINDRICAL_SURFACE('',#2685,2.);
#190=CYLINDRICAL_SURFACE('',#2687,2.00000000000001);
#191=CYLINDRICAL_SURFACE('',#2688,2.3);
#192=CYLINDRICAL_SURFACE('',#2689,2.);
#193=CYLINDRICAL_SURFACE('',#2692,0.8115);
#194=CYLINDRICAL_SURFACE('',#2695,0.8115);
#195=CYLINDRICAL_SURFACE('',#2698,0.8115);
#196=CYLINDRICAL_SURFACE('',#2701,0.8115);
#197=CYLINDRICAL_SURFACE('',#2704,0.8115);
#198=CYLINDRICAL_SURFACE('',#2707,0.8115);
#199=CYLINDRICAL_SURFACE('',#2710,0.8115);
#200=CYLINDRICAL_SURFACE('',#2713,0.8115);
#201=CYLINDRICAL_SURFACE('',#2716,0.8115);
#202=CYLINDRICAL_SURFACE('',#2719,0.8115);
#203=CYLINDRICAL_SURFACE('',#2751,0.999999999999996);
#204=CYLINDRICAL_SURFACE('',#2753,0.999999999999996);
#205=CYLINDRICAL_SURFACE('',#2757,1.);
#206=FACE_OUTER_BOUND('',#339,.T.);
#207=FACE_OUTER_BOUND('',#340,.T.);
#208=FACE_OUTER_BOUND('',#341,.T.);
#209=FACE_OUTER_BOUND('',#342,.T.);
#210=FACE_OUTER_BOUND('',#343,.T.);
#211=FACE_OUTER_BOUND('',#344,.T.);
#212=FACE_OUTER_BOUND('',#345,.T.);
#213=FACE_OUTER_BOUND('',#346,.T.);
#214=FACE_OUTER_BOUND('',#347,.T.);
#215=FACE_OUTER_BOUND('',#348,.T.);
#216=FACE_OUTER_BOUND('',#349,.T.);
#217=FACE_OUTER_BOUND('',#350,.T.);
#218=FACE_OUTER_BOUND('',#351,.T.);
#219=FACE_OUTER_BOUND('',#352,.T.);
#220=FACE_OUTER_BOUND('',#353,.T.);
#221=FACE_OUTER_BOUND('',#354,.T.);
#222=FACE_OUTER_BOUND('',#355,.T.);
#223=FACE_OUTER_BOUND('',#356,.T.);
#224=FACE_OUTER_BOUND('',#357,.T.);
#225=FACE_OUTER_BOUND('',#358,.T.);
#226=FACE_OUTER_BOUND('',#359,.T.);
#227=FACE_OUTER_BOUND('',#360,.T.);
#228=FACE_OUTER_BOUND('',#361,.T.);
#229=FACE_OUTER_BOUND('',#362,.T.);
#230=FACE_OUTER_BOUND('',#363,.T.);
#231=FACE_OUTER_BOUND('',#364,.T.);
#232=FACE_OUTER_BOUND('',#365,.T.);
#233=FACE_OUTER_BOUND('',#367,.T.);
#234=FACE_OUTER_BOUND('',#368,.T.);
#235=FACE_OUTER_BOUND('',#369,.T.);
#236=FACE_OUTER_BOUND('',#370,.T.);
#237=FACE_OUTER_BOUND('',#375,.T.);
#238=FACE_OUTER_BOUND('',#376,.T.);
#239=FACE_OUTER_BOUND('',#377,.T.);
#240=FACE_OUTER_BOUND('',#378,.T.);
#241=FACE_OUTER_BOUND('',#379,.T.);
#242=FACE_OUTER_BOUND('',#380,.T.);
#243=FACE_OUTER_BOUND('',#381,.T.);
#244=FACE_OUTER_BOUND('',#382,.T.);
#245=FACE_OUTER_BOUND('',#383,.T.);
#246=FACE_OUTER_BOUND('',#387,.T.);
#247=FACE_OUTER_BOUND('',#388,.T.);
#248=FACE_OUTER_BOUND('',#389,.T.);
#249=FACE_OUTER_BOUND('',#391,.T.);
#250=FACE_OUTER_BOUND('',#392,.T.);
#251=FACE_OUTER_BOUND('',#393,.T.);
#252=FACE_OUTER_BOUND('',#394,.T.);
#253=FACE_OUTER_BOUND('',#395,.T.);
#254=FACE_OUTER_BOUND('',#396,.T.);
#255=FACE_OUTER_BOUND('',#397,.T.);
#256=FACE_OUTER_BOUND('',#398,.T.);
#257=FACE_OUTER_BOUND('',#401,.T.);
#258=FACE_OUTER_BOUND('',#402,.T.);
#259=FACE_OUTER_BOUND('',#403,.T.);
#260=FACE_OUTER_BOUND('',#404,.T.);
#261=FACE_OUTER_BOUND('',#405,.T.);
#262=FACE_OUTER_BOUND('',#412,.T.);
#263=FACE_OUTER_BOUND('',#413,.T.);
#264=FACE_OUTER_BOUND('',#414,.T.);
#265=FACE_OUTER_BOUND('',#415,.T.);
#266=FACE_OUTER_BOUND('',#416,.T.);
#267=FACE_OUTER_BOUND('',#417,.T.);
#268=FACE_OUTER_BOUND('',#418,.T.);
#269=FACE_OUTER_BOUND('',#419,.T.);
#270=FACE_OUTER_BOUND('',#420,.T.);
#271=FACE_OUTER_BOUND('',#421,.T.);
#272=FACE_OUTER_BOUND('',#422,.T.);
#273=FACE_OUTER_BOUND('',#423,.T.);
#274=FACE_OUTER_BOUND('',#424,.T.);
#275=FACE_OUTER_BOUND('',#425,.T.);
#276=FACE_OUTER_BOUND('',#426,.T.);
#277=FACE_OUTER_BOUND('',#427,.T.);
#278=FACE_OUTER_BOUND('',#428,.T.);
#279=FACE_OUTER_BOUND('',#429,.T.);
#280=FACE_OUTER_BOUND('',#430,.T.);
#281=FACE_OUTER_BOUND('',#431,.T.);
#282=FACE_OUTER_BOUND('',#432,.T.);
#283=FACE_OUTER_BOUND('',#433,.T.);
#284=FACE_OUTER_BOUND('',#434,.T.);
#285=FACE_OUTER_BOUND('',#435,.T.);
#286=FACE_OUTER_BOUND('',#436,.T.);
#287=FACE_OUTER_BOUND('',#437,.T.);
#288=FACE_OUTER_BOUND('',#438,.T.);
#289=FACE_OUTER_BOUND('',#439,.T.);
#290=FACE_OUTER_BOUND('',#440,.T.);
#291=FACE_OUTER_BOUND('',#441,.T.);
#292=FACE_OUTER_BOUND('',#442,.T.);
#293=FACE_OUTER_BOUND('',#443,.T.);
#294=FACE_OUTER_BOUND('',#444,.T.);
#295=FACE_OUTER_BOUND('',#445,.T.);
#296=FACE_OUTER_BOUND('',#446,.T.);
#297=FACE_OUTER_BOUND('',#447,.T.);
#298=FACE_OUTER_BOUND('',#448,.T.);
#299=FACE_OUTER_BOUND('',#449,.T.);
#300=FACE_OUTER_BOUND('',#450,.T.);
#301=FACE_OUTER_BOUND('',#451,.T.);
#302=FACE_OUTER_BOUND('',#452,.T.);
#303=FACE_OUTER_BOUND('',#453,.T.);
#304=FACE_OUTER_BOUND('',#454,.T.);
#305=FACE_OUTER_BOUND('',#455,.T.);
#306=FACE_OUTER_BOUND('',#456,.T.);
#307=FACE_OUTER_BOUND('',#457,.T.);
#308=FACE_OUTER_BOUND('',#458,.T.);
#309=FACE_OUTER_BOUND('',#459,.T.);
#310=FACE_OUTER_BOUND('',#460,.T.);
#311=FACE_OUTER_BOUND('',#461,.T.);
#312=FACE_OUTER_BOUND('',#462,.T.);
#313=FACE_OUTER_BOUND('',#463,.T.);
#314=FACE_OUTER_BOUND('',#464,.T.);
#315=FACE_OUTER_BOUND('',#465,.T.);
#316=FACE_OUTER_BOUND('',#466,.T.);
#317=FACE_OUTER_BOUND('',#467,.T.);
#318=FACE_OUTER_BOUND('',#468,.T.);
#319=FACE_OUTER_BOUND('',#469,.T.);
#320=FACE_OUTER_BOUND('',#470,.T.);
#321=FACE_OUTER_BOUND('',#471,.T.);
#322=FACE_OUTER_BOUND('',#472,.T.);
#323=FACE_OUTER_BOUND('',#473,.T.);
#324=FACE_OUTER_BOUND('',#474,.T.);
#325=FACE_OUTER_BOUND('',#475,.T.);
#326=FACE_OUTER_BOUND('',#476,.T.);
#327=FACE_OUTER_BOUND('',#477,.T.);
#328=FACE_OUTER_BOUND('',#478,.T.);
#329=FACE_OUTER_BOUND('',#479,.T.);
#330=FACE_OUTER_BOUND('',#480,.T.);
#331=FACE_OUTER_BOUND('',#481,.T.);
#332=FACE_OUTER_BOUND('',#482,.T.);
#333=FACE_OUTER_BOUND('',#483,.T.);
#334=FACE_OUTER_BOUND('',#484,.T.);
#335=FACE_OUTER_BOUND('',#485,.T.);
#336=FACE_OUTER_BOUND('',#486,.T.);
#337=FACE_OUTER_BOUND('',#487,.T.);
#338=FACE_OUTER_BOUND('',#488,.T.);
#339=EDGE_LOOP('',(#1593,#1594,#1595,#1596));
#340=EDGE_LOOP('',(#1597,#1598,#1599,#1600));
#341=EDGE_LOOP('',(#1601,#1602,#1603,#1604));
#342=EDGE_LOOP('',(#1605,#1606,#1607,#1608));
#343=EDGE_LOOP('',(#1609,#1610,#1611,#1612));
#344=EDGE_LOOP('',(#1613,#1614,#1615,#1616));
#345=EDGE_LOOP('',(#1617,#1618,#1619,#1620));
#346=EDGE_LOOP('',(#1621,#1622,#1623,#1624));
#347=EDGE_LOOP('',(#1625,#1626,#1627,#1628));
#348=EDGE_LOOP('',(#1629,#1630,#1631,#1632));
#349=EDGE_LOOP('',(#1633,#1634,#1635,#1636));
#350=EDGE_LOOP('',(#1637,#1638,#1639,#1640));
#351=EDGE_LOOP('',(#1641,#1642,#1643,#1644));
#352=EDGE_LOOP('',(#1645,#1646,#1647,#1648));
#353=EDGE_LOOP('',(#1649,#1650,#1651,#1652));
#354=EDGE_LOOP('',(#1653,#1654,#1655,#1656));
#355=EDGE_LOOP('',(#1657,#1658,#1659,#1660,#1661));
#356=EDGE_LOOP('',(#1662,#1663,#1664,#1665));
#357=EDGE_LOOP('',(#1666,#1667,#1668,#1669,#1670,#1671));
#358=EDGE_LOOP('',(#1672,#1673,#1674,#1675));
#359=EDGE_LOOP('',(#1676,#1677,#1678,#1679,#1680,#1681));
#360=EDGE_LOOP('',(#1682,#1683,#1684,#1685));
#361=EDGE_LOOP('',(#1686,#1687,#1688,#1689));
#362=EDGE_LOOP('',(#1690,#1691,#1692,#1693));
#363=EDGE_LOOP('',(#1694,#1695,#1696,#1697));
#364=EDGE_LOOP('',(#1698,#1699,#1700,#1701));
#365=EDGE_LOOP('',(#1702,#1703,#1704,#1705,#1706,#1707));
#366=EDGE_LOOP('',(#1708,#1709,#1710,#1711,#1712,#1713,#1714,#1715));
#367=EDGE_LOOP('',(#1716,#1717,#1718,#1719));
#368=EDGE_LOOP('',(#1720,#1721,#1722,#1723,#1724,#1725,#1726,#1727,#1728,
#1729));
#369=EDGE_LOOP('',(#1730,#1731,#1732,#1733));
#370=EDGE_LOOP('',(#1734,#1735,#1736,#1737,#1738,#1739,#1740,#1741,#1742,
#1743,#1744,#1745,#1746,#1747));
#371=EDGE_LOOP('',(#1748));
#372=EDGE_LOOP('',(#1749));
#373=EDGE_LOOP('',(#1750));
#374=EDGE_LOOP('',(#1751));
#375=EDGE_LOOP('',(#1752,#1753,#1754,#1755));
#376=EDGE_LOOP('',(#1756,#1757,#1758,#1759));
#377=EDGE_LOOP('',(#1760,#1761,#1762,#1763));
#378=EDGE_LOOP('',(#1764,#1765,#1766,#1767));
#379=EDGE_LOOP('',(#1768,#1769,#1770,#1771));
#380=EDGE_LOOP('',(#1772,#1773,#1774,#1775));
#381=EDGE_LOOP('',(#1776,#1777,#1778,#1779));
#382=EDGE_LOOP('',(#1780,#1781,#1782,#1783));
#383=EDGE_LOOP('',(#1784,#1785,#1786,#1787,#1788,#1789,#1790,#1791,#1792,
#1793,#1794,#1795,#1796,#1797,#1798));
#384=EDGE_LOOP('',(#1799,#1800,#1801,#1802));
#385=EDGE_LOOP('',(#1803,#1804,#1805,#1806));
#386=EDGE_LOOP('',(#1807,#1808,#1809,#1810));
#387=EDGE_LOOP('',(#1811,#1812,#1813,#1814));
#388=EDGE_LOOP('',(#1815,#1816,#1817,#1818));
#389=EDGE_LOOP('',(#1819,#1820,#1821,#1822,#1823,#1824,#1825,#1826,#1827,
#1828,#1829,#1830,#1831,#1832,#1833,#1834,#1835,#1836,#1837,#1838,#1839,
#1840,#1841,#1842,#1843,#1844,#1845));
#390=EDGE_LOOP('',(#1846));
#391=EDGE_LOOP('',(#1847,#1848,#1849,#1850));
#392=EDGE_LOOP('',(#1851,#1852,#1853,#1854));
#393=EDGE_LOOP('',(#1855,#1856,#1857,#1858));
#394=EDGE_LOOP('',(#1859,#1860,#1861,#1862));
#395=EDGE_LOOP('',(#1863,#1864,#1865,#1866,#1867,#1868));
#396=EDGE_LOOP('',(#1869,#1870,#1871,#1872));
#397=EDGE_LOOP('',(#1873,#1874,#1875,#1876));
#398=EDGE_LOOP('',(#1877,#1878,#1879,#1880,#1881,#1882,#1883,#1884,#1885,
#1886,#1887,#1888,#1889,#1890,#1891,#1892,#1893,#1894,#1895,#1896,#1897,
#1898,#1899,#1900,#1901,#1902,#1903,#1904,#1905,#1906,#1907,#1908,#1909,
#1910,#1911));
#399=EDGE_LOOP('',(#1912));
#400=EDGE_LOOP('',(#1913));
#401=EDGE_LOOP('',(#1914,#1915,#1916,#1917));
#402=EDGE_LOOP('',(#1918,#1919,#1920,#1921,#1922,#1923,#1924,#1925));
#403=EDGE_LOOP('',(#1926,#1927,#1928,#1929,#1930,#1931,#1932));
#404=EDGE_LOOP('',(#1933,#1934,#1935,#1936,#1937,#1938));
#405=EDGE_LOOP('',(#1939,#1940,#1941,#1942,#1943,#1944,#1945,#1946,#1947,
#1948,#1949,#1950,#1951,#1952,#1953,#1954,#1955,#1956,#1957,#1958,#1959,
#1960,#1961,#1962,#1963,#1964,#1965,#1966,#1967,#1968,#1969,#1970,#1971,
#1972,#1973,#1974,#1975,#1976,#1977,#1978,#1979,#1980,#1981,#1982,#1983,
#1984,#1985,#1986,#1987,#1988,#1989,#1990,#1991,#1992,#1993,#1994,#1995,
#1996,#1997,#1998));
#406=EDGE_LOOP('',(#1999));
#407=EDGE_LOOP('',(#2000));
#408=EDGE_LOOP('',(#2001));
#409=EDGE_LOOP('',(#2002));
#410=EDGE_LOOP('',(#2003));
#411=EDGE_LOOP('',(#2004));
#412=EDGE_LOOP('',(#2005,#2006,#2007,#2008));
#413=EDGE_LOOP('',(#2009,#2010,#2011,#2012));
#414=EDGE_LOOP('',(#2013,#2014,#2015,#2016));
#415=EDGE_LOOP('',(#2017,#2018,#2019,#2020));
#416=EDGE_LOOP('',(#2021,#2022,#2023,#2024));
#417=EDGE_LOOP('',(#2025,#2026,#2027,#2028));
#418=EDGE_LOOP('',(#2029,#2030,#2031,#2032));
#419=EDGE_LOOP('',(#2033,#2034,#2035,#2036));
#420=EDGE_LOOP('',(#2037,#2038,#2039,#2040));
#421=EDGE_LOOP('',(#2041,#2042,#2043,#2044));
#422=EDGE_LOOP('',(#2045,#2046,#2047,#2048));
#423=EDGE_LOOP('',(#2049,#2050,#2051,#2052));
#424=EDGE_LOOP('',(#2053,#2054,#2055,#2056));
#425=EDGE_LOOP('',(#2057,#2058,#2059,#2060));
#426=EDGE_LOOP('',(#2061,#2062,#2063,#2064));
#427=EDGE_LOOP('',(#2065,#2066,#2067,#2068));
#428=EDGE_LOOP('',(#2069,#2070,#2071,#2072));
#429=EDGE_LOOP('',(#2073,#2074,#2075,#2076));
#430=EDGE_LOOP('',(#2077,#2078,#2079,#2080));
#431=EDGE_LOOP('',(#2081,#2082,#2083,#2084));
#432=EDGE_LOOP('',(#2085,#2086,#2087));
#433=EDGE_LOOP('',(#2088,#2089,#2090,#2091));
#434=EDGE_LOOP('',(#2092,#2093,#2094));
#435=EDGE_LOOP('',(#2095,#2096,#2097,#2098));
#436=EDGE_LOOP('',(#2099,#2100,#2101));
#437=EDGE_LOOP('',(#2102,#2103,#2104,#2105));
#438=EDGE_LOOP('',(#2106,#2107,#2108));
#439=EDGE_LOOP('',(#2109,#2110,#2111,#2112));
#440=EDGE_LOOP('',(#2113,#2114,#2115));
#441=EDGE_LOOP('',(#2116,#2117,#2118,#2119));
#442=EDGE_LOOP('',(#2120,#2121,#2122));
#443=EDGE_LOOP('',(#2123,#2124,#2125,#2126));
#444=EDGE_LOOP('',(#2127,#2128,#2129));
#445=EDGE_LOOP('',(#2130,#2131,#2132,#2133));
#446=EDGE_LOOP('',(#2134,#2135,#2136));
#447=EDGE_LOOP('',(#2137,#2138,#2139,#2140));
#448=EDGE_LOOP('',(#2141,#2142,#2143));
#449=EDGE_LOOP('',(#2144,#2145,#2146,#2147));
#450=EDGE_LOOP('',(#2148,#2149,#2150));
#451=EDGE_LOOP('',(#2151,#2152,#2153,#2154));
#452=EDGE_LOOP('',(#2155,#2156,#2157,#2158));
#453=EDGE_LOOP('',(#2159,#2160,#2161,#2162));
#454=EDGE_LOOP('',(#2163,#2164,#2165,#2166));
#455=EDGE_LOOP('',(#2167,#2168,#2169,#2170));
#456=EDGE_LOOP('',(#2171,#2172,#2173,#2174));
#457=EDGE_LOOP('',(#2175,#2176,#2177,#2178));
#458=EDGE_LOOP('',(#2179,#2180,#2181,#2182));
#459=EDGE_LOOP('',(#2183,#2184,#2185,#2186,#2187,#2188,#2189));
#460=EDGE_LOOP('',(#2190,#2191,#2192,#2193));
#461=EDGE_LOOP('',(#2194,#2195,#2196,#2197));
#462=EDGE_LOOP('',(#2198,#2199,#2200,#2201,#2202,#2203,#2204,#2205,#2206,
#2207));
#463=EDGE_LOOP('',(#2208,#2209,#2210,#2211));
#464=EDGE_LOOP('',(#2212,#2213,#2214,#2215));
#465=EDGE_LOOP('',(#2216,#2217,#2218,#2219));
#466=EDGE_LOOP('',(#2220,#2221,#2222,#2223));
#467=EDGE_LOOP('',(#2224,#2225,#2226,#2227));
#468=EDGE_LOOP('',(#2228,#2229,#2230,#2231));
#469=EDGE_LOOP('',(#2232,#2233,#2234,#2235));
#470=EDGE_LOOP('',(#2236,#2237,#2238,#2239));
#471=EDGE_LOOP('',(#2240,#2241,#2242,#2243));
#472=EDGE_LOOP('',(#2244,#2245,#2246,#2247));
#473=EDGE_LOOP('',(#2248,#2249,#2250,#2251));
#474=EDGE_LOOP('',(#2252,#2253,#2254,#2255));
#475=EDGE_LOOP('',(#2256,#2257,#2258,#2259,#2260,#2261,#2262,#2263,#2264));
#476=EDGE_LOOP('',(#2265,#2266,#2267,#2268,#2269,#2270));
#477=EDGE_LOOP('',(#2271));
#478=EDGE_LOOP('',(#2272));
#479=EDGE_LOOP('',(#2273));
#480=EDGE_LOOP('',(#2274,#2275,#2276,#2277));
#481=EDGE_LOOP('',(#2278,#2279,#2280,#2281));
#482=EDGE_LOOP('',(#2282,#2283,#2284,#2285));
#483=EDGE_LOOP('',(#2286,#2287,#2288,#2289));
#484=EDGE_LOOP('',(#2290,#2291,#2292,#2293,#2294,#2295,#2296));
#485=EDGE_LOOP('',(#2297,#2298,#2299,#2300));
#486=EDGE_LOOP('',(#2301,#2302,#2303,#2304));
#487=EDGE_LOOP('',(#2305,#2306,#2307,#2308));
#488=EDGE_LOOP('',(#2309,#2310,#2311,#2312));
#489=LINE('',#3502,#739);
#490=LINE('',#3504,#740);
#491=LINE('',#3506,#741);
#492=LINE('',#3507,#742);
#493=LINE('',#3511,#743);
#494=LINE('',#3513,#744);
#495=LINE('',#3515,#745);
#496=LINE('',#3516,#746);
#497=LINE('',#3521,#747);
#498=LINE('',#3525,#748);
#499=LINE('',#3527,#749);
#500=LINE('',#3528,#750);
#501=LINE('',#3535,#751);
#502=LINE('',#3537,#752);
#503=LINE('',#3539,#753);
#504=LINE('',#3540,#754);
#505=LINE('',#3545,#755);
#506=LINE('',#3549,#756);
#507=LINE('',#3551,#757);
#508=LINE('',#3552,#758);
#509=LINE('',#3562,#759);
#510=LINE('',#3565,#760);
#511=LINE('',#3567,#761);
#512=LINE('',#3568,#762);
#513=LINE('',#3579,#763);
#514=LINE('',#3582,#764);
#515=LINE('',#3585,#765);
#516=LINE('',#3587,#766);
#517=LINE('',#3589,#767);
#518=LINE('',#3590,#768);
#519=LINE('',#3596,#769);
#520=LINE('',#3599,#770);
#521=LINE('',#3601,#771);
#522=LINE('',#3603,#772);
#523=LINE('',#3605,#773);
#524=LINE('',#3606,#774);
#525=LINE('',#3611,#775);
#526=LINE('',#3615,#776);
#527=LINE('',#3617,#777);
#528=LINE('',#3619,#778);
#529=LINE('',#3621,#779);
#530=LINE('',#3622,#780);
#531=LINE('',#3627,#781);
#532=LINE('',#3630,#782);
#533=LINE('',#3631,#783);
#534=LINE('',#3637,#784);
#535=LINE('',#3640,#785);
#536=LINE('',#3643,#786);
#537=LINE('',#3645,#787);
#538=LINE('',#3646,#788);
#539=LINE('',#3651,#789);
#540=LINE('',#3655,#790);
#541=LINE('',#3657,#791);
#542=LINE('',#3658,#792);
#543=LINE('',#3664,#793);
#544=LINE('',#3667,#794);
#545=LINE('',#3670,#795);
#546=LINE('',#3672,#796);
#547=LINE('',#3673,#797);
#548=LINE('',#3674,#798);
#549=LINE('',#3680,#799);
#550=LINE('',#3683,#800);
#551=LINE('',#3685,#801);
#552=LINE('',#3687,#802);
#553=LINE('',#3691,#803);
#554=LINE('',#3693,#804);
#555=LINE('',#3695,#805);
#556=LINE('',#3699,#806);
#557=LINE('',#3703,#807);
#558=LINE('',#3715,#808);
#559=LINE('',#3716,#809);
#560=LINE('',#3720,#810);
#561=LINE('',#3723,#811);
#562=LINE('',#3726,#812);
#563=LINE('',#3729,#813);
#564=LINE('',#3730,#814);
#565=LINE('',#3734,#815);
#566=LINE('',#3737,#816);
#567=LINE('',#3744,#817);
#568=LINE('',#3747,#818);
#569=LINE('',#3750,#819);
#570=LINE('',#3752,#820);
#571=LINE('',#3753,#821);
#572=LINE('',#3756,#822);
#573=LINE('',#3760,#823);
#574=LINE('',#3762,#824);
#575=LINE('',#3766,#825);
#576=LINE('',#3770,#826);
#577=LINE('',#3774,#827);
#578=LINE('',#3776,#828);
#579=LINE('',#3778,#829);
#580=LINE('',#3784,#830);
#581=LINE('',#3785,#831);
#582=LINE('',#3788,#832);
#583=LINE('',#3789,#833);
#584=LINE('',#3794,#834);
#585=LINE('',#3796,#835);
#586=LINE('',#3800,#836);
#587=LINE('',#3802,#837);
#588=LINE('',#3804,#838);
#589=LINE('',#3812,#839);
#590=LINE('',#3814,#840);
#591=LINE('',#3816,#841);
#592=LINE('',#3820,#842);
#593=LINE('',#3822,#843);
#594=LINE('',#3826,#844);
#595=LINE('',#3830,#845);
#596=LINE('',#3833,#846);
#597=LINE('',#3834,#847);
#598=LINE('',#3838,#848);
#599=LINE('',#3839,#849);
#600=LINE('',#3842,#850);
#601=LINE('',#3843,#851);
#602=LINE('',#3845,#852);
#603=LINE('',#3848,#853);
#604=LINE('',#3851,#854);
#605=LINE('',#3857,#855);
#606=LINE('',#3860,#856);
#607=LINE('',#3863,#857);
#608=LINE('',#3865,#858);
#609=LINE('',#3866,#859);
#610=LINE('',#3869,#860);
#611=LINE('',#3871,#861);
#612=LINE('',#3879,#862);
#613=LINE('',#3881,#863);
#614=LINE('',#3885,#864);
#615=LINE('',#3889,#865);
#616=LINE('',#3891,#866);
#617=LINE('',#3893,#867);
#618=LINE('',#3895,#868);
#619=LINE('',#3897,#869);
#620=LINE('',#3899,#870);
#621=LINE('',#3903,#871);
#622=LINE('',#3907,#872);
#623=LINE('',#3909,#873);
#624=LINE('',#3917,#874);
#625=LINE('',#3919,#875);
#626=LINE('',#3923,#876);
#627=LINE('',#3925,#877);
#628=LINE('',#3926,#878);
#629=LINE('',#3928,#879);
#630=LINE('',#3929,#880);
#631=LINE('',#3936,#881);
#632=LINE('',#3939,#882);
#633=LINE('',#3942,#883);
#634=LINE('',#3943,#884);
#635=LINE('',#3944,#885);
#636=LINE('',#3945,#886);
#637=LINE('',#3948,#887);
#638=LINE('',#3950,#888);
#639=LINE('',#3951,#889);
#640=LINE('',#3955,#890);
#641=LINE('',#3958,#891);
#642=LINE('',#3960,#892);
#643=LINE('',#3964,#893);
#644=LINE('',#3966,#894);
#645=LINE('',#3968,#895);
#646=LINE('',#3976,#896);
#647=LINE('',#3978,#897);
#648=LINE('',#3980,#898);
#649=LINE('',#3984,#899);
#650=LINE('',#3985,#900);
#651=LINE('',#3987,#901);
#652=LINE('',#3995,#902);
#653=LINE('',#3997,#903);
#654=LINE('',#4001,#904);
#655=LINE('',#4005,#905);
#656=LINE('',#4007,#906);
#657=LINE('',#4008,#907);
#658=LINE('',#4009,#908);
#659=LINE('',#4011,#909);
#660=LINE('',#4013,#910);
#661=LINE('',#4014,#911);
#662=LINE('',#4015,#912);
#663=LINE('',#4017,#913);
#664=LINE('',#4019,#914);
#665=LINE('',#4021,#915);
#666=LINE('',#4025,#916);
#667=LINE('',#4029,#917);
#668=LINE('',#4031,#918);
#669=LINE('',#4039,#919);
#670=LINE('',#4040,#920);
#671=LINE('',#4054,#921);
#672=LINE('',#4055,#922);
#673=LINE('',#4057,#923);
#674=LINE('',#4059,#924);
#675=LINE('',#4060,#925);
#676=LINE('',#4062,#926);
#677=LINE('',#4064,#927);
#678=LINE('',#4066,#928);
#679=LINE('',#4067,#929);
#680=LINE('',#4069,#930);
#681=LINE('',#4071,#931);
#682=LINE('',#4072,#932);
#683=LINE('',#4074,#933);
#684=LINE('',#4076,#934);
#685=LINE('',#4078,#935);
#686=LINE('',#4079,#936);
#687=LINE('',#4081,#937);
#688=LINE('',#4083,#938);
#689=LINE('',#4085,#939);
#690=LINE('',#4086,#940);
#691=LINE('',#4088,#941);
#692=LINE('',#4090,#942);
#693=LINE('',#4091,#943);
#694=LINE('',#4093,#944);
#695=LINE('',#4095,#945);
#696=LINE('',#4096,#946);
#697=LINE('',#4098,#947);
#698=LINE('',#4100,#948);
#699=LINE('',#4105,#949);
#700=LINE('',#4107,#950);
#701=LINE('',#4112,#951);
#702=LINE('',#4114,#952);
#703=LINE('',#4119,#953);
#704=LINE('',#4121,#954);
#705=LINE('',#4126,#955);
#706=LINE('',#4128,#956);
#707=LINE('',#4133,#957);
#708=LINE('',#4135,#958);
#709=LINE('',#4140,#959);
#710=LINE('',#4142,#960);
#711=LINE('',#4147,#961);
#712=LINE('',#4149,#962);
#713=LINE('',#4154,#963);
#714=LINE('',#4156,#964);
#715=LINE('',#4161,#965);
#716=LINE('',#4163,#966);
#717=LINE('',#4168,#967);
#718=LINE('',#4170,#968);
#719=LINE('',#4173,#969);
#720=LINE('',#4175,#970);
#721=LINE('',#4177,#971);
#722=LINE('',#4180,#972);
#723=LINE('',#4183,#973);
#724=LINE('',#4184,#974);
#725=LINE('',#4186,#975);
#726=LINE('',#4188,#976);
#727=LINE('',#4191,#977);
#728=LINE('',#4193,#978);
#729=LINE('',#4198,#979);
#730=LINE('',#4200,#980);
#731=LINE('',#4203,#981);
#732=LINE('',#4205,#982);
#733=LINE('',#4210,#983);
#734=LINE('',#4212,#984);
#735=LINE('',#4213,#985);
#736=LINE('',#4225,#986);
#737=LINE('',#4228,#987);
#738=LINE('',#4233,#988);
#739=VECTOR('',#2764,10.);
#740=VECTOR('',#2765,10.);
#741=VECTOR('',#2766,10.);
#742=VECTOR('',#2767,10.);
#743=VECTOR('',#2770,10.);
#744=VECTOR('',#2771,10.);
#745=VECTOR('',#2772,10.);
#746=VECTOR('',#2773,10.);
#747=VECTOR('',#2778,10.);
#748=VECTOR('',#2783,10.);
#749=VECTOR('',#2784,10.);
#750=VECTOR('',#2785,10.);
#751=VECTOR('',#2794,10.);
#752=VECTOR('',#2795,10.);
#753=VECTOR('',#2796,10.);
#754=VECTOR('',#2797,10.);
#755=VECTOR('',#2802,10.);
#756=VECTOR('',#2807,10.);
#757=VECTOR('',#2808,10.);
#758=VECTOR('',#2809,10.);
#759=VECTOR('',#2824,10.);
#760=VECTOR('',#2827,10.);
#761=VECTOR('',#2828,10.);
#762=VECTOR('',#2829,10.);
#763=VECTOR('',#2844,10.);
#764=VECTOR('',#2847,10.);
#765=VECTOR('',#2850,10.);
#766=VECTOR('',#2851,10.);
#767=VECTOR('',#2852,10.);
#768=VECTOR('',#2853,10.);
#769=VECTOR('',#2858,10.);
#770=VECTOR('',#2861,10.);
#771=VECTOR('',#2864,10.);
#772=VECTOR('',#2865,10.);
#773=VECTOR('',#2866,10.);
#774=VECTOR('',#2867,10.);
#775=VECTOR('',#2872,10.);
#776=VECTOR('',#2877,10.);
#777=VECTOR('',#2878,10.);
#778=VECTOR('',#2879,10.);
#779=VECTOR('',#2880,10.);
#780=VECTOR('',#2881,10.);
#781=VECTOR('',#2886,10.);
#782=VECTOR('',#2891,10.);
#783=VECTOR('',#2892,10.);
#784=VECTOR('',#2897,10.);
#785=VECTOR('',#2900,10.);
#786=VECTOR('',#2903,10.);
#787=VECTOR('',#2904,10.);
#788=VECTOR('',#2905,10.);
#789=VECTOR('',#2910,10.);
#790=VECTOR('',#2915,10.);
#791=VECTOR('',#2916,10.);
#792=VECTOR('',#2917,10.);
#793=VECTOR('',#2922,10.);
#794=VECTOR('',#2925,10.);
#795=VECTOR('',#2928,10.);
#796=VECTOR('',#2929,10.);
#797=VECTOR('',#2930,10.);
#798=VECTOR('',#2931,10.);
#799=VECTOR('',#2936,10.);
#800=VECTOR('',#2939,10.);
#801=VECTOR('',#2942,10.);
#802=VECTOR('',#2943,10.);
#803=VECTOR('',#2946,10.);
#804=VECTOR('',#2947,10.);
#805=VECTOR('',#2948,10.);
#806=VECTOR('',#2951,10.);
#807=VECTOR('',#2954,10.);
#808=VECTOR('',#2967,10.);
#809=VECTOR('',#2968,10.);
#810=VECTOR('',#2973,10.);
#811=VECTOR('',#2976,10.);
#812=VECTOR('',#2979,10.);
#813=VECTOR('',#2982,10.);
#814=VECTOR('',#2983,10.);
#815=VECTOR('',#2988,10.);
#816=VECTOR('',#2991,10.);
#817=VECTOR('',#2998,10.);
#818=VECTOR('',#3001,10.);
#819=VECTOR('',#3004,10.);
#820=VECTOR('',#3005,10.);
#821=VECTOR('',#3006,10.);
#822=VECTOR('',#3009,10.);
#823=VECTOR('',#3012,10.);
#824=VECTOR('',#3013,10.);
#825=VECTOR('',#3016,10.);
#826=VECTOR('',#3019,10.);
#827=VECTOR('',#3022,10.);
#828=VECTOR('',#3023,10.);
#829=VECTOR('',#3024,10.);
#830=VECTOR('',#3031,10.);
#831=VECTOR('',#3032,10.);
#832=VECTOR('',#3035,10.);
#833=VECTOR('',#3036,10.);
#834=VECTOR('',#3041,10.);
#835=VECTOR('',#3042,10.);
#836=VECTOR('',#3045,10.);
#837=VECTOR('',#3046,10.);
#838=VECTOR('',#3047,10.);
#839=VECTOR('',#3054,10.);
#840=VECTOR('',#3055,10.);
#841=VECTOR('',#3056,10.);
#842=VECTOR('',#3059,10.);
#843=VECTOR('',#3060,10.);
#844=VECTOR('',#3063,10.);
#845=VECTOR('',#3066,10.);
#846=VECTOR('',#3069,10.);
#847=VECTOR('',#3070,10.);
#848=VECTOR('',#3075,10.);
#849=VECTOR('',#3076,10.);
#850=VECTOR('',#3081,10.);
#851=VECTOR('',#3082,10.);
#852=VECTOR('',#3085,10.);
#853=VECTOR('',#3088,10.);
#854=VECTOR('',#3091,10.);
#855=VECTOR('',#3096,10.);
#856=VECTOR('',#3099,10.);
#857=VECTOR('',#3102,10.);
#858=VECTOR('',#3103,10.);
#859=VECTOR('',#3104,10.);
#860=VECTOR('',#3107,10.);
#861=VECTOR('',#3108,10.);
#862=VECTOR('',#3115,10.);
#863=VECTOR('',#3116,10.);
#864=VECTOR('',#3119,10.);
#865=VECTOR('',#3122,10.);
#866=VECTOR('',#3123,10.);
#867=VECTOR('',#3124,10.);
#868=VECTOR('',#3125,10.);
#869=VECTOR('',#3126,10.);
#870=VECTOR('',#3127,10.);
#871=VECTOR('',#3130,10.);
#872=VECTOR('',#3133,10.);
#873=VECTOR('',#3134,10.);
#874=VECTOR('',#3141,10.);
#875=VECTOR('',#3142,10.);
#876=VECTOR('',#3145,10.);
#877=VECTOR('',#3146,10.);
#878=VECTOR('',#3147,10.);
#879=VECTOR('',#3148,10.);
#880=VECTOR('',#3149,10.);
#881=VECTOR('',#3156,10.);
#882=VECTOR('',#3159,10.);
#883=VECTOR('',#3162,10.);
#884=VECTOR('',#3163,10.);
#885=VECTOR('',#3164,10.);
#886=VECTOR('',#3165,10.);
#887=VECTOR('',#3168,10.);
#888=VECTOR('',#3169,10.);
#889=VECTOR('',#3170,10.);
#890=VECTOR('',#3175,10.);
#891=VECTOR('',#3178,10.);
#892=VECTOR('',#3179,10.);
#893=VECTOR('',#3182,10.);
#894=VECTOR('',#3183,10.);
#895=VECTOR('',#3184,10.);
#896=VECTOR('',#3191,10.);
#897=VECTOR('',#3192,10.);
#898=VECTOR('',#3193,10.);
#899=VECTOR('',#3196,10.);
#900=VECTOR('',#3197,10.);
#901=VECTOR('',#3198,10.);
#902=VECTOR('',#3205,10.);
#903=VECTOR('',#3206,10.);
#904=VECTOR('',#3209,10.);
#905=VECTOR('',#3212,10.);
#906=VECTOR('',#3213,10.);
#907=VECTOR('',#3214,10.);
#908=VECTOR('',#3215,10.);
#909=VECTOR('',#3216,10.);
#910=VECTOR('',#3217,10.);
#911=VECTOR('',#3218,10.);
#912=VECTOR('',#3219,10.);
#913=VECTOR('',#3220,10.);
#914=VECTOR('',#3221,10.);
#915=VECTOR('',#3222,10.);
#916=VECTOR('',#3225,10.);
#917=VECTOR('',#3228,10.);
#918=VECTOR('',#3229,10.);
#919=VECTOR('',#3236,10.);
#920=VECTOR('',#3237,10.);
#921=VECTOR('',#3252,10.);
#922=VECTOR('',#3253,10.);
#923=VECTOR('',#3256,10.);
#924=VECTOR('',#3259,2.);
#925=VECTOR('',#3260,2.);
#926=VECTOR('',#3263,1.99999999999999);
#927=VECTOR('',#3266,1.99999999999999);
#928=VECTOR('',#3269,10.);
#929=VECTOR('',#3270,10.);
#930=VECTOR('',#3273,10.);
#931=VECTOR('',#3276,2.00000000000001);
#932=VECTOR('',#3277,2.00000000000001);
#933=VECTOR('',#3280,2.);
#934=VECTOR('',#3283,10.);
#935=VECTOR('',#3286,10.);
#936=VECTOR('',#3287,10.);
#937=VECTOR('',#3290,10.);
#938=VECTOR('',#3293,10.);
#939=VECTOR('',#3296,10.);
#940=VECTOR('',#3297,10.);
#941=VECTOR('',#3300,10.);
#942=VECTOR('',#3303,10.);
#943=VECTOR('',#3304,10.);
#944=VECTOR('',#3307,10.);
#945=VECTOR('',#3310,2.00000000000001);
#946=VECTOR('',#3311,2.00000000000001);
#947=VECTOR('',#3314,2.);
#948=VECTOR('',#3317,10.);
#949=VECTOR('',#3322,0.40575);
#950=VECTOR('',#3325,0.8115);
#951=VECTOR('',#3330,0.40575);
#952=VECTOR('',#3333,0.8115);
#953=VECTOR('',#3338,0.40575);
#954=VECTOR('',#3341,0.8115);
#955=VECTOR('',#3346,0.40575);
#956=VECTOR('',#3349,0.8115);
#957=VECTOR('',#3354,0.40575);
#958=VECTOR('',#3357,0.8115);
#959=VECTOR('',#3362,0.40575);
#960=VECTOR('',#3365,0.8115);
#961=VECTOR('',#3370,0.40575);
#962=VECTOR('',#3373,0.8115);
#963=VECTOR('',#3378,0.40575);
#964=VECTOR('',#3381,0.8115);
#965=VECTOR('',#3386,0.40575);
#966=VECTOR('',#3389,0.8115);
#967=VECTOR('',#3394,0.40575);
#968=VECTOR('',#3397,0.8115);
#969=VECTOR('',#3402,10.);
#970=VECTOR('',#3405,10.);
#971=VECTOR('',#3408,10.);
#972=VECTOR('',#3413,10.);
#973=VECTOR('',#3418,10.);
#974=VECTOR('',#3419,10.);
#975=VECTOR('',#3422,10.);
#976=VECTOR('',#3425,10.);
#977=VECTOR('',#3430,10.);
#978=VECTOR('',#3433,10.);
#979=VECTOR('',#3442,10.);
#980=VECTOR('',#3445,10.);
#981=VECTOR('',#3450,10.);
#982=VECTOR('',#3453,10.);
#983=VECTOR('',#3460,10.);
#984=VECTOR('',#3461,10.);
#985=VECTOR('',#3462,10.);
#986=VECTOR('',#3479,0.999999999999996);
#987=VECTOR('',#3484,0.999999999999996);
#988=VECTOR('',#3493,1.);
#989=VERTEX_POINT('',#3500);
#990=VERTEX_POINT('',#3501);
#991=VERTEX_POINT('',#3503);
#992=VERTEX_POINT('',#3505);
#993=VERTEX_POINT('',#3509);
#994=VERTEX_POINT('',#3510);
#995=VERTEX_POINT('',#3512);
#996=VERTEX_POINT('',#3514);
#997=VERTEX_POINT('',#3518);
#998=VERTEX_POINT('',#3520);
#999=VERTEX_POINT('',#3524);
#1000=VERTEX_POINT('',#3526);
#1001=VERTEX_POINT('',#3533);
#1002=VERTEX_POINT('',#3534);
#1003=VERTEX_POINT('',#3536);
#1004=VERTEX_POINT('',#3538);
#1005=VERTEX_POINT('',#3542);
#1006=VERTEX_POINT('',#3544);
#1007=VERTEX_POINT('',#3548);
#1008=VERTEX_POINT('',#3550);
#1009=VERTEX_POINT('',#3558);
#1010=VERTEX_POINT('',#3560);
#1011=VERTEX_POINT('',#3564);
#1012=VERTEX_POINT('',#3566);
#1013=VERTEX_POINT('',#3575);
#1014=VERTEX_POINT('',#3576);
#1015=VERTEX_POINT('',#3578);
#1016=VERTEX_POINT('',#3580);
#1017=VERTEX_POINT('',#3584);
#1018=VERTEX_POINT('',#3586);
#1019=VERTEX_POINT('',#3588);
#1020=VERTEX_POINT('',#3592);
#1021=VERTEX_POINT('',#3593);
#1022=VERTEX_POINT('',#3595);
#1023=VERTEX_POINT('',#3597);
#1024=VERTEX_POINT('',#3602);
#1025=VERTEX_POINT('',#3604);
#1026=VERTEX_POINT('',#3608);
#1027=VERTEX_POINT('',#3610);
#1028=VERTEX_POINT('',#3614);
#1029=VERTEX_POINT('',#3616);
#1030=VERTEX_POINT('',#3618);
#1031=VERTEX_POINT('',#3620);
#1032=VERTEX_POINT('',#3624);
#1033=VERTEX_POINT('',#3626);
#1034=VERTEX_POINT('',#3633);
#1035=VERTEX_POINT('',#3634);
#1036=VERTEX_POINT('',#3636);
#1037=VERTEX_POINT('',#3638);
#1038=VERTEX_POINT('',#3642);
#1039=VERTEX_POINT('',#3644);
#1040=VERTEX_POINT('',#3648);
#1041=VERTEX_POINT('',#3650);
#1042=VERTEX_POINT('',#3654);
#1043=VERTEX_POINT('',#3656);
#1044=VERTEX_POINT('',#3660);
#1045=VERTEX_POINT('',#3661);
#1046=VERTEX_POINT('',#3663);
#1047=VERTEX_POINT('',#3665);
#1048=VERTEX_POINT('',#3669);
#1049=VERTEX_POINT('',#3671);
#1050=VERTEX_POINT('',#3676);
#1051=VERTEX_POINT('',#3677);
#1052=VERTEX_POINT('',#3679);
#1053=VERTEX_POINT('',#3681);
#1054=VERTEX_POINT('',#3686);
#1055=VERTEX_POINT('',#3688);
#1056=VERTEX_POINT('',#3690);
#1057=VERTEX_POINT('',#3692);
#1058=VERTEX_POINT('',#3694);
#1059=VERTEX_POINT('',#3696);
#1060=VERTEX_POINT('',#3698);
#1061=VERTEX_POINT('',#3700);
#1062=VERTEX_POINT('',#3702);
#1063=VERTEX_POINT('',#3705);
#1064=VERTEX_POINT('',#3707);
#1065=VERTEX_POINT('',#3709);
#1066=VERTEX_POINT('',#3711);
#1067=VERTEX_POINT('',#3714);
#1068=VERTEX_POINT('',#3718);
#1069=VERTEX_POINT('',#3722);
#1070=VERTEX_POINT('',#3724);
#1071=VERTEX_POINT('',#3728);
#1072=VERTEX_POINT('',#3732);
#1073=VERTEX_POINT('',#3736);
#1074=VERTEX_POINT('',#3740);
#1075=VERTEX_POINT('',#3741);
#1076=VERTEX_POINT('',#3743);
#1077=VERTEX_POINT('',#3745);
#1078=VERTEX_POINT('',#3749);
#1079=VERTEX_POINT('',#3751);
#1080=VERTEX_POINT('',#3755);
#1081=VERTEX_POINT('',#3757);
#1082=VERTEX_POINT('',#3759);
#1083=VERTEX_POINT('',#3761);
#1084=VERTEX_POINT('',#3763);
#1085=VERTEX_POINT('',#3765);
#1086=VERTEX_POINT('',#3767);
#1087=VERTEX_POINT('',#3769);
#1088=VERTEX_POINT('',#3771);
#1089=VERTEX_POINT('',#3773);
#1090=VERTEX_POINT('',#3775);
#1091=VERTEX_POINT('',#3777);
#1092=VERTEX_POINT('',#3781);
#1093=VERTEX_POINT('',#3782);
#1094=VERTEX_POINT('',#3787);
#1095=VERTEX_POINT('',#3791);
#1096=VERTEX_POINT('',#3793);
#1097=VERTEX_POINT('',#3795);
#1098=VERTEX_POINT('',#3797);
#1099=VERTEX_POINT('',#3799);
#1100=VERTEX_POINT('',#3801);
#1101=VERTEX_POINT('',#3803);
#1102=VERTEX_POINT('',#3805);
#1103=VERTEX_POINT('',#3807);
#1104=VERTEX_POINT('',#3809);
#1105=VERTEX_POINT('',#3811);
#1106=VERTEX_POINT('',#3813);
#1107=VERTEX_POINT('',#3815);
#1108=VERTEX_POINT('',#3817);
#1109=VERTEX_POINT('',#3819);
#1110=VERTEX_POINT('',#3821);
#1111=VERTEX_POINT('',#3823);
#1112=VERTEX_POINT('',#3825);
#1113=VERTEX_POINT('',#3827);
#1114=VERTEX_POINT('',#3829);
#1115=VERTEX_POINT('',#3831);
#1116=VERTEX_POINT('',#3835);
#1117=VERTEX_POINT('',#3847);
#1118=VERTEX_POINT('',#3849);
#1119=VERTEX_POINT('',#3853);
#1120=VERTEX_POINT('',#3854);
#1121=VERTEX_POINT('',#3856);
#1122=VERTEX_POINT('',#3858);
#1123=VERTEX_POINT('',#3862);
#1124=VERTEX_POINT('',#3864);
#1125=VERTEX_POINT('',#3868);
#1126=VERTEX_POINT('',#3870);
#1127=VERTEX_POINT('',#3872);
#1128=VERTEX_POINT('',#3874);
#1129=VERTEX_POINT('',#3876);
#1130=VERTEX_POINT('',#3878);
#1131=VERTEX_POINT('',#3880);
#1132=VERTEX_POINT('',#3882);
#1133=VERTEX_POINT('',#3884);
#1134=VERTEX_POINT('',#3886);
#1135=VERTEX_POINT('',#3888);
#1136=VERTEX_POINT('',#3890);
#1137=VERTEX_POINT('',#3892);
#1138=VERTEX_POINT('',#3894);
#1139=VERTEX_POINT('',#3896);
#1140=VERTEX_POINT('',#3898);
#1141=VERTEX_POINT('',#3900);
#1142=VERTEX_POINT('',#3902);
#1143=VERTEX_POINT('',#3904);
#1144=VERTEX_POINT('',#3906);
#1145=VERTEX_POINT('',#3908);
#1146=VERTEX_POINT('',#3910);
#1147=VERTEX_POINT('',#3912);
#1148=VERTEX_POINT('',#3914);
#1149=VERTEX_POINT('',#3916);
#1150=VERTEX_POINT('',#3918);
#1151=VERTEX_POINT('',#3920);
#1152=VERTEX_POINT('',#3922);
#1153=VERTEX_POINT('',#3924);
#1154=VERTEX_POINT('',#3927);
#1155=VERTEX_POINT('',#3930);
#1156=VERTEX_POINT('',#3932);
#1157=VERTEX_POINT('',#3935);
#1158=VERTEX_POINT('',#3937);
#1159=VERTEX_POINT('',#3941);
#1160=VERTEX_POINT('',#3947);
#1161=VERTEX_POINT('',#3949);
#1162=VERTEX_POINT('',#3953);
#1163=VERTEX_POINT('',#3957);
#1164=VERTEX_POINT('',#3959);
#1165=VERTEX_POINT('',#3961);
#1166=VERTEX_POINT('',#3963);
#1167=VERTEX_POINT('',#3965);
#1168=VERTEX_POINT('',#3967);
#1169=VERTEX_POINT('',#3969);
#1170=VERTEX_POINT('',#3971);
#1171=VERTEX_POINT('',#3973);
#1172=VERTEX_POINT('',#3975);
#1173=VERTEX_POINT('',#3977);
#1174=VERTEX_POINT('',#3979);
#1175=VERTEX_POINT('',#3981);
#1176=VERTEX_POINT('',#3983);
#1177=VERTEX_POINT('',#3986);
#1178=VERTEX_POINT('',#3988);
#1179=VERTEX_POINT('',#3990);
#1180=VERTEX_POINT('',#3992);
#1181=VERTEX_POINT('',#3994);
#1182=VERTEX_POINT('',#3996);
#1183=VERTEX_POINT('',#3998);
#1184=VERTEX_POINT('',#4000);
#1185=VERTEX_POINT('',#4002);
#1186=VERTEX_POINT('',#4004);
#1187=VERTEX_POINT('',#4006);
#1188=VERTEX_POINT('',#4010);
#1189=VERTEX_POINT('',#4012);
#1190=VERTEX_POINT('',#4016);
#1191=VERTEX_POINT('',#4018);
#1192=VERTEX_POINT('',#4020);
#1193=VERTEX_POINT('',#4022);
#1194=VERTEX_POINT('',#4024);
#1195=VERTEX_POINT('',#4026);
#1196=VERTEX_POINT('',#4028);
#1197=VERTEX_POINT('',#4030);
#1198=VERTEX_POINT('',#4032);
#1199=VERTEX_POINT('',#4034);
#1200=VERTEX_POINT('',#4036);
#1201=VERTEX_POINT('',#4038);
#1202=VERTEX_POINT('',#4041);
#1203=VERTEX_POINT('',#4043);
#1204=VERTEX_POINT('',#4045);
#1205=VERTEX_POINT('',#4047);
#1206=VERTEX_POINT('',#4049);
#1207=VERTEX_POINT('',#4051);
#1208=VERTEX_POINT('',#4102);
#1209=VERTEX_POINT('',#4104);
#1210=VERTEX_POINT('',#4109);
#1211=VERTEX_POINT('',#4111);
#1212=VERTEX_POINT('',#4116);
#1213=VERTEX_POINT('',#4118);
#1214=VERTEX_POINT('',#4123);
#1215=VERTEX_POINT('',#4125);
#1216=VERTEX_POINT('',#4130);
#1217=VERTEX_POINT('',#4132);
#1218=VERTEX_POINT('',#4137);
#1219=VERTEX_POINT('',#4139);
#1220=VERTEX_POINT('',#4144);
#1221=VERTEX_POINT('',#4146);
#1222=VERTEX_POINT('',#4151);
#1223=VERTEX_POINT('',#4153);
#1224=VERTEX_POINT('',#4158);
#1225=VERTEX_POINT('',#4160);
#1226=VERTEX_POINT('',#4165);
#1227=VERTEX_POINT('',#4167);
#1228=VERTEX_POINT('',#4209);
#1229=VERTEX_POINT('',#4211);
#1230=VERTEX_POINT('',#4216);
#1231=VERTEX_POINT('',#4219);
#1232=VERTEX_POINT('',#4222);
#1233=EDGE_CURVE('',#989,#990,#489,.T.);
#1234=EDGE_CURVE('',#989,#991,#490,.T.);
#1235=EDGE_CURVE('',#992,#991,#491,.T.);
#1236=EDGE_CURVE('',#990,#992,#492,.T.);
#1237=EDGE_CURVE('',#993,#994,#493,.T.);
#1238=EDGE_CURVE('',#995,#993,#494,.T.);
#1239=EDGE_CURVE('',#996,#995,#495,.T.);
#1240=EDGE_CURVE('',#996,#994,#496,.T.);
#1241=EDGE_CURVE('',#997,#994,#48,.T.);
#1242=EDGE_CURVE('',#997,#998,#497,.T.);
#1243=EDGE_CURVE('',#998,#993,#49,.T.);
#1244=EDGE_CURVE('',#997,#999,#498,.T.);
#1245=EDGE_CURVE('',#1000,#999,#499,.T.);
#1246=EDGE_CURVE('',#998,#1000,#500,.T.);
#1247=EDGE_CURVE('',#996,#999,#50,.T.);
#1248=EDGE_CURVE('',#995,#1000,#51,.T.);
#1249=EDGE_CURVE('',#1001,#1002,#501,.T.);
#1250=EDGE_CURVE('',#1001,#1003,#502,.T.);
#1251=EDGE_CURVE('',#1004,#1003,#503,.T.);
#1252=EDGE_CURVE('',#1002,#1004,#504,.T.);
#1253=EDGE_CURVE('',#1005,#1003,#52,.T.);
#1254=EDGE_CURVE('',#1005,#1006,#505,.T.);
#1255=EDGE_CURVE('',#1006,#1004,#53,.T.);
#1256=EDGE_CURVE('',#1005,#1007,#506,.T.);
#1257=EDGE_CURVE('',#1008,#1007,#507,.T.);
#1258=EDGE_CURVE('',#1006,#1008,#508,.T.);
#1259=EDGE_CURVE('',#1001,#1007,#54,.T.);
#1260=EDGE_CURVE('',#1002,#1008,#55,.T.);
#1261=EDGE_CURVE('',#989,#1009,#56,.T.);
#1262=EDGE_CURVE('',#990,#1010,#57,.T.);
#1263=EDGE_CURVE('',#1010,#1009,#509,.T.);
#1264=EDGE_CURVE('',#1011,#1010,#510,.T.);
#1265=EDGE_CURVE('',#1012,#1011,#511,.T.);
#1266=EDGE_CURVE('',#1012,#1009,#512,.T.);
#1267=EDGE_CURVE('',#1012,#991,#58,.T.);
#1268=EDGE_CURVE('',#1011,#992,#59,.T.);
#1269=EDGE_CURVE('',#1013,#1014,#60,.T.);
#1270=EDGE_CURVE('',#1014,#1015,#513,.T.);
#1271=EDGE_CURVE('',#1015,#1016,#61,.T.);
#1272=EDGE_CURVE('',#1016,#1013,#514,.T.);
#1273=EDGE_CURVE('',#1017,#1014,#515,.T.);
#1274=EDGE_CURVE('',#1018,#1017,#516,.T.);
#1275=EDGE_CURVE('',#1019,#1018,#517,.T.);
#1276=EDGE_CURVE('',#1015,#1019,#518,.T.);
#1277=EDGE_CURVE('',#1020,#1021,#62,.T.);
#1278=EDGE_CURVE('',#1021,#1022,#519,.T.);
#1279=EDGE_CURVE('',#1022,#1023,#63,.T.);
#1280=EDGE_CURVE('',#1023,#1020,#520,.T.);
#1281=EDGE_CURVE('',#1022,#1016,#521,.T.);
#1282=EDGE_CURVE('',#1024,#1021,#522,.T.);
#1283=EDGE_CURVE('',#1025,#1024,#523,.T.);
#1284=EDGE_CURVE('',#1013,#1025,#524,.T.);
#1285=EDGE_CURVE('',#1018,#1026,#64,.T.);
#1286=EDGE_CURVE('',#1026,#1027,#525,.T.);
#1287=EDGE_CURVE('',#1027,#1019,#65,.T.);
#1288=EDGE_CURVE('',#1028,#1026,#526,.T.);
#1289=EDGE_CURVE('',#1029,#1028,#527,.T.);
#1290=EDGE_CURVE('',#1030,#1029,#528,.T.);
#1291=EDGE_CURVE('',#1031,#1030,#529,.T.);
#1292=EDGE_CURVE('',#1027,#1031,#530,.T.);
#1293=EDGE_CURVE('',#1030,#1032,#66,.T.);
#1294=EDGE_CURVE('',#1032,#1033,#531,.T.);
#1295=EDGE_CURVE('',#1033,#1031,#67,.T.);
#1296=EDGE_CURVE('',#1033,#1023,#532,.T.);
#1297=EDGE_CURVE('',#1020,#1032,#533,.T.);
#1298=EDGE_CURVE('',#1034,#1035,#68,.T.);
#1299=EDGE_CURVE('',#1034,#1036,#534,.T.);
#1300=EDGE_CURVE('',#1036,#1037,#69,.T.);
#1301=EDGE_CURVE('',#1037,#1035,#535,.T.);
#1302=EDGE_CURVE('',#1038,#1034,#536,.F.);
#1303=EDGE_CURVE('',#1039,#1038,#537,.T.);
#1304=EDGE_CURVE('',#1036,#1039,#538,.T.);
#1305=EDGE_CURVE('',#1040,#1038,#70,.T.);
#1306=EDGE_CURVE('',#1040,#1041,#539,.T.);
#1307=EDGE_CURVE('',#1041,#1039,#71,.T.);
#1308=EDGE_CURVE('',#1035,#1042,#540,.F.);
#1309=EDGE_CURVE('',#1043,#1042,#541,.T.);
#1310=EDGE_CURVE('',#1043,#1040,#542,.F.);
#1311=EDGE_CURVE('',#1044,#1045,#72,.T.);
#1312=EDGE_CURVE('',#1044,#1046,#543,.T.);
#1313=EDGE_CURVE('',#1046,#1047,#73,.T.);
#1314=EDGE_CURVE('',#1047,#1045,#544,.T.);
#1315=EDGE_CURVE('',#1044,#1048,#545,.T.);
#1316=EDGE_CURVE('',#1049,#1048,#546,.T.);
#1317=EDGE_CURVE('',#1024,#1049,#547,.T.);
#1318=EDGE_CURVE('',#1046,#1029,#548,.T.);
#1319=EDGE_CURVE('',#1050,#1051,#74,.T.);
#1320=EDGE_CURVE('',#1050,#1052,#549,.T.);
#1321=EDGE_CURVE('',#1052,#1053,#75,.T.);
#1322=EDGE_CURVE('',#1053,#1051,#550,.T.);
#1323=EDGE_CURVE('',#1050,#1045,#551,.T.);
#1324=EDGE_CURVE('',#1054,#1051,#552,.T.);
#1325=EDGE_CURVE('',#1054,#1055,#76,.T.);
#1326=EDGE_CURVE('',#1056,#1055,#553,.T.);
#1327=EDGE_CURVE('',#1057,#1056,#554,.T.);
#1328=EDGE_CURVE('',#1058,#1057,#555,.T.);
#1329=EDGE_CURVE('',#1058,#1059,#77,.T.);
#1330=EDGE_CURVE('',#1060,#1059,#556,.T.);
#1331=EDGE_CURVE('',#1060,#1061,#78,.T.);
#1332=EDGE_CURVE('',#1062,#1061,#557,.T.);
#1333=EDGE_CURVE('',#1062,#1048,#79,.T.);
#1334=EDGE_CURVE('',#1063,#1063,#80,.T.);
#1335=EDGE_CURVE('',#1064,#1064,#81,.T.);
#1336=EDGE_CURVE('',#1065,#1065,#82,.T.);
#1337=EDGE_CURVE('',#1066,#1066,#83,.T.);
#1338=EDGE_CURVE('',#1067,#1053,#558,.T.);
#1339=EDGE_CURVE('',#1054,#1067,#559,.T.);
#1340=EDGE_CURVE('',#1067,#1068,#84,.T.);
#1341=EDGE_CURVE('',#1068,#1055,#560,.T.);
#1342=EDGE_CURVE('',#1058,#1069,#561,.T.);
#1343=EDGE_CURVE('',#1069,#1070,#85,.T.);
#1344=EDGE_CURVE('',#1070,#1059,#562,.T.);
#1345=EDGE_CURVE('',#1071,#1070,#563,.T.);
#1346=EDGE_CURVE('',#1060,#1071,#564,.T.);
#1347=EDGE_CURVE('',#1071,#1072,#86,.T.);
#1348=EDGE_CURVE('',#1072,#1061,#565,.T.);
#1349=EDGE_CURVE('',#1062,#1073,#566,.T.);
#1350=EDGE_CURVE('',#1073,#1049,#87,.T.);
#1351=EDGE_CURVE('',#1074,#1075,#88,.T.);
#1352=EDGE_CURVE('',#1075,#1076,#567,.T.);
#1353=EDGE_CURVE('',#1076,#1077,#25,.T.);
#1354=EDGE_CURVE('',#1077,#1074,#568,.T.);
#1355=EDGE_CURVE('',#1077,#1078,#569,.T.);
#1356=EDGE_CURVE('',#1079,#1078,#570,.T.);
#1357=EDGE_CURVE('',#1074,#1079,#571,.T.);
#1358=EDGE_CURVE('',#1080,#1076,#572,.T.);
#1359=EDGE_CURVE('',#1081,#1080,#26,.T.);
#1360=EDGE_CURVE('',#1082,#1081,#573,.T.);
#1361=EDGE_CURVE('',#1083,#1082,#574,.T.);
#1362=EDGE_CURVE('',#1084,#1083,#27,.T.);
#1363=EDGE_CURVE('',#1085,#1084,#575,.T.);
#1364=EDGE_CURVE('',#1086,#1085,#28,.T.);
#1365=EDGE_CURVE('',#1087,#1086,#576,.T.);
#1366=EDGE_CURVE('',#1088,#1087,#29,.T.);
#1367=EDGE_CURVE('',#1089,#1088,#577,.T.);
#1368=EDGE_CURVE('',#1089,#1090,#578,.T.);
#1369=EDGE_CURVE('',#1091,#1090,#579,.T.);
#1370=EDGE_CURVE('',#1078,#1091,#30,.T.);
#1371=EDGE_CURVE('',#1092,#1093,#89,.T.);
#1372=EDGE_CURVE('',#1093,#1081,#580,.T.);
#1373=EDGE_CURVE('',#1080,#1092,#581,.T.);
#1374=EDGE_CURVE('',#1094,#1093,#582,.T.);
#1375=EDGE_CURVE('',#1082,#1094,#583,.T.);
#1376=EDGE_CURVE('',#1095,#1079,#90,.T.);
#1377=EDGE_CURVE('',#1095,#1096,#584,.T.);
#1378=EDGE_CURVE('',#1096,#1097,#585,.T.);
#1379=EDGE_CURVE('',#1098,#1097,#91,.T.);
#1380=EDGE_CURVE('',#1098,#1099,#586,.T.);
#1381=EDGE_CURVE('',#1099,#1100,#587,.T.);
#1382=EDGE_CURVE('',#1100,#1101,#588,.T.);
#1383=EDGE_CURVE('',#1101,#1102,#92,.F.);
#1384=EDGE_CURVE('',#1102,#1103,#93,.T.);
#1385=EDGE_CURVE('',#1103,#1104,#94,.F.);
#1386=EDGE_CURVE('',#1104,#1105,#589,.T.);
#1387=EDGE_CURVE('',#1105,#1106,#590,.T.);
#1388=EDGE_CURVE('',#1106,#1107,#591,.T.);
#1389=EDGE_CURVE('',#1108,#1107,#95,.T.);
#1390=EDGE_CURVE('',#1108,#1109,#592,.T.);
#1391=EDGE_CURVE('',#1109,#1110,#593,.T.);
#1392=EDGE_CURVE('',#1111,#1110,#96,.T.);
#1393=EDGE_CURVE('',#1111,#1112,#594,.T.);
#1394=EDGE_CURVE('',#1113,#1112,#97,.T.);
#1395=EDGE_CURVE('',#1113,#1114,#595,.T.);
#1396=EDGE_CURVE('',#1115,#1114,#98,.T.);
#1397=EDGE_CURVE('',#1115,#1094,#596,.T.);
#1398=EDGE_CURVE('',#1092,#1075,#597,.T.);
#1399=EDGE_CURVE('',#1116,#1116,#99,.T.);
#1400=EDGE_CURVE('',#1114,#1084,#598,.T.);
#1401=EDGE_CURVE('',#1083,#1115,#599,.T.);
#1402=EDGE_CURVE('',#1112,#1086,#600,.T.);
#1403=EDGE_CURVE('',#1085,#1113,#601,.T.);
#1404=EDGE_CURVE('',#1087,#1111,#602,.T.);
#1405=EDGE_CURVE('',#1110,#1117,#603,.T.);
#1406=EDGE_CURVE('',#1117,#1118,#100,.T.);
#1407=EDGE_CURVE('',#1118,#1088,#604,.T.);
#1408=EDGE_CURVE('',#1119,#1120,#101,.T.);
#1409=EDGE_CURVE('',#1120,#1121,#605,.T.);
#1410=EDGE_CURVE('',#1121,#1122,#102,.T.);
#1411=EDGE_CURVE('',#1122,#1119,#606,.T.);
#1412=EDGE_CURVE('',#1123,#1120,#607,.T.);
#1413=EDGE_CURVE('',#1123,#1124,#608,.T.);
#1414=EDGE_CURVE('',#1124,#1121,#609,.T.);
#1415=EDGE_CURVE('',#1119,#1125,#610,.T.);
#1416=EDGE_CURVE('',#1125,#1126,#611,.T.);
#1417=EDGE_CURVE('',#1126,#1127,#103,.F.);
#1418=EDGE_CURVE('',#1127,#1128,#104,.T.);
#1419=EDGE_CURVE('',#1128,#1129,#105,.F.);
#1420=EDGE_CURVE('',#1129,#1130,#612,.T.);
#1421=EDGE_CURVE('',#1130,#1131,#613,.T.);
#1422=EDGE_CURVE('',#1132,#1131,#106,.T.);
#1423=EDGE_CURVE('',#1132,#1133,#614,.T.);
#1424=EDGE_CURVE('',#1134,#1133,#107,.T.);
#1425=EDGE_CURVE('',#1134,#1135,#615,.T.);
#1426=EDGE_CURVE('',#1135,#1136,#616,.T.);
#1427=EDGE_CURVE('',#1136,#1137,#617,.T.);
#1428=EDGE_CURVE('',#1137,#1138,#618,.T.);
#1429=EDGE_CURVE('',#1138,#1139,#619,.T.);
#1430=EDGE_CURVE('',#1139,#1140,#620,.T.);
#1431=EDGE_CURVE('',#1141,#1140,#108,.T.);
#1432=EDGE_CURVE('',#1141,#1142,#621,.T.);
#1433=EDGE_CURVE('',#1143,#1142,#109,.T.);
#1434=EDGE_CURVE('',#1143,#1144,#622,.T.);
#1435=EDGE_CURVE('',#1144,#1145,#623,.T.);
#1436=EDGE_CURVE('',#1145,#1146,#110,.F.);
#1437=EDGE_CURVE('',#1146,#1147,#111,.T.);
#1438=EDGE_CURVE('',#1147,#1148,#112,.F.);
#1439=EDGE_CURVE('',#1148,#1149,#624,.T.);
#1440=EDGE_CURVE('',#1149,#1150,#625,.T.);
#1441=EDGE_CURVE('',#1151,#1150,#113,.T.);
#1442=EDGE_CURVE('',#1151,#1152,#626,.T.);
#1443=EDGE_CURVE('',#1152,#1153,#627,.T.);
#1444=EDGE_CURVE('',#1153,#1043,#628,.T.);
#1445=EDGE_CURVE('',#1042,#1154,#629,.T.);
#1446=EDGE_CURVE('',#1154,#1123,#630,.T.);
#1447=EDGE_CURVE('',#1155,#1155,#114,.T.);
#1448=EDGE_CURVE('',#1156,#1156,#115,.T.);
#1449=EDGE_CURVE('',#1150,#1157,#631,.T.);
#1450=EDGE_CURVE('',#1157,#1158,#116,.T.);
#1451=EDGE_CURVE('',#1158,#1151,#632,.T.);
#1452=EDGE_CURVE('',#1159,#1124,#633,.T.);
#1453=EDGE_CURVE('',#1158,#1159,#634,.T.);
#1454=EDGE_CURVE('',#1090,#1157,#635,.T.);
#1455=EDGE_CURVE('',#1122,#1089,#636,.T.);
#1456=EDGE_CURVE('',#1149,#1160,#637,.T.);
#1457=EDGE_CURVE('',#1160,#1161,#638,.T.);
#1458=EDGE_CURVE('',#1091,#1161,#639,.T.);
#1459=EDGE_CURVE('',#1161,#1162,#117,.T.);
#1460=EDGE_CURVE('',#1162,#1095,#640,.T.);
#1461=EDGE_CURVE('',#1163,#1117,#641,.T.);
#1462=EDGE_CURVE('',#1164,#1163,#642,.T.);
#1463=EDGE_CURVE('',#1164,#1165,#118,.T.);
#1464=EDGE_CURVE('',#1166,#1165,#643,.T.);
#1465=EDGE_CURVE('',#1167,#1166,#644,.T.);
#1466=EDGE_CURVE('',#1168,#1167,#645,.T.);
#1467=EDGE_CURVE('',#1168,#1169,#119,.T.);
#1468=EDGE_CURVE('',#1170,#1169,#120,.T.);
#1469=EDGE_CURVE('',#1170,#1171,#121,.T.);
#1470=EDGE_CURVE('',#1172,#1171,#646,.T.);
#1471=EDGE_CURVE('',#1173,#1172,#647,.T.);
#1472=EDGE_CURVE('',#1174,#1173,#648,.T.);
#1473=EDGE_CURVE('',#1174,#1175,#122,.T.);
#1474=EDGE_CURVE('',#1176,#1175,#649,.T.);
#1475=EDGE_CURVE('',#1162,#1176,#650,.T.);
#1476=EDGE_CURVE('',#1177,#1160,#651,.T.);
#1477=EDGE_CURVE('',#1177,#1178,#123,.T.);
#1478=EDGE_CURVE('',#1179,#1178,#124,.T.);
#1479=EDGE_CURVE('',#1179,#1180,#125,.T.);
#1480=EDGE_CURVE('',#1181,#1180,#652,.T.);
#1481=EDGE_CURVE('',#1182,#1181,#653,.T.);
#1482=EDGE_CURVE('',#1182,#1183,#126,.T.);
#1483=EDGE_CURVE('',#1184,#1183,#654,.T.);
#1484=EDGE_CURVE('',#1184,#1185,#127,.T.);
#1485=EDGE_CURVE('',#1186,#1185,#655,.T.);
#1486=EDGE_CURVE('',#1187,#1186,#656,.T.);
#1487=EDGE_CURVE('',#1025,#1187,#657,.T.);
#1488=EDGE_CURVE('',#1073,#1072,#658,.T.);
#1489=EDGE_CURVE('',#1069,#1188,#659,.T.);
#1490=EDGE_CURVE('',#1188,#1189,#660,.T.);
#1491=EDGE_CURVE('',#1189,#1068,#661,.T.);
#1492=EDGE_CURVE('',#1052,#1047,#662,.T.);
#1493=EDGE_CURVE('',#1190,#1028,#663,.T.);
#1494=EDGE_CURVE('',#1191,#1190,#664,.T.);
#1495=EDGE_CURVE('',#1192,#1191,#665,.T.);
#1496=EDGE_CURVE('',#1192,#1193,#128,.T.);
#1497=EDGE_CURVE('',#1194,#1193,#666,.T.);
#1498=EDGE_CURVE('',#1194,#1195,#129,.T.);
#1499=EDGE_CURVE('',#1196,#1195,#667,.T.);
#1500=EDGE_CURVE('',#1197,#1196,#668,.T.);
#1501=EDGE_CURVE('',#1197,#1198,#130,.T.);
#1502=EDGE_CURVE('',#1199,#1198,#131,.T.);
#1503=EDGE_CURVE('',#1199,#1200,#132,.T.);
#1504=EDGE_CURVE('',#1201,#1200,#669,.T.);
#1505=EDGE_CURVE('',#1118,#1201,#670,.T.);
#1506=EDGE_CURVE('',#1202,#1202,#133,.T.);
#1507=EDGE_CURVE('',#1203,#1203,#134,.T.);
#1508=EDGE_CURVE('',#1204,#1204,#135,.T.);
#1509=EDGE_CURVE('',#1205,#1205,#136,.T.);
#1510=EDGE_CURVE('',#1206,#1206,#137,.T.);
#1511=EDGE_CURVE('',#1207,#1207,#138,.T.);
#1512=EDGE_CURVE('',#1164,#1108,#671,.T.);
#1513=EDGE_CURVE('',#1107,#1165,#672,.T.);
#1514=EDGE_CURVE('',#1109,#1163,#673,.T.);
#1515=EDGE_CURVE('',#1103,#1169,#674,.T.);
#1516=EDGE_CURVE('',#1168,#1104,#675,.T.);
#1517=EDGE_CURVE('',#1170,#1102,#676,.T.);
#1518=EDGE_CURVE('',#1101,#1171,#677,.T.);
#1519=EDGE_CURVE('',#1174,#1098,#678,.T.);
#1520=EDGE_CURVE('',#1097,#1175,#679,.T.);
#1521=EDGE_CURVE('',#1099,#1173,#680,.T.);
#1522=EDGE_CURVE('',#1147,#1178,#681,.T.);
#1523=EDGE_CURVE('',#1177,#1148,#682,.T.);
#1524=EDGE_CURVE('',#1179,#1146,#683,.T.);
#1525=EDGE_CURVE('',#1145,#1180,#684,.T.);
#1526=EDGE_CURVE('',#1182,#1143,#685,.T.);
#1527=EDGE_CURVE('',#1142,#1183,#686,.T.);
#1528=EDGE_CURVE('',#1184,#1141,#687,.T.);
#1529=EDGE_CURVE('',#1140,#1185,#688,.T.);
#1530=EDGE_CURVE('',#1192,#1134,#689,.T.);
#1531=EDGE_CURVE('',#1133,#1193,#690,.T.);
#1532=EDGE_CURVE('',#1135,#1191,#691,.T.);
#1533=EDGE_CURVE('',#1194,#1132,#692,.T.);
#1534=EDGE_CURVE('',#1131,#1195,#693,.T.);
#1535=EDGE_CURVE('',#1196,#1130,#694,.T.);
#1536=EDGE_CURVE('',#1199,#1127,#695,.T.);
#1537=EDGE_CURVE('',#1126,#1200,#696,.T.);
#1538=EDGE_CURVE('',#1128,#1198,#697,.T.);
#1539=EDGE_CURVE('',#1197,#1129,#698,.T.);
#1540=EDGE_CURVE('',#1208,#1208,#139,.T.);
#1541=EDGE_CURVE('',#1208,#1209,#699,.T.);
#1542=EDGE_CURVE('',#1066,#1208,#700,.T.);
#1543=EDGE_CURVE('',#1210,#1210,#140,.T.);
#1544=EDGE_CURVE('',#1210,#1211,#701,.T.);
#1545=EDGE_CURVE('',#1065,#1210,#702,.T.);
#1546=EDGE_CURVE('',#1212,#1212,#141,.T.);
#1547=EDGE_CURVE('',#1212,#1213,#703,.T.);
#1548=EDGE_CURVE('',#1064,#1212,#704,.T.);
#1549=EDGE_CURVE('',#1214,#1214,#142,.T.);
#1550=EDGE_CURVE('',#1214,#1215,#705,.T.);
#1551=EDGE_CURVE('',#1063,#1214,#706,.T.);
#1552=EDGE_CURVE('',#1216,#1216,#143,.T.);
#1553=EDGE_CURVE('',#1216,#1217,#707,.T.);
#1554=EDGE_CURVE('',#1202,#1216,#708,.T.);
#1555=EDGE_CURVE('',#1218,#1218,#144,.T.);
#1556=EDGE_CURVE('',#1218,#1219,#709,.T.);
#1557=EDGE_CURVE('',#1203,#1218,#710,.T.);
#1558=EDGE_CURVE('',#1220,#1220,#145,.T.);
#1559=EDGE_CURVE('',#1220,#1221,#711,.T.);
#1560=EDGE_CURVE('',#1204,#1220,#712,.T.);
#1561=EDGE_CURVE('',#1222,#1222,#146,.T.);
#1562=EDGE_CURVE('',#1222,#1223,#713,.T.);
#1563=EDGE_CURVE('',#1205,#1222,#714,.T.);
#1564=EDGE_CURVE('',#1224,#1224,#147,.T.);
#1565=EDGE_CURVE('',#1224,#1225,#715,.T.);
#1566=EDGE_CURVE('',#1206,#1224,#716,.T.);
#1567=EDGE_CURVE('',#1226,#1226,#148,.T.);
#1568=EDGE_CURVE('',#1226,#1227,#717,.T.);
#1569=EDGE_CURVE('',#1207,#1226,#718,.T.);
#1570=EDGE_CURVE('',#1144,#1181,#719,.T.);
#1571=EDGE_CURVE('',#1186,#1139,#720,.T.);
#1572=EDGE_CURVE('',#1136,#1190,#721,.T.);
#1573=EDGE_CURVE('',#1159,#1152,#722,.T.);
#1574=EDGE_CURVE('',#1138,#1187,#723,.T.);
#1575=EDGE_CURVE('',#1137,#1017,#724,.T.);
#1576=EDGE_CURVE('',#1041,#1153,#725,.T.);
#1577=EDGE_CURVE('',#1154,#1037,#726,.T.);
#1578=EDGE_CURVE('',#1188,#1057,#727,.T.);
#1579=EDGE_CURVE('',#1189,#1056,#728,.T.);
#1580=EDGE_CURVE('',#1096,#1176,#729,.T.);
#1581=EDGE_CURVE('',#1100,#1172,#730,.T.);
#1582=EDGE_CURVE('',#1167,#1105,#731,.T.);
#1583=EDGE_CURVE('',#1106,#1166,#732,.T.);
#1584=EDGE_CURVE('',#1201,#1228,#733,.T.);
#1585=EDGE_CURVE('',#1228,#1229,#734,.T.);
#1586=EDGE_CURVE('',#1229,#1125,#735,.T.);
#1587=EDGE_CURVE('',#1230,#1230,#149,.T.);
#1588=EDGE_CURVE('',#1231,#1231,#150,.T.);
#1589=EDGE_CURVE('',#1232,#1232,#151,.T.);
#1590=EDGE_CURVE('',#1155,#1230,#736,.T.);
#1591=EDGE_CURVE('',#1156,#1232,#737,.T.);
#1592=EDGE_CURVE('',#1116,#1231,#738,.T.);
#1593=ORIENTED_EDGE('',*,*,#1233,.F.);
#1594=ORIENTED_EDGE('',*,*,#1234,.T.);
#1595=ORIENTED_EDGE('',*,*,#1235,.F.);
#1596=ORIENTED_EDGE('',*,*,#1236,.F.);
#1597=ORIENTED_EDGE('',*,*,#1237,.F.);
#1598=ORIENTED_EDGE('',*,*,#1238,.F.);
#1599=ORIENTED_EDGE('',*,*,#1239,.F.);
#1600=ORIENTED_EDGE('',*,*,#1240,.T.);
#1601=ORIENTED_EDGE('',*,*,#1241,.F.);
#1602=ORIENTED_EDGE('',*,*,#1242,.T.);
#1603=ORIENTED_EDGE('',*,*,#1243,.T.);
#1604=ORIENTED_EDGE('',*,*,#1237,.T.);
#1605=ORIENTED_EDGE('',*,*,#1242,.F.);
#1606=ORIENTED_EDGE('',*,*,#1244,.T.);
#1607=ORIENTED_EDGE('',*,*,#1245,.F.);
#1608=ORIENTED_EDGE('',*,*,#1246,.F.);
#1609=ORIENTED_EDGE('',*,*,#1247,.F.);
#1610=ORIENTED_EDGE('',*,*,#1239,.T.);
#1611=ORIENTED_EDGE('',*,*,#1248,.T.);
#1612=ORIENTED_EDGE('',*,*,#1245,.T.);
#1613=ORIENTED_EDGE('',*,*,#1249,.F.);
#1614=ORIENTED_EDGE('',*,*,#1250,.T.);
#1615=ORIENTED_EDGE('',*,*,#1251,.F.);
#1616=ORIENTED_EDGE('',*,*,#1252,.F.);
#1617=ORIENTED_EDGE('',*,*,#1253,.F.);
#1618=ORIENTED_EDGE('',*,*,#1254,.T.);
#1619=ORIENTED_EDGE('',*,*,#1255,.T.);
#1620=ORIENTED_EDGE('',*,*,#1251,.T.);
#1621=ORIENTED_EDGE('',*,*,#1254,.F.);
#1622=ORIENTED_EDGE('',*,*,#1256,.T.);
#1623=ORIENTED_EDGE('',*,*,#1257,.F.);
#1624=ORIENTED_EDGE('',*,*,#1258,.F.);
#1625=ORIENTED_EDGE('',*,*,#1259,.F.);
#1626=ORIENTED_EDGE('',*,*,#1249,.T.);
#1627=ORIENTED_EDGE('',*,*,#1260,.T.);
#1628=ORIENTED_EDGE('',*,*,#1257,.T.);
#1629=ORIENTED_EDGE('',*,*,#1259,.T.);
#1630=ORIENTED_EDGE('',*,*,#1256,.F.);
#1631=ORIENTED_EDGE('',*,*,#1253,.T.);
#1632=ORIENTED_EDGE('',*,*,#1250,.F.);
#1633=ORIENTED_EDGE('',*,*,#1261,.F.);
#1634=ORIENTED_EDGE('',*,*,#1233,.T.);
#1635=ORIENTED_EDGE('',*,*,#1262,.T.);
#1636=ORIENTED_EDGE('',*,*,#1263,.T.);
#1637=ORIENTED_EDGE('',*,*,#1263,.F.);
#1638=ORIENTED_EDGE('',*,*,#1264,.F.);
#1639=ORIENTED_EDGE('',*,*,#1265,.F.);
#1640=ORIENTED_EDGE('',*,*,#1266,.T.);
#1641=ORIENTED_EDGE('',*,*,#1267,.F.);
#1642=ORIENTED_EDGE('',*,*,#1265,.T.);
#1643=ORIENTED_EDGE('',*,*,#1268,.T.);
#1644=ORIENTED_EDGE('',*,*,#1235,.T.);
#1645=ORIENTED_EDGE('',*,*,#1261,.T.);
#1646=ORIENTED_EDGE('',*,*,#1266,.F.);
#1647=ORIENTED_EDGE('',*,*,#1267,.T.);
#1648=ORIENTED_EDGE('',*,*,#1234,.F.);
#1649=ORIENTED_EDGE('',*,*,#1241,.T.);
#1650=ORIENTED_EDGE('',*,*,#1240,.F.);
#1651=ORIENTED_EDGE('',*,*,#1247,.T.);
#1652=ORIENTED_EDGE('',*,*,#1244,.F.);
#1653=ORIENTED_EDGE('',*,*,#1269,.T.);
#1654=ORIENTED_EDGE('',*,*,#1270,.T.);
#1655=ORIENTED_EDGE('',*,*,#1271,.T.);
#1656=ORIENTED_EDGE('',*,*,#1272,.T.);
#1657=ORIENTED_EDGE('',*,*,#1270,.F.);
#1658=ORIENTED_EDGE('',*,*,#1273,.F.);
#1659=ORIENTED_EDGE('',*,*,#1274,.F.);
#1660=ORIENTED_EDGE('',*,*,#1275,.F.);
#1661=ORIENTED_EDGE('',*,*,#1276,.F.);
#1662=ORIENTED_EDGE('',*,*,#1277,.T.);
#1663=ORIENTED_EDGE('',*,*,#1278,.T.);
#1664=ORIENTED_EDGE('',*,*,#1279,.T.);
#1665=ORIENTED_EDGE('',*,*,#1280,.T.);
#1666=ORIENTED_EDGE('',*,*,#1272,.F.);
#1667=ORIENTED_EDGE('',*,*,#1281,.F.);
#1668=ORIENTED_EDGE('',*,*,#1278,.F.);
#1669=ORIENTED_EDGE('',*,*,#1282,.F.);
#1670=ORIENTED_EDGE('',*,*,#1283,.F.);
#1671=ORIENTED_EDGE('',*,*,#1284,.F.);
#1672=ORIENTED_EDGE('',*,*,#1285,.T.);
#1673=ORIENTED_EDGE('',*,*,#1286,.T.);
#1674=ORIENTED_EDGE('',*,*,#1287,.T.);
#1675=ORIENTED_EDGE('',*,*,#1275,.T.);
#1676=ORIENTED_EDGE('',*,*,#1286,.F.);
#1677=ORIENTED_EDGE('',*,*,#1288,.F.);
#1678=ORIENTED_EDGE('',*,*,#1289,.F.);
#1679=ORIENTED_EDGE('',*,*,#1290,.F.);
#1680=ORIENTED_EDGE('',*,*,#1291,.F.);
#1681=ORIENTED_EDGE('',*,*,#1292,.F.);
#1682=ORIENTED_EDGE('',*,*,#1293,.T.);
#1683=ORIENTED_EDGE('',*,*,#1294,.T.);
#1684=ORIENTED_EDGE('',*,*,#1295,.T.);
#1685=ORIENTED_EDGE('',*,*,#1291,.T.);
#1686=ORIENTED_EDGE('',*,*,#1280,.F.);
#1687=ORIENTED_EDGE('',*,*,#1296,.F.);
#1688=ORIENTED_EDGE('',*,*,#1294,.F.);
#1689=ORIENTED_EDGE('',*,*,#1297,.F.);
#1690=ORIENTED_EDGE('',*,*,#1298,.F.);
#1691=ORIENTED_EDGE('',*,*,#1299,.T.);
#1692=ORIENTED_EDGE('',*,*,#1300,.T.);
#1693=ORIENTED_EDGE('',*,*,#1301,.T.);
#1694=ORIENTED_EDGE('',*,*,#1299,.F.);
#1695=ORIENTED_EDGE('',*,*,#1302,.F.);
#1696=ORIENTED_EDGE('',*,*,#1303,.F.);
#1697=ORIENTED_EDGE('',*,*,#1304,.F.);
#1698=ORIENTED_EDGE('',*,*,#1305,.F.);
#1699=ORIENTED_EDGE('',*,*,#1306,.T.);
#1700=ORIENTED_EDGE('',*,*,#1307,.T.);
#1701=ORIENTED_EDGE('',*,*,#1303,.T.);
#1702=ORIENTED_EDGE('',*,*,#1298,.T.);
#1703=ORIENTED_EDGE('',*,*,#1308,.T.);
#1704=ORIENTED_EDGE('',*,*,#1309,.F.);
#1705=ORIENTED_EDGE('',*,*,#1310,.T.);
#1706=ORIENTED_EDGE('',*,*,#1305,.T.);
#1707=ORIENTED_EDGE('',*,*,#1302,.T.);
#1708=ORIENTED_EDGE('',*,*,#1292,.T.);
#1709=ORIENTED_EDGE('',*,*,#1295,.F.);
#1710=ORIENTED_EDGE('',*,*,#1296,.T.);
#1711=ORIENTED_EDGE('',*,*,#1279,.F.);
#1712=ORIENTED_EDGE('',*,*,#1281,.T.);
#1713=ORIENTED_EDGE('',*,*,#1271,.F.);
#1714=ORIENTED_EDGE('',*,*,#1276,.T.);
#1715=ORIENTED_EDGE('',*,*,#1287,.F.);
#1716=ORIENTED_EDGE('',*,*,#1311,.F.);
#1717=ORIENTED_EDGE('',*,*,#1312,.T.);
#1718=ORIENTED_EDGE('',*,*,#1313,.T.);
#1719=ORIENTED_EDGE('',*,*,#1314,.T.);
#1720=ORIENTED_EDGE('',*,*,#1312,.F.);
#1721=ORIENTED_EDGE('',*,*,#1315,.T.);
#1722=ORIENTED_EDGE('',*,*,#1316,.F.);
#1723=ORIENTED_EDGE('',*,*,#1317,.F.);
#1724=ORIENTED_EDGE('',*,*,#1282,.T.);
#1725=ORIENTED_EDGE('',*,*,#1277,.F.);
#1726=ORIENTED_EDGE('',*,*,#1297,.T.);
#1727=ORIENTED_EDGE('',*,*,#1293,.F.);
#1728=ORIENTED_EDGE('',*,*,#1290,.T.);
#1729=ORIENTED_EDGE('',*,*,#1318,.F.);
#1730=ORIENTED_EDGE('',*,*,#1319,.F.);
#1731=ORIENTED_EDGE('',*,*,#1320,.T.);
#1732=ORIENTED_EDGE('',*,*,#1321,.T.);
#1733=ORIENTED_EDGE('',*,*,#1322,.T.);
#1734=ORIENTED_EDGE('',*,*,#1311,.T.);
#1735=ORIENTED_EDGE('',*,*,#1323,.F.);
#1736=ORIENTED_EDGE('',*,*,#1319,.T.);
#1737=ORIENTED_EDGE('',*,*,#1324,.F.);
#1738=ORIENTED_EDGE('',*,*,#1325,.T.);
#1739=ORIENTED_EDGE('',*,*,#1326,.F.);
#1740=ORIENTED_EDGE('',*,*,#1327,.F.);
#1741=ORIENTED_EDGE('',*,*,#1328,.F.);
#1742=ORIENTED_EDGE('',*,*,#1329,.T.);
#1743=ORIENTED_EDGE('',*,*,#1330,.F.);
#1744=ORIENTED_EDGE('',*,*,#1331,.T.);
#1745=ORIENTED_EDGE('',*,*,#1332,.F.);
#1746=ORIENTED_EDGE('',*,*,#1333,.T.);
#1747=ORIENTED_EDGE('',*,*,#1315,.F.);
#1748=ORIENTED_EDGE('',*,*,#1334,.T.);
#1749=ORIENTED_EDGE('',*,*,#1335,.T.);
#1750=ORIENTED_EDGE('',*,*,#1336,.T.);
#1751=ORIENTED_EDGE('',*,*,#1337,.T.);
#1752=ORIENTED_EDGE('',*,*,#1322,.F.);
#1753=ORIENTED_EDGE('',*,*,#1338,.F.);
#1754=ORIENTED_EDGE('',*,*,#1339,.F.);
#1755=ORIENTED_EDGE('',*,*,#1324,.T.);
#1756=ORIENTED_EDGE('',*,*,#1325,.F.);
#1757=ORIENTED_EDGE('',*,*,#1339,.T.);
#1758=ORIENTED_EDGE('',*,*,#1340,.T.);
#1759=ORIENTED_EDGE('',*,*,#1341,.T.);
#1760=ORIENTED_EDGE('',*,*,#1329,.F.);
#1761=ORIENTED_EDGE('',*,*,#1342,.T.);
#1762=ORIENTED_EDGE('',*,*,#1343,.T.);
#1763=ORIENTED_EDGE('',*,*,#1344,.T.);
#1764=ORIENTED_EDGE('',*,*,#1344,.F.);
#1765=ORIENTED_EDGE('',*,*,#1345,.F.);
#1766=ORIENTED_EDGE('',*,*,#1346,.F.);
#1767=ORIENTED_EDGE('',*,*,#1330,.T.);
#1768=ORIENTED_EDGE('',*,*,#1331,.F.);
#1769=ORIENTED_EDGE('',*,*,#1346,.T.);
#1770=ORIENTED_EDGE('',*,*,#1347,.T.);
#1771=ORIENTED_EDGE('',*,*,#1348,.T.);
#1772=ORIENTED_EDGE('',*,*,#1333,.F.);
#1773=ORIENTED_EDGE('',*,*,#1349,.T.);
#1774=ORIENTED_EDGE('',*,*,#1350,.T.);
#1775=ORIENTED_EDGE('',*,*,#1316,.T.);
#1776=ORIENTED_EDGE('',*,*,#1351,.T.);
#1777=ORIENTED_EDGE('',*,*,#1352,.T.);
#1778=ORIENTED_EDGE('',*,*,#1353,.T.);
#1779=ORIENTED_EDGE('',*,*,#1354,.T.);
#1780=ORIENTED_EDGE('',*,*,#1354,.F.);
#1781=ORIENTED_EDGE('',*,*,#1355,.T.);
#1782=ORIENTED_EDGE('',*,*,#1356,.F.);
#1783=ORIENTED_EDGE('',*,*,#1357,.F.);
#1784=ORIENTED_EDGE('',*,*,#1353,.F.);
#1785=ORIENTED_EDGE('',*,*,#1358,.F.);
#1786=ORIENTED_EDGE('',*,*,#1359,.F.);
#1787=ORIENTED_EDGE('',*,*,#1360,.F.);
#1788=ORIENTED_EDGE('',*,*,#1361,.F.);
#1789=ORIENTED_EDGE('',*,*,#1362,.F.);
#1790=ORIENTED_EDGE('',*,*,#1363,.F.);
#1791=ORIENTED_EDGE('',*,*,#1364,.F.);
#1792=ORIENTED_EDGE('',*,*,#1365,.F.);
#1793=ORIENTED_EDGE('',*,*,#1366,.F.);
#1794=ORIENTED_EDGE('',*,*,#1367,.F.);
#1795=ORIENTED_EDGE('',*,*,#1368,.T.);
#1796=ORIENTED_EDGE('',*,*,#1369,.F.);
#1797=ORIENTED_EDGE('',*,*,#1370,.F.);
#1798=ORIENTED_EDGE('',*,*,#1355,.F.);
#1799=ORIENTED_EDGE('',*,*,#1236,.T.);
#1800=ORIENTED_EDGE('',*,*,#1268,.F.);
#1801=ORIENTED_EDGE('',*,*,#1264,.T.);
#1802=ORIENTED_EDGE('',*,*,#1262,.F.);
#1803=ORIENTED_EDGE('',*,*,#1238,.T.);
#1804=ORIENTED_EDGE('',*,*,#1243,.F.);
#1805=ORIENTED_EDGE('',*,*,#1246,.T.);
#1806=ORIENTED_EDGE('',*,*,#1248,.F.);
#1807=ORIENTED_EDGE('',*,*,#1258,.T.);
#1808=ORIENTED_EDGE('',*,*,#1260,.F.);
#1809=ORIENTED_EDGE('',*,*,#1252,.T.);
#1810=ORIENTED_EDGE('',*,*,#1255,.F.);
#1811=ORIENTED_EDGE('',*,*,#1371,.T.);
#1812=ORIENTED_EDGE('',*,*,#1372,.T.);
#1813=ORIENTED_EDGE('',*,*,#1359,.T.);
#1814=ORIENTED_EDGE('',*,*,#1373,.T.);
#1815=ORIENTED_EDGE('',*,*,#1372,.F.);
#1816=ORIENTED_EDGE('',*,*,#1374,.F.);
#1817=ORIENTED_EDGE('',*,*,#1375,.F.);
#1818=ORIENTED_EDGE('',*,*,#1360,.T.);
#1819=ORIENTED_EDGE('',*,*,#1351,.F.);
#1820=ORIENTED_EDGE('',*,*,#1357,.T.);
#1821=ORIENTED_EDGE('',*,*,#1376,.F.);
#1822=ORIENTED_EDGE('',*,*,#1377,.T.);
#1823=ORIENTED_EDGE('',*,*,#1378,.T.);
#1824=ORIENTED_EDGE('',*,*,#1379,.F.);
#1825=ORIENTED_EDGE('',*,*,#1380,.T.);
#1826=ORIENTED_EDGE('',*,*,#1381,.T.);
#1827=ORIENTED_EDGE('',*,*,#1382,.T.);
#1828=ORIENTED_EDGE('',*,*,#1383,.T.);
#1829=ORIENTED_EDGE('',*,*,#1384,.T.);
#1830=ORIENTED_EDGE('',*,*,#1385,.T.);
#1831=ORIENTED_EDGE('',*,*,#1386,.T.);
#1832=ORIENTED_EDGE('',*,*,#1387,.T.);
#1833=ORIENTED_EDGE('',*,*,#1388,.T.);
#1834=ORIENTED_EDGE('',*,*,#1389,.F.);
#1835=ORIENTED_EDGE('',*,*,#1390,.T.);
#1836=ORIENTED_EDGE('',*,*,#1391,.T.);
#1837=ORIENTED_EDGE('',*,*,#1392,.F.);
#1838=ORIENTED_EDGE('',*,*,#1393,.T.);
#1839=ORIENTED_EDGE('',*,*,#1394,.F.);
#1840=ORIENTED_EDGE('',*,*,#1395,.T.);
#1841=ORIENTED_EDGE('',*,*,#1396,.F.);
#1842=ORIENTED_EDGE('',*,*,#1397,.T.);
#1843=ORIENTED_EDGE('',*,*,#1374,.T.);
#1844=ORIENTED_EDGE('',*,*,#1371,.F.);
#1845=ORIENTED_EDGE('',*,*,#1398,.T.);
#1846=ORIENTED_EDGE('',*,*,#1399,.T.);
#1847=ORIENTED_EDGE('',*,*,#1396,.T.);
#1848=ORIENTED_EDGE('',*,*,#1400,.T.);
#1849=ORIENTED_EDGE('',*,*,#1362,.T.);
#1850=ORIENTED_EDGE('',*,*,#1401,.T.);
#1851=ORIENTED_EDGE('',*,*,#1401,.F.);
#1852=ORIENTED_EDGE('',*,*,#1361,.T.);
#1853=ORIENTED_EDGE('',*,*,#1375,.T.);
#1854=ORIENTED_EDGE('',*,*,#1397,.F.);
#1855=ORIENTED_EDGE('',*,*,#1394,.T.);
#1856=ORIENTED_EDGE('',*,*,#1402,.T.);
#1857=ORIENTED_EDGE('',*,*,#1364,.T.);
#1858=ORIENTED_EDGE('',*,*,#1403,.T.);
#1859=ORIENTED_EDGE('',*,*,#1402,.F.);
#1860=ORIENTED_EDGE('',*,*,#1393,.F.);
#1861=ORIENTED_EDGE('',*,*,#1404,.F.);
#1862=ORIENTED_EDGE('',*,*,#1365,.T.);
#1863=ORIENTED_EDGE('',*,*,#1366,.T.);
#1864=ORIENTED_EDGE('',*,*,#1404,.T.);
#1865=ORIENTED_EDGE('',*,*,#1392,.T.);
#1866=ORIENTED_EDGE('',*,*,#1405,.T.);
#1867=ORIENTED_EDGE('',*,*,#1406,.T.);
#1868=ORIENTED_EDGE('',*,*,#1407,.T.);
#1869=ORIENTED_EDGE('',*,*,#1408,.T.);
#1870=ORIENTED_EDGE('',*,*,#1409,.T.);
#1871=ORIENTED_EDGE('',*,*,#1410,.T.);
#1872=ORIENTED_EDGE('',*,*,#1411,.T.);
#1873=ORIENTED_EDGE('',*,*,#1409,.F.);
#1874=ORIENTED_EDGE('',*,*,#1412,.F.);
#1875=ORIENTED_EDGE('',*,*,#1413,.T.);
#1876=ORIENTED_EDGE('',*,*,#1414,.T.);
#1877=ORIENTED_EDGE('',*,*,#1408,.F.);
#1878=ORIENTED_EDGE('',*,*,#1415,.T.);
#1879=ORIENTED_EDGE('',*,*,#1416,.T.);
#1880=ORIENTED_EDGE('',*,*,#1417,.T.);
#1881=ORIENTED_EDGE('',*,*,#1418,.T.);
#1882=ORIENTED_EDGE('',*,*,#1419,.T.);
#1883=ORIENTED_EDGE('',*,*,#1420,.T.);
#1884=ORIENTED_EDGE('',*,*,#1421,.T.);
#1885=ORIENTED_EDGE('',*,*,#1422,.F.);
#1886=ORIENTED_EDGE('',*,*,#1423,.T.);
#1887=ORIENTED_EDGE('',*,*,#1424,.F.);
#1888=ORIENTED_EDGE('',*,*,#1425,.T.);
#1889=ORIENTED_EDGE('',*,*,#1426,.T.);
#1890=ORIENTED_EDGE('',*,*,#1427,.T.);
#1891=ORIENTED_EDGE('',*,*,#1428,.T.);
#1892=ORIENTED_EDGE('',*,*,#1429,.T.);
#1893=ORIENTED_EDGE('',*,*,#1430,.T.);
#1894=ORIENTED_EDGE('',*,*,#1431,.F.);
#1895=ORIENTED_EDGE('',*,*,#1432,.T.);
#1896=ORIENTED_EDGE('',*,*,#1433,.F.);
#1897=ORIENTED_EDGE('',*,*,#1434,.T.);
#1898=ORIENTED_EDGE('',*,*,#1435,.T.);
#1899=ORIENTED_EDGE('',*,*,#1436,.T.);
#1900=ORIENTED_EDGE('',*,*,#1437,.T.);
#1901=ORIENTED_EDGE('',*,*,#1438,.T.);
#1902=ORIENTED_EDGE('',*,*,#1439,.T.);
#1903=ORIENTED_EDGE('',*,*,#1440,.T.);
#1904=ORIENTED_EDGE('',*,*,#1441,.F.);
#1905=ORIENTED_EDGE('',*,*,#1442,.T.);
#1906=ORIENTED_EDGE('',*,*,#1443,.T.);
#1907=ORIENTED_EDGE('',*,*,#1444,.T.);
#1908=ORIENTED_EDGE('',*,*,#1309,.T.);
#1909=ORIENTED_EDGE('',*,*,#1445,.T.);
#1910=ORIENTED_EDGE('',*,*,#1446,.T.);
#1911=ORIENTED_EDGE('',*,*,#1412,.T.);
#1912=ORIENTED_EDGE('',*,*,#1447,.T.);
#1913=ORIENTED_EDGE('',*,*,#1448,.T.);
#1914=ORIENTED_EDGE('',*,*,#1441,.T.);
#1915=ORIENTED_EDGE('',*,*,#1449,.T.);
#1916=ORIENTED_EDGE('',*,*,#1450,.T.);
#1917=ORIENTED_EDGE('',*,*,#1451,.T.);
#1918=ORIENTED_EDGE('',*,*,#1410,.F.);
#1919=ORIENTED_EDGE('',*,*,#1414,.F.);
#1920=ORIENTED_EDGE('',*,*,#1452,.F.);
#1921=ORIENTED_EDGE('',*,*,#1453,.F.);
#1922=ORIENTED_EDGE('',*,*,#1450,.F.);
#1923=ORIENTED_EDGE('',*,*,#1454,.F.);
#1924=ORIENTED_EDGE('',*,*,#1368,.F.);
#1925=ORIENTED_EDGE('',*,*,#1455,.F.);
#1926=ORIENTED_EDGE('',*,*,#1449,.F.);
#1927=ORIENTED_EDGE('',*,*,#1440,.F.);
#1928=ORIENTED_EDGE('',*,*,#1456,.T.);
#1929=ORIENTED_EDGE('',*,*,#1457,.T.);
#1930=ORIENTED_EDGE('',*,*,#1458,.F.);
#1931=ORIENTED_EDGE('',*,*,#1369,.T.);
#1932=ORIENTED_EDGE('',*,*,#1454,.T.);
#1933=ORIENTED_EDGE('',*,*,#1370,.T.);
#1934=ORIENTED_EDGE('',*,*,#1458,.T.);
#1935=ORIENTED_EDGE('',*,*,#1459,.T.);
#1936=ORIENTED_EDGE('',*,*,#1460,.T.);
#1937=ORIENTED_EDGE('',*,*,#1376,.T.);
#1938=ORIENTED_EDGE('',*,*,#1356,.T.);
#1939=ORIENTED_EDGE('',*,*,#1406,.F.);
#1940=ORIENTED_EDGE('',*,*,#1461,.F.);
#1941=ORIENTED_EDGE('',*,*,#1462,.F.);
#1942=ORIENTED_EDGE('',*,*,#1463,.T.);
#1943=ORIENTED_EDGE('',*,*,#1464,.F.);
#1944=ORIENTED_EDGE('',*,*,#1465,.F.);
#1945=ORIENTED_EDGE('',*,*,#1466,.F.);
#1946=ORIENTED_EDGE('',*,*,#1467,.T.);
#1947=ORIENTED_EDGE('',*,*,#1468,.F.);
#1948=ORIENTED_EDGE('',*,*,#1469,.T.);
#1949=ORIENTED_EDGE('',*,*,#1470,.F.);
#1950=ORIENTED_EDGE('',*,*,#1471,.F.);
#1951=ORIENTED_EDGE('',*,*,#1472,.F.);
#1952=ORIENTED_EDGE('',*,*,#1473,.T.);
#1953=ORIENTED_EDGE('',*,*,#1474,.F.);
#1954=ORIENTED_EDGE('',*,*,#1475,.F.);
#1955=ORIENTED_EDGE('',*,*,#1459,.F.);
#1956=ORIENTED_EDGE('',*,*,#1457,.F.);
#1957=ORIENTED_EDGE('',*,*,#1476,.F.);
#1958=ORIENTED_EDGE('',*,*,#1477,.T.);
#1959=ORIENTED_EDGE('',*,*,#1478,.F.);
#1960=ORIENTED_EDGE('',*,*,#1479,.T.);
#1961=ORIENTED_EDGE('',*,*,#1480,.F.);
#1962=ORIENTED_EDGE('',*,*,#1481,.F.);
#1963=ORIENTED_EDGE('',*,*,#1482,.T.);
#1964=ORIENTED_EDGE('',*,*,#1483,.F.);
#1965=ORIENTED_EDGE('',*,*,#1484,.T.);
#1966=ORIENTED_EDGE('',*,*,#1485,.F.);
#1967=ORIENTED_EDGE('',*,*,#1486,.F.);
#1968=ORIENTED_EDGE('',*,*,#1487,.F.);
#1969=ORIENTED_EDGE('',*,*,#1283,.T.);
#1970=ORIENTED_EDGE('',*,*,#1317,.T.);
#1971=ORIENTED_EDGE('',*,*,#1350,.F.);
#1972=ORIENTED_EDGE('',*,*,#1488,.T.);
#1973=ORIENTED_EDGE('',*,*,#1347,.F.);
#1974=ORIENTED_EDGE('',*,*,#1345,.T.);
#1975=ORIENTED_EDGE('',*,*,#1343,.F.);
#1976=ORIENTED_EDGE('',*,*,#1489,.T.);
#1977=ORIENTED_EDGE('',*,*,#1490,.T.);
#1978=ORIENTED_EDGE('',*,*,#1491,.T.);
#1979=ORIENTED_EDGE('',*,*,#1340,.F.);
#1980=ORIENTED_EDGE('',*,*,#1338,.T.);
#1981=ORIENTED_EDGE('',*,*,#1321,.F.);
#1982=ORIENTED_EDGE('',*,*,#1492,.T.);
#1983=ORIENTED_EDGE('',*,*,#1313,.F.);
#1984=ORIENTED_EDGE('',*,*,#1318,.T.);
#1985=ORIENTED_EDGE('',*,*,#1289,.T.);
#1986=ORIENTED_EDGE('',*,*,#1493,.F.);
#1987=ORIENTED_EDGE('',*,*,#1494,.F.);
#1988=ORIENTED_EDGE('',*,*,#1495,.F.);
#1989=ORIENTED_EDGE('',*,*,#1496,.T.);
#1990=ORIENTED_EDGE('',*,*,#1497,.F.);
#1991=ORIENTED_EDGE('',*,*,#1498,.T.);
#1992=ORIENTED_EDGE('',*,*,#1499,.F.);
#1993=ORIENTED_EDGE('',*,*,#1500,.F.);
#1994=ORIENTED_EDGE('',*,*,#1501,.T.);
#1995=ORIENTED_EDGE('',*,*,#1502,.F.);
#1996=ORIENTED_EDGE('',*,*,#1503,.T.);
#1997=ORIENTED_EDGE('',*,*,#1504,.F.);
#1998=ORIENTED_EDGE('',*,*,#1505,.F.);
#1999=ORIENTED_EDGE('',*,*,#1506,.T.);
#2000=ORIENTED_EDGE('',*,*,#1507,.T.);
#2001=ORIENTED_EDGE('',*,*,#1508,.T.);
#2002=ORIENTED_EDGE('',*,*,#1509,.T.);
#2003=ORIENTED_EDGE('',*,*,#1510,.T.);
#2004=ORIENTED_EDGE('',*,*,#1511,.T.);
#2005=ORIENTED_EDGE('',*,*,#1463,.F.);
#2006=ORIENTED_EDGE('',*,*,#1512,.T.);
#2007=ORIENTED_EDGE('',*,*,#1389,.T.);
#2008=ORIENTED_EDGE('',*,*,#1513,.T.);
#2009=ORIENTED_EDGE('',*,*,#1512,.F.);
#2010=ORIENTED_EDGE('',*,*,#1462,.T.);
#2011=ORIENTED_EDGE('',*,*,#1514,.F.);
#2012=ORIENTED_EDGE('',*,*,#1390,.F.);
#2013=ORIENTED_EDGE('',*,*,#1385,.F.);
#2014=ORIENTED_EDGE('',*,*,#1515,.T.);
#2015=ORIENTED_EDGE('',*,*,#1467,.F.);
#2016=ORIENTED_EDGE('',*,*,#1516,.T.);
#2017=ORIENTED_EDGE('',*,*,#1515,.F.);
#2018=ORIENTED_EDGE('',*,*,#1384,.F.);
#2019=ORIENTED_EDGE('',*,*,#1517,.F.);
#2020=ORIENTED_EDGE('',*,*,#1468,.T.);
#2021=ORIENTED_EDGE('',*,*,#1469,.F.);
#2022=ORIENTED_EDGE('',*,*,#1517,.T.);
#2023=ORIENTED_EDGE('',*,*,#1383,.F.);
#2024=ORIENTED_EDGE('',*,*,#1518,.T.);
#2025=ORIENTED_EDGE('',*,*,#1473,.F.);
#2026=ORIENTED_EDGE('',*,*,#1519,.T.);
#2027=ORIENTED_EDGE('',*,*,#1379,.T.);
#2028=ORIENTED_EDGE('',*,*,#1520,.T.);
#2029=ORIENTED_EDGE('',*,*,#1519,.F.);
#2030=ORIENTED_EDGE('',*,*,#1472,.T.);
#2031=ORIENTED_EDGE('',*,*,#1521,.F.);
#2032=ORIENTED_EDGE('',*,*,#1380,.F.);
#2033=ORIENTED_EDGE('',*,*,#1438,.F.);
#2034=ORIENTED_EDGE('',*,*,#1522,.T.);
#2035=ORIENTED_EDGE('',*,*,#1477,.F.);
#2036=ORIENTED_EDGE('',*,*,#1523,.T.);
#2037=ORIENTED_EDGE('',*,*,#1522,.F.);
#2038=ORIENTED_EDGE('',*,*,#1437,.F.);
#2039=ORIENTED_EDGE('',*,*,#1524,.F.);
#2040=ORIENTED_EDGE('',*,*,#1478,.T.);
#2041=ORIENTED_EDGE('',*,*,#1479,.F.);
#2042=ORIENTED_EDGE('',*,*,#1524,.T.);
#2043=ORIENTED_EDGE('',*,*,#1436,.F.);
#2044=ORIENTED_EDGE('',*,*,#1525,.T.);
#2045=ORIENTED_EDGE('',*,*,#1482,.F.);
#2046=ORIENTED_EDGE('',*,*,#1526,.T.);
#2047=ORIENTED_EDGE('',*,*,#1433,.T.);
#2048=ORIENTED_EDGE('',*,*,#1527,.T.);
#2049=ORIENTED_EDGE('',*,*,#1527,.F.);
#2050=ORIENTED_EDGE('',*,*,#1432,.F.);
#2051=ORIENTED_EDGE('',*,*,#1528,.F.);
#2052=ORIENTED_EDGE('',*,*,#1483,.T.);
#2053=ORIENTED_EDGE('',*,*,#1484,.F.);
#2054=ORIENTED_EDGE('',*,*,#1528,.T.);
#2055=ORIENTED_EDGE('',*,*,#1431,.T.);
#2056=ORIENTED_EDGE('',*,*,#1529,.T.);
#2057=ORIENTED_EDGE('',*,*,#1496,.F.);
#2058=ORIENTED_EDGE('',*,*,#1530,.T.);
#2059=ORIENTED_EDGE('',*,*,#1424,.T.);
#2060=ORIENTED_EDGE('',*,*,#1531,.T.);
#2061=ORIENTED_EDGE('',*,*,#1530,.F.);
#2062=ORIENTED_EDGE('',*,*,#1495,.T.);
#2063=ORIENTED_EDGE('',*,*,#1532,.F.);
#2064=ORIENTED_EDGE('',*,*,#1425,.F.);
#2065=ORIENTED_EDGE('',*,*,#1498,.F.);
#2066=ORIENTED_EDGE('',*,*,#1533,.T.);
#2067=ORIENTED_EDGE('',*,*,#1422,.T.);
#2068=ORIENTED_EDGE('',*,*,#1534,.T.);
#2069=ORIENTED_EDGE('',*,*,#1534,.F.);
#2070=ORIENTED_EDGE('',*,*,#1421,.F.);
#2071=ORIENTED_EDGE('',*,*,#1535,.F.);
#2072=ORIENTED_EDGE('',*,*,#1499,.T.);
#2073=ORIENTED_EDGE('',*,*,#1503,.F.);
#2074=ORIENTED_EDGE('',*,*,#1536,.T.);
#2075=ORIENTED_EDGE('',*,*,#1417,.F.);
#2076=ORIENTED_EDGE('',*,*,#1537,.T.);
#2077=ORIENTED_EDGE('',*,*,#1536,.F.);
#2078=ORIENTED_EDGE('',*,*,#1502,.T.);
#2079=ORIENTED_EDGE('',*,*,#1538,.F.);
#2080=ORIENTED_EDGE('',*,*,#1418,.F.);
#2081=ORIENTED_EDGE('',*,*,#1419,.F.);
#2082=ORIENTED_EDGE('',*,*,#1538,.T.);
#2083=ORIENTED_EDGE('',*,*,#1501,.F.);
#2084=ORIENTED_EDGE('',*,*,#1539,.T.);
#2085=ORIENTED_EDGE('',*,*,#1540,.F.);
#2086=ORIENTED_EDGE('',*,*,#1541,.T.);
#2087=ORIENTED_EDGE('',*,*,#1541,.F.);
#2088=ORIENTED_EDGE('',*,*,#1337,.F.);
#2089=ORIENTED_EDGE('',*,*,#1542,.T.);
#2090=ORIENTED_EDGE('',*,*,#1540,.T.);
#2091=ORIENTED_EDGE('',*,*,#1542,.F.);
#2092=ORIENTED_EDGE('',*,*,#1543,.F.);
#2093=ORIENTED_EDGE('',*,*,#1544,.T.);
#2094=ORIENTED_EDGE('',*,*,#1544,.F.);
#2095=ORIENTED_EDGE('',*,*,#1336,.F.);
#2096=ORIENTED_EDGE('',*,*,#1545,.T.);
#2097=ORIENTED_EDGE('',*,*,#1543,.T.);
#2098=ORIENTED_EDGE('',*,*,#1545,.F.);
#2099=ORIENTED_EDGE('',*,*,#1546,.F.);
#2100=ORIENTED_EDGE('',*,*,#1547,.T.);
#2101=ORIENTED_EDGE('',*,*,#1547,.F.);
#2102=ORIENTED_EDGE('',*,*,#1335,.F.);
#2103=ORIENTED_EDGE('',*,*,#1548,.T.);
#2104=ORIENTED_EDGE('',*,*,#1546,.T.);
#2105=ORIENTED_EDGE('',*,*,#1548,.F.);
#2106=ORIENTED_EDGE('',*,*,#1549,.F.);
#2107=ORIENTED_EDGE('',*,*,#1550,.T.);
#2108=ORIENTED_EDGE('',*,*,#1550,.F.);
#2109=ORIENTED_EDGE('',*,*,#1334,.F.);
#2110=ORIENTED_EDGE('',*,*,#1551,.T.);
#2111=ORIENTED_EDGE('',*,*,#1549,.T.);
#2112=ORIENTED_EDGE('',*,*,#1551,.F.);
#2113=ORIENTED_EDGE('',*,*,#1552,.F.);
#2114=ORIENTED_EDGE('',*,*,#1553,.T.);
#2115=ORIENTED_EDGE('',*,*,#1553,.F.);
#2116=ORIENTED_EDGE('',*,*,#1506,.F.);
#2117=ORIENTED_EDGE('',*,*,#1554,.T.);
#2118=ORIENTED_EDGE('',*,*,#1552,.T.);
#2119=ORIENTED_EDGE('',*,*,#1554,.F.);
#2120=ORIENTED_EDGE('',*,*,#1555,.F.);
#2121=ORIENTED_EDGE('',*,*,#1556,.T.);
#2122=ORIENTED_EDGE('',*,*,#1556,.F.);
#2123=ORIENTED_EDGE('',*,*,#1507,.F.);
#2124=ORIENTED_EDGE('',*,*,#1557,.T.);
#2125=ORIENTED_EDGE('',*,*,#1555,.T.);
#2126=ORIENTED_EDGE('',*,*,#1557,.F.);
#2127=ORIENTED_EDGE('',*,*,#1558,.F.);
#2128=ORIENTED_EDGE('',*,*,#1559,.T.);
#2129=ORIENTED_EDGE('',*,*,#1559,.F.);
#2130=ORIENTED_EDGE('',*,*,#1508,.F.);
#2131=ORIENTED_EDGE('',*,*,#1560,.T.);
#2132=ORIENTED_EDGE('',*,*,#1558,.T.);
#2133=ORIENTED_EDGE('',*,*,#1560,.F.);
#2134=ORIENTED_EDGE('',*,*,#1561,.F.);
#2135=ORIENTED_EDGE('',*,*,#1562,.T.);
#2136=ORIENTED_EDGE('',*,*,#1562,.F.);
#2137=ORIENTED_EDGE('',*,*,#1509,.F.);
#2138=ORIENTED_EDGE('',*,*,#1563,.T.);
#2139=ORIENTED_EDGE('',*,*,#1561,.T.);
#2140=ORIENTED_EDGE('',*,*,#1563,.F.);
#2141=ORIENTED_EDGE('',*,*,#1564,.F.);
#2142=ORIENTED_EDGE('',*,*,#1565,.T.);
#2143=ORIENTED_EDGE('',*,*,#1565,.F.);
#2144=ORIENTED_EDGE('',*,*,#1510,.F.);
#2145=ORIENTED_EDGE('',*,*,#1566,.T.);
#2146=ORIENTED_EDGE('',*,*,#1564,.T.);
#2147=ORIENTED_EDGE('',*,*,#1566,.F.);
#2148=ORIENTED_EDGE('',*,*,#1567,.F.);
#2149=ORIENTED_EDGE('',*,*,#1568,.T.);
#2150=ORIENTED_EDGE('',*,*,#1568,.F.);
#2151=ORIENTED_EDGE('',*,*,#1511,.F.);
#2152=ORIENTED_EDGE('',*,*,#1569,.T.);
#2153=ORIENTED_EDGE('',*,*,#1567,.T.);
#2154=ORIENTED_EDGE('',*,*,#1569,.F.);
#2155=ORIENTED_EDGE('',*,*,#1531,.F.);
#2156=ORIENTED_EDGE('',*,*,#1423,.F.);
#2157=ORIENTED_EDGE('',*,*,#1533,.F.);
#2158=ORIENTED_EDGE('',*,*,#1497,.T.);
#2159=ORIENTED_EDGE('',*,*,#1526,.F.);
#2160=ORIENTED_EDGE('',*,*,#1481,.T.);
#2161=ORIENTED_EDGE('',*,*,#1570,.F.);
#2162=ORIENTED_EDGE('',*,*,#1434,.F.);
#2163=ORIENTED_EDGE('',*,*,#1529,.F.);
#2164=ORIENTED_EDGE('',*,*,#1430,.F.);
#2165=ORIENTED_EDGE('',*,*,#1571,.F.);
#2166=ORIENTED_EDGE('',*,*,#1485,.T.);
#2167=ORIENTED_EDGE('',*,*,#1532,.T.);
#2168=ORIENTED_EDGE('',*,*,#1494,.T.);
#2169=ORIENTED_EDGE('',*,*,#1572,.F.);
#2170=ORIENTED_EDGE('',*,*,#1426,.F.);
#2171=ORIENTED_EDGE('',*,*,#1570,.T.);
#2172=ORIENTED_EDGE('',*,*,#1480,.T.);
#2173=ORIENTED_EDGE('',*,*,#1525,.F.);
#2174=ORIENTED_EDGE('',*,*,#1435,.F.);
#2175=ORIENTED_EDGE('',*,*,#1451,.F.);
#2176=ORIENTED_EDGE('',*,*,#1453,.T.);
#2177=ORIENTED_EDGE('',*,*,#1573,.T.);
#2178=ORIENTED_EDGE('',*,*,#1442,.F.);
#2179=ORIENTED_EDGE('',*,*,#1352,.F.);
#2180=ORIENTED_EDGE('',*,*,#1398,.F.);
#2181=ORIENTED_EDGE('',*,*,#1373,.F.);
#2182=ORIENTED_EDGE('',*,*,#1358,.T.);
#2183=ORIENTED_EDGE('',*,*,#1273,.T.);
#2184=ORIENTED_EDGE('',*,*,#1269,.F.);
#2185=ORIENTED_EDGE('',*,*,#1284,.T.);
#2186=ORIENTED_EDGE('',*,*,#1487,.T.);
#2187=ORIENTED_EDGE('',*,*,#1574,.F.);
#2188=ORIENTED_EDGE('',*,*,#1428,.F.);
#2189=ORIENTED_EDGE('',*,*,#1575,.T.);
#2190=ORIENTED_EDGE('',*,*,#1306,.F.);
#2191=ORIENTED_EDGE('',*,*,#1310,.F.);
#2192=ORIENTED_EDGE('',*,*,#1444,.F.);
#2193=ORIENTED_EDGE('',*,*,#1576,.F.);
#2194=ORIENTED_EDGE('',*,*,#1301,.F.);
#2195=ORIENTED_EDGE('',*,*,#1577,.F.);
#2196=ORIENTED_EDGE('',*,*,#1445,.F.);
#2197=ORIENTED_EDGE('',*,*,#1308,.F.);
#2198=ORIENTED_EDGE('',*,*,#1452,.T.);
#2199=ORIENTED_EDGE('',*,*,#1413,.F.);
#2200=ORIENTED_EDGE('',*,*,#1446,.F.);
#2201=ORIENTED_EDGE('',*,*,#1577,.T.);
#2202=ORIENTED_EDGE('',*,*,#1300,.F.);
#2203=ORIENTED_EDGE('',*,*,#1304,.T.);
#2204=ORIENTED_EDGE('',*,*,#1307,.F.);
#2205=ORIENTED_EDGE('',*,*,#1576,.T.);
#2206=ORIENTED_EDGE('',*,*,#1443,.F.);
#2207=ORIENTED_EDGE('',*,*,#1573,.F.);
#2208=ORIENTED_EDGE('',*,*,#1342,.F.);
#2209=ORIENTED_EDGE('',*,*,#1328,.T.);
#2210=ORIENTED_EDGE('',*,*,#1578,.F.);
#2211=ORIENTED_EDGE('',*,*,#1489,.F.);
#2212=ORIENTED_EDGE('',*,*,#1490,.F.);
#2213=ORIENTED_EDGE('',*,*,#1578,.T.);
#2214=ORIENTED_EDGE('',*,*,#1327,.T.);
#2215=ORIENTED_EDGE('',*,*,#1579,.F.);
#2216=ORIENTED_EDGE('',*,*,#1341,.F.);
#2217=ORIENTED_EDGE('',*,*,#1491,.F.);
#2218=ORIENTED_EDGE('',*,*,#1579,.T.);
#2219=ORIENTED_EDGE('',*,*,#1326,.T.);
#2220=ORIENTED_EDGE('',*,*,#1314,.F.);
#2221=ORIENTED_EDGE('',*,*,#1492,.F.);
#2222=ORIENTED_EDGE('',*,*,#1320,.F.);
#2223=ORIENTED_EDGE('',*,*,#1323,.T.);
#2224=ORIENTED_EDGE('',*,*,#1348,.F.);
#2225=ORIENTED_EDGE('',*,*,#1488,.F.);
#2226=ORIENTED_EDGE('',*,*,#1349,.F.);
#2227=ORIENTED_EDGE('',*,*,#1332,.T.);
#2228=ORIENTED_EDGE('',*,*,#1520,.F.);
#2229=ORIENTED_EDGE('',*,*,#1378,.F.);
#2230=ORIENTED_EDGE('',*,*,#1580,.T.);
#2231=ORIENTED_EDGE('',*,*,#1474,.T.);
#2232=ORIENTED_EDGE('',*,*,#1581,.F.);
#2233=ORIENTED_EDGE('',*,*,#1381,.F.);
#2234=ORIENTED_EDGE('',*,*,#1521,.T.);
#2235=ORIENTED_EDGE('',*,*,#1471,.T.);
#2236=ORIENTED_EDGE('',*,*,#1518,.F.);
#2237=ORIENTED_EDGE('',*,*,#1382,.F.);
#2238=ORIENTED_EDGE('',*,*,#1581,.T.);
#2239=ORIENTED_EDGE('',*,*,#1470,.T.);
#2240=ORIENTED_EDGE('',*,*,#1516,.F.);
#2241=ORIENTED_EDGE('',*,*,#1466,.T.);
#2242=ORIENTED_EDGE('',*,*,#1582,.T.);
#2243=ORIENTED_EDGE('',*,*,#1386,.F.);
#2244=ORIENTED_EDGE('',*,*,#1583,.F.);
#2245=ORIENTED_EDGE('',*,*,#1387,.F.);
#2246=ORIENTED_EDGE('',*,*,#1582,.F.);
#2247=ORIENTED_EDGE('',*,*,#1465,.T.);
#2248=ORIENTED_EDGE('',*,*,#1513,.F.);
#2249=ORIENTED_EDGE('',*,*,#1388,.F.);
#2250=ORIENTED_EDGE('',*,*,#1583,.T.);
#2251=ORIENTED_EDGE('',*,*,#1464,.T.);
#2252=ORIENTED_EDGE('',*,*,#1405,.F.);
#2253=ORIENTED_EDGE('',*,*,#1391,.F.);
#2254=ORIENTED_EDGE('',*,*,#1514,.T.);
#2255=ORIENTED_EDGE('',*,*,#1461,.T.);
#2256=ORIENTED_EDGE('',*,*,#1407,.F.);
#2257=ORIENTED_EDGE('',*,*,#1505,.T.);
#2258=ORIENTED_EDGE('',*,*,#1584,.T.);
#2259=ORIENTED_EDGE('',*,*,#1585,.T.);
#2260=ORIENTED_EDGE('',*,*,#1586,.T.);
#2261=ORIENTED_EDGE('',*,*,#1415,.F.);
#2262=ORIENTED_EDGE('',*,*,#1411,.F.);
#2263=ORIENTED_EDGE('',*,*,#1455,.T.);
#2264=ORIENTED_EDGE('',*,*,#1367,.T.);
#2265=ORIENTED_EDGE('',*,*,#1537,.F.);
#2266=ORIENTED_EDGE('',*,*,#1416,.F.);
#2267=ORIENTED_EDGE('',*,*,#1586,.F.);
#2268=ORIENTED_EDGE('',*,*,#1585,.F.);
#2269=ORIENTED_EDGE('',*,*,#1584,.F.);
#2270=ORIENTED_EDGE('',*,*,#1504,.T.);
#2271=ORIENTED_EDGE('',*,*,#1587,.F.);
#2272=ORIENTED_EDGE('',*,*,#1588,.F.);
#2273=ORIENTED_EDGE('',*,*,#1589,.F.);
#2274=ORIENTED_EDGE('',*,*,#1447,.F.);
#2275=ORIENTED_EDGE('',*,*,#1590,.T.);
#2276=ORIENTED_EDGE('',*,*,#1587,.T.);
#2277=ORIENTED_EDGE('',*,*,#1590,.F.);
#2278=ORIENTED_EDGE('',*,*,#1523,.F.);
#2279=ORIENTED_EDGE('',*,*,#1476,.T.);
#2280=ORIENTED_EDGE('',*,*,#1456,.F.);
#2281=ORIENTED_EDGE('',*,*,#1439,.F.);
#2282=ORIENTED_EDGE('',*,*,#1448,.F.);
#2283=ORIENTED_EDGE('',*,*,#1591,.T.);
#2284=ORIENTED_EDGE('',*,*,#1589,.T.);
#2285=ORIENTED_EDGE('',*,*,#1591,.F.);
#2286=ORIENTED_EDGE('',*,*,#1571,.T.);
#2287=ORIENTED_EDGE('',*,*,#1429,.F.);
#2288=ORIENTED_EDGE('',*,*,#1574,.T.);
#2289=ORIENTED_EDGE('',*,*,#1486,.T.);
#2290=ORIENTED_EDGE('',*,*,#1274,.T.);
#2291=ORIENTED_EDGE('',*,*,#1575,.F.);
#2292=ORIENTED_EDGE('',*,*,#1427,.F.);
#2293=ORIENTED_EDGE('',*,*,#1572,.T.);
#2294=ORIENTED_EDGE('',*,*,#1493,.T.);
#2295=ORIENTED_EDGE('',*,*,#1288,.T.);
#2296=ORIENTED_EDGE('',*,*,#1285,.F.);
#2297=ORIENTED_EDGE('',*,*,#1535,.T.);
#2298=ORIENTED_EDGE('',*,*,#1420,.F.);
#2299=ORIENTED_EDGE('',*,*,#1539,.F.);
#2300=ORIENTED_EDGE('',*,*,#1500,.T.);
#2301=ORIENTED_EDGE('',*,*,#1399,.F.);
#2302=ORIENTED_EDGE('',*,*,#1592,.T.);
#2303=ORIENTED_EDGE('',*,*,#1588,.T.);
#2304=ORIENTED_EDGE('',*,*,#1592,.F.);
#2305=ORIENTED_EDGE('',*,*,#1460,.F.);
#2306=ORIENTED_EDGE('',*,*,#1475,.T.);
#2307=ORIENTED_EDGE('',*,*,#1580,.F.);
#2308=ORIENTED_EDGE('',*,*,#1377,.F.);
#2309=ORIENTED_EDGE('',*,*,#1400,.F.);
#2310=ORIENTED_EDGE('',*,*,#1395,.F.);
#2311=ORIENTED_EDGE('',*,*,#1403,.F.);
#2312=ORIENTED_EDGE('',*,*,#1363,.T.);
#2313=PLANE('',#2517);
#2314=PLANE('',#2518);
#2315=PLANE('',#2522);
#2316=PLANE('',#2526);
#2317=PLANE('',#2530);
#2318=PLANE('',#2534);
#2319=PLANE('',#2538);
#2320=PLANE('',#2542);
#2321=PLANE('',#2543);
#2322=PLANE('',#2547);
#2323=PLANE('',#2551);
#2324=PLANE('',#2555);
#2325=PLANE('',#2559);
#2326=PLANE('',#2563);
#2327=PLANE('',#2567);
#2328=PLANE('',#2571);
#2329=PLANE('',#2575);
#2330=PLANE('',#2584);
#2331=PLANE('',#2589);
#2332=PLANE('',#2597);
#2333=PLANE('',#2598);
#2334=PLANE('',#2606);
#2335=PLANE('',#2607);
#2336=PLANE('',#2619);
#2337=PLANE('',#2621);
#2338=PLANE('',#2627);
#2339=PLANE('',#2628);
#2340=PLANE('',#2644);
#2341=PLANE('',#2645);
#2342=PLANE('',#2648);
#2343=PLANE('',#2671);
#2344=PLANE('',#2676);
#2345=PLANE('',#2681);
#2346=PLANE('',#2684);
#2347=PLANE('',#2686);
#2348=PLANE('',#2720);
#2349=PLANE('',#2721);
#2350=PLANE('',#2722);
#2351=PLANE('',#2723);
#2352=PLANE('',#2724);
#2353=PLANE('',#2725);
#2354=PLANE('',#2726);
#2355=PLANE('',#2727);
#2356=PLANE('',#2728);
#2357=PLANE('',#2729);
#2358=PLANE('',#2730);
#2359=PLANE('',#2731);
#2360=PLANE('',#2732);
#2361=PLANE('',#2733);
#2362=PLANE('',#2734);
#2363=PLANE('',#2735);
#2364=PLANE('',#2736);
#2365=PLANE('',#2737);
#2366=PLANE('',#2738);
#2367=PLANE('',#2739);
#2368=PLANE('',#2740);
#2369=PLANE('',#2741);
#2370=PLANE('',#2742);
#2371=PLANE('',#2743);
#2372=PLANE('',#2744);
#2373=PLANE('',#2745);
#2374=PLANE('',#2747);
#2375=PLANE('',#2749);
#2376=PLANE('',#2752);
#2377=PLANE('',#2754);
#2378=PLANE('',#2755);
#2379=PLANE('',#2756);
#2380=PLANE('',#2758);
#2381=PLANE('',#2759);
#2382=ADVANCED_FACE('',(#206),#2313,.F.);
#2383=ADVANCED_FACE('',(#207),#2314,.F.);
#2384=ADVANCED_FACE('',(#208),#152,.F.);
#2385=ADVANCED_FACE('',(#209),#2315,.F.);
#2386=ADVANCED_FACE('',(#210),#153,.F.);
#2387=ADVANCED_FACE('',(#211),#2316,.F.);
#2388=ADVANCED_FACE('',(#212),#154,.F.);
#2389=ADVANCED_FACE('',(#213),#2317,.F.);
#2390=ADVANCED_FACE('',(#214),#155,.F.);
#2391=ADVANCED_FACE('',(#215),#2318,.F.);
#2392=ADVANCED_FACE('',(#216),#156,.F.);
#2393=ADVANCED_FACE('',(#217),#2319,.F.);
#2394=ADVANCED_FACE('',(#218),#157,.F.);
#2395=ADVANCED_FACE('',(#219),#2320,.F.);
#2396=ADVANCED_FACE('',(#220),#2321,.F.);
#2397=ADVANCED_FACE('',(#221),#158,.F.);
#2398=ADVANCED_FACE('',(#222),#2322,.F.);
#2399=ADVANCED_FACE('',(#223),#159,.F.);
#2400=ADVANCED_FACE('',(#224),#2323,.F.);
#2401=ADVANCED_FACE('',(#225),#160,.F.);
#2402=ADVANCED_FACE('',(#226),#2324,.F.);
#2403=ADVANCED_FACE('',(#227),#161,.F.);
#2404=ADVANCED_FACE('',(#228),#2325,.F.);
#2405=ADVANCED_FACE('',(#229),#162,.F.);
#2406=ADVANCED_FACE('',(#230),#2326,.F.);
#2407=ADVANCED_FACE('',(#231),#163,.F.);
#2408=ADVANCED_FACE('',(#232,#31),#2327,.F.);
#2409=ADVANCED_FACE('',(#233),#164,.F.);
#2410=ADVANCED_FACE('',(#234),#2328,.F.);
#2411=ADVANCED_FACE('',(#235),#165,.F.);
#2412=ADVANCED_FACE('',(#236,#32,#33,#34,#35),#2329,.F.);
#2413=ADVANCED_FACE('',(#237),#2330,.F.);
#2414=ADVANCED_FACE('',(#238),#166,.F.);
#2415=ADVANCED_FACE('',(#239),#167,.F.);
#2416=ADVANCED_FACE('',(#240),#2331,.F.);
#2417=ADVANCED_FACE('',(#241),#168,.F.);
#2418=ADVANCED_FACE('',(#242),#169,.F.);
#2419=ADVANCED_FACE('',(#243),#170,.T.);
#2420=ADVANCED_FACE('',(#244),#2332,.T.);
#2421=ADVANCED_FACE('',(#245,#36,#37,#38),#2333,.F.);
#2422=ADVANCED_FACE('',(#246),#171,.T.);
#2423=ADVANCED_FACE('',(#247),#2334,.T.);
#2424=ADVANCED_FACE('',(#248,#39),#2335,.T.);
#2425=ADVANCED_FACE('',(#249),#172,.T.);
#2426=ADVANCED_FACE('',(#250),#2336,.T.);
#2427=ADVANCED_FACE('',(#251),#173,.T.);
#2428=ADVANCED_FACE('',(#252),#2337,.T.);
#2429=ADVANCED_FACE('',(#253),#174,.T.);
#2430=ADVANCED_FACE('',(#254),#175,.T.);
#2431=ADVANCED_FACE('',(#255),#2338,.T.);
#2432=ADVANCED_FACE('',(#256,#40,#41),#2339,.T.);
#2433=ADVANCED_FACE('',(#257),#176,.T.);
#2434=ADVANCED_FACE('',(#258),#2340,.F.);
#2435=ADVANCED_FACE('',(#259),#2341,.T.);
#2436=ADVANCED_FACE('',(#260),#177,.T.);
#2437=ADVANCED_FACE('',(#261,#42,#43,#44,#45,#46,#47),#2342,.T.);
#2438=ADVANCED_FACE('',(#262),#178,.F.);
#2439=ADVANCED_FACE('',(#263),#2343,.T.);
#2440=ADVANCED_FACE('',(#264),#179,.F.);
#2441=ADVANCED_FACE('',(#265),#180,.T.);
#2442=ADVANCED_FACE('',(#266),#181,.F.);
#2443=ADVANCED_FACE('',(#267),#182,.F.);
#2444=ADVANCED_FACE('',(#268),#2344,.T.);
#2445=ADVANCED_FACE('',(#269),#183,.F.);
#2446=ADVANCED_FACE('',(#270),#184,.T.);
#2447=ADVANCED_FACE('',(#271),#185,.F.);
#2448=ADVANCED_FACE('',(#272),#186,.F.);
#2449=ADVANCED_FACE('',(#273),#2345,.F.);
#2450=ADVANCED_FACE('',(#274),#187,.F.);
#2451=ADVANCED_FACE('',(#275),#188,.F.);
#2452=ADVANCED_FACE('',(#276),#2346,.F.);
#2453=ADVANCED_FACE('',(#277),#189,.F.);
#2454=ADVANCED_FACE('',(#278),#2347,.F.);
#2455=ADVANCED_FACE('',(#279),#190,.F.);
#2456=ADVANCED_FACE('',(#280),#191,.T.);
#2457=ADVANCED_FACE('',(#281),#192,.F.);
#2458=ADVANCED_FACE('',(#282),#15,.F.);
#2459=ADVANCED_FACE('',(#283),#193,.F.);
#2460=ADVANCED_FACE('',(#284),#16,.F.);
#2461=ADVANCED_FACE('',(#285),#194,.F.);
#2462=ADVANCED_FACE('',(#286),#17,.F.);
#2463=ADVANCED_FACE('',(#287),#195,.F.);
#2464=ADVANCED_FACE('',(#288),#18,.F.);
#2465=ADVANCED_FACE('',(#289),#196,.F.);
#2466=ADVANCED_FACE('',(#290),#19,.F.);
#2467=ADVANCED_FACE('',(#291),#197,.F.);
#2468=ADVANCED_FACE('',(#292),#20,.F.);
#2469=ADVANCED_FACE('',(#293),#198,.F.);
#2470=ADVANCED_FACE('',(#294),#21,.F.);
#2471=ADVANCED_FACE('',(#295),#199,.F.);
#2472=ADVANCED_FACE('',(#296),#22,.F.);
#2473=ADVANCED_FACE('',(#297),#200,.F.);
#2474=ADVANCED_FACE('',(#298),#23,.F.);
#2475=ADVANCED_FACE('',(#299),#201,.F.);
#2476=ADVANCED_FACE('',(#300),#24,.F.);
#2477=ADVANCED_FACE('',(#301),#202,.F.);
#2478=ADVANCED_FACE('',(#302),#2348,.F.);
#2479=ADVANCED_FACE('',(#303),#2349,.F.);
#2480=ADVANCED_FACE('',(#304),#2350,.F.);
#2481=ADVANCED_FACE('',(#305),#2351,.T.);
#2482=ADVANCED_FACE('',(#306),#2352,.T.);
#2483=ADVANCED_FACE('',(#307),#2353,.T.);
#2484=ADVANCED_FACE('',(#308),#2354,.T.);
#2485=ADVANCED_FACE('',(#309),#2355,.T.);
#2486=ADVANCED_FACE('',(#310),#2356,.F.);
#2487=ADVANCED_FACE('',(#311),#2357,.F.);
#2488=ADVANCED_FACE('',(#312),#2358,.T.);
#2489=ADVANCED_FACE('',(#313),#2359,.F.);
#2490=ADVANCED_FACE('',(#314),#2360,.F.);
#2491=ADVANCED_FACE('',(#315),#2361,.F.);
#2492=ADVANCED_FACE('',(#316),#2362,.F.);
#2493=ADVANCED_FACE('',(#317),#2363,.F.);
#2494=ADVANCED_FACE('',(#318),#2364,.T.);
#2495=ADVANCED_FACE('',(#319),#2365,.T.);
#2496=ADVANCED_FACE('',(#320),#2366,.T.);
#2497=ADVANCED_FACE('',(#321),#2367,.T.);
#2498=ADVANCED_FACE('',(#322),#2368,.T.);
#2499=ADVANCED_FACE('',(#323),#2369,.T.);
#2500=ADVANCED_FACE('',(#324),#2370,.T.);
#2501=ADVANCED_FACE('',(#325),#2371,.T.);
#2502=ADVANCED_FACE('',(#326),#2372,.T.);
#2503=ADVANCED_FACE('',(#327),#2373,.T.);
#2504=ADVANCED_FACE('',(#328),#2374,.T.);
#2505=ADVANCED_FACE('',(#329),#2375,.T.);
#2506=ADVANCED_FACE('',(#330),#203,.F.);
#2507=ADVANCED_FACE('',(#331),#2376,.T.);
#2508=ADVANCED_FACE('',(#332),#204,.F.);
#2509=ADVANCED_FACE('',(#333),#2377,.T.);
#2510=ADVANCED_FACE('',(#334),#2378,.T.);
#2511=ADVANCED_FACE('',(#335),#2379,.T.);
#2512=ADVANCED_FACE('',(#336),#205,.F.);
#2513=ADVANCED_FACE('',(#337),#2380,.T.);
#2514=ADVANCED_FACE('',(#338),#2381,.T.);
#2515=CLOSED_SHELL('',(#2382,#2383,#2384,#2385,#2386,#2387,#2388,#2389,
#2390,#2391,#2392,#2393,#2394,#2395,#2396,#2397,#2398,#2399,#2400,#2401,
#2402,#2403,#2404,#2405,#2406,#2407,#2408,#2409,#2410,#2411,#2412,#2413,
#2414,#2415,#2416,#2417,#2418,#2419,#2420,#2421,#2422,#2423,#2424,#2425,
#2426,#2427,#2428,#2429,#2430,#2431,#2432,#2433,#2434,#2435,#2436,#2437,
#2438,#2439,#2440,#2441,#2442,#2443,#2444,#2445,#2446,#2447,#2448,#2449,
#2450,#2451,#2452,#2453,#2454,#2455,#2456,#2457,#2458,#2459,#2460,#2461,
#2462,#2463,#2464,#2465,#2466,#2467,#2468,#2469,#2470,#2471,#2472,#2473,
#2474,#2475,#2476,#2477,#2478,#2479,#2480,#2481,#2482,#2483,#2484,#2485,
#2486,#2487,#2488,#2489,#2490,#2491,#2492,#2493,#2494,#2495,#2496,#2497,
#2498,#2499,#2500,#2501,#2502,#2503,#2504,#2505,#2506,#2507,#2508,#2509,
#2510,#2511,#2512,#2513,#2514));
#2516=AXIS2_PLACEMENT_3D('',#3498,#2760,#2761);
#2517=AXIS2_PLACEMENT_3D('',#3499,#2762,#2763);
#2518=AXIS2_PLACEMENT_3D('',#3508,#2768,#2769);
#2519=AXIS2_PLACEMENT_3D('',#3517,#2774,#2775);
#2520=AXIS2_PLACEMENT_3D('',#3519,#2776,#2777);
#2521=AXIS2_PLACEMENT_3D('',#3522,#2779,#2780);
#2522=AXIS2_PLACEMENT_3D('',#3523,#2781,#2782);
#2523=AXIS2_PLACEMENT_3D('',#3529,#2786,#2787);
#2524=AXIS2_PLACEMENT_3D('',#3530,#2788,#2789);
#2525=AXIS2_PLACEMENT_3D('',#3531,#2790,#2791);
#2526=AXIS2_PLACEMENT_3D('',#3532,#2792,#2793);
#2527=AXIS2_PLACEMENT_3D('',#3541,#2798,#2799);
#2528=AXIS2_PLACEMENT_3D('',#3543,#2800,#2801);
#2529=AXIS2_PLACEMENT_3D('',#3546,#2803,#2804);
#2530=AXIS2_PLACEMENT_3D('',#3547,#2805,#2806);
#2531=AXIS2_PLACEMENT_3D('',#3553,#2810,#2811);
#2532=AXIS2_PLACEMENT_3D('',#3554,#2812,#2813);
#2533=AXIS2_PLACEMENT_3D('',#3555,#2814,#2815);
#2534=AXIS2_PLACEMENT_3D('',#3556,#2816,#2817);
#2535=AXIS2_PLACEMENT_3D('',#3557,#2818,#2819);
#2536=AXIS2_PLACEMENT_3D('',#3559,#2820,#2821);
#2537=AXIS2_PLACEMENT_3D('',#3561,#2822,#2823);
#2538=AXIS2_PLACEMENT_3D('',#3563,#2825,#2826);
#2539=AXIS2_PLACEMENT_3D('',#3569,#2830,#2831);
#2540=AXIS2_PLACEMENT_3D('',#3570,#2832,#2833);
#2541=AXIS2_PLACEMENT_3D('',#3571,#2834,#2835);
#2542=AXIS2_PLACEMENT_3D('',#3572,#2836,#2837);
#2543=AXIS2_PLACEMENT_3D('',#3573,#2838,#2839);
#2544=AXIS2_PLACEMENT_3D('',#3574,#2840,#2841);
#2545=AXIS2_PLACEMENT_3D('',#3577,#2842,#2843);
#2546=AXIS2_PLACEMENT_3D('',#3581,#2845,#2846);
#2547=AXIS2_PLACEMENT_3D('',#3583,#2848,#2849);
#2548=AXIS2_PLACEMENT_3D('',#3591,#2854,#2855);
#2549=AXIS2_PLACEMENT_3D('',#3594,#2856,#2857);
#2550=AXIS2_PLACEMENT_3D('',#3598,#2859,#2860);
#2551=AXIS2_PLACEMENT_3D('',#3600,#2862,#2863);
#2552=AXIS2_PLACEMENT_3D('',#3607,#2868,#2869);
#2553=AXIS2_PLACEMENT_3D('',#3609,#2870,#2871);
#2554=AXIS2_PLACEMENT_3D('',#3612,#2873,#2874);
#2555=AXIS2_PLACEMENT_3D('',#3613,#2875,#2876);
#2556=AXIS2_PLACEMENT_3D('',#3623,#2882,#2883);
#2557=AXIS2_PLACEMENT_3D('',#3625,#2884,#2885);
#2558=AXIS2_PLACEMENT_3D('',#3628,#2887,#2888);
#2559=AXIS2_PLACEMENT_3D('',#3629,#2889,#2890);
#2560=AXIS2_PLACEMENT_3D('',#3632,#2893,#2894);
#2561=AXIS2_PLACEMENT_3D('',#3635,#2895,#2896);
#2562=AXIS2_PLACEMENT_3D('',#3639,#2898,#2899);
#2563=AXIS2_PLACEMENT_3D('',#3641,#2901,#2902);
#2564=AXIS2_PLACEMENT_3D('',#3647,#2906,#2907);
#2565=AXIS2_PLACEMENT_3D('',#3649,#2908,#2909);
#2566=AXIS2_PLACEMENT_3D('',#3652,#2911,#2912);
#2567=AXIS2_PLACEMENT_3D('',#3653,#2913,#2914);
#2568=AXIS2_PLACEMENT_3D('',#3659,#2918,#2919);
#2569=AXIS2_PLACEMENT_3D('',#3662,#2920,#2921);
#2570=AXIS2_PLACEMENT_3D('',#3666,#2923,#2924);
#2571=AXIS2_PLACEMENT_3D('',#3668,#2926,#2927);
#2572=AXIS2_PLACEMENT_3D('',#3675,#2932,#2933);
#2573=AXIS2_PLACEMENT_3D('',#3678,#2934,#2935);
#2574=AXIS2_PLACEMENT_3D('',#3682,#2937,#2938);
#2575=AXIS2_PLACEMENT_3D('',#3684,#2940,#2941);
#2576=AXIS2_PLACEMENT_3D('',#3689,#2944,#2945);
#2577=AXIS2_PLACEMENT_3D('',#3697,#2949,#2950);
#2578=AXIS2_PLACEMENT_3D('',#3701,#2952,#2953);
#2579=AXIS2_PLACEMENT_3D('',#3704,#2955,#2956);
#2580=AXIS2_PLACEMENT_3D('',#3706,#2957,#2958);
#2581=AXIS2_PLACEMENT_3D('',#3708,#2959,#2960);
#2582=AXIS2_PLACEMENT_3D('',#3710,#2961,#2962);
#2583=AXIS2_PLACEMENT_3D('',#3712,#2963,#2964);
#2584=AXIS2_PLACEMENT_3D('',#3713,#2965,#2966);
#2585=AXIS2_PLACEMENT_3D('',#3717,#2969,#2970);
#2586=AXIS2_PLACEMENT_3D('',#3719,#2971,#2972);
#2587=AXIS2_PLACEMENT_3D('',#3721,#2974,#2975);
#2588=AXIS2_PLACEMENT_3D('',#3725,#2977,#2978);
#2589=AXIS2_PLACEMENT_3D('',#3727,#2980,#2981);
#2590=AXIS2_PLACEMENT_3D('',#3731,#2984,#2985);
#2591=AXIS2_PLACEMENT_3D('',#3733,#2986,#2987);
#2592=AXIS2_PLACEMENT_3D('',#3735,#2989,#2990);
#2593=AXIS2_PLACEMENT_3D('',#3738,#2992,#2993);
#2594=AXIS2_PLACEMENT_3D('',#3739,#2994,#2995);
#2595=AXIS2_PLACEMENT_3D('',#3742,#2996,#2997);
#2596=AXIS2_PLACEMENT_3D('',#3746,#2999,#3000);
#2597=AXIS2_PLACEMENT_3D('',#3748,#3002,#3003);
#2598=AXIS2_PLACEMENT_3D('',#3754,#3007,#3008);
#2599=AXIS2_PLACEMENT_3D('',#3758,#3010,#3011);
#2600=AXIS2_PLACEMENT_3D('',#3764,#3014,#3015);
#2601=AXIS2_PLACEMENT_3D('',#3768,#3017,#3018);
#2602=AXIS2_PLACEMENT_3D('',#3772,#3020,#3021);
#2603=AXIS2_PLACEMENT_3D('',#3779,#3025,#3026);
#2604=AXIS2_PLACEMENT_3D('',#3780,#3027,#3028);
#2605=AXIS2_PLACEMENT_3D('',#3783,#3029,#3030);
#2606=AXIS2_PLACEMENT_3D('',#3786,#3033,#3034);
#2607=AXIS2_PLACEMENT_3D('',#3790,#3037,#3038);
#2608=AXIS2_PLACEMENT_3D('',#3792,#3039,#3040);
#2609=AXIS2_PLACEMENT_3D('',#3798,#3043,#3044);
#2610=AXIS2_PLACEMENT_3D('',#3806,#3048,#3049);
#2611=AXIS2_PLACEMENT_3D('',#3808,#3050,#3051);
#2612=AXIS2_PLACEMENT_3D('',#3810,#3052,#3053);
#2613=AXIS2_PLACEMENT_3D('',#3818,#3057,#3058);
#2614=AXIS2_PLACEMENT_3D('',#3824,#3061,#3062);
#2615=AXIS2_PLACEMENT_3D('',#3828,#3064,#3065);
#2616=AXIS2_PLACEMENT_3D('',#3832,#3067,#3068);
#2617=AXIS2_PLACEMENT_3D('',#3836,#3071,#3072);
#2618=AXIS2_PLACEMENT_3D('',#3837,#3073,#3074);
#2619=AXIS2_PLACEMENT_3D('',#3840,#3077,#3078);
#2620=AXIS2_PLACEMENT_3D('',#3841,#3079,#3080);
#2621=AXIS2_PLACEMENT_3D('',#3844,#3083,#3084);
#2622=AXIS2_PLACEMENT_3D('',#3846,#3086,#3087);
#2623=AXIS2_PLACEMENT_3D('',#3850,#3089,#3090);
#2624=AXIS2_PLACEMENT_3D('',#3852,#3092,#3093);
#2625=AXIS2_PLACEMENT_3D('',#3855,#3094,#3095);
#2626=AXIS2_PLACEMENT_3D('',#3859,#3097,#3098);
#2627=AXIS2_PLACEMENT_3D('',#3861,#3100,#3101);
#2628=AXIS2_PLACEMENT_3D('',#3867,#3105,#3106);
#2629=AXIS2_PLACEMENT_3D('',#3873,#3109,#3110);
#2630=AXIS2_PLACEMENT_3D('',#3875,#3111,#3112);
#2631=AXIS2_PLACEMENT_3D('',#3877,#3113,#3114);
#2632=AXIS2_PLACEMENT_3D('',#3883,#3117,#3118);
#2633=AXIS2_PLACEMENT_3D('',#3887,#3120,#3121);
#2634=AXIS2_PLACEMENT_3D('',#3901,#3128,#3129);
#2635=AXIS2_PLACEMENT_3D('',#3905,#3131,#3132);
#2636=AXIS2_PLACEMENT_3D('',#3911,#3135,#3136);
#2637=AXIS2_PLACEMENT_3D('',#3913,#3137,#3138);
#2638=AXIS2_PLACEMENT_3D('',#3915,#3139,#3140);
#2639=AXIS2_PLACEMENT_3D('',#3921,#3143,#3144);
#2640=AXIS2_PLACEMENT_3D('',#3931,#3150,#3151);
#2641=AXIS2_PLACEMENT_3D('',#3933,#3152,#3153);
#2642=AXIS2_PLACEMENT_3D('',#3934,#3154,#3155);
#2643=AXIS2_PLACEMENT_3D('',#3938,#3157,#3158);
#2644=AXIS2_PLACEMENT_3D('',#3940,#3160,#3161);
#2645=AXIS2_PLACEMENT_3D('',#3946,#3166,#3167);
#2646=AXIS2_PLACEMENT_3D('',#3952,#3171,#3172);
#2647=AXIS2_PLACEMENT_3D('',#3954,#3173,#3174);
#2648=AXIS2_PLACEMENT_3D('',#3956,#3176,#3177);
#2649=AXIS2_PLACEMENT_3D('',#3962,#3180,#3181);
#2650=AXIS2_PLACEMENT_3D('',#3970,#3185,#3186);
#2651=AXIS2_PLACEMENT_3D('',#3972,#3187,#3188);
#2652=AXIS2_PLACEMENT_3D('',#3974,#3189,#3190);
#2653=AXIS2_PLACEMENT_3D('',#3982,#3194,#3195);
#2654=AXIS2_PLACEMENT_3D('',#3989,#3199,#3200);
#2655=AXIS2_PLACEMENT_3D('',#3991,#3201,#3202);
#2656=AXIS2_PLACEMENT_3D('',#3993,#3203,#3204);
#2657=AXIS2_PLACEMENT_3D('',#3999,#3207,#3208);
#2658=AXIS2_PLACEMENT_3D('',#4003,#3210,#3211);
#2659=AXIS2_PLACEMENT_3D('',#4023,#3223,#3224);
#2660=AXIS2_PLACEMENT_3D('',#4027,#3226,#3227);
#2661=AXIS2_PLACEMENT_3D('',#4033,#3230,#3231);
#2662=AXIS2_PLACEMENT_3D('',#4035,#3232,#3233);
#2663=AXIS2_PLACEMENT_3D('',#4037,#3234,#3235);
#2664=AXIS2_PLACEMENT_3D('',#4042,#3238,#3239);
#2665=AXIS2_PLACEMENT_3D('',#4044,#3240,#3241);
#2666=AXIS2_PLACEMENT_3D('',#4046,#3242,#3243);
#2667=AXIS2_PLACEMENT_3D('',#4048,#3244,#3245);
#2668=AXIS2_PLACEMENT_3D('',#4050,#3246,#3247);
#2669=AXIS2_PLACEMENT_3D('',#4052,#3248,#3249);
#2670=AXIS2_PLACEMENT_3D('',#4053,#3250,#3251);
#2671=AXIS2_PLACEMENT_3D('',#4056,#3254,#3255);
#2672=AXIS2_PLACEMENT_3D('',#4058,#3257,#3258);
#2673=AXIS2_PLACEMENT_3D('',#4061,#3261,#3262);
#2674=AXIS2_PLACEMENT_3D('',#4063,#3264,#3265);
#2675=AXIS2_PLACEMENT_3D('',#4065,#3267,#3268);
#2676=AXIS2_PLACEMENT_3D('',#4068,#3271,#3272);
#2677=AXIS2_PLACEMENT_3D('',#4070,#3274,#3275);
#2678=AXIS2_PLACEMENT_3D('',#4073,#3278,#3279);
#2679=AXIS2_PLACEMENT_3D('',#4075,#3281,#3282);
#2680=AXIS2_PLACEMENT_3D('',#4077,#3284,#3285);
#2681=AXIS2_PLACEMENT_3D('',#4080,#3288,#3289);
#2682=AXIS2_PLACEMENT_3D('',#4082,#3291,#3292);
#2683=AXIS2_PLACEMENT_3D('',#4084,#3294,#3295);
#2684=AXIS2_PLACEMENT_3D('',#4087,#3298,#3299);
#2685=AXIS2_PLACEMENT_3D('',#4089,#3301,#3302);
#2686=AXIS2_PLACEMENT_3D('',#4092,#3305,#3306);
#2687=AXIS2_PLACEMENT_3D('',#4094,#3308,#3309);
#2688=AXIS2_PLACEMENT_3D('',#4097,#3312,#3313);
#2689=AXIS2_PLACEMENT_3D('',#4099,#3315,#3316);
#2690=AXIS2_PLACEMENT_3D('',#4101,#3318,#3319);
#2691=AXIS2_PLACEMENT_3D('',#4103,#3320,#3321);
#2692=AXIS2_PLACEMENT_3D('',#4106,#3323,#3324);
#2693=AXIS2_PLACEMENT_3D('',#4108,#3326,#3327);
#2694=AXIS2_PLACEMENT_3D('',#4110,#3328,#3329);
#2695=AXIS2_PLACEMENT_3D('',#4113,#3331,#3332);
#2696=AXIS2_PLACEMENT_3D('',#4115,#3334,#3335);
#2697=AXIS2_PLACEMENT_3D('',#4117,#3336,#3337);
#2698=AXIS2_PLACEMENT_3D('',#4120,#3339,#3340);
#2699=AXIS2_PLACEMENT_3D('',#4122,#3342,#3343);
#2700=AXIS2_PLACEMENT_3D('',#4124,#3344,#3345);
#2701=AXIS2_PLACEMENT_3D('',#4127,#3347,#3348);
#2702=AXIS2_PLACEMENT_3D('',#4129,#3350,#3351);
#2703=AXIS2_PLACEMENT_3D('',#4131,#3352,#3353);
#2704=AXIS2_PLACEMENT_3D('',#4134,#3355,#3356);
#2705=AXIS2_PLACEMENT_3D('',#4136,#3358,#3359);
#2706=AXIS2_PLACEMENT_3D('',#4138,#3360,#3361);
#2707=AXIS2_PLACEMENT_3D('',#4141,#3363,#3364);
#2708=AXIS2_PLACEMENT_3D('',#4143,#3366,#3367);
#2709=AXIS2_PLACEMENT_3D('',#4145,#3368,#3369);
#2710=AXIS2_PLACEMENT_3D('',#4148,#3371,#3372);
#2711=AXIS2_PLACEMENT_3D('',#4150,#3374,#3375);
#2712=AXIS2_PLACEMENT_3D('',#4152,#3376,#3377);
#2713=AXIS2_PLACEMENT_3D('',#4155,#3379,#3380);
#2714=AXIS2_PLACEMENT_3D('',#4157,#3382,#3383);
#2715=AXIS2_PLACEMENT_3D('',#4159,#3384,#3385);
#2716=AXIS2_PLACEMENT_3D('',#4162,#3387,#3388);
#2717=AXIS2_PLACEMENT_3D('',#4164,#3390,#3391);
#2718=AXIS2_PLACEMENT_3D('',#4166,#3392,#3393);
#2719=AXIS2_PLACEMENT_3D('',#4169,#3395,#3396);
#2720=AXIS2_PLACEMENT_3D('',#4171,#3398,#3399);
#2721=AXIS2_PLACEMENT_3D('',#4172,#3400,#3401);
#2722=AXIS2_PLACEMENT_3D('',#4174,#3403,#3404);
#2723=AXIS2_PLACEMENT_3D('',#4176,#3406,#3407);
#2724=AXIS2_PLACEMENT_3D('',#4178,#3409,#3410);
#2725=AXIS2_PLACEMENT_3D('',#4179,#3411,#3412);
#2726=AXIS2_PLACEMENT_3D('',#4181,#3414,#3415);
#2727=AXIS2_PLACEMENT_3D('',#4182,#3416,#3417);
#2728=AXIS2_PLACEMENT_3D('',#4185,#3420,#3421);
#2729=AXIS2_PLACEMENT_3D('',#4187,#3423,#3424);
#2730=AXIS2_PLACEMENT_3D('',#4189,#3426,#3427);
#2731=AXIS2_PLACEMENT_3D('',#4190,#3428,#3429);
#2732=AXIS2_PLACEMENT_3D('',#4192,#3431,#3432);
#2733=AXIS2_PLACEMENT_3D('',#4194,#3434,#3435);
#2734=AXIS2_PLACEMENT_3D('',#4195,#3436,#3437);
#2735=AXIS2_PLACEMENT_3D('',#4196,#3438,#3439);
#2736=AXIS2_PLACEMENT_3D('',#4197,#3440,#3441);
#2737=AXIS2_PLACEMENT_3D('',#4199,#3443,#3444);
#2738=AXIS2_PLACEMENT_3D('',#4201,#3446,#3447);
#2739=AXIS2_PLACEMENT_3D('',#4202,#3448,#3449);
#2740=AXIS2_PLACEMENT_3D('',#4204,#3451,#3452);
#2741=AXIS2_PLACEMENT_3D('',#4206,#3454,#3455);
#2742=AXIS2_PLACEMENT_3D('',#4207,#3456,#3457);
#2743=AXIS2_PLACEMENT_3D('',#4208,#3458,#3459);
#2744=AXIS2_PLACEMENT_3D('',#4214,#3463,#3464);
#2745=AXIS2_PLACEMENT_3D('',#4215,#3465,#3466);
#2746=AXIS2_PLACEMENT_3D('',#4217,#3467,#3468);
#2747=AXIS2_PLACEMENT_3D('',#4218,#3469,#3470);
#2748=AXIS2_PLACEMENT_3D('',#4220,#3471,#3472);
#2749=AXIS2_PLACEMENT_3D('',#4221,#3473,#3474);
#2750=AXIS2_PLACEMENT_3D('',#4223,#3475,#3476);
#2751=AXIS2_PLACEMENT_3D('',#4224,#3477,#3478);
#2752=AXIS2_PLACEMENT_3D('',#4226,#3480,#3481);
#2753=AXIS2_PLACEMENT_3D('',#4227,#3482,#3483);
#2754=AXIS2_PLACEMENT_3D('',#4229,#3485,#3486);
#2755=AXIS2_PLACEMENT_3D('',#4230,#3487,#3488);
#2756=AXIS2_PLACEMENT_3D('',#4231,#3489,#3490);
#2757=AXIS2_PLACEMENT_3D('',#4232,#3491,#3492);
#2758=AXIS2_PLACEMENT_3D('',#4234,#3494,#3495);
#2759=AXIS2_PLACEMENT_3D('',#4235,#3496,#3497);
#2760=DIRECTION('axis',(0.,0.,1.));
#2761=DIRECTION('refdir',(1.,0.,0.));
#2762=DIRECTION('center_axis',(-9.25185853854287E-17,0.173648177666931,
0.984807753012208));
#2763=DIRECTION('ref_axis',(1.,1.6065683752502E-17,9.11130201852921E-17));
#2764=DIRECTION('',(0.,-0.984807753012208,0.173648177666931));
#2765=DIRECTION('',(1.,1.6065683752502E-17,9.11130201852921E-17));
#2766=DIRECTION('',(-1.57772181044202E-30,0.984807753012208,-0.173648177666931));
#2767=DIRECTION('',(1.,1.6065683752502E-17,9.11130201852921E-17));
#2768=DIRECTION('center_axis',(0.,0.173648177666923,0.984807753012209));
#2769=DIRECTION('ref_axis',(1.,0.,0.));
#2770=DIRECTION('',(-7.88860905221012E-31,0.984807753012209,-0.173648177666923));
#2771=DIRECTION('',(1.,0.,0.));
#2772=DIRECTION('',(0.,-0.984807753012209,0.173648177666923));
#2773=DIRECTION('',(1.,0.,0.));
#2774=DIRECTION('center_axis',(-7.88860905221012E-31,0.984807753012209,
-0.173648177666923));
#2775=DIRECTION('ref_axis',(0.707106781186541,-0.122787803968969,-0.696364240320026));
#2776=DIRECTION('center_axis',(0.,-0.984807753012209,0.173648177666923));
#2777=DIRECTION('ref_axis',(0.707106781186541,-0.122787803968969,-0.696364240320026));
#2778=DIRECTION('',(7.88860905221012E-31,-0.984807753012209,0.173648177666923));
#2779=DIRECTION('center_axis',(0.,-0.984807753012208,0.17364817766693));
#2780=DIRECTION('ref_axis',(0.707106781186541,-0.122787803968969,-0.696364240320026));
#2781=DIRECTION('center_axis',(0.,-0.173648177666923,-0.984807753012209));
#2782=DIRECTION('ref_axis',(-1.,0.,0.));
#2783=DIRECTION('',(-1.,0.,0.));
#2784=DIRECTION('',(0.,0.984807753012209,-0.173648177666923));
#2785=DIRECTION('',(-1.,0.,0.));
#2786=DIRECTION('center_axis',(0.,0.984807753012209,-0.173648177666923));
#2787=DIRECTION('ref_axis',(-0.707106781186548,0.122787803968968,0.69636424032002));
#2788=DIRECTION('center_axis',(0.,-0.984807753012209,0.173648177666923));
#2789=DIRECTION('ref_axis',(-0.707106781186548,0.122787803968968,0.69636424032002));
#2790=DIRECTION('center_axis',(0.,-0.984807753012208,0.17364817766693));
#2791=DIRECTION('ref_axis',(-0.707106781186548,0.122787803968968,0.69636424032002));
#2792=DIRECTION('center_axis',(-9.25185853854291E-17,0.173648177666931,
0.984807753012208));
#2793=DIRECTION('ref_axis',(1.,1.60656837525021E-17,9.11130201852925E-17));
#2794=DIRECTION('',(0.,-0.984807753012208,0.173648177666931));
#2795=DIRECTION('',(1.,1.60656837525021E-17,9.11130201852925E-17));
#2796=DIRECTION('',(7.88860905221012E-31,0.984807753012208,-0.173648177666931));
#2797=DIRECTION('',(1.,1.60656837525021E-17,9.11130201852926E-17));
#2798=DIRECTION('center_axis',(7.88860905221012E-31,0.984807753012208,-0.173648177666931));
#2799=DIRECTION('ref_axis',(0.707106781186538,-0.122787803968974,-0.696364240320028));
#2800=DIRECTION('center_axis',(0.,-0.984807753012208,0.173648177666931));
#2801=DIRECTION('ref_axis',(0.707106781186538,-0.122787803968974,-0.696364240320028));
#2802=DIRECTION('',(-7.88860905221012E-31,-0.984807753012208,0.173648177666931));
#2803=DIRECTION('center_axis',(0.,-0.984807753012208,0.17364817766693));
#2804=DIRECTION('ref_axis',(0.707106781186538,-0.122787803968974,-0.696364240320028));
#2805=DIRECTION('center_axis',(0.,-0.173648177666931,-0.984807753012208));
#2806=DIRECTION('ref_axis',(-1.,0.,0.));
#2807=DIRECTION('',(-1.,0.,0.));
#2808=DIRECTION('',(0.,0.984807753012208,-0.173648177666931));
#2809=DIRECTION('',(-1.,0.,0.));
#2810=DIRECTION('center_axis',(0.,0.984807753012208,-0.173648177666931));
#2811=DIRECTION('ref_axis',(-0.707106781186546,-0.122787803968974,-0.69636424032002));
#2812=DIRECTION('center_axis',(0.,-0.984807753012208,0.173648177666931));
#2813=DIRECTION('ref_axis',(-0.707106781186546,0.122787803968974,0.69636424032002));
#2814=DIRECTION('center_axis',(0.,-0.984807753012208,0.17364817766693));
#2815=DIRECTION('ref_axis',(-0.707106781186546,0.122787803968974,0.69636424032002));
#2816=DIRECTION('center_axis',(0.,0.984807753012208,-0.173648177666931));
#2817=DIRECTION('ref_axis',(0.,0.173648177666931,0.984807753012208));
#2818=DIRECTION('center_axis',(0.,0.984807753012208,-0.173648177666931));
#2819=DIRECTION('ref_axis',(-0.707106781186546,-0.122787803968973,-0.69636424032002));
#2820=DIRECTION('center_axis',(0.,-0.984807753012208,0.173648177666931));
#2821=DIRECTION('ref_axis',(-0.707106781186546,0.122787803968973,0.69636424032002));
#2822=DIRECTION('center_axis',(0.,-0.984807753012208,0.17364817766693));
#2823=DIRECTION('ref_axis',(-0.707106781186546,0.122787803968973,0.69636424032002));
#2824=DIRECTION('',(0.,0.984807753012208,-0.173648177666931));
#2825=DIRECTION('center_axis',(0.,-0.173648177666931,-0.984807753012208));
#2826=DIRECTION('ref_axis',(-1.,0.,0.));
#2827=DIRECTION('',(-1.,0.,0.));
#2828=DIRECTION('',(1.57772181044202E-30,-0.984807753012208,0.173648177666931));
#2829=DIRECTION('',(-1.,0.,0.));
#2830=DIRECTION('center_axis',(-1.57772181044202E-30,0.984807753012208,
-0.173648177666931));
#2831=DIRECTION('ref_axis',(0.707106781186535,-0.122787803968975,-0.696364240320031));
#2832=DIRECTION('center_axis',(0.,-0.984807753012208,0.173648177666931));
#2833=DIRECTION('ref_axis',(0.707106781186535,-0.122787803968975,-0.696364240320031));
#2834=DIRECTION('center_axis',(0.,-0.984807753012208,0.17364817766693));
#2835=DIRECTION('ref_axis',(0.707106781186535,-0.122787803968975,-0.696364240320031));
#2836=DIRECTION('center_axis',(0.,0.984807753012208,-0.173648177666931));
#2837=DIRECTION('ref_axis',(0.,0.173648177666931,0.984807753012208));
#2838=DIRECTION('center_axis',(0.,0.984807753012209,-0.173648177666923));
#2839=DIRECTION('ref_axis',(0.,0.173648177666923,0.984807753012209));
#2840=DIRECTION('center_axis',(0.,0.,-1.));
#2841=DIRECTION('ref_axis',(0.707106781186548,0.707106781186547,0.));
#2842=DIRECTION('center_axis',(2.28736761149946E-13,0.,1.));
#2843=DIRECTION('ref_axis',(0.707106781186548,0.707106781186547,0.));
#2844=DIRECTION('',(0.,0.,-1.));
#2845=DIRECTION('center_axis',(-1.59004008269493E-10,0.,-1.));
#2846=DIRECTION('ref_axis',(0.707106781186548,0.707106781186547,-1.124328124832E-10));
#2847=DIRECTION('',(0.,0.,1.));
#2848=DIRECTION('center_axis',(-4.82070523850397E-16,1.,0.));
#2849=DIRECTION('ref_axis',(1.,4.82070523850397E-16,0.));
#2850=DIRECTION('',(1.,4.82070523850397E-16,-2.28736761149946E-13));
#2851=DIRECTION('',(1.,4.82070523850397E-16,-1.59004008269493E-10));
#2852=DIRECTION('',(0.,0.,1.));
#2853=DIRECTION('',(-1.,-4.82070523850397E-16,1.59004008269493E-10));
#2854=DIRECTION('center_axis',(0.,0.,-1.));
#2855=DIRECTION('ref_axis',(0.707106781186548,-0.707106781186547,0.));
#2856=DIRECTION('center_axis',(0.,0.,1.));
#2857=DIRECTION('ref_axis',(0.707106781186548,-0.707106781186547,0.));
#2858=DIRECTION('',(0.,0.,-1.));
#2859=DIRECTION('center_axis',(-1.59004008269493E-10,0.,-1.));
#2860=DIRECTION('ref_axis',(0.707106781186548,-0.707106781186547,-1.124328124832E-10));
#2861=DIRECTION('',(0.,0.,1.));
#2862=DIRECTION('center_axis',(1.,-1.07938349616335E-15,0.));
#2863=DIRECTION('ref_axis',(-1.07938349616335E-15,-1.,0.));
#2864=DIRECTION('',(1.07938349616335E-15,1.,-1.71626302349911E-25));
#2865=DIRECTION('',(-1.07938349616335E-15,-1.,0.));
#2866=DIRECTION('',(0.,0.,1.));
#2867=DIRECTION('',(-1.07938349616335E-15,-1.,2.46894684951111E-28));
#2868=DIRECTION('center_axis',(0.,0.,-1.));
#2869=DIRECTION('ref_axis',(-0.707106781186548,0.707106781186547,0.));
#2870=DIRECTION('center_axis',(1.59004008269493E-10,0.,1.));
#2871=DIRECTION('ref_axis',(-0.707106781186548,0.707106781186547,1.124328124832E-10));
#2872=DIRECTION('',(0.,0.,-1.));
#2873=DIRECTION('center_axis',(-1.59004008269493E-10,0.,-1.));
#2874=DIRECTION('ref_axis',(-0.707106781186548,0.707106781186547,1.124328124832E-10));
#2875=DIRECTION('center_axis',(-1.,0.,0.));
#2876=DIRECTION('ref_axis',(0.,1.,0.));
#2877=DIRECTION('',(0.,1.,0.));
#2878=DIRECTION('',(0.,0.,-1.));
#2879=DIRECTION('',(0.,1.,0.));
#2880=DIRECTION('',(0.,0.,1.));
#2881=DIRECTION('',(0.,-1.,0.));
#2882=DIRECTION('center_axis',(0.,0.,-1.));
#2883=DIRECTION('ref_axis',(-0.707106781186547,-0.707106781186548,0.));
#2884=DIRECTION('center_axis',(0.,0.,1.));
#2885=DIRECTION('ref_axis',(-0.707106781186547,-0.707106781186548,0.));
#2886=DIRECTION('',(0.,0.,-1.));
#2887=DIRECTION('center_axis',(-1.59004008269493E-10,0.,-1.));
#2888=DIRECTION('ref_axis',(-0.707106781186547,-0.707106781186548,1.124328124832E-10));
#2889=DIRECTION('center_axis',(2.10358046771082E-15,-1.,0.));
#2890=DIRECTION('ref_axis',(-1.,-2.10358046771082E-15,0.));
#2891=DIRECTION('',(1.,2.10358046771082E-15,-1.59004008269493E-10));
#2892=DIRECTION('',(-1.,-2.10358046771082E-15,0.));
#2893=DIRECTION('center_axis',(0.,0.,1.));
#2894=DIRECTION('ref_axis',(-0.707106781186547,-0.707106781186548,0.));
#2895=DIRECTION('center_axis',(-1.59004008269493E-10,0.,-1.));
#2896=DIRECTION('ref_axis',(-0.707106781186547,-0.707106781186548,1.124328124832E-10));
#2897=DIRECTION('',(0.,0.,-1.));
#2898=DIRECTION('center_axis',(7.0469605459219E-8,0.,-0.999999999999998));
#2899=DIRECTION('ref_axis',(-0.707106781186546,-0.707106781186548,-4.98295358877543E-8));
#2900=DIRECTION('',(0.,0.,1.));
#2901=DIRECTION('center_axis',(4.62592926927149E-17,-1.,0.));
#2902=DIRECTION('ref_axis',(1.,4.62592926927149E-17,0.));
#2903=DIRECTION('',(1.,4.62592926927149E-17,-1.59004008269493E-10));
#2904=DIRECTION('',(0.,0.,1.));
#2905=DIRECTION('',(0.999999999999998,4.62592926927147E-17,7.0469605459219E-8));
#2906=DIRECTION('center_axis',(0.,0.,1.));
#2907=DIRECTION('ref_axis',(0.707106781186548,-0.707106781186548,0.));
#2908=DIRECTION('center_axis',(-1.59004008269493E-10,0.,-1.));
#2909=DIRECTION('ref_axis',(0.707106781186548,-0.707106781186548,-1.124328124832E-10));
#2910=DIRECTION('',(0.,0.,-1.));
#2911=DIRECTION('center_axis',(7.0469605459219E-8,0.,-0.999999999999998));
#2912=DIRECTION('ref_axis',(0.707106781186547,-0.707106781186547,4.98295358877543E-8));
#2913=DIRECTION('center_axis',(1.59004008269493E-10,0.,1.));
#2914=DIRECTION('ref_axis',(1.,0.,-1.59004008269493E-10));
#2915=DIRECTION('',(-1.63268091856641E-16,-1.,2.59602810277176E-26));
#2916=DIRECTION('',(-1.,0.,1.59004008269493E-10));
#2917=DIRECTION('',(1.63268091856641E-16,1.,-2.59602810277176E-26));
#2918=DIRECTION('center_axis',(0.,-1.,0.));
#2919=DIRECTION('ref_axis',(-0.707106781186546,0.,-0.707106781186549));
#2920=DIRECTION('center_axis',(0.,1.,0.));
#2921=DIRECTION('ref_axis',(-0.707106781186546,0.,-0.707106781186549));
#2922=DIRECTION('',(0.,1.,0.));
#2923=DIRECTION('center_axis',(0.,1.,0.));
#2924=DIRECTION('ref_axis',(-0.707106781186546,0.,-0.707106781186549));
#2925=DIRECTION('',(0.,-1.,0.));
#2926=DIRECTION('center_axis',(0.,0.,-1.));
#2927=DIRECTION('ref_axis',(1.,0.,0.));
#2928=DIRECTION('',(1.,0.,0.));
#2929=DIRECTION('',(0.,-1.,0.));
#2930=DIRECTION('',(1.,0.,0.));
#2931=DIRECTION('',(1.,0.,0.));
#2932=DIRECTION('center_axis',(0.,-1.,0.));
#2933=DIRECTION('ref_axis',(-0.707106781186546,0.,0.707106781186549));
#2934=DIRECTION('center_axis',(0.,1.,0.));
#2935=DIRECTION('ref_axis',(-0.707106781186546,0.,0.707106781186549));
#2936=DIRECTION('',(0.,1.,0.));
#2937=DIRECTION('center_axis',(0.,1.,0.));
#2938=DIRECTION('ref_axis',(-0.707106781186546,0.,0.707106781186549));
#2939=DIRECTION('',(0.,-1.,0.));
#2940=DIRECTION('center_axis',(0.,-1.,0.));
#2941=DIRECTION('ref_axis',(0.,0.,-1.));
#2942=DIRECTION('',(0.,0.,-1.));
#2943=DIRECTION('',(-1.,0.,-3.09828106373014E-16));
#2944=DIRECTION('center_axis',(0.,1.,0.));
#2945=DIRECTION('ref_axis',(0.707106781186547,0.,0.707106781186548));
#2946=DIRECTION('',(0.,0.,1.));
#2947=DIRECTION('',(-1.,0.,0.));
#2948=DIRECTION('',(0.,0.,-1.));
#2949=DIRECTION('center_axis',(0.,1.,0.));
#2950=DIRECTION('ref_axis',(-0.707106781186548,0.,0.707106781186548));
#2951=DIRECTION('',(-1.,0.,3.35648821398303E-16));
#2952=DIRECTION('center_axis',(0.,1.,0.));
#2953=DIRECTION('ref_axis',(0.707106781186547,0.,0.707106781186548));
#2954=DIRECTION('',(0.,0.,1.));
#2955=DIRECTION('center_axis',(0.,1.,0.));
#2956=DIRECTION('ref_axis',(0.707106781186546,0.,-0.707106781186549));
#2957=DIRECTION('center_axis',(0.,-1.,0.));
#2958=DIRECTION('ref_axis',(0.,0.,1.));
#2959=DIRECTION('center_axis',(0.,-1.,0.));
#2960=DIRECTION('ref_axis',(0.,0.,1.));
#2961=DIRECTION('center_axis',(0.,-1.,0.));
#2962=DIRECTION('ref_axis',(0.,0.,1.));
#2963=DIRECTION('center_axis',(0.,-1.,0.));
#2964=DIRECTION('ref_axis',(0.,0.,1.));
#2965=DIRECTION('center_axis',(-3.09828106373014E-16,0.,1.));
#2966=DIRECTION('ref_axis',(-1.,0.,-3.09828106373014E-16));
#2967=DIRECTION('',(-1.,0.,-3.09828106373014E-16));
#2968=DIRECTION('',(0.,1.,0.));
#2969=DIRECTION('center_axis',(0.,-1.,0.));
#2970=DIRECTION('ref_axis',(0.707106781186547,0.,0.707106781186548));
#2971=DIRECTION('center_axis',(0.,1.,0.));
#2972=DIRECTION('ref_axis',(0.707106781186547,0.,0.707106781186548));
#2973=DIRECTION('',(0.,-1.,0.));
#2974=DIRECTION('center_axis',(0.,-1.,0.));
#2975=DIRECTION('ref_axis',(-0.707106781186548,0.,0.707106781186548));
#2976=DIRECTION('',(0.,1.,0.));
#2977=DIRECTION('center_axis',(0.,1.,0.));
#2978=DIRECTION('ref_axis',(-0.707106781186548,0.,0.707106781186548));
#2979=DIRECTION('',(0.,-1.,0.));
#2980=DIRECTION('center_axis',(3.35648821398303E-16,0.,1.));
#2981=DIRECTION('ref_axis',(-1.,0.,3.35648821398303E-16));
#2982=DIRECTION('',(-1.,0.,3.35648821398303E-16));
#2983=DIRECTION('',(0.,1.,0.));
#2984=DIRECTION('center_axis',(0.,-1.,0.));
#2985=DIRECTION('ref_axis',(0.707106781186547,0.,0.707106781186548));
#2986=DIRECTION('center_axis',(0.,1.,0.));
#2987=DIRECTION('ref_axis',(0.707106781186547,0.,0.707106781186548));
#2988=DIRECTION('',(0.,-1.,0.));
#2989=DIRECTION('center_axis',(0.,-1.,0.));
#2990=DIRECTION('ref_axis',(0.707106781186546,0.,-0.707106781186549));
#2991=DIRECTION('',(0.,1.,0.));
#2992=DIRECTION('center_axis',(0.,1.,0.));
#2993=DIRECTION('ref_axis',(0.707106781186546,0.,-0.707106781186549));
#2994=DIRECTION('center_axis',(0.,1.,0.));
#2995=DIRECTION('ref_axis',(0.320264236105331,0.,0.947328253073806));
#2996=DIRECTION('center_axis',(0.,-1.,0.));
#2997=DIRECTION('ref_axis',(0.320264236105331,0.,0.947328253073806));
#2998=DIRECTION('',(0.,-1.,0.));
#2999=DIRECTION('center_axis',(0.,0.984807753012208,-0.17364817766693));
#3000=DIRECTION('ref_axis',(5.46678121111759E-16,0.17364817766693,0.984807753012208));
#3001=DIRECTION('',(0.,1.,0.));
#3002=DIRECTION('center_axis',(0.500230735430679,0.,0.865892147631841));
#3003=DIRECTION('ref_axis',(-0.865892147631841,0.,0.500230735430679));
#3004=DIRECTION('',(0.862543364808612,-0.0878630511968019,-0.498296124868563));
#3005=DIRECTION('',(0.,-1.,0.));
#3006=DIRECTION('',(0.865892147631841,0.,-0.500230735430679));
#3007=DIRECTION('center_axis',(0.,0.984807753012208,-0.17364817766693));
#3008=DIRECTION('ref_axis',(0.,0.17364817766693,0.984807753012208));
#3009=DIRECTION('',(0.991548088126785,-0.0225290619246371,-0.127768659306236));
#3010=DIRECTION('center_axis',(0.,0.984807753012208,-0.17364817766693));
#3011=DIRECTION('ref_axis',(-5.97929194965986E-17,0.17364817766693,0.984807753012208));
#3012=DIRECTION('',(1.,-1.28596217070968E-9,-7.29305387946193E-9));
#3013=DIRECTION('',(1.,0.,0.));
#3014=DIRECTION('center_axis',(0.,0.984807753012208,-0.17364817766693));
#3015=DIRECTION('ref_axis',(-1.96462449774538E-16,0.17364817766693,0.984807753012208));
#3016=DIRECTION('',(0.991548090157838,0.0225290592291805,0.127768644019542));
#3017=DIRECTION('center_axis',(0.,0.984807753012208,-0.17364817766693));
#3018=DIRECTION('ref_axis',(1.70836912847425E-16,0.17364817766693,0.984807753012208));
#3019=DIRECTION('',(0.862543371450221,0.0878630492307796,0.498296113718697));
#3020=DIRECTION('center_axis',(0.,0.984807753012208,-0.17364817766693));
#3021=DIRECTION('ref_axis',(-2.73339060555879E-16,0.17364817766693,0.984807753012208));
#3022=DIRECTION('',(-1.44516140885255E-14,0.17364817766693,0.984807753012208));
#3023=DIRECTION('',(1.,0.,0.));
#3024=DIRECTION('',(0.,-0.17364817766693,-0.984807753012208));
#3025=DIRECTION('center_axis',(0.,0.984807753012208,-0.17364817766693));
#3026=DIRECTION('ref_axis',(-5.46678121111759E-16,0.17364817766693,0.984807753012208));
#3027=DIRECTION('center_axis',(0.,1.,0.));
#3028=DIRECTION('ref_axis',(0.064031955226056,0.,0.99794784869247));
#3029=DIRECTION('center_axis',(0.,-1.,0.));
#3030=DIRECTION('ref_axis',(0.064031955226056,0.,0.99794784869247));
#3031=DIRECTION('',(0.,-1.,0.));
#3032=DIRECTION('',(0.,1.,0.));
#3033=DIRECTION('center_axis',(7.29305387946193E-9,0.,1.));
#3034=DIRECTION('ref_axis',(-1.,0.,7.29305387946193E-9));
#3035=DIRECTION('',(1.,0.,-7.29305387946193E-9));
#3036=DIRECTION('',(0.,1.,0.));
#3037=DIRECTION('center_axis',(0.,1.,0.));
#3038=DIRECTION('ref_axis',(0.,0.,1.));
#3039=DIRECTION('center_axis',(0.,-1.,0.));
#3040=DIRECTION('ref_axis',(0.866092008804687,0.,0.49988461897188));
#3041=DIRECTION('',(-1.,0.,0.));
#3042=DIRECTION('',(0.,0.,1.));
#3043=DIRECTION('center_axis',(0.,1.,0.));
#3044=DIRECTION('ref_axis',(0.733113090319517,0.,0.680106753974821));
#3045=DIRECTION('',(-0.997190328307313,0.,0.074909606395664));
#3046=DIRECTION('',(-0.990041818530838,0.,0.140773568400291));
#3047=DIRECTION('',(-1.,0.,1.45861071456461E-8));
#3048=DIRECTION('center_axis',(0.,1.,0.));
#3049=DIRECTION('ref_axis',(-1.4586107044412E-8,0.,-1.));
#3050=DIRECTION('center_axis',(0.,1.,0.));
#3051=DIRECTION('ref_axis',(1.,0.,0.));
#3052=DIRECTION('center_axis',(0.,1.,0.));
#3053=DIRECTION('ref_axis',(-8.32667268468867E-16,0.,-1.));
#3054=DIRECTION('',(-1.,0.,9.47469158629694E-16));
#3055=DIRECTION('',(-0.990041820303956,0.,-0.140773555930189));
#3056=DIRECTION('',(-0.997190329399952,0.,-0.0749095918505387));
#3057=DIRECTION('center_axis',(0.,1.,0.));
#3058=DIRECTION('ref_axis',(-0.733113085359461,0.,0.680106759321455));
#3059=DIRECTION('',(0.,0.,-1.));
#3060=DIRECTION('',(-1.,0.,1.23268812580027E-16));
#3061=DIRECTION('center_axis',(0.,-1.,0.));
#3062=DIRECTION('ref_axis',(-0.866092005548618,0.,0.499884624613294));
#3063=DIRECTION('',(0.865892154148498,0.,0.500230724150441));
#3064=DIRECTION('center_axis',(0.,-1.,0.));
#3065=DIRECTION('ref_axis',(-0.320264222628578,0.,0.947328257629905));
#3066=DIRECTION('',(0.991799820323227,0.,0.127801081399241));
#3067=DIRECTION('center_axis',(0.,-1.,0.));
#3068=DIRECTION('ref_axis',(-0.0640319438904267,0.,0.997947849419805));
#3069=DIRECTION('',(1.,0.,0.));
#3070=DIRECTION('',(0.991799818351917,0.,-0.127801096697581));
#3071=DIRECTION('center_axis',(0.,-1.,0.));
#3072=DIRECTION('ref_axis',(1.,0.,0.));
#3073=DIRECTION('center_axis',(0.,1.,0.));
#3074=DIRECTION('ref_axis',(-0.0640319438904267,0.,0.997947849419805));
#3075=DIRECTION('',(0.,-1.,0.));
#3076=DIRECTION('',(0.,1.,0.));
#3077=DIRECTION('center_axis',(0.,0.,1.));
#3078=DIRECTION('ref_axis',(-1.,0.,0.));
#3079=DIRECTION('center_axis',(0.,1.,0.));
#3080=DIRECTION('ref_axis',(-0.320264222628578,0.,0.947328257629905));
#3081=DIRECTION('',(0.,-1.,0.));
#3082=DIRECTION('',(0.,1.,0.));
#3083=DIRECTION('center_axis',(-0.500230724150441,0.,0.865892154148498));
#3084=DIRECTION('ref_axis',(-0.865892154148498,0.,-0.500230724150441));
#3085=DIRECTION('',(0.,1.,0.));
#3086=DIRECTION('center_axis',(0.,-1.,0.));
#3087=DIRECTION('ref_axis',(-0.866092005548618,0.,0.499884624613294));
#3088=DIRECTION('',(0.,-1.,0.));
#3089=DIRECTION('center_axis',(0.,-1.,0.));
#3090=DIRECTION('ref_axis',(-0.866092005548618,0.,0.499884624613294));
#3091=DIRECTION('',(0.,-1.,0.));
#3092=DIRECTION('center_axis',(0.,1.,0.));
#3093=DIRECTION('ref_axis',(-0.707106795230063,0.,-0.707106767143032));
#3094=DIRECTION('center_axis',(0.,-1.,0.));
#3095=DIRECTION('ref_axis',(-0.707106795230063,0.,-0.707106767143032));
#3096=DIRECTION('',(0.,-1.,0.));
#3097=DIRECTION('center_axis',(0.,1.,6.12323399573676E-17));
#3098=DIRECTION('ref_axis',(-0.707106795230063,0.,-0.707106767143032));
#3099=DIRECTION('',(0.,1.,0.));
#3100=DIRECTION('center_axis',(-3.97210883767537E-8,0.,-0.999999999999999));
#3101=DIRECTION('ref_axis',(0.999999999999999,0.,-3.97210883767537E-8));
#3102=DIRECTION('',(-0.999999999999999,0.,3.97210883767537E-8));
#3103=DIRECTION('',(0.,-1.,0.));
#3104=DIRECTION('',(-0.999999999999999,-2.43221518696203E-24,3.97210883767537E-8));
#3105=DIRECTION('center_axis',(0.,1.,0.));
#3106=DIRECTION('ref_axis',(0.,0.,1.));
#3107=DIRECTION('',(-1.46745535301918E-14,0.,1.));
#3108=DIRECTION('',(1.,0.,-1.81752063124024E-13));
#3109=DIRECTION('center_axis',(0.,1.,0.));
#3110=DIRECTION('ref_axis',(1.77635683940024E-13,0.,1.));
#3111=DIRECTION('center_axis',(0.,1.,0.));
#3112=DIRECTION('ref_axis',(1.,0.,0.));
#3113=DIRECTION('center_axis',(0.,1.,0.));
#3114=DIRECTION('ref_axis',(-0.979353421205687,0.,-0.202155574676326));
#3115=DIRECTION('',(0.990041824958455,0.,0.140773523195707));
#3116=DIRECTION('',(0.140773571624612,0.,-0.990041818072373));
#3117=DIRECTION('center_axis',(0.,1.,0.));
#3118=DIRECTION('ref_axis',(-0.600523336109623,0.,-0.799607230324844));
#3119=DIRECTION('',(0.990041818072374,0.,0.140773571624605));
#3120=DIRECTION('center_axis',(0.,1.,0.));
#3121=DIRECTION('ref_axis',(0.799607230324846,0.,-0.600523336109621));
#3122=DIRECTION('',(-0.140773571624616,0.,0.990041818072373));
#3123=DIRECTION('',(0.990041824958455,0.,0.140773523195707));
#3124=DIRECTION('',(1.,0.,-1.59004008269493E-10));
#3125=DIRECTION('',(1.,0.,-2.28736761149946E-13));
#3126=DIRECTION('',(0.990035339513601,0.,-0.140819126947264));
#3127=DIRECTION('',(-0.140819110213635,0.,-0.990035341893733));
#3128=DIRECTION('center_axis',(0.,1.,0.));
#3129=DIRECTION('ref_axis',(-0.799634851620141,0.,-0.600486556114652));
#3130=DIRECTION('',(0.990035341893721,0.,-0.140819110213716));
#3131=DIRECTION('center_axis',(0.,1.,0.));
#3132=DIRECTION('ref_axis',(0.600486556114667,0.,-0.799634851620129));
#3133=DIRECTION('',(0.140819110213594,0.,0.990035341893739));
#3134=DIRECTION('',(0.990035339513601,0.,-0.140819126947264));
#3135=DIRECTION('center_axis',(0.,1.,0.));
#3136=DIRECTION('ref_axis',(0.979359222079302,0.,-0.202127469999067));
#3137=DIRECTION('center_axis',(0.,1.,0.));
#3138=DIRECTION('ref_axis',(1.,0.,0.));
#3139=DIRECTION('center_axis',(0.,1.,0.));
#3140=DIRECTION('ref_axis',(-2.74237060704507E-5,0.,0.99999999962397));
#3141=DIRECTION('',(0.99999999962397,0.,2.74237060671371E-5));
#3142=DIRECTION('',(0.,0.,-1.));
#3143=DIRECTION('center_axis',(0.,-1.,0.));
#3144=DIRECTION('ref_axis',(0.707116452999144,0.,-0.707097109241658));
#3145=DIRECTION('',(-0.999999999625819,0.,-2.73562041835939E-5));
#3146=DIRECTION('',(-0.999999999999998,0.,-7.04696054592189E-8));
#3147=DIRECTION('',(0.,0.,1.));
#3148=DIRECTION('',(0.,0.,-1.));
#3149=DIRECTION('',(-0.999999999999998,0.,-7.04696054592189E-8));
#3150=DIRECTION('center_axis',(0.,-1.,0.));
#3151=DIRECTION('ref_axis',(1.,0.,0.));
#3152=DIRECTION('center_axis',(0.,-1.,0.));
#3153=DIRECTION('ref_axis',(1.,0.,0.));
#3154=DIRECTION('center_axis',(0.,1.,0.));
#3155=DIRECTION('ref_axis',(0.707116452999144,0.,-0.707097109241658));
#3156=DIRECTION('',(0.,-1.,0.));
#3157=DIRECTION('center_axis',(0.,1.,6.12323399573676E-17));
#3158=DIRECTION('ref_axis',(0.707116452999144,0.,-0.707097109241658));
#3159=DIRECTION('',(0.,1.,0.));
#3160=DIRECTION('center_axis',(0.,1.,6.12323399573676E-17));
#3161=DIRECTION('ref_axis',(0.,-6.12323399573676E-17,1.));
#3162=DIRECTION('',(-0.999999999999998,4.31501883814047E-24,-7.0469605459219E-8));
#3163=DIRECTION('',(-0.999999999625819,1.67508439451299E-21,-2.73562041835939E-5));
#3164=DIRECTION('',(0.,6.12323399573676E-17,-1.));
#3165=DIRECTION('',(-1.46745535301918E-14,-6.12323399573676E-17,1.));
#3166=DIRECTION('center_axis',(1.,0.,0.));
#3167=DIRECTION('ref_axis',(0.,0.,1.));
#3168=DIRECTION('',(0.,-1.,0.));
#3169=DIRECTION('',(0.,0.,1.));
#3170=DIRECTION('',(0.,1.,0.));
#3171=DIRECTION('center_axis',(0.,-1.,0.));
#3172=DIRECTION('ref_axis',(0.866092008804687,0.,0.49988461897188));
#3173=DIRECTION('center_axis',(0.,-1.,0.));
#3174=DIRECTION('ref_axis',(0.866092008804687,0.,0.49988461897188));
#3175=DIRECTION('',(0.,1.,0.));
#3176=DIRECTION('center_axis',(0.,1.,0.));
#3177=DIRECTION('ref_axis',(0.,0.,1.));
#3178=DIRECTION('',(-1.,0.,1.23268812580027E-16));
#3179=DIRECTION('',(0.,0.,-1.));
#3180=DIRECTION('center_axis',(0.,1.,0.));
#3181=DIRECTION('ref_axis',(-0.733113085359461,0.,0.680106759321455));
#3182=DIRECTION('',(-0.997190329399952,0.,-0.0749095918505387));
#3183=DIRECTION('',(-0.990041820303956,0.,-0.140773555930189));
#3184=DIRECTION('',(-1.,0.,9.47469158629694E-16));
#3185=DIRECTION('center_axis',(0.,1.,0.));
#3186=DIRECTION('ref_axis',(-8.32667268468867E-16,0.,-1.));
#3187=DIRECTION('center_axis',(0.,1.,0.));
#3188=DIRECTION('ref_axis',(1.,0.,0.));
#3189=DIRECTION('center_axis',(0.,1.,0.));
#3190=DIRECTION('ref_axis',(-1.4586107044412E-8,0.,-1.));
#3191=DIRECTION('',(-1.,0.,1.45861071456461E-8));
#3192=DIRECTION('',(-0.990041818530838,0.,0.140773568400291));
#3193=DIRECTION('',(-0.997190328307313,0.,0.074909606395664));
#3194=DIRECTION('center_axis',(0.,1.,0.));
#3195=DIRECTION('ref_axis',(0.733113090319517,0.,0.680106753974821));
#3196=DIRECTION('',(0.,0.,1.));
#3197=DIRECTION('',(-1.,0.,0.));
#3198=DIRECTION('',(0.99999999962397,0.,2.74237060671371E-5));
#3199=DIRECTION('center_axis',(0.,1.,0.));
#3200=DIRECTION('ref_axis',(-2.74237060704507E-5,0.,0.99999999962397));
#3201=DIRECTION('center_axis',(0.,1.,0.));
#3202=DIRECTION('ref_axis',(1.,0.,0.));
#3203=DIRECTION('center_axis',(0.,1.,0.));
#3204=DIRECTION('ref_axis',(0.979359222079302,0.,-0.202127469999067));
#3205=DIRECTION('',(0.990035339513601,0.,-0.140819126947264));
#3206=DIRECTION('',(0.140819110213594,0.,0.990035341893739));
#3207=DIRECTION('center_axis',(0.,1.,0.));
#3208=DIRECTION('ref_axis',(0.600486556114667,0.,-0.799634851620129));
#3209=DIRECTION('',(0.990035341893721,0.,-0.140819110213716));
#3210=DIRECTION('center_axis',(0.,1.,0.));
#3211=DIRECTION('ref_axis',(-0.799634851620141,0.,-0.600486556114652));
#3212=DIRECTION('',(-0.140819110213635,0.,-0.990035341893733));
#3213=DIRECTION('',(0.990035339513601,0.,-0.140819126947264));
#3214=DIRECTION('',(1.,0.,-2.28736761149946E-13));
#3215=DIRECTION('',(0.,0.,1.));
#3216=DIRECTION('',(0.,0.,-1.));
#3217=DIRECTION('',(-1.,0.,0.));
#3218=DIRECTION('',(0.,0.,1.));
#3219=DIRECTION('',(0.,0.,-1.));
#3220=DIRECTION('',(1.,0.,-1.59004008269493E-10));
#3221=DIRECTION('',(0.990041824958455,0.,0.140773523195707));
#3222=DIRECTION('',(-0.140773571624616,0.,0.990041818072373));
#3223=DIRECTION('center_axis',(0.,1.,0.));
#3224=DIRECTION('ref_axis',(0.799607230324846,0.,-0.600523336109621));
#3225=DIRECTION('',(0.990041818072374,0.,0.140773571624605));
#3226=DIRECTION('center_axis',(0.,1.,0.));
#3227=DIRECTION('ref_axis',(-0.600523336109623,0.,-0.799607230324844));
#3228=DIRECTION('',(0.140773571624612,0.,-0.990041818072373));
#3229=DIRECTION('',(0.990041824958455,0.,0.140773523195707));
#3230=DIRECTION('center_axis',(0.,1.,0.));
#3231=DIRECTION('ref_axis',(-0.979353421205687,0.,-0.202155574676326));
#3232=DIRECTION('center_axis',(0.,1.,0.));
#3233=DIRECTION('ref_axis',(1.,0.,0.));
#3234=DIRECTION('center_axis',(0.,1.,0.));
#3235=DIRECTION('ref_axis',(1.77635683940024E-13,0.,1.));
#3236=DIRECTION('',(1.,0.,-1.81752063124024E-13));
#3237=DIRECTION('',(1.46745535301918E-14,0.,-1.));
#3238=DIRECTION('center_axis',(0.,-1.,0.));
#3239=DIRECTION('ref_axis',(0.,0.,1.));
#3240=DIRECTION('center_axis',(0.,-1.,0.));
#3241=DIRECTION('ref_axis',(0.,0.,1.));
#3242=DIRECTION('center_axis',(0.,-1.,0.));
#3243=DIRECTION('ref_axis',(0.,0.,1.));
#3244=DIRECTION('center_axis',(0.,-1.,0.));
#3245=DIRECTION('ref_axis',(0.,0.,1.));
#3246=DIRECTION('center_axis',(0.,-1.,0.));
#3247=DIRECTION('ref_axis',(0.,0.,1.));
#3248=DIRECTION('center_axis',(0.,-1.,0.));
#3249=DIRECTION('ref_axis',(0.,0.,1.));
#3250=DIRECTION('center_axis',(0.,-1.,0.));
#3251=DIRECTION('ref_axis',(-0.733113085359461,0.,0.680106759321455));
#3252=DIRECTION('',(0.,1.,0.));
#3253=DIRECTION('',(0.,-1.,0.));
#3254=DIRECTION('center_axis',(1.,0.,0.));
#3255=DIRECTION('ref_axis',(0.,0.,-1.));
#3256=DIRECTION('',(0.,-1.,0.));
#3257=DIRECTION('center_axis',(0.,1.,0.));
#3258=DIRECTION('ref_axis',(-8.32667268468867E-16,0.,-1.));
#3259=DIRECTION('',(0.,-1.,0.));
#3260=DIRECTION('',(0.,1.,0.));
#3261=DIRECTION('center_axis',(0.,1.,0.));
#3262=DIRECTION('ref_axis',(1.,0.,0.));
#3263=DIRECTION('',(0.,1.,0.));
#3264=DIRECTION('center_axis',(0.,-1.,0.));
#3265=DIRECTION('ref_axis',(-1.4586107044412E-8,0.,-1.));
#3266=DIRECTION('',(0.,-1.,0.));
#3267=DIRECTION('center_axis',(0.,-1.,0.));
#3268=DIRECTION('ref_axis',(0.733113090319517,0.,0.680106753974821));
#3269=DIRECTION('',(0.,1.,0.));
#3270=DIRECTION('',(0.,-1.,0.));
#3271=DIRECTION('center_axis',(-0.074909606395664,0.,-0.997190328307313));
#3272=DIRECTION('ref_axis',(-0.997190328307313,0.,0.074909606395664));
#3273=DIRECTION('',(0.,-1.,0.));
#3274=DIRECTION('center_axis',(0.,1.,0.));
#3275=DIRECTION('ref_axis',(-2.74237060704507E-5,0.,0.99999999962397));
#3276=DIRECTION('',(0.,-1.,0.));
#3277=DIRECTION('',(0.,1.,0.));
#3278=DIRECTION('center_axis',(0.,1.,0.));
#3279=DIRECTION('ref_axis',(1.,0.,0.));
#3280=DIRECTION('',(0.,1.,0.));
#3281=DIRECTION('center_axis',(0.,-1.,0.));
#3282=DIRECTION('ref_axis',(0.979359222079302,0.,-0.202127469999067));
#3283=DIRECTION('',(0.,-1.,0.));
#3284=DIRECTION('center_axis',(0.,1.,0.));
#3285=DIRECTION('ref_axis',(0.600486556114667,0.,-0.799634851620129));
#3286=DIRECTION('',(0.,1.,0.));
#3287=DIRECTION('',(0.,-1.,0.));
#3288=DIRECTION('center_axis',(-0.140819110213716,0.,-0.990035341893721));
#3289=DIRECTION('ref_axis',(-0.990035341893721,0.,0.140819110213716));
#3290=DIRECTION('',(0.,1.,0.));
#3291=DIRECTION('center_axis',(0.,1.,0.));
#3292=DIRECTION('ref_axis',(-0.799634851620141,0.,-0.600486556114652));
#3293=DIRECTION('',(0.,-1.,0.));
#3294=DIRECTION('center_axis',(0.,1.,0.));
#3295=DIRECTION('ref_axis',(0.799607230324846,0.,-0.600523336109621));
#3296=DIRECTION('',(0.,1.,0.));
#3297=DIRECTION('',(0.,-1.,0.));
#3298=DIRECTION('center_axis',(0.990041818072373,0.,0.140773571624616));
#3299=DIRECTION('ref_axis',(0.140773571624616,0.,-0.990041818072373));
#3300=DIRECTION('',(0.,-1.,0.));
#3301=DIRECTION('center_axis',(0.,1.,0.));
#3302=DIRECTION('ref_axis',(-0.600523336109623,0.,-0.799607230324844));
#3303=DIRECTION('',(0.,1.,0.));
#3304=DIRECTION('',(0.,-1.,0.));
#3305=DIRECTION('center_axis',(-0.990041818072373,0.,-0.140773571624612));
#3306=DIRECTION('ref_axis',(-0.140773571624612,0.,0.990041818072373));
#3307=DIRECTION('',(0.,1.,0.));
#3308=DIRECTION('center_axis',(0.,-1.,0.));
#3309=DIRECTION('ref_axis',(1.77635683940024E-13,0.,1.));
#3310=DIRECTION('',(0.,1.,0.));
#3311=DIRECTION('',(0.,-1.,0.));
#3312=DIRECTION('center_axis',(0.,1.,0.));
#3313=DIRECTION('ref_axis',(1.,0.,0.));
#3314=DIRECTION('',(0.,-1.,0.));
#3315=DIRECTION('center_axis',(0.,1.,0.));
#3316=DIRECTION('ref_axis',(-0.979353421205687,0.,-0.202155574676326));
#3317=DIRECTION('',(0.,1.,0.));
#3318=DIRECTION('center_axis',(0.,1.,0.));
#3319=DIRECTION('ref_axis',(0.,0.,1.));
#3320=DIRECTION('center_axis',(0.,-1.,0.));
#3321=DIRECTION('ref_axis',(0.,0.,1.));
#3322=DIRECTION('',(-1.04972719113862E-16,-0.515038074910054,0.857167300702112));
#3323=DIRECTION('center_axis',(0.,-1.,0.));
#3324=DIRECTION('ref_axis',(0.,0.,1.));
#3325=DIRECTION('',(0.,-1.,0.));
#3326=DIRECTION('center_axis',(0.,1.,0.));
#3327=DIRECTION('ref_axis',(0.,0.,1.));
#3328=DIRECTION('center_axis',(0.,-1.,0.));
#3329=DIRECTION('ref_axis',(0.,0.,1.));
#3330=DIRECTION('',(-1.04972719113862E-16,-0.515038074910054,0.857167300702112));
#3331=DIRECTION('center_axis',(0.,-1.,0.));
#3332=DIRECTION('ref_axis',(0.,0.,1.));
#3333=DIRECTION('',(0.,-1.,0.));
#3334=DIRECTION('center_axis',(0.,1.,0.));
#3335=DIRECTION('ref_axis',(0.,0.,1.));
#3336=DIRECTION('center_axis',(0.,-1.,0.));
#3337=DIRECTION('ref_axis',(0.,0.,1.));
#3338=DIRECTION('',(-1.04972719113862E-16,-0.515038074910054,0.857167300702112));
#3339=DIRECTION('center_axis',(0.,-1.,0.));
#3340=DIRECTION('ref_axis',(0.,0.,1.));
#3341=DIRECTION('',(0.,-1.,0.));
#3342=DIRECTION('center_axis',(0.,1.,0.));
#3343=DIRECTION('ref_axis',(0.,0.,1.));
#3344=DIRECTION('center_axis',(0.,-1.,0.));
#3345=DIRECTION('ref_axis',(0.,0.,1.));
#3346=DIRECTION('',(-1.04972719113862E-16,-0.515038074910054,0.857167300702112));
#3347=DIRECTION('center_axis',(0.,-1.,0.));
#3348=DIRECTION('ref_axis',(0.,0.,1.));
#3349=DIRECTION('',(0.,-1.,0.));
#3350=DIRECTION('center_axis',(0.,1.,0.));
#3351=DIRECTION('ref_axis',(0.,0.,1.));
#3352=DIRECTION('center_axis',(0.,-1.,0.));
#3353=DIRECTION('ref_axis',(0.,0.,1.));
#3354=DIRECTION('',(-1.04972719113862E-16,-0.515038074910054,0.857167300702112));
#3355=DIRECTION('center_axis',(0.,-1.,0.));
#3356=DIRECTION('ref_axis',(0.,0.,1.));
#3357=DIRECTION('',(0.,-1.,0.));
#3358=DIRECTION('center_axis',(0.,1.,0.));
#3359=DIRECTION('ref_axis',(0.,0.,1.));
#3360=DIRECTION('center_axis',(0.,-1.,0.));
#3361=DIRECTION('ref_axis',(0.,0.,1.));
#3362=DIRECTION('',(-1.04972719113862E-16,-0.515038074910054,0.857167300702112));
#3363=DIRECTION('center_axis',(0.,-1.,0.));
#3364=DIRECTION('ref_axis',(0.,0.,1.));
#3365=DIRECTION('',(0.,-1.,0.));
#3366=DIRECTION('center_axis',(0.,1.,0.));
#3367=DIRECTION('ref_axis',(0.,0.,1.));
#3368=DIRECTION('center_axis',(0.,-1.,0.));
#3369=DIRECTION('ref_axis',(0.,0.,1.));
#3370=DIRECTION('',(-1.04972719113862E-16,-0.515038074910054,0.857167300702112));
#3371=DIRECTION('center_axis',(0.,-1.,0.));
#3372=DIRECTION('ref_axis',(0.,0.,1.));
#3373=DIRECTION('',(0.,-1.,0.));
#3374=DIRECTION('center_axis',(0.,1.,0.));
#3375=DIRECTION('ref_axis',(0.,0.,1.));
#3376=DIRECTION('center_axis',(0.,-1.,0.));
#3377=DIRECTION('ref_axis',(0.,0.,1.));
#3378=DIRECTION('',(-1.04972719113862E-16,-0.515038074910054,0.857167300702112));
#3379=DIRECTION('center_axis',(0.,-1.,0.));
#3380=DIRECTION('ref_axis',(0.,0.,1.));
#3381=DIRECTION('',(0.,-1.,0.));
#3382=DIRECTION('center_axis',(0.,1.,0.));
#3383=DIRECTION('ref_axis',(0.,0.,1.));
#3384=DIRECTION('center_axis',(0.,-1.,0.));
#3385=DIRECTION('ref_axis',(0.,0.,1.));
#3386=DIRECTION('',(-1.04972719113862E-16,-0.515038074910054,0.857167300702112));
#3387=DIRECTION('center_axis',(0.,-1.,0.));
#3388=DIRECTION('ref_axis',(0.,0.,1.));
#3389=DIRECTION('',(0.,-1.,0.));
#3390=DIRECTION('center_axis',(0.,1.,0.));
#3391=DIRECTION('ref_axis',(0.,0.,1.));
#3392=DIRECTION('center_axis',(0.,-1.,0.));
#3393=DIRECTION('ref_axis',(0.,0.,1.));
#3394=DIRECTION('',(-1.04972719113862E-16,-0.515038074910054,0.857167300702112));
#3395=DIRECTION('center_axis',(0.,-1.,0.));
#3396=DIRECTION('ref_axis',(0.,0.,1.));
#3397=DIRECTION('',(0.,-1.,0.));
#3398=DIRECTION('center_axis',(0.140773571624605,0.,-0.990041818072374));
#3399=DIRECTION('ref_axis',(-0.990041818072374,0.,-0.140773571624605));
#3400=DIRECTION('center_axis',(0.990035341893739,0.,-0.140819110213594));
#3401=DIRECTION('ref_axis',(-0.140819110213594,0.,-0.990035341893739));
#3402=DIRECTION('',(0.,-1.,0.));
#3403=DIRECTION('center_axis',(-0.990035341893733,0.,0.140819110213635));
#3404=DIRECTION('ref_axis',(0.140819110213635,0.,0.990035341893733));
#3405=DIRECTION('',(0.,1.,0.));
#3406=DIRECTION('center_axis',(-0.140773523195707,0.,0.990041824958455));
#3407=DIRECTION('ref_axis',(0.990041824958455,0.,0.140773523195707));
#3408=DIRECTION('',(0.,-1.,0.));
#3409=DIRECTION('center_axis',(0.140819126947264,0.,0.990035339513601));
#3410=DIRECTION('ref_axis',(0.990035339513601,0.,-0.140819126947264));
#3411=DIRECTION('center_axis',(2.73562041835939E-5,0.,-0.999999999625819));
#3412=DIRECTION('ref_axis',(0.999999999625819,0.,2.73562041835939E-5));
#3413=DIRECTION('',(0.,1.,0.));
#3414=DIRECTION('center_axis',(0.127801096697581,0.,0.991799818351917));
#3415=DIRECTION('ref_axis',(-0.991799818351917,0.,0.127801096697581));
#3416=DIRECTION('center_axis',(2.28736761149946E-13,0.,1.));
#3417=DIRECTION('ref_axis',(1.,0.,-2.28736761149946E-13));
#3418=DIRECTION('',(0.,-1.,0.));
#3419=DIRECTION('',(0.,-1.,0.));
#3420=DIRECTION('center_axis',(1.,-1.63268091856641E-16,0.));
#3421=DIRECTION('ref_axis',(1.63268091856641E-16,1.,0.));
#3422=DIRECTION('',(1.63268091856641E-16,1.,1.1505438017217E-23));
#3423=DIRECTION('center_axis',(-1.,1.63268091856641E-16,0.));
#3424=DIRECTION('ref_axis',(-1.63268091856641E-16,-1.,0.));
#3425=DIRECTION('',(-1.63268091856641E-16,-1.,-1.1505438017217E-23));
#3426=DIRECTION('center_axis',(7.0469605459219E-8,0.,-0.999999999999998));
#3427=DIRECTION('ref_axis',(0.999999999999998,0.,7.0469605459219E-8));
#3428=DIRECTION('center_axis',(-1.,0.,0.));
#3429=DIRECTION('ref_axis',(0.,0.,-1.));
#3430=DIRECTION('',(0.,-1.,0.));
#3431=DIRECTION('center_axis',(0.,0.,1.));
#3432=DIRECTION('ref_axis',(-1.,0.,0.));
#3433=DIRECTION('',(0.,-1.,0.));
#3434=DIRECTION('center_axis',(1.,0.,0.));
#3435=DIRECTION('ref_axis',(0.,0.,1.));
#3436=DIRECTION('center_axis',(-1.,0.,0.));
#3437=DIRECTION('ref_axis',(0.,0.,-1.));
#3438=DIRECTION('center_axis',(1.,0.,0.));
#3439=DIRECTION('ref_axis',(0.,0.,1.));
#3440=DIRECTION('center_axis',(-1.,0.,0.));
#3441=DIRECTION('ref_axis',(0.,0.,1.));
#3442=DIRECTION('',(0.,-1.,0.));
#3443=DIRECTION('center_axis',(-0.140773568400291,0.,-0.990041818530838));
#3444=DIRECTION('ref_axis',(-0.990041818530838,0.,0.140773568400291));
#3445=DIRECTION('',(0.,-1.,0.));
#3446=DIRECTION('center_axis',(-1.45861071456461E-8,0.,-1.));
#3447=DIRECTION('ref_axis',(-1.,0.,1.45861071456461E-8));
#3448=DIRECTION('center_axis',(-9.47469158629694E-16,0.,-1.));
#3449=DIRECTION('ref_axis',(-1.,0.,9.47469158629694E-16));
#3450=DIRECTION('',(0.,1.,0.));
#3451=DIRECTION('center_axis',(0.140773555930189,0.,-0.990041820303956));
#3452=DIRECTION('ref_axis',(-0.990041820303956,0.,-0.140773555930189));
#3453=DIRECTION('',(0.,-1.,0.));
#3454=DIRECTION('center_axis',(0.0749095918505387,0.,-0.997190329399953));
#3455=DIRECTION('ref_axis',(-0.997190329399952,0.,-0.0749095918505387));
#3456=DIRECTION('center_axis',(-1.23268812580027E-16,0.,-1.));
#3457=DIRECTION('ref_axis',(-1.,0.,1.23268812580027E-16));
#3458=DIRECTION('center_axis',(-1.,0.,-1.46745535301918E-14));
#3459=DIRECTION('ref_axis',(1.46745535301918E-14,0.,-1.));
#3460=DIRECTION('',(0.,1.,0.));
#3461=DIRECTION('',(0.,1.,0.));
#3462=DIRECTION('',(0.,1.,0.));
#3463=DIRECTION('center_axis',(1.81752063124024E-13,0.,1.));
#3464=DIRECTION('ref_axis',(1.,0.,-1.81752063124024E-13));
#3465=DIRECTION('center_axis',(0.,1.,0.));
#3466=DIRECTION('ref_axis',(1.,0.,0.));
#3467=DIRECTION('center_axis',(0.,-1.,0.));
#3468=DIRECTION('ref_axis',(1.,0.,0.));
#3469=DIRECTION('center_axis',(0.,1.,0.));
#3470=DIRECTION('ref_axis',(1.,0.,0.));
#3471=DIRECTION('center_axis',(0.,-1.,0.));
#3472=DIRECTION('ref_axis',(1.,0.,0.));
#3473=DIRECTION('center_axis',(0.,1.,0.));
#3474=DIRECTION('ref_axis',(1.,0.,0.));
#3475=DIRECTION('center_axis',(0.,-1.,0.));
#3476=DIRECTION('ref_axis',(1.,0.,0.));
#3477=DIRECTION('center_axis',(0.,1.,0.));
#3478=DIRECTION('ref_axis',(1.,0.,0.));
#3479=DIRECTION('',(0.,-1.,0.));
#3480=DIRECTION('center_axis',(-2.74237060671371E-5,0.,0.99999999962397));
#3481=DIRECTION('ref_axis',(0.99999999962397,0.,2.74237060671371E-5));
#3482=DIRECTION('center_axis',(0.,1.,0.));
#3483=DIRECTION('ref_axis',(1.,0.,0.));
#3484=DIRECTION('',(0.,-1.,0.));
#3485=DIRECTION('center_axis',(0.140819126947264,0.,0.990035339513601));
#3486=DIRECTION('ref_axis',(0.990035339513601,0.,-0.140819126947264));
#3487=DIRECTION('center_axis',(1.59004008269493E-10,0.,1.));
#3488=DIRECTION('ref_axis',(1.,0.,-1.59004008269493E-10));
#3489=DIRECTION('center_axis',(-0.140773523195707,0.,0.990041824958455));
#3490=DIRECTION('ref_axis',(0.990041824958455,0.,0.140773523195707));
#3491=DIRECTION('center_axis',(0.,1.,0.));
#3492=DIRECTION('ref_axis',(1.,0.,0.));
#3493=DIRECTION('',(0.,-1.,0.));
#3494=DIRECTION('center_axis',(0.,0.,-1.));
#3495=DIRECTION('ref_axis',(-1.,0.,0.));
#3496=DIRECTION('center_axis',(-0.127801081399241,0.,0.991799820323227));
#3497=DIRECTION('ref_axis',(-0.991799820323227,0.,-0.127801081399241));
#3498=CARTESIAN_POINT('',(0.,0.,0.));
#3499=CARTESIAN_POINT('Origin',(110.431319159024,-12.6809630642768,-0.813910482927397));
#3500=CARTESIAN_POINT('',(112.431319159024,-12.1885591877707,-0.900734571760861));
#3501=CARTESIAN_POINT('',(112.431319159024,-12.6809630642768,-0.813910482927397));
#3502=CARTESIAN_POINT('',(112.431319159024,-12.6809630642768,-0.813910482927397));
#3503=CARTESIAN_POINT('',(120.431319159024,-12.1885591877707,-0.90073457176086));
#3504=CARTESIAN_POINT('',(122.431319159024,-12.1885591877707,-0.90073457176086));
#3505=CARTESIAN_POINT('',(120.431319159024,-12.6809630642768,-0.813910482927397));
#3506=CARTESIAN_POINT('',(120.431319159024,-12.6809630642768,-0.813910482927396));
#3507=CARTESIAN_POINT('',(55.2156594397855,-12.6809630642768,-0.813910482927403));
#3508=CARTESIAN_POINT('Origin',(-6.00000000000004,-4.53881144738579,45.3625259545173));
#3509=CARTESIAN_POINT('',(4.,-4.53881144738581,45.3625259545173));
#3510=CARTESIAN_POINT('',(4.,-4.04640757087968,45.2757018656838));
#3511=CARTESIAN_POINT('',(4.,-4.53881144738578,45.3625259545173));
#3512=CARTESIAN_POINT('',(-4.00000000000004,-4.53881144738581,45.3625259545173));
#3513=CARTESIAN_POINT('',(-3.00000013972632,-4.53881144738581,45.3625259545173));
#3514=CARTESIAN_POINT('',(-4.00000000000004,-4.04640757087968,45.2757018656838));
#3515=CARTESIAN_POINT('',(-4.00000000000004,-4.5388114473858,45.3625259545173));
#3516=CARTESIAN_POINT('',(6.00000000000004,-4.04640757087968,45.2757018656838));
#3517=CARTESIAN_POINT('Origin',(4.,-4.88610780271965,43.3929104484929));
#3518=CARTESIAN_POINT('',(4.,-4.74100028154741,41.336470853635));
#3519=CARTESIAN_POINT('Origin',(4.,-4.39370392621356,43.3060863596594));
#3520=CARTESIAN_POINT('',(4.,-5.23340415805353,41.4232949424685));
#3521=CARTESIAN_POINT('',(4.,-5.23340415805349,41.4232949424685));
#3522=CARTESIAN_POINT('Origin',(4.,-4.88610780271995,43.3929104484929));
#3523=CARTESIAN_POINT('Origin',(5.99999999999996,-5.23340415805351,41.4232949424685));
#3524=CARTESIAN_POINT('',(-4.00000000000004,-4.74100028154741,41.336470853635));
#3525=CARTESIAN_POINT('',(-6.00000000000004,-4.74100028154741,41.336470853635));
#3526=CARTESIAN_POINT('',(-4.00000000000004,-5.23340415805353,41.4232949424685));
#3527=CARTESIAN_POINT('',(-4.00000000000004,-5.23340415805351,41.4232949424685));
#3528=CARTESIAN_POINT('',(2.99999986027368,-5.23340415805353,41.4232949424685));
#3529=CARTESIAN_POINT('Origin',(-4.00000000000004,-4.88610780271965,43.3929104484929));
#3530=CARTESIAN_POINT('Origin',(-4.00000000000004,-4.39370392621356,43.3060863596594));
#3531=CARTESIAN_POINT('Origin',(-4.00000000000004,-4.88610780271995,43.3929104484929));
#3532=CARTESIAN_POINT('Origin',(-122.431319159023,-12.6809630642768,-0.813910482927397));
#3533=CARTESIAN_POINT('',(-120.431319159023,-12.1885591877707,-0.900734571760861));
#3534=CARTESIAN_POINT('',(-120.431319159023,-12.6809630642768,-0.813910482927397));
#3535=CARTESIAN_POINT('',(-120.431319159023,-12.6809630642768,-0.813910482927396));
#3536=CARTESIAN_POINT('',(-112.431319159023,-12.1885591877707,-0.900734571760861));
#3537=CARTESIAN_POINT('',(-110.431319159023,-12.1885591877707,-0.90073457176086));
#3538=CARTESIAN_POINT('',(-112.431319159023,-12.6809630642768,-0.813910482927396));
#3539=CARTESIAN_POINT('',(-112.431319159023,-12.6809630642768,-0.813910482927395));
#3540=CARTESIAN_POINT('',(-61.2156597192377,-12.6809630642768,-0.813910482927392));
#3541=CARTESIAN_POINT('Origin',(-112.431319159023,-13.0282594196106,-2.78352598895181));
#3542=CARTESIAN_POINT('',(-112.431319159023,-12.8831518984384,-4.83996558380969));
#3543=CARTESIAN_POINT('Origin',(-112.431319159023,-12.5358555431045,-2.87035007778528));
#3544=CARTESIAN_POINT('',(-112.431319159023,-13.3755557749445,-4.75314149497623));
#3545=CARTESIAN_POINT('',(-112.431319159023,-13.3755557749445,-4.75314149497623));
#3546=CARTESIAN_POINT('Origin',(-112.431319159023,-13.0282594196106,-2.78352598895181));
#3547=CARTESIAN_POINT('Origin',(-110.431319159023,-13.3755557749445,-4.75314149497623));
#3548=CARTESIAN_POINT('',(-120.431319159023,-12.8831518984384,-4.83996558380969));
#3549=CARTESIAN_POINT('',(-122.431319159023,-12.8831518984384,-4.83996558380969));
#3550=CARTESIAN_POINT('',(-120.431319159023,-13.3755557749445,-4.75314149497623));
#3551=CARTESIAN_POINT('',(-120.431319159023,-13.3755557749445,-4.75314149497623));
#3552=CARTESIAN_POINT('',(-55.2156597192377,-13.3755557749445,-4.75314149497623));
#3553=CARTESIAN_POINT('Origin',(-120.431319159023,-13.0282594196106,-2.78352598895181));
#3554=CARTESIAN_POINT('Origin',(-120.431319159023,-12.5358555431045,-2.87035007778528));
#3555=CARTESIAN_POINT('Origin',(-120.431319159023,-13.0282594196106,-2.78352598895181));
#3556=CARTESIAN_POINT('Origin',(-116.431319159023,-12.5358555431045,-2.87035007778528));
#3557=CARTESIAN_POINT('Origin',(112.431319159024,-13.0282594196106,-2.78352598895181));
#3558=CARTESIAN_POINT('',(112.431319159024,-12.8831518984384,-4.83996558380969));
#3559=CARTESIAN_POINT('Origin',(112.431319159024,-12.5358555431045,-2.87035007778528));
#3560=CARTESIAN_POINT('',(112.431319159024,-13.3755557749445,-4.75314149497623));
#3561=CARTESIAN_POINT('Origin',(112.431319159024,-13.0282594196106,-2.78352598895181));
#3562=CARTESIAN_POINT('',(112.431319159024,-13.3755557749445,-4.75314149497623));
#3563=CARTESIAN_POINT('Origin',(122.431319159024,-13.3755557749445,-4.75314149497623));
#3564=CARTESIAN_POINT('',(120.431319159024,-13.3755557749445,-4.75314149497623));
#3565=CARTESIAN_POINT('',(61.2156594397855,-13.3755557749445,-4.75314149497623));
#3566=CARTESIAN_POINT('',(120.431319159024,-12.8831518984384,-4.83996558380969));
#3567=CARTESIAN_POINT('',(120.431319159024,-13.3755557749445,-4.75314149497623));
#3568=CARTESIAN_POINT('',(110.431319159024,-12.8831518984384,-4.83996558380969));
#3569=CARTESIAN_POINT('Origin',(120.431319159024,-13.0282594196106,-2.78352598895181));
#3570=CARTESIAN_POINT('Origin',(120.431319159024,-12.5358555431045,-2.87035007778528));
#3571=CARTESIAN_POINT('Origin',(120.431319159024,-13.0282594196106,-2.78352598895181));
#3572=CARTESIAN_POINT('Origin',(116.431319159024,-12.5358555431045,-2.87035007778528));
#3573=CARTESIAN_POINT('Origin',(0.,-4.39370392621356,43.3060863596594));
#3574=CARTESIAN_POINT('Origin',(3.74999959745878,1.73472347597681E-15,-28.204270040034));
#3575=CARTESIAN_POINT('',(4.74999959745878,6.24500451351651E-16,-31.0971506930294));
#3576=CARTESIAN_POINT('',(3.74999959745878,1.,-31.0971506930291));
#3577=CARTESIAN_POINT('Origin',(3.74999959745878,1.73472347597681E-15,-31.0971506930283));
#3578=CARTESIAN_POINT('',(3.74999959745878,1.,-33.4971506936245));
#3579=CARTESIAN_POINT('',(3.74999959745878,1.,-28.204270040034));
#3580=CARTESIAN_POINT('',(4.74999959745878,6.59194920871187E-16,-33.4971506937836));
#3581=CARTESIAN_POINT('Origin',(3.74999959745878,1.73472347597681E-15,-33.4971506936245));
#3582=CARTESIAN_POINT('',(4.74999959745878,6.55339979813456E-16,-28.204270040034));
#3583=CARTESIAN_POINT('Origin',(-4.75000040254122,0.999999999999998,-28.204270040034));
#3584=CARTESIAN_POINT('',(-2.26793191451184E-7,1.,-31.0971506930283));
#3585=CARTESIAN_POINT('',(-2.37500031466754,0.999999999999999,-31.0971506930277));
#3586=CARTESIAN_POINT('',(-3.75000040254122,0.999999999999998,-31.097150692432));
#3587=CARTESIAN_POINT('',(-7.37432726863149,0.999999999999996,-31.0971506918557));
#3588=CARTESIAN_POINT('',(-3.75000040254122,0.999999999999998,-33.497150692432));
#3589=CARTESIAN_POINT('',(-3.75000040254122,0.999999999999998,-28.204270040034));
#3590=CARTESIAN_POINT('',(-2.37500040315283,0.999999999999999,-33.4971506926506));
#3591=CARTESIAN_POINT('Origin',(3.74999959745878,-1.59999999999998,-28.204270040034));
#3592=CARTESIAN_POINT('',(3.74999959745878,-2.59999999999998,-28.204270040034));
#3593=CARTESIAN_POINT('',(4.74999959745878,-1.59999999999998,-28.204270040034));
#3594=CARTESIAN_POINT('Origin',(3.74999959745878,-1.59999999999998,-28.204270040034));
#3595=CARTESIAN_POINT('',(4.74999959745878,-1.59999999999998,-33.4971506937836));
#3596=CARTESIAN_POINT('',(4.74999959745878,-1.59999999999998,-28.204270040034));
#3597=CARTESIAN_POINT('',(3.74999959745878,-2.59999999999998,-33.4971506936245));
#3598=CARTESIAN_POINT('Origin',(3.74999959745878,-1.59999999999998,-33.4971506936245));
#3599=CARTESIAN_POINT('',(3.74999959745878,-2.59999999999998,-28.204270040034));
#3600=CARTESIAN_POINT('Origin',(4.74999959745878,1.,-28.204270040034));
#3601=CARTESIAN_POINT('',(4.74999959745878,0.0999999999999546,-33.4971506937836));
#3602=CARTESIAN_POINT('',(4.74999959745878,-1.4,-28.204270040034));
#3603=CARTESIAN_POINT('',(4.74999959745878,0.499999999999942,-28.204270040034));
#3604=CARTESIAN_POINT('',(4.74999959745878,-1.4,-31.0971506930294));
#3605=CARTESIAN_POINT('',(4.74999959745878,-1.4,-12.8161280453597));
#3606=CARTESIAN_POINT('',(4.74999959745878,0.499999999999998,-31.0971506930294));
#3607=CARTESIAN_POINT('Origin',(-3.75000040254122,-1.70185503116882E-15,
-28.204270040034));
#3608=CARTESIAN_POINT('',(-4.75000040254122,-1.66533453693773E-15,-31.097150692273));
#3609=CARTESIAN_POINT('Origin',(-3.75000040254122,-1.70185503116882E-15,
-31.097150692432));
#3610=CARTESIAN_POINT('',(-4.75000040254122,-1.66533453693773E-15,-33.497150692273));
#3611=CARTESIAN_POINT('',(-4.75000040254122,-1.70185503116882E-15,-28.204270040034));
#3612=CARTESIAN_POINT('Origin',(-3.75000040254122,-1.70185503116882E-15,
-33.497150692432));
#3613=CARTESIAN_POINT('Origin',(-4.75000040254122,-2.6,-28.204270040034));
#3614=CARTESIAN_POINT('',(-4.75000040254122,-1.4,-31.097150692273));
#3615=CARTESIAN_POINT('',(-4.75000040254122,-1.3,-31.097150692273));
#3616=CARTESIAN_POINT('',(-4.75000040254121,-1.4,-28.204270040034));
#3617=CARTESIAN_POINT('',(-4.75000040254122,-1.4,-12.8161280453597));
#3618=CARTESIAN_POINT('',(-4.75000040254121,-1.6,-28.204270040034));
#3619=CARTESIAN_POINT('',(-4.75000040254121,-1.3,-28.204270040034));
#3620=CARTESIAN_POINT('',(-4.75000040254122,-1.6,-33.497150692273));
#3621=CARTESIAN_POINT('',(-4.75000040254122,-1.6,-28.204270040034));
#3622=CARTESIAN_POINT('',(-4.75000040254122,-1.70000000000004,-33.497150692273));
#3623=CARTESIAN_POINT('Origin',(-3.75000040254122,-1.6,-28.204270040034));
#3624=CARTESIAN_POINT('',(-3.75000040254122,-2.6,-28.204270040034));
#3625=CARTESIAN_POINT('Origin',(-3.75000040254122,-1.6,-28.204270040034));
#3626=CARTESIAN_POINT('',(-3.75000040254122,-2.6,-33.497150692432));
#3627=CARTESIAN_POINT('',(-3.75000040254122,-2.6,-28.204270040034));
#3628=CARTESIAN_POINT('Origin',(-3.75000040254122,-1.6,-33.497150692432));
#3629=CARTESIAN_POINT('Origin',(4.74999959745878,-2.59999999999998,-28.204270040034));
#3630=CARTESIAN_POINT('',(2.37499959684717,-2.59999999999999,-33.4971506934059));
#3631=CARTESIAN_POINT('',(-49.3752308692738,-2.6000000000001,-28.204270040034));
#3632=CARTESIAN_POINT('Origin',(-5.00000040254125,-3.20000000000009,-46.8240960286698));
#3633=CARTESIAN_POINT('',(-5.00000040254125,-4.20000000000009,-33.4971506922333));
#3634=CARTESIAN_POINT('',(-6.00000040254125,-3.20000000000009,-33.4971506920743));
#3635=CARTESIAN_POINT('Origin',(-5.00000040254125,-3.20000000000009,-33.4971506922333));
#3636=CARTESIAN_POINT('',(-5.00000040254124,-4.20000000000009,-44.8240903750599));
#3637=CARTESIAN_POINT('',(-5.00000040254125,-4.20000000000009,-46.8240960286698));
#3638=CARTESIAN_POINT('',(-6.00000040254125,-3.20000000000009,-44.8240904455295));
#3639=CARTESIAN_POINT('Origin',(-5.00000040254125,-3.20000000000009,-44.8240903750599));
#3640=CARTESIAN_POINT('',(-6.00000040254125,-3.20000000000009,-46.8240960286698));
#3641=CARTESIAN_POINT('Origin',(-6.00000040254125,-4.20000000000009,-46.8240960286698));
#3642=CARTESIAN_POINT('',(4.99999959745876,-4.20000000000009,-33.4971506938233));
#3643=CARTESIAN_POINT('',(-3.00000040167253,-4.20000000000009,-33.4971506925513));
#3644=CARTESIAN_POINT('',(4.99999959745876,-4.20000000000009,-44.8240896703638));
#3645=CARTESIAN_POINT('',(4.99999959745876,-4.20000000000009,-46.8240960286698));
#3646=CARTESIAN_POINT('',(-45.6138187964494,-4.20000000000009,-44.8240932370996));
#3647=CARTESIAN_POINT('Origin',(4.99999959745876,-3.20000000000009,-46.8240960286698));
#3648=CARTESIAN_POINT('',(5.99999959745876,-3.20000000000009,-33.4971506939823));
#3649=CARTESIAN_POINT('Origin',(4.99999959745876,-3.20000000000009,-33.4971506938233));
#3650=CARTESIAN_POINT('',(5.99999959745876,-3.20000000000009,-44.8240895998942));
#3651=CARTESIAN_POINT('',(5.99999959745876,-3.20000000000009,-46.8240960286698));
#3652=CARTESIAN_POINT('Origin',(4.99999959745876,-3.20000000000009,-44.8240896703638));
#3653=CARTESIAN_POINT('Origin',(-4.02922853846409E-7,-0.800000000000087,
-33.4971506930283));
#3654=CARTESIAN_POINT('',(-6.00000040254124,2.59999999999991,-33.4971506920743));
#3655=CARTESIAN_POINT('',(-6.00000040254124,0.899999999999914,-33.4971506920743));
#3656=CARTESIAN_POINT('',(5.99999959745876,2.59999999999991,-33.4971506939823));
#3657=CARTESIAN_POINT('',(-7.02136858038973E-6,2.6,-33.4971506930283));
#3658=CARTESIAN_POINT('',(5.99999959745876,-2.50000000000009,-33.4971506939823));
#3659=CARTESIAN_POINT('Origin',(-101.500461336006,0.,-26.204270040034));
#3660=CARTESIAN_POINT('',(-101.500461336006,-5.,-28.204270040034));
#3661=CARTESIAN_POINT('',(-103.500461336006,-5.,-26.204270040034));
#3662=CARTESIAN_POINT('Origin',(-101.500461336006,-5.,-26.204270040034));
#3663=CARTESIAN_POINT('',(-101.500461336006,-1.4,-28.204270040034));
#3664=CARTESIAN_POINT('',(-101.500461336006,0.,-28.204270040034));
#3665=CARTESIAN_POINT('',(-103.500461336006,-1.4,-26.204270040034));
#3666=CARTESIAN_POINT('Origin',(-101.500461336006,-1.4,-26.204270040034));
#3667=CARTESIAN_POINT('',(-103.500461336006,0.,-26.204270040034));
#3668=CARTESIAN_POINT('Origin',(-103.500461336006,0.,-28.204270040034));
#3669=CARTESIAN_POINT('',(101.500024180946,-5.,-28.204270040034));
#3670=CARTESIAN_POINT('',(17.5000241809461,-5.,-28.204270040034));
#3671=CARTESIAN_POINT('',(101.500024180946,-1.4,-28.204270040034));
#3672=CARTESIAN_POINT('',(101.500024180946,0.,-28.204270040034));
#3673=CARTESIAN_POINT('',(-51.7502374882652,-1.4,-28.204270040034));
#3674=CARTESIAN_POINT('',(-51.7502374882652,-1.4,-28.204270040034));
#3675=CARTESIAN_POINT('Origin',(-101.500461336006,0.,11.795729959966));
#3676=CARTESIAN_POINT('',(-103.500461336006,-5.,11.795729959966));
#3677=CARTESIAN_POINT('',(-101.500461336006,-5.,13.795729959966));
#3678=CARTESIAN_POINT('Origin',(-101.500461336006,-5.,11.795729959966));
#3679=CARTESIAN_POINT('',(-103.500461336006,-1.4,11.795729959966));
#3680=CARTESIAN_POINT('',(-103.500461336006,0.,11.795729959966));
#3681=CARTESIAN_POINT('',(-101.500461336006,-1.4,13.795729959966));
#3682=CARTESIAN_POINT('Origin',(-101.500461336006,-1.4,11.795729959966));
#3683=CARTESIAN_POINT('',(-101.500461336006,0.,13.795729959966));
#3684=CARTESIAN_POINT('Origin',(-0.000218577530173292,-5.,-7.20427004003396));
#3685=CARTESIAN_POINT('',(-103.500461336006,-5.,-28.204270040034));
#3686=CARTESIAN_POINT('',(-19.5000241809461,-5.,13.7957299599661));
#3687=CARTESIAN_POINT('',(-103.500461336006,-5.,13.795729959966));
#3688=CARTESIAN_POINT('',(-17.5000241809461,-5.,11.7957299599661));
#3689=CARTESIAN_POINT('Origin',(-19.5000241809461,-5.,11.7957299599661));
#3690=CARTESIAN_POINT('',(-17.5000241809461,-5.,4.40284930696943));
#3691=CARTESIAN_POINT('',(-17.5000241809461,-5.,13.7957299599661));
#3692=CARTESIAN_POINT('',(17.5000241809461,-5.,4.40284930696943));
#3693=CARTESIAN_POINT('',(17.5000241809461,-5.,4.40284930696943));
#3694=CARTESIAN_POINT('',(17.5000241809461,-5.,11.7957299599661));
#3695=CARTESIAN_POINT('',(17.5000241809461,-5.,13.7957299599661));
#3696=CARTESIAN_POINT('',(19.5000241809461,-5.,13.7957299599661));
#3697=CARTESIAN_POINT('Origin',(19.5000241809461,-5.,11.7957299599661));
#3698=CARTESIAN_POINT('',(101.500024180946,-5.,13.795729959966));
#3699=CARTESIAN_POINT('',(103.500024180946,-5.,13.795729959966));
#3700=CARTESIAN_POINT('',(103.500024180946,-5.,11.795729959966));
#3701=CARTESIAN_POINT('Origin',(101.500024180946,-5.,11.795729959966));
#3702=CARTESIAN_POINT('',(103.500024180946,-5.,-26.204270040034));
#3703=CARTESIAN_POINT('',(103.500024180946,-5.,-28.204270040034));
#3704=CARTESIAN_POINT('Origin',(101.500024180946,-5.,-26.204270040034));
#3705=CARTESIAN_POINT('',(-15.0280925138398,-5.,-2.4506992158554));
#3706=CARTESIAN_POINT('Origin',(-15.0280925138398,-5.,-1.6391992158554));
#3707=CARTESIAN_POINT('',(15.0280925138398,-5.,-26.3587030055705));
#3708=CARTESIAN_POINT('Origin',(15.0280925138398,-5.,-25.5472030055705));
#3709=CARTESIAN_POINT('',(-15.0280925138398,-5.,-26.3587030055705));
#3710=CARTESIAN_POINT('Origin',(-15.0280925138398,-5.,-25.5472030055705));
#3711=CARTESIAN_POINT('',(15.0280925138398,-5.,-2.4506992158554));
#3712=CARTESIAN_POINT('Origin',(15.0280925138398,-5.,-1.6391992158554));
#3713=CARTESIAN_POINT('Origin',(-17.5000241809461,0.,13.7957299599661));
#3714=CARTESIAN_POINT('',(-19.5000241809461,-1.4,13.7957299599661));
#3715=CARTESIAN_POINT('',(-8.75001891073504,-1.4,13.7957299599661));
#3716=CARTESIAN_POINT('',(-19.5000241809461,0.,13.7957299599661));
#3717=CARTESIAN_POINT('Origin',(-19.5000241809461,0.,11.7957299599661));
#3718=CARTESIAN_POINT('',(-17.5000241809461,-1.4,11.7957299599661));
#3719=CARTESIAN_POINT('Origin',(-19.5000241809461,-1.4,11.7957299599661));
#3720=CARTESIAN_POINT('',(-17.5000241809461,0.,11.7957299599661));
#3721=CARTESIAN_POINT('Origin',(19.5000241809461,0.,11.7957299599661));
#3722=CARTESIAN_POINT('',(17.5000241809461,-1.4,11.7957299599661));
#3723=CARTESIAN_POINT('',(17.5000241809461,0.,11.7957299599661));
#3724=CARTESIAN_POINT('',(19.5000241809461,-1.4,13.7957299599661));
#3725=CARTESIAN_POINT('Origin',(19.5000241809461,-1.4,11.7957299599661));
#3726=CARTESIAN_POINT('',(19.5000241809461,0.,13.7957299599661));
#3727=CARTESIAN_POINT('Origin',(103.500024180946,0.,13.795729959966));
#3728=CARTESIAN_POINT('',(101.500024180946,-1.4,13.795729959966));
#3729=CARTESIAN_POINT('',(51.750005270211,-1.4,13.795729959966));
#3730=CARTESIAN_POINT('',(101.500024180946,0.,13.795729959966));
#3731=CARTESIAN_POINT('Origin',(101.500024180946,0.,11.795729959966));
#3732=CARTESIAN_POINT('',(103.500024180946,-1.4,11.795729959966));
#3733=CARTESIAN_POINT('Origin',(101.500024180946,-1.4,11.795729959966));
#3734=CARTESIAN_POINT('',(103.500024180946,0.,11.795729959966));
#3735=CARTESIAN_POINT('Origin',(101.500024180946,0.,-26.204270040034));
#3736=CARTESIAN_POINT('',(103.500024180946,-1.4,-26.204270040034));
#3737=CARTESIAN_POINT('',(103.500024180946,0.,-26.204270040034));
#3738=CARTESIAN_POINT('Origin',(101.500024180946,-1.4,-26.204270040034));
#3739=CARTESIAN_POINT('Origin',(92.0954324373198,0.,36.8353979298315));
#3740=CARTESIAN_POINT('',(93.0958939081812,2.6,38.5671822250952));
#3741=CARTESIAN_POINT('',(92.351034630715,2.6,38.8189975665353));
#3742=CARTESIAN_POINT('Origin',(92.0954324373198,2.6,36.8353979298315));
#3743=CARTESIAN_POINT('',(92.3510346307149,-5.6926120512188,38.8189975665353));
#3744=CARTESIAN_POINT('',(92.3510346307149,0.,38.8189975665353));
#3745=CARTESIAN_POINT('',(93.0958939081812,-5.73701389007102,38.5671822250952));
#3746=CARTESIAN_POINT('Origin',(92.0954324373198,-6.04237418609319,36.8353979298315));
#3747=CARTESIAN_POINT('',(93.0958939081812,0.,38.5671822250952));
#3748=CARTESIAN_POINT('Origin',(126.390882032301,0.,19.3324814127195));
#3749=CARTESIAN_POINT('',(125.391343503162,-9.0267925342058,19.909920410047));
#3750=CARTESIAN_POINT('',(82.3459961773321,-4.64197466859888,44.7774582535984));
#3751=CARTESIAN_POINT('',(125.391343503162,2.6,19.909920410047));
#3752=CARTESIAN_POINT('',(125.391343503162,0.,19.909920410047));
#3753=CARTESIAN_POINT('',(126.390882032301,2.6,19.3324814127195));
#3754=CARTESIAN_POINT('Origin',(-2.79452603280106E-7,-11.7683398014861,
4.3618332354977));
#3755=CARTESIAN_POINT('',(9.83567813211645,-3.81777249623321,49.4517410494253));
#3756=CARTESIAN_POINT('',(49.3384433372668,-4.71531872133111,44.361503460761));
#3757=CARTESIAN_POINT('',(9.58007595330739,-3.81488066969068,49.4681414127214));
#3758=CARTESIAN_POINT('Origin',(9.58007593872129,-4.16753463110761,47.4681414127214));
#3759=CARTESIAN_POINT('',(3.60773818356916E-7,-3.81488065737106,49.4681414825894));
#3760=CARTESIAN_POINT('',(4.8542016254473,-3.81488066361338,49.4681414471875));
#3761=CARTESIAN_POINT('',(-9.58007523992503,-3.81488065737106,49.4681414825894));
#3762=CARTESIAN_POINT('',(4.06606076586158E-8,-3.81488065737106,49.4681414825894));
#3763=CARTESIAN_POINT('',(-9.83567740272351,-3.81777248321841,49.4517411232359));
#3764=CARTESIAN_POINT('Origin',(-9.58007523992503,-4.16753461878799,47.4681414825894));
#3765=CARTESIAN_POINT('',(-92.3510340619804,-5.69261181370154,38.8189989135626));
#3766=CARTESIAN_POINT('',(-7.83936529374384,-3.77241408437769,49.7089813859482));
#3767=CARTESIAN_POINT('',(-93.0958933474828,-5.73701365095082,38.5671835812132));
#3768=CARTESIAN_POINT('Origin',(-92.0954318991819,-6.04237394927113,36.8353992729162));
#3769=CARTESIAN_POINT('',(-125.391344039506,-9.02679230789252,19.9099216935333));
#3770=CARTESIAN_POINT('',(-65.6547651689976,-2.94172094347735,54.4200762936175));
#3771=CARTESIAN_POINT('',(-126.390882591205,-9.33215260621284,18.1781373852363));
#3772=CARTESIAN_POINT('Origin',(-124.390882591205,-9.33215260621283,18.1781373852363));
#3773=CARTESIAN_POINT('',(-126.390882591205,-14.,-8.29454067589877));
#3774=CARTESIAN_POINT('',(-126.390882591205,-10.3108444497761,12.6277001258277));
#3775=CARTESIAN_POINT('',(126.3908820323,-14.,-8.29454067589876));
#3776=CARTESIAN_POINT('',(-2.79452598839214E-7,-14.,-8.29454067589877));
#3777=CARTESIAN_POINT('',(126.3908820323,-9.33215283022798,18.1781361147833));
#3778=CARTESIAN_POINT('',(126.3908820323,-15.7964577008726,-18.4827585745695));
#3779=CARTESIAN_POINT('Origin',(124.390882032301,-9.33215283022798,18.1781361147833));
#3780=CARTESIAN_POINT('Origin',(9.58007593872129,0.,47.4681414127214));
#3781=CARTESIAN_POINT('',(9.83567813211645,2.6,49.4517410494253));
#3782=CARTESIAN_POINT('',(9.58007595330739,2.6,49.4681414127214));
#3783=CARTESIAN_POINT('Origin',(9.58007593872129,2.6,47.4681414127214));
#3784=CARTESIAN_POINT('',(9.58007595330739,0.,49.4681414127214));
#3785=CARTESIAN_POINT('',(9.83567813211645,0.,49.4517410494253));
#3786=CARTESIAN_POINT('Origin',(9.70840319606242,0.,49.4681414117855));
#3787=CARTESIAN_POINT('',(3.60773810825776E-7,2.6,49.4681414825894));
#3788=CARTESIAN_POINT('',(3.60773818356916E-7,2.6,49.4681414825894));
#3789=CARTESIAN_POINT('',(3.60773818356916E-7,0.,49.4681414825894));
#3790=CARTESIAN_POINT('Origin',(-2.79452478935127E-7,2.6,34.4003114476545));
#3791=CARTESIAN_POINT('',(126.024126329132,2.6,19.3324814127195));
#3792=CARTESIAN_POINT('Origin',(124.390882032301,2.6,18.1781361147833));
#3793=CARTESIAN_POINT('',(90.3648031682247,2.6,19.3324814127195));
#3794=CARTESIAN_POINT('',(126.390882032301,2.6,19.3324814127195));
#3795=CARTESIAN_POINT('',(90.3648031682247,2.6,34.916356822457));
#3796=CARTESIAN_POINT('',(90.3648031682247,2.6,36.7717506572019));
#3797=CARTESIAN_POINT('',(88.514622381016,2.6,36.9107374790716));
#3798=CARTESIAN_POINT('Origin',(88.3648031682247,2.6,34.916356822457));
#3799=CARTESIAN_POINT('',(70.6891799426025,2.6,38.2497966726728));
#3800=CARTESIAN_POINT('',(90.3648031682247,2.6,36.7717506572019));
#3801=CARTESIAN_POINT('',(9.37421931988377,2.6,46.9681413341056));
#3802=CARTESIAN_POINT('',(70.6891799426025,2.6,38.2497966726728));
#3803=CARTESIAN_POINT('',(4.1821047478514,2.6,46.9681414098383));
#3804=CARTESIAN_POINT('',(9.37421931988377,2.6,46.9681413341056));
#3805=CARTESIAN_POINT('',(2.23693973324701,2.6,45.4332577172805));
#3806=CARTESIAN_POINT('Origin',(4.18210471867919,2.6,44.9681414098383));
#3807=CARTESIAN_POINT('',(-2.23693974104888,2.6,45.4332577499087));
#3808=CARTESIAN_POINT('Origin',(0.,2.6,45.9681414708389));
#3809=CARTESIAN_POINT('',(-4.1821047332653,2.6,46.9681414708389));
#3810=CARTESIAN_POINT('Origin',(-4.1821047332653,2.6,44.9681414708389));
#3811=CARTESIAN_POINT('',(-9.37421951053221,2.6,46.9681414708389));
#3812=CARTESIAN_POINT('',(-9.37421951053224,2.6,46.9681414708389));
#3813=CARTESIAN_POINT('',(-70.6891793846868,2.6,38.2497977037528));
#3814=CARTESIAN_POINT('',(-70.6891793846868,2.6,38.2497977037528));
#3815=CARTESIAN_POINT('',(-88.514621815569,2.6,36.9107387721884));
#3816=CARTESIAN_POINT('',(-70.6891793846868,2.6,38.2497977037528));
#3817=CARTESIAN_POINT('',(-90.3648026318679,2.6,34.9163581133885));
#3818=CARTESIAN_POINT('Origin',(-88.3648026318679,2.6,34.9163581133885));
#3819=CARTESIAN_POINT('',(-90.3648026318679,2.6,19.3324827005395));
#3820=CARTESIAN_POINT('',(-90.3648026318679,2.6,19.3324827005395));
#3821=CARTESIAN_POINT('',(-126.024126875762,2.6,19.3324827005395));
#3822=CARTESIAN_POINT('',(-90.3648026318679,2.6,19.3324827005395));
#3823=CARTESIAN_POINT('',(-125.391344039506,2.6,19.9099216935333));
#3824=CARTESIAN_POINT('Origin',(-124.390882591205,2.6,18.1781373852363));
#3825=CARTESIAN_POINT('',(-93.0958933474828,2.6,38.5671835812132));
#3826=CARTESIAN_POINT('',(-126.390882591205,2.6,19.3324827005395));
#3827=CARTESIAN_POINT('',(-92.3510340619804,2.6,38.8189989135626));
#3828=CARTESIAN_POINT('Origin',(-92.0954318991819,2.6,36.8353992729162));
#3829=CARTESIAN_POINT('',(-9.83567740272351,2.6,49.4517411232359));
#3830=CARTESIAN_POINT('',(-92.7487056435339,2.6,38.7677558530953));
#3831=CARTESIAN_POINT('',(-9.58007523992503,2.6,49.4681414825894));
#3832=CARTESIAN_POINT('Origin',(-9.58007523992503,2.6,47.4681414825894));
#3833=CARTESIAN_POINT('',(-9.70840247451478,2.6,49.4681414825894));
#3834=CARTESIAN_POINT('',(9.70840319606242,2.6,49.4681414117855));
#3835=CARTESIAN_POINT('',(-1.,2.6,45.9681414708389));
#3836=CARTESIAN_POINT('Origin',(0.,2.6,45.9681414708389));
#3837=CARTESIAN_POINT('Origin',(-9.58007523992503,0.,47.4681414825894));
#3838=CARTESIAN_POINT('',(-9.83567740272351,0.,49.4517411232359));
#3839=CARTESIAN_POINT('',(-9.58007523992503,0.,49.4681414825894));
#3840=CARTESIAN_POINT('Origin',(3.60773818597337E-7,0.,49.4681414825894));
#3841=CARTESIAN_POINT('Origin',(-92.0954318991819,0.,36.8353992729162));
#3842=CARTESIAN_POINT('',(-93.0958933474828,0.,38.5671835812132));
#3843=CARTESIAN_POINT('',(-92.3510340619804,0.,38.8189989135626));
#3844=CARTESIAN_POINT('Origin',(-92.7487056435339,0.,38.7677558530953));
#3845=CARTESIAN_POINT('',(-125.391344039506,0.,19.9099216935333));
#3846=CARTESIAN_POINT('Origin',(-124.390882591205,0.,18.1781373852363));
#3847=CARTESIAN_POINT('',(-126.024126875762,-1.4,19.3324827005395));
#3848=CARTESIAN_POINT('',(-126.024126875762,0.,19.3324827005395));
#3849=CARTESIAN_POINT('',(-126.390882591205,-1.4,18.1781373852363));
#3850=CARTESIAN_POINT('Origin',(-124.390882591205,-1.4,18.1781373852363));
#3851=CARTESIAN_POINT('',(-126.390882591205,0.,18.1781373852363));
#3852=CARTESIAN_POINT('Origin',(-124.390882591205,0.,-42.824094473063));
#3853=CARTESIAN_POINT('',(-126.390882591205,2.6,-42.824094473063));
#3854=CARTESIAN_POINT('',(-124.390882670647,2.6,-44.824094473063));
#3855=CARTESIAN_POINT('Origin',(-124.390882591205,2.6,-42.824094473063));
#3856=CARTESIAN_POINT('',(-124.390882670647,-14.,-44.824094473063));
#3857=CARTESIAN_POINT('',(-124.390882670647,0.,-44.824094473063));
#3858=CARTESIAN_POINT('',(-126.390882591205,-14.,-42.824094473063));
#3859=CARTESIAN_POINT('Origin',(-124.390882591205,-14.,-42.824094473063));
#3860=CARTESIAN_POINT('',(-126.390882591205,0.,-42.824094473063));
#3861=CARTESIAN_POINT('Origin',(-126.390882591204,0.,-44.8240943936208));
#3862=CARTESIAN_POINT('',(-85.227637049418,2.6,-44.8240960286698));
#3863=CARTESIAN_POINT('',(-85.227637049418,2.6,-44.8240960286698));
#3864=CARTESIAN_POINT('',(-85.227637049418,-14.,-44.8240960286698));
#3865=CARTESIAN_POINT('',(-85.227637049418,0.,-44.8240960286698));
#3866=CARTESIAN_POINT('',(-63.1954423716762,-14.,-44.8240969038125));
#3867=CARTESIAN_POINT('Origin',(-1.36405240169779E-5,2.6,-37.9606233600541));
#3868=CARTESIAN_POINT('',(-126.390890952277,2.6,-41.8240952111377));
#3869=CARTESIAN_POINT('',(-126.390882591205,2.6,-44.8240943936208));
#3870=CARTESIAN_POINT('',(-93.121959102414,2.6,-41.8240952111438));
#3871=CARTESIAN_POINT('',(-85.4398556289079,2.6,-41.8240952111452));
#3872=CARTESIAN_POINT('',(-91.1767941583542,2.6,-40.2892116916111));
#3873=CARTESIAN_POINT('Origin',(-93.1219591024137,2.6,-39.8240952111438));
#3874=CARTESIAN_POINT('',(-86.6873416039128,2.6,-40.3591378223929));
#3875=CARTESIAN_POINT('Origin',(-88.9398544726859,2.6,-40.8240956441485));
#3876=CARTESIAN_POINT('',(-85.4398556289079,2.6,-41.8240952111452));
#3877=CARTESIAN_POINT('Origin',(-84.7286347615014,2.6,-39.9548266730403));
#3878=CARTESIAN_POINT('',(-41.6799924984442,2.6,-35.6019036762517));
#3879=CARTESIAN_POINT('',(-9.99865413426178,2.6,-31.0971506914385));
#3880=CARTESIAN_POINT('',(-40.9690859414107,2.6,-40.6016150004896));
#3881=CARTESIAN_POINT('',(-40.6064060287667,2.6,-43.1522946198852));
#3882=CARTESIAN_POINT('',(-38.7074551620168,2.6,-42.3001514933851));
#3883=CARTESIAN_POINT('Origin',(-38.989002305266,2.6,-40.3200678572403));
#3884=CARTESIAN_POINT('',(-17.9165769824969,2.6,-39.3439064892684));
#3885=CARTESIAN_POINT('',(-8.04938626283292,2.6,-37.9408953697858));
#3886=CARTESIAN_POINT('',(-16.2180404896014,2.6,-37.0822757098744));
#3887=CARTESIAN_POINT('Origin',(-18.1981241257461,2.6,-37.3638228531236));
#3888=CARTESIAN_POINT('',(-16.9289469055081,2.6,-32.0825653781621));
#3889=CARTESIAN_POINT('',(-16.3515873565353,2.6,-36.1430583453415));
#3890=CARTESIAN_POINT('',(-9.99865413426178,2.6,-31.0971506914385));
#3891=CARTESIAN_POINT('',(-9.99865413426178,2.6,-31.0971506914385));
#3892=CARTESIAN_POINT('',(-2.26793197555253E-7,2.6,-31.0971506930283));
#3893=CARTESIAN_POINT('',(-2.26793191451184E-7,2.6,-31.0971506930283));
#3894=CARTESIAN_POINT('',(9.99865245688524,2.6,-31.0971506930306));
#3895=CARTESIAN_POINT('',(-2.26793191451184E-7,2.6,-31.0971506930283));
#3896=CARTESIAN_POINT('',(16.9288915997547,2.6,-32.0828845914206));
#3897=CARTESIAN_POINT('',(9.99865245688523,2.6,-31.0971506930306));
#3898=CARTESIAN_POINT('',(16.2177550931758,2.6,-37.0825630679841));
#3899=CARTESIAN_POINT('',(15.8549288480351,2.6,-39.6334299575063));
#3900=CARTESIAN_POINT('',(17.9161875565359,2.6,-39.3442719721988));
#3901=CARTESIAN_POINT('Origin',(18.1978257769633,2.6,-37.3642012884114));
#3902=CARTESIAN_POINT('',(38.7069297363042,2.6,-42.3014732866869));
#3903=CARTESIAN_POINT('',(20.4246814144972,2.6,-39.7010712278486));
#3904=CARTESIAN_POINT('',(40.9686386405191,2.6,-40.6030408233266));
#3905=CARTESIAN_POINT('Origin',(38.9885679567316,2.6,-40.3214026028994));
#3906=CARTESIAN_POINT('',(41.6797751470977,2.6,-35.6033623467635));
#3907=CARTESIAN_POINT('',(41.1021997588816,2.6,-39.664033132672));
#3908=CARTESIAN_POINT('',(85.4149586513541,2.6,-41.8240994917575));
#3909=CARTESIAN_POINT('',(9.99865245688523,2.6,-31.0971506930306));
#3910=CARTESIAN_POINT('',(86.6623953334722,2.6,-40.3591090640306));
#3911=CARTESIAN_POINT('Origin',(84.7036768893136,2.6,-39.9548541240324));
#3912=CARTESIAN_POINT('',(91.1518467777013,2.6,-40.2890578554236));
#3913=CARTESIAN_POINT('Origin',(88.9149215442546,2.6,-40.8240022450284));
#3914=CARTESIAN_POINT('',(93.0970540020235,2.6,-41.8238888202325));
#3915=CARTESIAN_POINT('Origin',(93.0969991546114,2.6,-39.8238888209846));
#3916=CARTESIAN_POINT('',(126.390882032301,2.6,-41.8229757800784));
#3917=CARTESIAN_POINT('',(85.4149586513541,2.6,-41.8240994917575));
#3918=CARTESIAN_POINT('',(126.390882032301,2.6,-42.8230126557172));
#3919=CARTESIAN_POINT('',(126.390882032301,2.6,-46.3229725095187));
#3920=CARTESIAN_POINT('',(124.390936744709,2.6,-44.8230126549688));
#3921=CARTESIAN_POINT('Origin',(124.390882032301,2.6,-42.8230126557172));
#3922=CARTESIAN_POINT('',(85.2275431670882,2.6,-44.8240840167605));
#3923=CARTESIAN_POINT('',(85.2275431670882,2.6,-44.8240840167605));
#3924=CARTESIAN_POINT('',(5.99999959745876,2.59999999999991,-44.8240895998942));
#3925=CARTESIAN_POINT('',(-85.227637049418,2.6,-44.8240960286698));
#3926=CARTESIAN_POINT('',(5.99999959745876,2.6,-42.3923596943619));
#3927=CARTESIAN_POINT('',(-6.00000040254124,2.59999999999991,-44.8240904455295));
#3928=CARTESIAN_POINT('',(-6.00000040254124,2.6,-42.3923596943619));
#3929=CARTESIAN_POINT('',(-85.227637049418,2.6,-44.8240960286698));
#3930=CARTESIAN_POINT('',(87.9149215442618,2.6,-40.8240022450311));
#3931=CARTESIAN_POINT('Origin',(88.9149215442618,2.6,-40.8240022450311));
#3932=CARTESIAN_POINT('',(-89.9398544726859,2.6,-40.8240956441485));
#3933=CARTESIAN_POINT('Origin',(-88.9398544726859,2.6,-40.8240956441485));
#3934=CARTESIAN_POINT('Origin',(124.390882032301,0.,-42.8230126557172));
#3935=CARTESIAN_POINT('',(126.390882032301,-14.,-42.8230126557172));
#3936=CARTESIAN_POINT('',(126.390882032301,0.,-42.8230126557172));
#3937=CARTESIAN_POINT('',(124.390936744709,-14.,-44.8230126549688));
#3938=CARTESIAN_POINT('Origin',(124.390882032301,-14.,-42.8230126557172));
#3939=CARTESIAN_POINT('',(124.390936744709,0.,-44.8230126549688));
#3940=CARTESIAN_POINT('Origin',(-2.79452594398322E-7,-14.,2.32202280723019));
#3941=CARTESIAN_POINT('',(85.2275431670882,-14.,-44.8240840167605));
#3942=CARTESIAN_POINT('',(-42.6138170032513,-14.,-44.8240930256907));
#3943=CARTESIAN_POINT('',(42.6144163449705,-14.,-44.8252497501591));
#3944=CARTESIAN_POINT('',(126.390882032301,-14.,-21.2504675684135));
#3945=CARTESIAN_POINT('',(-126.390882591205,-14.,10.8272527538839));
#3946=CARTESIAN_POINT('Origin',(126.390882032301,0.,-44.8229579440572));
#3947=CARTESIAN_POINT('',(126.390882032301,-1.4,-41.8229757800784));
#3948=CARTESIAN_POINT('',(126.390882032301,0.8,-41.8229757800784));
#3949=CARTESIAN_POINT('',(126.390882032301,-1.4,18.1781361147833));
#3950=CARTESIAN_POINT('',(126.390882032301,-1.4,-21.1254719973713));
#3951=CARTESIAN_POINT('',(126.390882032301,0.,18.1781361147833));
#3952=CARTESIAN_POINT('Origin',(124.390882032301,0.,18.1781361147833));
#3953=CARTESIAN_POINT('',(126.024126329132,-1.4,19.3324814127195));
#3954=CARTESIAN_POINT('Origin',(124.390882032301,-1.4,18.1781361147833));
#3955=CARTESIAN_POINT('',(126.024126329132,0.,19.3324814127195));
#3956=CARTESIAN_POINT('Origin',(-1.36405240169779E-5,-1.4,2.5720139493146));
#3957=CARTESIAN_POINT('',(-90.3648026318679,-1.4,19.3324827005395));
#3958=CARTESIAN_POINT('',(-63.1954481158647,-1.4,19.3324827005395));
#3959=CARTESIAN_POINT('',(-90.3648026318679,-1.4,34.9163581133885));
#3960=CARTESIAN_POINT('',(-90.3648026318679,-1.4,10.9522483249271));
#3961=CARTESIAN_POINT('',(-88.514621815569,-1.4,36.9107387721884));
#3962=CARTESIAN_POINT('Origin',(-88.3648026318679,-1.4,34.9163581133885));
#3963=CARTESIAN_POINT('',(-70.6891793846868,-1.4,38.2497977037528));
#3964=CARTESIAN_POINT('',(-46.7132919232144,-1.4,40.0508821016271));
#3965=CARTESIAN_POINT('',(-9.37421951053219,-1.4,46.9681414708389));
#3966=CARTESIAN_POINT('',(-38.5312637919443,-1.4,42.8223157898104));
#3967=CARTESIAN_POINT('',(-4.1821047332653,-1.4,46.9681414708389));
#3968=CARTESIAN_POINT('',(-4.68711657552809,-1.4,46.9681414708389));
#3969=CARTESIAN_POINT('',(-2.23693974104888,-1.4,45.4332577499087));
#3970=CARTESIAN_POINT('Origin',(-4.1821047332653,-1.4,44.9681414708389));
#3971=CARTESIAN_POINT('',(2.23693973324701,-1.4,45.4332577172805));
#3972=CARTESIAN_POINT('Origin',(0.,-1.4,45.9681414708389));
#3973=CARTESIAN_POINT('',(4.1821047478514,-1.4,46.9681414098383));
#3974=CARTESIAN_POINT('Origin',(4.18210471867919,-1.4,44.9681414098383));
#3975=CARTESIAN_POINT('',(9.37421931988377,-1.4,46.9681413341056));
#3976=CARTESIAN_POINT('',(1.14999351081438,-1.4,46.968141454065));
#3977=CARTESIAN_POINT('',(70.6891799426025,-1.4,38.2497966726729));
#3978=CARTESIAN_POINT('',(7.8737706628891,-1.4,47.1814894045537));
#3979=CARTESIAN_POINT('',(88.514622381016,-1.4,36.9107374790716));
#3980=CARTESIAN_POINT('',(36.8754673119563,-1.4,40.789905448334));
#3981=CARTESIAN_POINT('',(90.3648031682247,-1.4,34.916356822457));
#3982=CARTESIAN_POINT('Origin',(88.3648031682247,-1.4,34.916356822457));
#3983=CARTESIAN_POINT('',(90.3648031682246,-1.4,19.3324814127195));
#3984=CARTESIAN_POINT('',(90.3648031682247,-1.4,19.6718823032583));
#3985=CARTESIAN_POINT('',(45.1823947638503,-1.4,19.3324814127195));
#3986=CARTESIAN_POINT('',(93.0970540020235,-1.4,-41.8238888202325));
#3987=CARTESIAN_POINT('',(63.1960429809894,-1.4,-41.8247088167702));
#3988=CARTESIAN_POINT('',(91.1518467777013,-1.4,-40.2890578554236));
#3989=CARTESIAN_POINT('Origin',(93.0969991546114,-1.4,-39.8238888209846));
#3990=CARTESIAN_POINT('',(86.6623953334722,-1.4,-40.3591090640306));
#3991=CARTESIAN_POINT('Origin',(88.9149215442546,-1.4,-40.8240022450284));
#3992=CARTESIAN_POINT('',(85.414958651354,-1.4,-41.8240994917575));
#3993=CARTESIAN_POINT('Origin',(84.7036768893136,-1.4,-39.9548541240324));
#3994=CARTESIAN_POINT('',(41.6797751470977,-1.4,-35.6033623467635));
#3995=CARTESIAN_POINT('',(40.4596007622316,-1.4,-35.4298083014469));
#3996=CARTESIAN_POINT('',(40.9686386405191,-1.4,-40.6030408233266));
#3997=CARTESIAN_POINT('',(42.7228761467406,-1.4,-28.2697919723683));
#3998=CARTESIAN_POINT('',(38.7069297363042,-1.4,-42.3014732866869));
#3999=CARTESIAN_POINT('Origin',(38.9885679567316,-1.4,-40.3214026028994));
#4000=CARTESIAN_POINT('',(17.9161875565359,-1.4,-39.3442719721988));
#4001=CARTESIAN_POINT('',(5.93212835044123,-1.4,-37.6397019606649));
#4002=CARTESIAN_POINT('',(16.2177550931758,-1.4,-37.0825630679841));
#4003=CARTESIAN_POINT('Origin',(18.1978257769633,-1.4,-37.3642012884114));
#4004=CARTESIAN_POINT('',(16.9288915997547,-1.4,-32.0828845914206));
#4005=CARTESIAN_POINT('',(18.4683799629006,-1.4,-21.259439636852));
#4006=CARTESIAN_POINT('',(9.99865245688524,-1.4,-31.0971506930306));
#4007=CARTESIAN_POINT('',(40.4596007622316,-1.4,-35.4298083014469));
#4008=CARTESIAN_POINT('',(4.99931940817676,-1.4,-31.0971506930294));
#4009=CARTESIAN_POINT('',(103.500024180946,-1.4,-12.8161280453597));
#4010=CARTESIAN_POINT('',(17.5000241809461,-1.4,4.40284930696943));
#4011=CARTESIAN_POINT('',(17.5000241809461,-1.4,8.18387195464033));
#4012=CARTESIAN_POINT('',(-17.5000241809461,-1.4,4.40284930696943));
#4013=CARTESIAN_POINT('',(8.75000527021102,-1.4,4.40284930696943));
#4014=CARTESIAN_POINT('',(-17.5000241809461,-1.4,3.48743162814201));
#4015=CARTESIAN_POINT('',(-103.500461336006,-1.4,8.18387195464031));
#4016=CARTESIAN_POINT('',(-9.99865413426178,-1.4,-31.0971506914385));
#4017=CARTESIAN_POINT('',(-6.93633537028008E-6,-1.4,-31.0971506930283));
#4018=CARTESIAN_POINT('',(-16.9289469055081,-1.4,-32.0825653781621));
#4019=CARTESIAN_POINT('',(-2.75214239120328,-1.4,-30.0667730212908));
#4020=CARTESIAN_POINT('',(-16.2180404896014,-1.4,-37.0822757098744));
#4021=CARTESIAN_POINT('',(-17.9717554331408,-1.4,-24.7486316100267));
#4022=CARTESIAN_POINT('',(-17.9165769824969,-1.4,-39.3439064892684));
#4023=CARTESIAN_POINT('Origin',(-18.1981241257461,-1.4,-37.3638228531236));
#4024=CARTESIAN_POINT('',(-38.7074551620168,-1.4,-42.3001514933851));
#4025=CARTESIAN_POINT('',(-18.308561671575,-1.4,-39.3996426043459));
#4026=CARTESIAN_POINT('',(-40.9690859414108,-1.4,-40.6016150004896));
#4027=CARTESIAN_POINT('Origin',(-38.989002305266,-1.4,-40.3200678572403));
#4028=CARTESIAN_POINT('',(-41.6799924984442,-1.4,-35.6019036762517));
#4029=CARTESIAN_POINT('',(-43.2190277350914,-1.4,-24.7780734204506));
#4030=CARTESIAN_POINT('',(-85.4398556289079,-1.4,-41.8240952111452));
#4031=CARTESIAN_POINT('',(-2.75214239120328,-1.4,-30.0667730212908));
#4032=CARTESIAN_POINT('',(-86.6873416039128,-1.4,-40.3591378223929));
#4033=CARTESIAN_POINT('Origin',(-84.7286347615014,-1.4,-39.9548266730403));
#4034=CARTESIAN_POINT('',(-91.1767941583542,-1.4,-40.2892116916111));
#4035=CARTESIAN_POINT('Origin',(-88.9398544726859,-1.4,-40.8240956441485));
#4036=CARTESIAN_POINT('',(-93.121959102414,-1.4,-41.8240952111438));
#4037=CARTESIAN_POINT('Origin',(-93.1219591024137,-1.4,-39.8240952111438));
#4038=CARTESIAN_POINT('',(-126.390890952277,-1.4,-41.8240952111377));
#4039=CARTESIAN_POINT('',(-45.6199340553947,-1.4,-41.8240952111524));
#4040=CARTESIAN_POINT('',(-126.390882591205,-1.4,10.9522483249261));
#4041=CARTESIAN_POINT('',(9.93800877508077E-17,-1.4,8.59134930696944));
#4042=CARTESIAN_POINT('Origin',(0.,-1.4,9.40284930696944));
#4043=CARTESIAN_POINT('',(22.3269500767943,-1.4,-37.5509353189937));
#4044=CARTESIAN_POINT('Origin',(22.3269500767943,-1.4,-36.7394353189937));
#4045=CARTESIAN_POINT('',(-35.1977633189261,-1.4,-39.3804233890551));
#4046=CARTESIAN_POINT('Origin',(-35.1977633189261,-1.4,-38.5689233890551));
#4047=CARTESIAN_POINT('',(-22.3272196839852,-1.4,-37.5503669579352));
#4048=CARTESIAN_POINT('Origin',(-22.3272196839852,-1.4,-36.7388669579352));
#4049=CARTESIAN_POINT('',(35.1974095214126,-1.4,-39.381583751772));
#4050=CARTESIAN_POINT('Origin',(35.1974095214126,-1.4,-38.570083751772));
#4051=CARTESIAN_POINT('',(9.11994216283021E-15,-1.4,21.5913493069694));
#4052=CARTESIAN_POINT('Origin',(9.0205620750794E-15,-1.4,22.4028493069694));
#4053=CARTESIAN_POINT('Origin',(-88.3648026318679,0.,34.9163581133885));
#4054=CARTESIAN_POINT('',(-90.3648026318679,0.,34.9163581133885));
#4055=CARTESIAN_POINT('',(-88.514621815569,0.,36.9107387721884));
#4056=CARTESIAN_POINT('Origin',(-90.3648026318679,0.,36.7717519752727));
#4057=CARTESIAN_POINT('',(-90.3648026318679,1.6,19.3324827005395));
#4058=CARTESIAN_POINT('Origin',(-4.1821047332653,0.,44.9681414708389));
#4059=CARTESIAN_POINT('',(-2.23693974104888,0.,45.4332577499087));
#4060=CARTESIAN_POINT('',(-4.1821047332653,0.,46.9681414708389));
#4061=CARTESIAN_POINT('Origin',(0.,0.,45.9681414708389));
#4062=CARTESIAN_POINT('',(2.23693973324702,0.,45.4332577172805));
#4063=CARTESIAN_POINT('Origin',(4.18210471867919,0.,44.9681414098383));
#4064=CARTESIAN_POINT('',(4.1821047478514,0.,46.9681414098383));
#4065=CARTESIAN_POINT('Origin',(88.3648031682247,0.,34.916356822457));
#4066=CARTESIAN_POINT('',(88.514622381016,0.,36.9107374790716));
#4067=CARTESIAN_POINT('',(90.3648031682247,0.,34.916356822457));
#4068=CARTESIAN_POINT('Origin',(90.3648031682247,0.,36.7717506572019));
#4069=CARTESIAN_POINT('',(70.6891799426025,1.6,38.2497966726728));
#4070=CARTESIAN_POINT('Origin',(93.0969991546114,0.,-39.8238888209846));
#4071=CARTESIAN_POINT('',(91.1518467777013,0.,-40.2890578554236));
#4072=CARTESIAN_POINT('',(93.0970540020235,0.,-41.8238888202325));
#4073=CARTESIAN_POINT('Origin',(88.9149215442546,0.,-40.8240022450284));
#4074=CARTESIAN_POINT('',(86.6623953334722,1.6,-40.3591090640306));
#4075=CARTESIAN_POINT('Origin',(84.7036768893136,1.6,-39.9548541240324));
#4076=CARTESIAN_POINT('',(85.4149586513541,1.6,-41.8240994917575));
#4077=CARTESIAN_POINT('Origin',(38.9885679567316,-1.4,-40.3214026028994));
#4078=CARTESIAN_POINT('',(40.9686386405191,-1.4,-40.6030408233266));
#4079=CARTESIAN_POINT('',(38.7069297363042,-1.4,-42.3014732866869));
#4080=CARTESIAN_POINT('Origin',(40.6870004200911,-1.4,-42.5831115071142));
#4081=CARTESIAN_POINT('',(17.9161875565359,-1.4,-39.3442719721988));
#4082=CARTESIAN_POINT('Origin',(18.1978257769633,-1.4,-37.3642012884114));
#4083=CARTESIAN_POINT('',(16.2177550931758,-1.4,-37.0825630679841));
#4084=CARTESIAN_POINT('Origin',(-18.1981241257461,-1.4,-37.3638228531236));
#4085=CARTESIAN_POINT('',(-16.2180404896014,-1.4,-37.0822757098744));
#4086=CARTESIAN_POINT('',(-17.9165769824969,-1.4,-39.3439064892684));
#4087=CARTESIAN_POINT('Origin',(-16.9289469055081,-1.4,-32.0825653781621));
#4088=CARTESIAN_POINT('',(-16.928946908971,-0.7,-32.0825653538084));
#4089=CARTESIAN_POINT('Origin',(-38.989002305266,-1.4,-40.3200678572403));
#4090=CARTESIAN_POINT('',(-38.7074551620168,-1.4,-42.3001514933851));
#4091=CARTESIAN_POINT('',(-40.9690859414108,-1.4,-40.6016150004896));
#4092=CARTESIAN_POINT('Origin',(-40.6875387981615,-1.4,-42.5816986366343));
#4093=CARTESIAN_POINT('',(-41.6799925329324,-0.7,-35.6019034337011));
#4094=CARTESIAN_POINT('Origin',(-93.1219591024137,0.,-39.8240952111438));
#4095=CARTESIAN_POINT('',(-91.1767941583542,0.,-40.2892116916111));
#4096=CARTESIAN_POINT('',(-93.121959102414,0.,-41.8240952111438));
#4097=CARTESIAN_POINT('Origin',(-88.9398544726859,0.,-40.8240956441485));
#4098=CARTESIAN_POINT('',(-86.6873416039128,0.,-40.3591378223929));
#4099=CARTESIAN_POINT('Origin',(-84.7286347615014,0.,-39.9548266730403));
#4100=CARTESIAN_POINT('',(-85.4398556289079,0.,-41.8240952111452));
#4101=CARTESIAN_POINT('Origin',(15.0280925138398,-9.24379919617043,-1.6391992158554));
#4102=CARTESIAN_POINT('',(15.0280925138398,-9.,-2.4506992158554));
#4103=CARTESIAN_POINT('Origin',(15.0280925138398,-9.,-1.6391992158554));
#4104=CARTESIAN_POINT('',(15.0280925138398,-9.48759839234087,-1.6391992158554));
#4105=CARTESIAN_POINT('',(15.0280925138398,-9.24379919617043,-2.0449492158554));
#4106=CARTESIAN_POINT('Origin',(15.0280925138398,-7.,-1.6391992158554));
#4107=CARTESIAN_POINT('',(15.0280925138398,-7.,-2.4506992158554));
#4108=CARTESIAN_POINT('Origin',(-15.0280925138398,-9.24379919617043,-25.5472030055705));
#4109=CARTESIAN_POINT('',(-15.0280925138398,-9.,-26.3587030055705));
#4110=CARTESIAN_POINT('Origin',(-15.0280925138398,-9.,-25.5472030055705));
#4111=CARTESIAN_POINT('',(-15.0280925138398,-9.48759839234087,-25.5472030055705));
#4112=CARTESIAN_POINT('',(-15.0280925138398,-9.24379919617043,-25.9529530055705));
#4113=CARTESIAN_POINT('Origin',(-15.0280925138398,-7.,-25.5472030055705));
#4114=CARTESIAN_POINT('',(-15.0280925138398,-7.,-26.3587030055705));
#4115=CARTESIAN_POINT('Origin',(15.0280925138398,-9.24379919617043,-25.5472030055705));
#4116=CARTESIAN_POINT('',(15.0280925138398,-9.,-26.3587030055705));
#4117=CARTESIAN_POINT('Origin',(15.0280925138398,-9.,-25.5472030055705));
#4118=CARTESIAN_POINT('',(15.0280925138398,-9.48759839234087,-25.5472030055705));
#4119=CARTESIAN_POINT('',(15.0280925138398,-9.24379919617043,-25.9529530055705));
#4120=CARTESIAN_POINT('Origin',(15.0280925138398,-7.,-25.5472030055705));
#4121=CARTESIAN_POINT('',(15.0280925138398,-7.,-26.3587030055705));
#4122=CARTESIAN_POINT('Origin',(-15.0280925138398,-9.24379919617043,-1.6391992158554));
#4123=CARTESIAN_POINT('',(-15.0280925138398,-9.,-2.4506992158554));
#4124=CARTESIAN_POINT('Origin',(-15.0280925138398,-9.,-1.6391992158554));
#4125=CARTESIAN_POINT('',(-15.0280925138398,-9.48759839234087,-1.6391992158554));
#4126=CARTESIAN_POINT('',(-15.0280925138398,-9.24379919617043,-2.0449492158554));
#4127=CARTESIAN_POINT('Origin',(-15.0280925138398,-7.,-1.6391992158554));
#4128=CARTESIAN_POINT('',(-15.0280925138398,-7.,-2.4506992158554));
#4129=CARTESIAN_POINT('Origin',(0.,-6.64379919617043,9.40284930696944));
#4130=CARTESIAN_POINT('',(9.93800877508077E-17,-6.4,8.59134930696944));
#4131=CARTESIAN_POINT('Origin',(0.,-6.4,9.40284930696944));
#4132=CARTESIAN_POINT('',(0.,-6.88759839234086,9.40284930696944));
#4133=CARTESIAN_POINT('',(4.96900438754039E-17,-6.64379919617043,8.99709930696944));
#4134=CARTESIAN_POINT('Origin',(0.,-3.9,9.40284930696944));
#4135=CARTESIAN_POINT('',(9.93800877508077E-17,-3.9,8.59134930696944));
#4136=CARTESIAN_POINT('Origin',(22.3269500767943,-6.64379919617043,-36.7394353189937));
#4137=CARTESIAN_POINT('',(22.3269500767943,-6.4,-37.5509353189937));
#4138=CARTESIAN_POINT('Origin',(22.3269500767943,-6.4,-36.7394353189937));
#4139=CARTESIAN_POINT('',(22.3269500767943,-6.88759839234086,-36.7394353189937));
#4140=CARTESIAN_POINT('',(22.3269500767943,-6.64379919617043,-37.1451853189937));
#4141=CARTESIAN_POINT('Origin',(22.3269500767943,-3.9,-36.7394353189937));
#4142=CARTESIAN_POINT('',(22.3269500767943,-3.9,-37.5509353189937));
#4143=CARTESIAN_POINT('Origin',(-35.1977633189261,-6.64379919617043,-38.5689233890551));
#4144=CARTESIAN_POINT('',(-35.1977633189261,-6.4,-39.3804233890551));
#4145=CARTESIAN_POINT('Origin',(-35.1977633189261,-6.4,-38.5689233890551));
#4146=CARTESIAN_POINT('',(-35.1977633189261,-6.88759839234086,-38.5689233890551));
#4147=CARTESIAN_POINT('',(-35.1977633189261,-6.64379919617043,-38.9746733890551));
#4148=CARTESIAN_POINT('Origin',(-35.1977633189261,-3.9,-38.5689233890551));
#4149=CARTESIAN_POINT('',(-35.1977633189261,-3.9,-39.3804233890551));
#4150=CARTESIAN_POINT('Origin',(-22.3272196839852,-6.64379919617043,-36.7388669579352));
#4151=CARTESIAN_POINT('',(-22.3272196839852,-6.4,-37.5503669579352));
#4152=CARTESIAN_POINT('Origin',(-22.3272196839852,-6.4,-36.7388669579352));
#4153=CARTESIAN_POINT('',(-22.3272196839852,-6.88759839234086,-36.7388669579352));
#4154=CARTESIAN_POINT('',(-22.3272196839852,-6.64379919617043,-37.1446169579352));
#4155=CARTESIAN_POINT('Origin',(-22.3272196839852,-3.9,-36.7388669579352));
#4156=CARTESIAN_POINT('',(-22.3272196839852,-3.9,-37.5503669579352));
#4157=CARTESIAN_POINT('Origin',(35.1974095214126,-6.64379919617043,-38.570083751772));
#4158=CARTESIAN_POINT('',(35.1974095214126,-6.4,-39.381583751772));
#4159=CARTESIAN_POINT('Origin',(35.1974095214126,-6.4,-38.570083751772));
#4160=CARTESIAN_POINT('',(35.1974095214126,-6.88759839234086,-38.570083751772));
#4161=CARTESIAN_POINT('',(35.1974095214126,-6.64379919617043,-38.975833751772));
#4162=CARTESIAN_POINT('Origin',(35.1974095214126,-3.9,-38.570083751772));
#4163=CARTESIAN_POINT('',(35.1974095214126,-3.9,-39.381583751772));
#4164=CARTESIAN_POINT('Origin',(9.0205620750794E-15,-6.64379919617043,22.4028493069694));
#4165=CARTESIAN_POINT('',(9.11994216283021E-15,-6.4,21.5913493069694));
#4166=CARTESIAN_POINT('Origin',(9.0205620750794E-15,-6.4,22.4028493069694));
#4167=CARTESIAN_POINT('',(9.0205620750794E-15,-6.88759839234086,22.4028493069694));
#4168=CARTESIAN_POINT('',(9.0702521189548E-15,-6.64379919617043,21.9970993069694));
#4169=CARTESIAN_POINT('Origin',(9.0205620750794E-15,-3.9,22.4028493069694));
#4170=CARTESIAN_POINT('',(9.11994216283021E-15,-3.9,21.5913493069694));
#4171=CARTESIAN_POINT('Origin',(-15.9364933463522,-1.4,-39.0623593460192));
#4172=CARTESIAN_POINT('Origin',(41.6797751470977,-1.4,-35.6033623467635));
#4173=CARTESIAN_POINT('',(41.6797752522303,-0.7,-35.6033616076241));
#4174=CARTESIAN_POINT('Origin',(15.9361168727486,-1.4,-39.0626337517714));
#4175=CARTESIAN_POINT('',(16.9288917643903,-0.7,-32.0828834339425));
#4176=CARTESIAN_POINT('Origin',(-85.4398556289079,0.,-41.8240952111452));
#4177=CARTESIAN_POINT('',(-9.99865413426178,1.6,-31.0971506914385));
#4178=CARTESIAN_POINT('Origin',(9.99865245688523,0.,-31.0971506930306));
#4179=CARTESIAN_POINT('Origin',(85.2275431670882,0.,-44.8240840167605));
#4180=CARTESIAN_POINT('',(85.2275431670882,0.,-44.8240840167605));
#4181=CARTESIAN_POINT('Origin',(92.7487062090046,0.,38.7677545002527));
#4182=CARTESIAN_POINT('Origin',(-2.26793191451184E-7,0.,-31.0971506930283));
#4183=CARTESIAN_POINT('',(9.99865245688523,1.6,-31.0971506930306));
#4184=CARTESIAN_POINT('',(-2.26793191451184E-7,1.6,-31.0971506930283));
#4185=CARTESIAN_POINT('Origin',(5.99999959745876,-4.20000000000009,-46.8240960286698));
#4186=CARTESIAN_POINT('',(5.99999959745876,-2.10000000000005,-44.8240895998942));
#4187=CARTESIAN_POINT('Origin',(-6.00000040254124,2.59999999999991,-46.8240960286698));
#4188=CARTESIAN_POINT('',(-6.00000040254125,1.29999999999995,-44.8240904455295));
#4189=CARTESIAN_POINT('Origin',(-85.227637049418,0.,-44.8240960286698));
#4190=CARTESIAN_POINT('Origin',(17.5000241809461,0.,13.7957299599661));
#4191=CARTESIAN_POINT('',(17.5000241809461,0.,4.40284930696943));
#4192=CARTESIAN_POINT('Origin',(17.5000241809461,0.,4.40284930696943));
#4193=CARTESIAN_POINT('',(-17.5000241809461,0.,4.40284930696943));
#4194=CARTESIAN_POINT('Origin',(-17.5000241809461,0.,4.40284930696943));
#4195=CARTESIAN_POINT('Origin',(-103.500461336006,0.,13.795729959966));
#4196=CARTESIAN_POINT('Origin',(103.500024180946,0.,-28.204270040034));
#4197=CARTESIAN_POINT('Origin',(90.3648031682247,0.,19.3324814127195));
#4198=CARTESIAN_POINT('',(90.3648031682247,1.6,19.3324814127195));
#4199=CARTESIAN_POINT('Origin',(70.6891799426025,0.,38.2497966726728));
#4200=CARTESIAN_POINT('',(9.37421931988377,1.6,46.9681413341056));
#4201=CARTESIAN_POINT('Origin',(9.37421931988377,0.,46.9681413341056));
#4202=CARTESIAN_POINT('Origin',(3.425411843061E-7,0.,46.9681414708389));
#4203=CARTESIAN_POINT('',(-9.3742195105322,0.,46.9681414708389));
#4204=CARTESIAN_POINT('Origin',(-9.3742195105322,0.,46.9681414708389));
#4205=CARTESIAN_POINT('',(-70.6891793846868,1.6,38.2497977037528));
#4206=CARTESIAN_POINT('Origin',(-70.6891793846868,0.,38.2497977037528));
#4207=CARTESIAN_POINT('Origin',(-90.3648026318679,0.,19.3324827005395));
#4208=CARTESIAN_POINT('Origin',(-126.390882591205,0.,19.3324827005395));
#4209=CARTESIAN_POINT('',(-126.390890952277,0.,-41.8240952111377));
#4210=CARTESIAN_POINT('',(-126.390882591205,0.8,-41.8240952111377));
#4211=CARTESIAN_POINT('',(-126.390890952277,1.6,-41.8240952111377));
#4212=CARTESIAN_POINT('',(-126.390890952277,0.,-41.8240952111377));
#4213=CARTESIAN_POINT('',(-126.390890952277,0.,-41.8240952111377));
#4214=CARTESIAN_POINT('Origin',(-126.390890952277,0.,-41.8240952111377));
#4215=CARTESIAN_POINT('Origin',(88.9149215442618,1.6,-40.8240022450311));
#4216=CARTESIAN_POINT('',(87.9149215442618,1.6,-40.8240022450311));
#4217=CARTESIAN_POINT('Origin',(88.9149215442618,1.6,-40.8240022450311));
#4218=CARTESIAN_POINT('Origin',(0.,1.6,45.9681414708389));
#4219=CARTESIAN_POINT('',(-1.,1.6,45.9681414708389));
#4220=CARTESIAN_POINT('Origin',(0.,1.6,45.9681414708389));
#4221=CARTESIAN_POINT('Origin',(-88.9398544726859,1.6,-40.8240956441485));
#4222=CARTESIAN_POINT('',(-89.9398544726859,1.6,-40.8240956441485));
#4223=CARTESIAN_POINT('Origin',(-88.9398544726859,1.6,-40.8240956441485));
#4224=CARTESIAN_POINT('Origin',(88.9149215442618,0.,-40.8240022450311));
#4225=CARTESIAN_POINT('',(87.9149215442618,0.,-40.8240022450311));
#4226=CARTESIAN_POINT('Origin',(85.4149586513541,0.,-41.8240994917575));
#4227=CARTESIAN_POINT('Origin',(-88.9398544726859,0.,-40.8240956441485));
#4228=CARTESIAN_POINT('',(-89.9398544726859,0.,-40.8240956441485));
#4229=CARTESIAN_POINT('Origin',(9.99865245688523,0.,-31.0971506930306));
#4230=CARTESIAN_POINT('Origin',(-9.99865413426178,0.,-31.0971506914385));
#4231=CARTESIAN_POINT('Origin',(-85.4398556289079,0.,-41.8240952111452));
#4232=CARTESIAN_POINT('Origin',(0.,0.,45.9681414708389));
#4233=CARTESIAN_POINT('',(-1.,0.,45.9681414708389));
#4234=CARTESIAN_POINT('Origin',(126.390882032301,0.,19.3324814127195));
#4235=CARTESIAN_POINT('Origin',(-9.70840247451479,0.,49.4681414825894));
#4236=UNCERTAINTY_MEASURE_WITH_UNIT(LENGTH_MEASURE(0.01),#4240,
'DISTANCE_ACCURACY_VALUE',
'Maximum model space distance between geometric entities at asserted c
onnectivities');
#4237=UNCERTAINTY_MEASURE_WITH_UNIT(LENGTH_MEASURE(0.01),#4240,
'DISTANCE_ACCURACY_VALUE',
'Maximum model space distance between geometric entities at asserted c
onnectivities');
#4238=(
GEOMETRIC_REPRESENTATION_CONTEXT(3)
GLOBAL_UNCERTAINTY_ASSIGNED_CONTEXT((#4236))
GLOBAL_UNIT_ASSIGNED_CONTEXT((#4240,#4241,#4242))
REPRESENTATION_CONTEXT('','3D')
);
#4239=(
GEOMETRIC_REPRESENTATION_CONTEXT(3)
GLOBAL_UNCERTAINTY_ASSIGNED_CONTEXT((#4237))
GLOBAL_UNIT_ASSIGNED_CONTEXT((#4240,#4241,#4242))
REPRESENTATION_CONTEXT('','3D')
);
#4240=(
LENGTH_UNIT()
NAMED_UNIT(*)
SI_UNIT(.MILLI.,.METRE.)
);
#4241=(
NAMED_UNIT(*)
PLANE_ANGLE_UNIT()
SI_UNIT($,.RADIAN.)
);
#4242=(
NAMED_UNIT(*)
SI_UNIT($,.STERADIAN.)
SOLID_ANGLE_UNIT()
);
#4243=SHAPE_DEFINITION_REPRESENTATION(#4244,#4245);
#4244=PRODUCT_DEFINITION_SHAPE('',$,#4247);
#4245=SHAPE_REPRESENTATION('',(#2516),#4238);
#4246=PRODUCT_DEFINITION_CONTEXT('part definition',#4251,'design');
#4247=PRODUCT_DEFINITION('2026-05-22-02-35-04-396','carot42',#4248,#4246);
#4248=PRODUCT_DEFINITION_FORMATION('',$,#4253);
#4249=PRODUCT_RELATED_PRODUCT_CATEGORY('carot42','carot42',(#4253));
#4250=APPLICATION_PROTOCOL_DEFINITION('international standard',
'automotive_design',2009,#4251);
#4251=APPLICATION_CONTEXT(
'Core Data for Automotive Mechanical Design Process');
#4252=PRODUCT_CONTEXT('part definition',#4251,'mechanical');
#4253=PRODUCT('2026-05-22-02-35-04-396','carot42',$,(#4252));
#4254=PRESENTATION_STYLE_ASSIGNMENT((#4255));
#4255=SURFACE_STYLE_USAGE(.BOTH.,#4256);
#4256=SURFACE_SIDE_STYLE('',(#4257));
#4257=SURFACE_STYLE_FILL_AREA(#4258);
#4258=FILL_AREA_STYLE('\X2\92FC\X0\ - \X2\30B530C630F3\X0\',(#4259));
#4259=FILL_AREA_STYLE_COLOUR('\X2\92FC\X0\ - \X2\30B530C630F3\X0\',#4260);
#4260=COLOUR_RGB('\X2\92FC\X0\ - \X2\30B530C630F3\X0\',0.627450980392157,
0.627450980392157,0.627450980392157);
ENDSEC;
END-ISO-10303-21;
