ISO-10303-21;
HEADER;
/* Generated by software containing ST-Developer
 * from STEP Tools, Inc. (www.steptools.com) 
 */

FILE_DESCRIPTION(
/* description */ (''),
/* implementation_level */ '2;1');

FILE_NAME(
/* name */ 'carot42_v3_screwtype_bottom.step',
/* time_stamp */ '2026-07-15T09:45:34+09:00',
/* author */ (''),
/* organization */ (''),
/* preprocessor_version */ 'ST-DEVELOPER v20.1',
/* originating_system */ 'Autodesk Translation Framework v15.8.0.0',
/* authorisation */ '');

FILE_SCHEMA (('AUTOMOTIVE_DESIGN { 1 0 10303 214 3 1 1 }'));
ENDSEC;

DATA;
#10=MECHANICAL_DESIGN_GEOMETRIC_PRESENTATION_REPRESENTATION('',(#13),#4228);
#11=SHAPE_REPRESENTATION_RELATIONSHIP('SRR','None',#4234,#12);
#12=ADVANCED_BREP_SHAPE_REPRESENTATION('',(#14),#4227);
#13=STYLED_ITEM('',(#4243),#14);
#14=MANIFOLD_SOLID_BREP('bottom_case',#2499);
#15=ELLIPSE('',#2531,1.87853923198863,1.85);
#16=ELLIPSE('',#2535,1.87853923198863,1.85);
#17=ELLIPSE('',#2680,2.03085322377149,2.);
#18=ELLIPSE('',#2683,2.03085322377149,2.);
#19=ELLIPSE('',#2684,2.03085322377149,2.);
#20=ELLIPSE('',#2685,2.03085322377149,2.);
#21=ELLIPSE('',#2686,2.03085322377149,2.);
#22=ELLIPSE('',#2687,2.03085322377149,2.);
#23=FACE_BOUND('',#314,.T.);
#24=FACE_BOUND('',#317,.T.);
#25=FACE_BOUND('',#320,.T.);
#26=FACE_BOUND('',#323,.T.);
#27=FACE_BOUND('',#351,.T.);
#28=FACE_BOUND('',#376,.T.);
#29=FACE_BOUND('',#377,.T.);
#30=FACE_BOUND('',#378,.T.);
#31=FACE_BOUND('',#379,.T.);
#32=FACE_BOUND('',#393,.T.);
#33=FACE_BOUND('',#394,.T.);
#34=FACE_BOUND('',#395,.T.);
#35=FACE_BOUND('',#396,.T.);
#36=FACE_BOUND('',#400,.T.);
#37=FACE_BOUND('',#401,.T.);
#38=FACE_BOUND('',#402,.T.);
#39=FACE_BOUND('',#403,.T.);
#40=FACE_BOUND('',#404,.T.);
#41=FACE_BOUND('',#407,.T.);
#42=FACE_BOUND('',#408,.T.);
#43=FACE_BOUND('',#409,.T.);
#44=FACE_BOUND('',#421,.T.);
#45=FACE_BOUND('',#422,.T.);
#46=PLANE('',#2524);
#47=PLANE('',#2528);
#48=PLANE('',#2532);
#49=PLANE('',#2536);
#50=PLANE('',#2537);
#51=PLANE('',#2538);
#52=PLANE('',#2542);
#53=PLANE('',#2546);
#54=PLANE('',#2550);
#55=PLANE('',#2554);
#56=PLANE('',#2558);
#57=PLANE('',#2562);
#58=PLANE('',#2563);
#59=PLANE('',#2567);
#60=PLANE('',#2571);
#61=PLANE('',#2575);
#62=PLANE('',#2579);
#63=PLANE('',#2583);
#64=PLANE('',#2587);
#65=PLANE('',#2591);
#66=PLANE('',#2601);
#67=PLANE('',#2627);
#68=PLANE('',#2630);
#69=PLANE('',#2633);
#70=PLANE('',#2636);
#71=PLANE('',#2639);
#72=PLANE('',#2642);
#73=PLANE('',#2645);
#74=PLANE('',#2648);
#75=PLANE('',#2655);
#76=PLANE('',#2658);
#77=PLANE('',#2665);
#78=PLANE('',#2668);
#79=PLANE('',#2674);
#80=PLANE('',#2678);
#81=PLANE('',#2682);
#82=PLANE('',#2690);
#83=PLANE('',#2696);
#84=PLANE('',#2699);
#85=PLANE('',#2701);
#86=PLANE('',#2703);
#87=PLANE('',#2706);
#88=PLANE('',#2707);
#89=PLANE('',#2720);
#90=PLANE('',#2721);
#91=PLANE('',#2722);
#92=PLANE('',#2723);
#93=PLANE('',#2724);
#94=PLANE('',#2725);
#95=PLANE('',#2726);
#96=PLANE('',#2727);
#97=PLANE('',#2728);
#98=PLANE('',#2729);
#99=PLANE('',#2730);
#100=PLANE('',#2731);
#101=PLANE('',#2732);
#102=PLANE('',#2733);
#103=PLANE('',#2734);
#104=PLANE('',#2736);
#105=PLANE('',#2738);
#106=PLANE('',#2742);
#107=PLANE('',#2743);
#108=PLANE('',#2744);
#109=PLANE('',#2745);
#110=PLANE('',#2746);
#111=PLANE('',#2748);
#112=PLANE('',#2749);
#113=PLANE('',#2750);
#114=PLANE('',#2751);
#115=CYLINDRICAL_SURFACE('',#2504,0.8115);
#116=CYLINDRICAL_SURFACE('',#2509,0.8115);
#117=CYLINDRICAL_SURFACE('',#2514,0.8115);
#118=CYLINDRICAL_SURFACE('',#2519,0.8115);
#119=CYLINDRICAL_SURFACE('',#2521,1.85);
#120=CYLINDRICAL_SURFACE('',#2525,1.85);
#121=CYLINDRICAL_SURFACE('',#2529,1.85);
#122=CYLINDRICAL_SURFACE('',#2533,1.85);
#123=CYLINDRICAL_SURFACE('',#2539,2.);
#124=CYLINDRICAL_SURFACE('',#2543,2.);
#125=CYLINDRICAL_SURFACE('',#2547,2.);
#126=CYLINDRICAL_SURFACE('',#2551,2.);
#127=CYLINDRICAL_SURFACE('',#2555,2.);
#128=CYLINDRICAL_SURFACE('',#2559,2.);
#129=CYLINDRICAL_SURFACE('',#2564,1.);
#130=CYLINDRICAL_SURFACE('',#2568,1.);
#131=CYLINDRICAL_SURFACE('',#2572,1.);
#132=CYLINDRICAL_SURFACE('',#2576,1.);
#133=CYLINDRICAL_SURFACE('',#2580,1.);
#134=CYLINDRICAL_SURFACE('',#2584,1.);
#135=CYLINDRICAL_SURFACE('',#2588,2.);
#136=CYLINDRICAL_SURFACE('',#2592,1.99999999999999);
#137=CYLINDRICAL_SURFACE('',#2595,2.3);
#138=CYLINDRICAL_SURFACE('',#2598,2.);
#139=CYLINDRICAL_SURFACE('',#2621,2.3);
#140=CYLINDRICAL_SURFACE('',#2623,2.);
#141=CYLINDRICAL_SURFACE('',#2625,2.);
#142=CYLINDRICAL_SURFACE('',#2628,2.);
#143=CYLINDRICAL_SURFACE('',#2631,2.);
#144=CYLINDRICAL_SURFACE('',#2634,2.);
#145=CYLINDRICAL_SURFACE('',#2637,2.);
#146=CYLINDRICAL_SURFACE('',#2640,2.);
#147=CYLINDRICAL_SURFACE('',#2643,2.);
#148=CYLINDRICAL_SURFACE('',#2646,2.);
#149=CYLINDRICAL_SURFACE('',#2653,2.);
#150=CYLINDRICAL_SURFACE('',#2656,1.99999999999999);
#151=CYLINDRICAL_SURFACE('',#2659,2.3);
#152=CYLINDRICAL_SURFACE('',#2661,2.00000000000001);
#153=CYLINDRICAL_SURFACE('',#2663,2.);
#154=CYLINDRICAL_SURFACE('',#2666,2.);
#155=CYLINDRICAL_SURFACE('',#2669,2.);
#156=CYLINDRICAL_SURFACE('',#2671,2.);
#157=CYLINDRICAL_SURFACE('',#2679,2.);
#158=CYLINDRICAL_SURFACE('',#2688,2.);
#159=CYLINDRICAL_SURFACE('',#2697,2.);
#160=CYLINDRICAL_SURFACE('',#2698,2.);
#161=CYLINDRICAL_SURFACE('',#2700,2.);
#162=CYLINDRICAL_SURFACE('',#2702,2.);
#163=CYLINDRICAL_SURFACE('',#2704,2.);
#164=CYLINDRICAL_SURFACE('',#2710,0.8115);
#165=CYLINDRICAL_SURFACE('',#2713,0.8115);
#166=CYLINDRICAL_SURFACE('',#2716,0.8115);
#167=CYLINDRICAL_SURFACE('',#2719,0.8115);
#168=CYLINDRICAL_SURFACE('',#2740,0.999999999999996);
#169=CYLINDRICAL_SURFACE('',#2741,0.999999999999996);
#170=CYLINDRICAL_SURFACE('',#2747,1.);
#171=FACE_OUTER_BOUND('',#304,.T.);
#172=FACE_OUTER_BOUND('',#305,.T.);
#173=FACE_OUTER_BOUND('',#306,.T.);
#174=FACE_OUTER_BOUND('',#307,.T.);
#175=FACE_OUTER_BOUND('',#308,.T.);
#176=FACE_OUTER_BOUND('',#309,.T.);
#177=FACE_OUTER_BOUND('',#310,.T.);
#178=FACE_OUTER_BOUND('',#311,.T.);
#179=FACE_OUTER_BOUND('',#312,.T.);
#180=FACE_OUTER_BOUND('',#313,.T.);
#181=FACE_OUTER_BOUND('',#315,.T.);
#182=FACE_OUTER_BOUND('',#316,.T.);
#183=FACE_OUTER_BOUND('',#318,.T.);
#184=FACE_OUTER_BOUND('',#319,.T.);
#185=FACE_OUTER_BOUND('',#321,.T.);
#186=FACE_OUTER_BOUND('',#322,.T.);
#187=FACE_OUTER_BOUND('',#324,.T.);
#188=FACE_OUTER_BOUND('',#325,.T.);
#189=FACE_OUTER_BOUND('',#326,.T.);
#190=FACE_OUTER_BOUND('',#327,.T.);
#191=FACE_OUTER_BOUND('',#328,.T.);
#192=FACE_OUTER_BOUND('',#329,.T.);
#193=FACE_OUTER_BOUND('',#330,.T.);
#194=FACE_OUTER_BOUND('',#331,.T.);
#195=FACE_OUTER_BOUND('',#332,.T.);
#196=FACE_OUTER_BOUND('',#333,.T.);
#197=FACE_OUTER_BOUND('',#334,.T.);
#198=FACE_OUTER_BOUND('',#335,.T.);
#199=FACE_OUTER_BOUND('',#336,.T.);
#200=FACE_OUTER_BOUND('',#337,.T.);
#201=FACE_OUTER_BOUND('',#338,.T.);
#202=FACE_OUTER_BOUND('',#339,.T.);
#203=FACE_OUTER_BOUND('',#340,.T.);
#204=FACE_OUTER_BOUND('',#341,.T.);
#205=FACE_OUTER_BOUND('',#342,.T.);
#206=FACE_OUTER_BOUND('',#343,.T.);
#207=FACE_OUTER_BOUND('',#344,.T.);
#208=FACE_OUTER_BOUND('',#345,.T.);
#209=FACE_OUTER_BOUND('',#346,.T.);
#210=FACE_OUTER_BOUND('',#347,.T.);
#211=FACE_OUTER_BOUND('',#348,.T.);
#212=FACE_OUTER_BOUND('',#349,.T.);
#213=FACE_OUTER_BOUND('',#350,.T.);
#214=FACE_OUTER_BOUND('',#352,.T.);
#215=FACE_OUTER_BOUND('',#353,.T.);
#216=FACE_OUTER_BOUND('',#354,.T.);
#217=FACE_OUTER_BOUND('',#355,.T.);
#218=FACE_OUTER_BOUND('',#356,.T.);
#219=FACE_OUTER_BOUND('',#357,.T.);
#220=FACE_OUTER_BOUND('',#358,.T.);
#221=FACE_OUTER_BOUND('',#359,.T.);
#222=FACE_OUTER_BOUND('',#360,.T.);
#223=FACE_OUTER_BOUND('',#361,.T.);
#224=FACE_OUTER_BOUND('',#362,.T.);
#225=FACE_OUTER_BOUND('',#363,.T.);
#226=FACE_OUTER_BOUND('',#364,.T.);
#227=FACE_OUTER_BOUND('',#365,.T.);
#228=FACE_OUTER_BOUND('',#366,.T.);
#229=FACE_OUTER_BOUND('',#367,.T.);
#230=FACE_OUTER_BOUND('',#368,.T.);
#231=FACE_OUTER_BOUND('',#369,.T.);
#232=FACE_OUTER_BOUND('',#370,.T.);
#233=FACE_OUTER_BOUND('',#371,.T.);
#234=FACE_OUTER_BOUND('',#372,.T.);
#235=FACE_OUTER_BOUND('',#373,.T.);
#236=FACE_OUTER_BOUND('',#374,.T.);
#237=FACE_OUTER_BOUND('',#375,.T.);
#238=FACE_OUTER_BOUND('',#380,.T.);
#239=FACE_OUTER_BOUND('',#381,.T.);
#240=FACE_OUTER_BOUND('',#382,.T.);
#241=FACE_OUTER_BOUND('',#383,.T.);
#242=FACE_OUTER_BOUND('',#384,.T.);
#243=FACE_OUTER_BOUND('',#385,.T.);
#244=FACE_OUTER_BOUND('',#386,.T.);
#245=FACE_OUTER_BOUND('',#387,.T.);
#246=FACE_OUTER_BOUND('',#388,.T.);
#247=FACE_OUTER_BOUND('',#389,.T.);
#248=FACE_OUTER_BOUND('',#390,.T.);
#249=FACE_OUTER_BOUND('',#391,.T.);
#250=FACE_OUTER_BOUND('',#392,.T.);
#251=FACE_OUTER_BOUND('',#397,.T.);
#252=FACE_OUTER_BOUND('',#398,.T.);
#253=FACE_OUTER_BOUND('',#399,.T.);
#254=FACE_OUTER_BOUND('',#405,.T.);
#255=FACE_OUTER_BOUND('',#406,.T.);
#256=FACE_OUTER_BOUND('',#410,.T.);
#257=FACE_OUTER_BOUND('',#411,.T.);
#258=FACE_OUTER_BOUND('',#412,.T.);
#259=FACE_OUTER_BOUND('',#413,.T.);
#260=FACE_OUTER_BOUND('',#414,.T.);
#261=FACE_OUTER_BOUND('',#415,.T.);
#262=FACE_OUTER_BOUND('',#416,.T.);
#263=FACE_OUTER_BOUND('',#417,.T.);
#264=FACE_OUTER_BOUND('',#418,.T.);
#265=FACE_OUTER_BOUND('',#419,.T.);
#266=FACE_OUTER_BOUND('',#420,.T.);
#267=FACE_OUTER_BOUND('',#423,.T.);
#268=FACE_OUTER_BOUND('',#424,.T.);
#269=FACE_OUTER_BOUND('',#425,.T.);
#270=FACE_OUTER_BOUND('',#426,.T.);
#271=FACE_OUTER_BOUND('',#427,.T.);
#272=FACE_OUTER_BOUND('',#428,.T.);
#273=FACE_OUTER_BOUND('',#429,.T.);
#274=FACE_OUTER_BOUND('',#430,.T.);
#275=FACE_OUTER_BOUND('',#431,.T.);
#276=FACE_OUTER_BOUND('',#432,.T.);
#277=FACE_OUTER_BOUND('',#433,.T.);
#278=FACE_OUTER_BOUND('',#434,.T.);
#279=FACE_OUTER_BOUND('',#435,.T.);
#280=FACE_OUTER_BOUND('',#436,.T.);
#281=FACE_OUTER_BOUND('',#437,.T.);
#282=FACE_OUTER_BOUND('',#438,.T.);
#283=FACE_OUTER_BOUND('',#439,.T.);
#284=FACE_OUTER_BOUND('',#440,.T.);
#285=FACE_OUTER_BOUND('',#441,.T.);
#286=FACE_OUTER_BOUND('',#442,.T.);
#287=FACE_OUTER_BOUND('',#443,.T.);
#288=FACE_OUTER_BOUND('',#444,.T.);
#289=FACE_OUTER_BOUND('',#445,.T.);
#290=FACE_OUTER_BOUND('',#446,.T.);
#291=FACE_OUTER_BOUND('',#447,.T.);
#292=FACE_OUTER_BOUND('',#448,.T.);
#293=FACE_OUTER_BOUND('',#449,.T.);
#294=FACE_OUTER_BOUND('',#450,.T.);
#295=FACE_OUTER_BOUND('',#451,.T.);
#296=FACE_OUTER_BOUND('',#452,.T.);
#297=FACE_OUTER_BOUND('',#453,.T.);
#298=FACE_OUTER_BOUND('',#454,.T.);
#299=FACE_OUTER_BOUND('',#455,.T.);
#300=FACE_OUTER_BOUND('',#456,.T.);
#301=FACE_OUTER_BOUND('',#457,.T.);
#302=FACE_OUTER_BOUND('',#458,.T.);
#303=FACE_OUTER_BOUND('',#459,.T.);
#304=EDGE_LOOP('',(#1644,#1645,#1646,#1647));
#305=EDGE_LOOP('',(#1648,#1649,#1650,#1651));
#306=EDGE_LOOP('',(#1652,#1653,#1654,#1655));
#307=EDGE_LOOP('',(#1656,#1657,#1658,#1659));
#308=EDGE_LOOP('',(#1660,#1661,#1662,#1663));
#309=EDGE_LOOP('',(#1664,#1665,#1666,#1667));
#310=EDGE_LOOP('',(#1668,#1669,#1670,#1671));
#311=EDGE_LOOP('',(#1672,#1673,#1674,#1675));
#312=EDGE_LOOP('',(#1676,#1677,#1678,#1679));
#313=EDGE_LOOP('',(#1680));
#314=EDGE_LOOP('',(#1681));
#315=EDGE_LOOP('',(#1682,#1683,#1684,#1685));
#316=EDGE_LOOP('',(#1686));
#317=EDGE_LOOP('',(#1687));
#318=EDGE_LOOP('',(#1688,#1689,#1690,#1691));
#319=EDGE_LOOP('',(#1692));
#320=EDGE_LOOP('',(#1693));
#321=EDGE_LOOP('',(#1694,#1695,#1696,#1697));
#322=EDGE_LOOP('',(#1698));
#323=EDGE_LOOP('',(#1699));
#324=EDGE_LOOP('',(#1700,#1701,#1702,#1703));
#325=EDGE_LOOP('',(#1704,#1705,#1706,#1707));
#326=EDGE_LOOP('',(#1708,#1709,#1710,#1711));
#327=EDGE_LOOP('',(#1712,#1713,#1714,#1715));
#328=EDGE_LOOP('',(#1716,#1717,#1718,#1719));
#329=EDGE_LOOP('',(#1720,#1721,#1722,#1723));
#330=EDGE_LOOP('',(#1724,#1725,#1726,#1727));
#331=EDGE_LOOP('',(#1728,#1729,#1730,#1731));
#332=EDGE_LOOP('',(#1732,#1733,#1734,#1735));
#333=EDGE_LOOP('',(#1736,#1737,#1738,#1739));
#334=EDGE_LOOP('',(#1740,#1741,#1742,#1743));
#335=EDGE_LOOP('',(#1744,#1745,#1746,#1747));
#336=EDGE_LOOP('',(#1748,#1749,#1750,#1751));
#337=EDGE_LOOP('',(#1752,#1753,#1754,#1755));
#338=EDGE_LOOP('',(#1756,#1757,#1758,#1759));
#339=EDGE_LOOP('',(#1760,#1761,#1762,#1763));
#340=EDGE_LOOP('',(#1764,#1765,#1766,#1767,#1768));
#341=EDGE_LOOP('',(#1769,#1770,#1771,#1772));
#342=EDGE_LOOP('',(#1773,#1774,#1775,#1776,#1777,#1778));
#343=EDGE_LOOP('',(#1779,#1780,#1781,#1782));
#344=EDGE_LOOP('',(#1783,#1784,#1785,#1786,#1787,#1788));
#345=EDGE_LOOP('',(#1789,#1790,#1791,#1792));
#346=EDGE_LOOP('',(#1793,#1794,#1795,#1796));
#347=EDGE_LOOP('',(#1797,#1798,#1799,#1800));
#348=EDGE_LOOP('',(#1801,#1802,#1803,#1804));
#349=EDGE_LOOP('',(#1805,#1806,#1807,#1808));
#350=EDGE_LOOP('',(#1809,#1810,#1811,#1812,#1813,#1814));
#351=EDGE_LOOP('',(#1815,#1816,#1817,#1818,#1819,#1820,#1821,#1822));
#352=EDGE_LOOP('',(#1823,#1824,#1825,#1826));
#353=EDGE_LOOP('',(#1827,#1828,#1829,#1830));
#354=EDGE_LOOP('',(#1831,#1832,#1833,#1834));
#355=EDGE_LOOP('',(#1835,#1836,#1837,#1838));
#356=EDGE_LOOP('',(#1839,#1840,#1841,#1842));
#357=EDGE_LOOP('',(#1843,#1844,#1845,#1846,#1847,#1848,#1849,#1850,#1851,
#1852,#1853,#1854,#1855,#1856,#1857,#1858,#1859,#1860,#1861,#1862,#1863,
#1864,#1865,#1866,#1867,#1868,#1869,#1870,#1871,#1872,#1873,#1874,#1875,
#1876,#1877,#1878,#1879,#1880,#1881,#1882,#1883,#1884,#1885,#1886,#1887,
#1888,#1889,#1890,#1891,#1892,#1893,#1894,#1895,#1896,#1897,#1898));
#358=EDGE_LOOP('',(#1899,#1900,#1901,#1902));
#359=EDGE_LOOP('',(#1903,#1904,#1905,#1906));
#360=EDGE_LOOP('',(#1907,#1908,#1909,#1910));
#361=EDGE_LOOP('',(#1911,#1912,#1913,#1914));
#362=EDGE_LOOP('',(#1915,#1916,#1917,#1918));
#363=EDGE_LOOP('',(#1919,#1920,#1921,#1922));
#364=EDGE_LOOP('',(#1923,#1924,#1925,#1926));
#365=EDGE_LOOP('',(#1927,#1928,#1929,#1930));
#366=EDGE_LOOP('',(#1931,#1932,#1933,#1934));
#367=EDGE_LOOP('',(#1935,#1936,#1937,#1938));
#368=EDGE_LOOP('',(#1939,#1940,#1941,#1942));
#369=EDGE_LOOP('',(#1943,#1944,#1945,#1946));
#370=EDGE_LOOP('',(#1947,#1948,#1949,#1950));
#371=EDGE_LOOP('',(#1951,#1952,#1953,#1954));
#372=EDGE_LOOP('',(#1955,#1956,#1957,#1958));
#373=EDGE_LOOP('',(#1959,#1960,#1961,#1962,#1963,#1964,#1965,#1966,#1967,
#1968));
#374=EDGE_LOOP('',(#1969,#1970,#1971,#1972));
#375=EDGE_LOOP('',(#1973,#1974,#1975,#1976,#1977,#1978,#1979,#1980,#1981,
#1982,#1983,#1984,#1985,#1986));
#376=EDGE_LOOP('',(#1987));
#377=EDGE_LOOP('',(#1988));
#378=EDGE_LOOP('',(#1989));
#379=EDGE_LOOP('',(#1990));
#380=EDGE_LOOP('',(#1991,#1992,#1993,#1994));
#381=EDGE_LOOP('',(#1995,#1996,#1997,#1998));
#382=EDGE_LOOP('',(#1999,#2000,#2001,#2002));
#383=EDGE_LOOP('',(#2003,#2004,#2005,#2006));
#384=EDGE_LOOP('',(#2007,#2008,#2009,#2010));
#385=EDGE_LOOP('',(#2011,#2012,#2013,#2014));
#386=EDGE_LOOP('',(#2015,#2016,#2017,#2018));
#387=EDGE_LOOP('',(#2019,#2020,#2021,#2022));
#388=EDGE_LOOP('',(#2023,#2024,#2025,#2026));
#389=EDGE_LOOP('',(#2027,#2028,#2029,#2030));
#390=EDGE_LOOP('',(#2031,#2032,#2033,#2034));
#391=EDGE_LOOP('',(#2035,#2036,#2037,#2038));
#392=EDGE_LOOP('',(#2039,#2040,#2041,#2042,#2043,#2044,#2045,#2046,#2047,
#2048,#2049,#2050,#2051,#2052,#2053,#2054,#2055,#2056,#2057,#2058,#2059,
#2060,#2061,#2062,#2063,#2064,#2065,#2066,#2067,#2068));
#393=EDGE_LOOP('',(#2069));
#394=EDGE_LOOP('',(#2070));
#395=EDGE_LOOP('',(#2071));
#396=EDGE_LOOP('',(#2072));
#397=EDGE_LOOP('',(#2073,#2074,#2075,#2076,#2077,#2078,#2079,#2080,#2081,
#2082));
#398=EDGE_LOOP('',(#2083,#2084,#2085,#2086,#2087,#2088));
#399=EDGE_LOOP('',(#2089,#2090,#2091,#2092,#2093,#2094,#2095,#2096,#2097,
#2098,#2099,#2100,#2101,#2102,#2103));
#400=EDGE_LOOP('',(#2104));
#401=EDGE_LOOP('',(#2105));
#402=EDGE_LOOP('',(#2106,#2107,#2108,#2109));
#403=EDGE_LOOP('',(#2110,#2111,#2112,#2113));
#404=EDGE_LOOP('',(#2114,#2115,#2116,#2117));
#405=EDGE_LOOP('',(#2118,#2119,#2120,#2121));
#406=EDGE_LOOP('',(#2122,#2123,#2124,#2125,#2126,#2127,#2128,#2129,#2130,
#2131,#2132,#2133,#2134,#2135,#2136,#2137,#2138,#2139,#2140,#2141,#2142,
#2143,#2144,#2145,#2146,#2147,#2148,#2149,#2150));
#407=EDGE_LOOP('',(#2151));
#408=EDGE_LOOP('',(#2152));
#409=EDGE_LOOP('',(#2153));
#410=EDGE_LOOP('',(#2154,#2155,#2156,#2157));
#411=EDGE_LOOP('',(#2158,#2159,#2160,#2161));
#412=EDGE_LOOP('',(#2162,#2163,#2164,#2165));
#413=EDGE_LOOP('',(#2166,#2167,#2168,#2169));
#414=EDGE_LOOP('',(#2170,#2171,#2172,#2173));
#415=EDGE_LOOP('',(#2174,#2175,#2176,#2177));
#416=EDGE_LOOP('',(#2178,#2179,#2180,#2181,#2182,#2183));
#417=EDGE_LOOP('',(#2184,#2185,#2186,#2187,#2188,#2189,#2190));
#418=EDGE_LOOP('',(#2191,#2192,#2193,#2194));
#419=EDGE_LOOP('',(#2195,#2196,#2197,#2198));
#420=EDGE_LOOP('',(#2199,#2200,#2201,#2202,#2203,#2204,#2205,#2206));
#421=EDGE_LOOP('',(#2207));
#422=EDGE_LOOP('',(#2208));
#423=EDGE_LOOP('',(#2209,#2210,#2211));
#424=EDGE_LOOP('',(#2212,#2213,#2214,#2215));
#425=EDGE_LOOP('',(#2216,#2217,#2218));
#426=EDGE_LOOP('',(#2219,#2220,#2221,#2222));
#427=EDGE_LOOP('',(#2223,#2224,#2225));
#428=EDGE_LOOP('',(#2226,#2227,#2228,#2229));
#429=EDGE_LOOP('',(#2230,#2231,#2232));
#430=EDGE_LOOP('',(#2233,#2234,#2235,#2236));
#431=EDGE_LOOP('',(#2237,#2238,#2239,#2240,#2241,#2242,#2243));
#432=EDGE_LOOP('',(#2244,#2245,#2246,#2247));
#433=EDGE_LOOP('',(#2248,#2249,#2250,#2251));
#434=EDGE_LOOP('',(#2252,#2253,#2254,#2255,#2256,#2257,#2258,#2259,#2260,
#2261));
#435=EDGE_LOOP('',(#2262,#2263,#2264,#2265));
#436=EDGE_LOOP('',(#2266,#2267,#2268,#2269));
#437=EDGE_LOOP('',(#2270,#2271,#2272,#2273));
#438=EDGE_LOOP('',(#2274,#2275,#2276,#2277));
#439=EDGE_LOOP('',(#2278,#2279,#2280,#2281));
#440=EDGE_LOOP('',(#2282,#2283,#2284,#2285));
#441=EDGE_LOOP('',(#2286,#2287,#2288,#2289));
#442=EDGE_LOOP('',(#2290,#2291,#2292,#2293));
#443=EDGE_LOOP('',(#2294,#2295,#2296,#2297));
#444=EDGE_LOOP('',(#2298,#2299,#2300,#2301,#2302,#2303));
#445=EDGE_LOOP('',(#2304));
#446=EDGE_LOOP('',(#2305));
#447=EDGE_LOOP('',(#2306));
#448=EDGE_LOOP('',(#2307,#2308,#2309,#2310));
#449=EDGE_LOOP('',(#2311,#2312,#2313,#2314));
#450=EDGE_LOOP('',(#2315,#2316,#2317,#2318));
#451=EDGE_LOOP('',(#2319,#2320,#2321,#2322,#2323,#2324,#2325));
#452=EDGE_LOOP('',(#2326,#2327,#2328,#2329));
#453=EDGE_LOOP('',(#2330,#2331,#2332,#2333));
#454=EDGE_LOOP('',(#2334,#2335,#2336,#2337));
#455=EDGE_LOOP('',(#2338,#2339,#2340,#2341));
#456=EDGE_LOOP('',(#2342,#2343,#2344,#2345));
#457=EDGE_LOOP('',(#2346,#2347,#2348,#2349));
#458=EDGE_LOOP('',(#2350,#2351,#2352,#2353));
#459=EDGE_LOOP('',(#2354,#2355,#2356,#2357));
#460=LINE('',#3500,#699);
#461=LINE('',#3504,#700);
#462=LINE('',#3510,#701);
#463=LINE('',#3514,#702);
#464=LINE('',#3520,#703);
#465=LINE('',#3524,#704);
#466=LINE('',#3530,#705);
#467=LINE('',#3534,#706);
#468=LINE('',#3540,#707);
#469=LINE('',#3547,#708);
#470=LINE('',#3554,#709);
#471=LINE('',#3561,#710);
#472=LINE('',#3567,#711);
#473=LINE('',#3569,#712);
#474=LINE('',#3571,#713);
#475=LINE('',#3572,#714);
#476=LINE('',#3576,#715);
#477=LINE('',#3578,#716);
#478=LINE('',#3580,#717);
#479=LINE('',#3581,#718);
#480=LINE('',#3586,#719);
#481=LINE('',#3590,#720);
#482=LINE('',#3592,#721);
#483=LINE('',#3593,#722);
#484=LINE('',#3600,#723);
#485=LINE('',#3602,#724);
#486=LINE('',#3604,#725);
#487=LINE('',#3605,#726);
#488=LINE('',#3610,#727);
#489=LINE('',#3614,#728);
#490=LINE('',#3616,#729);
#491=LINE('',#3617,#730);
#492=LINE('',#3627,#731);
#493=LINE('',#3630,#732);
#494=LINE('',#3632,#733);
#495=LINE('',#3633,#734);
#496=LINE('',#3644,#735);
#497=LINE('',#3647,#736);
#498=LINE('',#3650,#737);
#499=LINE('',#3652,#738);
#500=LINE('',#3654,#739);
#501=LINE('',#3655,#740);
#502=LINE('',#3661,#741);
#503=LINE('',#3664,#742);
#504=LINE('',#3666,#743);
#505=LINE('',#3668,#744);
#506=LINE('',#3670,#745);
#507=LINE('',#3671,#746);
#508=LINE('',#3676,#747);
#509=LINE('',#3680,#748);
#510=LINE('',#3682,#749);
#511=LINE('',#3684,#750);
#512=LINE('',#3686,#751);
#513=LINE('',#3687,#752);
#514=LINE('',#3692,#753);
#515=LINE('',#3695,#754);
#516=LINE('',#3696,#755);
#517=LINE('',#3702,#756);
#518=LINE('',#3705,#757);
#519=LINE('',#3708,#758);
#520=LINE('',#3710,#759);
#521=LINE('',#3711,#760);
#522=LINE('',#3716,#761);
#523=LINE('',#3720,#762);
#524=LINE('',#3722,#763);
#525=LINE('',#3723,#764);
#526=LINE('',#3729,#765);
#527=LINE('',#3732,#766);
#528=LINE('',#3735,#767);
#529=LINE('',#3737,#768);
#530=LINE('',#3738,#769);
#531=LINE('',#3743,#770);
#532=LINE('',#3749,#771);
#533=LINE('',#3756,#772);
#534=LINE('',#3759,#773);
#535=LINE('',#3762,#774);
#536=LINE('',#3764,#775);
#537=LINE('',#3768,#776);
#538=LINE('',#3770,#777);
#539=LINE('',#3774,#778);
#540=LINE('',#3776,#779);
#541=LINE('',#3778,#780);
#542=LINE('',#3781,#781);
#543=LINE('',#3787,#782);
#544=LINE('',#3788,#783);
#545=LINE('',#3790,#784);
#546=LINE('',#3794,#785);
#547=LINE('',#3798,#786);
#548=LINE('',#3802,#787);
#549=LINE('',#3804,#788);
#550=LINE('',#3806,#789);
#551=LINE('',#3810,#790);
#552=LINE('',#3814,#791);
#553=LINE('',#3817,#792);
#554=LINE('',#3819,#793);
#555=LINE('',#3821,#794);
#556=LINE('',#3829,#795);
#557=LINE('',#3833,#796);
#558=LINE('',#3835,#797);
#559=LINE('',#3837,#798);
#560=LINE('',#3841,#799);
#561=LINE('',#3843,#800);
#562=LINE('',#3847,#801);
#563=LINE('',#3849,#802);
#564=LINE('',#3853,#803);
#565=LINE('',#3858,#804);
#566=LINE('',#3862,#805);
#567=LINE('',#3865,#806);
#568=LINE('',#3868,#807);
#569=LINE('',#3871,#808);
#570=LINE('',#3872,#809);
#571=LINE('',#3875,#810);
#572=LINE('',#3878,#811);
#573=LINE('',#3881,#812);
#574=LINE('',#3882,#813);
#575=LINE('',#3887,#814);
#576=LINE('',#3888,#815);
#577=LINE('',#3891,#816);
#578=LINE('',#3892,#817);
#579=LINE('',#3896,#818);
#580=LINE('',#3899,#819);
#581=LINE('',#3900,#820);
#582=LINE('',#3905,#821);
#583=LINE('',#3906,#822);
#584=LINE('',#3909,#823);
#585=LINE('',#3910,#824);
#586=LINE('',#3914,#825);
#587=LINE('',#3917,#826);
#588=LINE('',#3918,#827);
#589=LINE('',#3922,#828);
#590=LINE('',#3925,#829);
#591=LINE('',#3926,#830);
#592=LINE('',#3930,#831);
#593=LINE('',#3932,#832);
#594=LINE('',#3934,#833);
#595=LINE('',#3935,#834);
#596=LINE('',#3946,#835);
#597=LINE('',#3949,#836);
#598=LINE('',#3952,#837);
#599=LINE('',#3953,#838);
#600=LINE('',#3958,#839);
#601=LINE('',#3959,#840);
#602=LINE('',#3962,#841);
#603=LINE('',#3963,#842);
#604=LINE('',#3967,#843);
#605=LINE('',#3972,#844);
#606=LINE('',#3975,#845);
#607=LINE('',#3978,#846);
#608=LINE('',#3979,#847);
#609=LINE('',#3982,#848);
#610=LINE('',#3985,#849);
#611=LINE('',#3988,#850);
#612=LINE('',#3989,#851);
#613=LINE('',#3997,#852);
#614=LINE('',#4000,#853);
#615=LINE('',#4002,#854);
#616=LINE('',#4004,#855);
#617=LINE('',#4006,#856);
#618=LINE('',#4010,#857);
#619=LINE('',#4012,#858);
#620=LINE('',#4013,#859);
#621=LINE('',#4015,#860);
#622=LINE('',#4017,#861);
#623=LINE('',#4018,#862);
#624=LINE('',#4020,#863);
#625=LINE('',#4022,#864);
#626=LINE('',#4024,#865);
#627=LINE('',#4025,#866);
#628=LINE('',#4027,#867);
#629=LINE('',#4029,#868);
#630=LINE('',#4030,#869);
#631=LINE('',#4037,#870);
#632=LINE('',#4039,#871);
#633=LINE('',#4040,#872);
#634=LINE('',#4042,#873);
#635=LINE('',#4044,#874);
#636=LINE('',#4045,#875);
#637=LINE('',#4050,#876);
#638=LINE('',#4053,#877);
#639=LINE('',#4056,#878);
#640=LINE('',#4058,#879);
#641=LINE('',#4062,#880);
#642=LINE('',#4066,#881);
#643=LINE('',#4070,#882);
#644=LINE('',#4072,#883);
#645=LINE('',#4076,#884);
#646=LINE('',#4079,#885);
#647=LINE('',#4084,#886);
#648=LINE('',#4085,#887);
#649=LINE('',#4088,#888);
#650=LINE('',#4089,#889);
#651=LINE('',#4090,#890);
#652=LINE('',#4091,#891);
#653=LINE('',#4093,#892);
#654=LINE('',#4097,#893);
#655=LINE('',#4099,#894);
#656=LINE('',#4103,#895);
#657=LINE('',#4107,#896);
#658=LINE('',#4111,#897);
#659=LINE('',#4112,#898);
#660=LINE('',#4113,#899);
#661=LINE('',#4117,#900);
#662=LINE('',#4119,#901);
#663=LINE('',#4121,#902);
#664=LINE('',#4122,#903);
#665=LINE('',#4124,#904);
#666=LINE('',#4126,#905);
#667=LINE('',#4128,#906);
#668=LINE('',#4130,#907);
#669=LINE('',#4131,#908);
#670=LINE('',#4134,#909);
#671=LINE('',#4135,#910);
#672=LINE('',#4136,#911);
#673=LINE('',#4140,#912);
#674=LINE('',#4143,#913);
#675=LINE('',#4144,#914);
#676=LINE('',#4147,#915);
#677=LINE('',#4148,#916);
#678=LINE('',#4153,#917);
#679=LINE('',#4155,#918);
#680=LINE('',#4160,#919);
#681=LINE('',#4162,#920);
#682=LINE('',#4167,#921);
#683=LINE('',#4169,#922);
#684=LINE('',#4174,#923);
#685=LINE('',#4176,#924);
#686=LINE('',#4178,#925);
#687=LINE('',#4179,#926);
#688=LINE('',#4181,#927);
#689=LINE('',#4183,#928);
#690=LINE('',#4185,#929);
#691=LINE('',#4187,#930);
#692=LINE('',#4191,#931);
#693=LINE('',#4195,#932);
#694=LINE('',#4199,#933);
#695=LINE('',#4210,#934);
#696=LINE('',#4212,#935);
#697=LINE('',#4219,#936);
#698=LINE('',#4223,#937);
#699=VECTOR('',#2758,1.28075);
#700=VECTOR('',#2763,0.8115);
#701=VECTOR('',#2770,1.28075);
#702=VECTOR('',#2775,0.8115);
#703=VECTOR('',#2782,1.28075);
#704=VECTOR('',#2787,0.8115);
#705=VECTOR('',#2794,1.28075);
#706=VECTOR('',#2799,0.8115);
#707=VECTOR('',#2806,1.85);
#708=VECTOR('',#2815,1.85);
#709=VECTOR('',#2824,1.85);
#710=VECTOR('',#2833,1.85);
#711=VECTOR('',#2840,10.);
#712=VECTOR('',#2841,10.);
#713=VECTOR('',#2842,10.);
#714=VECTOR('',#2843,10.);
#715=VECTOR('',#2846,10.);
#716=VECTOR('',#2847,10.);
#717=VECTOR('',#2848,10.);
#718=VECTOR('',#2849,10.);
#719=VECTOR('',#2854,10.);
#720=VECTOR('',#2859,10.);
#721=VECTOR('',#2860,10.);
#722=VECTOR('',#2861,10.);
#723=VECTOR('',#2870,10.);
#724=VECTOR('',#2871,10.);
#725=VECTOR('',#2872,10.);
#726=VECTOR('',#2873,10.);
#727=VECTOR('',#2878,10.);
#728=VECTOR('',#2883,10.);
#729=VECTOR('',#2884,10.);
#730=VECTOR('',#2885,10.);
#731=VECTOR('',#2900,10.);
#732=VECTOR('',#2903,10.);
#733=VECTOR('',#2904,10.);
#734=VECTOR('',#2905,10.);
#735=VECTOR('',#2920,10.);
#736=VECTOR('',#2923,10.);
#737=VECTOR('',#2926,10.);
#738=VECTOR('',#2927,10.);
#739=VECTOR('',#2928,10.);
#740=VECTOR('',#2929,10.);
#741=VECTOR('',#2934,10.);
#742=VECTOR('',#2937,10.);
#743=VECTOR('',#2940,10.);
#744=VECTOR('',#2941,10.);
#745=VECTOR('',#2942,10.);
#746=VECTOR('',#2943,10.);
#747=VECTOR('',#2948,10.);
#748=VECTOR('',#2953,10.);
#749=VECTOR('',#2954,10.);
#750=VECTOR('',#2955,10.);
#751=VECTOR('',#2956,10.);
#752=VECTOR('',#2957,10.);
#753=VECTOR('',#2962,10.);
#754=VECTOR('',#2967,10.);
#755=VECTOR('',#2968,10.);
#756=VECTOR('',#2973,10.);
#757=VECTOR('',#2976,10.);
#758=VECTOR('',#2979,10.);
#759=VECTOR('',#2980,10.);
#760=VECTOR('',#2981,10.);
#761=VECTOR('',#2986,10.);
#762=VECTOR('',#2991,10.);
#763=VECTOR('',#2992,10.);
#764=VECTOR('',#2993,10.);
#765=VECTOR('',#2998,10.);
#766=VECTOR('',#3001,10.);
#767=VECTOR('',#3004,10.);
#768=VECTOR('',#3005,1.99999999999999);
#769=VECTOR('',#3006,10.);
#770=VECTOR('',#3011,1.99999999999999);
#771=VECTOR('',#3018,2.);
#772=VECTOR('',#3025,2.);
#773=VECTOR('',#3028,2.);
#774=VECTOR('',#3031,10.);
#775=VECTOR('',#3032,10.);
#776=VECTOR('',#3035,10.);
#777=VECTOR('',#3036,10.);
#778=VECTOR('',#3039,10.);
#779=VECTOR('',#3040,10.);
#780=VECTOR('',#3041,10.);
#781=VECTOR('',#3044,10.);
#782=VECTOR('',#3049,10.);
#783=VECTOR('',#3050,10.);
#784=VECTOR('',#3051,10.);
#785=VECTOR('',#3054,10.);
#786=VECTOR('',#3057,10.);
#787=VECTOR('',#3060,10.);
#788=VECTOR('',#3061,10.);
#789=VECTOR('',#3062,10.);
#790=VECTOR('',#3065,10.);
#791=VECTOR('',#3068,10.);
#792=VECTOR('',#3071,10.);
#793=VECTOR('',#3072,10.);
#794=VECTOR('',#3073,10.);
#795=VECTOR('',#3080,10.);
#796=VECTOR('',#3083,10.);
#797=VECTOR('',#3084,10.);
#798=VECTOR('',#3085,10.);
#799=VECTOR('',#3088,10.);
#800=VECTOR('',#3089,10.);
#801=VECTOR('',#3092,10.);
#802=VECTOR('',#3093,10.);
#803=VECTOR('',#3096,10.);
#804=VECTOR('',#3103,2.);
#805=VECTOR('',#3108,10.);
#806=VECTOR('',#3111,10.);
#807=VECTOR('',#3114,10.);
#808=VECTOR('',#3117,2.00000000000001);
#809=VECTOR('',#3118,10.);
#810=VECTOR('',#3121,10.);
#811=VECTOR('',#3124,10.);
#812=VECTOR('',#3127,10.);
#813=VECTOR('',#3128,10.);
#814=VECTOR('',#3133,10.);
#815=VECTOR('',#3134,10.);
#816=VECTOR('',#3137,10.);
#817=VECTOR('',#3138,10.);
#818=VECTOR('',#3143,10.);
#819=VECTOR('',#3146,10.);
#820=VECTOR('',#3147,10.);
#821=VECTOR('',#3152,10.);
#822=VECTOR('',#3153,10.);
#823=VECTOR('',#3156,10.);
#824=VECTOR('',#3157,10.);
#825=VECTOR('',#3162,10.);
#826=VECTOR('',#3165,10.);
#827=VECTOR('',#3166,10.);
#828=VECTOR('',#3171,10.);
#829=VECTOR('',#3174,10.);
#830=VECTOR('',#3175,10.);
#831=VECTOR('',#3180,10.);
#832=VECTOR('',#3183,10.);
#833=VECTOR('',#3184,10.);
#834=VECTOR('',#3185,10.);
#835=VECTOR('',#3196,10.);
#836=VECTOR('',#3199,10.);
#837=VECTOR('',#3202,10.);
#838=VECTOR('',#3203,10.);
#839=VECTOR('',#3208,1.99999999999999);
#840=VECTOR('',#3209,1.99999999999999);
#841=VECTOR('',#3212,10.);
#842=VECTOR('',#3213,10.);
#843=VECTOR('',#3218,2.00000000000001);
#844=VECTOR('',#3225,10.);
#845=VECTOR('',#3228,10.);
#846=VECTOR('',#3231,10.);
#847=VECTOR('',#3232,10.);
#848=VECTOR('',#3235,10.);
#849=VECTOR('',#3238,10.);
#850=VECTOR('',#3241,10.);
#851=VECTOR('',#3242,2.);
#852=VECTOR('',#3251,10.);
#853=VECTOR('',#3254,10.);
#854=VECTOR('',#3257,10.);
#855=VECTOR('',#3258,10.);
#856=VECTOR('',#3259,10.);
#857=VECTOR('',#3262,10.);
#858=VECTOR('',#3263,10.);
#859=VECTOR('',#3264,10.);
#860=VECTOR('',#3265,10.);
#861=VECTOR('',#3266,10.);
#862=VECTOR('',#3267,10.);
#863=VECTOR('',#3268,10.);
#864=VECTOR('',#3269,10.);
#865=VECTOR('',#3270,10.);
#866=VECTOR('',#3271,10.);
#867=VECTOR('',#3272,10.);
#868=VECTOR('',#3273,10.);
#869=VECTOR('',#3274,10.);
#870=VECTOR('',#3281,10.);
#871=VECTOR('',#3282,10.);
#872=VECTOR('',#3283,10.);
#873=VECTOR('',#3284,10.);
#874=VECTOR('',#3285,10.);
#875=VECTOR('',#3286,10.);
#876=VECTOR('',#3291,10.);
#877=VECTOR('',#3294,10.);
#878=VECTOR('',#3297,10.);
#879=VECTOR('',#3298,10.);
#880=VECTOR('',#3301,10.);
#881=VECTOR('',#3304,10.);
#882=VECTOR('',#3307,10.);
#883=VECTOR('',#3308,10.);
#884=VECTOR('',#3311,10.);
#885=VECTOR('',#3314,10.);
#886=VECTOR('',#3319,10.);
#887=VECTOR('',#3320,10.);
#888=VECTOR('',#3323,10.);
#889=VECTOR('',#3324,10.);
#890=VECTOR('',#3325,10.);
#891=VECTOR('',#3326,10.);
#892=VECTOR('',#3327,10.);
#893=VECTOR('',#3330,10.);
#894=VECTOR('',#3331,10.);
#895=VECTOR('',#3334,10.);
#896=VECTOR('',#3337,10.);
#897=VECTOR('',#3340,10.);
#898=VECTOR('',#3341,10.);
#899=VECTOR('',#3342,10.);
#900=VECTOR('',#3347,10.);
#901=VECTOR('',#3350,10.);
#902=VECTOR('',#3353,10.);
#903=VECTOR('',#3354,10.);
#904=VECTOR('',#3357,10.);
#905=VECTOR('',#3360,10.);
#906=VECTOR('',#3363,10.);
#907=VECTOR('',#3366,10.);
#908=VECTOR('',#3367,10.);
#909=VECTOR('',#3370,10.);
#910=VECTOR('',#3371,10.);
#911=VECTOR('',#3372,10.);
#912=VECTOR('',#3377,10.);
#913=VECTOR('',#3380,10.);
#914=VECTOR('',#3381,10.);
#915=VECTOR('',#3384,10.);
#916=VECTOR('',#3385,10.);
#917=VECTOR('',#3390,0.40575);
#918=VECTOR('',#3393,0.8115);
#919=VECTOR('',#3398,0.40575);
#920=VECTOR('',#3401,0.8115);
#921=VECTOR('',#3406,0.40575);
#922=VECTOR('',#3409,0.8115);
#923=VECTOR('',#3414,0.40575);
#924=VECTOR('',#3417,0.8115);
#925=VECTOR('',#3420,10.);
#926=VECTOR('',#3421,10.);
#927=VECTOR('',#3424,10.);
#928=VECTOR('',#3427,10.);
#929=VECTOR('',#3430,10.);
#930=VECTOR('',#3433,10.);
#931=VECTOR('',#3440,10.);
#932=VECTOR('',#3447,10.);
#933=VECTOR('',#3454,10.);
#934=VECTOR('',#3469,0.999999999999996);
#935=VECTOR('',#3472,0.999999999999996);
#936=VECTOR('',#3485,1.);
#937=VECTOR('',#3492,10.);
#938=CIRCLE('',#2502,1.75);
#939=CIRCLE('',#2503,0.8115);
#940=CIRCLE('',#2505,0.8115);
#941=CIRCLE('',#2507,1.75);
#942=CIRCLE('',#2508,0.8115);
#943=CIRCLE('',#2510,0.8115);
#944=CIRCLE('',#2512,1.75);
#945=CIRCLE('',#2513,0.8115);
#946=CIRCLE('',#2515,0.8115);
#947=CIRCLE('',#2517,1.75);
#948=CIRCLE('',#2518,0.8115);
#949=CIRCLE('',#2520,0.8115);
#950=CIRCLE('',#2522,1.85);
#951=CIRCLE('',#2523,1.85);
#952=CIRCLE('',#2526,1.85);
#953=CIRCLE('',#2527,1.85);
#954=CIRCLE('',#2530,1.85);
#955=CIRCLE('',#2534,1.85);
#956=CIRCLE('',#2540,2.);
#957=CIRCLE('',#2541,2.);
#958=CIRCLE('',#2544,2.);
#959=CIRCLE('',#2545,2.);
#960=CIRCLE('',#2548,2.);
#961=CIRCLE('',#2549,2.);
#962=CIRCLE('',#2552,2.);
#963=CIRCLE('',#2553,2.);
#964=CIRCLE('',#2556,2.);
#965=CIRCLE('',#2557,2.);
#966=CIRCLE('',#2560,2.);
#967=CIRCLE('',#2561,2.);
#968=CIRCLE('',#2565,1.);
#969=CIRCLE('',#2566,1.);
#970=CIRCLE('',#2569,1.);
#971=CIRCLE('',#2570,1.);
#972=CIRCLE('',#2573,1.);
#973=CIRCLE('',#2574,1.);
#974=CIRCLE('',#2577,1.);
#975=CIRCLE('',#2578,1.);
#976=CIRCLE('',#2581,1.);
#977=CIRCLE('',#2582,1.);
#978=CIRCLE('',#2585,1.);
#979=CIRCLE('',#2586,1.);
#980=CIRCLE('',#2589,2.);
#981=CIRCLE('',#2590,2.);
#982=CIRCLE('',#2593,1.99999999999999);
#983=CIRCLE('',#2594,1.99999999999999);
#984=CIRCLE('',#2596,2.3);
#985=CIRCLE('',#2597,2.3);
#986=CIRCLE('',#2599,2.);
#987=CIRCLE('',#2600,2.);
#988=CIRCLE('',#2602,2.);
#989=CIRCLE('',#2603,2.);
#990=CIRCLE('',#2604,2.);
#991=CIRCLE('',#2605,2.3);
#992=CIRCLE('',#2606,2.);
#993=CIRCLE('',#2607,2.);
#994=CIRCLE('',#2608,2.);
#995=CIRCLE('',#2609,2.);
#996=CIRCLE('',#2610,2.);
#997=CIRCLE('',#2611,2.);
#998=CIRCLE('',#2612,2.);
#999=CIRCLE('',#2613,1.99999999999999);
#1000=CIRCLE('',#2614,2.3);
#1001=CIRCLE('',#2615,2.00000000000001);
#1002=CIRCLE('',#2616,2.);
#1003=CIRCLE('',#2617,2.);
#1004=CIRCLE('',#2618,2.);
#1005=CIRCLE('',#2619,2.);
#1006=CIRCLE('',#2620,2.);
#1007=CIRCLE('',#2622,2.3);
#1008=CIRCLE('',#2624,2.);
#1009=CIRCLE('',#2626,2.);
#1010=CIRCLE('',#2629,2.);
#1011=CIRCLE('',#2632,2.);
#1012=CIRCLE('',#2635,2.);
#1013=CIRCLE('',#2638,2.);
#1014=CIRCLE('',#2641,2.);
#1015=CIRCLE('',#2644,2.);
#1016=CIRCLE('',#2647,2.);
#1017=CIRCLE('',#2649,0.8115);
#1018=CIRCLE('',#2650,0.8115);
#1019=CIRCLE('',#2651,0.8115);
#1020=CIRCLE('',#2652,0.8115);
#1021=CIRCLE('',#2654,2.);
#1022=CIRCLE('',#2657,1.99999999999999);
#1023=CIRCLE('',#2660,2.3);
#1024=CIRCLE('',#2662,2.00000000000001);
#1025=CIRCLE('',#2664,2.);
#1026=CIRCLE('',#2667,2.);
#1027=CIRCLE('',#2670,2.);
#1028=CIRCLE('',#2672,2.);
#1029=CIRCLE('',#2673,2.);
#1030=CIRCLE('',#2675,2.);
#1031=CIRCLE('',#2676,0.999999999999996);
#1032=CIRCLE('',#2677,0.999999999999996);
#1033=CIRCLE('',#2681,2.);
#1034=CIRCLE('',#2689,2.);
#1035=CIRCLE('',#2691,2.);
#1036=CIRCLE('',#2692,2.);
#1037=CIRCLE('',#2693,2.);
#1038=CIRCLE('',#2694,2.);
#1039=CIRCLE('',#2695,1.);
#1040=CIRCLE('',#2705,2.);
#1041=CIRCLE('',#2709,0.8115);
#1042=CIRCLE('',#2712,0.8115);
#1043=CIRCLE('',#2715,0.8115);
#1044=CIRCLE('',#2718,0.8115);
#1045=CIRCLE('',#2735,0.999999999999996);
#1046=CIRCLE('',#2737,1.);
#1047=CIRCLE('',#2739,0.999999999999996);
#1048=VERTEX_POINT('',#3497);
#1049=VERTEX_POINT('',#3499);
#1050=VERTEX_POINT('',#3503);
#1051=VERTEX_POINT('',#3507);
#1052=VERTEX_POINT('',#3509);
#1053=VERTEX_POINT('',#3513);
#1054=VERTEX_POINT('',#3517);
#1055=VERTEX_POINT('',#3519);
#1056=VERTEX_POINT('',#3523);
#1057=VERTEX_POINT('',#3527);
#1058=VERTEX_POINT('',#3529);
#1059=VERTEX_POINT('',#3533);
#1060=VERTEX_POINT('',#3537);
#1061=VERTEX_POINT('',#3539);
#1062=VERTEX_POINT('',#3544);
#1063=VERTEX_POINT('',#3546);
#1064=VERTEX_POINT('',#3551);
#1065=VERTEX_POINT('',#3553);
#1066=VERTEX_POINT('',#3558);
#1067=VERTEX_POINT('',#3560);
#1068=VERTEX_POINT('',#3565);
#1069=VERTEX_POINT('',#3566);
#1070=VERTEX_POINT('',#3568);
#1071=VERTEX_POINT('',#3570);
#1072=VERTEX_POINT('',#3574);
#1073=VERTEX_POINT('',#3575);
#1074=VERTEX_POINT('',#3577);
#1075=VERTEX_POINT('',#3579);
#1076=VERTEX_POINT('',#3583);
#1077=VERTEX_POINT('',#3585);
#1078=VERTEX_POINT('',#3589);
#1079=VERTEX_POINT('',#3591);
#1080=VERTEX_POINT('',#3598);
#1081=VERTEX_POINT('',#3599);
#1082=VERTEX_POINT('',#3601);
#1083=VERTEX_POINT('',#3603);
#1084=VERTEX_POINT('',#3607);
#1085=VERTEX_POINT('',#3609);
#1086=VERTEX_POINT('',#3613);
#1087=VERTEX_POINT('',#3615);
#1088=VERTEX_POINT('',#3623);
#1089=VERTEX_POINT('',#3625);
#1090=VERTEX_POINT('',#3629);
#1091=VERTEX_POINT('',#3631);
#1092=VERTEX_POINT('',#3640);
#1093=VERTEX_POINT('',#3641);
#1094=VERTEX_POINT('',#3643);
#1095=VERTEX_POINT('',#3645);
#1096=VERTEX_POINT('',#3649);
#1097=VERTEX_POINT('',#3651);
#1098=VERTEX_POINT('',#3653);
#1099=VERTEX_POINT('',#3657);
#1100=VERTEX_POINT('',#3658);
#1101=VERTEX_POINT('',#3660);
#1102=VERTEX_POINT('',#3662);
#1103=VERTEX_POINT('',#3667);
#1104=VERTEX_POINT('',#3669);
#1105=VERTEX_POINT('',#3673);
#1106=VERTEX_POINT('',#3675);
#1107=VERTEX_POINT('',#3679);
#1108=VERTEX_POINT('',#3681);
#1109=VERTEX_POINT('',#3683);
#1110=VERTEX_POINT('',#3685);
#1111=VERTEX_POINT('',#3689);
#1112=VERTEX_POINT('',#3691);
#1113=VERTEX_POINT('',#3698);
#1114=VERTEX_POINT('',#3699);
#1115=VERTEX_POINT('',#3701);
#1116=VERTEX_POINT('',#3703);
#1117=VERTEX_POINT('',#3707);
#1118=VERTEX_POINT('',#3709);
#1119=VERTEX_POINT('',#3713);
#1120=VERTEX_POINT('',#3715);
#1121=VERTEX_POINT('',#3719);
#1122=VERTEX_POINT('',#3721);
#1123=VERTEX_POINT('',#3725);
#1124=VERTEX_POINT('',#3726);
#1125=VERTEX_POINT('',#3728);
#1126=VERTEX_POINT('',#3730);
#1127=VERTEX_POINT('',#3734);
#1128=VERTEX_POINT('',#3736);
#1129=VERTEX_POINT('',#3740);
#1130=VERTEX_POINT('',#3742);
#1131=VERTEX_POINT('',#3746);
#1132=VERTEX_POINT('',#3748);
#1133=VERTEX_POINT('',#3752);
#1134=VERTEX_POINT('',#3753);
#1135=VERTEX_POINT('',#3755);
#1136=VERTEX_POINT('',#3757);
#1137=VERTEX_POINT('',#3761);
#1138=VERTEX_POINT('',#3763);
#1139=VERTEX_POINT('',#3765);
#1140=VERTEX_POINT('',#3767);
#1141=VERTEX_POINT('',#3769);
#1142=VERTEX_POINT('',#3771);
#1143=VERTEX_POINT('',#3773);
#1144=VERTEX_POINT('',#3775);
#1145=VERTEX_POINT('',#3777);
#1146=VERTEX_POINT('',#3779);
#1147=VERTEX_POINT('',#3782);
#1148=VERTEX_POINT('',#3784);
#1149=VERTEX_POINT('',#3786);
#1150=VERTEX_POINT('',#3789);
#1151=VERTEX_POINT('',#3791);
#1152=VERTEX_POINT('',#3793);
#1153=VERTEX_POINT('',#3795);
#1154=VERTEX_POINT('',#3797);
#1155=VERTEX_POINT('',#3799);
#1156=VERTEX_POINT('',#3801);
#1157=VERTEX_POINT('',#3803);
#1158=VERTEX_POINT('',#3805);
#1159=VERTEX_POINT('',#3807);
#1160=VERTEX_POINT('',#3809);
#1161=VERTEX_POINT('',#3811);
#1162=VERTEX_POINT('',#3813);
#1163=VERTEX_POINT('',#3815);
#1164=VERTEX_POINT('',#3818);
#1165=VERTEX_POINT('',#3820);
#1166=VERTEX_POINT('',#3822);
#1167=VERTEX_POINT('',#3824);
#1168=VERTEX_POINT('',#3826);
#1169=VERTEX_POINT('',#3828);
#1170=VERTEX_POINT('',#3830);
#1171=VERTEX_POINT('',#3832);
#1172=VERTEX_POINT('',#3834);
#1173=VERTEX_POINT('',#3836);
#1174=VERTEX_POINT('',#3838);
#1175=VERTEX_POINT('',#3840);
#1176=VERTEX_POINT('',#3842);
#1177=VERTEX_POINT('',#3844);
#1178=VERTEX_POINT('',#3846);
#1179=VERTEX_POINT('',#3848);
#1180=VERTEX_POINT('',#3850);
#1181=VERTEX_POINT('',#3852);
#1182=VERTEX_POINT('',#3856);
#1183=VERTEX_POINT('',#3860);
#1184=VERTEX_POINT('',#3864);
#1185=VERTEX_POINT('',#3866);
#1186=VERTEX_POINT('',#3870);
#1187=VERTEX_POINT('',#3874);
#1188=VERTEX_POINT('',#3876);
#1189=VERTEX_POINT('',#3880);
#1190=VERTEX_POINT('',#3884);
#1191=VERTEX_POINT('',#3885);
#1192=VERTEX_POINT('',#3890);
#1193=VERTEX_POINT('',#3894);
#1194=VERTEX_POINT('',#3898);
#1195=VERTEX_POINT('',#3902);
#1196=VERTEX_POINT('',#3903);
#1197=VERTEX_POINT('',#3908);
#1198=VERTEX_POINT('',#3912);
#1199=VERTEX_POINT('',#3916);
#1200=VERTEX_POINT('',#3920);
#1201=VERTEX_POINT('',#3924);
#1202=VERTEX_POINT('',#3928);
#1203=VERTEX_POINT('',#3933);
#1204=VERTEX_POINT('',#3936);
#1205=VERTEX_POINT('',#3938);
#1206=VERTEX_POINT('',#3940);
#1207=VERTEX_POINT('',#3942);
#1208=VERTEX_POINT('',#3945);
#1209=VERTEX_POINT('',#3947);
#1210=VERTEX_POINT('',#3951);
#1211=VERTEX_POINT('',#3955);
#1212=VERTEX_POINT('',#3956);
#1213=VERTEX_POINT('',#3961);
#1214=VERTEX_POINT('',#3965);
#1215=VERTEX_POINT('',#3971);
#1216=VERTEX_POINT('',#3973);
#1217=VERTEX_POINT('',#3977);
#1218=VERTEX_POINT('',#3981);
#1219=VERTEX_POINT('',#3983);
#1220=VERTEX_POINT('',#3987);
#1221=VERTEX_POINT('',#3993);
#1222=VERTEX_POINT('',#3994);
#1223=VERTEX_POINT('',#3996);
#1224=VERTEX_POINT('',#3998);
#1225=VERTEX_POINT('',#4003);
#1226=VERTEX_POINT('',#4005);
#1227=VERTEX_POINT('',#4007);
#1228=VERTEX_POINT('',#4009);
#1229=VERTEX_POINT('',#4011);
#1230=VERTEX_POINT('',#4014);
#1231=VERTEX_POINT('',#4016);
#1232=VERTEX_POINT('',#4019);
#1233=VERTEX_POINT('',#4021);
#1234=VERTEX_POINT('',#4023);
#1235=VERTEX_POINT('',#4026);
#1236=VERTEX_POINT('',#4028);
#1237=VERTEX_POINT('',#4031);
#1238=VERTEX_POINT('',#4033);
#1239=VERTEX_POINT('',#4036);
#1240=VERTEX_POINT('',#4038);
#1241=VERTEX_POINT('',#4041);
#1242=VERTEX_POINT('',#4043);
#1243=VERTEX_POINT('',#4047);
#1244=VERTEX_POINT('',#4049);
#1245=VERTEX_POINT('',#4051);
#1246=VERTEX_POINT('',#4055);
#1247=VERTEX_POINT('',#4057);
#1248=VERTEX_POINT('',#4059);
#1249=VERTEX_POINT('',#4061);
#1250=VERTEX_POINT('',#4063);
#1251=VERTEX_POINT('',#4065);
#1252=VERTEX_POINT('',#4067);
#1253=VERTEX_POINT('',#4069);
#1254=VERTEX_POINT('',#4071);
#1255=VERTEX_POINT('',#4073);
#1256=VERTEX_POINT('',#4075);
#1257=VERTEX_POINT('',#4077);
#1258=VERTEX_POINT('',#4081);
#1259=VERTEX_POINT('',#4082);
#1260=VERTEX_POINT('',#4087);
#1261=VERTEX_POINT('',#4092);
#1262=VERTEX_POINT('',#4094);
#1263=VERTEX_POINT('',#4096);
#1264=VERTEX_POINT('',#4098);
#1265=VERTEX_POINT('',#4100);
#1266=VERTEX_POINT('',#4102);
#1267=VERTEX_POINT('',#4104);
#1268=VERTEX_POINT('',#4106);
#1269=VERTEX_POINT('',#4108);
#1270=VERTEX_POINT('',#4110);
#1271=VERTEX_POINT('',#4114);
#1272=VERTEX_POINT('',#4133);
#1273=VERTEX_POINT('',#4138);
#1274=VERTEX_POINT('',#4142);
#1275=VERTEX_POINT('',#4146);
#1276=VERTEX_POINT('',#4150);
#1277=VERTEX_POINT('',#4152);
#1278=VERTEX_POINT('',#4157);
#1279=VERTEX_POINT('',#4159);
#1280=VERTEX_POINT('',#4164);
#1281=VERTEX_POINT('',#4166);
#1282=VERTEX_POINT('',#4171);
#1283=VERTEX_POINT('',#4173);
#1284=VERTEX_POINT('',#4201);
#1285=VERTEX_POINT('',#4204);
#1286=VERTEX_POINT('',#4207);
#1287=EDGE_CURVE('',#1048,#1048,#938,.T.);
#1288=EDGE_CURVE('',#1048,#1049,#460,.T.);
#1289=EDGE_CURVE('',#1049,#1049,#939,.T.);
#1290=EDGE_CURVE('',#1049,#1050,#461,.T.);
#1291=EDGE_CURVE('',#1050,#1050,#940,.T.);
#1292=EDGE_CURVE('',#1051,#1051,#941,.T.);
#1293=EDGE_CURVE('',#1051,#1052,#462,.T.);
#1294=EDGE_CURVE('',#1052,#1052,#942,.T.);
#1295=EDGE_CURVE('',#1052,#1053,#463,.T.);
#1296=EDGE_CURVE('',#1053,#1053,#943,.T.);
#1297=EDGE_CURVE('',#1054,#1054,#944,.T.);
#1298=EDGE_CURVE('',#1054,#1055,#464,.T.);
#1299=EDGE_CURVE('',#1055,#1055,#945,.T.);
#1300=EDGE_CURVE('',#1055,#1056,#465,.T.);
#1301=EDGE_CURVE('',#1056,#1056,#946,.T.);
#1302=EDGE_CURVE('',#1057,#1057,#947,.T.);
#1303=EDGE_CURVE('',#1057,#1058,#466,.T.);
#1304=EDGE_CURVE('',#1058,#1058,#948,.T.);
#1305=EDGE_CURVE('',#1058,#1059,#467,.T.);
#1306=EDGE_CURVE('',#1059,#1059,#949,.T.);
#1307=EDGE_CURVE('',#1060,#1060,#950,.T.);
#1308=EDGE_CURVE('',#1060,#1061,#468,.T.);
#1309=EDGE_CURVE('',#1061,#1061,#951,.T.);
#1310=EDGE_CURVE('',#1062,#1062,#952,.T.);
#1311=EDGE_CURVE('',#1062,#1063,#469,.T.);
#1312=EDGE_CURVE('',#1063,#1063,#953,.T.);
#1313=EDGE_CURVE('',#1064,#1064,#954,.T.);
#1314=EDGE_CURVE('',#1064,#1065,#470,.T.);
#1315=EDGE_CURVE('',#1065,#1065,#15,.T.);
#1316=EDGE_CURVE('',#1066,#1066,#955,.T.);
#1317=EDGE_CURVE('',#1066,#1067,#471,.T.);
#1318=EDGE_CURVE('',#1067,#1067,#16,.T.);
#1319=EDGE_CURVE('',#1068,#1069,#472,.T.);
#1320=EDGE_CURVE('',#1068,#1070,#473,.T.);
#1321=EDGE_CURVE('',#1071,#1070,#474,.T.);
#1322=EDGE_CURVE('',#1069,#1071,#475,.T.);
#1323=EDGE_CURVE('',#1072,#1073,#476,.T.);
#1324=EDGE_CURVE('',#1074,#1072,#477,.T.);
#1325=EDGE_CURVE('',#1075,#1074,#478,.T.);
#1326=EDGE_CURVE('',#1075,#1073,#479,.T.);
#1327=EDGE_CURVE('',#1076,#1073,#956,.T.);
#1328=EDGE_CURVE('',#1076,#1077,#480,.T.);
#1329=EDGE_CURVE('',#1077,#1072,#957,.T.);
#1330=EDGE_CURVE('',#1076,#1078,#481,.T.);
#1331=EDGE_CURVE('',#1079,#1078,#482,.T.);
#1332=EDGE_CURVE('',#1077,#1079,#483,.T.);
#1333=EDGE_CURVE('',#1075,#1078,#958,.T.);
#1334=EDGE_CURVE('',#1074,#1079,#959,.T.);
#1335=EDGE_CURVE('',#1080,#1081,#484,.T.);
#1336=EDGE_CURVE('',#1080,#1082,#485,.T.);
#1337=EDGE_CURVE('',#1083,#1082,#486,.T.);
#1338=EDGE_CURVE('',#1081,#1083,#487,.T.);
#1339=EDGE_CURVE('',#1084,#1082,#960,.T.);
#1340=EDGE_CURVE('',#1084,#1085,#488,.T.);
#1341=EDGE_CURVE('',#1085,#1083,#961,.T.);
#1342=EDGE_CURVE('',#1084,#1086,#489,.T.);
#1343=EDGE_CURVE('',#1087,#1086,#490,.T.);
#1344=EDGE_CURVE('',#1085,#1087,#491,.T.);
#1345=EDGE_CURVE('',#1080,#1086,#962,.T.);
#1346=EDGE_CURVE('',#1081,#1087,#963,.T.);
#1347=EDGE_CURVE('',#1068,#1088,#964,.T.);
#1348=EDGE_CURVE('',#1069,#1089,#965,.T.);
#1349=EDGE_CURVE('',#1089,#1088,#492,.T.);
#1350=EDGE_CURVE('',#1090,#1089,#493,.T.);
#1351=EDGE_CURVE('',#1091,#1090,#494,.T.);
#1352=EDGE_CURVE('',#1091,#1088,#495,.T.);
#1353=EDGE_CURVE('',#1091,#1070,#966,.T.);
#1354=EDGE_CURVE('',#1090,#1071,#967,.T.);
#1355=EDGE_CURVE('',#1092,#1093,#968,.T.);
#1356=EDGE_CURVE('',#1093,#1094,#496,.T.);
#1357=EDGE_CURVE('',#1094,#1095,#969,.T.);
#1358=EDGE_CURVE('',#1095,#1092,#497,.T.);
#1359=EDGE_CURVE('',#1096,#1093,#498,.T.);
#1360=EDGE_CURVE('',#1097,#1096,#499,.T.);
#1361=EDGE_CURVE('',#1098,#1097,#500,.T.);
#1362=EDGE_CURVE('',#1094,#1098,#501,.T.);
#1363=EDGE_CURVE('',#1099,#1100,#970,.T.);
#1364=EDGE_CURVE('',#1100,#1101,#502,.T.);
#1365=EDGE_CURVE('',#1101,#1102,#971,.T.);
#1366=EDGE_CURVE('',#1102,#1099,#503,.T.);
#1367=EDGE_CURVE('',#1101,#1095,#504,.T.);
#1368=EDGE_CURVE('',#1103,#1100,#505,.T.);
#1369=EDGE_CURVE('',#1104,#1103,#506,.T.);
#1370=EDGE_CURVE('',#1092,#1104,#507,.T.);
#1371=EDGE_CURVE('',#1097,#1105,#972,.T.);
#1372=EDGE_CURVE('',#1105,#1106,#508,.T.);
#1373=EDGE_CURVE('',#1106,#1098,#973,.T.);
#1374=EDGE_CURVE('',#1107,#1105,#509,.T.);
#1375=EDGE_CURVE('',#1108,#1107,#510,.T.);
#1376=EDGE_CURVE('',#1109,#1108,#511,.T.);
#1377=EDGE_CURVE('',#1110,#1109,#512,.T.);
#1378=EDGE_CURVE('',#1106,#1110,#513,.T.);
#1379=EDGE_CURVE('',#1109,#1111,#974,.T.);
#1380=EDGE_CURVE('',#1111,#1112,#514,.T.);
#1381=EDGE_CURVE('',#1112,#1110,#975,.T.);
#1382=EDGE_CURVE('',#1112,#1102,#515,.T.);
#1383=EDGE_CURVE('',#1099,#1111,#516,.T.);
#1384=EDGE_CURVE('',#1113,#1114,#976,.T.);
#1385=EDGE_CURVE('',#1113,#1115,#517,.T.);
#1386=EDGE_CURVE('',#1115,#1116,#977,.T.);
#1387=EDGE_CURVE('',#1116,#1114,#518,.T.);
#1388=EDGE_CURVE('',#1117,#1113,#519,.F.);
#1389=EDGE_CURVE('',#1118,#1117,#520,.T.);
#1390=EDGE_CURVE('',#1115,#1118,#521,.T.);
#1391=EDGE_CURVE('',#1119,#1117,#978,.T.);
#1392=EDGE_CURVE('',#1119,#1120,#522,.T.);
#1393=EDGE_CURVE('',#1120,#1118,#979,.T.);
#1394=EDGE_CURVE('',#1114,#1121,#523,.F.);
#1395=EDGE_CURVE('',#1122,#1121,#524,.T.);
#1396=EDGE_CURVE('',#1122,#1119,#525,.F.);
#1397=EDGE_CURVE('',#1123,#1124,#980,.T.);
#1398=EDGE_CURVE('',#1123,#1125,#526,.T.);
#1399=EDGE_CURVE('',#1125,#1126,#981,.T.);
#1400=EDGE_CURVE('',#1126,#1124,#527,.T.);
#1401=EDGE_CURVE('',#1123,#1127,#528,.T.);
#1402=EDGE_CURVE('',#1128,#1127,#529,.T.);
#1403=EDGE_CURVE('',#1125,#1128,#530,.T.);
#1404=EDGE_CURVE('',#1129,#1127,#982,.T.);
#1405=EDGE_CURVE('',#1129,#1130,#531,.T.);
#1406=EDGE_CURVE('',#1128,#1130,#983,.F.);
#1407=EDGE_CURVE('',#1129,#1131,#984,.T.);
#1408=EDGE_CURVE('',#1132,#1131,#532,.T.);
#1409=EDGE_CURVE('',#1130,#1132,#985,.T.);
#1410=EDGE_CURVE('',#1133,#1134,#986,.F.);
#1411=EDGE_CURVE('',#1133,#1135,#533,.T.);
#1412=EDGE_CURVE('',#1136,#1135,#987,.T.);
#1413=EDGE_CURVE('',#1136,#1134,#534,.T.);
#1414=EDGE_CURVE('',#1137,#1124,#535,.T.);
#1415=EDGE_CURVE('',#1138,#1137,#536,.T.);
#1416=EDGE_CURVE('',#1138,#1139,#988,.T.);
#1417=EDGE_CURVE('',#1140,#1139,#537,.T.);
#1418=EDGE_CURVE('',#1141,#1140,#538,.T.);
#1419=EDGE_CURVE('',#1142,#1141,#989,.T.);
#1420=EDGE_CURVE('',#1143,#1142,#539,.T.);
#1421=EDGE_CURVE('',#1144,#1143,#540,.T.);
#1422=EDGE_CURVE('',#1145,#1144,#541,.T.);
#1423=EDGE_CURVE('',#1145,#1146,#990,.T.);
#1424=EDGE_CURVE('',#1136,#1146,#542,.T.);
#1425=EDGE_CURVE('',#1147,#1135,#991,.T.);
#1426=EDGE_CURVE('',#1147,#1148,#992,.T.);
#1427=EDGE_CURVE('',#1149,#1148,#543,.T.);
#1428=EDGE_CURVE('',#1104,#1149,#544,.T.);
#1429=EDGE_CURVE('',#1103,#1150,#545,.T.);
#1430=EDGE_CURVE('',#1151,#1150,#993,.T.);
#1431=EDGE_CURVE('',#1151,#1152,#546,.T.);
#1432=EDGE_CURVE('',#1153,#1152,#994,.T.);
#1433=EDGE_CURVE('',#1153,#1154,#547,.T.);
#1434=EDGE_CURVE('',#1155,#1154,#995,.T.);
#1435=EDGE_CURVE('',#1155,#1156,#548,.T.);
#1436=EDGE_CURVE('',#1156,#1157,#549,.T.);
#1437=EDGE_CURVE('',#1157,#1158,#550,.T.);
#1438=EDGE_CURVE('',#1159,#1158,#996,.T.);
#1439=EDGE_CURVE('',#1159,#1160,#551,.T.);
#1440=EDGE_CURVE('',#1161,#1160,#997,.T.);
#1441=EDGE_CURVE('',#1161,#1162,#552,.T.);
#1442=EDGE_CURVE('',#1163,#1162,#998,.T.);
#1443=EDGE_CURVE('',#1163,#1108,#553,.T.);
#1444=EDGE_CURVE('',#1164,#1107,#554,.T.);
#1445=EDGE_CURVE('',#1165,#1164,#555,.T.);
#1446=EDGE_CURVE('',#1165,#1166,#999,.T.);
#1447=EDGE_CURVE('',#1167,#1166,#1000,.T.);
#1448=EDGE_CURVE('',#1167,#1168,#1001,.T.);
#1449=EDGE_CURVE('',#1169,#1168,#556,.T.);
#1450=EDGE_CURVE('',#1169,#1170,#1002,.T.);
#1451=EDGE_CURVE('',#1171,#1170,#557,.T.);
#1452=EDGE_CURVE('',#1172,#1171,#558,.T.);
#1453=EDGE_CURVE('',#1173,#1172,#559,.T.);
#1454=EDGE_CURVE('',#1174,#1173,#1003,.T.);
#1455=EDGE_CURVE('',#1175,#1174,#560,.T.);
#1456=EDGE_CURVE('',#1176,#1175,#561,.T.);
#1457=EDGE_CURVE('',#1176,#1177,#1004,.T.);
#1458=EDGE_CURVE('',#1178,#1177,#562,.T.);
#1459=EDGE_CURVE('',#1179,#1178,#563,.T.);
#1460=EDGE_CURVE('',#1179,#1180,#1005,.T.);
#1461=EDGE_CURVE('',#1181,#1180,#564,.T.);
#1462=EDGE_CURVE('',#1181,#1131,#1006,.T.);
#1463=EDGE_CURVE('',#1182,#1133,#1007,.T.);
#1464=EDGE_CURVE('',#1147,#1182,#565,.T.);
#1465=EDGE_CURVE('',#1183,#1182,#1008,.F.);
#1466=EDGE_CURVE('',#1183,#1148,#566,.T.);
#1467=EDGE_CURVE('',#1169,#1184,#567,.T.);
#1468=EDGE_CURVE('',#1184,#1185,#1009,.T.);
#1469=EDGE_CURVE('',#1185,#1170,#568,.T.);
#1470=EDGE_CURVE('',#1186,#1168,#569,.T.);
#1471=EDGE_CURVE('',#1184,#1186,#570,.T.);
#1472=EDGE_CURVE('',#1145,#1187,#571,.T.);
#1473=EDGE_CURVE('',#1187,#1188,#1010,.T.);
#1474=EDGE_CURVE('',#1188,#1146,#572,.T.);
#1475=EDGE_CURVE('',#1189,#1144,#573,.T.);
#1476=EDGE_CURVE('',#1187,#1189,#574,.T.);
#1477=EDGE_CURVE('',#1190,#1191,#1011,.T.);
#1478=EDGE_CURVE('',#1190,#1153,#575,.T.);
#1479=EDGE_CURVE('',#1152,#1191,#576,.T.);
#1480=EDGE_CURVE('',#1190,#1192,#577,.T.);
#1481=EDGE_CURVE('',#1154,#1192,#578,.T.);
#1482=EDGE_CURVE('',#1193,#1192,#1012,.T.);
#1483=EDGE_CURVE('',#1193,#1155,#579,.T.);
#1484=EDGE_CURVE('',#1193,#1194,#580,.T.);
#1485=EDGE_CURVE('',#1156,#1194,#581,.T.);
#1486=EDGE_CURVE('',#1195,#1196,#1013,.T.);
#1487=EDGE_CURVE('',#1195,#1159,#582,.T.);
#1488=EDGE_CURVE('',#1158,#1196,#583,.T.);
#1489=EDGE_CURVE('',#1195,#1197,#584,.T.);
#1490=EDGE_CURVE('',#1160,#1197,#585,.T.);
#1491=EDGE_CURVE('',#1198,#1197,#1014,.T.);
#1492=EDGE_CURVE('',#1198,#1161,#586,.T.);
#1493=EDGE_CURVE('',#1198,#1199,#587,.T.);
#1494=EDGE_CURVE('',#1162,#1199,#588,.T.);
#1495=EDGE_CURVE('',#1200,#1199,#1015,.T.);
#1496=EDGE_CURVE('',#1200,#1163,#589,.T.);
#1497=EDGE_CURVE('',#1200,#1201,#590,.T.);
#1498=EDGE_CURVE('',#1150,#1201,#591,.T.);
#1499=EDGE_CURVE('',#1202,#1201,#1016,.T.);
#1500=EDGE_CURVE('',#1202,#1151,#592,.T.);
#1501=EDGE_CURVE('',#1202,#1191,#593,.T.);
#1502=EDGE_CURVE('',#1203,#1196,#594,.T.);
#1503=EDGE_CURVE('',#1194,#1203,#595,.T.);
#1504=EDGE_CURVE('',#1204,#1204,#1017,.T.);
#1505=EDGE_CURVE('',#1205,#1205,#1018,.T.);
#1506=EDGE_CURVE('',#1206,#1206,#1019,.T.);
#1507=EDGE_CURVE('',#1207,#1207,#1020,.T.);
#1508=EDGE_CURVE('',#1138,#1208,#596,.T.);
#1509=EDGE_CURVE('',#1208,#1209,#1021,.T.);
#1510=EDGE_CURVE('',#1209,#1139,#597,.T.);
#1511=EDGE_CURVE('',#1210,#1137,#598,.T.);
#1512=EDGE_CURVE('',#1208,#1210,#599,.T.);
#1513=EDGE_CURVE('',#1211,#1212,#1022,.T.);
#1514=EDGE_CURVE('',#1212,#1166,#600,.T.);
#1515=EDGE_CURVE('',#1165,#1211,#601,.T.);
#1516=EDGE_CURVE('',#1213,#1164,#602,.T.);
#1517=EDGE_CURVE('',#1211,#1213,#603,.T.);
#1518=EDGE_CURVE('',#1214,#1212,#1023,.T.);
#1519=EDGE_CURVE('',#1167,#1214,#604,.T.);
#1520=EDGE_CURVE('',#1186,#1214,#1024,.F.);
#1521=EDGE_CURVE('',#1176,#1215,#605,.T.);
#1522=EDGE_CURVE('',#1215,#1216,#1025,.T.);
#1523=EDGE_CURVE('',#1216,#1177,#606,.T.);
#1524=EDGE_CURVE('',#1217,#1175,#607,.T.);
#1525=EDGE_CURVE('',#1215,#1217,#608,.T.);
#1526=EDGE_CURVE('',#1179,#1218,#609,.T.);
#1527=EDGE_CURVE('',#1218,#1219,#1026,.T.);
#1528=EDGE_CURVE('',#1219,#1180,#610,.T.);
#1529=EDGE_CURVE('',#1220,#1219,#611,.T.);
#1530=EDGE_CURVE('',#1181,#1220,#612,.T.);
#1531=EDGE_CURVE('',#1132,#1220,#1027,.F.);
#1532=EDGE_CURVE('',#1221,#1222,#1028,.T.);
#1533=EDGE_CURVE('',#1222,#1223,#613,.T.);
#1534=EDGE_CURVE('',#1223,#1224,#1029,.T.);
#1535=EDGE_CURVE('',#1224,#1221,#614,.T.);
#1536=EDGE_CURVE('',#1134,#1188,#615,.T.);
#1537=EDGE_CURVE('',#1189,#1225,#616,.T.);
#1538=EDGE_CURVE('',#1225,#1226,#617,.T.);
#1539=EDGE_CURVE('',#1227,#1226,#1030,.T.);
#1540=EDGE_CURVE('',#1227,#1228,#618,.T.);
#1541=EDGE_CURVE('',#1228,#1229,#619,.T.);
#1542=EDGE_CURVE('',#1229,#1122,#620,.T.);
#1543=EDGE_CURVE('',#1121,#1230,#621,.T.);
#1544=EDGE_CURVE('',#1230,#1231,#622,.T.);
#1545=EDGE_CURVE('',#1231,#1222,#623,.T.);
#1546=EDGE_CURVE('',#1221,#1232,#624,.T.);
#1547=EDGE_CURVE('',#1232,#1233,#625,.T.);
#1548=EDGE_CURVE('',#1233,#1234,#626,.T.);
#1549=EDGE_CURVE('',#1234,#1185,#627,.T.);
#1550=EDGE_CURVE('',#1213,#1235,#628,.T.);
#1551=EDGE_CURVE('',#1235,#1236,#629,.T.);
#1552=EDGE_CURVE('',#1236,#1183,#630,.T.);
#1553=EDGE_CURVE('',#1237,#1237,#1031,.T.);
#1554=EDGE_CURVE('',#1238,#1238,#1032,.T.);
#1555=EDGE_CURVE('',#1224,#1239,#631,.T.);
#1556=EDGE_CURVE('',#1239,#1240,#632,.T.);
#1557=EDGE_CURVE('',#1173,#1240,#633,.T.);
#1558=EDGE_CURVE('',#1172,#1241,#634,.T.);
#1559=EDGE_CURVE('',#1241,#1242,#635,.T.);
#1560=EDGE_CURVE('',#1242,#1233,#636,.T.);
#1561=EDGE_CURVE('',#1240,#1243,#17,.T.);
#1562=EDGE_CURVE('',#1243,#1244,#637,.T.);
#1563=EDGE_CURVE('',#1244,#1245,#1033,.T.);
#1564=EDGE_CURVE('',#1245,#1174,#638,.T.);
#1565=EDGE_CURVE('',#1239,#1246,#639,.T.);
#1566=EDGE_CURVE('',#1247,#1246,#640,.T.);
#1567=EDGE_CURVE('',#1248,#1247,#18,.T.);
#1568=EDGE_CURVE('',#1249,#1248,#641,.T.);
#1569=EDGE_CURVE('',#1250,#1249,#19,.T.);
#1570=EDGE_CURVE('',#1251,#1250,#642,.T.);
#1571=EDGE_CURVE('',#1252,#1251,#20,.T.);
#1572=EDGE_CURVE('',#1253,#1252,#643,.T.);
#1573=EDGE_CURVE('',#1254,#1253,#644,.T.);
#1574=EDGE_CURVE('',#1255,#1254,#21,.T.);
#1575=EDGE_CURVE('',#1256,#1255,#645,.T.);
#1576=EDGE_CURVE('',#1257,#1256,#22,.T.);
#1577=EDGE_CURVE('',#1243,#1257,#646,.T.);
#1578=EDGE_CURVE('',#1258,#1259,#1034,.T.);
#1579=EDGE_CURVE('',#1259,#1257,#647,.T.);
#1580=EDGE_CURVE('',#1256,#1258,#648,.T.);
#1581=EDGE_CURVE('',#1218,#1260,#649,.T.);
#1582=EDGE_CURVE('',#1260,#1216,#650,.T.);
#1583=EDGE_CURVE('',#1217,#1245,#651,.T.);
#1584=EDGE_CURVE('',#1244,#1259,#652,.T.);
#1585=EDGE_CURVE('',#1258,#1261,#653,.T.);
#1586=EDGE_CURVE('',#1262,#1261,#1035,.T.);
#1587=EDGE_CURVE('',#1262,#1263,#654,.T.);
#1588=EDGE_CURVE('',#1263,#1264,#655,.T.);
#1589=EDGE_CURVE('',#1265,#1264,#1036,.T.);
#1590=EDGE_CURVE('',#1265,#1266,#656,.T.);
#1591=EDGE_CURVE('',#1267,#1266,#1037,.T.);
#1592=EDGE_CURVE('',#1267,#1268,#657,.T.);
#1593=EDGE_CURVE('',#1269,#1268,#1038,.T.);
#1594=EDGE_CURVE('',#1269,#1270,#658,.T.);
#1595=EDGE_CURVE('',#1270,#1209,#659,.T.);
#1596=EDGE_CURVE('',#1210,#1126,#660,.T.);
#1597=EDGE_CURVE('',#1271,#1271,#1039,.T.);
#1598=EDGE_CURVE('',#1261,#1255,#661,.T.);
#1599=EDGE_CURVE('',#1254,#1262,#662,.T.);
#1600=EDGE_CURVE('',#1264,#1252,#663,.T.);
#1601=EDGE_CURVE('',#1251,#1265,#664,.T.);
#1602=EDGE_CURVE('',#1266,#1250,#665,.T.);
#1603=EDGE_CURVE('',#1249,#1267,#666,.T.);
#1604=EDGE_CURVE('',#1268,#1248,#667,.T.);
#1605=EDGE_CURVE('',#1247,#1142,#668,.T.);
#1606=EDGE_CURVE('',#1141,#1269,#669,.T.);
#1607=EDGE_CURVE('',#1246,#1272,#670,.T.);
#1608=EDGE_CURVE('',#1226,#1272,#671,.T.);
#1609=EDGE_CURVE('',#1225,#1143,#672,.T.);
#1610=EDGE_CURVE('',#1272,#1273,#1040,.T.);
#1611=EDGE_CURVE('',#1273,#1227,#673,.T.);
#1612=EDGE_CURVE('',#1273,#1274,#674,.T.);
#1613=EDGE_CURVE('',#1274,#1228,#675,.T.);
#1614=EDGE_CURVE('',#1275,#1223,#676,.T.);
#1615=EDGE_CURVE('',#1274,#1275,#677,.T.);
#1616=EDGE_CURVE('',#1276,#1276,#1041,.T.);
#1617=EDGE_CURVE('',#1276,#1277,#678,.T.);
#1618=EDGE_CURVE('',#1207,#1276,#679,.T.);
#1619=EDGE_CURVE('',#1278,#1278,#1042,.T.);
#1620=EDGE_CURVE('',#1278,#1279,#680,.T.);
#1621=EDGE_CURVE('',#1206,#1278,#681,.T.);
#1622=EDGE_CURVE('',#1280,#1280,#1043,.T.);
#1623=EDGE_CURVE('',#1280,#1281,#682,.T.);
#1624=EDGE_CURVE('',#1205,#1280,#683,.T.);
#1625=EDGE_CURVE('',#1282,#1282,#1044,.T.);
#1626=EDGE_CURVE('',#1282,#1283,#684,.T.);
#1627=EDGE_CURVE('',#1204,#1282,#685,.T.);
#1628=EDGE_CURVE('',#1236,#1149,#686,.T.);
#1629=EDGE_CURVE('',#1096,#1235,#687,.T.);
#1630=EDGE_CURVE('',#1120,#1229,#688,.T.);
#1631=EDGE_CURVE('',#1230,#1116,#689,.T.);
#1632=EDGE_CURVE('',#1275,#1231,#690,.T.);
#1633=EDGE_CURVE('',#1157,#1203,#691,.T.);
#1634=EDGE_CURVE('',#1270,#1140,#692,.T.);
#1635=EDGE_CURVE('',#1260,#1178,#693,.T.);
#1636=EDGE_CURVE('',#1234,#1171,#694,.T.);
#1637=EDGE_CURVE('',#1284,#1284,#1045,.T.);
#1638=EDGE_CURVE('',#1285,#1285,#1046,.T.);
#1639=EDGE_CURVE('',#1286,#1286,#1047,.T.);
#1640=EDGE_CURVE('',#1238,#1286,#695,.T.);
#1641=EDGE_CURVE('',#1237,#1284,#696,.T.);
#1642=EDGE_CURVE('',#1271,#1285,#697,.T.);
#1643=EDGE_CURVE('',#1253,#1263,#698,.T.);
#1644=ORIENTED_EDGE('',*,*,#1287,.F.);
#1645=ORIENTED_EDGE('',*,*,#1288,.T.);
#1646=ORIENTED_EDGE('',*,*,#1289,.T.);
#1647=ORIENTED_EDGE('',*,*,#1288,.F.);
#1648=ORIENTED_EDGE('',*,*,#1289,.F.);
#1649=ORIENTED_EDGE('',*,*,#1290,.T.);
#1650=ORIENTED_EDGE('',*,*,#1291,.F.);
#1651=ORIENTED_EDGE('',*,*,#1290,.F.);
#1652=ORIENTED_EDGE('',*,*,#1292,.F.);
#1653=ORIENTED_EDGE('',*,*,#1293,.T.);
#1654=ORIENTED_EDGE('',*,*,#1294,.T.);
#1655=ORIENTED_EDGE('',*,*,#1293,.F.);
#1656=ORIENTED_EDGE('',*,*,#1294,.F.);
#1657=ORIENTED_EDGE('',*,*,#1295,.T.);
#1658=ORIENTED_EDGE('',*,*,#1296,.F.);
#1659=ORIENTED_EDGE('',*,*,#1295,.F.);
#1660=ORIENTED_EDGE('',*,*,#1297,.F.);
#1661=ORIENTED_EDGE('',*,*,#1298,.T.);
#1662=ORIENTED_EDGE('',*,*,#1299,.T.);
#1663=ORIENTED_EDGE('',*,*,#1298,.F.);
#1664=ORIENTED_EDGE('',*,*,#1299,.F.);
#1665=ORIENTED_EDGE('',*,*,#1300,.T.);
#1666=ORIENTED_EDGE('',*,*,#1301,.F.);
#1667=ORIENTED_EDGE('',*,*,#1300,.F.);
#1668=ORIENTED_EDGE('',*,*,#1302,.F.);
#1669=ORIENTED_EDGE('',*,*,#1303,.T.);
#1670=ORIENTED_EDGE('',*,*,#1304,.T.);
#1671=ORIENTED_EDGE('',*,*,#1303,.F.);
#1672=ORIENTED_EDGE('',*,*,#1304,.F.);
#1673=ORIENTED_EDGE('',*,*,#1305,.T.);
#1674=ORIENTED_EDGE('',*,*,#1306,.F.);
#1675=ORIENTED_EDGE('',*,*,#1305,.F.);
#1676=ORIENTED_EDGE('',*,*,#1307,.F.);
#1677=ORIENTED_EDGE('',*,*,#1308,.T.);
#1678=ORIENTED_EDGE('',*,*,#1309,.F.);
#1679=ORIENTED_EDGE('',*,*,#1308,.F.);
#1680=ORIENTED_EDGE('',*,*,#1307,.T.);
#1681=ORIENTED_EDGE('',*,*,#1292,.T.);
#1682=ORIENTED_EDGE('',*,*,#1310,.F.);
#1683=ORIENTED_EDGE('',*,*,#1311,.T.);
#1684=ORIENTED_EDGE('',*,*,#1312,.F.);
#1685=ORIENTED_EDGE('',*,*,#1311,.F.);
#1686=ORIENTED_EDGE('',*,*,#1310,.T.);
#1687=ORIENTED_EDGE('',*,*,#1287,.T.);
#1688=ORIENTED_EDGE('',*,*,#1313,.F.);
#1689=ORIENTED_EDGE('',*,*,#1314,.T.);
#1690=ORIENTED_EDGE('',*,*,#1315,.F.);
#1691=ORIENTED_EDGE('',*,*,#1314,.F.);
#1692=ORIENTED_EDGE('',*,*,#1313,.T.);
#1693=ORIENTED_EDGE('',*,*,#1297,.T.);
#1694=ORIENTED_EDGE('',*,*,#1316,.F.);
#1695=ORIENTED_EDGE('',*,*,#1317,.T.);
#1696=ORIENTED_EDGE('',*,*,#1318,.F.);
#1697=ORIENTED_EDGE('',*,*,#1317,.F.);
#1698=ORIENTED_EDGE('',*,*,#1316,.T.);
#1699=ORIENTED_EDGE('',*,*,#1302,.T.);
#1700=ORIENTED_EDGE('',*,*,#1319,.F.);
#1701=ORIENTED_EDGE('',*,*,#1320,.T.);
#1702=ORIENTED_EDGE('',*,*,#1321,.F.);
#1703=ORIENTED_EDGE('',*,*,#1322,.F.);
#1704=ORIENTED_EDGE('',*,*,#1323,.F.);
#1705=ORIENTED_EDGE('',*,*,#1324,.F.);
#1706=ORIENTED_EDGE('',*,*,#1325,.F.);
#1707=ORIENTED_EDGE('',*,*,#1326,.T.);
#1708=ORIENTED_EDGE('',*,*,#1327,.F.);
#1709=ORIENTED_EDGE('',*,*,#1328,.T.);
#1710=ORIENTED_EDGE('',*,*,#1329,.T.);
#1711=ORIENTED_EDGE('',*,*,#1323,.T.);
#1712=ORIENTED_EDGE('',*,*,#1328,.F.);
#1713=ORIENTED_EDGE('',*,*,#1330,.T.);
#1714=ORIENTED_EDGE('',*,*,#1331,.F.);
#1715=ORIENTED_EDGE('',*,*,#1332,.F.);
#1716=ORIENTED_EDGE('',*,*,#1333,.F.);
#1717=ORIENTED_EDGE('',*,*,#1325,.T.);
#1718=ORIENTED_EDGE('',*,*,#1334,.T.);
#1719=ORIENTED_EDGE('',*,*,#1331,.T.);
#1720=ORIENTED_EDGE('',*,*,#1335,.F.);
#1721=ORIENTED_EDGE('',*,*,#1336,.T.);
#1722=ORIENTED_EDGE('',*,*,#1337,.F.);
#1723=ORIENTED_EDGE('',*,*,#1338,.F.);
#1724=ORIENTED_EDGE('',*,*,#1339,.F.);
#1725=ORIENTED_EDGE('',*,*,#1340,.T.);
#1726=ORIENTED_EDGE('',*,*,#1341,.T.);
#1727=ORIENTED_EDGE('',*,*,#1337,.T.);
#1728=ORIENTED_EDGE('',*,*,#1340,.F.);
#1729=ORIENTED_EDGE('',*,*,#1342,.T.);
#1730=ORIENTED_EDGE('',*,*,#1343,.F.);
#1731=ORIENTED_EDGE('',*,*,#1344,.F.);
#1732=ORIENTED_EDGE('',*,*,#1345,.F.);
#1733=ORIENTED_EDGE('',*,*,#1335,.T.);
#1734=ORIENTED_EDGE('',*,*,#1346,.T.);
#1735=ORIENTED_EDGE('',*,*,#1343,.T.);
#1736=ORIENTED_EDGE('',*,*,#1345,.T.);
#1737=ORIENTED_EDGE('',*,*,#1342,.F.);
#1738=ORIENTED_EDGE('',*,*,#1339,.T.);
#1739=ORIENTED_EDGE('',*,*,#1336,.F.);
#1740=ORIENTED_EDGE('',*,*,#1347,.F.);
#1741=ORIENTED_EDGE('',*,*,#1319,.T.);
#1742=ORIENTED_EDGE('',*,*,#1348,.T.);
#1743=ORIENTED_EDGE('',*,*,#1349,.T.);
#1744=ORIENTED_EDGE('',*,*,#1349,.F.);
#1745=ORIENTED_EDGE('',*,*,#1350,.F.);
#1746=ORIENTED_EDGE('',*,*,#1351,.F.);
#1747=ORIENTED_EDGE('',*,*,#1352,.T.);
#1748=ORIENTED_EDGE('',*,*,#1353,.F.);
#1749=ORIENTED_EDGE('',*,*,#1351,.T.);
#1750=ORIENTED_EDGE('',*,*,#1354,.T.);
#1751=ORIENTED_EDGE('',*,*,#1321,.T.);
#1752=ORIENTED_EDGE('',*,*,#1347,.T.);
#1753=ORIENTED_EDGE('',*,*,#1352,.F.);
#1754=ORIENTED_EDGE('',*,*,#1353,.T.);
#1755=ORIENTED_EDGE('',*,*,#1320,.F.);
#1756=ORIENTED_EDGE('',*,*,#1327,.T.);
#1757=ORIENTED_EDGE('',*,*,#1326,.F.);
#1758=ORIENTED_EDGE('',*,*,#1333,.T.);
#1759=ORIENTED_EDGE('',*,*,#1330,.F.);
#1760=ORIENTED_EDGE('',*,*,#1355,.T.);
#1761=ORIENTED_EDGE('',*,*,#1356,.T.);
#1762=ORIENTED_EDGE('',*,*,#1357,.T.);
#1763=ORIENTED_EDGE('',*,*,#1358,.T.);
#1764=ORIENTED_EDGE('',*,*,#1356,.F.);
#1765=ORIENTED_EDGE('',*,*,#1359,.F.);
#1766=ORIENTED_EDGE('',*,*,#1360,.F.);
#1767=ORIENTED_EDGE('',*,*,#1361,.F.);
#1768=ORIENTED_EDGE('',*,*,#1362,.F.);
#1769=ORIENTED_EDGE('',*,*,#1363,.T.);
#1770=ORIENTED_EDGE('',*,*,#1364,.T.);
#1771=ORIENTED_EDGE('',*,*,#1365,.T.);
#1772=ORIENTED_EDGE('',*,*,#1366,.T.);
#1773=ORIENTED_EDGE('',*,*,#1358,.F.);
#1774=ORIENTED_EDGE('',*,*,#1367,.F.);
#1775=ORIENTED_EDGE('',*,*,#1364,.F.);
#1776=ORIENTED_EDGE('',*,*,#1368,.F.);
#1777=ORIENTED_EDGE('',*,*,#1369,.F.);
#1778=ORIENTED_EDGE('',*,*,#1370,.F.);
#1779=ORIENTED_EDGE('',*,*,#1371,.T.);
#1780=ORIENTED_EDGE('',*,*,#1372,.T.);
#1781=ORIENTED_EDGE('',*,*,#1373,.T.);
#1782=ORIENTED_EDGE('',*,*,#1361,.T.);
#1783=ORIENTED_EDGE('',*,*,#1372,.F.);
#1784=ORIENTED_EDGE('',*,*,#1374,.F.);
#1785=ORIENTED_EDGE('',*,*,#1375,.F.);
#1786=ORIENTED_EDGE('',*,*,#1376,.F.);
#1787=ORIENTED_EDGE('',*,*,#1377,.F.);
#1788=ORIENTED_EDGE('',*,*,#1378,.F.);
#1789=ORIENTED_EDGE('',*,*,#1379,.T.);
#1790=ORIENTED_EDGE('',*,*,#1380,.T.);
#1791=ORIENTED_EDGE('',*,*,#1381,.T.);
#1792=ORIENTED_EDGE('',*,*,#1377,.T.);
#1793=ORIENTED_EDGE('',*,*,#1366,.F.);
#1794=ORIENTED_EDGE('',*,*,#1382,.F.);
#1795=ORIENTED_EDGE('',*,*,#1380,.F.);
#1796=ORIENTED_EDGE('',*,*,#1383,.F.);
#1797=ORIENTED_EDGE('',*,*,#1384,.F.);
#1798=ORIENTED_EDGE('',*,*,#1385,.T.);
#1799=ORIENTED_EDGE('',*,*,#1386,.T.);
#1800=ORIENTED_EDGE('',*,*,#1387,.T.);
#1801=ORIENTED_EDGE('',*,*,#1385,.F.);
#1802=ORIENTED_EDGE('',*,*,#1388,.F.);
#1803=ORIENTED_EDGE('',*,*,#1389,.F.);
#1804=ORIENTED_EDGE('',*,*,#1390,.F.);
#1805=ORIENTED_EDGE('',*,*,#1391,.F.);
#1806=ORIENTED_EDGE('',*,*,#1392,.T.);
#1807=ORIENTED_EDGE('',*,*,#1393,.T.);
#1808=ORIENTED_EDGE('',*,*,#1389,.T.);
#1809=ORIENTED_EDGE('',*,*,#1384,.T.);
#1810=ORIENTED_EDGE('',*,*,#1394,.T.);
#1811=ORIENTED_EDGE('',*,*,#1395,.F.);
#1812=ORIENTED_EDGE('',*,*,#1396,.T.);
#1813=ORIENTED_EDGE('',*,*,#1391,.T.);
#1814=ORIENTED_EDGE('',*,*,#1388,.T.);
#1815=ORIENTED_EDGE('',*,*,#1378,.T.);
#1816=ORIENTED_EDGE('',*,*,#1381,.F.);
#1817=ORIENTED_EDGE('',*,*,#1382,.T.);
#1818=ORIENTED_EDGE('',*,*,#1365,.F.);
#1819=ORIENTED_EDGE('',*,*,#1367,.T.);
#1820=ORIENTED_EDGE('',*,*,#1357,.F.);
#1821=ORIENTED_EDGE('',*,*,#1362,.T.);
#1822=ORIENTED_EDGE('',*,*,#1373,.F.);
#1823=ORIENTED_EDGE('',*,*,#1397,.F.);
#1824=ORIENTED_EDGE('',*,*,#1398,.T.);
#1825=ORIENTED_EDGE('',*,*,#1399,.T.);
#1826=ORIENTED_EDGE('',*,*,#1400,.T.);
#1827=ORIENTED_EDGE('',*,*,#1398,.F.);
#1828=ORIENTED_EDGE('',*,*,#1401,.T.);
#1829=ORIENTED_EDGE('',*,*,#1402,.F.);
#1830=ORIENTED_EDGE('',*,*,#1403,.F.);
#1831=ORIENTED_EDGE('',*,*,#1404,.F.);
#1832=ORIENTED_EDGE('',*,*,#1405,.T.);
#1833=ORIENTED_EDGE('',*,*,#1406,.F.);
#1834=ORIENTED_EDGE('',*,*,#1402,.T.);
#1835=ORIENTED_EDGE('',*,*,#1405,.F.);
#1836=ORIENTED_EDGE('',*,*,#1407,.T.);
#1837=ORIENTED_EDGE('',*,*,#1408,.F.);
#1838=ORIENTED_EDGE('',*,*,#1409,.F.);
#1839=ORIENTED_EDGE('',*,*,#1410,.F.);
#1840=ORIENTED_EDGE('',*,*,#1411,.T.);
#1841=ORIENTED_EDGE('',*,*,#1412,.F.);
#1842=ORIENTED_EDGE('',*,*,#1413,.T.);
#1843=ORIENTED_EDGE('',*,*,#1397,.T.);
#1844=ORIENTED_EDGE('',*,*,#1414,.F.);
#1845=ORIENTED_EDGE('',*,*,#1415,.F.);
#1846=ORIENTED_EDGE('',*,*,#1416,.T.);
#1847=ORIENTED_EDGE('',*,*,#1417,.F.);
#1848=ORIENTED_EDGE('',*,*,#1418,.F.);
#1849=ORIENTED_EDGE('',*,*,#1419,.F.);
#1850=ORIENTED_EDGE('',*,*,#1420,.F.);
#1851=ORIENTED_EDGE('',*,*,#1421,.F.);
#1852=ORIENTED_EDGE('',*,*,#1422,.F.);
#1853=ORIENTED_EDGE('',*,*,#1423,.T.);
#1854=ORIENTED_EDGE('',*,*,#1424,.F.);
#1855=ORIENTED_EDGE('',*,*,#1412,.T.);
#1856=ORIENTED_EDGE('',*,*,#1425,.F.);
#1857=ORIENTED_EDGE('',*,*,#1426,.T.);
#1858=ORIENTED_EDGE('',*,*,#1427,.F.);
#1859=ORIENTED_EDGE('',*,*,#1428,.F.);
#1860=ORIENTED_EDGE('',*,*,#1369,.T.);
#1861=ORIENTED_EDGE('',*,*,#1429,.T.);
#1862=ORIENTED_EDGE('',*,*,#1430,.F.);
#1863=ORIENTED_EDGE('',*,*,#1431,.T.);
#1864=ORIENTED_EDGE('',*,*,#1432,.F.);
#1865=ORIENTED_EDGE('',*,*,#1433,.T.);
#1866=ORIENTED_EDGE('',*,*,#1434,.F.);
#1867=ORIENTED_EDGE('',*,*,#1435,.T.);
#1868=ORIENTED_EDGE('',*,*,#1436,.T.);
#1869=ORIENTED_EDGE('',*,*,#1437,.T.);
#1870=ORIENTED_EDGE('',*,*,#1438,.F.);
#1871=ORIENTED_EDGE('',*,*,#1439,.T.);
#1872=ORIENTED_EDGE('',*,*,#1440,.F.);
#1873=ORIENTED_EDGE('',*,*,#1441,.T.);
#1874=ORIENTED_EDGE('',*,*,#1442,.F.);
#1875=ORIENTED_EDGE('',*,*,#1443,.T.);
#1876=ORIENTED_EDGE('',*,*,#1375,.T.);
#1877=ORIENTED_EDGE('',*,*,#1444,.F.);
#1878=ORIENTED_EDGE('',*,*,#1445,.F.);
#1879=ORIENTED_EDGE('',*,*,#1446,.T.);
#1880=ORIENTED_EDGE('',*,*,#1447,.F.);
#1881=ORIENTED_EDGE('',*,*,#1448,.T.);
#1882=ORIENTED_EDGE('',*,*,#1449,.F.);
#1883=ORIENTED_EDGE('',*,*,#1450,.T.);
#1884=ORIENTED_EDGE('',*,*,#1451,.F.);
#1885=ORIENTED_EDGE('',*,*,#1452,.F.);
#1886=ORIENTED_EDGE('',*,*,#1453,.F.);
#1887=ORIENTED_EDGE('',*,*,#1454,.F.);
#1888=ORIENTED_EDGE('',*,*,#1455,.F.);
#1889=ORIENTED_EDGE('',*,*,#1456,.F.);
#1890=ORIENTED_EDGE('',*,*,#1457,.T.);
#1891=ORIENTED_EDGE('',*,*,#1458,.F.);
#1892=ORIENTED_EDGE('',*,*,#1459,.F.);
#1893=ORIENTED_EDGE('',*,*,#1460,.T.);
#1894=ORIENTED_EDGE('',*,*,#1461,.F.);
#1895=ORIENTED_EDGE('',*,*,#1462,.T.);
#1896=ORIENTED_EDGE('',*,*,#1407,.F.);
#1897=ORIENTED_EDGE('',*,*,#1404,.T.);
#1898=ORIENTED_EDGE('',*,*,#1401,.F.);
#1899=ORIENTED_EDGE('',*,*,#1411,.F.);
#1900=ORIENTED_EDGE('',*,*,#1463,.F.);
#1901=ORIENTED_EDGE('',*,*,#1464,.F.);
#1902=ORIENTED_EDGE('',*,*,#1425,.T.);
#1903=ORIENTED_EDGE('',*,*,#1426,.F.);
#1904=ORIENTED_EDGE('',*,*,#1464,.T.);
#1905=ORIENTED_EDGE('',*,*,#1465,.F.);
#1906=ORIENTED_EDGE('',*,*,#1466,.T.);
#1907=ORIENTED_EDGE('',*,*,#1450,.F.);
#1908=ORIENTED_EDGE('',*,*,#1467,.T.);
#1909=ORIENTED_EDGE('',*,*,#1468,.T.);
#1910=ORIENTED_EDGE('',*,*,#1469,.T.);
#1911=ORIENTED_EDGE('',*,*,#1467,.F.);
#1912=ORIENTED_EDGE('',*,*,#1449,.T.);
#1913=ORIENTED_EDGE('',*,*,#1470,.F.);
#1914=ORIENTED_EDGE('',*,*,#1471,.F.);
#1915=ORIENTED_EDGE('',*,*,#1423,.F.);
#1916=ORIENTED_EDGE('',*,*,#1472,.T.);
#1917=ORIENTED_EDGE('',*,*,#1473,.T.);
#1918=ORIENTED_EDGE('',*,*,#1474,.T.);
#1919=ORIENTED_EDGE('',*,*,#1472,.F.);
#1920=ORIENTED_EDGE('',*,*,#1422,.T.);
#1921=ORIENTED_EDGE('',*,*,#1475,.F.);
#1922=ORIENTED_EDGE('',*,*,#1476,.F.);
#1923=ORIENTED_EDGE('',*,*,#1477,.F.);
#1924=ORIENTED_EDGE('',*,*,#1478,.T.);
#1925=ORIENTED_EDGE('',*,*,#1432,.T.);
#1926=ORIENTED_EDGE('',*,*,#1479,.T.);
#1927=ORIENTED_EDGE('',*,*,#1478,.F.);
#1928=ORIENTED_EDGE('',*,*,#1480,.T.);
#1929=ORIENTED_EDGE('',*,*,#1481,.F.);
#1930=ORIENTED_EDGE('',*,*,#1433,.F.);
#1931=ORIENTED_EDGE('',*,*,#1482,.F.);
#1932=ORIENTED_EDGE('',*,*,#1483,.T.);
#1933=ORIENTED_EDGE('',*,*,#1434,.T.);
#1934=ORIENTED_EDGE('',*,*,#1481,.T.);
#1935=ORIENTED_EDGE('',*,*,#1483,.F.);
#1936=ORIENTED_EDGE('',*,*,#1484,.T.);
#1937=ORIENTED_EDGE('',*,*,#1485,.F.);
#1938=ORIENTED_EDGE('',*,*,#1435,.F.);
#1939=ORIENTED_EDGE('',*,*,#1486,.F.);
#1940=ORIENTED_EDGE('',*,*,#1487,.T.);
#1941=ORIENTED_EDGE('',*,*,#1438,.T.);
#1942=ORIENTED_EDGE('',*,*,#1488,.T.);
#1943=ORIENTED_EDGE('',*,*,#1487,.F.);
#1944=ORIENTED_EDGE('',*,*,#1489,.T.);
#1945=ORIENTED_EDGE('',*,*,#1490,.F.);
#1946=ORIENTED_EDGE('',*,*,#1439,.F.);
#1947=ORIENTED_EDGE('',*,*,#1491,.F.);
#1948=ORIENTED_EDGE('',*,*,#1492,.T.);
#1949=ORIENTED_EDGE('',*,*,#1440,.T.);
#1950=ORIENTED_EDGE('',*,*,#1490,.T.);
#1951=ORIENTED_EDGE('',*,*,#1492,.F.);
#1952=ORIENTED_EDGE('',*,*,#1493,.T.);
#1953=ORIENTED_EDGE('',*,*,#1494,.F.);
#1954=ORIENTED_EDGE('',*,*,#1441,.F.);
#1955=ORIENTED_EDGE('',*,*,#1495,.F.);
#1956=ORIENTED_EDGE('',*,*,#1496,.T.);
#1957=ORIENTED_EDGE('',*,*,#1442,.T.);
#1958=ORIENTED_EDGE('',*,*,#1494,.T.);
#1959=ORIENTED_EDGE('',*,*,#1496,.F.);
#1960=ORIENTED_EDGE('',*,*,#1497,.T.);
#1961=ORIENTED_EDGE('',*,*,#1498,.F.);
#1962=ORIENTED_EDGE('',*,*,#1429,.F.);
#1963=ORIENTED_EDGE('',*,*,#1368,.T.);
#1964=ORIENTED_EDGE('',*,*,#1363,.F.);
#1965=ORIENTED_EDGE('',*,*,#1383,.T.);
#1966=ORIENTED_EDGE('',*,*,#1379,.F.);
#1967=ORIENTED_EDGE('',*,*,#1376,.T.);
#1968=ORIENTED_EDGE('',*,*,#1443,.F.);
#1969=ORIENTED_EDGE('',*,*,#1499,.F.);
#1970=ORIENTED_EDGE('',*,*,#1500,.T.);
#1971=ORIENTED_EDGE('',*,*,#1430,.T.);
#1972=ORIENTED_EDGE('',*,*,#1498,.T.);
#1973=ORIENTED_EDGE('',*,*,#1477,.T.);
#1974=ORIENTED_EDGE('',*,*,#1501,.F.);
#1975=ORIENTED_EDGE('',*,*,#1499,.T.);
#1976=ORIENTED_EDGE('',*,*,#1497,.F.);
#1977=ORIENTED_EDGE('',*,*,#1495,.T.);
#1978=ORIENTED_EDGE('',*,*,#1493,.F.);
#1979=ORIENTED_EDGE('',*,*,#1491,.T.);
#1980=ORIENTED_EDGE('',*,*,#1489,.F.);
#1981=ORIENTED_EDGE('',*,*,#1486,.T.);
#1982=ORIENTED_EDGE('',*,*,#1502,.F.);
#1983=ORIENTED_EDGE('',*,*,#1503,.F.);
#1984=ORIENTED_EDGE('',*,*,#1484,.F.);
#1985=ORIENTED_EDGE('',*,*,#1482,.T.);
#1986=ORIENTED_EDGE('',*,*,#1480,.F.);
#1987=ORIENTED_EDGE('',*,*,#1504,.T.);
#1988=ORIENTED_EDGE('',*,*,#1505,.T.);
#1989=ORIENTED_EDGE('',*,*,#1506,.T.);
#1990=ORIENTED_EDGE('',*,*,#1507,.T.);
#1991=ORIENTED_EDGE('',*,*,#1416,.F.);
#1992=ORIENTED_EDGE('',*,*,#1508,.T.);
#1993=ORIENTED_EDGE('',*,*,#1509,.T.);
#1994=ORIENTED_EDGE('',*,*,#1510,.T.);
#1995=ORIENTED_EDGE('',*,*,#1508,.F.);
#1996=ORIENTED_EDGE('',*,*,#1415,.T.);
#1997=ORIENTED_EDGE('',*,*,#1511,.F.);
#1998=ORIENTED_EDGE('',*,*,#1512,.F.);
#1999=ORIENTED_EDGE('',*,*,#1513,.T.);
#2000=ORIENTED_EDGE('',*,*,#1514,.T.);
#2001=ORIENTED_EDGE('',*,*,#1446,.F.);
#2002=ORIENTED_EDGE('',*,*,#1515,.T.);
#2003=ORIENTED_EDGE('',*,*,#1515,.F.);
#2004=ORIENTED_EDGE('',*,*,#1445,.T.);
#2005=ORIENTED_EDGE('',*,*,#1516,.F.);
#2006=ORIENTED_EDGE('',*,*,#1517,.F.);
#2007=ORIENTED_EDGE('',*,*,#1514,.F.);
#2008=ORIENTED_EDGE('',*,*,#1518,.F.);
#2009=ORIENTED_EDGE('',*,*,#1519,.F.);
#2010=ORIENTED_EDGE('',*,*,#1447,.T.);
#2011=ORIENTED_EDGE('',*,*,#1448,.F.);
#2012=ORIENTED_EDGE('',*,*,#1519,.T.);
#2013=ORIENTED_EDGE('',*,*,#1520,.F.);
#2014=ORIENTED_EDGE('',*,*,#1470,.T.);
#2015=ORIENTED_EDGE('',*,*,#1457,.F.);
#2016=ORIENTED_EDGE('',*,*,#1521,.T.);
#2017=ORIENTED_EDGE('',*,*,#1522,.T.);
#2018=ORIENTED_EDGE('',*,*,#1523,.T.);
#2019=ORIENTED_EDGE('',*,*,#1521,.F.);
#2020=ORIENTED_EDGE('',*,*,#1456,.T.);
#2021=ORIENTED_EDGE('',*,*,#1524,.F.);
#2022=ORIENTED_EDGE('',*,*,#1525,.F.);
#2023=ORIENTED_EDGE('',*,*,#1460,.F.);
#2024=ORIENTED_EDGE('',*,*,#1526,.T.);
#2025=ORIENTED_EDGE('',*,*,#1527,.T.);
#2026=ORIENTED_EDGE('',*,*,#1528,.T.);
#2027=ORIENTED_EDGE('',*,*,#1528,.F.);
#2028=ORIENTED_EDGE('',*,*,#1529,.F.);
#2029=ORIENTED_EDGE('',*,*,#1530,.F.);
#2030=ORIENTED_EDGE('',*,*,#1461,.T.);
#2031=ORIENTED_EDGE('',*,*,#1531,.F.);
#2032=ORIENTED_EDGE('',*,*,#1408,.T.);
#2033=ORIENTED_EDGE('',*,*,#1462,.F.);
#2034=ORIENTED_EDGE('',*,*,#1530,.T.);
#2035=ORIENTED_EDGE('',*,*,#1532,.T.);
#2036=ORIENTED_EDGE('',*,*,#1533,.T.);
#2037=ORIENTED_EDGE('',*,*,#1534,.T.);
#2038=ORIENTED_EDGE('',*,*,#1535,.T.);
#2039=ORIENTED_EDGE('',*,*,#1465,.T.);
#2040=ORIENTED_EDGE('',*,*,#1463,.T.);
#2041=ORIENTED_EDGE('',*,*,#1410,.T.);
#2042=ORIENTED_EDGE('',*,*,#1536,.T.);
#2043=ORIENTED_EDGE('',*,*,#1473,.F.);
#2044=ORIENTED_EDGE('',*,*,#1476,.T.);
#2045=ORIENTED_EDGE('',*,*,#1537,.T.);
#2046=ORIENTED_EDGE('',*,*,#1538,.T.);
#2047=ORIENTED_EDGE('',*,*,#1539,.F.);
#2048=ORIENTED_EDGE('',*,*,#1540,.T.);
#2049=ORIENTED_EDGE('',*,*,#1541,.T.);
#2050=ORIENTED_EDGE('',*,*,#1542,.T.);
#2051=ORIENTED_EDGE('',*,*,#1395,.T.);
#2052=ORIENTED_EDGE('',*,*,#1543,.T.);
#2053=ORIENTED_EDGE('',*,*,#1544,.T.);
#2054=ORIENTED_EDGE('',*,*,#1545,.T.);
#2055=ORIENTED_EDGE('',*,*,#1532,.F.);
#2056=ORIENTED_EDGE('',*,*,#1546,.T.);
#2057=ORIENTED_EDGE('',*,*,#1547,.T.);
#2058=ORIENTED_EDGE('',*,*,#1548,.T.);
#2059=ORIENTED_EDGE('',*,*,#1549,.T.);
#2060=ORIENTED_EDGE('',*,*,#1468,.F.);
#2061=ORIENTED_EDGE('',*,*,#1471,.T.);
#2062=ORIENTED_EDGE('',*,*,#1520,.T.);
#2063=ORIENTED_EDGE('',*,*,#1518,.T.);
#2064=ORIENTED_EDGE('',*,*,#1513,.F.);
#2065=ORIENTED_EDGE('',*,*,#1517,.T.);
#2066=ORIENTED_EDGE('',*,*,#1550,.T.);
#2067=ORIENTED_EDGE('',*,*,#1551,.T.);
#2068=ORIENTED_EDGE('',*,*,#1552,.T.);
#2069=ORIENTED_EDGE('',*,*,#1291,.T.);
#2070=ORIENTED_EDGE('',*,*,#1296,.T.);
#2071=ORIENTED_EDGE('',*,*,#1553,.T.);
#2072=ORIENTED_EDGE('',*,*,#1554,.T.);
#2073=ORIENTED_EDGE('',*,*,#1535,.F.);
#2074=ORIENTED_EDGE('',*,*,#1555,.T.);
#2075=ORIENTED_EDGE('',*,*,#1556,.T.);
#2076=ORIENTED_EDGE('',*,*,#1557,.F.);
#2077=ORIENTED_EDGE('',*,*,#1453,.T.);
#2078=ORIENTED_EDGE('',*,*,#1558,.T.);
#2079=ORIENTED_EDGE('',*,*,#1559,.T.);
#2080=ORIENTED_EDGE('',*,*,#1560,.T.);
#2081=ORIENTED_EDGE('',*,*,#1547,.F.);
#2082=ORIENTED_EDGE('',*,*,#1546,.F.);
#2083=ORIENTED_EDGE('',*,*,#1561,.T.);
#2084=ORIENTED_EDGE('',*,*,#1562,.T.);
#2085=ORIENTED_EDGE('',*,*,#1563,.T.);
#2086=ORIENTED_EDGE('',*,*,#1564,.T.);
#2087=ORIENTED_EDGE('',*,*,#1454,.T.);
#2088=ORIENTED_EDGE('',*,*,#1557,.T.);
#2089=ORIENTED_EDGE('',*,*,#1561,.F.);
#2090=ORIENTED_EDGE('',*,*,#1556,.F.);
#2091=ORIENTED_EDGE('',*,*,#1565,.T.);
#2092=ORIENTED_EDGE('',*,*,#1566,.F.);
#2093=ORIENTED_EDGE('',*,*,#1567,.F.);
#2094=ORIENTED_EDGE('',*,*,#1568,.F.);
#2095=ORIENTED_EDGE('',*,*,#1569,.F.);
#2096=ORIENTED_EDGE('',*,*,#1570,.F.);
#2097=ORIENTED_EDGE('',*,*,#1571,.F.);
#2098=ORIENTED_EDGE('',*,*,#1572,.F.);
#2099=ORIENTED_EDGE('',*,*,#1573,.F.);
#2100=ORIENTED_EDGE('',*,*,#1574,.F.);
#2101=ORIENTED_EDGE('',*,*,#1575,.F.);
#2102=ORIENTED_EDGE('',*,*,#1576,.F.);
#2103=ORIENTED_EDGE('',*,*,#1577,.F.);
#2104=ORIENTED_EDGE('',*,*,#1315,.T.);
#2105=ORIENTED_EDGE('',*,*,#1318,.T.);
#2106=ORIENTED_EDGE('',*,*,#1322,.T.);
#2107=ORIENTED_EDGE('',*,*,#1354,.F.);
#2108=ORIENTED_EDGE('',*,*,#1350,.T.);
#2109=ORIENTED_EDGE('',*,*,#1348,.F.);
#2110=ORIENTED_EDGE('',*,*,#1324,.T.);
#2111=ORIENTED_EDGE('',*,*,#1329,.F.);
#2112=ORIENTED_EDGE('',*,*,#1332,.T.);
#2113=ORIENTED_EDGE('',*,*,#1334,.F.);
#2114=ORIENTED_EDGE('',*,*,#1344,.T.);
#2115=ORIENTED_EDGE('',*,*,#1346,.F.);
#2116=ORIENTED_EDGE('',*,*,#1338,.T.);
#2117=ORIENTED_EDGE('',*,*,#1341,.F.);
#2118=ORIENTED_EDGE('',*,*,#1578,.T.);
#2119=ORIENTED_EDGE('',*,*,#1579,.T.);
#2120=ORIENTED_EDGE('',*,*,#1576,.T.);
#2121=ORIENTED_EDGE('',*,*,#1580,.T.);
#2122=ORIENTED_EDGE('',*,*,#1406,.T.);
#2123=ORIENTED_EDGE('',*,*,#1409,.T.);
#2124=ORIENTED_EDGE('',*,*,#1531,.T.);
#2125=ORIENTED_EDGE('',*,*,#1529,.T.);
#2126=ORIENTED_EDGE('',*,*,#1527,.F.);
#2127=ORIENTED_EDGE('',*,*,#1581,.T.);
#2128=ORIENTED_EDGE('',*,*,#1582,.T.);
#2129=ORIENTED_EDGE('',*,*,#1522,.F.);
#2130=ORIENTED_EDGE('',*,*,#1525,.T.);
#2131=ORIENTED_EDGE('',*,*,#1583,.T.);
#2132=ORIENTED_EDGE('',*,*,#1563,.F.);
#2133=ORIENTED_EDGE('',*,*,#1584,.T.);
#2134=ORIENTED_EDGE('',*,*,#1578,.F.);
#2135=ORIENTED_EDGE('',*,*,#1585,.T.);
#2136=ORIENTED_EDGE('',*,*,#1586,.F.);
#2137=ORIENTED_EDGE('',*,*,#1587,.T.);
#2138=ORIENTED_EDGE('',*,*,#1588,.T.);
#2139=ORIENTED_EDGE('',*,*,#1589,.F.);
#2140=ORIENTED_EDGE('',*,*,#1590,.T.);
#2141=ORIENTED_EDGE('',*,*,#1591,.F.);
#2142=ORIENTED_EDGE('',*,*,#1592,.T.);
#2143=ORIENTED_EDGE('',*,*,#1593,.F.);
#2144=ORIENTED_EDGE('',*,*,#1594,.T.);
#2145=ORIENTED_EDGE('',*,*,#1595,.T.);
#2146=ORIENTED_EDGE('',*,*,#1509,.F.);
#2147=ORIENTED_EDGE('',*,*,#1512,.T.);
#2148=ORIENTED_EDGE('',*,*,#1596,.T.);
#2149=ORIENTED_EDGE('',*,*,#1399,.F.);
#2150=ORIENTED_EDGE('',*,*,#1403,.T.);
#2151=ORIENTED_EDGE('',*,*,#1301,.T.);
#2152=ORIENTED_EDGE('',*,*,#1306,.T.);
#2153=ORIENTED_EDGE('',*,*,#1597,.T.);
#2154=ORIENTED_EDGE('',*,*,#1580,.F.);
#2155=ORIENTED_EDGE('',*,*,#1575,.T.);
#2156=ORIENTED_EDGE('',*,*,#1598,.F.);
#2157=ORIENTED_EDGE('',*,*,#1585,.F.);
#2158=ORIENTED_EDGE('',*,*,#1586,.T.);
#2159=ORIENTED_EDGE('',*,*,#1598,.T.);
#2160=ORIENTED_EDGE('',*,*,#1574,.T.);
#2161=ORIENTED_EDGE('',*,*,#1599,.T.);
#2162=ORIENTED_EDGE('',*,*,#1589,.T.);
#2163=ORIENTED_EDGE('',*,*,#1600,.T.);
#2164=ORIENTED_EDGE('',*,*,#1571,.T.);
#2165=ORIENTED_EDGE('',*,*,#1601,.T.);
#2166=ORIENTED_EDGE('',*,*,#1601,.F.);
#2167=ORIENTED_EDGE('',*,*,#1570,.T.);
#2168=ORIENTED_EDGE('',*,*,#1602,.F.);
#2169=ORIENTED_EDGE('',*,*,#1590,.F.);
#2170=ORIENTED_EDGE('',*,*,#1591,.T.);
#2171=ORIENTED_EDGE('',*,*,#1602,.T.);
#2172=ORIENTED_EDGE('',*,*,#1569,.T.);
#2173=ORIENTED_EDGE('',*,*,#1603,.T.);
#2174=ORIENTED_EDGE('',*,*,#1603,.F.);
#2175=ORIENTED_EDGE('',*,*,#1568,.T.);
#2176=ORIENTED_EDGE('',*,*,#1604,.F.);
#2177=ORIENTED_EDGE('',*,*,#1592,.F.);
#2178=ORIENTED_EDGE('',*,*,#1567,.T.);
#2179=ORIENTED_EDGE('',*,*,#1605,.T.);
#2180=ORIENTED_EDGE('',*,*,#1419,.T.);
#2181=ORIENTED_EDGE('',*,*,#1606,.T.);
#2182=ORIENTED_EDGE('',*,*,#1593,.T.);
#2183=ORIENTED_EDGE('',*,*,#1604,.T.);
#2184=ORIENTED_EDGE('',*,*,#1605,.F.);
#2185=ORIENTED_EDGE('',*,*,#1566,.T.);
#2186=ORIENTED_EDGE('',*,*,#1607,.T.);
#2187=ORIENTED_EDGE('',*,*,#1608,.F.);
#2188=ORIENTED_EDGE('',*,*,#1538,.F.);
#2189=ORIENTED_EDGE('',*,*,#1609,.T.);
#2190=ORIENTED_EDGE('',*,*,#1420,.T.);
#2191=ORIENTED_EDGE('',*,*,#1539,.T.);
#2192=ORIENTED_EDGE('',*,*,#1608,.T.);
#2193=ORIENTED_EDGE('',*,*,#1610,.T.);
#2194=ORIENTED_EDGE('',*,*,#1611,.T.);
#2195=ORIENTED_EDGE('',*,*,#1611,.F.);
#2196=ORIENTED_EDGE('',*,*,#1612,.T.);
#2197=ORIENTED_EDGE('',*,*,#1613,.T.);
#2198=ORIENTED_EDGE('',*,*,#1540,.F.);
#2199=ORIENTED_EDGE('',*,*,#1534,.F.);
#2200=ORIENTED_EDGE('',*,*,#1614,.F.);
#2201=ORIENTED_EDGE('',*,*,#1615,.F.);
#2202=ORIENTED_EDGE('',*,*,#1612,.F.);
#2203=ORIENTED_EDGE('',*,*,#1610,.F.);
#2204=ORIENTED_EDGE('',*,*,#1607,.F.);
#2205=ORIENTED_EDGE('',*,*,#1565,.F.);
#2206=ORIENTED_EDGE('',*,*,#1555,.F.);
#2207=ORIENTED_EDGE('',*,*,#1309,.T.);
#2208=ORIENTED_EDGE('',*,*,#1312,.T.);
#2209=ORIENTED_EDGE('',*,*,#1616,.F.);
#2210=ORIENTED_EDGE('',*,*,#1617,.T.);
#2211=ORIENTED_EDGE('',*,*,#1617,.F.);
#2212=ORIENTED_EDGE('',*,*,#1507,.F.);
#2213=ORIENTED_EDGE('',*,*,#1618,.T.);
#2214=ORIENTED_EDGE('',*,*,#1616,.T.);
#2215=ORIENTED_EDGE('',*,*,#1618,.F.);
#2216=ORIENTED_EDGE('',*,*,#1619,.F.);
#2217=ORIENTED_EDGE('',*,*,#1620,.T.);
#2218=ORIENTED_EDGE('',*,*,#1620,.F.);
#2219=ORIENTED_EDGE('',*,*,#1506,.F.);
#2220=ORIENTED_EDGE('',*,*,#1621,.T.);
#2221=ORIENTED_EDGE('',*,*,#1619,.T.);
#2222=ORIENTED_EDGE('',*,*,#1621,.F.);
#2223=ORIENTED_EDGE('',*,*,#1622,.F.);
#2224=ORIENTED_EDGE('',*,*,#1623,.T.);
#2225=ORIENTED_EDGE('',*,*,#1623,.F.);
#2226=ORIENTED_EDGE('',*,*,#1505,.F.);
#2227=ORIENTED_EDGE('',*,*,#1624,.T.);
#2228=ORIENTED_EDGE('',*,*,#1622,.T.);
#2229=ORIENTED_EDGE('',*,*,#1624,.F.);
#2230=ORIENTED_EDGE('',*,*,#1625,.F.);
#2231=ORIENTED_EDGE('',*,*,#1626,.T.);
#2232=ORIENTED_EDGE('',*,*,#1626,.F.);
#2233=ORIENTED_EDGE('',*,*,#1504,.F.);
#2234=ORIENTED_EDGE('',*,*,#1627,.T.);
#2235=ORIENTED_EDGE('',*,*,#1625,.T.);
#2236=ORIENTED_EDGE('',*,*,#1627,.F.);
#2237=ORIENTED_EDGE('',*,*,#1359,.T.);
#2238=ORIENTED_EDGE('',*,*,#1355,.F.);
#2239=ORIENTED_EDGE('',*,*,#1370,.T.);
#2240=ORIENTED_EDGE('',*,*,#1428,.T.);
#2241=ORIENTED_EDGE('',*,*,#1628,.F.);
#2242=ORIENTED_EDGE('',*,*,#1551,.F.);
#2243=ORIENTED_EDGE('',*,*,#1629,.F.);
#2244=ORIENTED_EDGE('',*,*,#1392,.F.);
#2245=ORIENTED_EDGE('',*,*,#1396,.F.);
#2246=ORIENTED_EDGE('',*,*,#1542,.F.);
#2247=ORIENTED_EDGE('',*,*,#1630,.F.);
#2248=ORIENTED_EDGE('',*,*,#1387,.F.);
#2249=ORIENTED_EDGE('',*,*,#1631,.F.);
#2250=ORIENTED_EDGE('',*,*,#1543,.F.);
#2251=ORIENTED_EDGE('',*,*,#1394,.F.);
#2252=ORIENTED_EDGE('',*,*,#1615,.T.);
#2253=ORIENTED_EDGE('',*,*,#1632,.T.);
#2254=ORIENTED_EDGE('',*,*,#1544,.F.);
#2255=ORIENTED_EDGE('',*,*,#1631,.T.);
#2256=ORIENTED_EDGE('',*,*,#1386,.F.);
#2257=ORIENTED_EDGE('',*,*,#1390,.T.);
#2258=ORIENTED_EDGE('',*,*,#1393,.F.);
#2259=ORIENTED_EDGE('',*,*,#1630,.T.);
#2260=ORIENTED_EDGE('',*,*,#1541,.F.);
#2261=ORIENTED_EDGE('',*,*,#1613,.F.);
#2262=ORIENTED_EDGE('',*,*,#1436,.F.);
#2263=ORIENTED_EDGE('',*,*,#1485,.T.);
#2264=ORIENTED_EDGE('',*,*,#1503,.T.);
#2265=ORIENTED_EDGE('',*,*,#1633,.F.);
#2266=ORIENTED_EDGE('',*,*,#1488,.F.);
#2267=ORIENTED_EDGE('',*,*,#1437,.F.);
#2268=ORIENTED_EDGE('',*,*,#1633,.T.);
#2269=ORIENTED_EDGE('',*,*,#1502,.T.);
#2270=ORIENTED_EDGE('',*,*,#1479,.F.);
#2271=ORIENTED_EDGE('',*,*,#1431,.F.);
#2272=ORIENTED_EDGE('',*,*,#1500,.F.);
#2273=ORIENTED_EDGE('',*,*,#1501,.T.);
#2274=ORIENTED_EDGE('',*,*,#1606,.F.);
#2275=ORIENTED_EDGE('',*,*,#1418,.T.);
#2276=ORIENTED_EDGE('',*,*,#1634,.F.);
#2277=ORIENTED_EDGE('',*,*,#1594,.F.);
#2278=ORIENTED_EDGE('',*,*,#1510,.F.);
#2279=ORIENTED_EDGE('',*,*,#1595,.F.);
#2280=ORIENTED_EDGE('',*,*,#1634,.T.);
#2281=ORIENTED_EDGE('',*,*,#1417,.T.);
#2282=ORIENTED_EDGE('',*,*,#1400,.F.);
#2283=ORIENTED_EDGE('',*,*,#1596,.F.);
#2284=ORIENTED_EDGE('',*,*,#1511,.T.);
#2285=ORIENTED_EDGE('',*,*,#1414,.T.);
#2286=ORIENTED_EDGE('',*,*,#1526,.F.);
#2287=ORIENTED_EDGE('',*,*,#1459,.T.);
#2288=ORIENTED_EDGE('',*,*,#1635,.F.);
#2289=ORIENTED_EDGE('',*,*,#1581,.F.);
#2290=ORIENTED_EDGE('',*,*,#1523,.F.);
#2291=ORIENTED_EDGE('',*,*,#1582,.F.);
#2292=ORIENTED_EDGE('',*,*,#1635,.T.);
#2293=ORIENTED_EDGE('',*,*,#1458,.T.);
#2294=ORIENTED_EDGE('',*,*,#1564,.F.);
#2295=ORIENTED_EDGE('',*,*,#1583,.F.);
#2296=ORIENTED_EDGE('',*,*,#1524,.T.);
#2297=ORIENTED_EDGE('',*,*,#1455,.T.);
#2298=ORIENTED_EDGE('',*,*,#1636,.F.);
#2299=ORIENTED_EDGE('',*,*,#1548,.F.);
#2300=ORIENTED_EDGE('',*,*,#1560,.F.);
#2301=ORIENTED_EDGE('',*,*,#1559,.F.);
#2302=ORIENTED_EDGE('',*,*,#1558,.F.);
#2303=ORIENTED_EDGE('',*,*,#1452,.T.);
#2304=ORIENTED_EDGE('',*,*,#1637,.F.);
#2305=ORIENTED_EDGE('',*,*,#1638,.F.);
#2306=ORIENTED_EDGE('',*,*,#1639,.F.);
#2307=ORIENTED_EDGE('',*,*,#1554,.F.);
#2308=ORIENTED_EDGE('',*,*,#1640,.T.);
#2309=ORIENTED_EDGE('',*,*,#1639,.T.);
#2310=ORIENTED_EDGE('',*,*,#1640,.F.);
#2311=ORIENTED_EDGE('',*,*,#1553,.F.);
#2312=ORIENTED_EDGE('',*,*,#1641,.T.);
#2313=ORIENTED_EDGE('',*,*,#1637,.T.);
#2314=ORIENTED_EDGE('',*,*,#1641,.F.);
#2315=ORIENTED_EDGE('',*,*,#1413,.F.);
#2316=ORIENTED_EDGE('',*,*,#1424,.T.);
#2317=ORIENTED_EDGE('',*,*,#1474,.F.);
#2318=ORIENTED_EDGE('',*,*,#1536,.F.);
#2319=ORIENTED_EDGE('',*,*,#1360,.T.);
#2320=ORIENTED_EDGE('',*,*,#1629,.T.);
#2321=ORIENTED_EDGE('',*,*,#1550,.F.);
#2322=ORIENTED_EDGE('',*,*,#1516,.T.);
#2323=ORIENTED_EDGE('',*,*,#1444,.T.);
#2324=ORIENTED_EDGE('',*,*,#1374,.T.);
#2325=ORIENTED_EDGE('',*,*,#1371,.F.);
#2326=ORIENTED_EDGE('',*,*,#1469,.F.);
#2327=ORIENTED_EDGE('',*,*,#1549,.F.);
#2328=ORIENTED_EDGE('',*,*,#1636,.T.);
#2329=ORIENTED_EDGE('',*,*,#1451,.T.);
#2330=ORIENTED_EDGE('',*,*,#1609,.F.);
#2331=ORIENTED_EDGE('',*,*,#1537,.F.);
#2332=ORIENTED_EDGE('',*,*,#1475,.T.);
#2333=ORIENTED_EDGE('',*,*,#1421,.T.);
#2334=ORIENTED_EDGE('',*,*,#1466,.F.);
#2335=ORIENTED_EDGE('',*,*,#1552,.F.);
#2336=ORIENTED_EDGE('',*,*,#1628,.T.);
#2337=ORIENTED_EDGE('',*,*,#1427,.T.);
#2338=ORIENTED_EDGE('',*,*,#1597,.F.);
#2339=ORIENTED_EDGE('',*,*,#1642,.T.);
#2340=ORIENTED_EDGE('',*,*,#1638,.T.);
#2341=ORIENTED_EDGE('',*,*,#1642,.F.);
#2342=ORIENTED_EDGE('',*,*,#1533,.F.);
#2343=ORIENTED_EDGE('',*,*,#1545,.F.);
#2344=ORIENTED_EDGE('',*,*,#1632,.F.);
#2345=ORIENTED_EDGE('',*,*,#1614,.T.);
#2346=ORIENTED_EDGE('',*,*,#1562,.F.);
#2347=ORIENTED_EDGE('',*,*,#1577,.T.);
#2348=ORIENTED_EDGE('',*,*,#1579,.F.);
#2349=ORIENTED_EDGE('',*,*,#1584,.F.);
#2350=ORIENTED_EDGE('',*,*,#1599,.F.);
#2351=ORIENTED_EDGE('',*,*,#1573,.T.);
#2352=ORIENTED_EDGE('',*,*,#1643,.T.);
#2353=ORIENTED_EDGE('',*,*,#1587,.F.);
#2354=ORIENTED_EDGE('',*,*,#1600,.F.);
#2355=ORIENTED_EDGE('',*,*,#1588,.F.);
#2356=ORIENTED_EDGE('',*,*,#1643,.F.);
#2357=ORIENTED_EDGE('',*,*,#1572,.T.);
#2358=CONICAL_SURFACE('',#2501,1.28075,0.785398163397448);
#2359=CONICAL_SURFACE('',#2506,1.28075,0.785398163397448);
#2360=CONICAL_SURFACE('',#2511,1.28075,0.785398163397448);
#2361=CONICAL_SURFACE('',#2516,1.28075,0.785398163397448);
#2362=CONICAL_SURFACE('',#2708,0.40575,1.02974425867665);
#2363=CONICAL_SURFACE('',#2711,0.40575,1.02974425867665);
#2364=CONICAL_SURFACE('',#2714,0.40575,1.02974425867665);
#2365=CONICAL_SURFACE('',#2717,0.40575,1.02974425867665);
#2366=ADVANCED_FACE('',(#171),#2358,.F.);
#2367=ADVANCED_FACE('',(#172),#115,.F.);
#2368=ADVANCED_FACE('',(#173),#2359,.F.);
#2369=ADVANCED_FACE('',(#174),#116,.F.);
#2370=ADVANCED_FACE('',(#175),#2360,.F.);
#2371=ADVANCED_FACE('',(#176),#117,.F.);
#2372=ADVANCED_FACE('',(#177),#2361,.F.);
#2373=ADVANCED_FACE('',(#178),#118,.F.);
#2374=ADVANCED_FACE('',(#179),#119,.F.);
#2375=ADVANCED_FACE('',(#180,#23),#46,.F.);
#2376=ADVANCED_FACE('',(#181),#120,.F.);
#2377=ADVANCED_FACE('',(#182,#24),#47,.F.);
#2378=ADVANCED_FACE('',(#183),#121,.F.);
#2379=ADVANCED_FACE('',(#184,#25),#48,.F.);
#2380=ADVANCED_FACE('',(#185),#122,.F.);
#2381=ADVANCED_FACE('',(#186,#26),#49,.F.);
#2382=ADVANCED_FACE('',(#187),#50,.F.);
#2383=ADVANCED_FACE('',(#188),#51,.F.);
#2384=ADVANCED_FACE('',(#189),#123,.F.);
#2385=ADVANCED_FACE('',(#190),#52,.F.);
#2386=ADVANCED_FACE('',(#191),#124,.F.);
#2387=ADVANCED_FACE('',(#192),#53,.F.);
#2388=ADVANCED_FACE('',(#193),#125,.F.);
#2389=ADVANCED_FACE('',(#194),#54,.F.);
#2390=ADVANCED_FACE('',(#195),#126,.F.);
#2391=ADVANCED_FACE('',(#196),#55,.F.);
#2392=ADVANCED_FACE('',(#197),#127,.F.);
#2393=ADVANCED_FACE('',(#198),#56,.F.);
#2394=ADVANCED_FACE('',(#199),#128,.F.);
#2395=ADVANCED_FACE('',(#200),#57,.F.);
#2396=ADVANCED_FACE('',(#201),#58,.F.);
#2397=ADVANCED_FACE('',(#202),#129,.F.);
#2398=ADVANCED_FACE('',(#203),#59,.F.);
#2399=ADVANCED_FACE('',(#204),#130,.F.);
#2400=ADVANCED_FACE('',(#205),#60,.F.);
#2401=ADVANCED_FACE('',(#206),#131,.F.);
#2402=ADVANCED_FACE('',(#207),#61,.F.);
#2403=ADVANCED_FACE('',(#208),#132,.F.);
#2404=ADVANCED_FACE('',(#209),#62,.F.);
#2405=ADVANCED_FACE('',(#210),#133,.F.);
#2406=ADVANCED_FACE('',(#211),#63,.F.);
#2407=ADVANCED_FACE('',(#212),#134,.F.);
#2408=ADVANCED_FACE('',(#213,#27),#64,.F.);
#2409=ADVANCED_FACE('',(#214),#135,.F.);
#2410=ADVANCED_FACE('',(#215),#65,.T.);
#2411=ADVANCED_FACE('',(#216),#136,.F.);
#2412=ADVANCED_FACE('',(#217),#137,.T.);
#2413=ADVANCED_FACE('',(#218),#138,.F.);
#2414=ADVANCED_FACE('',(#219),#66,.T.);
#2415=ADVANCED_FACE('',(#220),#139,.T.);
#2416=ADVANCED_FACE('',(#221),#140,.F.);
#2417=ADVANCED_FACE('',(#222),#141,.F.);
#2418=ADVANCED_FACE('',(#223),#67,.T.);
#2419=ADVANCED_FACE('',(#224),#142,.F.);
#2420=ADVANCED_FACE('',(#225),#68,.T.);
#2421=ADVANCED_FACE('',(#226),#143,.F.);
#2422=ADVANCED_FACE('',(#227),#69,.F.);
#2423=ADVANCED_FACE('',(#228),#144,.F.);
#2424=ADVANCED_FACE('',(#229),#70,.F.);
#2425=ADVANCED_FACE('',(#230),#145,.F.);
#2426=ADVANCED_FACE('',(#231),#71,.F.);
#2427=ADVANCED_FACE('',(#232),#146,.F.);
#2428=ADVANCED_FACE('',(#233),#72,.F.);
#2429=ADVANCED_FACE('',(#234),#147,.F.);
#2430=ADVANCED_FACE('',(#235),#73,.F.);
#2431=ADVANCED_FACE('',(#236),#148,.F.);
#2432=ADVANCED_FACE('',(#237,#28,#29,#30,#31),#74,.F.);
#2433=ADVANCED_FACE('',(#238),#149,.F.);
#2434=ADVANCED_FACE('',(#239),#75,.T.);
#2435=ADVANCED_FACE('',(#240),#150,.F.);
#2436=ADVANCED_FACE('',(#241),#76,.T.);
#2437=ADVANCED_FACE('',(#242),#151,.T.);
#2438=ADVANCED_FACE('',(#243),#152,.F.);
#2439=ADVANCED_FACE('',(#244),#153,.F.);
#2440=ADVANCED_FACE('',(#245),#77,.T.);
#2441=ADVANCED_FACE('',(#246),#154,.F.);
#2442=ADVANCED_FACE('',(#247),#78,.T.);
#2443=ADVANCED_FACE('',(#248),#155,.F.);
#2444=ADVANCED_FACE('',(#249),#156,.T.);
#2445=ADVANCED_FACE('',(#250,#32,#33,#34,#35),#79,.T.);
#2446=ADVANCED_FACE('',(#251),#80,.T.);
#2447=ADVANCED_FACE('',(#252),#157,.T.);
#2448=ADVANCED_FACE('',(#253,#36,#37,#38,#39,#40),#81,.F.);
#2449=ADVANCED_FACE('',(#254),#158,.T.);
#2450=ADVANCED_FACE('',(#255,#41,#42,#43),#82,.T.);
#2451=ADVANCED_FACE('',(#256),#83,.T.);
#2452=ADVANCED_FACE('',(#257),#159,.T.);
#2453=ADVANCED_FACE('',(#258),#160,.T.);
#2454=ADVANCED_FACE('',(#259),#84,.T.);
#2455=ADVANCED_FACE('',(#260),#161,.T.);
#2456=ADVANCED_FACE('',(#261),#85,.T.);
#2457=ADVANCED_FACE('',(#262),#162,.T.);
#2458=ADVANCED_FACE('',(#263),#86,.T.);
#2459=ADVANCED_FACE('',(#264),#163,.T.);
#2460=ADVANCED_FACE('',(#265),#87,.T.);
#2461=ADVANCED_FACE('',(#266,#44,#45),#88,.F.);
#2462=ADVANCED_FACE('',(#267),#2362,.F.);
#2463=ADVANCED_FACE('',(#268),#164,.F.);
#2464=ADVANCED_FACE('',(#269),#2363,.F.);
#2465=ADVANCED_FACE('',(#270),#165,.F.);
#2466=ADVANCED_FACE('',(#271),#2364,.F.);
#2467=ADVANCED_FACE('',(#272),#166,.F.);
#2468=ADVANCED_FACE('',(#273),#2365,.F.);
#2469=ADVANCED_FACE('',(#274),#167,.F.);
#2470=ADVANCED_FACE('',(#275),#89,.T.);
#2471=ADVANCED_FACE('',(#276),#90,.F.);
#2472=ADVANCED_FACE('',(#277),#91,.F.);
#2473=ADVANCED_FACE('',(#278),#92,.T.);
#2474=ADVANCED_FACE('',(#279),#93,.F.);
#2475=ADVANCED_FACE('',(#280),#94,.F.);
#2476=ADVANCED_FACE('',(#281),#95,.F.);
#2477=ADVANCED_FACE('',(#282),#96,.T.);
#2478=ADVANCED_FACE('',(#283),#97,.T.);
#2479=ADVANCED_FACE('',(#284),#98,.T.);
#2480=ADVANCED_FACE('',(#285),#99,.T.);
#2481=ADVANCED_FACE('',(#286),#100,.T.);
#2482=ADVANCED_FACE('',(#287),#101,.T.);
#2483=ADVANCED_FACE('',(#288),#102,.T.);
#2484=ADVANCED_FACE('',(#289),#103,.T.);
#2485=ADVANCED_FACE('',(#290),#104,.T.);
#2486=ADVANCED_FACE('',(#291),#105,.T.);
#2487=ADVANCED_FACE('',(#292),#168,.F.);
#2488=ADVANCED_FACE('',(#293),#169,.F.);
#2489=ADVANCED_FACE('',(#294),#106,.T.);
#2490=ADVANCED_FACE('',(#295),#107,.T.);
#2491=ADVANCED_FACE('',(#296),#108,.T.);
#2492=ADVANCED_FACE('',(#297),#109,.T.);
#2493=ADVANCED_FACE('',(#298),#110,.T.);
#2494=ADVANCED_FACE('',(#299),#170,.F.);
#2495=ADVANCED_FACE('',(#300),#111,.T.);
#2496=ADVANCED_FACE('',(#301),#112,.T.);
#2497=ADVANCED_FACE('',(#302),#113,.T.);
#2498=ADVANCED_FACE('',(#303),#114,.T.);
#2499=CLOSED_SHELL('',(#2366,#2367,#2368,#2369,#2370,#2371,#2372,#2373,
#2374,#2375,#2376,#2377,#2378,#2379,#2380,#2381,#2382,#2383,#2384,#2385,
#2386,#2387,#2388,#2389,#2390,#2391,#2392,#2393,#2394,#2395,#2396,#2397,
#2398,#2399,#2400,#2401,#2402,#2403,#2404,#2405,#2406,#2407,#2408,#2409,
#2410,#2411,#2412,#2413,#2414,#2415,#2416,#2417,#2418,#2419,#2420,#2421,
#2422,#2423,#2424,#2425,#2426,#2427,#2428,#2429,#2430,#2431,#2432,#2433,
#2434,#2435,#2436,#2437,#2438,#2439,#2440,#2441,#2442,#2443,#2444,#2445,
#2446,#2447,#2448,#2449,#2450,#2451,#2452,#2453,#2454,#2455,#2456,#2457,
#2458,#2459,#2460,#2461,#2462,#2463,#2464,#2465,#2466,#2467,#2468,#2469,
#2470,#2471,#2472,#2473,#2474,#2475,#2476,#2477,#2478,#2479,#2480,#2481,
#2482,#2483,#2484,#2485,#2486,#2487,#2488,#2489,#2490,#2491,#2492,#2493,
#2494,#2495,#2496,#2497,#2498));
#2500=AXIS2_PLACEMENT_3D('',#3495,#2752,#2753);
#2501=AXIS2_PLACEMENT_3D('',#3496,#2754,#2755);
#2502=AXIS2_PLACEMENT_3D('',#3498,#2756,#2757);
#2503=AXIS2_PLACEMENT_3D('',#3501,#2759,#2760);
#2504=AXIS2_PLACEMENT_3D('',#3502,#2761,#2762);
#2505=AXIS2_PLACEMENT_3D('',#3505,#2764,#2765);
#2506=AXIS2_PLACEMENT_3D('',#3506,#2766,#2767);
#2507=AXIS2_PLACEMENT_3D('',#3508,#2768,#2769);
#2508=AXIS2_PLACEMENT_3D('',#3511,#2771,#2772);
#2509=AXIS2_PLACEMENT_3D('',#3512,#2773,#2774);
#2510=AXIS2_PLACEMENT_3D('',#3515,#2776,#2777);
#2511=AXIS2_PLACEMENT_3D('',#3516,#2778,#2779);
#2512=AXIS2_PLACEMENT_3D('',#3518,#2780,#2781);
#2513=AXIS2_PLACEMENT_3D('',#3521,#2783,#2784);
#2514=AXIS2_PLACEMENT_3D('',#3522,#2785,#2786);
#2515=AXIS2_PLACEMENT_3D('',#3525,#2788,#2789);
#2516=AXIS2_PLACEMENT_3D('',#3526,#2790,#2791);
#2517=AXIS2_PLACEMENT_3D('',#3528,#2792,#2793);
#2518=AXIS2_PLACEMENT_3D('',#3531,#2795,#2796);
#2519=AXIS2_PLACEMENT_3D('',#3532,#2797,#2798);
#2520=AXIS2_PLACEMENT_3D('',#3535,#2800,#2801);
#2521=AXIS2_PLACEMENT_3D('',#3536,#2802,#2803);
#2522=AXIS2_PLACEMENT_3D('',#3538,#2804,#2805);
#2523=AXIS2_PLACEMENT_3D('',#3541,#2807,#2808);
#2524=AXIS2_PLACEMENT_3D('',#3542,#2809,#2810);
#2525=AXIS2_PLACEMENT_3D('',#3543,#2811,#2812);
#2526=AXIS2_PLACEMENT_3D('',#3545,#2813,#2814);
#2527=AXIS2_PLACEMENT_3D('',#3548,#2816,#2817);
#2528=AXIS2_PLACEMENT_3D('',#3549,#2818,#2819);
#2529=AXIS2_PLACEMENT_3D('',#3550,#2820,#2821);
#2530=AXIS2_PLACEMENT_3D('',#3552,#2822,#2823);
#2531=AXIS2_PLACEMENT_3D('',#3555,#2825,#2826);
#2532=AXIS2_PLACEMENT_3D('',#3556,#2827,#2828);
#2533=AXIS2_PLACEMENT_3D('',#3557,#2829,#2830);
#2534=AXIS2_PLACEMENT_3D('',#3559,#2831,#2832);
#2535=AXIS2_PLACEMENT_3D('',#3562,#2834,#2835);
#2536=AXIS2_PLACEMENT_3D('',#3563,#2836,#2837);
#2537=AXIS2_PLACEMENT_3D('',#3564,#2838,#2839);
#2538=AXIS2_PLACEMENT_3D('',#3573,#2844,#2845);
#2539=AXIS2_PLACEMENT_3D('',#3582,#2850,#2851);
#2540=AXIS2_PLACEMENT_3D('',#3584,#2852,#2853);
#2541=AXIS2_PLACEMENT_3D('',#3587,#2855,#2856);
#2542=AXIS2_PLACEMENT_3D('',#3588,#2857,#2858);
#2543=AXIS2_PLACEMENT_3D('',#3594,#2862,#2863);
#2544=AXIS2_PLACEMENT_3D('',#3595,#2864,#2865);
#2545=AXIS2_PLACEMENT_3D('',#3596,#2866,#2867);
#2546=AXIS2_PLACEMENT_3D('',#3597,#2868,#2869);
#2547=AXIS2_PLACEMENT_3D('',#3606,#2874,#2875);
#2548=AXIS2_PLACEMENT_3D('',#3608,#2876,#2877);
#2549=AXIS2_PLACEMENT_3D('',#3611,#2879,#2880);
#2550=AXIS2_PLACEMENT_3D('',#3612,#2881,#2882);
#2551=AXIS2_PLACEMENT_3D('',#3618,#2886,#2887);
#2552=AXIS2_PLACEMENT_3D('',#3619,#2888,#2889);
#2553=AXIS2_PLACEMENT_3D('',#3620,#2890,#2891);
#2554=AXIS2_PLACEMENT_3D('',#3621,#2892,#2893);
#2555=AXIS2_PLACEMENT_3D('',#3622,#2894,#2895);
#2556=AXIS2_PLACEMENT_3D('',#3624,#2896,#2897);
#2557=AXIS2_PLACEMENT_3D('',#3626,#2898,#2899);
#2558=AXIS2_PLACEMENT_3D('',#3628,#2901,#2902);
#2559=AXIS2_PLACEMENT_3D('',#3634,#2906,#2907);
#2560=AXIS2_PLACEMENT_3D('',#3635,#2908,#2909);
#2561=AXIS2_PLACEMENT_3D('',#3636,#2910,#2911);
#2562=AXIS2_PLACEMENT_3D('',#3637,#2912,#2913);
#2563=AXIS2_PLACEMENT_3D('',#3638,#2914,#2915);
#2564=AXIS2_PLACEMENT_3D('',#3639,#2916,#2917);
#2565=AXIS2_PLACEMENT_3D('',#3642,#2918,#2919);
#2566=AXIS2_PLACEMENT_3D('',#3646,#2921,#2922);
#2567=AXIS2_PLACEMENT_3D('',#3648,#2924,#2925);
#2568=AXIS2_PLACEMENT_3D('',#3656,#2930,#2931);
#2569=AXIS2_PLACEMENT_3D('',#3659,#2932,#2933);
#2570=AXIS2_PLACEMENT_3D('',#3663,#2935,#2936);
#2571=AXIS2_PLACEMENT_3D('',#3665,#2938,#2939);
#2572=AXIS2_PLACEMENT_3D('',#3672,#2944,#2945);
#2573=AXIS2_PLACEMENT_3D('',#3674,#2946,#2947);
#2574=AXIS2_PLACEMENT_3D('',#3677,#2949,#2950);
#2575=AXIS2_PLACEMENT_3D('',#3678,#2951,#2952);
#2576=AXIS2_PLACEMENT_3D('',#3688,#2958,#2959);
#2577=AXIS2_PLACEMENT_3D('',#3690,#2960,#2961);
#2578=AXIS2_PLACEMENT_3D('',#3693,#2963,#2964);
#2579=AXIS2_PLACEMENT_3D('',#3694,#2965,#2966);
#2580=AXIS2_PLACEMENT_3D('',#3697,#2969,#2970);
#2581=AXIS2_PLACEMENT_3D('',#3700,#2971,#2972);
#2582=AXIS2_PLACEMENT_3D('',#3704,#2974,#2975);
#2583=AXIS2_PLACEMENT_3D('',#3706,#2977,#2978);
#2584=AXIS2_PLACEMENT_3D('',#3712,#2982,#2983);
#2585=AXIS2_PLACEMENT_3D('',#3714,#2984,#2985);
#2586=AXIS2_PLACEMENT_3D('',#3717,#2987,#2988);
#2587=AXIS2_PLACEMENT_3D('',#3718,#2989,#2990);
#2588=AXIS2_PLACEMENT_3D('',#3724,#2994,#2995);
#2589=AXIS2_PLACEMENT_3D('',#3727,#2996,#2997);
#2590=AXIS2_PLACEMENT_3D('',#3731,#2999,#3000);
#2591=AXIS2_PLACEMENT_3D('',#3733,#3002,#3003);
#2592=AXIS2_PLACEMENT_3D('',#3739,#3007,#3008);
#2593=AXIS2_PLACEMENT_3D('',#3741,#3009,#3010);
#2594=AXIS2_PLACEMENT_3D('',#3744,#3012,#3013);
#2595=AXIS2_PLACEMENT_3D('',#3745,#3014,#3015);
#2596=AXIS2_PLACEMENT_3D('',#3747,#3016,#3017);
#2597=AXIS2_PLACEMENT_3D('',#3750,#3019,#3020);
#2598=AXIS2_PLACEMENT_3D('',#3751,#3021,#3022);
#2599=AXIS2_PLACEMENT_3D('',#3754,#3023,#3024);
#2600=AXIS2_PLACEMENT_3D('',#3758,#3026,#3027);
#2601=AXIS2_PLACEMENT_3D('',#3760,#3029,#3030);
#2602=AXIS2_PLACEMENT_3D('',#3766,#3033,#3034);
#2603=AXIS2_PLACEMENT_3D('',#3772,#3037,#3038);
#2604=AXIS2_PLACEMENT_3D('',#3780,#3042,#3043);
#2605=AXIS2_PLACEMENT_3D('',#3783,#3045,#3046);
#2606=AXIS2_PLACEMENT_3D('',#3785,#3047,#3048);
#2607=AXIS2_PLACEMENT_3D('',#3792,#3052,#3053);
#2608=AXIS2_PLACEMENT_3D('',#3796,#3055,#3056);
#2609=AXIS2_PLACEMENT_3D('',#3800,#3058,#3059);
#2610=AXIS2_PLACEMENT_3D('',#3808,#3063,#3064);
#2611=AXIS2_PLACEMENT_3D('',#3812,#3066,#3067);
#2612=AXIS2_PLACEMENT_3D('',#3816,#3069,#3070);
#2613=AXIS2_PLACEMENT_3D('',#3823,#3074,#3075);
#2614=AXIS2_PLACEMENT_3D('',#3825,#3076,#3077);
#2615=AXIS2_PLACEMENT_3D('',#3827,#3078,#3079);
#2616=AXIS2_PLACEMENT_3D('',#3831,#3081,#3082);
#2617=AXIS2_PLACEMENT_3D('',#3839,#3086,#3087);
#2618=AXIS2_PLACEMENT_3D('',#3845,#3090,#3091);
#2619=AXIS2_PLACEMENT_3D('',#3851,#3094,#3095);
#2620=AXIS2_PLACEMENT_3D('',#3854,#3097,#3098);
#2621=AXIS2_PLACEMENT_3D('',#3855,#3099,#3100);
#2622=AXIS2_PLACEMENT_3D('',#3857,#3101,#3102);
#2623=AXIS2_PLACEMENT_3D('',#3859,#3104,#3105);
#2624=AXIS2_PLACEMENT_3D('',#3861,#3106,#3107);
#2625=AXIS2_PLACEMENT_3D('',#3863,#3109,#3110);
#2626=AXIS2_PLACEMENT_3D('',#3867,#3112,#3113);
#2627=AXIS2_PLACEMENT_3D('',#3869,#3115,#3116);
#2628=AXIS2_PLACEMENT_3D('',#3873,#3119,#3120);
#2629=AXIS2_PLACEMENT_3D('',#3877,#3122,#3123);
#2630=AXIS2_PLACEMENT_3D('',#3879,#3125,#3126);
#2631=AXIS2_PLACEMENT_3D('',#3883,#3129,#3130);
#2632=AXIS2_PLACEMENT_3D('',#3886,#3131,#3132);
#2633=AXIS2_PLACEMENT_3D('',#3889,#3135,#3136);
#2634=AXIS2_PLACEMENT_3D('',#3893,#3139,#3140);
#2635=AXIS2_PLACEMENT_3D('',#3895,#3141,#3142);
#2636=AXIS2_PLACEMENT_3D('',#3897,#3144,#3145);
#2637=AXIS2_PLACEMENT_3D('',#3901,#3148,#3149);
#2638=AXIS2_PLACEMENT_3D('',#3904,#3150,#3151);
#2639=AXIS2_PLACEMENT_3D('',#3907,#3154,#3155);
#2640=AXIS2_PLACEMENT_3D('',#3911,#3158,#3159);
#2641=AXIS2_PLACEMENT_3D('',#3913,#3160,#3161);
#2642=AXIS2_PLACEMENT_3D('',#3915,#3163,#3164);
#2643=AXIS2_PLACEMENT_3D('',#3919,#3167,#3168);
#2644=AXIS2_PLACEMENT_3D('',#3921,#3169,#3170);
#2645=AXIS2_PLACEMENT_3D('',#3923,#3172,#3173);
#2646=AXIS2_PLACEMENT_3D('',#3927,#3176,#3177);
#2647=AXIS2_PLACEMENT_3D('',#3929,#3178,#3179);
#2648=AXIS2_PLACEMENT_3D('',#3931,#3181,#3182);
#2649=AXIS2_PLACEMENT_3D('',#3937,#3186,#3187);
#2650=AXIS2_PLACEMENT_3D('',#3939,#3188,#3189);
#2651=AXIS2_PLACEMENT_3D('',#3941,#3190,#3191);
#2652=AXIS2_PLACEMENT_3D('',#3943,#3192,#3193);
#2653=AXIS2_PLACEMENT_3D('',#3944,#3194,#3195);
#2654=AXIS2_PLACEMENT_3D('',#3948,#3197,#3198);
#2655=AXIS2_PLACEMENT_3D('',#3950,#3200,#3201);
#2656=AXIS2_PLACEMENT_3D('',#3954,#3204,#3205);
#2657=AXIS2_PLACEMENT_3D('',#3957,#3206,#3207);
#2658=AXIS2_PLACEMENT_3D('',#3960,#3210,#3211);
#2659=AXIS2_PLACEMENT_3D('',#3964,#3214,#3215);
#2660=AXIS2_PLACEMENT_3D('',#3966,#3216,#3217);
#2661=AXIS2_PLACEMENT_3D('',#3968,#3219,#3220);
#2662=AXIS2_PLACEMENT_3D('',#3969,#3221,#3222);
#2663=AXIS2_PLACEMENT_3D('',#3970,#3223,#3224);
#2664=AXIS2_PLACEMENT_3D('',#3974,#3226,#3227);
#2665=AXIS2_PLACEMENT_3D('',#3976,#3229,#3230);
#2666=AXIS2_PLACEMENT_3D('',#3980,#3233,#3234);
#2667=AXIS2_PLACEMENT_3D('',#3984,#3236,#3237);
#2668=AXIS2_PLACEMENT_3D('',#3986,#3239,#3240);
#2669=AXIS2_PLACEMENT_3D('',#3990,#3243,#3244);
#2670=AXIS2_PLACEMENT_3D('',#3991,#3245,#3246);
#2671=AXIS2_PLACEMENT_3D('',#3992,#3247,#3248);
#2672=AXIS2_PLACEMENT_3D('',#3995,#3249,#3250);
#2673=AXIS2_PLACEMENT_3D('',#3999,#3252,#3253);
#2674=AXIS2_PLACEMENT_3D('',#4001,#3255,#3256);
#2675=AXIS2_PLACEMENT_3D('',#4008,#3260,#3261);
#2676=AXIS2_PLACEMENT_3D('',#4032,#3275,#3276);
#2677=AXIS2_PLACEMENT_3D('',#4034,#3277,#3278);
#2678=AXIS2_PLACEMENT_3D('',#4035,#3279,#3280);
#2679=AXIS2_PLACEMENT_3D('',#4046,#3287,#3288);
#2680=AXIS2_PLACEMENT_3D('',#4048,#3289,#3290);
#2681=AXIS2_PLACEMENT_3D('',#4052,#3292,#3293);
#2682=AXIS2_PLACEMENT_3D('',#4054,#3295,#3296);
#2683=AXIS2_PLACEMENT_3D('',#4060,#3299,#3300);
#2684=AXIS2_PLACEMENT_3D('',#4064,#3302,#3303);
#2685=AXIS2_PLACEMENT_3D('',#4068,#3305,#3306);
#2686=AXIS2_PLACEMENT_3D('',#4074,#3309,#3310);
#2687=AXIS2_PLACEMENT_3D('',#4078,#3312,#3313);
#2688=AXIS2_PLACEMENT_3D('',#4080,#3315,#3316);
#2689=AXIS2_PLACEMENT_3D('',#4083,#3317,#3318);
#2690=AXIS2_PLACEMENT_3D('',#4086,#3321,#3322);
#2691=AXIS2_PLACEMENT_3D('',#4095,#3328,#3329);
#2692=AXIS2_PLACEMENT_3D('',#4101,#3332,#3333);
#2693=AXIS2_PLACEMENT_3D('',#4105,#3335,#3336);
#2694=AXIS2_PLACEMENT_3D('',#4109,#3338,#3339);
#2695=AXIS2_PLACEMENT_3D('',#4115,#3343,#3344);
#2696=AXIS2_PLACEMENT_3D('',#4116,#3345,#3346);
#2697=AXIS2_PLACEMENT_3D('',#4118,#3348,#3349);
#2698=AXIS2_PLACEMENT_3D('',#4120,#3351,#3352);
#2699=AXIS2_PLACEMENT_3D('',#4123,#3355,#3356);
#2700=AXIS2_PLACEMENT_3D('',#4125,#3358,#3359);
#2701=AXIS2_PLACEMENT_3D('',#4127,#3361,#3362);
#2702=AXIS2_PLACEMENT_3D('',#4129,#3364,#3365);
#2703=AXIS2_PLACEMENT_3D('',#4132,#3368,#3369);
#2704=AXIS2_PLACEMENT_3D('',#4137,#3373,#3374);
#2705=AXIS2_PLACEMENT_3D('',#4139,#3375,#3376);
#2706=AXIS2_PLACEMENT_3D('',#4141,#3378,#3379);
#2707=AXIS2_PLACEMENT_3D('',#4145,#3382,#3383);
#2708=AXIS2_PLACEMENT_3D('',#4149,#3386,#3387);
#2709=AXIS2_PLACEMENT_3D('',#4151,#3388,#3389);
#2710=AXIS2_PLACEMENT_3D('',#4154,#3391,#3392);
#2711=AXIS2_PLACEMENT_3D('',#4156,#3394,#3395);
#2712=AXIS2_PLACEMENT_3D('',#4158,#3396,#3397);
#2713=AXIS2_PLACEMENT_3D('',#4161,#3399,#3400);
#2714=AXIS2_PLACEMENT_3D('',#4163,#3402,#3403);
#2715=AXIS2_PLACEMENT_3D('',#4165,#3404,#3405);
#2716=AXIS2_PLACEMENT_3D('',#4168,#3407,#3408);
#2717=AXIS2_PLACEMENT_3D('',#4170,#3410,#3411);
#2718=AXIS2_PLACEMENT_3D('',#4172,#3412,#3413);
#2719=AXIS2_PLACEMENT_3D('',#4175,#3415,#3416);
#2720=AXIS2_PLACEMENT_3D('',#4177,#3418,#3419);
#2721=AXIS2_PLACEMENT_3D('',#4180,#3422,#3423);
#2722=AXIS2_PLACEMENT_3D('',#4182,#3425,#3426);
#2723=AXIS2_PLACEMENT_3D('',#4184,#3428,#3429);
#2724=AXIS2_PLACEMENT_3D('',#4186,#3431,#3432);
#2725=AXIS2_PLACEMENT_3D('',#4188,#3434,#3435);
#2726=AXIS2_PLACEMENT_3D('',#4189,#3436,#3437);
#2727=AXIS2_PLACEMENT_3D('',#4190,#3438,#3439);
#2728=AXIS2_PLACEMENT_3D('',#4192,#3441,#3442);
#2729=AXIS2_PLACEMENT_3D('',#4193,#3443,#3444);
#2730=AXIS2_PLACEMENT_3D('',#4194,#3445,#3446);
#2731=AXIS2_PLACEMENT_3D('',#4196,#3448,#3449);
#2732=AXIS2_PLACEMENT_3D('',#4197,#3450,#3451);
#2733=AXIS2_PLACEMENT_3D('',#4198,#3452,#3453);
#2734=AXIS2_PLACEMENT_3D('',#4200,#3455,#3456);
#2735=AXIS2_PLACEMENT_3D('',#4202,#3457,#3458);
#2736=AXIS2_PLACEMENT_3D('',#4203,#3459,#3460);
#2737=AXIS2_PLACEMENT_3D('',#4205,#3461,#3462);
#2738=AXIS2_PLACEMENT_3D('',#4206,#3463,#3464);
#2739=AXIS2_PLACEMENT_3D('',#4208,#3465,#3466);
#2740=AXIS2_PLACEMENT_3D('',#4209,#3467,#3468);
#2741=AXIS2_PLACEMENT_3D('',#4211,#3470,#3471);
#2742=AXIS2_PLACEMENT_3D('',#4213,#3473,#3474);
#2743=AXIS2_PLACEMENT_3D('',#4214,#3475,#3476);
#2744=AXIS2_PLACEMENT_3D('',#4215,#3477,#3478);
#2745=AXIS2_PLACEMENT_3D('',#4216,#3479,#3480);
#2746=AXIS2_PLACEMENT_3D('',#4217,#3481,#3482);
#2747=AXIS2_PLACEMENT_3D('',#4218,#3483,#3484);
#2748=AXIS2_PLACEMENT_3D('',#4220,#3486,#3487);
#2749=AXIS2_PLACEMENT_3D('',#4221,#3488,#3489);
#2750=AXIS2_PLACEMENT_3D('',#4222,#3490,#3491);
#2751=AXIS2_PLACEMENT_3D('',#4224,#3493,#3494);
#2752=DIRECTION('axis',(0.,0.,1.));
#2753=DIRECTION('refdir',(1.,0.,0.));
#2754=DIRECTION('center_axis',(0.,-1.,0.));
#2755=DIRECTION('ref_axis',(0.,0.,-1.));
#2756=DIRECTION('center_axis',(0.,1.,0.));
#2757=DIRECTION('ref_axis',(0.,0.,-1.));
#2758=DIRECTION('',(-8.65956056235493E-17,0.707106781186548,-0.707106781186547));
#2759=DIRECTION('center_axis',(0.,1.,0.));
#2760=DIRECTION('ref_axis',(0.,0.,-1.));
#2761=DIRECTION('center_axis',(0.,1.,0.));
#2762=DIRECTION('ref_axis',(0.,0.,-1.));
#2763=DIRECTION('',(0.,1.,0.));
#2764=DIRECTION('center_axis',(0.,-1.,0.));
#2765=DIRECTION('ref_axis',(0.,0.,-1.));
#2766=DIRECTION('center_axis',(0.,-1.,0.));
#2767=DIRECTION('ref_axis',(0.,0.,-1.));
#2768=DIRECTION('center_axis',(0.,1.,0.));
#2769=DIRECTION('ref_axis',(0.,0.,-1.));
#2770=DIRECTION('',(-8.65956056235493E-17,0.707106781186548,-0.707106781186547));
#2771=DIRECTION('center_axis',(0.,1.,0.));
#2772=DIRECTION('ref_axis',(0.,0.,-1.));
#2773=DIRECTION('center_axis',(0.,1.,0.));
#2774=DIRECTION('ref_axis',(0.,0.,-1.));
#2775=DIRECTION('',(0.,1.,0.));
#2776=DIRECTION('center_axis',(0.,-1.,0.));
#2777=DIRECTION('ref_axis',(0.,0.,-1.));
#2778=DIRECTION('center_axis',(0.,-1.,0.));
#2779=DIRECTION('ref_axis',(0.,0.,-1.));
#2780=DIRECTION('center_axis',(0.,1.,0.));
#2781=DIRECTION('ref_axis',(0.,0.,-1.));
#2782=DIRECTION('',(-8.65956056235493E-17,0.707106781186548,-0.707106781186547));
#2783=DIRECTION('center_axis',(0.,1.,0.));
#2784=DIRECTION('ref_axis',(0.,0.,-1.));
#2785=DIRECTION('center_axis',(0.,1.,0.));
#2786=DIRECTION('ref_axis',(0.,0.,-1.));
#2787=DIRECTION('',(0.,1.,0.));
#2788=DIRECTION('center_axis',(0.,-1.,0.));
#2789=DIRECTION('ref_axis',(0.,0.,-1.));
#2790=DIRECTION('center_axis',(0.,-1.,0.));
#2791=DIRECTION('ref_axis',(0.,0.,-1.));
#2792=DIRECTION('center_axis',(0.,1.,0.));
#2793=DIRECTION('ref_axis',(0.,0.,-1.));
#2794=DIRECTION('',(-8.65956056235493E-17,0.707106781186548,-0.707106781186547));
#2795=DIRECTION('center_axis',(0.,1.,0.));
#2796=DIRECTION('ref_axis',(0.,0.,-1.));
#2797=DIRECTION('center_axis',(0.,1.,0.));
#2798=DIRECTION('ref_axis',(0.,0.,-1.));
#2799=DIRECTION('',(0.,1.,0.));
#2800=DIRECTION('center_axis',(0.,-1.,0.));
#2801=DIRECTION('ref_axis',(0.,0.,-1.));
#2802=DIRECTION('center_axis',(0.,-1.,0.));
#2803=DIRECTION('ref_axis',(1.,0.,0.));
#2804=DIRECTION('center_axis',(0.,-1.,0.));
#2805=DIRECTION('ref_axis',(1.,0.,0.));
#2806=DIRECTION('',(0.,-1.,0.));
#2807=DIRECTION('center_axis',(0.,1.,6.12323399573676E-17));
#2808=DIRECTION('ref_axis',(1.,0.,0.));
#2809=DIRECTION('center_axis',(0.,1.,0.));
#2810=DIRECTION('ref_axis',(0.,0.,1.));
#2811=DIRECTION('center_axis',(0.,-1.,0.));
#2812=DIRECTION('ref_axis',(1.,0.,0.));
#2813=DIRECTION('center_axis',(0.,-1.,0.));
#2814=DIRECTION('ref_axis',(1.,0.,0.));
#2815=DIRECTION('',(0.,-1.,0.));
#2816=DIRECTION('center_axis',(0.,1.,6.12323399573676E-17));
#2817=DIRECTION('ref_axis',(1.,0.,0.));
#2818=DIRECTION('center_axis',(0.,1.,0.));
#2819=DIRECTION('ref_axis',(0.,0.,1.));
#2820=DIRECTION('center_axis',(0.,-1.,0.));
#2821=DIRECTION('ref_axis',(1.,0.,0.));
#2822=DIRECTION('center_axis',(0.,-1.,0.));
#2823=DIRECTION('ref_axis',(1.,0.,0.));
#2824=DIRECTION('',(0.,-1.,0.));
#2825=DIRECTION('center_axis',(0.,0.984807753012208,-0.17364817766693));
#2826=DIRECTION('ref_axis',(0.,0.17364817766693,0.984807753012208));
#2827=DIRECTION('center_axis',(0.,1.,0.));
#2828=DIRECTION('ref_axis',(0.,0.,1.));
#2829=DIRECTION('center_axis',(0.,-1.,0.));
#2830=DIRECTION('ref_axis',(1.,0.,0.));
#2831=DIRECTION('center_axis',(0.,-1.,0.));
#2832=DIRECTION('ref_axis',(1.,0.,0.));
#2833=DIRECTION('',(0.,-1.,0.));
#2834=DIRECTION('center_axis',(0.,0.984807753012208,-0.17364817766693));
#2835=DIRECTION('ref_axis',(0.,0.17364817766693,0.984807753012208));
#2836=DIRECTION('center_axis',(0.,1.,0.));
#2837=DIRECTION('ref_axis',(0.,0.,1.));
#2838=DIRECTION('center_axis',(-9.25185853854287E-17,0.173648177666932,
0.984807753012208));
#2839=DIRECTION('ref_axis',(1.,1.6065683752502E-17,9.11130201852921E-17));
#2840=DIRECTION('',(0.,-0.984807753012208,0.173648177666932));
#2841=DIRECTION('',(1.,1.6065683752502E-17,9.11130201852921E-17));
#2842=DIRECTION('',(0.,0.984807753012208,-0.173648177666932));
#2843=DIRECTION('',(1.,1.6065683752502E-17,9.11130201852921E-17));
#2844=DIRECTION('center_axis',(0.,0.173648177666923,0.984807753012209));
#2845=DIRECTION('ref_axis',(1.,0.,0.));
#2846=DIRECTION('',(0.,0.984807753012209,-0.173648177666923));
#2847=DIRECTION('',(1.,0.,0.));
#2848=DIRECTION('',(0.,-0.984807753012209,0.173648177666923));
#2849=DIRECTION('',(1.,0.,0.));
#2850=DIRECTION('center_axis',(0.,0.984807753012209,-0.173648177666923));
#2851=DIRECTION('ref_axis',(0.707106781186538,-0.122787803968969,-0.696364240320029));
#2852=DIRECTION('center_axis',(0.,-0.984807753012209,0.173648177666923));
#2853=DIRECTION('ref_axis',(0.707106781186538,-0.122787803968969,-0.696364240320029));
#2854=DIRECTION('',(0.,-0.984807753012209,0.173648177666923));
#2855=DIRECTION('center_axis',(0.,-0.984807753012208,0.17364817766693));
#2856=DIRECTION('ref_axis',(0.707106781186538,-0.122787803968969,-0.696364240320029));
#2857=DIRECTION('center_axis',(0.,-0.173648177666923,-0.984807753012209));
#2858=DIRECTION('ref_axis',(-1.,0.,0.));
#2859=DIRECTION('',(-1.,0.,0.));
#2860=DIRECTION('',(0.,0.984807753012209,-0.173648177666923));
#2861=DIRECTION('',(-1.,0.,0.));
#2862=DIRECTION('center_axis',(0.,0.984807753012209,-0.173648177666923));
#2863=DIRECTION('ref_axis',(-0.707106781186548,0.122787803968968,0.69636424032002));
#2864=DIRECTION('center_axis',(0.,-0.984807753012209,0.173648177666923));
#2865=DIRECTION('ref_axis',(-0.707106781186548,0.122787803968968,0.69636424032002));
#2866=DIRECTION('center_axis',(0.,-0.984807753012208,0.17364817766693));
#2867=DIRECTION('ref_axis',(-0.707106781186548,0.122787803968968,0.69636424032002));
#2868=DIRECTION('center_axis',(-9.25185853854291E-17,0.173648177666931,
0.984807753012208));
#2869=DIRECTION('ref_axis',(1.,1.60656837525021E-17,9.11130201852925E-17));
#2870=DIRECTION('',(0.,-0.984807753012208,0.173648177666931));
#2871=DIRECTION('',(1.,1.60656837525021E-17,9.11130201852925E-17));
#2872=DIRECTION('',(0.,0.984807753012208,-0.173648177666931));
#2873=DIRECTION('',(1.,1.60656837525021E-17,9.11130201852926E-17));
#2874=DIRECTION('center_axis',(0.,0.984807753012208,-0.173648177666931));
#2875=DIRECTION('ref_axis',(0.707106781186538,-0.122787803968974,-0.696364240320028));
#2876=DIRECTION('center_axis',(0.,-0.984807753012208,0.173648177666931));
#2877=DIRECTION('ref_axis',(0.707106781186538,-0.122787803968974,-0.696364240320028));
#2878=DIRECTION('',(0.,-0.984807753012208,0.173648177666931));
#2879=DIRECTION('center_axis',(0.,-0.984807753012208,0.17364817766693));
#2880=DIRECTION('ref_axis',(0.707106781186538,-0.122787803968974,-0.696364240320028));
#2881=DIRECTION('center_axis',(0.,-0.173648177666931,-0.984807753012208));
#2882=DIRECTION('ref_axis',(-1.,0.,0.));
#2883=DIRECTION('',(-1.,0.,0.));
#2884=DIRECTION('',(0.,0.984807753012208,-0.173648177666931));
#2885=DIRECTION('',(-1.,0.,0.));
#2886=DIRECTION('center_axis',(0.,0.984807753012208,-0.173648177666931));
#2887=DIRECTION('ref_axis',(-0.707106781186546,-0.122787803968974,-0.69636424032002));
#2888=DIRECTION('center_axis',(0.,-0.984807753012208,0.173648177666931));
#2889=DIRECTION('ref_axis',(-0.707106781186546,0.122787803968974,0.69636424032002));
#2890=DIRECTION('center_axis',(0.,-0.984807753012208,0.17364817766693));
#2891=DIRECTION('ref_axis',(-0.707106781186546,0.122787803968974,0.69636424032002));
#2892=DIRECTION('center_axis',(0.,0.984807753012208,-0.173648177666931));
#2893=DIRECTION('ref_axis',(0.,0.173648177666931,0.984807753012208));
#2894=DIRECTION('center_axis',(0.,0.984807753012208,-0.173648177666932));
#2895=DIRECTION('ref_axis',(-0.707106781186546,-0.122787803968974,-0.69636424032002));
#2896=DIRECTION('center_axis',(0.,-0.984807753012208,0.173648177666932));
#2897=DIRECTION('ref_axis',(-0.707106781186546,0.122787803968974,0.69636424032002));
#2898=DIRECTION('center_axis',(0.,-0.984807753012208,0.17364817766693));
#2899=DIRECTION('ref_axis',(-0.707106781186546,0.122787803968974,0.69636424032002));
#2900=DIRECTION('',(0.,0.984807753012208,-0.173648177666932));
#2901=DIRECTION('center_axis',(0.,-0.173648177666932,-0.984807753012208));
#2902=DIRECTION('ref_axis',(-1.,0.,0.));
#2903=DIRECTION('',(-1.,0.,0.));
#2904=DIRECTION('',(0.,-0.984807753012208,0.173648177666932));
#2905=DIRECTION('',(-1.,0.,0.));
#2906=DIRECTION('center_axis',(0.,0.984807753012208,-0.173648177666932));
#2907=DIRECTION('ref_axis',(0.707106781186535,-0.122787803968975,-0.696364240320031));
#2908=DIRECTION('center_axis',(0.,-0.984807753012208,0.173648177666932));
#2909=DIRECTION('ref_axis',(0.707106781186535,-0.122787803968975,-0.696364240320031));
#2910=DIRECTION('center_axis',(0.,-0.984807753012208,0.17364817766693));
#2911=DIRECTION('ref_axis',(0.707106781186535,-0.122787803968975,-0.696364240320031));
#2912=DIRECTION('center_axis',(0.,0.984807753012208,-0.173648177666932));
#2913=DIRECTION('ref_axis',(0.,0.173648177666932,0.984807753012208));
#2914=DIRECTION('center_axis',(0.,0.984807753012209,-0.173648177666923));
#2915=DIRECTION('ref_axis',(0.,0.173648177666923,0.984807753012209));
#2916=DIRECTION('center_axis',(0.,0.,-1.));
#2917=DIRECTION('ref_axis',(0.707106781186548,0.707106781186547,0.));
#2918=DIRECTION('center_axis',(2.28736761149946E-13,0.,1.));
#2919=DIRECTION('ref_axis',(0.707106781186548,0.707106781186547,0.));
#2920=DIRECTION('',(0.,0.,-1.));
#2921=DIRECTION('center_axis',(-1.59004008269493E-10,0.,-1.));
#2922=DIRECTION('ref_axis',(0.707106781186548,0.707106781186547,-1.124328124832E-10));
#2923=DIRECTION('',(0.,0.,1.));
#2924=DIRECTION('center_axis',(-4.82070523850397E-16,1.,0.));
#2925=DIRECTION('ref_axis',(1.,4.82070523850397E-16,0.));
#2926=DIRECTION('',(1.,4.82070523850397E-16,-2.28736761149946E-13));
#2927=DIRECTION('',(1.,4.82070523850397E-16,-1.59004008269493E-10));
#2928=DIRECTION('',(0.,0.,1.));
#2929=DIRECTION('',(-1.,-4.82070523850397E-16,1.59004008269493E-10));
#2930=DIRECTION('center_axis',(0.,0.,-1.));
#2931=DIRECTION('ref_axis',(0.707106781186548,-0.707106781186547,0.));
#2932=DIRECTION('center_axis',(0.,0.,1.));
#2933=DIRECTION('ref_axis',(0.707106781186548,-0.707106781186547,0.));
#2934=DIRECTION('',(0.,0.,-1.));
#2935=DIRECTION('center_axis',(-1.59004008269493E-10,0.,-1.));
#2936=DIRECTION('ref_axis',(0.707106781186548,-0.707106781186547,-1.124328124832E-10));
#2937=DIRECTION('',(0.,0.,1.));
#2938=DIRECTION('center_axis',(1.,-1.07938349616335E-15,0.));
#2939=DIRECTION('ref_axis',(-1.07938349616335E-15,-1.,0.));
#2940=DIRECTION('',(1.07938349616335E-15,1.,-1.71626302349911E-25));
#2941=DIRECTION('',(-1.07938349616335E-15,-1.,0.));
#2942=DIRECTION('',(0.,0.,1.));
#2943=DIRECTION('',(-1.07938349616335E-15,-1.,2.46894684951111E-28));
#2944=DIRECTION('center_axis',(0.,0.,-1.));
#2945=DIRECTION('ref_axis',(-0.707106781186548,0.707106781186547,0.));
#2946=DIRECTION('center_axis',(1.59004008269493E-10,0.,1.));
#2947=DIRECTION('ref_axis',(-0.707106781186548,0.707106781186547,1.124328124832E-10));
#2948=DIRECTION('',(0.,0.,-1.));
#2949=DIRECTION('center_axis',(-1.59004008269493E-10,0.,-1.));
#2950=DIRECTION('ref_axis',(-0.707106781186548,0.707106781186547,1.124328124832E-10));
#2951=DIRECTION('center_axis',(-1.,0.,0.));
#2952=DIRECTION('ref_axis',(0.,1.,0.));
#2953=DIRECTION('',(0.,1.,0.));
#2954=DIRECTION('',(0.,0.,-1.));
#2955=DIRECTION('',(0.,1.,0.));
#2956=DIRECTION('',(0.,0.,1.));
#2957=DIRECTION('',(0.,-1.,0.));
#2958=DIRECTION('center_axis',(0.,0.,-1.));
#2959=DIRECTION('ref_axis',(-0.707106781186547,-0.707106781186548,0.));
#2960=DIRECTION('center_axis',(0.,0.,1.));
#2961=DIRECTION('ref_axis',(-0.707106781186547,-0.707106781186548,0.));
#2962=DIRECTION('',(0.,0.,-1.));
#2963=DIRECTION('center_axis',(-1.59004008269493E-10,0.,-1.));
#2964=DIRECTION('ref_axis',(-0.707106781186547,-0.707106781186548,1.124328124832E-10));
#2965=DIRECTION('center_axis',(2.10358046771082E-15,-1.,0.));
#2966=DIRECTION('ref_axis',(-1.,-2.10358046771082E-15,0.));
#2967=DIRECTION('',(1.,2.10358046771082E-15,-1.59004008269493E-10));
#2968=DIRECTION('',(-1.,-2.10358046771082E-15,0.));
#2969=DIRECTION('center_axis',(0.,0.,1.));
#2970=DIRECTION('ref_axis',(-0.707106781186547,-0.707106781186548,0.));
#2971=DIRECTION('center_axis',(-1.59004008269493E-10,0.,-1.));
#2972=DIRECTION('ref_axis',(-0.707106781186547,-0.707106781186548,1.124328124832E-10));
#2973=DIRECTION('',(0.,0.,-1.));
#2974=DIRECTION('center_axis',(7.0469605459219E-8,0.,-0.999999999999998));
#2975=DIRECTION('ref_axis',(-0.707106781186546,-0.707106781186548,-4.98295358877543E-8));
#2976=DIRECTION('',(0.,0.,1.));
#2977=DIRECTION('center_axis',(4.62592926927149E-17,-1.,0.));
#2978=DIRECTION('ref_axis',(1.,4.62592926927149E-17,0.));
#2979=DIRECTION('',(1.,4.62592926927149E-17,-1.59004008269493E-10));
#2980=DIRECTION('',(0.,0.,1.));
#2981=DIRECTION('',(0.999999999999998,4.62592926927147E-17,7.0469605459219E-8));
#2982=DIRECTION('center_axis',(0.,0.,1.));
#2983=DIRECTION('ref_axis',(0.707106781186548,-0.707106781186548,0.));
#2984=DIRECTION('center_axis',(-1.59004008269493E-10,0.,-1.));
#2985=DIRECTION('ref_axis',(0.707106781186548,-0.707106781186548,-1.124328124832E-10));
#2986=DIRECTION('',(0.,0.,-1.));
#2987=DIRECTION('center_axis',(7.0469605459219E-8,0.,-0.999999999999998));
#2988=DIRECTION('ref_axis',(0.707106781186547,-0.707106781186547,4.98295358877543E-8));
#2989=DIRECTION('center_axis',(1.59004008269493E-10,0.,1.));
#2990=DIRECTION('ref_axis',(1.,0.,-1.59004008269493E-10));
#2991=DIRECTION('',(-1.63268091856641E-16,-1.,2.59602810277176E-26));
#2992=DIRECTION('',(-1.,0.,1.59004008269493E-10));
#2993=DIRECTION('',(1.63268091856641E-16,1.,-2.59602810277176E-26));
#2994=DIRECTION('center_axis',(0.,-1.,0.));
#2995=DIRECTION('ref_axis',(0.0705626796631924,0.,0.997507347461035));
#2996=DIRECTION('center_axis',(0.,1.,0.));
#2997=DIRECTION('ref_axis',(0.0705626796631924,0.,0.997507347461035));
#2998=DIRECTION('',(0.,1.,0.));
#2999=DIRECTION('center_axis',(0.,1.,0.));
#3000=DIRECTION('ref_axis',(0.0705626796631924,0.,0.997507347461035));
#3001=DIRECTION('',(0.,-1.,0.));
#3002=DIRECTION('center_axis',(-1.45861071456461E-8,0.,-1.));
#3003=DIRECTION('ref_axis',(-1.,0.,1.45861071456461E-8));
#3004=DIRECTION('',(-1.,0.,1.45861071456461E-8));
#3005=DIRECTION('',(0.,-1.,0.));
#3006=DIRECTION('',(-1.,0.,1.45861071456461E-8));
#3007=DIRECTION('center_axis',(0.,-1.,0.));
#3008=DIRECTION('ref_axis',(-1.4586107044412E-8,0.,-1.));
#3009=DIRECTION('center_axis',(0.,1.,0.));
#3010=DIRECTION('ref_axis',(-1.4586107044412E-8,0.,-1.));
#3011=DIRECTION('',(0.,1.,0.));
#3012=DIRECTION('center_axis',(0.,1.,0.));
#3013=DIRECTION('ref_axis',(-1.4586107044412E-8,0.,-1.));
#3014=DIRECTION('center_axis',(0.,1.,0.));
#3015=DIRECTION('ref_axis',(1.,0.,0.));
#3016=DIRECTION('center_axis',(0.,1.,0.));
#3017=DIRECTION('ref_axis',(1.,0.,0.));
#3018=DIRECTION('',(0.,-1.,0.));
#3019=DIRECTION('center_axis',(0.,1.,0.));
#3020=DIRECTION('ref_axis',(1.,0.,0.));
#3021=DIRECTION('center_axis',(0.,1.,0.));
#3022=DIRECTION('ref_axis',(0.,0.,1.));
#3023=DIRECTION('center_axis',(0.,1.,0.));
#3024=DIRECTION('ref_axis',(0.,0.,1.));
#3025=DIRECTION('',(0.,-1.,0.));
#3026=DIRECTION('center_axis',(0.,1.,0.));
#3027=DIRECTION('ref_axis',(0.,0.,1.));
#3028=DIRECTION('',(0.,1.,0.));
#3029=DIRECTION('center_axis',(0.,1.,0.));
#3030=DIRECTION('ref_axis',(0.,0.,1.));
#3031=DIRECTION('',(-0.990041818530838,0.,0.140773568400291));
#3032=DIRECTION('',(-0.997190328307313,0.,0.074909606395664));
#3033=DIRECTION('center_axis',(0.,1.,0.));
#3034=DIRECTION('ref_axis',(0.733113090319517,0.,0.680106753974821));
#3035=DIRECTION('',(0.,0.,1.));
#3036=DIRECTION('',(-1.,0.,0.));
#3037=DIRECTION('center_axis',(0.,-1.,0.));
#3038=DIRECTION('ref_axis',(0.866092008804687,0.,0.49988461897188));
#3039=DIRECTION('',(0.,0.,1.));
#3040=DIRECTION('',(1.,0.,0.));
#3041=DIRECTION('',(0.,0.,1.));
#3042=DIRECTION('center_axis',(0.,1.,0.));
#3043=DIRECTION('ref_axis',(0.707106781186548,0.,-0.707106781186548));
#3044=DIRECTION('',(1.,0.,-2.17113245520546E-16));
#3045=DIRECTION('center_axis',(0.,1.,0.));
#3046=DIRECTION('ref_axis',(1.,0.,0.));
#3047=DIRECTION('center_axis',(0.,1.,0.));
#3048=DIRECTION('ref_axis',(0.979353420845504,0.,-0.202155576421252));
#3049=DIRECTION('',(0.990035339513601,0.,-0.140819126947264));
#3050=DIRECTION('',(1.,0.,-2.28736761149946E-13));
#3051=DIRECTION('',(1.,0.,0.));
#3052=DIRECTION('center_axis',(0.,1.,0.));
#3053=DIRECTION('ref_axis',(0.707106781186546,0.,-0.707106781186549));
#3054=DIRECTION('',(0.,0.,1.));
#3055=DIRECTION('center_axis',(0.,1.,0.));
#3056=DIRECTION('ref_axis',(0.707106781186547,0.,0.707106781186548));
#3057=DIRECTION('',(-1.,0.,3.35648821398303E-16));
#3058=DIRECTION('center_axis',(0.,1.,0.));
#3059=DIRECTION('ref_axis',(-0.707106781186548,0.,0.707106781186548));
#3060=DIRECTION('',(0.,0.,-1.));
#3061=DIRECTION('',(-1.,0.,0.));
#3062=DIRECTION('',(0.,0.,1.));
#3063=DIRECTION('center_axis',(0.,1.,0.));
#3064=DIRECTION('ref_axis',(0.707106781186547,0.,0.707106781186548));
#3065=DIRECTION('',(-1.,0.,-3.09828106373014E-16));
#3066=DIRECTION('center_axis',(0.,1.,0.));
#3067=DIRECTION('ref_axis',(-0.707106781186546,0.,0.707106781186549));
#3068=DIRECTION('',(0.,0.,-1.));
#3069=DIRECTION('center_axis',(0.,1.,0.));
#3070=DIRECTION('ref_axis',(-0.707106781186546,0.,-0.707106781186549));
#3071=DIRECTION('',(1.,0.,0.));
#3072=DIRECTION('',(1.,0.,-1.59004008269493E-10));
#3073=DIRECTION('',(0.990041824958455,0.,0.140773523195707));
#3074=DIRECTION('center_axis',(0.,1.,0.));
#3075=DIRECTION('ref_axis',(-0.140773523195703,0.,0.990041824958455));
#3076=DIRECTION('center_axis',(0.,1.,0.));
#3077=DIRECTION('ref_axis',(1.,0.,0.));
#3078=DIRECTION('center_axis',(0.,1.,0.));
#3079=DIRECTION('ref_axis',(1.77635683940024E-13,0.,1.));
#3080=DIRECTION('',(1.,0.,-1.81752063124024E-13));
#3081=DIRECTION('center_axis',(0.,1.,0.));
#3082=DIRECTION('ref_axis',(-0.70710678118661,0.,-0.707106781186485));
#3083=DIRECTION('',(0.,0.,-1.));
#3084=DIRECTION('',(1.,0.,0.));
#3085=DIRECTION('',(1.46745535301918E-14,0.,-1.));
#3086=DIRECTION('center_axis',(0.,-1.,0.));
#3087=DIRECTION('ref_axis',(-0.866092005548618,0.,0.499884624613294));
#3088=DIRECTION('',(-1.,0.,1.23268812580027E-16));
#3089=DIRECTION('',(0.,0.,-1.));
#3090=DIRECTION('center_axis',(0.,1.,0.));
#3091=DIRECTION('ref_axis',(-0.733113085359461,0.,0.680106759321455));
#3092=DIRECTION('',(-0.997190329399952,0.,-0.0749095918505387));
#3093=DIRECTION('',(-0.990041820303956,0.,-0.140773555930189));
#3094=DIRECTION('center_axis',(0.,1.,0.));
#3095=DIRECTION('ref_axis',(-0.0705626661062492,0.,0.997507348420039));
#3096=DIRECTION('',(-1.,0.,9.47469158629694E-16));
#3097=DIRECTION('center_axis',(0.,1.,0.));
#3098=DIRECTION('ref_axis',(-8.32667268468867E-16,0.,-1.));
#3099=DIRECTION('center_axis',(0.,1.,0.));
#3100=DIRECTION('ref_axis',(1.,0.,0.));
#3101=DIRECTION('center_axis',(0.,1.,0.));
#3102=DIRECTION('ref_axis',(1.,0.,0.));
#3103=DIRECTION('',(0.,1.,0.));
#3104=DIRECTION('center_axis',(0.,-1.,0.));
#3105=DIRECTION('ref_axis',(0.979353420845504,0.,-0.202155576421252));
#3106=DIRECTION('center_axis',(0.,1.,0.));
#3107=DIRECTION('ref_axis',(0.979353420845504,0.,-0.202155576421252));
#3108=DIRECTION('',(0.,-1.,0.));
#3109=DIRECTION('center_axis',(0.,-1.,0.));
#3110=DIRECTION('ref_axis',(-0.70710678118661,0.,-0.707106781186485));
#3111=DIRECTION('',(0.,1.,0.));
#3112=DIRECTION('center_axis',(0.,1.,0.));
#3113=DIRECTION('ref_axis',(-0.70710678118661,0.,-0.707106781186485));
#3114=DIRECTION('',(0.,-1.,0.));
#3115=DIRECTION('center_axis',(1.81752063124024E-13,0.,1.));
#3116=DIRECTION('ref_axis',(1.,0.,-1.81752063124024E-13));
#3117=DIRECTION('',(0.,-1.,0.));
#3118=DIRECTION('',(1.,0.,-1.81752063124024E-13));
#3119=DIRECTION('center_axis',(0.,1.,0.));
#3120=DIRECTION('ref_axis',(0.707106781186548,0.,-0.707106781186548));
#3121=DIRECTION('',(0.,1.,0.));
#3122=DIRECTION('center_axis',(0.,1.,0.));
#3123=DIRECTION('ref_axis',(0.707106781186548,0.,-0.707106781186548));
#3124=DIRECTION('',(0.,-1.,0.));
#3125=DIRECTION('center_axis',(-1.,0.,0.));
#3126=DIRECTION('ref_axis',(0.,0.,1.));
#3127=DIRECTION('',(0.,-1.,0.));
#3128=DIRECTION('',(0.,0.,1.));
#3129=DIRECTION('center_axis',(0.,-1.,0.));
#3130=DIRECTION('ref_axis',(0.707106781186547,0.,0.707106781186548));
#3131=DIRECTION('center_axis',(0.,1.,0.));
#3132=DIRECTION('ref_axis',(0.707106781186547,0.,0.707106781186548));
#3133=DIRECTION('',(0.,1.,0.));
#3134=DIRECTION('',(0.,-1.,0.));
#3135=DIRECTION('center_axis',(3.35648821398303E-16,0.,1.));
#3136=DIRECTION('ref_axis',(-1.,0.,3.35648821398303E-16));
#3137=DIRECTION('',(-1.,0.,3.35648821398303E-16));
#3138=DIRECTION('',(0.,-1.,0.));
#3139=DIRECTION('center_axis',(0.,-1.,0.));
#3140=DIRECTION('ref_axis',(-0.707106781186548,0.,0.707106781186548));
#3141=DIRECTION('center_axis',(0.,1.,0.));
#3142=DIRECTION('ref_axis',(-0.707106781186548,0.,0.707106781186548));
#3143=DIRECTION('',(0.,1.,0.));
#3144=DIRECTION('center_axis',(-1.,0.,0.));
#3145=DIRECTION('ref_axis',(0.,0.,-1.));
#3146=DIRECTION('',(0.,0.,-1.));
#3147=DIRECTION('',(0.,-1.,0.));
#3148=DIRECTION('center_axis',(0.,-1.,0.));
#3149=DIRECTION('ref_axis',(0.707106781186547,0.,0.707106781186548));
#3150=DIRECTION('center_axis',(0.,1.,0.));
#3151=DIRECTION('ref_axis',(0.707106781186547,0.,0.707106781186548));
#3152=DIRECTION('',(0.,1.,0.));
#3153=DIRECTION('',(0.,-1.,0.));
#3154=DIRECTION('center_axis',(-3.09828106373014E-16,0.,1.));
#3155=DIRECTION('ref_axis',(-1.,0.,-3.09828106373014E-16));
#3156=DIRECTION('',(-1.,0.,-3.09828106373014E-16));
#3157=DIRECTION('',(0.,-1.,0.));
#3158=DIRECTION('center_axis',(0.,-1.,0.));
#3159=DIRECTION('ref_axis',(-0.707106781186546,0.,0.707106781186549));
#3160=DIRECTION('center_axis',(0.,1.,0.));
#3161=DIRECTION('ref_axis',(-0.707106781186546,0.,0.707106781186549));
#3162=DIRECTION('',(0.,1.,0.));
#3163=DIRECTION('center_axis',(-1.,0.,0.));
#3164=DIRECTION('ref_axis',(0.,0.,-1.));
#3165=DIRECTION('',(0.,0.,-1.));
#3166=DIRECTION('',(0.,-1.,0.));
#3167=DIRECTION('center_axis',(0.,-1.,0.));
#3168=DIRECTION('ref_axis',(-0.707106781186546,0.,-0.707106781186549));
#3169=DIRECTION('center_axis',(0.,1.,0.));
#3170=DIRECTION('ref_axis',(-0.707106781186546,0.,-0.707106781186549));
#3171=DIRECTION('',(0.,1.,0.));
#3172=DIRECTION('center_axis',(0.,0.,-1.));
#3173=DIRECTION('ref_axis',(1.,0.,0.));
#3174=DIRECTION('',(1.,0.,0.));
#3175=DIRECTION('',(0.,-1.,0.));
#3176=DIRECTION('center_axis',(0.,-1.,0.));
#3177=DIRECTION('ref_axis',(0.707106781186546,0.,-0.707106781186549));
#3178=DIRECTION('center_axis',(0.,1.,0.));
#3179=DIRECTION('ref_axis',(0.707106781186546,0.,-0.707106781186549));
#3180=DIRECTION('',(0.,1.,0.));
#3181=DIRECTION('center_axis',(0.,-1.,0.));
#3182=DIRECTION('ref_axis',(0.,0.,-1.));
#3183=DIRECTION('',(0.,0.,1.));
#3184=DIRECTION('',(0.,0.,1.));
#3185=DIRECTION('',(-1.,0.,0.));
#3186=DIRECTION('center_axis',(0.,-1.,0.));
#3187=DIRECTION('ref_axis',(0.,0.,1.));
#3188=DIRECTION('center_axis',(0.,-1.,0.));
#3189=DIRECTION('ref_axis',(0.,0.,1.));
#3190=DIRECTION('center_axis',(0.,-1.,0.));
#3191=DIRECTION('ref_axis',(0.,0.,1.));
#3192=DIRECTION('center_axis',(0.,-1.,0.));
#3193=DIRECTION('ref_axis',(0.,0.,1.));
#3194=DIRECTION('center_axis',(0.,-1.,0.));
#3195=DIRECTION('ref_axis',(0.733113090319517,0.,0.680106753974821));
#3196=DIRECTION('',(0.,1.,0.));
#3197=DIRECTION('center_axis',(0.,1.,0.));
#3198=DIRECTION('ref_axis',(0.733113090319517,0.,0.680106753974821));
#3199=DIRECTION('',(0.,-1.,0.));
#3200=DIRECTION('center_axis',(-0.074909606395664,0.,-0.997190328307313));
#3201=DIRECTION('ref_axis',(-0.997190328307313,0.,0.074909606395664));
#3202=DIRECTION('',(0.,-1.,0.));
#3203=DIRECTION('',(-0.997190328307313,0.,0.074909606395664));
#3204=DIRECTION('center_axis',(0.,1.,0.));
#3205=DIRECTION('ref_axis',(-0.140773523195703,0.,0.990041824958455));
#3206=DIRECTION('center_axis',(0.,1.,0.));
#3207=DIRECTION('ref_axis',(-0.140773523195703,0.,0.990041824958455));
#3208=DIRECTION('',(0.,-1.,0.));
#3209=DIRECTION('',(0.,1.,0.));
#3210=DIRECTION('center_axis',(-0.140773523195707,0.,0.990041824958455));
#3211=DIRECTION('ref_axis',(0.990041824958455,0.,0.140773523195707));
#3212=DIRECTION('',(0.,-1.,0.));
#3213=DIRECTION('',(0.990041824958455,0.,0.140773523195707));
#3214=DIRECTION('center_axis',(0.,1.,0.));
#3215=DIRECTION('ref_axis',(1.,0.,0.));
#3216=DIRECTION('center_axis',(0.,1.,0.));
#3217=DIRECTION('ref_axis',(1.,0.,0.));
#3218=DIRECTION('',(0.,1.,0.));
#3219=DIRECTION('center_axis',(0.,-1.,0.));
#3220=DIRECTION('ref_axis',(1.77635683940024E-13,0.,1.));
#3221=DIRECTION('center_axis',(0.,1.,0.));
#3222=DIRECTION('ref_axis',(1.77635683940024E-13,0.,1.));
#3223=DIRECTION('center_axis',(0.,-1.,0.));
#3224=DIRECTION('ref_axis',(-0.733113085359461,0.,0.680106759321455));
#3225=DIRECTION('',(0.,1.,0.));
#3226=DIRECTION('center_axis',(0.,1.,0.));
#3227=DIRECTION('ref_axis',(-0.733113085359461,0.,0.680106759321455));
#3228=DIRECTION('',(0.,-1.,0.));
#3229=DIRECTION('center_axis',(1.,0.,0.));
#3230=DIRECTION('ref_axis',(0.,0.,-1.));
#3231=DIRECTION('',(0.,-1.,0.));
#3232=DIRECTION('',(0.,0.,-1.));
#3233=DIRECTION('center_axis',(0.,1.,0.));
#3234=DIRECTION('ref_axis',(-0.0705626661062492,0.,0.997507348420039));
#3235=DIRECTION('',(0.,1.,0.));
#3236=DIRECTION('center_axis',(0.,1.,0.));
#3237=DIRECTION('ref_axis',(-0.0705626661062492,0.,0.997507348420039));
#3238=DIRECTION('',(0.,-1.,0.));
#3239=DIRECTION('center_axis',(-9.47469158629694E-16,0.,-1.));
#3240=DIRECTION('ref_axis',(-1.,0.,9.47469158629694E-16));
#3241=DIRECTION('',(-1.,0.,9.47469158629694E-16));
#3242=DIRECTION('',(0.,1.,0.));
#3243=DIRECTION('center_axis',(0.,1.,0.));
#3244=DIRECTION('ref_axis',(-8.32667268468867E-16,0.,-1.));
#3245=DIRECTION('center_axis',(0.,1.,0.));
#3246=DIRECTION('ref_axis',(-8.32667268468867E-16,0.,-1.));
#3247=DIRECTION('center_axis',(0.,1.,0.));
#3248=DIRECTION('ref_axis',(-0.707106795230063,0.,-0.707106767143032));
#3249=DIRECTION('center_axis',(0.,-1.,0.));
#3250=DIRECTION('ref_axis',(-0.707106795230063,0.,-0.707106767143032));
#3251=DIRECTION('',(0.,-1.,0.));
#3252=DIRECTION('center_axis',(0.,1.,6.12323399573676E-17));
#3253=DIRECTION('ref_axis',(-0.707106795230063,0.,-0.707106767143032));
#3254=DIRECTION('',(0.,1.,0.));
#3255=DIRECTION('center_axis',(0.,1.,0.));
#3256=DIRECTION('ref_axis',(0.,0.,1.));
#3257=DIRECTION('',(1.,0.,-2.17113245520546E-16));
#3258=DIRECTION('',(1.,0.,0.));
#3259=DIRECTION('',(0.,0.,-1.));
#3260=DIRECTION('center_axis',(0.,-1.,0.));
#3261=DIRECTION('ref_axis',(0.707116452999144,0.,-0.707097109241658));
#3262=DIRECTION('',(-0.999999999625819,0.,-2.73562041835939E-5));
#3263=DIRECTION('',(-0.999999999999998,0.,-7.04696054592189E-8));
#3264=DIRECTION('',(0.,0.,1.));
#3265=DIRECTION('',(0.,0.,-1.));
#3266=DIRECTION('',(-0.999999999999998,0.,-7.04696054592189E-8));
#3267=DIRECTION('',(-0.999999999999999,0.,3.97210883767537E-8));
#3268=DIRECTION('',(-1.46745535301918E-14,0.,1.));
#3269=DIRECTION('',(0.,0.,1.));
#3270=DIRECTION('',(1.,0.,0.));
#3271=DIRECTION('',(0.,0.,-1.));
#3272=DIRECTION('',(1.,0.,-1.59004008269493E-10));
#3273=DIRECTION('',(1.,0.,-2.28736761149946E-13));
#3274=DIRECTION('',(0.990035339513601,0.,-0.140819126947264));
#3275=DIRECTION('center_axis',(0.,-1.,0.));
#3276=DIRECTION('ref_axis',(1.,0.,0.));
#3277=DIRECTION('center_axis',(0.,-1.,0.));
#3278=DIRECTION('ref_axis',(1.,0.,0.));
#3279=DIRECTION('center_axis',(-1.,0.,-1.46745535301918E-14));
#3280=DIRECTION('ref_axis',(1.46745535301918E-14,0.,-1.));
#3281=DIRECTION('',(-1.46745535301918E-14,-6.12323399573676E-17,1.));
#3282=DIRECTION('',(-1.44516140885255E-14,0.17364817766693,0.984807753012208));
#3283=DIRECTION('',(0.,-1.,0.));
#3284=DIRECTION('',(0.,1.,0.));
#3285=DIRECTION('',(0.,1.,0.));
#3286=DIRECTION('',(0.,1.,0.));
#3287=DIRECTION('center_axis',(0.,-1.,0.));
#3288=DIRECTION('ref_axis',(-0.866092005548618,0.,0.499884624613294));
#3289=DIRECTION('center_axis',(0.,0.984807753012208,-0.17364817766693));
#3290=DIRECTION('ref_axis',(-2.73339060555879E-16,0.17364817766693,0.984807753012208));
#3291=DIRECTION('',(0.,1.,0.));
#3292=DIRECTION('center_axis',(0.,-1.,0.));
#3293=DIRECTION('ref_axis',(-0.866092005548618,0.,0.499884624613294));
#3294=DIRECTION('',(0.,-1.,0.));
#3295=DIRECTION('center_axis',(0.,0.984807753012208,-0.17364817766693));
#3296=DIRECTION('ref_axis',(0.,0.17364817766693,0.984807753012208));
#3297=DIRECTION('',(1.,0.,0.));
#3298=DIRECTION('',(0.,-0.17364817766693,-0.984807753012208));
#3299=DIRECTION('center_axis',(0.,0.984807753012208,-0.17364817766693));
#3300=DIRECTION('ref_axis',(-5.46678121111759E-16,0.17364817766693,0.984807753012208));
#3301=DIRECTION('',(0.862543364808612,-0.0878630511968019,-0.498296124868563));
#3302=DIRECTION('center_axis',(0.,0.984807753012208,-0.17364817766693));
#3303=DIRECTION('ref_axis',(5.46678121111759E-16,0.17364817766693,0.984807753012208));
#3304=DIRECTION('',(0.991548088126785,-0.0225290619246371,-0.127768659306236));
#3305=DIRECTION('center_axis',(0.,0.984807753012208,-0.17364817766693));
#3306=DIRECTION('ref_axis',(-5.97929194965986E-17,0.17364817766693,0.984807753012208));
#3307=DIRECTION('',(1.,-1.28596217070968E-9,-7.29305387946193E-9));
#3308=DIRECTION('',(1.,0.,0.));
#3309=DIRECTION('center_axis',(0.,0.984807753012208,-0.17364817766693));
#3310=DIRECTION('ref_axis',(-1.96462449774538E-16,0.17364817766693,0.984807753012208));
#3311=DIRECTION('',(0.991548090157838,0.0225290592291805,0.127768644019542));
#3312=DIRECTION('center_axis',(0.,0.984807753012208,-0.17364817766693));
#3313=DIRECTION('ref_axis',(1.70836912847425E-16,0.17364817766693,0.984807753012208));
#3314=DIRECTION('',(0.862543371450221,0.0878630492307796,0.498296113718697));
#3315=DIRECTION('center_axis',(0.,1.,0.));
#3316=DIRECTION('ref_axis',(-0.320264222628578,0.,0.947328257629905));
#3317=DIRECTION('center_axis',(0.,-1.,0.));
#3318=DIRECTION('ref_axis',(-0.320264222628578,0.,0.947328257629905));
#3319=DIRECTION('',(0.,-1.,0.));
#3320=DIRECTION('',(0.,1.,0.));
#3321=DIRECTION('center_axis',(0.,1.,0.));
#3322=DIRECTION('ref_axis',(0.,0.,1.));
#3323=DIRECTION('',(-0.990041820303956,0.,-0.140773555930189));
#3324=DIRECTION('',(-0.997190329399952,0.,-0.0749095918505387));
#3325=DIRECTION('',(-1.,0.,1.23268812580027E-16));
#3326=DIRECTION('',(0.865892154148498,0.,0.500230724150441));
#3327=DIRECTION('',(0.991799820323227,0.,0.127801081399241));
#3328=DIRECTION('center_axis',(0.,-1.,0.));
#3329=DIRECTION('ref_axis',(-0.0640319438904267,0.,0.997947849419805));
#3330=DIRECTION('',(1.,0.,0.));
#3331=DIRECTION('',(1.,0.,-7.29305387946193E-9));
#3332=DIRECTION('center_axis',(0.,-1.,0.));
#3333=DIRECTION('ref_axis',(0.064031955226056,0.,0.99794784869247));
#3334=DIRECTION('',(0.991799818351917,0.,-0.127801096697581));
#3335=DIRECTION('center_axis',(0.,-1.,0.));
#3336=DIRECTION('ref_axis',(0.320264236105331,0.,0.947328253073806));
#3337=DIRECTION('',(0.865892147631841,0.,-0.500230735430679));
#3338=DIRECTION('center_axis',(0.,-1.,0.));
#3339=DIRECTION('ref_axis',(0.866092008804687,0.,0.49988461897188));
#3340=DIRECTION('',(-1.,0.,0.));
#3341=DIRECTION('',(0.,0.,1.));
#3342=DIRECTION('',(-0.990041818530838,0.,0.140773568400291));
#3343=DIRECTION('center_axis',(0.,-1.,0.));
#3344=DIRECTION('ref_axis',(1.,0.,0.));
#3345=DIRECTION('center_axis',(-0.127801081399241,0.,0.991799820323227));
#3346=DIRECTION('ref_axis',(-0.991799820323227,0.,-0.127801081399241));
#3347=DIRECTION('',(0.,-1.,0.));
#3348=DIRECTION('center_axis',(0.,1.,0.));
#3349=DIRECTION('ref_axis',(-0.0640319438904267,0.,0.997947849419805));
#3350=DIRECTION('',(0.,1.,0.));
#3351=DIRECTION('center_axis',(0.,1.,0.));
#3352=DIRECTION('ref_axis',(0.064031955226056,0.,0.99794784869247));
#3353=DIRECTION('',(0.,-1.,0.));
#3354=DIRECTION('',(0.,1.,0.));
#3355=DIRECTION('center_axis',(0.127801096697581,0.,0.991799818351917));
#3356=DIRECTION('ref_axis',(-0.991799818351917,0.,0.127801096697581));
#3357=DIRECTION('',(0.,-1.,0.));
#3358=DIRECTION('center_axis',(0.,1.,0.));
#3359=DIRECTION('ref_axis',(0.320264236105331,0.,0.947328253073806));
#3360=DIRECTION('',(0.,1.,0.));
#3361=DIRECTION('center_axis',(0.500230735430679,0.,0.865892147631841));
#3362=DIRECTION('ref_axis',(-0.865892147631841,0.,0.500230735430679));
#3363=DIRECTION('',(0.,-1.,0.));
#3364=DIRECTION('center_axis',(0.,-1.,0.));
#3365=DIRECTION('ref_axis',(0.866092008804687,0.,0.49988461897188));
#3366=DIRECTION('',(0.,1.,0.));
#3367=DIRECTION('',(0.,1.,0.));
#3368=DIRECTION('center_axis',(1.,0.,0.));
#3369=DIRECTION('ref_axis',(0.,0.,1.));
#3370=DIRECTION('',(0.,6.12323399573676E-17,-1.));
#3371=DIRECTION('',(0.,-1.,0.));
#3372=DIRECTION('',(0.,-1.,0.));
#3373=DIRECTION('center_axis',(0.,1.,0.));
#3374=DIRECTION('ref_axis',(0.707116452999144,0.,-0.707097109241658));
#3375=DIRECTION('center_axis',(0.,1.,6.12323399573676E-17));
#3376=DIRECTION('ref_axis',(0.707116452999144,0.,-0.707097109241658));
#3377=DIRECTION('',(0.,1.,0.));
#3378=DIRECTION('center_axis',(2.73562041835939E-5,0.,-0.999999999625819));
#3379=DIRECTION('ref_axis',(0.999999999625819,0.,2.73562041835939E-5));
#3380=DIRECTION('',(-0.999999999625819,1.67508439451299E-21,-2.73562041835939E-5));
#3381=DIRECTION('',(0.,1.,0.));
#3382=DIRECTION('center_axis',(0.,1.,6.12323399573676E-17));
#3383=DIRECTION('ref_axis',(0.,-6.12323399573676E-17,1.));
#3384=DIRECTION('',(-0.999999999999999,-2.43221518696203E-24,3.97210883767537E-8));
#3385=DIRECTION('',(-0.999999999999998,4.31501883814047E-24,-7.0469605459219E-8));
#3386=DIRECTION('center_axis',(0.,1.,0.));
#3387=DIRECTION('ref_axis',(0.,0.,1.));
#3388=DIRECTION('center_axis',(0.,-1.,0.));
#3389=DIRECTION('ref_axis',(0.,0.,1.));
#3390=DIRECTION('',(-1.04972719113862E-16,-0.515038074910054,0.857167300702112));
#3391=DIRECTION('center_axis',(0.,-1.,0.));
#3392=DIRECTION('ref_axis',(0.,0.,1.));
#3393=DIRECTION('',(0.,-1.,0.));
#3394=DIRECTION('center_axis',(0.,1.,0.));
#3395=DIRECTION('ref_axis',(0.,0.,1.));
#3396=DIRECTION('center_axis',(0.,-1.,0.));
#3397=DIRECTION('ref_axis',(0.,0.,1.));
#3398=DIRECTION('',(-1.04972719113862E-16,-0.515038074910054,0.857167300702112));
#3399=DIRECTION('center_axis',(0.,-1.,0.));
#3400=DIRECTION('ref_axis',(0.,0.,1.));
#3401=DIRECTION('',(0.,-1.,0.));
#3402=DIRECTION('center_axis',(0.,1.,0.));
#3403=DIRECTION('ref_axis',(0.,0.,1.));
#3404=DIRECTION('center_axis',(0.,-1.,0.));
#3405=DIRECTION('ref_axis',(0.,0.,1.));
#3406=DIRECTION('',(-1.04972719113862E-16,-0.515038074910054,0.857167300702112));
#3407=DIRECTION('center_axis',(0.,-1.,0.));
#3408=DIRECTION('ref_axis',(0.,0.,1.));
#3409=DIRECTION('',(0.,-1.,0.));
#3410=DIRECTION('center_axis',(0.,1.,0.));
#3411=DIRECTION('ref_axis',(0.,0.,1.));
#3412=DIRECTION('center_axis',(0.,-1.,0.));
#3413=DIRECTION('ref_axis',(0.,0.,1.));
#3414=DIRECTION('',(-1.04972719113862E-16,-0.515038074910054,0.857167300702112));
#3415=DIRECTION('center_axis',(0.,-1.,0.));
#3416=DIRECTION('ref_axis',(0.,0.,1.));
#3417=DIRECTION('',(0.,-1.,0.));
#3418=DIRECTION('center_axis',(2.28736761149946E-13,0.,1.));
#3419=DIRECTION('ref_axis',(1.,0.,-2.28736761149946E-13));
#3420=DIRECTION('',(0.,-1.,0.));
#3421=DIRECTION('',(0.,1.,0.));
#3422=DIRECTION('center_axis',(1.,-1.63268091856641E-16,0.));
#3423=DIRECTION('ref_axis',(1.63268091856641E-16,1.,0.));
#3424=DIRECTION('',(1.63268091856641E-16,1.,1.1505438017217E-23));
#3425=DIRECTION('center_axis',(-1.,1.63268091856641E-16,0.));
#3426=DIRECTION('ref_axis',(-1.63268091856641E-16,-1.,0.));
#3427=DIRECTION('',(-1.63268091856641E-16,-1.,-1.1505438017217E-23));
#3428=DIRECTION('center_axis',(7.0469605459219E-8,0.,-0.999999999999998));
#3429=DIRECTION('ref_axis',(0.999999999999998,0.,7.0469605459219E-8));
#3430=DIRECTION('',(0.,1.,0.));
#3431=DIRECTION('center_axis',(0.,0.,1.));
#3432=DIRECTION('ref_axis',(-1.,0.,0.));
#3433=DIRECTION('',(0.,-1.,0.));
#3434=DIRECTION('center_axis',(1.,0.,0.));
#3435=DIRECTION('ref_axis',(0.,0.,1.));
#3436=DIRECTION('center_axis',(1.,0.,0.));
#3437=DIRECTION('ref_axis',(0.,0.,1.));
#3438=DIRECTION('center_axis',(0.,0.,-1.));
#3439=DIRECTION('ref_axis',(-1.,0.,0.));
#3440=DIRECTION('',(0.,-1.,0.));
#3441=DIRECTION('center_axis',(-1.,0.,0.));
#3442=DIRECTION('ref_axis',(0.,0.,1.));
#3443=DIRECTION('center_axis',(-0.140773568400291,0.,-0.990041818530838));
#3444=DIRECTION('ref_axis',(-0.990041818530838,0.,0.140773568400291));
#3445=DIRECTION('center_axis',(0.140773555930189,0.,-0.990041820303956));
#3446=DIRECTION('ref_axis',(-0.990041820303956,0.,-0.140773555930189));
#3447=DIRECTION('',(0.,-1.,0.));
#3448=DIRECTION('center_axis',(0.0749095918505387,0.,-0.997190329399953));
#3449=DIRECTION('ref_axis',(-0.997190329399952,0.,-0.0749095918505387));
#3450=DIRECTION('center_axis',(-1.23268812580027E-16,0.,-1.));
#3451=DIRECTION('ref_axis',(-1.,0.,1.23268812580027E-16));
#3452=DIRECTION('center_axis',(0.,0.,1.));
#3453=DIRECTION('ref_axis',(1.,0.,0.));
#3454=DIRECTION('',(0.,-1.,0.));
#3455=DIRECTION('center_axis',(0.,1.,0.));
#3456=DIRECTION('ref_axis',(1.,0.,0.));
#3457=DIRECTION('center_axis',(0.,-1.,0.));
#3458=DIRECTION('ref_axis',(1.,0.,0.));
#3459=DIRECTION('center_axis',(0.,1.,0.));
#3460=DIRECTION('ref_axis',(1.,0.,0.));
#3461=DIRECTION('center_axis',(0.,-1.,0.));
#3462=DIRECTION('ref_axis',(1.,0.,0.));
#3463=DIRECTION('center_axis',(0.,1.,0.));
#3464=DIRECTION('ref_axis',(1.,0.,0.));
#3465=DIRECTION('center_axis',(0.,-1.,0.));
#3466=DIRECTION('ref_axis',(1.,0.,0.));
#3467=DIRECTION('center_axis',(0.,1.,0.));
#3468=DIRECTION('ref_axis',(1.,0.,0.));
#3469=DIRECTION('',(0.,-1.,0.));
#3470=DIRECTION('center_axis',(0.,1.,0.));
#3471=DIRECTION('ref_axis',(1.,0.,0.));
#3472=DIRECTION('',(0.,-1.,0.));
#3473=DIRECTION('center_axis',(2.17113245520546E-16,0.,1.));
#3474=DIRECTION('ref_axis',(1.,0.,-2.17113245520546E-16));
#3475=DIRECTION('center_axis',(1.59004008269493E-10,0.,1.));
#3476=DIRECTION('ref_axis',(1.,0.,-1.59004008269493E-10));
#3477=DIRECTION('center_axis',(1.,0.,0.));
#3478=DIRECTION('ref_axis',(0.,0.,-1.));
#3479=DIRECTION('center_axis',(0.,0.,1.));
#3480=DIRECTION('ref_axis',(1.,0.,0.));
#3481=DIRECTION('center_axis',(0.140819126947264,0.,0.990035339513601));
#3482=DIRECTION('ref_axis',(0.990035339513601,0.,-0.140819126947264));
#3483=DIRECTION('center_axis',(0.,1.,0.));
#3484=DIRECTION('ref_axis',(1.,0.,0.));
#3485=DIRECTION('',(0.,-1.,0.));
#3486=DIRECTION('center_axis',(-3.97210883767537E-8,0.,-0.999999999999999));
#3487=DIRECTION('ref_axis',(0.999999999999999,0.,-3.97210883767537E-8));
#3488=DIRECTION('center_axis',(-0.500230724150441,0.,0.865892154148498));
#3489=DIRECTION('ref_axis',(-0.865892154148498,0.,-0.500230724150441));
#3490=DIRECTION('center_axis',(0.,0.,1.));
#3491=DIRECTION('ref_axis',(-1.,0.,0.));
#3492=DIRECTION('',(0.,1.,0.));
#3493=DIRECTION('center_axis',(7.29305387946193E-9,0.,1.));
#3494=DIRECTION('ref_axis',(-1.,0.,7.29305387946193E-9));
#3495=CARTESIAN_POINT('',(0.,0.,0.));
#3496=CARTESIAN_POINT('Origin',(111.598331103025,0.0692500000000004,-41.8240973269624));
#3497=CARTESIAN_POINT('',(111.598331103025,-0.399999999999999,-40.0740973269625));
#3498=CARTESIAN_POINT('Origin',(111.598331103025,-0.4,-41.8240973269624));
#3499=CARTESIAN_POINT('',(111.598331103025,0.538500000000008,-41.0125973269625));
#3500=CARTESIAN_POINT('',(111.598331103025,0.0692500000000004,-40.5433473269624));
#3501=CARTESIAN_POINT('Origin',(111.598331103025,0.5385,-41.8240973269624));
#3502=CARTESIAN_POINT('Origin',(111.598331103025,3.6,-41.8240973269624));
#3503=CARTESIAN_POINT('',(111.598331103025,2.6,-41.0125973269624));
#3504=CARTESIAN_POINT('',(111.598331103025,3.6,-41.0125973269624));
#3505=CARTESIAN_POINT('Origin',(111.598331103025,2.6,-41.8240973269624));
#3506=CARTESIAN_POINT('Origin',(-111.598331713075,0.0692500000000004,-41.8240956991772));
#3507=CARTESIAN_POINT('',(-111.598331713075,-0.399999999999999,-40.0740956991772));
#3508=CARTESIAN_POINT('Origin',(-111.598331713075,-0.4,-41.8240956991772));
#3509=CARTESIAN_POINT('',(-111.598331713075,0.538500000000008,-41.0125956991772));
#3510=CARTESIAN_POINT('',(-111.598331713075,0.0692500000000004,-40.5433456991772));
#3511=CARTESIAN_POINT('Origin',(-111.598331713075,0.5385,-41.8240956991772));
#3512=CARTESIAN_POINT('Origin',(-111.598331713075,3.6,-41.8240956991772));
#3513=CARTESIAN_POINT('',(-111.598331713075,2.6,-41.0125956991772));
#3514=CARTESIAN_POINT('',(-111.598331713075,3.6,-41.0125956991772));
#3515=CARTESIAN_POINT('Origin',(-111.598331713075,2.6,-41.8240956991772));
#3516=CARTESIAN_POINT('Origin',(-111.598331713075,0.0692500000000004,23.2587088725995));
#3517=CARTESIAN_POINT('',(-111.598331713075,-0.399999999999999,25.0087088725995));
#3518=CARTESIAN_POINT('Origin',(-111.598331713075,-0.4,23.2587088725995));
#3519=CARTESIAN_POINT('',(-111.598331713075,0.538500000000008,24.0702088725995));
#3520=CARTESIAN_POINT('',(-111.598331713075,0.0692500000000004,24.5394588725995));
#3521=CARTESIAN_POINT('Origin',(-111.598331713075,0.5385,23.2587088725995));
#3522=CARTESIAN_POINT('Origin',(-111.598331713075,3.6,23.2587088725995));
#3523=CARTESIAN_POINT('',(-111.598331713075,2.6,24.0702088725995));
#3524=CARTESIAN_POINT('',(-111.598331713075,3.6,24.0702088725995));
#3525=CARTESIAN_POINT('Origin',(-111.598331713075,2.6,23.2587088725995));
#3526=CARTESIAN_POINT('Origin',(111.598331103025,0.0692500000000004,23.2587072448142));
#3527=CARTESIAN_POINT('',(111.598331103025,-0.399999999999999,25.0087072448142));
#3528=CARTESIAN_POINT('Origin',(111.598331103025,-0.4,23.2587072448142));
#3529=CARTESIAN_POINT('',(111.598331103025,0.538500000000008,24.0702072448142));
#3530=CARTESIAN_POINT('',(111.598331103025,0.0692500000000004,24.5394572448142));
#3531=CARTESIAN_POINT('Origin',(111.598331103025,0.5385,23.2587072448142));
#3532=CARTESIAN_POINT('Origin',(111.598331103025,3.6,23.2587072448142));
#3533=CARTESIAN_POINT('',(111.598331103025,2.6,24.0702072448142));
#3534=CARTESIAN_POINT('',(111.598331103025,3.6,24.0702072448142));
#3535=CARTESIAN_POINT('Origin',(111.598331103025,2.6,23.2587072448142));
#3536=CARTESIAN_POINT('Origin',(-111.598331713075,-0.4,-41.8240956991772));
#3537=CARTESIAN_POINT('',(-113.448331713075,-0.4,-41.8240956991772));
#3538=CARTESIAN_POINT('Origin',(-111.598331713075,-0.4,-41.8240956991772));
#3539=CARTESIAN_POINT('',(-113.448331713075,-13.,-41.8240956991772));
#3540=CARTESIAN_POINT('',(-113.448331713075,-0.4,-41.8240956991772));
#3541=CARTESIAN_POINT('Origin',(-111.598331713075,-13.,-41.8240956991772));
#3542=CARTESIAN_POINT('Origin',(-3.05025382729696E-7,-0.4,-9.28269422718148));
#3543=CARTESIAN_POINT('Origin',(111.598331103025,-0.4,-41.8240973269624));
#3544=CARTESIAN_POINT('',(109.748331103025,-0.4,-41.8240973269624));
#3545=CARTESIAN_POINT('Origin',(111.598331103025,-0.4,-41.8240973269624));
#3546=CARTESIAN_POINT('',(109.748331103025,-13.,-41.8240973269624));
#3547=CARTESIAN_POINT('',(109.748331103025,-0.4,-41.8240973269624));
#3548=CARTESIAN_POINT('Origin',(111.598331103025,-13.,-41.8240973269624));
#3549=CARTESIAN_POINT('Origin',(-3.05025382729696E-7,-0.4,-9.28269422718148));
#3550=CARTESIAN_POINT('Origin',(-111.598331713075,-0.4,23.2587088725995));
#3551=CARTESIAN_POINT('',(-113.448331713075,-0.4,23.2587088725995));
#3552=CARTESIAN_POINT('Origin',(-111.598331713075,-0.4,23.2587088725995));
#3553=CARTESIAN_POINT('',(-113.448331713075,-7.42088416368682,23.2587088725995));
#3554=CARTESIAN_POINT('',(-113.448331713075,-0.4,23.2587088725995));
#3555=CARTESIAN_POINT('Origin',(-111.598331713075,-7.42088416368682,23.2587088725995));
#3556=CARTESIAN_POINT('Origin',(-3.05025382729696E-7,-0.4,-9.28269422718148));
#3557=CARTESIAN_POINT('Origin',(111.598331103025,-0.4,23.2587072448142));
#3558=CARTESIAN_POINT('',(109.748331103025,-0.4,23.2587072448142));
#3559=CARTESIAN_POINT('Origin',(111.598331103025,-0.4,23.2587072448142));
#3560=CARTESIAN_POINT('',(109.748331103025,-7.42088445070929,23.2587072448142));
#3561=CARTESIAN_POINT('',(109.748331103025,-0.4,23.2587072448142));
#3562=CARTESIAN_POINT('Origin',(111.598331103025,-7.42088445070929,23.2587072448142));
#3563=CARTESIAN_POINT('Origin',(-3.05025382729696E-7,-0.4,-9.28269422718148));
#3564=CARTESIAN_POINT('Origin',(110.431319159024,-11.6961553112646,-0.987558660594327));
#3565=CARTESIAN_POINT('',(112.431319159024,-11.2037514347585,-1.07438274942779));
#3566=CARTESIAN_POINT('',(112.431319159024,-11.6961553112646,-0.987558660594327));
#3567=CARTESIAN_POINT('',(112.431319159024,-11.6961553112646,-0.987558660594327));
#3568=CARTESIAN_POINT('',(120.431319159024,-11.2037514347585,-1.07438274942779));
#3569=CARTESIAN_POINT('',(122.431319159024,-11.2037514347585,-1.07438274942779));
#3570=CARTESIAN_POINT('',(120.431319159024,-11.6961553112646,-0.987558660594327));
#3571=CARTESIAN_POINT('',(120.431319159024,-11.6961553112646,-0.987558660594326));
#3572=CARTESIAN_POINT('',(55.2156594397855,-11.6961553112646,-0.987558660594333));
#3573=CARTESIAN_POINT('Origin',(-6.00000000000004,-3.55400369437358,45.1888777768504));
#3574=CARTESIAN_POINT('',(4.,-3.5540036943736,45.1888777768504));
#3575=CARTESIAN_POINT('',(4.,-3.06159981786747,45.1020536880169));
#3576=CARTESIAN_POINT('',(4.,-3.55400369437358,45.1888777768504));
#3577=CARTESIAN_POINT('',(-4.00000000000004,-3.5540036943736,45.1888777768504));
#3578=CARTESIAN_POINT('',(-3.00000013972632,-3.5540036943736,45.1888777768504));
#3579=CARTESIAN_POINT('',(-4.00000000000004,-3.06159981786747,45.1020536880169));
#3580=CARTESIAN_POINT('',(-4.00000000000004,-3.55400369437359,45.1888777768504));
#3581=CARTESIAN_POINT('',(6.00000000000004,-3.06159981786747,45.1020536880169));
#3582=CARTESIAN_POINT('Origin',(4.,-3.90130004970744,43.219262270826));
#3583=CARTESIAN_POINT('',(4.,-3.7561925285352,41.1628226759681));
#3584=CARTESIAN_POINT('Origin',(4.,-3.40889617320135,43.1324381819925));
#3585=CARTESIAN_POINT('',(4.,-4.24859640504132,41.2496467648015));
#3586=CARTESIAN_POINT('',(4.,-4.24859640504128,41.2496467648015));
#3587=CARTESIAN_POINT('Origin',(4.,-3.90130004970774,43.219262270826));
#3588=CARTESIAN_POINT('Origin',(5.99999999999996,-4.2485964050413,41.2496467648015));
#3589=CARTESIAN_POINT('',(-4.00000000000004,-3.7561925285352,41.1628226759681));
#3590=CARTESIAN_POINT('',(-6.00000000000004,-3.7561925285352,41.1628226759681));
#3591=CARTESIAN_POINT('',(-4.00000000000004,-4.24859640504132,41.2496467648015));
#3592=CARTESIAN_POINT('',(-4.00000000000004,-4.2485964050413,41.2496467648015));
#3593=CARTESIAN_POINT('',(2.99999986027368,-4.24859640504132,41.2496467648015));
#3594=CARTESIAN_POINT('Origin',(-4.00000000000004,-3.90130004970744,43.2192622708259));
#3595=CARTESIAN_POINT('Origin',(-4.00000000000004,-3.40889617320135,43.1324381819925));
#3596=CARTESIAN_POINT('Origin',(-4.00000000000004,-3.90130004970775,43.219262270826));
#3597=CARTESIAN_POINT('Origin',(-122.431319159023,-11.6961553112646,-0.987558660594326));
#3598=CARTESIAN_POINT('',(-120.431319159023,-11.2037514347585,-1.07438274942779));
#3599=CARTESIAN_POINT('',(-120.431319159023,-11.6961553112646,-0.987558660594327));
#3600=CARTESIAN_POINT('',(-120.431319159023,-11.6961553112646,-0.987558660594326));
#3601=CARTESIAN_POINT('',(-112.431319159023,-11.2037514347585,-1.07438274942779));
#3602=CARTESIAN_POINT('',(-110.431319159023,-11.2037514347585,-1.07438274942779));
#3603=CARTESIAN_POINT('',(-112.431319159023,-11.6961553112646,-0.987558660594326));
#3604=CARTESIAN_POINT('',(-112.431319159023,-11.6961553112646,-0.987558660594324));
#3605=CARTESIAN_POINT('',(-61.2156597192377,-11.6961553112646,-0.987558660594321));
#3606=CARTESIAN_POINT('Origin',(-112.431319159023,-12.0434516665984,-2.95717416661874));
#3607=CARTESIAN_POINT('',(-112.431319159023,-11.8983441454262,-5.01361376147663));
#3608=CARTESIAN_POINT('Origin',(-112.431319159023,-11.5510477900923,-3.04399825545221));
#3609=CARTESIAN_POINT('',(-112.431319159023,-12.3907480219323,-4.92678967264316));
#3610=CARTESIAN_POINT('',(-112.431319159023,-12.3907480219323,-4.92678967264316));
#3611=CARTESIAN_POINT('Origin',(-112.431319159023,-12.0434516665984,-2.95717416661874));
#3612=CARTESIAN_POINT('Origin',(-110.431319159023,-12.3907480219323,-4.92678967264316));
#3613=CARTESIAN_POINT('',(-120.431319159023,-11.8983441454262,-5.01361376147663));
#3614=CARTESIAN_POINT('',(-122.431319159023,-11.8983441454262,-5.01361376147663));
#3615=CARTESIAN_POINT('',(-120.431319159023,-12.3907480219323,-4.92678967264316));
#3616=CARTESIAN_POINT('',(-120.431319159023,-12.3907480219323,-4.92678967264316));
#3617=CARTESIAN_POINT('',(-55.2156597192377,-12.3907480219323,-4.92678967264316));
#3618=CARTESIAN_POINT('Origin',(-120.431319159023,-12.0434516665984,-2.95717416661874));
#3619=CARTESIAN_POINT('Origin',(-120.431319159023,-11.5510477900923,-3.04399825545221));
#3620=CARTESIAN_POINT('Origin',(-120.431319159023,-12.0434516665984,-2.95717416661874));
#3621=CARTESIAN_POINT('Origin',(-116.431319159023,-11.5510477900923,-3.04399825545221));
#3622=CARTESIAN_POINT('Origin',(112.431319159024,-12.0434516665984,-2.95717416661874));
#3623=CARTESIAN_POINT('',(112.431319159024,-11.8983441454262,-5.01361376147663));
#3624=CARTESIAN_POINT('Origin',(112.431319159024,-11.5510477900923,-3.04399825545221));
#3625=CARTESIAN_POINT('',(112.431319159024,-12.3907480219323,-4.92678967264316));
#3626=CARTESIAN_POINT('Origin',(112.431319159024,-12.0434516665984,-2.95717416661874));
#3627=CARTESIAN_POINT('',(112.431319159024,-12.3907480219323,-4.92678967264316));
#3628=CARTESIAN_POINT('Origin',(122.431319159024,-12.3907480219323,-4.92678967264316));
#3629=CARTESIAN_POINT('',(120.431319159024,-12.3907480219323,-4.92678967264316));
#3630=CARTESIAN_POINT('',(61.2156594397855,-12.3907480219323,-4.92678967264316));
#3631=CARTESIAN_POINT('',(120.431319159024,-11.8983441454262,-5.01361376147663));
#3632=CARTESIAN_POINT('',(120.431319159024,-12.3907480219323,-4.92678967264316));
#3633=CARTESIAN_POINT('',(110.431319159024,-11.8983441454262,-5.01361376147663));
#3634=CARTESIAN_POINT('Origin',(120.431319159024,-12.0434516665984,-2.95717416661874));
#3635=CARTESIAN_POINT('Origin',(120.431319159024,-11.5510477900923,-3.04399825545221));
#3636=CARTESIAN_POINT('Origin',(120.431319159024,-12.0434516665984,-2.95717416661874));
#3637=CARTESIAN_POINT('Origin',(116.431319159024,-11.5510477900923,-3.04399825545221));
#3638=CARTESIAN_POINT('Origin',(0.,-3.40889617320135,43.1324381819925));
#3639=CARTESIAN_POINT('Origin',(3.74999959745878,1.73472347597681E-15,-28.204270040034));
#3640=CARTESIAN_POINT('',(4.74999959745878,6.24500451351651E-16,-31.0971506930294));
#3641=CARTESIAN_POINT('',(3.74999959745878,1.,-31.0971506930291));
#3642=CARTESIAN_POINT('Origin',(3.74999959745878,1.73472347597681E-15,-31.0971506930283));
#3643=CARTESIAN_POINT('',(3.74999959745878,1.,-33.4971506936245));
#3644=CARTESIAN_POINT('',(3.74999959745878,1.,-28.204270040034));
#3645=CARTESIAN_POINT('',(4.74999959745878,6.59194920871187E-16,-33.4971506937836));
#3646=CARTESIAN_POINT('Origin',(3.74999959745878,1.73472347597681E-15,-33.4971506936245));
#3647=CARTESIAN_POINT('',(4.74999959745878,6.55339979813456E-16,-28.204270040034));
#3648=CARTESIAN_POINT('Origin',(-4.75000040254122,0.999999999999998,-28.204270040034));
#3649=CARTESIAN_POINT('',(-2.26793191451184E-7,1.,-31.0971506930283));
#3650=CARTESIAN_POINT('',(-2.37500031466754,0.999999999999999,-31.0971506930277));
#3651=CARTESIAN_POINT('',(-3.75000040254122,0.999999999999998,-31.097150692432));
#3652=CARTESIAN_POINT('',(-7.37432726863149,0.999999999999996,-31.0971506918557));
#3653=CARTESIAN_POINT('',(-3.75000040254122,0.999999999999998,-33.497150692432));
#3654=CARTESIAN_POINT('',(-3.75000040254122,0.999999999999998,-28.204270040034));
#3655=CARTESIAN_POINT('',(-2.37500040315283,0.999999999999999,-33.4971506926506));
#3656=CARTESIAN_POINT('Origin',(3.74999959745878,-1.59999999999998,-28.204270040034));
#3657=CARTESIAN_POINT('',(3.74999959745878,-2.59999999999998,-28.204270040034));
#3658=CARTESIAN_POINT('',(4.74999959745878,-1.59999999999998,-28.204270040034));
#3659=CARTESIAN_POINT('Origin',(3.74999959745878,-1.59999999999998,-28.204270040034));
#3660=CARTESIAN_POINT('',(4.74999959745878,-1.59999999999998,-33.4971506937836));
#3661=CARTESIAN_POINT('',(4.74999959745878,-1.59999999999998,-28.204270040034));
#3662=CARTESIAN_POINT('',(3.74999959745878,-2.59999999999998,-33.4971506936245));
#3663=CARTESIAN_POINT('Origin',(3.74999959745878,-1.59999999999998,-33.4971506936245));
#3664=CARTESIAN_POINT('',(3.74999959745878,-2.59999999999998,-28.204270040034));
#3665=CARTESIAN_POINT('Origin',(4.74999959745878,1.,-28.204270040034));
#3666=CARTESIAN_POINT('',(4.74999959745878,0.0999999999999546,-33.4971506937836));
#3667=CARTESIAN_POINT('',(4.74999959745878,-1.4,-28.204270040034));
#3668=CARTESIAN_POINT('',(4.74999959745878,0.499999999999942,-28.204270040034));
#3669=CARTESIAN_POINT('',(4.74999959745878,-1.4,-31.0971506930294));
#3670=CARTESIAN_POINT('',(4.74999959745878,-1.4,-12.8185208958263));
#3671=CARTESIAN_POINT('',(4.74999959745878,0.499999999999998,-31.0971506930294));
#3672=CARTESIAN_POINT('Origin',(-3.75000040254122,-1.70185503116882E-15,
-28.204270040034));
#3673=CARTESIAN_POINT('',(-4.75000040254122,-1.66533453693773E-15,-31.097150692273));
#3674=CARTESIAN_POINT('Origin',(-3.75000040254122,-1.70185503116882E-15,
-31.097150692432));
#3675=CARTESIAN_POINT('',(-4.75000040254122,-1.66533453693773E-15,-33.497150692273));
#3676=CARTESIAN_POINT('',(-4.75000040254122,-1.70185503116882E-15,-28.204270040034));
#3677=CARTESIAN_POINT('Origin',(-3.75000040254122,-1.70185503116882E-15,
-33.497150692432));
#3678=CARTESIAN_POINT('Origin',(-4.75000040254122,-2.6,-28.204270040034));
#3679=CARTESIAN_POINT('',(-4.75000040254122,-1.4,-31.097150692273));
#3680=CARTESIAN_POINT('',(-4.75000040254122,-1.3,-31.097150692273));
#3681=CARTESIAN_POINT('',(-4.75000040254121,-1.4,-28.204270040034));
#3682=CARTESIAN_POINT('',(-4.75000040254122,-1.4,-12.8185208958263));
#3683=CARTESIAN_POINT('',(-4.75000040254121,-1.6,-28.204270040034));
#3684=CARTESIAN_POINT('',(-4.75000040254121,-1.3,-28.204270040034));
#3685=CARTESIAN_POINT('',(-4.75000040254122,-1.6,-33.497150692273));
#3686=CARTESIAN_POINT('',(-4.75000040254122,-1.6,-28.204270040034));
#3687=CARTESIAN_POINT('',(-4.75000040254122,-1.70000000000004,-33.497150692273));
#3688=CARTESIAN_POINT('Origin',(-3.75000040254122,-1.6,-28.204270040034));
#3689=CARTESIAN_POINT('',(-3.75000040254122,-2.6,-28.204270040034));
#3690=CARTESIAN_POINT('Origin',(-3.75000040254122,-1.6,-28.204270040034));
#3691=CARTESIAN_POINT('',(-3.75000040254122,-2.6,-33.497150692432));
#3692=CARTESIAN_POINT('',(-3.75000040254122,-2.6,-28.204270040034));
#3693=CARTESIAN_POINT('Origin',(-3.75000040254122,-1.6,-33.497150692432));
#3694=CARTESIAN_POINT('Origin',(4.74999959745878,-2.59999999999998,-28.204270040034));
#3695=CARTESIAN_POINT('',(2.37499959684717,-2.59999999999999,-33.4971506934059));
#3696=CARTESIAN_POINT('',(-49.3752308692738,-2.6000000000001,-28.204270040034));
#3697=CARTESIAN_POINT('Origin',(-5.00000040254125,-3.20000000000009,-46.8240960286698));
#3698=CARTESIAN_POINT('',(-5.00000040254125,-4.20000000000009,-33.4971506922333));
#3699=CARTESIAN_POINT('',(-6.00000040254125,-3.20000000000009,-33.4971506920743));
#3700=CARTESIAN_POINT('Origin',(-5.00000040254125,-3.20000000000009,-33.4971506922333));
#3701=CARTESIAN_POINT('',(-5.00000040254124,-4.20000000000009,-44.8240903750599));
#3702=CARTESIAN_POINT('',(-5.00000040254125,-4.20000000000009,-46.8240960286698));
#3703=CARTESIAN_POINT('',(-6.00000040254125,-3.20000000000009,-44.8240904455295));
#3704=CARTESIAN_POINT('Origin',(-5.00000040254125,-3.20000000000009,-44.8240903750599));
#3705=CARTESIAN_POINT('',(-6.00000040254125,-3.20000000000009,-46.8240960286698));
#3706=CARTESIAN_POINT('Origin',(-6.00000040254125,-4.20000000000009,-46.8240960286698));
#3707=CARTESIAN_POINT('',(4.99999959745876,-4.20000000000009,-33.4971506938233));
#3708=CARTESIAN_POINT('',(-3.00000040167253,-4.20000000000009,-33.4971506925513));
#3709=CARTESIAN_POINT('',(4.99999959745876,-4.20000000000009,-44.8240896703638));
#3710=CARTESIAN_POINT('',(4.99999959745876,-4.20000000000009,-46.8240960286698));
#3711=CARTESIAN_POINT('',(-45.6138187964494,-4.20000000000009,-44.8240932370996));
#3712=CARTESIAN_POINT('Origin',(4.99999959745876,-3.20000000000009,-46.8240960286698));
#3713=CARTESIAN_POINT('',(5.99999959745876,-3.20000000000009,-33.4971506939823));
#3714=CARTESIAN_POINT('Origin',(4.99999959745876,-3.20000000000009,-33.4971506938233));
#3715=CARTESIAN_POINT('',(5.99999959745876,-3.20000000000009,-44.8240895998942));
#3716=CARTESIAN_POINT('',(5.99999959745876,-3.20000000000009,-46.8240960286698));
#3717=CARTESIAN_POINT('Origin',(4.99999959745876,-3.20000000000009,-44.8240896703638));
#3718=CARTESIAN_POINT('Origin',(-4.02922853846409E-7,-0.800000000000087,
-33.4971506930283));
#3719=CARTESIAN_POINT('',(-6.00000040254124,2.59999999999991,-33.4971506920743));
#3720=CARTESIAN_POINT('',(-6.00000040254124,0.899999999999914,-33.4971506920743));
#3721=CARTESIAN_POINT('',(5.99999959745876,2.59999999999991,-33.4971506939823));
#3722=CARTESIAN_POINT('',(-7.02136858038973E-6,2.6,-33.4971506930283));
#3723=CARTESIAN_POINT('',(5.99999959745876,-2.50000000000009,-33.4971506939823));
#3724=CARTESIAN_POINT('Origin',(9.23274130517044,0.,44.9681413361692));
#3725=CARTESIAN_POINT('',(9.23274133434265,-1.4,46.9681413361692));
#3726=CARTESIAN_POINT('',(9.51428844197102,-1.4,46.9482249732308));
#3727=CARTESIAN_POINT('Origin',(9.23274130517044,-1.4,44.9681413361692));
#3728=CARTESIAN_POINT('',(9.23274133434265,2.6,46.9681413361692));
#3729=CARTESIAN_POINT('',(9.23274133434265,0.,46.9681413361692));
#3730=CARTESIAN_POINT('',(9.51428844197102,2.6,46.9482249732308));
#3731=CARTESIAN_POINT('Origin',(9.23274130517044,2.6,44.9681413361692));
#3732=CARTESIAN_POINT('',(9.51428844197102,0.,46.9482249732308));
#3733=CARTESIAN_POINT('Origin',(9.37421931988377,0.,46.9681413341056));
#3734=CARTESIAN_POINT('',(4.1821047478514,-1.4,46.9681414098383));
#3735=CARTESIAN_POINT('',(1.14999351084929,-1.4,46.968141454065));
#3736=CARTESIAN_POINT('',(4.1821047478514,2.6,46.9681414098383));
#3737=CARTESIAN_POINT('',(4.1821047478514,0.,46.9681414098383));
#3738=CARTESIAN_POINT('',(9.37421931988377,2.6,46.9681413341056));
#3739=CARTESIAN_POINT('Origin',(4.18210471867919,0.,44.9681414098383));
#3740=CARTESIAN_POINT('',(2.23693973324701,-1.4,45.4332577172805));
#3741=CARTESIAN_POINT('Origin',(4.18210471867919,-1.4,44.9681414098383));
#3742=CARTESIAN_POINT('',(2.23693973324701,2.6,45.4332577172805));
#3743=CARTESIAN_POINT('',(2.23693973324702,0.,45.4332577172805));
#3744=CARTESIAN_POINT('Origin',(4.18210471867919,2.6,44.9681414098383));
#3745=CARTESIAN_POINT('Origin',(0.,0.,45.9681414708389));
#3746=CARTESIAN_POINT('',(-2.23693974104888,-1.4,45.4332577499087));
#3747=CARTESIAN_POINT('Origin',(0.,-1.4,45.9681414708389));
#3748=CARTESIAN_POINT('',(-2.23693974104888,2.6,45.4332577499087));
#3749=CARTESIAN_POINT('',(-2.23693974104888,0.,45.4332577499087));
#3750=CARTESIAN_POINT('Origin',(0.,2.6,45.9681414708389));
#3751=CARTESIAN_POINT('Origin',(93.1644545583002,0.,-39.833684974076));
#3752=CARTESIAN_POINT('',(91.2192895660837,2.6,-40.2988012531458));
#3753=CARTESIAN_POINT('',(93.1644545583002,2.6,-41.8336849740761));
#3754=CARTESIAN_POINT('Origin',(93.1644545583002,2.6,-39.833684974076));
#3755=CARTESIAN_POINT('',(91.2192895660837,-1.4,-40.2988012531458));
#3756=CARTESIAN_POINT('',(91.2192895660837,0.,-40.2988012531458));
#3757=CARTESIAN_POINT('',(93.1644545583002,-1.4,-41.8336849740761));
#3758=CARTESIAN_POINT('Origin',(93.1644545583002,-1.4,-39.833684974076));
#3759=CARTESIAN_POINT('',(93.1644545583002,0.,-41.8336849740761));
#3760=CARTESIAN_POINT('Origin',(-1.36405239992143E-5,-1.4,2.56722824838143));
#3761=CARTESIAN_POINT('',(70.6891799426025,-1.4,38.2497966726728));
#3762=CARTESIAN_POINT('',(7.87410415857353,-1.4,47.1814419849633));
#3763=CARTESIAN_POINT('',(88.514622381016,-1.4,36.9107374790716));
#3764=CARTESIAN_POINT('',(36.8756460558163,-1.4,40.7898920209753));
#3765=CARTESIAN_POINT('',(90.3648031682247,-1.4,34.916356822457));
#3766=CARTESIAN_POINT('Origin',(88.3648031682247,-1.4,34.916356822457));
#3767=CARTESIAN_POINT('',(90.3648031682247,-1.4,19.3324814127195));
#3768=CARTESIAN_POINT('',(90.3648031682247,-1.4,19.6694894527917));
#3769=CARTESIAN_POINT('',(126.024126329132,-1.4,19.3324814127195));
#3770=CARTESIAN_POINT('',(45.1823947638503,-1.4,19.3324814127195));
#3771=CARTESIAN_POINT('',(126.390882032301,-1.4,18.1781361147833));
#3772=CARTESIAN_POINT('Origin',(124.390882032301,-1.4,18.1781361147833));
#3773=CARTESIAN_POINT('',(126.390882032301,-1.4,-38.8336849740761));
#3774=CARTESIAN_POINT('',(126.390882032301,-1.4,-21.1278648478379));
#3775=CARTESIAN_POINT('',(106.390882032301,-1.4,-38.8336849740761));
#3776=CARTESIAN_POINT('',(63.1954341958883,-1.4,-38.8336849740761));
#3777=CARTESIAN_POINT('',(106.390882032301,-1.4,-39.833684974076));
#3778=CARTESIAN_POINT('',(106.390882032301,-1.4,-18.1332283628473));
#3779=CARTESIAN_POINT('',(104.390882032301,-1.4,-41.8336849740761));
#3780=CARTESIAN_POINT('Origin',(104.390882032301,-1.4,-39.833684974076));
#3781=CARTESIAN_POINT('',(53.1954341958882,-1.4,-41.833684974076));
#3782=CARTESIAN_POINT('',(86.7298369570902,-1.4,-40.3687271483072));
#3783=CARTESIAN_POINT('Origin',(88.9823498250348,-1.4,-40.8336849740761));
#3784=CARTESIAN_POINT('',(85.4823498250348,-1.4,-41.8336849740761));
#3785=CARTESIAN_POINT('Origin',(84.7711301153992,-1.4,-39.9644159954647));
#3786=CARTESIAN_POINT('',(9.99865245688524,-1.4,-31.0971506930306));
#3787=CARTESIAN_POINT('',(40.4936299505025,-1.4,-35.4346484928943));
#3788=CARTESIAN_POINT('',(4.99931940817677,-1.4,-31.0971506930294));
#3789=CARTESIAN_POINT('',(101.500024180946,-1.4,-28.204270040034));
#3790=CARTESIAN_POINT('',(-51.7502374882652,-1.4,-28.204270040034));
#3791=CARTESIAN_POINT('',(103.500024180946,-1.4,-26.204270040034));
#3792=CARTESIAN_POINT('Origin',(101.500024180946,-1.4,-26.204270040034));
#3793=CARTESIAN_POINT('',(103.500024180946,-1.4,11.795729959966));
#3794=CARTESIAN_POINT('',(103.500024180946,-1.4,-12.8185208958263));
#3795=CARTESIAN_POINT('',(101.500024180946,-1.4,13.795729959966));
#3796=CARTESIAN_POINT('Origin',(101.500024180946,-1.4,11.795729959966));
#3797=CARTESIAN_POINT('',(19.5000241809461,-1.4,13.7957299599661));
#3798=CARTESIAN_POINT('',(51.750005270211,-1.4,13.795729959966));
#3799=CARTESIAN_POINT('',(17.5000241809461,-1.4,11.7957299599661));
#3800=CARTESIAN_POINT('Origin',(19.5000241809461,-1.4,11.7957299599661));
#3801=CARTESIAN_POINT('',(17.5000241809461,-1.4,4.40284930696943));
#3802=CARTESIAN_POINT('',(17.5000241809461,-1.4,8.18147910417374));
#3803=CARTESIAN_POINT('',(-17.5000241809461,-1.4,4.40284930696943));
#3804=CARTESIAN_POINT('',(8.75000527021103,-1.4,4.40284930696943));
#3805=CARTESIAN_POINT('',(-17.5000241809461,-1.4,11.7957299599661));
#3806=CARTESIAN_POINT('',(-17.5000241809461,-1.4,3.48503877767543));
#3807=CARTESIAN_POINT('',(-19.5000241809461,-1.4,13.7957299599661));
#3808=CARTESIAN_POINT('Origin',(-19.5000241809461,-1.4,11.7957299599661));
#3809=CARTESIAN_POINT('',(-101.500461336006,-1.4,13.795729959966));
#3810=CARTESIAN_POINT('',(-8.75001891073503,-1.4,13.7957299599661));
#3811=CARTESIAN_POINT('',(-103.500461336006,-1.4,11.795729959966));
#3812=CARTESIAN_POINT('Origin',(-101.500461336006,-1.4,11.795729959966));
#3813=CARTESIAN_POINT('',(-103.500461336006,-1.4,-26.204270040034));
#3814=CARTESIAN_POINT('',(-103.500461336006,-1.4,8.18147910417373));
#3815=CARTESIAN_POINT('',(-101.500461336006,-1.4,-28.204270040034));
#3816=CARTESIAN_POINT('Origin',(-101.500461336006,-1.4,-26.204270040034));
#3817=CARTESIAN_POINT('',(-51.7502374882652,-1.4,-28.204270040034));
#3818=CARTESIAN_POINT('',(-9.99865413426178,-1.4,-31.0971506914385));
#3819=CARTESIAN_POINT('',(-6.93633498092548E-6,-1.4,-31.0971506930283));
#3820=CARTESIAN_POINT('',(-84.5048556718507,-1.4,-41.6911480620201));
#3821=CARTESIAN_POINT('',(-2.75247588678276,-1.4,-30.0668204408508));
#3822=CARTESIAN_POINT('',(-86.7182407435648,-1.4,-40.2287533572405));
#3823=CARTESIAN_POINT('Origin',(-84.7864027182421,-1.4,-39.7110644121032));
#3824=CARTESIAN_POINT('',(-91.1767941583542,-1.4,-40.2892116916111));
#3825=CARTESIAN_POINT('Origin',(-88.9398544726859,-1.4,-40.8240956441485));
#3826=CARTESIAN_POINT('',(-93.121959102414,-1.4,-41.8240952111438));
#3827=CARTESIAN_POINT('Origin',(-93.1219591024137,-1.4,-39.8240952111438));
#3828=CARTESIAN_POINT('',(-104.390890952277,-1.4,-41.8240952111417));
#3829=CARTESIAN_POINT('',(-45.6199340553947,-1.4,-41.8240952111524));
#3830=CARTESIAN_POINT('',(-106.390890952277,-1.4,-39.8240952111417));
#3831=CARTESIAN_POINT('Origin',(-104.390890952277,-1.4,-39.8240952111417));
#3832=CARTESIAN_POINT('',(-106.390890952277,-1.4,-38.8240952111377));
#3833=CARTESIAN_POINT('',(-106.390890952277,-1.4,-19.6284334813781));
#3834=CARTESIAN_POINT('',(-126.390890952277,-1.4,-38.8240952111377));
#3835=CARTESIAN_POINT('',(-53.1954522964003,-1.4,-38.8240952111377));
#3836=CARTESIAN_POINT('',(-126.390882591205,-1.4,18.1781373852363));
#3837=CARTESIAN_POINT('',(-126.390882591205,-1.4,10.9498554744596));
#3838=CARTESIAN_POINT('',(-126.024126875762,-1.4,19.3324827005395));
#3839=CARTESIAN_POINT('Origin',(-124.390882591205,-1.4,18.1781373852363));
#3840=CARTESIAN_POINT('',(-90.3648026318679,-1.4,19.3324827005395));
#3841=CARTESIAN_POINT('',(-63.1954481158647,-1.4,19.3324827005395));
#3842=CARTESIAN_POINT('',(-90.3648026318679,-1.4,34.9163581133885));
#3843=CARTESIAN_POINT('',(-90.3648026318679,-1.4,10.9498554744605));
#3844=CARTESIAN_POINT('',(-88.514621815569,-1.4,36.9107387721884));
#3845=CARTESIAN_POINT('Origin',(-88.3648026318679,-1.4,34.9163581133885));
#3846=CARTESIAN_POINT('',(-70.6891793846868,-1.4,38.2497977037528));
#3847=CARTESIAN_POINT('',(-46.7134706670399,-1.4,40.0508686742736));
#3848=CARTESIAN_POINT('',(-9.51428863485095,-1.4,46.9482251114468));
#3849=CARTESIAN_POINT('',(-38.5315972875998,-1.4,42.8222683702284));
#3850=CARTESIAN_POINT('',(-9.23274152299057,-1.4,46.9681414708389));
#3851=CARTESIAN_POINT('Origin',(-9.23274152299057,-1.4,44.9681414708389));
#3852=CARTESIAN_POINT('',(-4.1821047332653,-1.4,46.9681414708389));
#3853=CARTESIAN_POINT('',(-4.68711657552808,-1.4,46.9681414708389));
#3854=CARTESIAN_POINT('Origin',(-4.1821047332653,-1.4,44.9681414708389));
#3855=CARTESIAN_POINT('Origin',(88.9823498250348,0.,-40.8336849740761));
#3856=CARTESIAN_POINT('',(86.7298369570902,2.6,-40.3687271483072));
#3857=CARTESIAN_POINT('Origin',(88.9823498250348,2.6,-40.8336849740761));
#3858=CARTESIAN_POINT('',(86.7298369570902,1.6,-40.3687271483072));
#3859=CARTESIAN_POINT('Origin',(84.7711301153992,1.6,-39.9644159954647));
#3860=CARTESIAN_POINT('',(85.4823498250348,2.6,-41.8336849740761));
#3861=CARTESIAN_POINT('Origin',(84.7711301153992,2.6,-39.9644159954647));
#3862=CARTESIAN_POINT('',(85.4823498250348,1.6,-41.8336849740761));
#3863=CARTESIAN_POINT('Origin',(-104.390890952277,0.,-39.8240952111417));
#3864=CARTESIAN_POINT('',(-104.390890952277,2.6,-41.8240952111417));
#3865=CARTESIAN_POINT('',(-104.390890952277,0.,-41.8240952111417));
#3866=CARTESIAN_POINT('',(-106.390890952277,2.6,-39.8240952111417));
#3867=CARTESIAN_POINT('Origin',(-104.390890952277,2.6,-39.8240952111417));
#3868=CARTESIAN_POINT('',(-106.390890952277,0.,-39.8240952111417));
#3869=CARTESIAN_POINT('Origin',(-106.390890952277,0.,-41.8240952111414));
#3870=CARTESIAN_POINT('',(-93.121959102414,2.6,-41.8240952111438));
#3871=CARTESIAN_POINT('',(-93.121959102414,0.,-41.8240952111438));
#3872=CARTESIAN_POINT('',(-85.4398556289079,2.6,-41.8240952111452));
#3873=CARTESIAN_POINT('Origin',(104.390882032301,0.,-39.833684974076));
#3874=CARTESIAN_POINT('',(106.390882032301,2.6,-39.833684974076));
#3875=CARTESIAN_POINT('',(106.390882032301,0.,-39.833684974076));
#3876=CARTESIAN_POINT('',(104.390882032301,2.6,-41.8336849740761));
#3877=CARTESIAN_POINT('Origin',(104.390882032301,2.6,-39.833684974076));
#3878=CARTESIAN_POINT('',(104.390882032301,0.,-41.8336849740761));
#3879=CARTESIAN_POINT('Origin',(106.390882032301,0.,-41.8336849740761));
#3880=CARTESIAN_POINT('',(106.390882032301,2.6,-38.8336849740761));
#3881=CARTESIAN_POINT('',(106.390882032301,1.6,-38.8336849740761));
#3882=CARTESIAN_POINT('',(106.390882032301,2.6,-41.8336849740761));
#3883=CARTESIAN_POINT('Origin',(101.500024180946,0.,11.795729959966));
#3884=CARTESIAN_POINT('',(101.500024180946,-5.,13.795729959966));
#3885=CARTESIAN_POINT('',(103.500024180946,-5.,11.795729959966));
#3886=CARTESIAN_POINT('Origin',(101.500024180946,-5.,11.795729959966));
#3887=CARTESIAN_POINT('',(101.500024180946,0.,13.795729959966));
#3888=CARTESIAN_POINT('',(103.500024180946,0.,11.795729959966));
#3889=CARTESIAN_POINT('Origin',(103.500024180946,0.,13.795729959966));
#3890=CARTESIAN_POINT('',(19.5000241809461,-5.,13.7957299599661));
#3891=CARTESIAN_POINT('',(103.500024180946,-5.,13.795729959966));
#3892=CARTESIAN_POINT('',(19.5000241809461,0.,13.7957299599661));
#3893=CARTESIAN_POINT('Origin',(19.5000241809461,0.,11.7957299599661));
#3894=CARTESIAN_POINT('',(17.5000241809461,-5.,11.7957299599661));
#3895=CARTESIAN_POINT('Origin',(19.5000241809461,-5.,11.7957299599661));
#3896=CARTESIAN_POINT('',(17.5000241809461,0.,11.7957299599661));
#3897=CARTESIAN_POINT('Origin',(17.5000241809461,0.,13.7957299599661));
#3898=CARTESIAN_POINT('',(17.5000241809461,-5.,4.40284930696943));
#3899=CARTESIAN_POINT('',(17.5000241809461,-5.,13.7957299599661));
#3900=CARTESIAN_POINT('',(17.5000241809461,0.,4.40284930696943));
#3901=CARTESIAN_POINT('Origin',(-19.5000241809461,0.,11.7957299599661));
#3902=CARTESIAN_POINT('',(-19.5000241809461,-5.,13.7957299599661));
#3903=CARTESIAN_POINT('',(-17.5000241809461,-5.,11.7957299599661));
#3904=CARTESIAN_POINT('Origin',(-19.5000241809461,-5.,11.7957299599661));
#3905=CARTESIAN_POINT('',(-19.5000241809461,0.,13.7957299599661));
#3906=CARTESIAN_POINT('',(-17.5000241809461,0.,11.7957299599661));
#3907=CARTESIAN_POINT('Origin',(-17.5000241809461,0.,13.7957299599661));
#3908=CARTESIAN_POINT('',(-101.500461336006,-5.,13.795729959966));
#3909=CARTESIAN_POINT('',(-103.500461336006,-5.,13.795729959966));
#3910=CARTESIAN_POINT('',(-101.500461336006,0.,13.795729959966));
#3911=CARTESIAN_POINT('Origin',(-101.500461336006,0.,11.795729959966));
#3912=CARTESIAN_POINT('',(-103.500461336006,-5.,11.795729959966));
#3913=CARTESIAN_POINT('Origin',(-101.500461336006,-5.,11.795729959966));
#3914=CARTESIAN_POINT('',(-103.500461336006,0.,11.795729959966));
#3915=CARTESIAN_POINT('Origin',(-103.500461336006,0.,13.795729959966));
#3916=CARTESIAN_POINT('',(-103.500461336006,-5.,-26.204270040034));
#3917=CARTESIAN_POINT('',(-103.500461336006,-5.,-28.204270040034));
#3918=CARTESIAN_POINT('',(-103.500461336006,0.,-26.204270040034));
#3919=CARTESIAN_POINT('Origin',(-101.500461336006,0.,-26.204270040034));
#3920=CARTESIAN_POINT('',(-101.500461336006,-5.,-28.204270040034));
#3921=CARTESIAN_POINT('Origin',(-101.500461336006,-5.,-26.204270040034));
#3922=CARTESIAN_POINT('',(-101.500461336006,0.,-28.204270040034));
#3923=CARTESIAN_POINT('Origin',(-103.500461336006,0.,-28.204270040034));
#3924=CARTESIAN_POINT('',(101.500024180946,-5.,-28.204270040034));
#3925=CARTESIAN_POINT('',(17.5000241809461,-5.,-28.204270040034));
#3926=CARTESIAN_POINT('',(101.500024180946,0.,-28.204270040034));
#3927=CARTESIAN_POINT('Origin',(101.500024180946,0.,-26.204270040034));
#3928=CARTESIAN_POINT('',(103.500024180946,-5.,-26.204270040034));
#3929=CARTESIAN_POINT('Origin',(101.500024180946,-5.,-26.204270040034));
#3930=CARTESIAN_POINT('',(103.500024180946,0.,-26.204270040034));
#3931=CARTESIAN_POINT('Origin',(-0.000218577530173292,-5.,-7.20427004003396));
#3932=CARTESIAN_POINT('',(103.500024180946,-5.,-28.204270040034));
#3933=CARTESIAN_POINT('',(-17.5000241809461,-5.,4.40284930696943));
#3934=CARTESIAN_POINT('',(-17.5000241809461,-5.,13.7957299599661));
#3935=CARTESIAN_POINT('',(17.5000241809461,-5.,4.40284930696943));
#3936=CARTESIAN_POINT('',(-15.0280925138398,-5.,-2.4506992158554));
#3937=CARTESIAN_POINT('Origin',(-15.0280925138398,-5.,-1.6391992158554));
#3938=CARTESIAN_POINT('',(15.0280925138398,-5.,-26.3587030055705));
#3939=CARTESIAN_POINT('Origin',(15.0280925138398,-5.,-25.5472030055705));
#3940=CARTESIAN_POINT('',(-15.0280925138398,-5.,-26.3587030055705));
#3941=CARTESIAN_POINT('Origin',(-15.0280925138398,-5.,-25.5472030055705));
#3942=CARTESIAN_POINT('',(15.0280925138398,-5.,-2.4506992158554));
#3943=CARTESIAN_POINT('Origin',(15.0280925138398,-5.,-1.6391992158554));
#3944=CARTESIAN_POINT('Origin',(88.3648031682247,0.,34.916356822457));
#3945=CARTESIAN_POINT('',(88.514622381016,2.6,36.9107374790716));
#3946=CARTESIAN_POINT('',(88.514622381016,0.,36.9107374790716));
#3947=CARTESIAN_POINT('',(90.3648031682247,2.6,34.916356822457));
#3948=CARTESIAN_POINT('Origin',(88.3648031682247,2.6,34.916356822457));
#3949=CARTESIAN_POINT('',(90.3648031682247,0.,34.916356822457));
#3950=CARTESIAN_POINT('Origin',(90.3648031682247,0.,36.7717506572019));
#3951=CARTESIAN_POINT('',(70.6891799426025,2.6,38.2497966726728));
#3952=CARTESIAN_POINT('',(70.6891799426025,1.6,38.2497966726728));
#3953=CARTESIAN_POINT('',(90.3648031682247,2.6,36.7717506572019));
#3954=CARTESIAN_POINT('Origin',(-84.7864027182421,0.,-39.7110644121032));
#3955=CARTESIAN_POINT('',(-84.5048556718507,2.6,-41.6911480620201));
#3956=CARTESIAN_POINT('',(-86.7182407435648,2.6,-40.2287533572405));
#3957=CARTESIAN_POINT('Origin',(-84.7864027182421,2.6,-39.7110644121032));
#3958=CARTESIAN_POINT('',(-86.7182407435648,0.,-40.2287533572405));
#3959=CARTESIAN_POINT('',(-84.5048556718507,0.,-41.6911480620201));
#3960=CARTESIAN_POINT('Origin',(-85.4398556289079,0.,-41.8240952111452));
#3961=CARTESIAN_POINT('',(-9.99865413426178,2.6,-31.0971506914385));
#3962=CARTESIAN_POINT('',(-9.99865413426178,1.6,-31.0971506914385));
#3963=CARTESIAN_POINT('',(-9.99865413426178,2.6,-31.0971506914385));
#3964=CARTESIAN_POINT('Origin',(-88.9398544726859,0.,-40.8240956441485));
#3965=CARTESIAN_POINT('',(-91.1767941583542,2.6,-40.2892116916111));
#3966=CARTESIAN_POINT('Origin',(-88.9398544726859,2.6,-40.8240956441485));
#3967=CARTESIAN_POINT('',(-91.1767941583542,0.,-40.2892116916111));
#3968=CARTESIAN_POINT('Origin',(-93.1219591024137,0.,-39.8240952111438));
#3969=CARTESIAN_POINT('Origin',(-93.1219591024137,2.6,-39.8240952111438));
#3970=CARTESIAN_POINT('Origin',(-88.3648026318679,0.,34.9163581133885));
#3971=CARTESIAN_POINT('',(-90.3648026318679,2.6,34.9163581133885));
#3972=CARTESIAN_POINT('',(-90.3648026318679,0.,34.9163581133885));
#3973=CARTESIAN_POINT('',(-88.514621815569,2.6,36.9107387721884));
#3974=CARTESIAN_POINT('Origin',(-88.3648026318679,2.6,34.9163581133885));
#3975=CARTESIAN_POINT('',(-88.514621815569,0.,36.9107387721884));
#3976=CARTESIAN_POINT('Origin',(-90.3648026318679,0.,36.7717519752727));
#3977=CARTESIAN_POINT('',(-90.3648026318679,2.6,19.3324827005395));
#3978=CARTESIAN_POINT('',(-90.3648026318679,1.6,19.3324827005395));
#3979=CARTESIAN_POINT('',(-90.3648026318679,2.6,19.3324827005395));
#3980=CARTESIAN_POINT('Origin',(-9.23274152299057,0.,44.9681414708389));
#3981=CARTESIAN_POINT('',(-9.51428863485095,2.6,46.9482251114468));
#3982=CARTESIAN_POINT('',(-9.51428863485095,0.,46.9482251114468));
#3983=CARTESIAN_POINT('',(-9.23274152299057,2.6,46.9681414708389));
#3984=CARTESIAN_POINT('Origin',(-9.23274152299057,2.6,44.9681414708389));
#3985=CARTESIAN_POINT('',(-9.23274152299057,0.,46.9681414708389));
#3986=CARTESIAN_POINT('Origin',(3.425411843061E-7,0.,46.9681414708389));
#3987=CARTESIAN_POINT('',(-4.1821047332653,2.6,46.9681414708389));
#3988=CARTESIAN_POINT('',(-9.37421951053224,2.6,46.9681414708389));
#3989=CARTESIAN_POINT('',(-4.1821047332653,0.,46.9681414708389));
#3990=CARTESIAN_POINT('Origin',(-4.1821047332653,0.,44.9681414708389));
#3991=CARTESIAN_POINT('Origin',(-4.1821047332653,2.6,44.9681414708389));
#3992=CARTESIAN_POINT('Origin',(-124.390882591205,0.,-42.824094473063));
#3993=CARTESIAN_POINT('',(-126.390882591205,2.6,-42.824094473063));
#3994=CARTESIAN_POINT('',(-124.390882670647,2.6,-44.824094473063));
#3995=CARTESIAN_POINT('Origin',(-124.390882591205,2.6,-42.824094473063));
#3996=CARTESIAN_POINT('',(-124.390882670647,-13.,-44.824094473063));
#3997=CARTESIAN_POINT('',(-124.390882670647,0.,-44.824094473063));
#3998=CARTESIAN_POINT('',(-126.390882591205,-13.,-42.824094473063));
#3999=CARTESIAN_POINT('Origin',(-124.390882591205,-13.,-42.824094473063));
#4000=CARTESIAN_POINT('',(-126.390882591205,0.,-42.824094473063));
#4001=CARTESIAN_POINT('Origin',(-1.36405240169779E-5,2.6,-37.9606233600541));
#4002=CARTESIAN_POINT('',(85.4823498250348,2.6,-41.8336849740761));
#4003=CARTESIAN_POINT('',(126.390882032301,2.6,-38.8336849740761));
#4004=CARTESIAN_POINT('',(106.390882032301,2.6,-38.8336849740761));
#4005=CARTESIAN_POINT('',(126.390882032301,2.6,-42.8230126557172));
#4006=CARTESIAN_POINT('',(126.390882032301,2.6,-46.3229725095187));
#4007=CARTESIAN_POINT('',(124.390936744709,2.6,-44.8230126549688));
#4008=CARTESIAN_POINT('Origin',(124.390882032301,2.6,-42.8230126557172));
#4009=CARTESIAN_POINT('',(85.2275431670882,2.6,-44.8240840167605));
#4010=CARTESIAN_POINT('',(85.2275431670882,2.6,-44.8240840167605));
#4011=CARTESIAN_POINT('',(5.99999959745876,2.59999999999991,-44.8240895998942));
#4012=CARTESIAN_POINT('',(-85.227637049418,2.6,-44.8240960286698));
#4013=CARTESIAN_POINT('',(5.99999959745876,2.6,-42.3923596943619));
#4014=CARTESIAN_POINT('',(-6.00000040254124,2.59999999999991,-44.8240904455295));
#4015=CARTESIAN_POINT('',(-6.00000040254124,2.6,-42.3923596943619));
#4016=CARTESIAN_POINT('',(-85.227637049418,2.6,-44.8240960286698));
#4017=CARTESIAN_POINT('',(-85.227637049418,2.6,-44.8240960286698));
#4018=CARTESIAN_POINT('',(-85.227637049418,2.6,-44.8240960286698));
#4019=CARTESIAN_POINT('',(-126.390890952277,2.6,-41.8240952111377));
#4020=CARTESIAN_POINT('',(-126.390882591205,2.6,-44.8240943936208));
#4021=CARTESIAN_POINT('',(-126.390890952277,2.6,-38.8240952111377));
#4022=CARTESIAN_POINT('',(-126.390890952277,2.6,-38.8240952111377));
#4023=CARTESIAN_POINT('',(-106.390890952277,2.6,-38.8240952111377));
#4024=CARTESIAN_POINT('',(-106.390890952277,2.6,-38.8240952111377));
#4025=CARTESIAN_POINT('',(-106.390890952277,2.6,-41.8240952111377));
#4026=CARTESIAN_POINT('',(-2.26793191451184E-7,2.6,-31.0971506930283));
#4027=CARTESIAN_POINT('',(-2.26793191451184E-7,2.6,-31.0971506930283));
#4028=CARTESIAN_POINT('',(9.99865245688523,2.6,-31.0971506930306));
#4029=CARTESIAN_POINT('',(-2.26793191451184E-7,2.6,-31.0971506930283));
#4030=CARTESIAN_POINT('',(9.99865245688523,2.6,-31.0971506930306));
#4031=CARTESIAN_POINT('',(87.9823498250349,2.6,-40.8336849740761));
#4032=CARTESIAN_POINT('Origin',(88.9823498250348,2.6,-40.8336849740761));
#4033=CARTESIAN_POINT('',(-89.9398544726859,2.6,-40.8240956441485));
#4034=CARTESIAN_POINT('Origin',(-88.9398544726859,2.6,-40.8240956441485));
#4035=CARTESIAN_POINT('Origin',(-126.390882591205,0.,19.3324827005395));
#4036=CARTESIAN_POINT('',(-126.390882591205,-13.,-8.38202933942469));
#4037=CARTESIAN_POINT('',(-126.390882591205,-13.,10.8272527538839));
#4038=CARTESIAN_POINT('',(-126.390882591205,-8.31672599432709,18.1781373852363));
#4039=CARTESIAN_POINT('',(-126.390882591205,-9.3486519639692,12.3257943944136));
#4040=CARTESIAN_POINT('',(-126.390882591205,0.,18.1781373852363));
#4041=CARTESIAN_POINT('',(-126.390890952277,0.,-38.8240952111377));
#4042=CARTESIAN_POINT('',(-126.390882591205,0.8,-38.8240952111377));
#4043=CARTESIAN_POINT('',(-126.390890952277,1.6,-38.8240952111377));
#4044=CARTESIAN_POINT('',(-126.390890952277,0.,-38.8240952111377));
#4045=CARTESIAN_POINT('',(-126.390890952277,0.,-38.8240952111377));
#4046=CARTESIAN_POINT('Origin',(-124.390882591205,0.,18.1781373852363));
#4047=CARTESIAN_POINT('',(-125.391344039506,-8.01136569600678,19.9099216935333));
#4048=CARTESIAN_POINT('Origin',(-124.390882591205,-8.31672599432708,18.1781373852363));
#4049=CARTESIAN_POINT('',(-125.391344039506,2.6,19.9099216935333));
#4050=CARTESIAN_POINT('',(-125.391344039506,0.,19.9099216935333));
#4051=CARTESIAN_POINT('',(-126.024126875762,2.6,19.3324827005395));
#4052=CARTESIAN_POINT('Origin',(-124.390882591205,2.6,18.1781373852363));
#4053=CARTESIAN_POINT('',(-126.024126875762,0.,19.3324827005395));
#4054=CARTESIAN_POINT('Origin',(-2.79452603280106E-7,-10.8287625828844,
3.93166995033652));
#4055=CARTESIAN_POINT('',(126.3908820323,-13.,-8.38202933942469));
#4056=CARTESIAN_POINT('',(-2.79452598839214E-7,-13.,-8.3820293394247));
#4057=CARTESIAN_POINT('',(126.3908820323,-8.31672621834223,18.1781361147833));
#4058=CARTESIAN_POINT('',(126.3908820323,-14.8342652150656,-18.7846643059836));
#4059=CARTESIAN_POINT('',(125.391343503162,-8.01136592232005,19.909920410047));
#4060=CARTESIAN_POINT('Origin',(124.390882032301,-8.31672621834223,18.1781361147833));
#4061=CARTESIAN_POINT('',(93.0958939081812,-4.72158727818527,38.5671822250952));
#4062=CARTESIAN_POINT('',(82.4797902544742,-3.64017700144727,44.7001646671072));
#4063=CARTESIAN_POINT('',(92.3510346307149,-4.67718543933305,38.8189975665353));
#4064=CARTESIAN_POINT('Origin',(92.0954324373198,-5.02694757420745,36.8353979298315));
#4065=CARTESIAN_POINT('',(9.83567813211645,-2.80234588434746,49.4517410494253));
#4066=CARTESIAN_POINT('',(49.3778805814115,-3.70078816695998,44.3564216660691));
#4067=CARTESIAN_POINT('',(9.58007595330739,-2.79945405780493,49.4681414127214));
#4068=CARTESIAN_POINT('Origin',(9.58007593872129,-3.15210801922186,47.4681414127214));
#4069=CARTESIAN_POINT('',(3.60773818356916E-7,-2.79945404548532,49.4681414825894));
#4070=CARTESIAN_POINT('',(4.85420162771757,-2.79945405172763,49.4681414471875));
#4071=CARTESIAN_POINT('',(-9.58007523992503,-2.79945404548531,49.4681414825894));
#4072=CARTESIAN_POINT('',(4.06606076586158E-8,-2.79945404548531,49.4681414825894));
#4073=CARTESIAN_POINT('',(-9.83567740272351,-2.80234587133266,49.4517411232359));
#4074=CARTESIAN_POINT('Origin',(-9.58007523992503,-3.15210800690225,47.4681414825894));
#4075=CARTESIAN_POINT('',(-92.3510340619804,-4.6771852018158,38.8189989135626));
#4076=CARTESIAN_POINT('',(-7.87880253325092,-2.75788352979215,49.7038995924722));
#4077=CARTESIAN_POINT('',(-93.0958933474828,-4.72158703906507,38.5671835812132));
#4078=CARTESIAN_POINT('Origin',(-92.0954318991819,-5.02694733738538,36.8353992729162));
#4079=CARTESIAN_POINT('',(-65.7885592441761,-1.9399232757158,54.3427827105853));
#4080=CARTESIAN_POINT('Origin',(-92.0954318991819,0.,36.8353992729162));
#4081=CARTESIAN_POINT('',(-92.3510340619804,2.6,38.8189989135626));
#4082=CARTESIAN_POINT('',(-93.0958933474828,2.6,38.5671835812132));
#4083=CARTESIAN_POINT('Origin',(-92.0954318991819,2.6,36.8353992729162));
#4084=CARTESIAN_POINT('',(-93.0958933474828,0.,38.5671835812132));
#4085=CARTESIAN_POINT('',(-92.3510340619804,0.,38.8189989135626));
#4086=CARTESIAN_POINT('Origin',(-2.79452478935127E-7,2.6,34.4003114476545));
#4087=CARTESIAN_POINT('',(-70.6891793846868,2.6,38.2497977037528));
#4088=CARTESIAN_POINT('',(-70.6891793846868,2.6,38.2497977037528));
#4089=CARTESIAN_POINT('',(-70.6891793846868,2.6,38.2497977037528));
#4090=CARTESIAN_POINT('',(-90.3648026318679,2.6,19.3324827005395));
#4091=CARTESIAN_POINT('',(-126.390882591205,2.6,19.3324827005395));
#4092=CARTESIAN_POINT('',(-9.83567740272351,2.6,49.4517411232359));
#4093=CARTESIAN_POINT('',(-92.7487056435339,2.6,38.7677558530953));
#4094=CARTESIAN_POINT('',(-9.58007523992503,2.6,49.4681414825894));
#4095=CARTESIAN_POINT('Origin',(-9.58007523992503,2.6,47.4681414825894));
#4096=CARTESIAN_POINT('',(3.60773810825776E-7,2.6,49.4681414825894));
#4097=CARTESIAN_POINT('',(-9.70840247451478,2.6,49.4681414825894));
#4098=CARTESIAN_POINT('',(9.58007595330739,2.6,49.4681414127214));
#4099=CARTESIAN_POINT('',(3.60773818356916E-7,2.6,49.4681414825894));
#4100=CARTESIAN_POINT('',(9.83567813211645,2.6,49.4517410494253));
#4101=CARTESIAN_POINT('Origin',(9.58007593872129,2.6,47.4681414127214));
#4102=CARTESIAN_POINT('',(92.351034630715,2.6,38.8189975665353));
#4103=CARTESIAN_POINT('',(9.70840319606242,2.6,49.4681414117855));
#4104=CARTESIAN_POINT('',(93.0958939081812,2.6,38.5671822250952));
#4105=CARTESIAN_POINT('Origin',(92.0954324373198,2.6,36.8353979298315));
#4106=CARTESIAN_POINT('',(125.391343503162,2.6,19.909920410047));
#4107=CARTESIAN_POINT('',(126.390882032301,2.6,19.3324814127195));
#4108=CARTESIAN_POINT('',(126.024126329132,2.6,19.3324814127195));
#4109=CARTESIAN_POINT('Origin',(124.390882032301,2.6,18.1781361147833));
#4110=CARTESIAN_POINT('',(90.3648031682247,2.6,19.3324814127195));
#4111=CARTESIAN_POINT('',(126.390882032301,2.6,19.3324814127195));
#4112=CARTESIAN_POINT('',(90.3648031682247,2.6,36.7717506572019));
#4113=CARTESIAN_POINT('',(70.6891799426025,2.6,38.2497966726728));
#4114=CARTESIAN_POINT('',(-1.,2.6,45.9681414708389));
#4115=CARTESIAN_POINT('Origin',(0.,2.6,45.9681414708389));
#4116=CARTESIAN_POINT('Origin',(-9.70840247451479,0.,49.4681414825894));
#4117=CARTESIAN_POINT('',(-9.83567740272351,0.,49.4517411232359));
#4118=CARTESIAN_POINT('Origin',(-9.58007523992503,0.,47.4681414825894));
#4119=CARTESIAN_POINT('',(-9.58007523992503,0.,49.4681414825894));
#4120=CARTESIAN_POINT('Origin',(9.58007593872129,0.,47.4681414127214));
#4121=CARTESIAN_POINT('',(9.58007595330739,0.,49.4681414127214));
#4122=CARTESIAN_POINT('',(9.83567813211645,0.,49.4517410494253));
#4123=CARTESIAN_POINT('Origin',(92.7487062090046,0.,38.7677545002527));
#4124=CARTESIAN_POINT('',(92.3510346307149,0.,38.8189975665353));
#4125=CARTESIAN_POINT('Origin',(92.0954324373198,0.,36.8353979298315));
#4126=CARTESIAN_POINT('',(93.0958939081812,0.,38.5671822250952));
#4127=CARTESIAN_POINT('Origin',(126.390882032301,0.,19.3324814127195));
#4128=CARTESIAN_POINT('',(125.391343503162,0.,19.909920410047));
#4129=CARTESIAN_POINT('Origin',(124.390882032301,0.,18.1781361147833));
#4130=CARTESIAN_POINT('',(126.390882032301,0.,18.1781361147833));
#4131=CARTESIAN_POINT('',(126.024126329132,0.,19.3324814127195));
#4132=CARTESIAN_POINT('Origin',(126.390882032301,0.,-44.8229579440572));
#4133=CARTESIAN_POINT('',(126.390882032301,-13.,-42.8230126557172));
#4134=CARTESIAN_POINT('',(126.390882032301,-13.,-21.2504675684135));
#4135=CARTESIAN_POINT('',(126.390882032301,0.,-42.8230126557172));
#4136=CARTESIAN_POINT('',(126.390882032301,0.8,-38.8336849740761));
#4137=CARTESIAN_POINT('Origin',(124.390882032301,0.,-42.8230126557172));
#4138=CARTESIAN_POINT('',(124.390936744709,-13.,-44.8230126549688));
#4139=CARTESIAN_POINT('Origin',(124.390882032301,-13.,-42.8230126557172));
#4140=CARTESIAN_POINT('',(124.390936744709,0.,-44.8230126549688));
#4141=CARTESIAN_POINT('Origin',(85.2275431670882,0.,-44.8240840167605));
#4142=CARTESIAN_POINT('',(85.2275431670882,-13.,-44.8240840167605));
#4143=CARTESIAN_POINT('',(42.6144163449705,-13.,-44.8252497501591));
#4144=CARTESIAN_POINT('',(85.2275431670882,0.,-44.8240840167605));
#4145=CARTESIAN_POINT('Origin',(-2.79452594398322E-7,-13.,2.32202280723019));
#4146=CARTESIAN_POINT('',(-85.227637049418,-13.,-44.8240960286698));
#4147=CARTESIAN_POINT('',(-63.1954423716762,-13.,-44.8240969038125));
#4148=CARTESIAN_POINT('',(-42.6138170032513,-13.,-44.8240930256907));
#4149=CARTESIAN_POINT('Origin',(15.0280925138398,-9.24379919617043,-1.6391992158554));
#4150=CARTESIAN_POINT('',(15.0280925138398,-9.,-2.4506992158554));
#4151=CARTESIAN_POINT('Origin',(15.0280925138398,-9.,-1.6391992158554));
#4152=CARTESIAN_POINT('',(15.0280925138398,-9.48759839234087,-1.6391992158554));
#4153=CARTESIAN_POINT('',(15.0280925138398,-9.24379919617043,-2.0449492158554));
#4154=CARTESIAN_POINT('Origin',(15.0280925138398,-7.,-1.6391992158554));
#4155=CARTESIAN_POINT('',(15.0280925138398,-7.,-2.4506992158554));
#4156=CARTESIAN_POINT('Origin',(-15.0280925138398,-9.24379919617043,-25.5472030055705));
#4157=CARTESIAN_POINT('',(-15.0280925138398,-9.,-26.3587030055705));
#4158=CARTESIAN_POINT('Origin',(-15.0280925138398,-9.,-25.5472030055705));
#4159=CARTESIAN_POINT('',(-15.0280925138398,-9.48759839234087,-25.5472030055705));
#4160=CARTESIAN_POINT('',(-15.0280925138398,-9.24379919617043,-25.9529530055705));
#4161=CARTESIAN_POINT('Origin',(-15.0280925138398,-7.,-25.5472030055705));
#4162=CARTESIAN_POINT('',(-15.0280925138398,-7.,-26.3587030055705));
#4163=CARTESIAN_POINT('Origin',(15.0280925138398,-9.24379919617043,-25.5472030055705));
#4164=CARTESIAN_POINT('',(15.0280925138398,-9.,-26.3587030055705));
#4165=CARTESIAN_POINT('Origin',(15.0280925138398,-9.,-25.5472030055705));
#4166=CARTESIAN_POINT('',(15.0280925138398,-9.48759839234087,-25.5472030055705));
#4167=CARTESIAN_POINT('',(15.0280925138398,-9.24379919617043,-25.9529530055705));
#4168=CARTESIAN_POINT('Origin',(15.0280925138398,-7.,-25.5472030055705));
#4169=CARTESIAN_POINT('',(15.0280925138398,-7.,-26.3587030055705));
#4170=CARTESIAN_POINT('Origin',(-15.0280925138398,-9.24379919617043,-1.6391992158554));
#4171=CARTESIAN_POINT('',(-15.0280925138398,-9.,-2.4506992158554));
#4172=CARTESIAN_POINT('Origin',(-15.0280925138398,-9.,-1.6391992158554));
#4173=CARTESIAN_POINT('',(-15.0280925138398,-9.48759839234087,-1.6391992158554));
#4174=CARTESIAN_POINT('',(-15.0280925138398,-9.24379919617043,-2.0449492158554));
#4175=CARTESIAN_POINT('Origin',(-15.0280925138398,-7.,-1.6391992158554));
#4176=CARTESIAN_POINT('',(-15.0280925138398,-7.,-2.4506992158554));
#4177=CARTESIAN_POINT('Origin',(-2.26793191451184E-7,0.,-31.0971506930283));
#4178=CARTESIAN_POINT('',(9.99865245688523,1.6,-31.0971506930306));
#4179=CARTESIAN_POINT('',(-2.26793191451184E-7,0.,-31.0971506930283));
#4180=CARTESIAN_POINT('Origin',(5.99999959745876,-4.20000000000009,-46.8240960286698));
#4181=CARTESIAN_POINT('',(5.99999959745876,-2.10000000000005,-44.8240895998942));
#4182=CARTESIAN_POINT('Origin',(-6.00000040254124,2.59999999999991,-46.8240960286698));
#4183=CARTESIAN_POINT('',(-6.00000040254125,1.29999999999995,-44.8240904455295));
#4184=CARTESIAN_POINT('Origin',(-85.227637049418,0.,-44.8240960286698));
#4185=CARTESIAN_POINT('',(-85.227637049418,0.,-44.8240960286698));
#4186=CARTESIAN_POINT('Origin',(17.5000241809461,0.,4.40284930696943));
#4187=CARTESIAN_POINT('',(-17.5000241809461,0.,4.40284930696943));
#4188=CARTESIAN_POINT('Origin',(-17.5000241809461,0.,4.40284930696943));
#4189=CARTESIAN_POINT('Origin',(103.500024180946,0.,-28.204270040034));
#4190=CARTESIAN_POINT('Origin',(126.390882032301,0.,19.3324814127195));
#4191=CARTESIAN_POINT('',(90.3648031682247,1.6,19.3324814127195));
#4192=CARTESIAN_POINT('Origin',(90.3648031682247,0.,19.3324814127195));
#4193=CARTESIAN_POINT('Origin',(70.6891799426025,0.,38.2497966726728));
#4194=CARTESIAN_POINT('Origin',(-9.3742195105322,0.,46.9681414708389));
#4195=CARTESIAN_POINT('',(-70.6891793846868,1.6,38.2497977037528));
#4196=CARTESIAN_POINT('Origin',(-70.6891793846868,0.,38.2497977037528));
#4197=CARTESIAN_POINT('Origin',(-90.3648026318679,0.,19.3324827005395));
#4198=CARTESIAN_POINT('Origin',(-126.390890952277,0.,-38.8240952111377));
#4199=CARTESIAN_POINT('',(-106.390890952277,1.6,-38.8240952111377));
#4200=CARTESIAN_POINT('Origin',(88.9823498250348,1.6,-40.8336849740761));
#4201=CARTESIAN_POINT('',(87.9823498250349,1.6,-40.8336849740761));
#4202=CARTESIAN_POINT('Origin',(88.9823498250348,1.6,-40.8336849740761));
#4203=CARTESIAN_POINT('Origin',(0.,1.6,45.9681414708389));
#4204=CARTESIAN_POINT('',(-1.,1.6,45.9681414708389));
#4205=CARTESIAN_POINT('Origin',(0.,1.6,45.9681414708389));
#4206=CARTESIAN_POINT('Origin',(-88.9398544726859,1.6,-40.8240956441485));
#4207=CARTESIAN_POINT('',(-89.9398544726859,1.6,-40.8240956441485));
#4208=CARTESIAN_POINT('Origin',(-88.9398544726859,1.6,-40.8240956441485));
#4209=CARTESIAN_POINT('Origin',(-88.9398544726859,0.,-40.8240956441485));
#4210=CARTESIAN_POINT('',(-89.9398544726859,0.,-40.8240956441485));
#4211=CARTESIAN_POINT('Origin',(88.9823498250348,0.,-40.8336849740761));
#4212=CARTESIAN_POINT('',(87.9823498250349,0.,-40.8336849740761));
#4213=CARTESIAN_POINT('Origin',(85.4823498250348,0.,-41.8336849740761));
#4214=CARTESIAN_POINT('Origin',(-9.99865413426178,0.,-31.0971506914385));
#4215=CARTESIAN_POINT('Origin',(-106.390890952277,0.,-38.8240952111377));
#4216=CARTESIAN_POINT('Origin',(106.390882032301,0.,-38.8336849740761));
#4217=CARTESIAN_POINT('Origin',(9.99865245688523,0.,-31.0971506930306));
#4218=CARTESIAN_POINT('Origin',(0.,0.,45.9681414708389));
#4219=CARTESIAN_POINT('',(-1.,0.,45.9681414708389));
#4220=CARTESIAN_POINT('Origin',(-126.390882591204,0.,-44.8240943936208));
#4221=CARTESIAN_POINT('Origin',(-92.7487056435339,0.,38.7677558530953));
#4222=CARTESIAN_POINT('Origin',(3.60773818597337E-7,0.,49.4681414825894));
#4223=CARTESIAN_POINT('',(3.60773818356916E-7,0.,49.4681414825894));
#4224=CARTESIAN_POINT('Origin',(9.70840319606242,0.,49.4681414117855));
#4225=UNCERTAINTY_MEASURE_WITH_UNIT(LENGTH_MEASURE(0.01),#4229,
'DISTANCE_ACCURACY_VALUE',
'Maximum model space distance between geometric entities at asserted c
onnectivities');
#4226=UNCERTAINTY_MEASURE_WITH_UNIT(LENGTH_MEASURE(0.01),#4229,
'DISTANCE_ACCURACY_VALUE',
'Maximum model space distance between geometric entities at asserted c
onnectivities');
#4227=(
GEOMETRIC_REPRESENTATION_CONTEXT(3)
GLOBAL_UNCERTAINTY_ASSIGNED_CONTEXT((#4225))
GLOBAL_UNIT_ASSIGNED_CONTEXT((#4229,#4230,#4231))
REPRESENTATION_CONTEXT('','3D')
);
#4228=(
GEOMETRIC_REPRESENTATION_CONTEXT(3)
GLOBAL_UNCERTAINTY_ASSIGNED_CONTEXT((#4226))
GLOBAL_UNIT_ASSIGNED_CONTEXT((#4229,#4230,#4231))
REPRESENTATION_CONTEXT('','3D')
);
#4229=(
LENGTH_UNIT()
NAMED_UNIT(*)
SI_UNIT(.MILLI.,.METRE.)
);
#4230=(
NAMED_UNIT(*)
PLANE_ANGLE_UNIT()
SI_UNIT($,.RADIAN.)
);
#4231=(
NAMED_UNIT(*)
SI_UNIT($,.STERADIAN.)
SOLID_ANGLE_UNIT()
);
#4232=SHAPE_DEFINITION_REPRESENTATION(#4233,#4234);
#4233=PRODUCT_DEFINITION_SHAPE('',$,#4236);
#4234=SHAPE_REPRESENTATION('',(#2500),#4227);
#4235=PRODUCT_DEFINITION_CONTEXT('part definition',#4240,'design');
#4236=PRODUCT_DEFINITION('2026-05-22-02-35-04-396','carot42',#4237,#4235);
#4237=PRODUCT_DEFINITION_FORMATION('',$,#4242);
#4238=PRODUCT_RELATED_PRODUCT_CATEGORY('carot42','carot42',(#4242));
#4239=APPLICATION_PROTOCOL_DEFINITION('international standard',
'automotive_design',2009,#4240);
#4240=APPLICATION_CONTEXT(
'Core Data for Automotive Mechanical Design Process');
#4241=PRODUCT_CONTEXT('part definition',#4240,'mechanical');
#4242=PRODUCT('2026-05-22-02-35-04-396','carot42',$,(#4241));
#4243=PRESENTATION_STYLE_ASSIGNMENT((#4244));
#4244=SURFACE_STYLE_USAGE(.BOTH.,#4245);
#4245=SURFACE_SIDE_STYLE('',(#4246));
#4246=SURFACE_STYLE_FILL_AREA(#4247);
#4247=FILL_AREA_STYLE('\X2\92FC\X0\ - \X2\30B530C630F3\X0\',(#4248));
#4248=FILL_AREA_STYLE_COLOUR('\X2\92FC\X0\ - \X2\30B530C630F3\X0\',#4249);
#4249=COLOUR_RGB('\X2\92FC\X0\ - \X2\30B530C630F3\X0\',0.627450980392157,
0.627450980392157,0.627450980392157);
ENDSEC;
END-ISO-10303-21;
