ISO-10303-21;
HEADER;
/* Generated by software containing ST-Developer
 * from STEP Tools, Inc. (www.steptools.com) 
 */

FILE_DESCRIPTION(
/* description */ (''),
/* implementation_level */ '2;1');

FILE_NAME(
/* name */ 'carot42_v3_top.step',
/* time_stamp */ '2026-07-14T23:44:36+09:00',
/* author */ (''),
/* organization */ (''),
/* preprocessor_version */ 'ST-DEVELOPER v20.1',
/* originating_system */ 'Autodesk Translation Framework v15.8.0.0',
/* authorisation */ '');

FILE_SCHEMA (('AUTOMOTIVE_DESIGN { 1 0 10303 214 3 1 1 }'));
ENDSEC;

DATA;
#10=MECHANICAL_DESIGN_GEOMETRIC_PRESENTATION_REPRESENTATION('',(#13),#5420);
#11=SHAPE_REPRESENTATION_RELATIONSHIP('SRR','None',#5426,#12);
#12=ADVANCED_BREP_SHAPE_REPRESENTATION('',(#14),#5419);
#13=STYLED_ITEM('',(#5435),#14);
#14=MANIFOLD_SOLID_BREP('top_case',#3279);
#15=CONICAL_SURFACE('',#3491,0.40575,1.02974425867665);
#16=CONICAL_SURFACE('',#3494,0.40575,1.02974425867665);
#17=CONICAL_SURFACE('',#3497,0.40575,1.02974425867665);
#18=CONICAL_SURFACE('',#3500,0.40575,1.02974425867665);
#19=CONICAL_SURFACE('',#3503,0.40575,1.02974425867665);
#20=CONICAL_SURFACE('',#3506,0.40575,1.02974425867665);
#21=FACE_BOUND('',#352,.T.);
#22=FACE_BOUND('',#353,.T.);
#23=FACE_BOUND('',#354,.T.);
#24=FACE_BOUND('',#355,.T.);
#25=FACE_BOUND('',#356,.T.);
#26=FACE_BOUND('',#357,.T.);
#27=FACE_BOUND('',#455,.T.);
#28=FACE_BOUND('',#456,.T.);
#29=FACE_BOUND('',#458,.T.);
#30=ELLIPSE('',#3308,2.03085322377149,2.);
#31=ELLIPSE('',#3312,2.03085322377149,2.);
#32=ELLIPSE('',#3316,2.03085322377149,2.);
#33=ELLIPSE('',#3320,2.03085322377149,2.);
#34=ELLIPSE('',#3366,2.03085322377149,2.);
#35=ELLIPSE('',#3378,2.03085322377149,2.);
#36=PLANE('',#3284);
#37=PLANE('',#3288);
#38=PLANE('',#3302);
#39=PLANE('',#3309);
#40=PLANE('',#3313);
#41=PLANE('',#3317);
#42=PLANE('',#3321);
#43=PLANE('',#3324);
#44=PLANE('',#3327);
#45=PLANE('',#3330);
#46=PLANE('',#3367);
#47=PLANE('',#3372);
#48=PLANE('',#3375);
#49=PLANE('',#3379);
#50=PLANE('',#3382);
#51=PLANE('',#3386);
#52=PLANE('',#3388);
#53=PLANE('',#3390);
#54=PLANE('',#3392);
#55=PLANE('',#3395);
#56=PLANE('',#3398);
#57=PLANE('',#3401);
#58=PLANE('',#3404);
#59=PLANE('',#3407);
#60=PLANE('',#3410);
#61=PLANE('',#3413);
#62=PLANE('',#3416);
#63=PLANE('',#3419);
#64=PLANE('',#3422);
#65=PLANE('',#3425);
#66=PLANE('',#3430);
#67=PLANE('',#3439);
#68=PLANE('',#3442);
#69=PLANE('',#3443);
#70=PLANE('',#3444);
#71=PLANE('',#3445);
#72=PLANE('',#3446);
#73=PLANE('',#3447);
#74=PLANE('',#3448);
#75=PLANE('',#3449);
#76=PLANE('',#3450);
#77=PLANE('',#3451);
#78=PLANE('',#3452);
#79=PLANE('',#3453);
#80=PLANE('',#3454);
#81=PLANE('',#3455);
#82=PLANE('',#3456);
#83=PLANE('',#3457);
#84=PLANE('',#3458);
#85=PLANE('',#3459);
#86=PLANE('',#3460);
#87=PLANE('',#3461);
#88=PLANE('',#3462);
#89=PLANE('',#3463);
#90=PLANE('',#3464);
#91=PLANE('',#3465);
#92=PLANE('',#3466);
#93=PLANE('',#3467);
#94=PLANE('',#3468);
#95=PLANE('',#3469);
#96=PLANE('',#3470);
#97=PLANE('',#3471);
#98=PLANE('',#3472);
#99=PLANE('',#3473);
#100=PLANE('',#3474);
#101=PLANE('',#3475);
#102=PLANE('',#3476);
#103=PLANE('',#3477);
#104=PLANE('',#3478);
#105=PLANE('',#3479);
#106=PLANE('',#3480);
#107=PLANE('',#3481);
#108=PLANE('',#3482);
#109=PLANE('',#3483);
#110=PLANE('',#3484);
#111=PLANE('',#3485);
#112=PLANE('',#3486);
#113=PLANE('',#3487);
#114=PLANE('',#3488);
#115=PLANE('',#3489);
#116=PLANE('',#3490);
#117=PLANE('',#3509);
#118=PLANE('',#3510);
#119=PLANE('',#3511);
#120=PLANE('',#3512);
#121=PLANE('',#3513);
#122=PLANE('',#3514);
#123=PLANE('',#3515);
#124=PLANE('',#3516);
#125=PLANE('',#3519);
#126=PLANE('',#3522);
#127=PLANE('',#3525);
#128=PLANE('',#3526);
#129=PLANE('',#3527);
#130=PLANE('',#3528);
#131=PLANE('',#3529);
#132=PLANE('',#3530);
#133=PLANE('',#3531);
#134=PLANE('',#3532);
#135=PLANE('',#3533);
#136=PLANE('',#3534);
#137=PLANE('',#3535);
#138=PLANE('',#3536);
#139=PLANE('',#3537);
#140=PLANE('',#3538);
#141=PLANE('',#3539);
#142=PLANE('',#3540);
#143=PLANE('',#3541);
#144=PLANE('',#3542);
#145=PLANE('',#3543);
#146=PLANE('',#3544);
#147=PLANE('',#3545);
#148=PLANE('',#3546);
#149=PLANE('',#3547);
#150=PLANE('',#3548);
#151=PLANE('',#3549);
#152=PLANE('',#3550);
#153=PLANE('',#3551);
#154=PLANE('',#3552);
#155=PLANE('',#3553);
#156=FACE_OUTER_BOUND('',#331,.T.);
#157=FACE_OUTER_BOUND('',#332,.T.);
#158=FACE_OUTER_BOUND('',#333,.T.);
#159=FACE_OUTER_BOUND('',#334,.T.);
#160=FACE_OUTER_BOUND('',#335,.T.);
#161=FACE_OUTER_BOUND('',#336,.T.);
#162=FACE_OUTER_BOUND('',#337,.T.);
#163=FACE_OUTER_BOUND('',#338,.T.);
#164=FACE_OUTER_BOUND('',#339,.T.);
#165=FACE_OUTER_BOUND('',#340,.T.);
#166=FACE_OUTER_BOUND('',#341,.T.);
#167=FACE_OUTER_BOUND('',#342,.T.);
#168=FACE_OUTER_BOUND('',#343,.T.);
#169=FACE_OUTER_BOUND('',#344,.T.);
#170=FACE_OUTER_BOUND('',#345,.T.);
#171=FACE_OUTER_BOUND('',#346,.T.);
#172=FACE_OUTER_BOUND('',#347,.T.);
#173=FACE_OUTER_BOUND('',#348,.T.);
#174=FACE_OUTER_BOUND('',#349,.T.);
#175=FACE_OUTER_BOUND('',#350,.T.);
#176=FACE_OUTER_BOUND('',#351,.T.);
#177=FACE_OUTER_BOUND('',#358,.T.);
#178=FACE_OUTER_BOUND('',#359,.T.);
#179=FACE_OUTER_BOUND('',#360,.T.);
#180=FACE_OUTER_BOUND('',#361,.T.);
#181=FACE_OUTER_BOUND('',#362,.T.);
#182=FACE_OUTER_BOUND('',#363,.T.);
#183=FACE_OUTER_BOUND('',#364,.T.);
#184=FACE_OUTER_BOUND('',#365,.T.);
#185=FACE_OUTER_BOUND('',#366,.T.);
#186=FACE_OUTER_BOUND('',#367,.T.);
#187=FACE_OUTER_BOUND('',#368,.T.);
#188=FACE_OUTER_BOUND('',#369,.T.);
#189=FACE_OUTER_BOUND('',#370,.T.);
#190=FACE_OUTER_BOUND('',#371,.T.);
#191=FACE_OUTER_BOUND('',#372,.T.);
#192=FACE_OUTER_BOUND('',#373,.T.);
#193=FACE_OUTER_BOUND('',#374,.T.);
#194=FACE_OUTER_BOUND('',#375,.T.);
#195=FACE_OUTER_BOUND('',#376,.T.);
#196=FACE_OUTER_BOUND('',#377,.T.);
#197=FACE_OUTER_BOUND('',#378,.T.);
#198=FACE_OUTER_BOUND('',#379,.T.);
#199=FACE_OUTER_BOUND('',#380,.T.);
#200=FACE_OUTER_BOUND('',#381,.T.);
#201=FACE_OUTER_BOUND('',#382,.T.);
#202=FACE_OUTER_BOUND('',#383,.T.);
#203=FACE_OUTER_BOUND('',#384,.T.);
#204=FACE_OUTER_BOUND('',#385,.T.);
#205=FACE_OUTER_BOUND('',#386,.T.);
#206=FACE_OUTER_BOUND('',#387,.T.);
#207=FACE_OUTER_BOUND('',#388,.T.);
#208=FACE_OUTER_BOUND('',#389,.T.);
#209=FACE_OUTER_BOUND('',#390,.T.);
#210=FACE_OUTER_BOUND('',#391,.T.);
#211=FACE_OUTER_BOUND('',#392,.T.);
#212=FACE_OUTER_BOUND('',#393,.T.);
#213=FACE_OUTER_BOUND('',#394,.T.);
#214=FACE_OUTER_BOUND('',#395,.T.);
#215=FACE_OUTER_BOUND('',#396,.T.);
#216=FACE_OUTER_BOUND('',#397,.T.);
#217=FACE_OUTER_BOUND('',#398,.T.);
#218=FACE_OUTER_BOUND('',#399,.T.);
#219=FACE_OUTER_BOUND('',#400,.T.);
#220=FACE_OUTER_BOUND('',#401,.T.);
#221=FACE_OUTER_BOUND('',#402,.T.);
#222=FACE_OUTER_BOUND('',#403,.T.);
#223=FACE_OUTER_BOUND('',#404,.T.);
#224=FACE_OUTER_BOUND('',#405,.T.);
#225=FACE_OUTER_BOUND('',#406,.T.);
#226=FACE_OUTER_BOUND('',#407,.T.);
#227=FACE_OUTER_BOUND('',#408,.T.);
#228=FACE_OUTER_BOUND('',#409,.T.);
#229=FACE_OUTER_BOUND('',#410,.T.);
#230=FACE_OUTER_BOUND('',#411,.T.);
#231=FACE_OUTER_BOUND('',#412,.T.);
#232=FACE_OUTER_BOUND('',#413,.T.);
#233=FACE_OUTER_BOUND('',#414,.T.);
#234=FACE_OUTER_BOUND('',#415,.T.);
#235=FACE_OUTER_BOUND('',#416,.T.);
#236=FACE_OUTER_BOUND('',#417,.T.);
#237=FACE_OUTER_BOUND('',#418,.T.);
#238=FACE_OUTER_BOUND('',#419,.T.);
#239=FACE_OUTER_BOUND('',#420,.T.);
#240=FACE_OUTER_BOUND('',#421,.T.);
#241=FACE_OUTER_BOUND('',#422,.T.);
#242=FACE_OUTER_BOUND('',#423,.T.);
#243=FACE_OUTER_BOUND('',#424,.T.);
#244=FACE_OUTER_BOUND('',#425,.T.);
#245=FACE_OUTER_BOUND('',#426,.T.);
#246=FACE_OUTER_BOUND('',#427,.T.);
#247=FACE_OUTER_BOUND('',#428,.T.);
#248=FACE_OUTER_BOUND('',#429,.T.);
#249=FACE_OUTER_BOUND('',#430,.T.);
#250=FACE_OUTER_BOUND('',#431,.T.);
#251=FACE_OUTER_BOUND('',#432,.T.);
#252=FACE_OUTER_BOUND('',#433,.T.);
#253=FACE_OUTER_BOUND('',#434,.T.);
#254=FACE_OUTER_BOUND('',#435,.T.);
#255=FACE_OUTER_BOUND('',#436,.T.);
#256=FACE_OUTER_BOUND('',#437,.T.);
#257=FACE_OUTER_BOUND('',#438,.T.);
#258=FACE_OUTER_BOUND('',#439,.T.);
#259=FACE_OUTER_BOUND('',#440,.T.);
#260=FACE_OUTER_BOUND('',#441,.T.);
#261=FACE_OUTER_BOUND('',#442,.T.);
#262=FACE_OUTER_BOUND('',#443,.T.);
#263=FACE_OUTER_BOUND('',#444,.T.);
#264=FACE_OUTER_BOUND('',#445,.T.);
#265=FACE_OUTER_BOUND('',#446,.T.);
#266=FACE_OUTER_BOUND('',#447,.T.);
#267=FACE_OUTER_BOUND('',#448,.T.);
#268=FACE_OUTER_BOUND('',#449,.T.);
#269=FACE_OUTER_BOUND('',#450,.T.);
#270=FACE_OUTER_BOUND('',#451,.T.);
#271=FACE_OUTER_BOUND('',#452,.T.);
#272=FACE_OUTER_BOUND('',#453,.T.);
#273=FACE_OUTER_BOUND('',#454,.T.);
#274=FACE_OUTER_BOUND('',#457,.T.);
#275=FACE_OUTER_BOUND('',#459,.T.);
#276=FACE_OUTER_BOUND('',#460,.T.);
#277=FACE_OUTER_BOUND('',#461,.T.);
#278=FACE_OUTER_BOUND('',#462,.T.);
#279=FACE_OUTER_BOUND('',#463,.T.);
#280=FACE_OUTER_BOUND('',#464,.T.);
#281=FACE_OUTER_BOUND('',#465,.T.);
#282=FACE_OUTER_BOUND('',#466,.T.);
#283=FACE_OUTER_BOUND('',#467,.T.);
#284=FACE_OUTER_BOUND('',#468,.T.);
#285=FACE_OUTER_BOUND('',#469,.T.);
#286=FACE_OUTER_BOUND('',#470,.T.);
#287=FACE_OUTER_BOUND('',#471,.T.);
#288=FACE_OUTER_BOUND('',#472,.T.);
#289=FACE_OUTER_BOUND('',#473,.T.);
#290=FACE_OUTER_BOUND('',#474,.T.);
#291=FACE_OUTER_BOUND('',#475,.T.);
#292=FACE_OUTER_BOUND('',#476,.T.);
#293=FACE_OUTER_BOUND('',#477,.T.);
#294=FACE_OUTER_BOUND('',#478,.T.);
#295=FACE_OUTER_BOUND('',#479,.T.);
#296=FACE_OUTER_BOUND('',#480,.T.);
#297=FACE_OUTER_BOUND('',#481,.T.);
#298=FACE_OUTER_BOUND('',#482,.T.);
#299=FACE_OUTER_BOUND('',#483,.T.);
#300=FACE_OUTER_BOUND('',#484,.T.);
#301=FACE_OUTER_BOUND('',#485,.T.);
#302=FACE_OUTER_BOUND('',#486,.T.);
#303=FACE_OUTER_BOUND('',#487,.T.);
#304=FACE_OUTER_BOUND('',#488,.T.);
#305=FACE_OUTER_BOUND('',#489,.T.);
#306=FACE_OUTER_BOUND('',#490,.T.);
#307=FACE_OUTER_BOUND('',#491,.T.);
#308=FACE_OUTER_BOUND('',#492,.T.);
#309=FACE_OUTER_BOUND('',#493,.T.);
#310=FACE_OUTER_BOUND('',#494,.T.);
#311=FACE_OUTER_BOUND('',#495,.T.);
#312=FACE_OUTER_BOUND('',#496,.T.);
#313=FACE_OUTER_BOUND('',#497,.T.);
#314=FACE_OUTER_BOUND('',#498,.T.);
#315=FACE_OUTER_BOUND('',#499,.T.);
#316=FACE_OUTER_BOUND('',#500,.T.);
#317=FACE_OUTER_BOUND('',#501,.T.);
#318=FACE_OUTER_BOUND('',#502,.T.);
#319=FACE_OUTER_BOUND('',#503,.T.);
#320=FACE_OUTER_BOUND('',#504,.T.);
#321=FACE_OUTER_BOUND('',#505,.T.);
#322=FACE_OUTER_BOUND('',#506,.T.);
#323=FACE_OUTER_BOUND('',#507,.T.);
#324=FACE_OUTER_BOUND('',#508,.T.);
#325=FACE_OUTER_BOUND('',#509,.T.);
#326=FACE_OUTER_BOUND('',#510,.T.);
#327=FACE_OUTER_BOUND('',#511,.T.);
#328=FACE_OUTER_BOUND('',#512,.T.);
#329=FACE_OUTER_BOUND('',#513,.T.);
#330=FACE_OUTER_BOUND('',#514,.T.);
#331=EDGE_LOOP('',(#2117,#2118,#2119,#2120));
#332=EDGE_LOOP('',(#2121,#2122,#2123,#2124));
#333=EDGE_LOOP('',(#2125,#2126,#2127,#2128));
#334=EDGE_LOOP('',(#2129,#2130,#2131,#2132,#2133,#2134,#2135,#2136,#2137,
#2138,#2139,#2140,#2141,#2142,#2143,#2144,#2145,#2146,#2147,#2148,#2149,
#2150,#2151,#2152,#2153,#2154,#2155,#2156,#2157,#2158,#2159));
#335=EDGE_LOOP('',(#2160,#2161,#2162,#2163));
#336=EDGE_LOOP('',(#2164,#2165,#2166,#2167));
#337=EDGE_LOOP('',(#2168,#2169,#2170,#2171));
#338=EDGE_LOOP('',(#2172,#2173,#2174,#2175));
#339=EDGE_LOOP('',(#2176,#2177,#2178,#2179));
#340=EDGE_LOOP('',(#2180,#2181,#2182,#2183));
#341=EDGE_LOOP('',(#2184,#2185,#2186,#2187));
#342=EDGE_LOOP('',(#2188,#2189,#2190,#2191));
#343=EDGE_LOOP('',(#2192,#2193,#2194,#2195));
#344=EDGE_LOOP('',(#2196,#2197,#2198,#2199));
#345=EDGE_LOOP('',(#2200,#2201,#2202,#2203));
#346=EDGE_LOOP('',(#2204,#2205,#2206,#2207));
#347=EDGE_LOOP('',(#2208,#2209,#2210,#2211,#2212,#2213,#2214,#2215,#2216,
#2217,#2218,#2219,#2220));
#348=EDGE_LOOP('',(#2221,#2222,#2223,#2224));
#349=EDGE_LOOP('',(#2225,#2226,#2227,#2228));
#350=EDGE_LOOP('',(#2229,#2230,#2231,#2232));
#351=EDGE_LOOP('',(#2233,#2234,#2235,#2236,#2237,#2238,#2239,#2240,#2241,
#2242,#2243,#2244,#2245,#2246,#2247,#2248,#2249,#2250,#2251,#2252,#2253,
#2254,#2255,#2256,#2257,#2258,#2259,#2260,#2261,#2262,#2263,#2264,#2265,
#2266,#2267,#2268,#2269,#2270,#2271,#2272,#2273,#2274,#2275,#2276,#2277,
#2278,#2279,#2280,#2281,#2282,#2283,#2284,#2285,#2286,#2287,#2288,#2289,
#2290,#2291,#2292,#2293,#2294,#2295,#2296,#2297,#2298,#2299,#2300,#2301,
#2302,#2303,#2304,#2305,#2306,#2307,#2308,#2309,#2310,#2311,#2312,#2313,
#2314));
#352=EDGE_LOOP('',(#2315));
#353=EDGE_LOOP('',(#2316));
#354=EDGE_LOOP('',(#2317));
#355=EDGE_LOOP('',(#2318));
#356=EDGE_LOOP('',(#2319));
#357=EDGE_LOOP('',(#2320));
#358=EDGE_LOOP('',(#2321,#2322,#2323,#2324));
#359=EDGE_LOOP('',(#2325,#2326,#2327,#2328));
#360=EDGE_LOOP('',(#2329,#2330,#2331,#2332));
#361=EDGE_LOOP('',(#2333,#2334,#2335,#2336));
#362=EDGE_LOOP('',(#2337,#2338,#2339,#2340));
#363=EDGE_LOOP('',(#2341,#2342,#2343,#2344));
#364=EDGE_LOOP('',(#2345,#2346,#2347,#2348));
#365=EDGE_LOOP('',(#2349,#2350,#2351,#2352));
#366=EDGE_LOOP('',(#2353,#2354,#2355,#2356,#2357,#2358,#2359,#2360,#2361,
#2362,#2363,#2364,#2365,#2366,#2367,#2368,#2369,#2370,#2371,#2372,#2373,
#2374,#2375,#2376,#2377,#2378,#2379,#2380,#2381));
#367=EDGE_LOOP('',(#2382,#2383,#2384,#2385,#2386,#2387,#2388,#2389,#2390,
#2391,#2392,#2393,#2394));
#368=EDGE_LOOP('',(#2395,#2396,#2397,#2398));
#369=EDGE_LOOP('',(#2399,#2400,#2401,#2402));
#370=EDGE_LOOP('',(#2403,#2404,#2405,#2406));
#371=EDGE_LOOP('',(#2407,#2408,#2409,#2410));
#372=EDGE_LOOP('',(#2411,#2412,#2413,#2414));
#373=EDGE_LOOP('',(#2415,#2416,#2417,#2418));
#374=EDGE_LOOP('',(#2419,#2420,#2421,#2422));
#375=EDGE_LOOP('',(#2423,#2424,#2425,#2426));
#376=EDGE_LOOP('',(#2427,#2428,#2429,#2430));
#377=EDGE_LOOP('',(#2431,#2432,#2433,#2434));
#378=EDGE_LOOP('',(#2435,#2436,#2437,#2438));
#379=EDGE_LOOP('',(#2439,#2440,#2441,#2442));
#380=EDGE_LOOP('',(#2443,#2444,#2445,#2446));
#381=EDGE_LOOP('',(#2447,#2448,#2449,#2450));
#382=EDGE_LOOP('',(#2451,#2452,#2453,#2454));
#383=EDGE_LOOP('',(#2455,#2456,#2457,#2458));
#384=EDGE_LOOP('',(#2459,#2460,#2461,#2462));
#385=EDGE_LOOP('',(#2463,#2464,#2465,#2466));
#386=EDGE_LOOP('',(#2467,#2468,#2469,#2470));
#387=EDGE_LOOP('',(#2471,#2472,#2473,#2474));
#388=EDGE_LOOP('',(#2475,#2476,#2477,#2478));
#389=EDGE_LOOP('',(#2479,#2480,#2481,#2482));
#390=EDGE_LOOP('',(#2483,#2484,#2485,#2486));
#391=EDGE_LOOP('',(#2487,#2488,#2489,#2490));
#392=EDGE_LOOP('',(#2491,#2492,#2493,#2494));
#393=EDGE_LOOP('',(#2495,#2496,#2497,#2498));
#394=EDGE_LOOP('',(#2499,#2500,#2501,#2502));
#395=EDGE_LOOP('',(#2503,#2504,#2505,#2506));
#396=EDGE_LOOP('',(#2507,#2508,#2509,#2510));
#397=EDGE_LOOP('',(#2511,#2512,#2513,#2514));
#398=EDGE_LOOP('',(#2515,#2516,#2517,#2518));
#399=EDGE_LOOP('',(#2519,#2520,#2521,#2522));
#400=EDGE_LOOP('',(#2523,#2524,#2525,#2526));
#401=EDGE_LOOP('',(#2527,#2528,#2529,#2530));
#402=EDGE_LOOP('',(#2531,#2532,#2533,#2534));
#403=EDGE_LOOP('',(#2535,#2536,#2537,#2538));
#404=EDGE_LOOP('',(#2539,#2540,#2541,#2542));
#405=EDGE_LOOP('',(#2543,#2544,#2545,#2546));
#406=EDGE_LOOP('',(#2547,#2548,#2549,#2550));
#407=EDGE_LOOP('',(#2551,#2552,#2553,#2554));
#408=EDGE_LOOP('',(#2555,#2556,#2557,#2558));
#409=EDGE_LOOP('',(#2559,#2560,#2561,#2562));
#410=EDGE_LOOP('',(#2563,#2564,#2565));
#411=EDGE_LOOP('',(#2566,#2567,#2568));
#412=EDGE_LOOP('',(#2569,#2570,#2571));
#413=EDGE_LOOP('',(#2572,#2573,#2574,#2575));
#414=EDGE_LOOP('',(#2576,#2577,#2578));
#415=EDGE_LOOP('',(#2579,#2580,#2581,#2582));
#416=EDGE_LOOP('',(#2583,#2584,#2585));
#417=EDGE_LOOP('',(#2586,#2587,#2588,#2589));
#418=EDGE_LOOP('',(#2590,#2591,#2592));
#419=EDGE_LOOP('',(#2593,#2594,#2595,#2596));
#420=EDGE_LOOP('',(#2597,#2598,#2599,#2600));
#421=EDGE_LOOP('',(#2601,#2602,#2603));
#422=EDGE_LOOP('',(#2604,#2605,#2606,#2607));
#423=EDGE_LOOP('',(#2608,#2609,#2610,#2611));
#424=EDGE_LOOP('',(#2612,#2613,#2614));
#425=EDGE_LOOP('',(#2615,#2616,#2617,#2618));
#426=EDGE_LOOP('',(#2619,#2620,#2621));
#427=EDGE_LOOP('',(#2622,#2623,#2624,#2625));
#428=EDGE_LOOP('',(#2626,#2627,#2628));
#429=EDGE_LOOP('',(#2629,#2630,#2631,#2632,#2633));
#430=EDGE_LOOP('',(#2634,#2635,#2636,#2637));
#431=EDGE_LOOP('',(#2638,#2639,#2640));
#432=EDGE_LOOP('',(#2641,#2642,#2643,#2644));
#433=EDGE_LOOP('',(#2645,#2646,#2647));
#434=EDGE_LOOP('',(#2648,#2649,#2650,#2651));
#435=EDGE_LOOP('',(#2652,#2653,#2654));
#436=EDGE_LOOP('',(#2655,#2656,#2657,#2658));
#437=EDGE_LOOP('',(#2659,#2660,#2661,#2662));
#438=EDGE_LOOP('',(#2663,#2664,#2665));
#439=EDGE_LOOP('',(#2666,#2667,#2668,#2669));
#440=EDGE_LOOP('',(#2670,#2671,#2672,#2673));
#441=EDGE_LOOP('',(#2674,#2675,#2676,#2677));
#442=EDGE_LOOP('',(#2678,#2679,#2680,#2681));
#443=EDGE_LOOP('',(#2682,#2683,#2684,#2685));
#444=EDGE_LOOP('',(#2686,#2687,#2688,#2689));
#445=EDGE_LOOP('',(#2690,#2691,#2692,#2693));
#446=EDGE_LOOP('',(#2694,#2695,#2696,#2697));
#447=EDGE_LOOP('',(#2698,#2699,#2700,#2701));
#448=EDGE_LOOP('',(#2702,#2703,#2704,#2705));
#449=EDGE_LOOP('',(#2706,#2707,#2708,#2709,#2710,#2711,#2712,#2713,#2714,
#2715,#2716,#2717));
#450=EDGE_LOOP('',(#2718,#2719,#2720,#2721));
#451=EDGE_LOOP('',(#2722,#2723,#2724,#2725));
#452=EDGE_LOOP('',(#2726,#2727,#2728,#2729,#2730));
#453=EDGE_LOOP('',(#2731,#2732,#2733,#2734));
#454=EDGE_LOOP('',(#2735,#2736,#2737,#2738,#2739,#2740,#2741,#2742));
#455=EDGE_LOOP('',(#2743,#2744,#2745,#2746,#2747,#2748,#2749,#2750,#2751,
#2752,#2753,#2754,#2755,#2756,#2757,#2758,#2759,#2760,#2761,#2762,#2763,
#2764,#2765,#2766));
#456=EDGE_LOOP('',(#2767,#2768,#2769,#2770,#2771,#2772,#2773,#2774,#2775,
#2776,#2777,#2778,#2779,#2780,#2781,#2782,#2783,#2784,#2785,#2786,#2787,
#2788,#2789,#2790));
#457=EDGE_LOOP('',(#2791,#2792,#2793,#2794));
#458=EDGE_LOOP('',(#2795,#2796,#2797,#2798,#2799,#2800,#2801,#2802));
#459=EDGE_LOOP('',(#2803,#2804,#2805,#2806));
#460=EDGE_LOOP('',(#2807,#2808,#2809,#2810,#2811));
#461=EDGE_LOOP('',(#2812,#2813,#2814));
#462=EDGE_LOOP('',(#2815,#2816,#2817,#2818));
#463=EDGE_LOOP('',(#2819,#2820,#2821));
#464=EDGE_LOOP('',(#2822,#2823,#2824,#2825));
#465=EDGE_LOOP('',(#2826,#2827,#2828));
#466=EDGE_LOOP('',(#2829,#2830,#2831,#2832));
#467=EDGE_LOOP('',(#2833,#2834,#2835));
#468=EDGE_LOOP('',(#2836,#2837,#2838,#2839));
#469=EDGE_LOOP('',(#2840,#2841,#2842));
#470=EDGE_LOOP('',(#2843,#2844,#2845,#2846));
#471=EDGE_LOOP('',(#2847,#2848,#2849));
#472=EDGE_LOOP('',(#2850,#2851,#2852,#2853));
#473=EDGE_LOOP('',(#2854,#2855,#2856,#2857));
#474=EDGE_LOOP('',(#2858,#2859,#2860,#2861));
#475=EDGE_LOOP('',(#2862,#2863,#2864,#2865,#2866));
#476=EDGE_LOOP('',(#2867,#2868,#2869,#2870,#2871,#2872,#2873,#2874,#2875,
#2876,#2877,#2878));
#477=EDGE_LOOP('',(#2879,#2880,#2881,#2882));
#478=EDGE_LOOP('',(#2883,#2884,#2885,#2886,#2887,#2888,#2889,#2890,#2891,
#2892,#2893,#2894,#2895,#2896,#2897,#2898,#2899,#2900,#2901,#2902,#2903,
#2904,#2905));
#479=EDGE_LOOP('',(#2906,#2907,#2908,#2909));
#480=EDGE_LOOP('',(#2910,#2911,#2912,#2913));
#481=EDGE_LOOP('',(#2914,#2915,#2916,#2917));
#482=EDGE_LOOP('',(#2918,#2919));
#483=EDGE_LOOP('',(#2920,#2921,#2922,#2923));
#484=EDGE_LOOP('',(#2924,#2925));
#485=EDGE_LOOP('',(#2926,#2927,#2928,#2929));
#486=EDGE_LOOP('',(#2930,#2931,#2932));
#487=EDGE_LOOP('',(#2933,#2934,#2935,#2936,#2937,#2938));
#488=EDGE_LOOP('',(#2939,#2940,#2941,#2942,#2943,#2944));
#489=EDGE_LOOP('',(#2945,#2946,#2947,#2948,#2949,#2950));
#490=EDGE_LOOP('',(#2951,#2952,#2953,#2954));
#491=EDGE_LOOP('',(#2955,#2956,#2957,#2958));
#492=EDGE_LOOP('',(#2959,#2960,#2961,#2962));
#493=EDGE_LOOP('',(#2963,#2964,#2965,#2966));
#494=EDGE_LOOP('',(#2967,#2968,#2969,#2970));
#495=EDGE_LOOP('',(#2971,#2972,#2973,#2974));
#496=EDGE_LOOP('',(#2975,#2976,#2977,#2978));
#497=EDGE_LOOP('',(#2979,#2980,#2981,#2982));
#498=EDGE_LOOP('',(#2983,#2984,#2985,#2986));
#499=EDGE_LOOP('',(#2987,#2988,#2989,#2990));
#500=EDGE_LOOP('',(#2991,#2992,#2993,#2994));
#501=EDGE_LOOP('',(#2995,#2996,#2997,#2998));
#502=EDGE_LOOP('',(#2999,#3000,#3001,#3002));
#503=EDGE_LOOP('',(#3003,#3004,#3005,#3006));
#504=EDGE_LOOP('',(#3007,#3008,#3009,#3010));
#505=EDGE_LOOP('',(#3011,#3012,#3013,#3014));
#506=EDGE_LOOP('',(#3015,#3016,#3017,#3018));
#507=EDGE_LOOP('',(#3019,#3020,#3021,#3022));
#508=EDGE_LOOP('',(#3023,#3024,#3025,#3026));
#509=EDGE_LOOP('',(#3027,#3028,#3029,#3030,#3031));
#510=EDGE_LOOP('',(#3032,#3033,#3034,#3035));
#511=EDGE_LOOP('',(#3036,#3037,#3038,#3039));
#512=EDGE_LOOP('',(#3040,#3041,#3042,#3043));
#513=EDGE_LOOP('',(#3044,#3045,#3046,#3047,#3048,#3049));
#514=EDGE_LOOP('',(#3050,#3051,#3052,#3053,#3054));
#515=LINE('',#4479,#886);
#516=LINE('',#4482,#887);
#517=LINE('',#4485,#888);
#518=LINE('',#4487,#889);
#519=LINE('',#4488,#890);
#520=LINE('',#4494,#891);
#521=LINE('',#4497,#892);
#522=LINE('',#4500,#893);
#523=LINE('',#4502,#894);
#524=LINE('',#4506,#895);
#525=LINE('',#4510,#896);
#526=LINE('',#4514,#897);
#527=LINE('',#4516,#898);
#528=LINE('',#4520,#899);
#529=LINE('',#4524,#900);
#530=LINE('',#4526,#901);
#531=LINE('',#4528,#902);
#532=LINE('',#4530,#903);
#533=LINE('',#4534,#904);
#534=LINE('',#4538,#905);
#535=LINE('',#4540,#906);
#536=LINE('',#4544,#907);
#537=LINE('',#4548,#908);
#538=LINE('',#4552,#909);
#539=LINE('',#4554,#910);
#540=LINE('',#4556,#911);
#541=LINE('',#4557,#912);
#542=LINE('',#4562,#913);
#543=LINE('',#4566,#914);
#544=LINE('',#4568,#915);
#545=LINE('',#4569,#916);
#546=LINE('',#4578,#917);
#547=LINE('',#4581,#918);
#548=LINE('',#4584,#919);
#549=LINE('',#4586,#920);
#550=LINE('',#4587,#921);
#551=LINE('',#4592,#922);
#552=LINE('',#4596,#923);
#553=LINE('',#4598,#924);
#554=LINE('',#4599,#925);
#555=LINE('',#4605,#926);
#556=LINE('',#4608,#927);
#557=LINE('',#4610,#928);
#558=LINE('',#4611,#929);
#559=LINE('',#4617,#930);
#560=LINE('',#4620,#931);
#561=LINE('',#4622,#932);
#562=LINE('',#4623,#933);
#563=LINE('',#4626,#934);
#564=LINE('',#4629,#935);
#565=LINE('',#4632,#936);
#566=LINE('',#4634,#937);
#567=LINE('',#4636,#938);
#568=LINE('',#4638,#939);
#569=LINE('',#4640,#940);
#570=LINE('',#4642,#941);
#571=LINE('',#4644,#942);
#572=LINE('',#4646,#943);
#573=LINE('',#4648,#944);
#574=LINE('',#4650,#945);
#575=LINE('',#4651,#946);
#576=LINE('',#4654,#947);
#577=LINE('',#4657,#948);
#578=LINE('',#4660,#949);
#579=LINE('',#4661,#950);
#580=LINE('',#4665,#951);
#581=LINE('',#4670,#952);
#582=LINE('',#4674,#953);
#583=LINE('',#4676,#954);
#584=LINE('',#4680,#955);
#585=LINE('',#4682,#956);
#586=LINE('',#4686,#957);
#587=LINE('',#4688,#958);
#588=LINE('',#4692,#959);
#589=LINE('',#4694,#960);
#590=LINE('',#4698,#961);
#591=LINE('',#4702,#962);
#592=LINE('',#4704,#963);
#593=LINE('',#4708,#964);
#594=LINE('',#4710,#965);
#595=LINE('',#4715,#966);
#596=LINE('',#4717,#967);
#597=LINE('',#4721,#968);
#598=LINE('',#4723,#969);
#599=LINE('',#4725,#970);
#600=LINE('',#4727,#971);
#601=LINE('',#4729,#972);
#602=LINE('',#4731,#973);
#603=LINE('',#4735,#974);
#604=LINE('',#4737,#975);
#605=LINE('',#4741,#976);
#606=LINE('',#4745,#977);
#607=LINE('',#4747,#978);
#608=LINE('',#4751,#979);
#609=LINE('',#4753,#980);
#610=LINE('',#4757,#981);
#611=LINE('',#4761,#982);
#612=LINE('',#4763,#983);
#613=LINE('',#4767,#984);
#614=LINE('',#4769,#985);
#615=LINE('',#4773,#986);
#616=LINE('',#4775,#987);
#617=LINE('',#4779,#988);
#618=LINE('',#4781,#989);
#619=LINE('',#4785,#990);
#620=LINE('',#4789,#991);
#621=LINE('',#4793,#992);
#622=LINE('',#4795,#993);
#623=LINE('',#4797,#994);
#624=LINE('',#4801,#995);
#625=LINE('',#4805,#996);
#626=LINE('',#4807,#997);
#627=LINE('',#4809,#998);
#628=LINE('',#4811,#999);
#629=LINE('',#4815,#1000);
#630=LINE('',#4819,#1001);
#631=LINE('',#4821,#1002);
#632=LINE('',#4822,#1003);
#633=LINE('',#4840,#1004);
#634=LINE('',#4842,#1005);
#635=LINE('',#4843,#1006);
#636=LINE('',#4847,#1007);
#637=LINE('',#4850,#1008);
#638=LINE('',#4853,#1009);
#639=LINE('',#4856,#1010);
#640=LINE('',#4857,#1011);
#641=LINE('',#4860,#1012);
#642=LINE('',#4863,#1013);
#643=LINE('',#4866,#1014);
#644=LINE('',#4867,#1015);
#645=LINE('',#4873,#1016);
#646=LINE('',#4876,#1017);
#647=LINE('',#4878,#1018);
#648=LINE('',#4880,#1019);
#649=LINE('',#4884,#1020);
#650=LINE('',#4885,#1021);
#651=LINE('',#4887,#1022);
#652=LINE('',#4889,#1023);
#653=LINE('',#4893,#1024);
#654=LINE('',#4895,#1025);
#655=LINE('',#4896,#1026);
#656=LINE('',#4897,#1027);
#657=LINE('',#4899,#1028);
#658=LINE('',#4901,#1029);
#659=LINE('',#4903,#1030);
#660=LINE('',#4904,#1031);
#661=LINE('',#4905,#1032);
#662=LINE('',#4907,#1033);
#663=LINE('',#4908,#1034);
#664=LINE('',#4910,#1035);
#665=LINE('',#4912,#1036);
#666=LINE('',#4914,#1037);
#667=LINE('',#4915,#1038);
#668=LINE('',#4917,#1039);
#669=LINE('',#4919,#1040);
#670=LINE('',#4920,#1041);
#671=LINE('',#4922,#1042);
#672=LINE('',#4924,#1043);
#673=LINE('',#4925,#1044);
#674=LINE('',#4927,#1045);
#675=LINE('',#4929,#1046);
#676=LINE('',#4931,#1047);
#677=LINE('',#4934,#1048);
#678=LINE('',#4937,#1049);
#679=LINE('',#4940,#1050);
#680=LINE('',#4941,#1051);
#681=LINE('',#4944,#1052);
#682=LINE('',#4947,#1053);
#683=LINE('',#4949,#1054);
#684=LINE('',#4952,#1055);
#685=LINE('',#4955,#1056);
#686=LINE('',#4958,#1057);
#687=LINE('',#4959,#1058);
#688=LINE('',#4962,#1059);
#689=LINE('',#4965,#1060);
#690=LINE('',#4968,#1061);
#691=LINE('',#4969,#1062);
#692=LINE('',#4972,#1063);
#693=LINE('',#4975,#1064);
#694=LINE('',#4978,#1065);
#695=LINE('',#4979,#1066);
#696=LINE('',#4982,#1067);
#697=LINE('',#4985,#1068);
#698=LINE('',#4988,#1069);
#699=LINE('',#4989,#1070);
#700=LINE('',#4992,#1071);
#701=LINE('',#4995,#1072);
#702=LINE('',#4998,#1073);
#703=LINE('',#4999,#1074);
#704=LINE('',#5002,#1075);
#705=LINE('',#5005,#1076);
#706=LINE('',#5008,#1077);
#707=LINE('',#5009,#1078);
#708=LINE('',#5012,#1079);
#709=LINE('',#5015,#1080);
#710=LINE('',#5018,#1081);
#711=LINE('',#5019,#1082);
#712=LINE('',#5022,#1083);
#713=LINE('',#5025,#1084);
#714=LINE('',#5027,#1085);
#715=LINE('',#5030,#1086);
#716=LINE('',#5033,#1087);
#717=LINE('',#5036,#1088);
#718=LINE('',#5037,#1089);
#719=LINE('',#5041,#1090);
#720=LINE('',#5044,#1091);
#721=LINE('',#5048,#1092);
#722=LINE('',#5049,#1093);
#723=LINE('',#5052,#1094);
#724=LINE('',#5058,#1095);
#725=LINE('',#5059,#1096);
#726=LINE('',#5063,#1097);
#727=LINE('',#5066,#1098);
#728=LINE('',#5070,#1099);
#729=LINE('',#5071,#1100);
#730=LINE('',#5074,#1101);
#731=LINE('',#5077,#1102);
#732=LINE('',#5080,#1103);
#733=LINE('',#5081,#1104);
#734=LINE('',#5085,#1105);
#735=LINE('',#5087,#1106);
#736=LINE('',#5088,#1107);
#737=LINE('',#5092,#1108);
#738=LINE('',#5094,#1109);
#739=LINE('',#5095,#1110);
#740=LINE('',#5099,#1111);
#741=LINE('',#5101,#1112);
#742=LINE('',#5102,#1113);
#743=LINE('',#5104,#1114);
#744=LINE('',#5105,#1115);
#745=LINE('',#5109,#1116);
#746=LINE('',#5111,#1117);
#747=LINE('',#5112,#1118);
#748=LINE('',#5114,#1119);
#749=LINE('',#5115,#1120);
#750=LINE('',#5119,#1121);
#751=LINE('',#5121,#1122);
#752=LINE('',#5122,#1123);
#753=LINE('',#5125,#1124);
#754=LINE('',#5127,#1125);
#755=LINE('',#5128,#1126);
#756=LINE('',#5132,#1127);
#757=LINE('',#5134,#1128);
#758=LINE('',#5135,#1129);
#759=LINE('',#5137,#1130);
#760=LINE('',#5138,#1131);
#761=LINE('',#5141,#1132);
#762=LINE('',#5143,#1133);
#763=LINE('',#5144,#1134);
#764=LINE('',#5148,#1135);
#765=LINE('',#5150,#1136);
#766=LINE('',#5151,#1137);
#767=LINE('',#5153,#1138);
#768=LINE('',#5154,#1139);
#769=LINE('',#5156,#1140);
#770=LINE('',#5157,#1141);
#771=LINE('',#5161,#1142);
#772=LINE('',#5163,#1143);
#773=LINE('',#5164,#1144);
#774=LINE('',#5166,#1145);
#775=LINE('',#5167,#1146);
#776=LINE('',#5171,#1147);
#777=LINE('',#5173,#1148);
#778=LINE('',#5174,#1149);
#779=LINE('',#5176,#1150);
#780=LINE('',#5177,#1151);
#781=LINE('',#5181,#1152);
#782=LINE('',#5183,#1153);
#783=LINE('',#5184,#1154);
#784=LINE('',#5187,#1155);
#785=LINE('',#5188,#1156);
#786=LINE('',#5189,#1157);
#787=LINE('',#5192,#1158);
#788=LINE('',#5194,#1159);
#789=LINE('',#5195,#1160);
#790=LINE('',#5199,#1161);
#791=LINE('',#5201,#1162);
#792=LINE('',#5202,#1163);
#793=LINE('',#5204,#1164);
#794=LINE('',#5205,#1165);
#795=LINE('',#5209,#1166);
#796=LINE('',#5211,#1167);
#797=LINE('',#5212,#1168);
#798=LINE('',#5214,#1169);
#799=LINE('',#5215,#1170);
#800=LINE('',#5219,#1171);
#801=LINE('',#5221,#1172);
#802=LINE('',#5222,#1173);
#803=LINE('',#5224,#1174);
#804=LINE('',#5225,#1175);
#805=LINE('',#5227,#1176);
#806=LINE('',#5228,#1177);
#807=LINE('',#5232,#1178);
#808=LINE('',#5234,#1179);
#809=LINE('',#5235,#1180);
#810=LINE('',#5237,#1181);
#811=LINE('',#5238,#1182);
#812=LINE('',#5240,#1183);
#813=LINE('',#5241,#1184);
#814=LINE('',#5243,#1185);
#815=LINE('',#5244,#1186);
#816=LINE('',#5246,#1187);
#817=LINE('',#5247,#1188);
#818=LINE('',#5250,#1189);
#819=LINE('',#5252,#1190);
#820=LINE('',#5253,#1191);
#821=LINE('',#5255,#1192);
#822=LINE('',#5256,#1193);
#823=LINE('',#5258,#1194);
#824=LINE('',#5259,#1195);
#825=LINE('',#5261,#1196);
#826=LINE('',#5262,#1197);
#827=LINE('',#5264,#1198);
#828=LINE('',#5265,#1199);
#829=LINE('',#5267,#1200);
#830=LINE('',#5268,#1201);
#831=LINE('',#5270,#1202);
#832=LINE('',#5272,#1203);
#833=LINE('',#5273,#1204);
#834=LINE('',#5274,#1205);
#835=LINE('',#5276,#1206);
#836=LINE('',#5281,#1207);
#837=LINE('',#5282,#1208);
#838=LINE('',#5283,#1209);
#839=LINE('',#5284,#1210);
#840=LINE('',#5285,#1211);
#841=LINE('',#5286,#1212);
#842=LINE('',#5287,#1213);
#843=LINE('',#5288,#1214);
#844=LINE('',#5289,#1215);
#845=LINE('',#5290,#1216);
#846=LINE('',#5292,#1217);
#847=LINE('',#5293,#1218);
#848=LINE('',#5294,#1219);
#849=LINE('',#5295,#1220);
#850=LINE('',#5297,#1221);
#851=LINE('',#5304,#1222);
#852=LINE('',#5306,#1223);
#853=LINE('',#5311,#1224);
#854=LINE('',#5313,#1225);
#855=LINE('',#5318,#1226);
#856=LINE('',#5320,#1227);
#857=LINE('',#5325,#1228);
#858=LINE('',#5327,#1229);
#859=LINE('',#5332,#1230);
#860=LINE('',#5334,#1231);
#861=LINE('',#5339,#1232);
#862=LINE('',#5341,#1233);
#863=LINE('',#5344,#1234);
#864=LINE('',#5347,#1235);
#865=LINE('',#5348,#1236);
#866=LINE('',#5350,#1237);
#867=LINE('',#5351,#1238);
#868=LINE('',#5354,#1239);
#869=LINE('',#5359,#1240);
#870=LINE('',#5362,#1241);
#871=LINE('',#5364,#1242);
#872=LINE('',#5367,#1243);
#873=LINE('',#5370,#1244);
#874=LINE('',#5373,#1245);
#875=LINE('',#5376,#1246);
#876=LINE('',#5379,#1247);
#877=LINE('',#5380,#1248);
#878=LINE('',#5383,#1249);
#879=LINE('',#5384,#1250);
#880=LINE('',#5386,#1251);
#881=LINE('',#5391,#1252);
#882=LINE('',#5403,#1253);
#883=LINE('',#5407,#1254);
#884=LINE('',#5410,#1255);
#885=LINE('',#5413,#1256);
#886=VECTOR('',#3560,10.);
#887=VECTOR('',#3563,10.);
#888=VECTOR('',#3566,10.);
#889=VECTOR('',#3567,10.);
#890=VECTOR('',#3568,10.);
#891=VECTOR('',#3573,10.);
#892=VECTOR('',#3576,10.);
#893=VECTOR('',#3579,10.);
#894=VECTOR('',#3580,10.);
#895=VECTOR('',#3583,10.);
#896=VECTOR('',#3586,10.);
#897=VECTOR('',#3589,10.);
#898=VECTOR('',#3590,10.);
#899=VECTOR('',#3593,10.);
#900=VECTOR('',#3596,10.);
#901=VECTOR('',#3597,10.);
#902=VECTOR('',#3598,10.);
#903=VECTOR('',#3599,10.);
#904=VECTOR('',#3602,10.);
#905=VECTOR('',#3605,10.);
#906=VECTOR('',#3606,10.);
#907=VECTOR('',#3609,10.);
#908=VECTOR('',#3612,10.);
#909=VECTOR('',#3615,10.);
#910=VECTOR('',#3616,10.);
#911=VECTOR('',#3617,10.);
#912=VECTOR('',#3618,10.);
#913=VECTOR('',#3623,10.);
#914=VECTOR('',#3628,10.);
#915=VECTOR('',#3629,10.);
#916=VECTOR('',#3630,10.);
#917=VECTOR('',#3641,10.);
#918=VECTOR('',#3644,10.);
#919=VECTOR('',#3647,10.);
#920=VECTOR('',#3648,10.);
#921=VECTOR('',#3649,10.);
#922=VECTOR('',#3654,10.);
#923=VECTOR('',#3659,10.);
#924=VECTOR('',#3660,10.);
#925=VECTOR('',#3661,10.);
#926=VECTOR('',#3666,10.);
#927=VECTOR('',#3669,10.);
#928=VECTOR('',#3672,10.);
#929=VECTOR('',#3673,10.);
#930=VECTOR('',#3678,10.);
#931=VECTOR('',#3681,10.);
#932=VECTOR('',#3684,10.);
#933=VECTOR('',#3685,10.);
#934=VECTOR('',#3688,10.);
#935=VECTOR('',#3691,10.);
#936=VECTOR('',#3694,10.);
#937=VECTOR('',#3695,10.);
#938=VECTOR('',#3696,10.);
#939=VECTOR('',#3697,10.);
#940=VECTOR('',#3698,10.);
#941=VECTOR('',#3699,10.);
#942=VECTOR('',#3700,10.);
#943=VECTOR('',#3701,10.);
#944=VECTOR('',#3702,10.);
#945=VECTOR('',#3703,10.);
#946=VECTOR('',#3704,10.);
#947=VECTOR('',#3707,10.);
#948=VECTOR('',#3710,10.);
#949=VECTOR('',#3713,10.);
#950=VECTOR('',#3714,10.);
#951=VECTOR('',#3719,10.);
#952=VECTOR('',#3724,10.);
#953=VECTOR('',#3727,10.);
#954=VECTOR('',#3728,10.);
#955=VECTOR('',#3731,10.);
#956=VECTOR('',#3732,10.);
#957=VECTOR('',#3735,10.);
#958=VECTOR('',#3736,10.);
#959=VECTOR('',#3739,10.);
#960=VECTOR('',#3740,10.);
#961=VECTOR('',#3743,10.);
#962=VECTOR('',#3746,10.);
#963=VECTOR('',#3747,10.);
#964=VECTOR('',#3750,10.);
#965=VECTOR('',#3751,10.);
#966=VECTOR('',#3756,10.);
#967=VECTOR('',#3757,10.);
#968=VECTOR('',#3760,10.);
#969=VECTOR('',#3761,10.);
#970=VECTOR('',#3762,10.);
#971=VECTOR('',#3763,10.);
#972=VECTOR('',#3764,10.);
#973=VECTOR('',#3765,10.);
#974=VECTOR('',#3768,10.);
#975=VECTOR('',#3769,10.);
#976=VECTOR('',#3772,10.);
#977=VECTOR('',#3775,10.);
#978=VECTOR('',#3776,10.);
#979=VECTOR('',#3779,10.);
#980=VECTOR('',#3780,10.);
#981=VECTOR('',#3783,10.);
#982=VECTOR('',#3786,10.);
#983=VECTOR('',#3787,10.);
#984=VECTOR('',#3790,10.);
#985=VECTOR('',#3791,10.);
#986=VECTOR('',#3794,10.);
#987=VECTOR('',#3795,10.);
#988=VECTOR('',#3798,10.);
#989=VECTOR('',#3799,10.);
#990=VECTOR('',#3802,10.);
#991=VECTOR('',#3805,10.);
#992=VECTOR('',#3808,10.);
#993=VECTOR('',#3809,10.);
#994=VECTOR('',#3810,10.);
#995=VECTOR('',#3813,10.);
#996=VECTOR('',#3816,10.);
#997=VECTOR('',#3817,10.);
#998=VECTOR('',#3818,10.);
#999=VECTOR('',#3819,10.);
#1000=VECTOR('',#3822,10.);
#1001=VECTOR('',#3825,10.);
#1002=VECTOR('',#3826,10.);
#1003=VECTOR('',#3827,10.);
#1004=VECTOR('',#3846,10.);
#1005=VECTOR('',#3849,10.);
#1006=VECTOR('',#3850,10.);
#1007=VECTOR('',#3855,10.);
#1008=VECTOR('',#3858,10.);
#1009=VECTOR('',#3861,10.);
#1010=VECTOR('',#3864,10.);
#1011=VECTOR('',#3865,10.);
#1012=VECTOR('',#3868,10.);
#1013=VECTOR('',#3871,10.);
#1014=VECTOR('',#3874,10.);
#1015=VECTOR('',#3875,10.);
#1016=VECTOR('',#3880,10.);
#1017=VECTOR('',#3883,10.);
#1018=VECTOR('',#3886,10.);
#1019=VECTOR('',#3887,10.);
#1020=VECTOR('',#3890,10.);
#1021=VECTOR('',#3891,10.);
#1022=VECTOR('',#3892,10.);
#1023=VECTOR('',#3893,10.);
#1024=VECTOR('',#3896,10.);
#1025=VECTOR('',#3897,10.);
#1026=VECTOR('',#3898,10.);
#1027=VECTOR('',#3899,10.);
#1028=VECTOR('',#3902,10.);
#1029=VECTOR('',#3903,10.);
#1030=VECTOR('',#3904,10.);
#1031=VECTOR('',#3905,10.);
#1032=VECTOR('',#3906,10.);
#1033=VECTOR('',#3907,10.);
#1034=VECTOR('',#3908,10.);
#1035=VECTOR('',#3911,10.);
#1036=VECTOR('',#3914,10.);
#1037=VECTOR('',#3917,10.);
#1038=VECTOR('',#3918,10.);
#1039=VECTOR('',#3921,10.);
#1040=VECTOR('',#3924,10.);
#1041=VECTOR('',#3925,10.);
#1042=VECTOR('',#3928,10.);
#1043=VECTOR('',#3931,10.);
#1044=VECTOR('',#3932,10.);
#1045=VECTOR('',#3935,10.);
#1046=VECTOR('',#3938,10.);
#1047=VECTOR('',#3941,10.);
#1048=VECTOR('',#3944,10.);
#1049=VECTOR('',#3947,10.);
#1050=VECTOR('',#3950,10.);
#1051=VECTOR('',#3951,10.);
#1052=VECTOR('',#3954,10.);
#1053=VECTOR('',#3957,10.);
#1054=VECTOR('',#3960,10.);
#1055=VECTOR('',#3963,10.);
#1056=VECTOR('',#3966,10.);
#1057=VECTOR('',#3969,10.);
#1058=VECTOR('',#3970,10.);
#1059=VECTOR('',#3973,10.);
#1060=VECTOR('',#3976,10.);
#1061=VECTOR('',#3979,10.);
#1062=VECTOR('',#3980,10.);
#1063=VECTOR('',#3983,10.);
#1064=VECTOR('',#3986,10.);
#1065=VECTOR('',#3989,10.);
#1066=VECTOR('',#3990,10.);
#1067=VECTOR('',#3993,10.);
#1068=VECTOR('',#3996,10.);
#1069=VECTOR('',#3999,10.);
#1070=VECTOR('',#4000,10.);
#1071=VECTOR('',#4003,10.);
#1072=VECTOR('',#4006,10.);
#1073=VECTOR('',#4009,10.);
#1074=VECTOR('',#4010,10.);
#1075=VECTOR('',#4013,10.);
#1076=VECTOR('',#4016,10.);
#1077=VECTOR('',#4019,10.);
#1078=VECTOR('',#4020,10.);
#1079=VECTOR('',#4023,10.);
#1080=VECTOR('',#4026,10.);
#1081=VECTOR('',#4029,10.);
#1082=VECTOR('',#4030,10.);
#1083=VECTOR('',#4033,10.);
#1084=VECTOR('',#4036,10.);
#1085=VECTOR('',#4039,10.);
#1086=VECTOR('',#4042,10.);
#1087=VECTOR('',#4045,10.);
#1088=VECTOR('',#4048,10.);
#1089=VECTOR('',#4049,10.);
#1090=VECTOR('',#4054,10.);
#1091=VECTOR('',#4057,10.);
#1092=VECTOR('',#4062,10.);
#1093=VECTOR('',#4063,10.);
#1094=VECTOR('',#4066,2.);
#1095=VECTOR('',#4073,2.);
#1096=VECTOR('',#4074,10.);
#1097=VECTOR('',#4079,10.);
#1098=VECTOR('',#4082,10.);
#1099=VECTOR('',#4087,10.);
#1100=VECTOR('',#4088,10.);
#1101=VECTOR('',#4091,10.);
#1102=VECTOR('',#4094,10.);
#1103=VECTOR('',#4097,10.);
#1104=VECTOR('',#4098,10.);
#1105=VECTOR('',#4101,10.);
#1106=VECTOR('',#4102,10.);
#1107=VECTOR('',#4103,10.);
#1108=VECTOR('',#4106,10.);
#1109=VECTOR('',#4107,10.);
#1110=VECTOR('',#4108,10.);
#1111=VECTOR('',#4111,10.);
#1112=VECTOR('',#4112,10.);
#1113=VECTOR('',#4113,10.);
#1114=VECTOR('',#4116,10.);
#1115=VECTOR('',#4117,10.);
#1116=VECTOR('',#4120,10.);
#1117=VECTOR('',#4121,10.);
#1118=VECTOR('',#4122,10.);
#1119=VECTOR('',#4125,10.);
#1120=VECTOR('',#4126,10.);
#1121=VECTOR('',#4129,10.);
#1122=VECTOR('',#4130,10.);
#1123=VECTOR('',#4131,10.);
#1124=VECTOR('',#4134,10.);
#1125=VECTOR('',#4135,10.);
#1126=VECTOR('',#4136,10.);
#1127=VECTOR('',#4139,10.);
#1128=VECTOR('',#4140,10.);
#1129=VECTOR('',#4141,10.);
#1130=VECTOR('',#4144,10.);
#1131=VECTOR('',#4145,10.);
#1132=VECTOR('',#4148,10.);
#1133=VECTOR('',#4149,10.);
#1134=VECTOR('',#4150,10.);
#1135=VECTOR('',#4153,10.);
#1136=VECTOR('',#4154,10.);
#1137=VECTOR('',#4155,10.);
#1138=VECTOR('',#4158,10.);
#1139=VECTOR('',#4159,10.);
#1140=VECTOR('',#4162,10.);
#1141=VECTOR('',#4163,10.);
#1142=VECTOR('',#4166,10.);
#1143=VECTOR('',#4167,10.);
#1144=VECTOR('',#4168,10.);
#1145=VECTOR('',#4171,10.);
#1146=VECTOR('',#4172,10.);
#1147=VECTOR('',#4175,10.);
#1148=VECTOR('',#4176,10.);
#1149=VECTOR('',#4177,10.);
#1150=VECTOR('',#4180,10.);
#1151=VECTOR('',#4181,10.);
#1152=VECTOR('',#4184,10.);
#1153=VECTOR('',#4185,10.);
#1154=VECTOR('',#4186,10.);
#1155=VECTOR('',#4189,10.);
#1156=VECTOR('',#4190,10.);
#1157=VECTOR('',#4191,10.);
#1158=VECTOR('',#4194,10.);
#1159=VECTOR('',#4195,10.);
#1160=VECTOR('',#4196,10.);
#1161=VECTOR('',#4199,10.);
#1162=VECTOR('',#4200,10.);
#1163=VECTOR('',#4201,10.);
#1164=VECTOR('',#4204,10.);
#1165=VECTOR('',#4205,10.);
#1166=VECTOR('',#4208,10.);
#1167=VECTOR('',#4209,10.);
#1168=VECTOR('',#4210,10.);
#1169=VECTOR('',#4213,10.);
#1170=VECTOR('',#4214,10.);
#1171=VECTOR('',#4217,10.);
#1172=VECTOR('',#4218,10.);
#1173=VECTOR('',#4219,10.);
#1174=VECTOR('',#4222,10.);
#1175=VECTOR('',#4223,10.);
#1176=VECTOR('',#4226,10.);
#1177=VECTOR('',#4227,10.);
#1178=VECTOR('',#4230,10.);
#1179=VECTOR('',#4231,10.);
#1180=VECTOR('',#4232,10.);
#1181=VECTOR('',#4235,10.);
#1182=VECTOR('',#4236,10.);
#1183=VECTOR('',#4239,10.);
#1184=VECTOR('',#4240,10.);
#1185=VECTOR('',#4243,10.);
#1186=VECTOR('',#4244,10.);
#1187=VECTOR('',#4247,10.);
#1188=VECTOR('',#4248,10.);
#1189=VECTOR('',#4251,10.);
#1190=VECTOR('',#4252,10.);
#1191=VECTOR('',#4253,10.);
#1192=VECTOR('',#4256,10.);
#1193=VECTOR('',#4257,10.);
#1194=VECTOR('',#4260,10.);
#1195=VECTOR('',#4261,10.);
#1196=VECTOR('',#4264,10.);
#1197=VECTOR('',#4265,10.);
#1198=VECTOR('',#4268,10.);
#1199=VECTOR('',#4269,10.);
#1200=VECTOR('',#4272,10.);
#1201=VECTOR('',#4273,10.);
#1202=VECTOR('',#4276,10.);
#1203=VECTOR('',#4277,10.);
#1204=VECTOR('',#4278,10.);
#1205=VECTOR('',#4279,10.);
#1206=VECTOR('',#4282,10.);
#1207=VECTOR('',#4291,10.);
#1208=VECTOR('',#4292,10.);
#1209=VECTOR('',#4293,10.);
#1210=VECTOR('',#4294,10.);
#1211=VECTOR('',#4295,10.);
#1212=VECTOR('',#4296,10.);
#1213=VECTOR('',#4297,10.);
#1214=VECTOR('',#4298,10.);
#1215=VECTOR('',#4299,10.);
#1216=VECTOR('',#4300,10.);
#1217=VECTOR('',#4301,10.);
#1218=VECTOR('',#4302,10.);
#1219=VECTOR('',#4303,10.);
#1220=VECTOR('',#4304,10.);
#1221=VECTOR('',#4307,10.);
#1222=VECTOR('',#4316,0.40575);
#1223=VECTOR('',#4319,0.8115);
#1224=VECTOR('',#4324,0.40575);
#1225=VECTOR('',#4327,0.8115);
#1226=VECTOR('',#4332,0.40575);
#1227=VECTOR('',#4335,0.8115);
#1228=VECTOR('',#4340,0.40575);
#1229=VECTOR('',#4343,0.8115);
#1230=VECTOR('',#4348,0.40575);
#1231=VECTOR('',#4351,0.8115);
#1232=VECTOR('',#4356,0.40575);
#1233=VECTOR('',#4359,0.8115);
#1234=VECTOR('',#4364,10.);
#1235=VECTOR('',#4367,10.);
#1236=VECTOR('',#4368,10.);
#1237=VECTOR('',#4371,10.);
#1238=VECTOR('',#4372,10.);
#1239=VECTOR('',#4377,10.);
#1240=VECTOR('',#4384,10.);
#1241=VECTOR('',#4387,10.);
#1242=VECTOR('',#4390,10.);
#1243=VECTOR('',#4393,10.);
#1244=VECTOR('',#4398,10.);
#1245=VECTOR('',#4401,10.);
#1246=VECTOR('',#4404,10.);
#1247=VECTOR('',#4407,10.);
#1248=VECTOR('',#4408,10.);
#1249=VECTOR('',#4413,10.);
#1250=VECTOR('',#4414,10.);
#1251=VECTOR('',#4417,10.);
#1252=VECTOR('',#4426,10.);
#1253=VECTOR('',#4449,10.);
#1254=VECTOR('',#4456,10.);
#1255=VECTOR('',#4461,10.);
#1256=VECTOR('',#4466,10.);
#1257=CIRCLE('',#3282,1.);
#1258=CIRCLE('',#3283,1.);
#1259=CIRCLE('',#3286,1.);
#1260=CIRCLE('',#3287,1.);
#1261=CIRCLE('',#3289,2.);
#1262=CIRCLE('',#3290,2.);
#1263=CIRCLE('',#3291,4.62813999018962);
#1264=CIRCLE('',#3292,2.);
#1265=CIRCLE('',#3293,2.);
#1266=CIRCLE('',#3294,2.);
#1267=CIRCLE('',#3295,2.);
#1268=CIRCLE('',#3296,4.62812509967206);
#1269=CIRCLE('',#3297,2.);
#1270=CIRCLE('',#3298,2.);
#1271=CIRCLE('',#3300,1.);
#1272=CIRCLE('',#3301,1.);
#1273=CIRCLE('',#3304,1.);
#1274=CIRCLE('',#3305,1.);
#1275=CIRCLE('',#3307,2.);
#1276=CIRCLE('',#3311,2.);
#1277=CIRCLE('',#3315,2.);
#1278=CIRCLE('',#3319,2.);
#1279=CIRCLE('',#3323,2.);
#1280=CIRCLE('',#3326,2.);
#1281=CIRCLE('',#3329,2.);
#1282=CIRCLE('',#3331,2.);
#1283=CIRCLE('',#3332,2.);
#1284=CIRCLE('',#3333,2.);
#1285=CIRCLE('',#3334,2.);
#1286=CIRCLE('',#3335,2.);
#1287=CIRCLE('',#3336,2.);
#1288=CIRCLE('',#3337,2.);
#1289=CIRCLE('',#3338,2.);
#1290=CIRCLE('',#3339,2.);
#1291=CIRCLE('',#3340,2.);
#1292=CIRCLE('',#3341,2.);
#1293=CIRCLE('',#3342,2.);
#1294=CIRCLE('',#3343,2.);
#1295=CIRCLE('',#3344,2.);
#1296=CIRCLE('',#3345,2.);
#1297=CIRCLE('',#3346,2.);
#1298=CIRCLE('',#3347,2.);
#1299=CIRCLE('',#3348,2.);
#1300=CIRCLE('',#3349,2.);
#1301=CIRCLE('',#3350,2.);
#1302=CIRCLE('',#3351,2.);
#1303=CIRCLE('',#3352,2.);
#1304=CIRCLE('',#3353,2.);
#1305=CIRCLE('',#3354,2.);
#1306=CIRCLE('',#3355,2.);
#1307=CIRCLE('',#3356,2.);
#1308=CIRCLE('',#3357,2.);
#1309=CIRCLE('',#3358,0.8115);
#1310=CIRCLE('',#3359,0.8115);
#1311=CIRCLE('',#3360,0.8115);
#1312=CIRCLE('',#3361,0.8115);
#1313=CIRCLE('',#3362,0.8115);
#1314=CIRCLE('',#3363,0.8115);
#1315=CIRCLE('',#3365,2.);
#1316=CIRCLE('',#3369,2.);
#1317=CIRCLE('',#3371,2.);
#1318=CIRCLE('',#3374,2.);
#1319=CIRCLE('',#3377,2.);
#1320=CIRCLE('',#3380,2.);
#1321=CIRCLE('',#3381,4.62812496764419);
#1322=CIRCLE('',#3394,2.);
#1323=CIRCLE('',#3397,2.);
#1324=CIRCLE('',#3400,2.);
#1325=CIRCLE('',#3403,2.);
#1326=CIRCLE('',#3406,2.);
#1327=CIRCLE('',#3409,2.);
#1328=CIRCLE('',#3412,2.);
#1329=CIRCLE('',#3415,2.);
#1330=CIRCLE('',#3418,2.);
#1331=CIRCLE('',#3421,2.);
#1332=CIRCLE('',#3424,2.);
#1333=CIRCLE('',#3427,2.);
#1334=CIRCLE('',#3429,2.);
#1335=CIRCLE('',#3432,2.);
#1336=CIRCLE('',#3434,2.);
#1337=CIRCLE('',#3436,2.);
#1338=CIRCLE('',#3438,2.);
#1339=CIRCLE('',#3441,2.);
#1340=CIRCLE('',#3492,0.8115);
#1341=CIRCLE('',#3495,0.8115);
#1342=CIRCLE('',#3498,0.8115);
#1343=CIRCLE('',#3501,0.8115);
#1344=CIRCLE('',#3504,0.8115);
#1345=CIRCLE('',#3507,0.8115);
#1346=CIRCLE('',#3518,4.62812509967206);
#1347=CIRCLE('',#3521,4.62813999018962);
#1348=CIRCLE('',#3524,4.62812496764419);
#1349=VERTEX_POINT('',#4475);
#1350=VERTEX_POINT('',#4476);
#1351=VERTEX_POINT('',#4478);
#1352=VERTEX_POINT('',#4480);
#1353=VERTEX_POINT('',#4484);
#1354=VERTEX_POINT('',#4486);
#1355=VERTEX_POINT('',#4490);
#1356=VERTEX_POINT('',#4491);
#1357=VERTEX_POINT('',#4493);
#1358=VERTEX_POINT('',#4495);
#1359=VERTEX_POINT('',#4499);
#1360=VERTEX_POINT('',#4501);
#1361=VERTEX_POINT('',#4503);
#1362=VERTEX_POINT('',#4505);
#1363=VERTEX_POINT('',#4507);
#1364=VERTEX_POINT('',#4509);
#1365=VERTEX_POINT('',#4511);
#1366=VERTEX_POINT('',#4513);
#1367=VERTEX_POINT('',#4515);
#1368=VERTEX_POINT('',#4517);
#1369=VERTEX_POINT('',#4519);
#1370=VERTEX_POINT('',#4521);
#1371=VERTEX_POINT('',#4523);
#1372=VERTEX_POINT('',#4525);
#1373=VERTEX_POINT('',#4527);
#1374=VERTEX_POINT('',#4529);
#1375=VERTEX_POINT('',#4531);
#1376=VERTEX_POINT('',#4533);
#1377=VERTEX_POINT('',#4535);
#1378=VERTEX_POINT('',#4537);
#1379=VERTEX_POINT('',#4539);
#1380=VERTEX_POINT('',#4541);
#1381=VERTEX_POINT('',#4543);
#1382=VERTEX_POINT('',#4545);
#1383=VERTEX_POINT('',#4547);
#1384=VERTEX_POINT('',#4549);
#1385=VERTEX_POINT('',#4551);
#1386=VERTEX_POINT('',#4553);
#1387=VERTEX_POINT('',#4555);
#1388=VERTEX_POINT('',#4559);
#1389=VERTEX_POINT('',#4561);
#1390=VERTEX_POINT('',#4565);
#1391=VERTEX_POINT('',#4567);
#1392=VERTEX_POINT('',#4574);
#1393=VERTEX_POINT('',#4575);
#1394=VERTEX_POINT('',#4577);
#1395=VERTEX_POINT('',#4579);
#1396=VERTEX_POINT('',#4583);
#1397=VERTEX_POINT('',#4585);
#1398=VERTEX_POINT('',#4589);
#1399=VERTEX_POINT('',#4591);
#1400=VERTEX_POINT('',#4595);
#1401=VERTEX_POINT('',#4597);
#1402=VERTEX_POINT('',#4601);
#1403=VERTEX_POINT('',#4602);
#1404=VERTEX_POINT('',#4604);
#1405=VERTEX_POINT('',#4606);
#1406=VERTEX_POINT('',#4613);
#1407=VERTEX_POINT('',#4614);
#1408=VERTEX_POINT('',#4616);
#1409=VERTEX_POINT('',#4618);
#1410=VERTEX_POINT('',#4625);
#1411=VERTEX_POINT('',#4627);
#1412=VERTEX_POINT('',#4631);
#1413=VERTEX_POINT('',#4633);
#1414=VERTEX_POINT('',#4635);
#1415=VERTEX_POINT('',#4637);
#1416=VERTEX_POINT('',#4639);
#1417=VERTEX_POINT('',#4641);
#1418=VERTEX_POINT('',#4643);
#1419=VERTEX_POINT('',#4645);
#1420=VERTEX_POINT('',#4647);
#1421=VERTEX_POINT('',#4649);
#1422=VERTEX_POINT('',#4653);
#1423=VERTEX_POINT('',#4655);
#1424=VERTEX_POINT('',#4659);
#1425=VERTEX_POINT('',#4663);
#1426=VERTEX_POINT('',#4667);
#1427=VERTEX_POINT('',#4669);
#1428=VERTEX_POINT('',#4671);
#1429=VERTEX_POINT('',#4673);
#1430=VERTEX_POINT('',#4675);
#1431=VERTEX_POINT('',#4677);
#1432=VERTEX_POINT('',#4679);
#1433=VERTEX_POINT('',#4681);
#1434=VERTEX_POINT('',#4683);
#1435=VERTEX_POINT('',#4685);
#1436=VERTEX_POINT('',#4687);
#1437=VERTEX_POINT('',#4689);
#1438=VERTEX_POINT('',#4691);
#1439=VERTEX_POINT('',#4693);
#1440=VERTEX_POINT('',#4695);
#1441=VERTEX_POINT('',#4697);
#1442=VERTEX_POINT('',#4699);
#1443=VERTEX_POINT('',#4701);
#1444=VERTEX_POINT('',#4703);
#1445=VERTEX_POINT('',#4705);
#1446=VERTEX_POINT('',#4707);
#1447=VERTEX_POINT('',#4709);
#1448=VERTEX_POINT('',#4712);
#1449=VERTEX_POINT('',#4714);
#1450=VERTEX_POINT('',#4716);
#1451=VERTEX_POINT('',#4718);
#1452=VERTEX_POINT('',#4720);
#1453=VERTEX_POINT('',#4722);
#1454=VERTEX_POINT('',#4724);
#1455=VERTEX_POINT('',#4726);
#1456=VERTEX_POINT('',#4728);
#1457=VERTEX_POINT('',#4730);
#1458=VERTEX_POINT('',#4732);
#1459=VERTEX_POINT('',#4734);
#1460=VERTEX_POINT('',#4736);
#1461=VERTEX_POINT('',#4738);
#1462=VERTEX_POINT('',#4740);
#1463=VERTEX_POINT('',#4742);
#1464=VERTEX_POINT('',#4744);
#1465=VERTEX_POINT('',#4746);
#1466=VERTEX_POINT('',#4748);
#1467=VERTEX_POINT('',#4750);
#1468=VERTEX_POINT('',#4752);
#1469=VERTEX_POINT('',#4754);
#1470=VERTEX_POINT('',#4756);
#1471=VERTEX_POINT('',#4758);
#1472=VERTEX_POINT('',#4760);
#1473=VERTEX_POINT('',#4762);
#1474=VERTEX_POINT('',#4764);
#1475=VERTEX_POINT('',#4766);
#1476=VERTEX_POINT('',#4768);
#1477=VERTEX_POINT('',#4770);
#1478=VERTEX_POINT('',#4772);
#1479=VERTEX_POINT('',#4774);
#1480=VERTEX_POINT('',#4776);
#1481=VERTEX_POINT('',#4778);
#1482=VERTEX_POINT('',#4780);
#1483=VERTEX_POINT('',#4782);
#1484=VERTEX_POINT('',#4784);
#1485=VERTEX_POINT('',#4786);
#1486=VERTEX_POINT('',#4788);
#1487=VERTEX_POINT('',#4790);
#1488=VERTEX_POINT('',#4792);
#1489=VERTEX_POINT('',#4794);
#1490=VERTEX_POINT('',#4796);
#1491=VERTEX_POINT('',#4798);
#1492=VERTEX_POINT('',#4800);
#1493=VERTEX_POINT('',#4802);
#1494=VERTEX_POINT('',#4804);
#1495=VERTEX_POINT('',#4806);
#1496=VERTEX_POINT('',#4808);
#1497=VERTEX_POINT('',#4810);
#1498=VERTEX_POINT('',#4812);
#1499=VERTEX_POINT('',#4814);
#1500=VERTEX_POINT('',#4816);
#1501=VERTEX_POINT('',#4818);
#1502=VERTEX_POINT('',#4820);
#1503=VERTEX_POINT('',#4823);
#1504=VERTEX_POINT('',#4825);
#1505=VERTEX_POINT('',#4827);
#1506=VERTEX_POINT('',#4829);
#1507=VERTEX_POINT('',#4831);
#1508=VERTEX_POINT('',#4833);
#1509=VERTEX_POINT('',#4836);
#1510=VERTEX_POINT('',#4838);
#1511=VERTEX_POINT('',#4845);
#1512=VERTEX_POINT('',#4849);
#1513=VERTEX_POINT('',#4851);
#1514=VERTEX_POINT('',#4855);
#1515=VERTEX_POINT('',#4859);
#1516=VERTEX_POINT('',#4861);
#1517=VERTEX_POINT('',#4865);
#1518=VERTEX_POINT('',#4869);
#1519=VERTEX_POINT('',#4870);
#1520=VERTEX_POINT('',#4872);
#1521=VERTEX_POINT('',#4874);
#1522=VERTEX_POINT('',#4879);
#1523=VERTEX_POINT('',#4881);
#1524=VERTEX_POINT('',#4883);
#1525=VERTEX_POINT('',#4886);
#1526=VERTEX_POINT('',#4888);
#1527=VERTEX_POINT('',#4890);
#1528=VERTEX_POINT('',#4892);
#1529=VERTEX_POINT('',#4894);
#1530=VERTEX_POINT('',#4900);
#1531=VERTEX_POINT('',#4902);
#1532=VERTEX_POINT('',#4906);
#1533=VERTEX_POINT('',#4933);
#1534=VERTEX_POINT('',#4935);
#1535=VERTEX_POINT('',#4939);
#1536=VERTEX_POINT('',#4943);
#1537=VERTEX_POINT('',#4945);
#1538=VERTEX_POINT('',#4951);
#1539=VERTEX_POINT('',#4953);
#1540=VERTEX_POINT('',#4957);
#1541=VERTEX_POINT('',#4961);
#1542=VERTEX_POINT('',#4963);
#1543=VERTEX_POINT('',#4967);
#1544=VERTEX_POINT('',#4971);
#1545=VERTEX_POINT('',#4973);
#1546=VERTEX_POINT('',#4977);
#1547=VERTEX_POINT('',#4981);
#1548=VERTEX_POINT('',#4983);
#1549=VERTEX_POINT('',#4987);
#1550=VERTEX_POINT('',#4991);
#1551=VERTEX_POINT('',#4993);
#1552=VERTEX_POINT('',#4997);
#1553=VERTEX_POINT('',#5001);
#1554=VERTEX_POINT('',#5003);
#1555=VERTEX_POINT('',#5007);
#1556=VERTEX_POINT('',#5011);
#1557=VERTEX_POINT('',#5013);
#1558=VERTEX_POINT('',#5017);
#1559=VERTEX_POINT('',#5021);
#1560=VERTEX_POINT('',#5023);
#1561=VERTEX_POINT('',#5029);
#1562=VERTEX_POINT('',#5031);
#1563=VERTEX_POINT('',#5035);
#1564=VERTEX_POINT('',#5039);
#1565=VERTEX_POINT('',#5043);
#1566=VERTEX_POINT('',#5047);
#1567=VERTEX_POINT('',#5051);
#1568=VERTEX_POINT('',#5055);
#1569=VERTEX_POINT('',#5056);
#1570=VERTEX_POINT('',#5061);
#1571=VERTEX_POINT('',#5065);
#1572=VERTEX_POINT('',#5069);
#1573=VERTEX_POINT('',#5073);
#1574=VERTEX_POINT('',#5075);
#1575=VERTEX_POINT('',#5079);
#1576=VERTEX_POINT('',#5083);
#1577=VERTEX_POINT('',#5084);
#1578=VERTEX_POINT('',#5086);
#1579=VERTEX_POINT('',#5090);
#1580=VERTEX_POINT('',#5091);
#1581=VERTEX_POINT('',#5093);
#1582=VERTEX_POINT('',#5097);
#1583=VERTEX_POINT('',#5098);
#1584=VERTEX_POINT('',#5100);
#1585=VERTEX_POINT('',#5107);
#1586=VERTEX_POINT('',#5108);
#1587=VERTEX_POINT('',#5110);
#1588=VERTEX_POINT('',#5117);
#1589=VERTEX_POINT('',#5118);
#1590=VERTEX_POINT('',#5120);
#1591=VERTEX_POINT('',#5124);
#1592=VERTEX_POINT('',#5126);
#1593=VERTEX_POINT('',#5130);
#1594=VERTEX_POINT('',#5131);
#1595=VERTEX_POINT('',#5133);
#1596=VERTEX_POINT('',#5140);
#1597=VERTEX_POINT('',#5142);
#1598=VERTEX_POINT('',#5146);
#1599=VERTEX_POINT('',#5147);
#1600=VERTEX_POINT('',#5149);
#1601=VERTEX_POINT('',#5159);
#1602=VERTEX_POINT('',#5160);
#1603=VERTEX_POINT('',#5162);
#1604=VERTEX_POINT('',#5169);
#1605=VERTEX_POINT('',#5170);
#1606=VERTEX_POINT('',#5172);
#1607=VERTEX_POINT('',#5179);
#1608=VERTEX_POINT('',#5180);
#1609=VERTEX_POINT('',#5182);
#1610=VERTEX_POINT('',#5186);
#1611=VERTEX_POINT('',#5191);
#1612=VERTEX_POINT('',#5193);
#1613=VERTEX_POINT('',#5197);
#1614=VERTEX_POINT('',#5198);
#1615=VERTEX_POINT('',#5200);
#1616=VERTEX_POINT('',#5207);
#1617=VERTEX_POINT('',#5208);
#1618=VERTEX_POINT('',#5210);
#1619=VERTEX_POINT('',#5217);
#1620=VERTEX_POINT('',#5218);
#1621=VERTEX_POINT('',#5220);
#1622=VERTEX_POINT('',#5230);
#1623=VERTEX_POINT('',#5231);
#1624=VERTEX_POINT('',#5233);
#1625=VERTEX_POINT('',#5249);
#1626=VERTEX_POINT('',#5251);
#1627=VERTEX_POINT('',#5271);
#1628=VERTEX_POINT('',#5291);
#1629=VERTEX_POINT('',#5301);
#1630=VERTEX_POINT('',#5303);
#1631=VERTEX_POINT('',#5308);
#1632=VERTEX_POINT('',#5310);
#1633=VERTEX_POINT('',#5315);
#1634=VERTEX_POINT('',#5317);
#1635=VERTEX_POINT('',#5322);
#1636=VERTEX_POINT('',#5324);
#1637=VERTEX_POINT('',#5329);
#1638=VERTEX_POINT('',#5331);
#1639=VERTEX_POINT('',#5336);
#1640=VERTEX_POINT('',#5338);
#1641=VERTEX_POINT('',#5346);
#1642=VERTEX_POINT('',#5358);
#1643=VERTEX_POINT('',#5360);
#1644=VERTEX_POINT('',#5366);
#1645=VERTEX_POINT('',#5372);
#1646=VERTEX_POINT('',#5374);
#1647=VERTEX_POINT('',#5378);
#1648=EDGE_CURVE('',#1349,#1350,#1257,.T.);
#1649=EDGE_CURVE('',#1350,#1351,#515,.T.);
#1650=EDGE_CURVE('',#1351,#1352,#1258,.T.);
#1651=EDGE_CURVE('',#1352,#1349,#516,.T.);
#1652=EDGE_CURVE('',#1353,#1350,#517,.T.);
#1653=EDGE_CURVE('',#1354,#1353,#518,.T.);
#1654=EDGE_CURVE('',#1351,#1354,#519,.T.);
#1655=EDGE_CURVE('',#1355,#1356,#1259,.T.);
#1656=EDGE_CURVE('',#1356,#1357,#520,.T.);
#1657=EDGE_CURVE('',#1357,#1358,#1260,.T.);
#1658=EDGE_CURVE('',#1358,#1355,#521,.T.);
#1659=EDGE_CURVE('',#1356,#1359,#522,.T.);
#1660=EDGE_CURVE('',#1359,#1360,#523,.T.);
#1661=EDGE_CURVE('',#1360,#1361,#1261,.T.);
#1662=EDGE_CURVE('',#1361,#1362,#524,.T.);
#1663=EDGE_CURVE('',#1363,#1362,#1262,.T.);
#1664=EDGE_CURVE('',#1363,#1364,#525,.T.);
#1665=EDGE_CURVE('',#1364,#1365,#1263,.T.);
#1666=EDGE_CURVE('',#1365,#1366,#526,.T.);
#1667=EDGE_CURVE('',#1366,#1367,#527,.T.);
#1668=EDGE_CURVE('',#1368,#1367,#1264,.T.);
#1669=EDGE_CURVE('',#1368,#1369,#528,.T.);
#1670=EDGE_CURVE('',#1370,#1369,#1265,.T.);
#1671=EDGE_CURVE('',#1370,#1371,#529,.T.);
#1672=EDGE_CURVE('',#1371,#1372,#530,.T.);
#1673=EDGE_CURVE('',#1372,#1373,#531,.T.);
#1674=EDGE_CURVE('',#1373,#1374,#532,.T.);
#1675=EDGE_CURVE('',#1375,#1374,#1266,.T.);
#1676=EDGE_CURVE('',#1375,#1376,#533,.T.);
#1677=EDGE_CURVE('',#1377,#1376,#1267,.T.);
#1678=EDGE_CURVE('',#1377,#1378,#534,.T.);
#1679=EDGE_CURVE('',#1378,#1379,#535,.T.);
#1680=EDGE_CURVE('',#1379,#1380,#1268,.T.);
#1681=EDGE_CURVE('',#1380,#1381,#536,.T.);
#1682=EDGE_CURVE('',#1382,#1381,#1269,.T.);
#1683=EDGE_CURVE('',#1382,#1383,#537,.T.);
#1684=EDGE_CURVE('',#1383,#1384,#1270,.T.);
#1685=EDGE_CURVE('',#1384,#1385,#538,.T.);
#1686=EDGE_CURVE('',#1385,#1386,#539,.T.);
#1687=EDGE_CURVE('',#1387,#1386,#540,.T.);
#1688=EDGE_CURVE('',#1357,#1387,#541,.T.);
#1689=EDGE_CURVE('',#1386,#1388,#1271,.T.);
#1690=EDGE_CURVE('',#1388,#1389,#542,.T.);
#1691=EDGE_CURVE('',#1389,#1387,#1272,.T.);
#1692=EDGE_CURVE('',#1390,#1388,#543,.T.);
#1693=EDGE_CURVE('',#1391,#1390,#544,.T.);
#1694=EDGE_CURVE('',#1389,#1391,#545,.T.);
#1695=EDGE_CURVE('',#1353,#1391,#1273,.T.);
#1696=EDGE_CURVE('',#1390,#1354,#1274,.T.);
#1697=EDGE_CURVE('',#1392,#1393,#1275,.T.);
#1698=EDGE_CURVE('',#1392,#1394,#546,.T.);
#1699=EDGE_CURVE('',#1394,#1395,#30,.T.);
#1700=EDGE_CURVE('',#1395,#1393,#547,.T.);
#1701=EDGE_CURVE('',#1396,#1392,#548,.T.);
#1702=EDGE_CURVE('',#1397,#1396,#549,.T.);
#1703=EDGE_CURVE('',#1397,#1394,#550,.T.);
#1704=EDGE_CURVE('',#1398,#1396,#1276,.T.);
#1705=EDGE_CURVE('',#1398,#1399,#551,.T.);
#1706=EDGE_CURVE('',#1399,#1397,#31,.T.);
#1707=EDGE_CURVE('',#1400,#1398,#552,.T.);
#1708=EDGE_CURVE('',#1401,#1400,#553,.T.);
#1709=EDGE_CURVE('',#1401,#1399,#554,.T.);
#1710=EDGE_CURVE('',#1402,#1403,#1277,.T.);
#1711=EDGE_CURVE('',#1402,#1404,#555,.T.);
#1712=EDGE_CURVE('',#1404,#1405,#32,.T.);
#1713=EDGE_CURVE('',#1405,#1403,#556,.T.);
#1714=EDGE_CURVE('',#1405,#1401,#557,.T.);
#1715=EDGE_CURVE('',#1403,#1400,#558,.T.);
#1716=EDGE_CURVE('',#1406,#1407,#1278,.T.);
#1717=EDGE_CURVE('',#1406,#1408,#559,.T.);
#1718=EDGE_CURVE('',#1408,#1409,#33,.T.);
#1719=EDGE_CURVE('',#1409,#1407,#560,.T.);
#1720=EDGE_CURVE('',#1407,#1402,#561,.T.);
#1721=EDGE_CURVE('',#1409,#1404,#562,.T.);
#1722=EDGE_CURVE('',#1360,#1410,#563,.T.);
#1723=EDGE_CURVE('',#1410,#1411,#1279,.T.);
#1724=EDGE_CURVE('',#1411,#1361,#564,.T.);
#1725=EDGE_CURVE('',#1411,#1412,#565,.T.);
#1726=EDGE_CURVE('',#1412,#1413,#566,.T.);
#1727=EDGE_CURVE('',#1414,#1413,#567,.T.);
#1728=EDGE_CURVE('',#1414,#1415,#568,.T.);
#1729=EDGE_CURVE('',#1416,#1415,#569,.T.);
#1730=EDGE_CURVE('',#1416,#1417,#570,.T.);
#1731=EDGE_CURVE('',#1418,#1417,#571,.T.);
#1732=EDGE_CURVE('',#1419,#1418,#572,.T.);
#1733=EDGE_CURVE('',#1420,#1419,#573,.T.);
#1734=EDGE_CURVE('',#1420,#1421,#574,.T.);
#1735=EDGE_CURVE('',#1362,#1421,#575,.T.);
#1736=EDGE_CURVE('',#1383,#1422,#576,.T.);
#1737=EDGE_CURVE('',#1422,#1423,#1280,.T.);
#1738=EDGE_CURVE('',#1423,#1384,#577,.T.);
#1739=EDGE_CURVE('',#1423,#1424,#578,.T.);
#1740=EDGE_CURVE('',#1385,#1424,#579,.T.);
#1741=EDGE_CURVE('',#1425,#1421,#1281,.T.);
#1742=EDGE_CURVE('',#1425,#1363,#580,.T.);
#1743=EDGE_CURVE('',#1426,#1420,#1282,.T.);
#1744=EDGE_CURVE('',#1426,#1427,#581,.T.);
#1745=EDGE_CURVE('',#1427,#1428,#1283,.F.);
#1746=EDGE_CURVE('',#1428,#1429,#582,.T.);
#1747=EDGE_CURVE('',#1429,#1430,#583,.T.);
#1748=EDGE_CURVE('',#1431,#1430,#1284,.T.);
#1749=EDGE_CURVE('',#1431,#1432,#584,.T.);
#1750=EDGE_CURVE('',#1432,#1433,#585,.T.);
#1751=EDGE_CURVE('',#1434,#1433,#1285,.T.);
#1752=EDGE_CURVE('',#1434,#1435,#586,.T.);
#1753=EDGE_CURVE('',#1435,#1436,#587,.T.);
#1754=EDGE_CURVE('',#1437,#1436,#1286,.T.);
#1755=EDGE_CURVE('',#1437,#1438,#588,.T.);
#1756=EDGE_CURVE('',#1438,#1439,#589,.T.);
#1757=EDGE_CURVE('',#1440,#1439,#1287,.T.);
#1758=EDGE_CURVE('',#1440,#1441,#590,.T.);
#1759=EDGE_CURVE('',#1442,#1441,#1288,.T.);
#1760=EDGE_CURVE('',#1442,#1443,#591,.T.);
#1761=EDGE_CURVE('',#1443,#1444,#592,.T.);
#1762=EDGE_CURVE('',#1445,#1444,#1289,.T.);
#1763=EDGE_CURVE('',#1445,#1446,#593,.T.);
#1764=EDGE_CURVE('',#1446,#1447,#594,.T.);
#1765=EDGE_CURVE('',#1417,#1447,#1290,.T.);
#1766=EDGE_CURVE('',#1416,#1448,#1291,.T.);
#1767=EDGE_CURVE('',#1449,#1448,#595,.T.);
#1768=EDGE_CURVE('',#1450,#1449,#596,.T.);
#1769=EDGE_CURVE('',#1450,#1451,#1292,.T.);
#1770=EDGE_CURVE('',#1452,#1451,#597,.T.);
#1771=EDGE_CURVE('',#1453,#1452,#598,.T.);
#1772=EDGE_CURVE('',#1454,#1453,#599,.T.);
#1773=EDGE_CURVE('',#1455,#1454,#600,.T.);
#1774=EDGE_CURVE('',#1456,#1455,#601,.T.);
#1775=EDGE_CURVE('',#1457,#1456,#602,.T.);
#1776=EDGE_CURVE('',#1457,#1458,#1293,.T.);
#1777=EDGE_CURVE('',#1459,#1458,#603,.T.);
#1778=EDGE_CURVE('',#1460,#1459,#604,.T.);
#1779=EDGE_CURVE('',#1460,#1461,#1294,.T.);
#1780=EDGE_CURVE('',#1462,#1461,#605,.T.);
#1781=EDGE_CURVE('',#1463,#1462,#1295,.T.);
#1782=EDGE_CURVE('',#1463,#1464,#606,.T.);
#1783=EDGE_CURVE('',#1464,#1465,#607,.T.);
#1784=EDGE_CURVE('',#1466,#1465,#1296,.T.);
#1785=EDGE_CURVE('',#1466,#1467,#608,.T.);
#1786=EDGE_CURVE('',#1467,#1468,#609,.T.);
#1787=EDGE_CURVE('',#1469,#1468,#1297,.T.);
#1788=EDGE_CURVE('',#1469,#1470,#610,.T.);
#1789=EDGE_CURVE('',#1471,#1470,#1298,.T.);
#1790=EDGE_CURVE('',#1471,#1472,#611,.T.);
#1791=EDGE_CURVE('',#1472,#1473,#612,.T.);
#1792=EDGE_CURVE('',#1474,#1473,#1299,.T.);
#1793=EDGE_CURVE('',#1474,#1475,#613,.T.);
#1794=EDGE_CURVE('',#1475,#1476,#614,.T.);
#1795=EDGE_CURVE('',#1477,#1476,#1300,.T.);
#1796=EDGE_CURVE('',#1477,#1478,#615,.T.);
#1797=EDGE_CURVE('',#1478,#1479,#616,.T.);
#1798=EDGE_CURVE('',#1480,#1479,#1301,.T.);
#1799=EDGE_CURVE('',#1480,#1481,#617,.T.);
#1800=EDGE_CURVE('',#1481,#1482,#618,.T.);
#1801=EDGE_CURVE('',#1482,#1483,#1302,.F.);
#1802=EDGE_CURVE('',#1483,#1484,#619,.T.);
#1803=EDGE_CURVE('',#1485,#1484,#1303,.T.);
#1804=EDGE_CURVE('',#1486,#1485,#620,.T.);
#1805=EDGE_CURVE('',#1486,#1487,#1304,.T.);
#1806=EDGE_CURVE('',#1488,#1487,#621,.T.);
#1807=EDGE_CURVE('',#1489,#1488,#622,.T.);
#1808=EDGE_CURVE('',#1490,#1489,#623,.T.);
#1809=EDGE_CURVE('',#1490,#1491,#1305,.T.);
#1810=EDGE_CURVE('',#1492,#1491,#624,.T.);
#1811=EDGE_CURVE('',#1492,#1493,#1306,.T.);
#1812=EDGE_CURVE('',#1494,#1493,#625,.T.);
#1813=EDGE_CURVE('',#1495,#1494,#626,.T.);
#1814=EDGE_CURVE('',#1496,#1495,#627,.T.);
#1815=EDGE_CURVE('',#1497,#1496,#628,.T.);
#1816=EDGE_CURVE('',#1497,#1498,#1307,.T.);
#1817=EDGE_CURVE('',#1499,#1498,#629,.T.);
#1818=EDGE_CURVE('',#1499,#1500,#1308,.T.);
#1819=EDGE_CURVE('',#1501,#1500,#630,.T.);
#1820=EDGE_CURVE('',#1502,#1501,#631,.T.);
#1821=EDGE_CURVE('',#1425,#1502,#632,.T.);
#1822=EDGE_CURVE('',#1503,#1503,#1309,.T.);
#1823=EDGE_CURVE('',#1504,#1504,#1310,.T.);
#1824=EDGE_CURVE('',#1505,#1505,#1311,.T.);
#1825=EDGE_CURVE('',#1506,#1506,#1312,.T.);
#1826=EDGE_CURVE('',#1507,#1507,#1313,.T.);
#1827=EDGE_CURVE('',#1508,#1508,#1314,.T.);
#1828=EDGE_CURVE('',#1414,#1509,#1315,.T.);
#1829=EDGE_CURVE('',#1413,#1510,#34,.T.);
#1830=EDGE_CURVE('',#1510,#1509,#633,.T.);
#1831=EDGE_CURVE('',#1509,#1406,#634,.T.);
#1832=EDGE_CURVE('',#1510,#1408,#635,.T.);
#1833=EDGE_CURVE('',#1415,#1511,#1316,.T.);
#1834=EDGE_CURVE('',#1511,#1448,#636,.T.);
#1835=EDGE_CURVE('',#1450,#1512,#637,.T.);
#1836=EDGE_CURVE('',#1512,#1513,#1317,.T.);
#1837=EDGE_CURVE('',#1513,#1451,#638,.T.);
#1838=EDGE_CURVE('',#1514,#1449,#639,.T.);
#1839=EDGE_CURVE('',#1512,#1514,#640,.T.);
#1840=EDGE_CURVE('',#1457,#1515,#641,.T.);
#1841=EDGE_CURVE('',#1515,#1516,#1318,.T.);
#1842=EDGE_CURVE('',#1516,#1458,#642,.T.);
#1843=EDGE_CURVE('',#1517,#1456,#643,.T.);
#1844=EDGE_CURVE('',#1515,#1517,#644,.T.);
#1845=EDGE_CURVE('',#1518,#1519,#1319,.T.);
#1846=EDGE_CURVE('',#1518,#1520,#645,.T.);
#1847=EDGE_CURVE('',#1520,#1521,#35,.T.);
#1848=EDGE_CURVE('',#1521,#1519,#646,.T.);
#1849=EDGE_CURVE('',#1393,#1518,#647,.T.);
#1850=EDGE_CURVE('',#1522,#1519,#648,.T.);
#1851=EDGE_CURVE('',#1522,#1523,#1320,.F.);
#1852=EDGE_CURVE('',#1523,#1524,#649,.T.);
#1853=EDGE_CURVE('',#1524,#1516,#650,.T.);
#1854=EDGE_CURVE('',#1517,#1525,#651,.T.);
#1855=EDGE_CURVE('',#1525,#1526,#652,.T.);
#1856=EDGE_CURVE('',#1526,#1527,#1321,.T.);
#1857=EDGE_CURVE('',#1527,#1528,#653,.T.);
#1858=EDGE_CURVE('',#1528,#1529,#654,.T.);
#1859=EDGE_CURVE('',#1529,#1513,#655,.T.);
#1860=EDGE_CURVE('',#1514,#1511,#656,.T.);
#1861=EDGE_CURVE('',#1486,#1382,#657,.T.);
#1862=EDGE_CURVE('',#1530,#1485,#658,.T.);
#1863=EDGE_CURVE('',#1531,#1530,#659,.T.);
#1864=EDGE_CURVE('',#1462,#1531,#660,.T.);
#1865=EDGE_CURVE('',#1522,#1461,#661,.T.);
#1866=EDGE_CURVE('',#1521,#1532,#662,.T.);
#1867=EDGE_CURVE('',#1532,#1422,#663,.T.);
#1868=EDGE_CURVE('',#1460,#1523,#664,.T.);
#1869=EDGE_CURVE('',#1381,#1487,#665,.T.);
#1870=EDGE_CURVE('',#1490,#1377,#666,.T.);
#1871=EDGE_CURVE('',#1376,#1491,#667,.T.);
#1872=EDGE_CURVE('',#1378,#1489,#668,.T.);
#1873=EDGE_CURVE('',#1492,#1375,#669,.T.);
#1874=EDGE_CURVE('',#1374,#1493,#670,.T.);
#1875=EDGE_CURVE('',#1373,#1494,#671,.T.);
#1876=EDGE_CURVE('',#1497,#1370,#672,.T.);
#1877=EDGE_CURVE('',#1369,#1498,#673,.T.);
#1878=EDGE_CURVE('',#1499,#1368,#674,.T.);
#1879=EDGE_CURVE('',#1367,#1500,#675,.T.);
#1880=EDGE_CURVE('',#1501,#1366,#676,.T.);
#1881=EDGE_CURVE('',#1468,#1533,#677,.T.);
#1882=EDGE_CURVE('',#1533,#1534,#1322,.T.);
#1883=EDGE_CURVE('',#1534,#1469,#678,.T.);
#1884=EDGE_CURVE('',#1467,#1535,#679,.T.);
#1885=EDGE_CURVE('',#1533,#1535,#680,.T.);
#1886=EDGE_CURVE('',#1470,#1536,#681,.T.);
#1887=EDGE_CURVE('',#1536,#1537,#1323,.T.);
#1888=EDGE_CURVE('',#1537,#1471,#682,.T.);
#1889=EDGE_CURVE('',#1536,#1534,#683,.T.);
#1890=EDGE_CURVE('',#1473,#1538,#684,.T.);
#1891=EDGE_CURVE('',#1538,#1539,#1324,.T.);
#1892=EDGE_CURVE('',#1539,#1474,#685,.T.);
#1893=EDGE_CURVE('',#1472,#1540,#686,.T.);
#1894=EDGE_CURVE('',#1538,#1540,#687,.T.);
#1895=EDGE_CURVE('',#1476,#1541,#688,.T.);
#1896=EDGE_CURVE('',#1541,#1542,#1325,.T.);
#1897=EDGE_CURVE('',#1542,#1477,#689,.T.);
#1898=EDGE_CURVE('',#1475,#1543,#690,.T.);
#1899=EDGE_CURVE('',#1541,#1543,#691,.T.);
#1900=EDGE_CURVE('',#1479,#1544,#692,.T.);
#1901=EDGE_CURVE('',#1544,#1545,#1326,.T.);
#1902=EDGE_CURVE('',#1545,#1480,#693,.T.);
#1903=EDGE_CURVE('',#1478,#1546,#694,.T.);
#1904=EDGE_CURVE('',#1544,#1546,#695,.T.);
#1905=EDGE_CURVE('',#1430,#1547,#696,.T.);
#1906=EDGE_CURVE('',#1547,#1548,#1327,.T.);
#1907=EDGE_CURVE('',#1548,#1431,#697,.T.);
#1908=EDGE_CURVE('',#1429,#1549,#698,.T.);
#1909=EDGE_CURVE('',#1547,#1549,#699,.T.);
#1910=EDGE_CURVE('',#1433,#1550,#700,.T.);
#1911=EDGE_CURVE('',#1550,#1551,#1328,.T.);
#1912=EDGE_CURVE('',#1551,#1434,#701,.T.);
#1913=EDGE_CURVE('',#1432,#1552,#702,.T.);
#1914=EDGE_CURVE('',#1550,#1552,#703,.T.);
#1915=EDGE_CURVE('',#1436,#1553,#704,.T.);
#1916=EDGE_CURVE('',#1553,#1554,#1329,.T.);
#1917=EDGE_CURVE('',#1554,#1437,#705,.T.);
#1918=EDGE_CURVE('',#1435,#1555,#706,.T.);
#1919=EDGE_CURVE('',#1553,#1555,#707,.T.);
#1920=EDGE_CURVE('',#1439,#1556,#708,.T.);
#1921=EDGE_CURVE('',#1556,#1557,#1330,.T.);
#1922=EDGE_CURVE('',#1557,#1440,#709,.T.);
#1923=EDGE_CURVE('',#1438,#1558,#710,.T.);
#1924=EDGE_CURVE('',#1556,#1558,#711,.T.);
#1925=EDGE_CURVE('',#1441,#1559,#712,.T.);
#1926=EDGE_CURVE('',#1559,#1560,#1331,.T.);
#1927=EDGE_CURVE('',#1560,#1442,#713,.T.);
#1928=EDGE_CURVE('',#1559,#1557,#714,.T.);
#1929=EDGE_CURVE('',#1465,#1561,#715,.T.);
#1930=EDGE_CURVE('',#1561,#1562,#1332,.T.);
#1931=EDGE_CURVE('',#1562,#1466,#716,.T.);
#1932=EDGE_CURVE('',#1464,#1563,#717,.T.);
#1933=EDGE_CURVE('',#1561,#1563,#718,.T.);
#1934=EDGE_CURVE('',#1531,#1564,#1333,.T.);
#1935=EDGE_CURVE('',#1564,#1463,#719,.T.);
#1936=EDGE_CURVE('',#1484,#1565,#720,.T.);
#1937=EDGE_CURVE('',#1565,#1530,#1334,.T.);
#1938=EDGE_CURVE('',#1483,#1566,#721,.T.);
#1939=EDGE_CURVE('',#1565,#1566,#722,.T.);
#1940=EDGE_CURVE('',#1482,#1567,#723,.T.);
#1941=EDGE_CURVE('',#1567,#1566,#1335,.T.);
#1942=EDGE_CURVE('',#1568,#1569,#1336,.T.);
#1943=EDGE_CURVE('',#1569,#1428,#724,.T.);
#1944=EDGE_CURVE('',#1427,#1568,#725,.T.);
#1945=EDGE_CURVE('',#1419,#1570,#1337,.T.);
#1946=EDGE_CURVE('',#1570,#1426,#726,.T.);
#1947=EDGE_CURVE('',#1447,#1571,#727,.T.);
#1948=EDGE_CURVE('',#1571,#1418,#1338,.T.);
#1949=EDGE_CURVE('',#1446,#1572,#728,.T.);
#1950=EDGE_CURVE('',#1571,#1572,#729,.T.);
#1951=EDGE_CURVE('',#1444,#1573,#730,.T.);
#1952=EDGE_CURVE('',#1573,#1574,#1339,.T.);
#1953=EDGE_CURVE('',#1574,#1445,#731,.T.);
#1954=EDGE_CURVE('',#1443,#1575,#732,.T.);
#1955=EDGE_CURVE('',#1573,#1575,#733,.T.);
#1956=EDGE_CURVE('',#1576,#1577,#734,.T.);
#1957=EDGE_CURVE('',#1578,#1576,#735,.T.);
#1958=EDGE_CURVE('',#1577,#1578,#736,.T.);
#1959=EDGE_CURVE('',#1579,#1580,#737,.T.);
#1960=EDGE_CURVE('',#1581,#1579,#738,.T.);
#1961=EDGE_CURVE('',#1580,#1581,#739,.T.);
#1962=EDGE_CURVE('',#1582,#1583,#740,.T.);
#1963=EDGE_CURVE('',#1584,#1582,#741,.T.);
#1964=EDGE_CURVE('',#1583,#1584,#742,.T.);
#1965=EDGE_CURVE('',#1577,#1584,#743,.T.);
#1966=EDGE_CURVE('',#1582,#1576,#744,.T.);
#1967=EDGE_CURVE('',#1585,#1586,#745,.T.);
#1968=EDGE_CURVE('',#1587,#1585,#746,.T.);
#1969=EDGE_CURVE('',#1586,#1587,#747,.T.);
#1970=EDGE_CURVE('',#1585,#1577,#748,.T.);
#1971=EDGE_CURVE('',#1578,#1587,#749,.T.);
#1972=EDGE_CURVE('',#1588,#1589,#750,.T.);
#1973=EDGE_CURVE('',#1590,#1588,#751,.T.);
#1974=EDGE_CURVE('',#1589,#1590,#752,.T.);
#1975=EDGE_CURVE('',#1591,#1590,#753,.T.);
#1976=EDGE_CURVE('',#1588,#1592,#754,.T.);
#1977=EDGE_CURVE('',#1592,#1591,#755,.T.);
#1978=EDGE_CURVE('',#1593,#1594,#756,.T.);
#1979=EDGE_CURVE('',#1595,#1593,#757,.T.);
#1980=EDGE_CURVE('',#1594,#1595,#758,.T.);
#1981=EDGE_CURVE('',#1593,#1580,#759,.T.);
#1982=EDGE_CURVE('',#1581,#1595,#760,.T.);
#1983=EDGE_CURVE('',#1596,#1582,#761,.T.);
#1984=EDGE_CURVE('',#1583,#1597,#762,.T.);
#1985=EDGE_CURVE('',#1597,#1596,#763,.T.);
#1986=EDGE_CURVE('',#1598,#1599,#764,.T.);
#1987=EDGE_CURVE('',#1600,#1598,#765,.T.);
#1988=EDGE_CURVE('',#1599,#1600,#766,.T.);
#1989=EDGE_CURVE('',#1598,#1583,#767,.T.);
#1990=EDGE_CURVE('',#1584,#1600,#768,.T.);
#1991=EDGE_CURVE('',#1586,#1599,#769,.T.);
#1992=EDGE_CURVE('',#1600,#1585,#770,.T.);
#1993=EDGE_CURVE('',#1601,#1602,#771,.T.);
#1994=EDGE_CURVE('',#1603,#1601,#772,.T.);
#1995=EDGE_CURVE('',#1602,#1603,#773,.T.);
#1996=EDGE_CURVE('',#1601,#1589,#774,.T.);
#1997=EDGE_CURVE('',#1590,#1603,#775,.T.);
#1998=EDGE_CURVE('',#1604,#1605,#776,.T.);
#1999=EDGE_CURVE('',#1606,#1604,#777,.T.);
#2000=EDGE_CURVE('',#1605,#1606,#778,.T.);
#2001=EDGE_CURVE('',#1604,#1588,#779,.T.);
#2002=EDGE_CURVE('',#1589,#1606,#780,.T.);
#2003=EDGE_CURVE('',#1607,#1608,#781,.T.);
#2004=EDGE_CURVE('',#1609,#1607,#782,.T.);
#2005=EDGE_CURVE('',#1608,#1609,#783,.T.);
#2006=EDGE_CURVE('',#1610,#1609,#784,.T.);
#2007=EDGE_CURVE('',#1607,#1596,#785,.T.);
#2008=EDGE_CURVE('',#1597,#1610,#786,.T.);
#2009=EDGE_CURVE('',#1611,#1598,#787,.T.);
#2010=EDGE_CURVE('',#1599,#1612,#788,.T.);
#2011=EDGE_CURVE('',#1612,#1611,#789,.T.);
#2012=EDGE_CURVE('',#1613,#1614,#790,.T.);
#2013=EDGE_CURVE('',#1615,#1613,#791,.T.);
#2014=EDGE_CURVE('',#1614,#1615,#792,.T.);
#2015=EDGE_CURVE('',#1608,#1615,#793,.T.);
#2016=EDGE_CURVE('',#1613,#1607,#794,.T.);
#2017=EDGE_CURVE('',#1616,#1617,#795,.T.);
#2018=EDGE_CURVE('',#1618,#1616,#796,.T.);
#2019=EDGE_CURVE('',#1617,#1618,#797,.T.);
#2020=EDGE_CURVE('',#1602,#1618,#798,.T.);
#2021=EDGE_CURVE('',#1616,#1601,#799,.T.);
#2022=EDGE_CURVE('',#1619,#1620,#800,.T.);
#2023=EDGE_CURVE('',#1621,#1619,#801,.T.);
#2024=EDGE_CURVE('',#1620,#1621,#802,.T.);
#2025=EDGE_CURVE('',#1619,#1608,#803,.T.);
#2026=EDGE_CURVE('',#1609,#1621,#804,.T.);
#2027=EDGE_CURVE('',#1612,#1620,#805,.T.);
#2028=EDGE_CURVE('',#1621,#1611,#806,.T.);
#2029=EDGE_CURVE('',#1622,#1623,#807,.T.);
#2030=EDGE_CURVE('',#1624,#1622,#808,.T.);
#2031=EDGE_CURVE('',#1623,#1624,#809,.T.);
#2032=EDGE_CURVE('',#1622,#1614,#810,.T.);
#2033=EDGE_CURVE('',#1615,#1624,#811,.T.);
#2034=EDGE_CURVE('',#1620,#1623,#812,.T.);
#2035=EDGE_CURVE('',#1624,#1619,#813,.T.);
#2036=EDGE_CURVE('',#1623,#1617,#814,.T.);
#2037=EDGE_CURVE('',#1618,#1622,#815,.T.);
#2038=EDGE_CURVE('',#1617,#1605,#816,.T.);
#2039=EDGE_CURVE('',#1606,#1616,#817,.T.);
#2040=EDGE_CURVE('',#1625,#1613,#818,.T.);
#2041=EDGE_CURVE('',#1614,#1626,#819,.T.);
#2042=EDGE_CURVE('',#1626,#1625,#820,.T.);
#2043=EDGE_CURVE('',#1605,#1594,#821,.T.);
#2044=EDGE_CURVE('',#1595,#1604,#822,.T.);
#2045=EDGE_CURVE('',#1626,#1602,#823,.T.);
#2046=EDGE_CURVE('',#1603,#1625,#824,.T.);
#2047=EDGE_CURVE('',#1594,#1586,#825,.T.);
#2048=EDGE_CURVE('',#1587,#1593,#826,.T.);
#2049=EDGE_CURVE('',#1592,#1581,#827,.T.);
#2050=EDGE_CURVE('',#1579,#1591,#828,.T.);
#2051=EDGE_CURVE('',#1580,#1578,#829,.T.);
#2052=EDGE_CURVE('',#1576,#1579,#830,.T.);
#2053=EDGE_CURVE('',#1412,#1591,#831,.T.);
#2054=EDGE_CURVE('',#1627,#1410,#832,.T.);
#2055=EDGE_CURVE('',#1424,#1627,#833,.T.);
#2056=EDGE_CURVE('',#1625,#1532,#834,.T.);
#2057=EDGE_CURVE('',#1610,#1611,#835,.T.);
#2058=EDGE_CURVE('',#1568,#1570,#836,.T.);
#2059=EDGE_CURVE('',#1572,#1574,#837,.T.);
#2060=EDGE_CURVE('',#1575,#1560,#838,.T.);
#2061=EDGE_CURVE('',#1558,#1554,#839,.T.);
#2062=EDGE_CURVE('',#1555,#1551,#840,.T.);
#2063=EDGE_CURVE('',#1552,#1548,#841,.T.);
#2064=EDGE_CURVE('',#1549,#1569,#842,.T.);
#2065=EDGE_CURVE('',#1540,#1537,#843,.T.);
#2066=EDGE_CURVE('',#1535,#1562,#844,.T.);
#2067=EDGE_CURVE('',#1563,#1564,#845,.T.);
#2068=EDGE_CURVE('',#1567,#1628,#846,.T.);
#2069=EDGE_CURVE('',#1628,#1545,#847,.T.);
#2070=EDGE_CURVE('',#1546,#1542,#848,.T.);
#2071=EDGE_CURVE('',#1543,#1539,#849,.T.);
#2072=EDGE_CURVE('',#1349,#1358,#850,.T.);
#2073=EDGE_CURVE('',#1629,#1629,#1340,.T.);
#2074=EDGE_CURVE('',#1629,#1630,#851,.T.);
#2075=EDGE_CURVE('',#1503,#1629,#852,.T.);
#2076=EDGE_CURVE('',#1631,#1631,#1341,.T.);
#2077=EDGE_CURVE('',#1631,#1632,#853,.T.);
#2078=EDGE_CURVE('',#1504,#1631,#854,.T.);
#2079=EDGE_CURVE('',#1633,#1633,#1342,.T.);
#2080=EDGE_CURVE('',#1633,#1634,#855,.T.);
#2081=EDGE_CURVE('',#1505,#1633,#856,.T.);
#2082=EDGE_CURVE('',#1635,#1635,#1343,.T.);
#2083=EDGE_CURVE('',#1635,#1636,#857,.T.);
#2084=EDGE_CURVE('',#1506,#1635,#858,.T.);
#2085=EDGE_CURVE('',#1637,#1637,#1344,.T.);
#2086=EDGE_CURVE('',#1637,#1638,#859,.T.);
#2087=EDGE_CURVE('',#1507,#1637,#860,.T.);
#2088=EDGE_CURVE('',#1639,#1639,#1345,.T.);
#2089=EDGE_CURVE('',#1639,#1640,#861,.T.);
#2090=EDGE_CURVE('',#1508,#1639,#862,.T.);
#2091=EDGE_CURVE('',#1371,#1496,#863,.T.);
#2092=EDGE_CURVE('',#1365,#1641,#864,.T.);
#2093=EDGE_CURVE('',#1641,#1502,#865,.T.);
#2094=EDGE_CURVE('',#1627,#1359,#866,.T.);
#2095=EDGE_CURVE('',#1355,#1352,#867,.T.);
#2096=EDGE_CURVE('',#1395,#1520,#868,.T.);
#2097=EDGE_CURVE('',#1379,#1642,#869,.T.);
#2098=EDGE_CURVE('',#1642,#1643,#1346,.T.);
#2099=EDGE_CURVE('',#1380,#1643,#870,.T.);
#2100=EDGE_CURVE('',#1643,#1642,#871,.T.);
#2101=EDGE_CURVE('',#1644,#1364,#872,.T.);
#2102=EDGE_CURVE('',#1644,#1641,#1347,.T.);
#2103=EDGE_CURVE('',#1641,#1644,#873,.T.);
#2104=EDGE_CURVE('',#1645,#1526,#874,.T.);
#2105=EDGE_CURVE('',#1645,#1646,#1348,.T.);
#2106=EDGE_CURVE('',#1527,#1646,#875,.T.);
#2107=EDGE_CURVE('',#1647,#1645,#876,.T.);
#2108=EDGE_CURVE('',#1646,#1647,#877,.T.);
#2109=EDGE_CURVE('',#1647,#1454,#878,.T.);
#2110=EDGE_CURVE('',#1528,#1453,#879,.T.);
#2111=EDGE_CURVE('',#1525,#1455,#880,.T.);
#2112=EDGE_CURVE('',#1481,#1628,#881,.T.);
#2113=EDGE_CURVE('',#1529,#1452,#882,.T.);
#2114=EDGE_CURVE('',#1372,#1495,#883,.T.);
#2115=EDGE_CURVE('',#1642,#1488,#884,.T.);
#2116=EDGE_CURVE('',#1524,#1459,#885,.T.);
#2117=ORIENTED_EDGE('',*,*,#1648,.T.);
#2118=ORIENTED_EDGE('',*,*,#1649,.T.);
#2119=ORIENTED_EDGE('',*,*,#1650,.T.);
#2120=ORIENTED_EDGE('',*,*,#1651,.T.);
#2121=ORIENTED_EDGE('',*,*,#1649,.F.);
#2122=ORIENTED_EDGE('',*,*,#1652,.F.);
#2123=ORIENTED_EDGE('',*,*,#1653,.F.);
#2124=ORIENTED_EDGE('',*,*,#1654,.F.);
#2125=ORIENTED_EDGE('',*,*,#1655,.T.);
#2126=ORIENTED_EDGE('',*,*,#1656,.T.);
#2127=ORIENTED_EDGE('',*,*,#1657,.T.);
#2128=ORIENTED_EDGE('',*,*,#1658,.T.);
#2129=ORIENTED_EDGE('',*,*,#1656,.F.);
#2130=ORIENTED_EDGE('',*,*,#1659,.T.);
#2131=ORIENTED_EDGE('',*,*,#1660,.T.);
#2132=ORIENTED_EDGE('',*,*,#1661,.T.);
#2133=ORIENTED_EDGE('',*,*,#1662,.T.);
#2134=ORIENTED_EDGE('',*,*,#1663,.F.);
#2135=ORIENTED_EDGE('',*,*,#1664,.T.);
#2136=ORIENTED_EDGE('',*,*,#1665,.T.);
#2137=ORIENTED_EDGE('',*,*,#1666,.T.);
#2138=ORIENTED_EDGE('',*,*,#1667,.T.);
#2139=ORIENTED_EDGE('',*,*,#1668,.F.);
#2140=ORIENTED_EDGE('',*,*,#1669,.T.);
#2141=ORIENTED_EDGE('',*,*,#1670,.F.);
#2142=ORIENTED_EDGE('',*,*,#1671,.T.);
#2143=ORIENTED_EDGE('',*,*,#1672,.T.);
#2144=ORIENTED_EDGE('',*,*,#1673,.T.);
#2145=ORIENTED_EDGE('',*,*,#1674,.T.);
#2146=ORIENTED_EDGE('',*,*,#1675,.F.);
#2147=ORIENTED_EDGE('',*,*,#1676,.T.);
#2148=ORIENTED_EDGE('',*,*,#1677,.F.);
#2149=ORIENTED_EDGE('',*,*,#1678,.T.);
#2150=ORIENTED_EDGE('',*,*,#1679,.T.);
#2151=ORIENTED_EDGE('',*,*,#1680,.T.);
#2152=ORIENTED_EDGE('',*,*,#1681,.T.);
#2153=ORIENTED_EDGE('',*,*,#1682,.F.);
#2154=ORIENTED_EDGE('',*,*,#1683,.T.);
#2155=ORIENTED_EDGE('',*,*,#1684,.T.);
#2156=ORIENTED_EDGE('',*,*,#1685,.T.);
#2157=ORIENTED_EDGE('',*,*,#1686,.T.);
#2158=ORIENTED_EDGE('',*,*,#1687,.F.);
#2159=ORIENTED_EDGE('',*,*,#1688,.F.);
#2160=ORIENTED_EDGE('',*,*,#1689,.T.);
#2161=ORIENTED_EDGE('',*,*,#1690,.T.);
#2162=ORIENTED_EDGE('',*,*,#1691,.T.);
#2163=ORIENTED_EDGE('',*,*,#1687,.T.);
#2164=ORIENTED_EDGE('',*,*,#1690,.F.);
#2165=ORIENTED_EDGE('',*,*,#1692,.F.);
#2166=ORIENTED_EDGE('',*,*,#1693,.F.);
#2167=ORIENTED_EDGE('',*,*,#1694,.F.);
#2168=ORIENTED_EDGE('',*,*,#1695,.T.);
#2169=ORIENTED_EDGE('',*,*,#1693,.T.);
#2170=ORIENTED_EDGE('',*,*,#1696,.T.);
#2171=ORIENTED_EDGE('',*,*,#1653,.T.);
#2172=ORIENTED_EDGE('',*,*,#1697,.F.);
#2173=ORIENTED_EDGE('',*,*,#1698,.T.);
#2174=ORIENTED_EDGE('',*,*,#1699,.T.);
#2175=ORIENTED_EDGE('',*,*,#1700,.T.);
#2176=ORIENTED_EDGE('',*,*,#1698,.F.);
#2177=ORIENTED_EDGE('',*,*,#1701,.F.);
#2178=ORIENTED_EDGE('',*,*,#1702,.F.);
#2179=ORIENTED_EDGE('',*,*,#1703,.T.);
#2180=ORIENTED_EDGE('',*,*,#1704,.F.);
#2181=ORIENTED_EDGE('',*,*,#1705,.T.);
#2182=ORIENTED_EDGE('',*,*,#1706,.T.);
#2183=ORIENTED_EDGE('',*,*,#1702,.T.);
#2184=ORIENTED_EDGE('',*,*,#1705,.F.);
#2185=ORIENTED_EDGE('',*,*,#1707,.F.);
#2186=ORIENTED_EDGE('',*,*,#1708,.F.);
#2187=ORIENTED_EDGE('',*,*,#1709,.T.);
#2188=ORIENTED_EDGE('',*,*,#1710,.F.);
#2189=ORIENTED_EDGE('',*,*,#1711,.T.);
#2190=ORIENTED_EDGE('',*,*,#1712,.T.);
#2191=ORIENTED_EDGE('',*,*,#1713,.T.);
#2192=ORIENTED_EDGE('',*,*,#1713,.F.);
#2193=ORIENTED_EDGE('',*,*,#1714,.T.);
#2194=ORIENTED_EDGE('',*,*,#1708,.T.);
#2195=ORIENTED_EDGE('',*,*,#1715,.F.);
#2196=ORIENTED_EDGE('',*,*,#1716,.F.);
#2197=ORIENTED_EDGE('',*,*,#1717,.T.);
#2198=ORIENTED_EDGE('',*,*,#1718,.T.);
#2199=ORIENTED_EDGE('',*,*,#1719,.T.);
#2200=ORIENTED_EDGE('',*,*,#1711,.F.);
#2201=ORIENTED_EDGE('',*,*,#1720,.F.);
#2202=ORIENTED_EDGE('',*,*,#1719,.F.);
#2203=ORIENTED_EDGE('',*,*,#1721,.T.);
#2204=ORIENTED_EDGE('',*,*,#1661,.F.);
#2205=ORIENTED_EDGE('',*,*,#1722,.T.);
#2206=ORIENTED_EDGE('',*,*,#1723,.T.);
#2207=ORIENTED_EDGE('',*,*,#1724,.T.);
#2208=ORIENTED_EDGE('',*,*,#1724,.F.);
#2209=ORIENTED_EDGE('',*,*,#1725,.T.);
#2210=ORIENTED_EDGE('',*,*,#1726,.T.);
#2211=ORIENTED_EDGE('',*,*,#1727,.F.);
#2212=ORIENTED_EDGE('',*,*,#1728,.T.);
#2213=ORIENTED_EDGE('',*,*,#1729,.F.);
#2214=ORIENTED_EDGE('',*,*,#1730,.T.);
#2215=ORIENTED_EDGE('',*,*,#1731,.F.);
#2216=ORIENTED_EDGE('',*,*,#1732,.F.);
#2217=ORIENTED_EDGE('',*,*,#1733,.F.);
#2218=ORIENTED_EDGE('',*,*,#1734,.T.);
#2219=ORIENTED_EDGE('',*,*,#1735,.F.);
#2220=ORIENTED_EDGE('',*,*,#1662,.F.);
#2221=ORIENTED_EDGE('',*,*,#1684,.F.);
#2222=ORIENTED_EDGE('',*,*,#1736,.T.);
#2223=ORIENTED_EDGE('',*,*,#1737,.T.);
#2224=ORIENTED_EDGE('',*,*,#1738,.T.);
#2225=ORIENTED_EDGE('',*,*,#1738,.F.);
#2226=ORIENTED_EDGE('',*,*,#1739,.T.);
#2227=ORIENTED_EDGE('',*,*,#1740,.F.);
#2228=ORIENTED_EDGE('',*,*,#1685,.F.);
#2229=ORIENTED_EDGE('',*,*,#1741,.F.);
#2230=ORIENTED_EDGE('',*,*,#1742,.T.);
#2231=ORIENTED_EDGE('',*,*,#1663,.T.);
#2232=ORIENTED_EDGE('',*,*,#1735,.T.);
#2233=ORIENTED_EDGE('',*,*,#1741,.T.);
#2234=ORIENTED_EDGE('',*,*,#1734,.F.);
#2235=ORIENTED_EDGE('',*,*,#1743,.F.);
#2236=ORIENTED_EDGE('',*,*,#1744,.T.);
#2237=ORIENTED_EDGE('',*,*,#1745,.T.);
#2238=ORIENTED_EDGE('',*,*,#1746,.T.);
#2239=ORIENTED_EDGE('',*,*,#1747,.T.);
#2240=ORIENTED_EDGE('',*,*,#1748,.F.);
#2241=ORIENTED_EDGE('',*,*,#1749,.T.);
#2242=ORIENTED_EDGE('',*,*,#1750,.T.);
#2243=ORIENTED_EDGE('',*,*,#1751,.F.);
#2244=ORIENTED_EDGE('',*,*,#1752,.T.);
#2245=ORIENTED_EDGE('',*,*,#1753,.T.);
#2246=ORIENTED_EDGE('',*,*,#1754,.F.);
#2247=ORIENTED_EDGE('',*,*,#1755,.T.);
#2248=ORIENTED_EDGE('',*,*,#1756,.T.);
#2249=ORIENTED_EDGE('',*,*,#1757,.F.);
#2250=ORIENTED_EDGE('',*,*,#1758,.T.);
#2251=ORIENTED_EDGE('',*,*,#1759,.F.);
#2252=ORIENTED_EDGE('',*,*,#1760,.T.);
#2253=ORIENTED_EDGE('',*,*,#1761,.T.);
#2254=ORIENTED_EDGE('',*,*,#1762,.F.);
#2255=ORIENTED_EDGE('',*,*,#1763,.T.);
#2256=ORIENTED_EDGE('',*,*,#1764,.T.);
#2257=ORIENTED_EDGE('',*,*,#1765,.F.);
#2258=ORIENTED_EDGE('',*,*,#1730,.F.);
#2259=ORIENTED_EDGE('',*,*,#1766,.T.);
#2260=ORIENTED_EDGE('',*,*,#1767,.F.);
#2261=ORIENTED_EDGE('',*,*,#1768,.F.);
#2262=ORIENTED_EDGE('',*,*,#1769,.T.);
#2263=ORIENTED_EDGE('',*,*,#1770,.F.);
#2264=ORIENTED_EDGE('',*,*,#1771,.F.);
#2265=ORIENTED_EDGE('',*,*,#1772,.F.);
#2266=ORIENTED_EDGE('',*,*,#1773,.F.);
#2267=ORIENTED_EDGE('',*,*,#1774,.F.);
#2268=ORIENTED_EDGE('',*,*,#1775,.F.);
#2269=ORIENTED_EDGE('',*,*,#1776,.T.);
#2270=ORIENTED_EDGE('',*,*,#1777,.F.);
#2271=ORIENTED_EDGE('',*,*,#1778,.F.);
#2272=ORIENTED_EDGE('',*,*,#1779,.T.);
#2273=ORIENTED_EDGE('',*,*,#1780,.F.);
#2274=ORIENTED_EDGE('',*,*,#1781,.F.);
#2275=ORIENTED_EDGE('',*,*,#1782,.T.);
#2276=ORIENTED_EDGE('',*,*,#1783,.T.);
#2277=ORIENTED_EDGE('',*,*,#1784,.F.);
#2278=ORIENTED_EDGE('',*,*,#1785,.T.);
#2279=ORIENTED_EDGE('',*,*,#1786,.T.);
#2280=ORIENTED_EDGE('',*,*,#1787,.F.);
#2281=ORIENTED_EDGE('',*,*,#1788,.T.);
#2282=ORIENTED_EDGE('',*,*,#1789,.F.);
#2283=ORIENTED_EDGE('',*,*,#1790,.T.);
#2284=ORIENTED_EDGE('',*,*,#1791,.T.);
#2285=ORIENTED_EDGE('',*,*,#1792,.F.);
#2286=ORIENTED_EDGE('',*,*,#1793,.T.);
#2287=ORIENTED_EDGE('',*,*,#1794,.T.);
#2288=ORIENTED_EDGE('',*,*,#1795,.F.);
#2289=ORIENTED_EDGE('',*,*,#1796,.T.);
#2290=ORIENTED_EDGE('',*,*,#1797,.T.);
#2291=ORIENTED_EDGE('',*,*,#1798,.F.);
#2292=ORIENTED_EDGE('',*,*,#1799,.T.);
#2293=ORIENTED_EDGE('',*,*,#1800,.T.);
#2294=ORIENTED_EDGE('',*,*,#1801,.T.);
#2295=ORIENTED_EDGE('',*,*,#1802,.T.);
#2296=ORIENTED_EDGE('',*,*,#1803,.F.);
#2297=ORIENTED_EDGE('',*,*,#1804,.F.);
#2298=ORIENTED_EDGE('',*,*,#1805,.T.);
#2299=ORIENTED_EDGE('',*,*,#1806,.F.);
#2300=ORIENTED_EDGE('',*,*,#1807,.F.);
#2301=ORIENTED_EDGE('',*,*,#1808,.F.);
#2302=ORIENTED_EDGE('',*,*,#1809,.T.);
#2303=ORIENTED_EDGE('',*,*,#1810,.F.);
#2304=ORIENTED_EDGE('',*,*,#1811,.T.);
#2305=ORIENTED_EDGE('',*,*,#1812,.F.);
#2306=ORIENTED_EDGE('',*,*,#1813,.F.);
#2307=ORIENTED_EDGE('',*,*,#1814,.F.);
#2308=ORIENTED_EDGE('',*,*,#1815,.F.);
#2309=ORIENTED_EDGE('',*,*,#1816,.T.);
#2310=ORIENTED_EDGE('',*,*,#1817,.F.);
#2311=ORIENTED_EDGE('',*,*,#1818,.T.);
#2312=ORIENTED_EDGE('',*,*,#1819,.F.);
#2313=ORIENTED_EDGE('',*,*,#1820,.F.);
#2314=ORIENTED_EDGE('',*,*,#1821,.F.);
#2315=ORIENTED_EDGE('',*,*,#1822,.T.);
#2316=ORIENTED_EDGE('',*,*,#1823,.T.);
#2317=ORIENTED_EDGE('',*,*,#1824,.T.);
#2318=ORIENTED_EDGE('',*,*,#1825,.T.);
#2319=ORIENTED_EDGE('',*,*,#1826,.T.);
#2320=ORIENTED_EDGE('',*,*,#1827,.T.);
#2321=ORIENTED_EDGE('',*,*,#1828,.F.);
#2322=ORIENTED_EDGE('',*,*,#1727,.T.);
#2323=ORIENTED_EDGE('',*,*,#1829,.T.);
#2324=ORIENTED_EDGE('',*,*,#1830,.T.);
#2325=ORIENTED_EDGE('',*,*,#1717,.F.);
#2326=ORIENTED_EDGE('',*,*,#1831,.F.);
#2327=ORIENTED_EDGE('',*,*,#1830,.F.);
#2328=ORIENTED_EDGE('',*,*,#1832,.T.);
#2329=ORIENTED_EDGE('',*,*,#1766,.F.);
#2330=ORIENTED_EDGE('',*,*,#1729,.T.);
#2331=ORIENTED_EDGE('',*,*,#1833,.T.);
#2332=ORIENTED_EDGE('',*,*,#1834,.T.);
#2333=ORIENTED_EDGE('',*,*,#1769,.F.);
#2334=ORIENTED_EDGE('',*,*,#1835,.T.);
#2335=ORIENTED_EDGE('',*,*,#1836,.T.);
#2336=ORIENTED_EDGE('',*,*,#1837,.T.);
#2337=ORIENTED_EDGE('',*,*,#1835,.F.);
#2338=ORIENTED_EDGE('',*,*,#1768,.T.);
#2339=ORIENTED_EDGE('',*,*,#1838,.F.);
#2340=ORIENTED_EDGE('',*,*,#1839,.F.);
#2341=ORIENTED_EDGE('',*,*,#1776,.F.);
#2342=ORIENTED_EDGE('',*,*,#1840,.T.);
#2343=ORIENTED_EDGE('',*,*,#1841,.T.);
#2344=ORIENTED_EDGE('',*,*,#1842,.T.);
#2345=ORIENTED_EDGE('',*,*,#1840,.F.);
#2346=ORIENTED_EDGE('',*,*,#1775,.T.);
#2347=ORIENTED_EDGE('',*,*,#1843,.F.);
#2348=ORIENTED_EDGE('',*,*,#1844,.F.);
#2349=ORIENTED_EDGE('',*,*,#1845,.F.);
#2350=ORIENTED_EDGE('',*,*,#1846,.T.);
#2351=ORIENTED_EDGE('',*,*,#1847,.T.);
#2352=ORIENTED_EDGE('',*,*,#1848,.T.);
#2353=ORIENTED_EDGE('',*,*,#1697,.T.);
#2354=ORIENTED_EDGE('',*,*,#1849,.T.);
#2355=ORIENTED_EDGE('',*,*,#1845,.T.);
#2356=ORIENTED_EDGE('',*,*,#1850,.F.);
#2357=ORIENTED_EDGE('',*,*,#1851,.T.);
#2358=ORIENTED_EDGE('',*,*,#1852,.T.);
#2359=ORIENTED_EDGE('',*,*,#1853,.T.);
#2360=ORIENTED_EDGE('',*,*,#1841,.F.);
#2361=ORIENTED_EDGE('',*,*,#1844,.T.);
#2362=ORIENTED_EDGE('',*,*,#1854,.T.);
#2363=ORIENTED_EDGE('',*,*,#1855,.T.);
#2364=ORIENTED_EDGE('',*,*,#1856,.T.);
#2365=ORIENTED_EDGE('',*,*,#1857,.T.);
#2366=ORIENTED_EDGE('',*,*,#1858,.T.);
#2367=ORIENTED_EDGE('',*,*,#1859,.T.);
#2368=ORIENTED_EDGE('',*,*,#1836,.F.);
#2369=ORIENTED_EDGE('',*,*,#1839,.T.);
#2370=ORIENTED_EDGE('',*,*,#1860,.T.);
#2371=ORIENTED_EDGE('',*,*,#1833,.F.);
#2372=ORIENTED_EDGE('',*,*,#1728,.F.);
#2373=ORIENTED_EDGE('',*,*,#1828,.T.);
#2374=ORIENTED_EDGE('',*,*,#1831,.T.);
#2375=ORIENTED_EDGE('',*,*,#1716,.T.);
#2376=ORIENTED_EDGE('',*,*,#1720,.T.);
#2377=ORIENTED_EDGE('',*,*,#1710,.T.);
#2378=ORIENTED_EDGE('',*,*,#1715,.T.);
#2379=ORIENTED_EDGE('',*,*,#1707,.T.);
#2380=ORIENTED_EDGE('',*,*,#1704,.T.);
#2381=ORIENTED_EDGE('',*,*,#1701,.T.);
#2382=ORIENTED_EDGE('',*,*,#1736,.F.);
#2383=ORIENTED_EDGE('',*,*,#1683,.F.);
#2384=ORIENTED_EDGE('',*,*,#1861,.F.);
#2385=ORIENTED_EDGE('',*,*,#1804,.T.);
#2386=ORIENTED_EDGE('',*,*,#1862,.F.);
#2387=ORIENTED_EDGE('',*,*,#1863,.F.);
#2388=ORIENTED_EDGE('',*,*,#1864,.F.);
#2389=ORIENTED_EDGE('',*,*,#1780,.T.);
#2390=ORIENTED_EDGE('',*,*,#1865,.F.);
#2391=ORIENTED_EDGE('',*,*,#1850,.T.);
#2392=ORIENTED_EDGE('',*,*,#1848,.F.);
#2393=ORIENTED_EDGE('',*,*,#1866,.T.);
#2394=ORIENTED_EDGE('',*,*,#1867,.T.);
#2395=ORIENTED_EDGE('',*,*,#1779,.F.);
#2396=ORIENTED_EDGE('',*,*,#1868,.T.);
#2397=ORIENTED_EDGE('',*,*,#1851,.F.);
#2398=ORIENTED_EDGE('',*,*,#1865,.T.);
#2399=ORIENTED_EDGE('',*,*,#1805,.F.);
#2400=ORIENTED_EDGE('',*,*,#1861,.T.);
#2401=ORIENTED_EDGE('',*,*,#1682,.T.);
#2402=ORIENTED_EDGE('',*,*,#1869,.T.);
#2403=ORIENTED_EDGE('',*,*,#1809,.F.);
#2404=ORIENTED_EDGE('',*,*,#1870,.T.);
#2405=ORIENTED_EDGE('',*,*,#1677,.T.);
#2406=ORIENTED_EDGE('',*,*,#1871,.T.);
#2407=ORIENTED_EDGE('',*,*,#1870,.F.);
#2408=ORIENTED_EDGE('',*,*,#1808,.T.);
#2409=ORIENTED_EDGE('',*,*,#1872,.F.);
#2410=ORIENTED_EDGE('',*,*,#1678,.F.);
#2411=ORIENTED_EDGE('',*,*,#1811,.F.);
#2412=ORIENTED_EDGE('',*,*,#1873,.T.);
#2413=ORIENTED_EDGE('',*,*,#1675,.T.);
#2414=ORIENTED_EDGE('',*,*,#1874,.T.);
#2415=ORIENTED_EDGE('',*,*,#1874,.F.);
#2416=ORIENTED_EDGE('',*,*,#1674,.F.);
#2417=ORIENTED_EDGE('',*,*,#1875,.T.);
#2418=ORIENTED_EDGE('',*,*,#1812,.T.);
#2419=ORIENTED_EDGE('',*,*,#1816,.F.);
#2420=ORIENTED_EDGE('',*,*,#1876,.T.);
#2421=ORIENTED_EDGE('',*,*,#1670,.T.);
#2422=ORIENTED_EDGE('',*,*,#1877,.T.);
#2423=ORIENTED_EDGE('',*,*,#1877,.F.);
#2424=ORIENTED_EDGE('',*,*,#1669,.F.);
#2425=ORIENTED_EDGE('',*,*,#1878,.F.);
#2426=ORIENTED_EDGE('',*,*,#1817,.T.);
#2427=ORIENTED_EDGE('',*,*,#1818,.F.);
#2428=ORIENTED_EDGE('',*,*,#1878,.T.);
#2429=ORIENTED_EDGE('',*,*,#1668,.T.);
#2430=ORIENTED_EDGE('',*,*,#1879,.T.);
#2431=ORIENTED_EDGE('',*,*,#1879,.F.);
#2432=ORIENTED_EDGE('',*,*,#1667,.F.);
#2433=ORIENTED_EDGE('',*,*,#1880,.F.);
#2434=ORIENTED_EDGE('',*,*,#1819,.T.);
#2435=ORIENTED_EDGE('',*,*,#1787,.T.);
#2436=ORIENTED_EDGE('',*,*,#1881,.T.);
#2437=ORIENTED_EDGE('',*,*,#1882,.T.);
#2438=ORIENTED_EDGE('',*,*,#1883,.T.);
#2439=ORIENTED_EDGE('',*,*,#1881,.F.);
#2440=ORIENTED_EDGE('',*,*,#1786,.F.);
#2441=ORIENTED_EDGE('',*,*,#1884,.T.);
#2442=ORIENTED_EDGE('',*,*,#1885,.F.);
#2443=ORIENTED_EDGE('',*,*,#1789,.T.);
#2444=ORIENTED_EDGE('',*,*,#1886,.T.);
#2445=ORIENTED_EDGE('',*,*,#1887,.T.);
#2446=ORIENTED_EDGE('',*,*,#1888,.T.);
#2447=ORIENTED_EDGE('',*,*,#1883,.F.);
#2448=ORIENTED_EDGE('',*,*,#1889,.F.);
#2449=ORIENTED_EDGE('',*,*,#1886,.F.);
#2450=ORIENTED_EDGE('',*,*,#1788,.F.);
#2451=ORIENTED_EDGE('',*,*,#1792,.T.);
#2452=ORIENTED_EDGE('',*,*,#1890,.T.);
#2453=ORIENTED_EDGE('',*,*,#1891,.T.);
#2454=ORIENTED_EDGE('',*,*,#1892,.T.);
#2455=ORIENTED_EDGE('',*,*,#1890,.F.);
#2456=ORIENTED_EDGE('',*,*,#1791,.F.);
#2457=ORIENTED_EDGE('',*,*,#1893,.T.);
#2458=ORIENTED_EDGE('',*,*,#1894,.F.);
#2459=ORIENTED_EDGE('',*,*,#1795,.T.);
#2460=ORIENTED_EDGE('',*,*,#1895,.T.);
#2461=ORIENTED_EDGE('',*,*,#1896,.T.);
#2462=ORIENTED_EDGE('',*,*,#1897,.T.);
#2463=ORIENTED_EDGE('',*,*,#1895,.F.);
#2464=ORIENTED_EDGE('',*,*,#1794,.F.);
#2465=ORIENTED_EDGE('',*,*,#1898,.T.);
#2466=ORIENTED_EDGE('',*,*,#1899,.F.);
#2467=ORIENTED_EDGE('',*,*,#1798,.T.);
#2468=ORIENTED_EDGE('',*,*,#1900,.T.);
#2469=ORIENTED_EDGE('',*,*,#1901,.T.);
#2470=ORIENTED_EDGE('',*,*,#1902,.T.);
#2471=ORIENTED_EDGE('',*,*,#1900,.F.);
#2472=ORIENTED_EDGE('',*,*,#1797,.F.);
#2473=ORIENTED_EDGE('',*,*,#1903,.T.);
#2474=ORIENTED_EDGE('',*,*,#1904,.F.);
#2475=ORIENTED_EDGE('',*,*,#1748,.T.);
#2476=ORIENTED_EDGE('',*,*,#1905,.T.);
#2477=ORIENTED_EDGE('',*,*,#1906,.T.);
#2478=ORIENTED_EDGE('',*,*,#1907,.T.);
#2479=ORIENTED_EDGE('',*,*,#1905,.F.);
#2480=ORIENTED_EDGE('',*,*,#1747,.F.);
#2481=ORIENTED_EDGE('',*,*,#1908,.T.);
#2482=ORIENTED_EDGE('',*,*,#1909,.F.);
#2483=ORIENTED_EDGE('',*,*,#1751,.T.);
#2484=ORIENTED_EDGE('',*,*,#1910,.T.);
#2485=ORIENTED_EDGE('',*,*,#1911,.T.);
#2486=ORIENTED_EDGE('',*,*,#1912,.T.);
#2487=ORIENTED_EDGE('',*,*,#1910,.F.);
#2488=ORIENTED_EDGE('',*,*,#1750,.F.);
#2489=ORIENTED_EDGE('',*,*,#1913,.T.);
#2490=ORIENTED_EDGE('',*,*,#1914,.F.);
#2491=ORIENTED_EDGE('',*,*,#1754,.T.);
#2492=ORIENTED_EDGE('',*,*,#1915,.T.);
#2493=ORIENTED_EDGE('',*,*,#1916,.T.);
#2494=ORIENTED_EDGE('',*,*,#1917,.T.);
#2495=ORIENTED_EDGE('',*,*,#1915,.F.);
#2496=ORIENTED_EDGE('',*,*,#1753,.F.);
#2497=ORIENTED_EDGE('',*,*,#1918,.T.);
#2498=ORIENTED_EDGE('',*,*,#1919,.F.);
#2499=ORIENTED_EDGE('',*,*,#1757,.T.);
#2500=ORIENTED_EDGE('',*,*,#1920,.T.);
#2501=ORIENTED_EDGE('',*,*,#1921,.T.);
#2502=ORIENTED_EDGE('',*,*,#1922,.T.);
#2503=ORIENTED_EDGE('',*,*,#1920,.F.);
#2504=ORIENTED_EDGE('',*,*,#1756,.F.);
#2505=ORIENTED_EDGE('',*,*,#1923,.T.);
#2506=ORIENTED_EDGE('',*,*,#1924,.F.);
#2507=ORIENTED_EDGE('',*,*,#1759,.T.);
#2508=ORIENTED_EDGE('',*,*,#1925,.T.);
#2509=ORIENTED_EDGE('',*,*,#1926,.T.);
#2510=ORIENTED_EDGE('',*,*,#1927,.T.);
#2511=ORIENTED_EDGE('',*,*,#1922,.F.);
#2512=ORIENTED_EDGE('',*,*,#1928,.F.);
#2513=ORIENTED_EDGE('',*,*,#1925,.F.);
#2514=ORIENTED_EDGE('',*,*,#1758,.F.);
#2515=ORIENTED_EDGE('',*,*,#1784,.T.);
#2516=ORIENTED_EDGE('',*,*,#1929,.T.);
#2517=ORIENTED_EDGE('',*,*,#1930,.T.);
#2518=ORIENTED_EDGE('',*,*,#1931,.T.);
#2519=ORIENTED_EDGE('',*,*,#1929,.F.);
#2520=ORIENTED_EDGE('',*,*,#1783,.F.);
#2521=ORIENTED_EDGE('',*,*,#1932,.T.);
#2522=ORIENTED_EDGE('',*,*,#1933,.F.);
#2523=ORIENTED_EDGE('',*,*,#1781,.T.);
#2524=ORIENTED_EDGE('',*,*,#1864,.T.);
#2525=ORIENTED_EDGE('',*,*,#1934,.T.);
#2526=ORIENTED_EDGE('',*,*,#1935,.T.);
#2527=ORIENTED_EDGE('',*,*,#1803,.T.);
#2528=ORIENTED_EDGE('',*,*,#1936,.T.);
#2529=ORIENTED_EDGE('',*,*,#1937,.T.);
#2530=ORIENTED_EDGE('',*,*,#1862,.T.);
#2531=ORIENTED_EDGE('',*,*,#1936,.F.);
#2532=ORIENTED_EDGE('',*,*,#1802,.F.);
#2533=ORIENTED_EDGE('',*,*,#1938,.T.);
#2534=ORIENTED_EDGE('',*,*,#1939,.F.);
#2535=ORIENTED_EDGE('',*,*,#1801,.F.);
#2536=ORIENTED_EDGE('',*,*,#1940,.T.);
#2537=ORIENTED_EDGE('',*,*,#1941,.T.);
#2538=ORIENTED_EDGE('',*,*,#1938,.F.);
#2539=ORIENTED_EDGE('',*,*,#1942,.T.);
#2540=ORIENTED_EDGE('',*,*,#1943,.T.);
#2541=ORIENTED_EDGE('',*,*,#1745,.F.);
#2542=ORIENTED_EDGE('',*,*,#1944,.T.);
#2543=ORIENTED_EDGE('',*,*,#1743,.T.);
#2544=ORIENTED_EDGE('',*,*,#1733,.T.);
#2545=ORIENTED_EDGE('',*,*,#1945,.T.);
#2546=ORIENTED_EDGE('',*,*,#1946,.T.);
#2547=ORIENTED_EDGE('',*,*,#1765,.T.);
#2548=ORIENTED_EDGE('',*,*,#1947,.T.);
#2549=ORIENTED_EDGE('',*,*,#1948,.T.);
#2550=ORIENTED_EDGE('',*,*,#1731,.T.);
#2551=ORIENTED_EDGE('',*,*,#1947,.F.);
#2552=ORIENTED_EDGE('',*,*,#1764,.F.);
#2553=ORIENTED_EDGE('',*,*,#1949,.T.);
#2554=ORIENTED_EDGE('',*,*,#1950,.F.);
#2555=ORIENTED_EDGE('',*,*,#1762,.T.);
#2556=ORIENTED_EDGE('',*,*,#1951,.T.);
#2557=ORIENTED_EDGE('',*,*,#1952,.T.);
#2558=ORIENTED_EDGE('',*,*,#1953,.T.);
#2559=ORIENTED_EDGE('',*,*,#1951,.F.);
#2560=ORIENTED_EDGE('',*,*,#1761,.F.);
#2561=ORIENTED_EDGE('',*,*,#1954,.T.);
#2562=ORIENTED_EDGE('',*,*,#1955,.F.);
#2563=ORIENTED_EDGE('',*,*,#1956,.F.);
#2564=ORIENTED_EDGE('',*,*,#1957,.F.);
#2565=ORIENTED_EDGE('',*,*,#1958,.F.);
#2566=ORIENTED_EDGE('',*,*,#1959,.F.);
#2567=ORIENTED_EDGE('',*,*,#1960,.F.);
#2568=ORIENTED_EDGE('',*,*,#1961,.F.);
#2569=ORIENTED_EDGE('',*,*,#1962,.F.);
#2570=ORIENTED_EDGE('',*,*,#1963,.F.);
#2571=ORIENTED_EDGE('',*,*,#1964,.F.);
#2572=ORIENTED_EDGE('',*,*,#1956,.T.);
#2573=ORIENTED_EDGE('',*,*,#1965,.T.);
#2574=ORIENTED_EDGE('',*,*,#1963,.T.);
#2575=ORIENTED_EDGE('',*,*,#1966,.T.);
#2576=ORIENTED_EDGE('',*,*,#1967,.F.);
#2577=ORIENTED_EDGE('',*,*,#1968,.F.);
#2578=ORIENTED_EDGE('',*,*,#1969,.F.);
#2579=ORIENTED_EDGE('',*,*,#1968,.T.);
#2580=ORIENTED_EDGE('',*,*,#1970,.T.);
#2581=ORIENTED_EDGE('',*,*,#1958,.T.);
#2582=ORIENTED_EDGE('',*,*,#1971,.T.);
#2583=ORIENTED_EDGE('',*,*,#1972,.F.);
#2584=ORIENTED_EDGE('',*,*,#1973,.F.);
#2585=ORIENTED_EDGE('',*,*,#1974,.F.);
#2586=ORIENTED_EDGE('',*,*,#1975,.T.);
#2587=ORIENTED_EDGE('',*,*,#1973,.T.);
#2588=ORIENTED_EDGE('',*,*,#1976,.T.);
#2589=ORIENTED_EDGE('',*,*,#1977,.T.);
#2590=ORIENTED_EDGE('',*,*,#1978,.F.);
#2591=ORIENTED_EDGE('',*,*,#1979,.F.);
#2592=ORIENTED_EDGE('',*,*,#1980,.F.);
#2593=ORIENTED_EDGE('',*,*,#1979,.T.);
#2594=ORIENTED_EDGE('',*,*,#1981,.T.);
#2595=ORIENTED_EDGE('',*,*,#1961,.T.);
#2596=ORIENTED_EDGE('',*,*,#1982,.T.);
#2597=ORIENTED_EDGE('',*,*,#1983,.T.);
#2598=ORIENTED_EDGE('',*,*,#1962,.T.);
#2599=ORIENTED_EDGE('',*,*,#1984,.T.);
#2600=ORIENTED_EDGE('',*,*,#1985,.T.);
#2601=ORIENTED_EDGE('',*,*,#1986,.F.);
#2602=ORIENTED_EDGE('',*,*,#1987,.F.);
#2603=ORIENTED_EDGE('',*,*,#1988,.F.);
#2604=ORIENTED_EDGE('',*,*,#1987,.T.);
#2605=ORIENTED_EDGE('',*,*,#1989,.T.);
#2606=ORIENTED_EDGE('',*,*,#1964,.T.);
#2607=ORIENTED_EDGE('',*,*,#1990,.T.);
#2608=ORIENTED_EDGE('',*,*,#1967,.T.);
#2609=ORIENTED_EDGE('',*,*,#1991,.T.);
#2610=ORIENTED_EDGE('',*,*,#1988,.T.);
#2611=ORIENTED_EDGE('',*,*,#1992,.T.);
#2612=ORIENTED_EDGE('',*,*,#1993,.F.);
#2613=ORIENTED_EDGE('',*,*,#1994,.F.);
#2614=ORIENTED_EDGE('',*,*,#1995,.F.);
#2615=ORIENTED_EDGE('',*,*,#1994,.T.);
#2616=ORIENTED_EDGE('',*,*,#1996,.T.);
#2617=ORIENTED_EDGE('',*,*,#1974,.T.);
#2618=ORIENTED_EDGE('',*,*,#1997,.T.);
#2619=ORIENTED_EDGE('',*,*,#1998,.F.);
#2620=ORIENTED_EDGE('',*,*,#1999,.F.);
#2621=ORIENTED_EDGE('',*,*,#2000,.F.);
#2622=ORIENTED_EDGE('',*,*,#1999,.T.);
#2623=ORIENTED_EDGE('',*,*,#2001,.T.);
#2624=ORIENTED_EDGE('',*,*,#1972,.T.);
#2625=ORIENTED_EDGE('',*,*,#2002,.T.);
#2626=ORIENTED_EDGE('',*,*,#2003,.F.);
#2627=ORIENTED_EDGE('',*,*,#2004,.F.);
#2628=ORIENTED_EDGE('',*,*,#2005,.F.);
#2629=ORIENTED_EDGE('',*,*,#2006,.T.);
#2630=ORIENTED_EDGE('',*,*,#2004,.T.);
#2631=ORIENTED_EDGE('',*,*,#2007,.T.);
#2632=ORIENTED_EDGE('',*,*,#1985,.F.);
#2633=ORIENTED_EDGE('',*,*,#2008,.T.);
#2634=ORIENTED_EDGE('',*,*,#2009,.T.);
#2635=ORIENTED_EDGE('',*,*,#1986,.T.);
#2636=ORIENTED_EDGE('',*,*,#2010,.T.);
#2637=ORIENTED_EDGE('',*,*,#2011,.T.);
#2638=ORIENTED_EDGE('',*,*,#2012,.F.);
#2639=ORIENTED_EDGE('',*,*,#2013,.F.);
#2640=ORIENTED_EDGE('',*,*,#2014,.F.);
#2641=ORIENTED_EDGE('',*,*,#2003,.T.);
#2642=ORIENTED_EDGE('',*,*,#2015,.T.);
#2643=ORIENTED_EDGE('',*,*,#2013,.T.);
#2644=ORIENTED_EDGE('',*,*,#2016,.T.);
#2645=ORIENTED_EDGE('',*,*,#2017,.F.);
#2646=ORIENTED_EDGE('',*,*,#2018,.F.);
#2647=ORIENTED_EDGE('',*,*,#2019,.F.);
#2648=ORIENTED_EDGE('',*,*,#1993,.T.);
#2649=ORIENTED_EDGE('',*,*,#2020,.T.);
#2650=ORIENTED_EDGE('',*,*,#2018,.T.);
#2651=ORIENTED_EDGE('',*,*,#2021,.T.);
#2652=ORIENTED_EDGE('',*,*,#2022,.F.);
#2653=ORIENTED_EDGE('',*,*,#2023,.F.);
#2654=ORIENTED_EDGE('',*,*,#2024,.F.);
#2655=ORIENTED_EDGE('',*,*,#2023,.T.);
#2656=ORIENTED_EDGE('',*,*,#2025,.T.);
#2657=ORIENTED_EDGE('',*,*,#2005,.T.);
#2658=ORIENTED_EDGE('',*,*,#2026,.T.);
#2659=ORIENTED_EDGE('',*,*,#2027,.T.);
#2660=ORIENTED_EDGE('',*,*,#2024,.T.);
#2661=ORIENTED_EDGE('',*,*,#2028,.T.);
#2662=ORIENTED_EDGE('',*,*,#2011,.F.);
#2663=ORIENTED_EDGE('',*,*,#2029,.F.);
#2664=ORIENTED_EDGE('',*,*,#2030,.F.);
#2665=ORIENTED_EDGE('',*,*,#2031,.F.);
#2666=ORIENTED_EDGE('',*,*,#2030,.T.);
#2667=ORIENTED_EDGE('',*,*,#2032,.T.);
#2668=ORIENTED_EDGE('',*,*,#2014,.T.);
#2669=ORIENTED_EDGE('',*,*,#2033,.T.);
#2670=ORIENTED_EDGE('',*,*,#2022,.T.);
#2671=ORIENTED_EDGE('',*,*,#2034,.T.);
#2672=ORIENTED_EDGE('',*,*,#2031,.T.);
#2673=ORIENTED_EDGE('',*,*,#2035,.T.);
#2674=ORIENTED_EDGE('',*,*,#2029,.T.);
#2675=ORIENTED_EDGE('',*,*,#2036,.T.);
#2676=ORIENTED_EDGE('',*,*,#2019,.T.);
#2677=ORIENTED_EDGE('',*,*,#2037,.T.);
#2678=ORIENTED_EDGE('',*,*,#2017,.T.);
#2679=ORIENTED_EDGE('',*,*,#2038,.T.);
#2680=ORIENTED_EDGE('',*,*,#2000,.T.);
#2681=ORIENTED_EDGE('',*,*,#2039,.T.);
#2682=ORIENTED_EDGE('',*,*,#2040,.T.);
#2683=ORIENTED_EDGE('',*,*,#2012,.T.);
#2684=ORIENTED_EDGE('',*,*,#2041,.T.);
#2685=ORIENTED_EDGE('',*,*,#2042,.T.);
#2686=ORIENTED_EDGE('',*,*,#1998,.T.);
#2687=ORIENTED_EDGE('',*,*,#2043,.T.);
#2688=ORIENTED_EDGE('',*,*,#1980,.T.);
#2689=ORIENTED_EDGE('',*,*,#2044,.T.);
#2690=ORIENTED_EDGE('',*,*,#2045,.T.);
#2691=ORIENTED_EDGE('',*,*,#1995,.T.);
#2692=ORIENTED_EDGE('',*,*,#2046,.T.);
#2693=ORIENTED_EDGE('',*,*,#2042,.F.);
#2694=ORIENTED_EDGE('',*,*,#1978,.T.);
#2695=ORIENTED_EDGE('',*,*,#2047,.T.);
#2696=ORIENTED_EDGE('',*,*,#1969,.T.);
#2697=ORIENTED_EDGE('',*,*,#2048,.T.);
#2698=ORIENTED_EDGE('',*,*,#2049,.T.);
#2699=ORIENTED_EDGE('',*,*,#1960,.T.);
#2700=ORIENTED_EDGE('',*,*,#2050,.T.);
#2701=ORIENTED_EDGE('',*,*,#1977,.F.);
#2702=ORIENTED_EDGE('',*,*,#1959,.T.);
#2703=ORIENTED_EDGE('',*,*,#2051,.T.);
#2704=ORIENTED_EDGE('',*,*,#1957,.T.);
#2705=ORIENTED_EDGE('',*,*,#2052,.T.);
#2706=ORIENTED_EDGE('',*,*,#2046,.F.);
#2707=ORIENTED_EDGE('',*,*,#1997,.F.);
#2708=ORIENTED_EDGE('',*,*,#1975,.F.);
#2709=ORIENTED_EDGE('',*,*,#2053,.F.);
#2710=ORIENTED_EDGE('',*,*,#1725,.F.);
#2711=ORIENTED_EDGE('',*,*,#1723,.F.);
#2712=ORIENTED_EDGE('',*,*,#2054,.F.);
#2713=ORIENTED_EDGE('',*,*,#2055,.F.);
#2714=ORIENTED_EDGE('',*,*,#1739,.F.);
#2715=ORIENTED_EDGE('',*,*,#1737,.F.);
#2716=ORIENTED_EDGE('',*,*,#1867,.F.);
#2717=ORIENTED_EDGE('',*,*,#2056,.F.);
#2718=ORIENTED_EDGE('',*,*,#2028,.F.);
#2719=ORIENTED_EDGE('',*,*,#2026,.F.);
#2720=ORIENTED_EDGE('',*,*,#2006,.F.);
#2721=ORIENTED_EDGE('',*,*,#2057,.T.);
#2722=ORIENTED_EDGE('',*,*,#1965,.F.);
#2723=ORIENTED_EDGE('',*,*,#1970,.F.);
#2724=ORIENTED_EDGE('',*,*,#1992,.F.);
#2725=ORIENTED_EDGE('',*,*,#1990,.F.);
#2726=ORIENTED_EDGE('',*,*,#1982,.F.);
#2727=ORIENTED_EDGE('',*,*,#2049,.F.);
#2728=ORIENTED_EDGE('',*,*,#1976,.F.);
#2729=ORIENTED_EDGE('',*,*,#2001,.F.);
#2730=ORIENTED_EDGE('',*,*,#2044,.F.);
#2731=ORIENTED_EDGE('',*,*,#1981,.F.);
#2732=ORIENTED_EDGE('',*,*,#2048,.F.);
#2733=ORIENTED_EDGE('',*,*,#1971,.F.);
#2734=ORIENTED_EDGE('',*,*,#2051,.F.);
#2735=ORIENTED_EDGE('',*,*,#1991,.F.);
#2736=ORIENTED_EDGE('',*,*,#2047,.F.);
#2737=ORIENTED_EDGE('',*,*,#2043,.F.);
#2738=ORIENTED_EDGE('',*,*,#2038,.F.);
#2739=ORIENTED_EDGE('',*,*,#2036,.F.);
#2740=ORIENTED_EDGE('',*,*,#2034,.F.);
#2741=ORIENTED_EDGE('',*,*,#2027,.F.);
#2742=ORIENTED_EDGE('',*,*,#2010,.F.);
#2743=ORIENTED_EDGE('',*,*,#2058,.T.);
#2744=ORIENTED_EDGE('',*,*,#1945,.F.);
#2745=ORIENTED_EDGE('',*,*,#1732,.T.);
#2746=ORIENTED_EDGE('',*,*,#1948,.F.);
#2747=ORIENTED_EDGE('',*,*,#1950,.T.);
#2748=ORIENTED_EDGE('',*,*,#2059,.T.);
#2749=ORIENTED_EDGE('',*,*,#1952,.F.);
#2750=ORIENTED_EDGE('',*,*,#1955,.T.);
#2751=ORIENTED_EDGE('',*,*,#2060,.T.);
#2752=ORIENTED_EDGE('',*,*,#1926,.F.);
#2753=ORIENTED_EDGE('',*,*,#1928,.T.);
#2754=ORIENTED_EDGE('',*,*,#1921,.F.);
#2755=ORIENTED_EDGE('',*,*,#1924,.T.);
#2756=ORIENTED_EDGE('',*,*,#2061,.T.);
#2757=ORIENTED_EDGE('',*,*,#1916,.F.);
#2758=ORIENTED_EDGE('',*,*,#1919,.T.);
#2759=ORIENTED_EDGE('',*,*,#2062,.T.);
#2760=ORIENTED_EDGE('',*,*,#1911,.F.);
#2761=ORIENTED_EDGE('',*,*,#1914,.T.);
#2762=ORIENTED_EDGE('',*,*,#2063,.T.);
#2763=ORIENTED_EDGE('',*,*,#1906,.F.);
#2764=ORIENTED_EDGE('',*,*,#1909,.T.);
#2765=ORIENTED_EDGE('',*,*,#2064,.T.);
#2766=ORIENTED_EDGE('',*,*,#1942,.F.);
#2767=ORIENTED_EDGE('',*,*,#1894,.T.);
#2768=ORIENTED_EDGE('',*,*,#2065,.T.);
#2769=ORIENTED_EDGE('',*,*,#1887,.F.);
#2770=ORIENTED_EDGE('',*,*,#1889,.T.);
#2771=ORIENTED_EDGE('',*,*,#1882,.F.);
#2772=ORIENTED_EDGE('',*,*,#1885,.T.);
#2773=ORIENTED_EDGE('',*,*,#2066,.T.);
#2774=ORIENTED_EDGE('',*,*,#1930,.F.);
#2775=ORIENTED_EDGE('',*,*,#1933,.T.);
#2776=ORIENTED_EDGE('',*,*,#2067,.T.);
#2777=ORIENTED_EDGE('',*,*,#1934,.F.);
#2778=ORIENTED_EDGE('',*,*,#1863,.T.);
#2779=ORIENTED_EDGE('',*,*,#1937,.F.);
#2780=ORIENTED_EDGE('',*,*,#1939,.T.);
#2781=ORIENTED_EDGE('',*,*,#1941,.F.);
#2782=ORIENTED_EDGE('',*,*,#2068,.T.);
#2783=ORIENTED_EDGE('',*,*,#2069,.T.);
#2784=ORIENTED_EDGE('',*,*,#1901,.F.);
#2785=ORIENTED_EDGE('',*,*,#1904,.T.);
#2786=ORIENTED_EDGE('',*,*,#2070,.T.);
#2787=ORIENTED_EDGE('',*,*,#1896,.F.);
#2788=ORIENTED_EDGE('',*,*,#1899,.T.);
#2789=ORIENTED_EDGE('',*,*,#2071,.T.);
#2790=ORIENTED_EDGE('',*,*,#1891,.F.);
#2791=ORIENTED_EDGE('',*,*,#1996,.F.);
#2792=ORIENTED_EDGE('',*,*,#2021,.F.);
#2793=ORIENTED_EDGE('',*,*,#2039,.F.);
#2794=ORIENTED_EDGE('',*,*,#2002,.F.);
#2795=ORIENTED_EDGE('',*,*,#1688,.T.);
#2796=ORIENTED_EDGE('',*,*,#1691,.F.);
#2797=ORIENTED_EDGE('',*,*,#1694,.T.);
#2798=ORIENTED_EDGE('',*,*,#1695,.F.);
#2799=ORIENTED_EDGE('',*,*,#1652,.T.);
#2800=ORIENTED_EDGE('',*,*,#1648,.F.);
#2801=ORIENTED_EDGE('',*,*,#2072,.T.);
#2802=ORIENTED_EDGE('',*,*,#1657,.F.);
#2803=ORIENTED_EDGE('',*,*,#2015,.F.);
#2804=ORIENTED_EDGE('',*,*,#2025,.F.);
#2805=ORIENTED_EDGE('',*,*,#2035,.F.);
#2806=ORIENTED_EDGE('',*,*,#2033,.F.);
#2807=ORIENTED_EDGE('',*,*,#2032,.F.);
#2808=ORIENTED_EDGE('',*,*,#2037,.F.);
#2809=ORIENTED_EDGE('',*,*,#2020,.F.);
#2810=ORIENTED_EDGE('',*,*,#2045,.F.);
#2811=ORIENTED_EDGE('',*,*,#2041,.F.);
#2812=ORIENTED_EDGE('',*,*,#2073,.F.);
#2813=ORIENTED_EDGE('',*,*,#2074,.T.);
#2814=ORIENTED_EDGE('',*,*,#2074,.F.);
#2815=ORIENTED_EDGE('',*,*,#1822,.F.);
#2816=ORIENTED_EDGE('',*,*,#2075,.T.);
#2817=ORIENTED_EDGE('',*,*,#2073,.T.);
#2818=ORIENTED_EDGE('',*,*,#2075,.F.);
#2819=ORIENTED_EDGE('',*,*,#2076,.F.);
#2820=ORIENTED_EDGE('',*,*,#2077,.T.);
#2821=ORIENTED_EDGE('',*,*,#2077,.F.);
#2822=ORIENTED_EDGE('',*,*,#1823,.F.);
#2823=ORIENTED_EDGE('',*,*,#2078,.T.);
#2824=ORIENTED_EDGE('',*,*,#2076,.T.);
#2825=ORIENTED_EDGE('',*,*,#2078,.F.);
#2826=ORIENTED_EDGE('',*,*,#2079,.F.);
#2827=ORIENTED_EDGE('',*,*,#2080,.T.);
#2828=ORIENTED_EDGE('',*,*,#2080,.F.);
#2829=ORIENTED_EDGE('',*,*,#1824,.F.);
#2830=ORIENTED_EDGE('',*,*,#2081,.T.);
#2831=ORIENTED_EDGE('',*,*,#2079,.T.);
#2832=ORIENTED_EDGE('',*,*,#2081,.F.);
#2833=ORIENTED_EDGE('',*,*,#2082,.F.);
#2834=ORIENTED_EDGE('',*,*,#2083,.T.);
#2835=ORIENTED_EDGE('',*,*,#2083,.F.);
#2836=ORIENTED_EDGE('',*,*,#1825,.F.);
#2837=ORIENTED_EDGE('',*,*,#2084,.T.);
#2838=ORIENTED_EDGE('',*,*,#2082,.T.);
#2839=ORIENTED_EDGE('',*,*,#2084,.F.);
#2840=ORIENTED_EDGE('',*,*,#2085,.F.);
#2841=ORIENTED_EDGE('',*,*,#2086,.T.);
#2842=ORIENTED_EDGE('',*,*,#2086,.F.);
#2843=ORIENTED_EDGE('',*,*,#1826,.F.);
#2844=ORIENTED_EDGE('',*,*,#2087,.T.);
#2845=ORIENTED_EDGE('',*,*,#2085,.T.);
#2846=ORIENTED_EDGE('',*,*,#2087,.F.);
#2847=ORIENTED_EDGE('',*,*,#2088,.F.);
#2848=ORIENTED_EDGE('',*,*,#2089,.T.);
#2849=ORIENTED_EDGE('',*,*,#2089,.F.);
#2850=ORIENTED_EDGE('',*,*,#1827,.F.);
#2851=ORIENTED_EDGE('',*,*,#2090,.T.);
#2852=ORIENTED_EDGE('',*,*,#2088,.T.);
#2853=ORIENTED_EDGE('',*,*,#2090,.F.);
#2854=ORIENTED_EDGE('',*,*,#1871,.F.);
#2855=ORIENTED_EDGE('',*,*,#1676,.F.);
#2856=ORIENTED_EDGE('',*,*,#1873,.F.);
#2857=ORIENTED_EDGE('',*,*,#1810,.T.);
#2858=ORIENTED_EDGE('',*,*,#1876,.F.);
#2859=ORIENTED_EDGE('',*,*,#1815,.T.);
#2860=ORIENTED_EDGE('',*,*,#2091,.F.);
#2861=ORIENTED_EDGE('',*,*,#1671,.F.);
#2862=ORIENTED_EDGE('',*,*,#1880,.T.);
#2863=ORIENTED_EDGE('',*,*,#1666,.F.);
#2864=ORIENTED_EDGE('',*,*,#2092,.T.);
#2865=ORIENTED_EDGE('',*,*,#2093,.T.);
#2866=ORIENTED_EDGE('',*,*,#1820,.T.);
#2867=ORIENTED_EDGE('',*,*,#2055,.T.);
#2868=ORIENTED_EDGE('',*,*,#2094,.T.);
#2869=ORIENTED_EDGE('',*,*,#1659,.F.);
#2870=ORIENTED_EDGE('',*,*,#1655,.F.);
#2871=ORIENTED_EDGE('',*,*,#2095,.T.);
#2872=ORIENTED_EDGE('',*,*,#1650,.F.);
#2873=ORIENTED_EDGE('',*,*,#1654,.T.);
#2874=ORIENTED_EDGE('',*,*,#1696,.F.);
#2875=ORIENTED_EDGE('',*,*,#1692,.T.);
#2876=ORIENTED_EDGE('',*,*,#1689,.F.);
#2877=ORIENTED_EDGE('',*,*,#1686,.F.);
#2878=ORIENTED_EDGE('',*,*,#1740,.T.);
#2879=ORIENTED_EDGE('',*,*,#1722,.F.);
#2880=ORIENTED_EDGE('',*,*,#1660,.F.);
#2881=ORIENTED_EDGE('',*,*,#2094,.F.);
#2882=ORIENTED_EDGE('',*,*,#2054,.T.);
#2883=ORIENTED_EDGE('',*,*,#2040,.F.);
#2884=ORIENTED_EDGE('',*,*,#2056,.T.);
#2885=ORIENTED_EDGE('',*,*,#1866,.F.);
#2886=ORIENTED_EDGE('',*,*,#1847,.F.);
#2887=ORIENTED_EDGE('',*,*,#2096,.F.);
#2888=ORIENTED_EDGE('',*,*,#1699,.F.);
#2889=ORIENTED_EDGE('',*,*,#1703,.F.);
#2890=ORIENTED_EDGE('',*,*,#1706,.F.);
#2891=ORIENTED_EDGE('',*,*,#1709,.F.);
#2892=ORIENTED_EDGE('',*,*,#1714,.F.);
#2893=ORIENTED_EDGE('',*,*,#1712,.F.);
#2894=ORIENTED_EDGE('',*,*,#1721,.F.);
#2895=ORIENTED_EDGE('',*,*,#1718,.F.);
#2896=ORIENTED_EDGE('',*,*,#1832,.F.);
#2897=ORIENTED_EDGE('',*,*,#1829,.F.);
#2898=ORIENTED_EDGE('',*,*,#1726,.F.);
#2899=ORIENTED_EDGE('',*,*,#2053,.T.);
#2900=ORIENTED_EDGE('',*,*,#2050,.F.);
#2901=ORIENTED_EDGE('',*,*,#2052,.F.);
#2902=ORIENTED_EDGE('',*,*,#1966,.F.);
#2903=ORIENTED_EDGE('',*,*,#1983,.F.);
#2904=ORIENTED_EDGE('',*,*,#2007,.F.);
#2905=ORIENTED_EDGE('',*,*,#2016,.F.);
#2906=ORIENTED_EDGE('',*,*,#1700,.F.);
#2907=ORIENTED_EDGE('',*,*,#2096,.T.);
#2908=ORIENTED_EDGE('',*,*,#1846,.F.);
#2909=ORIENTED_EDGE('',*,*,#1849,.F.);
#2910=ORIENTED_EDGE('',*,*,#1651,.F.);
#2911=ORIENTED_EDGE('',*,*,#2095,.F.);
#2912=ORIENTED_EDGE('',*,*,#1658,.F.);
#2913=ORIENTED_EDGE('',*,*,#2072,.F.);
#2914=ORIENTED_EDGE('',*,*,#1680,.F.);
#2915=ORIENTED_EDGE('',*,*,#2097,.T.);
#2916=ORIENTED_EDGE('',*,*,#2098,.T.);
#2917=ORIENTED_EDGE('',*,*,#2099,.F.);
#2918=ORIENTED_EDGE('',*,*,#2100,.F.);
#2919=ORIENTED_EDGE('',*,*,#2098,.F.);
#2920=ORIENTED_EDGE('',*,*,#1665,.F.);
#2921=ORIENTED_EDGE('',*,*,#2101,.F.);
#2922=ORIENTED_EDGE('',*,*,#2102,.T.);
#2923=ORIENTED_EDGE('',*,*,#2092,.F.);
#2924=ORIENTED_EDGE('',*,*,#2103,.F.);
#2925=ORIENTED_EDGE('',*,*,#2102,.F.);
#2926=ORIENTED_EDGE('',*,*,#1856,.F.);
#2927=ORIENTED_EDGE('',*,*,#2104,.F.);
#2928=ORIENTED_EDGE('',*,*,#2105,.T.);
#2929=ORIENTED_EDGE('',*,*,#2106,.F.);
#2930=ORIENTED_EDGE('',*,*,#2107,.F.);
#2931=ORIENTED_EDGE('',*,*,#2108,.F.);
#2932=ORIENTED_EDGE('',*,*,#2105,.F.);
#2933=ORIENTED_EDGE('',*,*,#1742,.F.);
#2934=ORIENTED_EDGE('',*,*,#1821,.T.);
#2935=ORIENTED_EDGE('',*,*,#2093,.F.);
#2936=ORIENTED_EDGE('',*,*,#2103,.T.);
#2937=ORIENTED_EDGE('',*,*,#2101,.T.);
#2938=ORIENTED_EDGE('',*,*,#1664,.F.);
#2939=ORIENTED_EDGE('',*,*,#2106,.T.);
#2940=ORIENTED_EDGE('',*,*,#2108,.T.);
#2941=ORIENTED_EDGE('',*,*,#2109,.T.);
#2942=ORIENTED_EDGE('',*,*,#1772,.T.);
#2943=ORIENTED_EDGE('',*,*,#2110,.F.);
#2944=ORIENTED_EDGE('',*,*,#1857,.F.);
#2945=ORIENTED_EDGE('',*,*,#2107,.T.);
#2946=ORIENTED_EDGE('',*,*,#2104,.T.);
#2947=ORIENTED_EDGE('',*,*,#1855,.F.);
#2948=ORIENTED_EDGE('',*,*,#2111,.T.);
#2949=ORIENTED_EDGE('',*,*,#1773,.T.);
#2950=ORIENTED_EDGE('',*,*,#2109,.F.);
#2951=ORIENTED_EDGE('',*,*,#1888,.F.);
#2952=ORIENTED_EDGE('',*,*,#2065,.F.);
#2953=ORIENTED_EDGE('',*,*,#1893,.F.);
#2954=ORIENTED_EDGE('',*,*,#1790,.F.);
#2955=ORIENTED_EDGE('',*,*,#1931,.F.);
#2956=ORIENTED_EDGE('',*,*,#2066,.F.);
#2957=ORIENTED_EDGE('',*,*,#1884,.F.);
#2958=ORIENTED_EDGE('',*,*,#1785,.F.);
#2959=ORIENTED_EDGE('',*,*,#1935,.F.);
#2960=ORIENTED_EDGE('',*,*,#2067,.F.);
#2961=ORIENTED_EDGE('',*,*,#1932,.F.);
#2962=ORIENTED_EDGE('',*,*,#1782,.F.);
#2963=ORIENTED_EDGE('',*,*,#1940,.F.);
#2964=ORIENTED_EDGE('',*,*,#1800,.F.);
#2965=ORIENTED_EDGE('',*,*,#2112,.T.);
#2966=ORIENTED_EDGE('',*,*,#2068,.F.);
#2967=ORIENTED_EDGE('',*,*,#1902,.F.);
#2968=ORIENTED_EDGE('',*,*,#2069,.F.);
#2969=ORIENTED_EDGE('',*,*,#2112,.F.);
#2970=ORIENTED_EDGE('',*,*,#1799,.F.);
#2971=ORIENTED_EDGE('',*,*,#1897,.F.);
#2972=ORIENTED_EDGE('',*,*,#2070,.F.);
#2973=ORIENTED_EDGE('',*,*,#1903,.F.);
#2974=ORIENTED_EDGE('',*,*,#1796,.F.);
#2975=ORIENTED_EDGE('',*,*,#1892,.F.);
#2976=ORIENTED_EDGE('',*,*,#2071,.F.);
#2977=ORIENTED_EDGE('',*,*,#1898,.F.);
#2978=ORIENTED_EDGE('',*,*,#1793,.F.);
#2979=ORIENTED_EDGE('',*,*,#1946,.F.);
#2980=ORIENTED_EDGE('',*,*,#2058,.F.);
#2981=ORIENTED_EDGE('',*,*,#1944,.F.);
#2982=ORIENTED_EDGE('',*,*,#1744,.F.);
#2983=ORIENTED_EDGE('',*,*,#1953,.F.);
#2984=ORIENTED_EDGE('',*,*,#2059,.F.);
#2985=ORIENTED_EDGE('',*,*,#1949,.F.);
#2986=ORIENTED_EDGE('',*,*,#1763,.F.);
#2987=ORIENTED_EDGE('',*,*,#1927,.F.);
#2988=ORIENTED_EDGE('',*,*,#2060,.F.);
#2989=ORIENTED_EDGE('',*,*,#1954,.F.);
#2990=ORIENTED_EDGE('',*,*,#1760,.F.);
#2991=ORIENTED_EDGE('',*,*,#1917,.F.);
#2992=ORIENTED_EDGE('',*,*,#2061,.F.);
#2993=ORIENTED_EDGE('',*,*,#1923,.F.);
#2994=ORIENTED_EDGE('',*,*,#1755,.F.);
#2995=ORIENTED_EDGE('',*,*,#1912,.F.);
#2996=ORIENTED_EDGE('',*,*,#2062,.F.);
#2997=ORIENTED_EDGE('',*,*,#1918,.F.);
#2998=ORIENTED_EDGE('',*,*,#1752,.F.);
#2999=ORIENTED_EDGE('',*,*,#1907,.F.);
#3000=ORIENTED_EDGE('',*,*,#2063,.F.);
#3001=ORIENTED_EDGE('',*,*,#1913,.F.);
#3002=ORIENTED_EDGE('',*,*,#1749,.F.);
#3003=ORIENTED_EDGE('',*,*,#1943,.F.);
#3004=ORIENTED_EDGE('',*,*,#2064,.F.);
#3005=ORIENTED_EDGE('',*,*,#1908,.F.);
#3006=ORIENTED_EDGE('',*,*,#1746,.F.);
#3007=ORIENTED_EDGE('',*,*,#1858,.F.);
#3008=ORIENTED_EDGE('',*,*,#2110,.T.);
#3009=ORIENTED_EDGE('',*,*,#1771,.T.);
#3010=ORIENTED_EDGE('',*,*,#2113,.F.);
#3011=ORIENTED_EDGE('',*,*,#1837,.F.);
#3012=ORIENTED_EDGE('',*,*,#1859,.F.);
#3013=ORIENTED_EDGE('',*,*,#2113,.T.);
#3014=ORIENTED_EDGE('',*,*,#1770,.T.);
#3015=ORIENTED_EDGE('',*,*,#1834,.F.);
#3016=ORIENTED_EDGE('',*,*,#1860,.F.);
#3017=ORIENTED_EDGE('',*,*,#1838,.T.);
#3018=ORIENTED_EDGE('',*,*,#1767,.T.);
#3019=ORIENTED_EDGE('',*,*,#1672,.F.);
#3020=ORIENTED_EDGE('',*,*,#2091,.T.);
#3021=ORIENTED_EDGE('',*,*,#1814,.T.);
#3022=ORIENTED_EDGE('',*,*,#2114,.F.);
#3023=ORIENTED_EDGE('',*,*,#1673,.F.);
#3024=ORIENTED_EDGE('',*,*,#2114,.T.);
#3025=ORIENTED_EDGE('',*,*,#1813,.T.);
#3026=ORIENTED_EDGE('',*,*,#1875,.F.);
#3027=ORIENTED_EDGE('',*,*,#1872,.T.);
#3028=ORIENTED_EDGE('',*,*,#1807,.T.);
#3029=ORIENTED_EDGE('',*,*,#2115,.F.);
#3030=ORIENTED_EDGE('',*,*,#2097,.F.);
#3031=ORIENTED_EDGE('',*,*,#1679,.F.);
#3032=ORIENTED_EDGE('',*,*,#1854,.F.);
#3033=ORIENTED_EDGE('',*,*,#1843,.T.);
#3034=ORIENTED_EDGE('',*,*,#1774,.T.);
#3035=ORIENTED_EDGE('',*,*,#2111,.F.);
#3036=ORIENTED_EDGE('',*,*,#1842,.F.);
#3037=ORIENTED_EDGE('',*,*,#1853,.F.);
#3038=ORIENTED_EDGE('',*,*,#2116,.T.);
#3039=ORIENTED_EDGE('',*,*,#1777,.T.);
#3040=ORIENTED_EDGE('',*,*,#1868,.F.);
#3041=ORIENTED_EDGE('',*,*,#1778,.T.);
#3042=ORIENTED_EDGE('',*,*,#2116,.F.);
#3043=ORIENTED_EDGE('',*,*,#1852,.F.);
#3044=ORIENTED_EDGE('',*,*,#1869,.F.);
#3045=ORIENTED_EDGE('',*,*,#1681,.F.);
#3046=ORIENTED_EDGE('',*,*,#2099,.T.);
#3047=ORIENTED_EDGE('',*,*,#2100,.T.);
#3048=ORIENTED_EDGE('',*,*,#2115,.T.);
#3049=ORIENTED_EDGE('',*,*,#1806,.T.);
#3050=ORIENTED_EDGE('',*,*,#2009,.F.);
#3051=ORIENTED_EDGE('',*,*,#2057,.F.);
#3052=ORIENTED_EDGE('',*,*,#2008,.F.);
#3053=ORIENTED_EDGE('',*,*,#1984,.F.);
#3054=ORIENTED_EDGE('',*,*,#1989,.F.);
#3055=CYLINDRICAL_SURFACE('',#3281,1.);
#3056=CYLINDRICAL_SURFACE('',#3285,1.);
#3057=CYLINDRICAL_SURFACE('',#3299,1.);
#3058=CYLINDRICAL_SURFACE('',#3303,1.);
#3059=CYLINDRICAL_SURFACE('',#3306,2.);
#3060=CYLINDRICAL_SURFACE('',#3310,2.);
#3061=CYLINDRICAL_SURFACE('',#3314,2.);
#3062=CYLINDRICAL_SURFACE('',#3318,2.);
#3063=CYLINDRICAL_SURFACE('',#3322,2.);
#3064=CYLINDRICAL_SURFACE('',#3325,2.);
#3065=CYLINDRICAL_SURFACE('',#3328,2.);
#3066=CYLINDRICAL_SURFACE('',#3364,2.);
#3067=CYLINDRICAL_SURFACE('',#3368,2.);
#3068=CYLINDRICAL_SURFACE('',#3370,2.);
#3069=CYLINDRICAL_SURFACE('',#3373,2.);
#3070=CYLINDRICAL_SURFACE('',#3376,2.);
#3071=CYLINDRICAL_SURFACE('',#3383,2.);
#3072=CYLINDRICAL_SURFACE('',#3384,2.);
#3073=CYLINDRICAL_SURFACE('',#3385,2.);
#3074=CYLINDRICAL_SURFACE('',#3387,2.);
#3075=CYLINDRICAL_SURFACE('',#3389,2.);
#3076=CYLINDRICAL_SURFACE('',#3391,2.);
#3077=CYLINDRICAL_SURFACE('',#3393,2.);
#3078=CYLINDRICAL_SURFACE('',#3396,2.);
#3079=CYLINDRICAL_SURFACE('',#3399,2.);
#3080=CYLINDRICAL_SURFACE('',#3402,2.);
#3081=CYLINDRICAL_SURFACE('',#3405,2.);
#3082=CYLINDRICAL_SURFACE('',#3408,2.);
#3083=CYLINDRICAL_SURFACE('',#3411,2.);
#3084=CYLINDRICAL_SURFACE('',#3414,2.);
#3085=CYLINDRICAL_SURFACE('',#3417,2.);
#3086=CYLINDRICAL_SURFACE('',#3420,2.);
#3087=CYLINDRICAL_SURFACE('',#3423,2.);
#3088=CYLINDRICAL_SURFACE('',#3426,2.);
#3089=CYLINDRICAL_SURFACE('',#3428,2.);
#3090=CYLINDRICAL_SURFACE('',#3431,2.);
#3091=CYLINDRICAL_SURFACE('',#3433,2.);
#3092=CYLINDRICAL_SURFACE('',#3435,2.);
#3093=CYLINDRICAL_SURFACE('',#3437,2.);
#3094=CYLINDRICAL_SURFACE('',#3440,2.);
#3095=CYLINDRICAL_SURFACE('',#3493,0.8115);
#3096=CYLINDRICAL_SURFACE('',#3496,0.8115);
#3097=CYLINDRICAL_SURFACE('',#3499,0.8115);
#3098=CYLINDRICAL_SURFACE('',#3502,0.8115);
#3099=CYLINDRICAL_SURFACE('',#3505,0.8115);
#3100=CYLINDRICAL_SURFACE('',#3508,0.8115);
#3101=CYLINDRICAL_SURFACE('',#3517,4.62812509967206);
#3102=CYLINDRICAL_SURFACE('',#3520,4.62813999018962);
#3103=CYLINDRICAL_SURFACE('',#3523,4.62812496764419);
#3104=ADVANCED_FACE('',(#156),#3055,.F.);
#3105=ADVANCED_FACE('',(#157),#36,.F.);
#3106=ADVANCED_FACE('',(#158),#3056,.F.);
#3107=ADVANCED_FACE('',(#159),#37,.F.);
#3108=ADVANCED_FACE('',(#160),#3057,.F.);
#3109=ADVANCED_FACE('',(#161),#38,.F.);
#3110=ADVANCED_FACE('',(#162),#3058,.F.);
#3111=ADVANCED_FACE('',(#163),#3059,.F.);
#3112=ADVANCED_FACE('',(#164),#39,.F.);
#3113=ADVANCED_FACE('',(#165),#3060,.F.);
#3114=ADVANCED_FACE('',(#166),#40,.F.);
#3115=ADVANCED_FACE('',(#167),#3061,.F.);
#3116=ADVANCED_FACE('',(#168),#41,.F.);
#3117=ADVANCED_FACE('',(#169),#3062,.F.);
#3118=ADVANCED_FACE('',(#170),#42,.F.);
#3119=ADVANCED_FACE('',(#171),#3063,.F.);
#3120=ADVANCED_FACE('',(#172),#43,.F.);
#3121=ADVANCED_FACE('',(#173),#3064,.F.);
#3122=ADVANCED_FACE('',(#174),#44,.F.);
#3123=ADVANCED_FACE('',(#175),#3065,.F.);
#3124=ADVANCED_FACE('',(#176,#21,#22,#23,#24,#25,#26),#45,.F.);
#3125=ADVANCED_FACE('',(#177),#3066,.F.);
#3126=ADVANCED_FACE('',(#178),#46,.F.);
#3127=ADVANCED_FACE('',(#179),#3067,.F.);
#3128=ADVANCED_FACE('',(#180),#3068,.F.);
#3129=ADVANCED_FACE('',(#181),#47,.F.);
#3130=ADVANCED_FACE('',(#182),#3069,.F.);
#3131=ADVANCED_FACE('',(#183),#48,.F.);
#3132=ADVANCED_FACE('',(#184),#3070,.F.);
#3133=ADVANCED_FACE('',(#185),#49,.F.);
#3134=ADVANCED_FACE('',(#186),#50,.F.);
#3135=ADVANCED_FACE('',(#187),#3071,.F.);
#3136=ADVANCED_FACE('',(#188),#3072,.F.);
#3137=ADVANCED_FACE('',(#189),#3073,.F.);
#3138=ADVANCED_FACE('',(#190),#51,.F.);
#3139=ADVANCED_FACE('',(#191),#3074,.F.);
#3140=ADVANCED_FACE('',(#192),#52,.F.);
#3141=ADVANCED_FACE('',(#193),#3075,.F.);
#3142=ADVANCED_FACE('',(#194),#53,.F.);
#3143=ADVANCED_FACE('',(#195),#3076,.F.);
#3144=ADVANCED_FACE('',(#196),#54,.F.);
#3145=ADVANCED_FACE('',(#197),#3077,.F.);
#3146=ADVANCED_FACE('',(#198),#55,.F.);
#3147=ADVANCED_FACE('',(#199),#3078,.F.);
#3148=ADVANCED_FACE('',(#200),#56,.F.);
#3149=ADVANCED_FACE('',(#201),#3079,.F.);
#3150=ADVANCED_FACE('',(#202),#57,.F.);
#3151=ADVANCED_FACE('',(#203),#3080,.F.);
#3152=ADVANCED_FACE('',(#204),#58,.F.);
#3153=ADVANCED_FACE('',(#205),#3081,.F.);
#3154=ADVANCED_FACE('',(#206),#59,.F.);
#3155=ADVANCED_FACE('',(#207),#3082,.F.);
#3156=ADVANCED_FACE('',(#208),#60,.F.);
#3157=ADVANCED_FACE('',(#209),#3083,.F.);
#3158=ADVANCED_FACE('',(#210),#61,.F.);
#3159=ADVANCED_FACE('',(#211),#3084,.F.);
#3160=ADVANCED_FACE('',(#212),#62,.F.);
#3161=ADVANCED_FACE('',(#213),#3085,.F.);
#3162=ADVANCED_FACE('',(#214),#63,.F.);
#3163=ADVANCED_FACE('',(#215),#3086,.F.);
#3164=ADVANCED_FACE('',(#216),#64,.F.);
#3165=ADVANCED_FACE('',(#217),#3087,.F.);
#3166=ADVANCED_FACE('',(#218),#65,.F.);
#3167=ADVANCED_FACE('',(#219),#3088,.F.);
#3168=ADVANCED_FACE('',(#220),#3089,.F.);
#3169=ADVANCED_FACE('',(#221),#66,.F.);
#3170=ADVANCED_FACE('',(#222),#3090,.F.);
#3171=ADVANCED_FACE('',(#223),#3091,.F.);
#3172=ADVANCED_FACE('',(#224),#3092,.F.);
#3173=ADVANCED_FACE('',(#225),#3093,.F.);
#3174=ADVANCED_FACE('',(#226),#67,.F.);
#3175=ADVANCED_FACE('',(#227),#3094,.F.);
#3176=ADVANCED_FACE('',(#228),#68,.F.);
#3177=ADVANCED_FACE('',(#229),#69,.T.);
#3178=ADVANCED_FACE('',(#230),#70,.T.);
#3179=ADVANCED_FACE('',(#231),#71,.T.);
#3180=ADVANCED_FACE('',(#232),#72,.T.);
#3181=ADVANCED_FACE('',(#233),#73,.T.);
#3182=ADVANCED_FACE('',(#234),#74,.T.);
#3183=ADVANCED_FACE('',(#235),#75,.T.);
#3184=ADVANCED_FACE('',(#236),#76,.T.);
#3185=ADVANCED_FACE('',(#237),#77,.T.);
#3186=ADVANCED_FACE('',(#238),#78,.T.);
#3187=ADVANCED_FACE('',(#239),#79,.T.);
#3188=ADVANCED_FACE('',(#240),#80,.T.);
#3189=ADVANCED_FACE('',(#241),#81,.T.);
#3190=ADVANCED_FACE('',(#242),#82,.T.);
#3191=ADVANCED_FACE('',(#243),#83,.T.);
#3192=ADVANCED_FACE('',(#244),#84,.T.);
#3193=ADVANCED_FACE('',(#245),#85,.T.);
#3194=ADVANCED_FACE('',(#246),#86,.T.);
#3195=ADVANCED_FACE('',(#247),#87,.T.);
#3196=ADVANCED_FACE('',(#248),#88,.T.);
#3197=ADVANCED_FACE('',(#249),#89,.T.);
#3198=ADVANCED_FACE('',(#250),#90,.T.);
#3199=ADVANCED_FACE('',(#251),#91,.T.);
#3200=ADVANCED_FACE('',(#252),#92,.T.);
#3201=ADVANCED_FACE('',(#253),#93,.T.);
#3202=ADVANCED_FACE('',(#254),#94,.T.);
#3203=ADVANCED_FACE('',(#255),#95,.T.);
#3204=ADVANCED_FACE('',(#256),#96,.T.);
#3205=ADVANCED_FACE('',(#257),#97,.T.);
#3206=ADVANCED_FACE('',(#258),#98,.T.);
#3207=ADVANCED_FACE('',(#259),#99,.T.);
#3208=ADVANCED_FACE('',(#260),#100,.T.);
#3209=ADVANCED_FACE('',(#261),#101,.T.);
#3210=ADVANCED_FACE('',(#262),#102,.T.);
#3211=ADVANCED_FACE('',(#263),#103,.T.);
#3212=ADVANCED_FACE('',(#264),#104,.T.);
#3213=ADVANCED_FACE('',(#265),#105,.T.);
#3214=ADVANCED_FACE('',(#266),#106,.T.);
#3215=ADVANCED_FACE('',(#267),#107,.T.);
#3216=ADVANCED_FACE('',(#268),#108,.F.);
#3217=ADVANCED_FACE('',(#269),#109,.T.);
#3218=ADVANCED_FACE('',(#270),#110,.T.);
#3219=ADVANCED_FACE('',(#271),#111,.T.);
#3220=ADVANCED_FACE('',(#272),#112,.T.);
#3221=ADVANCED_FACE('',(#273,#27,#28),#113,.T.);
#3222=ADVANCED_FACE('',(#274,#29),#114,.T.);
#3223=ADVANCED_FACE('',(#275),#115,.T.);
#3224=ADVANCED_FACE('',(#276),#116,.T.);
#3225=ADVANCED_FACE('',(#277),#15,.F.);
#3226=ADVANCED_FACE('',(#278),#3095,.F.);
#3227=ADVANCED_FACE('',(#279),#16,.F.);
#3228=ADVANCED_FACE('',(#280),#3096,.F.);
#3229=ADVANCED_FACE('',(#281),#17,.F.);
#3230=ADVANCED_FACE('',(#282),#3097,.F.);
#3231=ADVANCED_FACE('',(#283),#18,.F.);
#3232=ADVANCED_FACE('',(#284),#3098,.F.);
#3233=ADVANCED_FACE('',(#285),#19,.F.);
#3234=ADVANCED_FACE('',(#286),#3099,.F.);
#3235=ADVANCED_FACE('',(#287),#20,.F.);
#3236=ADVANCED_FACE('',(#288),#3100,.F.);
#3237=ADVANCED_FACE('',(#289),#117,.F.);
#3238=ADVANCED_FACE('',(#290),#118,.F.);
#3239=ADVANCED_FACE('',(#291),#119,.F.);
#3240=ADVANCED_FACE('',(#292),#120,.F.);
#3241=ADVANCED_FACE('',(#293),#121,.F.);
#3242=ADVANCED_FACE('',(#294),#122,.F.);
#3243=ADVANCED_FACE('',(#295),#123,.F.);
#3244=ADVANCED_FACE('',(#296),#124,.F.);
#3245=ADVANCED_FACE('',(#297),#3101,.F.);
#3246=ADVANCED_FACE('',(#298),#125,.T.);
#3247=ADVANCED_FACE('',(#299),#3102,.F.);
#3248=ADVANCED_FACE('',(#300),#126,.T.);
#3249=ADVANCED_FACE('',(#301),#3103,.F.);
#3250=ADVANCED_FACE('',(#302),#127,.T.);
#3251=ADVANCED_FACE('',(#303),#128,.F.);
#3252=ADVANCED_FACE('',(#304),#129,.F.);
#3253=ADVANCED_FACE('',(#305),#130,.F.);
#3254=ADVANCED_FACE('',(#306),#131,.F.);
#3255=ADVANCED_FACE('',(#307),#132,.F.);
#3256=ADVANCED_FACE('',(#308),#133,.F.);
#3257=ADVANCED_FACE('',(#309),#134,.F.);
#3258=ADVANCED_FACE('',(#310),#135,.F.);
#3259=ADVANCED_FACE('',(#311),#136,.F.);
#3260=ADVANCED_FACE('',(#312),#137,.F.);
#3261=ADVANCED_FACE('',(#313),#138,.F.);
#3262=ADVANCED_FACE('',(#314),#139,.F.);
#3263=ADVANCED_FACE('',(#315),#140,.F.);
#3264=ADVANCED_FACE('',(#316),#141,.F.);
#3265=ADVANCED_FACE('',(#317),#142,.F.);
#3266=ADVANCED_FACE('',(#318),#143,.F.);
#3267=ADVANCED_FACE('',(#319),#144,.F.);
#3268=ADVANCED_FACE('',(#320),#145,.F.);
#3269=ADVANCED_FACE('',(#321),#146,.F.);
#3270=ADVANCED_FACE('',(#322),#147,.F.);
#3271=ADVANCED_FACE('',(#323),#148,.F.);
#3272=ADVANCED_FACE('',(#324),#149,.F.);
#3273=ADVANCED_FACE('',(#325),#150,.F.);
#3274=ADVANCED_FACE('',(#326),#151,.F.);
#3275=ADVANCED_FACE('',(#327),#152,.F.);
#3276=ADVANCED_FACE('',(#328),#153,.F.);
#3277=ADVANCED_FACE('',(#329),#154,.F.);
#3278=ADVANCED_FACE('',(#330),#155,.T.);
#3279=CLOSED_SHELL('',(#3104,#3105,#3106,#3107,#3108,#3109,#3110,#3111,
#3112,#3113,#3114,#3115,#3116,#3117,#3118,#3119,#3120,#3121,#3122,#3123,
#3124,#3125,#3126,#3127,#3128,#3129,#3130,#3131,#3132,#3133,#3134,#3135,
#3136,#3137,#3138,#3139,#3140,#3141,#3142,#3143,#3144,#3145,#3146,#3147,
#3148,#3149,#3150,#3151,#3152,#3153,#3154,#3155,#3156,#3157,#3158,#3159,
#3160,#3161,#3162,#3163,#3164,#3165,#3166,#3167,#3168,#3169,#3170,#3171,
#3172,#3173,#3174,#3175,#3176,#3177,#3178,#3179,#3180,#3181,#3182,#3183,
#3184,#3185,#3186,#3187,#3188,#3189,#3190,#3191,#3192,#3193,#3194,#3195,
#3196,#3197,#3198,#3199,#3200,#3201,#3202,#3203,#3204,#3205,#3206,#3207,
#3208,#3209,#3210,#3211,#3212,#3213,#3214,#3215,#3216,#3217,#3218,#3219,
#3220,#3221,#3222,#3223,#3224,#3225,#3226,#3227,#3228,#3229,#3230,#3231,
#3232,#3233,#3234,#3235,#3236,#3237,#3238,#3239,#3240,#3241,#3242,#3243,
#3244,#3245,#3246,#3247,#3248,#3249,#3250,#3251,#3252,#3253,#3254,#3255,
#3256,#3257,#3258,#3259,#3260,#3261,#3262,#3263,#3264,#3265,#3266,#3267,
#3268,#3269,#3270,#3271,#3272,#3273,#3274,#3275,#3276,#3277,#3278));
#3280=AXIS2_PLACEMENT_3D('',#4473,#3554,#3555);
#3281=AXIS2_PLACEMENT_3D('',#4474,#3556,#3557);
#3282=AXIS2_PLACEMENT_3D('',#4477,#3558,#3559);
#3283=AXIS2_PLACEMENT_3D('',#4481,#3561,#3562);
#3284=AXIS2_PLACEMENT_3D('',#4483,#3564,#3565);
#3285=AXIS2_PLACEMENT_3D('',#4489,#3569,#3570);
#3286=AXIS2_PLACEMENT_3D('',#4492,#3571,#3572);
#3287=AXIS2_PLACEMENT_3D('',#4496,#3574,#3575);
#3288=AXIS2_PLACEMENT_3D('',#4498,#3577,#3578);
#3289=AXIS2_PLACEMENT_3D('',#4504,#3581,#3582);
#3290=AXIS2_PLACEMENT_3D('',#4508,#3584,#3585);
#3291=AXIS2_PLACEMENT_3D('',#4512,#3587,#3588);
#3292=AXIS2_PLACEMENT_3D('',#4518,#3591,#3592);
#3293=AXIS2_PLACEMENT_3D('',#4522,#3594,#3595);
#3294=AXIS2_PLACEMENT_3D('',#4532,#3600,#3601);
#3295=AXIS2_PLACEMENT_3D('',#4536,#3603,#3604);
#3296=AXIS2_PLACEMENT_3D('',#4542,#3607,#3608);
#3297=AXIS2_PLACEMENT_3D('',#4546,#3610,#3611);
#3298=AXIS2_PLACEMENT_3D('',#4550,#3613,#3614);
#3299=AXIS2_PLACEMENT_3D('',#4558,#3619,#3620);
#3300=AXIS2_PLACEMENT_3D('',#4560,#3621,#3622);
#3301=AXIS2_PLACEMENT_3D('',#4563,#3624,#3625);
#3302=AXIS2_PLACEMENT_3D('',#4564,#3626,#3627);
#3303=AXIS2_PLACEMENT_3D('',#4570,#3631,#3632);
#3304=AXIS2_PLACEMENT_3D('',#4571,#3633,#3634);
#3305=AXIS2_PLACEMENT_3D('',#4572,#3635,#3636);
#3306=AXIS2_PLACEMENT_3D('',#4573,#3637,#3638);
#3307=AXIS2_PLACEMENT_3D('',#4576,#3639,#3640);
#3308=AXIS2_PLACEMENT_3D('',#4580,#3642,#3643);
#3309=AXIS2_PLACEMENT_3D('',#4582,#3645,#3646);
#3310=AXIS2_PLACEMENT_3D('',#4588,#3650,#3651);
#3311=AXIS2_PLACEMENT_3D('',#4590,#3652,#3653);
#3312=AXIS2_PLACEMENT_3D('',#4593,#3655,#3656);
#3313=AXIS2_PLACEMENT_3D('',#4594,#3657,#3658);
#3314=AXIS2_PLACEMENT_3D('',#4600,#3662,#3663);
#3315=AXIS2_PLACEMENT_3D('',#4603,#3664,#3665);
#3316=AXIS2_PLACEMENT_3D('',#4607,#3667,#3668);
#3317=AXIS2_PLACEMENT_3D('',#4609,#3670,#3671);
#3318=AXIS2_PLACEMENT_3D('',#4612,#3674,#3675);
#3319=AXIS2_PLACEMENT_3D('',#4615,#3676,#3677);
#3320=AXIS2_PLACEMENT_3D('',#4619,#3679,#3680);
#3321=AXIS2_PLACEMENT_3D('',#4621,#3682,#3683);
#3322=AXIS2_PLACEMENT_3D('',#4624,#3686,#3687);
#3323=AXIS2_PLACEMENT_3D('',#4628,#3689,#3690);
#3324=AXIS2_PLACEMENT_3D('',#4630,#3692,#3693);
#3325=AXIS2_PLACEMENT_3D('',#4652,#3705,#3706);
#3326=AXIS2_PLACEMENT_3D('',#4656,#3708,#3709);
#3327=AXIS2_PLACEMENT_3D('',#4658,#3711,#3712);
#3328=AXIS2_PLACEMENT_3D('',#4662,#3715,#3716);
#3329=AXIS2_PLACEMENT_3D('',#4664,#3717,#3718);
#3330=AXIS2_PLACEMENT_3D('',#4666,#3720,#3721);
#3331=AXIS2_PLACEMENT_3D('',#4668,#3722,#3723);
#3332=AXIS2_PLACEMENT_3D('',#4672,#3725,#3726);
#3333=AXIS2_PLACEMENT_3D('',#4678,#3729,#3730);
#3334=AXIS2_PLACEMENT_3D('',#4684,#3733,#3734);
#3335=AXIS2_PLACEMENT_3D('',#4690,#3737,#3738);
#3336=AXIS2_PLACEMENT_3D('',#4696,#3741,#3742);
#3337=AXIS2_PLACEMENT_3D('',#4700,#3744,#3745);
#3338=AXIS2_PLACEMENT_3D('',#4706,#3748,#3749);
#3339=AXIS2_PLACEMENT_3D('',#4711,#3752,#3753);
#3340=AXIS2_PLACEMENT_3D('',#4713,#3754,#3755);
#3341=AXIS2_PLACEMENT_3D('',#4719,#3758,#3759);
#3342=AXIS2_PLACEMENT_3D('',#4733,#3766,#3767);
#3343=AXIS2_PLACEMENT_3D('',#4739,#3770,#3771);
#3344=AXIS2_PLACEMENT_3D('',#4743,#3773,#3774);
#3345=AXIS2_PLACEMENT_3D('',#4749,#3777,#3778);
#3346=AXIS2_PLACEMENT_3D('',#4755,#3781,#3782);
#3347=AXIS2_PLACEMENT_3D('',#4759,#3784,#3785);
#3348=AXIS2_PLACEMENT_3D('',#4765,#3788,#3789);
#3349=AXIS2_PLACEMENT_3D('',#4771,#3792,#3793);
#3350=AXIS2_PLACEMENT_3D('',#4777,#3796,#3797);
#3351=AXIS2_PLACEMENT_3D('',#4783,#3800,#3801);
#3352=AXIS2_PLACEMENT_3D('',#4787,#3803,#3804);
#3353=AXIS2_PLACEMENT_3D('',#4791,#3806,#3807);
#3354=AXIS2_PLACEMENT_3D('',#4799,#3811,#3812);
#3355=AXIS2_PLACEMENT_3D('',#4803,#3814,#3815);
#3356=AXIS2_PLACEMENT_3D('',#4813,#3820,#3821);
#3357=AXIS2_PLACEMENT_3D('',#4817,#3823,#3824);
#3358=AXIS2_PLACEMENT_3D('',#4824,#3828,#3829);
#3359=AXIS2_PLACEMENT_3D('',#4826,#3830,#3831);
#3360=AXIS2_PLACEMENT_3D('',#4828,#3832,#3833);
#3361=AXIS2_PLACEMENT_3D('',#4830,#3834,#3835);
#3362=AXIS2_PLACEMENT_3D('',#4832,#3836,#3837);
#3363=AXIS2_PLACEMENT_3D('',#4834,#3838,#3839);
#3364=AXIS2_PLACEMENT_3D('',#4835,#3840,#3841);
#3365=AXIS2_PLACEMENT_3D('',#4837,#3842,#3843);
#3366=AXIS2_PLACEMENT_3D('',#4839,#3844,#3845);
#3367=AXIS2_PLACEMENT_3D('',#4841,#3847,#3848);
#3368=AXIS2_PLACEMENT_3D('',#4844,#3851,#3852);
#3369=AXIS2_PLACEMENT_3D('',#4846,#3853,#3854);
#3370=AXIS2_PLACEMENT_3D('',#4848,#3856,#3857);
#3371=AXIS2_PLACEMENT_3D('',#4852,#3859,#3860);
#3372=AXIS2_PLACEMENT_3D('',#4854,#3862,#3863);
#3373=AXIS2_PLACEMENT_3D('',#4858,#3866,#3867);
#3374=AXIS2_PLACEMENT_3D('',#4862,#3869,#3870);
#3375=AXIS2_PLACEMENT_3D('',#4864,#3872,#3873);
#3376=AXIS2_PLACEMENT_3D('',#4868,#3876,#3877);
#3377=AXIS2_PLACEMENT_3D('',#4871,#3878,#3879);
#3378=AXIS2_PLACEMENT_3D('',#4875,#3881,#3882);
#3379=AXIS2_PLACEMENT_3D('',#4877,#3884,#3885);
#3380=AXIS2_PLACEMENT_3D('',#4882,#3888,#3889);
#3381=AXIS2_PLACEMENT_3D('',#4891,#3894,#3895);
#3382=AXIS2_PLACEMENT_3D('',#4898,#3900,#3901);
#3383=AXIS2_PLACEMENT_3D('',#4909,#3909,#3910);
#3384=AXIS2_PLACEMENT_3D('',#4911,#3912,#3913);
#3385=AXIS2_PLACEMENT_3D('',#4913,#3915,#3916);
#3386=AXIS2_PLACEMENT_3D('',#4916,#3919,#3920);
#3387=AXIS2_PLACEMENT_3D('',#4918,#3922,#3923);
#3388=AXIS2_PLACEMENT_3D('',#4921,#3926,#3927);
#3389=AXIS2_PLACEMENT_3D('',#4923,#3929,#3930);
#3390=AXIS2_PLACEMENT_3D('',#4926,#3933,#3934);
#3391=AXIS2_PLACEMENT_3D('',#4928,#3936,#3937);
#3392=AXIS2_PLACEMENT_3D('',#4930,#3939,#3940);
#3393=AXIS2_PLACEMENT_3D('',#4932,#3942,#3943);
#3394=AXIS2_PLACEMENT_3D('',#4936,#3945,#3946);
#3395=AXIS2_PLACEMENT_3D('',#4938,#3948,#3949);
#3396=AXIS2_PLACEMENT_3D('',#4942,#3952,#3953);
#3397=AXIS2_PLACEMENT_3D('',#4946,#3955,#3956);
#3398=AXIS2_PLACEMENT_3D('',#4948,#3958,#3959);
#3399=AXIS2_PLACEMENT_3D('',#4950,#3961,#3962);
#3400=AXIS2_PLACEMENT_3D('',#4954,#3964,#3965);
#3401=AXIS2_PLACEMENT_3D('',#4956,#3967,#3968);
#3402=AXIS2_PLACEMENT_3D('',#4960,#3971,#3972);
#3403=AXIS2_PLACEMENT_3D('',#4964,#3974,#3975);
#3404=AXIS2_PLACEMENT_3D('',#4966,#3977,#3978);
#3405=AXIS2_PLACEMENT_3D('',#4970,#3981,#3982);
#3406=AXIS2_PLACEMENT_3D('',#4974,#3984,#3985);
#3407=AXIS2_PLACEMENT_3D('',#4976,#3987,#3988);
#3408=AXIS2_PLACEMENT_3D('',#4980,#3991,#3992);
#3409=AXIS2_PLACEMENT_3D('',#4984,#3994,#3995);
#3410=AXIS2_PLACEMENT_3D('',#4986,#3997,#3998);
#3411=AXIS2_PLACEMENT_3D('',#4990,#4001,#4002);
#3412=AXIS2_PLACEMENT_3D('',#4994,#4004,#4005);
#3413=AXIS2_PLACEMENT_3D('',#4996,#4007,#4008);
#3414=AXIS2_PLACEMENT_3D('',#5000,#4011,#4012);
#3415=AXIS2_PLACEMENT_3D('',#5004,#4014,#4015);
#3416=AXIS2_PLACEMENT_3D('',#5006,#4017,#4018);
#3417=AXIS2_PLACEMENT_3D('',#5010,#4021,#4022);
#3418=AXIS2_PLACEMENT_3D('',#5014,#4024,#4025);
#3419=AXIS2_PLACEMENT_3D('',#5016,#4027,#4028);
#3420=AXIS2_PLACEMENT_3D('',#5020,#4031,#4032);
#3421=AXIS2_PLACEMENT_3D('',#5024,#4034,#4035);
#3422=AXIS2_PLACEMENT_3D('',#5026,#4037,#4038);
#3423=AXIS2_PLACEMENT_3D('',#5028,#4040,#4041);
#3424=AXIS2_PLACEMENT_3D('',#5032,#4043,#4044);
#3425=AXIS2_PLACEMENT_3D('',#5034,#4046,#4047);
#3426=AXIS2_PLACEMENT_3D('',#5038,#4050,#4051);
#3427=AXIS2_PLACEMENT_3D('',#5040,#4052,#4053);
#3428=AXIS2_PLACEMENT_3D('',#5042,#4055,#4056);
#3429=AXIS2_PLACEMENT_3D('',#5045,#4058,#4059);
#3430=AXIS2_PLACEMENT_3D('',#5046,#4060,#4061);
#3431=AXIS2_PLACEMENT_3D('',#5050,#4064,#4065);
#3432=AXIS2_PLACEMENT_3D('',#5053,#4067,#4068);
#3433=AXIS2_PLACEMENT_3D('',#5054,#4069,#4070);
#3434=AXIS2_PLACEMENT_3D('',#5057,#4071,#4072);
#3435=AXIS2_PLACEMENT_3D('',#5060,#4075,#4076);
#3436=AXIS2_PLACEMENT_3D('',#5062,#4077,#4078);
#3437=AXIS2_PLACEMENT_3D('',#5064,#4080,#4081);
#3438=AXIS2_PLACEMENT_3D('',#5067,#4083,#4084);
#3439=AXIS2_PLACEMENT_3D('',#5068,#4085,#4086);
#3440=AXIS2_PLACEMENT_3D('',#5072,#4089,#4090);
#3441=AXIS2_PLACEMENT_3D('',#5076,#4092,#4093);
#3442=AXIS2_PLACEMENT_3D('',#5078,#4095,#4096);
#3443=AXIS2_PLACEMENT_3D('',#5082,#4099,#4100);
#3444=AXIS2_PLACEMENT_3D('',#5089,#4104,#4105);
#3445=AXIS2_PLACEMENT_3D('',#5096,#4109,#4110);
#3446=AXIS2_PLACEMENT_3D('',#5103,#4114,#4115);
#3447=AXIS2_PLACEMENT_3D('',#5106,#4118,#4119);
#3448=AXIS2_PLACEMENT_3D('',#5113,#4123,#4124);
#3449=AXIS2_PLACEMENT_3D('',#5116,#4127,#4128);
#3450=AXIS2_PLACEMENT_3D('',#5123,#4132,#4133);
#3451=AXIS2_PLACEMENT_3D('',#5129,#4137,#4138);
#3452=AXIS2_PLACEMENT_3D('',#5136,#4142,#4143);
#3453=AXIS2_PLACEMENT_3D('',#5139,#4146,#4147);
#3454=AXIS2_PLACEMENT_3D('',#5145,#4151,#4152);
#3455=AXIS2_PLACEMENT_3D('',#5152,#4156,#4157);
#3456=AXIS2_PLACEMENT_3D('',#5155,#4160,#4161);
#3457=AXIS2_PLACEMENT_3D('',#5158,#4164,#4165);
#3458=AXIS2_PLACEMENT_3D('',#5165,#4169,#4170);
#3459=AXIS2_PLACEMENT_3D('',#5168,#4173,#4174);
#3460=AXIS2_PLACEMENT_3D('',#5175,#4178,#4179);
#3461=AXIS2_PLACEMENT_3D('',#5178,#4182,#4183);
#3462=AXIS2_PLACEMENT_3D('',#5185,#4187,#4188);
#3463=AXIS2_PLACEMENT_3D('',#5190,#4192,#4193);
#3464=AXIS2_PLACEMENT_3D('',#5196,#4197,#4198);
#3465=AXIS2_PLACEMENT_3D('',#5203,#4202,#4203);
#3466=AXIS2_PLACEMENT_3D('',#5206,#4206,#4207);
#3467=AXIS2_PLACEMENT_3D('',#5213,#4211,#4212);
#3468=AXIS2_PLACEMENT_3D('',#5216,#4215,#4216);
#3469=AXIS2_PLACEMENT_3D('',#5223,#4220,#4221);
#3470=AXIS2_PLACEMENT_3D('',#5226,#4224,#4225);
#3471=AXIS2_PLACEMENT_3D('',#5229,#4228,#4229);
#3472=AXIS2_PLACEMENT_3D('',#5236,#4233,#4234);
#3473=AXIS2_PLACEMENT_3D('',#5239,#4237,#4238);
#3474=AXIS2_PLACEMENT_3D('',#5242,#4241,#4242);
#3475=AXIS2_PLACEMENT_3D('',#5245,#4245,#4246);
#3476=AXIS2_PLACEMENT_3D('',#5248,#4249,#4250);
#3477=AXIS2_PLACEMENT_3D('',#5254,#4254,#4255);
#3478=AXIS2_PLACEMENT_3D('',#5257,#4258,#4259);
#3479=AXIS2_PLACEMENT_3D('',#5260,#4262,#4263);
#3480=AXIS2_PLACEMENT_3D('',#5263,#4266,#4267);
#3481=AXIS2_PLACEMENT_3D('',#5266,#4270,#4271);
#3482=AXIS2_PLACEMENT_3D('',#5269,#4274,#4275);
#3483=AXIS2_PLACEMENT_3D('',#5275,#4280,#4281);
#3484=AXIS2_PLACEMENT_3D('',#5277,#4283,#4284);
#3485=AXIS2_PLACEMENT_3D('',#5278,#4285,#4286);
#3486=AXIS2_PLACEMENT_3D('',#5279,#4287,#4288);
#3487=AXIS2_PLACEMENT_3D('',#5280,#4289,#4290);
#3488=AXIS2_PLACEMENT_3D('',#5296,#4305,#4306);
#3489=AXIS2_PLACEMENT_3D('',#5298,#4308,#4309);
#3490=AXIS2_PLACEMENT_3D('',#5299,#4310,#4311);
#3491=AXIS2_PLACEMENT_3D('',#5300,#4312,#4313);
#3492=AXIS2_PLACEMENT_3D('',#5302,#4314,#4315);
#3493=AXIS2_PLACEMENT_3D('',#5305,#4317,#4318);
#3494=AXIS2_PLACEMENT_3D('',#5307,#4320,#4321);
#3495=AXIS2_PLACEMENT_3D('',#5309,#4322,#4323);
#3496=AXIS2_PLACEMENT_3D('',#5312,#4325,#4326);
#3497=AXIS2_PLACEMENT_3D('',#5314,#4328,#4329);
#3498=AXIS2_PLACEMENT_3D('',#5316,#4330,#4331);
#3499=AXIS2_PLACEMENT_3D('',#5319,#4333,#4334);
#3500=AXIS2_PLACEMENT_3D('',#5321,#4336,#4337);
#3501=AXIS2_PLACEMENT_3D('',#5323,#4338,#4339);
#3502=AXIS2_PLACEMENT_3D('',#5326,#4341,#4342);
#3503=AXIS2_PLACEMENT_3D('',#5328,#4344,#4345);
#3504=AXIS2_PLACEMENT_3D('',#5330,#4346,#4347);
#3505=AXIS2_PLACEMENT_3D('',#5333,#4349,#4350);
#3506=AXIS2_PLACEMENT_3D('',#5335,#4352,#4353);
#3507=AXIS2_PLACEMENT_3D('',#5337,#4354,#4355);
#3508=AXIS2_PLACEMENT_3D('',#5340,#4357,#4358);
#3509=AXIS2_PLACEMENT_3D('',#5342,#4360,#4361);
#3510=AXIS2_PLACEMENT_3D('',#5343,#4362,#4363);
#3511=AXIS2_PLACEMENT_3D('',#5345,#4365,#4366);
#3512=AXIS2_PLACEMENT_3D('',#5349,#4369,#4370);
#3513=AXIS2_PLACEMENT_3D('',#5352,#4373,#4374);
#3514=AXIS2_PLACEMENT_3D('',#5353,#4375,#4376);
#3515=AXIS2_PLACEMENT_3D('',#5355,#4378,#4379);
#3516=AXIS2_PLACEMENT_3D('',#5356,#4380,#4381);
#3517=AXIS2_PLACEMENT_3D('',#5357,#4382,#4383);
#3518=AXIS2_PLACEMENT_3D('',#5361,#4385,#4386);
#3519=AXIS2_PLACEMENT_3D('',#5363,#4388,#4389);
#3520=AXIS2_PLACEMENT_3D('',#5365,#4391,#4392);
#3521=AXIS2_PLACEMENT_3D('',#5368,#4394,#4395);
#3522=AXIS2_PLACEMENT_3D('',#5369,#4396,#4397);
#3523=AXIS2_PLACEMENT_3D('',#5371,#4399,#4400);
#3524=AXIS2_PLACEMENT_3D('',#5375,#4402,#4403);
#3525=AXIS2_PLACEMENT_3D('',#5377,#4405,#4406);
#3526=AXIS2_PLACEMENT_3D('',#5381,#4409,#4410);
#3527=AXIS2_PLACEMENT_3D('',#5382,#4411,#4412);
#3528=AXIS2_PLACEMENT_3D('',#5385,#4415,#4416);
#3529=AXIS2_PLACEMENT_3D('',#5387,#4418,#4419);
#3530=AXIS2_PLACEMENT_3D('',#5388,#4420,#4421);
#3531=AXIS2_PLACEMENT_3D('',#5389,#4422,#4423);
#3532=AXIS2_PLACEMENT_3D('',#5390,#4424,#4425);
#3533=AXIS2_PLACEMENT_3D('',#5392,#4427,#4428);
#3534=AXIS2_PLACEMENT_3D('',#5393,#4429,#4430);
#3535=AXIS2_PLACEMENT_3D('',#5394,#4431,#4432);
#3536=AXIS2_PLACEMENT_3D('',#5395,#4433,#4434);
#3537=AXIS2_PLACEMENT_3D('',#5396,#4435,#4436);
#3538=AXIS2_PLACEMENT_3D('',#5397,#4437,#4438);
#3539=AXIS2_PLACEMENT_3D('',#5398,#4439,#4440);
#3540=AXIS2_PLACEMENT_3D('',#5399,#4441,#4442);
#3541=AXIS2_PLACEMENT_3D('',#5400,#4443,#4444);
#3542=AXIS2_PLACEMENT_3D('',#5401,#4445,#4446);
#3543=AXIS2_PLACEMENT_3D('',#5402,#4447,#4448);
#3544=AXIS2_PLACEMENT_3D('',#5404,#4450,#4451);
#3545=AXIS2_PLACEMENT_3D('',#5405,#4452,#4453);
#3546=AXIS2_PLACEMENT_3D('',#5406,#4454,#4455);
#3547=AXIS2_PLACEMENT_3D('',#5408,#4457,#4458);
#3548=AXIS2_PLACEMENT_3D('',#5409,#4459,#4460);
#3549=AXIS2_PLACEMENT_3D('',#5411,#4462,#4463);
#3550=AXIS2_PLACEMENT_3D('',#5412,#4464,#4465);
#3551=AXIS2_PLACEMENT_3D('',#5414,#4467,#4468);
#3552=AXIS2_PLACEMENT_3D('',#5415,#4469,#4470);
#3553=AXIS2_PLACEMENT_3D('',#5416,#4471,#4472);
#3554=DIRECTION('axis',(0.,0.,1.));
#3555=DIRECTION('refdir',(1.,0.,0.));
#3556=DIRECTION('center_axis',(0.,0.,1.));
#3557=DIRECTION('ref_axis',(0.707106781186548,-0.707106781186548,0.));
#3558=DIRECTION('center_axis',(0.,0.,-1.));
#3559=DIRECTION('ref_axis',(0.707106781186548,-0.707106781186548,0.));
#3560=DIRECTION('',(0.,0.,1.));
#3561=DIRECTION('center_axis',(-7.0469605459219E-8,0.,0.999999999999998));
#3562=DIRECTION('ref_axis',(0.707106781186547,-0.707106781186547,4.98295358877543E-8));
#3563=DIRECTION('',(0.,0.,-1.));
#3564=DIRECTION('center_axis',(4.62592926927149E-17,-1.,0.));
#3565=DIRECTION('ref_axis',(1.,4.62592926927149E-17,0.));
#3566=DIRECTION('',(1.,4.62592926927149E-17,0.));
#3567=DIRECTION('',(0.,0.,-1.));
#3568=DIRECTION('',(-0.999999999999998,-4.62592926927147E-17,-7.0469605459219E-8));
#3569=DIRECTION('center_axis',(0.,0.,1.));
#3570=DIRECTION('ref_axis',(0.707106781186548,0.707106781186547,0.));
#3571=DIRECTION('center_axis',(-7.0469605459219E-8,0.,0.999999999999998));
#3572=DIRECTION('ref_axis',(0.707106781186547,0.707106781186546,4.98295358877544E-8));
#3573=DIRECTION('',(0.,0.,-1.));
#3574=DIRECTION('center_axis',(0.,0.,-1.));
#3575=DIRECTION('ref_axis',(0.707106781186548,0.707106781186547,0.));
#3576=DIRECTION('',(0.,0.,1.));
#3577=DIRECTION('center_axis',(0.,1.,0.));
#3578=DIRECTION('ref_axis',(0.,0.,1.));
#3579=DIRECTION('',(0.999999999999998,0.,7.0469605459219E-8));
#3580=DIRECTION('',(0.999999999625819,0.,2.73562041835939E-5));
#3581=DIRECTION('center_axis',(0.,-1.,0.));
#3582=DIRECTION('ref_axis',(0.707116452999144,0.,-0.707097109241658));
#3583=DIRECTION('',(0.,0.,1.));
#3584=DIRECTION('center_axis',(0.,-1.,0.));
#3585=DIRECTION('ref_axis',(0.707116476864338,0.,-0.70709708537581));
#3586=DIRECTION('',(-0.99999999962397,0.,-2.74237060671371E-5));
#3587=DIRECTION('center_axis',(0.,1.,0.));
#3588=DIRECTION('ref_axis',(0.756261251206263,0.,-0.654269760820365));
#3589=DIRECTION('',(-0.990035339513601,0.,0.140819126947264));
#3590=DIRECTION('',(-0.140819110213685,0.,-0.990035341893726));
#3591=DIRECTION('center_axis',(0.,-1.,0.));
#3592=DIRECTION('ref_axis',(0.60048655611463,0.,-0.799634851620157));
#3593=DIRECTION('',(-0.990035341893721,0.,0.140819110213717));
#3594=DIRECTION('center_axis',(0.,-1.,0.));
#3595=DIRECTION('ref_axis',(-0.799634851620167,0.,-0.600486556114617));
#3596=DIRECTION('',(0.140819110213716,0.,0.990035341893721));
#3597=DIRECTION('',(-1.,0.,2.28736761149946E-13));
#3598=DIRECTION('',(-1.,0.,1.59004008269493E-10));
#3599=DIRECTION('',(0.140773571624604,0.,-0.990041818072374));
#3600=DIRECTION('center_axis',(0.,-1.,0.));
#3601=DIRECTION('ref_axis',(0.799607230324842,0.,-0.600523336109627));
#3602=DIRECTION('',(-0.990041818072374,0.,-0.140773571624604));
#3603=DIRECTION('center_axis',(0.,-1.,0.));
#3604=DIRECTION('ref_axis',(-0.600523336109623,0.,-0.799607230324844));
#3605=DIRECTION('',(-0.140773571624619,0.,0.990041818072372));
#3606=DIRECTION('',(-0.990041824958455,0.,-0.140773523195707));
#3607=DIRECTION('center_axis',(0.,1.,0.));
#3608=DIRECTION('ref_axis',(0.756245765180841,0.,-0.654287660472093));
#3609=DIRECTION('',(-1.,0.,1.81752063124024E-13));
#3610=DIRECTION('center_axis',(0.,-1.,0.));
#3611=DIRECTION('ref_axis',(-0.707106781186598,0.,-0.707106781186497));
#3612=DIRECTION('',(1.46745535301918E-14,0.,-1.));
#3613=DIRECTION('center_axis',(0.,-1.,0.));
#3614=DIRECTION('ref_axis',(-0.707106795230063,0.,-0.707106767143032));
#3615=DIRECTION('',(0.999999999999999,0.,-3.97210883767537E-8));
#3616=DIRECTION('',(0.999999999999998,0.,7.0469605459219E-8));
#3617=DIRECTION('',(0.,0.,1.));
#3618=DIRECTION('',(-1.,0.,0.));
#3619=DIRECTION('center_axis',(0.,0.,1.));
#3620=DIRECTION('ref_axis',(-0.707106781186548,0.707106781186547,0.));
#3621=DIRECTION('center_axis',(-7.0469605459219E-8,0.,0.999999999999998));
#3622=DIRECTION('ref_axis',(-0.707106781186547,0.707106781186546,-4.98295358877544E-8));
#3623=DIRECTION('',(0.,0.,-1.));
#3624=DIRECTION('center_axis',(0.,0.,-1.));
#3625=DIRECTION('ref_axis',(-0.707106781186548,0.707106781186547,0.));
#3626=DIRECTION('center_axis',(-1.,1.63268091856641E-16,0.));
#3627=DIRECTION('ref_axis',(-1.63268091856641E-16,-1.,0.));
#3628=DIRECTION('',(1.63268091856641E-16,1.,1.1505438017217E-23));
#3629=DIRECTION('',(0.,0.,1.));
#3630=DIRECTION('',(-1.63268091856641E-16,-1.,0.));
#3631=DIRECTION('center_axis',(0.,0.,1.));
#3632=DIRECTION('ref_axis',(-0.707106781186547,-0.707106781186548,0.));
#3633=DIRECTION('center_axis',(0.,0.,-1.));
#3634=DIRECTION('ref_axis',(-0.707106781186547,-0.707106781186548,0.));
#3635=DIRECTION('center_axis',(-7.0469605459219E-8,0.,0.999999999999998));
#3636=DIRECTION('ref_axis',(-0.707106781186546,-0.707106781186548,-4.98295358877543E-8));
#3637=DIRECTION('center_axis',(0.,1.,0.));
#3638=DIRECTION('ref_axis',(-0.320264222628586,0.,0.947328257629903));
#3639=DIRECTION('center_axis',(0.,-1.,0.));
#3640=DIRECTION('ref_axis',(-0.320264222628586,0.,0.947328257629903));
#3641=DIRECTION('',(0.,-1.,0.));
#3642=DIRECTION('center_axis',(0.,-0.984807753012208,0.17364817766693));
#3643=DIRECTION('ref_axis',(1.23002577250146E-15,0.17364817766693,0.984807753012208));
#3644=DIRECTION('',(0.,1.,0.));
#3645=DIRECTION('center_axis',(-0.127801081399241,0.,0.991799820323227));
#3646=DIRECTION('ref_axis',(-0.991799820323227,0.,-0.127801081399241));
#3647=DIRECTION('',(-0.991799820323227,0.,-0.127801081399241));
#3648=DIRECTION('',(0.,1.,0.));
#3649=DIRECTION('',(-0.991548090157838,-0.0225290592291805,-0.127768644019542));
#3650=DIRECTION('center_axis',(0.,1.,0.));
#3651=DIRECTION('ref_axis',(-0.0640319438904264,0.,0.997947849419805));
#3652=DIRECTION('center_axis',(0.,-1.,0.));
#3653=DIRECTION('ref_axis',(-0.0640319438904264,0.,0.997947849419805));
#3654=DIRECTION('',(0.,-1.,0.));
#3655=DIRECTION('center_axis',(0.,-0.984807753012208,0.17364817766693));
#3656=DIRECTION('ref_axis',(-2.56255369271137E-16,0.17364817766693,0.984807753012208));
#3657=DIRECTION('center_axis',(0.,0.,1.));
#3658=DIRECTION('ref_axis',(-1.,0.,0.));
#3659=DIRECTION('',(-1.,0.,0.));
#3660=DIRECTION('',(0.,1.,0.));
#3661=DIRECTION('',(-1.,0.,0.));
#3662=DIRECTION('center_axis',(0.,1.,0.));
#3663=DIRECTION('ref_axis',(0.0640319552260562,0.,0.99794784869247));
#3664=DIRECTION('center_axis',(0.,-1.,0.));
#3665=DIRECTION('ref_axis',(0.0640319552260562,0.,0.99794784869247));
#3666=DIRECTION('',(0.,-1.,0.));
#3667=DIRECTION('center_axis',(0.,-0.984807753012208,0.17364817766693));
#3668=DIRECTION('ref_axis',(2.13546141059281E-16,0.17364817766693,0.984807753012208));
#3669=DIRECTION('',(0.,1.,0.));
#3670=DIRECTION('center_axis',(7.29305387946193E-9,0.,1.));
#3671=DIRECTION('ref_axis',(-1.,0.,7.29305387946193E-9));
#3672=DIRECTION('',(-1.,1.28596217070968E-9,7.29305387946193E-9));
#3673=DIRECTION('',(-1.,0.,7.29305387946193E-9));
#3674=DIRECTION('center_axis',(0.,1.,0.));
#3675=DIRECTION('ref_axis',(0.32026423610533,0.,0.947328253073806));
#3676=DIRECTION('center_axis',(0.,-1.,0.));
#3677=DIRECTION('ref_axis',(0.32026423610533,0.,0.947328253073806));
#3678=DIRECTION('',(0.,-1.,0.));
#3679=DIRECTION('center_axis',(0.,-0.984807753012208,0.17364817766693));
#3680=DIRECTION('ref_axis',(8.88351946806608E-16,0.17364817766693,0.984807753012208));
#3681=DIRECTION('',(0.,1.,0.));
#3682=DIRECTION('center_axis',(0.127801096697581,0.,0.991799818351917));
#3683=DIRECTION('ref_axis',(-0.991799818351917,0.,0.127801096697581));
#3684=DIRECTION('',(-0.991799818351917,0.,0.127801096697581));
#3685=DIRECTION('',(-0.991548088126785,0.0225290619246371,0.127768659306236));
#3686=DIRECTION('center_axis',(0.,1.,0.));
#3687=DIRECTION('ref_axis',(0.707116452999144,0.,-0.707097109241658));
#3688=DIRECTION('',(0.,-1.,0.));
#3689=DIRECTION('center_axis',(0.,-1.,-6.12323399573676E-17));
#3690=DIRECTION('ref_axis',(0.707116452999144,0.,-0.707097109241658));
#3691=DIRECTION('',(0.,1.,0.));
#3692=DIRECTION('center_axis',(1.,0.,0.));
#3693=DIRECTION('ref_axis',(0.,0.,1.));
#3694=DIRECTION('',(0.,-6.12323399573676E-17,1.));
#3695=DIRECTION('',(0.,0.17364817766693,0.984807753012208));
#3696=DIRECTION('',(0.,-1.,0.));
#3697=DIRECTION('',(0.,0.,-1.));
#3698=DIRECTION('',(0.,-1.,0.));
#3699=DIRECTION('',(0.,0.,-1.));
#3700=DIRECTION('',(0.,-1.,0.));
#3701=DIRECTION('',(0.,0.,1.));
#3702=DIRECTION('',(0.,1.,0.));
#3703=DIRECTION('',(0.,0.,-1.));
#3704=DIRECTION('',(0.,1.,0.));
#3705=DIRECTION('center_axis',(0.,1.,0.));
#3706=DIRECTION('ref_axis',(-0.707106795230063,0.,-0.707106767143032));
#3707=DIRECTION('',(0.,-1.,0.));
#3708=DIRECTION('center_axis',(0.,-1.,-6.12323399573676E-17));
#3709=DIRECTION('ref_axis',(-0.707106795230063,0.,-0.707106767143032));
#3710=DIRECTION('',(0.,1.,0.));
#3711=DIRECTION('center_axis',(-3.97210883767537E-8,0.,-0.999999999999999));
#3712=DIRECTION('ref_axis',(0.999999999999999,0.,-3.97210883767537E-8));
#3713=DIRECTION('',(0.999999999999999,2.43221518696203E-24,-3.97210883767537E-8));
#3714=DIRECTION('',(0.,-1.,0.));
#3715=DIRECTION('center_axis',(0.,1.,0.));
#3716=DIRECTION('ref_axis',(0.707116476864338,0.,-0.70709708537581));
#3717=DIRECTION('center_axis',(0.,-1.,0.));
#3718=DIRECTION('ref_axis',(0.707116476864338,0.,-0.70709708537581));
#3719=DIRECTION('',(0.,-1.,0.));
#3720=DIRECTION('center_axis',(0.,1.,0.));
#3721=DIRECTION('ref_axis',(0.,0.,1.));
#3722=DIRECTION('center_axis',(0.,-1.,0.));
#3723=DIRECTION('ref_axis',(0.707106783022731,0.,-0.707106779350364));
#3724=DIRECTION('',(-1.,0.,-5.19351691976997E-9));
#3725=DIRECTION('center_axis',(0.,-1.,0.));
#3726=DIRECTION('ref_axis',(0.993054826450921,0.,-0.117652503851513));
#3727=DIRECTION('',(-0.996919517644012,0.,0.0784313415697467));
#3728=DIRECTION('',(-0.99004178466116,0.,0.14077380660103));
#3729=DIRECTION('center_axis',(0.,-1.,0.));
#3730=DIRECTION('ref_axis',(-0.79960737285297,0.,-0.600523146330907));
#3731=DIRECTION('',(0.14077380660103,0.,0.99004178466116));
#3732=DIRECTION('',(-0.990041786700341,0.,0.140773792259768));
#3733=DIRECTION('center_axis',(0.,-1.,0.));
#3734=DIRECTION('ref_axis',(-0.799607368503528,0.,-0.600523152122267));
#3735=DIRECTION('',(0.140773806601031,0.,0.99004178466116));
#3736=DIRECTION('',(-0.990041787794309,0.,0.14077378456605));
#3737=DIRECTION('center_axis',(0.,-1.,0.));
#3738=DIRECTION('ref_axis',(-0.799607366170164,0.,-0.600523155229182));
#3739=DIRECTION('',(0.140773806601031,0.,0.99004178466116));
#3740=DIRECTION('',(-0.990041788252146,0.,0.140773781346151));
#3741=DIRECTION('center_axis',(0.,-1.,0.));
#3742=DIRECTION('ref_axis',(-0.799607365193627,0.,-0.60052315652946));
#3743=DIRECTION('',(0.140773806601029,0.,0.990041784661161));
#3744=DIRECTION('center_axis',(0.,-1.,0.));
#3745=DIRECTION('ref_axis',(-0.600523241679221,0.,0.799607301244229));
#3746=DIRECTION('',(0.990041818233975,0.,-0.140773570488092));
#3747=DIRECTION('',(0.996918634902478,0.,-0.0784425610506167));
#3748=DIRECTION('center_axis',(0.,-1.,0.));
#3749=DIRECTION('ref_axis',(0.759753068671418,0.,0.650211715246937));
#3750=DIRECTION('',(-0.0764722309729082,0.,-0.997071711508268));
#3751=DIRECTION('',(1.,0.,0.));
#3752=DIRECTION('center_axis',(0.,-1.,0.));
#3753=DIRECTION('ref_axis',(0.707106781186547,0.,0.707106781186548));
#3754=DIRECTION('center_axis',(0.,-1.,0.));
#3755=DIRECTION('ref_axis',(0.70710678118654,0.,0.707106781186555));
#3756=DIRECTION('',(1.,0.,0.));
#3757=DIRECTION('',(0.,0.,-1.));
#3758=DIRECTION('center_axis',(0.,-1.,0.));
#3759=DIRECTION('ref_axis',(0.733113090319517,0.,0.680106753974821));
#3760=DIRECTION('',(0.997190328307313,0.,-0.074909606395664));
#3761=DIRECTION('',(0.990041818530838,0.,-0.140773568400291));
#3762=DIRECTION('',(1.,0.,-1.45861071456461E-8));
#3763=DIRECTION('',(1.,0.,-9.47469158629694E-16));
#3764=DIRECTION('',(0.990041820303956,0.,0.140773555930189));
#3765=DIRECTION('',(0.997190329399952,0.,0.0749095918505387));
#3766=DIRECTION('center_axis',(0.,-1.,0.));
#3767=DIRECTION('ref_axis',(-0.73311308535946,0.,0.680106759321457));
#3768=DIRECTION('',(0.,0.,1.));
#3769=DIRECTION('',(1.,0.,-1.23268812580027E-16));
#3770=DIRECTION('center_axis',(0.,-1.,0.));
#3771=DIRECTION('ref_axis',(-0.707106781186551,0.,0.707106781186544));
#3772=DIRECTION('',(-1.46745535301918E-14,0.,1.));
#3773=DIRECTION('center_axis',(0.,-1.,0.));
#3774=DIRECTION('ref_axis',(-0.707106781186545,0.,0.70710678118655));
#3775=DIRECTION('',(1.,0.,-1.4801629982016E-14));
#3776=DIRECTION('',(-0.0764596326037235,0.,0.997072677683078));
#3777=DIRECTION('center_axis',(0.,-1.,0.));
#3778=DIRECTION('ref_axis',(-0.759744860712668,0.,0.650221305880305));
#3779=DIRECTION('',(0.996919624100387,0.,0.0784299884198837));
#3780=DIRECTION('',(0.990041820306071,0.,0.140773555915308));
#3781=DIRECTION('center_axis',(0.,-1.,0.));
#3782=DIRECTION('ref_axis',(0.600523348796204,0.,0.799607220796932));
#3783=DIRECTION('',(0.140773555917877,0.,-0.990041820305706));
#3784=DIRECTION('center_axis',(0.,-1.,0.));
#3785=DIRECTION('ref_axis',(0.799607220796945,0.,-0.600523348796186));
#3786=DIRECTION('',(-0.990041820306066,0.,-0.140773555915346));
#3787=DIRECTION('',(0.140773551100193,0.,-0.99004182099073));
#3788=DIRECTION('center_axis',(0.,-1.,0.));
#3789=DIRECTION('ref_axis',(0.799607219369195,0.,-0.60052335069726));
#3790=DIRECTION('',(-0.990041820290423,0.,-0.140773556025363));
#3791=DIRECTION('',(0.140773566868376,0.,-0.99004181874866));
#3792=DIRECTION('center_axis',(0.,-1.,0.));
#3793=DIRECTION('ref_axis',(0.799607227439887,0.,-0.600523339950993));
#3794=DIRECTION('',(-0.99004181874866,0.,-0.140773566868376));
#3795=DIRECTION('',(0.140773552408159,0.,-0.990041820804751));
#3796=DIRECTION('center_axis',(0.,-1.,0.));
#3797=DIRECTION('ref_axis',(0.799607219733278,0.,-0.600523350212477));
#3798=DIRECTION('',(-0.990041820305706,0.,-0.140773555917878));
#3799=DIRECTION('',(-0.996920452591012,0.,-0.0784194568058961));
#3800=DIRECTION('center_axis',(0.,-1.,0.));
#3801=DIRECTION('ref_axis',(-0.993042198008291,0.,-0.117759046254897));
#3802=DIRECTION('',(-1.,0.,0.));
#3803=DIRECTION('center_axis',(0.,-1.,0.));
#3804=DIRECTION('ref_axis',(-0.707106781186541,0.,-0.707106781186554));
#3805=DIRECTION('',(-1.46745535301918E-14,0.,1.));
#3806=DIRECTION('center_axis',(0.,-1.,0.));
#3807=DIRECTION('ref_axis',(-0.707106781186598,0.,-0.707106781186497));
#3808=DIRECTION('',(-1.,0.,1.81752063124024E-13));
#3809=DIRECTION('',(-0.990041824958455,0.,-0.140773523195707));
#3810=DIRECTION('',(-0.140773571624619,0.,0.990041818072372));
#3811=DIRECTION('center_axis',(0.,-1.,0.));
#3812=DIRECTION('ref_axis',(-0.600523336109623,0.,-0.799607230324844));
#3813=DIRECTION('',(-0.990041818072374,0.,-0.140773571624604));
#3814=DIRECTION('center_axis',(0.,-1.,0.));
#3815=DIRECTION('ref_axis',(0.799607230324842,0.,-0.600523336109627));
#3816=DIRECTION('',(0.140773571624604,0.,-0.990041818072374));
#3817=DIRECTION('',(-1.,0.,1.59004008269493E-10));
#3818=DIRECTION('',(-1.,0.,2.28736761149946E-13));
#3819=DIRECTION('',(0.140819110213716,0.,0.990035341893721));
#3820=DIRECTION('center_axis',(0.,-1.,0.));
#3821=DIRECTION('ref_axis',(-0.799634851620167,0.,-0.600486556114617));
#3822=DIRECTION('',(-0.990035341893721,0.,0.140819110213717));
#3823=DIRECTION('center_axis',(0.,-1.,0.));
#3824=DIRECTION('ref_axis',(0.60048655611463,0.,-0.799634851620157));
#3825=DIRECTION('',(-0.140819110213685,0.,-0.990035341893726));
#3826=DIRECTION('',(-0.990035339513601,0.,0.140819126947264));
#3827=DIRECTION('',(-0.99999999962397,0.,-2.74237060671371E-5));
#3828=DIRECTION('center_axis',(0.,1.,0.));
#3829=DIRECTION('ref_axis',(0.,0.,-1.));
#3830=DIRECTION('center_axis',(0.,1.,0.));
#3831=DIRECTION('ref_axis',(0.,0.,-1.));
#3832=DIRECTION('center_axis',(0.,1.,0.));
#3833=DIRECTION('ref_axis',(0.,0.,-1.));
#3834=DIRECTION('center_axis',(0.,1.,0.));
#3835=DIRECTION('ref_axis',(0.,0.,-1.));
#3836=DIRECTION('center_axis',(0.,1.,0.));
#3837=DIRECTION('ref_axis',(0.,0.,-1.));
#3838=DIRECTION('center_axis',(0.,1.,0.));
#3839=DIRECTION('ref_axis',(0.,0.,-1.));
#3840=DIRECTION('center_axis',(0.,-1.,0.));
#3841=DIRECTION('ref_axis',(0.866092008804687,0.,0.49988461897188));
#3842=DIRECTION('center_axis',(0.,-1.,0.));
#3843=DIRECTION('ref_axis',(0.866092008804687,0.,0.49988461897188));
#3844=DIRECTION('center_axis',(0.,-0.984807753012208,0.17364817766693));
#3845=DIRECTION('ref_axis',(-5.46678121111759E-16,0.17364817766693,0.984807753012208));
#3846=DIRECTION('',(0.,1.,0.));
#3847=DIRECTION('center_axis',(0.500230735430679,0.,0.865892147631841));
#3848=DIRECTION('ref_axis',(-0.865892147631841,0.,0.500230735430679));
#3849=DIRECTION('',(-0.865892147631841,0.,0.500230735430679));
#3850=DIRECTION('',(-0.862543364808612,0.0878630511968019,0.498296124868563));
#3851=DIRECTION('center_axis',(0.,1.,0.));
#3852=DIRECTION('ref_axis',(0.70710678118654,0.,0.707106781186555));
#3853=DIRECTION('center_axis',(0.,-1.,0.));
#3854=DIRECTION('ref_axis',(0.70710678118654,0.,0.707106781186555));
#3855=DIRECTION('',(0.,1.,0.));
#3856=DIRECTION('center_axis',(0.,1.,0.));
#3857=DIRECTION('ref_axis',(0.733113090319517,0.,0.680106753974821));
#3858=DIRECTION('',(0.,-1.,0.));
#3859=DIRECTION('center_axis',(0.,-1.,0.));
#3860=DIRECTION('ref_axis',(0.733113090319517,0.,0.680106753974821));
#3861=DIRECTION('',(0.,1.,0.));
#3862=DIRECTION('center_axis',(1.,0.,0.));
#3863=DIRECTION('ref_axis',(0.,0.,-1.));
#3864=DIRECTION('',(0.,1.,0.));
#3865=DIRECTION('',(0.,0.,-1.));
#3866=DIRECTION('center_axis',(0.,1.,0.));
#3867=DIRECTION('ref_axis',(-0.73311308535946,0.,0.680106759321457));
#3868=DIRECTION('',(0.,-1.,0.));
#3869=DIRECTION('center_axis',(0.,-1.,0.));
#3870=DIRECTION('ref_axis',(-0.73311308535946,0.,0.680106759321457));
#3871=DIRECTION('',(0.,1.,0.));
#3872=DIRECTION('center_axis',(-0.0749095918505387,0.,0.997190329399953));
#3873=DIRECTION('ref_axis',(0.997190329399952,0.,0.0749095918505387));
#3874=DIRECTION('',(0.,1.,0.));
#3875=DIRECTION('',(0.997190329399952,0.,0.0749095918505387));
#3876=DIRECTION('center_axis',(0.,1.,0.));
#3877=DIRECTION('ref_axis',(-0.866092005548618,0.,0.499884624613294));
#3878=DIRECTION('center_axis',(0.,-1.,0.));
#3879=DIRECTION('ref_axis',(-0.866092005548618,0.,0.499884624613294));
#3880=DIRECTION('',(0.,-1.,0.));
#3881=DIRECTION('center_axis',(0.,-0.984807753012208,0.17364817766693));
#3882=DIRECTION('ref_axis',(-2.73339060555879E-16,0.17364817766693,0.984807753012208));
#3883=DIRECTION('',(0.,1.,0.));
#3884=DIRECTION('center_axis',(0.,1.,0.));
#3885=DIRECTION('ref_axis',(0.,0.,1.));
#3886=DIRECTION('',(-0.865892154148498,0.,-0.500230724150441));
#3887=DIRECTION('',(-1.46745535301918E-14,0.,1.));
#3888=DIRECTION('center_axis',(0.,-1.,0.));
#3889=DIRECTION('ref_axis',(-0.707106781186551,0.,0.707106781186544));
#3890=DIRECTION('',(1.,0.,-1.23268812580027E-16));
#3891=DIRECTION('',(0.,0.,1.));
#3892=DIRECTION('',(0.990041820303956,0.,0.140773555930189));
#3893=DIRECTION('',(1.,0.,-9.47469158629694E-16));
#3894=DIRECTION('center_axis',(0.,1.,0.));
#3895=DIRECTION('ref_axis',(-0.756245781969527,0.,0.654287641067213));
#3896=DIRECTION('',(1.,0.,-1.45861071456461E-8));
#3897=DIRECTION('',(0.990041818530838,0.,-0.140773568400291));
#3898=DIRECTION('',(0.997190328307313,0.,-0.074909606395664));
#3899=DIRECTION('',(1.,0.,0.));
#3900=DIRECTION('center_axis',(-1.,0.,-1.46745535301918E-14));
#3901=DIRECTION('ref_axis',(1.46745535301918E-14,0.,-1.));
#3902=DIRECTION('',(0.,-1.,0.));
#3903=DIRECTION('',(0.,-1.,0.));
#3904=DIRECTION('',(1.46745535301918E-14,0.,-1.));
#3905=DIRECTION('',(0.,1.,0.));
#3906=DIRECTION('',(0.,1.,0.));
#3907=DIRECTION('',(1.44516140885255E-14,-0.17364817766693,-0.984807753012208));
#3908=DIRECTION('',(1.46745535301918E-14,6.12323399573676E-17,-1.));
#3909=DIRECTION('center_axis',(0.,1.,0.));
#3910=DIRECTION('ref_axis',(-0.707106781186551,0.,0.707106781186544));
#3911=DIRECTION('',(0.,-1.,0.));
#3912=DIRECTION('center_axis',(0.,1.,0.));
#3913=DIRECTION('ref_axis',(-0.707106781186598,0.,-0.707106781186497));
#3914=DIRECTION('',(0.,1.,0.));
#3915=DIRECTION('center_axis',(0.,1.,0.));
#3916=DIRECTION('ref_axis',(-0.600523336109623,0.,-0.799607230324844));
#3917=DIRECTION('',(0.,-1.,0.));
#3918=DIRECTION('',(0.,1.,0.));
#3919=DIRECTION('center_axis',(-0.990041818072372,0.,-0.140773571624619));
#3920=DIRECTION('ref_axis',(-0.140773571624619,0.,0.990041818072372));
#3921=DIRECTION('',(0.,1.,0.));
#3922=DIRECTION('center_axis',(0.,1.,0.));
#3923=DIRECTION('ref_axis',(0.799607230324842,0.,-0.600523336109627));
#3924=DIRECTION('',(0.,-1.,0.));
#3925=DIRECTION('',(0.,1.,0.));
#3926=DIRECTION('center_axis',(0.990041818072375,0.,0.140773571624604));
#3927=DIRECTION('ref_axis',(0.140773571624604,0.,-0.990041818072374));
#3928=DIRECTION('',(0.,1.,0.));
#3929=DIRECTION('center_axis',(0.,1.,0.));
#3930=DIRECTION('ref_axis',(-0.799634851620167,0.,-0.600486556114617));
#3931=DIRECTION('',(0.,-1.,0.));
#3932=DIRECTION('',(0.,1.,0.));
#3933=DIRECTION('center_axis',(-0.140819110213717,0.,-0.990035341893721));
#3934=DIRECTION('ref_axis',(-0.990035341893721,0.,0.140819110213717));
#3935=DIRECTION('',(0.,-1.,0.));
#3936=DIRECTION('center_axis',(0.,1.,0.));
#3937=DIRECTION('ref_axis',(0.60048655611463,0.,-0.799634851620157));
#3938=DIRECTION('',(0.,1.,0.));
#3939=DIRECTION('center_axis',(0.990035341893726,0.,-0.140819110213685));
#3940=DIRECTION('ref_axis',(-0.140819110213685,0.,-0.990035341893726));
#3941=DIRECTION('',(0.,-1.,0.));
#3942=DIRECTION('center_axis',(0.,1.,0.));
#3943=DIRECTION('ref_axis',(0.600523348796204,0.,0.799607220796932));
#3944=DIRECTION('',(0.,1.,0.));
#3945=DIRECTION('center_axis',(0.,1.,0.));
#3946=DIRECTION('ref_axis',(0.600523348796204,0.,0.799607220796932));
#3947=DIRECTION('',(0.,-1.,0.));
#3948=DIRECTION('center_axis',(-0.140773555915308,0.,0.990041820306071));
#3949=DIRECTION('ref_axis',(0.990041820306071,0.,0.140773555915308));
#3950=DIRECTION('',(0.,1.,0.));
#3951=DIRECTION('',(-0.990041820306071,0.,-0.140773555915308));
#3952=DIRECTION('center_axis',(0.,1.,0.));
#3953=DIRECTION('ref_axis',(0.799607220796945,0.,-0.600523348796186));
#3954=DIRECTION('',(0.,1.,0.));
#3955=DIRECTION('center_axis',(0.,1.,0.));
#3956=DIRECTION('ref_axis',(0.799607220796945,0.,-0.600523348796186));
#3957=DIRECTION('',(0.,-1.,0.));
#3958=DIRECTION('center_axis',(0.990041820305706,0.,0.140773555917877));
#3959=DIRECTION('ref_axis',(0.140773555917877,0.,-0.990041820305706));
#3960=DIRECTION('',(-0.140773555917877,0.,0.990041820305706));
#3961=DIRECTION('center_axis',(0.,1.,0.));
#3962=DIRECTION('ref_axis',(0.799607219369195,0.,-0.60052335069726));
#3963=DIRECTION('',(0.,1.,0.));
#3964=DIRECTION('center_axis',(0.,1.,0.));
#3965=DIRECTION('ref_axis',(0.799607219369195,0.,-0.60052335069726));
#3966=DIRECTION('',(0.,-1.,0.));
#3967=DIRECTION('center_axis',(0.99004182099073,0.,0.140773551100193));
#3968=DIRECTION('ref_axis',(0.140773551100193,0.,-0.99004182099073));
#3969=DIRECTION('',(0.,1.,0.));
#3970=DIRECTION('',(-0.140773551100193,0.,0.99004182099073));
#3971=DIRECTION('center_axis',(0.,1.,0.));
#3972=DIRECTION('ref_axis',(0.799607227439887,0.,-0.600523339950993));
#3973=DIRECTION('',(0.,1.,0.));
#3974=DIRECTION('center_axis',(0.,1.,0.));
#3975=DIRECTION('ref_axis',(0.799607227439887,0.,-0.600523339950993));
#3976=DIRECTION('',(0.,-1.,0.));
#3977=DIRECTION('center_axis',(0.99004181874866,0.,0.140773566868376));
#3978=DIRECTION('ref_axis',(0.140773566868376,0.,-0.99004181874866));
#3979=DIRECTION('',(0.,1.,0.));
#3980=DIRECTION('',(-0.140773566868376,0.,0.99004181874866));
#3981=DIRECTION('center_axis',(0.,1.,0.));
#3982=DIRECTION('ref_axis',(0.799607219733278,0.,-0.600523350212477));
#3983=DIRECTION('',(0.,1.,0.));
#3984=DIRECTION('center_axis',(0.,1.,0.));
#3985=DIRECTION('ref_axis',(0.799607219733278,0.,-0.600523350212477));
#3986=DIRECTION('',(0.,-1.,0.));
#3987=DIRECTION('center_axis',(0.990041820804751,0.,0.140773552408159));
#3988=DIRECTION('ref_axis',(0.140773552408159,0.,-0.990041820804751));
#3989=DIRECTION('',(0.,1.,0.));
#3990=DIRECTION('',(-0.140773552408159,0.,0.990041820804751));
#3991=DIRECTION('center_axis',(0.,1.,0.));
#3992=DIRECTION('ref_axis',(-0.79960737285297,0.,-0.600523146330907));
#3993=DIRECTION('',(0.,1.,0.));
#3994=DIRECTION('center_axis',(0.,1.,0.));
#3995=DIRECTION('ref_axis',(-0.79960737285297,0.,-0.600523146330907));
#3996=DIRECTION('',(0.,-1.,0.));
#3997=DIRECTION('center_axis',(-0.14077380660103,0.,-0.990041784661161));
#3998=DIRECTION('ref_axis',(-0.99004178466116,0.,0.14077380660103));
#3999=DIRECTION('',(0.,1.,0.));
#4000=DIRECTION('',(0.99004178466116,0.,-0.14077380660103));
#4001=DIRECTION('center_axis',(0.,1.,0.));
#4002=DIRECTION('ref_axis',(-0.799607368503528,0.,-0.600523152122267));
#4003=DIRECTION('',(0.,1.,0.));
#4004=DIRECTION('center_axis',(0.,1.,0.));
#4005=DIRECTION('ref_axis',(-0.799607368503528,0.,-0.600523152122267));
#4006=DIRECTION('',(0.,-1.,0.));
#4007=DIRECTION('center_axis',(-0.140773792259768,0.,-0.990041786700341));
#4008=DIRECTION('ref_axis',(-0.990041786700341,0.,0.140773792259768));
#4009=DIRECTION('',(0.,1.,0.));
#4010=DIRECTION('',(0.990041786700341,0.,-0.140773792259768));
#4011=DIRECTION('center_axis',(0.,1.,0.));
#4012=DIRECTION('ref_axis',(-0.799607366170164,0.,-0.600523155229182));
#4013=DIRECTION('',(0.,1.,0.));
#4014=DIRECTION('center_axis',(0.,1.,0.));
#4015=DIRECTION('ref_axis',(-0.799607366170164,0.,-0.600523155229182));
#4016=DIRECTION('',(0.,-1.,0.));
#4017=DIRECTION('center_axis',(-0.14077378456605,0.,-0.990041787794309));
#4018=DIRECTION('ref_axis',(-0.990041787794309,0.,0.14077378456605));
#4019=DIRECTION('',(0.,1.,0.));
#4020=DIRECTION('',(0.990041787794309,0.,-0.14077378456605));
#4021=DIRECTION('center_axis',(0.,1.,0.));
#4022=DIRECTION('ref_axis',(-0.799607365193627,0.,-0.60052315652946));
#4023=DIRECTION('',(0.,1.,0.));
#4024=DIRECTION('center_axis',(0.,1.,0.));
#4025=DIRECTION('ref_axis',(-0.799607365193627,0.,-0.60052315652946));
#4026=DIRECTION('',(0.,-1.,0.));
#4027=DIRECTION('center_axis',(-0.140773781346151,0.,-0.990041788252146));
#4028=DIRECTION('ref_axis',(-0.990041788252146,0.,0.140773781346151));
#4029=DIRECTION('',(0.,1.,0.));
#4030=DIRECTION('',(0.990041788252146,0.,-0.140773781346151));
#4031=DIRECTION('center_axis',(0.,1.,0.));
#4032=DIRECTION('ref_axis',(-0.600523241679221,0.,0.799607301244229));
#4033=DIRECTION('',(0.,1.,0.));
#4034=DIRECTION('center_axis',(0.,1.,0.));
#4035=DIRECTION('ref_axis',(-0.600523241679221,0.,0.799607301244229));
#4036=DIRECTION('',(0.,-1.,0.));
#4037=DIRECTION('center_axis',(-0.990041784661161,0.,0.140773806601029));
#4038=DIRECTION('ref_axis',(0.140773806601029,0.,0.990041784661161));
#4039=DIRECTION('',(-0.140773806601029,0.,-0.990041784661161));
#4040=DIRECTION('center_axis',(0.,1.,0.));
#4041=DIRECTION('ref_axis',(-0.759744860712668,0.,0.650221305880305));
#4042=DIRECTION('',(0.,1.,0.));
#4043=DIRECTION('center_axis',(0.,1.,0.));
#4044=DIRECTION('ref_axis',(-0.759744860712668,0.,0.650221305880305));
#4045=DIRECTION('',(0.,-1.,0.));
#4046=DIRECTION('center_axis',(-0.997072677683078,0.,-0.0764596326037235));
#4047=DIRECTION('ref_axis',(-0.0764596326037235,0.,0.997072677683078));
#4048=DIRECTION('',(0.,1.,0.));
#4049=DIRECTION('',(0.0764596326037235,0.,-0.997072677683078));
#4050=DIRECTION('center_axis',(0.,1.,0.));
#4051=DIRECTION('ref_axis',(-0.707106781186545,0.,0.70710678118655));
#4052=DIRECTION('center_axis',(0.,1.,0.));
#4053=DIRECTION('ref_axis',(-0.707106781186545,0.,0.70710678118655));
#4054=DIRECTION('',(0.,-1.,0.));
#4055=DIRECTION('center_axis',(0.,1.,0.));
#4056=DIRECTION('ref_axis',(-0.707106781186541,0.,-0.707106781186554));
#4057=DIRECTION('',(0.,1.,0.));
#4058=DIRECTION('center_axis',(0.,1.,0.));
#4059=DIRECTION('ref_axis',(-0.707106781186541,0.,-0.707106781186554));
#4060=DIRECTION('center_axis',(0.,0.,-1.));
#4061=DIRECTION('ref_axis',(-1.,0.,0.));
#4062=DIRECTION('',(0.,1.,0.));
#4063=DIRECTION('',(1.,0.,0.));
#4064=DIRECTION('center_axis',(0.,-1.,0.));
#4065=DIRECTION('ref_axis',(-0.993042198008291,0.,-0.117759046254897));
#4066=DIRECTION('',(0.,1.,0.));
#4067=DIRECTION('center_axis',(0.,1.,0.));
#4068=DIRECTION('ref_axis',(-0.993042198008291,0.,-0.117759046254897));
#4069=DIRECTION('center_axis',(0.,1.,0.));
#4070=DIRECTION('ref_axis',(0.993054826450921,0.,-0.117652503851513));
#4071=DIRECTION('center_axis',(0.,1.,0.));
#4072=DIRECTION('ref_axis',(0.993054826450921,0.,-0.117652503851513));
#4073=DIRECTION('',(0.,-1.,0.));
#4074=DIRECTION('',(0.,1.,0.));
#4075=DIRECTION('center_axis',(0.,1.,0.));
#4076=DIRECTION('ref_axis',(0.707106783022731,0.,-0.707106779350364));
#4077=DIRECTION('center_axis',(0.,1.,0.));
#4078=DIRECTION('ref_axis',(0.707106783022731,0.,-0.707106779350364));
#4079=DIRECTION('',(0.,-1.,0.));
#4080=DIRECTION('center_axis',(0.,1.,0.));
#4081=DIRECTION('ref_axis',(0.707106781186547,0.,0.707106781186548));
#4082=DIRECTION('',(0.,1.,0.));
#4083=DIRECTION('center_axis',(0.,1.,0.));
#4084=DIRECTION('ref_axis',(0.707106781186547,0.,0.707106781186548));
#4085=DIRECTION('center_axis',(0.,0.,1.));
#4086=DIRECTION('ref_axis',(1.,0.,0.));
#4087=DIRECTION('',(0.,1.,0.));
#4088=DIRECTION('',(-1.,0.,0.));
#4089=DIRECTION('center_axis',(0.,1.,0.));
#4090=DIRECTION('ref_axis',(0.759753068671418,0.,0.650211715246937));
#4091=DIRECTION('',(0.,1.,0.));
#4092=DIRECTION('center_axis',(0.,1.,0.));
#4093=DIRECTION('ref_axis',(0.759753068671418,0.,0.650211715246937));
#4094=DIRECTION('',(0.,-1.,0.));
#4095=DIRECTION('center_axis',(0.0784425610506167,0.,0.996918634902478));
#4096=DIRECTION('ref_axis',(0.996918634902478,0.,-0.0784425610506167));
#4097=DIRECTION('',(0.,1.,0.));
#4098=DIRECTION('',(-0.996918634902478,0.,0.0784425610506167));
#4099=DIRECTION('center_axis',(0.230747089376113,-0.57977413363138,0.781420331650281));
#4100=DIRECTION('ref_axis',(0.959060085915503,0.,-0.283202668779353));
#4101=DIRECTION('',(-0.380488758300164,0.685380043104124,0.620872371201835));
#4102=DIRECTION('',(-0.714137060371638,-0.646380169279738,-0.26870231812482));
#4103=DIRECTION('',(0.945918260722614,-0.0545395400896646,-0.319787558542094));
#4104=DIRECTION('center_axis',(0.700241972287579,-0.517794610768117,0.491477284629001));
#4105=DIRECTION('ref_axis',(0.574487941164612,0.,-0.818513045379514));
#4106=DIRECTION('',(0.0836470593240938,0.743200613139224,0.66381926613794));
#4107=DIRECTION('',(-0.694889427694814,-0.652192396348699,0.302941844951989));
#4108=DIRECTION('',(0.494636940319281,-0.144517667460666,-0.856999965614532));
#4109=DIRECTION('center_axis',(0.0432216569042382,-0.621760148474876,0.782014198172228));
#4110=DIRECTION('ref_axis',(0.998476122872386,0.,-0.0551854333472853));
#4111=DIRECTION('',(-0.520873155947482,0.653921650728384,0.548705412878327));
#4112=DIRECTION('',(-0.592962714959682,-0.645935112063949,-0.480794186394321));
#4113=DIRECTION('',(0.997885672513462,-0.0111626655438984,-0.0640279586611215));
#4114=DIRECTION('center_axis',(0.0834668907149985,-0.643177900816169,0.761154035695849));
#4115=DIRECTION('ref_axis',(0.994041210933395,0.,-0.109004912577691));
#4116=DIRECTION('',(-0.991548088126785,0.0225290619246371,0.127768659306236));
#4117=DIRECTION('',(0.991548088126785,-0.0225290619246371,-0.127768659306236));
#4118=DIRECTION('center_axis',(0.247245878928374,0.635615366965855,0.731342997935851));
#4119=DIRECTION('ref_axis',(0.947328253073803,0.,-0.320264236105339));
#4120=DIRECTION('',(0.40943899694531,0.615546923819941,-0.673395643256047));
#4121=DIRECTION('',(-0.947328253073803,0.,0.320264236105339));
#4122=DIRECTION('',(0.734057578121034,-0.615546923819964,0.286812580928489));
#4123=DIRECTION('center_axis',(0.320264236105339,0.,0.947328253073803));
#4124=DIRECTION('ref_axis',(0.947328253073803,0.,-0.320264236105339));
#4125=DIRECTION('',(0.,-1.,0.));
#4126=DIRECTION('',(0.,1.,0.));
#4127=DIRECTION('center_axis',(0.577350269189613,-0.577350269189621,-0.577350269189644));
#4128=DIRECTION('ref_axis',(-0.707106781186566,0.,-0.707106781186529));
#4129=DIRECTION('',(-0.707106781186566,-6.28036983473495E-15,-0.707106781186529));
#4130=DIRECTION('',(0.707106781186552,0.707106781186543,0.));
#4131=DIRECTION('',(2.51214793389404E-14,-0.707106781186549,0.707106781186546));
#4132=DIRECTION('center_axis',(0.707106781186543,-0.707106781186552,-4.32978028117749E-17));
#4133=DIRECTION('ref_axis',(-6.12323399573685E-17,0.,-1.));
#4134=DIRECTION('',(0.,6.12323399573676E-17,-1.));
#4135=DIRECTION('',(0.,-6.12323399573676E-17,1.));
#4136=DIRECTION('',(-0.705757556807956,-0.705757556807949,0.0617457854184338));
#4137=DIRECTION('center_axis',(0.724600173165953,0.547765571526516,0.418219401388912));
#4138=DIRECTION('ref_axis',(0.499884618971876,0.,-0.86609200880469));
#4139=DIRECTION('',(-0.0908546629905365,0.677474595157389,-0.729913421666713));
#4140=DIRECTION('',(-0.499884618971876,0.,0.86609200880469));
#4141=DIRECTION('',(0.677474595157374,-0.677474595157365,-0.286454788461839));
#4142=DIRECTION('center_axis',(0.86609200880469,0.,0.499884618971876));
#4143=DIRECTION('ref_axis',(0.499884618971876,0.,-0.86609200880469));
#4144=DIRECTION('',(0.,-1.,0.));
#4145=DIRECTION('',(0.,1.,0.));
#4146=DIRECTION('center_axis',(-4.51016641311085E-9,-0.642787609686539,
0.766044443118979));
#4147=DIRECTION('ref_axis',(1.,0.,5.88760411177652E-9));
#4148=DIRECTION('',(1.,1.21841517603804E-9,6.90997583661083E-9));
#4149=DIRECTION('',(-1.,-1.21841517603804E-9,-6.90997583661083E-9));
#4150=DIRECTION('',(0.0412085467554183,-0.765393739861856,-0.642241604580853));
#4151=DIRECTION('center_axis',(0.0467014665570469,0.684144668061584,0.727849604097114));
#4152=DIRECTION('ref_axis',(0.997947849147193,0.,-0.0640319481391187));
#4153=DIRECTION('',(0.551850398276379,0.589686841645418,-0.589686837832127));
#4154=DIRECTION('',(-0.997947849147193,0.,0.0640319481391187));
#4155=DIRECTION('',(0.622687745797329,-0.589686841645273,0.514324216836291));
#4156=DIRECTION('center_axis',(0.0640319481391187,0.,0.997947849147193));
#4157=DIRECTION('ref_axis',(0.997947849147193,0.,-0.0640319481391187));
#4158=DIRECTION('',(0.,-1.,0.));
#4159=DIRECTION('',(0.,1.,0.));
#4160=DIRECTION('center_axis',(0.0903690221179372,0.707106781186549,0.701308377136225));
#4161=DIRECTION('ref_axis',(0.991799818351917,0.,-0.127801096697581));
#4162=DIRECTION('',(-0.991799818351917,0.,0.127801096697581));
#4163=DIRECTION('',(0.991799818351917,0.,-0.127801096697581));
#4164=DIRECTION('center_axis',(-0.577350269189616,-0.577350269189629,-0.577350269189632));
#4165=DIRECTION('ref_axis',(-0.707106781186557,0.,0.707106781186538));
#4166=DIRECTION('',(-0.707106781186554,0.,0.707106781186541));
#4167=DIRECTION('',(0.,0.707106781186549,-0.707106781186546));
#4168=DIRECTION('',(0.707106781186555,-0.70710678118654,0.));
#4169=DIRECTION('center_axis',(0.,-0.707106781186546,-0.707106781186549));
#4170=DIRECTION('ref_axis',(-1.,0.,0.));
#4171=DIRECTION('',(1.,0.,0.));
#4172=DIRECTION('',(-1.,0.,0.));
#4173=DIRECTION('center_axis',(0.577350269189613,0.577350269189621,-0.577350269189644));
#4174=DIRECTION('ref_axis',(-0.707106781186566,0.,-0.707106781186529));
#4175=DIRECTION('',(-0.707106781186552,0.707106781186543,0.));
#4176=DIRECTION('',(0.707106781186566,0.,0.707106781186529));
#4177=DIRECTION('',(-2.51214793389404E-14,-0.707106781186549,-0.707106781186546));
#4178=DIRECTION('center_axis',(0.707106781186529,0.,-0.707106781186566));
#4179=DIRECTION('ref_axis',(-0.707106781186566,0.,-0.707106781186529));
#4180=DIRECTION('',(0.,-1.,0.));
#4181=DIRECTION('',(0.,1.,0.));
#4182=DIRECTION('center_axis',(-0.230747079716803,-0.579774133035918,0.781420334944399));
#4183=DIRECTION('ref_axis',(0.959060089459723,0.,0.283202656776923));
#4184=DIRECTION('',(-0.714137055644795,0.646380170539321,0.268702327657466));
#4185=DIRECTION('',(-0.380488767761741,-0.685380042698162,-0.620872365851645));
#4186=DIRECTION('',(0.945918265391379,0.0545395377813672,0.319787545125758));
#4187=DIRECTION('center_axis',(-0.0834668807114664,-0.643177900722258,0.761154036872175));
#4188=DIRECTION('ref_axis',(0.994041212367233,0.,0.10900489950219));
#4189=DIRECTION('',(-0.991548090157838,-0.0225290592291805,-0.127768644019542));
#4190=DIRECTION('',(0.991548090157838,0.0225290592291805,0.127768644019542));
#4191=DIRECTION('',(-0.991684420132734,0.128693476392564,-6.85251538066062E-9));
#4192=DIRECTION('center_axis',(-4.88609077190276E-9,0.70710678118654,0.707106781186555));
#4193=DIRECTION('ref_axis',(1.,0.,6.90997583661083E-9));
#4194=DIRECTION('',(1.,0.,6.90997583661083E-9));
#4195=DIRECTION('',(-1.,0.,-6.90997583661083E-9));
#4196=DIRECTION('',(-0.0453241754636264,-0.70638010998365,0.706380109670444));
#4197=DIRECTION('center_axis',(-0.700241969883799,-0.517794609804225,0.49147728906934));
#4198=DIRECTION('ref_axis',(0.574487945963164,0.,0.818513042011565));
#4199=DIRECTION('',(-0.694889428473766,0.652192398131553,-0.302941839326984));
#4200=DIRECTION('',(0.0836470554064991,-0.743200614040154,-0.663819265622925));
#4201=DIRECTION('',(0.494636945950979,0.144517666782406,0.856999962478446));
#4202=DIRECTION('center_axis',(-0.329790671079054,-0.649261219013158,0.685345155928584));
#4203=DIRECTION('ref_axis',(0.901099460905029,0.,0.433612455490691));
#4204=DIRECTION('',(-0.862543371450221,-0.0878630492307797,-0.498296113718697));
#4205=DIRECTION('',(0.862543371450221,0.0878630492307797,0.498296113718697));
#4206=DIRECTION('center_axis',(-0.57735026918962,0.577350269189628,-0.57735026918963));
#4207=DIRECTION('ref_axis',(-0.707106781186554,0.,0.707106781186541));
#4208=DIRECTION('',(0.,0.707106781186549,0.707106781186546));
#4209=DIRECTION('',(0.707106781186554,0.,-0.707106781186541));
#4210=DIRECTION('',(-0.707106781186552,-0.707106781186543,0.));
#4211=DIRECTION('center_axis',(-0.707106781186541,0.,-0.707106781186554));
#4212=DIRECTION('ref_axis',(-0.707106781186554,0.,0.707106781186541));
#4213=DIRECTION('',(0.,1.,0.));
#4214=DIRECTION('',(0.,-1.,0.));
#4215=DIRECTION('center_axis',(-0.247245868637085,0.635615366537841,0.731343001787027));
#4216=DIRECTION('ref_axis',(0.94732825762991,0.,0.320264222628564));
#4217=DIRECTION('',(0.734057573997315,0.615546924052473,-0.286812590983582));
#4218=DIRECTION('',(-0.94732825762991,0.,-0.320264222628564));
#4219=DIRECTION('',(0.409439006725733,-0.615546924052464,0.673395637096793));
#4220=DIRECTION('center_axis',(-0.320264222628564,0.,0.94732825762991));
#4221=DIRECTION('ref_axis',(0.94732825762991,0.,0.320264222628564));
#4222=DIRECTION('',(0.,-1.,0.));
#4223=DIRECTION('',(0.,1.,0.));
#4224=DIRECTION('center_axis',(-0.0903690113003772,0.70710678118655,0.70130837853015));
#4225=DIRECTION('ref_axis',(0.991799820323227,0.,0.127801081399241));
#4226=DIRECTION('',(-0.991799820323227,0.,-0.127801081399241));
#4227=DIRECTION('',(0.991799820323227,0.,0.127801081399241));
#4228=DIRECTION('center_axis',(-0.724600170873733,0.54776557076485,0.418219406357973));
#4229=DIRECTION('ref_axis',(0.499884624613278,0.,0.866092005548627));
#4230=DIRECTION('',(0.677474596299034,0.677474596299025,0.286454783061715));
#4231=DIRECTION('',(-0.499884624613278,0.,-0.866092005548627));
#4232=DIRECTION('',(-0.0908546587288102,-0.677474596299045,0.729913421137547));
#4233=DIRECTION('center_axis',(-0.866092005548627,0.,0.499884624613278));
#4234=DIRECTION('ref_axis',(0.499884624613278,0.,0.866092005548627));
#4235=DIRECTION('',(0.,-1.,0.));
#4236=DIRECTION('',(0.,1.,0.));
#4237=DIRECTION('center_axis',(-0.353716537204633,0.707106781186549,0.612278213974628));
#4238=DIRECTION('ref_axis',(0.865892154148497,0.,0.500230724150441));
#4239=DIRECTION('',(-0.865892154148497,0.,-0.500230724150441));
#4240=DIRECTION('',(0.865892154148497,0.,0.500230724150441));
#4241=DIRECTION('center_axis',(-0.707106781186543,0.707106781186552,-3.17955550862104E-14));
#4242=DIRECTION('ref_axis',(-4.49657052260999E-14,0.,1.));
#4243=DIRECTION('',(4.49657052260999E-14,0.,-1.));
#4244=DIRECTION('',(-4.49657052260999E-14,0.,1.));
#4245=DIRECTION('center_axis',(0.,0.707106781186546,-0.707106781186549));
#4246=DIRECTION('ref_axis',(-1.,0.,0.));
#4247=DIRECTION('',(1.,0.,0.));
#4248=DIRECTION('',(-1.,0.,0.));
#4249=DIRECTION('center_axis',(-0.707106781186541,-0.696364240320031,0.122787803968943));
#4250=DIRECTION('ref_axis',(0.171087869745997,0.,0.985255774317399));
#4251=DIRECTION('',(-4.42825751263247E-14,0.17364817766693,0.984807753012208));
#4252=DIRECTION('',(4.42825751263247E-14,-0.17364817766693,-0.984807753012208));
#4253=DIRECTION('',(0.705757556807958,-0.705757556807946,0.0617457854184466));
#4254=DIRECTION('center_axis',(0.707106781186543,0.707106781186552,0.));
#4255=DIRECTION('ref_axis',(0.,0.,-1.));
#4256=DIRECTION('',(0.,0.,1.));
#4257=DIRECTION('',(0.,0.,-1.));
#4258=DIRECTION('center_axis',(-0.70710678118654,-0.707106781186555,-3.1838852889022E-14));
#4259=DIRECTION('ref_axis',(-4.50269375660573E-14,0.,1.));
#4260=DIRECTION('',(4.49657052260999E-14,6.12323399573676E-17,-1.));
#4261=DIRECTION('',(-4.49657052260999E-14,-6.12323399573676E-17,1.));
#4262=DIRECTION('center_axis',(0.353716545180972,0.707106781186536,0.612278209366668));
#4263=DIRECTION('ref_axis',(0.865892147631841,0.,-0.500230735430678));
#4264=DIRECTION('',(-0.865892147631841,0.,0.500230735430679));
#4265=DIRECTION('',(0.865892147631841,0.,-0.500230735430679));
#4266=DIRECTION('center_axis',(0.70710678118653,-0.696364240320036,0.122787803968976));
#4267=DIRECTION('ref_axis',(0.171087869746044,0.,-0.985255774317391));
#4268=DIRECTION('',(0.,0.17364817766693,0.984807753012208));
#4269=DIRECTION('',(0.,-0.17364817766693,-0.984807753012208));
#4270=DIRECTION('center_axis',(0.329790678678064,-0.649261219332496,0.685345151969387));
#4271=DIRECTION('ref_axis',(0.901099456022409,0.,-0.43361246563737));
#4272=DIRECTION('',(-0.862543364808612,0.0878630511968019,0.498296124868563));
#4273=DIRECTION('',(0.862543364808612,-0.0878630511968019,-0.498296124868563));
#4274=DIRECTION('center_axis',(0.,1.,6.12323399573676E-17));
#4275=DIRECTION('ref_axis',(0.,-6.12323399573676E-17,1.));
#4276=DIRECTION('',(1.,0.,0.));
#4277=DIRECTION('',(0.999999999625819,-1.67508439451299E-21,2.73562041835939E-5));
#4278=DIRECTION('',(0.999999999999998,-4.31501883814047E-24,7.0469605459219E-8));
#4279=DIRECTION('',(1.,0.,0.));
#4280=DIRECTION('center_axis',(-0.127801081399241,0.,0.991799820323227));
#4281=DIRECTION('ref_axis',(0.991799820323227,0.,0.127801081399241));
#4282=DIRECTION('',(0.,1.,0.));
#4283=DIRECTION('center_axis',(0.127801096697581,0.,0.991799818351917));
#4284=DIRECTION('ref_axis',(0.991799818351917,0.,-0.127801096697581));
#4285=DIRECTION('center_axis',(1.,0.,0.));
#4286=DIRECTION('ref_axis',(0.,0.,-1.));
#4287=DIRECTION('center_axis',(0.500230735430679,0.,0.865892147631841));
#4288=DIRECTION('ref_axis',(0.865892147631841,0.,-0.500230735430679));
#4289=DIRECTION('center_axis',(0.,1.,0.));
#4290=DIRECTION('ref_axis',(0.,0.,1.));
#4291=DIRECTION('',(1.,0.,5.19351691976997E-9));
#4292=DIRECTION('',(0.0764722309729082,0.,0.997071711508268));
#4293=DIRECTION('',(-0.990041818233975,0.,0.140773570488092));
#4294=DIRECTION('',(-0.140773806601031,0.,-0.99004178466116));
#4295=DIRECTION('',(-0.140773806601031,0.,-0.99004178466116));
#4296=DIRECTION('',(-0.14077380660103,0.,-0.99004178466116));
#4297=DIRECTION('',(0.996919517644012,0.,-0.0784313415697467));
#4298=DIRECTION('',(0.990041820306066,0.,0.140773555915346));
#4299=DIRECTION('',(-0.996919624100387,0.,-0.0784299884198837));
#4300=DIRECTION('',(-1.,0.,1.4801629982016E-14));
#4301=DIRECTION('',(0.996920452591012,0.,0.0784194568058961));
#4302=DIRECTION('',(0.990041820305706,0.,0.140773555917878));
#4303=DIRECTION('',(0.99004181874866,0.,0.140773566868376));
#4304=DIRECTION('',(0.990041820290423,0.,0.140773556025363));
#4305=DIRECTION('center_axis',(0.,0.,-1.));
#4306=DIRECTION('ref_axis',(-1.,0.,0.));
#4307=DIRECTION('',(1.63268091856641E-16,1.,0.));
#4308=DIRECTION('center_axis',(-0.500230724150441,0.,0.865892154148498));
#4309=DIRECTION('ref_axis',(0.865892154148497,0.,0.500230724150441));
#4310=DIRECTION('center_axis',(-1.,0.,-4.49657052260999E-14));
#4311=DIRECTION('ref_axis',(-4.49657052260999E-14,0.,1.));
#4312=DIRECTION('center_axis',(0.,-1.,0.));
#4313=DIRECTION('ref_axis',(0.,0.,-1.));
#4314=DIRECTION('center_axis',(0.,1.,0.));
#4315=DIRECTION('ref_axis',(0.,0.,-1.));
#4316=DIRECTION('',(-1.04972719113862E-16,0.515038074910054,-0.857167300702112));
#4317=DIRECTION('center_axis',(0.,1.,0.));
#4318=DIRECTION('ref_axis',(0.,0.,-1.));
#4319=DIRECTION('',(0.,1.,0.));
#4320=DIRECTION('center_axis',(0.,-1.,0.));
#4321=DIRECTION('ref_axis',(0.,0.,-1.));
#4322=DIRECTION('center_axis',(0.,1.,0.));
#4323=DIRECTION('ref_axis',(0.,0.,-1.));
#4324=DIRECTION('',(-1.04972719113862E-16,0.515038074910054,-0.857167300702112));
#4325=DIRECTION('center_axis',(0.,1.,0.));
#4326=DIRECTION('ref_axis',(0.,0.,-1.));
#4327=DIRECTION('',(0.,1.,0.));
#4328=DIRECTION('center_axis',(0.,-1.,0.));
#4329=DIRECTION('ref_axis',(0.,0.,-1.));
#4330=DIRECTION('center_axis',(0.,1.,0.));
#4331=DIRECTION('ref_axis',(0.,0.,-1.));
#4332=DIRECTION('',(-1.04972719113862E-16,0.515038074910054,-0.857167300702112));
#4333=DIRECTION('center_axis',(0.,1.,0.));
#4334=DIRECTION('ref_axis',(0.,0.,-1.));
#4335=DIRECTION('',(0.,1.,0.));
#4336=DIRECTION('center_axis',(0.,-1.,0.));
#4337=DIRECTION('ref_axis',(0.,0.,-1.));
#4338=DIRECTION('center_axis',(0.,1.,0.));
#4339=DIRECTION('ref_axis',(0.,0.,-1.));
#4340=DIRECTION('',(-1.04972719113862E-16,0.515038074910054,-0.857167300702112));
#4341=DIRECTION('center_axis',(0.,1.,0.));
#4342=DIRECTION('ref_axis',(0.,0.,-1.));
#4343=DIRECTION('',(0.,1.,0.));
#4344=DIRECTION('center_axis',(0.,-1.,0.));
#4345=DIRECTION('ref_axis',(0.,0.,-1.));
#4346=DIRECTION('center_axis',(0.,1.,0.));
#4347=DIRECTION('ref_axis',(0.,0.,-1.));
#4348=DIRECTION('',(-1.04972719113862E-16,0.515038074910054,-0.857167300702112));
#4349=DIRECTION('center_axis',(0.,1.,0.));
#4350=DIRECTION('ref_axis',(0.,0.,-1.));
#4351=DIRECTION('',(0.,1.,0.));
#4352=DIRECTION('center_axis',(0.,-1.,0.));
#4353=DIRECTION('ref_axis',(0.,0.,-1.));
#4354=DIRECTION('center_axis',(0.,1.,0.));
#4355=DIRECTION('ref_axis',(0.,0.,-1.));
#4356=DIRECTION('',(-1.04972719113862E-16,0.515038074910054,-0.857167300702112));
#4357=DIRECTION('center_axis',(0.,1.,0.));
#4358=DIRECTION('ref_axis',(0.,0.,-1.));
#4359=DIRECTION('',(0.,1.,0.));
#4360=DIRECTION('center_axis',(0.140773571624604,0.,-0.990041818072374));
#4361=DIRECTION('ref_axis',(-0.990041818072374,0.,-0.140773571624604));
#4362=DIRECTION('center_axis',(-0.990035341893721,0.,0.140819110213716));
#4363=DIRECTION('ref_axis',(0.140819110213716,0.,0.990035341893721));
#4364=DIRECTION('',(0.,1.,0.));
#4365=DIRECTION('center_axis',(-0.140819126947264,0.,-0.990035339513601));
#4366=DIRECTION('ref_axis',(-0.990035339513601,0.,0.140819126947264));
#4367=DIRECTION('',(0.,1.,0.));
#4368=DIRECTION('',(0.,1.,0.));
#4369=DIRECTION('center_axis',(7.0469605459219E-8,0.,-0.999999999999998));
#4370=DIRECTION('ref_axis',(0.999999999999998,0.,7.0469605459219E-8));
#4371=DIRECTION('',(0.,1.,0.));
#4372=DIRECTION('',(-1.63268091856641E-16,-1.,-1.1505438017217E-23));
#4373=DIRECTION('center_axis',(2.73562041835939E-5,0.,-0.999999999625819));
#4374=DIRECTION('ref_axis',(0.999999999625819,0.,2.73562041835939E-5));
#4375=DIRECTION('center_axis',(0.,0.984807753012208,-0.17364817766693));
#4376=DIRECTION('ref_axis',(0.,0.17364817766693,0.984807753012208));
#4377=DIRECTION('',(-0.862543371450221,-0.0878630492307796,-0.498296113718697));
#4378=DIRECTION('center_axis',(-0.500230724150441,0.,0.865892154148498));
#4379=DIRECTION('ref_axis',(-0.865892154148498,0.,-0.500230724150441));
#4380=DIRECTION('center_axis',(1.,-1.63268091856641E-16,0.));
#4381=DIRECTION('ref_axis',(1.63268091856641E-16,1.,0.));
#4382=DIRECTION('center_axis',(0.,1.,0.));
#4383=DIRECTION('ref_axis',(0.756245765180841,0.,-0.654287660472093));
#4384=DIRECTION('',(0.,1.,0.));
#4385=DIRECTION('center_axis',(0.,1.,0.));
#4386=DIRECTION('ref_axis',(0.756245765180841,0.,-0.654287660472093));
#4387=DIRECTION('',(0.,1.,0.));
#4388=DIRECTION('center_axis',(0.,-1.,0.));
#4389=DIRECTION('ref_axis',(0.,0.,-1.));
#4390=DIRECTION('',(1.,0.,-1.81752063124024E-13));
#4391=DIRECTION('center_axis',(0.,1.,0.));
#4392=DIRECTION('ref_axis',(0.756261251206263,0.,-0.654269760820365));
#4393=DIRECTION('',(0.,-1.,0.));
#4394=DIRECTION('center_axis',(0.,1.,0.));
#4395=DIRECTION('ref_axis',(0.756261251206263,0.,-0.654269760820365));
#4396=DIRECTION('center_axis',(0.,-1.,0.));
#4397=DIRECTION('ref_axis',(0.,0.,-1.));
#4398=DIRECTION('',(0.99999999962397,0.,2.74237060671371E-5));
#4399=DIRECTION('center_axis',(0.,1.,0.));
#4400=DIRECTION('ref_axis',(-0.756245781969527,0.,0.654287641067213));
#4401=DIRECTION('',(0.,-1.,0.));
#4402=DIRECTION('center_axis',(0.,1.,0.));
#4403=DIRECTION('ref_axis',(-0.756245781969527,0.,0.654287641067213));
#4404=DIRECTION('',(0.,1.,0.));
#4405=DIRECTION('center_axis',(0.,-1.,0.));
#4406=DIRECTION('ref_axis',(0.,0.,-1.));
#4407=DIRECTION('',(-1.,0.,9.47469158629694E-16));
#4408=DIRECTION('',(-1.,0.,1.45861071456461E-8));
#4409=DIRECTION('center_axis',(2.74237060671371E-5,0.,-0.99999999962397));
#4410=DIRECTION('ref_axis',(-0.99999999962397,0.,-2.74237060671371E-5));
#4411=DIRECTION('center_axis',(1.45861071456461E-8,0.,1.));
#4412=DIRECTION('ref_axis',(1.,0.,-1.45861071456461E-8));
#4413=DIRECTION('',(0.,1.,0.));
#4414=DIRECTION('',(0.,1.,0.));
#4415=DIRECTION('center_axis',(9.47469158629694E-16,0.,1.));
#4416=DIRECTION('ref_axis',(1.,0.,-9.47469158629694E-16));
#4417=DIRECTION('',(0.,1.,0.));
#4418=DIRECTION('center_axis',(0.140773555915346,0.,-0.990041820306066));
#4419=DIRECTION('ref_axis',(-0.990041820306066,0.,-0.140773555915346));
#4420=DIRECTION('center_axis',(-0.0784299884198837,0.,0.996919624100387));
#4421=DIRECTION('ref_axis',(0.996919624100387,0.,0.0784299884198837));
#4422=DIRECTION('center_axis',(1.4801629982016E-14,0.,1.));
#4423=DIRECTION('ref_axis',(1.,0.,-1.4801629982016E-14));
#4424=DIRECTION('center_axis',(0.0784194568058961,0.,-0.996920452591012));
#4425=DIRECTION('ref_axis',(-0.996920452591012,0.,-0.0784194568058961));
#4426=DIRECTION('',(0.,1.,0.));
#4427=DIRECTION('center_axis',(0.140773555917878,0.,-0.990041820305706));
#4428=DIRECTION('ref_axis',(-0.990041820305706,0.,-0.140773555917878));
#4429=DIRECTION('center_axis',(0.140773566868376,0.,-0.99004181874866));
#4430=DIRECTION('ref_axis',(-0.99004181874866,0.,-0.140773566868376));
#4431=DIRECTION('center_axis',(0.140773556025363,0.,-0.990041820290423));
#4432=DIRECTION('ref_axis',(-0.990041820290423,0.,-0.140773556025363));
#4433=DIRECTION('center_axis',(5.19351691976997E-9,0.,-1.));
#4434=DIRECTION('ref_axis',(-1.,0.,-5.19351691976997E-9));
#4435=DIRECTION('center_axis',(0.997071711508268,0.,-0.0764722309729082));
#4436=DIRECTION('ref_axis',(-0.0764722309729082,0.,-0.997071711508268));
#4437=DIRECTION('center_axis',(0.140773570488092,0.,0.990041818233975));
#4438=DIRECTION('ref_axis',(0.990041818233975,0.,-0.140773570488092));
#4439=DIRECTION('center_axis',(-0.99004178466116,0.,0.140773806601031));
#4440=DIRECTION('ref_axis',(0.140773806601031,0.,0.99004178466116));
#4441=DIRECTION('center_axis',(-0.99004178466116,0.,0.140773806601031));
#4442=DIRECTION('ref_axis',(0.140773806601031,0.,0.99004178466116));
#4443=DIRECTION('center_axis',(-0.990041784661161,0.,0.14077380660103));
#4444=DIRECTION('ref_axis',(0.14077380660103,0.,0.99004178466116));
#4445=DIRECTION('center_axis',(-0.0784313415697467,0.,-0.996919517644012));
#4446=DIRECTION('ref_axis',(-0.996919517644012,0.,0.0784313415697467));
#4447=DIRECTION('center_axis',(0.140773568400291,0.,0.990041818530838));
#4448=DIRECTION('ref_axis',(0.990041818530838,0.,-0.140773568400291));
#4449=DIRECTION('',(0.,1.,0.));
#4450=DIRECTION('center_axis',(0.074909606395664,0.,0.997190328307313));
#4451=DIRECTION('ref_axis',(0.997190328307313,0.,-0.074909606395664));
#4452=DIRECTION('center_axis',(0.,0.,1.));
#4453=DIRECTION('ref_axis',(1.,0.,0.));
#4454=DIRECTION('center_axis',(-2.28736761149946E-13,0.,-1.));
#4455=DIRECTION('ref_axis',(-1.,0.,2.28736761149946E-13));
#4456=DIRECTION('',(0.,1.,0.));
#4457=DIRECTION('center_axis',(-1.59004008269493E-10,0.,-1.));
#4458=DIRECTION('ref_axis',(-1.,0.,1.59004008269493E-10));
#4459=DIRECTION('center_axis',(0.140773523195707,0.,-0.990041824958455));
#4460=DIRECTION('ref_axis',(-0.990041824958455,0.,-0.140773523195707));
#4461=DIRECTION('',(0.,1.,0.));
#4462=DIRECTION('center_axis',(-0.140773555930189,0.,0.990041820303956));
#4463=DIRECTION('ref_axis',(0.990041820303956,0.,0.140773555930189));
#4464=DIRECTION('center_axis',(-1.,0.,0.));
#4465=DIRECTION('ref_axis',(0.,0.,1.));
#4466=DIRECTION('',(0.,1.,0.));
#4467=DIRECTION('center_axis',(1.23268812580027E-16,0.,1.));
#4468=DIRECTION('ref_axis',(1.,0.,-1.23268812580027E-16));
#4469=DIRECTION('center_axis',(-1.81752063124024E-13,0.,-1.));
#4470=DIRECTION('ref_axis',(-1.,0.,1.81752063124024E-13));
#4471=DIRECTION('center_axis',(-6.90997583661083E-9,0.,1.));
#4472=DIRECTION('ref_axis',(1.,0.,6.90997583661083E-9));
#4473=CARTESIAN_POINT('',(0.,0.,0.));
#4474=CARTESIAN_POINT('Origin',(4.99999959745876,-3.20000000000009,-46.8240960286698));
#4475=CARTESIAN_POINT('',(5.99999959745876,-3.20000000000009,-46.8240960286698));
#4476=CARTESIAN_POINT('',(4.99999959745876,-4.20000000000009,-46.8240960286698));
#4477=CARTESIAN_POINT('Origin',(4.99999959745876,-3.20000000000009,-46.8240960286698));
#4478=CARTESIAN_POINT('',(4.99999959745876,-4.20000000000009,-44.8240896703638));
#4479=CARTESIAN_POINT('',(4.99999959745876,-4.20000000000009,-46.8240960286698));
#4480=CARTESIAN_POINT('',(5.99999959745876,-3.20000000000009,-44.8240895998942));
#4481=CARTESIAN_POINT('Origin',(4.99999959745876,-3.20000000000009,-44.8240896703638));
#4482=CARTESIAN_POINT('',(5.99999959745876,-3.20000000000009,-46.8240960286698));
#4483=CARTESIAN_POINT('Origin',(-6.00000040254125,-4.20000000000009,-46.8240960286698));
#4484=CARTESIAN_POINT('',(-5.00000040254124,-4.20000000000009,-46.8240960286698));
#4485=CARTESIAN_POINT('',(62.6954408148796,-4.20000000000008,-46.8240960286698));
#4486=CARTESIAN_POINT('',(-5.00000040254124,-4.20000000000009,-44.8240903750599));
#4487=CARTESIAN_POINT('',(-5.00000040254125,-4.20000000000009,-46.8240960286698));
#4488=CARTESIAN_POINT('',(-45.6138187964494,-4.20000000000009,-44.8240932370996));
#4489=CARTESIAN_POINT('Origin',(4.99999959745876,1.6,-22.251036650855));
#4490=CARTESIAN_POINT('',(5.99999959745876,1.6,-44.8240895998942));
#4491=CARTESIAN_POINT('',(4.99999959745876,2.6,-44.8240896703638));
#4492=CARTESIAN_POINT('Origin',(4.99999959745876,1.6,-44.8240896703638));
#4493=CARTESIAN_POINT('',(4.99999959745876,2.59999999999991,-46.8240960286698));
#4494=CARTESIAN_POINT('',(4.99999959745876,2.6,-22.251036650855));
#4495=CARTESIAN_POINT('',(5.99999959745876,1.6,-46.8240960286698));
#4496=CARTESIAN_POINT('Origin',(4.99999959745876,1.6,-46.8240960286698));
#4497=CARTESIAN_POINT('',(5.99999959745876,1.6,-22.251036650855));
#4498=CARTESIAN_POINT('Origin',(-1.36405240258597E-5,2.6,2.32202272695984));
#4499=CARTESIAN_POINT('',(85.2275431670882,2.6,-44.8240840167605));
#4500=CARTESIAN_POINT('',(42.6137664244661,2.6,-44.8240870197365));
#4501=CARTESIAN_POINT('',(124.390936744709,2.6,-44.8230126549688));
#4502=CARTESIAN_POINT('',(63.1960790970398,2.6,-44.8246867139902));
#4503=CARTESIAN_POINT('',(126.390882032301,2.6,-42.8230126557172));
#4504=CARTESIAN_POINT('Origin',(124.390882032301,2.6,-42.8230126557172));
#4505=CARTESIAN_POINT('',(126.390882032301,2.6,-39.8230306267385));
#4506=CARTESIAN_POINT('',(126.390882032301,2.6,10.8272520698397));
#4507=CARTESIAN_POINT('',(124.390936879713,2.6,-41.8230306259865));
#4508=CARTESIAN_POINT('Origin',(124.390882032301,2.6,-39.8230306267385));
#4509=CARTESIAN_POINT('',(92.414948932967,2.6,-41.8239063795596));
#4510=CARTESIAN_POINT('',(63.1960395531464,2.6,-41.8247088168642));
#4511=CARTESIAN_POINT('',(85.4149586513541,2.6,-41.8240994917575));
#4512=CARTESIAN_POINT('Origin',(88.9148659932284,2.6,-38.7958543351351));
#4513=CARTESIAN_POINT('',(48.6100225403538,2.6,-36.5890961182595));
#4514=CARTESIAN_POINT('',(40.4770271393796,2.6,-35.4322869677307));
#4515=CARTESIAN_POINT('',(47.8073536121358,2.6,-42.2322975670537));
#4516=CARTESIAN_POINT('',(50.840467749374,2.6,-20.907846735724));
#4517=CARTESIAN_POINT('',(45.5456447079209,2.6,-43.9307300304138));
#4518=CARTESIAN_POINT('Origin',(45.8272829283484,2.6,-41.9506593466264));
#4519=CARTESIAN_POINT('',(10.8944077416405,2.6,-39.0020611729337));
#4520=CARTESIAN_POINT('',(20.9902520922487,2.6,-40.4380582107661));
#4521=CARTESIAN_POINT('',(9.19597527828052,2.6,-36.7403522687188));
#4522=CARTESIAN_POINT('Origin',(11.176045962068,2.6,-37.0219904891462));
#4523=CARTESIAN_POINT('',(9.99865245688523,2.6,-31.0971506930306));
#4524=CARTESIAN_POINT('',(11.6869358411965,2.6,-19.2275375036808));
#4525=CARTESIAN_POINT('',(-2.26793191451184E-7,2.6,-31.0971506930283));
#4526=CARTESIAN_POINT('',(4.99931940817678,2.6,-31.0971506930294));
#4527=CARTESIAN_POINT('',(-9.99865413426178,2.6,-31.0971506914385));
#4528=CARTESIAN_POINT('',(-6.93631549991885E-6,2.6,-31.0971506930283));
#4529=CARTESIAN_POINT('',(-9.19624477600154,2.6,-36.740389054451));
#4530=CARTESIAN_POINT('',(-12.2284254994574,2.6,-15.4154650539467));
#4531=CARTESIAN_POINT('',(-10.8947812688971,2.6,-39.0020198338449));
#4532=CARTESIAN_POINT('Origin',(-11.1763284121463,2.6,-37.0219361977002));
#4533=CARTESIAN_POINT('',(-45.5462449014301,2.6,-43.9290948407061));
#4534=CARTESIAN_POINT('',(-1.68560602068787,2.6,-37.6925716188883));
#4535=CARTESIAN_POINT('',(-47.8078756808241,2.6,-42.2305583478106));
#4536=CARTESIAN_POINT('Origin',(-45.8277920446793,2.6,-41.9490112045613));
#4537=CARTESIAN_POINT('',(-48.610285370159,2.6,-36.5873176563945));
#4538=CARTESIAN_POINT('',(-50.2980781535254,2.6,-24.7172953468854));
#4539=CARTESIAN_POINT('',(-85.4398556289079,2.6,-41.8240952111452));
#4540=CARTESIAN_POINT('',(-2.76956323900203,2.6,-30.0692500824208));
#4541=CARTESIAN_POINT('',(-92.4398544702573,2.6,-41.8240956526486));
#4542=CARTESIAN_POINT('Origin',(-88.9398544776114,2.6,-38.7959704918117));
#4543=CARTESIAN_POINT('',(-124.390882591205,2.6,-41.8240952111381));
#4544=CARTESIAN_POINT('',(-42.71993463472,2.6,-41.8240952111529));
#4545=CARTESIAN_POINT('',(-126.390882591205,2.6,-39.8240952111381));
#4546=CARTESIAN_POINT('Origin',(-124.390882591205,2.6,-39.8240952111381));
#4547=CARTESIAN_POINT('',(-126.390882591205,2.6,-42.824094473063));
#4548=CARTESIAN_POINT('',(-126.390882591205,2.6,-21.2510358333314));
#4549=CARTESIAN_POINT('',(-124.390882670647,2.6,-44.824094473063));
#4550=CARTESIAN_POINT('Origin',(-124.390882591205,2.6,-42.824094473063));
#4551=CARTESIAN_POINT('',(-85.227637049418,2.6,-44.8240960286698));
#4552=CARTESIAN_POINT('',(-42.6138262813187,2.6,-44.8240977213367));
#4553=CARTESIAN_POINT('',(-5.00000040254124,2.6,-44.8240903750599));
#4554=CARTESIAN_POINT('',(42.6137664244661,2.6,-44.8240870197365));
#4555=CARTESIAN_POINT('',(-5.00000040254124,2.59999999999991,-46.8240960286698));
#4556=CARTESIAN_POINT('',(-5.00000040254124,2.6,-22.251036650855));
#4557=CARTESIAN_POINT('',(68.6954408148796,2.59999999999991,-46.8240960286698));
#4558=CARTESIAN_POINT('Origin',(-5.00000040254124,1.6,-22.251036650855));
#4559=CARTESIAN_POINT('',(-6.00000040254125,1.6,-44.8240904455295));
#4560=CARTESIAN_POINT('Origin',(-5.00000040254124,1.6,-44.8240903750599));
#4561=CARTESIAN_POINT('',(-6.00000040254125,1.6,-46.8240960286698));
#4562=CARTESIAN_POINT('',(-6.00000040254124,1.6,-22.251036650855));
#4563=CARTESIAN_POINT('Origin',(-5.00000040254124,1.6,-46.8240960286698));
#4564=CARTESIAN_POINT('Origin',(-6.00000040254124,2.59999999999991,-46.8240960286698));
#4565=CARTESIAN_POINT('',(-6.00000040254125,-3.20000000000009,-44.8240904455295));
#4566=CARTESIAN_POINT('',(-6.00000040254125,1.29999999999995,-44.8240904455295));
#4567=CARTESIAN_POINT('',(-6.00000040254125,-3.20000000000009,-46.8240960286698));
#4568=CARTESIAN_POINT('',(-6.00000040254125,-3.20000000000009,-46.8240960286698));
#4569=CARTESIAN_POINT('',(-6.00000040254125,2.09999999999997,-46.8240960286698));
#4570=CARTESIAN_POINT('Origin',(-5.00000040254125,-3.20000000000009,-46.8240960286698));
#4571=CARTESIAN_POINT('Origin',(-5.00000040254125,-3.20000000000009,-46.8240960286698));
#4572=CARTESIAN_POINT('Origin',(-5.00000040254125,-3.20000000000009,-44.8240903750599));
#4573=CARTESIAN_POINT('Origin',(-92.095431899182,0.,36.8353992729162));
#4574=CARTESIAN_POINT('',(-92.3510340619804,2.6,38.8189989135626));
#4575=CARTESIAN_POINT('',(-93.0958933474828,2.6,38.5671835812132));
#4576=CARTESIAN_POINT('Origin',(-92.095431899182,2.6,36.8353992729162));
#4577=CARTESIAN_POINT('',(-92.3510340619804,-5.69261181370154,38.8189989135626));
#4578=CARTESIAN_POINT('',(-92.3510340619804,0.,38.8189989135626));
#4579=CARTESIAN_POINT('',(-93.0958933474828,-5.73701365095082,38.5671835812132));
#4580=CARTESIAN_POINT('Origin',(-92.095431899182,-6.04237394927113,36.8353992729162));
#4581=CARTESIAN_POINT('',(-93.0958933474828,0.,38.5671835812132));
#4582=CARTESIAN_POINT('Origin',(-9.70840247451479,0.,49.4681414825894));
#4583=CARTESIAN_POINT('',(-9.83567740272361,2.6,49.4517411232359));
#4584=CARTESIAN_POINT('',(-49.4416018712318,2.6,44.348211284682));
#4585=CARTESIAN_POINT('',(-9.83567740272361,-3.81777248321841,49.4517411232359));
#4586=CARTESIAN_POINT('',(-9.83567740272361,0.,49.4517411232359));
#4587=CARTESIAN_POINT('',(-7.83936529374384,-3.77241408437769,49.7089813859482));
#4588=CARTESIAN_POINT('Origin',(-9.58007523992513,0.,47.4681414825894));
#4589=CARTESIAN_POINT('',(-9.58007523992513,2.6,49.4681414825894));
#4590=CARTESIAN_POINT('Origin',(-9.58007523992513,2.6,47.4681414825894));
#4591=CARTESIAN_POINT('',(-9.58007523992513,-3.81488065737106,49.4681414825894));
#4592=CARTESIAN_POINT('',(-9.58007523992513,0.,49.4681414825894));
#4593=CARTESIAN_POINT('Origin',(-9.58007523992513,-4.16753461878799,47.4681414825894));
#4594=CARTESIAN_POINT('Origin',(3.60773818597337E-7,0.,49.4681414825894));
#4595=CARTESIAN_POINT('',(3.60773818356916E-7,2.6,49.4681414825894));
#4596=CARTESIAN_POINT('',(-4.8542080575194,2.6,49.4681414825894));
#4597=CARTESIAN_POINT('',(3.60773818356916E-7,-3.81488065737106,49.4681414825894));
#4598=CARTESIAN_POINT('',(3.60773818356916E-7,0.,49.4681414825894));
#4599=CARTESIAN_POINT('',(4.06606076586158E-8,-3.81488065737106,49.4681414825894));
#4600=CARTESIAN_POINT('Origin',(9.58007593872129,0.,47.4681414127214));
#4601=CARTESIAN_POINT('',(9.83567813211645,2.6,49.4517410494253));
#4602=CARTESIAN_POINT('',(9.58007595330739,2.6,49.4681414127214));
#4603=CARTESIAN_POINT('Origin',(9.58007593872129,2.6,47.4681414127214));
#4604=CARTESIAN_POINT('',(9.83567813211645,-3.81777249623321,49.4517410494253));
#4605=CARTESIAN_POINT('',(9.83567813211645,0.,49.4517410494253));
#4606=CARTESIAN_POINT('',(9.58007595330739,-3.81488066969068,49.4681414127214));
#4607=CARTESIAN_POINT('Origin',(9.58007593872129,-4.16753463110761,47.4681414127214));
#4608=CARTESIAN_POINT('',(9.58007595330739,0.,49.4681414127214));
#4609=CARTESIAN_POINT('Origin',(9.70840319606242,0.,49.4681414117855));
#4610=CARTESIAN_POINT('',(4.8542016254473,-3.81488066361338,49.4681414471875));
#4611=CARTESIAN_POINT('',(-6.46795551160523E-6,2.6,49.4681414825895));
#4612=CARTESIAN_POINT('Origin',(92.0954324373198,0.,36.8353979298315));
#4613=CARTESIAN_POINT('',(93.0958939081812,2.6,38.5671822250952));
#4614=CARTESIAN_POINT('',(92.3510346307149,2.6,38.8189975665353));
#4615=CARTESIAN_POINT('Origin',(92.0954324373198,2.6,36.8353979298315));
#4616=CARTESIAN_POINT('',(93.0958939081812,-5.73701389007102,38.5671822250952));
#4617=CARTESIAN_POINT('',(93.0958939081812,0.,38.5671822250952));
#4618=CARTESIAN_POINT('',(92.3510346307149,-5.6926120512188,38.8189975665353));
#4619=CARTESIAN_POINT('Origin',(92.0954324373198,-6.0423741860932,36.8353979298315));
#4620=CARTESIAN_POINT('',(92.3510346307149,0.,38.8189975665353));
#4621=CARTESIAN_POINT('Origin',(92.7487062090046,0.,38.7677545002527));
#4622=CARTESIAN_POINT('',(7.92143760188346,2.6,49.698405784163));
#4623=CARTESIAN_POINT('',(49.3384433372668,-4.71531872133111,44.361503460761));
#4624=CARTESIAN_POINT('Origin',(124.390882032301,0.,-42.8230126557172));
#4625=CARTESIAN_POINT('',(124.390936744709,-14.,-44.8230126549688));
#4626=CARTESIAN_POINT('',(124.390936744709,0.,-44.8230126549688));
#4627=CARTESIAN_POINT('',(126.390882032301,-14.,-42.8230126557172));
#4628=CARTESIAN_POINT('Origin',(124.390882032301,-14.,-42.8230126557172));
#4629=CARTESIAN_POINT('',(126.390882032301,0.,-42.8230126557172));
#4630=CARTESIAN_POINT('Origin',(126.390882032301,0.,-44.8229579440572));
#4631=CARTESIAN_POINT('',(126.3908820323,-14.,-8.29454067589876));
#4632=CARTESIAN_POINT('',(126.390882032301,-14.,-21.2504675684135));
#4633=CARTESIAN_POINT('',(126.3908820323,-9.33215283022798,18.1781361147833));
#4634=CARTESIAN_POINT('',(126.3908820323,-15.7964577008726,-18.4827585745695));
#4635=CARTESIAN_POINT('',(126.390882032301,2.6,18.1781361147833));
#4636=CARTESIAN_POINT('',(126.390882032301,0.,18.1781361147833));
#4637=CARTESIAN_POINT('',(126.390882032301,2.6,17.3324814127195));
#4638=CARTESIAN_POINT('',(126.390882032301,2.6,-21.2504676085487));
#4639=CARTESIAN_POINT('',(126.390882032301,8.6,17.3324814127195));
#4640=CARTESIAN_POINT('',(126.390882032301,0.8,17.3324814127195));
#4641=CARTESIAN_POINT('',(126.390882032301,8.6,16.8324814127195));
#4642=CARTESIAN_POINT('',(126.390882032301,8.6,10.952247681017));
#4643=CARTESIAN_POINT('',(126.390882032301,15.6,16.8324814127195));
#4644=CARTESIAN_POINT('',(126.390882032301,4.3,16.8324814127195));
#4645=CARTESIAN_POINT('',(126.390882032301,15.6,-36.3175188232833));
#4646=CARTESIAN_POINT('',(126.390882032301,15.6,10.5772521099748));
#4647=CARTESIAN_POINT('',(126.390882032301,8.6,-36.3175188232833));
#4648=CARTESIAN_POINT('',(126.390882032301,4.3,-36.3175188232833));
#4649=CARTESIAN_POINT('',(126.390882032301,8.6,-39.8230306267385));
#4650=CARTESIAN_POINT('',(126.390882032301,8.6,10.952247681017));
#4651=CARTESIAN_POINT('',(126.390882032301,0.8,-39.8230306267385));
#4652=CARTESIAN_POINT('Origin',(-124.390882591205,0.,-42.824094473063));
#4653=CARTESIAN_POINT('',(-126.390882591205,-14.,-42.824094473063));
#4654=CARTESIAN_POINT('',(-126.390882591205,0.,-42.824094473063));
#4655=CARTESIAN_POINT('',(-124.390882670647,-14.,-44.824094473063));
#4656=CARTESIAN_POINT('Origin',(-124.390882591205,-14.,-42.824094473063));
#4657=CARTESIAN_POINT('',(-124.390882670647,0.,-44.824094473063));
#4658=CARTESIAN_POINT('Origin',(-126.390882591204,0.,-44.8240943936208));
#4659=CARTESIAN_POINT('',(-85.227637049418,-14.,-44.8240960286698));
#4660=CARTESIAN_POINT('',(-63.1954423716762,-14.,-44.8240969038125));
#4661=CARTESIAN_POINT('',(-85.227637049418,0.,-44.8240960286698));
#4662=CARTESIAN_POINT('Origin',(124.390882032301,0.8,-39.8230306267385));
#4663=CARTESIAN_POINT('',(124.390936879713,8.6,-41.8230306259865));
#4664=CARTESIAN_POINT('Origin',(124.390882032301,8.6,-39.8230306267385));
#4665=CARTESIAN_POINT('',(124.390936879713,0.8,-41.8230306259865));
#4666=CARTESIAN_POINT('Origin',(-1.36405240169779E-5,8.6,2.57201394931459));
#4667=CARTESIAN_POINT('',(124.390882042688,8.6,-38.3175188232833));
#4668=CARTESIAN_POINT('Origin',(124.390882032301,8.6,-36.3175188232833));
#4669=CARTESIAN_POINT('',(86.9809979149914,8.6,-38.3175190175722));
#4670=CARTESIAN_POINT('',(63.1954343020685,8.6,-38.3175191411029));
#4671=CARTESIAN_POINT('',(84.8380255789501,8.6,-40.0760530451572));
#4672=CARTESIAN_POINT('Origin',(84.9948882620896,8.6,-38.0822140098692));
#4673=CARTESIAN_POINT('',(66.6149185445522,8.6,-38.6423738895373));
#4674=CARTESIAN_POINT('',(42.0106520549815,8.6,-36.706665344401));
#4675=CARTESIAN_POINT('',(12.0141141204892,8.6,-30.8786984554905));
#4676=CARTESIAN_POINT('',(31.0954505061235,8.6,-33.5918691515736));
#4677=CARTESIAN_POINT('',(10.315578164369,8.6,-28.6170672729661));
#4678=CARTESIAN_POINT('Origin',(12.2956617336913,8.6,-28.8986148861681));
#4679=CARTESIAN_POINT('',(12.7157714562332,8.6,-11.7368556229134));
#4680=CARTESIAN_POINT('',(12.2460324970575,8.6,-15.0404616608262));
#4681=CARTESIAN_POINT('',(12.1453971399792,8.6,-11.6557542425623));
#4682=CARTESIAN_POINT('',(5.48674748835362,8.6,-10.708962525909));
#4683=CARTESIAN_POINT('',(10.4468611551764,8.6,-9.39412305595959));
#4684=CARTESIAN_POINT('Origin',(12.4269447244987,8.6,-9.67567066916165));
#4685=CARTESIAN_POINT('',(12.847054383073,8.6,7.48608814421767));
#4686=CARTESIAN_POINT('',(11.0364450338801,8.6,-5.24766506371737));
#4687=CARTESIAN_POINT('',(12.1454137449667,8.6,7.58585424424423));
#4688=CARTESIAN_POINT('',(6.89325920551004,8.6,8.33265673355358));
#4689=CARTESIAN_POINT('',(10.4468777447765,8.6,9.84748543303491));
#4690=CARTESIAN_POINT('Origin',(12.4269613140988,8.6,9.56593781983284));
#4691=CARTESIAN_POINT('',(12.8470709358338,8.6,26.7276963741273));
#4692=CARTESIAN_POINT('',(9.69559120294708,8.6,4.56379604064169));
#4693=CARTESIAN_POINT('',(8.63719780560714,8.6,27.3262971267034));
#4694=CARTESIAN_POINT('',(8.23413763372311,8.6,27.38360814648));
#4695=CARTESIAN_POINT('',(6.93866179897712,8.6,29.5879283164098));
#4696=CARTESIAN_POINT('Origin',(8.91874536829944,8.6,29.3063807032077));
#4697=CARTESIAN_POINT('',(9.05730764931428,8.6,44.4880576045058));
#4698=CARTESIAN_POINT('',(4.84650486219506,8.6,14.8740917192839));
#4699=CARTESIAN_POINT('',(11.3189383596128,8.6,46.1865936277717));
#4700=CARTESIAN_POINT('Origin',(11.0373912186366,8.6,44.2065099913038));
#4701=CARTESIAN_POINT('',(70.6348147597322,8.6,37.7524976596135));
#4702=CARTESIAN_POINT('',(7.82089526491439,8.6,46.6839786948392));
#4703=CARTESIAN_POINT('',(87.6340593274084,8.6,36.4149117893838));
#4704=CARTESIAN_POINT('',(36.9102888026104,8.6,40.406112602375));
#4705=CARTESIAN_POINT('',(89.4713176283236,8.6,34.268130057633));
#4706=CARTESIAN_POINT('Origin',(87.4771742053071,8.6,34.4210745195788));
#4707=CARTESIAN_POINT('',(88.2874524411297,8.6,18.8324814127195));
#4708=CARTESIAN_POINT('',(88.0776371551033,8.6,16.0968362814422));
#4709=CARTESIAN_POINT('',(124.3908820323,8.6,18.8324814127195));
#4710=CARTESIAN_POINT('',(44.1437194003029,8.6,18.8324814127195));
#4711=CARTESIAN_POINT('Origin',(124.390882032301,8.6,16.8324814127195));
#4712=CARTESIAN_POINT('',(124.390882032301,8.6,19.3324814127195));
#4713=CARTESIAN_POINT('Origin',(124.390882032301,8.6,17.3324814127195));
#4714=CARTESIAN_POINT('',(90.3648031682247,8.6,19.3324814127195));
#4715=CARTESIAN_POINT('',(45.1823947638503,8.6,19.3324814127195));
#4716=CARTESIAN_POINT('',(90.3648031682247,8.6,34.916356822457));
#4717=CARTESIAN_POINT('',(90.3648031682247,8.6,19.6718823032583));
#4718=CARTESIAN_POINT('',(88.514622381016,8.6,36.9107374790716));
#4719=CARTESIAN_POINT('Origin',(88.3648031682247,8.6,34.916356822457));
#4720=CARTESIAN_POINT('',(70.6891799426025,8.6,38.2497966726729));
#4721=CARTESIAN_POINT('',(36.8754673119563,8.6,40.789905448334));
#4722=CARTESIAN_POINT('',(9.37421931988377,8.6,46.9681413341056));
#4723=CARTESIAN_POINT('',(7.8737706628891,8.6,47.1814894045538));
#4724=CARTESIAN_POINT('',(3.42541177644762E-7,8.6,46.9681414708389));
#4725=CARTESIAN_POINT('',(-6.32520807989554E-6,8.6,46.968141470839));
#4726=CARTESIAN_POINT('',(-9.37421951053219,8.6,46.9681414708389));
#4727=CARTESIAN_POINT('',(-4.68711657552809,8.6,46.9681414708389));
#4728=CARTESIAN_POINT('',(-70.6891793846868,8.6,38.2497977037528));
#4729=CARTESIAN_POINT('',(-38.5312637919443,8.6,42.8223157898104));
#4730=CARTESIAN_POINT('',(-88.514621815569,8.6,36.9107387721884));
#4731=CARTESIAN_POINT('',(-46.7132919232144,8.6,40.0508821016271));
#4732=CARTESIAN_POINT('',(-90.3648026318679,8.6,34.9163581133885));
#4733=CARTESIAN_POINT('Origin',(-88.3648026318679,8.6,34.9163581133885));
#4734=CARTESIAN_POINT('',(-90.3648026318679,8.6,19.3324827005395));
#4735=CARTESIAN_POINT('',(-90.3648026318679,8.6,10.9522483249271));
#4736=CARTESIAN_POINT('',(-124.390882591205,8.6,19.3324827005395));
#4737=CARTESIAN_POINT('',(-63.1954481158647,8.6,19.3324827005395));
#4738=CARTESIAN_POINT('',(-126.390882591205,8.6,17.3324827005395));
#4739=CARTESIAN_POINT('Origin',(-124.390882591205,8.6,17.3324827005395));
#4740=CARTESIAN_POINT('',(-126.390882591205,8.6,16.8324827005395));
#4741=CARTESIAN_POINT('',(-126.390882591205,8.6,-19.6260406309125));
#4742=CARTESIAN_POINT('',(-124.390882591205,8.6,18.8324827005395));
#4743=CARTESIAN_POINT('Origin',(-124.390882591205,8.6,16.8324827005395));
#4744=CARTESIAN_POINT('',(-88.2874322576102,8.6,18.832482700539));
#4745=CARTESIAN_POINT('',(-63.1954522922147,8.6,18.8324827005386));
#4746=CARTESIAN_POINT('',(-89.4711209125905,8.6,34.2683875901315));
#4747=CARTESIAN_POINT('',(-87.4095497956532,8.6,7.3844468255683));
#4748=CARTESIAN_POINT('',(-87.6338355340641,8.6,36.4151461035397));
#4749=CARTESIAN_POINT('Origin',(-87.4769755572244,8.6,34.4213068553389));
#4750=CARTESIAN_POINT('',(-70.6348140880913,8.6,37.752498707427));
#4751=CARTESIAN_POINT('',(-46.4044753837306,8.6,39.658755880073));
#4752=CARTESIAN_POINT('',(-11.3189335672863,8.6,46.1865943707596));
#4753=CARTESIAN_POINT('',(-38.4688877542847,8.6,42.3261558362945));
#4754=CARTESIAN_POINT('',(-9.05730281484425,8.6,44.4880578419832));
#4755=CARTESIAN_POINT('Origin',(-11.0373864554557,8.6,44.2065107301474));
#4756=CARTESIAN_POINT('',(-6.93866079828016,8.6,29.587928446382));
#4757=CARTESIAN_POINT('',(-6.18737603664412,8.6,24.30424197467));
#4758=CARTESIAN_POINT('',(-8.63719732706088,8.6,27.3262976939341));
#4759=CARTESIAN_POINT('Origin',(-8.91874443889157,8.6,29.3063813345462));
#4760=CARTESIAN_POINT('',(-12.847066095435,8.6,26.7276985395289));
#4761=CARTESIAN_POINT('',(-5.1391694333681,8.6,27.8236805470483));
#4762=CARTESIAN_POINT('',(-10.4468771113531,8.6,9.84748592891535));
#4763=CARTESIAN_POINT('',(-11.0364603906725,8.6,13.99394738365));
#4764=CARTESIAN_POINT('',(-12.1454136412838,8.6,7.58585518613412));
#4765=CARTESIAN_POINT('Origin',(-12.4269607533346,8.6,9.56593882671497));
#4766=CARTESIAN_POINT('',(-12.8470501103668,8.6,7.48608984413987));
#4767=CARTESIAN_POINT('',(-5.55240950755775,8.6,8.52331117816715));
#4768=CARTESIAN_POINT('',(-10.4468608375381,8.6,-9.39412286819475));
#4769=CARTESIAN_POINT('',(-12.3773123828947,8.6,4.18248672896049));
#4770=CARTESIAN_POINT('',(-12.1453973412987,8.6,-11.6557536394288));
#4771=CARTESIAN_POINT('Origin',(-12.4269444750355,8.6,-9.67567000193151));
#4772=CARTESIAN_POINT('',(-12.7157648497873,8.6,-11.7368539193112));
#4773=CARTESIAN_POINT('',(-4.21153319635207,8.6,-10.5276413379253));
#4774=CARTESIAN_POINT('',(-10.3155757678043,8.6,-28.6170670584405));
#4775=CARTESIAN_POINT('',(-13.5868952511287,8.6,-5.61030874126675));
#4776=CARTESIAN_POINT('',(-12.0141122975781,8.6,-30.8786978038683));
#4777=CARTESIAN_POINT('Origin',(-12.2956594094138,8.6,-28.8986141632568));
#4778=CARTESIAN_POINT('',(-66.6149209816885,8.6,-38.6423597389576));
#4779=CARTESIAN_POINT('',(-2.80502260650815,8.6,-29.5692619032936));
#4780=CARTESIAN_POINT('',(-84.8382798343657,8.6,-40.0758401121325));
#4781=CARTESIAN_POINT('',(-31.9012673649772,8.6,-35.9117247587087));
#4782=CARTESIAN_POINT('',(-86.9812031439941,8.6,-38.3175172994602));
#4783=CARTESIAN_POINT('Origin',(-84.9951187479775,8.6,-38.0819992069504));
#4784=CARTESIAN_POINT('',(-124.390882591205,8.6,-38.3175172994602));
#4785=CARTESIAN_POINT('',(-43.490608392259,8.6,-38.3175172994602));
#4786=CARTESIAN_POINT('',(-126.390882591205,8.6,-36.3175172994603));
#4787=CARTESIAN_POINT('Origin',(-124.390882591205,8.6,-36.3175172994602));
#4788=CARTESIAN_POINT('',(-126.390882591205,8.6,-39.8240952111381));
#4789=CARTESIAN_POINT('',(-126.390882591205,8.6,-19.6260406309125));
#4790=CARTESIAN_POINT('',(-124.390882591205,8.6,-41.8240952111381));
#4791=CARTESIAN_POINT('Origin',(-124.390882591205,8.6,-39.8240952111381));
#4792=CARTESIAN_POINT('',(-85.4398556289079,8.6,-41.8240952111452));
#4793=CARTESIAN_POINT('',(-42.71993463472,8.6,-41.8240952111529));
#4794=CARTESIAN_POINT('',(-48.610285370159,8.6,-36.5873176563945));
#4795=CARTESIAN_POINT('',(-2.75214239120328,8.6,-30.0667730212908));
#4796=CARTESIAN_POINT('',(-47.8078756808241,8.6,-42.2305583478106));
#4797=CARTESIAN_POINT('',(-50.3364531941605,8.6,-24.4474087867838));
#4798=CARTESIAN_POINT('',(-45.5462449014301,8.6,-43.9290948407061));
#4799=CARTESIAN_POINT('Origin',(-45.8277920446793,8.6,-41.9490112045613));
#4800=CARTESIAN_POINT('',(-10.8947812688971,8.6,-39.0020198338449));
#4801=CARTESIAN_POINT('',(-21.4950837359453,8.6,-40.5092717613372));
#4802=CARTESIAN_POINT('',(-9.19624477600154,8.6,-36.740389054451));
#4803=CARTESIAN_POINT('Origin',(-11.1763284121463,8.6,-37.0219361977002));
#4804=CARTESIAN_POINT('',(-9.99865413426178,8.6,-31.0971506914385));
#4805=CARTESIAN_POINT('',(-11.1828438730457,8.6,-22.7689016572042));
#4806=CARTESIAN_POINT('',(-2.26793197555253E-7,8.6,-31.0971506930283));
#4807=CARTESIAN_POINT('',(-6.93633537028115E-6,8.6,-31.0971506930283));
#4808=CARTESIAN_POINT('',(9.99865245688524,8.6,-31.0971506930306));
#4809=CARTESIAN_POINT('',(4.99931940817676,8.6,-31.0971506930294));
#4810=CARTESIAN_POINT('',(9.19597527828051,8.6,-36.7403522687188));
#4811=CARTESIAN_POINT('',(11.7253240903259,8.6,-18.9576471223691));
#4812=CARTESIAN_POINT('',(10.8944077416405,8.6,-39.0020611729337));
#4813=CARTESIAN_POINT('Origin',(11.176045962068,8.6,-37.0219904891462));
#4814=CARTESIAN_POINT('',(45.5456447079209,8.6,-43.9307300304138));
#4815=CARTESIAN_POINT('',(2.18826936332523,8.6,-37.7637309760674));
#4816=CARTESIAN_POINT('',(47.8073536121358,8.6,-42.2322975670537));
#4817=CARTESIAN_POINT('Origin',(45.8272829283484,8.6,-41.9506593466264));
#4818=CARTESIAN_POINT('',(48.6100225403538,8.6,-36.5890961182595));
#4819=CARTESIAN_POINT('',(49.7945488498581,8.6,-28.261228486994));
#4820=CARTESIAN_POINT('',(85.4149586513541,8.6,-41.8240994917575));
#4821=CARTESIAN_POINT('',(40.4596007622316,8.6,-35.4298083014469));
#4822=CARTESIAN_POINT('',(63.1960429809894,8.6,-41.8247088167702));
#4823=CARTESIAN_POINT('',(9.93800877508077E-17,8.6,3.21434930696944));
#4824=CARTESIAN_POINT('Origin',(0.,8.6,2.40284930696944));
#4825=CARTESIAN_POINT('',(15.3967026835382,8.6,-34.9422015474977));
#4826=CARTESIAN_POINT('Origin',(15.3967026835382,8.6,-35.7537015474977));
#4827=CARTESIAN_POINT('',(-42.1280560454327,8.6,-38.7428383904273));
#4828=CARTESIAN_POINT('Origin',(-42.1280560454327,8.6,-39.5543383904273));
#4829=CARTESIAN_POINT('',(-15.3969269574786,8.6,-34.941951956563));
#4830=CARTESIAN_POINT('Origin',(-15.3969269574786,8.6,-35.753451956563));
#4831=CARTESIAN_POINT('',(42.1276569146687,8.6,-38.7443175232681));
#4832=CARTESIAN_POINT('Origin',(42.1276569146687,8.6,-39.5558175232681));
#4833=CARTESIAN_POINT('',(-7.48406740744473E-14,8.6,30.2143493069694));
#4834=CARTESIAN_POINT('Origin',(-7.49400541621981E-14,8.6,29.4028493069694));
#4835=CARTESIAN_POINT('Origin',(124.390882032301,0.,18.1781361147833));
#4836=CARTESIAN_POINT('',(125.391343503162,2.6,19.909920410047));
#4837=CARTESIAN_POINT('Origin',(124.390882032301,2.6,18.1781361147833));
#4838=CARTESIAN_POINT('',(125.391343503162,-9.0267925342058,19.909920410047));
#4839=CARTESIAN_POINT('Origin',(124.390882032301,-9.33215283022798,18.1781361147833));
#4840=CARTESIAN_POINT('',(125.391343503162,0.,19.909920410047));
#4841=CARTESIAN_POINT('Origin',(126.390882032301,0.,19.3324814127195));
#4842=CARTESIAN_POINT('',(65.8717979643334,2.6,54.2946946787784));
#4843=CARTESIAN_POINT('',(82.3459961773321,-4.64197466859888,44.7774582535984));
#4844=CARTESIAN_POINT('Origin',(124.390882032301,0.8,17.3324814127195));
#4845=CARTESIAN_POINT('',(124.390882032301,2.6,19.3324814127195));
#4846=CARTESIAN_POINT('Origin',(124.390882032301,2.6,17.3324814127195));
#4847=CARTESIAN_POINT('',(124.390882032301,0.8,19.3324814127195));
#4848=CARTESIAN_POINT('Origin',(88.3648031682247,1.6,34.916356822457));
#4849=CARTESIAN_POINT('',(90.3648031682247,2.6,34.916356822457));
#4850=CARTESIAN_POINT('',(90.3648031682247,1.6,34.916356822457));
#4851=CARTESIAN_POINT('',(88.514622381016,2.6,36.9107374790716));
#4852=CARTESIAN_POINT('Origin',(88.3648031682247,2.6,34.916356822457));
#4853=CARTESIAN_POINT('',(88.514622381016,1.6,36.9107374790716));
#4854=CARTESIAN_POINT('Origin',(90.3648031682247,1.6,36.7717506572019));
#4855=CARTESIAN_POINT('',(90.3648031682247,2.6,19.3324814127195));
#4856=CARTESIAN_POINT('',(90.3648031682247,1.6,19.3324814127195));
#4857=CARTESIAN_POINT('',(90.3648031682247,2.6,19.5468866920809));
#4858=CARTESIAN_POINT('Origin',(-88.3648026318679,1.6,34.9163581133885));
#4859=CARTESIAN_POINT('',(-88.514621815569,2.6,36.9107387721884));
#4860=CARTESIAN_POINT('',(-88.514621815569,1.6,36.9107387721884));
#4861=CARTESIAN_POINT('',(-90.3648026318679,2.6,34.9163581133885));
#4862=CARTESIAN_POINT('Origin',(-88.3648026318679,2.6,34.9163581133885));
#4863=CARTESIAN_POINT('',(-90.3648026318679,1.6,34.9163581133885));
#4864=CARTESIAN_POINT('Origin',(-90.3648026318679,1.6,36.7717519752727));
#4865=CARTESIAN_POINT('',(-70.6891793846868,2.6,38.2497977037528));
#4866=CARTESIAN_POINT('',(-70.6891793846868,1.6,38.2497977037528));
#4867=CARTESIAN_POINT('',(-46.7226289854448,2.6,40.0501806953858));
#4868=CARTESIAN_POINT('Origin',(-124.390882591205,0.,18.1781373852363));
#4869=CARTESIAN_POINT('',(-125.391344039506,2.6,19.9099216935333));
#4870=CARTESIAN_POINT('',(-126.390882591205,2.6,18.1781373852363));
#4871=CARTESIAN_POINT('Origin',(-124.390882591205,2.6,18.1781373852363));
#4872=CARTESIAN_POINT('',(-125.391344039506,-9.02679230789252,19.9099216935333));
#4873=CARTESIAN_POINT('',(-125.391344039506,0.,19.9099216935333));
#4874=CARTESIAN_POINT('',(-126.390882591205,-9.33215260621284,18.1781373852363));
#4875=CARTESIAN_POINT('Origin',(-124.390882591205,-9.33215260621283,18.1781373852363));
#4876=CARTESIAN_POINT('',(-126.390882591205,0.,18.1781373852363));
#4877=CARTESIAN_POINT('Origin',(-1.36405240258597E-5,2.6,2.32202272695984));
#4878=CARTESIAN_POINT('',(-82.6928959629759,2.6,44.5770531591452));
#4879=CARTESIAN_POINT('',(-126.390882591205,2.6,17.3324827005395));
#4880=CARTESIAN_POINT('',(-126.390882591205,2.6,10.8272527137488));
#4881=CARTESIAN_POINT('',(-124.390882591205,2.6,19.3324827005395));
#4882=CARTESIAN_POINT('Origin',(-124.390882591205,2.6,17.3324827005395));
#4883=CARTESIAN_POINT('',(-90.3648026318679,2.6,19.3324827005395));
#4884=CARTESIAN_POINT('',(-63.1954481158647,2.6,19.3324827005395));
#4885=CARTESIAN_POINT('',(-90.3648026318679,2.6,10.8272527137497));
#4886=CARTESIAN_POINT('',(-9.3742195105322,2.6,46.9681414708389));
#4887=CARTESIAN_POINT('',(-38.5486846437121,2.6,42.8198387275284));
#4888=CARTESIAN_POINT('',(-3.5,2.6,46.9681414708389));
#4889=CARTESIAN_POINT('',(-4.68711657552809,2.6,46.9681414708389));
#4890=CARTESIAN_POINT('',(3.50000020191225,2.6,46.9681412032702));
#4891=CARTESIAN_POINT('Origin',(-1.47912262098622E-8,2.6,43.9400165031947));
#4892=CARTESIAN_POINT('',(9.37421931988377,2.6,46.9681413341056));
#4893=CARTESIAN_POINT('',(-6.32338488495906E-6,2.6,46.968141470839));
#4894=CARTESIAN_POINT('',(70.6891799426025,2.6,38.2497966726728));
#4895=CARTESIAN_POINT('',(7.89119151616885,2.6,47.1790123418329));
#4896=CARTESIAN_POINT('',(36.8848043759894,2.6,40.7892040418203));
#4897=CARTESIAN_POINT('',(45.1823947638503,2.6,19.3324814127195));
#4898=CARTESIAN_POINT('Origin',(-126.390882591205,0.,19.3324827005395));
#4899=CARTESIAN_POINT('',(-126.390882591205,0.8,-39.8240952111381));
#4900=CARTESIAN_POINT('',(-126.390882591205,15.6,-36.3175172994603));
#4901=CARTESIAN_POINT('',(-126.390882591205,4.3,-36.3175172994603));
#4902=CARTESIAN_POINT('',(-126.390882591205,15.6,16.8324827005395));
#4903=CARTESIAN_POINT('',(-126.390882591205,15.6,-17.997747246116));
#4904=CARTESIAN_POINT('',(-126.390882591205,4.3,16.8324827005395));
#4905=CARTESIAN_POINT('',(-126.390882591205,0.8,17.3324827005395));
#4906=CARTESIAN_POINT('',(-126.390882591205,-14.,-8.29454067589877));
#4907=CARTESIAN_POINT('',(-126.390882591205,-10.3108444497761,12.6277001258277));
#4908=CARTESIAN_POINT('',(-126.390882591205,-14.,10.8272527538839));
#4909=CARTESIAN_POINT('Origin',(-124.390882591205,0.8,17.3324827005395));
#4910=CARTESIAN_POINT('',(-124.390882591205,0.8,19.3324827005395));
#4911=CARTESIAN_POINT('Origin',(-124.390882591205,0.8,-39.8240952111381));
#4912=CARTESIAN_POINT('',(-124.390882591205,0.8,-41.8240952111381));
#4913=CARTESIAN_POINT('Origin',(-45.8277920446793,-1.4,-41.9490112045613));
#4914=CARTESIAN_POINT('',(-47.8078756808241,-1.4,-42.2305583478106));
#4915=CARTESIAN_POINT('',(-45.5462449014301,-1.4,-43.9290948407061));
#4916=CARTESIAN_POINT('Origin',(-47.5263285375748,-1.4,-44.2106419839553));
#4917=CARTESIAN_POINT('',(-48.6102853076416,0.1,-36.587318096071));
#4918=CARTESIAN_POINT('Origin',(-11.1763284121463,-1.4,-37.0219361977002));
#4919=CARTESIAN_POINT('',(-10.8947812688971,-1.4,-39.0020198338449));
#4920=CARTESIAN_POINT('',(-9.19624477600154,-1.4,-36.740389054451));
#4921=CARTESIAN_POINT('Origin',(-9.99865413426178,-1.4,-31.0971506914385));
#4922=CARTESIAN_POINT('',(-9.99865413426178,1.6,-31.0971506914385));
#4923=CARTESIAN_POINT('Origin',(11.176045962068,-1.4,-37.0219904891462));
#4924=CARTESIAN_POINT('',(9.19597527828051,-1.4,-36.7403522687188));
#4925=CARTESIAN_POINT('',(10.8944077416405,-1.4,-39.0020611729337));
#4926=CARTESIAN_POINT('Origin',(47.5257153917082,-1.4,-44.2123682508412));
#4927=CARTESIAN_POINT('',(45.5456447079209,-1.4,-43.9307300304138));
#4928=CARTESIAN_POINT('Origin',(45.8272829283484,-1.4,-41.9506593466264));
#4929=CARTESIAN_POINT('',(47.8073536121358,-1.4,-42.2322975670537));
#4930=CARTESIAN_POINT('Origin',(48.6100225403538,-1.4,-36.5890961182595));
#4931=CARTESIAN_POINT('',(48.6100226288255,0.1,-36.589095496255));
#4932=CARTESIAN_POINT('Origin',(-11.0373864554557,8.6,44.2065107301474));
#4933=CARTESIAN_POINT('',(-11.3189335672863,15.6,46.1865943707596));
#4934=CARTESIAN_POINT('',(-11.3189335672863,8.6,46.1865943707596));
#4935=CARTESIAN_POINT('',(-9.05730281484425,15.6,44.4880578419832));
#4936=CARTESIAN_POINT('Origin',(-11.0373864554557,15.6,44.2065107301474));
#4937=CARTESIAN_POINT('',(-9.05730281484425,8.6,44.4880578419832));
#4938=CARTESIAN_POINT('Origin',(-70.6348140880912,8.6,37.752498707427));
#4939=CARTESIAN_POINT('',(-70.6348140880913,15.6,37.752498707427));
#4940=CARTESIAN_POINT('',(-70.6348140880913,8.6,37.752498707427));
#4941=CARTESIAN_POINT('',(-38.4863020523107,15.6,42.3236797058861));
#4942=CARTESIAN_POINT('Origin',(-8.91874443889157,8.6,29.3063813345462));
#4943=CARTESIAN_POINT('',(-6.93866079828015,15.6,29.587928446382));
#4944=CARTESIAN_POINT('',(-6.93866079828016,8.6,29.587928446382));
#4945=CARTESIAN_POINT('',(-8.63719732706087,15.6,27.3262976939341));
#4946=CARTESIAN_POINT('Origin',(-8.91874443889157,15.6,29.3063813345462));
#4947=CARTESIAN_POINT('',(-8.63719732706088,8.6,27.3262976939341));
#4948=CARTESIAN_POINT('Origin',(-9.33884992667928,8.6,46.4681414825894));
#4949=CARTESIAN_POINT('',(-6.16995505808208,15.6,24.1817225340363));
#4950=CARTESIAN_POINT('Origin',(-12.4269607533346,8.6,9.56593882671497));
#4951=CARTESIAN_POINT('',(-10.4468771113531,15.6,9.84748592891535));
#4952=CARTESIAN_POINT('',(-10.4468771113531,8.6,9.84748592891535));
#4953=CARTESIAN_POINT('',(-12.1454136412838,15.6,7.58585518613412));
#4954=CARTESIAN_POINT('Origin',(-12.4269607533346,15.6,9.56593882671497));
#4955=CARTESIAN_POINT('',(-12.1454136412838,8.6,7.58585518613412));
#4956=CARTESIAN_POINT('Origin',(-12.847066095435,8.6,26.7276985395289));
#4957=CARTESIAN_POINT('',(-12.847066095435,15.6,26.7276985395289));
#4958=CARTESIAN_POINT('',(-12.847066095435,8.6,26.7276985395289));
#4959=CARTESIAN_POINT('',(-11.0190394126946,15.6,13.8714279428468));
#4960=CARTESIAN_POINT('Origin',(-12.4269444750355,8.6,-9.67567000193151));
#4961=CARTESIAN_POINT('',(-10.4468608375381,15.6,-9.39412286819475));
#4962=CARTESIAN_POINT('',(-10.4468608375381,8.6,-9.39412286819476));
#4963=CARTESIAN_POINT('',(-12.1453973412987,15.6,-11.6557536394288));
#4964=CARTESIAN_POINT('Origin',(-12.4269444750355,15.6,-9.67567000193151));
#4965=CARTESIAN_POINT('',(-12.1453973412987,8.6,-11.6557536394288));
#4966=CARTESIAN_POINT('Origin',(-12.8470501103667,8.6,7.48608984413987));
#4967=CARTESIAN_POINT('',(-12.8470501103668,15.6,7.48608984413987));
#4968=CARTESIAN_POINT('',(-12.8470501103668,8.6,7.48608984413987));
#4969=CARTESIAN_POINT('',(-12.3598914030049,15.6,4.05996728871212));
#4970=CARTESIAN_POINT('Origin',(-12.2956594094138,8.6,-28.8986141632568));
#4971=CARTESIAN_POINT('',(-10.3155757678043,15.6,-28.6170670584405));
#4972=CARTESIAN_POINT('',(-10.3155757678043,8.6,-28.6170670584405));
#4973=CARTESIAN_POINT('',(-12.0141122975781,15.6,-30.8786978038682));
#4974=CARTESIAN_POINT('Origin',(-12.2956594094138,15.6,-28.8986141632568));
#4975=CARTESIAN_POINT('',(-12.0141122975781,8.6,-30.8786978038682));
#4976=CARTESIAN_POINT('Origin',(-12.7157648497873,8.6,-11.7368539193112));
#4977=CARTESIAN_POINT('',(-12.7157648497873,15.6,-11.7368539193112));
#4978=CARTESIAN_POINT('',(-12.7157648497873,8.6,-11.7368539193112));
#4979=CARTESIAN_POINT('',(-13.5694742729922,15.6,-5.73282818202391));
#4980=CARTESIAN_POINT('Origin',(12.2956617336913,8.6,-28.8986148861681));
#4981=CARTESIAN_POINT('',(12.0141141204892,15.6,-30.8786984554905));
#4982=CARTESIAN_POINT('',(12.0141141204892,8.6,-30.8786984554905));
#4983=CARTESIAN_POINT('',(10.315578164369,15.6,-28.6170672729661));
#4984=CARTESIAN_POINT('Origin',(12.2956617336913,15.6,-28.8986148861681));
#4985=CARTESIAN_POINT('',(10.315578164369,8.6,-28.6170672729661));
#4986=CARTESIAN_POINT('Origin',(66.6149185445522,8.6,-38.6423738895373));
#4987=CARTESIAN_POINT('',(66.6149185445522,15.6,-38.6423738895373));
#4988=CARTESIAN_POINT('',(66.6149185445522,8.6,-38.6423738895373));
#4989=CARTESIAN_POINT('',(31.1128779308369,15.6,-33.5943471529611));
#4990=CARTESIAN_POINT('Origin',(12.4269447244987,8.6,-9.67567066916165));
#4991=CARTESIAN_POINT('',(12.1453971399792,15.6,-11.6557542425623));
#4992=CARTESIAN_POINT('',(12.1453971399792,8.6,-11.6557542425623));
#4993=CARTESIAN_POINT('',(10.4468611551764,15.6,-9.39412305595959));
#4994=CARTESIAN_POINT('Origin',(12.4269447244987,15.6,-9.67567066916165));
#4995=CARTESIAN_POINT('',(10.4468611551764,8.6,-9.39412305595959));
#4996=CARTESIAN_POINT('Origin',(12.7157714562332,8.6,-11.7368556229134));
#4997=CARTESIAN_POINT('',(12.7157714562332,15.6,-11.7368556229134));
#4998=CARTESIAN_POINT('',(12.7157714562332,8.6,-11.7368556229134));
#4999=CARTESIAN_POINT('',(5.50417491132817,15.6,-10.7114405267918));
#5000=CARTESIAN_POINT('Origin',(12.4269613140988,8.6,9.56593781983284));
#5001=CARTESIAN_POINT('',(12.1454137449667,15.6,7.58585424424423));
#5002=CARTESIAN_POINT('',(12.1454137449667,8.6,7.58585424424423));
#5003=CARTESIAN_POINT('',(10.4468777447765,15.6,9.84748543303491));
#5004=CARTESIAN_POINT('Origin',(12.4269613140988,15.6,9.56593781983284));
#5005=CARTESIAN_POINT('',(10.4468777447765,8.6,9.84748543303491));
#5006=CARTESIAN_POINT('Origin',(12.847054383073,8.6,7.48608814421767));
#5007=CARTESIAN_POINT('',(12.847054383073,15.6,7.48608814421767));
#5008=CARTESIAN_POINT('',(12.847054383073,8.6,7.48608814421767));
#5009=CARTESIAN_POINT('',(6.91068662755176,15.6,8.3301787329416));
#5010=CARTESIAN_POINT('Origin',(8.91874536829944,8.6,29.3063807032077));
#5011=CARTESIAN_POINT('',(8.63719780560714,15.6,27.3262971267034));
#5012=CARTESIAN_POINT('',(8.63719780560714,8.6,27.3262971267034));
#5013=CARTESIAN_POINT('',(6.93866179897712,15.6,29.5879283164098));
#5014=CARTESIAN_POINT('Origin',(8.91874536829944,15.6,29.3063807032077));
#5015=CARTESIAN_POINT('',(6.93866179897712,8.6,29.5879283164098));
#5016=CARTESIAN_POINT('Origin',(12.8470709358338,8.6,26.7276963741273));
#5017=CARTESIAN_POINT('',(12.8470709358338,15.6,26.7276963741273));
#5018=CARTESIAN_POINT('',(12.8470709358338,8.6,26.7276963741273));
#5019=CARTESIAN_POINT('',(8.25156505537442,15.6,27.3811301459814));
#5020=CARTESIAN_POINT('Origin',(11.0373912186366,8.6,44.2065099913038));
#5021=CARTESIAN_POINT('',(9.05730764931428,15.6,44.4880576045058));
#5022=CARTESIAN_POINT('',(9.05730764931428,8.6,44.4880576045058));
#5023=CARTESIAN_POINT('',(11.3189383596128,15.6,46.1865936277717));
#5024=CARTESIAN_POINT('Origin',(11.0373912186366,15.6,44.2065099913038));
#5025=CARTESIAN_POINT('',(11.3189383596128,8.6,46.1865936277717));
#5026=CARTESIAN_POINT('Origin',(6.65711417859309,8.6,27.6078446965777));
#5027=CARTESIAN_POINT('',(4.82908411801739,15.6,14.7515741496293));
#5028=CARTESIAN_POINT('Origin',(-87.4769755572244,8.6,34.4213068553389));
#5029=CARTESIAN_POINT('',(-89.4711209125905,15.6,34.2683875901315));
#5030=CARTESIAN_POINT('',(-89.4711209125905,8.6,34.2683875901315));
#5031=CARTESIAN_POINT('',(-87.6338355340641,15.6,36.4151461035397));
#5032=CARTESIAN_POINT('Origin',(-87.4769755572244,15.6,34.4213068553389));
#5033=CARTESIAN_POINT('',(-87.6338355340641,8.6,36.4151461035397));
#5034=CARTESIAN_POINT('Origin',(-88.2874322576102,8.6,18.832482700539));
#5035=CARTESIAN_POINT('',(-88.2874322576102,15.6,18.832482700539));
#5036=CARTESIAN_POINT('',(-88.2874322576102,8.6,18.832482700539));
#5037=CARTESIAN_POINT('',(-87.4000206179166,15.6,7.26018147876526));
#5038=CARTESIAN_POINT('Origin',(-124.390882591205,4.3,16.8324827005395));
#5039=CARTESIAN_POINT('',(-124.390882591205,15.6,18.8324827005395));
#5040=CARTESIAN_POINT('Origin',(-124.390882591205,15.6,16.8324827005395));
#5041=CARTESIAN_POINT('',(-124.390882591205,4.3,18.8324827005395));
#5042=CARTESIAN_POINT('Origin',(-124.390882591205,4.3,-36.3175172994602));
#5043=CARTESIAN_POINT('',(-124.390882591205,15.6,-38.3175172994602));
#5044=CARTESIAN_POINT('',(-124.390882591205,4.3,-38.3175172994602));
#5045=CARTESIAN_POINT('Origin',(-124.390882591205,15.6,-36.3175172994602));
#5046=CARTESIAN_POINT('Origin',(-86.9812031439941,8.6,-38.3175172994602));
#5047=CARTESIAN_POINT('',(-86.9812031439941,15.6,-38.3175172994602));
#5048=CARTESIAN_POINT('',(-86.9812031439941,8.6,-38.3175172994602));
#5049=CARTESIAN_POINT('',(-43.4906017117233,15.6,-38.3175172994602));
#5050=CARTESIAN_POINT('Origin',(-84.9951187479775,8.6,-38.0819992069504));
#5051=CARTESIAN_POINT('',(-84.8382798343657,15.6,-40.0758401121325));
#5052=CARTESIAN_POINT('',(-84.8382798343657,8.6,-40.0758401121325));
#5053=CARTESIAN_POINT('Origin',(-84.9951187479775,15.6,-38.0819992069504));
#5054=CARTESIAN_POINT('Origin',(84.9948882620896,8.6,-38.0822140098692));
#5055=CARTESIAN_POINT('',(86.9809979149914,15.6,-38.3175190175722));
#5056=CARTESIAN_POINT('',(84.8380255789501,15.6,-40.0760530451572));
#5057=CARTESIAN_POINT('Origin',(84.9948882620896,15.6,-38.0822140098692));
#5058=CARTESIAN_POINT('',(84.8380255789501,8.6,-40.0760530451572));
#5059=CARTESIAN_POINT('',(86.9809979149914,8.6,-38.3175190175722));
#5060=CARTESIAN_POINT('Origin',(124.390882032301,4.3,-36.3175188232833));
#5061=CARTESIAN_POINT('',(124.390882042688,15.6,-38.3175188232833));
#5062=CARTESIAN_POINT('Origin',(124.390882032301,15.6,-36.3175188232833));
#5063=CARTESIAN_POINT('',(124.390882042688,4.3,-38.3175188232833));
#5064=CARTESIAN_POINT('Origin',(124.390882032301,4.3,16.8324814127195));
#5065=CARTESIAN_POINT('',(124.390882032301,15.6,18.8324814127195));
#5066=CARTESIAN_POINT('',(124.390882032301,4.3,18.8324814127195));
#5067=CARTESIAN_POINT('Origin',(124.390882032301,15.6,16.8324814127195));
#5068=CARTESIAN_POINT('Origin',(88.2874524411297,8.6,18.8324814127195));
#5069=CARTESIAN_POINT('',(88.2874524411297,15.6,18.8324814127195));
#5070=CARTESIAN_POINT('',(88.2874524411297,8.6,18.8324814127195));
#5071=CARTESIAN_POINT('',(44.1437260808386,15.6,18.8324814127195));
#5072=CARTESIAN_POINT('Origin',(87.4771742053071,8.6,34.4210745195788));
#5073=CARTESIAN_POINT('',(87.6340593274084,15.6,36.4149117893838));
#5074=CARTESIAN_POINT('',(87.6340593274084,8.6,36.4149117893838));
#5075=CARTESIAN_POINT('',(89.4713176283236,15.6,34.268130057633));
#5076=CARTESIAN_POINT('Origin',(87.4771742053071,15.6,34.4210745195788));
#5077=CARTESIAN_POINT('',(89.4713176283236,8.6,34.268130057633));
#5078=CARTESIAN_POINT('Origin',(70.6348147597322,8.6,37.7524976596135));
#5079=CARTESIAN_POINT('',(70.6348147597322,15.6,37.7524976596135));
#5080=CARTESIAN_POINT('',(70.6348147597322,8.6,37.7524976596135));
#5081=CARTESIAN_POINT('',(36.9200702020511,15.6,40.4053429527809));
#5082=CARTESIAN_POINT('Origin',(93.8349260545053,-4.90308184850739,40.4499957029586));
#5083=CARTESIAN_POINT('',(93.2365046654048,-5.44472537921295,40.2248327428077));
#5084=CARTESIAN_POINT('',(92.9060800715134,-4.84952665792696,40.7640116190228));
#5085=CARTESIAN_POINT('',(93.2365046654048,-5.44472537921295,40.2248327428077));
#5086=CARTESIAN_POINT('',(93.8349260545053,-4.90308184850739,40.4499957029586));
#5087=CARTESIAN_POINT('',(93.8349260545053,-4.90308184850739,40.4499957029586));
#5088=CARTESIAN_POINT('',(92.9060800715134,-4.84952665792696,40.7640116190228));
#5089=CARTESIAN_POINT('Origin',(131.390882032301,-8.81111382060779,18.2537099357821));
#5090=CARTESIAN_POINT('',(130.8908820323,-9.28039164406834,18.4716883888123));
#5091=CARTESIAN_POINT('',(130.957935958485,-8.68462032280364,19.0038253034974));
#5092=CARTESIAN_POINT('',(130.8908820323,-9.28039164406834,18.4716883888123));
#5093=CARTESIAN_POINT('',(131.390882032301,-8.81111382060779,18.2537099357821));
#5094=CARTESIAN_POINT('',(131.390882032301,-8.81111382060779,18.2537099357821));
#5095=CARTESIAN_POINT('',(130.957935958485,-8.68462032280364,19.0038253034974));
#5096=CARTESIAN_POINT('Origin',(10.332628559968,-2.97336712042124,51.4042410947813));
#5097=CARTESIAN_POINT('',(9.80415607806799,-3.54905075651963,50.975737766399));
#5098=CARTESIAN_POINT('',(9.33672865079199,-2.96222666825568,51.4681416396751));
#5099=CARTESIAN_POINT('',(9.80415607806799,-3.54905075651963,50.975737766399));
#5100=CARTESIAN_POINT('',(10.332628559968,-2.97336712042124,51.4042410947813));
#5101=CARTESIAN_POINT('',(10.332628559968,-2.97336712042124,51.4042410947813));
#5102=CARTESIAN_POINT('',(9.33672865079199,-2.96222666825568,51.4681416396751));
#5103=CARTESIAN_POINT('Origin',(7.99445531669194,-3.2140868112507,51.4572322939932));
#5104=CARTESIAN_POINT('',(8.03247632077919,-2.92110513448904,51.7006335454557));
#5105=CARTESIAN_POINT('',(7.95643431260468,-3.50706848801235,51.2138310425306));
#5106=CARTESIAN_POINT('Origin',(93.8349260545053,15.1,40.4499957029586));
#5107=CARTESIAN_POINT('',(92.9060800715134,15.1,40.7640116190228));
#5108=CARTESIAN_POINT('',(93.2386615377682,15.6,40.2170219280687));
#5109=CARTESIAN_POINT('',(92.9060800715134,15.1,40.7640116190228));
#5110=CARTESIAN_POINT('',(93.8349260545053,15.1,40.4499957029586));
#5111=CARTESIAN_POINT('',(93.8349260545053,15.1,40.4499957029586));
#5112=CARTESIAN_POINT('',(93.2386615377682,15.6,40.2170219280687));
#5113=CARTESIAN_POINT('Origin',(93.3705030630094,1.6,40.6070036609907));
#5114=CARTESIAN_POINT('',(92.9060800715134,1.6,40.7640116190228));
#5115=CARTESIAN_POINT('',(93.8349260545053,1.6,40.4499957029586));
#5116=CARTESIAN_POINT('Origin',(130.890882032301,-14.,-46.3240960286698));
#5117=CARTESIAN_POINT('',(131.390882032301,-13.5,-46.3240960286698));
#5118=CARTESIAN_POINT('',(130.8908820323,-13.5,-46.8240960286698));
#5119=CARTESIAN_POINT('',(131.390882032301,-13.5,-46.3240960286698));
#5120=CARTESIAN_POINT('',(130.890882032301,-14.,-46.3240960286698));
#5121=CARTESIAN_POINT('',(130.890882032301,-14.,-46.3240960286698));
#5122=CARTESIAN_POINT('',(130.8908820323,-13.5,-46.8240960286698));
#5123=CARTESIAN_POINT('Origin',(131.140882032301,-13.75,10.5378663715061));
#5124=CARTESIAN_POINT('',(130.890882032301,-14.,-8.29454067589877));
#5125=CARTESIAN_POINT('',(130.890882032301,-14.,10.5378663715061));
#5126=CARTESIAN_POINT('',(131.390882032301,-13.5,-8.33828500766173));
#5127=CARTESIAN_POINT('',(131.390882032301,-13.5,10.5378663715061));
#5128=CARTESIAN_POINT('',(131.390882032301,-13.5,-8.33828500766172));
#5129=CARTESIAN_POINT('Origin',(131.390882032301,15.1,18.2537099357821));
#5130=CARTESIAN_POINT('',(130.957935958485,15.1,19.0038253034974));
#5131=CARTESIAN_POINT('',(130.890882032301,15.6,18.465123611298));
#5132=CARTESIAN_POINT('',(130.957935958485,15.1,19.0038253034974));
#5133=CARTESIAN_POINT('',(131.390882032301,15.1,18.2537099357821));
#5134=CARTESIAN_POINT('',(131.390882032301,15.1,18.2537099357821));
#5135=CARTESIAN_POINT('',(130.890882032301,15.6,18.465123611298));
#5136=CARTESIAN_POINT('Origin',(131.174408995393,1.6,18.6287676196397));
#5137=CARTESIAN_POINT('',(130.957935958485,1.6,19.0038253034974));
#5138=CARTESIAN_POINT('',(131.390882032301,1.6,18.2537099357821));
#5139=CARTESIAN_POINT('Origin',(-4.91836515766684,-3.25563873004104,51.2219396029197));
#5140=CARTESIAN_POINT('',(-9.80415694592826,-3.54905078041069,50.975737630906));
#5141=CARTESIAN_POINT('',(-4.91836515560809,-3.54905077445777,50.9757376646667));
#5142=CARTESIAN_POINT('',(-9.83575136150929,-2.96222669161572,51.4681415071938));
#5143=CARTESIAN_POINT('',(-4.91836515972559,-2.96222668562431,51.4681415411728));
#5144=CARTESIAN_POINT('',(-9.83575136150929,-2.96222669161572,51.4681415071938));
#5145=CARTESIAN_POINT('Origin',(10.332628559968,15.1,51.4042410947813));
#5146=CARTESIAN_POINT('',(9.33672865079199,15.1,51.4681416396751));
#5147=CARTESIAN_POINT('',(9.80464683999267,15.6,50.9681416429085));
#5148=CARTESIAN_POINT('',(9.33672865079199,15.1,51.4681416396751));
#5149=CARTESIAN_POINT('',(10.332628559968,15.1,51.4042410947813));
#5150=CARTESIAN_POINT('',(10.332628559968,15.1,51.4042410947813));
#5151=CARTESIAN_POINT('',(9.80464683999267,15.6,50.9681416429085));
#5152=CARTESIAN_POINT('Origin',(9.83467860537997,1.6,51.4361913672282));
#5153=CARTESIAN_POINT('',(9.33672865079199,1.6,51.4681416396751));
#5154=CARTESIAN_POINT('',(10.332628559968,1.6,51.4042410947813));
#5155=CARTESIAN_POINT('Origin',(8.08145771810587,15.35,51.4422549174762));
#5156=CARTESIAN_POINT('',(8.04950744393148,15.6,51.1943049628882));
#5157=CARTESIAN_POINT('',(8.11340799228027,15.1,51.6902048720641));
#5158=CARTESIAN_POINT('Origin',(-130.890882591203,-14.,-46.3240960286698));
#5159=CARTESIAN_POINT('',(-130.890882591203,-13.5,-46.8240960286698));
#5160=CARTESIAN_POINT('',(-131.390882591203,-13.5,-46.3240960286698));
#5161=CARTESIAN_POINT('',(-130.890882591203,-13.5,-46.8240960286698));
#5162=CARTESIAN_POINT('',(-130.890882591203,-14.,-46.3240960286698));
#5163=CARTESIAN_POINT('',(-130.890882591203,-14.,-46.3240960286698));
#5164=CARTESIAN_POINT('',(-131.390882591203,-13.5,-46.3240960286698));
#5165=CARTESIAN_POINT('Origin',(65.695440876424,-13.75,-46.5740960286698));
#5166=CARTESIAN_POINT('',(65.695440876424,-13.5,-46.8240960286698));
#5167=CARTESIAN_POINT('',(65.695440876424,-14.,-46.3240960286698));
#5168=CARTESIAN_POINT('Origin',(130.8908820323,15.1,-46.8240960286698));
#5169=CARTESIAN_POINT('',(131.390882032301,15.1,-46.3240960286698));
#5170=CARTESIAN_POINT('',(130.890882032301,15.6,-46.3240960286698));
#5171=CARTESIAN_POINT('',(131.390882032301,15.1,-46.3240960286698));
#5172=CARTESIAN_POINT('',(130.8908820323,15.1,-46.8240960286698));
#5173=CARTESIAN_POINT('',(130.8908820323,15.1,-46.8240960286698));
#5174=CARTESIAN_POINT('',(130.890882032301,15.6,-46.3240960286698));
#5175=CARTESIAN_POINT('Origin',(131.140882032301,1.6,-46.5740960286698));
#5176=CARTESIAN_POINT('',(131.390882032301,1.6,-46.3240960286698));
#5177=CARTESIAN_POINT('',(130.8908820323,1.6,-46.8240960286698));
#5178=CARTESIAN_POINT('Origin',(-92.9060794777243,-4.84952641904287,40.7640129739741));
#5179=CARTESIAN_POINT('',(-93.2365040795039,-5.44472513938472,40.2248341029412));
#5180=CARTESIAN_POINT('',(-93.8349254649602,-4.90308160733703,40.4499970711993));
#5181=CARTESIAN_POINT('',(-93.2365040795039,-5.44472513938472,40.2248341029411));
#5182=CARTESIAN_POINT('',(-92.9060794777243,-4.84952641904287,40.7640129739741));
#5183=CARTESIAN_POINT('',(-92.9060794777243,-4.84952641904287,40.7640129739741));
#5184=CARTESIAN_POINT('',(-93.8349254649602,-4.90308160733703,40.4499970711993));
#5185=CARTESIAN_POINT('Origin',(-49.755873459554,-4.16295200636986,46.075950363732));
#5186=CARTESIAN_POINT('',(-9.8367297093243,-2.96209975793739,51.468141507187));
#5187=CARTESIAN_POINT('',(-49.7938944591033,-3.86997032950485,46.3193516158669));
#5188=CARTESIAN_POINT('',(-49.7178524600046,-4.45593368323487,45.8325491115971));
#5189=CARTESIAN_POINT('',(-29.6802177284823,-0.386958479194636,51.468141370069));
#5190=CARTESIAN_POINT('Origin',(-4.9183651624602,15.35,51.2181415411728));
#5191=CARTESIAN_POINT('',(-9.8367297093243,15.1,51.468141507187));
#5192=CARTESIAN_POINT('',(-4.91836516418769,15.1,51.4681415411728));
#5193=CARTESIAN_POINT('',(-9.80464770784731,15.6,50.9681415074087));
#5194=CARTESIAN_POINT('',(-4.9183651607327,15.6,50.9681415411728));
#5195=CARTESIAN_POINT('',(-9.80464770784731,15.6,50.9681415074087));
#5196=CARTESIAN_POINT('Origin',(-130.957936514131,-8.68462008455476,19.0038266551695));
#5197=CARTESIAN_POINT('',(-130.890882591206,-9.28039140549433,18.4716897418328));
#5198=CARTESIAN_POINT('',(-131.390882591206,-8.81111358127703,18.2537112930943));
#5199=CARTESIAN_POINT('',(-130.890882591206,-9.28039140549433,18.4716897418328));
#5200=CARTESIAN_POINT('',(-130.957936514131,-8.68462008455476,19.0038266551695));
#5201=CARTESIAN_POINT('',(-130.957936514131,-8.68462008455476,19.0038266551695));
#5202=CARTESIAN_POINT('',(-131.390882591206,-8.81111358127703,18.2537112930943));
#5203=CARTESIAN_POINT('Origin',(-85.1858265232027,-4.32334134183953,45.1611925728943));
#5204=CARTESIAN_POINT('',(-85.3313422880622,-4.03686342974718,45.362564473587));
#5205=CARTESIAN_POINT('',(-85.0403107583433,-4.60981925393188,44.9598206722016));
#5206=CARTESIAN_POINT('Origin',(-131.390882591203,15.1,-46.3240960286698));
#5207=CARTESIAN_POINT('',(-130.890882591203,15.1,-46.8240960286698));
#5208=CARTESIAN_POINT('',(-130.890882591203,15.6,-46.3240960286698));
#5209=CARTESIAN_POINT('',(-130.890882591203,15.1,-46.8240960286698));
#5210=CARTESIAN_POINT('',(-131.390882591203,15.1,-46.3240960286698));
#5211=CARTESIAN_POINT('',(-131.390882591203,15.1,-46.3240960286698));
#5212=CARTESIAN_POINT('',(-130.890882591203,15.6,-46.3240960286698));
#5213=CARTESIAN_POINT('Origin',(-131.140882591203,1.6,-46.5740960286698));
#5214=CARTESIAN_POINT('',(-131.390882591203,1.6,-46.3240960286698));
#5215=CARTESIAN_POINT('',(-130.890882591203,1.6,-46.8240960286698));
#5216=CARTESIAN_POINT('Origin',(-92.9060794777243,15.1,40.7640129739741));
#5217=CARTESIAN_POINT('',(-93.8349254649602,15.1,40.4499970711993));
#5218=CARTESIAN_POINT('',(-93.2386609517979,15.6,40.2170232882297));
#5219=CARTESIAN_POINT('',(-93.8349254649602,15.1,40.4499970711993));
#5220=CARTESIAN_POINT('',(-92.9060794777243,15.1,40.7640129739741));
#5221=CARTESIAN_POINT('',(-92.9060794777243,15.1,40.7640129739741));
#5222=CARTESIAN_POINT('',(-93.2386609517979,15.6,40.2170232882297));
#5223=CARTESIAN_POINT('Origin',(-93.3705024713422,1.6,40.6070050225867));
#5224=CARTESIAN_POINT('',(-93.8349254649602,1.6,40.4499970711993));
#5225=CARTESIAN_POINT('',(-92.9060794777243,1.6,40.7640129739741));
#5226=CARTESIAN_POINT('Origin',(-49.8640829779482,15.35,46.058240287448));
#5227=CARTESIAN_POINT('',(-49.8321327075984,15.6,45.8102903323672));
#5228=CARTESIAN_POINT('',(-49.896033248298,15.1,46.3061902425288));
#5229=CARTESIAN_POINT('Origin',(-130.957936514131,15.1,19.0038266551695));
#5230=CARTESIAN_POINT('',(-131.390882591206,15.1,18.2537112930943));
#5231=CARTESIAN_POINT('',(-130.890882591206,15.6,18.4651249642685));
#5232=CARTESIAN_POINT('',(-131.390882591206,15.1,18.2537112930943));
#5233=CARTESIAN_POINT('',(-130.957936514131,15.1,19.0038266551695));
#5234=CARTESIAN_POINT('',(-130.957936514131,15.1,19.0038266551695));
#5235=CARTESIAN_POINT('',(-130.890882591206,15.6,18.4651249642685));
#5236=CARTESIAN_POINT('Origin',(-131.174409552669,1.6,18.6287689741319));
#5237=CARTESIAN_POINT('',(-131.390882591206,1.6,18.2537112930943));
#5238=CARTESIAN_POINT('',(-130.957936514131,1.6,19.0038266551695));
#5239=CARTESIAN_POINT('Origin',(-85.5680639798444,15.35,44.9370894747234));
#5240=CARTESIAN_POINT('',(-85.4430062988068,15.6,44.7206164361862));
#5241=CARTESIAN_POINT('',(-85.693121660882,15.1,45.1535625132605));
#5242=CARTESIAN_POINT('Origin',(-131.140882591204,15.35,-22.2510366107227));
#5243=CARTESIAN_POINT('',(-130.890882591204,15.6,-22.2510366107227));
#5244=CARTESIAN_POINT('',(-131.390882591204,15.1,-22.2510366107227));
#5245=CARTESIAN_POINT('Origin',(65.695440876424,15.35,-46.5740960286698));
#5246=CARTESIAN_POINT('',(65.695440876424,15.6,-46.3240960286698));
#5247=CARTESIAN_POINT('',(65.695440876424,15.1,-46.8240960286698));
#5248=CARTESIAN_POINT('Origin',(-131.140882591204,-15.6972401945628,-19.359760755633));
#5249=CARTESIAN_POINT('',(-130.890882591204,-14.,-8.29454067589877));
#5250=CARTESIAN_POINT('',(-130.890882591204,-15.9434421328158,-19.3163487112163));
#5251=CARTESIAN_POINT('',(-131.390882591204,-13.5,-8.33828500766173));
#5252=CARTESIAN_POINT('',(-131.390882591204,-15.4510382563097,-19.4031728000498));
#5253=CARTESIAN_POINT('',(-131.390882591204,-13.5,-8.33828500766173));
#5254=CARTESIAN_POINT('Origin',(131.140882032301,15.35,10.5378663715061));
#5255=CARTESIAN_POINT('',(130.890882032301,15.6,10.5378663715061));
#5256=CARTESIAN_POINT('',(131.390882032301,15.1,10.5378663715061));
#5257=CARTESIAN_POINT('Origin',(-131.140882591204,-13.75,-22.2510366107227));
#5258=CARTESIAN_POINT('',(-131.390882591204,-13.5,-22.2510366107227));
#5259=CARTESIAN_POINT('',(-130.890882591204,-14.,-22.2510366107227));
#5260=CARTESIAN_POINT('Origin',(66.5736128932244,15.35,55.9102891911096));
#5261=CARTESIAN_POINT('',(66.4485552093667,15.6,55.6938161542016));
#5262=CARTESIAN_POINT('',(66.698670577082,15.1,56.1267622280175));
#5263=CARTESIAN_POINT('Origin',(131.140882032301,-10.0900075458261,12.4404358235142));
#5264=CARTESIAN_POINT('',(131.390882032301,-9.84380560757306,12.3970237790974));
#5265=CARTESIAN_POINT('',(130.8908820323,-10.3362094840792,12.4838478679309));
#5266=CARTESIAN_POINT('Origin',(66.3380109815257,-2.4034072078416,56.0496801216525));
#5267=CARTESIAN_POINT('',(66.4835267494981,-2.11692929608093,56.2510520202163));
#5268=CARTESIAN_POINT('',(66.1924952135534,-2.68988511960228,55.8483082230886));
#5269=CARTESIAN_POINT('Origin',(-2.79452594398322E-7,-14.,2.32202280723019));
#5270=CARTESIAN_POINT('',(-2.79452598839214E-7,-14.,-8.29454067589877));
#5271=CARTESIAN_POINT('',(85.2275431670882,-14.,-44.8240840167605));
#5272=CARTESIAN_POINT('',(42.6144163449705,-14.,-44.8252497501591));
#5273=CARTESIAN_POINT('',(-42.6138170032513,-14.,-44.8240930256907));
#5274=CARTESIAN_POINT('',(-2.79452598839214E-7,-14.,-8.29454067589877));
#5275=CARTESIAN_POINT('Origin',(-93.4019793878859,1.6,40.7001124332745));
#5276=CARTESIAN_POINT('',(-9.8367297093243,1.6,51.468141507187));
#5277=CARTESIAN_POINT('Origin',(9.83672865079193,1.6,51.4681416431301));
#5278=CARTESIAN_POINT('Origin',(131.390882032301,1.6,18.7537099357821));
#5279=CARTESIAN_POINT('Origin',(93.4019799806894,1.6,40.700111070674));
#5280=CARTESIAN_POINT('Origin',(-2.79452585516538E-7,15.6,2.32202280723019));
#5281=CARTESIAN_POINT('',(63.195440981955,15.6,-38.3175191411029));
#5282=CARTESIAN_POINT('',(88.0681064945942,15.6,15.9725721941426));
#5283=CARTESIAN_POINT('',(7.8383226609998,15.6,46.6815007017625));
#5284=CARTESIAN_POINT('',(9.67817045876941,15.6,4.44127847098707));
#5285=CARTESIAN_POINT('',(11.0190242897024,15.6,-5.37018263337199));
#5286=CARTESIAN_POINT('',(12.2286117528798,15.6,-15.1629792304808));
#5287=CARTESIAN_POINT('',(42.0204320650237,15.6,-36.7074347739233));
#5288=CARTESIAN_POINT('',(-5.15658373139412,15.6,27.8212044166398));
#5289=CARTESIAN_POINT('',(-46.4142419473172,15.6,39.6579875217716));
#5290=CARTESIAN_POINT('',(-63.195445611679,15.6,18.8324827005386));
#5291=CARTESIAN_POINT('',(-66.6149209816885,15.6,-38.6423597389576));
#5292=CARTESIAN_POINT('',(-31.9110326243236,15.6,-35.9124929106024));
#5293=CARTESIAN_POINT('',(-2.82243690453448,15.6,-29.5717380337021));
#5294=CARTESIAN_POINT('',(-4.22894749570615,15.6,-10.5301174687192));
#5295=CARTESIAN_POINT('',(-5.56982380559711,15.6,8.52083504775483));
#5296=CARTESIAN_POINT('Origin',(131.3908820323,1.6,-46.8240960286698));
#5297=CARTESIAN_POINT('',(5.99999959745876,-1.30000000000003,-46.8240960286698));
#5298=CARTESIAN_POINT('Origin',(-131.390882591206,1.6,18.7537112930943));
#5299=CARTESIAN_POINT('Origin',(-131.390882591203,1.6,-46.8240960286698));
#5300=CARTESIAN_POINT('Origin',(0.,13.8437991961704,2.40284930696944));
#5301=CARTESIAN_POINT('',(9.93800877508077E-17,13.6,3.21434930696944));
#5302=CARTESIAN_POINT('Origin',(0.,13.6,2.40284930696944));
#5303=CARTESIAN_POINT('',(0.,14.0875983923409,2.40284930696944));
#5304=CARTESIAN_POINT('',(4.96900438754039E-17,13.8437991961704,2.80859930696944));
#5305=CARTESIAN_POINT('Origin',(0.,11.1,2.40284930696944));
#5306=CARTESIAN_POINT('',(9.93800877508077E-17,11.1,3.21434930696944));
#5307=CARTESIAN_POINT('Origin',(15.3967026835382,13.8437991961704,-35.7537015474977));
#5308=CARTESIAN_POINT('',(15.3967026835382,13.6,-34.9422015474977));
#5309=CARTESIAN_POINT('Origin',(15.3967026835382,13.6,-35.7537015474977));
#5310=CARTESIAN_POINT('',(15.3967026835382,14.0875983923409,-35.7537015474977));
#5311=CARTESIAN_POINT('',(15.3967026835382,13.8437991961704,-35.3479515474977));
#5312=CARTESIAN_POINT('Origin',(15.3967026835382,11.1,-35.7537015474977));
#5313=CARTESIAN_POINT('',(15.3967026835382,11.1,-34.9422015474977));
#5314=CARTESIAN_POINT('Origin',(-42.1280560454327,13.8437991961704,-39.5543383904273));
#5315=CARTESIAN_POINT('',(-42.1280560454327,13.6,-38.7428383904273));
#5316=CARTESIAN_POINT('Origin',(-42.1280560454327,13.6,-39.5543383904273));
#5317=CARTESIAN_POINT('',(-42.1280560454327,14.0875983923409,-39.5543383904273));
#5318=CARTESIAN_POINT('',(-42.1280560454327,13.8437991961704,-39.1485883904273));
#5319=CARTESIAN_POINT('Origin',(-42.1280560454327,11.1,-39.5543383904273));
#5320=CARTESIAN_POINT('',(-42.1280560454327,11.1,-38.7428383904273));
#5321=CARTESIAN_POINT('Origin',(-15.3969269574786,13.8437991961704,-35.753451956563));
#5322=CARTESIAN_POINT('',(-15.3969269574786,13.6,-34.941951956563));
#5323=CARTESIAN_POINT('Origin',(-15.3969269574786,13.6,-35.753451956563));
#5324=CARTESIAN_POINT('',(-15.3969269574786,14.0875983923409,-35.753451956563));
#5325=CARTESIAN_POINT('',(-15.3969269574786,13.8437991961704,-35.347701956563));
#5326=CARTESIAN_POINT('Origin',(-15.3969269574786,11.1,-35.753451956563));
#5327=CARTESIAN_POINT('',(-15.3969269574786,11.1,-34.941951956563));
#5328=CARTESIAN_POINT('Origin',(42.1276569146687,13.8437991961704,-39.5558175232681));
#5329=CARTESIAN_POINT('',(42.1276569146687,13.6,-38.7443175232681));
#5330=CARTESIAN_POINT('Origin',(42.1276569146687,13.6,-39.5558175232681));
#5331=CARTESIAN_POINT('',(42.1276569146687,14.0875983923409,-39.5558175232681));
#5332=CARTESIAN_POINT('',(42.1276569146687,13.8437991961704,-39.1500675232681));
#5333=CARTESIAN_POINT('Origin',(42.1276569146687,11.1,-39.5558175232681));
#5334=CARTESIAN_POINT('',(42.1276569146687,11.1,-38.7443175232681));
#5335=CARTESIAN_POINT('Origin',(-7.49400541621981E-14,13.8437991961704,
29.4028493069694));
#5336=CARTESIAN_POINT('',(-7.48406740744473E-14,13.6,30.2143493069694));
#5337=CARTESIAN_POINT('Origin',(-7.49400541621981E-14,13.6,29.4028493069694));
#5338=CARTESIAN_POINT('',(-7.49400541621981E-14,14.0875983923409,29.4028493069694));
#5339=CARTESIAN_POINT('',(-7.48903641183227E-14,13.8437991961704,29.8085993069694));
#5340=CARTESIAN_POINT('Origin',(-7.49400541621981E-14,11.1,29.4028493069694));
#5341=CARTESIAN_POINT('',(-7.48406740744473E-14,11.1,30.2143493069694));
#5342=CARTESIAN_POINT('Origin',(-8.91469763275233,-1.4,-38.7204726905957));
#5343=CARTESIAN_POINT('Origin',(8.91433705785308,-1.4,-38.7204229525062));
#5344=CARTESIAN_POINT('',(9.99865245688523,1.6,-31.0971506930306));
#5345=CARTESIAN_POINT('Origin',(85.4149586513541,1.6,-41.8240994917575));
#5346=CARTESIAN_POINT('',(85.4149489355965,6.8,-41.8240981097493));
#5347=CARTESIAN_POINT('',(85.4149586513541,1.6,-41.8240994917575));
#5348=CARTESIAN_POINT('',(85.4149586513541,1.6,-41.8240994917575));
#5349=CARTESIAN_POINT('Origin',(-85.227637049418,0.,-44.8240960286698));
#5350=CARTESIAN_POINT('',(85.2275431670882,0.,-44.8240840167605));
#5351=CARTESIAN_POINT('',(5.99999959745876,-2.10000000000005,-44.8240895998942));
#5352=CARTESIAN_POINT('Origin',(85.2275431670882,0.,-44.8240840167605));
#5353=CARTESIAN_POINT('Origin',(-2.79452603280106E-7,-11.7683398014861,
4.3618332354977));
#5354=CARTESIAN_POINT('',(-65.6547651689976,-2.94172094347735,54.4200762936175));
#5355=CARTESIAN_POINT('Origin',(-92.7487056435339,0.,38.7677558530953));
#5356=CARTESIAN_POINT('Origin',(5.99999959745876,-4.20000000000009,-46.8240960286698));
#5357=CARTESIAN_POINT('Origin',(-88.9398544776114,2.6,-38.7959704918117));
#5358=CARTESIAN_POINT('',(-85.4398544702573,6.8,-41.8240956356483));
#5359=CARTESIAN_POINT('',(-85.4398556289079,1.6,-41.8240952111452));
#5360=CARTESIAN_POINT('',(-92.4398544702573,6.8,-41.8240956526486));
#5361=CARTESIAN_POINT('Origin',(-88.9398544776114,6.8,-38.7959704918117));
#5362=CARTESIAN_POINT('',(-92.4398548522377,2.6,-41.8240952111439));
#5363=CARTESIAN_POINT('Origin',(-0.0124527686451614,6.8,2.57202293967759));
#5364=CARTESIAN_POINT('',(-42.7261541987806,6.8,-41.8240952111529));
#5365=CARTESIAN_POINT('Origin',(88.9148659932284,2.6,-38.7958543351351));
#5366=CARTESIAN_POINT('',(92.414948932967,6.8,-41.8239063795596));
#5367=CARTESIAN_POINT('',(92.4149479410443,2.6,-41.8239075261087));
#5368=CARTESIAN_POINT('Origin',(88.9148659932284,6.8,-38.7958543351351));
#5369=CARTESIAN_POINT('Origin',(-0.0124527686451614,6.8,2.57202293967759));
#5370=CARTESIAN_POINT('',(63.1898234170567,6.8,-41.8247089873337));
#5371=CARTESIAN_POINT('Origin',(-1.47912262098622E-8,2.6,43.9400165031947));
#5372=CARTESIAN_POINT('',(-3.5,6.8,46.9681414708389));
#5373=CARTESIAN_POINT('',(-3.49999999999999,2.6,46.9681414708389));
#5374=CARTESIAN_POINT('',(3.50000020191225,6.8,46.9681412032702));
#5375=CARTESIAN_POINT('Origin',(-1.47912262098622E-8,6.8,43.9400165031947));
#5376=CARTESIAN_POINT('',(3.5000000145861,2.6,46.9681414197875));
#5377=CARTESIAN_POINT('Origin',(-0.0124527686451614,6.8,2.57202293967759));
#5378=CARTESIAN_POINT('',(3.425411843061E-7,6.8,46.9681414708389));
#5379=CARTESIAN_POINT('',(-4.69333613958866,6.8,46.9681414708389));
#5380=CARTESIAN_POINT('',(-0.00622588926871769,6.8,46.9681414709297));
#5381=CARTESIAN_POINT('Origin',(126.390882032301,1.6,-41.8229757800784));
#5382=CARTESIAN_POINT('Origin',(3.42541184306099E-7,1.6,46.9681414708389));
#5383=CARTESIAN_POINT('',(3.425411843061E-7,1.6,46.9681414708389));
#5384=CARTESIAN_POINT('',(9.37421931988377,1.6,46.9681413341056));
#5385=CARTESIAN_POINT('Origin',(-9.3742195105322,1.6,46.9681414708389));
#5386=CARTESIAN_POINT('',(-9.3742195105322,1.6,46.9681414708389));
#5387=CARTESIAN_POINT('Origin',(-6.65711368644368,8.6,27.6078448057655));
#5388=CARTESIAN_POINT('Origin',(-89.6237382629676,8.6,36.2585958218403));
#5389=CARTESIAN_POINT('Origin',(-126.390890943906,8.6,18.8324827005395));
#5390=CARTESIAN_POINT('Origin',(-66.6149209816885,8.6,-38.6423597389576));
#5391=CARTESIAN_POINT('',(-66.6149209816885,8.6,-38.6423597389576));
#5392=CARTESIAN_POINT('Origin',(-10.0340286639861,8.6,-30.5971506930306));
#5393=CARTESIAN_POINT('Origin',(-10.1653137038014,8.6,-11.3742065056921));
#5394=CARTESIAN_POINT('Origin',(-10.1653300105533,8.6,7.86740229678423));
#5395=CARTESIAN_POINT('Origin',(126.390882032301,8.6,-38.3175188128963));
#5396=CARTESIAN_POINT('Origin',(89.6239601293369,8.6,36.2583364083295));
#5397=CARTESIAN_POINT('Origin',(9.33885519537066,8.6,46.4681407016024));
#5398=CARTESIAN_POINT('Origin',(10.1653301253081,8.6,7.86740181964262));
#5399=CARTESIAN_POINT('Origin',(10.165313537896,8.6,-11.3742066539644));
#5400=CARTESIAN_POINT('Origin',(10.0340305511669,8.6,-30.5971508422884));
#5401=CARTESIAN_POINT('Origin',(86.8340797096385,8.6,-40.2330899980355));
#5402=CARTESIAN_POINT('Origin',(9.37421931988377,1.6,46.9681413341056));
#5403=CARTESIAN_POINT('',(70.6891799426025,1.6,38.2497966726728));
#5404=CARTESIAN_POINT('Origin',(70.6891799426025,1.6,38.2497966726729));
#5405=CARTESIAN_POINT('Origin',(90.3648031682247,1.6,19.3324814127195));
#5406=CARTESIAN_POINT('Origin',(9.99865245688523,1.6,-31.0971506930306));
#5407=CARTESIAN_POINT('',(-2.26793191451184E-7,1.6,-31.0971506930283));
#5408=CARTESIAN_POINT('Origin',(-2.26793191451184E-7,1.6,-31.0971506930283));
#5409=CARTESIAN_POINT('Origin',(-9.99865413426178,1.6,-31.0971506914385));
#5410=CARTESIAN_POINT('',(-85.4398556289079,1.6,-41.8240952111452));
#5411=CARTESIAN_POINT('Origin',(-70.6891793846868,1.6,38.2497977037528));
#5412=CARTESIAN_POINT('Origin',(-90.3648026318679,1.6,19.3324827005395));
#5413=CARTESIAN_POINT('',(-90.3648026318679,1.6,19.3324827005395));
#5414=CARTESIAN_POINT('Origin',(-126.390882591205,1.6,19.3324827005395));
#5415=CARTESIAN_POINT('Origin',(-85.4398556289079,1.6,-41.8240952111452));
#5416=CARTESIAN_POINT('Origin',(-9.8367297093243,1.6,51.468141507187));
#5417=UNCERTAINTY_MEASURE_WITH_UNIT(LENGTH_MEASURE(0.01),#5421,
'DISTANCE_ACCURACY_VALUE',
'Maximum model space distance between geometric entities at asserted c
onnectivities');
#5418=UNCERTAINTY_MEASURE_WITH_UNIT(LENGTH_MEASURE(0.01),#5421,
'DISTANCE_ACCURACY_VALUE',
'Maximum model space distance between geometric entities at asserted c
onnectivities');
#5419=(
GEOMETRIC_REPRESENTATION_CONTEXT(3)
GLOBAL_UNCERTAINTY_ASSIGNED_CONTEXT((#5417))
GLOBAL_UNIT_ASSIGNED_CONTEXT((#5421,#5422,#5423))
REPRESENTATION_CONTEXT('','3D')
);
#5420=(
GEOMETRIC_REPRESENTATION_CONTEXT(3)
GLOBAL_UNCERTAINTY_ASSIGNED_CONTEXT((#5418))
GLOBAL_UNIT_ASSIGNED_CONTEXT((#5421,#5422,#5423))
REPRESENTATION_CONTEXT('','3D')
);
#5421=(
LENGTH_UNIT()
NAMED_UNIT(*)
SI_UNIT(.MILLI.,.METRE.)
);
#5422=(
NAMED_UNIT(*)
PLANE_ANGLE_UNIT()
SI_UNIT($,.RADIAN.)
);
#5423=(
NAMED_UNIT(*)
SI_UNIT($,.STERADIAN.)
SOLID_ANGLE_UNIT()
);
#5424=SHAPE_DEFINITION_REPRESENTATION(#5425,#5426);
#5425=PRODUCT_DEFINITION_SHAPE('',$,#5428);
#5426=SHAPE_REPRESENTATION('',(#3280),#5419);
#5427=PRODUCT_DEFINITION_CONTEXT('part definition',#5432,'design');
#5428=PRODUCT_DEFINITION('2026-05-22-02-35-04-396','carot42',#5429,#5427);
#5429=PRODUCT_DEFINITION_FORMATION('',$,#5434);
#5430=PRODUCT_RELATED_PRODUCT_CATEGORY('carot42','carot42',(#5434));
#5431=APPLICATION_PROTOCOL_DEFINITION('international standard',
'automotive_design',2009,#5432);
#5432=APPLICATION_CONTEXT(
'Core Data for Automotive Mechanical Design Process');
#5433=PRODUCT_CONTEXT('part definition',#5432,'mechanical');
#5434=PRODUCT('2026-05-22-02-35-04-396','carot42',$,(#5433));
#5435=PRESENTATION_STYLE_ASSIGNMENT((#5436));
#5436=SURFACE_STYLE_USAGE(.BOTH.,#5437);
#5437=SURFACE_SIDE_STYLE('',(#5438));
#5438=SURFACE_STYLE_FILL_AREA(#5439);
#5439=FILL_AREA_STYLE('\X2\92FC\X0\ - \X2\30B530C630F3\X0\',(#5440));
#5440=FILL_AREA_STYLE_COLOUR('\X2\92FC\X0\ - \X2\30B530C630F3\X0\',#5441);
#5441=COLOUR_RGB('\X2\92FC\X0\ - \X2\30B530C630F3\X0\',0.627450980392157,
0.627450980392157,0.627450980392157);
ENDSEC;
END-ISO-10303-21;
