ISO-10303-21;
HEADER;
/* Generated by software containing ST-Developer
 * from STEP Tools, Inc. (www.steptools.com) 
 */

FILE_DESCRIPTION(
/* description */ (''),
/* implementation_level */ '2;1');

FILE_NAME(
/* name */ 'carot42_v3_screw_bottom.step',
/* time_stamp */ '2026-07-15T14:53:41+09:00',
/* author */ (''),
/* organization */ (''),
/* preprocessor_version */ 'ST-DEVELOPER v20.1',
/* originating_system */ 'Autodesk Translation Framework v15.8.0.0',
/* authorisation */ '');

FILE_SCHEMA (('AUTOMOTIVE_DESIGN { 1 0 10303 214 3 1 1 }'));
ENDSEC;

DATA;
#10=MECHANICAL_DESIGN_GEOMETRIC_PRESENTATION_REPRESENTATION('',(#13),#4128);
#11=SHAPE_REPRESENTATION_RELATIONSHIP('SRR','None',#4134,#12);
#12=ADVANCED_BREP_SHAPE_REPRESENTATION('',(#14),#4127);
#13=STYLED_ITEM('',(#4143),#14);
#14=MANIFOLD_SOLID_BREP('bottom_case',#2443);
#15=CONICAL_SURFACE('',#2644,0.40575,1.02974425867665);
#16=CONICAL_SURFACE('',#2647,0.40575,1.02974425867665);
#17=CONICAL_SURFACE('',#2650,0.40575,1.02974425867665);
#18=CONICAL_SURFACE('',#2653,0.40575,1.02974425867665);
#19=ELLIPSE('',#2467,1.87853923198863,1.85);
#20=ELLIPSE('',#2471,1.87853923198863,1.85);
#21=ELLIPSE('',#2616,2.03085322377149,2.);
#22=ELLIPSE('',#2619,2.03085322377149,2.);
#23=ELLIPSE('',#2620,2.03085322377149,2.);
#24=ELLIPSE('',#2621,2.03085322377149,2.);
#25=ELLIPSE('',#2622,2.03085322377149,2.);
#26=ELLIPSE('',#2623,2.03085322377149,2.);
#27=FACE_BOUND('',#254,.T.);
#28=FACE_BOUND('',#257,.T.);
#29=FACE_BOUND('',#260,.T.);
#30=FACE_BOUND('',#263,.T.);
#31=FACE_BOUND('',#291,.T.);
#32=FACE_BOUND('',#316,.T.);
#33=FACE_BOUND('',#317,.T.);
#34=FACE_BOUND('',#318,.T.);
#35=FACE_BOUND('',#319,.T.);
#36=FACE_BOUND('',#333,.T.);
#37=FACE_BOUND('',#334,.T.);
#38=FACE_BOUND('',#335,.T.);
#39=FACE_BOUND('',#336,.T.);
#40=FACE_BOUND('',#340,.T.);
#41=FACE_BOUND('',#341,.T.);
#42=FACE_BOUND('',#342,.T.);
#43=FACE_BOUND('',#343,.T.);
#44=FACE_BOUND('',#344,.T.);
#45=FACE_BOUND('',#347,.T.);
#46=FACE_BOUND('',#348,.T.);
#47=FACE_BOUND('',#349,.T.);
#48=FACE_BOUND('',#361,.T.);
#49=FACE_BOUND('',#362,.T.);
#50=PLANE('',#2460);
#51=PLANE('',#2464);
#52=PLANE('',#2468);
#53=PLANE('',#2472);
#54=PLANE('',#2473);
#55=PLANE('',#2474);
#56=PLANE('',#2478);
#57=PLANE('',#2482);
#58=PLANE('',#2486);
#59=PLANE('',#2490);
#60=PLANE('',#2494);
#61=PLANE('',#2498);
#62=PLANE('',#2499);
#63=PLANE('',#2503);
#64=PLANE('',#2507);
#65=PLANE('',#2511);
#66=PLANE('',#2515);
#67=PLANE('',#2519);
#68=PLANE('',#2523);
#69=PLANE('',#2527);
#70=PLANE('',#2537);
#71=PLANE('',#2563);
#72=PLANE('',#2566);
#73=PLANE('',#2569);
#74=PLANE('',#2572);
#75=PLANE('',#2575);
#76=PLANE('',#2578);
#77=PLANE('',#2581);
#78=PLANE('',#2584);
#79=PLANE('',#2591);
#80=PLANE('',#2594);
#81=PLANE('',#2601);
#82=PLANE('',#2604);
#83=PLANE('',#2610);
#84=PLANE('',#2614);
#85=PLANE('',#2618);
#86=PLANE('',#2626);
#87=PLANE('',#2632);
#88=PLANE('',#2635);
#89=PLANE('',#2637);
#90=PLANE('',#2639);
#91=PLANE('',#2642);
#92=PLANE('',#2643);
#93=PLANE('',#2656);
#94=PLANE('',#2657);
#95=PLANE('',#2658);
#96=PLANE('',#2659);
#97=PLANE('',#2660);
#98=PLANE('',#2661);
#99=PLANE('',#2662);
#100=PLANE('',#2663);
#101=PLANE('',#2664);
#102=PLANE('',#2665);
#103=PLANE('',#2666);
#104=PLANE('',#2667);
#105=PLANE('',#2668);
#106=PLANE('',#2669);
#107=PLANE('',#2670);
#108=PLANE('',#2672);
#109=PLANE('',#2674);
#110=PLANE('',#2678);
#111=PLANE('',#2679);
#112=PLANE('',#2680);
#113=PLANE('',#2681);
#114=PLANE('',#2682);
#115=PLANE('',#2684);
#116=PLANE('',#2685);
#117=PLANE('',#2686);
#118=PLANE('',#2687);
#119=FACE_OUTER_BOUND('',#248,.T.);
#120=FACE_OUTER_BOUND('',#249,.T.);
#121=FACE_OUTER_BOUND('',#250,.T.);
#122=FACE_OUTER_BOUND('',#251,.T.);
#123=FACE_OUTER_BOUND('',#252,.T.);
#124=FACE_OUTER_BOUND('',#253,.T.);
#125=FACE_OUTER_BOUND('',#255,.T.);
#126=FACE_OUTER_BOUND('',#256,.T.);
#127=FACE_OUTER_BOUND('',#258,.T.);
#128=FACE_OUTER_BOUND('',#259,.T.);
#129=FACE_OUTER_BOUND('',#261,.T.);
#130=FACE_OUTER_BOUND('',#262,.T.);
#131=FACE_OUTER_BOUND('',#264,.T.);
#132=FACE_OUTER_BOUND('',#265,.T.);
#133=FACE_OUTER_BOUND('',#266,.T.);
#134=FACE_OUTER_BOUND('',#267,.T.);
#135=FACE_OUTER_BOUND('',#268,.T.);
#136=FACE_OUTER_BOUND('',#269,.T.);
#137=FACE_OUTER_BOUND('',#270,.T.);
#138=FACE_OUTER_BOUND('',#271,.T.);
#139=FACE_OUTER_BOUND('',#272,.T.);
#140=FACE_OUTER_BOUND('',#273,.T.);
#141=FACE_OUTER_BOUND('',#274,.T.);
#142=FACE_OUTER_BOUND('',#275,.T.);
#143=FACE_OUTER_BOUND('',#276,.T.);
#144=FACE_OUTER_BOUND('',#277,.T.);
#145=FACE_OUTER_BOUND('',#278,.T.);
#146=FACE_OUTER_BOUND('',#279,.T.);
#147=FACE_OUTER_BOUND('',#280,.T.);
#148=FACE_OUTER_BOUND('',#281,.T.);
#149=FACE_OUTER_BOUND('',#282,.T.);
#150=FACE_OUTER_BOUND('',#283,.T.);
#151=FACE_OUTER_BOUND('',#284,.T.);
#152=FACE_OUTER_BOUND('',#285,.T.);
#153=FACE_OUTER_BOUND('',#286,.T.);
#154=FACE_OUTER_BOUND('',#287,.T.);
#155=FACE_OUTER_BOUND('',#288,.T.);
#156=FACE_OUTER_BOUND('',#289,.T.);
#157=FACE_OUTER_BOUND('',#290,.T.);
#158=FACE_OUTER_BOUND('',#292,.T.);
#159=FACE_OUTER_BOUND('',#293,.T.);
#160=FACE_OUTER_BOUND('',#294,.T.);
#161=FACE_OUTER_BOUND('',#295,.T.);
#162=FACE_OUTER_BOUND('',#296,.T.);
#163=FACE_OUTER_BOUND('',#297,.T.);
#164=FACE_OUTER_BOUND('',#298,.T.);
#165=FACE_OUTER_BOUND('',#299,.T.);
#166=FACE_OUTER_BOUND('',#300,.T.);
#167=FACE_OUTER_BOUND('',#301,.T.);
#168=FACE_OUTER_BOUND('',#302,.T.);
#169=FACE_OUTER_BOUND('',#303,.T.);
#170=FACE_OUTER_BOUND('',#304,.T.);
#171=FACE_OUTER_BOUND('',#305,.T.);
#172=FACE_OUTER_BOUND('',#306,.T.);
#173=FACE_OUTER_BOUND('',#307,.T.);
#174=FACE_OUTER_BOUND('',#308,.T.);
#175=FACE_OUTER_BOUND('',#309,.T.);
#176=FACE_OUTER_BOUND('',#310,.T.);
#177=FACE_OUTER_BOUND('',#311,.T.);
#178=FACE_OUTER_BOUND('',#312,.T.);
#179=FACE_OUTER_BOUND('',#313,.T.);
#180=FACE_OUTER_BOUND('',#314,.T.);
#181=FACE_OUTER_BOUND('',#315,.T.);
#182=FACE_OUTER_BOUND('',#320,.T.);
#183=FACE_OUTER_BOUND('',#321,.T.);
#184=FACE_OUTER_BOUND('',#322,.T.);
#185=FACE_OUTER_BOUND('',#323,.T.);
#186=FACE_OUTER_BOUND('',#324,.T.);
#187=FACE_OUTER_BOUND('',#325,.T.);
#188=FACE_OUTER_BOUND('',#326,.T.);
#189=FACE_OUTER_BOUND('',#327,.T.);
#190=FACE_OUTER_BOUND('',#328,.T.);
#191=FACE_OUTER_BOUND('',#329,.T.);
#192=FACE_OUTER_BOUND('',#330,.T.);
#193=FACE_OUTER_BOUND('',#331,.T.);
#194=FACE_OUTER_BOUND('',#332,.T.);
#195=FACE_OUTER_BOUND('',#337,.T.);
#196=FACE_OUTER_BOUND('',#338,.T.);
#197=FACE_OUTER_BOUND('',#339,.T.);
#198=FACE_OUTER_BOUND('',#345,.T.);
#199=FACE_OUTER_BOUND('',#346,.T.);
#200=FACE_OUTER_BOUND('',#350,.T.);
#201=FACE_OUTER_BOUND('',#351,.T.);
#202=FACE_OUTER_BOUND('',#352,.T.);
#203=FACE_OUTER_BOUND('',#353,.T.);
#204=FACE_OUTER_BOUND('',#354,.T.);
#205=FACE_OUTER_BOUND('',#355,.T.);
#206=FACE_OUTER_BOUND('',#356,.T.);
#207=FACE_OUTER_BOUND('',#357,.T.);
#208=FACE_OUTER_BOUND('',#358,.T.);
#209=FACE_OUTER_BOUND('',#359,.T.);
#210=FACE_OUTER_BOUND('',#360,.T.);
#211=FACE_OUTER_BOUND('',#363,.T.);
#212=FACE_OUTER_BOUND('',#364,.T.);
#213=FACE_OUTER_BOUND('',#365,.T.);
#214=FACE_OUTER_BOUND('',#366,.T.);
#215=FACE_OUTER_BOUND('',#367,.T.);
#216=FACE_OUTER_BOUND('',#368,.T.);
#217=FACE_OUTER_BOUND('',#369,.T.);
#218=FACE_OUTER_BOUND('',#370,.T.);
#219=FACE_OUTER_BOUND('',#371,.T.);
#220=FACE_OUTER_BOUND('',#372,.T.);
#221=FACE_OUTER_BOUND('',#373,.T.);
#222=FACE_OUTER_BOUND('',#374,.T.);
#223=FACE_OUTER_BOUND('',#375,.T.);
#224=FACE_OUTER_BOUND('',#376,.T.);
#225=FACE_OUTER_BOUND('',#377,.T.);
#226=FACE_OUTER_BOUND('',#378,.T.);
#227=FACE_OUTER_BOUND('',#379,.T.);
#228=FACE_OUTER_BOUND('',#380,.T.);
#229=FACE_OUTER_BOUND('',#381,.T.);
#230=FACE_OUTER_BOUND('',#382,.T.);
#231=FACE_OUTER_BOUND('',#383,.T.);
#232=FACE_OUTER_BOUND('',#384,.T.);
#233=FACE_OUTER_BOUND('',#385,.T.);
#234=FACE_OUTER_BOUND('',#386,.T.);
#235=FACE_OUTER_BOUND('',#387,.T.);
#236=FACE_OUTER_BOUND('',#388,.T.);
#237=FACE_OUTER_BOUND('',#389,.T.);
#238=FACE_OUTER_BOUND('',#390,.T.);
#239=FACE_OUTER_BOUND('',#391,.T.);
#240=FACE_OUTER_BOUND('',#392,.T.);
#241=FACE_OUTER_BOUND('',#393,.T.);
#242=FACE_OUTER_BOUND('',#394,.T.);
#243=FACE_OUTER_BOUND('',#395,.T.);
#244=FACE_OUTER_BOUND('',#396,.T.);
#245=FACE_OUTER_BOUND('',#397,.T.);
#246=FACE_OUTER_BOUND('',#398,.T.);
#247=FACE_OUTER_BOUND('',#399,.T.);
#248=EDGE_LOOP('',(#1560,#1561,#1562,#1563));
#249=EDGE_LOOP('',(#1564,#1565,#1566,#1567));
#250=EDGE_LOOP('',(#1568,#1569,#1570,#1571));
#251=EDGE_LOOP('',(#1572,#1573,#1574,#1575));
#252=EDGE_LOOP('',(#1576,#1577,#1578,#1579));
#253=EDGE_LOOP('',(#1580));
#254=EDGE_LOOP('',(#1581));
#255=EDGE_LOOP('',(#1582,#1583,#1584,#1585));
#256=EDGE_LOOP('',(#1586));
#257=EDGE_LOOP('',(#1587));
#258=EDGE_LOOP('',(#1588,#1589,#1590,#1591));
#259=EDGE_LOOP('',(#1592));
#260=EDGE_LOOP('',(#1593));
#261=EDGE_LOOP('',(#1594,#1595,#1596,#1597));
#262=EDGE_LOOP('',(#1598));
#263=EDGE_LOOP('',(#1599));
#264=EDGE_LOOP('',(#1600,#1601,#1602,#1603));
#265=EDGE_LOOP('',(#1604,#1605,#1606,#1607));
#266=EDGE_LOOP('',(#1608,#1609,#1610,#1611));
#267=EDGE_LOOP('',(#1612,#1613,#1614,#1615));
#268=EDGE_LOOP('',(#1616,#1617,#1618,#1619));
#269=EDGE_LOOP('',(#1620,#1621,#1622,#1623));
#270=EDGE_LOOP('',(#1624,#1625,#1626,#1627));
#271=EDGE_LOOP('',(#1628,#1629,#1630,#1631));
#272=EDGE_LOOP('',(#1632,#1633,#1634,#1635));
#273=EDGE_LOOP('',(#1636,#1637,#1638,#1639));
#274=EDGE_LOOP('',(#1640,#1641,#1642,#1643));
#275=EDGE_LOOP('',(#1644,#1645,#1646,#1647));
#276=EDGE_LOOP('',(#1648,#1649,#1650,#1651));
#277=EDGE_LOOP('',(#1652,#1653,#1654,#1655));
#278=EDGE_LOOP('',(#1656,#1657,#1658,#1659));
#279=EDGE_LOOP('',(#1660,#1661,#1662,#1663));
#280=EDGE_LOOP('',(#1664,#1665,#1666,#1667,#1668));
#281=EDGE_LOOP('',(#1669,#1670,#1671,#1672));
#282=EDGE_LOOP('',(#1673,#1674,#1675,#1676,#1677,#1678));
#283=EDGE_LOOP('',(#1679,#1680,#1681,#1682));
#284=EDGE_LOOP('',(#1683,#1684,#1685,#1686,#1687,#1688));
#285=EDGE_LOOP('',(#1689,#1690,#1691,#1692));
#286=EDGE_LOOP('',(#1693,#1694,#1695,#1696));
#287=EDGE_LOOP('',(#1697,#1698,#1699,#1700));
#288=EDGE_LOOP('',(#1701,#1702,#1703,#1704));
#289=EDGE_LOOP('',(#1705,#1706,#1707,#1708));
#290=EDGE_LOOP('',(#1709,#1710,#1711,#1712,#1713,#1714));
#291=EDGE_LOOP('',(#1715,#1716,#1717,#1718,#1719,#1720,#1721,#1722));
#292=EDGE_LOOP('',(#1723,#1724,#1725,#1726));
#293=EDGE_LOOP('',(#1727,#1728,#1729,#1730));
#294=EDGE_LOOP('',(#1731,#1732,#1733,#1734));
#295=EDGE_LOOP('',(#1735,#1736,#1737,#1738));
#296=EDGE_LOOP('',(#1739,#1740,#1741,#1742));
#297=EDGE_LOOP('',(#1743,#1744,#1745,#1746,#1747,#1748,#1749,#1750,#1751,
#1752,#1753,#1754,#1755,#1756,#1757,#1758,#1759,#1760,#1761,#1762,#1763,
#1764,#1765,#1766,#1767,#1768,#1769,#1770,#1771,#1772,#1773,#1774,#1775,
#1776,#1777,#1778,#1779,#1780,#1781,#1782,#1783,#1784,#1785,#1786,#1787,
#1788,#1789,#1790,#1791,#1792,#1793,#1794,#1795,#1796,#1797,#1798));
#298=EDGE_LOOP('',(#1799,#1800,#1801,#1802));
#299=EDGE_LOOP('',(#1803,#1804,#1805,#1806));
#300=EDGE_LOOP('',(#1807,#1808,#1809,#1810));
#301=EDGE_LOOP('',(#1811,#1812,#1813,#1814));
#302=EDGE_LOOP('',(#1815,#1816,#1817,#1818));
#303=EDGE_LOOP('',(#1819,#1820,#1821,#1822));
#304=EDGE_LOOP('',(#1823,#1824,#1825,#1826));
#305=EDGE_LOOP('',(#1827,#1828,#1829,#1830));
#306=EDGE_LOOP('',(#1831,#1832,#1833,#1834));
#307=EDGE_LOOP('',(#1835,#1836,#1837,#1838));
#308=EDGE_LOOP('',(#1839,#1840,#1841,#1842));
#309=EDGE_LOOP('',(#1843,#1844,#1845,#1846));
#310=EDGE_LOOP('',(#1847,#1848,#1849,#1850));
#311=EDGE_LOOP('',(#1851,#1852,#1853,#1854));
#312=EDGE_LOOP('',(#1855,#1856,#1857,#1858));
#313=EDGE_LOOP('',(#1859,#1860,#1861,#1862,#1863,#1864,#1865,#1866,#1867,
#1868));
#314=EDGE_LOOP('',(#1869,#1870,#1871,#1872));
#315=EDGE_LOOP('',(#1873,#1874,#1875,#1876,#1877,#1878,#1879,#1880,#1881,
#1882,#1883,#1884,#1885,#1886));
#316=EDGE_LOOP('',(#1887));
#317=EDGE_LOOP('',(#1888));
#318=EDGE_LOOP('',(#1889));
#319=EDGE_LOOP('',(#1890));
#320=EDGE_LOOP('',(#1891,#1892,#1893,#1894));
#321=EDGE_LOOP('',(#1895,#1896,#1897,#1898));
#322=EDGE_LOOP('',(#1899,#1900,#1901,#1902));
#323=EDGE_LOOP('',(#1903,#1904,#1905,#1906));
#324=EDGE_LOOP('',(#1907,#1908,#1909,#1910));
#325=EDGE_LOOP('',(#1911,#1912,#1913,#1914));
#326=EDGE_LOOP('',(#1915,#1916,#1917,#1918));
#327=EDGE_LOOP('',(#1919,#1920,#1921,#1922));
#328=EDGE_LOOP('',(#1923,#1924,#1925,#1926));
#329=EDGE_LOOP('',(#1927,#1928,#1929,#1930));
#330=EDGE_LOOP('',(#1931,#1932,#1933,#1934));
#331=EDGE_LOOP('',(#1935,#1936,#1937,#1938));
#332=EDGE_LOOP('',(#1939,#1940,#1941,#1942,#1943,#1944,#1945,#1946,#1947,
#1948,#1949,#1950,#1951,#1952,#1953,#1954,#1955,#1956,#1957,#1958,#1959,
#1960,#1961,#1962,#1963,#1964,#1965,#1966,#1967,#1968));
#333=EDGE_LOOP('',(#1969));
#334=EDGE_LOOP('',(#1970));
#335=EDGE_LOOP('',(#1971));
#336=EDGE_LOOP('',(#1972));
#337=EDGE_LOOP('',(#1973,#1974,#1975,#1976,#1977,#1978,#1979,#1980,#1981,
#1982));
#338=EDGE_LOOP('',(#1983,#1984,#1985,#1986,#1987,#1988));
#339=EDGE_LOOP('',(#1989,#1990,#1991,#1992,#1993,#1994,#1995,#1996,#1997,
#1998,#1999,#2000,#2001,#2002,#2003));
#340=EDGE_LOOP('',(#2004));
#341=EDGE_LOOP('',(#2005));
#342=EDGE_LOOP('',(#2006,#2007,#2008,#2009));
#343=EDGE_LOOP('',(#2010,#2011,#2012,#2013));
#344=EDGE_LOOP('',(#2014,#2015,#2016,#2017));
#345=EDGE_LOOP('',(#2018,#2019,#2020,#2021));
#346=EDGE_LOOP('',(#2022,#2023,#2024,#2025,#2026,#2027,#2028,#2029,#2030,
#2031,#2032,#2033,#2034,#2035,#2036,#2037,#2038,#2039,#2040,#2041,#2042,
#2043,#2044,#2045,#2046,#2047,#2048,#2049,#2050));
#347=EDGE_LOOP('',(#2051));
#348=EDGE_LOOP('',(#2052));
#349=EDGE_LOOP('',(#2053));
#350=EDGE_LOOP('',(#2054,#2055,#2056,#2057));
#351=EDGE_LOOP('',(#2058,#2059,#2060,#2061));
#352=EDGE_LOOP('',(#2062,#2063,#2064,#2065));
#353=EDGE_LOOP('',(#2066,#2067,#2068,#2069));
#354=EDGE_LOOP('',(#2070,#2071,#2072,#2073));
#355=EDGE_LOOP('',(#2074,#2075,#2076,#2077));
#356=EDGE_LOOP('',(#2078,#2079,#2080,#2081,#2082,#2083));
#357=EDGE_LOOP('',(#2084,#2085,#2086,#2087,#2088,#2089,#2090));
#358=EDGE_LOOP('',(#2091,#2092,#2093,#2094));
#359=EDGE_LOOP('',(#2095,#2096,#2097,#2098));
#360=EDGE_LOOP('',(#2099,#2100,#2101,#2102,#2103,#2104,#2105,#2106));
#361=EDGE_LOOP('',(#2107));
#362=EDGE_LOOP('',(#2108));
#363=EDGE_LOOP('',(#2109,#2110,#2111));
#364=EDGE_LOOP('',(#2112,#2113,#2114,#2115));
#365=EDGE_LOOP('',(#2116,#2117,#2118));
#366=EDGE_LOOP('',(#2119,#2120,#2121,#2122));
#367=EDGE_LOOP('',(#2123,#2124,#2125));
#368=EDGE_LOOP('',(#2126,#2127,#2128,#2129));
#369=EDGE_LOOP('',(#2130,#2131,#2132));
#370=EDGE_LOOP('',(#2133,#2134,#2135,#2136));
#371=EDGE_LOOP('',(#2137,#2138,#2139,#2140,#2141,#2142,#2143));
#372=EDGE_LOOP('',(#2144,#2145,#2146,#2147));
#373=EDGE_LOOP('',(#2148,#2149,#2150,#2151));
#374=EDGE_LOOP('',(#2152,#2153,#2154,#2155,#2156,#2157,#2158,#2159,#2160,
#2161));
#375=EDGE_LOOP('',(#2162,#2163,#2164,#2165));
#376=EDGE_LOOP('',(#2166,#2167,#2168,#2169));
#377=EDGE_LOOP('',(#2170,#2171,#2172,#2173));
#378=EDGE_LOOP('',(#2174,#2175,#2176,#2177));
#379=EDGE_LOOP('',(#2178,#2179,#2180,#2181));
#380=EDGE_LOOP('',(#2182,#2183,#2184,#2185));
#381=EDGE_LOOP('',(#2186,#2187,#2188,#2189));
#382=EDGE_LOOP('',(#2190,#2191,#2192,#2193));
#383=EDGE_LOOP('',(#2194,#2195,#2196,#2197));
#384=EDGE_LOOP('',(#2198,#2199,#2200,#2201,#2202,#2203));
#385=EDGE_LOOP('',(#2204));
#386=EDGE_LOOP('',(#2205));
#387=EDGE_LOOP('',(#2206));
#388=EDGE_LOOP('',(#2207,#2208,#2209,#2210));
#389=EDGE_LOOP('',(#2211,#2212,#2213,#2214));
#390=EDGE_LOOP('',(#2215,#2216,#2217,#2218));
#391=EDGE_LOOP('',(#2219,#2220,#2221,#2222,#2223,#2224,#2225));
#392=EDGE_LOOP('',(#2226,#2227,#2228,#2229));
#393=EDGE_LOOP('',(#2230,#2231,#2232,#2233));
#394=EDGE_LOOP('',(#2234,#2235,#2236,#2237));
#395=EDGE_LOOP('',(#2238,#2239,#2240,#2241));
#396=EDGE_LOOP('',(#2242,#2243,#2244,#2245));
#397=EDGE_LOOP('',(#2246,#2247,#2248,#2249));
#398=EDGE_LOOP('',(#2250,#2251,#2252,#2253));
#399=EDGE_LOOP('',(#2254,#2255,#2256,#2257));
#400=LINE('',#3416,#635);
#401=LINE('',#3422,#636);
#402=LINE('',#3428,#637);
#403=LINE('',#3434,#638);
#404=LINE('',#3440,#639);
#405=LINE('',#3447,#640);
#406=LINE('',#3454,#641);
#407=LINE('',#3461,#642);
#408=LINE('',#3467,#643);
#409=LINE('',#3469,#644);
#410=LINE('',#3471,#645);
#411=LINE('',#3472,#646);
#412=LINE('',#3476,#647);
#413=LINE('',#3478,#648);
#414=LINE('',#3480,#649);
#415=LINE('',#3481,#650);
#416=LINE('',#3486,#651);
#417=LINE('',#3490,#652);
#418=LINE('',#3492,#653);
#419=LINE('',#3493,#654);
#420=LINE('',#3500,#655);
#421=LINE('',#3502,#656);
#422=LINE('',#3504,#657);
#423=LINE('',#3505,#658);
#424=LINE('',#3510,#659);
#425=LINE('',#3514,#660);
#426=LINE('',#3516,#661);
#427=LINE('',#3517,#662);
#428=LINE('',#3527,#663);
#429=LINE('',#3530,#664);
#430=LINE('',#3532,#665);
#431=LINE('',#3533,#666);
#432=LINE('',#3544,#667);
#433=LINE('',#3547,#668);
#434=LINE('',#3550,#669);
#435=LINE('',#3552,#670);
#436=LINE('',#3554,#671);
#437=LINE('',#3555,#672);
#438=LINE('',#3561,#673);
#439=LINE('',#3564,#674);
#440=LINE('',#3566,#675);
#441=LINE('',#3568,#676);
#442=LINE('',#3570,#677);
#443=LINE('',#3571,#678);
#444=LINE('',#3576,#679);
#445=LINE('',#3580,#680);
#446=LINE('',#3582,#681);
#447=LINE('',#3584,#682);
#448=LINE('',#3586,#683);
#449=LINE('',#3587,#684);
#450=LINE('',#3592,#685);
#451=LINE('',#3595,#686);
#452=LINE('',#3596,#687);
#453=LINE('',#3602,#688);
#454=LINE('',#3605,#689);
#455=LINE('',#3608,#690);
#456=LINE('',#3610,#691);
#457=LINE('',#3611,#692);
#458=LINE('',#3616,#693);
#459=LINE('',#3620,#694);
#460=LINE('',#3622,#695);
#461=LINE('',#3623,#696);
#462=LINE('',#3629,#697);
#463=LINE('',#3632,#698);
#464=LINE('',#3635,#699);
#465=LINE('',#3637,#700);
#466=LINE('',#3638,#701);
#467=LINE('',#3643,#702);
#468=LINE('',#3649,#703);
#469=LINE('',#3656,#704);
#470=LINE('',#3659,#705);
#471=LINE('',#3662,#706);
#472=LINE('',#3664,#707);
#473=LINE('',#3668,#708);
#474=LINE('',#3670,#709);
#475=LINE('',#3674,#710);
#476=LINE('',#3676,#711);
#477=LINE('',#3678,#712);
#478=LINE('',#3681,#713);
#479=LINE('',#3687,#714);
#480=LINE('',#3688,#715);
#481=LINE('',#3690,#716);
#482=LINE('',#3694,#717);
#483=LINE('',#3698,#718);
#484=LINE('',#3702,#719);
#485=LINE('',#3704,#720);
#486=LINE('',#3706,#721);
#487=LINE('',#3710,#722);
#488=LINE('',#3714,#723);
#489=LINE('',#3717,#724);
#490=LINE('',#3719,#725);
#491=LINE('',#3721,#726);
#492=LINE('',#3729,#727);
#493=LINE('',#3733,#728);
#494=LINE('',#3735,#729);
#495=LINE('',#3737,#730);
#496=LINE('',#3741,#731);
#497=LINE('',#3743,#732);
#498=LINE('',#3747,#733);
#499=LINE('',#3749,#734);
#500=LINE('',#3753,#735);
#501=LINE('',#3758,#736);
#502=LINE('',#3762,#737);
#503=LINE('',#3765,#738);
#504=LINE('',#3768,#739);
#505=LINE('',#3771,#740);
#506=LINE('',#3772,#741);
#507=LINE('',#3775,#742);
#508=LINE('',#3778,#743);
#509=LINE('',#3781,#744);
#510=LINE('',#3782,#745);
#511=LINE('',#3787,#746);
#512=LINE('',#3788,#747);
#513=LINE('',#3791,#748);
#514=LINE('',#3792,#749);
#515=LINE('',#3796,#750);
#516=LINE('',#3799,#751);
#517=LINE('',#3800,#752);
#518=LINE('',#3805,#753);
#519=LINE('',#3806,#754);
#520=LINE('',#3809,#755);
#521=LINE('',#3810,#756);
#522=LINE('',#3814,#757);
#523=LINE('',#3817,#758);
#524=LINE('',#3818,#759);
#525=LINE('',#3822,#760);
#526=LINE('',#3825,#761);
#527=LINE('',#3826,#762);
#528=LINE('',#3830,#763);
#529=LINE('',#3832,#764);
#530=LINE('',#3834,#765);
#531=LINE('',#3835,#766);
#532=LINE('',#3846,#767);
#533=LINE('',#3849,#768);
#534=LINE('',#3852,#769);
#535=LINE('',#3853,#770);
#536=LINE('',#3858,#771);
#537=LINE('',#3859,#772);
#538=LINE('',#3862,#773);
#539=LINE('',#3863,#774);
#540=LINE('',#3867,#775);
#541=LINE('',#3872,#776);
#542=LINE('',#3875,#777);
#543=LINE('',#3878,#778);
#544=LINE('',#3879,#779);
#545=LINE('',#3882,#780);
#546=LINE('',#3885,#781);
#547=LINE('',#3888,#782);
#548=LINE('',#3889,#783);
#549=LINE('',#3897,#784);
#550=LINE('',#3900,#785);
#551=LINE('',#3902,#786);
#552=LINE('',#3904,#787);
#553=LINE('',#3906,#788);
#554=LINE('',#3910,#789);
#555=LINE('',#3912,#790);
#556=LINE('',#3913,#791);
#557=LINE('',#3915,#792);
#558=LINE('',#3917,#793);
#559=LINE('',#3918,#794);
#560=LINE('',#3920,#795);
#561=LINE('',#3922,#796);
#562=LINE('',#3924,#797);
#563=LINE('',#3925,#798);
#564=LINE('',#3927,#799);
#565=LINE('',#3929,#800);
#566=LINE('',#3930,#801);
#567=LINE('',#3937,#802);
#568=LINE('',#3939,#803);
#569=LINE('',#3940,#804);
#570=LINE('',#3942,#805);
#571=LINE('',#3944,#806);
#572=LINE('',#3945,#807);
#573=LINE('',#3950,#808);
#574=LINE('',#3953,#809);
#575=LINE('',#3956,#810);
#576=LINE('',#3958,#811);
#577=LINE('',#3962,#812);
#578=LINE('',#3966,#813);
#579=LINE('',#3970,#814);
#580=LINE('',#3972,#815);
#581=LINE('',#3976,#816);
#582=LINE('',#3979,#817);
#583=LINE('',#3984,#818);
#584=LINE('',#3985,#819);
#585=LINE('',#3988,#820);
#586=LINE('',#3989,#821);
#587=LINE('',#3990,#822);
#588=LINE('',#3991,#823);
#589=LINE('',#3993,#824);
#590=LINE('',#3997,#825);
#591=LINE('',#3999,#826);
#592=LINE('',#4003,#827);
#593=LINE('',#4007,#828);
#594=LINE('',#4011,#829);
#595=LINE('',#4012,#830);
#596=LINE('',#4013,#831);
#597=LINE('',#4017,#832);
#598=LINE('',#4019,#833);
#599=LINE('',#4021,#834);
#600=LINE('',#4022,#835);
#601=LINE('',#4024,#836);
#602=LINE('',#4026,#837);
#603=LINE('',#4028,#838);
#604=LINE('',#4030,#839);
#605=LINE('',#4031,#840);
#606=LINE('',#4034,#841);
#607=LINE('',#4035,#842);
#608=LINE('',#4036,#843);
#609=LINE('',#4040,#844);
#610=LINE('',#4043,#845);
#611=LINE('',#4044,#846);
#612=LINE('',#4047,#847);
#613=LINE('',#4048,#848);
#614=LINE('',#4053,#849);
#615=LINE('',#4055,#850);
#616=LINE('',#4060,#851);
#617=LINE('',#4062,#852);
#618=LINE('',#4067,#853);
#619=LINE('',#4069,#854);
#620=LINE('',#4074,#855);
#621=LINE('',#4076,#856);
#622=LINE('',#4078,#857);
#623=LINE('',#4079,#858);
#624=LINE('',#4081,#859);
#625=LINE('',#4083,#860);
#626=LINE('',#4085,#861);
#627=LINE('',#4087,#862);
#628=LINE('',#4091,#863);
#629=LINE('',#4095,#864);
#630=LINE('',#4099,#865);
#631=LINE('',#4110,#866);
#632=LINE('',#4112,#867);
#633=LINE('',#4119,#868);
#634=LINE('',#4123,#869);
#635=VECTOR('',#2694,1.2);
#636=VECTOR('',#2701,1.2);
#637=VECTOR('',#2708,1.2);
#638=VECTOR('',#2715,1.2);
#639=VECTOR('',#2722,1.85);
#640=VECTOR('',#2731,1.85);
#641=VECTOR('',#2740,1.85000000000001);
#642=VECTOR('',#2749,1.85);
#643=VECTOR('',#2756,10.);
#644=VECTOR('',#2757,10.);
#645=VECTOR('',#2758,10.);
#646=VECTOR('',#2759,10.);
#647=VECTOR('',#2762,10.);
#648=VECTOR('',#2763,10.);
#649=VECTOR('',#2764,10.);
#650=VECTOR('',#2765,10.);
#651=VECTOR('',#2770,10.);
#652=VECTOR('',#2775,10.);
#653=VECTOR('',#2776,10.);
#654=VECTOR('',#2777,10.);
#655=VECTOR('',#2786,10.);
#656=VECTOR('',#2787,10.);
#657=VECTOR('',#2788,10.);
#658=VECTOR('',#2789,10.);
#659=VECTOR('',#2794,10.);
#660=VECTOR('',#2799,10.);
#661=VECTOR('',#2800,10.);
#662=VECTOR('',#2801,10.);
#663=VECTOR('',#2816,10.);
#664=VECTOR('',#2819,10.);
#665=VECTOR('',#2820,10.);
#666=VECTOR('',#2821,10.);
#667=VECTOR('',#2836,10.);
#668=VECTOR('',#2839,10.);
#669=VECTOR('',#2842,10.);
#670=VECTOR('',#2843,10.);
#671=VECTOR('',#2844,10.);
#672=VECTOR('',#2845,10.);
#673=VECTOR('',#2850,10.);
#674=VECTOR('',#2853,10.);
#675=VECTOR('',#2856,10.);
#676=VECTOR('',#2857,10.);
#677=VECTOR('',#2858,10.);
#678=VECTOR('',#2859,10.);
#679=VECTOR('',#2864,10.);
#680=VECTOR('',#2869,10.);
#681=VECTOR('',#2870,10.);
#682=VECTOR('',#2871,10.);
#683=VECTOR('',#2872,10.);
#684=VECTOR('',#2873,10.);
#685=VECTOR('',#2878,10.);
#686=VECTOR('',#2883,10.);
#687=VECTOR('',#2884,10.);
#688=VECTOR('',#2889,10.);
#689=VECTOR('',#2892,10.);
#690=VECTOR('',#2895,10.);
#691=VECTOR('',#2896,10.);
#692=VECTOR('',#2897,10.);
#693=VECTOR('',#2902,10.);
#694=VECTOR('',#2907,10.);
#695=VECTOR('',#2908,10.);
#696=VECTOR('',#2909,10.);
#697=VECTOR('',#2914,10.);
#698=VECTOR('',#2917,10.);
#699=VECTOR('',#2920,10.);
#700=VECTOR('',#2921,1.99999999999999);
#701=VECTOR('',#2922,10.);
#702=VECTOR('',#2927,1.99999999999999);
#703=VECTOR('',#2934,2.);
#704=VECTOR('',#2941,2.);
#705=VECTOR('',#2944,2.);
#706=VECTOR('',#2947,10.);
#707=VECTOR('',#2948,10.);
#708=VECTOR('',#2951,10.);
#709=VECTOR('',#2952,10.);
#710=VECTOR('',#2955,10.);
#711=VECTOR('',#2956,10.);
#712=VECTOR('',#2957,10.);
#713=VECTOR('',#2960,10.);
#714=VECTOR('',#2965,10.);
#715=VECTOR('',#2966,10.);
#716=VECTOR('',#2967,10.);
#717=VECTOR('',#2970,10.);
#718=VECTOR('',#2973,10.);
#719=VECTOR('',#2976,10.);
#720=VECTOR('',#2977,10.);
#721=VECTOR('',#2978,10.);
#722=VECTOR('',#2981,10.);
#723=VECTOR('',#2984,10.);
#724=VECTOR('',#2987,10.);
#725=VECTOR('',#2988,10.);
#726=VECTOR('',#2989,10.);
#727=VECTOR('',#2996,10.);
#728=VECTOR('',#2999,10.);
#729=VECTOR('',#3000,10.);
#730=VECTOR('',#3001,10.);
#731=VECTOR('',#3004,10.);
#732=VECTOR('',#3005,10.);
#733=VECTOR('',#3008,10.);
#734=VECTOR('',#3009,10.);
#735=VECTOR('',#3012,10.);
#736=VECTOR('',#3019,2.);
#737=VECTOR('',#3024,10.);
#738=VECTOR('',#3027,10.);
#739=VECTOR('',#3030,10.);
#740=VECTOR('',#3033,2.00000000000001);
#741=VECTOR('',#3034,10.);
#742=VECTOR('',#3037,10.);
#743=VECTOR('',#3040,10.);
#744=VECTOR('',#3043,10.);
#745=VECTOR('',#3044,10.);
#746=VECTOR('',#3049,10.);
#747=VECTOR('',#3050,10.);
#748=VECTOR('',#3053,10.);
#749=VECTOR('',#3054,10.);
#750=VECTOR('',#3059,10.);
#751=VECTOR('',#3062,10.);
#752=VECTOR('',#3063,10.);
#753=VECTOR('',#3068,10.);
#754=VECTOR('',#3069,10.);
#755=VECTOR('',#3072,10.);
#756=VECTOR('',#3073,10.);
#757=VECTOR('',#3078,10.);
#758=VECTOR('',#3081,10.);
#759=VECTOR('',#3082,10.);
#760=VECTOR('',#3087,10.);
#761=VECTOR('',#3090,10.);
#762=VECTOR('',#3091,10.);
#763=VECTOR('',#3096,10.);
#764=VECTOR('',#3099,10.);
#765=VECTOR('',#3100,10.);
#766=VECTOR('',#3101,10.);
#767=VECTOR('',#3112,10.);
#768=VECTOR('',#3115,10.);
#769=VECTOR('',#3118,10.);
#770=VECTOR('',#3119,10.);
#771=VECTOR('',#3124,1.99999999999999);
#772=VECTOR('',#3125,1.99999999999999);
#773=VECTOR('',#3128,10.);
#774=VECTOR('',#3129,10.);
#775=VECTOR('',#3134,2.00000000000001);
#776=VECTOR('',#3141,10.);
#777=VECTOR('',#3144,10.);
#778=VECTOR('',#3147,10.);
#779=VECTOR('',#3148,10.);
#780=VECTOR('',#3151,10.);
#781=VECTOR('',#3154,10.);
#782=VECTOR('',#3157,10.);
#783=VECTOR('',#3158,2.);
#784=VECTOR('',#3167,10.);
#785=VECTOR('',#3170,10.);
#786=VECTOR('',#3173,10.);
#787=VECTOR('',#3174,10.);
#788=VECTOR('',#3175,10.);
#789=VECTOR('',#3178,10.);
#790=VECTOR('',#3179,10.);
#791=VECTOR('',#3180,10.);
#792=VECTOR('',#3181,10.);
#793=VECTOR('',#3182,10.);
#794=VECTOR('',#3183,10.);
#795=VECTOR('',#3184,10.);
#796=VECTOR('',#3185,10.);
#797=VECTOR('',#3186,10.);
#798=VECTOR('',#3187,10.);
#799=VECTOR('',#3188,10.);
#800=VECTOR('',#3189,10.);
#801=VECTOR('',#3190,10.);
#802=VECTOR('',#3197,10.);
#803=VECTOR('',#3198,10.);
#804=VECTOR('',#3199,10.);
#805=VECTOR('',#3200,10.);
#806=VECTOR('',#3201,10.);
#807=VECTOR('',#3202,10.);
#808=VECTOR('',#3207,10.);
#809=VECTOR('',#3210,10.);
#810=VECTOR('',#3213,10.);
#811=VECTOR('',#3214,10.);
#812=VECTOR('',#3217,10.);
#813=VECTOR('',#3220,10.);
#814=VECTOR('',#3223,10.);
#815=VECTOR('',#3224,10.);
#816=VECTOR('',#3227,10.);
#817=VECTOR('',#3230,10.);
#818=VECTOR('',#3235,10.);
#819=VECTOR('',#3236,10.);
#820=VECTOR('',#3239,10.);
#821=VECTOR('',#3240,10.);
#822=VECTOR('',#3241,10.);
#823=VECTOR('',#3242,10.);
#824=VECTOR('',#3243,10.);
#825=VECTOR('',#3246,10.);
#826=VECTOR('',#3247,10.);
#827=VECTOR('',#3250,10.);
#828=VECTOR('',#3253,10.);
#829=VECTOR('',#3256,10.);
#830=VECTOR('',#3257,10.);
#831=VECTOR('',#3258,10.);
#832=VECTOR('',#3263,10.);
#833=VECTOR('',#3266,10.);
#834=VECTOR('',#3269,10.);
#835=VECTOR('',#3270,10.);
#836=VECTOR('',#3273,10.);
#837=VECTOR('',#3276,10.);
#838=VECTOR('',#3279,10.);
#839=VECTOR('',#3282,10.);
#840=VECTOR('',#3283,10.);
#841=VECTOR('',#3286,10.);
#842=VECTOR('',#3287,10.);
#843=VECTOR('',#3288,10.);
#844=VECTOR('',#3293,10.);
#845=VECTOR('',#3296,10.);
#846=VECTOR('',#3297,10.);
#847=VECTOR('',#3300,10.);
#848=VECTOR('',#3301,10.);
#849=VECTOR('',#3306,0.40575);
#850=VECTOR('',#3309,0.8115);
#851=VECTOR('',#3314,0.40575);
#852=VECTOR('',#3317,0.8115);
#853=VECTOR('',#3322,0.40575);
#854=VECTOR('',#3325,0.8115);
#855=VECTOR('',#3330,0.40575);
#856=VECTOR('',#3333,0.8115);
#857=VECTOR('',#3336,10.);
#858=VECTOR('',#3337,10.);
#859=VECTOR('',#3340,10.);
#860=VECTOR('',#3343,10.);
#861=VECTOR('',#3346,10.);
#862=VECTOR('',#3349,10.);
#863=VECTOR('',#3356,10.);
#864=VECTOR('',#3363,10.);
#865=VECTOR('',#3370,10.);
#866=VECTOR('',#3385,0.999999999999996);
#867=VECTOR('',#3388,0.999999999999996);
#868=VECTOR('',#3401,1.);
#869=VECTOR('',#3408,10.);
#870=CIRCLE('',#2446,1.2);
#871=CIRCLE('',#2447,1.2);
#872=CIRCLE('',#2449,1.2);
#873=CIRCLE('',#2450,1.2);
#874=CIRCLE('',#2452,1.2);
#875=CIRCLE('',#2453,1.2);
#876=CIRCLE('',#2455,1.2);
#877=CIRCLE('',#2456,1.2);
#878=CIRCLE('',#2458,1.85);
#879=CIRCLE('',#2459,1.85);
#880=CIRCLE('',#2462,1.85);
#881=CIRCLE('',#2463,1.85);
#882=CIRCLE('',#2466,1.85);
#883=CIRCLE('',#2470,1.85);
#884=CIRCLE('',#2476,2.);
#885=CIRCLE('',#2477,2.);
#886=CIRCLE('',#2480,2.);
#887=CIRCLE('',#2481,2.);
#888=CIRCLE('',#2484,2.);
#889=CIRCLE('',#2485,2.);
#890=CIRCLE('',#2488,2.);
#891=CIRCLE('',#2489,2.);
#892=CIRCLE('',#2492,2.);
#893=CIRCLE('',#2493,2.);
#894=CIRCLE('',#2496,2.);
#895=CIRCLE('',#2497,2.);
#896=CIRCLE('',#2501,1.);
#897=CIRCLE('',#2502,1.);
#898=CIRCLE('',#2505,1.);
#899=CIRCLE('',#2506,1.);
#900=CIRCLE('',#2509,1.);
#901=CIRCLE('',#2510,1.);
#902=CIRCLE('',#2513,1.);
#903=CIRCLE('',#2514,1.);
#904=CIRCLE('',#2517,1.);
#905=CIRCLE('',#2518,1.);
#906=CIRCLE('',#2521,1.);
#907=CIRCLE('',#2522,1.);
#908=CIRCLE('',#2525,2.);
#909=CIRCLE('',#2526,2.);
#910=CIRCLE('',#2529,1.99999999999999);
#911=CIRCLE('',#2530,1.99999999999999);
#912=CIRCLE('',#2532,2.3);
#913=CIRCLE('',#2533,2.3);
#914=CIRCLE('',#2535,2.);
#915=CIRCLE('',#2536,2.);
#916=CIRCLE('',#2538,2.);
#917=CIRCLE('',#2539,2.);
#918=CIRCLE('',#2540,2.);
#919=CIRCLE('',#2541,2.3);
#920=CIRCLE('',#2542,2.);
#921=CIRCLE('',#2543,2.);
#922=CIRCLE('',#2544,2.);
#923=CIRCLE('',#2545,2.);
#924=CIRCLE('',#2546,2.);
#925=CIRCLE('',#2547,2.);
#926=CIRCLE('',#2548,2.);
#927=CIRCLE('',#2549,1.99999999999999);
#928=CIRCLE('',#2550,2.3);
#929=CIRCLE('',#2551,2.00000000000001);
#930=CIRCLE('',#2552,2.);
#931=CIRCLE('',#2553,2.);
#932=CIRCLE('',#2554,2.);
#933=CIRCLE('',#2555,2.);
#934=CIRCLE('',#2556,2.);
#935=CIRCLE('',#2558,2.3);
#936=CIRCLE('',#2560,2.);
#937=CIRCLE('',#2562,2.);
#938=CIRCLE('',#2565,2.);
#939=CIRCLE('',#2568,2.);
#940=CIRCLE('',#2571,2.);
#941=CIRCLE('',#2574,2.);
#942=CIRCLE('',#2577,2.);
#943=CIRCLE('',#2580,2.);
#944=CIRCLE('',#2583,2.);
#945=CIRCLE('',#2585,0.8115);
#946=CIRCLE('',#2586,0.8115);
#947=CIRCLE('',#2587,0.8115);
#948=CIRCLE('',#2588,0.8115);
#949=CIRCLE('',#2590,2.);
#950=CIRCLE('',#2593,1.99999999999999);
#951=CIRCLE('',#2596,2.3);
#952=CIRCLE('',#2598,2.00000000000001);
#953=CIRCLE('',#2600,2.);
#954=CIRCLE('',#2603,2.);
#955=CIRCLE('',#2606,2.);
#956=CIRCLE('',#2608,2.);
#957=CIRCLE('',#2609,2.);
#958=CIRCLE('',#2611,2.);
#959=CIRCLE('',#2612,0.999999999999996);
#960=CIRCLE('',#2613,0.999999999999996);
#961=CIRCLE('',#2617,2.);
#962=CIRCLE('',#2625,2.);
#963=CIRCLE('',#2627,2.);
#964=CIRCLE('',#2628,2.);
#965=CIRCLE('',#2629,2.);
#966=CIRCLE('',#2630,2.);
#967=CIRCLE('',#2631,1.);
#968=CIRCLE('',#2641,2.);
#969=CIRCLE('',#2645,0.8115);
#970=CIRCLE('',#2648,0.8115);
#971=CIRCLE('',#2651,0.8115);
#972=CIRCLE('',#2654,0.8115);
#973=CIRCLE('',#2671,0.999999999999996);
#974=CIRCLE('',#2673,1.);
#975=CIRCLE('',#2675,0.999999999999996);
#976=VERTEX_POINT('',#3413);
#977=VERTEX_POINT('',#3415);
#978=VERTEX_POINT('',#3419);
#979=VERTEX_POINT('',#3421);
#980=VERTEX_POINT('',#3425);
#981=VERTEX_POINT('',#3427);
#982=VERTEX_POINT('',#3431);
#983=VERTEX_POINT('',#3433);
#984=VERTEX_POINT('',#3437);
#985=VERTEX_POINT('',#3439);
#986=VERTEX_POINT('',#3444);
#987=VERTEX_POINT('',#3446);
#988=VERTEX_POINT('',#3451);
#989=VERTEX_POINT('',#3453);
#990=VERTEX_POINT('',#3458);
#991=VERTEX_POINT('',#3460);
#992=VERTEX_POINT('',#3465);
#993=VERTEX_POINT('',#3466);
#994=VERTEX_POINT('',#3468);
#995=VERTEX_POINT('',#3470);
#996=VERTEX_POINT('',#3474);
#997=VERTEX_POINT('',#3475);
#998=VERTEX_POINT('',#3477);
#999=VERTEX_POINT('',#3479);
#1000=VERTEX_POINT('',#3483);
#1001=VERTEX_POINT('',#3485);
#1002=VERTEX_POINT('',#3489);
#1003=VERTEX_POINT('',#3491);
#1004=VERTEX_POINT('',#3498);
#1005=VERTEX_POINT('',#3499);
#1006=VERTEX_POINT('',#3501);
#1007=VERTEX_POINT('',#3503);
#1008=VERTEX_POINT('',#3507);
#1009=VERTEX_POINT('',#3509);
#1010=VERTEX_POINT('',#3513);
#1011=VERTEX_POINT('',#3515);
#1012=VERTEX_POINT('',#3523);
#1013=VERTEX_POINT('',#3525);
#1014=VERTEX_POINT('',#3529);
#1015=VERTEX_POINT('',#3531);
#1016=VERTEX_POINT('',#3540);
#1017=VERTEX_POINT('',#3541);
#1018=VERTEX_POINT('',#3543);
#1019=VERTEX_POINT('',#3545);
#1020=VERTEX_POINT('',#3549);
#1021=VERTEX_POINT('',#3551);
#1022=VERTEX_POINT('',#3553);
#1023=VERTEX_POINT('',#3557);
#1024=VERTEX_POINT('',#3558);
#1025=VERTEX_POINT('',#3560);
#1026=VERTEX_POINT('',#3562);
#1027=VERTEX_POINT('',#3567);
#1028=VERTEX_POINT('',#3569);
#1029=VERTEX_POINT('',#3573);
#1030=VERTEX_POINT('',#3575);
#1031=VERTEX_POINT('',#3579);
#1032=VERTEX_POINT('',#3581);
#1033=VERTEX_POINT('',#3583);
#1034=VERTEX_POINT('',#3585);
#1035=VERTEX_POINT('',#3589);
#1036=VERTEX_POINT('',#3591);
#1037=VERTEX_POINT('',#3598);
#1038=VERTEX_POINT('',#3599);
#1039=VERTEX_POINT('',#3601);
#1040=VERTEX_POINT('',#3603);
#1041=VERTEX_POINT('',#3607);
#1042=VERTEX_POINT('',#3609);
#1043=VERTEX_POINT('',#3613);
#1044=VERTEX_POINT('',#3615);
#1045=VERTEX_POINT('',#3619);
#1046=VERTEX_POINT('',#3621);
#1047=VERTEX_POINT('',#3625);
#1048=VERTEX_POINT('',#3626);
#1049=VERTEX_POINT('',#3628);
#1050=VERTEX_POINT('',#3630);
#1051=VERTEX_POINT('',#3634);
#1052=VERTEX_POINT('',#3636);
#1053=VERTEX_POINT('',#3640);
#1054=VERTEX_POINT('',#3642);
#1055=VERTEX_POINT('',#3646);
#1056=VERTEX_POINT('',#3648);
#1057=VERTEX_POINT('',#3652);
#1058=VERTEX_POINT('',#3653);
#1059=VERTEX_POINT('',#3655);
#1060=VERTEX_POINT('',#3657);
#1061=VERTEX_POINT('',#3661);
#1062=VERTEX_POINT('',#3663);
#1063=VERTEX_POINT('',#3665);
#1064=VERTEX_POINT('',#3667);
#1065=VERTEX_POINT('',#3669);
#1066=VERTEX_POINT('',#3671);
#1067=VERTEX_POINT('',#3673);
#1068=VERTEX_POINT('',#3675);
#1069=VERTEX_POINT('',#3677);
#1070=VERTEX_POINT('',#3679);
#1071=VERTEX_POINT('',#3682);
#1072=VERTEX_POINT('',#3684);
#1073=VERTEX_POINT('',#3686);
#1074=VERTEX_POINT('',#3689);
#1075=VERTEX_POINT('',#3691);
#1076=VERTEX_POINT('',#3693);
#1077=VERTEX_POINT('',#3695);
#1078=VERTEX_POINT('',#3697);
#1079=VERTEX_POINT('',#3699);
#1080=VERTEX_POINT('',#3701);
#1081=VERTEX_POINT('',#3703);
#1082=VERTEX_POINT('',#3705);
#1083=VERTEX_POINT('',#3707);
#1084=VERTEX_POINT('',#3709);
#1085=VERTEX_POINT('',#3711);
#1086=VERTEX_POINT('',#3713);
#1087=VERTEX_POINT('',#3715);
#1088=VERTEX_POINT('',#3718);
#1089=VERTEX_POINT('',#3720);
#1090=VERTEX_POINT('',#3722);
#1091=VERTEX_POINT('',#3724);
#1092=VERTEX_POINT('',#3726);
#1093=VERTEX_POINT('',#3728);
#1094=VERTEX_POINT('',#3730);
#1095=VERTEX_POINT('',#3732);
#1096=VERTEX_POINT('',#3734);
#1097=VERTEX_POINT('',#3736);
#1098=VERTEX_POINT('',#3738);
#1099=VERTEX_POINT('',#3740);
#1100=VERTEX_POINT('',#3742);
#1101=VERTEX_POINT('',#3744);
#1102=VERTEX_POINT('',#3746);
#1103=VERTEX_POINT('',#3748);
#1104=VERTEX_POINT('',#3750);
#1105=VERTEX_POINT('',#3752);
#1106=VERTEX_POINT('',#3756);
#1107=VERTEX_POINT('',#3760);
#1108=VERTEX_POINT('',#3764);
#1109=VERTEX_POINT('',#3766);
#1110=VERTEX_POINT('',#3770);
#1111=VERTEX_POINT('',#3774);
#1112=VERTEX_POINT('',#3776);
#1113=VERTEX_POINT('',#3780);
#1114=VERTEX_POINT('',#3784);
#1115=VERTEX_POINT('',#3785);
#1116=VERTEX_POINT('',#3790);
#1117=VERTEX_POINT('',#3794);
#1118=VERTEX_POINT('',#3798);
#1119=VERTEX_POINT('',#3802);
#1120=VERTEX_POINT('',#3803);
#1121=VERTEX_POINT('',#3808);
#1122=VERTEX_POINT('',#3812);
#1123=VERTEX_POINT('',#3816);
#1124=VERTEX_POINT('',#3820);
#1125=VERTEX_POINT('',#3824);
#1126=VERTEX_POINT('',#3828);
#1127=VERTEX_POINT('',#3833);
#1128=VERTEX_POINT('',#3836);
#1129=VERTEX_POINT('',#3838);
#1130=VERTEX_POINT('',#3840);
#1131=VERTEX_POINT('',#3842);
#1132=VERTEX_POINT('',#3845);
#1133=VERTEX_POINT('',#3847);
#1134=VERTEX_POINT('',#3851);
#1135=VERTEX_POINT('',#3855);
#1136=VERTEX_POINT('',#3856);
#1137=VERTEX_POINT('',#3861);
#1138=VERTEX_POINT('',#3865);
#1139=VERTEX_POINT('',#3871);
#1140=VERTEX_POINT('',#3873);
#1141=VERTEX_POINT('',#3877);
#1142=VERTEX_POINT('',#3881);
#1143=VERTEX_POINT('',#3883);
#1144=VERTEX_POINT('',#3887);
#1145=VERTEX_POINT('',#3893);
#1146=VERTEX_POINT('',#3894);
#1147=VERTEX_POINT('',#3896);
#1148=VERTEX_POINT('',#3898);
#1149=VERTEX_POINT('',#3903);
#1150=VERTEX_POINT('',#3905);
#1151=VERTEX_POINT('',#3907);
#1152=VERTEX_POINT('',#3909);
#1153=VERTEX_POINT('',#3911);
#1154=VERTEX_POINT('',#3914);
#1155=VERTEX_POINT('',#3916);
#1156=VERTEX_POINT('',#3919);
#1157=VERTEX_POINT('',#3921);
#1158=VERTEX_POINT('',#3923);
#1159=VERTEX_POINT('',#3926);
#1160=VERTEX_POINT('',#3928);
#1161=VERTEX_POINT('',#3931);
#1162=VERTEX_POINT('',#3933);
#1163=VERTEX_POINT('',#3936);
#1164=VERTEX_POINT('',#3938);
#1165=VERTEX_POINT('',#3941);
#1166=VERTEX_POINT('',#3943);
#1167=VERTEX_POINT('',#3947);
#1168=VERTEX_POINT('',#3949);
#1169=VERTEX_POINT('',#3951);
#1170=VERTEX_POINT('',#3955);
#1171=VERTEX_POINT('',#3957);
#1172=VERTEX_POINT('',#3959);
#1173=VERTEX_POINT('',#3961);
#1174=VERTEX_POINT('',#3963);
#1175=VERTEX_POINT('',#3965);
#1176=VERTEX_POINT('',#3967);
#1177=VERTEX_POINT('',#3969);
#1178=VERTEX_POINT('',#3971);
#1179=VERTEX_POINT('',#3973);
#1180=VERTEX_POINT('',#3975);
#1181=VERTEX_POINT('',#3977);
#1182=VERTEX_POINT('',#3981);
#1183=VERTEX_POINT('',#3982);
#1184=VERTEX_POINT('',#3987);
#1185=VERTEX_POINT('',#3992);
#1186=VERTEX_POINT('',#3994);
#1187=VERTEX_POINT('',#3996);
#1188=VERTEX_POINT('',#3998);
#1189=VERTEX_POINT('',#4000);
#1190=VERTEX_POINT('',#4002);
#1191=VERTEX_POINT('',#4004);
#1192=VERTEX_POINT('',#4006);
#1193=VERTEX_POINT('',#4008);
#1194=VERTEX_POINT('',#4010);
#1195=VERTEX_POINT('',#4014);
#1196=VERTEX_POINT('',#4033);
#1197=VERTEX_POINT('',#4038);
#1198=VERTEX_POINT('',#4042);
#1199=VERTEX_POINT('',#4046);
#1200=VERTEX_POINT('',#4050);
#1201=VERTEX_POINT('',#4052);
#1202=VERTEX_POINT('',#4057);
#1203=VERTEX_POINT('',#4059);
#1204=VERTEX_POINT('',#4064);
#1205=VERTEX_POINT('',#4066);
#1206=VERTEX_POINT('',#4071);
#1207=VERTEX_POINT('',#4073);
#1208=VERTEX_POINT('',#4101);
#1209=VERTEX_POINT('',#4104);
#1210=VERTEX_POINT('',#4107);
#1211=EDGE_CURVE('',#976,#976,#870,.T.);
#1212=EDGE_CURVE('',#976,#977,#400,.T.);
#1213=EDGE_CURVE('',#977,#977,#871,.T.);
#1214=EDGE_CURVE('',#978,#978,#872,.T.);
#1215=EDGE_CURVE('',#978,#979,#401,.T.);
#1216=EDGE_CURVE('',#979,#979,#873,.T.);
#1217=EDGE_CURVE('',#980,#980,#874,.T.);
#1218=EDGE_CURVE('',#980,#981,#402,.T.);
#1219=EDGE_CURVE('',#981,#981,#875,.T.);
#1220=EDGE_CURVE('',#982,#982,#876,.T.);
#1221=EDGE_CURVE('',#982,#983,#403,.T.);
#1222=EDGE_CURVE('',#983,#983,#877,.T.);
#1223=EDGE_CURVE('',#984,#984,#878,.T.);
#1224=EDGE_CURVE('',#984,#985,#404,.T.);
#1225=EDGE_CURVE('',#985,#985,#879,.T.);
#1226=EDGE_CURVE('',#986,#986,#880,.T.);
#1227=EDGE_CURVE('',#986,#987,#405,.T.);
#1228=EDGE_CURVE('',#987,#987,#881,.T.);
#1229=EDGE_CURVE('',#988,#988,#882,.T.);
#1230=EDGE_CURVE('',#988,#989,#406,.T.);
#1231=EDGE_CURVE('',#989,#989,#19,.T.);
#1232=EDGE_CURVE('',#990,#990,#883,.T.);
#1233=EDGE_CURVE('',#990,#991,#407,.T.);
#1234=EDGE_CURVE('',#991,#991,#20,.T.);
#1235=EDGE_CURVE('',#992,#993,#408,.T.);
#1236=EDGE_CURVE('',#992,#994,#409,.T.);
#1237=EDGE_CURVE('',#995,#994,#410,.T.);
#1238=EDGE_CURVE('',#993,#995,#411,.T.);
#1239=EDGE_CURVE('',#996,#997,#412,.T.);
#1240=EDGE_CURVE('',#998,#996,#413,.T.);
#1241=EDGE_CURVE('',#999,#998,#414,.T.);
#1242=EDGE_CURVE('',#999,#997,#415,.T.);
#1243=EDGE_CURVE('',#1000,#997,#884,.T.);
#1244=EDGE_CURVE('',#1000,#1001,#416,.T.);
#1245=EDGE_CURVE('',#1001,#996,#885,.T.);
#1246=EDGE_CURVE('',#1000,#1002,#417,.T.);
#1247=EDGE_CURVE('',#1003,#1002,#418,.T.);
#1248=EDGE_CURVE('',#1001,#1003,#419,.T.);
#1249=EDGE_CURVE('',#999,#1002,#886,.T.);
#1250=EDGE_CURVE('',#998,#1003,#887,.T.);
#1251=EDGE_CURVE('',#1004,#1005,#420,.T.);
#1252=EDGE_CURVE('',#1004,#1006,#421,.T.);
#1253=EDGE_CURVE('',#1007,#1006,#422,.T.);
#1254=EDGE_CURVE('',#1005,#1007,#423,.T.);
#1255=EDGE_CURVE('',#1008,#1006,#888,.T.);
#1256=EDGE_CURVE('',#1008,#1009,#424,.T.);
#1257=EDGE_CURVE('',#1009,#1007,#889,.T.);
#1258=EDGE_CURVE('',#1008,#1010,#425,.T.);
#1259=EDGE_CURVE('',#1011,#1010,#426,.T.);
#1260=EDGE_CURVE('',#1009,#1011,#427,.T.);
#1261=EDGE_CURVE('',#1004,#1010,#890,.T.);
#1262=EDGE_CURVE('',#1005,#1011,#891,.T.);
#1263=EDGE_CURVE('',#992,#1012,#892,.T.);
#1264=EDGE_CURVE('',#993,#1013,#893,.T.);
#1265=EDGE_CURVE('',#1013,#1012,#428,.T.);
#1266=EDGE_CURVE('',#1014,#1013,#429,.T.);
#1267=EDGE_CURVE('',#1015,#1014,#430,.T.);
#1268=EDGE_CURVE('',#1015,#1012,#431,.T.);
#1269=EDGE_CURVE('',#1015,#994,#894,.T.);
#1270=EDGE_CURVE('',#1014,#995,#895,.T.);
#1271=EDGE_CURVE('',#1016,#1017,#896,.T.);
#1272=EDGE_CURVE('',#1017,#1018,#432,.T.);
#1273=EDGE_CURVE('',#1018,#1019,#897,.T.);
#1274=EDGE_CURVE('',#1019,#1016,#433,.T.);
#1275=EDGE_CURVE('',#1020,#1017,#434,.T.);
#1276=EDGE_CURVE('',#1021,#1020,#435,.T.);
#1277=EDGE_CURVE('',#1022,#1021,#436,.T.);
#1278=EDGE_CURVE('',#1018,#1022,#437,.T.);
#1279=EDGE_CURVE('',#1023,#1024,#898,.T.);
#1280=EDGE_CURVE('',#1024,#1025,#438,.T.);
#1281=EDGE_CURVE('',#1025,#1026,#899,.T.);
#1282=EDGE_CURVE('',#1026,#1023,#439,.T.);
#1283=EDGE_CURVE('',#1025,#1019,#440,.T.);
#1284=EDGE_CURVE('',#1027,#1024,#441,.T.);
#1285=EDGE_CURVE('',#1028,#1027,#442,.T.);
#1286=EDGE_CURVE('',#1016,#1028,#443,.T.);
#1287=EDGE_CURVE('',#1021,#1029,#900,.T.);
#1288=EDGE_CURVE('',#1029,#1030,#444,.T.);
#1289=EDGE_CURVE('',#1030,#1022,#901,.T.);
#1290=EDGE_CURVE('',#1031,#1029,#445,.T.);
#1291=EDGE_CURVE('',#1032,#1031,#446,.T.);
#1292=EDGE_CURVE('',#1033,#1032,#447,.T.);
#1293=EDGE_CURVE('',#1034,#1033,#448,.T.);
#1294=EDGE_CURVE('',#1030,#1034,#449,.T.);
#1295=EDGE_CURVE('',#1033,#1035,#902,.T.);
#1296=EDGE_CURVE('',#1035,#1036,#450,.T.);
#1297=EDGE_CURVE('',#1036,#1034,#903,.T.);
#1298=EDGE_CURVE('',#1036,#1026,#451,.T.);
#1299=EDGE_CURVE('',#1023,#1035,#452,.T.);
#1300=EDGE_CURVE('',#1037,#1038,#904,.T.);
#1301=EDGE_CURVE('',#1037,#1039,#453,.T.);
#1302=EDGE_CURVE('',#1039,#1040,#905,.T.);
#1303=EDGE_CURVE('',#1040,#1038,#454,.T.);
#1304=EDGE_CURVE('',#1041,#1037,#455,.F.);
#1305=EDGE_CURVE('',#1042,#1041,#456,.T.);
#1306=EDGE_CURVE('',#1039,#1042,#457,.T.);
#1307=EDGE_CURVE('',#1043,#1041,#906,.T.);
#1308=EDGE_CURVE('',#1043,#1044,#458,.T.);
#1309=EDGE_CURVE('',#1044,#1042,#907,.T.);
#1310=EDGE_CURVE('',#1038,#1045,#459,.F.);
#1311=EDGE_CURVE('',#1046,#1045,#460,.T.);
#1312=EDGE_CURVE('',#1046,#1043,#461,.F.);
#1313=EDGE_CURVE('',#1047,#1048,#908,.T.);
#1314=EDGE_CURVE('',#1047,#1049,#462,.T.);
#1315=EDGE_CURVE('',#1049,#1050,#909,.T.);
#1316=EDGE_CURVE('',#1050,#1048,#463,.T.);
#1317=EDGE_CURVE('',#1047,#1051,#464,.T.);
#1318=EDGE_CURVE('',#1052,#1051,#465,.T.);
#1319=EDGE_CURVE('',#1049,#1052,#466,.T.);
#1320=EDGE_CURVE('',#1053,#1051,#910,.T.);
#1321=EDGE_CURVE('',#1053,#1054,#467,.T.);
#1322=EDGE_CURVE('',#1052,#1054,#911,.F.);
#1323=EDGE_CURVE('',#1053,#1055,#912,.T.);
#1324=EDGE_CURVE('',#1056,#1055,#468,.T.);
#1325=EDGE_CURVE('',#1054,#1056,#913,.T.);
#1326=EDGE_CURVE('',#1057,#1058,#914,.F.);
#1327=EDGE_CURVE('',#1057,#1059,#469,.T.);
#1328=EDGE_CURVE('',#1060,#1059,#915,.T.);
#1329=EDGE_CURVE('',#1060,#1058,#470,.T.);
#1330=EDGE_CURVE('',#1061,#1048,#471,.T.);
#1331=EDGE_CURVE('',#1062,#1061,#472,.T.);
#1332=EDGE_CURVE('',#1062,#1063,#916,.T.);
#1333=EDGE_CURVE('',#1064,#1063,#473,.T.);
#1334=EDGE_CURVE('',#1065,#1064,#474,.T.);
#1335=EDGE_CURVE('',#1066,#1065,#917,.T.);
#1336=EDGE_CURVE('',#1067,#1066,#475,.T.);
#1337=EDGE_CURVE('',#1068,#1067,#476,.T.);
#1338=EDGE_CURVE('',#1069,#1068,#477,.T.);
#1339=EDGE_CURVE('',#1069,#1070,#918,.T.);
#1340=EDGE_CURVE('',#1060,#1070,#478,.T.);
#1341=EDGE_CURVE('',#1071,#1059,#919,.T.);
#1342=EDGE_CURVE('',#1071,#1072,#920,.T.);
#1343=EDGE_CURVE('',#1073,#1072,#479,.T.);
#1344=EDGE_CURVE('',#1028,#1073,#480,.T.);
#1345=EDGE_CURVE('',#1027,#1074,#481,.T.);
#1346=EDGE_CURVE('',#1075,#1074,#921,.T.);
#1347=EDGE_CURVE('',#1075,#1076,#482,.T.);
#1348=EDGE_CURVE('',#1077,#1076,#922,.T.);
#1349=EDGE_CURVE('',#1077,#1078,#483,.T.);
#1350=EDGE_CURVE('',#1079,#1078,#923,.T.);
#1351=EDGE_CURVE('',#1079,#1080,#484,.T.);
#1352=EDGE_CURVE('',#1080,#1081,#485,.T.);
#1353=EDGE_CURVE('',#1081,#1082,#486,.T.);
#1354=EDGE_CURVE('',#1083,#1082,#924,.T.);
#1355=EDGE_CURVE('',#1083,#1084,#487,.T.);
#1356=EDGE_CURVE('',#1085,#1084,#925,.T.);
#1357=EDGE_CURVE('',#1085,#1086,#488,.T.);
#1358=EDGE_CURVE('',#1087,#1086,#926,.T.);
#1359=EDGE_CURVE('',#1087,#1032,#489,.T.);
#1360=EDGE_CURVE('',#1088,#1031,#490,.T.);
#1361=EDGE_CURVE('',#1089,#1088,#491,.T.);
#1362=EDGE_CURVE('',#1089,#1090,#927,.T.);
#1363=EDGE_CURVE('',#1091,#1090,#928,.T.);
#1364=EDGE_CURVE('',#1091,#1092,#929,.T.);
#1365=EDGE_CURVE('',#1093,#1092,#492,.T.);
#1366=EDGE_CURVE('',#1093,#1094,#930,.T.);
#1367=EDGE_CURVE('',#1095,#1094,#493,.T.);
#1368=EDGE_CURVE('',#1096,#1095,#494,.T.);
#1369=EDGE_CURVE('',#1097,#1096,#495,.T.);
#1370=EDGE_CURVE('',#1098,#1097,#931,.T.);
#1371=EDGE_CURVE('',#1099,#1098,#496,.T.);
#1372=EDGE_CURVE('',#1100,#1099,#497,.T.);
#1373=EDGE_CURVE('',#1100,#1101,#932,.T.);
#1374=EDGE_CURVE('',#1102,#1101,#498,.T.);
#1375=EDGE_CURVE('',#1103,#1102,#499,.T.);
#1376=EDGE_CURVE('',#1103,#1104,#933,.T.);
#1377=EDGE_CURVE('',#1105,#1104,#500,.T.);
#1378=EDGE_CURVE('',#1105,#1055,#934,.T.);
#1379=EDGE_CURVE('',#1106,#1057,#935,.T.);
#1380=EDGE_CURVE('',#1071,#1106,#501,.T.);
#1381=EDGE_CURVE('',#1107,#1106,#936,.F.);
#1382=EDGE_CURVE('',#1107,#1072,#502,.T.);
#1383=EDGE_CURVE('',#1093,#1108,#503,.T.);
#1384=EDGE_CURVE('',#1108,#1109,#937,.T.);
#1385=EDGE_CURVE('',#1109,#1094,#504,.T.);
#1386=EDGE_CURVE('',#1110,#1092,#505,.T.);
#1387=EDGE_CURVE('',#1108,#1110,#506,.T.);
#1388=EDGE_CURVE('',#1069,#1111,#507,.T.);
#1389=EDGE_CURVE('',#1111,#1112,#938,.T.);
#1390=EDGE_CURVE('',#1112,#1070,#508,.T.);
#1391=EDGE_CURVE('',#1113,#1068,#509,.T.);
#1392=EDGE_CURVE('',#1111,#1113,#510,.T.);
#1393=EDGE_CURVE('',#1114,#1115,#939,.T.);
#1394=EDGE_CURVE('',#1114,#1077,#511,.T.);
#1395=EDGE_CURVE('',#1076,#1115,#512,.T.);
#1396=EDGE_CURVE('',#1114,#1116,#513,.T.);
#1397=EDGE_CURVE('',#1078,#1116,#514,.T.);
#1398=EDGE_CURVE('',#1117,#1116,#940,.T.);
#1399=EDGE_CURVE('',#1117,#1079,#515,.T.);
#1400=EDGE_CURVE('',#1117,#1118,#516,.T.);
#1401=EDGE_CURVE('',#1080,#1118,#517,.T.);
#1402=EDGE_CURVE('',#1119,#1120,#941,.T.);
#1403=EDGE_CURVE('',#1119,#1083,#518,.T.);
#1404=EDGE_CURVE('',#1082,#1120,#519,.T.);
#1405=EDGE_CURVE('',#1119,#1121,#520,.T.);
#1406=EDGE_CURVE('',#1084,#1121,#521,.T.);
#1407=EDGE_CURVE('',#1122,#1121,#942,.T.);
#1408=EDGE_CURVE('',#1122,#1085,#522,.T.);
#1409=EDGE_CURVE('',#1122,#1123,#523,.T.);
#1410=EDGE_CURVE('',#1086,#1123,#524,.T.);
#1411=EDGE_CURVE('',#1124,#1123,#943,.T.);
#1412=EDGE_CURVE('',#1124,#1087,#525,.T.);
#1413=EDGE_CURVE('',#1124,#1125,#526,.T.);
#1414=EDGE_CURVE('',#1074,#1125,#527,.T.);
#1415=EDGE_CURVE('',#1126,#1125,#944,.T.);
#1416=EDGE_CURVE('',#1126,#1075,#528,.T.);
#1417=EDGE_CURVE('',#1126,#1115,#529,.T.);
#1418=EDGE_CURVE('',#1127,#1120,#530,.T.);
#1419=EDGE_CURVE('',#1118,#1127,#531,.T.);
#1420=EDGE_CURVE('',#1128,#1128,#945,.T.);
#1421=EDGE_CURVE('',#1129,#1129,#946,.T.);
#1422=EDGE_CURVE('',#1130,#1130,#947,.T.);
#1423=EDGE_CURVE('',#1131,#1131,#948,.T.);
#1424=EDGE_CURVE('',#1062,#1132,#532,.T.);
#1425=EDGE_CURVE('',#1132,#1133,#949,.T.);
#1426=EDGE_CURVE('',#1133,#1063,#533,.T.);
#1427=EDGE_CURVE('',#1134,#1061,#534,.T.);
#1428=EDGE_CURVE('',#1132,#1134,#535,.T.);
#1429=EDGE_CURVE('',#1135,#1136,#950,.T.);
#1430=EDGE_CURVE('',#1136,#1090,#536,.T.);
#1431=EDGE_CURVE('',#1089,#1135,#537,.T.);
#1432=EDGE_CURVE('',#1137,#1088,#538,.T.);
#1433=EDGE_CURVE('',#1135,#1137,#539,.T.);
#1434=EDGE_CURVE('',#1138,#1136,#951,.T.);
#1435=EDGE_CURVE('',#1091,#1138,#540,.T.);
#1436=EDGE_CURVE('',#1110,#1138,#952,.F.);
#1437=EDGE_CURVE('',#1100,#1139,#541,.T.);
#1438=EDGE_CURVE('',#1139,#1140,#953,.T.);
#1439=EDGE_CURVE('',#1140,#1101,#542,.T.);
#1440=EDGE_CURVE('',#1141,#1099,#543,.T.);
#1441=EDGE_CURVE('',#1139,#1141,#544,.T.);
#1442=EDGE_CURVE('',#1103,#1142,#545,.T.);
#1443=EDGE_CURVE('',#1142,#1143,#954,.T.);
#1444=EDGE_CURVE('',#1143,#1104,#546,.T.);
#1445=EDGE_CURVE('',#1144,#1143,#547,.T.);
#1446=EDGE_CURVE('',#1105,#1144,#548,.T.);
#1447=EDGE_CURVE('',#1056,#1144,#955,.F.);
#1448=EDGE_CURVE('',#1145,#1146,#956,.T.);
#1449=EDGE_CURVE('',#1146,#1147,#549,.T.);
#1450=EDGE_CURVE('',#1147,#1148,#957,.T.);
#1451=EDGE_CURVE('',#1148,#1145,#550,.T.);
#1452=EDGE_CURVE('',#1058,#1112,#551,.T.);
#1453=EDGE_CURVE('',#1113,#1149,#552,.T.);
#1454=EDGE_CURVE('',#1149,#1150,#553,.T.);
#1455=EDGE_CURVE('',#1151,#1150,#958,.T.);
#1456=EDGE_CURVE('',#1151,#1152,#554,.T.);
#1457=EDGE_CURVE('',#1152,#1153,#555,.T.);
#1458=EDGE_CURVE('',#1153,#1046,#556,.T.);
#1459=EDGE_CURVE('',#1045,#1154,#557,.T.);
#1460=EDGE_CURVE('',#1154,#1155,#558,.T.);
#1461=EDGE_CURVE('',#1155,#1146,#559,.T.);
#1462=EDGE_CURVE('',#1145,#1156,#560,.T.);
#1463=EDGE_CURVE('',#1156,#1157,#561,.T.);
#1464=EDGE_CURVE('',#1157,#1158,#562,.T.);
#1465=EDGE_CURVE('',#1158,#1109,#563,.T.);
#1466=EDGE_CURVE('',#1137,#1159,#564,.T.);
#1467=EDGE_CURVE('',#1159,#1160,#565,.T.);
#1468=EDGE_CURVE('',#1160,#1107,#566,.T.);
#1469=EDGE_CURVE('',#1161,#1161,#959,.T.);
#1470=EDGE_CURVE('',#1162,#1162,#960,.T.);
#1471=EDGE_CURVE('',#1148,#1163,#567,.T.);
#1472=EDGE_CURVE('',#1163,#1164,#568,.T.);
#1473=EDGE_CURVE('',#1097,#1164,#569,.T.);
#1474=EDGE_CURVE('',#1096,#1165,#570,.T.);
#1475=EDGE_CURVE('',#1165,#1166,#571,.T.);
#1476=EDGE_CURVE('',#1166,#1157,#572,.T.);
#1477=EDGE_CURVE('',#1164,#1167,#21,.T.);
#1478=EDGE_CURVE('',#1167,#1168,#573,.T.);
#1479=EDGE_CURVE('',#1168,#1169,#961,.T.);
#1480=EDGE_CURVE('',#1169,#1098,#574,.T.);
#1481=EDGE_CURVE('',#1163,#1170,#575,.T.);
#1482=EDGE_CURVE('',#1171,#1170,#576,.T.);
#1483=EDGE_CURVE('',#1172,#1171,#22,.T.);
#1484=EDGE_CURVE('',#1173,#1172,#577,.T.);
#1485=EDGE_CURVE('',#1174,#1173,#23,.T.);
#1486=EDGE_CURVE('',#1175,#1174,#578,.T.);
#1487=EDGE_CURVE('',#1176,#1175,#24,.T.);
#1488=EDGE_CURVE('',#1177,#1176,#579,.T.);
#1489=EDGE_CURVE('',#1178,#1177,#580,.T.);
#1490=EDGE_CURVE('',#1179,#1178,#25,.T.);
#1491=EDGE_CURVE('',#1180,#1179,#581,.T.);
#1492=EDGE_CURVE('',#1181,#1180,#26,.T.);
#1493=EDGE_CURVE('',#1167,#1181,#582,.T.);
#1494=EDGE_CURVE('',#1182,#1183,#962,.T.);
#1495=EDGE_CURVE('',#1183,#1181,#583,.T.);
#1496=EDGE_CURVE('',#1180,#1182,#584,.T.);
#1497=EDGE_CURVE('',#1142,#1184,#585,.T.);
#1498=EDGE_CURVE('',#1184,#1140,#586,.T.);
#1499=EDGE_CURVE('',#1141,#1169,#587,.T.);
#1500=EDGE_CURVE('',#1168,#1183,#588,.T.);
#1501=EDGE_CURVE('',#1182,#1185,#589,.T.);
#1502=EDGE_CURVE('',#1186,#1185,#963,.T.);
#1503=EDGE_CURVE('',#1186,#1187,#590,.T.);
#1504=EDGE_CURVE('',#1187,#1188,#591,.T.);
#1505=EDGE_CURVE('',#1189,#1188,#964,.T.);
#1506=EDGE_CURVE('',#1189,#1190,#592,.T.);
#1507=EDGE_CURVE('',#1191,#1190,#965,.T.);
#1508=EDGE_CURVE('',#1191,#1192,#593,.T.);
#1509=EDGE_CURVE('',#1193,#1192,#966,.T.);
#1510=EDGE_CURVE('',#1193,#1194,#594,.T.);
#1511=EDGE_CURVE('',#1194,#1133,#595,.T.);
#1512=EDGE_CURVE('',#1134,#1050,#596,.T.);
#1513=EDGE_CURVE('',#1195,#1195,#967,.T.);
#1514=EDGE_CURVE('',#1185,#1179,#597,.T.);
#1515=EDGE_CURVE('',#1178,#1186,#598,.T.);
#1516=EDGE_CURVE('',#1188,#1176,#599,.T.);
#1517=EDGE_CURVE('',#1175,#1189,#600,.T.);
#1518=EDGE_CURVE('',#1190,#1174,#601,.T.);
#1519=EDGE_CURVE('',#1173,#1191,#602,.T.);
#1520=EDGE_CURVE('',#1192,#1172,#603,.T.);
#1521=EDGE_CURVE('',#1171,#1066,#604,.T.);
#1522=EDGE_CURVE('',#1065,#1193,#605,.T.);
#1523=EDGE_CURVE('',#1170,#1196,#606,.T.);
#1524=EDGE_CURVE('',#1150,#1196,#607,.T.);
#1525=EDGE_CURVE('',#1149,#1067,#608,.T.);
#1526=EDGE_CURVE('',#1196,#1197,#968,.T.);
#1527=EDGE_CURVE('',#1197,#1151,#609,.T.);
#1528=EDGE_CURVE('',#1197,#1198,#610,.T.);
#1529=EDGE_CURVE('',#1198,#1152,#611,.T.);
#1530=EDGE_CURVE('',#1199,#1147,#612,.T.);
#1531=EDGE_CURVE('',#1198,#1199,#613,.T.);
#1532=EDGE_CURVE('',#1200,#1200,#969,.T.);
#1533=EDGE_CURVE('',#1200,#1201,#614,.T.);
#1534=EDGE_CURVE('',#1131,#1200,#615,.T.);
#1535=EDGE_CURVE('',#1202,#1202,#970,.T.);
#1536=EDGE_CURVE('',#1202,#1203,#616,.T.);
#1537=EDGE_CURVE('',#1130,#1202,#617,.T.);
#1538=EDGE_CURVE('',#1204,#1204,#971,.T.);
#1539=EDGE_CURVE('',#1204,#1205,#618,.T.);
#1540=EDGE_CURVE('',#1129,#1204,#619,.T.);
#1541=EDGE_CURVE('',#1206,#1206,#972,.T.);
#1542=EDGE_CURVE('',#1206,#1207,#620,.T.);
#1543=EDGE_CURVE('',#1128,#1206,#621,.T.);
#1544=EDGE_CURVE('',#1160,#1073,#622,.T.);
#1545=EDGE_CURVE('',#1020,#1159,#623,.T.);
#1546=EDGE_CURVE('',#1044,#1153,#624,.T.);
#1547=EDGE_CURVE('',#1154,#1040,#625,.T.);
#1548=EDGE_CURVE('',#1199,#1155,#626,.T.);
#1549=EDGE_CURVE('',#1081,#1127,#627,.T.);
#1550=EDGE_CURVE('',#1194,#1064,#628,.T.);
#1551=EDGE_CURVE('',#1184,#1102,#629,.T.);
#1552=EDGE_CURVE('',#1158,#1095,#630,.T.);
#1553=EDGE_CURVE('',#1208,#1208,#973,.T.);
#1554=EDGE_CURVE('',#1209,#1209,#974,.T.);
#1555=EDGE_CURVE('',#1210,#1210,#975,.T.);
#1556=EDGE_CURVE('',#1162,#1210,#631,.T.);
#1557=EDGE_CURVE('',#1161,#1208,#632,.T.);
#1558=EDGE_CURVE('',#1195,#1209,#633,.T.);
#1559=EDGE_CURVE('',#1177,#1187,#634,.T.);
#1560=ORIENTED_EDGE('',*,*,#1211,.F.);
#1561=ORIENTED_EDGE('',*,*,#1212,.T.);
#1562=ORIENTED_EDGE('',*,*,#1213,.F.);
#1563=ORIENTED_EDGE('',*,*,#1212,.F.);
#1564=ORIENTED_EDGE('',*,*,#1214,.F.);
#1565=ORIENTED_EDGE('',*,*,#1215,.T.);
#1566=ORIENTED_EDGE('',*,*,#1216,.F.);
#1567=ORIENTED_EDGE('',*,*,#1215,.F.);
#1568=ORIENTED_EDGE('',*,*,#1217,.F.);
#1569=ORIENTED_EDGE('',*,*,#1218,.T.);
#1570=ORIENTED_EDGE('',*,*,#1219,.F.);
#1571=ORIENTED_EDGE('',*,*,#1218,.F.);
#1572=ORIENTED_EDGE('',*,*,#1220,.F.);
#1573=ORIENTED_EDGE('',*,*,#1221,.T.);
#1574=ORIENTED_EDGE('',*,*,#1222,.F.);
#1575=ORIENTED_EDGE('',*,*,#1221,.F.);
#1576=ORIENTED_EDGE('',*,*,#1223,.F.);
#1577=ORIENTED_EDGE('',*,*,#1224,.T.);
#1578=ORIENTED_EDGE('',*,*,#1225,.F.);
#1579=ORIENTED_EDGE('',*,*,#1224,.F.);
#1580=ORIENTED_EDGE('',*,*,#1223,.T.);
#1581=ORIENTED_EDGE('',*,*,#1211,.T.);
#1582=ORIENTED_EDGE('',*,*,#1226,.F.);
#1583=ORIENTED_EDGE('',*,*,#1227,.T.);
#1584=ORIENTED_EDGE('',*,*,#1228,.F.);
#1585=ORIENTED_EDGE('',*,*,#1227,.F.);
#1586=ORIENTED_EDGE('',*,*,#1226,.T.);
#1587=ORIENTED_EDGE('',*,*,#1217,.T.);
#1588=ORIENTED_EDGE('',*,*,#1229,.F.);
#1589=ORIENTED_EDGE('',*,*,#1230,.T.);
#1590=ORIENTED_EDGE('',*,*,#1231,.F.);
#1591=ORIENTED_EDGE('',*,*,#1230,.F.);
#1592=ORIENTED_EDGE('',*,*,#1229,.T.);
#1593=ORIENTED_EDGE('',*,*,#1220,.T.);
#1594=ORIENTED_EDGE('',*,*,#1232,.F.);
#1595=ORIENTED_EDGE('',*,*,#1233,.T.);
#1596=ORIENTED_EDGE('',*,*,#1234,.F.);
#1597=ORIENTED_EDGE('',*,*,#1233,.F.);
#1598=ORIENTED_EDGE('',*,*,#1232,.T.);
#1599=ORIENTED_EDGE('',*,*,#1214,.T.);
#1600=ORIENTED_EDGE('',*,*,#1235,.F.);
#1601=ORIENTED_EDGE('',*,*,#1236,.T.);
#1602=ORIENTED_EDGE('',*,*,#1237,.F.);
#1603=ORIENTED_EDGE('',*,*,#1238,.F.);
#1604=ORIENTED_EDGE('',*,*,#1239,.F.);
#1605=ORIENTED_EDGE('',*,*,#1240,.F.);
#1606=ORIENTED_EDGE('',*,*,#1241,.F.);
#1607=ORIENTED_EDGE('',*,*,#1242,.T.);
#1608=ORIENTED_EDGE('',*,*,#1243,.F.);
#1609=ORIENTED_EDGE('',*,*,#1244,.T.);
#1610=ORIENTED_EDGE('',*,*,#1245,.T.);
#1611=ORIENTED_EDGE('',*,*,#1239,.T.);
#1612=ORIENTED_EDGE('',*,*,#1244,.F.);
#1613=ORIENTED_EDGE('',*,*,#1246,.T.);
#1614=ORIENTED_EDGE('',*,*,#1247,.F.);
#1615=ORIENTED_EDGE('',*,*,#1248,.F.);
#1616=ORIENTED_EDGE('',*,*,#1249,.F.);
#1617=ORIENTED_EDGE('',*,*,#1241,.T.);
#1618=ORIENTED_EDGE('',*,*,#1250,.T.);
#1619=ORIENTED_EDGE('',*,*,#1247,.T.);
#1620=ORIENTED_EDGE('',*,*,#1251,.F.);
#1621=ORIENTED_EDGE('',*,*,#1252,.T.);
#1622=ORIENTED_EDGE('',*,*,#1253,.F.);
#1623=ORIENTED_EDGE('',*,*,#1254,.F.);
#1624=ORIENTED_EDGE('',*,*,#1255,.F.);
#1625=ORIENTED_EDGE('',*,*,#1256,.T.);
#1626=ORIENTED_EDGE('',*,*,#1257,.T.);
#1627=ORIENTED_EDGE('',*,*,#1253,.T.);
#1628=ORIENTED_EDGE('',*,*,#1256,.F.);
#1629=ORIENTED_EDGE('',*,*,#1258,.T.);
#1630=ORIENTED_EDGE('',*,*,#1259,.F.);
#1631=ORIENTED_EDGE('',*,*,#1260,.F.);
#1632=ORIENTED_EDGE('',*,*,#1261,.F.);
#1633=ORIENTED_EDGE('',*,*,#1251,.T.);
#1634=ORIENTED_EDGE('',*,*,#1262,.T.);
#1635=ORIENTED_EDGE('',*,*,#1259,.T.);
#1636=ORIENTED_EDGE('',*,*,#1261,.T.);
#1637=ORIENTED_EDGE('',*,*,#1258,.F.);
#1638=ORIENTED_EDGE('',*,*,#1255,.T.);
#1639=ORIENTED_EDGE('',*,*,#1252,.F.);
#1640=ORIENTED_EDGE('',*,*,#1263,.F.);
#1641=ORIENTED_EDGE('',*,*,#1235,.T.);
#1642=ORIENTED_EDGE('',*,*,#1264,.T.);
#1643=ORIENTED_EDGE('',*,*,#1265,.T.);
#1644=ORIENTED_EDGE('',*,*,#1265,.F.);
#1645=ORIENTED_EDGE('',*,*,#1266,.F.);
#1646=ORIENTED_EDGE('',*,*,#1267,.F.);
#1647=ORIENTED_EDGE('',*,*,#1268,.T.);
#1648=ORIENTED_EDGE('',*,*,#1269,.F.);
#1649=ORIENTED_EDGE('',*,*,#1267,.T.);
#1650=ORIENTED_EDGE('',*,*,#1270,.T.);
#1651=ORIENTED_EDGE('',*,*,#1237,.T.);
#1652=ORIENTED_EDGE('',*,*,#1263,.T.);
#1653=ORIENTED_EDGE('',*,*,#1268,.F.);
#1654=ORIENTED_EDGE('',*,*,#1269,.T.);
#1655=ORIENTED_EDGE('',*,*,#1236,.F.);
#1656=ORIENTED_EDGE('',*,*,#1243,.T.);
#1657=ORIENTED_EDGE('',*,*,#1242,.F.);
#1658=ORIENTED_EDGE('',*,*,#1249,.T.);
#1659=ORIENTED_EDGE('',*,*,#1246,.F.);
#1660=ORIENTED_EDGE('',*,*,#1271,.T.);
#1661=ORIENTED_EDGE('',*,*,#1272,.T.);
#1662=ORIENTED_EDGE('',*,*,#1273,.T.);
#1663=ORIENTED_EDGE('',*,*,#1274,.T.);
#1664=ORIENTED_EDGE('',*,*,#1272,.F.);
#1665=ORIENTED_EDGE('',*,*,#1275,.F.);
#1666=ORIENTED_EDGE('',*,*,#1276,.F.);
#1667=ORIENTED_EDGE('',*,*,#1277,.F.);
#1668=ORIENTED_EDGE('',*,*,#1278,.F.);
#1669=ORIENTED_EDGE('',*,*,#1279,.T.);
#1670=ORIENTED_EDGE('',*,*,#1280,.T.);
#1671=ORIENTED_EDGE('',*,*,#1281,.T.);
#1672=ORIENTED_EDGE('',*,*,#1282,.T.);
#1673=ORIENTED_EDGE('',*,*,#1274,.F.);
#1674=ORIENTED_EDGE('',*,*,#1283,.F.);
#1675=ORIENTED_EDGE('',*,*,#1280,.F.);
#1676=ORIENTED_EDGE('',*,*,#1284,.F.);
#1677=ORIENTED_EDGE('',*,*,#1285,.F.);
#1678=ORIENTED_EDGE('',*,*,#1286,.F.);
#1679=ORIENTED_EDGE('',*,*,#1287,.T.);
#1680=ORIENTED_EDGE('',*,*,#1288,.T.);
#1681=ORIENTED_EDGE('',*,*,#1289,.T.);
#1682=ORIENTED_EDGE('',*,*,#1277,.T.);
#1683=ORIENTED_EDGE('',*,*,#1288,.F.);
#1684=ORIENTED_EDGE('',*,*,#1290,.F.);
#1685=ORIENTED_EDGE('',*,*,#1291,.F.);
#1686=ORIENTED_EDGE('',*,*,#1292,.F.);
#1687=ORIENTED_EDGE('',*,*,#1293,.F.);
#1688=ORIENTED_EDGE('',*,*,#1294,.F.);
#1689=ORIENTED_EDGE('',*,*,#1295,.T.);
#1690=ORIENTED_EDGE('',*,*,#1296,.T.);
#1691=ORIENTED_EDGE('',*,*,#1297,.T.);
#1692=ORIENTED_EDGE('',*,*,#1293,.T.);
#1693=ORIENTED_EDGE('',*,*,#1282,.F.);
#1694=ORIENTED_EDGE('',*,*,#1298,.F.);
#1695=ORIENTED_EDGE('',*,*,#1296,.F.);
#1696=ORIENTED_EDGE('',*,*,#1299,.F.);
#1697=ORIENTED_EDGE('',*,*,#1300,.F.);
#1698=ORIENTED_EDGE('',*,*,#1301,.T.);
#1699=ORIENTED_EDGE('',*,*,#1302,.T.);
#1700=ORIENTED_EDGE('',*,*,#1303,.T.);
#1701=ORIENTED_EDGE('',*,*,#1301,.F.);
#1702=ORIENTED_EDGE('',*,*,#1304,.F.);
#1703=ORIENTED_EDGE('',*,*,#1305,.F.);
#1704=ORIENTED_EDGE('',*,*,#1306,.F.);
#1705=ORIENTED_EDGE('',*,*,#1307,.F.);
#1706=ORIENTED_EDGE('',*,*,#1308,.T.);
#1707=ORIENTED_EDGE('',*,*,#1309,.T.);
#1708=ORIENTED_EDGE('',*,*,#1305,.T.);
#1709=ORIENTED_EDGE('',*,*,#1300,.T.);
#1710=ORIENTED_EDGE('',*,*,#1310,.T.);
#1711=ORIENTED_EDGE('',*,*,#1311,.F.);
#1712=ORIENTED_EDGE('',*,*,#1312,.T.);
#1713=ORIENTED_EDGE('',*,*,#1307,.T.);
#1714=ORIENTED_EDGE('',*,*,#1304,.T.);
#1715=ORIENTED_EDGE('',*,*,#1294,.T.);
#1716=ORIENTED_EDGE('',*,*,#1297,.F.);
#1717=ORIENTED_EDGE('',*,*,#1298,.T.);
#1718=ORIENTED_EDGE('',*,*,#1281,.F.);
#1719=ORIENTED_EDGE('',*,*,#1283,.T.);
#1720=ORIENTED_EDGE('',*,*,#1273,.F.);
#1721=ORIENTED_EDGE('',*,*,#1278,.T.);
#1722=ORIENTED_EDGE('',*,*,#1289,.F.);
#1723=ORIENTED_EDGE('',*,*,#1313,.F.);
#1724=ORIENTED_EDGE('',*,*,#1314,.T.);
#1725=ORIENTED_EDGE('',*,*,#1315,.T.);
#1726=ORIENTED_EDGE('',*,*,#1316,.T.);
#1727=ORIENTED_EDGE('',*,*,#1314,.F.);
#1728=ORIENTED_EDGE('',*,*,#1317,.T.);
#1729=ORIENTED_EDGE('',*,*,#1318,.F.);
#1730=ORIENTED_EDGE('',*,*,#1319,.F.);
#1731=ORIENTED_EDGE('',*,*,#1320,.F.);
#1732=ORIENTED_EDGE('',*,*,#1321,.T.);
#1733=ORIENTED_EDGE('',*,*,#1322,.F.);
#1734=ORIENTED_EDGE('',*,*,#1318,.T.);
#1735=ORIENTED_EDGE('',*,*,#1321,.F.);
#1736=ORIENTED_EDGE('',*,*,#1323,.T.);
#1737=ORIENTED_EDGE('',*,*,#1324,.F.);
#1738=ORIENTED_EDGE('',*,*,#1325,.F.);
#1739=ORIENTED_EDGE('',*,*,#1326,.F.);
#1740=ORIENTED_EDGE('',*,*,#1327,.T.);
#1741=ORIENTED_EDGE('',*,*,#1328,.F.);
#1742=ORIENTED_EDGE('',*,*,#1329,.T.);
#1743=ORIENTED_EDGE('',*,*,#1313,.T.);
#1744=ORIENTED_EDGE('',*,*,#1330,.F.);
#1745=ORIENTED_EDGE('',*,*,#1331,.F.);
#1746=ORIENTED_EDGE('',*,*,#1332,.T.);
#1747=ORIENTED_EDGE('',*,*,#1333,.F.);
#1748=ORIENTED_EDGE('',*,*,#1334,.F.);
#1749=ORIENTED_EDGE('',*,*,#1335,.F.);
#1750=ORIENTED_EDGE('',*,*,#1336,.F.);
#1751=ORIENTED_EDGE('',*,*,#1337,.F.);
#1752=ORIENTED_EDGE('',*,*,#1338,.F.);
#1753=ORIENTED_EDGE('',*,*,#1339,.T.);
#1754=ORIENTED_EDGE('',*,*,#1340,.F.);
#1755=ORIENTED_EDGE('',*,*,#1328,.T.);
#1756=ORIENTED_EDGE('',*,*,#1341,.F.);
#1757=ORIENTED_EDGE('',*,*,#1342,.T.);
#1758=ORIENTED_EDGE('',*,*,#1343,.F.);
#1759=ORIENTED_EDGE('',*,*,#1344,.F.);
#1760=ORIENTED_EDGE('',*,*,#1285,.T.);
#1761=ORIENTED_EDGE('',*,*,#1345,.T.);
#1762=ORIENTED_EDGE('',*,*,#1346,.F.);
#1763=ORIENTED_EDGE('',*,*,#1347,.T.);
#1764=ORIENTED_EDGE('',*,*,#1348,.F.);
#1765=ORIENTED_EDGE('',*,*,#1349,.T.);
#1766=ORIENTED_EDGE('',*,*,#1350,.F.);
#1767=ORIENTED_EDGE('',*,*,#1351,.T.);
#1768=ORIENTED_EDGE('',*,*,#1352,.T.);
#1769=ORIENTED_EDGE('',*,*,#1353,.T.);
#1770=ORIENTED_EDGE('',*,*,#1354,.F.);
#1771=ORIENTED_EDGE('',*,*,#1355,.T.);
#1772=ORIENTED_EDGE('',*,*,#1356,.F.);
#1773=ORIENTED_EDGE('',*,*,#1357,.T.);
#1774=ORIENTED_EDGE('',*,*,#1358,.F.);
#1775=ORIENTED_EDGE('',*,*,#1359,.T.);
#1776=ORIENTED_EDGE('',*,*,#1291,.T.);
#1777=ORIENTED_EDGE('',*,*,#1360,.F.);
#1778=ORIENTED_EDGE('',*,*,#1361,.F.);
#1779=ORIENTED_EDGE('',*,*,#1362,.T.);
#1780=ORIENTED_EDGE('',*,*,#1363,.F.);
#1781=ORIENTED_EDGE('',*,*,#1364,.T.);
#1782=ORIENTED_EDGE('',*,*,#1365,.F.);
#1783=ORIENTED_EDGE('',*,*,#1366,.T.);
#1784=ORIENTED_EDGE('',*,*,#1367,.F.);
#1785=ORIENTED_EDGE('',*,*,#1368,.F.);
#1786=ORIENTED_EDGE('',*,*,#1369,.F.);
#1787=ORIENTED_EDGE('',*,*,#1370,.F.);
#1788=ORIENTED_EDGE('',*,*,#1371,.F.);
#1789=ORIENTED_EDGE('',*,*,#1372,.F.);
#1790=ORIENTED_EDGE('',*,*,#1373,.T.);
#1791=ORIENTED_EDGE('',*,*,#1374,.F.);
#1792=ORIENTED_EDGE('',*,*,#1375,.F.);
#1793=ORIENTED_EDGE('',*,*,#1376,.T.);
#1794=ORIENTED_EDGE('',*,*,#1377,.F.);
#1795=ORIENTED_EDGE('',*,*,#1378,.T.);
#1796=ORIENTED_EDGE('',*,*,#1323,.F.);
#1797=ORIENTED_EDGE('',*,*,#1320,.T.);
#1798=ORIENTED_EDGE('',*,*,#1317,.F.);
#1799=ORIENTED_EDGE('',*,*,#1327,.F.);
#1800=ORIENTED_EDGE('',*,*,#1379,.F.);
#1801=ORIENTED_EDGE('',*,*,#1380,.F.);
#1802=ORIENTED_EDGE('',*,*,#1341,.T.);
#1803=ORIENTED_EDGE('',*,*,#1342,.F.);
#1804=ORIENTED_EDGE('',*,*,#1380,.T.);
#1805=ORIENTED_EDGE('',*,*,#1381,.F.);
#1806=ORIENTED_EDGE('',*,*,#1382,.T.);
#1807=ORIENTED_EDGE('',*,*,#1366,.F.);
#1808=ORIENTED_EDGE('',*,*,#1383,.T.);
#1809=ORIENTED_EDGE('',*,*,#1384,.T.);
#1810=ORIENTED_EDGE('',*,*,#1385,.T.);
#1811=ORIENTED_EDGE('',*,*,#1383,.F.);
#1812=ORIENTED_EDGE('',*,*,#1365,.T.);
#1813=ORIENTED_EDGE('',*,*,#1386,.F.);
#1814=ORIENTED_EDGE('',*,*,#1387,.F.);
#1815=ORIENTED_EDGE('',*,*,#1339,.F.);
#1816=ORIENTED_EDGE('',*,*,#1388,.T.);
#1817=ORIENTED_EDGE('',*,*,#1389,.T.);
#1818=ORIENTED_EDGE('',*,*,#1390,.T.);
#1819=ORIENTED_EDGE('',*,*,#1388,.F.);
#1820=ORIENTED_EDGE('',*,*,#1338,.T.);
#1821=ORIENTED_EDGE('',*,*,#1391,.F.);
#1822=ORIENTED_EDGE('',*,*,#1392,.F.);
#1823=ORIENTED_EDGE('',*,*,#1393,.F.);
#1824=ORIENTED_EDGE('',*,*,#1394,.T.);
#1825=ORIENTED_EDGE('',*,*,#1348,.T.);
#1826=ORIENTED_EDGE('',*,*,#1395,.T.);
#1827=ORIENTED_EDGE('',*,*,#1394,.F.);
#1828=ORIENTED_EDGE('',*,*,#1396,.T.);
#1829=ORIENTED_EDGE('',*,*,#1397,.F.);
#1830=ORIENTED_EDGE('',*,*,#1349,.F.);
#1831=ORIENTED_EDGE('',*,*,#1398,.F.);
#1832=ORIENTED_EDGE('',*,*,#1399,.T.);
#1833=ORIENTED_EDGE('',*,*,#1350,.T.);
#1834=ORIENTED_EDGE('',*,*,#1397,.T.);
#1835=ORIENTED_EDGE('',*,*,#1399,.F.);
#1836=ORIENTED_EDGE('',*,*,#1400,.T.);
#1837=ORIENTED_EDGE('',*,*,#1401,.F.);
#1838=ORIENTED_EDGE('',*,*,#1351,.F.);
#1839=ORIENTED_EDGE('',*,*,#1402,.F.);
#1840=ORIENTED_EDGE('',*,*,#1403,.T.);
#1841=ORIENTED_EDGE('',*,*,#1354,.T.);
#1842=ORIENTED_EDGE('',*,*,#1404,.T.);
#1843=ORIENTED_EDGE('',*,*,#1403,.F.);
#1844=ORIENTED_EDGE('',*,*,#1405,.T.);
#1845=ORIENTED_EDGE('',*,*,#1406,.F.);
#1846=ORIENTED_EDGE('',*,*,#1355,.F.);
#1847=ORIENTED_EDGE('',*,*,#1407,.F.);
#1848=ORIENTED_EDGE('',*,*,#1408,.T.);
#1849=ORIENTED_EDGE('',*,*,#1356,.T.);
#1850=ORIENTED_EDGE('',*,*,#1406,.T.);
#1851=ORIENTED_EDGE('',*,*,#1408,.F.);
#1852=ORIENTED_EDGE('',*,*,#1409,.T.);
#1853=ORIENTED_EDGE('',*,*,#1410,.F.);
#1854=ORIENTED_EDGE('',*,*,#1357,.F.);
#1855=ORIENTED_EDGE('',*,*,#1411,.F.);
#1856=ORIENTED_EDGE('',*,*,#1412,.T.);
#1857=ORIENTED_EDGE('',*,*,#1358,.T.);
#1858=ORIENTED_EDGE('',*,*,#1410,.T.);
#1859=ORIENTED_EDGE('',*,*,#1412,.F.);
#1860=ORIENTED_EDGE('',*,*,#1413,.T.);
#1861=ORIENTED_EDGE('',*,*,#1414,.F.);
#1862=ORIENTED_EDGE('',*,*,#1345,.F.);
#1863=ORIENTED_EDGE('',*,*,#1284,.T.);
#1864=ORIENTED_EDGE('',*,*,#1279,.F.);
#1865=ORIENTED_EDGE('',*,*,#1299,.T.);
#1866=ORIENTED_EDGE('',*,*,#1295,.F.);
#1867=ORIENTED_EDGE('',*,*,#1292,.T.);
#1868=ORIENTED_EDGE('',*,*,#1359,.F.);
#1869=ORIENTED_EDGE('',*,*,#1415,.F.);
#1870=ORIENTED_EDGE('',*,*,#1416,.T.);
#1871=ORIENTED_EDGE('',*,*,#1346,.T.);
#1872=ORIENTED_EDGE('',*,*,#1414,.T.);
#1873=ORIENTED_EDGE('',*,*,#1393,.T.);
#1874=ORIENTED_EDGE('',*,*,#1417,.F.);
#1875=ORIENTED_EDGE('',*,*,#1415,.T.);
#1876=ORIENTED_EDGE('',*,*,#1413,.F.);
#1877=ORIENTED_EDGE('',*,*,#1411,.T.);
#1878=ORIENTED_EDGE('',*,*,#1409,.F.);
#1879=ORIENTED_EDGE('',*,*,#1407,.T.);
#1880=ORIENTED_EDGE('',*,*,#1405,.F.);
#1881=ORIENTED_EDGE('',*,*,#1402,.T.);
#1882=ORIENTED_EDGE('',*,*,#1418,.F.);
#1883=ORIENTED_EDGE('',*,*,#1419,.F.);
#1884=ORIENTED_EDGE('',*,*,#1400,.F.);
#1885=ORIENTED_EDGE('',*,*,#1398,.T.);
#1886=ORIENTED_EDGE('',*,*,#1396,.F.);
#1887=ORIENTED_EDGE('',*,*,#1420,.T.);
#1888=ORIENTED_EDGE('',*,*,#1421,.T.);
#1889=ORIENTED_EDGE('',*,*,#1422,.T.);
#1890=ORIENTED_EDGE('',*,*,#1423,.T.);
#1891=ORIENTED_EDGE('',*,*,#1332,.F.);
#1892=ORIENTED_EDGE('',*,*,#1424,.T.);
#1893=ORIENTED_EDGE('',*,*,#1425,.T.);
#1894=ORIENTED_EDGE('',*,*,#1426,.T.);
#1895=ORIENTED_EDGE('',*,*,#1424,.F.);
#1896=ORIENTED_EDGE('',*,*,#1331,.T.);
#1897=ORIENTED_EDGE('',*,*,#1427,.F.);
#1898=ORIENTED_EDGE('',*,*,#1428,.F.);
#1899=ORIENTED_EDGE('',*,*,#1429,.T.);
#1900=ORIENTED_EDGE('',*,*,#1430,.T.);
#1901=ORIENTED_EDGE('',*,*,#1362,.F.);
#1902=ORIENTED_EDGE('',*,*,#1431,.T.);
#1903=ORIENTED_EDGE('',*,*,#1431,.F.);
#1904=ORIENTED_EDGE('',*,*,#1361,.T.);
#1905=ORIENTED_EDGE('',*,*,#1432,.F.);
#1906=ORIENTED_EDGE('',*,*,#1433,.F.);
#1907=ORIENTED_EDGE('',*,*,#1430,.F.);
#1908=ORIENTED_EDGE('',*,*,#1434,.F.);
#1909=ORIENTED_EDGE('',*,*,#1435,.F.);
#1910=ORIENTED_EDGE('',*,*,#1363,.T.);
#1911=ORIENTED_EDGE('',*,*,#1364,.F.);
#1912=ORIENTED_EDGE('',*,*,#1435,.T.);
#1913=ORIENTED_EDGE('',*,*,#1436,.F.);
#1914=ORIENTED_EDGE('',*,*,#1386,.T.);
#1915=ORIENTED_EDGE('',*,*,#1373,.F.);
#1916=ORIENTED_EDGE('',*,*,#1437,.T.);
#1917=ORIENTED_EDGE('',*,*,#1438,.T.);
#1918=ORIENTED_EDGE('',*,*,#1439,.T.);
#1919=ORIENTED_EDGE('',*,*,#1437,.F.);
#1920=ORIENTED_EDGE('',*,*,#1372,.T.);
#1921=ORIENTED_EDGE('',*,*,#1440,.F.);
#1922=ORIENTED_EDGE('',*,*,#1441,.F.);
#1923=ORIENTED_EDGE('',*,*,#1376,.F.);
#1924=ORIENTED_EDGE('',*,*,#1442,.T.);
#1925=ORIENTED_EDGE('',*,*,#1443,.T.);
#1926=ORIENTED_EDGE('',*,*,#1444,.T.);
#1927=ORIENTED_EDGE('',*,*,#1444,.F.);
#1928=ORIENTED_EDGE('',*,*,#1445,.F.);
#1929=ORIENTED_EDGE('',*,*,#1446,.F.);
#1930=ORIENTED_EDGE('',*,*,#1377,.T.);
#1931=ORIENTED_EDGE('',*,*,#1447,.F.);
#1932=ORIENTED_EDGE('',*,*,#1324,.T.);
#1933=ORIENTED_EDGE('',*,*,#1378,.F.);
#1934=ORIENTED_EDGE('',*,*,#1446,.T.);
#1935=ORIENTED_EDGE('',*,*,#1448,.T.);
#1936=ORIENTED_EDGE('',*,*,#1449,.T.);
#1937=ORIENTED_EDGE('',*,*,#1450,.T.);
#1938=ORIENTED_EDGE('',*,*,#1451,.T.);
#1939=ORIENTED_EDGE('',*,*,#1381,.T.);
#1940=ORIENTED_EDGE('',*,*,#1379,.T.);
#1941=ORIENTED_EDGE('',*,*,#1326,.T.);
#1942=ORIENTED_EDGE('',*,*,#1452,.T.);
#1943=ORIENTED_EDGE('',*,*,#1389,.F.);
#1944=ORIENTED_EDGE('',*,*,#1392,.T.);
#1945=ORIENTED_EDGE('',*,*,#1453,.T.);
#1946=ORIENTED_EDGE('',*,*,#1454,.T.);
#1947=ORIENTED_EDGE('',*,*,#1455,.F.);
#1948=ORIENTED_EDGE('',*,*,#1456,.T.);
#1949=ORIENTED_EDGE('',*,*,#1457,.T.);
#1950=ORIENTED_EDGE('',*,*,#1458,.T.);
#1951=ORIENTED_EDGE('',*,*,#1311,.T.);
#1952=ORIENTED_EDGE('',*,*,#1459,.T.);
#1953=ORIENTED_EDGE('',*,*,#1460,.T.);
#1954=ORIENTED_EDGE('',*,*,#1461,.T.);
#1955=ORIENTED_EDGE('',*,*,#1448,.F.);
#1956=ORIENTED_EDGE('',*,*,#1462,.T.);
#1957=ORIENTED_EDGE('',*,*,#1463,.T.);
#1958=ORIENTED_EDGE('',*,*,#1464,.T.);
#1959=ORIENTED_EDGE('',*,*,#1465,.T.);
#1960=ORIENTED_EDGE('',*,*,#1384,.F.);
#1961=ORIENTED_EDGE('',*,*,#1387,.T.);
#1962=ORIENTED_EDGE('',*,*,#1436,.T.);
#1963=ORIENTED_EDGE('',*,*,#1434,.T.);
#1964=ORIENTED_EDGE('',*,*,#1429,.F.);
#1965=ORIENTED_EDGE('',*,*,#1433,.T.);
#1966=ORIENTED_EDGE('',*,*,#1466,.T.);
#1967=ORIENTED_EDGE('',*,*,#1467,.T.);
#1968=ORIENTED_EDGE('',*,*,#1468,.T.);
#1969=ORIENTED_EDGE('',*,*,#1213,.T.);
#1970=ORIENTED_EDGE('',*,*,#1219,.T.);
#1971=ORIENTED_EDGE('',*,*,#1469,.T.);
#1972=ORIENTED_EDGE('',*,*,#1470,.T.);
#1973=ORIENTED_EDGE('',*,*,#1451,.F.);
#1974=ORIENTED_EDGE('',*,*,#1471,.T.);
#1975=ORIENTED_EDGE('',*,*,#1472,.T.);
#1976=ORIENTED_EDGE('',*,*,#1473,.F.);
#1977=ORIENTED_EDGE('',*,*,#1369,.T.);
#1978=ORIENTED_EDGE('',*,*,#1474,.T.);
#1979=ORIENTED_EDGE('',*,*,#1475,.T.);
#1980=ORIENTED_EDGE('',*,*,#1476,.T.);
#1981=ORIENTED_EDGE('',*,*,#1463,.F.);
#1982=ORIENTED_EDGE('',*,*,#1462,.F.);
#1983=ORIENTED_EDGE('',*,*,#1477,.T.);
#1984=ORIENTED_EDGE('',*,*,#1478,.T.);
#1985=ORIENTED_EDGE('',*,*,#1479,.T.);
#1986=ORIENTED_EDGE('',*,*,#1480,.T.);
#1987=ORIENTED_EDGE('',*,*,#1370,.T.);
#1988=ORIENTED_EDGE('',*,*,#1473,.T.);
#1989=ORIENTED_EDGE('',*,*,#1477,.F.);
#1990=ORIENTED_EDGE('',*,*,#1472,.F.);
#1991=ORIENTED_EDGE('',*,*,#1481,.T.);
#1992=ORIENTED_EDGE('',*,*,#1482,.F.);
#1993=ORIENTED_EDGE('',*,*,#1483,.F.);
#1994=ORIENTED_EDGE('',*,*,#1484,.F.);
#1995=ORIENTED_EDGE('',*,*,#1485,.F.);
#1996=ORIENTED_EDGE('',*,*,#1486,.F.);
#1997=ORIENTED_EDGE('',*,*,#1487,.F.);
#1998=ORIENTED_EDGE('',*,*,#1488,.F.);
#1999=ORIENTED_EDGE('',*,*,#1489,.F.);
#2000=ORIENTED_EDGE('',*,*,#1490,.F.);
#2001=ORIENTED_EDGE('',*,*,#1491,.F.);
#2002=ORIENTED_EDGE('',*,*,#1492,.F.);
#2003=ORIENTED_EDGE('',*,*,#1493,.F.);
#2004=ORIENTED_EDGE('',*,*,#1231,.T.);
#2005=ORIENTED_EDGE('',*,*,#1234,.T.);
#2006=ORIENTED_EDGE('',*,*,#1238,.T.);
#2007=ORIENTED_EDGE('',*,*,#1270,.F.);
#2008=ORIENTED_EDGE('',*,*,#1266,.T.);
#2009=ORIENTED_EDGE('',*,*,#1264,.F.);
#2010=ORIENTED_EDGE('',*,*,#1240,.T.);
#2011=ORIENTED_EDGE('',*,*,#1245,.F.);
#2012=ORIENTED_EDGE('',*,*,#1248,.T.);
#2013=ORIENTED_EDGE('',*,*,#1250,.F.);
#2014=ORIENTED_EDGE('',*,*,#1260,.T.);
#2015=ORIENTED_EDGE('',*,*,#1262,.F.);
#2016=ORIENTED_EDGE('',*,*,#1254,.T.);
#2017=ORIENTED_EDGE('',*,*,#1257,.F.);
#2018=ORIENTED_EDGE('',*,*,#1494,.T.);
#2019=ORIENTED_EDGE('',*,*,#1495,.T.);
#2020=ORIENTED_EDGE('',*,*,#1492,.T.);
#2021=ORIENTED_EDGE('',*,*,#1496,.T.);
#2022=ORIENTED_EDGE('',*,*,#1322,.T.);
#2023=ORIENTED_EDGE('',*,*,#1325,.T.);
#2024=ORIENTED_EDGE('',*,*,#1447,.T.);
#2025=ORIENTED_EDGE('',*,*,#1445,.T.);
#2026=ORIENTED_EDGE('',*,*,#1443,.F.);
#2027=ORIENTED_EDGE('',*,*,#1497,.T.);
#2028=ORIENTED_EDGE('',*,*,#1498,.T.);
#2029=ORIENTED_EDGE('',*,*,#1438,.F.);
#2030=ORIENTED_EDGE('',*,*,#1441,.T.);
#2031=ORIENTED_EDGE('',*,*,#1499,.T.);
#2032=ORIENTED_EDGE('',*,*,#1479,.F.);
#2033=ORIENTED_EDGE('',*,*,#1500,.T.);
#2034=ORIENTED_EDGE('',*,*,#1494,.F.);
#2035=ORIENTED_EDGE('',*,*,#1501,.T.);
#2036=ORIENTED_EDGE('',*,*,#1502,.F.);
#2037=ORIENTED_EDGE('',*,*,#1503,.T.);
#2038=ORIENTED_EDGE('',*,*,#1504,.T.);
#2039=ORIENTED_EDGE('',*,*,#1505,.F.);
#2040=ORIENTED_EDGE('',*,*,#1506,.T.);
#2041=ORIENTED_EDGE('',*,*,#1507,.F.);
#2042=ORIENTED_EDGE('',*,*,#1508,.T.);
#2043=ORIENTED_EDGE('',*,*,#1509,.F.);
#2044=ORIENTED_EDGE('',*,*,#1510,.T.);
#2045=ORIENTED_EDGE('',*,*,#1511,.T.);
#2046=ORIENTED_EDGE('',*,*,#1425,.F.);
#2047=ORIENTED_EDGE('',*,*,#1428,.T.);
#2048=ORIENTED_EDGE('',*,*,#1512,.T.);
#2049=ORIENTED_EDGE('',*,*,#1315,.F.);
#2050=ORIENTED_EDGE('',*,*,#1319,.T.);
#2051=ORIENTED_EDGE('',*,*,#1216,.T.);
#2052=ORIENTED_EDGE('',*,*,#1222,.T.);
#2053=ORIENTED_EDGE('',*,*,#1513,.T.);
#2054=ORIENTED_EDGE('',*,*,#1496,.F.);
#2055=ORIENTED_EDGE('',*,*,#1491,.T.);
#2056=ORIENTED_EDGE('',*,*,#1514,.F.);
#2057=ORIENTED_EDGE('',*,*,#1501,.F.);
#2058=ORIENTED_EDGE('',*,*,#1502,.T.);
#2059=ORIENTED_EDGE('',*,*,#1514,.T.);
#2060=ORIENTED_EDGE('',*,*,#1490,.T.);
#2061=ORIENTED_EDGE('',*,*,#1515,.T.);
#2062=ORIENTED_EDGE('',*,*,#1505,.T.);
#2063=ORIENTED_EDGE('',*,*,#1516,.T.);
#2064=ORIENTED_EDGE('',*,*,#1487,.T.);
#2065=ORIENTED_EDGE('',*,*,#1517,.T.);
#2066=ORIENTED_EDGE('',*,*,#1517,.F.);
#2067=ORIENTED_EDGE('',*,*,#1486,.T.);
#2068=ORIENTED_EDGE('',*,*,#1518,.F.);
#2069=ORIENTED_EDGE('',*,*,#1506,.F.);
#2070=ORIENTED_EDGE('',*,*,#1507,.T.);
#2071=ORIENTED_EDGE('',*,*,#1518,.T.);
#2072=ORIENTED_EDGE('',*,*,#1485,.T.);
#2073=ORIENTED_EDGE('',*,*,#1519,.T.);
#2074=ORIENTED_EDGE('',*,*,#1519,.F.);
#2075=ORIENTED_EDGE('',*,*,#1484,.T.);
#2076=ORIENTED_EDGE('',*,*,#1520,.F.);
#2077=ORIENTED_EDGE('',*,*,#1508,.F.);
#2078=ORIENTED_EDGE('',*,*,#1483,.T.);
#2079=ORIENTED_EDGE('',*,*,#1521,.T.);
#2080=ORIENTED_EDGE('',*,*,#1335,.T.);
#2081=ORIENTED_EDGE('',*,*,#1522,.T.);
#2082=ORIENTED_EDGE('',*,*,#1509,.T.);
#2083=ORIENTED_EDGE('',*,*,#1520,.T.);
#2084=ORIENTED_EDGE('',*,*,#1521,.F.);
#2085=ORIENTED_EDGE('',*,*,#1482,.T.);
#2086=ORIENTED_EDGE('',*,*,#1523,.T.);
#2087=ORIENTED_EDGE('',*,*,#1524,.F.);
#2088=ORIENTED_EDGE('',*,*,#1454,.F.);
#2089=ORIENTED_EDGE('',*,*,#1525,.T.);
#2090=ORIENTED_EDGE('',*,*,#1336,.T.);
#2091=ORIENTED_EDGE('',*,*,#1455,.T.);
#2092=ORIENTED_EDGE('',*,*,#1524,.T.);
#2093=ORIENTED_EDGE('',*,*,#1526,.T.);
#2094=ORIENTED_EDGE('',*,*,#1527,.T.);
#2095=ORIENTED_EDGE('',*,*,#1527,.F.);
#2096=ORIENTED_EDGE('',*,*,#1528,.T.);
#2097=ORIENTED_EDGE('',*,*,#1529,.T.);
#2098=ORIENTED_EDGE('',*,*,#1456,.F.);
#2099=ORIENTED_EDGE('',*,*,#1450,.F.);
#2100=ORIENTED_EDGE('',*,*,#1530,.F.);
#2101=ORIENTED_EDGE('',*,*,#1531,.F.);
#2102=ORIENTED_EDGE('',*,*,#1528,.F.);
#2103=ORIENTED_EDGE('',*,*,#1526,.F.);
#2104=ORIENTED_EDGE('',*,*,#1523,.F.);
#2105=ORIENTED_EDGE('',*,*,#1481,.F.);
#2106=ORIENTED_EDGE('',*,*,#1471,.F.);
#2107=ORIENTED_EDGE('',*,*,#1225,.T.);
#2108=ORIENTED_EDGE('',*,*,#1228,.T.);
#2109=ORIENTED_EDGE('',*,*,#1532,.F.);
#2110=ORIENTED_EDGE('',*,*,#1533,.T.);
#2111=ORIENTED_EDGE('',*,*,#1533,.F.);
#2112=ORIENTED_EDGE('',*,*,#1423,.F.);
#2113=ORIENTED_EDGE('',*,*,#1534,.T.);
#2114=ORIENTED_EDGE('',*,*,#1532,.T.);
#2115=ORIENTED_EDGE('',*,*,#1534,.F.);
#2116=ORIENTED_EDGE('',*,*,#1535,.F.);
#2117=ORIENTED_EDGE('',*,*,#1536,.T.);
#2118=ORIENTED_EDGE('',*,*,#1536,.F.);
#2119=ORIENTED_EDGE('',*,*,#1422,.F.);
#2120=ORIENTED_EDGE('',*,*,#1537,.T.);
#2121=ORIENTED_EDGE('',*,*,#1535,.T.);
#2122=ORIENTED_EDGE('',*,*,#1537,.F.);
#2123=ORIENTED_EDGE('',*,*,#1538,.F.);
#2124=ORIENTED_EDGE('',*,*,#1539,.T.);
#2125=ORIENTED_EDGE('',*,*,#1539,.F.);
#2126=ORIENTED_EDGE('',*,*,#1421,.F.);
#2127=ORIENTED_EDGE('',*,*,#1540,.T.);
#2128=ORIENTED_EDGE('',*,*,#1538,.T.);
#2129=ORIENTED_EDGE('',*,*,#1540,.F.);
#2130=ORIENTED_EDGE('',*,*,#1541,.F.);
#2131=ORIENTED_EDGE('',*,*,#1542,.T.);
#2132=ORIENTED_EDGE('',*,*,#1542,.F.);
#2133=ORIENTED_EDGE('',*,*,#1420,.F.);
#2134=ORIENTED_EDGE('',*,*,#1543,.T.);
#2135=ORIENTED_EDGE('',*,*,#1541,.T.);
#2136=ORIENTED_EDGE('',*,*,#1543,.F.);
#2137=ORIENTED_EDGE('',*,*,#1275,.T.);
#2138=ORIENTED_EDGE('',*,*,#1271,.F.);
#2139=ORIENTED_EDGE('',*,*,#1286,.T.);
#2140=ORIENTED_EDGE('',*,*,#1344,.T.);
#2141=ORIENTED_EDGE('',*,*,#1544,.F.);
#2142=ORIENTED_EDGE('',*,*,#1467,.F.);
#2143=ORIENTED_EDGE('',*,*,#1545,.F.);
#2144=ORIENTED_EDGE('',*,*,#1308,.F.);
#2145=ORIENTED_EDGE('',*,*,#1312,.F.);
#2146=ORIENTED_EDGE('',*,*,#1458,.F.);
#2147=ORIENTED_EDGE('',*,*,#1546,.F.);
#2148=ORIENTED_EDGE('',*,*,#1303,.F.);
#2149=ORIENTED_EDGE('',*,*,#1547,.F.);
#2150=ORIENTED_EDGE('',*,*,#1459,.F.);
#2151=ORIENTED_EDGE('',*,*,#1310,.F.);
#2152=ORIENTED_EDGE('',*,*,#1531,.T.);
#2153=ORIENTED_EDGE('',*,*,#1548,.T.);
#2154=ORIENTED_EDGE('',*,*,#1460,.F.);
#2155=ORIENTED_EDGE('',*,*,#1547,.T.);
#2156=ORIENTED_EDGE('',*,*,#1302,.F.);
#2157=ORIENTED_EDGE('',*,*,#1306,.T.);
#2158=ORIENTED_EDGE('',*,*,#1309,.F.);
#2159=ORIENTED_EDGE('',*,*,#1546,.T.);
#2160=ORIENTED_EDGE('',*,*,#1457,.F.);
#2161=ORIENTED_EDGE('',*,*,#1529,.F.);
#2162=ORIENTED_EDGE('',*,*,#1352,.F.);
#2163=ORIENTED_EDGE('',*,*,#1401,.T.);
#2164=ORIENTED_EDGE('',*,*,#1419,.T.);
#2165=ORIENTED_EDGE('',*,*,#1549,.F.);
#2166=ORIENTED_EDGE('',*,*,#1404,.F.);
#2167=ORIENTED_EDGE('',*,*,#1353,.F.);
#2168=ORIENTED_EDGE('',*,*,#1549,.T.);
#2169=ORIENTED_EDGE('',*,*,#1418,.T.);
#2170=ORIENTED_EDGE('',*,*,#1395,.F.);
#2171=ORIENTED_EDGE('',*,*,#1347,.F.);
#2172=ORIENTED_EDGE('',*,*,#1416,.F.);
#2173=ORIENTED_EDGE('',*,*,#1417,.T.);
#2174=ORIENTED_EDGE('',*,*,#1522,.F.);
#2175=ORIENTED_EDGE('',*,*,#1334,.T.);
#2176=ORIENTED_EDGE('',*,*,#1550,.F.);
#2177=ORIENTED_EDGE('',*,*,#1510,.F.);
#2178=ORIENTED_EDGE('',*,*,#1426,.F.);
#2179=ORIENTED_EDGE('',*,*,#1511,.F.);
#2180=ORIENTED_EDGE('',*,*,#1550,.T.);
#2181=ORIENTED_EDGE('',*,*,#1333,.T.);
#2182=ORIENTED_EDGE('',*,*,#1316,.F.);
#2183=ORIENTED_EDGE('',*,*,#1512,.F.);
#2184=ORIENTED_EDGE('',*,*,#1427,.T.);
#2185=ORIENTED_EDGE('',*,*,#1330,.T.);
#2186=ORIENTED_EDGE('',*,*,#1442,.F.);
#2187=ORIENTED_EDGE('',*,*,#1375,.T.);
#2188=ORIENTED_EDGE('',*,*,#1551,.F.);
#2189=ORIENTED_EDGE('',*,*,#1497,.F.);
#2190=ORIENTED_EDGE('',*,*,#1439,.F.);
#2191=ORIENTED_EDGE('',*,*,#1498,.F.);
#2192=ORIENTED_EDGE('',*,*,#1551,.T.);
#2193=ORIENTED_EDGE('',*,*,#1374,.T.);
#2194=ORIENTED_EDGE('',*,*,#1480,.F.);
#2195=ORIENTED_EDGE('',*,*,#1499,.F.);
#2196=ORIENTED_EDGE('',*,*,#1440,.T.);
#2197=ORIENTED_EDGE('',*,*,#1371,.T.);
#2198=ORIENTED_EDGE('',*,*,#1552,.F.);
#2199=ORIENTED_EDGE('',*,*,#1464,.F.);
#2200=ORIENTED_EDGE('',*,*,#1476,.F.);
#2201=ORIENTED_EDGE('',*,*,#1475,.F.);
#2202=ORIENTED_EDGE('',*,*,#1474,.F.);
#2203=ORIENTED_EDGE('',*,*,#1368,.T.);
#2204=ORIENTED_EDGE('',*,*,#1553,.F.);
#2205=ORIENTED_EDGE('',*,*,#1554,.F.);
#2206=ORIENTED_EDGE('',*,*,#1555,.F.);
#2207=ORIENTED_EDGE('',*,*,#1470,.F.);
#2208=ORIENTED_EDGE('',*,*,#1556,.T.);
#2209=ORIENTED_EDGE('',*,*,#1555,.T.);
#2210=ORIENTED_EDGE('',*,*,#1556,.F.);
#2211=ORIENTED_EDGE('',*,*,#1469,.F.);
#2212=ORIENTED_EDGE('',*,*,#1557,.T.);
#2213=ORIENTED_EDGE('',*,*,#1553,.T.);
#2214=ORIENTED_EDGE('',*,*,#1557,.F.);
#2215=ORIENTED_EDGE('',*,*,#1329,.F.);
#2216=ORIENTED_EDGE('',*,*,#1340,.T.);
#2217=ORIENTED_EDGE('',*,*,#1390,.F.);
#2218=ORIENTED_EDGE('',*,*,#1452,.F.);
#2219=ORIENTED_EDGE('',*,*,#1276,.T.);
#2220=ORIENTED_EDGE('',*,*,#1545,.T.);
#2221=ORIENTED_EDGE('',*,*,#1466,.F.);
#2222=ORIENTED_EDGE('',*,*,#1432,.T.);
#2223=ORIENTED_EDGE('',*,*,#1360,.T.);
#2224=ORIENTED_EDGE('',*,*,#1290,.T.);
#2225=ORIENTED_EDGE('',*,*,#1287,.F.);
#2226=ORIENTED_EDGE('',*,*,#1385,.F.);
#2227=ORIENTED_EDGE('',*,*,#1465,.F.);
#2228=ORIENTED_EDGE('',*,*,#1552,.T.);
#2229=ORIENTED_EDGE('',*,*,#1367,.T.);
#2230=ORIENTED_EDGE('',*,*,#1525,.F.);
#2231=ORIENTED_EDGE('',*,*,#1453,.F.);
#2232=ORIENTED_EDGE('',*,*,#1391,.T.);
#2233=ORIENTED_EDGE('',*,*,#1337,.T.);
#2234=ORIENTED_EDGE('',*,*,#1382,.F.);
#2235=ORIENTED_EDGE('',*,*,#1468,.F.);
#2236=ORIENTED_EDGE('',*,*,#1544,.T.);
#2237=ORIENTED_EDGE('',*,*,#1343,.T.);
#2238=ORIENTED_EDGE('',*,*,#1513,.F.);
#2239=ORIENTED_EDGE('',*,*,#1558,.T.);
#2240=ORIENTED_EDGE('',*,*,#1554,.T.);
#2241=ORIENTED_EDGE('',*,*,#1558,.F.);
#2242=ORIENTED_EDGE('',*,*,#1449,.F.);
#2243=ORIENTED_EDGE('',*,*,#1461,.F.);
#2244=ORIENTED_EDGE('',*,*,#1548,.F.);
#2245=ORIENTED_EDGE('',*,*,#1530,.T.);
#2246=ORIENTED_EDGE('',*,*,#1478,.F.);
#2247=ORIENTED_EDGE('',*,*,#1493,.T.);
#2248=ORIENTED_EDGE('',*,*,#1495,.F.);
#2249=ORIENTED_EDGE('',*,*,#1500,.F.);
#2250=ORIENTED_EDGE('',*,*,#1515,.F.);
#2251=ORIENTED_EDGE('',*,*,#1489,.T.);
#2252=ORIENTED_EDGE('',*,*,#1559,.T.);
#2253=ORIENTED_EDGE('',*,*,#1503,.F.);
#2254=ORIENTED_EDGE('',*,*,#1516,.F.);
#2255=ORIENTED_EDGE('',*,*,#1504,.F.);
#2256=ORIENTED_EDGE('',*,*,#1559,.F.);
#2257=ORIENTED_EDGE('',*,*,#1488,.T.);
#2258=CYLINDRICAL_SURFACE('',#2445,1.2);
#2259=CYLINDRICAL_SURFACE('',#2448,1.2);
#2260=CYLINDRICAL_SURFACE('',#2451,1.2);
#2261=CYLINDRICAL_SURFACE('',#2454,1.2);
#2262=CYLINDRICAL_SURFACE('',#2457,1.85);
#2263=CYLINDRICAL_SURFACE('',#2461,1.85);
#2264=CYLINDRICAL_SURFACE('',#2465,1.85);
#2265=CYLINDRICAL_SURFACE('',#2469,1.85);
#2266=CYLINDRICAL_SURFACE('',#2475,2.);
#2267=CYLINDRICAL_SURFACE('',#2479,2.);
#2268=CYLINDRICAL_SURFACE('',#2483,2.);
#2269=CYLINDRICAL_SURFACE('',#2487,2.);
#2270=CYLINDRICAL_SURFACE('',#2491,2.);
#2271=CYLINDRICAL_SURFACE('',#2495,2.);
#2272=CYLINDRICAL_SURFACE('',#2500,1.);
#2273=CYLINDRICAL_SURFACE('',#2504,1.);
#2274=CYLINDRICAL_SURFACE('',#2508,1.);
#2275=CYLINDRICAL_SURFACE('',#2512,1.);
#2276=CYLINDRICAL_SURFACE('',#2516,1.);
#2277=CYLINDRICAL_SURFACE('',#2520,1.);
#2278=CYLINDRICAL_SURFACE('',#2524,2.);
#2279=CYLINDRICAL_SURFACE('',#2528,1.99999999999999);
#2280=CYLINDRICAL_SURFACE('',#2531,2.3);
#2281=CYLINDRICAL_SURFACE('',#2534,2.);
#2282=CYLINDRICAL_SURFACE('',#2557,2.3);
#2283=CYLINDRICAL_SURFACE('',#2559,2.);
#2284=CYLINDRICAL_SURFACE('',#2561,2.);
#2285=CYLINDRICAL_SURFACE('',#2564,2.);
#2286=CYLINDRICAL_SURFACE('',#2567,2.);
#2287=CYLINDRICAL_SURFACE('',#2570,2.);
#2288=CYLINDRICAL_SURFACE('',#2573,2.);
#2289=CYLINDRICAL_SURFACE('',#2576,2.);
#2290=CYLINDRICAL_SURFACE('',#2579,2.);
#2291=CYLINDRICAL_SURFACE('',#2582,2.);
#2292=CYLINDRICAL_SURFACE('',#2589,2.);
#2293=CYLINDRICAL_SURFACE('',#2592,1.99999999999999);
#2294=CYLINDRICAL_SURFACE('',#2595,2.3);
#2295=CYLINDRICAL_SURFACE('',#2597,2.00000000000001);
#2296=CYLINDRICAL_SURFACE('',#2599,2.);
#2297=CYLINDRICAL_SURFACE('',#2602,2.);
#2298=CYLINDRICAL_SURFACE('',#2605,2.);
#2299=CYLINDRICAL_SURFACE('',#2607,2.);
#2300=CYLINDRICAL_SURFACE('',#2615,2.);
#2301=CYLINDRICAL_SURFACE('',#2624,2.);
#2302=CYLINDRICAL_SURFACE('',#2633,2.);
#2303=CYLINDRICAL_SURFACE('',#2634,2.);
#2304=CYLINDRICAL_SURFACE('',#2636,2.);
#2305=CYLINDRICAL_SURFACE('',#2638,2.);
#2306=CYLINDRICAL_SURFACE('',#2640,2.);
#2307=CYLINDRICAL_SURFACE('',#2646,0.8115);
#2308=CYLINDRICAL_SURFACE('',#2649,0.8115);
#2309=CYLINDRICAL_SURFACE('',#2652,0.8115);
#2310=CYLINDRICAL_SURFACE('',#2655,0.8115);
#2311=CYLINDRICAL_SURFACE('',#2676,0.999999999999996);
#2312=CYLINDRICAL_SURFACE('',#2677,0.999999999999996);
#2313=CYLINDRICAL_SURFACE('',#2683,1.);
#2314=ADVANCED_FACE('',(#119),#2258,.F.);
#2315=ADVANCED_FACE('',(#120),#2259,.F.);
#2316=ADVANCED_FACE('',(#121),#2260,.F.);
#2317=ADVANCED_FACE('',(#122),#2261,.F.);
#2318=ADVANCED_FACE('',(#123),#2262,.F.);
#2319=ADVANCED_FACE('',(#124,#27),#50,.F.);
#2320=ADVANCED_FACE('',(#125),#2263,.F.);
#2321=ADVANCED_FACE('',(#126,#28),#51,.F.);
#2322=ADVANCED_FACE('',(#127),#2264,.F.);
#2323=ADVANCED_FACE('',(#128,#29),#52,.F.);
#2324=ADVANCED_FACE('',(#129),#2265,.F.);
#2325=ADVANCED_FACE('',(#130,#30),#53,.F.);
#2326=ADVANCED_FACE('',(#131),#54,.F.);
#2327=ADVANCED_FACE('',(#132),#55,.F.);
#2328=ADVANCED_FACE('',(#133),#2266,.F.);
#2329=ADVANCED_FACE('',(#134),#56,.F.);
#2330=ADVANCED_FACE('',(#135),#2267,.F.);
#2331=ADVANCED_FACE('',(#136),#57,.F.);
#2332=ADVANCED_FACE('',(#137),#2268,.F.);
#2333=ADVANCED_FACE('',(#138),#58,.F.);
#2334=ADVANCED_FACE('',(#139),#2269,.F.);
#2335=ADVANCED_FACE('',(#140),#59,.F.);
#2336=ADVANCED_FACE('',(#141),#2270,.F.);
#2337=ADVANCED_FACE('',(#142),#60,.F.);
#2338=ADVANCED_FACE('',(#143),#2271,.F.);
#2339=ADVANCED_FACE('',(#144),#61,.F.);
#2340=ADVANCED_FACE('',(#145),#62,.F.);
#2341=ADVANCED_FACE('',(#146),#2272,.F.);
#2342=ADVANCED_FACE('',(#147),#63,.F.);
#2343=ADVANCED_FACE('',(#148),#2273,.F.);
#2344=ADVANCED_FACE('',(#149),#64,.F.);
#2345=ADVANCED_FACE('',(#150),#2274,.F.);
#2346=ADVANCED_FACE('',(#151),#65,.F.);
#2347=ADVANCED_FACE('',(#152),#2275,.F.);
#2348=ADVANCED_FACE('',(#153),#66,.F.);
#2349=ADVANCED_FACE('',(#154),#2276,.F.);
#2350=ADVANCED_FACE('',(#155),#67,.F.);
#2351=ADVANCED_FACE('',(#156),#2277,.F.);
#2352=ADVANCED_FACE('',(#157,#31),#68,.F.);
#2353=ADVANCED_FACE('',(#158),#2278,.F.);
#2354=ADVANCED_FACE('',(#159),#69,.T.);
#2355=ADVANCED_FACE('',(#160),#2279,.F.);
#2356=ADVANCED_FACE('',(#161),#2280,.T.);
#2357=ADVANCED_FACE('',(#162),#2281,.F.);
#2358=ADVANCED_FACE('',(#163),#70,.T.);
#2359=ADVANCED_FACE('',(#164),#2282,.T.);
#2360=ADVANCED_FACE('',(#165),#2283,.F.);
#2361=ADVANCED_FACE('',(#166),#2284,.F.);
#2362=ADVANCED_FACE('',(#167),#71,.T.);
#2363=ADVANCED_FACE('',(#168),#2285,.F.);
#2364=ADVANCED_FACE('',(#169),#72,.T.);
#2365=ADVANCED_FACE('',(#170),#2286,.F.);
#2366=ADVANCED_FACE('',(#171),#73,.F.);
#2367=ADVANCED_FACE('',(#172),#2287,.F.);
#2368=ADVANCED_FACE('',(#173),#74,.F.);
#2369=ADVANCED_FACE('',(#174),#2288,.F.);
#2370=ADVANCED_FACE('',(#175),#75,.F.);
#2371=ADVANCED_FACE('',(#176),#2289,.F.);
#2372=ADVANCED_FACE('',(#177),#76,.F.);
#2373=ADVANCED_FACE('',(#178),#2290,.F.);
#2374=ADVANCED_FACE('',(#179),#77,.F.);
#2375=ADVANCED_FACE('',(#180),#2291,.F.);
#2376=ADVANCED_FACE('',(#181,#32,#33,#34,#35),#78,.F.);
#2377=ADVANCED_FACE('',(#182),#2292,.F.);
#2378=ADVANCED_FACE('',(#183),#79,.T.);
#2379=ADVANCED_FACE('',(#184),#2293,.F.);
#2380=ADVANCED_FACE('',(#185),#80,.T.);
#2381=ADVANCED_FACE('',(#186),#2294,.T.);
#2382=ADVANCED_FACE('',(#187),#2295,.F.);
#2383=ADVANCED_FACE('',(#188),#2296,.F.);
#2384=ADVANCED_FACE('',(#189),#81,.T.);
#2385=ADVANCED_FACE('',(#190),#2297,.F.);
#2386=ADVANCED_FACE('',(#191),#82,.T.);
#2387=ADVANCED_FACE('',(#192),#2298,.F.);
#2388=ADVANCED_FACE('',(#193),#2299,.T.);
#2389=ADVANCED_FACE('',(#194,#36,#37,#38,#39),#83,.T.);
#2390=ADVANCED_FACE('',(#195),#84,.T.);
#2391=ADVANCED_FACE('',(#196),#2300,.T.);
#2392=ADVANCED_FACE('',(#197,#40,#41,#42,#43,#44),#85,.F.);
#2393=ADVANCED_FACE('',(#198),#2301,.T.);
#2394=ADVANCED_FACE('',(#199,#45,#46,#47),#86,.T.);
#2395=ADVANCED_FACE('',(#200),#87,.T.);
#2396=ADVANCED_FACE('',(#201),#2302,.T.);
#2397=ADVANCED_FACE('',(#202),#2303,.T.);
#2398=ADVANCED_FACE('',(#203),#88,.T.);
#2399=ADVANCED_FACE('',(#204),#2304,.T.);
#2400=ADVANCED_FACE('',(#205),#89,.T.);
#2401=ADVANCED_FACE('',(#206),#2305,.T.);
#2402=ADVANCED_FACE('',(#207),#90,.T.);
#2403=ADVANCED_FACE('',(#208),#2306,.T.);
#2404=ADVANCED_FACE('',(#209),#91,.T.);
#2405=ADVANCED_FACE('',(#210,#48,#49),#92,.F.);
#2406=ADVANCED_FACE('',(#211),#15,.F.);
#2407=ADVANCED_FACE('',(#212),#2307,.F.);
#2408=ADVANCED_FACE('',(#213),#16,.F.);
#2409=ADVANCED_FACE('',(#214),#2308,.F.);
#2410=ADVANCED_FACE('',(#215),#17,.F.);
#2411=ADVANCED_FACE('',(#216),#2309,.F.);
#2412=ADVANCED_FACE('',(#217),#18,.F.);
#2413=ADVANCED_FACE('',(#218),#2310,.F.);
#2414=ADVANCED_FACE('',(#219),#93,.T.);
#2415=ADVANCED_FACE('',(#220),#94,.F.);
#2416=ADVANCED_FACE('',(#221),#95,.F.);
#2417=ADVANCED_FACE('',(#222),#96,.T.);
#2418=ADVANCED_FACE('',(#223),#97,.F.);
#2419=ADVANCED_FACE('',(#224),#98,.F.);
#2420=ADVANCED_FACE('',(#225),#99,.F.);
#2421=ADVANCED_FACE('',(#226),#100,.T.);
#2422=ADVANCED_FACE('',(#227),#101,.T.);
#2423=ADVANCED_FACE('',(#228),#102,.T.);
#2424=ADVANCED_FACE('',(#229),#103,.T.);
#2425=ADVANCED_FACE('',(#230),#104,.T.);
#2426=ADVANCED_FACE('',(#231),#105,.T.);
#2427=ADVANCED_FACE('',(#232),#106,.T.);
#2428=ADVANCED_FACE('',(#233),#107,.T.);
#2429=ADVANCED_FACE('',(#234),#108,.T.);
#2430=ADVANCED_FACE('',(#235),#109,.T.);
#2431=ADVANCED_FACE('',(#236),#2311,.F.);
#2432=ADVANCED_FACE('',(#237),#2312,.F.);
#2433=ADVANCED_FACE('',(#238),#110,.T.);
#2434=ADVANCED_FACE('',(#239),#111,.T.);
#2435=ADVANCED_FACE('',(#240),#112,.T.);
#2436=ADVANCED_FACE('',(#241),#113,.T.);
#2437=ADVANCED_FACE('',(#242),#114,.T.);
#2438=ADVANCED_FACE('',(#243),#2313,.F.);
#2439=ADVANCED_FACE('',(#244),#115,.T.);
#2440=ADVANCED_FACE('',(#245),#116,.T.);
#2441=ADVANCED_FACE('',(#246),#117,.T.);
#2442=ADVANCED_FACE('',(#247),#118,.T.);
#2443=CLOSED_SHELL('',(#2314,#2315,#2316,#2317,#2318,#2319,#2320,#2321,
#2322,#2323,#2324,#2325,#2326,#2327,#2328,#2329,#2330,#2331,#2332,#2333,
#2334,#2335,#2336,#2337,#2338,#2339,#2340,#2341,#2342,#2343,#2344,#2345,
#2346,#2347,#2348,#2349,#2350,#2351,#2352,#2353,#2354,#2355,#2356,#2357,
#2358,#2359,#2360,#2361,#2362,#2363,#2364,#2365,#2366,#2367,#2368,#2369,
#2370,#2371,#2372,#2373,#2374,#2375,#2376,#2377,#2378,#2379,#2380,#2381,
#2382,#2383,#2384,#2385,#2386,#2387,#2388,#2389,#2390,#2391,#2392,#2393,
#2394,#2395,#2396,#2397,#2398,#2399,#2400,#2401,#2402,#2403,#2404,#2405,
#2406,#2407,#2408,#2409,#2410,#2411,#2412,#2413,#2414,#2415,#2416,#2417,
#2418,#2419,#2420,#2421,#2422,#2423,#2424,#2425,#2426,#2427,#2428,#2429,
#2430,#2431,#2432,#2433,#2434,#2435,#2436,#2437,#2438,#2439,#2440,#2441,
#2442));
#2444=AXIS2_PLACEMENT_3D('',#3411,#2688,#2689);
#2445=AXIS2_PLACEMENT_3D('',#3412,#2690,#2691);
#2446=AXIS2_PLACEMENT_3D('',#3414,#2692,#2693);
#2447=AXIS2_PLACEMENT_3D('',#3417,#2695,#2696);
#2448=AXIS2_PLACEMENT_3D('',#3418,#2697,#2698);
#2449=AXIS2_PLACEMENT_3D('',#3420,#2699,#2700);
#2450=AXIS2_PLACEMENT_3D('',#3423,#2702,#2703);
#2451=AXIS2_PLACEMENT_3D('',#3424,#2704,#2705);
#2452=AXIS2_PLACEMENT_3D('',#3426,#2706,#2707);
#2453=AXIS2_PLACEMENT_3D('',#3429,#2709,#2710);
#2454=AXIS2_PLACEMENT_3D('',#3430,#2711,#2712);
#2455=AXIS2_PLACEMENT_3D('',#3432,#2713,#2714);
#2456=AXIS2_PLACEMENT_3D('',#3435,#2716,#2717);
#2457=AXIS2_PLACEMENT_3D('',#3436,#2718,#2719);
#2458=AXIS2_PLACEMENT_3D('',#3438,#2720,#2721);
#2459=AXIS2_PLACEMENT_3D('',#3441,#2723,#2724);
#2460=AXIS2_PLACEMENT_3D('',#3442,#2725,#2726);
#2461=AXIS2_PLACEMENT_3D('',#3443,#2727,#2728);
#2462=AXIS2_PLACEMENT_3D('',#3445,#2729,#2730);
#2463=AXIS2_PLACEMENT_3D('',#3448,#2732,#2733);
#2464=AXIS2_PLACEMENT_3D('',#3449,#2734,#2735);
#2465=AXIS2_PLACEMENT_3D('',#3450,#2736,#2737);
#2466=AXIS2_PLACEMENT_3D('',#3452,#2738,#2739);
#2467=AXIS2_PLACEMENT_3D('',#3455,#2741,#2742);
#2468=AXIS2_PLACEMENT_3D('',#3456,#2743,#2744);
#2469=AXIS2_PLACEMENT_3D('',#3457,#2745,#2746);
#2470=AXIS2_PLACEMENT_3D('',#3459,#2747,#2748);
#2471=AXIS2_PLACEMENT_3D('',#3462,#2750,#2751);
#2472=AXIS2_PLACEMENT_3D('',#3463,#2752,#2753);
#2473=AXIS2_PLACEMENT_3D('',#3464,#2754,#2755);
#2474=AXIS2_PLACEMENT_3D('',#3473,#2760,#2761);
#2475=AXIS2_PLACEMENT_3D('',#3482,#2766,#2767);
#2476=AXIS2_PLACEMENT_3D('',#3484,#2768,#2769);
#2477=AXIS2_PLACEMENT_3D('',#3487,#2771,#2772);
#2478=AXIS2_PLACEMENT_3D('',#3488,#2773,#2774);
#2479=AXIS2_PLACEMENT_3D('',#3494,#2778,#2779);
#2480=AXIS2_PLACEMENT_3D('',#3495,#2780,#2781);
#2481=AXIS2_PLACEMENT_3D('',#3496,#2782,#2783);
#2482=AXIS2_PLACEMENT_3D('',#3497,#2784,#2785);
#2483=AXIS2_PLACEMENT_3D('',#3506,#2790,#2791);
#2484=AXIS2_PLACEMENT_3D('',#3508,#2792,#2793);
#2485=AXIS2_PLACEMENT_3D('',#3511,#2795,#2796);
#2486=AXIS2_PLACEMENT_3D('',#3512,#2797,#2798);
#2487=AXIS2_PLACEMENT_3D('',#3518,#2802,#2803);
#2488=AXIS2_PLACEMENT_3D('',#3519,#2804,#2805);
#2489=AXIS2_PLACEMENT_3D('',#3520,#2806,#2807);
#2490=AXIS2_PLACEMENT_3D('',#3521,#2808,#2809);
#2491=AXIS2_PLACEMENT_3D('',#3522,#2810,#2811);
#2492=AXIS2_PLACEMENT_3D('',#3524,#2812,#2813);
#2493=AXIS2_PLACEMENT_3D('',#3526,#2814,#2815);
#2494=AXIS2_PLACEMENT_3D('',#3528,#2817,#2818);
#2495=AXIS2_PLACEMENT_3D('',#3534,#2822,#2823);
#2496=AXIS2_PLACEMENT_3D('',#3535,#2824,#2825);
#2497=AXIS2_PLACEMENT_3D('',#3536,#2826,#2827);
#2498=AXIS2_PLACEMENT_3D('',#3537,#2828,#2829);
#2499=AXIS2_PLACEMENT_3D('',#3538,#2830,#2831);
#2500=AXIS2_PLACEMENT_3D('',#3539,#2832,#2833);
#2501=AXIS2_PLACEMENT_3D('',#3542,#2834,#2835);
#2502=AXIS2_PLACEMENT_3D('',#3546,#2837,#2838);
#2503=AXIS2_PLACEMENT_3D('',#3548,#2840,#2841);
#2504=AXIS2_PLACEMENT_3D('',#3556,#2846,#2847);
#2505=AXIS2_PLACEMENT_3D('',#3559,#2848,#2849);
#2506=AXIS2_PLACEMENT_3D('',#3563,#2851,#2852);
#2507=AXIS2_PLACEMENT_3D('',#3565,#2854,#2855);
#2508=AXIS2_PLACEMENT_3D('',#3572,#2860,#2861);
#2509=AXIS2_PLACEMENT_3D('',#3574,#2862,#2863);
#2510=AXIS2_PLACEMENT_3D('',#3577,#2865,#2866);
#2511=AXIS2_PLACEMENT_3D('',#3578,#2867,#2868);
#2512=AXIS2_PLACEMENT_3D('',#3588,#2874,#2875);
#2513=AXIS2_PLACEMENT_3D('',#3590,#2876,#2877);
#2514=AXIS2_PLACEMENT_3D('',#3593,#2879,#2880);
#2515=AXIS2_PLACEMENT_3D('',#3594,#2881,#2882);
#2516=AXIS2_PLACEMENT_3D('',#3597,#2885,#2886);
#2517=AXIS2_PLACEMENT_3D('',#3600,#2887,#2888);
#2518=AXIS2_PLACEMENT_3D('',#3604,#2890,#2891);
#2519=AXIS2_PLACEMENT_3D('',#3606,#2893,#2894);
#2520=AXIS2_PLACEMENT_3D('',#3612,#2898,#2899);
#2521=AXIS2_PLACEMENT_3D('',#3614,#2900,#2901);
#2522=AXIS2_PLACEMENT_3D('',#3617,#2903,#2904);
#2523=AXIS2_PLACEMENT_3D('',#3618,#2905,#2906);
#2524=AXIS2_PLACEMENT_3D('',#3624,#2910,#2911);
#2525=AXIS2_PLACEMENT_3D('',#3627,#2912,#2913);
#2526=AXIS2_PLACEMENT_3D('',#3631,#2915,#2916);
#2527=AXIS2_PLACEMENT_3D('',#3633,#2918,#2919);
#2528=AXIS2_PLACEMENT_3D('',#3639,#2923,#2924);
#2529=AXIS2_PLACEMENT_3D('',#3641,#2925,#2926);
#2530=AXIS2_PLACEMENT_3D('',#3644,#2928,#2929);
#2531=AXIS2_PLACEMENT_3D('',#3645,#2930,#2931);
#2532=AXIS2_PLACEMENT_3D('',#3647,#2932,#2933);
#2533=AXIS2_PLACEMENT_3D('',#3650,#2935,#2936);
#2534=AXIS2_PLACEMENT_3D('',#3651,#2937,#2938);
#2535=AXIS2_PLACEMENT_3D('',#3654,#2939,#2940);
#2536=AXIS2_PLACEMENT_3D('',#3658,#2942,#2943);
#2537=AXIS2_PLACEMENT_3D('',#3660,#2945,#2946);
#2538=AXIS2_PLACEMENT_3D('',#3666,#2949,#2950);
#2539=AXIS2_PLACEMENT_3D('',#3672,#2953,#2954);
#2540=AXIS2_PLACEMENT_3D('',#3680,#2958,#2959);
#2541=AXIS2_PLACEMENT_3D('',#3683,#2961,#2962);
#2542=AXIS2_PLACEMENT_3D('',#3685,#2963,#2964);
#2543=AXIS2_PLACEMENT_3D('',#3692,#2968,#2969);
#2544=AXIS2_PLACEMENT_3D('',#3696,#2971,#2972);
#2545=AXIS2_PLACEMENT_3D('',#3700,#2974,#2975);
#2546=AXIS2_PLACEMENT_3D('',#3708,#2979,#2980);
#2547=AXIS2_PLACEMENT_3D('',#3712,#2982,#2983);
#2548=AXIS2_PLACEMENT_3D('',#3716,#2985,#2986);
#2549=AXIS2_PLACEMENT_3D('',#3723,#2990,#2991);
#2550=AXIS2_PLACEMENT_3D('',#3725,#2992,#2993);
#2551=AXIS2_PLACEMENT_3D('',#3727,#2994,#2995);
#2552=AXIS2_PLACEMENT_3D('',#3731,#2997,#2998);
#2553=AXIS2_PLACEMENT_3D('',#3739,#3002,#3003);
#2554=AXIS2_PLACEMENT_3D('',#3745,#3006,#3007);
#2555=AXIS2_PLACEMENT_3D('',#3751,#3010,#3011);
#2556=AXIS2_PLACEMENT_3D('',#3754,#3013,#3014);
#2557=AXIS2_PLACEMENT_3D('',#3755,#3015,#3016);
#2558=AXIS2_PLACEMENT_3D('',#3757,#3017,#3018);
#2559=AXIS2_PLACEMENT_3D('',#3759,#3020,#3021);
#2560=AXIS2_PLACEMENT_3D('',#3761,#3022,#3023);
#2561=AXIS2_PLACEMENT_3D('',#3763,#3025,#3026);
#2562=AXIS2_PLACEMENT_3D('',#3767,#3028,#3029);
#2563=AXIS2_PLACEMENT_3D('',#3769,#3031,#3032);
#2564=AXIS2_PLACEMENT_3D('',#3773,#3035,#3036);
#2565=AXIS2_PLACEMENT_3D('',#3777,#3038,#3039);
#2566=AXIS2_PLACEMENT_3D('',#3779,#3041,#3042);
#2567=AXIS2_PLACEMENT_3D('',#3783,#3045,#3046);
#2568=AXIS2_PLACEMENT_3D('',#3786,#3047,#3048);
#2569=AXIS2_PLACEMENT_3D('',#3789,#3051,#3052);
#2570=AXIS2_PLACEMENT_3D('',#3793,#3055,#3056);
#2571=AXIS2_PLACEMENT_3D('',#3795,#3057,#3058);
#2572=AXIS2_PLACEMENT_3D('',#3797,#3060,#3061);
#2573=AXIS2_PLACEMENT_3D('',#3801,#3064,#3065);
#2574=AXIS2_PLACEMENT_3D('',#3804,#3066,#3067);
#2575=AXIS2_PLACEMENT_3D('',#3807,#3070,#3071);
#2576=AXIS2_PLACEMENT_3D('',#3811,#3074,#3075);
#2577=AXIS2_PLACEMENT_3D('',#3813,#3076,#3077);
#2578=AXIS2_PLACEMENT_3D('',#3815,#3079,#3080);
#2579=AXIS2_PLACEMENT_3D('',#3819,#3083,#3084);
#2580=AXIS2_PLACEMENT_3D('',#3821,#3085,#3086);
#2581=AXIS2_PLACEMENT_3D('',#3823,#3088,#3089);
#2582=AXIS2_PLACEMENT_3D('',#3827,#3092,#3093);
#2583=AXIS2_PLACEMENT_3D('',#3829,#3094,#3095);
#2584=AXIS2_PLACEMENT_3D('',#3831,#3097,#3098);
#2585=AXIS2_PLACEMENT_3D('',#3837,#3102,#3103);
#2586=AXIS2_PLACEMENT_3D('',#3839,#3104,#3105);
#2587=AXIS2_PLACEMENT_3D('',#3841,#3106,#3107);
#2588=AXIS2_PLACEMENT_3D('',#3843,#3108,#3109);
#2589=AXIS2_PLACEMENT_3D('',#3844,#3110,#3111);
#2590=AXIS2_PLACEMENT_3D('',#3848,#3113,#3114);
#2591=AXIS2_PLACEMENT_3D('',#3850,#3116,#3117);
#2592=AXIS2_PLACEMENT_3D('',#3854,#3120,#3121);
#2593=AXIS2_PLACEMENT_3D('',#3857,#3122,#3123);
#2594=AXIS2_PLACEMENT_3D('',#3860,#3126,#3127);
#2595=AXIS2_PLACEMENT_3D('',#3864,#3130,#3131);
#2596=AXIS2_PLACEMENT_3D('',#3866,#3132,#3133);
#2597=AXIS2_PLACEMENT_3D('',#3868,#3135,#3136);
#2598=AXIS2_PLACEMENT_3D('',#3869,#3137,#3138);
#2599=AXIS2_PLACEMENT_3D('',#3870,#3139,#3140);
#2600=AXIS2_PLACEMENT_3D('',#3874,#3142,#3143);
#2601=AXIS2_PLACEMENT_3D('',#3876,#3145,#3146);
#2602=AXIS2_PLACEMENT_3D('',#3880,#3149,#3150);
#2603=AXIS2_PLACEMENT_3D('',#3884,#3152,#3153);
#2604=AXIS2_PLACEMENT_3D('',#3886,#3155,#3156);
#2605=AXIS2_PLACEMENT_3D('',#3890,#3159,#3160);
#2606=AXIS2_PLACEMENT_3D('',#3891,#3161,#3162);
#2607=AXIS2_PLACEMENT_3D('',#3892,#3163,#3164);
#2608=AXIS2_PLACEMENT_3D('',#3895,#3165,#3166);
#2609=AXIS2_PLACEMENT_3D('',#3899,#3168,#3169);
#2610=AXIS2_PLACEMENT_3D('',#3901,#3171,#3172);
#2611=AXIS2_PLACEMENT_3D('',#3908,#3176,#3177);
#2612=AXIS2_PLACEMENT_3D('',#3932,#3191,#3192);
#2613=AXIS2_PLACEMENT_3D('',#3934,#3193,#3194);
#2614=AXIS2_PLACEMENT_3D('',#3935,#3195,#3196);
#2615=AXIS2_PLACEMENT_3D('',#3946,#3203,#3204);
#2616=AXIS2_PLACEMENT_3D('',#3948,#3205,#3206);
#2617=AXIS2_PLACEMENT_3D('',#3952,#3208,#3209);
#2618=AXIS2_PLACEMENT_3D('',#3954,#3211,#3212);
#2619=AXIS2_PLACEMENT_3D('',#3960,#3215,#3216);
#2620=AXIS2_PLACEMENT_3D('',#3964,#3218,#3219);
#2621=AXIS2_PLACEMENT_3D('',#3968,#3221,#3222);
#2622=AXIS2_PLACEMENT_3D('',#3974,#3225,#3226);
#2623=AXIS2_PLACEMENT_3D('',#3978,#3228,#3229);
#2624=AXIS2_PLACEMENT_3D('',#3980,#3231,#3232);
#2625=AXIS2_PLACEMENT_3D('',#3983,#3233,#3234);
#2626=AXIS2_PLACEMENT_3D('',#3986,#3237,#3238);
#2627=AXIS2_PLACEMENT_3D('',#3995,#3244,#3245);
#2628=AXIS2_PLACEMENT_3D('',#4001,#3248,#3249);
#2629=AXIS2_PLACEMENT_3D('',#4005,#3251,#3252);
#2630=AXIS2_PLACEMENT_3D('',#4009,#3254,#3255);
#2631=AXIS2_PLACEMENT_3D('',#4015,#3259,#3260);
#2632=AXIS2_PLACEMENT_3D('',#4016,#3261,#3262);
#2633=AXIS2_PLACEMENT_3D('',#4018,#3264,#3265);
#2634=AXIS2_PLACEMENT_3D('',#4020,#3267,#3268);
#2635=AXIS2_PLACEMENT_3D('',#4023,#3271,#3272);
#2636=AXIS2_PLACEMENT_3D('',#4025,#3274,#3275);
#2637=AXIS2_PLACEMENT_3D('',#4027,#3277,#3278);
#2638=AXIS2_PLACEMENT_3D('',#4029,#3280,#3281);
#2639=AXIS2_PLACEMENT_3D('',#4032,#3284,#3285);
#2640=AXIS2_PLACEMENT_3D('',#4037,#3289,#3290);
#2641=AXIS2_PLACEMENT_3D('',#4039,#3291,#3292);
#2642=AXIS2_PLACEMENT_3D('',#4041,#3294,#3295);
#2643=AXIS2_PLACEMENT_3D('',#4045,#3298,#3299);
#2644=AXIS2_PLACEMENT_3D('',#4049,#3302,#3303);
#2645=AXIS2_PLACEMENT_3D('',#4051,#3304,#3305);
#2646=AXIS2_PLACEMENT_3D('',#4054,#3307,#3308);
#2647=AXIS2_PLACEMENT_3D('',#4056,#3310,#3311);
#2648=AXIS2_PLACEMENT_3D('',#4058,#3312,#3313);
#2649=AXIS2_PLACEMENT_3D('',#4061,#3315,#3316);
#2650=AXIS2_PLACEMENT_3D('',#4063,#3318,#3319);
#2651=AXIS2_PLACEMENT_3D('',#4065,#3320,#3321);
#2652=AXIS2_PLACEMENT_3D('',#4068,#3323,#3324);
#2653=AXIS2_PLACEMENT_3D('',#4070,#3326,#3327);
#2654=AXIS2_PLACEMENT_3D('',#4072,#3328,#3329);
#2655=AXIS2_PLACEMENT_3D('',#4075,#3331,#3332);
#2656=AXIS2_PLACEMENT_3D('',#4077,#3334,#3335);
#2657=AXIS2_PLACEMENT_3D('',#4080,#3338,#3339);
#2658=AXIS2_PLACEMENT_3D('',#4082,#3341,#3342);
#2659=AXIS2_PLACEMENT_3D('',#4084,#3344,#3345);
#2660=AXIS2_PLACEMENT_3D('',#4086,#3347,#3348);
#2661=AXIS2_PLACEMENT_3D('',#4088,#3350,#3351);
#2662=AXIS2_PLACEMENT_3D('',#4089,#3352,#3353);
#2663=AXIS2_PLACEMENT_3D('',#4090,#3354,#3355);
#2664=AXIS2_PLACEMENT_3D('',#4092,#3357,#3358);
#2665=AXIS2_PLACEMENT_3D('',#4093,#3359,#3360);
#2666=AXIS2_PLACEMENT_3D('',#4094,#3361,#3362);
#2667=AXIS2_PLACEMENT_3D('',#4096,#3364,#3365);
#2668=AXIS2_PLACEMENT_3D('',#4097,#3366,#3367);
#2669=AXIS2_PLACEMENT_3D('',#4098,#3368,#3369);
#2670=AXIS2_PLACEMENT_3D('',#4100,#3371,#3372);
#2671=AXIS2_PLACEMENT_3D('',#4102,#3373,#3374);
#2672=AXIS2_PLACEMENT_3D('',#4103,#3375,#3376);
#2673=AXIS2_PLACEMENT_3D('',#4105,#3377,#3378);
#2674=AXIS2_PLACEMENT_3D('',#4106,#3379,#3380);
#2675=AXIS2_PLACEMENT_3D('',#4108,#3381,#3382);
#2676=AXIS2_PLACEMENT_3D('',#4109,#3383,#3384);
#2677=AXIS2_PLACEMENT_3D('',#4111,#3386,#3387);
#2678=AXIS2_PLACEMENT_3D('',#4113,#3389,#3390);
#2679=AXIS2_PLACEMENT_3D('',#4114,#3391,#3392);
#2680=AXIS2_PLACEMENT_3D('',#4115,#3393,#3394);
#2681=AXIS2_PLACEMENT_3D('',#4116,#3395,#3396);
#2682=AXIS2_PLACEMENT_3D('',#4117,#3397,#3398);
#2683=AXIS2_PLACEMENT_3D('',#4118,#3399,#3400);
#2684=AXIS2_PLACEMENT_3D('',#4120,#3402,#3403);
#2685=AXIS2_PLACEMENT_3D('',#4121,#3404,#3405);
#2686=AXIS2_PLACEMENT_3D('',#4122,#3406,#3407);
#2687=AXIS2_PLACEMENT_3D('',#4124,#3409,#3410);
#2688=DIRECTION('axis',(0.,0.,1.));
#2689=DIRECTION('refdir',(1.,0.,0.));
#2690=DIRECTION('center_axis',(0.,1.,0.));
#2691=DIRECTION('ref_axis',(0.,0.,-1.));
#2692=DIRECTION('center_axis',(0.,1.,0.));
#2693=DIRECTION('ref_axis',(0.,0.,-1.));
#2694=DIRECTION('',(0.,1.,0.));
#2695=DIRECTION('center_axis',(0.,-1.,0.));
#2696=DIRECTION('ref_axis',(0.,0.,-1.));
#2697=DIRECTION('center_axis',(0.,1.,0.));
#2698=DIRECTION('ref_axis',(0.,0.,-1.));
#2699=DIRECTION('center_axis',(0.,1.,0.));
#2700=DIRECTION('ref_axis',(0.,0.,-1.));
#2701=DIRECTION('',(0.,1.,0.));
#2702=DIRECTION('center_axis',(0.,-1.,0.));
#2703=DIRECTION('ref_axis',(0.,0.,-1.));
#2704=DIRECTION('center_axis',(0.,1.,0.));
#2705=DIRECTION('ref_axis',(0.,0.,-1.));
#2706=DIRECTION('center_axis',(0.,1.,0.));
#2707=DIRECTION('ref_axis',(0.,0.,-1.));
#2708=DIRECTION('',(0.,1.,0.));
#2709=DIRECTION('center_axis',(0.,-1.,0.));
#2710=DIRECTION('ref_axis',(0.,0.,-1.));
#2711=DIRECTION('center_axis',(0.,1.,0.));
#2712=DIRECTION('ref_axis',(0.,0.,-1.));
#2713=DIRECTION('center_axis',(0.,1.,0.));
#2714=DIRECTION('ref_axis',(0.,0.,-1.));
#2715=DIRECTION('',(0.,1.,0.));
#2716=DIRECTION('center_axis',(0.,-1.,0.));
#2717=DIRECTION('ref_axis',(0.,0.,-1.));
#2718=DIRECTION('center_axis',(0.,-1.,0.));
#2719=DIRECTION('ref_axis',(1.,0.,0.));
#2720=DIRECTION('center_axis',(0.,-1.,0.));
#2721=DIRECTION('ref_axis',(1.,0.,0.));
#2722=DIRECTION('',(0.,-1.,0.));
#2723=DIRECTION('center_axis',(0.,1.,6.12323399573676E-17));
#2724=DIRECTION('ref_axis',(1.,0.,0.));
#2725=DIRECTION('center_axis',(0.,1.,0.));
#2726=DIRECTION('ref_axis',(0.,0.,1.));
#2727=DIRECTION('center_axis',(0.,-1.,0.));
#2728=DIRECTION('ref_axis',(1.,0.,0.));
#2729=DIRECTION('center_axis',(0.,-1.,0.));
#2730=DIRECTION('ref_axis',(1.,0.,0.));
#2731=DIRECTION('',(0.,-1.,0.));
#2732=DIRECTION('center_axis',(0.,1.,6.12323399573676E-17));
#2733=DIRECTION('ref_axis',(1.,0.,0.));
#2734=DIRECTION('center_axis',(0.,1.,0.));
#2735=DIRECTION('ref_axis',(0.,0.,1.));
#2736=DIRECTION('center_axis',(0.,-1.,0.));
#2737=DIRECTION('ref_axis',(1.,0.,0.));
#2738=DIRECTION('center_axis',(0.,-1.,0.));
#2739=DIRECTION('ref_axis',(1.,0.,0.));
#2740=DIRECTION('',(0.,-1.,0.));
#2741=DIRECTION('center_axis',(0.,0.984807753012208,-0.17364817766693));
#2742=DIRECTION('ref_axis',(0.,0.17364817766693,0.984807753012208));
#2743=DIRECTION('center_axis',(0.,1.,0.));
#2744=DIRECTION('ref_axis',(0.,0.,1.));
#2745=DIRECTION('center_axis',(0.,-1.,0.));
#2746=DIRECTION('ref_axis',(1.,0.,0.));
#2747=DIRECTION('center_axis',(0.,-1.,0.));
#2748=DIRECTION('ref_axis',(1.,0.,0.));
#2749=DIRECTION('',(0.,-1.,0.));
#2750=DIRECTION('center_axis',(0.,0.984807753012208,-0.17364817766693));
#2751=DIRECTION('ref_axis',(0.,0.17364817766693,0.984807753012208));
#2752=DIRECTION('center_axis',(0.,1.,0.));
#2753=DIRECTION('ref_axis',(0.,0.,1.));
#2754=DIRECTION('center_axis',(-9.25185853854287E-17,0.173648177666932,
0.984807753012208));
#2755=DIRECTION('ref_axis',(1.,1.6065683752502E-17,9.11130201852921E-17));
#2756=DIRECTION('',(0.,-0.984807753012208,0.173648177666932));
#2757=DIRECTION('',(1.,1.6065683752502E-17,9.11130201852921E-17));
#2758=DIRECTION('',(0.,0.984807753012208,-0.173648177666932));
#2759=DIRECTION('',(1.,1.6065683752502E-17,9.11130201852921E-17));
#2760=DIRECTION('center_axis',(0.,0.173648177666932,0.984807753012208));
#2761=DIRECTION('ref_axis',(1.,0.,0.));
#2762=DIRECTION('',(0.,0.984807753012208,-0.173648177666932));
#2763=DIRECTION('',(1.,0.,0.));
#2764=DIRECTION('',(0.,-0.984807753012208,0.173648177666932));
#2765=DIRECTION('',(1.,0.,0.));
#2766=DIRECTION('center_axis',(0.,0.984807753012208,-0.173648177666932));
#2767=DIRECTION('ref_axis',(0.707106781186538,-0.122787803968975,-0.696364240320029));
#2768=DIRECTION('center_axis',(0.,-0.984807753012208,0.173648177666932));
#2769=DIRECTION('ref_axis',(0.707106781186538,-0.122787803968975,-0.696364240320029));
#2770=DIRECTION('',(0.,-0.984807753012208,0.173648177666932));
#2771=DIRECTION('center_axis',(0.,-0.984807753012208,0.17364817766693));
#2772=DIRECTION('ref_axis',(0.707106781186538,-0.122787803968975,-0.696364240320029));
#2773=DIRECTION('center_axis',(0.,-0.173648177666932,-0.984807753012208));
#2774=DIRECTION('ref_axis',(-1.,0.,0.));
#2775=DIRECTION('',(-1.,0.,0.));
#2776=DIRECTION('',(0.,0.984807753012208,-0.173648177666932));
#2777=DIRECTION('',(-1.,0.,0.));
#2778=DIRECTION('center_axis',(0.,0.984807753012208,-0.173648177666932));
#2779=DIRECTION('ref_axis',(-0.707106781186547,0.122787803968974,0.696364240320019));
#2780=DIRECTION('center_axis',(0.,-0.984807753012208,0.173648177666932));
#2781=DIRECTION('ref_axis',(-0.707106781186547,0.122787803968974,0.696364240320019));
#2782=DIRECTION('center_axis',(0.,-0.984807753012208,0.17364817766693));
#2783=DIRECTION('ref_axis',(-0.707106781186547,0.122787803968974,0.696364240320019));
#2784=DIRECTION('center_axis',(-9.25185853854291E-17,0.173648177666931,
0.984807753012208));
#2785=DIRECTION('ref_axis',(1.,1.60656837525021E-17,9.11130201852925E-17));
#2786=DIRECTION('',(0.,-0.984807753012208,0.173648177666931));
#2787=DIRECTION('',(1.,1.60656837525021E-17,9.11130201852925E-17));
#2788=DIRECTION('',(0.,0.984807753012208,-0.173648177666931));
#2789=DIRECTION('',(1.,1.60656837525021E-17,9.11130201852926E-17));
#2790=DIRECTION('center_axis',(0.,0.984807753012208,-0.173648177666931));
#2791=DIRECTION('ref_axis',(0.707106781186538,-0.122787803968974,-0.696364240320028));
#2792=DIRECTION('center_axis',(0.,-0.984807753012208,0.173648177666931));
#2793=DIRECTION('ref_axis',(0.707106781186538,-0.122787803968974,-0.696364240320028));
#2794=DIRECTION('',(0.,-0.984807753012208,0.173648177666931));
#2795=DIRECTION('center_axis',(0.,-0.984807753012208,0.17364817766693));
#2796=DIRECTION('ref_axis',(0.707106781186538,-0.122787803968974,-0.696364240320028));
#2797=DIRECTION('center_axis',(0.,-0.173648177666931,-0.984807753012208));
#2798=DIRECTION('ref_axis',(-1.,0.,0.));
#2799=DIRECTION('',(-1.,0.,0.));
#2800=DIRECTION('',(0.,0.984807753012208,-0.173648177666931));
#2801=DIRECTION('',(-1.,0.,0.));
#2802=DIRECTION('center_axis',(0.,0.984807753012208,-0.173648177666931));
#2803=DIRECTION('ref_axis',(-0.707106781186546,-0.122787803968974,-0.69636424032002));
#2804=DIRECTION('center_axis',(0.,-0.984807753012208,0.173648177666931));
#2805=DIRECTION('ref_axis',(-0.707106781186546,0.122787803968974,0.69636424032002));
#2806=DIRECTION('center_axis',(0.,-0.984807753012208,0.17364817766693));
#2807=DIRECTION('ref_axis',(-0.707106781186546,0.122787803968974,0.69636424032002));
#2808=DIRECTION('center_axis',(0.,0.984807753012208,-0.173648177666931));
#2809=DIRECTION('ref_axis',(0.,0.173648177666931,0.984807753012208));
#2810=DIRECTION('center_axis',(0.,0.984807753012208,-0.173648177666932));
#2811=DIRECTION('ref_axis',(-0.707106781186546,-0.122787803968974,-0.69636424032002));
#2812=DIRECTION('center_axis',(0.,-0.984807753012208,0.173648177666932));
#2813=DIRECTION('ref_axis',(-0.707106781186546,0.122787803968974,0.69636424032002));
#2814=DIRECTION('center_axis',(0.,-0.984807753012208,0.17364817766693));
#2815=DIRECTION('ref_axis',(-0.707106781186546,0.122787803968974,0.69636424032002));
#2816=DIRECTION('',(0.,0.984807753012208,-0.173648177666932));
#2817=DIRECTION('center_axis',(0.,-0.173648177666932,-0.984807753012208));
#2818=DIRECTION('ref_axis',(-1.,0.,0.));
#2819=DIRECTION('',(-1.,0.,0.));
#2820=DIRECTION('',(0.,-0.984807753012208,0.173648177666932));
#2821=DIRECTION('',(-1.,0.,0.));
#2822=DIRECTION('center_axis',(0.,0.984807753012208,-0.173648177666932));
#2823=DIRECTION('ref_axis',(0.707106781186535,-0.122787803968975,-0.696364240320031));
#2824=DIRECTION('center_axis',(0.,-0.984807753012208,0.173648177666932));
#2825=DIRECTION('ref_axis',(0.707106781186535,-0.122787803968975,-0.696364240320031));
#2826=DIRECTION('center_axis',(0.,-0.984807753012208,0.17364817766693));
#2827=DIRECTION('ref_axis',(0.707106781186535,-0.122787803968975,-0.696364240320031));
#2828=DIRECTION('center_axis',(0.,0.984807753012208,-0.173648177666932));
#2829=DIRECTION('ref_axis',(0.,0.173648177666932,0.984807753012208));
#2830=DIRECTION('center_axis',(0.,0.984807753012208,-0.173648177666932));
#2831=DIRECTION('ref_axis',(0.,0.173648177666932,0.984807753012208));
#2832=DIRECTION('center_axis',(0.,0.,-1.));
#2833=DIRECTION('ref_axis',(0.707106781186548,0.707106781186547,0.));
#2834=DIRECTION('center_axis',(2.28736761149946E-13,0.,1.));
#2835=DIRECTION('ref_axis',(0.707106781186548,0.707106781186547,0.));
#2836=DIRECTION('',(0.,0.,-1.));
#2837=DIRECTION('center_axis',(-1.59004008269493E-10,0.,-1.));
#2838=DIRECTION('ref_axis',(0.707106781186548,0.707106781186547,-1.124328124832E-10));
#2839=DIRECTION('',(0.,0.,1.));
#2840=DIRECTION('center_axis',(-4.82070523850397E-16,1.,0.));
#2841=DIRECTION('ref_axis',(1.,4.82070523850397E-16,0.));
#2842=DIRECTION('',(1.,4.82070523850397E-16,-2.28736761149946E-13));
#2843=DIRECTION('',(1.,4.82070523850397E-16,-1.59004008269493E-10));
#2844=DIRECTION('',(0.,0.,1.));
#2845=DIRECTION('',(-1.,-4.82070523850397E-16,1.59004008269493E-10));
#2846=DIRECTION('center_axis',(0.,0.,-1.));
#2847=DIRECTION('ref_axis',(0.707106781186548,-0.707106781186547,0.));
#2848=DIRECTION('center_axis',(0.,0.,1.));
#2849=DIRECTION('ref_axis',(0.707106781186548,-0.707106781186547,0.));
#2850=DIRECTION('',(0.,0.,-1.));
#2851=DIRECTION('center_axis',(-1.59004008269493E-10,0.,-1.));
#2852=DIRECTION('ref_axis',(0.707106781186548,-0.707106781186547,-1.124328124832E-10));
#2853=DIRECTION('',(0.,0.,1.));
#2854=DIRECTION('center_axis',(1.,-1.07938349616335E-15,0.));
#2855=DIRECTION('ref_axis',(-1.07938349616335E-15,-1.,0.));
#2856=DIRECTION('',(1.07938349616335E-15,1.,-1.71626302349911E-25));
#2857=DIRECTION('',(-1.07938349616335E-15,-1.,0.));
#2858=DIRECTION('',(0.,0.,1.));
#2859=DIRECTION('',(-1.07938349616335E-15,-1.,2.46894684951111E-28));
#2860=DIRECTION('center_axis',(0.,0.,-1.));
#2861=DIRECTION('ref_axis',(-0.707106781186548,0.707106781186547,0.));
#2862=DIRECTION('center_axis',(1.59004008269493E-10,0.,1.));
#2863=DIRECTION('ref_axis',(-0.707106781186548,0.707106781186547,1.124328124832E-10));
#2864=DIRECTION('',(0.,0.,-1.));
#2865=DIRECTION('center_axis',(-1.59004008269493E-10,0.,-1.));
#2866=DIRECTION('ref_axis',(-0.707106781186548,0.707106781186547,1.124328124832E-10));
#2867=DIRECTION('center_axis',(-1.,0.,0.));
#2868=DIRECTION('ref_axis',(0.,1.,0.));
#2869=DIRECTION('',(0.,1.,0.));
#2870=DIRECTION('',(0.,0.,-1.));
#2871=DIRECTION('',(0.,1.,0.));
#2872=DIRECTION('',(0.,0.,1.));
#2873=DIRECTION('',(0.,-1.,0.));
#2874=DIRECTION('center_axis',(0.,0.,-1.));
#2875=DIRECTION('ref_axis',(-0.707106781186547,-0.707106781186548,0.));
#2876=DIRECTION('center_axis',(0.,0.,1.));
#2877=DIRECTION('ref_axis',(-0.707106781186547,-0.707106781186548,0.));
#2878=DIRECTION('',(0.,0.,-1.));
#2879=DIRECTION('center_axis',(-1.59004008269493E-10,0.,-1.));
#2880=DIRECTION('ref_axis',(-0.707106781186547,-0.707106781186548,1.124328124832E-10));
#2881=DIRECTION('center_axis',(2.10358046771082E-15,-1.,0.));
#2882=DIRECTION('ref_axis',(-1.,-2.10358046771082E-15,0.));
#2883=DIRECTION('',(1.,2.10358046771082E-15,-1.59004008269493E-10));
#2884=DIRECTION('',(-1.,-2.10358046771082E-15,0.));
#2885=DIRECTION('center_axis',(0.,0.,1.));
#2886=DIRECTION('ref_axis',(-0.707106781186547,-0.707106781186548,0.));
#2887=DIRECTION('center_axis',(-1.59004008269493E-10,0.,-1.));
#2888=DIRECTION('ref_axis',(-0.707106781186547,-0.707106781186548,1.124328124832E-10));
#2889=DIRECTION('',(0.,0.,-1.));
#2890=DIRECTION('center_axis',(7.0469605459219E-8,0.,-0.999999999999998));
#2891=DIRECTION('ref_axis',(-0.707106781186546,-0.707106781186548,-4.98295358877543E-8));
#2892=DIRECTION('',(0.,0.,1.));
#2893=DIRECTION('center_axis',(4.62592926927149E-17,-1.,0.));
#2894=DIRECTION('ref_axis',(1.,4.62592926927149E-17,0.));
#2895=DIRECTION('',(1.,4.62592926927149E-17,-1.59004008269493E-10));
#2896=DIRECTION('',(0.,0.,1.));
#2897=DIRECTION('',(0.999999999999998,4.62592926927147E-17,7.0469605459219E-8));
#2898=DIRECTION('center_axis',(0.,0.,1.));
#2899=DIRECTION('ref_axis',(0.707106781186548,-0.707106781186548,0.));
#2900=DIRECTION('center_axis',(-1.59004008269493E-10,0.,-1.));
#2901=DIRECTION('ref_axis',(0.707106781186548,-0.707106781186548,-1.124328124832E-10));
#2902=DIRECTION('',(0.,0.,-1.));
#2903=DIRECTION('center_axis',(7.0469605459219E-8,0.,-0.999999999999998));
#2904=DIRECTION('ref_axis',(0.707106781186547,-0.707106781186547,4.98295358877543E-8));
#2905=DIRECTION('center_axis',(1.59004008269493E-10,0.,1.));
#2906=DIRECTION('ref_axis',(1.,0.,-1.59004008269493E-10));
#2907=DIRECTION('',(-1.63268091856641E-16,-1.,2.59602810277176E-26));
#2908=DIRECTION('',(-1.,0.,1.59004008269493E-10));
#2909=DIRECTION('',(1.63268091856641E-16,1.,-2.59602810277176E-26));
#2910=DIRECTION('center_axis',(0.,-1.,0.));
#2911=DIRECTION('ref_axis',(0.0705626796631924,0.,0.997507347461035));
#2912=DIRECTION('center_axis',(0.,1.,0.));
#2913=DIRECTION('ref_axis',(0.0705626796631924,0.,0.997507347461035));
#2914=DIRECTION('',(0.,1.,0.));
#2915=DIRECTION('center_axis',(0.,1.,0.));
#2916=DIRECTION('ref_axis',(0.0705626796631924,0.,0.997507347461035));
#2917=DIRECTION('',(0.,-1.,0.));
#2918=DIRECTION('center_axis',(-1.45861071456461E-8,0.,-1.));
#2919=DIRECTION('ref_axis',(-1.,0.,1.45861071456461E-8));
#2920=DIRECTION('',(-1.,0.,1.45861071456461E-8));
#2921=DIRECTION('',(0.,-1.,0.));
#2922=DIRECTION('',(-1.,0.,1.45861071456461E-8));
#2923=DIRECTION('center_axis',(0.,-1.,0.));
#2924=DIRECTION('ref_axis',(-1.4586107044412E-8,0.,-1.));
#2925=DIRECTION('center_axis',(0.,1.,0.));
#2926=DIRECTION('ref_axis',(-1.4586107044412E-8,0.,-1.));
#2927=DIRECTION('',(0.,1.,0.));
#2928=DIRECTION('center_axis',(0.,1.,0.));
#2929=DIRECTION('ref_axis',(-1.4586107044412E-8,0.,-1.));
#2930=DIRECTION('center_axis',(0.,1.,0.));
#2931=DIRECTION('ref_axis',(1.,0.,0.));
#2932=DIRECTION('center_axis',(0.,1.,0.));
#2933=DIRECTION('ref_axis',(1.,0.,0.));
#2934=DIRECTION('',(0.,-1.,0.));
#2935=DIRECTION('center_axis',(0.,1.,0.));
#2936=DIRECTION('ref_axis',(1.,0.,0.));
#2937=DIRECTION('center_axis',(0.,1.,0.));
#2938=DIRECTION('ref_axis',(0.,0.,1.));
#2939=DIRECTION('center_axis',(0.,1.,0.));
#2940=DIRECTION('ref_axis',(0.,0.,1.));
#2941=DIRECTION('',(0.,-1.,0.));
#2942=DIRECTION('center_axis',(0.,1.,0.));
#2943=DIRECTION('ref_axis',(0.,0.,1.));
#2944=DIRECTION('',(0.,1.,0.));
#2945=DIRECTION('center_axis',(0.,1.,0.));
#2946=DIRECTION('ref_axis',(0.,0.,1.));
#2947=DIRECTION('',(-0.990041818530838,0.,0.140773568400291));
#2948=DIRECTION('',(-0.997190328307313,0.,0.074909606395664));
#2949=DIRECTION('center_axis',(0.,1.,0.));
#2950=DIRECTION('ref_axis',(0.733113090319517,0.,0.680106753974821));
#2951=DIRECTION('',(0.,0.,1.));
#2952=DIRECTION('',(-1.,0.,0.));
#2953=DIRECTION('center_axis',(0.,-1.,0.));
#2954=DIRECTION('ref_axis',(0.866092008804687,0.,0.49988461897188));
#2955=DIRECTION('',(0.,0.,1.));
#2956=DIRECTION('',(1.,0.,0.));
#2957=DIRECTION('',(0.,0.,1.));
#2958=DIRECTION('center_axis',(0.,1.,0.));
#2959=DIRECTION('ref_axis',(0.707106781186548,0.,-0.707106781186548));
#2960=DIRECTION('',(1.,0.,-2.17113245520546E-16));
#2961=DIRECTION('center_axis',(0.,1.,0.));
#2962=DIRECTION('ref_axis',(1.,0.,0.));
#2963=DIRECTION('center_axis',(0.,1.,0.));
#2964=DIRECTION('ref_axis',(0.979353420845504,0.,-0.202155576421252));
#2965=DIRECTION('',(0.990035339513601,0.,-0.140819126947264));
#2966=DIRECTION('',(1.,0.,-2.28736761149946E-13));
#2967=DIRECTION('',(1.,0.,0.));
#2968=DIRECTION('center_axis',(0.,1.,0.));
#2969=DIRECTION('ref_axis',(0.707106781186546,0.,-0.707106781186549));
#2970=DIRECTION('',(0.,0.,1.));
#2971=DIRECTION('center_axis',(0.,1.,0.));
#2972=DIRECTION('ref_axis',(0.707106781186547,0.,0.707106781186548));
#2973=DIRECTION('',(-1.,0.,3.35648821398303E-16));
#2974=DIRECTION('center_axis',(0.,1.,0.));
#2975=DIRECTION('ref_axis',(-0.707106781186548,0.,0.707106781186548));
#2976=DIRECTION('',(0.,0.,-1.));
#2977=DIRECTION('',(-1.,0.,0.));
#2978=DIRECTION('',(0.,0.,1.));
#2979=DIRECTION('center_axis',(0.,1.,0.));
#2980=DIRECTION('ref_axis',(0.707106781186547,0.,0.707106781186548));
#2981=DIRECTION('',(-1.,0.,-3.09828106373014E-16));
#2982=DIRECTION('center_axis',(0.,1.,0.));
#2983=DIRECTION('ref_axis',(-0.707106781186546,0.,0.707106781186549));
#2984=DIRECTION('',(0.,0.,-1.));
#2985=DIRECTION('center_axis',(0.,1.,0.));
#2986=DIRECTION('ref_axis',(-0.707106781186546,0.,-0.707106781186549));
#2987=DIRECTION('',(1.,0.,0.));
#2988=DIRECTION('',(1.,0.,-1.59004008269493E-10));
#2989=DIRECTION('',(0.990041824958455,0.,0.140773523195707));
#2990=DIRECTION('center_axis',(0.,1.,0.));
#2991=DIRECTION('ref_axis',(-0.140773523195703,0.,0.990041824958455));
#2992=DIRECTION('center_axis',(0.,1.,0.));
#2993=DIRECTION('ref_axis',(1.,0.,0.));
#2994=DIRECTION('center_axis',(0.,1.,0.));
#2995=DIRECTION('ref_axis',(1.77635683940024E-13,0.,1.));
#2996=DIRECTION('',(1.,0.,-1.81752063124024E-13));
#2997=DIRECTION('center_axis',(0.,1.,0.));
#2998=DIRECTION('ref_axis',(-0.70710678118661,0.,-0.707106781186485));
#2999=DIRECTION('',(0.,0.,-1.));
#3000=DIRECTION('',(1.,0.,0.));
#3001=DIRECTION('',(1.46745535301918E-14,0.,-1.));
#3002=DIRECTION('center_axis',(0.,-1.,0.));
#3003=DIRECTION('ref_axis',(-0.866092005548618,0.,0.499884624613294));
#3004=DIRECTION('',(-1.,0.,1.23268812580027E-16));
#3005=DIRECTION('',(0.,0.,-1.));
#3006=DIRECTION('center_axis',(0.,1.,0.));
#3007=DIRECTION('ref_axis',(-0.733113085359461,0.,0.680106759321455));
#3008=DIRECTION('',(-0.997190329399952,0.,-0.0749095918505387));
#3009=DIRECTION('',(-0.990041820303956,0.,-0.140773555930189));
#3010=DIRECTION('center_axis',(0.,1.,0.));
#3011=DIRECTION('ref_axis',(-0.0705626661062492,0.,0.997507348420039));
#3012=DIRECTION('',(-1.,0.,9.47469158629694E-16));
#3013=DIRECTION('center_axis',(0.,1.,0.));
#3014=DIRECTION('ref_axis',(-8.32667268468867E-16,0.,-1.));
#3015=DIRECTION('center_axis',(0.,1.,0.));
#3016=DIRECTION('ref_axis',(1.,0.,0.));
#3017=DIRECTION('center_axis',(0.,1.,0.));
#3018=DIRECTION('ref_axis',(1.,0.,0.));
#3019=DIRECTION('',(0.,1.,0.));
#3020=DIRECTION('center_axis',(0.,-1.,0.));
#3021=DIRECTION('ref_axis',(0.979353420845504,0.,-0.202155576421252));
#3022=DIRECTION('center_axis',(0.,1.,0.));
#3023=DIRECTION('ref_axis',(0.979353420845504,0.,-0.202155576421252));
#3024=DIRECTION('',(0.,-1.,0.));
#3025=DIRECTION('center_axis',(0.,-1.,0.));
#3026=DIRECTION('ref_axis',(-0.70710678118661,0.,-0.707106781186485));
#3027=DIRECTION('',(0.,1.,0.));
#3028=DIRECTION('center_axis',(0.,1.,0.));
#3029=DIRECTION('ref_axis',(-0.70710678118661,0.,-0.707106781186485));
#3030=DIRECTION('',(0.,-1.,0.));
#3031=DIRECTION('center_axis',(1.81752063124024E-13,0.,1.));
#3032=DIRECTION('ref_axis',(1.,0.,-1.81752063124024E-13));
#3033=DIRECTION('',(0.,-1.,0.));
#3034=DIRECTION('',(1.,0.,-1.81752063124024E-13));
#3035=DIRECTION('center_axis',(0.,1.,0.));
#3036=DIRECTION('ref_axis',(0.707106781186548,0.,-0.707106781186548));
#3037=DIRECTION('',(0.,1.,0.));
#3038=DIRECTION('center_axis',(0.,1.,0.));
#3039=DIRECTION('ref_axis',(0.707106781186548,0.,-0.707106781186548));
#3040=DIRECTION('',(0.,-1.,0.));
#3041=DIRECTION('center_axis',(-1.,0.,0.));
#3042=DIRECTION('ref_axis',(0.,0.,1.));
#3043=DIRECTION('',(0.,-1.,0.));
#3044=DIRECTION('',(0.,0.,1.));
#3045=DIRECTION('center_axis',(0.,-1.,0.));
#3046=DIRECTION('ref_axis',(0.707106781186547,0.,0.707106781186548));
#3047=DIRECTION('center_axis',(0.,1.,0.));
#3048=DIRECTION('ref_axis',(0.707106781186547,0.,0.707106781186548));
#3049=DIRECTION('',(0.,1.,0.));
#3050=DIRECTION('',(0.,-1.,0.));
#3051=DIRECTION('center_axis',(3.35648821398303E-16,0.,1.));
#3052=DIRECTION('ref_axis',(-1.,0.,3.35648821398303E-16));
#3053=DIRECTION('',(-1.,0.,3.35648821398303E-16));
#3054=DIRECTION('',(0.,-1.,0.));
#3055=DIRECTION('center_axis',(0.,-1.,0.));
#3056=DIRECTION('ref_axis',(-0.707106781186548,0.,0.707106781186548));
#3057=DIRECTION('center_axis',(0.,1.,0.));
#3058=DIRECTION('ref_axis',(-0.707106781186548,0.,0.707106781186548));
#3059=DIRECTION('',(0.,1.,0.));
#3060=DIRECTION('center_axis',(-1.,0.,0.));
#3061=DIRECTION('ref_axis',(0.,0.,-1.));
#3062=DIRECTION('',(0.,0.,-1.));
#3063=DIRECTION('',(0.,-1.,0.));
#3064=DIRECTION('center_axis',(0.,-1.,0.));
#3065=DIRECTION('ref_axis',(0.707106781186547,0.,0.707106781186548));
#3066=DIRECTION('center_axis',(0.,1.,0.));
#3067=DIRECTION('ref_axis',(0.707106781186547,0.,0.707106781186548));
#3068=DIRECTION('',(0.,1.,0.));
#3069=DIRECTION('',(0.,-1.,0.));
#3070=DIRECTION('center_axis',(-3.09828106373014E-16,0.,1.));
#3071=DIRECTION('ref_axis',(-1.,0.,-3.09828106373014E-16));
#3072=DIRECTION('',(-1.,0.,-3.09828106373014E-16));
#3073=DIRECTION('',(0.,-1.,0.));
#3074=DIRECTION('center_axis',(0.,-1.,0.));
#3075=DIRECTION('ref_axis',(-0.707106781186546,0.,0.707106781186549));
#3076=DIRECTION('center_axis',(0.,1.,0.));
#3077=DIRECTION('ref_axis',(-0.707106781186546,0.,0.707106781186549));
#3078=DIRECTION('',(0.,1.,0.));
#3079=DIRECTION('center_axis',(-1.,0.,0.));
#3080=DIRECTION('ref_axis',(0.,0.,-1.));
#3081=DIRECTION('',(0.,0.,-1.));
#3082=DIRECTION('',(0.,-1.,0.));
#3083=DIRECTION('center_axis',(0.,-1.,0.));
#3084=DIRECTION('ref_axis',(-0.707106781186546,0.,-0.707106781186549));
#3085=DIRECTION('center_axis',(0.,1.,0.));
#3086=DIRECTION('ref_axis',(-0.707106781186546,0.,-0.707106781186549));
#3087=DIRECTION('',(0.,1.,0.));
#3088=DIRECTION('center_axis',(0.,0.,-1.));
#3089=DIRECTION('ref_axis',(1.,0.,0.));
#3090=DIRECTION('',(1.,0.,0.));
#3091=DIRECTION('',(0.,-1.,0.));
#3092=DIRECTION('center_axis',(0.,-1.,0.));
#3093=DIRECTION('ref_axis',(0.707106781186546,0.,-0.707106781186549));
#3094=DIRECTION('center_axis',(0.,1.,0.));
#3095=DIRECTION('ref_axis',(0.707106781186546,0.,-0.707106781186549));
#3096=DIRECTION('',(0.,1.,0.));
#3097=DIRECTION('center_axis',(0.,-1.,0.));
#3098=DIRECTION('ref_axis',(0.,0.,-1.));
#3099=DIRECTION('',(0.,0.,1.));
#3100=DIRECTION('',(0.,0.,1.));
#3101=DIRECTION('',(-1.,0.,0.));
#3102=DIRECTION('center_axis',(0.,-1.,0.));
#3103=DIRECTION('ref_axis',(0.,0.,1.));
#3104=DIRECTION('center_axis',(0.,-1.,0.));
#3105=DIRECTION('ref_axis',(0.,0.,1.));
#3106=DIRECTION('center_axis',(0.,-1.,0.));
#3107=DIRECTION('ref_axis',(0.,0.,1.));
#3108=DIRECTION('center_axis',(0.,-1.,0.));
#3109=DIRECTION('ref_axis',(0.,0.,1.));
#3110=DIRECTION('center_axis',(0.,-1.,0.));
#3111=DIRECTION('ref_axis',(0.733113090319517,0.,0.680106753974821));
#3112=DIRECTION('',(0.,1.,0.));
#3113=DIRECTION('center_axis',(0.,1.,0.));
#3114=DIRECTION('ref_axis',(0.733113090319517,0.,0.680106753974821));
#3115=DIRECTION('',(0.,-1.,0.));
#3116=DIRECTION('center_axis',(-0.074909606395664,0.,-0.997190328307313));
#3117=DIRECTION('ref_axis',(-0.997190328307313,0.,0.074909606395664));
#3118=DIRECTION('',(0.,-1.,0.));
#3119=DIRECTION('',(-0.997190328307313,0.,0.074909606395664));
#3120=DIRECTION('center_axis',(0.,1.,0.));
#3121=DIRECTION('ref_axis',(-0.140773523195703,0.,0.990041824958455));
#3122=DIRECTION('center_axis',(0.,1.,0.));
#3123=DIRECTION('ref_axis',(-0.140773523195703,0.,0.990041824958455));
#3124=DIRECTION('',(0.,-1.,0.));
#3125=DIRECTION('',(0.,1.,0.));
#3126=DIRECTION('center_axis',(-0.140773523195707,0.,0.990041824958455));
#3127=DIRECTION('ref_axis',(0.990041824958455,0.,0.140773523195707));
#3128=DIRECTION('',(0.,-1.,0.));
#3129=DIRECTION('',(0.990041824958455,0.,0.140773523195707));
#3130=DIRECTION('center_axis',(0.,1.,0.));
#3131=DIRECTION('ref_axis',(1.,0.,0.));
#3132=DIRECTION('center_axis',(0.,1.,0.));
#3133=DIRECTION('ref_axis',(1.,0.,0.));
#3134=DIRECTION('',(0.,1.,0.));
#3135=DIRECTION('center_axis',(0.,-1.,0.));
#3136=DIRECTION('ref_axis',(1.77635683940024E-13,0.,1.));
#3137=DIRECTION('center_axis',(0.,1.,0.));
#3138=DIRECTION('ref_axis',(1.77635683940024E-13,0.,1.));
#3139=DIRECTION('center_axis',(0.,-1.,0.));
#3140=DIRECTION('ref_axis',(-0.733113085359461,0.,0.680106759321455));
#3141=DIRECTION('',(0.,1.,0.));
#3142=DIRECTION('center_axis',(0.,1.,0.));
#3143=DIRECTION('ref_axis',(-0.733113085359461,0.,0.680106759321455));
#3144=DIRECTION('',(0.,-1.,0.));
#3145=DIRECTION('center_axis',(1.,0.,0.));
#3146=DIRECTION('ref_axis',(0.,0.,-1.));
#3147=DIRECTION('',(0.,-1.,0.));
#3148=DIRECTION('',(0.,0.,-1.));
#3149=DIRECTION('center_axis',(0.,1.,0.));
#3150=DIRECTION('ref_axis',(-0.0705626661062492,0.,0.997507348420039));
#3151=DIRECTION('',(0.,1.,0.));
#3152=DIRECTION('center_axis',(0.,1.,0.));
#3153=DIRECTION('ref_axis',(-0.0705626661062492,0.,0.997507348420039));
#3154=DIRECTION('',(0.,-1.,0.));
#3155=DIRECTION('center_axis',(-9.47469158629694E-16,0.,-1.));
#3156=DIRECTION('ref_axis',(-1.,0.,9.47469158629694E-16));
#3157=DIRECTION('',(-1.,0.,9.47469158629694E-16));
#3158=DIRECTION('',(0.,1.,0.));
#3159=DIRECTION('center_axis',(0.,1.,0.));
#3160=DIRECTION('ref_axis',(-8.32667268468867E-16,0.,-1.));
#3161=DIRECTION('center_axis',(0.,1.,0.));
#3162=DIRECTION('ref_axis',(-8.32667268468867E-16,0.,-1.));
#3163=DIRECTION('center_axis',(0.,1.,0.));
#3164=DIRECTION('ref_axis',(-0.707106795230063,0.,-0.707106767143032));
#3165=DIRECTION('center_axis',(0.,-1.,0.));
#3166=DIRECTION('ref_axis',(-0.707106795230063,0.,-0.707106767143032));
#3167=DIRECTION('',(0.,-1.,0.));
#3168=DIRECTION('center_axis',(0.,1.,6.12323399573676E-17));
#3169=DIRECTION('ref_axis',(-0.707106795230063,0.,-0.707106767143032));
#3170=DIRECTION('',(0.,1.,0.));
#3171=DIRECTION('center_axis',(0.,1.,0.));
#3172=DIRECTION('ref_axis',(0.,0.,1.));
#3173=DIRECTION('',(1.,0.,-2.17113245520546E-16));
#3174=DIRECTION('',(1.,0.,0.));
#3175=DIRECTION('',(0.,0.,-1.));
#3176=DIRECTION('center_axis',(0.,-1.,0.));
#3177=DIRECTION('ref_axis',(0.707116452999144,0.,-0.707097109241658));
#3178=DIRECTION('',(-0.999999999625819,0.,-2.73562041835939E-5));
#3179=DIRECTION('',(-0.999999999999998,0.,-7.04696054592189E-8));
#3180=DIRECTION('',(0.,0.,1.));
#3181=DIRECTION('',(0.,0.,-1.));
#3182=DIRECTION('',(-0.999999999999998,0.,-7.04696054592189E-8));
#3183=DIRECTION('',(-0.999999999999999,0.,3.97210883767537E-8));
#3184=DIRECTION('',(-1.46745535301918E-14,0.,1.));
#3185=DIRECTION('',(0.,0.,1.));
#3186=DIRECTION('',(1.,0.,0.));
#3187=DIRECTION('',(0.,0.,-1.));
#3188=DIRECTION('',(1.,0.,-1.59004008269493E-10));
#3189=DIRECTION('',(1.,0.,-2.28736761149946E-13));
#3190=DIRECTION('',(0.990035339513601,0.,-0.140819126947264));
#3191=DIRECTION('center_axis',(0.,-1.,0.));
#3192=DIRECTION('ref_axis',(1.,0.,0.));
#3193=DIRECTION('center_axis',(0.,-1.,0.));
#3194=DIRECTION('ref_axis',(1.,0.,0.));
#3195=DIRECTION('center_axis',(-1.,0.,-1.46745535301918E-14));
#3196=DIRECTION('ref_axis',(1.46745535301918E-14,0.,-1.));
#3197=DIRECTION('',(-1.46745535301918E-14,-6.12323399573676E-17,1.));
#3198=DIRECTION('',(-1.44516140885255E-14,0.17364817766693,0.984807753012208));
#3199=DIRECTION('',(0.,-1.,0.));
#3200=DIRECTION('',(0.,1.,0.));
#3201=DIRECTION('',(0.,1.,0.));
#3202=DIRECTION('',(0.,1.,0.));
#3203=DIRECTION('center_axis',(0.,-1.,0.));
#3204=DIRECTION('ref_axis',(-0.866092005548618,0.,0.499884624613294));
#3205=DIRECTION('center_axis',(0.,0.984807753012208,-0.17364817766693));
#3206=DIRECTION('ref_axis',(-2.73339060555879E-16,0.17364817766693,0.984807753012208));
#3207=DIRECTION('',(0.,1.,0.));
#3208=DIRECTION('center_axis',(0.,-1.,0.));
#3209=DIRECTION('ref_axis',(-0.866092005548618,0.,0.499884624613294));
#3210=DIRECTION('',(0.,-1.,0.));
#3211=DIRECTION('center_axis',(0.,0.984807753012208,-0.17364817766693));
#3212=DIRECTION('ref_axis',(0.,0.17364817766693,0.984807753012208));
#3213=DIRECTION('',(1.,0.,0.));
#3214=DIRECTION('',(0.,-0.17364817766693,-0.984807753012208));
#3215=DIRECTION('center_axis',(0.,0.984807753012208,-0.17364817766693));
#3216=DIRECTION('ref_axis',(-5.46678121111759E-16,0.17364817766693,0.984807753012208));
#3217=DIRECTION('',(0.862543364808612,-0.0878630511968019,-0.498296124868563));
#3218=DIRECTION('center_axis',(0.,0.984807753012208,-0.17364817766693));
#3219=DIRECTION('ref_axis',(5.46678121111759E-16,0.17364817766693,0.984807753012208));
#3220=DIRECTION('',(0.991548088126785,-0.0225290619246371,-0.127768659306236));
#3221=DIRECTION('center_axis',(0.,0.984807753012208,-0.17364817766693));
#3222=DIRECTION('ref_axis',(-5.97929194965986E-17,0.17364817766693,0.984807753012208));
#3223=DIRECTION('',(1.,-1.28596217070968E-9,-7.29305387946193E-9));
#3224=DIRECTION('',(1.,0.,0.));
#3225=DIRECTION('center_axis',(0.,0.984807753012208,-0.17364817766693));
#3226=DIRECTION('ref_axis',(-1.96462449774538E-16,0.17364817766693,0.984807753012208));
#3227=DIRECTION('',(0.991548090157838,0.0225290592291805,0.127768644019542));
#3228=DIRECTION('center_axis',(0.,0.984807753012208,-0.17364817766693));
#3229=DIRECTION('ref_axis',(1.70836912847425E-16,0.17364817766693,0.984807753012208));
#3230=DIRECTION('',(0.862543371450221,0.0878630492307796,0.498296113718697));
#3231=DIRECTION('center_axis',(0.,1.,0.));
#3232=DIRECTION('ref_axis',(-0.320264222628578,0.,0.947328257629905));
#3233=DIRECTION('center_axis',(0.,-1.,0.));
#3234=DIRECTION('ref_axis',(-0.320264222628578,0.,0.947328257629905));
#3235=DIRECTION('',(0.,-1.,0.));
#3236=DIRECTION('',(0.,1.,0.));
#3237=DIRECTION('center_axis',(0.,1.,0.));
#3238=DIRECTION('ref_axis',(0.,0.,1.));
#3239=DIRECTION('',(-0.990041820303956,0.,-0.140773555930189));
#3240=DIRECTION('',(-0.997190329399952,0.,-0.0749095918505387));
#3241=DIRECTION('',(-1.,0.,1.23268812580027E-16));
#3242=DIRECTION('',(0.865892154148498,0.,0.500230724150441));
#3243=DIRECTION('',(0.991799820323227,0.,0.127801081399241));
#3244=DIRECTION('center_axis',(0.,-1.,0.));
#3245=DIRECTION('ref_axis',(-0.0640319438904267,0.,0.997947849419805));
#3246=DIRECTION('',(1.,0.,0.));
#3247=DIRECTION('',(1.,0.,-7.29305387946193E-9));
#3248=DIRECTION('center_axis',(0.,-1.,0.));
#3249=DIRECTION('ref_axis',(0.064031955226056,0.,0.99794784869247));
#3250=DIRECTION('',(0.991799818351917,0.,-0.127801096697581));
#3251=DIRECTION('center_axis',(0.,-1.,0.));
#3252=DIRECTION('ref_axis',(0.320264236105331,0.,0.947328253073806));
#3253=DIRECTION('',(0.865892147631841,0.,-0.500230735430679));
#3254=DIRECTION('center_axis',(0.,-1.,0.));
#3255=DIRECTION('ref_axis',(0.866092008804687,0.,0.49988461897188));
#3256=DIRECTION('',(-1.,0.,0.));
#3257=DIRECTION('',(0.,0.,1.));
#3258=DIRECTION('',(-0.990041818530838,0.,0.140773568400291));
#3259=DIRECTION('center_axis',(0.,-1.,0.));
#3260=DIRECTION('ref_axis',(1.,0.,0.));
#3261=DIRECTION('center_axis',(-0.127801081399241,0.,0.991799820323227));
#3262=DIRECTION('ref_axis',(-0.991799820323227,0.,-0.127801081399241));
#3263=DIRECTION('',(0.,-1.,0.));
#3264=DIRECTION('center_axis',(0.,1.,0.));
#3265=DIRECTION('ref_axis',(-0.0640319438904267,0.,0.997947849419805));
#3266=DIRECTION('',(0.,1.,0.));
#3267=DIRECTION('center_axis',(0.,1.,0.));
#3268=DIRECTION('ref_axis',(0.064031955226056,0.,0.99794784869247));
#3269=DIRECTION('',(0.,-1.,0.));
#3270=DIRECTION('',(0.,1.,0.));
#3271=DIRECTION('center_axis',(0.127801096697581,0.,0.991799818351917));
#3272=DIRECTION('ref_axis',(-0.991799818351917,0.,0.127801096697581));
#3273=DIRECTION('',(0.,-1.,0.));
#3274=DIRECTION('center_axis',(0.,1.,0.));
#3275=DIRECTION('ref_axis',(0.320264236105331,0.,0.947328253073806));
#3276=DIRECTION('',(0.,1.,0.));
#3277=DIRECTION('center_axis',(0.500230735430679,0.,0.865892147631841));
#3278=DIRECTION('ref_axis',(-0.865892147631841,0.,0.500230735430679));
#3279=DIRECTION('',(0.,-1.,0.));
#3280=DIRECTION('center_axis',(0.,-1.,0.));
#3281=DIRECTION('ref_axis',(0.866092008804687,0.,0.49988461897188));
#3282=DIRECTION('',(0.,1.,0.));
#3283=DIRECTION('',(0.,1.,0.));
#3284=DIRECTION('center_axis',(1.,0.,0.));
#3285=DIRECTION('ref_axis',(0.,0.,1.));
#3286=DIRECTION('',(0.,6.12323399573676E-17,-1.));
#3287=DIRECTION('',(0.,-1.,0.));
#3288=DIRECTION('',(0.,-1.,0.));
#3289=DIRECTION('center_axis',(0.,1.,0.));
#3290=DIRECTION('ref_axis',(0.707116452999144,0.,-0.707097109241658));
#3291=DIRECTION('center_axis',(0.,1.,6.12323399573676E-17));
#3292=DIRECTION('ref_axis',(0.707116452999144,0.,-0.707097109241658));
#3293=DIRECTION('',(0.,1.,0.));
#3294=DIRECTION('center_axis',(2.73562041835939E-5,0.,-0.999999999625819));
#3295=DIRECTION('ref_axis',(0.999999999625819,0.,2.73562041835939E-5));
#3296=DIRECTION('',(-0.999999999625819,1.67508439451299E-21,-2.73562041835939E-5));
#3297=DIRECTION('',(0.,1.,0.));
#3298=DIRECTION('center_axis',(0.,1.,6.12323399573676E-17));
#3299=DIRECTION('ref_axis',(0.,-6.12323399573676E-17,1.));
#3300=DIRECTION('',(-0.999999999999999,-2.43221518696203E-24,3.97210883767537E-8));
#3301=DIRECTION('',(-0.999999999999998,4.31501883814047E-24,-7.0469605459219E-8));
#3302=DIRECTION('center_axis',(0.,1.,0.));
#3303=DIRECTION('ref_axis',(0.,0.,1.));
#3304=DIRECTION('center_axis',(0.,-1.,0.));
#3305=DIRECTION('ref_axis',(0.,0.,1.));
#3306=DIRECTION('',(-1.04972719113862E-16,-0.515038074910054,0.857167300702112));
#3307=DIRECTION('center_axis',(0.,-1.,0.));
#3308=DIRECTION('ref_axis',(0.,0.,1.));
#3309=DIRECTION('',(0.,-1.,0.));
#3310=DIRECTION('center_axis',(0.,1.,0.));
#3311=DIRECTION('ref_axis',(0.,0.,1.));
#3312=DIRECTION('center_axis',(0.,-1.,0.));
#3313=DIRECTION('ref_axis',(0.,0.,1.));
#3314=DIRECTION('',(-1.04972719113862E-16,-0.515038074910054,0.857167300702112));
#3315=DIRECTION('center_axis',(0.,-1.,0.));
#3316=DIRECTION('ref_axis',(0.,0.,1.));
#3317=DIRECTION('',(0.,-1.,0.));
#3318=DIRECTION('center_axis',(0.,1.,0.));
#3319=DIRECTION('ref_axis',(0.,0.,1.));
#3320=DIRECTION('center_axis',(0.,-1.,0.));
#3321=DIRECTION('ref_axis',(0.,0.,1.));
#3322=DIRECTION('',(-1.04972719113862E-16,-0.515038074910054,0.857167300702112));
#3323=DIRECTION('center_axis',(0.,-1.,0.));
#3324=DIRECTION('ref_axis',(0.,0.,1.));
#3325=DIRECTION('',(0.,-1.,0.));
#3326=DIRECTION('center_axis',(0.,1.,0.));
#3327=DIRECTION('ref_axis',(0.,0.,1.));
#3328=DIRECTION('center_axis',(0.,-1.,0.));
#3329=DIRECTION('ref_axis',(0.,0.,1.));
#3330=DIRECTION('',(-1.04972719113862E-16,-0.515038074910054,0.857167300702112));
#3331=DIRECTION('center_axis',(0.,-1.,0.));
#3332=DIRECTION('ref_axis',(0.,0.,1.));
#3333=DIRECTION('',(0.,-1.,0.));
#3334=DIRECTION('center_axis',(2.28736761149946E-13,0.,1.));
#3335=DIRECTION('ref_axis',(1.,0.,-2.28736761149946E-13));
#3336=DIRECTION('',(0.,-1.,0.));
#3337=DIRECTION('',(0.,1.,0.));
#3338=DIRECTION('center_axis',(1.,-1.63268091856641E-16,0.));
#3339=DIRECTION('ref_axis',(1.63268091856641E-16,1.,0.));
#3340=DIRECTION('',(1.63268091856641E-16,1.,1.1505438017217E-23));
#3341=DIRECTION('center_axis',(-1.,1.63268091856641E-16,0.));
#3342=DIRECTION('ref_axis',(-1.63268091856641E-16,-1.,0.));
#3343=DIRECTION('',(-1.63268091856641E-16,-1.,-1.1505438017217E-23));
#3344=DIRECTION('center_axis',(7.0469605459219E-8,0.,-0.999999999999998));
#3345=DIRECTION('ref_axis',(0.999999999999998,0.,7.0469605459219E-8));
#3346=DIRECTION('',(0.,1.,0.));
#3347=DIRECTION('center_axis',(0.,0.,1.));
#3348=DIRECTION('ref_axis',(-1.,0.,0.));
#3349=DIRECTION('',(0.,-1.,0.));
#3350=DIRECTION('center_axis',(1.,0.,0.));
#3351=DIRECTION('ref_axis',(0.,0.,1.));
#3352=DIRECTION('center_axis',(1.,0.,0.));
#3353=DIRECTION('ref_axis',(0.,0.,1.));
#3354=DIRECTION('center_axis',(0.,0.,-1.));
#3355=DIRECTION('ref_axis',(-1.,0.,0.));
#3356=DIRECTION('',(0.,-1.,0.));
#3357=DIRECTION('center_axis',(-1.,0.,0.));
#3358=DIRECTION('ref_axis',(0.,0.,1.));
#3359=DIRECTION('center_axis',(-0.140773568400291,0.,-0.990041818530838));
#3360=DIRECTION('ref_axis',(-0.990041818530838,0.,0.140773568400291));
#3361=DIRECTION('center_axis',(0.140773555930189,0.,-0.990041820303956));
#3362=DIRECTION('ref_axis',(-0.990041820303956,0.,-0.140773555930189));
#3363=DIRECTION('',(0.,-1.,0.));
#3364=DIRECTION('center_axis',(0.0749095918505387,0.,-0.997190329399953));
#3365=DIRECTION('ref_axis',(-0.997190329399952,0.,-0.0749095918505387));
#3366=DIRECTION('center_axis',(-1.23268812580027E-16,0.,-1.));
#3367=DIRECTION('ref_axis',(-1.,0.,1.23268812580027E-16));
#3368=DIRECTION('center_axis',(0.,0.,1.));
#3369=DIRECTION('ref_axis',(1.,0.,0.));
#3370=DIRECTION('',(0.,-1.,0.));
#3371=DIRECTION('center_axis',(0.,1.,0.));
#3372=DIRECTION('ref_axis',(1.,0.,0.));
#3373=DIRECTION('center_axis',(0.,-1.,0.));
#3374=DIRECTION('ref_axis',(1.,0.,0.));
#3375=DIRECTION('center_axis',(0.,1.,0.));
#3376=DIRECTION('ref_axis',(1.,0.,0.));
#3377=DIRECTION('center_axis',(0.,-1.,0.));
#3378=DIRECTION('ref_axis',(1.,0.,0.));
#3379=DIRECTION('center_axis',(0.,1.,0.));
#3380=DIRECTION('ref_axis',(1.,0.,0.));
#3381=DIRECTION('center_axis',(0.,-1.,0.));
#3382=DIRECTION('ref_axis',(1.,0.,0.));
#3383=DIRECTION('center_axis',(0.,1.,0.));
#3384=DIRECTION('ref_axis',(1.,0.,0.));
#3385=DIRECTION('',(0.,-1.,0.));
#3386=DIRECTION('center_axis',(0.,1.,0.));
#3387=DIRECTION('ref_axis',(1.,0.,0.));
#3388=DIRECTION('',(0.,-1.,0.));
#3389=DIRECTION('center_axis',(2.17113245520546E-16,0.,1.));
#3390=DIRECTION('ref_axis',(1.,0.,-2.17113245520546E-16));
#3391=DIRECTION('center_axis',(1.59004008269493E-10,0.,1.));
#3392=DIRECTION('ref_axis',(1.,0.,-1.59004008269493E-10));
#3393=DIRECTION('center_axis',(1.,0.,0.));
#3394=DIRECTION('ref_axis',(0.,0.,-1.));
#3395=DIRECTION('center_axis',(0.,0.,1.));
#3396=DIRECTION('ref_axis',(1.,0.,0.));
#3397=DIRECTION('center_axis',(0.140819126947264,0.,0.990035339513601));
#3398=DIRECTION('ref_axis',(0.990035339513601,0.,-0.140819126947264));
#3399=DIRECTION('center_axis',(0.,1.,0.));
#3400=DIRECTION('ref_axis',(1.,0.,0.));
#3401=DIRECTION('',(0.,-1.,0.));
#3402=DIRECTION('center_axis',(-3.97210883767537E-8,0.,-0.999999999999999));
#3403=DIRECTION('ref_axis',(0.999999999999999,0.,-3.97210883767537E-8));
#3404=DIRECTION('center_axis',(-0.500230724150441,0.,0.865892154148498));
#3405=DIRECTION('ref_axis',(-0.865892154148498,0.,-0.500230724150441));
#3406=DIRECTION('center_axis',(0.,0.,1.));
#3407=DIRECTION('ref_axis',(-1.,0.,0.));
#3408=DIRECTION('',(0.,1.,0.));
#3409=DIRECTION('center_axis',(7.29305387946193E-9,0.,1.));
#3410=DIRECTION('ref_axis',(-1.,0.,7.29305387946193E-9));
#3411=CARTESIAN_POINT('',(0.,0.,0.));
#3412=CARTESIAN_POINT('Origin',(-111.598331713075,1.25,-41.8240956991772));
#3413=CARTESIAN_POINT('',(-111.598331713075,-0.4,-40.6240956991772));
#3414=CARTESIAN_POINT('Origin',(-111.598331713075,-0.4,-41.8240956991772));
#3415=CARTESIAN_POINT('',(-111.598331713075,2.6,-40.6240956991772));
#3416=CARTESIAN_POINT('',(-111.598331713075,1.25,-40.6240956991772));
#3417=CARTESIAN_POINT('Origin',(-111.598331713075,2.6,-41.8240956991772));
#3418=CARTESIAN_POINT('Origin',(111.598331103025,1.25,23.2587072448142));
#3419=CARTESIAN_POINT('',(111.598331103025,-0.4,24.4587072448142));
#3420=CARTESIAN_POINT('Origin',(111.598331103025,-0.4,23.2587072448142));
#3421=CARTESIAN_POINT('',(111.598331103025,2.6,24.4587072448142));
#3422=CARTESIAN_POINT('',(111.598331103025,1.25,24.4587072448142));
#3423=CARTESIAN_POINT('Origin',(111.598331103025,2.6,23.2587072448142));
#3424=CARTESIAN_POINT('Origin',(111.598331103025,1.25,-41.8240973269624));
#3425=CARTESIAN_POINT('',(111.598331103025,-0.4,-40.6240973269624));
#3426=CARTESIAN_POINT('Origin',(111.598331103025,-0.4,-41.8240973269624));
#3427=CARTESIAN_POINT('',(111.598331103025,2.6,-40.6240973269624));
#3428=CARTESIAN_POINT('',(111.598331103025,1.25,-40.6240973269624));
#3429=CARTESIAN_POINT('Origin',(111.598331103025,2.6,-41.8240973269624));
#3430=CARTESIAN_POINT('Origin',(-111.598331713075,1.25,23.2587088725995));
#3431=CARTESIAN_POINT('',(-111.598331713075,-0.4,24.4587088725995));
#3432=CARTESIAN_POINT('Origin',(-111.598331713075,-0.4,23.2587088725995));
#3433=CARTESIAN_POINT('',(-111.598331713075,2.6,24.4587088725995));
#3434=CARTESIAN_POINT('',(-111.598331713075,1.25,24.4587088725995));
#3435=CARTESIAN_POINT('Origin',(-111.598331713075,2.6,23.2587088725995));
#3436=CARTESIAN_POINT('Origin',(-111.598331713075,-0.4,-41.8240956991772));
#3437=CARTESIAN_POINT('',(-113.448331713075,-0.4,-41.8240956991772));
#3438=CARTESIAN_POINT('Origin',(-111.598331713075,-0.4,-41.8240956991772));
#3439=CARTESIAN_POINT('',(-113.448331713075,-13.,-41.8240956991772));
#3440=CARTESIAN_POINT('',(-113.448331713075,-0.4,-41.8240956991772));
#3441=CARTESIAN_POINT('Origin',(-111.598331713075,-13.,-41.8240956991772));
#3442=CARTESIAN_POINT('Origin',(-3.05025382729696E-7,-0.4,-9.28269422718148));
#3443=CARTESIAN_POINT('Origin',(111.598331103025,-0.4,-41.8240973269624));
#3444=CARTESIAN_POINT('',(109.748331103025,-0.4,-41.8240973269624));
#3445=CARTESIAN_POINT('Origin',(111.598331103025,-0.4,-41.8240973269624));
#3446=CARTESIAN_POINT('',(109.748331103025,-13.,-41.8240973269624));
#3447=CARTESIAN_POINT('',(109.748331103025,-0.4,-41.8240973269624));
#3448=CARTESIAN_POINT('Origin',(111.598331103025,-13.,-41.8240973269624));
#3449=CARTESIAN_POINT('Origin',(-3.05025382729696E-7,-0.4,-9.28269422718148));
#3450=CARTESIAN_POINT('Origin',(-111.598331713075,-0.4,23.2587088725995));
#3451=CARTESIAN_POINT('',(-113.448331713075,-0.4,23.2587088725995));
#3452=CARTESIAN_POINT('Origin',(-111.598331713075,-0.4,23.2587088725995));
#3453=CARTESIAN_POINT('',(-113.448331713075,-6.91317085774395,23.2587088725995));
#3454=CARTESIAN_POINT('',(-113.448331713075,-0.4,23.2587088725995));
#3455=CARTESIAN_POINT('Origin',(-111.598331713075,-6.91317085774395,23.2587088725995));
#3456=CARTESIAN_POINT('Origin',(-3.05025382729696E-7,-0.4,-9.28269422718148));
#3457=CARTESIAN_POINT('Origin',(111.598331103025,-0.4,23.2587072448142));
#3458=CARTESIAN_POINT('',(109.748331103025,-0.4,23.2587072448142));
#3459=CARTESIAN_POINT('Origin',(111.598331103025,-0.4,23.2587072448142));
#3460=CARTESIAN_POINT('',(109.748331103025,-6.91317114476642,23.2587072448142));
#3461=CARTESIAN_POINT('',(109.748331103025,-0.4,23.2587072448142));
#3462=CARTESIAN_POINT('Origin',(111.598331103025,-6.91317114476642,23.2587072448142));
#3463=CARTESIAN_POINT('Origin',(-3.05025382729696E-7,-0.4,-9.28269422718148));
#3464=CARTESIAN_POINT('Origin',(110.431319159024,-11.2037514347585,-1.07438274942779));
#3465=CARTESIAN_POINT('',(112.431319159024,-10.7113475582524,-1.16120683826126));
#3466=CARTESIAN_POINT('',(112.431319159024,-11.2037514347585,-1.07438274942779));
#3467=CARTESIAN_POINT('',(112.431319159024,-11.2037514347585,-1.07438274942779));
#3468=CARTESIAN_POINT('',(120.431319159024,-10.7113475582524,-1.16120683826126));
#3469=CARTESIAN_POINT('',(122.431319159024,-10.7113475582524,-1.16120683826126));
#3470=CARTESIAN_POINT('',(120.431319159024,-11.2037514347585,-1.07438274942779));
#3471=CARTESIAN_POINT('',(120.431319159024,-11.2037514347585,-1.07438274942779));
#3472=CARTESIAN_POINT('',(55.2156594397855,-11.2037514347585,-1.0743827494278));
#3473=CARTESIAN_POINT('Origin',(-6.0000000000001,-3.51995270333327,42.5026053017054));
#3474=CARTESIAN_POINT('',(3.99999999999995,-3.51995270333329,42.5026053017054));
#3475=CARTESIAN_POINT('',(3.99999999999995,-3.02754882682717,42.4157812128719));
#3476=CARTESIAN_POINT('',(3.99999999999995,-3.51995270333327,42.5026053017054));
#3477=CARTESIAN_POINT('',(-4.0000000000001,-3.51995270333329,42.5026053017054));
#3478=CARTESIAN_POINT('',(-3.00000013972635,-3.51995270333329,42.5026053017054));
#3479=CARTESIAN_POINT('',(-4.0000000000001,-3.02754882682717,42.4157812128719));
#3480=CARTESIAN_POINT('',(-4.0000000000001,-3.51995270333327,42.5026053017054));
#3481=CARTESIAN_POINT('',(5.99999999999999,-3.02754882682717,42.4157812128719));
#3482=CARTESIAN_POINT('Origin',(3.99999999999995,-3.86724905866713,40.532989795681));
#3483=CARTESIAN_POINT('',(3.99999999999995,-3.72214153749489,38.4765502008231));
#3484=CARTESIAN_POINT('Origin',(3.99999999999995,-3.37484518216102,40.4461657068475));
#3485=CARTESIAN_POINT('',(3.99999999999995,-4.21454541400101,38.5633742896566));
#3486=CARTESIAN_POINT('',(3.99999999999995,-4.214545414001,38.5633742896566));
#3487=CARTESIAN_POINT('Origin',(3.99999999999995,-3.86724905866709,40.532989795681));
#3488=CARTESIAN_POINT('Origin',(5.9999999999999,-4.21454541400099,38.5633742896566));
#3489=CARTESIAN_POINT('',(-4.0000000000001,-3.72214153749489,38.4765502008231));
#3490=CARTESIAN_POINT('',(-6.0000000000001,-3.72214153749489,38.4765502008231));
#3491=CARTESIAN_POINT('',(-4.0000000000001,-4.21454541400101,38.5633742896566));
#3492=CARTESIAN_POINT('',(-4.0000000000001,-4.21454541400099,38.5633742896566));
#3493=CARTESIAN_POINT('',(2.99999986027365,-4.21454541400101,38.5633742896566));
#3494=CARTESIAN_POINT('Origin',(-4.0000000000001,-3.86724905866713,40.532989795681));
#3495=CARTESIAN_POINT('Origin',(-4.0000000000001,-3.37484518216102,40.4461657068475));
#3496=CARTESIAN_POINT('Origin',(-4.0000000000001,-3.8672490586671,40.532989795681));
#3497=CARTESIAN_POINT('Origin',(-122.431319159023,-11.2037514347585,-1.07438274942779));
#3498=CARTESIAN_POINT('',(-120.431319159023,-10.7113475582524,-1.16120683826126));
#3499=CARTESIAN_POINT('',(-120.431319159023,-11.2037514347585,-1.07438274942779));
#3500=CARTESIAN_POINT('',(-120.431319159023,-11.2037514347585,-1.07438274942779));
#3501=CARTESIAN_POINT('',(-112.431319159023,-10.7113475582524,-1.16120683826126));
#3502=CARTESIAN_POINT('',(-110.431319159023,-10.7113475582524,-1.16120683826126));
#3503=CARTESIAN_POINT('',(-112.431319159023,-11.2037514347585,-1.07438274942779));
#3504=CARTESIAN_POINT('',(-112.431319159023,-11.2037514347585,-1.07438274942779));
#3505=CARTESIAN_POINT('',(-61.2156597192377,-11.2037514347585,-1.07438274942779));
#3506=CARTESIAN_POINT('Origin',(-112.431319159023,-11.5510477900923,-3.04399825545221));
#3507=CARTESIAN_POINT('',(-112.431319159023,-11.4059402689201,-5.10043785031009));
#3508=CARTESIAN_POINT('Origin',(-112.431319159023,-11.0586439135862,-3.13082234428567));
#3509=CARTESIAN_POINT('',(-112.431319159023,-11.8983441454262,-5.01361376147663));
#3510=CARTESIAN_POINT('',(-112.431319159023,-11.8983441454262,-5.01361376147663));
#3511=CARTESIAN_POINT('Origin',(-112.431319159023,-11.5510477900923,-3.04399825545221));
#3512=CARTESIAN_POINT('Origin',(-110.431319159023,-11.8983441454262,-5.01361376147663));
#3513=CARTESIAN_POINT('',(-120.431319159023,-11.4059402689201,-5.10043785031009));
#3514=CARTESIAN_POINT('',(-122.431319159023,-11.4059402689201,-5.10043785031009));
#3515=CARTESIAN_POINT('',(-120.431319159023,-11.8983441454262,-5.01361376147663));
#3516=CARTESIAN_POINT('',(-120.431319159023,-11.8983441454262,-5.01361376147663));
#3517=CARTESIAN_POINT('',(-55.2156597192377,-11.8983441454262,-5.01361376147663));
#3518=CARTESIAN_POINT('Origin',(-120.431319159023,-11.5510477900923,-3.04399825545221));
#3519=CARTESIAN_POINT('Origin',(-120.431319159023,-11.0586439135862,-3.13082234428567));
#3520=CARTESIAN_POINT('Origin',(-120.431319159023,-11.5510477900923,-3.04399825545221));
#3521=CARTESIAN_POINT('Origin',(-116.431319159023,-11.0586439135862,-3.13082234428567));
#3522=CARTESIAN_POINT('Origin',(112.431319159024,-11.5510477900923,-3.04399825545221));
#3523=CARTESIAN_POINT('',(112.431319159024,-11.4059402689201,-5.10043785031009));
#3524=CARTESIAN_POINT('Origin',(112.431319159024,-11.0586439135862,-3.13082234428567));
#3525=CARTESIAN_POINT('',(112.431319159024,-11.8983441454262,-5.01361376147663));
#3526=CARTESIAN_POINT('Origin',(112.431319159024,-11.5510477900923,-3.04399825545221));
#3527=CARTESIAN_POINT('',(112.431319159024,-11.8983441454262,-5.01361376147663));
#3528=CARTESIAN_POINT('Origin',(122.431319159024,-11.8983441454262,-5.01361376147663));
#3529=CARTESIAN_POINT('',(120.431319159024,-11.8983441454262,-5.01361376147663));
#3530=CARTESIAN_POINT('',(61.2156594397855,-11.8983441454262,-5.01361376147663));
#3531=CARTESIAN_POINT('',(120.431319159024,-11.4059402689201,-5.10043785031009));
#3532=CARTESIAN_POINT('',(120.431319159024,-11.8983441454262,-5.01361376147663));
#3533=CARTESIAN_POINT('',(110.431319159024,-11.4059402689201,-5.10043785031009));
#3534=CARTESIAN_POINT('Origin',(120.431319159024,-11.5510477900923,-3.04399825545221));
#3535=CARTESIAN_POINT('Origin',(120.431319159024,-11.0586439135862,-3.13082234428568));
#3536=CARTESIAN_POINT('Origin',(120.431319159024,-11.5510477900923,-3.04399825545221));
#3537=CARTESIAN_POINT('Origin',(116.431319159024,-11.0586439135862,-3.13082234428567));
#3538=CARTESIAN_POINT('Origin',(-5.55111512312578E-14,-3.37484518216102,
40.4461657068475));
#3539=CARTESIAN_POINT('Origin',(3.74999959745878,1.73472347597681E-15,-28.204270040034));
#3540=CARTESIAN_POINT('',(4.74999959745878,6.24500451351651E-16,-31.0971506930294));
#3541=CARTESIAN_POINT('',(3.74999959745878,1.,-31.0971506930291));
#3542=CARTESIAN_POINT('Origin',(3.74999959745878,1.73472347597681E-15,-31.0971506930283));
#3543=CARTESIAN_POINT('',(3.74999959745878,1.,-33.4971506936245));
#3544=CARTESIAN_POINT('',(3.74999959745878,1.,-28.204270040034));
#3545=CARTESIAN_POINT('',(4.74999959745878,6.59194920871187E-16,-33.4971506937836));
#3546=CARTESIAN_POINT('Origin',(3.74999959745878,1.73472347597681E-15,-33.4971506936245));
#3547=CARTESIAN_POINT('',(4.74999959745878,6.55339979813456E-16,-28.204270040034));
#3548=CARTESIAN_POINT('Origin',(-4.75000040254122,0.999999999999998,-28.204270040034));
#3549=CARTESIAN_POINT('',(-2.26793191451184E-7,1.,-31.0971506930283));
#3550=CARTESIAN_POINT('',(-2.37500031466754,0.999999999999999,-31.0971506930277));
#3551=CARTESIAN_POINT('',(-3.75000040254122,0.999999999999998,-31.097150692432));
#3552=CARTESIAN_POINT('',(-7.37432726863149,0.999999999999996,-31.0971506918557));
#3553=CARTESIAN_POINT('',(-3.75000040254122,0.999999999999998,-33.497150692432));
#3554=CARTESIAN_POINT('',(-3.75000040254122,0.999999999999998,-28.204270040034));
#3555=CARTESIAN_POINT('',(-2.37500040315283,0.999999999999999,-33.4971506926506));
#3556=CARTESIAN_POINT('Origin',(3.74999959745878,-1.59999999999998,-28.204270040034));
#3557=CARTESIAN_POINT('',(3.74999959745878,-2.59999999999998,-28.204270040034));
#3558=CARTESIAN_POINT('',(4.74999959745878,-1.59999999999998,-28.204270040034));
#3559=CARTESIAN_POINT('Origin',(3.74999959745878,-1.59999999999998,-28.204270040034));
#3560=CARTESIAN_POINT('',(4.74999959745878,-1.59999999999998,-33.4971506937836));
#3561=CARTESIAN_POINT('',(4.74999959745878,-1.59999999999998,-28.204270040034));
#3562=CARTESIAN_POINT('',(3.74999959745878,-2.59999999999998,-33.4971506936245));
#3563=CARTESIAN_POINT('Origin',(3.74999959745878,-1.59999999999998,-33.4971506936245));
#3564=CARTESIAN_POINT('',(3.74999959745878,-2.59999999999998,-28.204270040034));
#3565=CARTESIAN_POINT('Origin',(4.74999959745878,1.,-28.204270040034));
#3566=CARTESIAN_POINT('',(4.74999959745878,0.0999999999999546,-33.4971506937836));
#3567=CARTESIAN_POINT('',(4.74999959745878,-1.4,-28.204270040034));
#3568=CARTESIAN_POINT('',(4.74999959745878,0.499999999999942,-28.204270040034));
#3569=CARTESIAN_POINT('',(4.74999959745878,-1.4,-31.0971506930294));
#3570=CARTESIAN_POINT('',(4.74999959745878,-1.4,-12.8185208958263));
#3571=CARTESIAN_POINT('',(4.74999959745878,0.499999999999998,-31.0971506930294));
#3572=CARTESIAN_POINT('Origin',(-3.75000040254122,-1.70185503116882E-15,
-28.204270040034));
#3573=CARTESIAN_POINT('',(-4.75000040254122,-1.66533453693773E-15,-31.097150692273));
#3574=CARTESIAN_POINT('Origin',(-3.75000040254122,-1.70185503116882E-15,
-31.097150692432));
#3575=CARTESIAN_POINT('',(-4.75000040254122,-1.66533453693773E-15,-33.497150692273));
#3576=CARTESIAN_POINT('',(-4.75000040254122,-1.70185503116882E-15,-28.204270040034));
#3577=CARTESIAN_POINT('Origin',(-3.75000040254122,-1.70185503116882E-15,
-33.497150692432));
#3578=CARTESIAN_POINT('Origin',(-4.75000040254122,-2.6,-28.204270040034));
#3579=CARTESIAN_POINT('',(-4.75000040254122,-1.4,-31.097150692273));
#3580=CARTESIAN_POINT('',(-4.75000040254122,-1.3,-31.097150692273));
#3581=CARTESIAN_POINT('',(-4.75000040254121,-1.4,-28.204270040034));
#3582=CARTESIAN_POINT('',(-4.75000040254122,-1.4,-12.8185208958263));
#3583=CARTESIAN_POINT('',(-4.75000040254121,-1.6,-28.204270040034));
#3584=CARTESIAN_POINT('',(-4.75000040254121,-1.3,-28.204270040034));
#3585=CARTESIAN_POINT('',(-4.75000040254122,-1.6,-33.497150692273));
#3586=CARTESIAN_POINT('',(-4.75000040254122,-1.6,-28.204270040034));
#3587=CARTESIAN_POINT('',(-4.75000040254122,-1.70000000000004,-33.497150692273));
#3588=CARTESIAN_POINT('Origin',(-3.75000040254122,-1.6,-28.204270040034));
#3589=CARTESIAN_POINT('',(-3.75000040254122,-2.6,-28.204270040034));
#3590=CARTESIAN_POINT('Origin',(-3.75000040254122,-1.6,-28.204270040034));
#3591=CARTESIAN_POINT('',(-3.75000040254122,-2.6,-33.497150692432));
#3592=CARTESIAN_POINT('',(-3.75000040254122,-2.6,-28.204270040034));
#3593=CARTESIAN_POINT('Origin',(-3.75000040254122,-1.6,-33.497150692432));
#3594=CARTESIAN_POINT('Origin',(4.74999959745878,-2.59999999999998,-28.204270040034));
#3595=CARTESIAN_POINT('',(2.37499959684717,-2.59999999999999,-33.4971506934059));
#3596=CARTESIAN_POINT('',(-49.3752308692738,-2.6000000000001,-28.204270040034));
#3597=CARTESIAN_POINT('Origin',(-5.00000040254125,-3.20000000000009,-46.8240960286698));
#3598=CARTESIAN_POINT('',(-5.00000040254125,-4.20000000000009,-33.4971506922333));
#3599=CARTESIAN_POINT('',(-6.00000040254125,-3.20000000000009,-33.4971506920743));
#3600=CARTESIAN_POINT('Origin',(-5.00000040254125,-3.20000000000009,-33.4971506922333));
#3601=CARTESIAN_POINT('',(-5.00000040254124,-4.20000000000009,-44.8240903750599));
#3602=CARTESIAN_POINT('',(-5.00000040254125,-4.20000000000009,-46.8240960286698));
#3603=CARTESIAN_POINT('',(-6.00000040254125,-3.20000000000009,-44.8240904455295));
#3604=CARTESIAN_POINT('Origin',(-5.00000040254125,-3.20000000000009,-44.8240903750599));
#3605=CARTESIAN_POINT('',(-6.00000040254125,-3.20000000000009,-46.8240960286698));
#3606=CARTESIAN_POINT('Origin',(-6.00000040254125,-4.20000000000009,-46.8240960286698));
#3607=CARTESIAN_POINT('',(4.99999959745876,-4.20000000000009,-33.4971506938233));
#3608=CARTESIAN_POINT('',(-3.00000040167253,-4.20000000000009,-33.4971506925513));
#3609=CARTESIAN_POINT('',(4.99999959745876,-4.20000000000009,-44.8240896703638));
#3610=CARTESIAN_POINT('',(4.99999959745876,-4.20000000000009,-46.8240960286698));
#3611=CARTESIAN_POINT('',(-45.6138187964494,-4.20000000000009,-44.8240932370996));
#3612=CARTESIAN_POINT('Origin',(4.99999959745876,-3.20000000000009,-46.8240960286698));
#3613=CARTESIAN_POINT('',(5.99999959745876,-3.20000000000009,-33.4971506939823));
#3614=CARTESIAN_POINT('Origin',(4.99999959745876,-3.20000000000009,-33.4971506938233));
#3615=CARTESIAN_POINT('',(5.99999959745876,-3.20000000000009,-44.8240895998942));
#3616=CARTESIAN_POINT('',(5.99999959745876,-3.20000000000009,-46.8240960286698));
#3617=CARTESIAN_POINT('Origin',(4.99999959745876,-3.20000000000009,-44.8240896703638));
#3618=CARTESIAN_POINT('Origin',(-4.02922853846409E-7,-0.800000000000087,
-33.4971506930283));
#3619=CARTESIAN_POINT('',(-6.00000040254124,2.59999999999991,-33.4971506920743));
#3620=CARTESIAN_POINT('',(-6.00000040254124,0.899999999999914,-33.4971506920743));
#3621=CARTESIAN_POINT('',(5.99999959745876,2.59999999999991,-33.4971506939823));
#3622=CARTESIAN_POINT('',(-7.02136858038973E-6,2.6,-33.4971506930283));
#3623=CARTESIAN_POINT('',(5.99999959745876,-2.50000000000009,-33.4971506939823));
#3624=CARTESIAN_POINT('Origin',(9.23274130517044,0.,44.9681413361692));
#3625=CARTESIAN_POINT('',(9.23274133434265,-1.4,46.9681413361692));
#3626=CARTESIAN_POINT('',(9.51428844197102,-1.4,46.9482249732308));
#3627=CARTESIAN_POINT('Origin',(9.23274130517044,-1.4,44.9681413361692));
#3628=CARTESIAN_POINT('',(9.23274133434265,2.6,46.9681413361692));
#3629=CARTESIAN_POINT('',(9.23274133434265,0.,46.9681413361692));
#3630=CARTESIAN_POINT('',(9.51428844197102,2.6,46.9482249732308));
#3631=CARTESIAN_POINT('Origin',(9.23274130517044,2.6,44.9681413361692));
#3632=CARTESIAN_POINT('',(9.51428844197102,0.,46.9482249732308));
#3633=CARTESIAN_POINT('Origin',(9.37421931988377,0.,46.9681413341056));
#3634=CARTESIAN_POINT('',(4.1821047478514,-1.4,46.9681414098383));
#3635=CARTESIAN_POINT('',(1.14999351084929,-1.4,46.968141454065));
#3636=CARTESIAN_POINT('',(4.1821047478514,2.6,46.9681414098383));
#3637=CARTESIAN_POINT('',(4.1821047478514,0.,46.9681414098383));
#3638=CARTESIAN_POINT('',(9.37421931988377,2.6,46.9681413341056));
#3639=CARTESIAN_POINT('Origin',(4.18210471867919,0.,44.9681414098383));
#3640=CARTESIAN_POINT('',(2.23693973324701,-1.4,45.4332577172805));
#3641=CARTESIAN_POINT('Origin',(4.18210471867919,-1.4,44.9681414098383));
#3642=CARTESIAN_POINT('',(2.23693973324701,2.6,45.4332577172805));
#3643=CARTESIAN_POINT('',(2.23693973324702,0.,45.4332577172805));
#3644=CARTESIAN_POINT('Origin',(4.18210471867919,2.6,44.9681414098383));
#3645=CARTESIAN_POINT('Origin',(0.,0.,45.9681414708389));
#3646=CARTESIAN_POINT('',(-2.23693974104888,-1.4,45.4332577499087));
#3647=CARTESIAN_POINT('Origin',(0.,-1.4,45.9681414708389));
#3648=CARTESIAN_POINT('',(-2.23693974104888,2.6,45.4332577499087));
#3649=CARTESIAN_POINT('',(-2.23693974104888,0.,45.4332577499087));
#3650=CARTESIAN_POINT('Origin',(0.,2.6,45.9681414708389));
#3651=CARTESIAN_POINT('Origin',(93.1644545583002,0.,-39.833684974076));
#3652=CARTESIAN_POINT('',(91.2192895660837,2.6,-40.2988012531458));
#3653=CARTESIAN_POINT('',(93.1644545583002,2.6,-41.8336849740761));
#3654=CARTESIAN_POINT('Origin',(93.1644545583002,2.6,-39.833684974076));
#3655=CARTESIAN_POINT('',(91.2192895660837,-1.4,-40.2988012531458));
#3656=CARTESIAN_POINT('',(91.2192895660837,0.,-40.2988012531458));
#3657=CARTESIAN_POINT('',(93.1644545583002,-1.4,-41.8336849740761));
#3658=CARTESIAN_POINT('Origin',(93.1644545583002,-1.4,-39.833684974076));
#3659=CARTESIAN_POINT('',(93.1644545583002,0.,-41.8336849740761));
#3660=CARTESIAN_POINT('Origin',(-1.36405239992143E-5,-1.4,2.56722824838143));
#3661=CARTESIAN_POINT('',(70.6891799426025,-1.4,38.2497966726728));
#3662=CARTESIAN_POINT('',(7.87410415857353,-1.4,47.1814419849633));
#3663=CARTESIAN_POINT('',(88.514622381016,-1.4,36.9107374790716));
#3664=CARTESIAN_POINT('',(36.8756460558163,-1.4,40.7898920209753));
#3665=CARTESIAN_POINT('',(90.3648031682247,-1.4,34.916356822457));
#3666=CARTESIAN_POINT('Origin',(88.3648031682247,-1.4,34.916356822457));
#3667=CARTESIAN_POINT('',(90.3648031682247,-1.4,19.3324814127195));
#3668=CARTESIAN_POINT('',(90.3648031682247,-1.4,19.6694894527917));
#3669=CARTESIAN_POINT('',(126.024126329132,-1.4,19.3324814127195));
#3670=CARTESIAN_POINT('',(45.1823947638503,-1.4,19.3324814127195));
#3671=CARTESIAN_POINT('',(126.390882032301,-1.4,18.1781361147833));
#3672=CARTESIAN_POINT('Origin',(124.390882032301,-1.4,18.1781361147833));
#3673=CARTESIAN_POINT('',(126.390882032301,-1.4,-38.8336849740761));
#3674=CARTESIAN_POINT('',(126.390882032301,-1.4,-21.1278648478379));
#3675=CARTESIAN_POINT('',(106.390882032301,-1.4,-38.8336849740761));
#3676=CARTESIAN_POINT('',(63.1954341958883,-1.4,-38.8336849740761));
#3677=CARTESIAN_POINT('',(106.390882032301,-1.4,-39.833684974076));
#3678=CARTESIAN_POINT('',(106.390882032301,-1.4,-18.1332283628473));
#3679=CARTESIAN_POINT('',(104.390882032301,-1.4,-41.8336849740761));
#3680=CARTESIAN_POINT('Origin',(104.390882032301,-1.4,-39.833684974076));
#3681=CARTESIAN_POINT('',(53.1954341958882,-1.4,-41.833684974076));
#3682=CARTESIAN_POINT('',(86.7298369570902,-1.4,-40.3687271483072));
#3683=CARTESIAN_POINT('Origin',(88.9823498250348,-1.4,-40.8336849740761));
#3684=CARTESIAN_POINT('',(85.4823498250348,-1.4,-41.8336849740761));
#3685=CARTESIAN_POINT('Origin',(84.7711301153992,-1.4,-39.9644159954647));
#3686=CARTESIAN_POINT('',(9.99865245688524,-1.4,-31.0971506930306));
#3687=CARTESIAN_POINT('',(40.4936299505025,-1.4,-35.4346484928943));
#3688=CARTESIAN_POINT('',(4.99931940817677,-1.4,-31.0971506930294));
#3689=CARTESIAN_POINT('',(101.500024180946,-1.4,-28.204270040034));
#3690=CARTESIAN_POINT('',(-51.7502374882652,-1.4,-28.204270040034));
#3691=CARTESIAN_POINT('',(103.500024180946,-1.4,-26.204270040034));
#3692=CARTESIAN_POINT('Origin',(101.500024180946,-1.4,-26.204270040034));
#3693=CARTESIAN_POINT('',(103.500024180946,-1.4,11.795729959966));
#3694=CARTESIAN_POINT('',(103.500024180946,-1.4,-12.8185208958263));
#3695=CARTESIAN_POINT('',(101.500024180946,-1.4,13.795729959966));
#3696=CARTESIAN_POINT('Origin',(101.500024180946,-1.4,11.795729959966));
#3697=CARTESIAN_POINT('',(19.5000241809461,-1.4,13.7957299599661));
#3698=CARTESIAN_POINT('',(51.750005270211,-1.4,13.795729959966));
#3699=CARTESIAN_POINT('',(17.5000241809461,-1.4,11.7957299599661));
#3700=CARTESIAN_POINT('Origin',(19.5000241809461,-1.4,11.7957299599661));
#3701=CARTESIAN_POINT('',(17.5000241809461,-1.4,4.40284930696943));
#3702=CARTESIAN_POINT('',(17.5000241809461,-1.4,8.18147910417374));
#3703=CARTESIAN_POINT('',(-17.5000241809461,-1.4,4.40284930696943));
#3704=CARTESIAN_POINT('',(8.75000527021103,-1.4,4.40284930696943));
#3705=CARTESIAN_POINT('',(-17.5000241809461,-1.4,11.7957299599661));
#3706=CARTESIAN_POINT('',(-17.5000241809461,-1.4,3.48503877767543));
#3707=CARTESIAN_POINT('',(-19.5000241809461,-1.4,13.7957299599661));
#3708=CARTESIAN_POINT('Origin',(-19.5000241809461,-1.4,11.7957299599661));
#3709=CARTESIAN_POINT('',(-101.500461336006,-1.4,13.795729959966));
#3710=CARTESIAN_POINT('',(-8.75001891073503,-1.4,13.7957299599661));
#3711=CARTESIAN_POINT('',(-103.500461336006,-1.4,11.795729959966));
#3712=CARTESIAN_POINT('Origin',(-101.500461336006,-1.4,11.795729959966));
#3713=CARTESIAN_POINT('',(-103.500461336006,-1.4,-26.204270040034));
#3714=CARTESIAN_POINT('',(-103.500461336006,-1.4,8.18147910417373));
#3715=CARTESIAN_POINT('',(-101.500461336006,-1.4,-28.204270040034));
#3716=CARTESIAN_POINT('Origin',(-101.500461336006,-1.4,-26.204270040034));
#3717=CARTESIAN_POINT('',(-51.7502374882652,-1.4,-28.204270040034));
#3718=CARTESIAN_POINT('',(-9.99865413426178,-1.4,-31.0971506914385));
#3719=CARTESIAN_POINT('',(-6.93633498092548E-6,-1.4,-31.0971506930283));
#3720=CARTESIAN_POINT('',(-84.5048556718507,-1.4,-41.6911480620201));
#3721=CARTESIAN_POINT('',(-2.75247588678276,-1.4,-30.0668204408508));
#3722=CARTESIAN_POINT('',(-86.7182407435648,-1.4,-40.2287533572405));
#3723=CARTESIAN_POINT('Origin',(-84.7864027182421,-1.4,-39.7110644121032));
#3724=CARTESIAN_POINT('',(-91.1767941583542,-1.4,-40.2892116916111));
#3725=CARTESIAN_POINT('Origin',(-88.9398544726859,-1.4,-40.8240956441485));
#3726=CARTESIAN_POINT('',(-93.121959102414,-1.4,-41.8240952111438));
#3727=CARTESIAN_POINT('Origin',(-93.1219591024137,-1.4,-39.8240952111438));
#3728=CARTESIAN_POINT('',(-104.390890952277,-1.4,-41.8240952111417));
#3729=CARTESIAN_POINT('',(-45.6199340553947,-1.4,-41.8240952111524));
#3730=CARTESIAN_POINT('',(-106.390890952277,-1.4,-39.8240952111417));
#3731=CARTESIAN_POINT('Origin',(-104.390890952277,-1.4,-39.8240952111417));
#3732=CARTESIAN_POINT('',(-106.390890952277,-1.4,-38.8240952111377));
#3733=CARTESIAN_POINT('',(-106.390890952277,-1.4,-19.6284334813781));
#3734=CARTESIAN_POINT('',(-126.390890952277,-1.4,-38.8240952111377));
#3735=CARTESIAN_POINT('',(-53.1954522964003,-1.4,-38.8240952111377));
#3736=CARTESIAN_POINT('',(-126.390882591205,-1.4,18.1781373852363));
#3737=CARTESIAN_POINT('',(-126.390882591205,-1.4,10.9498554744596));
#3738=CARTESIAN_POINT('',(-126.024126875762,-1.4,19.3324827005395));
#3739=CARTESIAN_POINT('Origin',(-124.390882591205,-1.4,18.1781373852363));
#3740=CARTESIAN_POINT('',(-90.3648026318679,-1.4,19.3324827005395));
#3741=CARTESIAN_POINT('',(-63.1954481158647,-1.4,19.3324827005395));
#3742=CARTESIAN_POINT('',(-90.3648026318679,-1.4,34.9163581133885));
#3743=CARTESIAN_POINT('',(-90.3648026318679,-1.4,10.9498554744605));
#3744=CARTESIAN_POINT('',(-88.514621815569,-1.4,36.9107387721884));
#3745=CARTESIAN_POINT('Origin',(-88.3648026318679,-1.4,34.9163581133885));
#3746=CARTESIAN_POINT('',(-70.6891793846868,-1.4,38.2497977037528));
#3747=CARTESIAN_POINT('',(-46.7134706670399,-1.4,40.0508686742736));
#3748=CARTESIAN_POINT('',(-9.51428863485095,-1.4,46.9482251114468));
#3749=CARTESIAN_POINT('',(-38.5315972875998,-1.4,42.8222683702284));
#3750=CARTESIAN_POINT('',(-9.23274152299057,-1.4,46.9681414708389));
#3751=CARTESIAN_POINT('Origin',(-9.23274152299057,-1.4,44.9681414708389));
#3752=CARTESIAN_POINT('',(-4.1821047332653,-1.4,46.9681414708389));
#3753=CARTESIAN_POINT('',(-4.68711657552808,-1.4,46.9681414708389));
#3754=CARTESIAN_POINT('Origin',(-4.1821047332653,-1.4,44.9681414708389));
#3755=CARTESIAN_POINT('Origin',(88.9823498250348,0.,-40.8336849740761));
#3756=CARTESIAN_POINT('',(86.7298369570902,2.6,-40.3687271483072));
#3757=CARTESIAN_POINT('Origin',(88.9823498250348,2.6,-40.8336849740761));
#3758=CARTESIAN_POINT('',(86.7298369570902,1.6,-40.3687271483072));
#3759=CARTESIAN_POINT('Origin',(84.7711301153992,1.6,-39.9644159954647));
#3760=CARTESIAN_POINT('',(85.4823498250348,2.6,-41.8336849740761));
#3761=CARTESIAN_POINT('Origin',(84.7711301153992,2.6,-39.9644159954647));
#3762=CARTESIAN_POINT('',(85.4823498250348,1.6,-41.8336849740761));
#3763=CARTESIAN_POINT('Origin',(-104.390890952277,0.,-39.8240952111417));
#3764=CARTESIAN_POINT('',(-104.390890952277,2.6,-41.8240952111417));
#3765=CARTESIAN_POINT('',(-104.390890952277,0.,-41.8240952111417));
#3766=CARTESIAN_POINT('',(-106.390890952277,2.6,-39.8240952111417));
#3767=CARTESIAN_POINT('Origin',(-104.390890952277,2.6,-39.8240952111417));
#3768=CARTESIAN_POINT('',(-106.390890952277,0.,-39.8240952111417));
#3769=CARTESIAN_POINT('Origin',(-106.390890952277,0.,-41.8240952111414));
#3770=CARTESIAN_POINT('',(-93.121959102414,2.6,-41.8240952111438));
#3771=CARTESIAN_POINT('',(-93.121959102414,0.,-41.8240952111438));
#3772=CARTESIAN_POINT('',(-85.4398556289079,2.6,-41.8240952111452));
#3773=CARTESIAN_POINT('Origin',(104.390882032301,0.,-39.833684974076));
#3774=CARTESIAN_POINT('',(106.390882032301,2.6,-39.833684974076));
#3775=CARTESIAN_POINT('',(106.390882032301,0.,-39.833684974076));
#3776=CARTESIAN_POINT('',(104.390882032301,2.6,-41.8336849740761));
#3777=CARTESIAN_POINT('Origin',(104.390882032301,2.6,-39.833684974076));
#3778=CARTESIAN_POINT('',(104.390882032301,0.,-41.8336849740761));
#3779=CARTESIAN_POINT('Origin',(106.390882032301,0.,-41.8336849740761));
#3780=CARTESIAN_POINT('',(106.390882032301,2.6,-38.8336849740761));
#3781=CARTESIAN_POINT('',(106.390882032301,1.6,-38.8336849740761));
#3782=CARTESIAN_POINT('',(106.390882032301,2.6,-41.8336849740761));
#3783=CARTESIAN_POINT('Origin',(101.500024180946,0.,11.795729959966));
#3784=CARTESIAN_POINT('',(101.500024180946,-5.,13.795729959966));
#3785=CARTESIAN_POINT('',(103.500024180946,-5.,11.795729959966));
#3786=CARTESIAN_POINT('Origin',(101.500024180946,-5.,11.795729959966));
#3787=CARTESIAN_POINT('',(101.500024180946,0.,13.795729959966));
#3788=CARTESIAN_POINT('',(103.500024180946,0.,11.795729959966));
#3789=CARTESIAN_POINT('Origin',(103.500024180946,0.,13.795729959966));
#3790=CARTESIAN_POINT('',(19.5000241809461,-5.,13.7957299599661));
#3791=CARTESIAN_POINT('',(103.500024180946,-5.,13.795729959966));
#3792=CARTESIAN_POINT('',(19.5000241809461,0.,13.7957299599661));
#3793=CARTESIAN_POINT('Origin',(19.5000241809461,0.,11.7957299599661));
#3794=CARTESIAN_POINT('',(17.5000241809461,-5.,11.7957299599661));
#3795=CARTESIAN_POINT('Origin',(19.5000241809461,-5.,11.7957299599661));
#3796=CARTESIAN_POINT('',(17.5000241809461,0.,11.7957299599661));
#3797=CARTESIAN_POINT('Origin',(17.5000241809461,0.,13.7957299599661));
#3798=CARTESIAN_POINT('',(17.5000241809461,-5.,4.40284930696943));
#3799=CARTESIAN_POINT('',(17.5000241809461,-5.,13.7957299599661));
#3800=CARTESIAN_POINT('',(17.5000241809461,0.,4.40284930696943));
#3801=CARTESIAN_POINT('Origin',(-19.5000241809461,0.,11.7957299599661));
#3802=CARTESIAN_POINT('',(-19.5000241809461,-5.,13.7957299599661));
#3803=CARTESIAN_POINT('',(-17.5000241809461,-5.,11.7957299599661));
#3804=CARTESIAN_POINT('Origin',(-19.5000241809461,-5.,11.7957299599661));
#3805=CARTESIAN_POINT('',(-19.5000241809461,0.,13.7957299599661));
#3806=CARTESIAN_POINT('',(-17.5000241809461,0.,11.7957299599661));
#3807=CARTESIAN_POINT('Origin',(-17.5000241809461,0.,13.7957299599661));
#3808=CARTESIAN_POINT('',(-101.500461336006,-5.,13.795729959966));
#3809=CARTESIAN_POINT('',(-103.500461336006,-5.,13.795729959966));
#3810=CARTESIAN_POINT('',(-101.500461336006,0.,13.795729959966));
#3811=CARTESIAN_POINT('Origin',(-101.500461336006,0.,11.795729959966));
#3812=CARTESIAN_POINT('',(-103.500461336006,-5.,11.795729959966));
#3813=CARTESIAN_POINT('Origin',(-101.500461336006,-5.,11.795729959966));
#3814=CARTESIAN_POINT('',(-103.500461336006,0.,11.795729959966));
#3815=CARTESIAN_POINT('Origin',(-103.500461336006,0.,13.795729959966));
#3816=CARTESIAN_POINT('',(-103.500461336006,-5.,-26.204270040034));
#3817=CARTESIAN_POINT('',(-103.500461336006,-5.,-28.204270040034));
#3818=CARTESIAN_POINT('',(-103.500461336006,0.,-26.204270040034));
#3819=CARTESIAN_POINT('Origin',(-101.500461336006,0.,-26.204270040034));
#3820=CARTESIAN_POINT('',(-101.500461336006,-5.,-28.204270040034));
#3821=CARTESIAN_POINT('Origin',(-101.500461336006,-5.,-26.204270040034));
#3822=CARTESIAN_POINT('',(-101.500461336006,0.,-28.204270040034));
#3823=CARTESIAN_POINT('Origin',(-103.500461336006,0.,-28.204270040034));
#3824=CARTESIAN_POINT('',(101.500024180946,-5.,-28.204270040034));
#3825=CARTESIAN_POINT('',(17.5000241809461,-5.,-28.204270040034));
#3826=CARTESIAN_POINT('',(101.500024180946,0.,-28.204270040034));
#3827=CARTESIAN_POINT('Origin',(101.500024180946,0.,-26.204270040034));
#3828=CARTESIAN_POINT('',(103.500024180946,-5.,-26.204270040034));
#3829=CARTESIAN_POINT('Origin',(101.500024180946,-5.,-26.204270040034));
#3830=CARTESIAN_POINT('',(103.500024180946,0.,-26.204270040034));
#3831=CARTESIAN_POINT('Origin',(-0.000218577530173292,-5.,-7.20427004003396));
#3832=CARTESIAN_POINT('',(103.500024180946,-5.,-28.204270040034));
#3833=CARTESIAN_POINT('',(-17.5000241809461,-5.,4.40284930696943));
#3834=CARTESIAN_POINT('',(-17.5000241809461,-5.,13.7957299599661));
#3835=CARTESIAN_POINT('',(17.5000241809461,-5.,4.40284930696943));
#3836=CARTESIAN_POINT('',(-15.0280925138398,-5.,-2.4506992158554));
#3837=CARTESIAN_POINT('Origin',(-15.0280925138398,-5.,-1.6391992158554));
#3838=CARTESIAN_POINT('',(15.0280925138398,-5.,-26.3587030055705));
#3839=CARTESIAN_POINT('Origin',(15.0280925138398,-5.,-25.5472030055705));
#3840=CARTESIAN_POINT('',(-15.0280925138398,-5.,-26.3587030055705));
#3841=CARTESIAN_POINT('Origin',(-15.0280925138398,-5.,-25.5472030055705));
#3842=CARTESIAN_POINT('',(15.0280925138398,-5.,-2.4506992158554));
#3843=CARTESIAN_POINT('Origin',(15.0280925138398,-5.,-1.6391992158554));
#3844=CARTESIAN_POINT('Origin',(88.3648031682247,0.,34.916356822457));
#3845=CARTESIAN_POINT('',(88.514622381016,2.6,36.9107374790716));
#3846=CARTESIAN_POINT('',(88.514622381016,0.,36.9107374790716));
#3847=CARTESIAN_POINT('',(90.3648031682247,2.6,34.916356822457));
#3848=CARTESIAN_POINT('Origin',(88.3648031682247,2.6,34.916356822457));
#3849=CARTESIAN_POINT('',(90.3648031682247,0.,34.916356822457));
#3850=CARTESIAN_POINT('Origin',(90.3648031682247,0.,36.7717506572019));
#3851=CARTESIAN_POINT('',(70.6891799426025,2.6,38.2497966726728));
#3852=CARTESIAN_POINT('',(70.6891799426025,1.6,38.2497966726728));
#3853=CARTESIAN_POINT('',(90.3648031682247,2.6,36.7717506572019));
#3854=CARTESIAN_POINT('Origin',(-84.7864027182421,0.,-39.7110644121032));
#3855=CARTESIAN_POINT('',(-84.5048556718507,2.6,-41.6911480620201));
#3856=CARTESIAN_POINT('',(-86.7182407435648,2.6,-40.2287533572405));
#3857=CARTESIAN_POINT('Origin',(-84.7864027182421,2.6,-39.7110644121032));
#3858=CARTESIAN_POINT('',(-86.7182407435648,0.,-40.2287533572405));
#3859=CARTESIAN_POINT('',(-84.5048556718507,0.,-41.6911480620201));
#3860=CARTESIAN_POINT('Origin',(-85.4398556289079,0.,-41.8240952111452));
#3861=CARTESIAN_POINT('',(-9.99865413426178,2.6,-31.0971506914385));
#3862=CARTESIAN_POINT('',(-9.99865413426178,1.6,-31.0971506914385));
#3863=CARTESIAN_POINT('',(-9.99865413426178,2.6,-31.0971506914385));
#3864=CARTESIAN_POINT('Origin',(-88.9398544726859,0.,-40.8240956441485));
#3865=CARTESIAN_POINT('',(-91.1767941583542,2.6,-40.2892116916111));
#3866=CARTESIAN_POINT('Origin',(-88.9398544726859,2.6,-40.8240956441485));
#3867=CARTESIAN_POINT('',(-91.1767941583542,0.,-40.2892116916111));
#3868=CARTESIAN_POINT('Origin',(-93.1219591024137,0.,-39.8240952111438));
#3869=CARTESIAN_POINT('Origin',(-93.1219591024137,2.6,-39.8240952111438));
#3870=CARTESIAN_POINT('Origin',(-88.3648026318679,0.,34.9163581133885));
#3871=CARTESIAN_POINT('',(-90.3648026318679,2.6,34.9163581133885));
#3872=CARTESIAN_POINT('',(-90.3648026318679,0.,34.9163581133885));
#3873=CARTESIAN_POINT('',(-88.514621815569,2.6,36.9107387721884));
#3874=CARTESIAN_POINT('Origin',(-88.3648026318679,2.6,34.9163581133885));
#3875=CARTESIAN_POINT('',(-88.514621815569,0.,36.9107387721884));
#3876=CARTESIAN_POINT('Origin',(-90.3648026318679,0.,36.7717519752727));
#3877=CARTESIAN_POINT('',(-90.3648026318679,2.6,19.3324827005395));
#3878=CARTESIAN_POINT('',(-90.3648026318679,1.6,19.3324827005395));
#3879=CARTESIAN_POINT('',(-90.3648026318679,2.6,19.3324827005395));
#3880=CARTESIAN_POINT('Origin',(-9.23274152299057,0.,44.9681414708389));
#3881=CARTESIAN_POINT('',(-9.51428863485095,2.6,46.9482251114468));
#3882=CARTESIAN_POINT('',(-9.51428863485095,0.,46.9482251114468));
#3883=CARTESIAN_POINT('',(-9.23274152299057,2.6,46.9681414708389));
#3884=CARTESIAN_POINT('Origin',(-9.23274152299057,2.6,44.9681414708389));
#3885=CARTESIAN_POINT('',(-9.23274152299057,0.,46.9681414708389));
#3886=CARTESIAN_POINT('Origin',(3.425411843061E-7,0.,46.9681414708389));
#3887=CARTESIAN_POINT('',(-4.1821047332653,2.6,46.9681414708389));
#3888=CARTESIAN_POINT('',(-9.37421951053224,2.6,46.9681414708389));
#3889=CARTESIAN_POINT('',(-4.1821047332653,0.,46.9681414708389));
#3890=CARTESIAN_POINT('Origin',(-4.1821047332653,0.,44.9681414708389));
#3891=CARTESIAN_POINT('Origin',(-4.1821047332653,2.6,44.9681414708389));
#3892=CARTESIAN_POINT('Origin',(-124.390882591205,0.,-42.824094473063));
#3893=CARTESIAN_POINT('',(-126.390882591205,2.6,-42.824094473063));
#3894=CARTESIAN_POINT('',(-124.390882670647,2.6,-44.824094473063));
#3895=CARTESIAN_POINT('Origin',(-124.390882591205,2.6,-42.824094473063));
#3896=CARTESIAN_POINT('',(-124.390882670647,-13.,-44.824094473063));
#3897=CARTESIAN_POINT('',(-124.390882670647,0.,-44.824094473063));
#3898=CARTESIAN_POINT('',(-126.390882591205,-13.,-42.824094473063));
#3899=CARTESIAN_POINT('Origin',(-124.390882591205,-13.,-42.824094473063));
#3900=CARTESIAN_POINT('',(-126.390882591205,0.,-42.824094473063));
#3901=CARTESIAN_POINT('Origin',(-1.36405240169779E-5,2.6,-37.9606233600541));
#3902=CARTESIAN_POINT('',(85.4823498250348,2.6,-41.8336849740761));
#3903=CARTESIAN_POINT('',(126.390882032301,2.6,-38.8336849740761));
#3904=CARTESIAN_POINT('',(106.390882032301,2.6,-38.8336849740761));
#3905=CARTESIAN_POINT('',(126.390882032301,2.6,-42.8230126557172));
#3906=CARTESIAN_POINT('',(126.390882032301,2.6,-46.3229725095187));
#3907=CARTESIAN_POINT('',(124.390936744709,2.6,-44.8230126549688));
#3908=CARTESIAN_POINT('Origin',(124.390882032301,2.6,-42.8230126557172));
#3909=CARTESIAN_POINT('',(85.2275431670882,2.6,-44.8240840167605));
#3910=CARTESIAN_POINT('',(85.2275431670882,2.6,-44.8240840167605));
#3911=CARTESIAN_POINT('',(5.99999959745876,2.59999999999991,-44.8240895998942));
#3912=CARTESIAN_POINT('',(-85.227637049418,2.6,-44.8240960286698));
#3913=CARTESIAN_POINT('',(5.99999959745876,2.6,-42.3923596943619));
#3914=CARTESIAN_POINT('',(-6.00000040254124,2.59999999999991,-44.8240904455295));
#3915=CARTESIAN_POINT('',(-6.00000040254124,2.6,-42.3923596943619));
#3916=CARTESIAN_POINT('',(-85.227637049418,2.6,-44.8240960286698));
#3917=CARTESIAN_POINT('',(-85.227637049418,2.6,-44.8240960286698));
#3918=CARTESIAN_POINT('',(-85.227637049418,2.6,-44.8240960286698));
#3919=CARTESIAN_POINT('',(-126.390890952277,2.6,-41.8240952111377));
#3920=CARTESIAN_POINT('',(-126.390882591205,2.6,-44.8240943936208));
#3921=CARTESIAN_POINT('',(-126.390890952277,2.6,-38.8240952111377));
#3922=CARTESIAN_POINT('',(-126.390890952277,2.6,-38.8240952111377));
#3923=CARTESIAN_POINT('',(-106.390890952277,2.6,-38.8240952111377));
#3924=CARTESIAN_POINT('',(-106.390890952277,2.6,-38.8240952111377));
#3925=CARTESIAN_POINT('',(-106.390890952277,2.6,-41.8240952111377));
#3926=CARTESIAN_POINT('',(-2.26793191451184E-7,2.6,-31.0971506930283));
#3927=CARTESIAN_POINT('',(-2.26793191451184E-7,2.6,-31.0971506930283));
#3928=CARTESIAN_POINT('',(9.99865245688523,2.6,-31.0971506930306));
#3929=CARTESIAN_POINT('',(-2.26793191451184E-7,2.6,-31.0971506930283));
#3930=CARTESIAN_POINT('',(9.99865245688523,2.6,-31.0971506930306));
#3931=CARTESIAN_POINT('',(87.9823498250349,2.6,-40.8336849740761));
#3932=CARTESIAN_POINT('Origin',(88.9823498250348,2.6,-40.8336849740761));
#3933=CARTESIAN_POINT('',(-89.9398544726859,2.6,-40.8240956441485));
#3934=CARTESIAN_POINT('Origin',(-88.9398544726859,2.6,-40.8240956441485));
#3935=CARTESIAN_POINT('Origin',(-126.390882591205,0.,19.3324827005395));
#3936=CARTESIAN_POINT('',(-126.390882591205,-13.,-11.2614145809965));
#3937=CARTESIAN_POINT('',(-126.390882591205,-13.,10.8272527538839));
#3938=CARTESIAN_POINT('',(-126.390882591205,-7.80901268838422,18.1781373852363));
#3939=CARTESIAN_POINT('',(-126.390882591205,-8.85624808746309,12.2389703055802));
#3940=CARTESIAN_POINT('',(-126.390882591205,0.,18.1781373852363));
#3941=CARTESIAN_POINT('',(-126.390890952277,0.,-38.8240952111377));
#3942=CARTESIAN_POINT('',(-126.390882591205,0.8,-38.8240952111377));
#3943=CARTESIAN_POINT('',(-126.390890952277,1.6,-38.8240952111377));
#3944=CARTESIAN_POINT('',(-126.390890952277,0.,-38.8240952111377));
#3945=CARTESIAN_POINT('',(-126.390890952277,0.,-38.8240952111377));
#3946=CARTESIAN_POINT('Origin',(-124.390882591205,0.,18.1781373852363));
#3947=CARTESIAN_POINT('',(-125.391344039506,-7.5036523900639,19.9099216935333));
#3948=CARTESIAN_POINT('Origin',(-124.390882591205,-7.80901268838421,18.1781373852363));
#3949=CARTESIAN_POINT('',(-125.391344039506,2.6,19.9099216935333));
#3950=CARTESIAN_POINT('',(-125.391344039506,0.,19.9099216935333));
#3951=CARTESIAN_POINT('',(-126.024126875762,2.6,19.3324827005395));
#3952=CARTESIAN_POINT('Origin',(-124.390882591205,2.6,18.1781373852363));
#3953=CARTESIAN_POINT('',(-126.024126875762,0.,19.3324827005395));
#3954=CARTESIAN_POINT('Origin',(-2.79452603280106E-7,-10.3363587063783,
3.84484586150306));
#3955=CARTESIAN_POINT('',(126.3908820323,-13.,-11.2614145809965));
#3956=CARTESIAN_POINT('',(-2.79452598839214E-7,-13.,-11.2614145809965));
#3957=CARTESIAN_POINT('',(126.3908820323,-7.80901291239936,18.1781361147833));
#3958=CARTESIAN_POINT('',(126.3908820323,-14.3418613385595,-18.8714883948171));
#3959=CARTESIAN_POINT('',(125.391343503162,-7.50365261637717,19.909920410047));
#3960=CARTESIAN_POINT('Origin',(124.390882032301,-7.80901291239936,18.1781361147833));
#3961=CARTESIAN_POINT('',(93.0958939081812,-4.21387397224239,38.5671822250952));
#3962=CARTESIAN_POINT('',(82.5182676586121,-3.13638319945935,44.6779360555855));
#3963=CARTESIAN_POINT('',(92.3510346307149,-4.16947213339018,38.8189975665353));
#3964=CARTESIAN_POINT('Origin',(92.0954324373198,-4.51923426826457,36.8353979298315));
#3965=CARTESIAN_POINT('',(9.83567813211645,-2.29463257840459,49.4517410494253));
#3966=CARTESIAN_POINT('',(49.3892222103794,-3.19333255528772,44.3549602092371));
#3967=CARTESIAN_POINT('',(9.58007595330739,-2.29174075186205,49.4681414127214));
#3968=CARTESIAN_POINT('Origin',(9.58007593872129,-2.64439471327898,47.4681414127214));
#3969=CARTESIAN_POINT('',(3.60773818356916E-7,-2.29174073954244,49.4681414825894));
#3970=CARTESIAN_POINT('',(4.85420162837047,-2.29174074578476,49.4681414471875));
#3971=CARTESIAN_POINT('',(-9.58007523992503,-2.29174073954244,49.4681414825894));
#3972=CARTESIAN_POINT('',(4.06606076586158E-8,-2.29174073954244,49.4681414825894));
#3973=CARTESIAN_POINT('',(-9.83567740272351,-2.29463256538979,49.4517411232359));
#3974=CARTESIAN_POINT('Origin',(-9.58007523992503,-2.64439470095937,47.4681414825894));
#3975=CARTESIAN_POINT('',(-92.3510340619804,-4.16947189587292,38.8189989135626));
#3976=CARTESIAN_POINT('',(-7.89014416088505,-2.25042791805822,49.70243813599));
#3977=CARTESIAN_POINT('',(-93.0958933474828,-4.2138737331222,38.5671835812132));
#3978=CARTESIAN_POINT('Origin',(-92.0954318991819,-4.51923403144251,36.8353992729162));
#3979=CARTESIAN_POINT('',(-65.8270366477493,-1.43612947355248,54.3205541000584));
#3980=CARTESIAN_POINT('Origin',(-92.0954318991819,0.,36.8353992729162));
#3981=CARTESIAN_POINT('',(-92.3510340619804,2.6,38.8189989135626));
#3982=CARTESIAN_POINT('',(-93.0958933474828,2.6,38.5671835812132));
#3983=CARTESIAN_POINT('Origin',(-92.0954318991819,2.6,36.8353992729162));
#3984=CARTESIAN_POINT('',(-93.0958933474828,0.,38.5671835812132));
#3985=CARTESIAN_POINT('',(-92.3510340619804,0.,38.8189989135626));
#3986=CARTESIAN_POINT('Origin',(-2.79452478935127E-7,2.6,34.4003114476545));
#3987=CARTESIAN_POINT('',(-70.6891793846868,2.6,38.2497977037528));
#3988=CARTESIAN_POINT('',(-70.6891793846868,2.6,38.2497977037528));
#3989=CARTESIAN_POINT('',(-70.6891793846868,2.6,38.2497977037528));
#3990=CARTESIAN_POINT('',(-90.3648026318679,2.6,19.3324827005395));
#3991=CARTESIAN_POINT('',(-126.390882591205,2.6,19.3324827005395));
#3992=CARTESIAN_POINT('',(-9.83567740272351,2.6,49.4517411232359));
#3993=CARTESIAN_POINT('',(-92.7487056435339,2.6,38.7677558530953));
#3994=CARTESIAN_POINT('',(-9.58007523992503,2.6,49.4681414825894));
#3995=CARTESIAN_POINT('Origin',(-9.58007523992503,2.6,47.4681414825894));
#3996=CARTESIAN_POINT('',(3.60773810825776E-7,2.6,49.4681414825894));
#3997=CARTESIAN_POINT('',(-9.70840247451478,2.6,49.4681414825894));
#3998=CARTESIAN_POINT('',(9.58007595330739,2.6,49.4681414127214));
#3999=CARTESIAN_POINT('',(3.60773818356916E-7,2.6,49.4681414825894));
#4000=CARTESIAN_POINT('',(9.83567813211645,2.6,49.4517410494253));
#4001=CARTESIAN_POINT('Origin',(9.58007593872129,2.6,47.4681414127214));
#4002=CARTESIAN_POINT('',(92.351034630715,2.6,38.8189975665353));
#4003=CARTESIAN_POINT('',(9.70840319606242,2.6,49.4681414117855));
#4004=CARTESIAN_POINT('',(93.0958939081812,2.6,38.5671822250952));
#4005=CARTESIAN_POINT('Origin',(92.0954324373198,2.6,36.8353979298315));
#4006=CARTESIAN_POINT('',(125.391343503162,2.6,19.909920410047));
#4007=CARTESIAN_POINT('',(126.390882032301,2.6,19.3324814127195));
#4008=CARTESIAN_POINT('',(126.024126329132,2.6,19.3324814127195));
#4009=CARTESIAN_POINT('Origin',(124.390882032301,2.6,18.1781361147833));
#4010=CARTESIAN_POINT('',(90.3648031682247,2.6,19.3324814127195));
#4011=CARTESIAN_POINT('',(126.390882032301,2.6,19.3324814127195));
#4012=CARTESIAN_POINT('',(90.3648031682247,2.6,36.7717506572019));
#4013=CARTESIAN_POINT('',(70.6891799426025,2.6,38.2497966726728));
#4014=CARTESIAN_POINT('',(-1.,2.6,45.9681414708389));
#4015=CARTESIAN_POINT('Origin',(0.,2.6,45.9681414708389));
#4016=CARTESIAN_POINT('Origin',(-9.70840247451479,0.,49.4681414825894));
#4017=CARTESIAN_POINT('',(-9.83567740272351,0.,49.4517411232359));
#4018=CARTESIAN_POINT('Origin',(-9.58007523992503,0.,47.4681414825894));
#4019=CARTESIAN_POINT('',(-9.58007523992503,0.,49.4681414825894));
#4020=CARTESIAN_POINT('Origin',(9.58007593872129,0.,47.4681414127214));
#4021=CARTESIAN_POINT('',(9.58007595330739,0.,49.4681414127214));
#4022=CARTESIAN_POINT('',(9.83567813211645,0.,49.4517410494253));
#4023=CARTESIAN_POINT('Origin',(92.7487062090046,0.,38.7677545002527));
#4024=CARTESIAN_POINT('',(92.3510346307149,0.,38.8189975665353));
#4025=CARTESIAN_POINT('Origin',(92.0954324373198,0.,36.8353979298315));
#4026=CARTESIAN_POINT('',(93.0958939081812,0.,38.5671822250952));
#4027=CARTESIAN_POINT('Origin',(126.390882032301,0.,19.3324814127195));
#4028=CARTESIAN_POINT('',(125.391343503162,0.,19.909920410047));
#4029=CARTESIAN_POINT('Origin',(124.390882032301,0.,18.1781361147833));
#4030=CARTESIAN_POINT('',(126.390882032301,0.,18.1781361147833));
#4031=CARTESIAN_POINT('',(126.024126329132,0.,19.3324814127195));
#4032=CARTESIAN_POINT('Origin',(126.390882032301,0.,-44.8229579440572));
#4033=CARTESIAN_POINT('',(126.390882032301,-13.,-42.8230126557172));
#4034=CARTESIAN_POINT('',(126.390882032301,-13.,-21.2504675684135));
#4035=CARTESIAN_POINT('',(126.390882032301,0.,-42.8230126557172));
#4036=CARTESIAN_POINT('',(126.390882032301,0.8,-38.8336849740761));
#4037=CARTESIAN_POINT('Origin',(124.390882032301,0.,-42.8230126557172));
#4038=CARTESIAN_POINT('',(124.390936744709,-13.,-44.8230126549688));
#4039=CARTESIAN_POINT('Origin',(124.390882032301,-13.,-42.8230126557172));
#4040=CARTESIAN_POINT('',(124.390936744709,0.,-44.8230126549688));
#4041=CARTESIAN_POINT('Origin',(85.2275431670882,0.,-44.8240840167605));
#4042=CARTESIAN_POINT('',(85.2275431670882,-13.,-44.8240840167605));
#4043=CARTESIAN_POINT('',(42.6144163449705,-13.,-44.8252497501591));
#4044=CARTESIAN_POINT('',(85.2275431670882,0.,-44.8240840167605));
#4045=CARTESIAN_POINT('Origin',(-2.79452594398322E-7,-13.,2.32202280723019));
#4046=CARTESIAN_POINT('',(-85.227637049418,-13.,-44.8240960286698));
#4047=CARTESIAN_POINT('',(-63.1954423716762,-13.,-44.8240969038125));
#4048=CARTESIAN_POINT('',(-42.6138170032513,-13.,-44.8240930256907));
#4049=CARTESIAN_POINT('Origin',(15.0280925138398,-9.24379919617043,-1.6391992158554));
#4050=CARTESIAN_POINT('',(15.0280925138398,-9.,-2.4506992158554));
#4051=CARTESIAN_POINT('Origin',(15.0280925138398,-9.,-1.6391992158554));
#4052=CARTESIAN_POINT('',(15.0280925138398,-9.48759839234087,-1.6391992158554));
#4053=CARTESIAN_POINT('',(15.0280925138398,-9.24379919617043,-2.0449492158554));
#4054=CARTESIAN_POINT('Origin',(15.0280925138398,-7.,-1.6391992158554));
#4055=CARTESIAN_POINT('',(15.0280925138398,-7.,-2.4506992158554));
#4056=CARTESIAN_POINT('Origin',(-15.0280925138398,-9.24379919617043,-25.5472030055705));
#4057=CARTESIAN_POINT('',(-15.0280925138398,-9.,-26.3587030055705));
#4058=CARTESIAN_POINT('Origin',(-15.0280925138398,-9.,-25.5472030055705));
#4059=CARTESIAN_POINT('',(-15.0280925138398,-9.48759839234087,-25.5472030055705));
#4060=CARTESIAN_POINT('',(-15.0280925138398,-9.24379919617043,-25.9529530055705));
#4061=CARTESIAN_POINT('Origin',(-15.0280925138398,-7.,-25.5472030055705));
#4062=CARTESIAN_POINT('',(-15.0280925138398,-7.,-26.3587030055705));
#4063=CARTESIAN_POINT('Origin',(15.0280925138398,-9.24379919617043,-25.5472030055705));
#4064=CARTESIAN_POINT('',(15.0280925138398,-9.,-26.3587030055705));
#4065=CARTESIAN_POINT('Origin',(15.0280925138398,-9.,-25.5472030055705));
#4066=CARTESIAN_POINT('',(15.0280925138398,-9.48759839234087,-25.5472030055705));
#4067=CARTESIAN_POINT('',(15.0280925138398,-9.24379919617043,-25.9529530055705));
#4068=CARTESIAN_POINT('Origin',(15.0280925138398,-7.,-25.5472030055705));
#4069=CARTESIAN_POINT('',(15.0280925138398,-7.,-26.3587030055705));
#4070=CARTESIAN_POINT('Origin',(-15.0280925138398,-9.24379919617043,-1.6391992158554));
#4071=CARTESIAN_POINT('',(-15.0280925138398,-9.,-2.4506992158554));
#4072=CARTESIAN_POINT('Origin',(-15.0280925138398,-9.,-1.6391992158554));
#4073=CARTESIAN_POINT('',(-15.0280925138398,-9.48759839234087,-1.6391992158554));
#4074=CARTESIAN_POINT('',(-15.0280925138398,-9.24379919617043,-2.0449492158554));
#4075=CARTESIAN_POINT('Origin',(-15.0280925138398,-7.,-1.6391992158554));
#4076=CARTESIAN_POINT('',(-15.0280925138398,-7.,-2.4506992158554));
#4077=CARTESIAN_POINT('Origin',(-2.26793191451184E-7,0.,-31.0971506930283));
#4078=CARTESIAN_POINT('',(9.99865245688523,1.6,-31.0971506930306));
#4079=CARTESIAN_POINT('',(-2.26793191451184E-7,0.,-31.0971506930283));
#4080=CARTESIAN_POINT('Origin',(5.99999959745876,-4.20000000000009,-46.8240960286698));
#4081=CARTESIAN_POINT('',(5.99999959745876,-2.10000000000005,-44.8240895998942));
#4082=CARTESIAN_POINT('Origin',(-6.00000040254124,2.59999999999991,-46.8240960286698));
#4083=CARTESIAN_POINT('',(-6.00000040254125,1.29999999999995,-44.8240904455295));
#4084=CARTESIAN_POINT('Origin',(-85.227637049418,0.,-44.8240960286698));
#4085=CARTESIAN_POINT('',(-85.227637049418,0.,-44.8240960286698));
#4086=CARTESIAN_POINT('Origin',(17.5000241809461,0.,4.40284930696943));
#4087=CARTESIAN_POINT('',(-17.5000241809461,0.,4.40284930696943));
#4088=CARTESIAN_POINT('Origin',(-17.5000241809461,0.,4.40284930696943));
#4089=CARTESIAN_POINT('Origin',(103.500024180946,0.,-28.204270040034));
#4090=CARTESIAN_POINT('Origin',(126.390882032301,0.,19.3324814127195));
#4091=CARTESIAN_POINT('',(90.3648031682247,1.6,19.3324814127195));
#4092=CARTESIAN_POINT('Origin',(90.3648031682247,0.,19.3324814127195));
#4093=CARTESIAN_POINT('Origin',(70.6891799426025,0.,38.2497966726728));
#4094=CARTESIAN_POINT('Origin',(-9.3742195105322,0.,46.9681414708389));
#4095=CARTESIAN_POINT('',(-70.6891793846868,1.6,38.2497977037528));
#4096=CARTESIAN_POINT('Origin',(-70.6891793846868,0.,38.2497977037528));
#4097=CARTESIAN_POINT('Origin',(-90.3648026318679,0.,19.3324827005395));
#4098=CARTESIAN_POINT('Origin',(-126.390890952277,0.,-38.8240952111377));
#4099=CARTESIAN_POINT('',(-106.390890952277,1.6,-38.8240952111377));
#4100=CARTESIAN_POINT('Origin',(88.9823498250348,1.6,-40.8336849740761));
#4101=CARTESIAN_POINT('',(87.9823498250349,1.6,-40.8336849740761));
#4102=CARTESIAN_POINT('Origin',(88.9823498250348,1.6,-40.8336849740761));
#4103=CARTESIAN_POINT('Origin',(0.,1.6,45.9681414708389));
#4104=CARTESIAN_POINT('',(-1.,1.6,45.9681414708389));
#4105=CARTESIAN_POINT('Origin',(0.,1.6,45.9681414708389));
#4106=CARTESIAN_POINT('Origin',(-88.9398544726859,1.6,-40.8240956441485));
#4107=CARTESIAN_POINT('',(-89.9398544726859,1.6,-40.8240956441485));
#4108=CARTESIAN_POINT('Origin',(-88.9398544726859,1.6,-40.8240956441485));
#4109=CARTESIAN_POINT('Origin',(-88.9398544726859,0.,-40.8240956441485));
#4110=CARTESIAN_POINT('',(-89.9398544726859,0.,-40.8240956441485));
#4111=CARTESIAN_POINT('Origin',(88.9823498250348,0.,-40.8336849740761));
#4112=CARTESIAN_POINT('',(87.9823498250349,0.,-40.8336849740761));
#4113=CARTESIAN_POINT('Origin',(85.4823498250348,0.,-41.8336849740761));
#4114=CARTESIAN_POINT('Origin',(-9.99865413426178,0.,-31.0971506914385));
#4115=CARTESIAN_POINT('Origin',(-106.390890952277,0.,-38.8240952111377));
#4116=CARTESIAN_POINT('Origin',(106.390882032301,0.,-38.8336849740761));
#4117=CARTESIAN_POINT('Origin',(9.99865245688523,0.,-31.0971506930306));
#4118=CARTESIAN_POINT('Origin',(0.,0.,45.9681414708389));
#4119=CARTESIAN_POINT('',(-1.,0.,45.9681414708389));
#4120=CARTESIAN_POINT('Origin',(-126.390882591204,0.,-44.8240943936208));
#4121=CARTESIAN_POINT('Origin',(-92.7487056435339,0.,38.7677558530953));
#4122=CARTESIAN_POINT('Origin',(3.60773818597337E-7,0.,49.4681414825894));
#4123=CARTESIAN_POINT('',(3.60773818356916E-7,0.,49.4681414825894));
#4124=CARTESIAN_POINT('Origin',(9.70840319606242,0.,49.4681414117855));
#4125=UNCERTAINTY_MEASURE_WITH_UNIT(LENGTH_MEASURE(0.01),#4129,
'DISTANCE_ACCURACY_VALUE',
'Maximum model space distance between geometric entities at asserted c
onnectivities');
#4126=UNCERTAINTY_MEASURE_WITH_UNIT(LENGTH_MEASURE(0.01),#4129,
'DISTANCE_ACCURACY_VALUE',
'Maximum model space distance between geometric entities at asserted c
onnectivities');
#4127=(
GEOMETRIC_REPRESENTATION_CONTEXT(3)
GLOBAL_UNCERTAINTY_ASSIGNED_CONTEXT((#4125))
GLOBAL_UNIT_ASSIGNED_CONTEXT((#4129,#4130,#4131))
REPRESENTATION_CONTEXT('','3D')
);
#4128=(
GEOMETRIC_REPRESENTATION_CONTEXT(3)
GLOBAL_UNCERTAINTY_ASSIGNED_CONTEXT((#4126))
GLOBAL_UNIT_ASSIGNED_CONTEXT((#4129,#4130,#4131))
REPRESENTATION_CONTEXT('','3D')
);
#4129=(
LENGTH_UNIT()
NAMED_UNIT(*)
SI_UNIT(.MILLI.,.METRE.)
);
#4130=(
NAMED_UNIT(*)
PLANE_ANGLE_UNIT()
SI_UNIT($,.RADIAN.)
);
#4131=(
NAMED_UNIT(*)
SI_UNIT($,.STERADIAN.)
SOLID_ANGLE_UNIT()
);
#4132=SHAPE_DEFINITION_REPRESENTATION(#4133,#4134);
#4133=PRODUCT_DEFINITION_SHAPE('',$,#4136);
#4134=SHAPE_REPRESENTATION('',(#2444),#4127);
#4135=PRODUCT_DEFINITION_CONTEXT('part definition',#4140,'design');
#4136=PRODUCT_DEFINITION('2026-05-22-02-35-04-396','carot42',#4137,#4135);
#4137=PRODUCT_DEFINITION_FORMATION('',$,#4142);
#4138=PRODUCT_RELATED_PRODUCT_CATEGORY('carot42','carot42',(#4142));
#4139=APPLICATION_PROTOCOL_DEFINITION('international standard',
'automotive_design',2009,#4140);
#4140=APPLICATION_CONTEXT(
'Core Data for Automotive Mechanical Design Process');
#4141=PRODUCT_CONTEXT('part definition',#4140,'mechanical');
#4142=PRODUCT('2026-05-22-02-35-04-396','carot42',$,(#4141));
#4143=PRESENTATION_STYLE_ASSIGNMENT((#4144));
#4144=SURFACE_STYLE_USAGE(.BOTH.,#4145);
#4145=SURFACE_SIDE_STYLE('',(#4146));
#4146=SURFACE_STYLE_FILL_AREA(#4147);
#4147=FILL_AREA_STYLE('\X2\92FC\X0\ - \X2\30B530C630F3\X0\',(#4148));
#4148=FILL_AREA_STYLE_COLOUR('\X2\92FC\X0\ - \X2\30B530C630F3\X0\',#4149);
#4149=COLOUR_RGB('\X2\92FC\X0\ - \X2\30B530C630F3\X0\',0.627450980392157,
0.627450980392157,0.627450980392157);
ENDSEC;
END-ISO-10303-21;
