ISO-10303-21;
HEADER;
/* Generated by software containing ST-Developer
 * from STEP Tools, Inc. (www.steptools.com) 
 */

FILE_DESCRIPTION(
/* description */ (''),
/* implementation_level */ '2;1');

FILE_NAME(
/* name */ 'carot42_v3_top_screw.step',
/* time_stamp */ '2026-07-15T14:47:16+09:00',
/* author */ (''),
/* organization */ (''),
/* preprocessor_version */ 'ST-DEVELOPER v20.1',
/* originating_system */ 'Autodesk Translation Framework v15.8.0.0',
/* authorisation */ '');

FILE_SCHEMA (('AUTOMOTIVE_DESIGN { 1 0 10303 214 3 1 1 }'));
ENDSEC;

DATA;
#10=MECHANICAL_DESIGN_GEOMETRIC_PRESENTATION_REPRESENTATION('',(#13),#5373);
#11=SHAPE_REPRESENTATION_RELATIONSHIP('SRR','None',#5379,#12);
#12=ADVANCED_BREP_SHAPE_REPRESENTATION('',(#14),#5372);
#13=STYLED_ITEM('',(#5388),#14);
#14=MANIFOLD_SOLID_BREP('top_case',#3240);
#15=ELLIPSE('',#3326,2.03085322377149,2.);
#16=ELLIPSE('',#3332,2.03085322377149,2.);
#17=ELLIPSE('',#3356,2.03085322377149,2.);
#18=ELLIPSE('',#3359,2.03085322377149,2.);
#19=ELLIPSE('',#3362,2.03085322377149,2.);
#20=ELLIPSE('',#3365,2.03085322377149,2.);
#21=FACE_BOUND('',#380,.T.);
#22=FACE_BOUND('',#381,.T.);
#23=FACE_BOUND('',#399,.T.);
#24=FACE_BOUND('',#400,.T.);
#25=FACE_BOUND('',#505,.T.);
#26=FACE_BOUND('',#506,.T.);
#27=FACE_BOUND('',#508,.T.);
#28=PLANE('',#3261);
#29=PLANE('',#3265);
#30=PLANE('',#3279);
#31=PLANE('',#3285);
#32=PLANE('',#3288);
#33=PLANE('',#3291);
#34=PLANE('',#3321);
#35=PLANE('',#3323);
#36=PLANE('',#3327);
#37=PLANE('',#3333);
#38=PLANE('',#3346);
#39=PLANE('',#3348);
#40=PLANE('',#3350);
#41=PLANE('',#3352);
#42=PLANE('',#3357);
#43=PLANE('',#3360);
#44=PLANE('',#3363);
#45=PLANE('',#3366);
#46=PLANE('',#3369);
#47=PLANE('',#3372);
#48=PLANE('',#3375);
#49=PLANE('',#3380);
#50=PLANE('',#3385);
#51=PLANE('',#3388);
#52=PLANE('',#3391);
#53=PLANE('',#3394);
#54=PLANE('',#3397);
#55=PLANE('',#3400);
#56=PLANE('',#3405);
#57=PLANE('',#3408);
#58=PLANE('',#3411);
#59=PLANE('',#3414);
#60=PLANE('',#3417);
#61=PLANE('',#3420);
#62=PLANE('',#3423);
#63=PLANE('',#3426);
#64=PLANE('',#3431);
#65=PLANE('',#3432);
#66=PLANE('',#3433);
#67=PLANE('',#3434);
#68=PLANE('',#3435);
#69=PLANE('',#3436);
#70=PLANE('',#3437);
#71=PLANE('',#3438);
#72=PLANE('',#3439);
#73=PLANE('',#3440);
#74=PLANE('',#3441);
#75=PLANE('',#3442);
#76=PLANE('',#3443);
#77=PLANE('',#3444);
#78=PLANE('',#3445);
#79=PLANE('',#3446);
#80=PLANE('',#3447);
#81=PLANE('',#3448);
#82=PLANE('',#3449);
#83=PLANE('',#3450);
#84=PLANE('',#3451);
#85=PLANE('',#3452);
#86=PLANE('',#3453);
#87=PLANE('',#3454);
#88=PLANE('',#3455);
#89=PLANE('',#3456);
#90=PLANE('',#3457);
#91=PLANE('',#3458);
#92=PLANE('',#3459);
#93=PLANE('',#3460);
#94=PLANE('',#3461);
#95=PLANE('',#3462);
#96=PLANE('',#3463);
#97=PLANE('',#3464);
#98=PLANE('',#3465);
#99=PLANE('',#3466);
#100=PLANE('',#3467);
#101=PLANE('',#3468);
#102=PLANE('',#3469);
#103=PLANE('',#3470);
#104=PLANE('',#3471);
#105=PLANE('',#3472);
#106=PLANE('',#3473);
#107=PLANE('',#3474);
#108=PLANE('',#3475);
#109=PLANE('',#3476);
#110=PLANE('',#3477);
#111=PLANE('',#3478);
#112=PLANE('',#3479);
#113=PLANE('',#3480);
#114=PLANE('',#3481);
#115=PLANE('',#3482);
#116=PLANE('',#3483);
#117=PLANE('',#3486);
#118=PLANE('',#3489);
#119=PLANE('',#3492);
#120=PLANE('',#3493);
#121=PLANE('',#3494);
#122=PLANE('',#3495);
#123=PLANE('',#3496);
#124=PLANE('',#3497);
#125=PLANE('',#3498);
#126=PLANE('',#3499);
#127=PLANE('',#3500);
#128=PLANE('',#3501);
#129=PLANE('',#3502);
#130=PLANE('',#3503);
#131=PLANE('',#3504);
#132=PLANE('',#3505);
#133=PLANE('',#3506);
#134=PLANE('',#3507);
#135=PLANE('',#3508);
#136=PLANE('',#3509);
#137=PLANE('',#3510);
#138=PLANE('',#3511);
#139=PLANE('',#3512);
#140=PLANE('',#3513);
#141=PLANE('',#3514);
#142=PLANE('',#3515);
#143=PLANE('',#3516);
#144=PLANE('',#3517);
#145=CYLINDRICAL_SURFACE('',#3244,0.8115);
#146=CYLINDRICAL_SURFACE('',#3248,0.8115);
#147=CYLINDRICAL_SURFACE('',#3252,0.8115);
#148=CYLINDRICAL_SURFACE('',#3256,0.8115);
#149=CYLINDRICAL_SURFACE('',#3258,1.);
#150=CYLINDRICAL_SURFACE('',#3262,1.);
#151=CYLINDRICAL_SURFACE('',#3276,1.);
#152=CYLINDRICAL_SURFACE('',#3280,1.);
#153=CYLINDRICAL_SURFACE('',#3283,2.);
#154=CYLINDRICAL_SURFACE('',#3286,2.);
#155=CYLINDRICAL_SURFACE('',#3289,2.);
#156=CYLINDRICAL_SURFACE('',#3322,2.);
#157=CYLINDRICAL_SURFACE('',#3324,2.);
#158=CYLINDRICAL_SURFACE('',#3328,2.);
#159=CYLINDRICAL_SURFACE('',#3330,2.);
#160=CYLINDRICAL_SURFACE('',#3344,2.);
#161=CYLINDRICAL_SURFACE('',#3345,2.);
#162=CYLINDRICAL_SURFACE('',#3347,2.);
#163=CYLINDRICAL_SURFACE('',#3349,2.);
#164=CYLINDRICAL_SURFACE('',#3351,2.);
#165=CYLINDRICAL_SURFACE('',#3353,2.);
#166=CYLINDRICAL_SURFACE('',#3355,2.);
#167=CYLINDRICAL_SURFACE('',#3358,2.);
#168=CYLINDRICAL_SURFACE('',#3361,2.);
#169=CYLINDRICAL_SURFACE('',#3364,2.);
#170=CYLINDRICAL_SURFACE('',#3367,2.);
#171=CYLINDRICAL_SURFACE('',#3370,2.);
#172=CYLINDRICAL_SURFACE('',#3373,2.);
#173=CYLINDRICAL_SURFACE('',#3376,2.);
#174=CYLINDRICAL_SURFACE('',#3378,2.);
#175=CYLINDRICAL_SURFACE('',#3381,2.);
#176=CYLINDRICAL_SURFACE('',#3383,2.);
#177=CYLINDRICAL_SURFACE('',#3386,2.);
#178=CYLINDRICAL_SURFACE('',#3389,2.);
#179=CYLINDRICAL_SURFACE('',#3392,2.);
#180=CYLINDRICAL_SURFACE('',#3395,2.);
#181=CYLINDRICAL_SURFACE('',#3398,2.);
#182=CYLINDRICAL_SURFACE('',#3401,2.);
#183=CYLINDRICAL_SURFACE('',#3403,2.);
#184=CYLINDRICAL_SURFACE('',#3406,2.);
#185=CYLINDRICAL_SURFACE('',#3409,2.);
#186=CYLINDRICAL_SURFACE('',#3412,2.);
#187=CYLINDRICAL_SURFACE('',#3415,2.);
#188=CYLINDRICAL_SURFACE('',#3418,2.);
#189=CYLINDRICAL_SURFACE('',#3421,2.);
#190=CYLINDRICAL_SURFACE('',#3424,2.);
#191=CYLINDRICAL_SURFACE('',#3427,2.);
#192=CYLINDRICAL_SURFACE('',#3429,2.);
#193=CYLINDRICAL_SURFACE('',#3484,4.62812509843107);
#194=CYLINDRICAL_SURFACE('',#3487,4.62814007953551);
#195=CYLINDRICAL_SURFACE('',#3490,4.62812496764419);
#196=FACE_OUTER_BOUND('',#368,.T.);
#197=FACE_OUTER_BOUND('',#369,.T.);
#198=FACE_OUTER_BOUND('',#370,.T.);
#199=FACE_OUTER_BOUND('',#371,.T.);
#200=FACE_OUTER_BOUND('',#372,.T.);
#201=FACE_OUTER_BOUND('',#373,.T.);
#202=FACE_OUTER_BOUND('',#374,.T.);
#203=FACE_OUTER_BOUND('',#375,.T.);
#204=FACE_OUTER_BOUND('',#376,.T.);
#205=FACE_OUTER_BOUND('',#377,.T.);
#206=FACE_OUTER_BOUND('',#378,.T.);
#207=FACE_OUTER_BOUND('',#379,.T.);
#208=FACE_OUTER_BOUND('',#382,.T.);
#209=FACE_OUTER_BOUND('',#383,.T.);
#210=FACE_OUTER_BOUND('',#384,.T.);
#211=FACE_OUTER_BOUND('',#385,.T.);
#212=FACE_OUTER_BOUND('',#386,.T.);
#213=FACE_OUTER_BOUND('',#387,.T.);
#214=FACE_OUTER_BOUND('',#388,.T.);
#215=FACE_OUTER_BOUND('',#389,.T.);
#216=FACE_OUTER_BOUND('',#390,.T.);
#217=FACE_OUTER_BOUND('',#391,.T.);
#218=FACE_OUTER_BOUND('',#392,.T.);
#219=FACE_OUTER_BOUND('',#393,.T.);
#220=FACE_OUTER_BOUND('',#394,.T.);
#221=FACE_OUTER_BOUND('',#395,.T.);
#222=FACE_OUTER_BOUND('',#396,.T.);
#223=FACE_OUTER_BOUND('',#397,.T.);
#224=FACE_OUTER_BOUND('',#398,.T.);
#225=FACE_OUTER_BOUND('',#401,.T.);
#226=FACE_OUTER_BOUND('',#402,.T.);
#227=FACE_OUTER_BOUND('',#403,.T.);
#228=FACE_OUTER_BOUND('',#404,.T.);
#229=FACE_OUTER_BOUND('',#405,.T.);
#230=FACE_OUTER_BOUND('',#406,.T.);
#231=FACE_OUTER_BOUND('',#407,.T.);
#232=FACE_OUTER_BOUND('',#408,.T.);
#233=FACE_OUTER_BOUND('',#409,.T.);
#234=FACE_OUTER_BOUND('',#410,.T.);
#235=FACE_OUTER_BOUND('',#411,.T.);
#236=FACE_OUTER_BOUND('',#412,.T.);
#237=FACE_OUTER_BOUND('',#413,.T.);
#238=FACE_OUTER_BOUND('',#414,.T.);
#239=FACE_OUTER_BOUND('',#415,.T.);
#240=FACE_OUTER_BOUND('',#416,.T.);
#241=FACE_OUTER_BOUND('',#417,.T.);
#242=FACE_OUTER_BOUND('',#418,.T.);
#243=FACE_OUTER_BOUND('',#419,.T.);
#244=FACE_OUTER_BOUND('',#420,.T.);
#245=FACE_OUTER_BOUND('',#421,.T.);
#246=FACE_OUTER_BOUND('',#422,.T.);
#247=FACE_OUTER_BOUND('',#423,.T.);
#248=FACE_OUTER_BOUND('',#424,.T.);
#249=FACE_OUTER_BOUND('',#425,.T.);
#250=FACE_OUTER_BOUND('',#426,.T.);
#251=FACE_OUTER_BOUND('',#427,.T.);
#252=FACE_OUTER_BOUND('',#428,.T.);
#253=FACE_OUTER_BOUND('',#429,.T.);
#254=FACE_OUTER_BOUND('',#430,.T.);
#255=FACE_OUTER_BOUND('',#431,.T.);
#256=FACE_OUTER_BOUND('',#432,.T.);
#257=FACE_OUTER_BOUND('',#433,.T.);
#258=FACE_OUTER_BOUND('',#434,.T.);
#259=FACE_OUTER_BOUND('',#435,.T.);
#260=FACE_OUTER_BOUND('',#436,.T.);
#261=FACE_OUTER_BOUND('',#437,.T.);
#262=FACE_OUTER_BOUND('',#438,.T.);
#263=FACE_OUTER_BOUND('',#439,.T.);
#264=FACE_OUTER_BOUND('',#440,.T.);
#265=FACE_OUTER_BOUND('',#441,.T.);
#266=FACE_OUTER_BOUND('',#442,.T.);
#267=FACE_OUTER_BOUND('',#443,.T.);
#268=FACE_OUTER_BOUND('',#444,.T.);
#269=FACE_OUTER_BOUND('',#445,.T.);
#270=FACE_OUTER_BOUND('',#446,.T.);
#271=FACE_OUTER_BOUND('',#447,.T.);
#272=FACE_OUTER_BOUND('',#448,.T.);
#273=FACE_OUTER_BOUND('',#449,.T.);
#274=FACE_OUTER_BOUND('',#450,.T.);
#275=FACE_OUTER_BOUND('',#451,.T.);
#276=FACE_OUTER_BOUND('',#452,.T.);
#277=FACE_OUTER_BOUND('',#453,.T.);
#278=FACE_OUTER_BOUND('',#454,.T.);
#279=FACE_OUTER_BOUND('',#455,.T.);
#280=FACE_OUTER_BOUND('',#456,.T.);
#281=FACE_OUTER_BOUND('',#457,.T.);
#282=FACE_OUTER_BOUND('',#458,.T.);
#283=FACE_OUTER_BOUND('',#459,.T.);
#284=FACE_OUTER_BOUND('',#460,.T.);
#285=FACE_OUTER_BOUND('',#461,.T.);
#286=FACE_OUTER_BOUND('',#462,.T.);
#287=FACE_OUTER_BOUND('',#463,.T.);
#288=FACE_OUTER_BOUND('',#464,.T.);
#289=FACE_OUTER_BOUND('',#465,.T.);
#290=FACE_OUTER_BOUND('',#466,.T.);
#291=FACE_OUTER_BOUND('',#467,.T.);
#292=FACE_OUTER_BOUND('',#468,.T.);
#293=FACE_OUTER_BOUND('',#469,.T.);
#294=FACE_OUTER_BOUND('',#470,.T.);
#295=FACE_OUTER_BOUND('',#471,.T.);
#296=FACE_OUTER_BOUND('',#472,.T.);
#297=FACE_OUTER_BOUND('',#473,.T.);
#298=FACE_OUTER_BOUND('',#474,.T.);
#299=FACE_OUTER_BOUND('',#475,.T.);
#300=FACE_OUTER_BOUND('',#476,.T.);
#301=FACE_OUTER_BOUND('',#477,.T.);
#302=FACE_OUTER_BOUND('',#478,.T.);
#303=FACE_OUTER_BOUND('',#479,.T.);
#304=FACE_OUTER_BOUND('',#480,.T.);
#305=FACE_OUTER_BOUND('',#481,.T.);
#306=FACE_OUTER_BOUND('',#482,.T.);
#307=FACE_OUTER_BOUND('',#483,.T.);
#308=FACE_OUTER_BOUND('',#484,.T.);
#309=FACE_OUTER_BOUND('',#485,.T.);
#310=FACE_OUTER_BOUND('',#486,.T.);
#311=FACE_OUTER_BOUND('',#487,.T.);
#312=FACE_OUTER_BOUND('',#488,.T.);
#313=FACE_OUTER_BOUND('',#489,.T.);
#314=FACE_OUTER_BOUND('',#490,.T.);
#315=FACE_OUTER_BOUND('',#491,.T.);
#316=FACE_OUTER_BOUND('',#492,.T.);
#317=FACE_OUTER_BOUND('',#493,.T.);
#318=FACE_OUTER_BOUND('',#494,.T.);
#319=FACE_OUTER_BOUND('',#495,.T.);
#320=FACE_OUTER_BOUND('',#496,.T.);
#321=FACE_OUTER_BOUND('',#497,.T.);
#322=FACE_OUTER_BOUND('',#498,.T.);
#323=FACE_OUTER_BOUND('',#499,.T.);
#324=FACE_OUTER_BOUND('',#500,.T.);
#325=FACE_OUTER_BOUND('',#501,.T.);
#326=FACE_OUTER_BOUND('',#502,.T.);
#327=FACE_OUTER_BOUND('',#503,.T.);
#328=FACE_OUTER_BOUND('',#504,.T.);
#329=FACE_OUTER_BOUND('',#507,.T.);
#330=FACE_OUTER_BOUND('',#509,.T.);
#331=FACE_OUTER_BOUND('',#510,.T.);
#332=FACE_OUTER_BOUND('',#511,.T.);
#333=FACE_OUTER_BOUND('',#512,.T.);
#334=FACE_OUTER_BOUND('',#513,.T.);
#335=FACE_OUTER_BOUND('',#514,.T.);
#336=FACE_OUTER_BOUND('',#515,.T.);
#337=FACE_OUTER_BOUND('',#516,.T.);
#338=FACE_OUTER_BOUND('',#517,.T.);
#339=FACE_OUTER_BOUND('',#518,.T.);
#340=FACE_OUTER_BOUND('',#519,.T.);
#341=FACE_OUTER_BOUND('',#520,.T.);
#342=FACE_OUTER_BOUND('',#521,.T.);
#343=FACE_OUTER_BOUND('',#522,.T.);
#344=FACE_OUTER_BOUND('',#523,.T.);
#345=FACE_OUTER_BOUND('',#524,.T.);
#346=FACE_OUTER_BOUND('',#525,.T.);
#347=FACE_OUTER_BOUND('',#526,.T.);
#348=FACE_OUTER_BOUND('',#527,.T.);
#349=FACE_OUTER_BOUND('',#528,.T.);
#350=FACE_OUTER_BOUND('',#529,.T.);
#351=FACE_OUTER_BOUND('',#530,.T.);
#352=FACE_OUTER_BOUND('',#531,.T.);
#353=FACE_OUTER_BOUND('',#532,.T.);
#354=FACE_OUTER_BOUND('',#533,.T.);
#355=FACE_OUTER_BOUND('',#534,.T.);
#356=FACE_OUTER_BOUND('',#535,.T.);
#357=FACE_OUTER_BOUND('',#536,.T.);
#358=FACE_OUTER_BOUND('',#537,.T.);
#359=FACE_OUTER_BOUND('',#538,.T.);
#360=FACE_OUTER_BOUND('',#539,.T.);
#361=FACE_OUTER_BOUND('',#540,.T.);
#362=FACE_OUTER_BOUND('',#541,.T.);
#363=FACE_OUTER_BOUND('',#542,.T.);
#364=FACE_OUTER_BOUND('',#543,.T.);
#365=FACE_OUTER_BOUND('',#544,.T.);
#366=FACE_OUTER_BOUND('',#545,.T.);
#367=FACE_OUTER_BOUND('',#546,.T.);
#368=EDGE_LOOP('',(#2132,#2133,#2134));
#369=EDGE_LOOP('',(#2135,#2136,#2137,#2138));
#370=EDGE_LOOP('',(#2139,#2140,#2141));
#371=EDGE_LOOP('',(#2142,#2143,#2144,#2145));
#372=EDGE_LOOP('',(#2146,#2147,#2148));
#373=EDGE_LOOP('',(#2149,#2150,#2151,#2152));
#374=EDGE_LOOP('',(#2153,#2154,#2155));
#375=EDGE_LOOP('',(#2156,#2157,#2158,#2159));
#376=EDGE_LOOP('',(#2160,#2161,#2162,#2163));
#377=EDGE_LOOP('',(#2164,#2165,#2166,#2167));
#378=EDGE_LOOP('',(#2168,#2169,#2170,#2171));
#379=EDGE_LOOP('',(#2172,#2173,#2174,#2175,#2176,#2177,#2178,#2179,#2180,
#2181,#2182,#2183,#2184,#2185,#2186,#2187,#2188,#2189,#2190,#2191,#2192,
#2193,#2194,#2195,#2196,#2197,#2198,#2199));
#380=EDGE_LOOP('',(#2200));
#381=EDGE_LOOP('',(#2201));
#382=EDGE_LOOP('',(#2202,#2203,#2204,#2205));
#383=EDGE_LOOP('',(#2206,#2207,#2208,#2209));
#384=EDGE_LOOP('',(#2210,#2211,#2212,#2213));
#385=EDGE_LOOP('',(#2214,#2215,#2216,#2217));
#386=EDGE_LOOP('',(#2218,#2219,#2220,#2221,#2222,#2223,#2224,#2225,#2226,
#2227,#2228,#2229,#2230));
#387=EDGE_LOOP('',(#2231,#2232,#2233,#2234));
#388=EDGE_LOOP('',(#2235,#2236,#2237,#2238,#2239,#2240));
#389=EDGE_LOOP('',(#2241,#2242,#2243,#2244));
#390=EDGE_LOOP('',(#2245,#2246,#2247,#2248,#2249,#2250,#2251,#2252,#2253,
#2254,#2255,#2256,#2257,#2258,#2259,#2260,#2261,#2262,#2263,#2264,#2265,
#2266,#2267,#2268,#2269,#2270,#2271,#2272,#2273,#2274,#2275,#2276,#2277,
#2278,#2279,#2280,#2281,#2282,#2283,#2284,#2285,#2286,#2287,#2288,#2289,
#2290,#2291,#2292,#2293,#2294,#2295,#2296,#2297,#2298,#2299,#2300,#2301,
#2302,#2303,#2304,#2305,#2306,#2307,#2308,#2309,#2310,#2311,#2312,#2313,
#2314,#2315,#2316,#2317,#2318,#2319,#2320,#2321,#2322,#2323,#2324,#2325,
#2326,#2327));
#391=EDGE_LOOP('',(#2328,#2329,#2330,#2331,#2332,#2333,#2334,#2335,#2336,
#2337,#2338,#2339,#2340));
#392=EDGE_LOOP('',(#2341,#2342,#2343,#2344));
#393=EDGE_LOOP('',(#2345,#2346,#2347,#2348));
#394=EDGE_LOOP('',(#2349,#2350,#2351,#2352));
#395=EDGE_LOOP('',(#2353,#2354,#2355,#2356));
#396=EDGE_LOOP('',(#2357,#2358,#2359,#2360));
#397=EDGE_LOOP('',(#2361,#2362,#2363,#2364));
#398=EDGE_LOOP('',(#2365,#2366,#2367,#2368,#2369,#2370,#2371,#2372,#2373,
#2374,#2375,#2376,#2377,#2378,#2379,#2380,#2381,#2382,#2383,#2384,#2385,
#2386,#2387,#2388,#2389,#2390,#2391,#2392,#2393,#2394,#2395));
#399=EDGE_LOOP('',(#2396));
#400=EDGE_LOOP('',(#2397));
#401=EDGE_LOOP('',(#2398,#2399,#2400,#2401));
#402=EDGE_LOOP('',(#2402,#2403,#2404,#2405));
#403=EDGE_LOOP('',(#2406,#2407,#2408,#2409));
#404=EDGE_LOOP('',(#2410,#2411,#2412,#2413));
#405=EDGE_LOOP('',(#2414,#2415,#2416,#2417));
#406=EDGE_LOOP('',(#2418,#2419,#2420,#2421));
#407=EDGE_LOOP('',(#2422,#2423,#2424,#2425));
#408=EDGE_LOOP('',(#2426,#2427,#2428,#2429));
#409=EDGE_LOOP('',(#2430,#2431,#2432,#2433,#2434,#2435));
#410=EDGE_LOOP('',(#2436,#2437,#2438,#2439));
#411=EDGE_LOOP('',(#2440,#2441,#2442,#2443));
#412=EDGE_LOOP('',(#2444,#2445,#2446,#2447));
#413=EDGE_LOOP('',(#2448,#2449,#2450,#2451));
#414=EDGE_LOOP('',(#2452,#2453,#2454,#2455));
#415=EDGE_LOOP('',(#2456,#2457,#2458,#2459));
#416=EDGE_LOOP('',(#2460,#2461,#2462,#2463));
#417=EDGE_LOOP('',(#2464,#2465,#2466,#2467));
#418=EDGE_LOOP('',(#2468,#2469,#2470,#2471));
#419=EDGE_LOOP('',(#2472,#2473,#2474,#2475));
#420=EDGE_LOOP('',(#2476,#2477,#2478,#2479));
#421=EDGE_LOOP('',(#2480,#2481,#2482,#2483));
#422=EDGE_LOOP('',(#2484,#2485,#2486,#2487));
#423=EDGE_LOOP('',(#2488,#2489,#2490,#2491,#2492,#2493));
#424=EDGE_LOOP('',(#2494,#2495,#2496,#2497,#2498,#2499));
#425=EDGE_LOOP('',(#2500,#2501,#2502,#2503));
#426=EDGE_LOOP('',(#2504,#2505,#2506,#2507));
#427=EDGE_LOOP('',(#2508,#2509,#2510,#2511));
#428=EDGE_LOOP('',(#2512,#2513,#2514,#2515));
#429=EDGE_LOOP('',(#2516,#2517,#2518,#2519));
#430=EDGE_LOOP('',(#2520,#2521,#2522,#2523));
#431=EDGE_LOOP('',(#2524,#2525,#2526,#2527));
#432=EDGE_LOOP('',(#2528,#2529,#2530,#2531));
#433=EDGE_LOOP('',(#2532,#2533,#2534,#2535));
#434=EDGE_LOOP('',(#2536,#2537,#2538,#2539));
#435=EDGE_LOOP('',(#2540,#2541,#2542,#2543));
#436=EDGE_LOOP('',(#2544,#2545,#2546,#2547));
#437=EDGE_LOOP('',(#2548,#2549,#2550,#2551));
#438=EDGE_LOOP('',(#2552,#2553,#2554,#2555));
#439=EDGE_LOOP('',(#2556,#2557,#2558,#2559));
#440=EDGE_LOOP('',(#2560,#2561,#2562,#2563));
#441=EDGE_LOOP('',(#2564,#2565,#2566,#2567,#2568,#2569));
#442=EDGE_LOOP('',(#2570,#2571,#2572,#2573));
#443=EDGE_LOOP('',(#2574,#2575,#2576,#2577));
#444=EDGE_LOOP('',(#2578,#2579,#2580,#2581));
#445=EDGE_LOOP('',(#2582,#2583,#2584,#2585));
#446=EDGE_LOOP('',(#2586,#2587,#2588,#2589));
#447=EDGE_LOOP('',(#2590,#2591,#2592,#2593));
#448=EDGE_LOOP('',(#2594,#2595,#2596,#2597));
#449=EDGE_LOOP('',(#2598,#2599,#2600,#2601));
#450=EDGE_LOOP('',(#2602,#2603,#2604,#2605));
#451=EDGE_LOOP('',(#2606,#2607,#2608,#2609));
#452=EDGE_LOOP('',(#2610,#2611,#2612,#2613));
#453=EDGE_LOOP('',(#2614,#2615,#2616,#2617));
#454=EDGE_LOOP('',(#2618,#2619,#2620,#2621));
#455=EDGE_LOOP('',(#2622,#2623,#2624,#2625));
#456=EDGE_LOOP('',(#2626,#2627,#2628,#2629));
#457=EDGE_LOOP('',(#2630,#2631,#2632,#2633));
#458=EDGE_LOOP('',(#2634,#2635,#2636,#2637));
#459=EDGE_LOOP('',(#2638,#2639,#2640,#2641));
#460=EDGE_LOOP('',(#2642,#2643,#2644));
#461=EDGE_LOOP('',(#2645,#2646,#2647));
#462=EDGE_LOOP('',(#2648,#2649,#2650));
#463=EDGE_LOOP('',(#2651,#2652,#2653,#2654));
#464=EDGE_LOOP('',(#2655,#2656,#2657));
#465=EDGE_LOOP('',(#2658,#2659,#2660,#2661));
#466=EDGE_LOOP('',(#2662,#2663,#2664));
#467=EDGE_LOOP('',(#2665,#2666,#2667,#2668));
#468=EDGE_LOOP('',(#2669,#2670,#2671));
#469=EDGE_LOOP('',(#2672,#2673,#2674,#2675));
#470=EDGE_LOOP('',(#2676,#2677,#2678,#2679));
#471=EDGE_LOOP('',(#2680,#2681,#2682));
#472=EDGE_LOOP('',(#2683,#2684,#2685,#2686));
#473=EDGE_LOOP('',(#2687,#2688,#2689,#2690));
#474=EDGE_LOOP('',(#2691,#2692,#2693));
#475=EDGE_LOOP('',(#2694,#2695,#2696,#2697));
#476=EDGE_LOOP('',(#2698,#2699,#2700));
#477=EDGE_LOOP('',(#2701,#2702,#2703,#2704));
#478=EDGE_LOOP('',(#2705,#2706,#2707));
#479=EDGE_LOOP('',(#2708,#2709,#2710,#2711,#2712));
#480=EDGE_LOOP('',(#2713,#2714,#2715,#2716));
#481=EDGE_LOOP('',(#2717,#2718,#2719));
#482=EDGE_LOOP('',(#2720,#2721,#2722,#2723));
#483=EDGE_LOOP('',(#2724,#2725,#2726));
#484=EDGE_LOOP('',(#2727,#2728,#2729,#2730));
#485=EDGE_LOOP('',(#2731,#2732,#2733));
#486=EDGE_LOOP('',(#2734,#2735,#2736,#2737));
#487=EDGE_LOOP('',(#2738,#2739,#2740,#2741));
#488=EDGE_LOOP('',(#2742,#2743,#2744));
#489=EDGE_LOOP('',(#2745,#2746,#2747,#2748));
#490=EDGE_LOOP('',(#2749,#2750,#2751,#2752));
#491=EDGE_LOOP('',(#2753,#2754,#2755,#2756));
#492=EDGE_LOOP('',(#2757,#2758,#2759,#2760));
#493=EDGE_LOOP('',(#2761,#2762,#2763,#2764));
#494=EDGE_LOOP('',(#2765,#2766,#2767,#2768));
#495=EDGE_LOOP('',(#2769,#2770,#2771,#2772));
#496=EDGE_LOOP('',(#2773,#2774,#2775,#2776));
#497=EDGE_LOOP('',(#2777,#2778,#2779,#2780));
#498=EDGE_LOOP('',(#2781,#2782,#2783,#2784));
#499=EDGE_LOOP('',(#2785,#2786,#2787,#2788,#2789,#2790,#2791,#2792,#2793,
#2794,#2795,#2796));
#500=EDGE_LOOP('',(#2797,#2798,#2799,#2800));
#501=EDGE_LOOP('',(#2801,#2802,#2803,#2804));
#502=EDGE_LOOP('',(#2805,#2806,#2807,#2808,#2809));
#503=EDGE_LOOP('',(#2810,#2811,#2812,#2813));
#504=EDGE_LOOP('',(#2814,#2815,#2816,#2817,#2818,#2819,#2820,#2821));
#505=EDGE_LOOP('',(#2822,#2823,#2824,#2825,#2826,#2827,#2828,#2829,#2830,
#2831,#2832,#2833,#2834,#2835,#2836,#2837,#2838,#2839,#2840,#2841,#2842,
#2843,#2844,#2845,#2846));
#506=EDGE_LOOP('',(#2847,#2848,#2849,#2850,#2851,#2852,#2853,#2854,#2855,
#2856,#2857,#2858,#2859,#2860,#2861,#2862,#2863,#2864,#2865,#2866,#2867,
#2868,#2869,#2870,#2871));
#507=EDGE_LOOP('',(#2872,#2873,#2874,#2875));
#508=EDGE_LOOP('',(#2876,#2877,#2878,#2879,#2880,#2881,#2882,#2883));
#509=EDGE_LOOP('',(#2884,#2885,#2886,#2887));
#510=EDGE_LOOP('',(#2888,#2889,#2890,#2891,#2892));
#511=EDGE_LOOP('',(#2893,#2894,#2895,#2896,#2897,#2898,#2899,#2900,#2901,
#2902,#2903,#2904));
#512=EDGE_LOOP('',(#2905,#2906,#2907,#2908));
#513=EDGE_LOOP('',(#2909,#2910,#2911,#2912,#2913,#2914,#2915,#2916,#2917,
#2918,#2919,#2920,#2921,#2922,#2923,#2924,#2925,#2926,#2927,#2928,#2929,
#2930,#2931));
#514=EDGE_LOOP('',(#2932,#2933,#2934,#2935));
#515=EDGE_LOOP('',(#2936,#2937,#2938,#2939));
#516=EDGE_LOOP('',(#2940,#2941,#2942,#2943));
#517=EDGE_LOOP('',(#2944,#2945,#2946));
#518=EDGE_LOOP('',(#2947,#2948,#2949,#2950));
#519=EDGE_LOOP('',(#2951,#2952,#2953));
#520=EDGE_LOOP('',(#2954,#2955,#2956,#2957));
#521=EDGE_LOOP('',(#2958,#2959,#2960));
#522=EDGE_LOOP('',(#2961,#2962,#2963,#2964,#2965,#2966));
#523=EDGE_LOOP('',(#2967,#2968,#2969,#2970));
#524=EDGE_LOOP('',(#2971,#2972,#2973,#2974));
#525=EDGE_LOOP('',(#2975,#2976,#2977,#2978));
#526=EDGE_LOOP('',(#2979,#2980,#2981,#2982));
#527=EDGE_LOOP('',(#2983,#2984,#2985,#2986));
#528=EDGE_LOOP('',(#2987,#2988,#2989,#2990));
#529=EDGE_LOOP('',(#2991,#2992,#2993,#2994));
#530=EDGE_LOOP('',(#2995,#2996,#2997,#2998));
#531=EDGE_LOOP('',(#2999,#3000,#3001,#3002));
#532=EDGE_LOOP('',(#3003,#3004,#3005,#3006));
#533=EDGE_LOOP('',(#3007,#3008,#3009,#3010));
#534=EDGE_LOOP('',(#3011,#3012,#3013,#3014));
#535=EDGE_LOOP('',(#3015,#3016,#3017,#3018));
#536=EDGE_LOOP('',(#3019,#3020,#3021,#3022));
#537=EDGE_LOOP('',(#3023,#3024,#3025,#3026));
#538=EDGE_LOOP('',(#3027,#3028,#3029,#3030));
#539=EDGE_LOOP('',(#3031,#3032,#3033,#3034));
#540=EDGE_LOOP('',(#3035,#3036,#3037,#3038));
#541=EDGE_LOOP('',(#3039,#3040,#3041,#3042));
#542=EDGE_LOOP('',(#3043,#3044,#3045,#3046));
#543=EDGE_LOOP('',(#3047,#3048,#3049,#3050));
#544=EDGE_LOOP('',(#3051,#3052,#3053,#3054));
#545=EDGE_LOOP('',(#3055,#3056,#3057,#3058));
#546=EDGE_LOOP('',(#3059,#3060,#3061,#3062,#3063));
#547=LINE('',#4439,#909);
#548=LINE('',#4443,#910);
#549=LINE('',#4448,#911);
#550=LINE('',#4452,#912);
#551=LINE('',#4457,#913);
#552=LINE('',#4461,#914);
#553=LINE('',#4466,#915);
#554=LINE('',#4470,#916);
#555=LINE('',#4476,#917);
#556=LINE('',#4479,#918);
#557=LINE('',#4482,#919);
#558=LINE('',#4484,#920);
#559=LINE('',#4485,#921);
#560=LINE('',#4491,#922);
#561=LINE('',#4494,#923);
#562=LINE('',#4497,#924);
#563=LINE('',#4499,#925);
#564=LINE('',#4503,#926);
#565=LINE('',#4507,#927);
#566=LINE('',#4509,#928);
#567=LINE('',#4513,#929);
#568=LINE('',#4519,#930);
#569=LINE('',#4521,#931);
#570=LINE('',#4523,#932);
#571=LINE('',#4529,#933);
#572=LINE('',#4533,#934);
#573=LINE('',#4535,#935);
#574=LINE('',#4539,#936);
#575=LINE('',#4543,#937);
#576=LINE('',#4545,#938);
#577=LINE('',#4547,#939);
#578=LINE('',#4548,#940);
#579=LINE('',#4553,#941);
#580=LINE('',#4557,#942);
#581=LINE('',#4559,#943);
#582=LINE('',#4560,#944);
#583=LINE('',#4568,#945);
#584=LINE('',#4569,#946);
#585=LINE('',#4572,#947);
#586=LINE('',#4574,#948);
#587=LINE('',#4576,#949);
#588=LINE('',#4578,#950);
#589=LINE('',#4580,#951);
#590=LINE('',#4582,#952);
#591=LINE('',#4584,#953);
#592=LINE('',#4586,#954);
#593=LINE('',#4588,#955);
#594=LINE('',#4590,#956);
#595=LINE('',#4591,#957);
#596=LINE('',#4596,#958);
#597=LINE('',#4597,#959);
#598=LINE('',#4600,#960);
#599=LINE('',#4602,#961);
#600=LINE('',#4604,#962);
#601=LINE('',#4605,#963);
#602=LINE('',#4610,#964);
#603=LINE('',#4611,#965);
#604=LINE('',#4614,#966);
#605=LINE('',#4616,#967);
#606=LINE('',#4620,#968);
#607=LINE('',#4624,#969);
#608=LINE('',#4626,#970);
#609=LINE('',#4628,#971);
#610=LINE('',#4631,#972);
#611=LINE('',#4632,#973);
#612=LINE('',#4634,#974);
#613=LINE('',#4638,#975);
#614=LINE('',#4642,#976);
#615=LINE('',#4646,#977);
#616=LINE('',#4650,#978);
#617=LINE('',#4652,#979);
#618=LINE('',#4656,#980);
#619=LINE('',#4658,#981);
#620=LINE('',#4662,#982);
#621=LINE('',#4664,#983);
#622=LINE('',#4668,#984);
#623=LINE('',#4672,#985);
#624=LINE('',#4674,#986);
#625=LINE('',#4678,#987);
#626=LINE('',#4680,#988);
#627=LINE('',#4684,#989);
#628=LINE('',#4688,#990);
#629=LINE('',#4690,#991);
#630=LINE('',#4694,#992);
#631=LINE('',#4696,#993);
#632=LINE('',#4700,#994);
#633=LINE('',#4702,#995);
#634=LINE('',#4706,#996);
#635=LINE('',#4708,#997);
#636=LINE('',#4712,#998);
#637=LINE('',#4714,#999);
#638=LINE('',#4719,#1000);
#639=LINE('',#4721,#1001);
#640=LINE('',#4725,#1002);
#641=LINE('',#4727,#1003);
#642=LINE('',#4731,#1004);
#643=LINE('',#4735,#1005);
#644=LINE('',#4737,#1006);
#645=LINE('',#4741,#1007);
#646=LINE('',#4743,#1008);
#647=LINE('',#4747,#1009);
#648=LINE('',#4749,#1010);
#649=LINE('',#4753,#1011);
#650=LINE('',#4757,#1012);
#651=LINE('',#4761,#1013);
#652=LINE('',#4765,#1014);
#653=LINE('',#4767,#1015);
#654=LINE('',#4769,#1016);
#655=LINE('',#4771,#1017);
#656=LINE('',#4773,#1018);
#657=LINE('',#4774,#1019);
#658=LINE('',#4776,#1020);
#659=LINE('',#4778,#1021);
#660=LINE('',#4779,#1022);
#661=LINE('',#4781,#1023);
#662=LINE('',#4782,#1024);
#663=LINE('',#4784,#1025);
#664=LINE('',#4790,#1026);
#665=LINE('',#4793,#1027);
#666=LINE('',#4795,#1028);
#667=LINE('',#4796,#1029);
#668=LINE('',#4800,#1030);
#669=LINE('',#4805,#1031);
#670=LINE('',#4811,#1032);
#671=LINE('',#4815,#1033);
#672=LINE('',#4817,#1034);
#673=LINE('',#4821,#1035);
#674=LINE('',#4824,#1036);
#675=LINE('',#4828,#1037);
#676=LINE('',#4830,#1038);
#677=LINE('',#4834,#1039);
#678=LINE('',#4836,#1040);
#679=LINE('',#4840,#1041);
#680=LINE('',#4844,#1042);
#681=LINE('',#4848,#1043);
#682=LINE('',#4850,#1044);
#683=LINE('',#4854,#1045);
#684=LINE('',#4855,#1046);
#685=LINE('',#4857,#1047);
#686=LINE('',#4859,#1048);
#687=LINE('',#4860,#1049);
#688=LINE('',#4862,#1050);
#689=LINE('',#4864,#1051);
#690=LINE('',#4865,#1052);
#691=LINE('',#4867,#1053);
#692=LINE('',#4869,#1054);
#693=LINE('',#4870,#1055);
#694=LINE('',#4872,#1056);
#695=LINE('',#4874,#1057);
#696=LINE('',#4875,#1058);
#697=LINE('',#4878,#1059);
#698=LINE('',#4880,#1060);
#699=LINE('',#4881,#1061);
#700=LINE('',#4884,#1062);
#701=LINE('',#4889,#1063);
#702=LINE('',#4892,#1064);
#703=LINE('',#4893,#1065);
#704=LINE('',#4897,#1066);
#705=LINE('',#4900,#1067);
#706=LINE('',#4901,#1068);
#707=LINE('',#4904,#1069);
#708=LINE('',#4907,#1070);
#709=LINE('',#4910,#1071);
#710=LINE('',#4911,#1072);
#711=LINE('',#4915,#1073);
#712=LINE('',#4917,#1074);
#713=LINE('',#4921,#1075);
#714=LINE('',#4924,#1076);
#715=LINE('',#4925,#1077);
#716=LINE('',#4928,#1078);
#717=LINE('',#4932,#1079);
#718=LINE('',#4933,#1080);
#719=LINE('',#4936,#1081);
#720=LINE('',#4939,#1082);
#721=LINE('',#4940,#1083);
#722=LINE('',#4943,#1084);
#723=LINE('',#4944,#1085);
#724=LINE('',#4947,#1086);
#725=LINE('',#4951,#1087);
#726=LINE('',#4954,#1088);
#727=LINE('',#4957,#1089);
#728=LINE('',#4958,#1090);
#729=LINE('',#4962,#1091);
#730=LINE('',#4965,#1092);
#731=LINE('',#4968,#1093);
#732=LINE('',#4971,#1094);
#733=LINE('',#4972,#1095);
#734=LINE('',#4975,#1096);
#735=LINE('',#4978,#1097);
#736=LINE('',#4981,#1098);
#737=LINE('',#4982,#1099);
#738=LINE('',#4985,#1100);
#739=LINE('',#4988,#1101);
#740=LINE('',#4990,#1102);
#741=LINE('',#4993,#1103);
#742=LINE('',#4996,#1104);
#743=LINE('',#4999,#1105);
#744=LINE('',#5000,#1106);
#745=LINE('',#5003,#1107);
#746=LINE('',#5006,#1108);
#747=LINE('',#5009,#1109);
#748=LINE('',#5010,#1110);
#749=LINE('',#5013,#1111);
#750=LINE('',#5017,#1112);
#751=LINE('',#5018,#1113);
#752=LINE('',#5020,#1114);
#753=LINE('',#5022,#1115);
#754=LINE('',#5026,#1116);
#755=LINE('',#5030,#1117);
#756=LINE('',#5031,#1118);
#757=LINE('',#5034,#1119);
#758=LINE('',#5037,#1120);
#759=LINE('',#5040,#1121);
#760=LINE('',#5041,#1122);
#761=LINE('',#5044,#1123);
#762=LINE('',#5047,#1124);
#763=LINE('',#5050,#1125);
#764=LINE('',#5051,#1126);
#765=LINE('',#5054,#1127);
#766=LINE('',#5058,#1128);
#767=LINE('',#5059,#1129);
#768=LINE('',#5062,#1130);
#769=LINE('',#5065,#1131);
#770=LINE('',#5068,#1132);
#771=LINE('',#5069,#1133);
#772=LINE('',#5072,#1134);
#773=LINE('',#5075,#1135);
#774=LINE('',#5078,#1136);
#775=LINE('',#5079,#1137);
#776=LINE('',#5082,#1138);
#777=LINE('',#5085,#1139);
#778=LINE('',#5088,#1140);
#779=LINE('',#5089,#1141);
#780=LINE('',#5092,#1142);
#781=LINE('',#5096,#1143);
#782=LINE('',#5097,#1144);
#783=LINE('',#5101,#1145);
#784=LINE('',#5105,#1146);
#785=LINE('',#5109,#1147);
#786=LINE('',#5111,#1148);
#787=LINE('',#5112,#1149);
#788=LINE('',#5116,#1150);
#789=LINE('',#5118,#1151);
#790=LINE('',#5119,#1152);
#791=LINE('',#5123,#1153);
#792=LINE('',#5125,#1154);
#793=LINE('',#5126,#1155);
#794=LINE('',#5128,#1156);
#795=LINE('',#5129,#1157);
#796=LINE('',#5133,#1158);
#797=LINE('',#5135,#1159);
#798=LINE('',#5136,#1160);
#799=LINE('',#5138,#1161);
#800=LINE('',#5139,#1162);
#801=LINE('',#5143,#1163);
#802=LINE('',#5145,#1164);
#803=LINE('',#5146,#1165);
#804=LINE('',#5149,#1166);
#805=LINE('',#5151,#1167);
#806=LINE('',#5152,#1168);
#807=LINE('',#5156,#1169);
#808=LINE('',#5158,#1170);
#809=LINE('',#5159,#1171);
#810=LINE('',#5161,#1172);
#811=LINE('',#5162,#1173);
#812=LINE('',#5165,#1174);
#813=LINE('',#5167,#1175);
#814=LINE('',#5168,#1176);
#815=LINE('',#5172,#1177);
#816=LINE('',#5174,#1178);
#817=LINE('',#5175,#1179);
#818=LINE('',#5177,#1180);
#819=LINE('',#5178,#1181);
#820=LINE('',#5180,#1182);
#821=LINE('',#5181,#1183);
#822=LINE('',#5185,#1184);
#823=LINE('',#5187,#1185);
#824=LINE('',#5188,#1186);
#825=LINE('',#5190,#1187);
#826=LINE('',#5191,#1188);
#827=LINE('',#5195,#1189);
#828=LINE('',#5197,#1190);
#829=LINE('',#5198,#1191);
#830=LINE('',#5200,#1192);
#831=LINE('',#5201,#1193);
#832=LINE('',#5205,#1194);
#833=LINE('',#5207,#1195);
#834=LINE('',#5208,#1196);
#835=LINE('',#5211,#1197);
#836=LINE('',#5212,#1198);
#837=LINE('',#5213,#1199);
#838=LINE('',#5216,#1200);
#839=LINE('',#5218,#1201);
#840=LINE('',#5219,#1202);
#841=LINE('',#5223,#1203);
#842=LINE('',#5225,#1204);
#843=LINE('',#5226,#1205);
#844=LINE('',#5228,#1206);
#845=LINE('',#5229,#1207);
#846=LINE('',#5233,#1208);
#847=LINE('',#5235,#1209);
#848=LINE('',#5236,#1210);
#849=LINE('',#5238,#1211);
#850=LINE('',#5239,#1212);
#851=LINE('',#5243,#1213);
#852=LINE('',#5245,#1214);
#853=LINE('',#5246,#1215);
#854=LINE('',#5248,#1216);
#855=LINE('',#5249,#1217);
#856=LINE('',#5251,#1218);
#857=LINE('',#5252,#1219);
#858=LINE('',#5256,#1220);
#859=LINE('',#5258,#1221);
#860=LINE('',#5259,#1222);
#861=LINE('',#5261,#1223);
#862=LINE('',#5262,#1224);
#863=LINE('',#5264,#1225);
#864=LINE('',#5265,#1226);
#865=LINE('',#5267,#1227);
#866=LINE('',#5268,#1228);
#867=LINE('',#5270,#1229);
#868=LINE('',#5271,#1230);
#869=LINE('',#5274,#1231);
#870=LINE('',#5276,#1232);
#871=LINE('',#5277,#1233);
#872=LINE('',#5279,#1234);
#873=LINE('',#5280,#1235);
#874=LINE('',#5282,#1236);
#875=LINE('',#5283,#1237);
#876=LINE('',#5285,#1238);
#877=LINE('',#5286,#1239);
#878=LINE('',#5288,#1240);
#879=LINE('',#5289,#1241);
#880=LINE('',#5291,#1242);
#881=LINE('',#5292,#1243);
#882=LINE('',#5294,#1244);
#883=LINE('',#5296,#1245);
#884=LINE('',#5297,#1246);
#885=LINE('',#5298,#1247);
#886=LINE('',#5300,#1248);
#887=LINE('',#5305,#1249);
#888=LINE('',#5306,#1250);
#889=LINE('',#5307,#1251);
#890=LINE('',#5308,#1252);
#891=LINE('',#5309,#1253);
#892=LINE('',#5310,#1254);
#893=LINE('',#5311,#1255);
#894=LINE('',#5312,#1256);
#895=LINE('',#5313,#1257);
#896=LINE('',#5314,#1258);
#897=LINE('',#5315,#1259);
#898=LINE('',#5316,#1260);
#899=LINE('',#5318,#1261);
#900=LINE('',#5322,#1262);
#901=LINE('',#5323,#1263);
#902=LINE('',#5326,#1264);
#903=LINE('',#5338,#1265);
#904=LINE('',#5340,#1266);
#905=LINE('',#5356,#1267);
#906=LINE('',#5359,#1268);
#907=LINE('',#5361,#1269);
#908=LINE('',#5366,#1270);
#909=VECTOR('',#3524,0.40575);
#910=VECTOR('',#3529,0.8115);
#911=VECTOR('',#3534,0.40575);
#912=VECTOR('',#3539,0.8115);
#913=VECTOR('',#3544,0.40575);
#914=VECTOR('',#3549,0.8115);
#915=VECTOR('',#3554,0.40575);
#916=VECTOR('',#3559,0.8115);
#917=VECTOR('',#3564,10.);
#918=VECTOR('',#3567,10.);
#919=VECTOR('',#3570,10.);
#920=VECTOR('',#3571,10.);
#921=VECTOR('',#3572,10.);
#922=VECTOR('',#3577,10.);
#923=VECTOR('',#3580,10.);
#924=VECTOR('',#3583,10.);
#925=VECTOR('',#3584,10.);
#926=VECTOR('',#3587,10.);
#927=VECTOR('',#3590,10.);
#928=VECTOR('',#3591,10.);
#929=VECTOR('',#3594,10.);
#930=VECTOR('',#3599,10.);
#931=VECTOR('',#3600,10.);
#932=VECTOR('',#3601,10.);
#933=VECTOR('',#3606,10.);
#934=VECTOR('',#3609,10.);
#935=VECTOR('',#3610,10.);
#936=VECTOR('',#3613,10.);
#937=VECTOR('',#3616,10.);
#938=VECTOR('',#3617,10.);
#939=VECTOR('',#3618,10.);
#940=VECTOR('',#3619,10.);
#941=VECTOR('',#3624,10.);
#942=VECTOR('',#3629,10.);
#943=VECTOR('',#3630,10.);
#944=VECTOR('',#3631,10.);
#945=VECTOR('',#3642,10.);
#946=VECTOR('',#3643,10.);
#947=VECTOR('',#3646,10.);
#948=VECTOR('',#3647,10.);
#949=VECTOR('',#3648,10.);
#950=VECTOR('',#3649,10.);
#951=VECTOR('',#3650,10.);
#952=VECTOR('',#3651,10.);
#953=VECTOR('',#3652,10.);
#954=VECTOR('',#3653,10.);
#955=VECTOR('',#3654,10.);
#956=VECTOR('',#3655,10.);
#957=VECTOR('',#3656,10.);
#958=VECTOR('',#3661,10.);
#959=VECTOR('',#3662,10.);
#960=VECTOR('',#3665,10.);
#961=VECTOR('',#3666,10.);
#962=VECTOR('',#3667,10.);
#963=VECTOR('',#3668,10.);
#964=VECTOR('',#3673,10.);
#965=VECTOR('',#3674,10.);
#966=VECTOR('',#3677,10.);
#967=VECTOR('',#3678,10.);
#968=VECTOR('',#3681,10.);
#969=VECTOR('',#3684,10.);
#970=VECTOR('',#3685,10.);
#971=VECTOR('',#3686,10.);
#972=VECTOR('',#3689,10.);
#973=VECTOR('',#3690,10.);
#974=VECTOR('',#3691,10.);
#975=VECTOR('',#3694,10.);
#976=VECTOR('',#3697,10.);
#977=VECTOR('',#3700,10.);
#978=VECTOR('',#3703,10.);
#979=VECTOR('',#3704,10.);
#980=VECTOR('',#3707,10.);
#981=VECTOR('',#3708,10.);
#982=VECTOR('',#3711,10.);
#983=VECTOR('',#3712,10.);
#984=VECTOR('',#3715,10.);
#985=VECTOR('',#3718,10.);
#986=VECTOR('',#3719,10.);
#987=VECTOR('',#3722,10.);
#988=VECTOR('',#3723,10.);
#989=VECTOR('',#3726,10.);
#990=VECTOR('',#3729,10.);
#991=VECTOR('',#3730,10.);
#992=VECTOR('',#3733,10.);
#993=VECTOR('',#3734,10.);
#994=VECTOR('',#3737,10.);
#995=VECTOR('',#3738,10.);
#996=VECTOR('',#3741,10.);
#997=VECTOR('',#3742,10.);
#998=VECTOR('',#3745,10.);
#999=VECTOR('',#3746,10.);
#1000=VECTOR('',#3751,10.);
#1001=VECTOR('',#3752,10.);
#1002=VECTOR('',#3755,10.);
#1003=VECTOR('',#3756,10.);
#1004=VECTOR('',#3759,10.);
#1005=VECTOR('',#3762,10.);
#1006=VECTOR('',#3763,10.);
#1007=VECTOR('',#3766,10.);
#1008=VECTOR('',#3767,10.);
#1009=VECTOR('',#3770,10.);
#1010=VECTOR('',#3771,10.);
#1011=VECTOR('',#3774,10.);
#1012=VECTOR('',#3777,10.);
#1013=VECTOR('',#3780,10.);
#1014=VECTOR('',#3785,10.);
#1015=VECTOR('',#3786,10.);
#1016=VECTOR('',#3787,10.);
#1017=VECTOR('',#3788,10.);
#1018=VECTOR('',#3789,10.);
#1019=VECTOR('',#3790,10.);
#1020=VECTOR('',#3791,10.);
#1021=VECTOR('',#3792,10.);
#1022=VECTOR('',#3793,10.);
#1023=VECTOR('',#3796,10.);
#1024=VECTOR('',#3797,10.);
#1025=VECTOR('',#3800,10.);
#1026=VECTOR('',#3807,10.);
#1027=VECTOR('',#3810,10.);
#1028=VECTOR('',#3811,10.);
#1029=VECTOR('',#3812,10.);
#1030=VECTOR('',#3817,10.);
#1031=VECTOR('',#3822,10.);
#1032=VECTOR('',#3829,10.);
#1033=VECTOR('',#3832,10.);
#1034=VECTOR('',#3833,10.);
#1035=VECTOR('',#3836,10.);
#1036=VECTOR('',#3839,10.);
#1037=VECTOR('',#3842,10.);
#1038=VECTOR('',#3843,10.);
#1039=VECTOR('',#3846,10.);
#1040=VECTOR('',#3847,10.);
#1041=VECTOR('',#3850,10.);
#1042=VECTOR('',#3853,10.);
#1043=VECTOR('',#3856,10.);
#1044=VECTOR('',#3857,10.);
#1045=VECTOR('',#3860,10.);
#1046=VECTOR('',#3861,10.);
#1047=VECTOR('',#3864,10.);
#1048=VECTOR('',#3867,10.);
#1049=VECTOR('',#3868,10.);
#1050=VECTOR('',#3871,10.);
#1051=VECTOR('',#3874,10.);
#1052=VECTOR('',#3875,10.);
#1053=VECTOR('',#3878,10.);
#1054=VECTOR('',#3881,10.);
#1055=VECTOR('',#3882,10.);
#1056=VECTOR('',#3885,10.);
#1057=VECTOR('',#3888,10.);
#1058=VECTOR('',#3889,10.);
#1059=VECTOR('',#3892,10.);
#1060=VECTOR('',#3893,10.);
#1061=VECTOR('',#3894,10.);
#1062=VECTOR('',#3897,10.);
#1063=VECTOR('',#3904,10.);
#1064=VECTOR('',#3907,10.);
#1065=VECTOR('',#3908,10.);
#1066=VECTOR('',#3913,10.);
#1067=VECTOR('',#3916,10.);
#1068=VECTOR('',#3917,10.);
#1069=VECTOR('',#3920,10.);
#1070=VECTOR('',#3923,10.);
#1071=VECTOR('',#3926,10.);
#1072=VECTOR('',#3927,10.);
#1073=VECTOR('',#3932,10.);
#1074=VECTOR('',#3935,10.);
#1075=VECTOR('',#3940,10.);
#1076=VECTOR('',#3943,10.);
#1077=VECTOR('',#3944,10.);
#1078=VECTOR('',#3947,10.);
#1079=VECTOR('',#3952,10.);
#1080=VECTOR('',#3953,10.);
#1081=VECTOR('',#3956,10.);
#1082=VECTOR('',#3959,10.);
#1083=VECTOR('',#3960,10.);
#1084=VECTOR('',#3963,10.);
#1085=VECTOR('',#3964,10.);
#1086=VECTOR('',#3967,2.);
#1087=VECTOR('',#3972,10.);
#1088=VECTOR('',#3975,10.);
#1089=VECTOR('',#3978,10.);
#1090=VECTOR('',#3979,10.);
#1091=VECTOR('',#3984,10.);
#1092=VECTOR('',#3987,10.);
#1093=VECTOR('',#3990,10.);
#1094=VECTOR('',#3993,10.);
#1095=VECTOR('',#3994,10.);
#1096=VECTOR('',#3997,10.);
#1097=VECTOR('',#4000,10.);
#1098=VECTOR('',#4003,10.);
#1099=VECTOR('',#4004,10.);
#1100=VECTOR('',#4007,10.);
#1101=VECTOR('',#4010,10.);
#1102=VECTOR('',#4013,10.);
#1103=VECTOR('',#4016,10.);
#1104=VECTOR('',#4019,10.);
#1105=VECTOR('',#4022,10.);
#1106=VECTOR('',#4023,10.);
#1107=VECTOR('',#4026,10.);
#1108=VECTOR('',#4029,10.);
#1109=VECTOR('',#4032,10.);
#1110=VECTOR('',#4033,10.);
#1111=VECTOR('',#4036,10.);
#1112=VECTOR('',#4041,10.);
#1113=VECTOR('',#4042,10.);
#1114=VECTOR('',#4045,10.);
#1115=VECTOR('',#4046,10.);
#1116=VECTOR('',#4051,10.);
#1117=VECTOR('',#4056,10.);
#1118=VECTOR('',#4057,10.);
#1119=VECTOR('',#4060,10.);
#1120=VECTOR('',#4063,10.);
#1121=VECTOR('',#4066,10.);
#1122=VECTOR('',#4067,10.);
#1123=VECTOR('',#4070,10.);
#1124=VECTOR('',#4073,10.);
#1125=VECTOR('',#4076,10.);
#1126=VECTOR('',#4077,10.);
#1127=VECTOR('',#4080,10.);
#1128=VECTOR('',#4085,10.);
#1129=VECTOR('',#4086,10.);
#1130=VECTOR('',#4089,10.);
#1131=VECTOR('',#4092,10.);
#1132=VECTOR('',#4095,10.);
#1133=VECTOR('',#4096,10.);
#1134=VECTOR('',#4099,10.);
#1135=VECTOR('',#4102,10.);
#1136=VECTOR('',#4105,10.);
#1137=VECTOR('',#4106,10.);
#1138=VECTOR('',#4109,10.);
#1139=VECTOR('',#4112,10.);
#1140=VECTOR('',#4115,10.);
#1141=VECTOR('',#4116,10.);
#1142=VECTOR('',#4119,10.);
#1143=VECTOR('',#4124,2.);
#1144=VECTOR('',#4125,10.);
#1145=VECTOR('',#4130,10.);
#1146=VECTOR('',#4135,10.);
#1147=VECTOR('',#4138,10.);
#1148=VECTOR('',#4139,10.);
#1149=VECTOR('',#4140,10.);
#1150=VECTOR('',#4143,10.);
#1151=VECTOR('',#4144,10.);
#1152=VECTOR('',#4145,10.);
#1153=VECTOR('',#4148,10.);
#1154=VECTOR('',#4149,10.);
#1155=VECTOR('',#4150,10.);
#1156=VECTOR('',#4153,10.);
#1157=VECTOR('',#4154,10.);
#1158=VECTOR('',#4157,10.);
#1159=VECTOR('',#4158,10.);
#1160=VECTOR('',#4159,10.);
#1161=VECTOR('',#4162,10.);
#1162=VECTOR('',#4163,10.);
#1163=VECTOR('',#4166,10.);
#1164=VECTOR('',#4167,10.);
#1165=VECTOR('',#4168,10.);
#1166=VECTOR('',#4171,10.);
#1167=VECTOR('',#4172,10.);
#1168=VECTOR('',#4173,10.);
#1169=VECTOR('',#4176,10.);
#1170=VECTOR('',#4177,10.);
#1171=VECTOR('',#4178,10.);
#1172=VECTOR('',#4181,10.);
#1173=VECTOR('',#4182,10.);
#1174=VECTOR('',#4185,10.);
#1175=VECTOR('',#4186,10.);
#1176=VECTOR('',#4187,10.);
#1177=VECTOR('',#4190,10.);
#1178=VECTOR('',#4191,10.);
#1179=VECTOR('',#4192,10.);
#1180=VECTOR('',#4195,10.);
#1181=VECTOR('',#4196,10.);
#1182=VECTOR('',#4199,10.);
#1183=VECTOR('',#4200,10.);
#1184=VECTOR('',#4203,10.);
#1185=VECTOR('',#4204,10.);
#1186=VECTOR('',#4205,10.);
#1187=VECTOR('',#4208,10.);
#1188=VECTOR('',#4209,10.);
#1189=VECTOR('',#4212,10.);
#1190=VECTOR('',#4213,10.);
#1191=VECTOR('',#4214,10.);
#1192=VECTOR('',#4217,10.);
#1193=VECTOR('',#4218,10.);
#1194=VECTOR('',#4221,10.);
#1195=VECTOR('',#4222,10.);
#1196=VECTOR('',#4223,10.);
#1197=VECTOR('',#4226,10.);
#1198=VECTOR('',#4227,10.);
#1199=VECTOR('',#4228,10.);
#1200=VECTOR('',#4231,10.);
#1201=VECTOR('',#4232,10.);
#1202=VECTOR('',#4233,10.);
#1203=VECTOR('',#4236,10.);
#1204=VECTOR('',#4237,10.);
#1205=VECTOR('',#4238,10.);
#1206=VECTOR('',#4241,10.);
#1207=VECTOR('',#4242,10.);
#1208=VECTOR('',#4245,10.);
#1209=VECTOR('',#4246,10.);
#1210=VECTOR('',#4247,10.);
#1211=VECTOR('',#4250,10.);
#1212=VECTOR('',#4251,10.);
#1213=VECTOR('',#4254,10.);
#1214=VECTOR('',#4255,10.);
#1215=VECTOR('',#4256,10.);
#1216=VECTOR('',#4259,10.);
#1217=VECTOR('',#4260,10.);
#1218=VECTOR('',#4263,10.);
#1219=VECTOR('',#4264,10.);
#1220=VECTOR('',#4267,10.);
#1221=VECTOR('',#4268,10.);
#1222=VECTOR('',#4269,10.);
#1223=VECTOR('',#4272,10.);
#1224=VECTOR('',#4273,10.);
#1225=VECTOR('',#4276,10.);
#1226=VECTOR('',#4277,10.);
#1227=VECTOR('',#4280,10.);
#1228=VECTOR('',#4281,10.);
#1229=VECTOR('',#4284,10.);
#1230=VECTOR('',#4285,10.);
#1231=VECTOR('',#4288,10.);
#1232=VECTOR('',#4289,10.);
#1233=VECTOR('',#4290,10.);
#1234=VECTOR('',#4293,10.);
#1235=VECTOR('',#4294,10.);
#1236=VECTOR('',#4297,10.);
#1237=VECTOR('',#4298,10.);
#1238=VECTOR('',#4301,10.);
#1239=VECTOR('',#4302,10.);
#1240=VECTOR('',#4305,10.);
#1241=VECTOR('',#4306,10.);
#1242=VECTOR('',#4309,10.);
#1243=VECTOR('',#4310,10.);
#1244=VECTOR('',#4313,10.);
#1245=VECTOR('',#4314,10.);
#1246=VECTOR('',#4315,10.);
#1247=VECTOR('',#4316,10.);
#1248=VECTOR('',#4319,10.);
#1249=VECTOR('',#4328,10.);
#1250=VECTOR('',#4329,10.);
#1251=VECTOR('',#4330,10.);
#1252=VECTOR('',#4331,10.);
#1253=VECTOR('',#4332,10.);
#1254=VECTOR('',#4333,10.);
#1255=VECTOR('',#4334,10.);
#1256=VECTOR('',#4335,10.);
#1257=VECTOR('',#4336,10.);
#1258=VECTOR('',#4337,10.);
#1259=VECTOR('',#4338,10.);
#1260=VECTOR('',#4339,10.);
#1261=VECTOR('',#4342,10.);
#1262=VECTOR('',#4349,10.);
#1263=VECTOR('',#4350,10.);
#1264=VECTOR('',#4355,10.);
#1265=VECTOR('',#4376,10.);
#1266=VECTOR('',#4379,10.);
#1267=VECTOR('',#4410,10.);
#1268=VECTOR('',#4415,10.);
#1269=VECTOR('',#4418,10.);
#1270=VECTOR('',#4427,10.);
#1271=CIRCLE('',#3243,0.8115);
#1272=CIRCLE('',#3245,0.8115);
#1273=CIRCLE('',#3247,0.8115);
#1274=CIRCLE('',#3249,0.8115);
#1275=CIRCLE('',#3251,0.8115);
#1276=CIRCLE('',#3253,0.8115);
#1277=CIRCLE('',#3255,0.8115);
#1278=CIRCLE('',#3257,0.8115);
#1279=CIRCLE('',#3259,1.);
#1280=CIRCLE('',#3260,1.);
#1281=CIRCLE('',#3263,1.);
#1282=CIRCLE('',#3264,1.);
#1283=CIRCLE('',#3266,2.);
#1284=CIRCLE('',#3267,2.);
#1285=CIRCLE('',#3268,2.);
#1286=CIRCLE('',#3269,4.62814007953551);
#1287=CIRCLE('',#3270,2.);
#1288=CIRCLE('',#3271,2.);
#1289=CIRCLE('',#3272,4.62812509843107);
#1290=CIRCLE('',#3273,2.);
#1291=CIRCLE('',#3274,2.);
#1292=CIRCLE('',#3275,2.);
#1293=CIRCLE('',#3277,1.);
#1294=CIRCLE('',#3278,1.);
#1295=CIRCLE('',#3281,1.);
#1296=CIRCLE('',#3282,1.);
#1297=CIRCLE('',#3284,2.);
#1298=CIRCLE('',#3287,2.);
#1299=CIRCLE('',#3290,2.);
#1300=CIRCLE('',#3292,2.);
#1301=CIRCLE('',#3293,2.);
#1302=CIRCLE('',#3294,2.);
#1303=CIRCLE('',#3295,2.);
#1304=CIRCLE('',#3296,2.);
#1305=CIRCLE('',#3297,2.);
#1306=CIRCLE('',#3298,2.);
#1307=CIRCLE('',#3299,2.);
#1308=CIRCLE('',#3300,2.);
#1309=CIRCLE('',#3301,2.);
#1310=CIRCLE('',#3302,2.);
#1311=CIRCLE('',#3303,2.);
#1312=CIRCLE('',#3304,2.);
#1313=CIRCLE('',#3305,2.);
#1314=CIRCLE('',#3306,2.);
#1315=CIRCLE('',#3307,2.);
#1316=CIRCLE('',#3308,2.);
#1317=CIRCLE('',#3309,2.);
#1318=CIRCLE('',#3310,2.);
#1319=CIRCLE('',#3311,2.);
#1320=CIRCLE('',#3312,2.);
#1321=CIRCLE('',#3313,2.);
#1322=CIRCLE('',#3314,2.);
#1323=CIRCLE('',#3315,2.);
#1324=CIRCLE('',#3316,2.);
#1325=CIRCLE('',#3317,2.);
#1326=CIRCLE('',#3318,2.);
#1327=CIRCLE('',#3319,2.);
#1328=CIRCLE('',#3320,2.);
#1329=CIRCLE('',#3325,2.);
#1330=CIRCLE('',#3329,2.);
#1331=CIRCLE('',#3331,2.);
#1332=CIRCLE('',#3334,2.);
#1333=CIRCLE('',#3335,2.);
#1334=CIRCLE('',#3336,2.);
#1335=CIRCLE('',#3337,2.);
#1336=CIRCLE('',#3338,2.);
#1337=CIRCLE('',#3339,2.);
#1338=CIRCLE('',#3340,2.);
#1339=CIRCLE('',#3341,4.62812496764419);
#1340=CIRCLE('',#3342,2.);
#1341=CIRCLE('',#3343,2.);
#1342=CIRCLE('',#3354,2.);
#1343=CIRCLE('',#3368,2.);
#1344=CIRCLE('',#3371,2.);
#1345=CIRCLE('',#3374,2.);
#1346=CIRCLE('',#3377,2.);
#1347=CIRCLE('',#3379,2.);
#1348=CIRCLE('',#3382,2.);
#1349=CIRCLE('',#3384,2.);
#1350=CIRCLE('',#3387,2.);
#1351=CIRCLE('',#3390,2.);
#1352=CIRCLE('',#3393,2.);
#1353=CIRCLE('',#3396,2.);
#1354=CIRCLE('',#3399,2.);
#1355=CIRCLE('',#3402,2.);
#1356=CIRCLE('',#3404,2.);
#1357=CIRCLE('',#3407,2.);
#1358=CIRCLE('',#3410,2.);
#1359=CIRCLE('',#3413,2.);
#1360=CIRCLE('',#3416,2.);
#1361=CIRCLE('',#3419,2.);
#1362=CIRCLE('',#3422,2.);
#1363=CIRCLE('',#3425,2.);
#1364=CIRCLE('',#3428,2.);
#1365=CIRCLE('',#3430,2.);
#1366=CIRCLE('',#3485,4.62812509843107);
#1367=CIRCLE('',#3488,4.62814007953551);
#1368=CIRCLE('',#3491,4.62812496764419);
#1369=VERTEX_POINT('',#4436);
#1370=VERTEX_POINT('',#4438);
#1371=VERTEX_POINT('',#4441);
#1372=VERTEX_POINT('',#4445);
#1373=VERTEX_POINT('',#4447);
#1374=VERTEX_POINT('',#4450);
#1375=VERTEX_POINT('',#4454);
#1376=VERTEX_POINT('',#4456);
#1377=VERTEX_POINT('',#4459);
#1378=VERTEX_POINT('',#4463);
#1379=VERTEX_POINT('',#4465);
#1380=VERTEX_POINT('',#4468);
#1381=VERTEX_POINT('',#4472);
#1382=VERTEX_POINT('',#4473);
#1383=VERTEX_POINT('',#4475);
#1384=VERTEX_POINT('',#4477);
#1385=VERTEX_POINT('',#4481);
#1386=VERTEX_POINT('',#4483);
#1387=VERTEX_POINT('',#4487);
#1388=VERTEX_POINT('',#4488);
#1389=VERTEX_POINT('',#4490);
#1390=VERTEX_POINT('',#4492);
#1391=VERTEX_POINT('',#4496);
#1392=VERTEX_POINT('',#4498);
#1393=VERTEX_POINT('',#4500);
#1394=VERTEX_POINT('',#4502);
#1395=VERTEX_POINT('',#4504);
#1396=VERTEX_POINT('',#4506);
#1397=VERTEX_POINT('',#4508);
#1398=VERTEX_POINT('',#4510);
#1399=VERTEX_POINT('',#4512);
#1400=VERTEX_POINT('',#4514);
#1401=VERTEX_POINT('',#4516);
#1402=VERTEX_POINT('',#4518);
#1403=VERTEX_POINT('',#4520);
#1404=VERTEX_POINT('',#4522);
#1405=VERTEX_POINT('',#4524);
#1406=VERTEX_POINT('',#4526);
#1407=VERTEX_POINT('',#4528);
#1408=VERTEX_POINT('',#4530);
#1409=VERTEX_POINT('',#4532);
#1410=VERTEX_POINT('',#4534);
#1411=VERTEX_POINT('',#4536);
#1412=VERTEX_POINT('',#4538);
#1413=VERTEX_POINT('',#4540);
#1414=VERTEX_POINT('',#4542);
#1415=VERTEX_POINT('',#4544);
#1416=VERTEX_POINT('',#4546);
#1417=VERTEX_POINT('',#4550);
#1418=VERTEX_POINT('',#4552);
#1419=VERTEX_POINT('',#4556);
#1420=VERTEX_POINT('',#4558);
#1421=VERTEX_POINT('',#4565);
#1422=VERTEX_POINT('',#4566);
#1423=VERTEX_POINT('',#4571);
#1424=VERTEX_POINT('',#4573);
#1425=VERTEX_POINT('',#4575);
#1426=VERTEX_POINT('',#4577);
#1427=VERTEX_POINT('',#4579);
#1428=VERTEX_POINT('',#4581);
#1429=VERTEX_POINT('',#4583);
#1430=VERTEX_POINT('',#4585);
#1431=VERTEX_POINT('',#4587);
#1432=VERTEX_POINT('',#4589);
#1433=VERTEX_POINT('',#4593);
#1434=VERTEX_POINT('',#4594);
#1435=VERTEX_POINT('',#4599);
#1436=VERTEX_POINT('',#4601);
#1437=VERTEX_POINT('',#4603);
#1438=VERTEX_POINT('',#4607);
#1439=VERTEX_POINT('',#4608);
#1440=VERTEX_POINT('',#4613);
#1441=VERTEX_POINT('',#4615);
#1442=VERTEX_POINT('',#4617);
#1443=VERTEX_POINT('',#4619);
#1444=VERTEX_POINT('',#4621);
#1445=VERTEX_POINT('',#4623);
#1446=VERTEX_POINT('',#4625);
#1447=VERTEX_POINT('',#4627);
#1448=VERTEX_POINT('',#4630);
#1449=VERTEX_POINT('',#4633);
#1450=VERTEX_POINT('',#4635);
#1451=VERTEX_POINT('',#4637);
#1452=VERTEX_POINT('',#4639);
#1453=VERTEX_POINT('',#4641);
#1454=VERTEX_POINT('',#4643);
#1455=VERTEX_POINT('',#4645);
#1456=VERTEX_POINT('',#4647);
#1457=VERTEX_POINT('',#4649);
#1458=VERTEX_POINT('',#4651);
#1459=VERTEX_POINT('',#4653);
#1460=VERTEX_POINT('',#4655);
#1461=VERTEX_POINT('',#4657);
#1462=VERTEX_POINT('',#4659);
#1463=VERTEX_POINT('',#4661);
#1464=VERTEX_POINT('',#4663);
#1465=VERTEX_POINT('',#4665);
#1466=VERTEX_POINT('',#4667);
#1467=VERTEX_POINT('',#4669);
#1468=VERTEX_POINT('',#4671);
#1469=VERTEX_POINT('',#4673);
#1470=VERTEX_POINT('',#4675);
#1471=VERTEX_POINT('',#4677);
#1472=VERTEX_POINT('',#4679);
#1473=VERTEX_POINT('',#4681);
#1474=VERTEX_POINT('',#4683);
#1475=VERTEX_POINT('',#4685);
#1476=VERTEX_POINT('',#4687);
#1477=VERTEX_POINT('',#4689);
#1478=VERTEX_POINT('',#4691);
#1479=VERTEX_POINT('',#4693);
#1480=VERTEX_POINT('',#4695);
#1481=VERTEX_POINT('',#4697);
#1482=VERTEX_POINT('',#4699);
#1483=VERTEX_POINT('',#4701);
#1484=VERTEX_POINT('',#4703);
#1485=VERTEX_POINT('',#4705);
#1486=VERTEX_POINT('',#4707);
#1487=VERTEX_POINT('',#4709);
#1488=VERTEX_POINT('',#4711);
#1489=VERTEX_POINT('',#4713);
#1490=VERTEX_POINT('',#4716);
#1491=VERTEX_POINT('',#4718);
#1492=VERTEX_POINT('',#4720);
#1493=VERTEX_POINT('',#4722);
#1494=VERTEX_POINT('',#4724);
#1495=VERTEX_POINT('',#4726);
#1496=VERTEX_POINT('',#4728);
#1497=VERTEX_POINT('',#4730);
#1498=VERTEX_POINT('',#4732);
#1499=VERTEX_POINT('',#4734);
#1500=VERTEX_POINT('',#4736);
#1501=VERTEX_POINT('',#4738);
#1502=VERTEX_POINT('',#4740);
#1503=VERTEX_POINT('',#4742);
#1504=VERTEX_POINT('',#4744);
#1505=VERTEX_POINT('',#4746);
#1506=VERTEX_POINT('',#4748);
#1507=VERTEX_POINT('',#4750);
#1508=VERTEX_POINT('',#4752);
#1509=VERTEX_POINT('',#4754);
#1510=VERTEX_POINT('',#4756);
#1511=VERTEX_POINT('',#4758);
#1512=VERTEX_POINT('',#4760);
#1513=VERTEX_POINT('',#4764);
#1514=VERTEX_POINT('',#4766);
#1515=VERTEX_POINT('',#4768);
#1516=VERTEX_POINT('',#4770);
#1517=VERTEX_POINT('',#4772);
#1518=VERTEX_POINT('',#4775);
#1519=VERTEX_POINT('',#4777);
#1520=VERTEX_POINT('',#4786);
#1521=VERTEX_POINT('',#4788);
#1522=VERTEX_POINT('',#4792);
#1523=VERTEX_POINT('',#4794);
#1524=VERTEX_POINT('',#4798);
#1525=VERTEX_POINT('',#4802);
#1526=VERTEX_POINT('',#4804);
#1527=VERTEX_POINT('',#4808);
#1528=VERTEX_POINT('',#4810);
#1529=VERTEX_POINT('',#4812);
#1530=VERTEX_POINT('',#4814);
#1531=VERTEX_POINT('',#4816);
#1532=VERTEX_POINT('',#4818);
#1533=VERTEX_POINT('',#4820);
#1534=VERTEX_POINT('',#4822);
#1535=VERTEX_POINT('',#4825);
#1536=VERTEX_POINT('',#4827);
#1537=VERTEX_POINT('',#4829);
#1538=VERTEX_POINT('',#4831);
#1539=VERTEX_POINT('',#4833);
#1540=VERTEX_POINT('',#4835);
#1541=VERTEX_POINT('',#4837);
#1542=VERTEX_POINT('',#4839);
#1543=VERTEX_POINT('',#4841);
#1544=VERTEX_POINT('',#4843);
#1545=VERTEX_POINT('',#4845);
#1546=VERTEX_POINT('',#4847);
#1547=VERTEX_POINT('',#4849);
#1548=VERTEX_POINT('',#4851);
#1549=VERTEX_POINT('',#4853);
#1550=VERTEX_POINT('',#4877);
#1551=VERTEX_POINT('',#4879);
#1552=VERTEX_POINT('',#4883);
#1553=VERTEX_POINT('',#4887);
#1554=VERTEX_POINT('',#4891);
#1555=VERTEX_POINT('',#4895);
#1556=VERTEX_POINT('',#4899);
#1557=VERTEX_POINT('',#4903);
#1558=VERTEX_POINT('',#4905);
#1559=VERTEX_POINT('',#4909);
#1560=VERTEX_POINT('',#4913);
#1561=VERTEX_POINT('',#4919);
#1562=VERTEX_POINT('',#4923);
#1563=VERTEX_POINT('',#4927);
#1564=VERTEX_POINT('',#4931);
#1565=VERTEX_POINT('',#4935);
#1566=VERTEX_POINT('',#4937);
#1567=VERTEX_POINT('',#4942);
#1568=VERTEX_POINT('',#4946);
#1569=VERTEX_POINT('',#4950);
#1570=VERTEX_POINT('',#4952);
#1571=VERTEX_POINT('',#4956);
#1572=VERTEX_POINT('',#4960);
#1573=VERTEX_POINT('',#4964);
#1574=VERTEX_POINT('',#4966);
#1575=VERTEX_POINT('',#4970);
#1576=VERTEX_POINT('',#4974);
#1577=VERTEX_POINT('',#4976);
#1578=VERTEX_POINT('',#4980);
#1579=VERTEX_POINT('',#4984);
#1580=VERTEX_POINT('',#4986);
#1581=VERTEX_POINT('',#4992);
#1582=VERTEX_POINT('',#4994);
#1583=VERTEX_POINT('',#4998);
#1584=VERTEX_POINT('',#5002);
#1585=VERTEX_POINT('',#5004);
#1586=VERTEX_POINT('',#5008);
#1587=VERTEX_POINT('',#5012);
#1588=VERTEX_POINT('',#5016);
#1589=VERTEX_POINT('',#5021);
#1590=VERTEX_POINT('',#5025);
#1591=VERTEX_POINT('',#5029);
#1592=VERTEX_POINT('',#5033);
#1593=VERTEX_POINT('',#5035);
#1594=VERTEX_POINT('',#5039);
#1595=VERTEX_POINT('',#5043);
#1596=VERTEX_POINT('',#5045);
#1597=VERTEX_POINT('',#5049);
#1598=VERTEX_POINT('',#5053);
#1599=VERTEX_POINT('',#5057);
#1600=VERTEX_POINT('',#5061);
#1601=VERTEX_POINT('',#5063);
#1602=VERTEX_POINT('',#5067);
#1603=VERTEX_POINT('',#5071);
#1604=VERTEX_POINT('',#5073);
#1605=VERTEX_POINT('',#5077);
#1606=VERTEX_POINT('',#5081);
#1607=VERTEX_POINT('',#5083);
#1608=VERTEX_POINT('',#5087);
#1609=VERTEX_POINT('',#5091);
#1610=VERTEX_POINT('',#5095);
#1611=VERTEX_POINT('',#5099);
#1612=VERTEX_POINT('',#5103);
#1613=VERTEX_POINT('',#5107);
#1614=VERTEX_POINT('',#5108);
#1615=VERTEX_POINT('',#5110);
#1616=VERTEX_POINT('',#5114);
#1617=VERTEX_POINT('',#5115);
#1618=VERTEX_POINT('',#5117);
#1619=VERTEX_POINT('',#5121);
#1620=VERTEX_POINT('',#5122);
#1621=VERTEX_POINT('',#5124);
#1622=VERTEX_POINT('',#5131);
#1623=VERTEX_POINT('',#5132);
#1624=VERTEX_POINT('',#5134);
#1625=VERTEX_POINT('',#5141);
#1626=VERTEX_POINT('',#5142);
#1627=VERTEX_POINT('',#5144);
#1628=VERTEX_POINT('',#5148);
#1629=VERTEX_POINT('',#5150);
#1630=VERTEX_POINT('',#5154);
#1631=VERTEX_POINT('',#5155);
#1632=VERTEX_POINT('',#5157);
#1633=VERTEX_POINT('',#5164);
#1634=VERTEX_POINT('',#5166);
#1635=VERTEX_POINT('',#5170);
#1636=VERTEX_POINT('',#5171);
#1637=VERTEX_POINT('',#5173);
#1638=VERTEX_POINT('',#5183);
#1639=VERTEX_POINT('',#5184);
#1640=VERTEX_POINT('',#5186);
#1641=VERTEX_POINT('',#5193);
#1642=VERTEX_POINT('',#5194);
#1643=VERTEX_POINT('',#5196);
#1644=VERTEX_POINT('',#5203);
#1645=VERTEX_POINT('',#5204);
#1646=VERTEX_POINT('',#5206);
#1647=VERTEX_POINT('',#5210);
#1648=VERTEX_POINT('',#5215);
#1649=VERTEX_POINT('',#5217);
#1650=VERTEX_POINT('',#5221);
#1651=VERTEX_POINT('',#5222);
#1652=VERTEX_POINT('',#5224);
#1653=VERTEX_POINT('',#5231);
#1654=VERTEX_POINT('',#5232);
#1655=VERTEX_POINT('',#5234);
#1656=VERTEX_POINT('',#5241);
#1657=VERTEX_POINT('',#5242);
#1658=VERTEX_POINT('',#5244);
#1659=VERTEX_POINT('',#5254);
#1660=VERTEX_POINT('',#5255);
#1661=VERTEX_POINT('',#5257);
#1662=VERTEX_POINT('',#5273);
#1663=VERTEX_POINT('',#5275);
#1664=VERTEX_POINT('',#5295);
#1665=VERTEX_POINT('',#5336);
#1666=EDGE_CURVE('',#1369,#1369,#1271,.T.);
#1667=EDGE_CURVE('',#1369,#1370,#547,.T.);
#1668=EDGE_CURVE('',#1371,#1371,#1272,.T.);
#1669=EDGE_CURVE('',#1371,#1369,#548,.T.);
#1670=EDGE_CURVE('',#1372,#1372,#1273,.T.);
#1671=EDGE_CURVE('',#1372,#1373,#549,.T.);
#1672=EDGE_CURVE('',#1374,#1374,#1274,.T.);
#1673=EDGE_CURVE('',#1374,#1372,#550,.T.);
#1674=EDGE_CURVE('',#1375,#1375,#1275,.T.);
#1675=EDGE_CURVE('',#1375,#1376,#551,.T.);
#1676=EDGE_CURVE('',#1377,#1377,#1276,.T.);
#1677=EDGE_CURVE('',#1377,#1375,#552,.T.);
#1678=EDGE_CURVE('',#1378,#1378,#1277,.T.);
#1679=EDGE_CURVE('',#1378,#1379,#553,.T.);
#1680=EDGE_CURVE('',#1380,#1380,#1278,.T.);
#1681=EDGE_CURVE('',#1380,#1378,#554,.T.);
#1682=EDGE_CURVE('',#1381,#1382,#1279,.T.);
#1683=EDGE_CURVE('',#1382,#1383,#555,.T.);
#1684=EDGE_CURVE('',#1383,#1384,#1280,.T.);
#1685=EDGE_CURVE('',#1384,#1381,#556,.T.);
#1686=EDGE_CURVE('',#1385,#1382,#557,.T.);
#1687=EDGE_CURVE('',#1386,#1385,#558,.T.);
#1688=EDGE_CURVE('',#1383,#1386,#559,.T.);
#1689=EDGE_CURVE('',#1387,#1388,#1281,.T.);
#1690=EDGE_CURVE('',#1388,#1389,#560,.T.);
#1691=EDGE_CURVE('',#1389,#1390,#1282,.T.);
#1692=EDGE_CURVE('',#1390,#1387,#561,.T.);
#1693=EDGE_CURVE('',#1388,#1391,#562,.T.);
#1694=EDGE_CURVE('',#1391,#1392,#563,.T.);
#1695=EDGE_CURVE('',#1392,#1393,#1283,.T.);
#1696=EDGE_CURVE('',#1393,#1394,#564,.T.);
#1697=EDGE_CURVE('',#1395,#1394,#1284,.T.);
#1698=EDGE_CURVE('',#1395,#1396,#565,.T.);
#1699=EDGE_CURVE('',#1396,#1397,#566,.T.);
#1700=EDGE_CURVE('',#1398,#1397,#1285,.T.);
#1701=EDGE_CURVE('',#1398,#1399,#567,.T.);
#1702=EDGE_CURVE('',#1400,#1399,#1286,.F.);
#1703=EDGE_CURVE('',#1401,#1400,#1287,.T.);
#1704=EDGE_CURVE('',#1401,#1402,#568,.T.);
#1705=EDGE_CURVE('',#1402,#1403,#569,.T.);
#1706=EDGE_CURVE('',#1403,#1404,#570,.T.);
#1707=EDGE_CURVE('',#1404,#1405,#1288,.F.);
#1708=EDGE_CURVE('',#1405,#1406,#1289,.T.);
#1709=EDGE_CURVE('',#1406,#1407,#571,.T.);
#1710=EDGE_CURVE('',#1408,#1407,#1290,.T.);
#1711=EDGE_CURVE('',#1408,#1409,#572,.T.);
#1712=EDGE_CURVE('',#1409,#1410,#573,.T.);
#1713=EDGE_CURVE('',#1411,#1410,#1291,.T.);
#1714=EDGE_CURVE('',#1411,#1412,#574,.T.);
#1715=EDGE_CURVE('',#1412,#1413,#1292,.T.);
#1716=EDGE_CURVE('',#1413,#1414,#575,.T.);
#1717=EDGE_CURVE('',#1414,#1415,#576,.T.);
#1718=EDGE_CURVE('',#1416,#1415,#577,.T.);
#1719=EDGE_CURVE('',#1389,#1416,#578,.T.);
#1720=EDGE_CURVE('',#1415,#1417,#1293,.T.);
#1721=EDGE_CURVE('',#1417,#1418,#579,.T.);
#1722=EDGE_CURVE('',#1418,#1416,#1294,.T.);
#1723=EDGE_CURVE('',#1419,#1417,#580,.T.);
#1724=EDGE_CURVE('',#1420,#1419,#581,.T.);
#1725=EDGE_CURVE('',#1418,#1420,#582,.T.);
#1726=EDGE_CURVE('',#1385,#1420,#1295,.T.);
#1727=EDGE_CURVE('',#1419,#1386,#1296,.T.);
#1728=EDGE_CURVE('',#1421,#1422,#1297,.T.);
#1729=EDGE_CURVE('',#1421,#1411,#583,.T.);
#1730=EDGE_CURVE('',#1410,#1422,#584,.T.);
#1731=EDGE_CURVE('',#1421,#1423,#585,.T.);
#1732=EDGE_CURVE('',#1424,#1423,#586,.T.);
#1733=EDGE_CURVE('',#1425,#1424,#587,.T.);
#1734=EDGE_CURVE('',#1426,#1425,#588,.T.);
#1735=EDGE_CURVE('',#1426,#1427,#589,.T.);
#1736=EDGE_CURVE('',#1428,#1427,#590,.T.);
#1737=EDGE_CURVE('',#1428,#1429,#591,.T.);
#1738=EDGE_CURVE('',#1430,#1429,#592,.T.);
#1739=EDGE_CURVE('',#1430,#1431,#593,.T.);
#1740=EDGE_CURVE('',#1431,#1432,#594,.T.);
#1741=EDGE_CURVE('',#1412,#1432,#595,.T.);
#1742=EDGE_CURVE('',#1433,#1434,#1298,.T.);
#1743=EDGE_CURVE('',#1433,#1398,#596,.T.);
#1744=EDGE_CURVE('',#1397,#1434,#597,.T.);
#1745=EDGE_CURVE('',#1433,#1435,#598,.T.);
#1746=EDGE_CURVE('',#1436,#1435,#599,.T.);
#1747=EDGE_CURVE('',#1436,#1437,#600,.T.);
#1748=EDGE_CURVE('',#1437,#1399,#601,.T.);
#1749=EDGE_CURVE('',#1438,#1439,#1299,.T.);
#1750=EDGE_CURVE('',#1438,#1395,#602,.T.);
#1751=EDGE_CURVE('',#1394,#1439,#603,.T.);
#1752=EDGE_CURVE('',#1440,#1422,#604,.T.);
#1753=EDGE_CURVE('',#1441,#1440,#605,.T.);
#1754=EDGE_CURVE('',#1441,#1442,#1300,.T.);
#1755=EDGE_CURVE('',#1443,#1442,#606,.T.);
#1756=EDGE_CURVE('',#1443,#1444,#1301,.T.);
#1757=EDGE_CURVE('',#1445,#1444,#607,.T.);
#1758=EDGE_CURVE('',#1446,#1445,#608,.T.);
#1759=EDGE_CURVE('',#1447,#1446,#609,.T.);
#1760=EDGE_CURVE('',#1447,#1435,#1302,.T.);
#1761=EDGE_CURVE('',#1448,#1434,#610,.T.);
#1762=EDGE_CURVE('',#1438,#1448,#611,.T.);
#1763=EDGE_CURVE('',#1449,#1439,#612,.T.);
#1764=EDGE_CURVE('',#1450,#1449,#1303,.T.);
#1765=EDGE_CURVE('',#1450,#1451,#613,.T.);
#1766=EDGE_CURVE('',#1451,#1452,#1304,.F.);
#1767=EDGE_CURVE('',#1452,#1453,#614,.T.);
#1768=EDGE_CURVE('',#1454,#1453,#1305,.T.);
#1769=EDGE_CURVE('',#1454,#1455,#615,.T.);
#1770=EDGE_CURVE('',#1456,#1455,#1306,.T.);
#1771=EDGE_CURVE('',#1456,#1457,#616,.T.);
#1772=EDGE_CURVE('',#1457,#1458,#617,.T.);
#1773=EDGE_CURVE('',#1459,#1458,#1307,.T.);
#1774=EDGE_CURVE('',#1459,#1460,#618,.T.);
#1775=EDGE_CURVE('',#1460,#1461,#619,.T.);
#1776=EDGE_CURVE('',#1462,#1461,#1308,.T.);
#1777=EDGE_CURVE('',#1462,#1463,#620,.T.);
#1778=EDGE_CURVE('',#1463,#1464,#621,.T.);
#1779=EDGE_CURVE('',#1465,#1464,#1309,.T.);
#1780=EDGE_CURVE('',#1465,#1466,#622,.T.);
#1781=EDGE_CURVE('',#1467,#1466,#1310,.T.);
#1782=EDGE_CURVE('',#1467,#1468,#623,.T.);
#1783=EDGE_CURVE('',#1468,#1469,#624,.T.);
#1784=EDGE_CURVE('',#1470,#1469,#1311,.T.);
#1785=EDGE_CURVE('',#1470,#1471,#625,.T.);
#1786=EDGE_CURVE('',#1471,#1472,#626,.T.);
#1787=EDGE_CURVE('',#1473,#1472,#1312,.T.);
#1788=EDGE_CURVE('',#1474,#1473,#627,.T.);
#1789=EDGE_CURVE('',#1474,#1475,#1313,.T.);
#1790=EDGE_CURVE('',#1476,#1475,#628,.T.);
#1791=EDGE_CURVE('',#1477,#1476,#629,.T.);
#1792=EDGE_CURVE('',#1477,#1478,#1314,.T.);
#1793=EDGE_CURVE('',#1479,#1478,#630,.T.);
#1794=EDGE_CURVE('',#1480,#1479,#631,.T.);
#1795=EDGE_CURVE('',#1480,#1481,#1315,.T.);
#1796=EDGE_CURVE('',#1482,#1481,#632,.T.);
#1797=EDGE_CURVE('',#1483,#1482,#633,.T.);
#1798=EDGE_CURVE('',#1483,#1484,#1316,.T.);
#1799=EDGE_CURVE('',#1485,#1484,#634,.T.);
#1800=EDGE_CURVE('',#1486,#1485,#635,.T.);
#1801=EDGE_CURVE('',#1486,#1487,#1317,.T.);
#1802=EDGE_CURVE('',#1488,#1487,#636,.T.);
#1803=EDGE_CURVE('',#1489,#1488,#637,.T.);
#1804=EDGE_CURVE('',#1489,#1427,#1318,.T.);
#1805=EDGE_CURVE('',#1490,#1426,#1319,.T.);
#1806=EDGE_CURVE('',#1490,#1491,#638,.T.);
#1807=EDGE_CURVE('',#1491,#1492,#639,.T.);
#1808=EDGE_CURVE('',#1493,#1492,#1320,.T.);
#1809=EDGE_CURVE('',#1493,#1494,#640,.T.);
#1810=EDGE_CURVE('',#1494,#1495,#641,.T.);
#1811=EDGE_CURVE('',#1496,#1495,#1321,.T.);
#1812=EDGE_CURVE('',#1496,#1497,#642,.T.);
#1813=EDGE_CURVE('',#1498,#1497,#1322,.T.);
#1814=EDGE_CURVE('',#1498,#1499,#643,.T.);
#1815=EDGE_CURVE('',#1499,#1500,#644,.T.);
#1816=EDGE_CURVE('',#1501,#1500,#1323,.T.);
#1817=EDGE_CURVE('',#1501,#1502,#645,.T.);
#1818=EDGE_CURVE('',#1502,#1503,#646,.T.);
#1819=EDGE_CURVE('',#1504,#1503,#1324,.T.);
#1820=EDGE_CURVE('',#1504,#1505,#647,.T.);
#1821=EDGE_CURVE('',#1505,#1506,#648,.T.);
#1822=EDGE_CURVE('',#1507,#1506,#1325,.T.);
#1823=EDGE_CURVE('',#1507,#1508,#649,.T.);
#1824=EDGE_CURVE('',#1509,#1508,#1326,.T.);
#1825=EDGE_CURVE('',#1509,#1510,#650,.T.);
#1826=EDGE_CURVE('',#1510,#1511,#1327,.F.);
#1827=EDGE_CURVE('',#1511,#1512,#651,.T.);
#1828=EDGE_CURVE('',#1423,#1512,#1328,.T.);
#1829=EDGE_CURVE('',#1513,#1393,#652,.T.);
#1830=EDGE_CURVE('',#1513,#1514,#653,.T.);
#1831=EDGE_CURVE('',#1514,#1515,#654,.T.);
#1832=EDGE_CURVE('',#1516,#1515,#655,.T.);
#1833=EDGE_CURVE('',#1516,#1517,#656,.T.);
#1834=EDGE_CURVE('',#1474,#1517,#657,.T.);
#1835=EDGE_CURVE('',#1518,#1473,#658,.T.);
#1836=EDGE_CURVE('',#1519,#1518,#659,.T.);
#1837=EDGE_CURVE('',#1449,#1519,#660,.T.);
#1838=EDGE_CURVE('',#1441,#1408,#661,.T.);
#1839=EDGE_CURVE('',#1407,#1442,#662,.T.);
#1840=EDGE_CURVE('',#1409,#1440,#663,.T.);
#1841=EDGE_CURVE('',#1516,#1520,#1329,.T.);
#1842=EDGE_CURVE('',#1515,#1521,#15,.T.);
#1843=EDGE_CURVE('',#1521,#1520,#664,.T.);
#1844=EDGE_CURVE('',#1521,#1522,#665,.T.);
#1845=EDGE_CURVE('',#1523,#1522,#666,.T.);
#1846=EDGE_CURVE('',#1520,#1523,#667,.T.);
#1847=EDGE_CURVE('',#1517,#1524,#1330,.T.);
#1848=EDGE_CURVE('',#1524,#1475,#668,.T.);
#1849=EDGE_CURVE('',#1525,#1429,#1331,.T.);
#1850=EDGE_CURVE('',#1525,#1526,#669,.T.);
#1851=EDGE_CURVE('',#1526,#1430,#16,.T.);
#1852=EDGE_CURVE('',#1523,#1527,#1332,.T.);
#1853=EDGE_CURVE('',#1527,#1528,#670,.T.);
#1854=EDGE_CURVE('',#1528,#1529,#1333,.T.);
#1855=EDGE_CURVE('',#1529,#1530,#671,.T.);
#1856=EDGE_CURVE('',#1530,#1531,#672,.T.);
#1857=EDGE_CURVE('',#1531,#1532,#1334,.T.);
#1858=EDGE_CURVE('',#1532,#1533,#673,.T.);
#1859=EDGE_CURVE('',#1533,#1534,#1335,.T.);
#1860=EDGE_CURVE('',#1534,#1525,#674,.T.);
#1861=EDGE_CURVE('',#1428,#1535,#1336,.F.);
#1862=EDGE_CURVE('',#1535,#1536,#675,.T.);
#1863=EDGE_CURVE('',#1536,#1537,#676,.T.);
#1864=EDGE_CURVE('',#1538,#1537,#1337,.T.);
#1865=EDGE_CURVE('',#1538,#1539,#677,.T.);
#1866=EDGE_CURVE('',#1539,#1540,#678,.T.);
#1867=EDGE_CURVE('',#1541,#1540,#1338,.T.);
#1868=EDGE_CURVE('',#1541,#1542,#679,.T.);
#1869=EDGE_CURVE('',#1542,#1543,#1339,.T.);
#1870=EDGE_CURVE('',#1543,#1544,#680,.T.);
#1871=EDGE_CURVE('',#1545,#1544,#1340,.T.);
#1872=EDGE_CURVE('',#1545,#1546,#681,.T.);
#1873=EDGE_CURVE('',#1546,#1547,#682,.T.);
#1874=EDGE_CURVE('',#1548,#1547,#1341,.T.);
#1875=EDGE_CURVE('',#1548,#1549,#683,.T.);
#1876=EDGE_CURVE('',#1549,#1524,#684,.T.);
#1877=EDGE_CURVE('',#1489,#1535,#685,.T.);
#1878=EDGE_CURVE('',#1477,#1548,#686,.T.);
#1879=EDGE_CURVE('',#1547,#1478,#687,.T.);
#1880=EDGE_CURVE('',#1549,#1476,#688,.T.);
#1881=EDGE_CURVE('',#1486,#1538,#689,.T.);
#1882=EDGE_CURVE('',#1537,#1487,#690,.T.);
#1883=EDGE_CURVE('',#1539,#1485,#691,.T.);
#1884=EDGE_CURVE('',#1480,#1545,#692,.T.);
#1885=EDGE_CURVE('',#1544,#1481,#693,.T.);
#1886=EDGE_CURVE('',#1546,#1479,#694,.T.);
#1887=EDGE_CURVE('',#1483,#1541,#695,.T.);
#1888=EDGE_CURVE('',#1540,#1484,#696,.T.);
#1889=EDGE_CURVE('',#1550,#1482,#697,.T.);
#1890=EDGE_CURVE('',#1550,#1551,#698,.T.);
#1891=EDGE_CURVE('',#1551,#1542,#699,.T.);
#1892=EDGE_CURVE('',#1392,#1552,#700,.T.);
#1893=EDGE_CURVE('',#1552,#1513,#1342,.T.);
#1894=EDGE_CURVE('',#1522,#1553,#17,.T.);
#1895=EDGE_CURVE('',#1553,#1527,#701,.T.);
#1896=EDGE_CURVE('',#1553,#1554,#702,.T.);
#1897=EDGE_CURVE('',#1528,#1554,#703,.T.);
#1898=EDGE_CURVE('',#1554,#1555,#18,.T.);
#1899=EDGE_CURVE('',#1555,#1529,#704,.T.);
#1900=EDGE_CURVE('',#1555,#1556,#705,.T.);
#1901=EDGE_CURVE('',#1556,#1530,#706,.T.);
#1902=EDGE_CURVE('',#1531,#1557,#707,.T.);
#1903=EDGE_CURVE('',#1557,#1558,#19,.T.);
#1904=EDGE_CURVE('',#1558,#1532,#708,.T.);
#1905=EDGE_CURVE('',#1558,#1559,#709,.T.);
#1906=EDGE_CURVE('',#1533,#1559,#710,.T.);
#1907=EDGE_CURVE('',#1559,#1560,#20,.T.);
#1908=EDGE_CURVE('',#1560,#1534,#711,.T.);
#1909=EDGE_CURVE('',#1560,#1526,#712,.T.);
#1910=EDGE_CURVE('',#1432,#1561,#1343,.T.);
#1911=EDGE_CURVE('',#1561,#1413,#713,.T.);
#1912=EDGE_CURVE('',#1561,#1562,#714,.T.);
#1913=EDGE_CURVE('',#1562,#1414,#715,.T.);
#1914=EDGE_CURVE('',#1512,#1563,#716,.T.);
#1915=EDGE_CURVE('',#1563,#1424,#1344,.T.);
#1916=EDGE_CURVE('',#1511,#1564,#717,.T.);
#1917=EDGE_CURVE('',#1563,#1564,#718,.T.);
#1918=EDGE_CURVE('',#1443,#1565,#719,.T.);
#1919=EDGE_CURVE('',#1566,#1565,#1345,.F.);
#1920=EDGE_CURVE('',#1566,#1405,#720,.T.);
#1921=EDGE_CURVE('',#1404,#1444,#721,.T.);
#1922=EDGE_CURVE('',#1406,#1567,#722,.T.);
#1923=EDGE_CURVE('',#1567,#1565,#723,.T.);
#1924=EDGE_CURVE('',#1510,#1568,#724,.T.);
#1925=EDGE_CURVE('',#1568,#1564,#1346,.T.);
#1926=EDGE_CURVE('',#1508,#1569,#725,.T.);
#1927=EDGE_CURVE('',#1569,#1570,#1347,.T.);
#1928=EDGE_CURVE('',#1570,#1509,#726,.T.);
#1929=EDGE_CURVE('',#1571,#1507,#727,.T.);
#1930=EDGE_CURVE('',#1569,#1571,#728,.T.);
#1931=EDGE_CURVE('',#1425,#1572,#1348,.T.);
#1932=EDGE_CURVE('',#1572,#1490,#729,.T.);
#1933=EDGE_CURVE('',#1492,#1573,#730,.T.);
#1934=EDGE_CURVE('',#1573,#1574,#1349,.T.);
#1935=EDGE_CURVE('',#1574,#1493,#731,.T.);
#1936=EDGE_CURVE('',#1491,#1575,#732,.T.);
#1937=EDGE_CURVE('',#1573,#1575,#733,.T.);
#1938=EDGE_CURVE('',#1495,#1576,#734,.T.);
#1939=EDGE_CURVE('',#1576,#1577,#1350,.T.);
#1940=EDGE_CURVE('',#1577,#1496,#735,.T.);
#1941=EDGE_CURVE('',#1494,#1578,#736,.T.);
#1942=EDGE_CURVE('',#1576,#1578,#737,.T.);
#1943=EDGE_CURVE('',#1497,#1579,#738,.T.);
#1944=EDGE_CURVE('',#1579,#1580,#1351,.T.);
#1945=EDGE_CURVE('',#1580,#1498,#739,.T.);
#1946=EDGE_CURVE('',#1579,#1577,#740,.T.);
#1947=EDGE_CURVE('',#1500,#1581,#741,.T.);
#1948=EDGE_CURVE('',#1581,#1582,#1352,.T.);
#1949=EDGE_CURVE('',#1582,#1501,#742,.T.);
#1950=EDGE_CURVE('',#1499,#1583,#743,.T.);
#1951=EDGE_CURVE('',#1581,#1583,#744,.T.);
#1952=EDGE_CURVE('',#1503,#1584,#745,.T.);
#1953=EDGE_CURVE('',#1584,#1585,#1353,.T.);
#1954=EDGE_CURVE('',#1585,#1504,#746,.T.);
#1955=EDGE_CURVE('',#1502,#1586,#747,.T.);
#1956=EDGE_CURVE('',#1584,#1586,#748,.T.);
#1957=EDGE_CURVE('',#1506,#1587,#749,.T.);
#1958=EDGE_CURVE('',#1587,#1571,#1354,.T.);
#1959=EDGE_CURVE('',#1505,#1588,#750,.T.);
#1960=EDGE_CURVE('',#1587,#1588,#751,.T.);
#1961=EDGE_CURVE('',#1447,#1401,#752,.T.);
#1962=EDGE_CURVE('',#1589,#1400,#753,.F.);
#1963=EDGE_CURVE('',#1589,#1436,#1355,.T.);
#1964=EDGE_CURVE('',#1472,#1590,#754,.T.);
#1965=EDGE_CURVE('',#1590,#1518,#1356,.T.);
#1966=EDGE_CURVE('',#1471,#1591,#755,.T.);
#1967=EDGE_CURVE('',#1590,#1591,#756,.T.);
#1968=EDGE_CURVE('',#1469,#1592,#757,.T.);
#1969=EDGE_CURVE('',#1592,#1593,#1357,.T.);
#1970=EDGE_CURVE('',#1593,#1470,#758,.T.);
#1971=EDGE_CURVE('',#1468,#1594,#759,.T.);
#1972=EDGE_CURVE('',#1592,#1594,#760,.T.);
#1973=EDGE_CURVE('',#1466,#1595,#761,.T.);
#1974=EDGE_CURVE('',#1595,#1596,#1358,.T.);
#1975=EDGE_CURVE('',#1596,#1467,#762,.T.);
#1976=EDGE_CURVE('',#1597,#1465,#763,.T.);
#1977=EDGE_CURVE('',#1595,#1597,#764,.T.);
#1978=EDGE_CURVE('',#1464,#1598,#765,.T.);
#1979=EDGE_CURVE('',#1598,#1597,#1359,.T.);
#1980=EDGE_CURVE('',#1463,#1599,#766,.T.);
#1981=EDGE_CURVE('',#1598,#1599,#767,.T.);
#1982=EDGE_CURVE('',#1461,#1600,#768,.T.);
#1983=EDGE_CURVE('',#1600,#1601,#1360,.T.);
#1984=EDGE_CURVE('',#1601,#1462,#769,.T.);
#1985=EDGE_CURVE('',#1460,#1602,#770,.T.);
#1986=EDGE_CURVE('',#1600,#1602,#771,.T.);
#1987=EDGE_CURVE('',#1458,#1603,#772,.T.);
#1988=EDGE_CURVE('',#1603,#1604,#1361,.T.);
#1989=EDGE_CURVE('',#1604,#1459,#773,.T.);
#1990=EDGE_CURVE('',#1457,#1605,#774,.T.);
#1991=EDGE_CURVE('',#1603,#1605,#775,.T.);
#1992=EDGE_CURVE('',#1455,#1606,#776,.T.);
#1993=EDGE_CURVE('',#1606,#1607,#1362,.T.);
#1994=EDGE_CURVE('',#1607,#1456,#777,.T.);
#1995=EDGE_CURVE('',#1608,#1454,#778,.T.);
#1996=EDGE_CURVE('',#1606,#1608,#779,.T.);
#1997=EDGE_CURVE('',#1453,#1609,#780,.T.);
#1998=EDGE_CURVE('',#1609,#1608,#1363,.T.);
#1999=EDGE_CURVE('',#1610,#1452,#781,.T.);
#2000=EDGE_CURVE('',#1609,#1610,#782,.T.);
#2001=EDGE_CURVE('',#1611,#1610,#1364,.T.);
#2002=EDGE_CURVE('',#1451,#1611,#783,.T.);
#2003=EDGE_CURVE('',#1519,#1612,#1365,.T.);
#2004=EDGE_CURVE('',#1612,#1450,#784,.T.);
#2005=EDGE_CURVE('',#1613,#1614,#785,.T.);
#2006=EDGE_CURVE('',#1615,#1613,#786,.T.);
#2007=EDGE_CURVE('',#1614,#1615,#787,.T.);
#2008=EDGE_CURVE('',#1616,#1617,#788,.T.);
#2009=EDGE_CURVE('',#1618,#1616,#789,.T.);
#2010=EDGE_CURVE('',#1617,#1618,#790,.T.);
#2011=EDGE_CURVE('',#1619,#1620,#791,.T.);
#2012=EDGE_CURVE('',#1621,#1619,#792,.T.);
#2013=EDGE_CURVE('',#1620,#1621,#793,.T.);
#2014=EDGE_CURVE('',#1614,#1621,#794,.T.);
#2015=EDGE_CURVE('',#1619,#1613,#795,.T.);
#2016=EDGE_CURVE('',#1622,#1623,#796,.T.);
#2017=EDGE_CURVE('',#1624,#1622,#797,.T.);
#2018=EDGE_CURVE('',#1623,#1624,#798,.T.);
#2019=EDGE_CURVE('',#1622,#1614,#799,.T.);
#2020=EDGE_CURVE('',#1615,#1624,#800,.T.);
#2021=EDGE_CURVE('',#1625,#1626,#801,.T.);
#2022=EDGE_CURVE('',#1627,#1625,#802,.T.);
#2023=EDGE_CURVE('',#1626,#1627,#803,.T.);
#2024=EDGE_CURVE('',#1628,#1627,#804,.T.);
#2025=EDGE_CURVE('',#1625,#1629,#805,.T.);
#2026=EDGE_CURVE('',#1629,#1628,#806,.T.);
#2027=EDGE_CURVE('',#1630,#1631,#807,.T.);
#2028=EDGE_CURVE('',#1632,#1630,#808,.T.);
#2029=EDGE_CURVE('',#1631,#1632,#809,.T.);
#2030=EDGE_CURVE('',#1630,#1617,#810,.T.);
#2031=EDGE_CURVE('',#1618,#1632,#811,.T.);
#2032=EDGE_CURVE('',#1633,#1619,#812,.T.);
#2033=EDGE_CURVE('',#1620,#1634,#813,.T.);
#2034=EDGE_CURVE('',#1634,#1633,#814,.T.);
#2035=EDGE_CURVE('',#1635,#1636,#815,.T.);
#2036=EDGE_CURVE('',#1637,#1635,#816,.T.);
#2037=EDGE_CURVE('',#1636,#1637,#817,.T.);
#2038=EDGE_CURVE('',#1635,#1620,#818,.T.);
#2039=EDGE_CURVE('',#1621,#1637,#819,.T.);
#2040=EDGE_CURVE('',#1623,#1636,#820,.T.);
#2041=EDGE_CURVE('',#1637,#1622,#821,.T.);
#2042=EDGE_CURVE('',#1638,#1639,#822,.T.);
#2043=EDGE_CURVE('',#1640,#1638,#823,.T.);
#2044=EDGE_CURVE('',#1639,#1640,#824,.T.);
#2045=EDGE_CURVE('',#1638,#1626,#825,.T.);
#2046=EDGE_CURVE('',#1627,#1640,#826,.T.);
#2047=EDGE_CURVE('',#1641,#1642,#827,.T.);
#2048=EDGE_CURVE('',#1643,#1641,#828,.T.);
#2049=EDGE_CURVE('',#1642,#1643,#829,.T.);
#2050=EDGE_CURVE('',#1641,#1625,#830,.T.);
#2051=EDGE_CURVE('',#1626,#1643,#831,.T.);
#2052=EDGE_CURVE('',#1644,#1645,#832,.T.);
#2053=EDGE_CURVE('',#1646,#1644,#833,.T.);
#2054=EDGE_CURVE('',#1645,#1646,#834,.T.);
#2055=EDGE_CURVE('',#1647,#1646,#835,.T.);
#2056=EDGE_CURVE('',#1644,#1633,#836,.T.);
#2057=EDGE_CURVE('',#1634,#1647,#837,.T.);
#2058=EDGE_CURVE('',#1648,#1635,#838,.T.);
#2059=EDGE_CURVE('',#1636,#1649,#839,.T.);
#2060=EDGE_CURVE('',#1649,#1648,#840,.T.);
#2061=EDGE_CURVE('',#1650,#1651,#841,.T.);
#2062=EDGE_CURVE('',#1652,#1650,#842,.T.);
#2063=EDGE_CURVE('',#1651,#1652,#843,.T.);
#2064=EDGE_CURVE('',#1645,#1652,#844,.T.);
#2065=EDGE_CURVE('',#1650,#1644,#845,.T.);
#2066=EDGE_CURVE('',#1653,#1654,#846,.T.);
#2067=EDGE_CURVE('',#1655,#1653,#847,.T.);
#2068=EDGE_CURVE('',#1654,#1655,#848,.T.);
#2069=EDGE_CURVE('',#1639,#1655,#849,.T.);
#2070=EDGE_CURVE('',#1653,#1638,#850,.T.);
#2071=EDGE_CURVE('',#1656,#1657,#851,.T.);
#2072=EDGE_CURVE('',#1658,#1656,#852,.T.);
#2073=EDGE_CURVE('',#1657,#1658,#853,.T.);
#2074=EDGE_CURVE('',#1656,#1645,#854,.T.);
#2075=EDGE_CURVE('',#1646,#1658,#855,.T.);
#2076=EDGE_CURVE('',#1649,#1657,#856,.T.);
#2077=EDGE_CURVE('',#1658,#1648,#857,.T.);
#2078=EDGE_CURVE('',#1659,#1660,#858,.T.);
#2079=EDGE_CURVE('',#1661,#1659,#859,.T.);
#2080=EDGE_CURVE('',#1660,#1661,#860,.T.);
#2081=EDGE_CURVE('',#1659,#1651,#861,.T.);
#2082=EDGE_CURVE('',#1652,#1661,#862,.T.);
#2083=EDGE_CURVE('',#1657,#1660,#863,.T.);
#2084=EDGE_CURVE('',#1661,#1656,#864,.T.);
#2085=EDGE_CURVE('',#1660,#1654,#865,.T.);
#2086=EDGE_CURVE('',#1655,#1659,#866,.T.);
#2087=EDGE_CURVE('',#1654,#1642,#867,.T.);
#2088=EDGE_CURVE('',#1643,#1653,#868,.T.);
#2089=EDGE_CURVE('',#1662,#1650,#869,.T.);
#2090=EDGE_CURVE('',#1651,#1663,#870,.T.);
#2091=EDGE_CURVE('',#1663,#1662,#871,.T.);
#2092=EDGE_CURVE('',#1642,#1631,#872,.T.);
#2093=EDGE_CURVE('',#1632,#1641,#873,.T.);
#2094=EDGE_CURVE('',#1663,#1639,#874,.T.);
#2095=EDGE_CURVE('',#1640,#1662,#875,.T.);
#2096=EDGE_CURVE('',#1631,#1623,#876,.T.);
#2097=EDGE_CURVE('',#1624,#1630,#877,.T.);
#2098=EDGE_CURVE('',#1629,#1618,#878,.T.);
#2099=EDGE_CURVE('',#1616,#1628,#879,.T.);
#2100=EDGE_CURVE('',#1617,#1615,#880,.T.);
#2101=EDGE_CURVE('',#1613,#1616,#881,.T.);
#2102=EDGE_CURVE('',#1514,#1628,#882,.T.);
#2103=EDGE_CURVE('',#1664,#1552,#883,.T.);
#2104=EDGE_CURVE('',#1562,#1664,#884,.T.);
#2105=EDGE_CURVE('',#1662,#1431,#885,.T.);
#2106=EDGE_CURVE('',#1647,#1648,#886,.T.);
#2107=EDGE_CURVE('',#1611,#1612,#887,.T.);
#2108=EDGE_CURVE('',#1591,#1593,#888,.T.);
#2109=EDGE_CURVE('',#1594,#1596,#889,.T.);
#2110=EDGE_CURVE('',#1599,#1601,#890,.T.);
#2111=EDGE_CURVE('',#1602,#1604,#891,.T.);
#2112=EDGE_CURVE('',#1605,#1607,#892,.T.);
#2113=EDGE_CURVE('',#1583,#1580,#893,.T.);
#2114=EDGE_CURVE('',#1578,#1574,#894,.T.);
#2115=EDGE_CURVE('',#1575,#1572,#895,.T.);
#2116=EDGE_CURVE('',#1568,#1570,#896,.T.);
#2117=EDGE_CURVE('',#1588,#1585,#897,.T.);
#2118=EDGE_CURVE('',#1586,#1582,#898,.T.);
#2119=EDGE_CURVE('',#1381,#1390,#899,.T.);
#2120=EDGE_CURVE('',#1664,#1391,#900,.T.);
#2121=EDGE_CURVE('',#1387,#1384,#901,.T.);
#2122=EDGE_CURVE('',#1556,#1557,#902,.T.);
#2123=EDGE_CURVE('',#1567,#1566,#1366,.T.);
#2124=EDGE_CURVE('',#1437,#1589,#1367,.T.);
#2125=EDGE_CURVE('',#1551,#1665,#1368,.T.);
#2126=EDGE_CURVE('',#1543,#1665,#903,.T.);
#2127=EDGE_CURVE('',#1665,#1550,#904,.T.);
#2128=EDGE_CURVE('',#1396,#1448,#905,.T.);
#2129=EDGE_CURVE('',#1402,#1446,#906,.T.);
#2130=EDGE_CURVE('',#1403,#1445,#907,.T.);
#2131=EDGE_CURVE('',#1536,#1488,#908,.T.);
#2132=ORIENTED_EDGE('',*,*,#1666,.F.);
#2133=ORIENTED_EDGE('',*,*,#1667,.T.);
#2134=ORIENTED_EDGE('',*,*,#1667,.F.);
#2135=ORIENTED_EDGE('',*,*,#1668,.F.);
#2136=ORIENTED_EDGE('',*,*,#1669,.T.);
#2137=ORIENTED_EDGE('',*,*,#1666,.T.);
#2138=ORIENTED_EDGE('',*,*,#1669,.F.);
#2139=ORIENTED_EDGE('',*,*,#1670,.F.);
#2140=ORIENTED_EDGE('',*,*,#1671,.T.);
#2141=ORIENTED_EDGE('',*,*,#1671,.F.);
#2142=ORIENTED_EDGE('',*,*,#1672,.F.);
#2143=ORIENTED_EDGE('',*,*,#1673,.T.);
#2144=ORIENTED_EDGE('',*,*,#1670,.T.);
#2145=ORIENTED_EDGE('',*,*,#1673,.F.);
#2146=ORIENTED_EDGE('',*,*,#1674,.F.);
#2147=ORIENTED_EDGE('',*,*,#1675,.T.);
#2148=ORIENTED_EDGE('',*,*,#1675,.F.);
#2149=ORIENTED_EDGE('',*,*,#1676,.F.);
#2150=ORIENTED_EDGE('',*,*,#1677,.T.);
#2151=ORIENTED_EDGE('',*,*,#1674,.T.);
#2152=ORIENTED_EDGE('',*,*,#1677,.F.);
#2153=ORIENTED_EDGE('',*,*,#1678,.F.);
#2154=ORIENTED_EDGE('',*,*,#1679,.T.);
#2155=ORIENTED_EDGE('',*,*,#1679,.F.);
#2156=ORIENTED_EDGE('',*,*,#1680,.F.);
#2157=ORIENTED_EDGE('',*,*,#1681,.T.);
#2158=ORIENTED_EDGE('',*,*,#1678,.T.);
#2159=ORIENTED_EDGE('',*,*,#1681,.F.);
#2160=ORIENTED_EDGE('',*,*,#1682,.T.);
#2161=ORIENTED_EDGE('',*,*,#1683,.T.);
#2162=ORIENTED_EDGE('',*,*,#1684,.T.);
#2163=ORIENTED_EDGE('',*,*,#1685,.T.);
#2164=ORIENTED_EDGE('',*,*,#1683,.F.);
#2165=ORIENTED_EDGE('',*,*,#1686,.F.);
#2166=ORIENTED_EDGE('',*,*,#1687,.F.);
#2167=ORIENTED_EDGE('',*,*,#1688,.F.);
#2168=ORIENTED_EDGE('',*,*,#1689,.T.);
#2169=ORIENTED_EDGE('',*,*,#1690,.T.);
#2170=ORIENTED_EDGE('',*,*,#1691,.T.);
#2171=ORIENTED_EDGE('',*,*,#1692,.T.);
#2172=ORIENTED_EDGE('',*,*,#1690,.F.);
#2173=ORIENTED_EDGE('',*,*,#1693,.T.);
#2174=ORIENTED_EDGE('',*,*,#1694,.T.);
#2175=ORIENTED_EDGE('',*,*,#1695,.T.);
#2176=ORIENTED_EDGE('',*,*,#1696,.T.);
#2177=ORIENTED_EDGE('',*,*,#1697,.F.);
#2178=ORIENTED_EDGE('',*,*,#1698,.T.);
#2179=ORIENTED_EDGE('',*,*,#1699,.T.);
#2180=ORIENTED_EDGE('',*,*,#1700,.F.);
#2181=ORIENTED_EDGE('',*,*,#1701,.T.);
#2182=ORIENTED_EDGE('',*,*,#1702,.F.);
#2183=ORIENTED_EDGE('',*,*,#1703,.F.);
#2184=ORIENTED_EDGE('',*,*,#1704,.T.);
#2185=ORIENTED_EDGE('',*,*,#1705,.T.);
#2186=ORIENTED_EDGE('',*,*,#1706,.T.);
#2187=ORIENTED_EDGE('',*,*,#1707,.T.);
#2188=ORIENTED_EDGE('',*,*,#1708,.T.);
#2189=ORIENTED_EDGE('',*,*,#1709,.T.);
#2190=ORIENTED_EDGE('',*,*,#1710,.F.);
#2191=ORIENTED_EDGE('',*,*,#1711,.T.);
#2192=ORIENTED_EDGE('',*,*,#1712,.T.);
#2193=ORIENTED_EDGE('',*,*,#1713,.F.);
#2194=ORIENTED_EDGE('',*,*,#1714,.T.);
#2195=ORIENTED_EDGE('',*,*,#1715,.T.);
#2196=ORIENTED_EDGE('',*,*,#1716,.T.);
#2197=ORIENTED_EDGE('',*,*,#1717,.T.);
#2198=ORIENTED_EDGE('',*,*,#1718,.F.);
#2199=ORIENTED_EDGE('',*,*,#1719,.F.);
#2200=ORIENTED_EDGE('',*,*,#1668,.T.);
#2201=ORIENTED_EDGE('',*,*,#1672,.T.);
#2202=ORIENTED_EDGE('',*,*,#1720,.T.);
#2203=ORIENTED_EDGE('',*,*,#1721,.T.);
#2204=ORIENTED_EDGE('',*,*,#1722,.T.);
#2205=ORIENTED_EDGE('',*,*,#1718,.T.);
#2206=ORIENTED_EDGE('',*,*,#1721,.F.);
#2207=ORIENTED_EDGE('',*,*,#1723,.F.);
#2208=ORIENTED_EDGE('',*,*,#1724,.F.);
#2209=ORIENTED_EDGE('',*,*,#1725,.F.);
#2210=ORIENTED_EDGE('',*,*,#1726,.T.);
#2211=ORIENTED_EDGE('',*,*,#1724,.T.);
#2212=ORIENTED_EDGE('',*,*,#1727,.T.);
#2213=ORIENTED_EDGE('',*,*,#1687,.T.);
#2214=ORIENTED_EDGE('',*,*,#1728,.F.);
#2215=ORIENTED_EDGE('',*,*,#1729,.T.);
#2216=ORIENTED_EDGE('',*,*,#1713,.T.);
#2217=ORIENTED_EDGE('',*,*,#1730,.T.);
#2218=ORIENTED_EDGE('',*,*,#1714,.F.);
#2219=ORIENTED_EDGE('',*,*,#1729,.F.);
#2220=ORIENTED_EDGE('',*,*,#1731,.T.);
#2221=ORIENTED_EDGE('',*,*,#1732,.F.);
#2222=ORIENTED_EDGE('',*,*,#1733,.F.);
#2223=ORIENTED_EDGE('',*,*,#1734,.F.);
#2224=ORIENTED_EDGE('',*,*,#1735,.T.);
#2225=ORIENTED_EDGE('',*,*,#1736,.F.);
#2226=ORIENTED_EDGE('',*,*,#1737,.T.);
#2227=ORIENTED_EDGE('',*,*,#1738,.F.);
#2228=ORIENTED_EDGE('',*,*,#1739,.T.);
#2229=ORIENTED_EDGE('',*,*,#1740,.T.);
#2230=ORIENTED_EDGE('',*,*,#1741,.F.);
#2231=ORIENTED_EDGE('',*,*,#1742,.F.);
#2232=ORIENTED_EDGE('',*,*,#1743,.T.);
#2233=ORIENTED_EDGE('',*,*,#1700,.T.);
#2234=ORIENTED_EDGE('',*,*,#1744,.T.);
#2235=ORIENTED_EDGE('',*,*,#1743,.F.);
#2236=ORIENTED_EDGE('',*,*,#1745,.T.);
#2237=ORIENTED_EDGE('',*,*,#1746,.F.);
#2238=ORIENTED_EDGE('',*,*,#1747,.T.);
#2239=ORIENTED_EDGE('',*,*,#1748,.T.);
#2240=ORIENTED_EDGE('',*,*,#1701,.F.);
#2241=ORIENTED_EDGE('',*,*,#1749,.F.);
#2242=ORIENTED_EDGE('',*,*,#1750,.T.);
#2243=ORIENTED_EDGE('',*,*,#1697,.T.);
#2244=ORIENTED_EDGE('',*,*,#1751,.T.);
#2245=ORIENTED_EDGE('',*,*,#1728,.T.);
#2246=ORIENTED_EDGE('',*,*,#1752,.F.);
#2247=ORIENTED_EDGE('',*,*,#1753,.F.);
#2248=ORIENTED_EDGE('',*,*,#1754,.T.);
#2249=ORIENTED_EDGE('',*,*,#1755,.F.);
#2250=ORIENTED_EDGE('',*,*,#1756,.T.);
#2251=ORIENTED_EDGE('',*,*,#1757,.F.);
#2252=ORIENTED_EDGE('',*,*,#1758,.F.);
#2253=ORIENTED_EDGE('',*,*,#1759,.F.);
#2254=ORIENTED_EDGE('',*,*,#1760,.T.);
#2255=ORIENTED_EDGE('',*,*,#1745,.F.);
#2256=ORIENTED_EDGE('',*,*,#1742,.T.);
#2257=ORIENTED_EDGE('',*,*,#1761,.F.);
#2258=ORIENTED_EDGE('',*,*,#1762,.F.);
#2259=ORIENTED_EDGE('',*,*,#1749,.T.);
#2260=ORIENTED_EDGE('',*,*,#1763,.F.);
#2261=ORIENTED_EDGE('',*,*,#1764,.F.);
#2262=ORIENTED_EDGE('',*,*,#1765,.T.);
#2263=ORIENTED_EDGE('',*,*,#1766,.T.);
#2264=ORIENTED_EDGE('',*,*,#1767,.T.);
#2265=ORIENTED_EDGE('',*,*,#1768,.F.);
#2266=ORIENTED_EDGE('',*,*,#1769,.T.);
#2267=ORIENTED_EDGE('',*,*,#1770,.F.);
#2268=ORIENTED_EDGE('',*,*,#1771,.T.);
#2269=ORIENTED_EDGE('',*,*,#1772,.T.);
#2270=ORIENTED_EDGE('',*,*,#1773,.F.);
#2271=ORIENTED_EDGE('',*,*,#1774,.T.);
#2272=ORIENTED_EDGE('',*,*,#1775,.T.);
#2273=ORIENTED_EDGE('',*,*,#1776,.F.);
#2274=ORIENTED_EDGE('',*,*,#1777,.T.);
#2275=ORIENTED_EDGE('',*,*,#1778,.T.);
#2276=ORIENTED_EDGE('',*,*,#1779,.F.);
#2277=ORIENTED_EDGE('',*,*,#1780,.T.);
#2278=ORIENTED_EDGE('',*,*,#1781,.F.);
#2279=ORIENTED_EDGE('',*,*,#1782,.T.);
#2280=ORIENTED_EDGE('',*,*,#1783,.T.);
#2281=ORIENTED_EDGE('',*,*,#1784,.F.);
#2282=ORIENTED_EDGE('',*,*,#1785,.T.);
#2283=ORIENTED_EDGE('',*,*,#1786,.T.);
#2284=ORIENTED_EDGE('',*,*,#1787,.F.);
#2285=ORIENTED_EDGE('',*,*,#1788,.F.);
#2286=ORIENTED_EDGE('',*,*,#1789,.T.);
#2287=ORIENTED_EDGE('',*,*,#1790,.F.);
#2288=ORIENTED_EDGE('',*,*,#1791,.F.);
#2289=ORIENTED_EDGE('',*,*,#1792,.T.);
#2290=ORIENTED_EDGE('',*,*,#1793,.F.);
#2291=ORIENTED_EDGE('',*,*,#1794,.F.);
#2292=ORIENTED_EDGE('',*,*,#1795,.T.);
#2293=ORIENTED_EDGE('',*,*,#1796,.F.);
#2294=ORIENTED_EDGE('',*,*,#1797,.F.);
#2295=ORIENTED_EDGE('',*,*,#1798,.T.);
#2296=ORIENTED_EDGE('',*,*,#1799,.F.);
#2297=ORIENTED_EDGE('',*,*,#1800,.F.);
#2298=ORIENTED_EDGE('',*,*,#1801,.T.);
#2299=ORIENTED_EDGE('',*,*,#1802,.F.);
#2300=ORIENTED_EDGE('',*,*,#1803,.F.);
#2301=ORIENTED_EDGE('',*,*,#1804,.T.);
#2302=ORIENTED_EDGE('',*,*,#1735,.F.);
#2303=ORIENTED_EDGE('',*,*,#1805,.F.);
#2304=ORIENTED_EDGE('',*,*,#1806,.T.);
#2305=ORIENTED_EDGE('',*,*,#1807,.T.);
#2306=ORIENTED_EDGE('',*,*,#1808,.F.);
#2307=ORIENTED_EDGE('',*,*,#1809,.T.);
#2308=ORIENTED_EDGE('',*,*,#1810,.T.);
#2309=ORIENTED_EDGE('',*,*,#1811,.F.);
#2310=ORIENTED_EDGE('',*,*,#1812,.T.);
#2311=ORIENTED_EDGE('',*,*,#1813,.F.);
#2312=ORIENTED_EDGE('',*,*,#1814,.T.);
#2313=ORIENTED_EDGE('',*,*,#1815,.T.);
#2314=ORIENTED_EDGE('',*,*,#1816,.F.);
#2315=ORIENTED_EDGE('',*,*,#1817,.T.);
#2316=ORIENTED_EDGE('',*,*,#1818,.T.);
#2317=ORIENTED_EDGE('',*,*,#1819,.F.);
#2318=ORIENTED_EDGE('',*,*,#1820,.T.);
#2319=ORIENTED_EDGE('',*,*,#1821,.T.);
#2320=ORIENTED_EDGE('',*,*,#1822,.F.);
#2321=ORIENTED_EDGE('',*,*,#1823,.T.);
#2322=ORIENTED_EDGE('',*,*,#1824,.F.);
#2323=ORIENTED_EDGE('',*,*,#1825,.T.);
#2324=ORIENTED_EDGE('',*,*,#1826,.T.);
#2325=ORIENTED_EDGE('',*,*,#1827,.T.);
#2326=ORIENTED_EDGE('',*,*,#1828,.F.);
#2327=ORIENTED_EDGE('',*,*,#1731,.F.);
#2328=ORIENTED_EDGE('',*,*,#1751,.F.);
#2329=ORIENTED_EDGE('',*,*,#1696,.F.);
#2330=ORIENTED_EDGE('',*,*,#1829,.F.);
#2331=ORIENTED_EDGE('',*,*,#1830,.T.);
#2332=ORIENTED_EDGE('',*,*,#1831,.T.);
#2333=ORIENTED_EDGE('',*,*,#1832,.F.);
#2334=ORIENTED_EDGE('',*,*,#1833,.T.);
#2335=ORIENTED_EDGE('',*,*,#1834,.F.);
#2336=ORIENTED_EDGE('',*,*,#1788,.T.);
#2337=ORIENTED_EDGE('',*,*,#1835,.F.);
#2338=ORIENTED_EDGE('',*,*,#1836,.F.);
#2339=ORIENTED_EDGE('',*,*,#1837,.F.);
#2340=ORIENTED_EDGE('',*,*,#1763,.T.);
#2341=ORIENTED_EDGE('',*,*,#1754,.F.);
#2342=ORIENTED_EDGE('',*,*,#1838,.T.);
#2343=ORIENTED_EDGE('',*,*,#1710,.T.);
#2344=ORIENTED_EDGE('',*,*,#1839,.T.);
#2345=ORIENTED_EDGE('',*,*,#1838,.F.);
#2346=ORIENTED_EDGE('',*,*,#1753,.T.);
#2347=ORIENTED_EDGE('',*,*,#1840,.F.);
#2348=ORIENTED_EDGE('',*,*,#1711,.F.);
#2349=ORIENTED_EDGE('',*,*,#1841,.F.);
#2350=ORIENTED_EDGE('',*,*,#1832,.T.);
#2351=ORIENTED_EDGE('',*,*,#1842,.T.);
#2352=ORIENTED_EDGE('',*,*,#1843,.T.);
#2353=ORIENTED_EDGE('',*,*,#1843,.F.);
#2354=ORIENTED_EDGE('',*,*,#1844,.T.);
#2355=ORIENTED_EDGE('',*,*,#1845,.F.);
#2356=ORIENTED_EDGE('',*,*,#1846,.F.);
#2357=ORIENTED_EDGE('',*,*,#1789,.F.);
#2358=ORIENTED_EDGE('',*,*,#1834,.T.);
#2359=ORIENTED_EDGE('',*,*,#1847,.T.);
#2360=ORIENTED_EDGE('',*,*,#1848,.T.);
#2361=ORIENTED_EDGE('',*,*,#1849,.F.);
#2362=ORIENTED_EDGE('',*,*,#1850,.T.);
#2363=ORIENTED_EDGE('',*,*,#1851,.T.);
#2364=ORIENTED_EDGE('',*,*,#1738,.T.);
#2365=ORIENTED_EDGE('',*,*,#1841,.T.);
#2366=ORIENTED_EDGE('',*,*,#1846,.T.);
#2367=ORIENTED_EDGE('',*,*,#1852,.T.);
#2368=ORIENTED_EDGE('',*,*,#1853,.T.);
#2369=ORIENTED_EDGE('',*,*,#1854,.T.);
#2370=ORIENTED_EDGE('',*,*,#1855,.T.);
#2371=ORIENTED_EDGE('',*,*,#1856,.T.);
#2372=ORIENTED_EDGE('',*,*,#1857,.T.);
#2373=ORIENTED_EDGE('',*,*,#1858,.T.);
#2374=ORIENTED_EDGE('',*,*,#1859,.T.);
#2375=ORIENTED_EDGE('',*,*,#1860,.T.);
#2376=ORIENTED_EDGE('',*,*,#1849,.T.);
#2377=ORIENTED_EDGE('',*,*,#1737,.F.);
#2378=ORIENTED_EDGE('',*,*,#1861,.T.);
#2379=ORIENTED_EDGE('',*,*,#1862,.T.);
#2380=ORIENTED_EDGE('',*,*,#1863,.T.);
#2381=ORIENTED_EDGE('',*,*,#1864,.F.);
#2382=ORIENTED_EDGE('',*,*,#1865,.T.);
#2383=ORIENTED_EDGE('',*,*,#1866,.T.);
#2384=ORIENTED_EDGE('',*,*,#1867,.F.);
#2385=ORIENTED_EDGE('',*,*,#1868,.T.);
#2386=ORIENTED_EDGE('',*,*,#1869,.T.);
#2387=ORIENTED_EDGE('',*,*,#1870,.T.);
#2388=ORIENTED_EDGE('',*,*,#1871,.F.);
#2389=ORIENTED_EDGE('',*,*,#1872,.T.);
#2390=ORIENTED_EDGE('',*,*,#1873,.T.);
#2391=ORIENTED_EDGE('',*,*,#1874,.F.);
#2392=ORIENTED_EDGE('',*,*,#1875,.T.);
#2393=ORIENTED_EDGE('',*,*,#1876,.T.);
#2394=ORIENTED_EDGE('',*,*,#1847,.F.);
#2395=ORIENTED_EDGE('',*,*,#1833,.F.);
#2396=ORIENTED_EDGE('',*,*,#1676,.T.);
#2397=ORIENTED_EDGE('',*,*,#1680,.T.);
#2398=ORIENTED_EDGE('',*,*,#1804,.F.);
#2399=ORIENTED_EDGE('',*,*,#1877,.T.);
#2400=ORIENTED_EDGE('',*,*,#1861,.F.);
#2401=ORIENTED_EDGE('',*,*,#1736,.T.);
#2402=ORIENTED_EDGE('',*,*,#1792,.F.);
#2403=ORIENTED_EDGE('',*,*,#1878,.T.);
#2404=ORIENTED_EDGE('',*,*,#1874,.T.);
#2405=ORIENTED_EDGE('',*,*,#1879,.T.);
#2406=ORIENTED_EDGE('',*,*,#1878,.F.);
#2407=ORIENTED_EDGE('',*,*,#1791,.T.);
#2408=ORIENTED_EDGE('',*,*,#1880,.F.);
#2409=ORIENTED_EDGE('',*,*,#1875,.F.);
#2410=ORIENTED_EDGE('',*,*,#1801,.F.);
#2411=ORIENTED_EDGE('',*,*,#1881,.T.);
#2412=ORIENTED_EDGE('',*,*,#1864,.T.);
#2413=ORIENTED_EDGE('',*,*,#1882,.T.);
#2414=ORIENTED_EDGE('',*,*,#1881,.F.);
#2415=ORIENTED_EDGE('',*,*,#1800,.T.);
#2416=ORIENTED_EDGE('',*,*,#1883,.F.);
#2417=ORIENTED_EDGE('',*,*,#1865,.F.);
#2418=ORIENTED_EDGE('',*,*,#1795,.F.);
#2419=ORIENTED_EDGE('',*,*,#1884,.T.);
#2420=ORIENTED_EDGE('',*,*,#1871,.T.);
#2421=ORIENTED_EDGE('',*,*,#1885,.T.);
#2422=ORIENTED_EDGE('',*,*,#1884,.F.);
#2423=ORIENTED_EDGE('',*,*,#1794,.T.);
#2424=ORIENTED_EDGE('',*,*,#1886,.F.);
#2425=ORIENTED_EDGE('',*,*,#1872,.F.);
#2426=ORIENTED_EDGE('',*,*,#1798,.F.);
#2427=ORIENTED_EDGE('',*,*,#1887,.T.);
#2428=ORIENTED_EDGE('',*,*,#1867,.T.);
#2429=ORIENTED_EDGE('',*,*,#1888,.T.);
#2430=ORIENTED_EDGE('',*,*,#1887,.F.);
#2431=ORIENTED_EDGE('',*,*,#1797,.T.);
#2432=ORIENTED_EDGE('',*,*,#1889,.F.);
#2433=ORIENTED_EDGE('',*,*,#1890,.T.);
#2434=ORIENTED_EDGE('',*,*,#1891,.T.);
#2435=ORIENTED_EDGE('',*,*,#1868,.F.);
#2436=ORIENTED_EDGE('',*,*,#1695,.F.);
#2437=ORIENTED_EDGE('',*,*,#1892,.T.);
#2438=ORIENTED_EDGE('',*,*,#1893,.T.);
#2439=ORIENTED_EDGE('',*,*,#1829,.T.);
#2440=ORIENTED_EDGE('',*,*,#1852,.F.);
#2441=ORIENTED_EDGE('',*,*,#1845,.T.);
#2442=ORIENTED_EDGE('',*,*,#1894,.T.);
#2443=ORIENTED_EDGE('',*,*,#1895,.T.);
#2444=ORIENTED_EDGE('',*,*,#1895,.F.);
#2445=ORIENTED_EDGE('',*,*,#1896,.T.);
#2446=ORIENTED_EDGE('',*,*,#1897,.F.);
#2447=ORIENTED_EDGE('',*,*,#1853,.F.);
#2448=ORIENTED_EDGE('',*,*,#1854,.F.);
#2449=ORIENTED_EDGE('',*,*,#1897,.T.);
#2450=ORIENTED_EDGE('',*,*,#1898,.T.);
#2451=ORIENTED_EDGE('',*,*,#1899,.T.);
#2452=ORIENTED_EDGE('',*,*,#1899,.F.);
#2453=ORIENTED_EDGE('',*,*,#1900,.T.);
#2454=ORIENTED_EDGE('',*,*,#1901,.T.);
#2455=ORIENTED_EDGE('',*,*,#1855,.F.);
#2456=ORIENTED_EDGE('',*,*,#1857,.F.);
#2457=ORIENTED_EDGE('',*,*,#1902,.T.);
#2458=ORIENTED_EDGE('',*,*,#1903,.T.);
#2459=ORIENTED_EDGE('',*,*,#1904,.T.);
#2460=ORIENTED_EDGE('',*,*,#1904,.F.);
#2461=ORIENTED_EDGE('',*,*,#1905,.T.);
#2462=ORIENTED_EDGE('',*,*,#1906,.F.);
#2463=ORIENTED_EDGE('',*,*,#1858,.F.);
#2464=ORIENTED_EDGE('',*,*,#1859,.F.);
#2465=ORIENTED_EDGE('',*,*,#1906,.T.);
#2466=ORIENTED_EDGE('',*,*,#1907,.T.);
#2467=ORIENTED_EDGE('',*,*,#1908,.T.);
#2468=ORIENTED_EDGE('',*,*,#1850,.F.);
#2469=ORIENTED_EDGE('',*,*,#1860,.F.);
#2470=ORIENTED_EDGE('',*,*,#1908,.F.);
#2471=ORIENTED_EDGE('',*,*,#1909,.T.);
#2472=ORIENTED_EDGE('',*,*,#1715,.F.);
#2473=ORIENTED_EDGE('',*,*,#1741,.T.);
#2474=ORIENTED_EDGE('',*,*,#1910,.T.);
#2475=ORIENTED_EDGE('',*,*,#1911,.T.);
#2476=ORIENTED_EDGE('',*,*,#1911,.F.);
#2477=ORIENTED_EDGE('',*,*,#1912,.T.);
#2478=ORIENTED_EDGE('',*,*,#1913,.T.);
#2479=ORIENTED_EDGE('',*,*,#1716,.F.);
#2480=ORIENTED_EDGE('',*,*,#1828,.T.);
#2481=ORIENTED_EDGE('',*,*,#1914,.T.);
#2482=ORIENTED_EDGE('',*,*,#1915,.T.);
#2483=ORIENTED_EDGE('',*,*,#1732,.T.);
#2484=ORIENTED_EDGE('',*,*,#1914,.F.);
#2485=ORIENTED_EDGE('',*,*,#1827,.F.);
#2486=ORIENTED_EDGE('',*,*,#1916,.T.);
#2487=ORIENTED_EDGE('',*,*,#1917,.F.);
#2488=ORIENTED_EDGE('',*,*,#1756,.F.);
#2489=ORIENTED_EDGE('',*,*,#1918,.T.);
#2490=ORIENTED_EDGE('',*,*,#1919,.F.);
#2491=ORIENTED_EDGE('',*,*,#1920,.T.);
#2492=ORIENTED_EDGE('',*,*,#1707,.F.);
#2493=ORIENTED_EDGE('',*,*,#1921,.T.);
#2494=ORIENTED_EDGE('',*,*,#1839,.F.);
#2495=ORIENTED_EDGE('',*,*,#1709,.F.);
#2496=ORIENTED_EDGE('',*,*,#1922,.T.);
#2497=ORIENTED_EDGE('',*,*,#1923,.T.);
#2498=ORIENTED_EDGE('',*,*,#1918,.F.);
#2499=ORIENTED_EDGE('',*,*,#1755,.T.);
#2500=ORIENTED_EDGE('',*,*,#1826,.F.);
#2501=ORIENTED_EDGE('',*,*,#1924,.T.);
#2502=ORIENTED_EDGE('',*,*,#1925,.T.);
#2503=ORIENTED_EDGE('',*,*,#1916,.F.);
#2504=ORIENTED_EDGE('',*,*,#1824,.T.);
#2505=ORIENTED_EDGE('',*,*,#1926,.T.);
#2506=ORIENTED_EDGE('',*,*,#1927,.T.);
#2507=ORIENTED_EDGE('',*,*,#1928,.T.);
#2508=ORIENTED_EDGE('',*,*,#1926,.F.);
#2509=ORIENTED_EDGE('',*,*,#1823,.F.);
#2510=ORIENTED_EDGE('',*,*,#1929,.F.);
#2511=ORIENTED_EDGE('',*,*,#1930,.F.);
#2512=ORIENTED_EDGE('',*,*,#1805,.T.);
#2513=ORIENTED_EDGE('',*,*,#1734,.T.);
#2514=ORIENTED_EDGE('',*,*,#1931,.T.);
#2515=ORIENTED_EDGE('',*,*,#1932,.T.);
#2516=ORIENTED_EDGE('',*,*,#1808,.T.);
#2517=ORIENTED_EDGE('',*,*,#1933,.T.);
#2518=ORIENTED_EDGE('',*,*,#1934,.T.);
#2519=ORIENTED_EDGE('',*,*,#1935,.T.);
#2520=ORIENTED_EDGE('',*,*,#1933,.F.);
#2521=ORIENTED_EDGE('',*,*,#1807,.F.);
#2522=ORIENTED_EDGE('',*,*,#1936,.T.);
#2523=ORIENTED_EDGE('',*,*,#1937,.F.);
#2524=ORIENTED_EDGE('',*,*,#1811,.T.);
#2525=ORIENTED_EDGE('',*,*,#1938,.T.);
#2526=ORIENTED_EDGE('',*,*,#1939,.T.);
#2527=ORIENTED_EDGE('',*,*,#1940,.T.);
#2528=ORIENTED_EDGE('',*,*,#1938,.F.);
#2529=ORIENTED_EDGE('',*,*,#1810,.F.);
#2530=ORIENTED_EDGE('',*,*,#1941,.T.);
#2531=ORIENTED_EDGE('',*,*,#1942,.F.);
#2532=ORIENTED_EDGE('',*,*,#1813,.T.);
#2533=ORIENTED_EDGE('',*,*,#1943,.T.);
#2534=ORIENTED_EDGE('',*,*,#1944,.T.);
#2535=ORIENTED_EDGE('',*,*,#1945,.T.);
#2536=ORIENTED_EDGE('',*,*,#1940,.F.);
#2537=ORIENTED_EDGE('',*,*,#1946,.F.);
#2538=ORIENTED_EDGE('',*,*,#1943,.F.);
#2539=ORIENTED_EDGE('',*,*,#1812,.F.);
#2540=ORIENTED_EDGE('',*,*,#1816,.T.);
#2541=ORIENTED_EDGE('',*,*,#1947,.T.);
#2542=ORIENTED_EDGE('',*,*,#1948,.T.);
#2543=ORIENTED_EDGE('',*,*,#1949,.T.);
#2544=ORIENTED_EDGE('',*,*,#1947,.F.);
#2545=ORIENTED_EDGE('',*,*,#1815,.F.);
#2546=ORIENTED_EDGE('',*,*,#1950,.T.);
#2547=ORIENTED_EDGE('',*,*,#1951,.F.);
#2548=ORIENTED_EDGE('',*,*,#1819,.T.);
#2549=ORIENTED_EDGE('',*,*,#1952,.T.);
#2550=ORIENTED_EDGE('',*,*,#1953,.T.);
#2551=ORIENTED_EDGE('',*,*,#1954,.T.);
#2552=ORIENTED_EDGE('',*,*,#1952,.F.);
#2553=ORIENTED_EDGE('',*,*,#1818,.F.);
#2554=ORIENTED_EDGE('',*,*,#1955,.T.);
#2555=ORIENTED_EDGE('',*,*,#1956,.F.);
#2556=ORIENTED_EDGE('',*,*,#1822,.T.);
#2557=ORIENTED_EDGE('',*,*,#1957,.T.);
#2558=ORIENTED_EDGE('',*,*,#1958,.T.);
#2559=ORIENTED_EDGE('',*,*,#1929,.T.);
#2560=ORIENTED_EDGE('',*,*,#1957,.F.);
#2561=ORIENTED_EDGE('',*,*,#1821,.F.);
#2562=ORIENTED_EDGE('',*,*,#1959,.T.);
#2563=ORIENTED_EDGE('',*,*,#1960,.F.);
#2564=ORIENTED_EDGE('',*,*,#1760,.F.);
#2565=ORIENTED_EDGE('',*,*,#1961,.T.);
#2566=ORIENTED_EDGE('',*,*,#1703,.T.);
#2567=ORIENTED_EDGE('',*,*,#1962,.F.);
#2568=ORIENTED_EDGE('',*,*,#1963,.T.);
#2569=ORIENTED_EDGE('',*,*,#1746,.T.);
#2570=ORIENTED_EDGE('',*,*,#1787,.T.);
#2571=ORIENTED_EDGE('',*,*,#1964,.T.);
#2572=ORIENTED_EDGE('',*,*,#1965,.T.);
#2573=ORIENTED_EDGE('',*,*,#1835,.T.);
#2574=ORIENTED_EDGE('',*,*,#1964,.F.);
#2575=ORIENTED_EDGE('',*,*,#1786,.F.);
#2576=ORIENTED_EDGE('',*,*,#1966,.T.);
#2577=ORIENTED_EDGE('',*,*,#1967,.F.);
#2578=ORIENTED_EDGE('',*,*,#1784,.T.);
#2579=ORIENTED_EDGE('',*,*,#1968,.T.);
#2580=ORIENTED_EDGE('',*,*,#1969,.T.);
#2581=ORIENTED_EDGE('',*,*,#1970,.T.);
#2582=ORIENTED_EDGE('',*,*,#1968,.F.);
#2583=ORIENTED_EDGE('',*,*,#1783,.F.);
#2584=ORIENTED_EDGE('',*,*,#1971,.T.);
#2585=ORIENTED_EDGE('',*,*,#1972,.F.);
#2586=ORIENTED_EDGE('',*,*,#1781,.T.);
#2587=ORIENTED_EDGE('',*,*,#1973,.T.);
#2588=ORIENTED_EDGE('',*,*,#1974,.T.);
#2589=ORIENTED_EDGE('',*,*,#1975,.T.);
#2590=ORIENTED_EDGE('',*,*,#1973,.F.);
#2591=ORIENTED_EDGE('',*,*,#1780,.F.);
#2592=ORIENTED_EDGE('',*,*,#1976,.F.);
#2593=ORIENTED_EDGE('',*,*,#1977,.F.);
#2594=ORIENTED_EDGE('',*,*,#1779,.T.);
#2595=ORIENTED_EDGE('',*,*,#1978,.T.);
#2596=ORIENTED_EDGE('',*,*,#1979,.T.);
#2597=ORIENTED_EDGE('',*,*,#1976,.T.);
#2598=ORIENTED_EDGE('',*,*,#1978,.F.);
#2599=ORIENTED_EDGE('',*,*,#1778,.F.);
#2600=ORIENTED_EDGE('',*,*,#1980,.T.);
#2601=ORIENTED_EDGE('',*,*,#1981,.F.);
#2602=ORIENTED_EDGE('',*,*,#1776,.T.);
#2603=ORIENTED_EDGE('',*,*,#1982,.T.);
#2604=ORIENTED_EDGE('',*,*,#1983,.T.);
#2605=ORIENTED_EDGE('',*,*,#1984,.T.);
#2606=ORIENTED_EDGE('',*,*,#1982,.F.);
#2607=ORIENTED_EDGE('',*,*,#1775,.F.);
#2608=ORIENTED_EDGE('',*,*,#1985,.T.);
#2609=ORIENTED_EDGE('',*,*,#1986,.F.);
#2610=ORIENTED_EDGE('',*,*,#1773,.T.);
#2611=ORIENTED_EDGE('',*,*,#1987,.T.);
#2612=ORIENTED_EDGE('',*,*,#1988,.T.);
#2613=ORIENTED_EDGE('',*,*,#1989,.T.);
#2614=ORIENTED_EDGE('',*,*,#1987,.F.);
#2615=ORIENTED_EDGE('',*,*,#1772,.F.);
#2616=ORIENTED_EDGE('',*,*,#1990,.T.);
#2617=ORIENTED_EDGE('',*,*,#1991,.F.);
#2618=ORIENTED_EDGE('',*,*,#1770,.T.);
#2619=ORIENTED_EDGE('',*,*,#1992,.T.);
#2620=ORIENTED_EDGE('',*,*,#1993,.T.);
#2621=ORIENTED_EDGE('',*,*,#1994,.T.);
#2622=ORIENTED_EDGE('',*,*,#1992,.F.);
#2623=ORIENTED_EDGE('',*,*,#1769,.F.);
#2624=ORIENTED_EDGE('',*,*,#1995,.F.);
#2625=ORIENTED_EDGE('',*,*,#1996,.F.);
#2626=ORIENTED_EDGE('',*,*,#1768,.T.);
#2627=ORIENTED_EDGE('',*,*,#1997,.T.);
#2628=ORIENTED_EDGE('',*,*,#1998,.T.);
#2629=ORIENTED_EDGE('',*,*,#1995,.T.);
#2630=ORIENTED_EDGE('',*,*,#1997,.F.);
#2631=ORIENTED_EDGE('',*,*,#1767,.F.);
#2632=ORIENTED_EDGE('',*,*,#1999,.F.);
#2633=ORIENTED_EDGE('',*,*,#2000,.F.);
#2634=ORIENTED_EDGE('',*,*,#2001,.T.);
#2635=ORIENTED_EDGE('',*,*,#1999,.T.);
#2636=ORIENTED_EDGE('',*,*,#1766,.F.);
#2637=ORIENTED_EDGE('',*,*,#2002,.T.);
#2638=ORIENTED_EDGE('',*,*,#1764,.T.);
#2639=ORIENTED_EDGE('',*,*,#1837,.T.);
#2640=ORIENTED_EDGE('',*,*,#2003,.T.);
#2641=ORIENTED_EDGE('',*,*,#2004,.T.);
#2642=ORIENTED_EDGE('',*,*,#2005,.F.);
#2643=ORIENTED_EDGE('',*,*,#2006,.F.);
#2644=ORIENTED_EDGE('',*,*,#2007,.F.);
#2645=ORIENTED_EDGE('',*,*,#2008,.F.);
#2646=ORIENTED_EDGE('',*,*,#2009,.F.);
#2647=ORIENTED_EDGE('',*,*,#2010,.F.);
#2648=ORIENTED_EDGE('',*,*,#2011,.F.);
#2649=ORIENTED_EDGE('',*,*,#2012,.F.);
#2650=ORIENTED_EDGE('',*,*,#2013,.F.);
#2651=ORIENTED_EDGE('',*,*,#2005,.T.);
#2652=ORIENTED_EDGE('',*,*,#2014,.T.);
#2653=ORIENTED_EDGE('',*,*,#2012,.T.);
#2654=ORIENTED_EDGE('',*,*,#2015,.T.);
#2655=ORIENTED_EDGE('',*,*,#2016,.F.);
#2656=ORIENTED_EDGE('',*,*,#2017,.F.);
#2657=ORIENTED_EDGE('',*,*,#2018,.F.);
#2658=ORIENTED_EDGE('',*,*,#2017,.T.);
#2659=ORIENTED_EDGE('',*,*,#2019,.T.);
#2660=ORIENTED_EDGE('',*,*,#2007,.T.);
#2661=ORIENTED_EDGE('',*,*,#2020,.T.);
#2662=ORIENTED_EDGE('',*,*,#2021,.F.);
#2663=ORIENTED_EDGE('',*,*,#2022,.F.);
#2664=ORIENTED_EDGE('',*,*,#2023,.F.);
#2665=ORIENTED_EDGE('',*,*,#2024,.T.);
#2666=ORIENTED_EDGE('',*,*,#2022,.T.);
#2667=ORIENTED_EDGE('',*,*,#2025,.T.);
#2668=ORIENTED_EDGE('',*,*,#2026,.T.);
#2669=ORIENTED_EDGE('',*,*,#2027,.F.);
#2670=ORIENTED_EDGE('',*,*,#2028,.F.);
#2671=ORIENTED_EDGE('',*,*,#2029,.F.);
#2672=ORIENTED_EDGE('',*,*,#2028,.T.);
#2673=ORIENTED_EDGE('',*,*,#2030,.T.);
#2674=ORIENTED_EDGE('',*,*,#2010,.T.);
#2675=ORIENTED_EDGE('',*,*,#2031,.T.);
#2676=ORIENTED_EDGE('',*,*,#2032,.T.);
#2677=ORIENTED_EDGE('',*,*,#2011,.T.);
#2678=ORIENTED_EDGE('',*,*,#2033,.T.);
#2679=ORIENTED_EDGE('',*,*,#2034,.T.);
#2680=ORIENTED_EDGE('',*,*,#2035,.F.);
#2681=ORIENTED_EDGE('',*,*,#2036,.F.);
#2682=ORIENTED_EDGE('',*,*,#2037,.F.);
#2683=ORIENTED_EDGE('',*,*,#2036,.T.);
#2684=ORIENTED_EDGE('',*,*,#2038,.T.);
#2685=ORIENTED_EDGE('',*,*,#2013,.T.);
#2686=ORIENTED_EDGE('',*,*,#2039,.T.);
#2687=ORIENTED_EDGE('',*,*,#2016,.T.);
#2688=ORIENTED_EDGE('',*,*,#2040,.T.);
#2689=ORIENTED_EDGE('',*,*,#2037,.T.);
#2690=ORIENTED_EDGE('',*,*,#2041,.T.);
#2691=ORIENTED_EDGE('',*,*,#2042,.F.);
#2692=ORIENTED_EDGE('',*,*,#2043,.F.);
#2693=ORIENTED_EDGE('',*,*,#2044,.F.);
#2694=ORIENTED_EDGE('',*,*,#2043,.T.);
#2695=ORIENTED_EDGE('',*,*,#2045,.T.);
#2696=ORIENTED_EDGE('',*,*,#2023,.T.);
#2697=ORIENTED_EDGE('',*,*,#2046,.T.);
#2698=ORIENTED_EDGE('',*,*,#2047,.F.);
#2699=ORIENTED_EDGE('',*,*,#2048,.F.);
#2700=ORIENTED_EDGE('',*,*,#2049,.F.);
#2701=ORIENTED_EDGE('',*,*,#2048,.T.);
#2702=ORIENTED_EDGE('',*,*,#2050,.T.);
#2703=ORIENTED_EDGE('',*,*,#2021,.T.);
#2704=ORIENTED_EDGE('',*,*,#2051,.T.);
#2705=ORIENTED_EDGE('',*,*,#2052,.F.);
#2706=ORIENTED_EDGE('',*,*,#2053,.F.);
#2707=ORIENTED_EDGE('',*,*,#2054,.F.);
#2708=ORIENTED_EDGE('',*,*,#2055,.T.);
#2709=ORIENTED_EDGE('',*,*,#2053,.T.);
#2710=ORIENTED_EDGE('',*,*,#2056,.T.);
#2711=ORIENTED_EDGE('',*,*,#2034,.F.);
#2712=ORIENTED_EDGE('',*,*,#2057,.T.);
#2713=ORIENTED_EDGE('',*,*,#2058,.T.);
#2714=ORIENTED_EDGE('',*,*,#2035,.T.);
#2715=ORIENTED_EDGE('',*,*,#2059,.T.);
#2716=ORIENTED_EDGE('',*,*,#2060,.T.);
#2717=ORIENTED_EDGE('',*,*,#2061,.F.);
#2718=ORIENTED_EDGE('',*,*,#2062,.F.);
#2719=ORIENTED_EDGE('',*,*,#2063,.F.);
#2720=ORIENTED_EDGE('',*,*,#2052,.T.);
#2721=ORIENTED_EDGE('',*,*,#2064,.T.);
#2722=ORIENTED_EDGE('',*,*,#2062,.T.);
#2723=ORIENTED_EDGE('',*,*,#2065,.T.);
#2724=ORIENTED_EDGE('',*,*,#2066,.F.);
#2725=ORIENTED_EDGE('',*,*,#2067,.F.);
#2726=ORIENTED_EDGE('',*,*,#2068,.F.);
#2727=ORIENTED_EDGE('',*,*,#2042,.T.);
#2728=ORIENTED_EDGE('',*,*,#2069,.T.);
#2729=ORIENTED_EDGE('',*,*,#2067,.T.);
#2730=ORIENTED_EDGE('',*,*,#2070,.T.);
#2731=ORIENTED_EDGE('',*,*,#2071,.F.);
#2732=ORIENTED_EDGE('',*,*,#2072,.F.);
#2733=ORIENTED_EDGE('',*,*,#2073,.F.);
#2734=ORIENTED_EDGE('',*,*,#2072,.T.);
#2735=ORIENTED_EDGE('',*,*,#2074,.T.);
#2736=ORIENTED_EDGE('',*,*,#2054,.T.);
#2737=ORIENTED_EDGE('',*,*,#2075,.T.);
#2738=ORIENTED_EDGE('',*,*,#2076,.T.);
#2739=ORIENTED_EDGE('',*,*,#2073,.T.);
#2740=ORIENTED_EDGE('',*,*,#2077,.T.);
#2741=ORIENTED_EDGE('',*,*,#2060,.F.);
#2742=ORIENTED_EDGE('',*,*,#2078,.F.);
#2743=ORIENTED_EDGE('',*,*,#2079,.F.);
#2744=ORIENTED_EDGE('',*,*,#2080,.F.);
#2745=ORIENTED_EDGE('',*,*,#2079,.T.);
#2746=ORIENTED_EDGE('',*,*,#2081,.T.);
#2747=ORIENTED_EDGE('',*,*,#2063,.T.);
#2748=ORIENTED_EDGE('',*,*,#2082,.T.);
#2749=ORIENTED_EDGE('',*,*,#2071,.T.);
#2750=ORIENTED_EDGE('',*,*,#2083,.T.);
#2751=ORIENTED_EDGE('',*,*,#2080,.T.);
#2752=ORIENTED_EDGE('',*,*,#2084,.T.);
#2753=ORIENTED_EDGE('',*,*,#2078,.T.);
#2754=ORIENTED_EDGE('',*,*,#2085,.T.);
#2755=ORIENTED_EDGE('',*,*,#2068,.T.);
#2756=ORIENTED_EDGE('',*,*,#2086,.T.);
#2757=ORIENTED_EDGE('',*,*,#2066,.T.);
#2758=ORIENTED_EDGE('',*,*,#2087,.T.);
#2759=ORIENTED_EDGE('',*,*,#2049,.T.);
#2760=ORIENTED_EDGE('',*,*,#2088,.T.);
#2761=ORIENTED_EDGE('',*,*,#2089,.T.);
#2762=ORIENTED_EDGE('',*,*,#2061,.T.);
#2763=ORIENTED_EDGE('',*,*,#2090,.T.);
#2764=ORIENTED_EDGE('',*,*,#2091,.T.);
#2765=ORIENTED_EDGE('',*,*,#2047,.T.);
#2766=ORIENTED_EDGE('',*,*,#2092,.T.);
#2767=ORIENTED_EDGE('',*,*,#2029,.T.);
#2768=ORIENTED_EDGE('',*,*,#2093,.T.);
#2769=ORIENTED_EDGE('',*,*,#2094,.T.);
#2770=ORIENTED_EDGE('',*,*,#2044,.T.);
#2771=ORIENTED_EDGE('',*,*,#2095,.T.);
#2772=ORIENTED_EDGE('',*,*,#2091,.F.);
#2773=ORIENTED_EDGE('',*,*,#2027,.T.);
#2774=ORIENTED_EDGE('',*,*,#2096,.T.);
#2775=ORIENTED_EDGE('',*,*,#2018,.T.);
#2776=ORIENTED_EDGE('',*,*,#2097,.T.);
#2777=ORIENTED_EDGE('',*,*,#2098,.T.);
#2778=ORIENTED_EDGE('',*,*,#2009,.T.);
#2779=ORIENTED_EDGE('',*,*,#2099,.T.);
#2780=ORIENTED_EDGE('',*,*,#2026,.F.);
#2781=ORIENTED_EDGE('',*,*,#2008,.T.);
#2782=ORIENTED_EDGE('',*,*,#2100,.T.);
#2783=ORIENTED_EDGE('',*,*,#2006,.T.);
#2784=ORIENTED_EDGE('',*,*,#2101,.T.);
#2785=ORIENTED_EDGE('',*,*,#2095,.F.);
#2786=ORIENTED_EDGE('',*,*,#2046,.F.);
#2787=ORIENTED_EDGE('',*,*,#2024,.F.);
#2788=ORIENTED_EDGE('',*,*,#2102,.F.);
#2789=ORIENTED_EDGE('',*,*,#1830,.F.);
#2790=ORIENTED_EDGE('',*,*,#1893,.F.);
#2791=ORIENTED_EDGE('',*,*,#2103,.F.);
#2792=ORIENTED_EDGE('',*,*,#2104,.F.);
#2793=ORIENTED_EDGE('',*,*,#1912,.F.);
#2794=ORIENTED_EDGE('',*,*,#1910,.F.);
#2795=ORIENTED_EDGE('',*,*,#1740,.F.);
#2796=ORIENTED_EDGE('',*,*,#2105,.F.);
#2797=ORIENTED_EDGE('',*,*,#2077,.F.);
#2798=ORIENTED_EDGE('',*,*,#2075,.F.);
#2799=ORIENTED_EDGE('',*,*,#2055,.F.);
#2800=ORIENTED_EDGE('',*,*,#2106,.T.);
#2801=ORIENTED_EDGE('',*,*,#2014,.F.);
#2802=ORIENTED_EDGE('',*,*,#2019,.F.);
#2803=ORIENTED_EDGE('',*,*,#2041,.F.);
#2804=ORIENTED_EDGE('',*,*,#2039,.F.);
#2805=ORIENTED_EDGE('',*,*,#2031,.F.);
#2806=ORIENTED_EDGE('',*,*,#2098,.F.);
#2807=ORIENTED_EDGE('',*,*,#2025,.F.);
#2808=ORIENTED_EDGE('',*,*,#2050,.F.);
#2809=ORIENTED_EDGE('',*,*,#2093,.F.);
#2810=ORIENTED_EDGE('',*,*,#2030,.F.);
#2811=ORIENTED_EDGE('',*,*,#2097,.F.);
#2812=ORIENTED_EDGE('',*,*,#2020,.F.);
#2813=ORIENTED_EDGE('',*,*,#2100,.F.);
#2814=ORIENTED_EDGE('',*,*,#2040,.F.);
#2815=ORIENTED_EDGE('',*,*,#2096,.F.);
#2816=ORIENTED_EDGE('',*,*,#2092,.F.);
#2817=ORIENTED_EDGE('',*,*,#2087,.F.);
#2818=ORIENTED_EDGE('',*,*,#2085,.F.);
#2819=ORIENTED_EDGE('',*,*,#2083,.F.);
#2820=ORIENTED_EDGE('',*,*,#2076,.F.);
#2821=ORIENTED_EDGE('',*,*,#2059,.F.);
#2822=ORIENTED_EDGE('',*,*,#2107,.T.);
#2823=ORIENTED_EDGE('',*,*,#2003,.F.);
#2824=ORIENTED_EDGE('',*,*,#1836,.T.);
#2825=ORIENTED_EDGE('',*,*,#1965,.F.);
#2826=ORIENTED_EDGE('',*,*,#1967,.T.);
#2827=ORIENTED_EDGE('',*,*,#2108,.T.);
#2828=ORIENTED_EDGE('',*,*,#1969,.F.);
#2829=ORIENTED_EDGE('',*,*,#1972,.T.);
#2830=ORIENTED_EDGE('',*,*,#2109,.T.);
#2831=ORIENTED_EDGE('',*,*,#1974,.F.);
#2832=ORIENTED_EDGE('',*,*,#1977,.T.);
#2833=ORIENTED_EDGE('',*,*,#1979,.F.);
#2834=ORIENTED_EDGE('',*,*,#1981,.T.);
#2835=ORIENTED_EDGE('',*,*,#2110,.T.);
#2836=ORIENTED_EDGE('',*,*,#1983,.F.);
#2837=ORIENTED_EDGE('',*,*,#1986,.T.);
#2838=ORIENTED_EDGE('',*,*,#2111,.T.);
#2839=ORIENTED_EDGE('',*,*,#1988,.F.);
#2840=ORIENTED_EDGE('',*,*,#1991,.T.);
#2841=ORIENTED_EDGE('',*,*,#2112,.T.);
#2842=ORIENTED_EDGE('',*,*,#1993,.F.);
#2843=ORIENTED_EDGE('',*,*,#1996,.T.);
#2844=ORIENTED_EDGE('',*,*,#1998,.F.);
#2845=ORIENTED_EDGE('',*,*,#2000,.T.);
#2846=ORIENTED_EDGE('',*,*,#2001,.F.);
#2847=ORIENTED_EDGE('',*,*,#1951,.T.);
#2848=ORIENTED_EDGE('',*,*,#2113,.T.);
#2849=ORIENTED_EDGE('',*,*,#1944,.F.);
#2850=ORIENTED_EDGE('',*,*,#1946,.T.);
#2851=ORIENTED_EDGE('',*,*,#1939,.F.);
#2852=ORIENTED_EDGE('',*,*,#1942,.T.);
#2853=ORIENTED_EDGE('',*,*,#2114,.T.);
#2854=ORIENTED_EDGE('',*,*,#1934,.F.);
#2855=ORIENTED_EDGE('',*,*,#1937,.T.);
#2856=ORIENTED_EDGE('',*,*,#2115,.T.);
#2857=ORIENTED_EDGE('',*,*,#1931,.F.);
#2858=ORIENTED_EDGE('',*,*,#1733,.T.);
#2859=ORIENTED_EDGE('',*,*,#1915,.F.);
#2860=ORIENTED_EDGE('',*,*,#1917,.T.);
#2861=ORIENTED_EDGE('',*,*,#1925,.F.);
#2862=ORIENTED_EDGE('',*,*,#2116,.T.);
#2863=ORIENTED_EDGE('',*,*,#1927,.F.);
#2864=ORIENTED_EDGE('',*,*,#1930,.T.);
#2865=ORIENTED_EDGE('',*,*,#1958,.F.);
#2866=ORIENTED_EDGE('',*,*,#1960,.T.);
#2867=ORIENTED_EDGE('',*,*,#2117,.T.);
#2868=ORIENTED_EDGE('',*,*,#1953,.F.);
#2869=ORIENTED_EDGE('',*,*,#1956,.T.);
#2870=ORIENTED_EDGE('',*,*,#2118,.T.);
#2871=ORIENTED_EDGE('',*,*,#1948,.F.);
#2872=ORIENTED_EDGE('',*,*,#2045,.F.);
#2873=ORIENTED_EDGE('',*,*,#2070,.F.);
#2874=ORIENTED_EDGE('',*,*,#2088,.F.);
#2875=ORIENTED_EDGE('',*,*,#2051,.F.);
#2876=ORIENTED_EDGE('',*,*,#1719,.T.);
#2877=ORIENTED_EDGE('',*,*,#1722,.F.);
#2878=ORIENTED_EDGE('',*,*,#1725,.T.);
#2879=ORIENTED_EDGE('',*,*,#1726,.F.);
#2880=ORIENTED_EDGE('',*,*,#1686,.T.);
#2881=ORIENTED_EDGE('',*,*,#1682,.F.);
#2882=ORIENTED_EDGE('',*,*,#2119,.T.);
#2883=ORIENTED_EDGE('',*,*,#1691,.F.);
#2884=ORIENTED_EDGE('',*,*,#2064,.F.);
#2885=ORIENTED_EDGE('',*,*,#2074,.F.);
#2886=ORIENTED_EDGE('',*,*,#2084,.F.);
#2887=ORIENTED_EDGE('',*,*,#2082,.F.);
#2888=ORIENTED_EDGE('',*,*,#2081,.F.);
#2889=ORIENTED_EDGE('',*,*,#2086,.F.);
#2890=ORIENTED_EDGE('',*,*,#2069,.F.);
#2891=ORIENTED_EDGE('',*,*,#2094,.F.);
#2892=ORIENTED_EDGE('',*,*,#2090,.F.);
#2893=ORIENTED_EDGE('',*,*,#2104,.T.);
#2894=ORIENTED_EDGE('',*,*,#2120,.T.);
#2895=ORIENTED_EDGE('',*,*,#1693,.F.);
#2896=ORIENTED_EDGE('',*,*,#1689,.F.);
#2897=ORIENTED_EDGE('',*,*,#2121,.T.);
#2898=ORIENTED_EDGE('',*,*,#1684,.F.);
#2899=ORIENTED_EDGE('',*,*,#1688,.T.);
#2900=ORIENTED_EDGE('',*,*,#1727,.F.);
#2901=ORIENTED_EDGE('',*,*,#1723,.T.);
#2902=ORIENTED_EDGE('',*,*,#1720,.F.);
#2903=ORIENTED_EDGE('',*,*,#1717,.F.);
#2904=ORIENTED_EDGE('',*,*,#1913,.F.);
#2905=ORIENTED_EDGE('',*,*,#1892,.F.);
#2906=ORIENTED_EDGE('',*,*,#1694,.F.);
#2907=ORIENTED_EDGE('',*,*,#2120,.F.);
#2908=ORIENTED_EDGE('',*,*,#2103,.T.);
#2909=ORIENTED_EDGE('',*,*,#2089,.F.);
#2910=ORIENTED_EDGE('',*,*,#2105,.T.);
#2911=ORIENTED_EDGE('',*,*,#1739,.F.);
#2912=ORIENTED_EDGE('',*,*,#1851,.F.);
#2913=ORIENTED_EDGE('',*,*,#1909,.F.);
#2914=ORIENTED_EDGE('',*,*,#1907,.F.);
#2915=ORIENTED_EDGE('',*,*,#1905,.F.);
#2916=ORIENTED_EDGE('',*,*,#1903,.F.);
#2917=ORIENTED_EDGE('',*,*,#2122,.F.);
#2918=ORIENTED_EDGE('',*,*,#1900,.F.);
#2919=ORIENTED_EDGE('',*,*,#1898,.F.);
#2920=ORIENTED_EDGE('',*,*,#1896,.F.);
#2921=ORIENTED_EDGE('',*,*,#1894,.F.);
#2922=ORIENTED_EDGE('',*,*,#1844,.F.);
#2923=ORIENTED_EDGE('',*,*,#1842,.F.);
#2924=ORIENTED_EDGE('',*,*,#1831,.F.);
#2925=ORIENTED_EDGE('',*,*,#2102,.T.);
#2926=ORIENTED_EDGE('',*,*,#2099,.F.);
#2927=ORIENTED_EDGE('',*,*,#2101,.F.);
#2928=ORIENTED_EDGE('',*,*,#2015,.F.);
#2929=ORIENTED_EDGE('',*,*,#2032,.F.);
#2930=ORIENTED_EDGE('',*,*,#2056,.F.);
#2931=ORIENTED_EDGE('',*,*,#2065,.F.);
#2932=ORIENTED_EDGE('',*,*,#1902,.F.);
#2933=ORIENTED_EDGE('',*,*,#1856,.F.);
#2934=ORIENTED_EDGE('',*,*,#1901,.F.);
#2935=ORIENTED_EDGE('',*,*,#2122,.T.);
#2936=ORIENTED_EDGE('',*,*,#1685,.F.);
#2937=ORIENTED_EDGE('',*,*,#2121,.F.);
#2938=ORIENTED_EDGE('',*,*,#1692,.F.);
#2939=ORIENTED_EDGE('',*,*,#2119,.F.);
#2940=ORIENTED_EDGE('',*,*,#1708,.F.);
#2941=ORIENTED_EDGE('',*,*,#1920,.F.);
#2942=ORIENTED_EDGE('',*,*,#2123,.F.);
#2943=ORIENTED_EDGE('',*,*,#1922,.F.);
#2944=ORIENTED_EDGE('',*,*,#1923,.F.);
#2945=ORIENTED_EDGE('',*,*,#2123,.T.);
#2946=ORIENTED_EDGE('',*,*,#1919,.T.);
#2947=ORIENTED_EDGE('',*,*,#1702,.T.);
#2948=ORIENTED_EDGE('',*,*,#1748,.F.);
#2949=ORIENTED_EDGE('',*,*,#2124,.T.);
#2950=ORIENTED_EDGE('',*,*,#1962,.T.);
#2951=ORIENTED_EDGE('',*,*,#2124,.F.);
#2952=ORIENTED_EDGE('',*,*,#1747,.F.);
#2953=ORIENTED_EDGE('',*,*,#1963,.F.);
#2954=ORIENTED_EDGE('',*,*,#1869,.F.);
#2955=ORIENTED_EDGE('',*,*,#1891,.F.);
#2956=ORIENTED_EDGE('',*,*,#2125,.T.);
#2957=ORIENTED_EDGE('',*,*,#2126,.F.);
#2958=ORIENTED_EDGE('',*,*,#1890,.F.);
#2959=ORIENTED_EDGE('',*,*,#2127,.F.);
#2960=ORIENTED_EDGE('',*,*,#2125,.F.);
#2961=ORIENTED_EDGE('',*,*,#1885,.F.);
#2962=ORIENTED_EDGE('',*,*,#1870,.F.);
#2963=ORIENTED_EDGE('',*,*,#2126,.T.);
#2964=ORIENTED_EDGE('',*,*,#2127,.T.);
#2965=ORIENTED_EDGE('',*,*,#1889,.T.);
#2966=ORIENTED_EDGE('',*,*,#1796,.T.);
#2967=ORIENTED_EDGE('',*,*,#1945,.F.);
#2968=ORIENTED_EDGE('',*,*,#2113,.F.);
#2969=ORIENTED_EDGE('',*,*,#1950,.F.);
#2970=ORIENTED_EDGE('',*,*,#1814,.F.);
#2971=ORIENTED_EDGE('',*,*,#1935,.F.);
#2972=ORIENTED_EDGE('',*,*,#2114,.F.);
#2973=ORIENTED_EDGE('',*,*,#1941,.F.);
#2974=ORIENTED_EDGE('',*,*,#1809,.F.);
#2975=ORIENTED_EDGE('',*,*,#1932,.F.);
#2976=ORIENTED_EDGE('',*,*,#2115,.F.);
#2977=ORIENTED_EDGE('',*,*,#1936,.F.);
#2978=ORIENTED_EDGE('',*,*,#1806,.F.);
#2979=ORIENTED_EDGE('',*,*,#1924,.F.);
#2980=ORIENTED_EDGE('',*,*,#1825,.F.);
#2981=ORIENTED_EDGE('',*,*,#1928,.F.);
#2982=ORIENTED_EDGE('',*,*,#2116,.F.);
#2983=ORIENTED_EDGE('',*,*,#1954,.F.);
#2984=ORIENTED_EDGE('',*,*,#2117,.F.);
#2985=ORIENTED_EDGE('',*,*,#1959,.F.);
#2986=ORIENTED_EDGE('',*,*,#1820,.F.);
#2987=ORIENTED_EDGE('',*,*,#1949,.F.);
#2988=ORIENTED_EDGE('',*,*,#2118,.F.);
#2989=ORIENTED_EDGE('',*,*,#1955,.F.);
#2990=ORIENTED_EDGE('',*,*,#1817,.F.);
#2991=ORIENTED_EDGE('',*,*,#2004,.F.);
#2992=ORIENTED_EDGE('',*,*,#2107,.F.);
#2993=ORIENTED_EDGE('',*,*,#2002,.F.);
#2994=ORIENTED_EDGE('',*,*,#1765,.F.);
#2995=ORIENTED_EDGE('',*,*,#1970,.F.);
#2996=ORIENTED_EDGE('',*,*,#2108,.F.);
#2997=ORIENTED_EDGE('',*,*,#1966,.F.);
#2998=ORIENTED_EDGE('',*,*,#1785,.F.);
#2999=ORIENTED_EDGE('',*,*,#1975,.F.);
#3000=ORIENTED_EDGE('',*,*,#2109,.F.);
#3001=ORIENTED_EDGE('',*,*,#1971,.F.);
#3002=ORIENTED_EDGE('',*,*,#1782,.F.);
#3003=ORIENTED_EDGE('',*,*,#1984,.F.);
#3004=ORIENTED_EDGE('',*,*,#2110,.F.);
#3005=ORIENTED_EDGE('',*,*,#1980,.F.);
#3006=ORIENTED_EDGE('',*,*,#1777,.F.);
#3007=ORIENTED_EDGE('',*,*,#1989,.F.);
#3008=ORIENTED_EDGE('',*,*,#2111,.F.);
#3009=ORIENTED_EDGE('',*,*,#1985,.F.);
#3010=ORIENTED_EDGE('',*,*,#1774,.F.);
#3011=ORIENTED_EDGE('',*,*,#1994,.F.);
#3012=ORIENTED_EDGE('',*,*,#2112,.F.);
#3013=ORIENTED_EDGE('',*,*,#1990,.F.);
#3014=ORIENTED_EDGE('',*,*,#1771,.F.);
#3015=ORIENTED_EDGE('',*,*,#1848,.F.);
#3016=ORIENTED_EDGE('',*,*,#1876,.F.);
#3017=ORIENTED_EDGE('',*,*,#1880,.T.);
#3018=ORIENTED_EDGE('',*,*,#1790,.T.);
#3019=ORIENTED_EDGE('',*,*,#1750,.F.);
#3020=ORIENTED_EDGE('',*,*,#1762,.T.);
#3021=ORIENTED_EDGE('',*,*,#2128,.F.);
#3022=ORIENTED_EDGE('',*,*,#1698,.F.);
#3023=ORIENTED_EDGE('',*,*,#1744,.F.);
#3024=ORIENTED_EDGE('',*,*,#1699,.F.);
#3025=ORIENTED_EDGE('',*,*,#2128,.T.);
#3026=ORIENTED_EDGE('',*,*,#1761,.T.);
#3027=ORIENTED_EDGE('',*,*,#1961,.F.);
#3028=ORIENTED_EDGE('',*,*,#1759,.T.);
#3029=ORIENTED_EDGE('',*,*,#2129,.F.);
#3030=ORIENTED_EDGE('',*,*,#1704,.F.);
#3031=ORIENTED_EDGE('',*,*,#1705,.F.);
#3032=ORIENTED_EDGE('',*,*,#2129,.T.);
#3033=ORIENTED_EDGE('',*,*,#1758,.T.);
#3034=ORIENTED_EDGE('',*,*,#2130,.F.);
#3035=ORIENTED_EDGE('',*,*,#1921,.F.);
#3036=ORIENTED_EDGE('',*,*,#1706,.F.);
#3037=ORIENTED_EDGE('',*,*,#2130,.T.);
#3038=ORIENTED_EDGE('',*,*,#1757,.T.);
#3039=ORIENTED_EDGE('',*,*,#1879,.F.);
#3040=ORIENTED_EDGE('',*,*,#1873,.F.);
#3041=ORIENTED_EDGE('',*,*,#1886,.T.);
#3042=ORIENTED_EDGE('',*,*,#1793,.T.);
#3043=ORIENTED_EDGE('',*,*,#1888,.F.);
#3044=ORIENTED_EDGE('',*,*,#1866,.F.);
#3045=ORIENTED_EDGE('',*,*,#1883,.T.);
#3046=ORIENTED_EDGE('',*,*,#1799,.T.);
#3047=ORIENTED_EDGE('',*,*,#1882,.F.);
#3048=ORIENTED_EDGE('',*,*,#1863,.F.);
#3049=ORIENTED_EDGE('',*,*,#2131,.T.);
#3050=ORIENTED_EDGE('',*,*,#1802,.T.);
#3051=ORIENTED_EDGE('',*,*,#1877,.F.);
#3052=ORIENTED_EDGE('',*,*,#1803,.T.);
#3053=ORIENTED_EDGE('',*,*,#2131,.F.);
#3054=ORIENTED_EDGE('',*,*,#1862,.F.);
#3055=ORIENTED_EDGE('',*,*,#1730,.F.);
#3056=ORIENTED_EDGE('',*,*,#1712,.F.);
#3057=ORIENTED_EDGE('',*,*,#1840,.T.);
#3058=ORIENTED_EDGE('',*,*,#1752,.T.);
#3059=ORIENTED_EDGE('',*,*,#2058,.F.);
#3060=ORIENTED_EDGE('',*,*,#2106,.F.);
#3061=ORIENTED_EDGE('',*,*,#2057,.F.);
#3062=ORIENTED_EDGE('',*,*,#2033,.F.);
#3063=ORIENTED_EDGE('',*,*,#2038,.F.);
#3064=CONICAL_SURFACE('',#3242,0.40575,1.02974425867665);
#3065=CONICAL_SURFACE('',#3246,0.40575,1.02974425867665);
#3066=CONICAL_SURFACE('',#3250,0.40575,1.02974425867665);
#3067=CONICAL_SURFACE('',#3254,0.40575,1.02974425867665);
#3068=ADVANCED_FACE('',(#196),#3064,.F.);
#3069=ADVANCED_FACE('',(#197),#145,.F.);
#3070=ADVANCED_FACE('',(#198),#3065,.F.);
#3071=ADVANCED_FACE('',(#199),#146,.F.);
#3072=ADVANCED_FACE('',(#200),#3066,.F.);
#3073=ADVANCED_FACE('',(#201),#147,.F.);
#3074=ADVANCED_FACE('',(#202),#3067,.F.);
#3075=ADVANCED_FACE('',(#203),#148,.F.);
#3076=ADVANCED_FACE('',(#204),#149,.F.);
#3077=ADVANCED_FACE('',(#205),#28,.F.);
#3078=ADVANCED_FACE('',(#206),#150,.F.);
#3079=ADVANCED_FACE('',(#207,#21,#22),#29,.F.);
#3080=ADVANCED_FACE('',(#208),#151,.F.);
#3081=ADVANCED_FACE('',(#209),#30,.F.);
#3082=ADVANCED_FACE('',(#210),#152,.F.);
#3083=ADVANCED_FACE('',(#211),#153,.F.);
#3084=ADVANCED_FACE('',(#212),#31,.F.);
#3085=ADVANCED_FACE('',(#213),#154,.F.);
#3086=ADVANCED_FACE('',(#214),#32,.F.);
#3087=ADVANCED_FACE('',(#215),#155,.F.);
#3088=ADVANCED_FACE('',(#216),#33,.F.);
#3089=ADVANCED_FACE('',(#217),#34,.F.);
#3090=ADVANCED_FACE('',(#218),#156,.F.);
#3091=ADVANCED_FACE('',(#219),#35,.F.);
#3092=ADVANCED_FACE('',(#220),#157,.F.);
#3093=ADVANCED_FACE('',(#221),#36,.F.);
#3094=ADVANCED_FACE('',(#222),#158,.F.);
#3095=ADVANCED_FACE('',(#223),#159,.F.);
#3096=ADVANCED_FACE('',(#224,#23,#24),#37,.F.);
#3097=ADVANCED_FACE('',(#225),#160,.F.);
#3098=ADVANCED_FACE('',(#226),#161,.F.);
#3099=ADVANCED_FACE('',(#227),#38,.F.);
#3100=ADVANCED_FACE('',(#228),#162,.F.);
#3101=ADVANCED_FACE('',(#229),#39,.F.);
#3102=ADVANCED_FACE('',(#230),#163,.F.);
#3103=ADVANCED_FACE('',(#231),#40,.F.);
#3104=ADVANCED_FACE('',(#232),#164,.F.);
#3105=ADVANCED_FACE('',(#233),#41,.F.);
#3106=ADVANCED_FACE('',(#234),#165,.F.);
#3107=ADVANCED_FACE('',(#235),#166,.F.);
#3108=ADVANCED_FACE('',(#236),#42,.F.);
#3109=ADVANCED_FACE('',(#237),#167,.F.);
#3110=ADVANCED_FACE('',(#238),#43,.F.);
#3111=ADVANCED_FACE('',(#239),#168,.F.);
#3112=ADVANCED_FACE('',(#240),#44,.F.);
#3113=ADVANCED_FACE('',(#241),#169,.F.);
#3114=ADVANCED_FACE('',(#242),#45,.F.);
#3115=ADVANCED_FACE('',(#243),#170,.F.);
#3116=ADVANCED_FACE('',(#244),#46,.F.);
#3117=ADVANCED_FACE('',(#245),#171,.F.);
#3118=ADVANCED_FACE('',(#246),#47,.F.);
#3119=ADVANCED_FACE('',(#247),#172,.F.);
#3120=ADVANCED_FACE('',(#248),#48,.F.);
#3121=ADVANCED_FACE('',(#249),#173,.F.);
#3122=ADVANCED_FACE('',(#250),#174,.F.);
#3123=ADVANCED_FACE('',(#251),#49,.F.);
#3124=ADVANCED_FACE('',(#252),#175,.F.);
#3125=ADVANCED_FACE('',(#253),#176,.F.);
#3126=ADVANCED_FACE('',(#254),#50,.F.);
#3127=ADVANCED_FACE('',(#255),#177,.F.);
#3128=ADVANCED_FACE('',(#256),#51,.F.);
#3129=ADVANCED_FACE('',(#257),#178,.F.);
#3130=ADVANCED_FACE('',(#258),#52,.F.);
#3131=ADVANCED_FACE('',(#259),#179,.F.);
#3132=ADVANCED_FACE('',(#260),#53,.F.);
#3133=ADVANCED_FACE('',(#261),#180,.F.);
#3134=ADVANCED_FACE('',(#262),#54,.F.);
#3135=ADVANCED_FACE('',(#263),#181,.F.);
#3136=ADVANCED_FACE('',(#264),#55,.F.);
#3137=ADVANCED_FACE('',(#265),#182,.F.);
#3138=ADVANCED_FACE('',(#266),#183,.F.);
#3139=ADVANCED_FACE('',(#267),#56,.F.);
#3140=ADVANCED_FACE('',(#268),#184,.F.);
#3141=ADVANCED_FACE('',(#269),#57,.F.);
#3142=ADVANCED_FACE('',(#270),#185,.F.);
#3143=ADVANCED_FACE('',(#271),#58,.F.);
#3144=ADVANCED_FACE('',(#272),#186,.F.);
#3145=ADVANCED_FACE('',(#273),#59,.F.);
#3146=ADVANCED_FACE('',(#274),#187,.F.);
#3147=ADVANCED_FACE('',(#275),#60,.F.);
#3148=ADVANCED_FACE('',(#276),#188,.F.);
#3149=ADVANCED_FACE('',(#277),#61,.F.);
#3150=ADVANCED_FACE('',(#278),#189,.F.);
#3151=ADVANCED_FACE('',(#279),#62,.F.);
#3152=ADVANCED_FACE('',(#280),#190,.F.);
#3153=ADVANCED_FACE('',(#281),#63,.F.);
#3154=ADVANCED_FACE('',(#282),#191,.F.);
#3155=ADVANCED_FACE('',(#283),#192,.F.);
#3156=ADVANCED_FACE('',(#284),#64,.T.);
#3157=ADVANCED_FACE('',(#285),#65,.T.);
#3158=ADVANCED_FACE('',(#286),#66,.T.);
#3159=ADVANCED_FACE('',(#287),#67,.T.);
#3160=ADVANCED_FACE('',(#288),#68,.T.);
#3161=ADVANCED_FACE('',(#289),#69,.T.);
#3162=ADVANCED_FACE('',(#290),#70,.T.);
#3163=ADVANCED_FACE('',(#291),#71,.T.);
#3164=ADVANCED_FACE('',(#292),#72,.T.);
#3165=ADVANCED_FACE('',(#293),#73,.T.);
#3166=ADVANCED_FACE('',(#294),#74,.T.);
#3167=ADVANCED_FACE('',(#295),#75,.T.);
#3168=ADVANCED_FACE('',(#296),#76,.T.);
#3169=ADVANCED_FACE('',(#297),#77,.T.);
#3170=ADVANCED_FACE('',(#298),#78,.T.);
#3171=ADVANCED_FACE('',(#299),#79,.T.);
#3172=ADVANCED_FACE('',(#300),#80,.T.);
#3173=ADVANCED_FACE('',(#301),#81,.T.);
#3174=ADVANCED_FACE('',(#302),#82,.T.);
#3175=ADVANCED_FACE('',(#303),#83,.T.);
#3176=ADVANCED_FACE('',(#304),#84,.T.);
#3177=ADVANCED_FACE('',(#305),#85,.T.);
#3178=ADVANCED_FACE('',(#306),#86,.T.);
#3179=ADVANCED_FACE('',(#307),#87,.T.);
#3180=ADVANCED_FACE('',(#308),#88,.T.);
#3181=ADVANCED_FACE('',(#309),#89,.T.);
#3182=ADVANCED_FACE('',(#310),#90,.T.);
#3183=ADVANCED_FACE('',(#311),#91,.T.);
#3184=ADVANCED_FACE('',(#312),#92,.T.);
#3185=ADVANCED_FACE('',(#313),#93,.T.);
#3186=ADVANCED_FACE('',(#314),#94,.T.);
#3187=ADVANCED_FACE('',(#315),#95,.T.);
#3188=ADVANCED_FACE('',(#316),#96,.T.);
#3189=ADVANCED_FACE('',(#317),#97,.T.);
#3190=ADVANCED_FACE('',(#318),#98,.T.);
#3191=ADVANCED_FACE('',(#319),#99,.T.);
#3192=ADVANCED_FACE('',(#320),#100,.T.);
#3193=ADVANCED_FACE('',(#321),#101,.T.);
#3194=ADVANCED_FACE('',(#322),#102,.T.);
#3195=ADVANCED_FACE('',(#323),#103,.F.);
#3196=ADVANCED_FACE('',(#324),#104,.T.);
#3197=ADVANCED_FACE('',(#325),#105,.T.);
#3198=ADVANCED_FACE('',(#326),#106,.T.);
#3199=ADVANCED_FACE('',(#327),#107,.T.);
#3200=ADVANCED_FACE('',(#328,#25,#26),#108,.T.);
#3201=ADVANCED_FACE('',(#329,#27),#109,.T.);
#3202=ADVANCED_FACE('',(#330),#110,.T.);
#3203=ADVANCED_FACE('',(#331),#111,.T.);
#3204=ADVANCED_FACE('',(#332),#112,.F.);
#3205=ADVANCED_FACE('',(#333),#113,.F.);
#3206=ADVANCED_FACE('',(#334),#114,.F.);
#3207=ADVANCED_FACE('',(#335),#115,.F.);
#3208=ADVANCED_FACE('',(#336),#116,.F.);
#3209=ADVANCED_FACE('',(#337),#193,.F.);
#3210=ADVANCED_FACE('',(#338),#117,.T.);
#3211=ADVANCED_FACE('',(#339),#194,.F.);
#3212=ADVANCED_FACE('',(#340),#118,.T.);
#3213=ADVANCED_FACE('',(#341),#195,.F.);
#3214=ADVANCED_FACE('',(#342),#119,.T.);
#3215=ADVANCED_FACE('',(#343),#120,.F.);
#3216=ADVANCED_FACE('',(#344),#121,.F.);
#3217=ADVANCED_FACE('',(#345),#122,.F.);
#3218=ADVANCED_FACE('',(#346),#123,.F.);
#3219=ADVANCED_FACE('',(#347),#124,.F.);
#3220=ADVANCED_FACE('',(#348),#125,.F.);
#3221=ADVANCED_FACE('',(#349),#126,.F.);
#3222=ADVANCED_FACE('',(#350),#127,.F.);
#3223=ADVANCED_FACE('',(#351),#128,.F.);
#3224=ADVANCED_FACE('',(#352),#129,.F.);
#3225=ADVANCED_FACE('',(#353),#130,.F.);
#3226=ADVANCED_FACE('',(#354),#131,.F.);
#3227=ADVANCED_FACE('',(#355),#132,.F.);
#3228=ADVANCED_FACE('',(#356),#133,.F.);
#3229=ADVANCED_FACE('',(#357),#134,.F.);
#3230=ADVANCED_FACE('',(#358),#135,.F.);
#3231=ADVANCED_FACE('',(#359),#136,.F.);
#3232=ADVANCED_FACE('',(#360),#137,.F.);
#3233=ADVANCED_FACE('',(#361),#138,.F.);
#3234=ADVANCED_FACE('',(#362),#139,.F.);
#3235=ADVANCED_FACE('',(#363),#140,.F.);
#3236=ADVANCED_FACE('',(#364),#141,.F.);
#3237=ADVANCED_FACE('',(#365),#142,.F.);
#3238=ADVANCED_FACE('',(#366),#143,.F.);
#3239=ADVANCED_FACE('',(#367),#144,.T.);
#3240=CLOSED_SHELL('',(#3068,#3069,#3070,#3071,#3072,#3073,#3074,#3075,
#3076,#3077,#3078,#3079,#3080,#3081,#3082,#3083,#3084,#3085,#3086,#3087,
#3088,#3089,#3090,#3091,#3092,#3093,#3094,#3095,#3096,#3097,#3098,#3099,
#3100,#3101,#3102,#3103,#3104,#3105,#3106,#3107,#3108,#3109,#3110,#3111,
#3112,#3113,#3114,#3115,#3116,#3117,#3118,#3119,#3120,#3121,#3122,#3123,
#3124,#3125,#3126,#3127,#3128,#3129,#3130,#3131,#3132,#3133,#3134,#3135,
#3136,#3137,#3138,#3139,#3140,#3141,#3142,#3143,#3144,#3145,#3146,#3147,
#3148,#3149,#3150,#3151,#3152,#3153,#3154,#3155,#3156,#3157,#3158,#3159,
#3160,#3161,#3162,#3163,#3164,#3165,#3166,#3167,#3168,#3169,#3170,#3171,
#3172,#3173,#3174,#3175,#3176,#3177,#3178,#3179,#3180,#3181,#3182,#3183,
#3184,#3185,#3186,#3187,#3188,#3189,#3190,#3191,#3192,#3193,#3194,#3195,
#3196,#3197,#3198,#3199,#3200,#3201,#3202,#3203,#3204,#3205,#3206,#3207,
#3208,#3209,#3210,#3211,#3212,#3213,#3214,#3215,#3216,#3217,#3218,#3219,
#3220,#3221,#3222,#3223,#3224,#3225,#3226,#3227,#3228,#3229,#3230,#3231,
#3232,#3233,#3234,#3235,#3236,#3237,#3238,#3239));
#3241=AXIS2_PLACEMENT_3D('',#4434,#3518,#3519);
#3242=AXIS2_PLACEMENT_3D('',#4435,#3520,#3521);
#3243=AXIS2_PLACEMENT_3D('',#4437,#3522,#3523);
#3244=AXIS2_PLACEMENT_3D('',#4440,#3525,#3526);
#3245=AXIS2_PLACEMENT_3D('',#4442,#3527,#3528);
#3246=AXIS2_PLACEMENT_3D('',#4444,#3530,#3531);
#3247=AXIS2_PLACEMENT_3D('',#4446,#3532,#3533);
#3248=AXIS2_PLACEMENT_3D('',#4449,#3535,#3536);
#3249=AXIS2_PLACEMENT_3D('',#4451,#3537,#3538);
#3250=AXIS2_PLACEMENT_3D('',#4453,#3540,#3541);
#3251=AXIS2_PLACEMENT_3D('',#4455,#3542,#3543);
#3252=AXIS2_PLACEMENT_3D('',#4458,#3545,#3546);
#3253=AXIS2_PLACEMENT_3D('',#4460,#3547,#3548);
#3254=AXIS2_PLACEMENT_3D('',#4462,#3550,#3551);
#3255=AXIS2_PLACEMENT_3D('',#4464,#3552,#3553);
#3256=AXIS2_PLACEMENT_3D('',#4467,#3555,#3556);
#3257=AXIS2_PLACEMENT_3D('',#4469,#3557,#3558);
#3258=AXIS2_PLACEMENT_3D('',#4471,#3560,#3561);
#3259=AXIS2_PLACEMENT_3D('',#4474,#3562,#3563);
#3260=AXIS2_PLACEMENT_3D('',#4478,#3565,#3566);
#3261=AXIS2_PLACEMENT_3D('',#4480,#3568,#3569);
#3262=AXIS2_PLACEMENT_3D('',#4486,#3573,#3574);
#3263=AXIS2_PLACEMENT_3D('',#4489,#3575,#3576);
#3264=AXIS2_PLACEMENT_3D('',#4493,#3578,#3579);
#3265=AXIS2_PLACEMENT_3D('',#4495,#3581,#3582);
#3266=AXIS2_PLACEMENT_3D('',#4501,#3585,#3586);
#3267=AXIS2_PLACEMENT_3D('',#4505,#3588,#3589);
#3268=AXIS2_PLACEMENT_3D('',#4511,#3592,#3593);
#3269=AXIS2_PLACEMENT_3D('',#4515,#3595,#3596);
#3270=AXIS2_PLACEMENT_3D('',#4517,#3597,#3598);
#3271=AXIS2_PLACEMENT_3D('',#4525,#3602,#3603);
#3272=AXIS2_PLACEMENT_3D('',#4527,#3604,#3605);
#3273=AXIS2_PLACEMENT_3D('',#4531,#3607,#3608);
#3274=AXIS2_PLACEMENT_3D('',#4537,#3611,#3612);
#3275=AXIS2_PLACEMENT_3D('',#4541,#3614,#3615);
#3276=AXIS2_PLACEMENT_3D('',#4549,#3620,#3621);
#3277=AXIS2_PLACEMENT_3D('',#4551,#3622,#3623);
#3278=AXIS2_PLACEMENT_3D('',#4554,#3625,#3626);
#3279=AXIS2_PLACEMENT_3D('',#4555,#3627,#3628);
#3280=AXIS2_PLACEMENT_3D('',#4561,#3632,#3633);
#3281=AXIS2_PLACEMENT_3D('',#4562,#3634,#3635);
#3282=AXIS2_PLACEMENT_3D('',#4563,#3636,#3637);
#3283=AXIS2_PLACEMENT_3D('',#4564,#3638,#3639);
#3284=AXIS2_PLACEMENT_3D('',#4567,#3640,#3641);
#3285=AXIS2_PLACEMENT_3D('',#4570,#3644,#3645);
#3286=AXIS2_PLACEMENT_3D('',#4592,#3657,#3658);
#3287=AXIS2_PLACEMENT_3D('',#4595,#3659,#3660);
#3288=AXIS2_PLACEMENT_3D('',#4598,#3663,#3664);
#3289=AXIS2_PLACEMENT_3D('',#4606,#3669,#3670);
#3290=AXIS2_PLACEMENT_3D('',#4609,#3671,#3672);
#3291=AXIS2_PLACEMENT_3D('',#4612,#3675,#3676);
#3292=AXIS2_PLACEMENT_3D('',#4618,#3679,#3680);
#3293=AXIS2_PLACEMENT_3D('',#4622,#3682,#3683);
#3294=AXIS2_PLACEMENT_3D('',#4629,#3687,#3688);
#3295=AXIS2_PLACEMENT_3D('',#4636,#3692,#3693);
#3296=AXIS2_PLACEMENT_3D('',#4640,#3695,#3696);
#3297=AXIS2_PLACEMENT_3D('',#4644,#3698,#3699);
#3298=AXIS2_PLACEMENT_3D('',#4648,#3701,#3702);
#3299=AXIS2_PLACEMENT_3D('',#4654,#3705,#3706);
#3300=AXIS2_PLACEMENT_3D('',#4660,#3709,#3710);
#3301=AXIS2_PLACEMENT_3D('',#4666,#3713,#3714);
#3302=AXIS2_PLACEMENT_3D('',#4670,#3716,#3717);
#3303=AXIS2_PLACEMENT_3D('',#4676,#3720,#3721);
#3304=AXIS2_PLACEMENT_3D('',#4682,#3724,#3725);
#3305=AXIS2_PLACEMENT_3D('',#4686,#3727,#3728);
#3306=AXIS2_PLACEMENT_3D('',#4692,#3731,#3732);
#3307=AXIS2_PLACEMENT_3D('',#4698,#3735,#3736);
#3308=AXIS2_PLACEMENT_3D('',#4704,#3739,#3740);
#3309=AXIS2_PLACEMENT_3D('',#4710,#3743,#3744);
#3310=AXIS2_PLACEMENT_3D('',#4715,#3747,#3748);
#3311=AXIS2_PLACEMENT_3D('',#4717,#3749,#3750);
#3312=AXIS2_PLACEMENT_3D('',#4723,#3753,#3754);
#3313=AXIS2_PLACEMENT_3D('',#4729,#3757,#3758);
#3314=AXIS2_PLACEMENT_3D('',#4733,#3760,#3761);
#3315=AXIS2_PLACEMENT_3D('',#4739,#3764,#3765);
#3316=AXIS2_PLACEMENT_3D('',#4745,#3768,#3769);
#3317=AXIS2_PLACEMENT_3D('',#4751,#3772,#3773);
#3318=AXIS2_PLACEMENT_3D('',#4755,#3775,#3776);
#3319=AXIS2_PLACEMENT_3D('',#4759,#3778,#3779);
#3320=AXIS2_PLACEMENT_3D('',#4762,#3781,#3782);
#3321=AXIS2_PLACEMENT_3D('',#4763,#3783,#3784);
#3322=AXIS2_PLACEMENT_3D('',#4780,#3794,#3795);
#3323=AXIS2_PLACEMENT_3D('',#4783,#3798,#3799);
#3324=AXIS2_PLACEMENT_3D('',#4785,#3801,#3802);
#3325=AXIS2_PLACEMENT_3D('',#4787,#3803,#3804);
#3326=AXIS2_PLACEMENT_3D('',#4789,#3805,#3806);
#3327=AXIS2_PLACEMENT_3D('',#4791,#3808,#3809);
#3328=AXIS2_PLACEMENT_3D('',#4797,#3813,#3814);
#3329=AXIS2_PLACEMENT_3D('',#4799,#3815,#3816);
#3330=AXIS2_PLACEMENT_3D('',#4801,#3818,#3819);
#3331=AXIS2_PLACEMENT_3D('',#4803,#3820,#3821);
#3332=AXIS2_PLACEMENT_3D('',#4806,#3823,#3824);
#3333=AXIS2_PLACEMENT_3D('',#4807,#3825,#3826);
#3334=AXIS2_PLACEMENT_3D('',#4809,#3827,#3828);
#3335=AXIS2_PLACEMENT_3D('',#4813,#3830,#3831);
#3336=AXIS2_PLACEMENT_3D('',#4819,#3834,#3835);
#3337=AXIS2_PLACEMENT_3D('',#4823,#3837,#3838);
#3338=AXIS2_PLACEMENT_3D('',#4826,#3840,#3841);
#3339=AXIS2_PLACEMENT_3D('',#4832,#3844,#3845);
#3340=AXIS2_PLACEMENT_3D('',#4838,#3848,#3849);
#3341=AXIS2_PLACEMENT_3D('',#4842,#3851,#3852);
#3342=AXIS2_PLACEMENT_3D('',#4846,#3854,#3855);
#3343=AXIS2_PLACEMENT_3D('',#4852,#3858,#3859);
#3344=AXIS2_PLACEMENT_3D('',#4856,#3862,#3863);
#3345=AXIS2_PLACEMENT_3D('',#4858,#3865,#3866);
#3346=AXIS2_PLACEMENT_3D('',#4861,#3869,#3870);
#3347=AXIS2_PLACEMENT_3D('',#4863,#3872,#3873);
#3348=AXIS2_PLACEMENT_3D('',#4866,#3876,#3877);
#3349=AXIS2_PLACEMENT_3D('',#4868,#3879,#3880);
#3350=AXIS2_PLACEMENT_3D('',#4871,#3883,#3884);
#3351=AXIS2_PLACEMENT_3D('',#4873,#3886,#3887);
#3352=AXIS2_PLACEMENT_3D('',#4876,#3890,#3891);
#3353=AXIS2_PLACEMENT_3D('',#4882,#3895,#3896);
#3354=AXIS2_PLACEMENT_3D('',#4885,#3898,#3899);
#3355=AXIS2_PLACEMENT_3D('',#4886,#3900,#3901);
#3356=AXIS2_PLACEMENT_3D('',#4888,#3902,#3903);
#3357=AXIS2_PLACEMENT_3D('',#4890,#3905,#3906);
#3358=AXIS2_PLACEMENT_3D('',#4894,#3909,#3910);
#3359=AXIS2_PLACEMENT_3D('',#4896,#3911,#3912);
#3360=AXIS2_PLACEMENT_3D('',#4898,#3914,#3915);
#3361=AXIS2_PLACEMENT_3D('',#4902,#3918,#3919);
#3362=AXIS2_PLACEMENT_3D('',#4906,#3921,#3922);
#3363=AXIS2_PLACEMENT_3D('',#4908,#3924,#3925);
#3364=AXIS2_PLACEMENT_3D('',#4912,#3928,#3929);
#3365=AXIS2_PLACEMENT_3D('',#4914,#3930,#3931);
#3366=AXIS2_PLACEMENT_3D('',#4916,#3933,#3934);
#3367=AXIS2_PLACEMENT_3D('',#4918,#3936,#3937);
#3368=AXIS2_PLACEMENT_3D('',#4920,#3938,#3939);
#3369=AXIS2_PLACEMENT_3D('',#4922,#3941,#3942);
#3370=AXIS2_PLACEMENT_3D('',#4926,#3945,#3946);
#3371=AXIS2_PLACEMENT_3D('',#4929,#3948,#3949);
#3372=AXIS2_PLACEMENT_3D('',#4930,#3950,#3951);
#3373=AXIS2_PLACEMENT_3D('',#4934,#3954,#3955);
#3374=AXIS2_PLACEMENT_3D('',#4938,#3957,#3958);
#3375=AXIS2_PLACEMENT_3D('',#4941,#3961,#3962);
#3376=AXIS2_PLACEMENT_3D('',#4945,#3965,#3966);
#3377=AXIS2_PLACEMENT_3D('',#4948,#3968,#3969);
#3378=AXIS2_PLACEMENT_3D('',#4949,#3970,#3971);
#3379=AXIS2_PLACEMENT_3D('',#4953,#3973,#3974);
#3380=AXIS2_PLACEMENT_3D('',#4955,#3976,#3977);
#3381=AXIS2_PLACEMENT_3D('',#4959,#3980,#3981);
#3382=AXIS2_PLACEMENT_3D('',#4961,#3982,#3983);
#3383=AXIS2_PLACEMENT_3D('',#4963,#3985,#3986);
#3384=AXIS2_PLACEMENT_3D('',#4967,#3988,#3989);
#3385=AXIS2_PLACEMENT_3D('',#4969,#3991,#3992);
#3386=AXIS2_PLACEMENT_3D('',#4973,#3995,#3996);
#3387=AXIS2_PLACEMENT_3D('',#4977,#3998,#3999);
#3388=AXIS2_PLACEMENT_3D('',#4979,#4001,#4002);
#3389=AXIS2_PLACEMENT_3D('',#4983,#4005,#4006);
#3390=AXIS2_PLACEMENT_3D('',#4987,#4008,#4009);
#3391=AXIS2_PLACEMENT_3D('',#4989,#4011,#4012);
#3392=AXIS2_PLACEMENT_3D('',#4991,#4014,#4015);
#3393=AXIS2_PLACEMENT_3D('',#4995,#4017,#4018);
#3394=AXIS2_PLACEMENT_3D('',#4997,#4020,#4021);
#3395=AXIS2_PLACEMENT_3D('',#5001,#4024,#4025);
#3396=AXIS2_PLACEMENT_3D('',#5005,#4027,#4028);
#3397=AXIS2_PLACEMENT_3D('',#5007,#4030,#4031);
#3398=AXIS2_PLACEMENT_3D('',#5011,#4034,#4035);
#3399=AXIS2_PLACEMENT_3D('',#5014,#4037,#4038);
#3400=AXIS2_PLACEMENT_3D('',#5015,#4039,#4040);
#3401=AXIS2_PLACEMENT_3D('',#5019,#4043,#4044);
#3402=AXIS2_PLACEMENT_3D('',#5023,#4047,#4048);
#3403=AXIS2_PLACEMENT_3D('',#5024,#4049,#4050);
#3404=AXIS2_PLACEMENT_3D('',#5027,#4052,#4053);
#3405=AXIS2_PLACEMENT_3D('',#5028,#4054,#4055);
#3406=AXIS2_PLACEMENT_3D('',#5032,#4058,#4059);
#3407=AXIS2_PLACEMENT_3D('',#5036,#4061,#4062);
#3408=AXIS2_PLACEMENT_3D('',#5038,#4064,#4065);
#3409=AXIS2_PLACEMENT_3D('',#5042,#4068,#4069);
#3410=AXIS2_PLACEMENT_3D('',#5046,#4071,#4072);
#3411=AXIS2_PLACEMENT_3D('',#5048,#4074,#4075);
#3412=AXIS2_PLACEMENT_3D('',#5052,#4078,#4079);
#3413=AXIS2_PLACEMENT_3D('',#5055,#4081,#4082);
#3414=AXIS2_PLACEMENT_3D('',#5056,#4083,#4084);
#3415=AXIS2_PLACEMENT_3D('',#5060,#4087,#4088);
#3416=AXIS2_PLACEMENT_3D('',#5064,#4090,#4091);
#3417=AXIS2_PLACEMENT_3D('',#5066,#4093,#4094);
#3418=AXIS2_PLACEMENT_3D('',#5070,#4097,#4098);
#3419=AXIS2_PLACEMENT_3D('',#5074,#4100,#4101);
#3420=AXIS2_PLACEMENT_3D('',#5076,#4103,#4104);
#3421=AXIS2_PLACEMENT_3D('',#5080,#4107,#4108);
#3422=AXIS2_PLACEMENT_3D('',#5084,#4110,#4111);
#3423=AXIS2_PLACEMENT_3D('',#5086,#4113,#4114);
#3424=AXIS2_PLACEMENT_3D('',#5090,#4117,#4118);
#3425=AXIS2_PLACEMENT_3D('',#5093,#4120,#4121);
#3426=AXIS2_PLACEMENT_3D('',#5094,#4122,#4123);
#3427=AXIS2_PLACEMENT_3D('',#5098,#4126,#4127);
#3428=AXIS2_PLACEMENT_3D('',#5100,#4128,#4129);
#3429=AXIS2_PLACEMENT_3D('',#5102,#4131,#4132);
#3430=AXIS2_PLACEMENT_3D('',#5104,#4133,#4134);
#3431=AXIS2_PLACEMENT_3D('',#5106,#4136,#4137);
#3432=AXIS2_PLACEMENT_3D('',#5113,#4141,#4142);
#3433=AXIS2_PLACEMENT_3D('',#5120,#4146,#4147);
#3434=AXIS2_PLACEMENT_3D('',#5127,#4151,#4152);
#3435=AXIS2_PLACEMENT_3D('',#5130,#4155,#4156);
#3436=AXIS2_PLACEMENT_3D('',#5137,#4160,#4161);
#3437=AXIS2_PLACEMENT_3D('',#5140,#4164,#4165);
#3438=AXIS2_PLACEMENT_3D('',#5147,#4169,#4170);
#3439=AXIS2_PLACEMENT_3D('',#5153,#4174,#4175);
#3440=AXIS2_PLACEMENT_3D('',#5160,#4179,#4180);
#3441=AXIS2_PLACEMENT_3D('',#5163,#4183,#4184);
#3442=AXIS2_PLACEMENT_3D('',#5169,#4188,#4189);
#3443=AXIS2_PLACEMENT_3D('',#5176,#4193,#4194);
#3444=AXIS2_PLACEMENT_3D('',#5179,#4197,#4198);
#3445=AXIS2_PLACEMENT_3D('',#5182,#4201,#4202);
#3446=AXIS2_PLACEMENT_3D('',#5189,#4206,#4207);
#3447=AXIS2_PLACEMENT_3D('',#5192,#4210,#4211);
#3448=AXIS2_PLACEMENT_3D('',#5199,#4215,#4216);
#3449=AXIS2_PLACEMENT_3D('',#5202,#4219,#4220);
#3450=AXIS2_PLACEMENT_3D('',#5209,#4224,#4225);
#3451=AXIS2_PLACEMENT_3D('',#5214,#4229,#4230);
#3452=AXIS2_PLACEMENT_3D('',#5220,#4234,#4235);
#3453=AXIS2_PLACEMENT_3D('',#5227,#4239,#4240);
#3454=AXIS2_PLACEMENT_3D('',#5230,#4243,#4244);
#3455=AXIS2_PLACEMENT_3D('',#5237,#4248,#4249);
#3456=AXIS2_PLACEMENT_3D('',#5240,#4252,#4253);
#3457=AXIS2_PLACEMENT_3D('',#5247,#4257,#4258);
#3458=AXIS2_PLACEMENT_3D('',#5250,#4261,#4262);
#3459=AXIS2_PLACEMENT_3D('',#5253,#4265,#4266);
#3460=AXIS2_PLACEMENT_3D('',#5260,#4270,#4271);
#3461=AXIS2_PLACEMENT_3D('',#5263,#4274,#4275);
#3462=AXIS2_PLACEMENT_3D('',#5266,#4278,#4279);
#3463=AXIS2_PLACEMENT_3D('',#5269,#4282,#4283);
#3464=AXIS2_PLACEMENT_3D('',#5272,#4286,#4287);
#3465=AXIS2_PLACEMENT_3D('',#5278,#4291,#4292);
#3466=AXIS2_PLACEMENT_3D('',#5281,#4295,#4296);
#3467=AXIS2_PLACEMENT_3D('',#5284,#4299,#4300);
#3468=AXIS2_PLACEMENT_3D('',#5287,#4303,#4304);
#3469=AXIS2_PLACEMENT_3D('',#5290,#4307,#4308);
#3470=AXIS2_PLACEMENT_3D('',#5293,#4311,#4312);
#3471=AXIS2_PLACEMENT_3D('',#5299,#4317,#4318);
#3472=AXIS2_PLACEMENT_3D('',#5301,#4320,#4321);
#3473=AXIS2_PLACEMENT_3D('',#5302,#4322,#4323);
#3474=AXIS2_PLACEMENT_3D('',#5303,#4324,#4325);
#3475=AXIS2_PLACEMENT_3D('',#5304,#4326,#4327);
#3476=AXIS2_PLACEMENT_3D('',#5317,#4340,#4341);
#3477=AXIS2_PLACEMENT_3D('',#5319,#4343,#4344);
#3478=AXIS2_PLACEMENT_3D('',#5320,#4345,#4346);
#3479=AXIS2_PLACEMENT_3D('',#5321,#4347,#4348);
#3480=AXIS2_PLACEMENT_3D('',#5324,#4351,#4352);
#3481=AXIS2_PLACEMENT_3D('',#5325,#4353,#4354);
#3482=AXIS2_PLACEMENT_3D('',#5327,#4356,#4357);
#3483=AXIS2_PLACEMENT_3D('',#5328,#4358,#4359);
#3484=AXIS2_PLACEMENT_3D('',#5329,#4360,#4361);
#3485=AXIS2_PLACEMENT_3D('',#5330,#4362,#4363);
#3486=AXIS2_PLACEMENT_3D('',#5331,#4364,#4365);
#3487=AXIS2_PLACEMENT_3D('',#5332,#4366,#4367);
#3488=AXIS2_PLACEMENT_3D('',#5333,#4368,#4369);
#3489=AXIS2_PLACEMENT_3D('',#5334,#4370,#4371);
#3490=AXIS2_PLACEMENT_3D('',#5335,#4372,#4373);
#3491=AXIS2_PLACEMENT_3D('',#5337,#4374,#4375);
#3492=AXIS2_PLACEMENT_3D('',#5339,#4377,#4378);
#3493=AXIS2_PLACEMENT_3D('',#5341,#4380,#4381);
#3494=AXIS2_PLACEMENT_3D('',#5342,#4382,#4383);
#3495=AXIS2_PLACEMENT_3D('',#5343,#4384,#4385);
#3496=AXIS2_PLACEMENT_3D('',#5344,#4386,#4387);
#3497=AXIS2_PLACEMENT_3D('',#5345,#4388,#4389);
#3498=AXIS2_PLACEMENT_3D('',#5346,#4390,#4391);
#3499=AXIS2_PLACEMENT_3D('',#5347,#4392,#4393);
#3500=AXIS2_PLACEMENT_3D('',#5348,#4394,#4395);
#3501=AXIS2_PLACEMENT_3D('',#5349,#4396,#4397);
#3502=AXIS2_PLACEMENT_3D('',#5350,#4398,#4399);
#3503=AXIS2_PLACEMENT_3D('',#5351,#4400,#4401);
#3504=AXIS2_PLACEMENT_3D('',#5352,#4402,#4403);
#3505=AXIS2_PLACEMENT_3D('',#5353,#4404,#4405);
#3506=AXIS2_PLACEMENT_3D('',#5354,#4406,#4407);
#3507=AXIS2_PLACEMENT_3D('',#5355,#4408,#4409);
#3508=AXIS2_PLACEMENT_3D('',#5357,#4411,#4412);
#3509=AXIS2_PLACEMENT_3D('',#5358,#4413,#4414);
#3510=AXIS2_PLACEMENT_3D('',#5360,#4416,#4417);
#3511=AXIS2_PLACEMENT_3D('',#5362,#4419,#4420);
#3512=AXIS2_PLACEMENT_3D('',#5363,#4421,#4422);
#3513=AXIS2_PLACEMENT_3D('',#5364,#4423,#4424);
#3514=AXIS2_PLACEMENT_3D('',#5365,#4425,#4426);
#3515=AXIS2_PLACEMENT_3D('',#5367,#4428,#4429);
#3516=AXIS2_PLACEMENT_3D('',#5368,#4430,#4431);
#3517=AXIS2_PLACEMENT_3D('',#5369,#4432,#4433);
#3518=DIRECTION('axis',(0.,0.,1.));
#3519=DIRECTION('refdir',(1.,0.,0.));
#3520=DIRECTION('center_axis',(0.,-1.,0.));
#3521=DIRECTION('ref_axis',(0.,0.,-1.));
#3522=DIRECTION('center_axis',(0.,1.,0.));
#3523=DIRECTION('ref_axis',(0.,0.,-1.));
#3524=DIRECTION('',(-1.04972719113862E-16,0.515038074910054,-0.857167300702112));
#3525=DIRECTION('center_axis',(0.,1.,0.));
#3526=DIRECTION('ref_axis',(0.,0.,-1.));
#3527=DIRECTION('center_axis',(0.,1.,0.));
#3528=DIRECTION('ref_axis',(0.,0.,-1.));
#3529=DIRECTION('',(0.,1.,0.));
#3530=DIRECTION('center_axis',(0.,-1.,0.));
#3531=DIRECTION('ref_axis',(0.,0.,-1.));
#3532=DIRECTION('center_axis',(0.,1.,0.));
#3533=DIRECTION('ref_axis',(0.,0.,-1.));
#3534=DIRECTION('',(-1.04972719113862E-16,0.515038074910054,-0.857167300702112));
#3535=DIRECTION('center_axis',(0.,1.,0.));
#3536=DIRECTION('ref_axis',(0.,0.,-1.));
#3537=DIRECTION('center_axis',(0.,1.,0.));
#3538=DIRECTION('ref_axis',(0.,0.,-1.));
#3539=DIRECTION('',(0.,1.,0.));
#3540=DIRECTION('center_axis',(0.,-1.,0.));
#3541=DIRECTION('ref_axis',(0.,0.,-1.));
#3542=DIRECTION('center_axis',(0.,1.,0.));
#3543=DIRECTION('ref_axis',(0.,0.,-1.));
#3544=DIRECTION('',(-1.04972719113862E-16,0.515038074910054,-0.857167300702112));
#3545=DIRECTION('center_axis',(0.,1.,0.));
#3546=DIRECTION('ref_axis',(0.,0.,-1.));
#3547=DIRECTION('center_axis',(0.,1.,0.));
#3548=DIRECTION('ref_axis',(0.,0.,-1.));
#3549=DIRECTION('',(0.,1.,0.));
#3550=DIRECTION('center_axis',(0.,-1.,0.));
#3551=DIRECTION('ref_axis',(0.,0.,-1.));
#3552=DIRECTION('center_axis',(0.,1.,0.));
#3553=DIRECTION('ref_axis',(0.,0.,-1.));
#3554=DIRECTION('',(-1.04972719113862E-16,0.515038074910054,-0.857167300702112));
#3555=DIRECTION('center_axis',(0.,1.,0.));
#3556=DIRECTION('ref_axis',(0.,0.,-1.));
#3557=DIRECTION('center_axis',(0.,1.,0.));
#3558=DIRECTION('ref_axis',(0.,0.,-1.));
#3559=DIRECTION('',(0.,1.,0.));
#3560=DIRECTION('center_axis',(0.,0.,1.));
#3561=DIRECTION('ref_axis',(0.707106781186548,-0.707106781186548,0.));
#3562=DIRECTION('center_axis',(0.,0.,-1.));
#3563=DIRECTION('ref_axis',(0.707106781186548,-0.707106781186548,0.));
#3564=DIRECTION('',(0.,0.,1.));
#3565=DIRECTION('center_axis',(-7.0469605459219E-8,0.,0.999999999999998));
#3566=DIRECTION('ref_axis',(0.707106781186547,-0.707106781186547,4.98295358877543E-8));
#3567=DIRECTION('',(0.,0.,-1.));
#3568=DIRECTION('center_axis',(4.62592926927149E-17,-1.,0.));
#3569=DIRECTION('ref_axis',(1.,4.62592926927149E-17,0.));
#3570=DIRECTION('',(1.,4.62592926927149E-17,0.));
#3571=DIRECTION('',(0.,0.,-1.));
#3572=DIRECTION('',(-0.999999999999998,-4.62592926927147E-17,-7.0469605459219E-8));
#3573=DIRECTION('center_axis',(0.,0.,1.));
#3574=DIRECTION('ref_axis',(0.707106781186548,0.707106781186547,0.));
#3575=DIRECTION('center_axis',(-7.0469605459219E-8,0.,0.999999999999998));
#3576=DIRECTION('ref_axis',(0.707106781186547,0.707106781186546,4.98295358877544E-8));
#3577=DIRECTION('',(0.,0.,-1.));
#3578=DIRECTION('center_axis',(0.,0.,-1.));
#3579=DIRECTION('ref_axis',(0.707106781186548,0.707106781186547,0.));
#3580=DIRECTION('',(0.,0.,1.));
#3581=DIRECTION('center_axis',(0.,1.,0.));
#3582=DIRECTION('ref_axis',(0.,0.,1.));
#3583=DIRECTION('',(0.999999999999998,0.,7.0469605459219E-8));
#3584=DIRECTION('',(0.999999999625819,0.,2.73562041835939E-5));
#3585=DIRECTION('center_axis',(0.,-1.,0.));
#3586=DIRECTION('ref_axis',(0.707116452999144,0.,-0.707097109241658));
#3587=DIRECTION('',(0.,0.,1.));
#3588=DIRECTION('center_axis',(0.,-1.,0.));
#3589=DIRECTION('ref_axis',(0.707106781186546,0.,-0.707106781186549));
#3590=DIRECTION('',(-1.,0.,0.));
#3591=DIRECTION('',(0.,0.,-1.));
#3592=DIRECTION('center_axis',(0.,-1.,0.));
#3593=DIRECTION('ref_axis',(0.707106781186548,0.,-0.707106781186548));
#3594=DIRECTION('',(-1.,0.,2.17113245520546E-16));
#3595=DIRECTION('center_axis',(0.,1.,0.));
#3596=DIRECTION('ref_axis',(0.756243315857302,0.,-0.654290491464726));
#3597=DIRECTION('center_axis',(0.,-1.,0.));
#3598=DIRECTION('ref_axis',(-0.0705856150661634,0.,-0.9975057247684));
#3599=DIRECTION('',(-0.990035341891463,0.,0.140819110229592));
#3600=DIRECTION('',(-1.,0.,4.4414941726641E-16));
#3601=DIRECTION('',(-0.9900418238807,0.,-0.140773530775413));
#3602=DIRECTION('center_axis',(0.,-1.,0.));
#3603=DIRECTION('ref_axis',(0.0705626522238715,0.,-0.997507349402065));
#3604=DIRECTION('center_axis',(0.,1.,0.));
#3605=DIRECTION('ref_axis',(0.75624576538362,0.,-0.654287660237714));
#3606=DIRECTION('',(-1.,0.,2.4263580915336E-9));
#3607=DIRECTION('center_axis',(0.,-1.,0.));
#3608=DIRECTION('ref_axis',(-0.707106782044396,0.,-0.707106780328699));
#3609=DIRECTION('',(0.,0.,1.));
#3610=DIRECTION('',(-1.,0.,0.));
#3611=DIRECTION('center_axis',(0.,-1.,0.));
#3612=DIRECTION('ref_axis',(-0.707106781186541,0.,-0.707106781186554));
#3613=DIRECTION('',(1.46745535301918E-14,0.,-1.));
#3614=DIRECTION('center_axis',(0.,-1.,0.));
#3615=DIRECTION('ref_axis',(-0.707106795230063,0.,-0.707106767143032));
#3616=DIRECTION('',(0.999999999999999,0.,-3.97210883767537E-8));
#3617=DIRECTION('',(0.999999999999998,0.,7.0469605459219E-8));
#3618=DIRECTION('',(0.,0.,1.));
#3619=DIRECTION('',(-1.,0.,0.));
#3620=DIRECTION('center_axis',(0.,0.,1.));
#3621=DIRECTION('ref_axis',(-0.707106781186548,0.707106781186547,0.));
#3622=DIRECTION('center_axis',(-7.0469605459219E-8,0.,0.999999999999998));
#3623=DIRECTION('ref_axis',(-0.707106781186547,0.707106781186546,-4.98295358877544E-8));
#3624=DIRECTION('',(0.,0.,-1.));
#3625=DIRECTION('center_axis',(0.,0.,-1.));
#3626=DIRECTION('ref_axis',(-0.707106781186548,0.707106781186547,0.));
#3627=DIRECTION('center_axis',(-1.,1.63268091856641E-16,0.));
#3628=DIRECTION('ref_axis',(-1.63268091856641E-16,-1.,0.));
#3629=DIRECTION('',(1.63268091856641E-16,1.,1.1505438017217E-23));
#3630=DIRECTION('',(0.,0.,1.));
#3631=DIRECTION('',(-1.63268091856641E-16,-1.,0.));
#3632=DIRECTION('center_axis',(0.,0.,1.));
#3633=DIRECTION('ref_axis',(-0.707106781186547,-0.707106781186548,0.));
#3634=DIRECTION('center_axis',(0.,0.,-1.));
#3635=DIRECTION('ref_axis',(-0.707106781186547,-0.707106781186548,0.));
#3636=DIRECTION('center_axis',(-7.0469605459219E-8,0.,0.999999999999998));
#3637=DIRECTION('ref_axis',(-0.707106781186546,-0.707106781186548,-4.98295358877543E-8));
#3638=DIRECTION('center_axis',(0.,1.,0.));
#3639=DIRECTION('ref_axis',(-0.707106781186541,0.,-0.707106781186554));
#3640=DIRECTION('center_axis',(0.,-1.,0.));
#3641=DIRECTION('ref_axis',(-0.707106781186541,0.,-0.707106781186554));
#3642=DIRECTION('',(0.,-1.,0.));
#3643=DIRECTION('',(0.,1.,0.));
#3644=DIRECTION('center_axis',(-1.,0.,-1.46745535301918E-14));
#3645=DIRECTION('ref_axis',(1.46745535301918E-14,0.,-1.));
#3646=DIRECTION('',(-1.46745535301918E-14,0.,1.));
#3647=DIRECTION('',(0.,-1.,0.));
#3648=DIRECTION('',(1.46745535301918E-14,0.,-1.));
#3649=DIRECTION('',(0.,1.,0.));
#3650=DIRECTION('',(-1.46745535301918E-14,0.,1.));
#3651=DIRECTION('',(0.,1.,0.));
#3652=DIRECTION('',(-1.46745535301918E-14,0.,1.));
#3653=DIRECTION('',(0.,1.,0.));
#3654=DIRECTION('',(1.44516140885255E-14,-0.17364817766693,-0.984807753012208));
#3655=DIRECTION('',(1.46745535301918E-14,6.12323399573676E-17,-1.));
#3656=DIRECTION('',(0.,-1.,0.));
#3657=DIRECTION('center_axis',(0.,1.,0.));
#3658=DIRECTION('ref_axis',(0.707106781186548,0.,-0.707106781186548));
#3659=DIRECTION('center_axis',(0.,-1.,0.));
#3660=DIRECTION('ref_axis',(0.707106781186548,0.,-0.707106781186548));
#3661=DIRECTION('',(0.,-1.,0.));
#3662=DIRECTION('',(0.,1.,0.));
#3663=DIRECTION('center_axis',(-2.17113245520546E-16,0.,-1.));
#3664=DIRECTION('ref_axis',(-1.,0.,2.17113245520546E-16));
#3665=DIRECTION('',(-1.,0.,2.17113245520546E-16));
#3666=DIRECTION('',(0.,1.,0.));
#3667=DIRECTION('',(1.,0.,-2.17113245520546E-16));
#3668=DIRECTION('',(0.,-1.,0.));
#3669=DIRECTION('center_axis',(0.,1.,0.));
#3670=DIRECTION('ref_axis',(0.707106781186546,0.,-0.707106781186549));
#3671=DIRECTION('center_axis',(0.,-1.,0.));
#3672=DIRECTION('ref_axis',(0.707106781186546,0.,-0.707106781186549));
#3673=DIRECTION('',(0.,-1.,0.));
#3674=DIRECTION('',(0.,1.,0.));
#3675=DIRECTION('center_axis',(0.,1.,0.));
#3676=DIRECTION('ref_axis',(0.,0.,1.));
#3677=DIRECTION('',(-1.,0.,0.));
#3678=DIRECTION('',(0.,0.,1.));
#3679=DIRECTION('center_axis',(0.,-1.,0.));
#3680=DIRECTION('ref_axis',(-0.707106782044396,0.,-0.707106780328699));
#3681=DIRECTION('',(-1.,0.,2.4263580915336E-9));
#3682=DIRECTION('center_axis',(0.,-1.,0.));
#3683=DIRECTION('ref_axis',(0.0705626522238715,0.,-0.997507349402065));
#3684=DIRECTION('',(-0.990041823880701,0.,-0.140773530775413));
#3685=DIRECTION('',(-1.,0.,4.4414941726641E-16));
#3686=DIRECTION('',(-0.990035341891463,0.,0.140819110229592));
#3687=DIRECTION('center_axis',(0.,-1.,0.));
#3688=DIRECTION('ref_axis',(-0.0705856150661634,0.,-0.9975057247684));
#3689=DIRECTION('',(0.,0.,-1.));
#3690=DIRECTION('',(-1.,0.,0.));
#3691=DIRECTION('',(0.,0.,-1.));
#3692=DIRECTION('center_axis',(0.,-1.,0.));
#3693=DIRECTION('ref_axis',(0.707106783022731,0.,-0.707106779350364));
#3694=DIRECTION('',(-1.,0.,-5.19351691976997E-9));
#3695=DIRECTION('center_axis',(0.,-1.,0.));
#3696=DIRECTION('ref_axis',(0.993054826450921,0.,-0.117652503851513));
#3697=DIRECTION('',(-0.996919517644012,0.,0.0784313415697467));
#3698=DIRECTION('center_axis',(0.,-1.,0.));
#3699=DIRECTION('ref_axis',(-0.109656509377642,0.,-0.993969541762277));
#3700=DIRECTION('',(-0.99004178466116,0.,0.14077380660103));
#3701=DIRECTION('center_axis',(0.,-1.,0.));
#3702=DIRECTION('ref_axis',(-0.79960737285297,0.,-0.600523146330907));
#3703=DIRECTION('',(0.14077380660103,0.,0.99004178466116));
#3704=DIRECTION('',(-0.990041786700341,0.,0.140773792259768));
#3705=DIRECTION('center_axis',(0.,-1.,0.));
#3706=DIRECTION('ref_axis',(-0.799607368503528,0.,-0.600523152122267));
#3707=DIRECTION('',(0.140773806601031,0.,0.99004178466116));
#3708=DIRECTION('',(-0.990041787794309,0.,0.14077378456605));
#3709=DIRECTION('center_axis',(0.,-1.,0.));
#3710=DIRECTION('ref_axis',(-0.799607366170164,0.,-0.600523155229182));
#3711=DIRECTION('',(0.140773806601031,0.,0.99004178466116));
#3712=DIRECTION('',(-0.990041788252146,0.,0.140773781346151));
#3713=DIRECTION('center_axis',(0.,-1.,0.));
#3714=DIRECTION('ref_axis',(-0.799607365193627,0.,-0.60052315652946));
#3715=DIRECTION('',(0.140773806601029,0.,0.990041784661161));
#3716=DIRECTION('center_axis',(0.,-1.,0.));
#3717=DIRECTION('ref_axis',(-0.600523241679221,0.,0.799607301244229));
#3718=DIRECTION('',(0.990041818233975,0.,-0.140773570488092));
#3719=DIRECTION('',(0.996918634902478,0.,-0.0784425610506167));
#3720=DIRECTION('center_axis',(0.,-1.,0.));
#3721=DIRECTION('ref_axis',(0.759753068671418,0.,0.650211715246937));
#3722=DIRECTION('',(-0.0764722309729082,0.,-0.997071711508268));
#3723=DIRECTION('',(1.,0.,0.));
#3724=DIRECTION('center_axis',(0.,-1.,0.));
#3725=DIRECTION('ref_axis',(0.707106781186547,0.,0.707106781186548));
#3726=DIRECTION('',(0.,0.,-1.));
#3727=DIRECTION('center_axis',(0.,-1.,0.));
#3728=DIRECTION('ref_axis',(0.70710678118654,0.,0.707106781186555));
#3729=DIRECTION('',(1.,0.,0.));
#3730=DIRECTION('',(0.,0.,-1.));
#3731=DIRECTION('center_axis',(0.,-1.,0.));
#3732=DIRECTION('ref_axis',(0.733113090319517,0.,0.680106753974821));
#3733=DIRECTION('',(0.997190328307313,0.,-0.074909606395664));
#3734=DIRECTION('',(0.990041818530838,0.,-0.140773568400291));
#3735=DIRECTION('center_axis',(0.,-1.,0.));
#3736=DIRECTION('ref_axis',(0.0705626796631918,0.,0.997507347461035));
#3737=DIRECTION('',(1.,0.,-1.45861071456462E-8));
#3738=DIRECTION('',(1.,0.,-9.47469158629694E-16));
#3739=DIRECTION('center_axis',(0.,-1.,0.));
#3740=DIRECTION('ref_axis',(-0.0705626661062495,0.,0.997507348420039));
#3741=DIRECTION('',(0.990041820303956,0.,0.140773555930189));
#3742=DIRECTION('',(0.997190329399952,0.,0.0749095918505387));
#3743=DIRECTION('center_axis',(0.,-1.,0.));
#3744=DIRECTION('ref_axis',(-0.733113085359461,0.,0.680106759321455));
#3745=DIRECTION('',(0.,0.,1.));
#3746=DIRECTION('',(1.,0.,-1.23268812580027E-16));
#3747=DIRECTION('center_axis',(0.,-1.,0.));
#3748=DIRECTION('ref_axis',(-0.707106781186551,0.,0.707106781186544));
#3749=DIRECTION('center_axis',(0.,-1.,0.));
#3750=DIRECTION('ref_axis',(-0.707106781186545,0.,0.70710678118655));
#3751=DIRECTION('',(1.,0.,-1.4801629982016E-14));
#3752=DIRECTION('',(-0.0764596326037235,0.,0.997072677683078));
#3753=DIRECTION('center_axis',(0.,-1.,0.));
#3754=DIRECTION('ref_axis',(-0.759744860712668,0.,0.650221305880305));
#3755=DIRECTION('',(0.996919624100387,0.,0.0784299884198837));
#3756=DIRECTION('',(0.990041820306071,0.,0.140773555915308));
#3757=DIRECTION('center_axis',(0.,-1.,0.));
#3758=DIRECTION('ref_axis',(0.600523348796204,0.,0.799607220796932));
#3759=DIRECTION('',(0.140773555917877,0.,-0.990041820305706));
#3760=DIRECTION('center_axis',(0.,-1.,0.));
#3761=DIRECTION('ref_axis',(0.799607220796945,0.,-0.600523348796186));
#3762=DIRECTION('',(-0.990041820306066,0.,-0.140773555915346));
#3763=DIRECTION('',(0.140773551100193,0.,-0.99004182099073));
#3764=DIRECTION('center_axis',(0.,-1.,0.));
#3765=DIRECTION('ref_axis',(0.799607219369195,0.,-0.60052335069726));
#3766=DIRECTION('',(-0.990041820290423,0.,-0.140773556025363));
#3767=DIRECTION('',(0.140773566868376,0.,-0.99004181874866));
#3768=DIRECTION('center_axis',(0.,-1.,0.));
#3769=DIRECTION('ref_axis',(0.799607227439887,0.,-0.600523339950993));
#3770=DIRECTION('',(-0.99004181874866,0.,-0.140773566868376));
#3771=DIRECTION('',(0.140773552408159,0.,-0.990041820804751));
#3772=DIRECTION('center_axis',(0.,-1.,0.));
#3773=DIRECTION('ref_axis',(0.799607219733278,0.,-0.600523350212477));
#3774=DIRECTION('',(-0.990041820305706,0.,-0.140773555917878));
#3775=DIRECTION('center_axis',(0.,-1.,0.));
#3776=DIRECTION('ref_axis',(0.109650458741681,0.,-0.99397020926069));
#3777=DIRECTION('',(-0.996920452591012,0.,-0.0784194568058961));
#3778=DIRECTION('center_axis',(0.,-1.,0.));
#3779=DIRECTION('ref_axis',(-0.993042198008291,0.,-0.117759046254897));
#3780=DIRECTION('',(-1.,0.,0.));
#3781=DIRECTION('center_axis',(0.,-1.,0.));
#3782=DIRECTION('ref_axis',(-0.707106781186541,0.,-0.707106781186554));
#3783=DIRECTION('center_axis',(1.,0.,0.));
#3784=DIRECTION('ref_axis',(0.,0.,1.));
#3785=DIRECTION('',(0.,1.,0.));
#3786=DIRECTION('',(0.,-6.12323399573676E-17,1.));
#3787=DIRECTION('',(0.,0.17364817766693,0.984807753012208));
#3788=DIRECTION('',(0.,-1.,0.));
#3789=DIRECTION('',(0.,0.,-1.));
#3790=DIRECTION('',(0.,-1.,0.));
#3791=DIRECTION('',(0.,-1.,0.));
#3792=DIRECTION('',(0.,0.,1.));
#3793=DIRECTION('',(0.,1.,0.));
#3794=DIRECTION('center_axis',(0.,1.,0.));
#3795=DIRECTION('ref_axis',(-0.707106782044396,0.,-0.707106780328699));
#3796=DIRECTION('',(0.,-1.,0.));
#3797=DIRECTION('',(0.,1.,0.));
#3798=DIRECTION('center_axis',(-1.,0.,0.));
#3799=DIRECTION('ref_axis',(0.,0.,1.));
#3800=DIRECTION('',(0.,1.,0.));
#3801=DIRECTION('center_axis',(0.,-1.,0.));
#3802=DIRECTION('ref_axis',(0.866092008804687,0.,0.49988461897188));
#3803=DIRECTION('center_axis',(0.,-1.,0.));
#3804=DIRECTION('ref_axis',(0.866092008804687,0.,0.49988461897188));
#3805=DIRECTION('center_axis',(0.,-0.984807753012208,0.17364817766693));
#3806=DIRECTION('ref_axis',(-5.46678121111759E-16,0.17364817766693,0.984807753012208));
#3807=DIRECTION('',(0.,1.,0.));
#3808=DIRECTION('center_axis',(0.500230735430679,0.,0.865892147631841));
#3809=DIRECTION('ref_axis',(-0.865892147631841,0.,0.500230735430679));
#3810=DIRECTION('',(-0.862543364808612,0.0878630511968019,0.498296124868563));
#3811=DIRECTION('',(0.,-1.,0.));
#3812=DIRECTION('',(-0.865892147631841,0.,0.500230735430679));
#3813=DIRECTION('center_axis',(0.,1.,0.));
#3814=DIRECTION('ref_axis',(0.70710678118654,0.,0.707106781186555));
#3815=DIRECTION('center_axis',(0.,-1.,0.));
#3816=DIRECTION('ref_axis',(0.70710678118654,0.,0.707106781186555));
#3817=DIRECTION('',(0.,1.,0.));
#3818=DIRECTION('center_axis',(0.,1.,0.));
#3819=DIRECTION('ref_axis',(-0.866092005548618,0.,0.499884624613294));
#3820=DIRECTION('center_axis',(0.,-1.,0.));
#3821=DIRECTION('ref_axis',(-0.866092005548618,0.,0.499884624613294));
#3822=DIRECTION('',(0.,-1.,0.));
#3823=DIRECTION('center_axis',(0.,-0.984807753012208,0.17364817766693));
#3824=DIRECTION('ref_axis',(-2.73339060555879E-16,0.17364817766693,0.984807753012208));
#3825=DIRECTION('center_axis',(0.,1.,0.));
#3826=DIRECTION('ref_axis',(0.,0.,1.));
#3827=DIRECTION('center_axis',(0.,-1.,0.));
#3828=DIRECTION('ref_axis',(0.32026423610533,0.,0.947328253073806));
#3829=DIRECTION('',(-0.991799818351917,0.,0.127801096697581));
#3830=DIRECTION('center_axis',(0.,-1.,0.));
#3831=DIRECTION('ref_axis',(0.0640319552260562,0.,0.99794784869247));
#3832=DIRECTION('',(-1.,0.,7.29305387946193E-9));
#3833=DIRECTION('',(-1.,0.,0.));
#3834=DIRECTION('center_axis',(0.,-1.,0.));
#3835=DIRECTION('ref_axis',(-0.0640319438904264,0.,0.997947849419805));
#3836=DIRECTION('',(-0.991799820323227,0.,-0.127801081399241));
#3837=DIRECTION('center_axis',(0.,-1.,0.));
#3838=DIRECTION('ref_axis',(-0.320264222628586,0.,0.947328257629903));
#3839=DIRECTION('',(-0.865892154148498,0.,-0.500230724150441));
#3840=DIRECTION('center_axis',(0.,-1.,0.));
#3841=DIRECTION('ref_axis',(-0.707106781186551,0.,0.707106781186544));
#3842=DIRECTION('',(1.,0.,-1.23268812580027E-16));
#3843=DIRECTION('',(0.,0.,1.));
#3844=DIRECTION('center_axis',(0.,-1.,0.));
#3845=DIRECTION('ref_axis',(-0.733113085359461,0.,0.680106759321455));
#3846=DIRECTION('',(0.997190329399952,0.,0.0749095918505387));
#3847=DIRECTION('',(0.990041820303956,0.,0.140773555930189));
#3848=DIRECTION('center_axis',(0.,-1.,0.));
#3849=DIRECTION('ref_axis',(-0.0705626661062495,0.,0.997507348420039));
#3850=DIRECTION('',(1.,0.,-9.47469158629694E-16));
#3851=DIRECTION('center_axis',(0.,1.,0.));
#3852=DIRECTION('ref_axis',(-0.756245781969527,0.,0.654287641067213));
#3853=DIRECTION('',(1.,0.,-1.45861071456461E-8));
#3854=DIRECTION('center_axis',(0.,-1.,0.));
#3855=DIRECTION('ref_axis',(0.0705626796631918,0.,0.997507347461035));
#3856=DIRECTION('',(0.990041818530838,0.,-0.140773568400291));
#3857=DIRECTION('',(0.997190328307313,0.,-0.074909606395664));
#3858=DIRECTION('center_axis',(0.,-1.,0.));
#3859=DIRECTION('ref_axis',(0.733113090319517,0.,0.680106753974821));
#3860=DIRECTION('',(0.,0.,-1.));
#3861=DIRECTION('',(1.,0.,0.));
#3862=DIRECTION('center_axis',(0.,1.,0.));
#3863=DIRECTION('ref_axis',(-0.707106781186551,0.,0.707106781186544));
#3864=DIRECTION('',(0.,-1.,0.));
#3865=DIRECTION('center_axis',(0.,1.,0.));
#3866=DIRECTION('ref_axis',(0.733113090319517,0.,0.680106753974821));
#3867=DIRECTION('',(0.,-1.,0.));
#3868=DIRECTION('',(0.,1.,0.));
#3869=DIRECTION('center_axis',(1.,0.,0.));
#3870=DIRECTION('ref_axis',(0.,0.,-1.));
#3871=DIRECTION('',(0.,1.,0.));
#3872=DIRECTION('center_axis',(0.,1.,0.));
#3873=DIRECTION('ref_axis',(-0.733113085359461,0.,0.680106759321455));
#3874=DIRECTION('',(0.,-1.,0.));
#3875=DIRECTION('',(0.,1.,0.));
#3876=DIRECTION('center_axis',(-0.0749095918505387,0.,0.997190329399953));
#3877=DIRECTION('ref_axis',(0.997190329399952,0.,0.0749095918505387));
#3878=DIRECTION('',(0.,1.,0.));
#3879=DIRECTION('center_axis',(0.,1.,0.));
#3880=DIRECTION('ref_axis',(0.0705626796631918,0.,0.997507347461035));
#3881=DIRECTION('',(0.,-1.,0.));
#3882=DIRECTION('',(0.,1.,0.));
#3883=DIRECTION('center_axis',(0.140773568400291,0.,0.990041818530838));
#3884=DIRECTION('ref_axis',(0.990041818530838,0.,-0.140773568400291));
#3885=DIRECTION('',(0.,1.,0.));
#3886=DIRECTION('center_axis',(0.,1.,0.));
#3887=DIRECTION('ref_axis',(-0.0705626661062495,0.,0.997507348420039));
#3888=DIRECTION('',(0.,-1.,0.));
#3889=DIRECTION('',(0.,1.,0.));
#3890=DIRECTION('center_axis',(9.47469158629694E-16,0.,1.));
#3891=DIRECTION('ref_axis',(1.,0.,-9.47469158629694E-16));
#3892=DIRECTION('',(0.,1.,0.));
#3893=DIRECTION('',(-1.,0.,9.47469158629694E-16));
#3894=DIRECTION('',(0.,-1.,0.));
#3895=DIRECTION('center_axis',(0.,1.,0.));
#3896=DIRECTION('ref_axis',(0.707116452999144,0.,-0.707097109241658));
#3897=DIRECTION('',(0.,-1.,0.));
#3898=DIRECTION('center_axis',(0.,-1.,-6.12323399573676E-17));
#3899=DIRECTION('ref_axis',(0.707116452999144,0.,-0.707097109241658));
#3900=DIRECTION('center_axis',(0.,1.,0.));
#3901=DIRECTION('ref_axis',(0.32026423610533,0.,0.947328253073806));
#3902=DIRECTION('center_axis',(0.,-0.984807753012208,0.17364817766693));
#3903=DIRECTION('ref_axis',(8.88351946806608E-16,0.17364817766693,0.984807753012208));
#3904=DIRECTION('',(0.,1.,0.));
#3905=DIRECTION('center_axis',(0.127801096697581,0.,0.991799818351917));
#3906=DIRECTION('ref_axis',(-0.991799818351917,0.,0.127801096697581));
#3907=DIRECTION('',(-0.991548088126785,0.0225290619246371,0.127768659306236));
#3908=DIRECTION('',(0.,-1.,0.));
#3909=DIRECTION('center_axis',(0.,1.,0.));
#3910=DIRECTION('ref_axis',(0.0640319552260562,0.,0.99794784869247));
#3911=DIRECTION('center_axis',(0.,-0.984807753012208,0.17364817766693));
#3912=DIRECTION('ref_axis',(2.13546141059281E-16,0.17364817766693,0.984807753012208));
#3913=DIRECTION('',(0.,1.,0.));
#3914=DIRECTION('center_axis',(7.29305387946193E-9,0.,1.));
#3915=DIRECTION('ref_axis',(-1.,0.,7.29305387946193E-9));
#3916=DIRECTION('',(-1.,1.28596217070968E-9,7.29305387946193E-9));
#3917=DIRECTION('',(0.,1.,0.));
#3918=DIRECTION('center_axis',(0.,1.,0.));
#3919=DIRECTION('ref_axis',(-0.0640319438904264,0.,0.997947849419805));
#3920=DIRECTION('',(0.,-1.,0.));
#3921=DIRECTION('center_axis',(0.,-0.984807753012208,0.17364817766693));
#3922=DIRECTION('ref_axis',(-2.56255369271137E-16,0.17364817766693,0.984807753012208));
#3923=DIRECTION('',(0.,1.,0.));
#3924=DIRECTION('center_axis',(-0.127801081399241,0.,0.991799820323227));
#3925=DIRECTION('ref_axis',(-0.991799820323227,0.,-0.127801081399241));
#3926=DIRECTION('',(-0.991548090157838,-0.0225290592291805,-0.127768644019542));
#3927=DIRECTION('',(0.,-1.,0.));
#3928=DIRECTION('center_axis',(0.,1.,0.));
#3929=DIRECTION('ref_axis',(-0.320264222628586,0.,0.947328257629903));
#3930=DIRECTION('center_axis',(0.,-0.984807753012208,0.17364817766693));
#3931=DIRECTION('ref_axis',(1.23002577250146E-15,0.17364817766693,0.984807753012208));
#3932=DIRECTION('',(0.,1.,0.));
#3933=DIRECTION('center_axis',(-0.500230724150441,0.,0.865892154148498));
#3934=DIRECTION('ref_axis',(-0.865892154148498,0.,-0.500230724150441));
#3935=DIRECTION('',(-0.862543371450221,-0.0878630492307796,-0.498296113718697));
#3936=DIRECTION('center_axis',(0.,1.,0.));
#3937=DIRECTION('ref_axis',(-0.707106795230063,0.,-0.707106767143032));
#3938=DIRECTION('center_axis',(0.,-1.,-6.12323399573676E-17));
#3939=DIRECTION('ref_axis',(-0.707106795230063,0.,-0.707106767143032));
#3940=DIRECTION('',(0.,1.,0.));
#3941=DIRECTION('center_axis',(-3.97210883767537E-8,0.,-0.999999999999999));
#3942=DIRECTION('ref_axis',(0.999999999999999,0.,-3.97210883767537E-8));
#3943=DIRECTION('',(0.999999999999999,2.43221518696203E-24,-3.97210883767537E-8));
#3944=DIRECTION('',(0.,1.,0.));
#3945=DIRECTION('center_axis',(0.,1.,0.));
#3946=DIRECTION('ref_axis',(-0.707106781186541,0.,-0.707106781186554));
#3947=DIRECTION('',(0.,1.,0.));
#3948=DIRECTION('center_axis',(0.,1.,0.));
#3949=DIRECTION('ref_axis',(-0.707106781186541,0.,-0.707106781186554));
#3950=DIRECTION('center_axis',(0.,0.,-1.));
#3951=DIRECTION('ref_axis',(-1.,0.,0.));
#3952=DIRECTION('',(0.,1.,0.));
#3953=DIRECTION('',(1.,0.,0.));
#3954=DIRECTION('center_axis',(0.,1.,0.));
#3955=DIRECTION('ref_axis',(0.0705626522238715,0.,-0.997507349402065));
#3956=DIRECTION('',(0.,-1.,0.));
#3957=DIRECTION('center_axis',(0.,-1.,0.));
#3958=DIRECTION('ref_axis',(0.0705626522238715,0.,-0.997507349402065));
#3959=DIRECTION('',(0.,-1.,0.));
#3960=DIRECTION('',(0.,1.,0.));
#3961=DIRECTION('center_axis',(-2.4263580915336E-9,0.,-1.));
#3962=DIRECTION('ref_axis',(-1.,0.,2.4263580915336E-9));
#3963=DIRECTION('',(0.,1.,0.));
#3964=DIRECTION('',(1.,0.,-2.4263580915336E-9));
#3965=DIRECTION('center_axis',(0.,-1.,0.));
#3966=DIRECTION('ref_axis',(-0.993042198008291,0.,-0.117759046254897));
#3967=DIRECTION('',(0.,1.,0.));
#3968=DIRECTION('center_axis',(0.,1.,0.));
#3969=DIRECTION('ref_axis',(-0.993042198008291,0.,-0.117759046254897));
#3970=DIRECTION('center_axis',(0.,1.,0.));
#3971=DIRECTION('ref_axis',(0.109650458741681,0.,-0.99397020926069));
#3972=DIRECTION('',(0.,1.,0.));
#3973=DIRECTION('center_axis',(0.,1.,0.));
#3974=DIRECTION('ref_axis',(0.109650458741681,0.,-0.99397020926069));
#3975=DIRECTION('',(0.,-1.,0.));
#3976=DIRECTION('center_axis',(0.140773555917878,0.,-0.990041820305706));
#3977=DIRECTION('ref_axis',(-0.990041820305706,0.,-0.140773555917878));
#3978=DIRECTION('',(0.,-1.,0.));
#3979=DIRECTION('',(0.990041820305706,0.,0.140773555917878));
#3980=DIRECTION('center_axis',(0.,1.,0.));
#3981=DIRECTION('ref_axis',(-0.707106781186545,0.,0.70710678118655));
#3982=DIRECTION('center_axis',(0.,1.,0.));
#3983=DIRECTION('ref_axis',(-0.707106781186545,0.,0.70710678118655));
#3984=DIRECTION('',(0.,-1.,0.));
#3985=DIRECTION('center_axis',(0.,1.,0.));
#3986=DIRECTION('ref_axis',(-0.759744860712668,0.,0.650221305880305));
#3987=DIRECTION('',(0.,1.,0.));
#3988=DIRECTION('center_axis',(0.,1.,0.));
#3989=DIRECTION('ref_axis',(-0.759744860712668,0.,0.650221305880305));
#3990=DIRECTION('',(0.,-1.,0.));
#3991=DIRECTION('center_axis',(-0.997072677683078,0.,-0.0764596326037235));
#3992=DIRECTION('ref_axis',(-0.0764596326037235,0.,0.997072677683078));
#3993=DIRECTION('',(0.,1.,0.));
#3994=DIRECTION('',(0.0764596326037235,0.,-0.997072677683078));
#3995=DIRECTION('center_axis',(0.,1.,0.));
#3996=DIRECTION('ref_axis',(0.600523348796204,0.,0.799607220796932));
#3997=DIRECTION('',(0.,1.,0.));
#3998=DIRECTION('center_axis',(0.,1.,0.));
#3999=DIRECTION('ref_axis',(0.600523348796204,0.,0.799607220796932));
#4000=DIRECTION('',(0.,-1.,0.));
#4001=DIRECTION('center_axis',(-0.140773555915308,0.,0.990041820306071));
#4002=DIRECTION('ref_axis',(0.990041820306071,0.,0.140773555915308));
#4003=DIRECTION('',(0.,1.,0.));
#4004=DIRECTION('',(-0.990041820306071,0.,-0.140773555915308));
#4005=DIRECTION('center_axis',(0.,1.,0.));
#4006=DIRECTION('ref_axis',(0.799607220796945,0.,-0.600523348796186));
#4007=DIRECTION('',(0.,1.,0.));
#4008=DIRECTION('center_axis',(0.,1.,0.));
#4009=DIRECTION('ref_axis',(0.799607220796945,0.,-0.600523348796186));
#4010=DIRECTION('',(0.,-1.,0.));
#4011=DIRECTION('center_axis',(0.990041820305706,0.,0.140773555917877));
#4012=DIRECTION('ref_axis',(0.140773555917877,0.,-0.990041820305706));
#4013=DIRECTION('',(-0.140773555917877,0.,0.990041820305706));
#4014=DIRECTION('center_axis',(0.,1.,0.));
#4015=DIRECTION('ref_axis',(0.799607219369195,0.,-0.60052335069726));
#4016=DIRECTION('',(0.,1.,0.));
#4017=DIRECTION('center_axis',(0.,1.,0.));
#4018=DIRECTION('ref_axis',(0.799607219369195,0.,-0.60052335069726));
#4019=DIRECTION('',(0.,-1.,0.));
#4020=DIRECTION('center_axis',(0.99004182099073,0.,0.140773551100193));
#4021=DIRECTION('ref_axis',(0.140773551100193,0.,-0.99004182099073));
#4022=DIRECTION('',(0.,1.,0.));
#4023=DIRECTION('',(-0.140773551100193,0.,0.99004182099073));
#4024=DIRECTION('center_axis',(0.,1.,0.));
#4025=DIRECTION('ref_axis',(0.799607227439887,0.,-0.600523339950993));
#4026=DIRECTION('',(0.,1.,0.));
#4027=DIRECTION('center_axis',(0.,1.,0.));
#4028=DIRECTION('ref_axis',(0.799607227439887,0.,-0.600523339950993));
#4029=DIRECTION('',(0.,-1.,0.));
#4030=DIRECTION('center_axis',(0.99004181874866,0.,0.140773566868376));
#4031=DIRECTION('ref_axis',(0.140773566868376,0.,-0.99004181874866));
#4032=DIRECTION('',(0.,1.,0.));
#4033=DIRECTION('',(-0.140773566868376,0.,0.99004181874866));
#4034=DIRECTION('center_axis',(0.,1.,0.));
#4035=DIRECTION('ref_axis',(0.799607219733278,0.,-0.600523350212477));
#4036=DIRECTION('',(0.,1.,0.));
#4037=DIRECTION('center_axis',(0.,1.,0.));
#4038=DIRECTION('ref_axis',(0.799607219733278,0.,-0.600523350212477));
#4039=DIRECTION('center_axis',(0.990041820804751,0.,0.140773552408159));
#4040=DIRECTION('ref_axis',(0.140773552408159,0.,-0.990041820804751));
#4041=DIRECTION('',(0.,1.,0.));
#4042=DIRECTION('',(-0.140773552408159,0.,0.990041820804751));
#4043=DIRECTION('center_axis',(0.,1.,0.));
#4044=DIRECTION('ref_axis',(-0.0705856150661634,0.,-0.9975057247684));
#4045=DIRECTION('',(0.,-1.,0.));
#4046=DIRECTION('',(0.,1.,0.));
#4047=DIRECTION('center_axis',(0.,-1.,0.));
#4048=DIRECTION('ref_axis',(-0.0705856150661634,0.,-0.9975057247684));
#4049=DIRECTION('center_axis',(0.,1.,0.));
#4050=DIRECTION('ref_axis',(0.707106781186547,0.,0.707106781186548));
#4051=DIRECTION('',(0.,1.,0.));
#4052=DIRECTION('center_axis',(0.,1.,0.));
#4053=DIRECTION('ref_axis',(0.707106781186547,0.,0.707106781186548));
#4054=DIRECTION('center_axis',(0.,0.,1.));
#4055=DIRECTION('ref_axis',(1.,0.,0.));
#4056=DIRECTION('',(0.,1.,0.));
#4057=DIRECTION('',(-1.,0.,0.));
#4058=DIRECTION('center_axis',(0.,1.,0.));
#4059=DIRECTION('ref_axis',(0.759753068671418,0.,0.650211715246937));
#4060=DIRECTION('',(0.,1.,0.));
#4061=DIRECTION('center_axis',(0.,1.,0.));
#4062=DIRECTION('ref_axis',(0.759753068671418,0.,0.650211715246937));
#4063=DIRECTION('',(0.,-1.,0.));
#4064=DIRECTION('center_axis',(0.0784425610506167,0.,0.996918634902478));
#4065=DIRECTION('ref_axis',(0.996918634902478,0.,-0.0784425610506167));
#4066=DIRECTION('',(0.,1.,0.));
#4067=DIRECTION('',(-0.996918634902478,0.,0.0784425610506167));
#4068=DIRECTION('center_axis',(0.,1.,0.));
#4069=DIRECTION('ref_axis',(-0.600523241679221,0.,0.799607301244229));
#4070=DIRECTION('',(0.,1.,0.));
#4071=DIRECTION('center_axis',(0.,1.,0.));
#4072=DIRECTION('ref_axis',(-0.600523241679221,0.,0.799607301244229));
#4073=DIRECTION('',(0.,-1.,0.));
#4074=DIRECTION('center_axis',(-0.990041784661161,0.,0.140773806601029));
#4075=DIRECTION('ref_axis',(0.140773806601029,0.,0.990041784661161));
#4076=DIRECTION('',(0.,-1.,0.));
#4077=DIRECTION('',(-0.140773806601029,0.,-0.990041784661161));
#4078=DIRECTION('center_axis',(0.,1.,0.));
#4079=DIRECTION('ref_axis',(-0.799607365193627,0.,-0.60052315652946));
#4080=DIRECTION('',(0.,1.,0.));
#4081=DIRECTION('center_axis',(0.,1.,0.));
#4082=DIRECTION('ref_axis',(-0.799607365193627,0.,-0.60052315652946));
#4083=DIRECTION('center_axis',(-0.140773781346151,0.,-0.990041788252146));
#4084=DIRECTION('ref_axis',(-0.990041788252146,0.,0.140773781346151));
#4085=DIRECTION('',(0.,1.,0.));
#4086=DIRECTION('',(0.990041788252146,0.,-0.140773781346151));
#4087=DIRECTION('center_axis',(0.,1.,0.));
#4088=DIRECTION('ref_axis',(-0.799607366170164,0.,-0.600523155229182));
#4089=DIRECTION('',(0.,1.,0.));
#4090=DIRECTION('center_axis',(0.,1.,0.));
#4091=DIRECTION('ref_axis',(-0.799607366170164,0.,-0.600523155229182));
#4092=DIRECTION('',(0.,-1.,0.));
#4093=DIRECTION('center_axis',(-0.14077378456605,0.,-0.990041787794309));
#4094=DIRECTION('ref_axis',(-0.990041787794309,0.,0.14077378456605));
#4095=DIRECTION('',(0.,1.,0.));
#4096=DIRECTION('',(0.990041787794309,0.,-0.14077378456605));
#4097=DIRECTION('center_axis',(0.,1.,0.));
#4098=DIRECTION('ref_axis',(-0.799607368503528,0.,-0.600523152122267));
#4099=DIRECTION('',(0.,1.,0.));
#4100=DIRECTION('center_axis',(0.,1.,0.));
#4101=DIRECTION('ref_axis',(-0.799607368503528,0.,-0.600523152122267));
#4102=DIRECTION('',(0.,-1.,0.));
#4103=DIRECTION('center_axis',(-0.140773792259768,0.,-0.990041786700341));
#4104=DIRECTION('ref_axis',(-0.990041786700341,0.,0.140773792259768));
#4105=DIRECTION('',(0.,1.,0.));
#4106=DIRECTION('',(0.990041786700341,0.,-0.140773792259768));
#4107=DIRECTION('center_axis',(0.,1.,0.));
#4108=DIRECTION('ref_axis',(-0.79960737285297,0.,-0.600523146330907));
#4109=DIRECTION('',(0.,1.,0.));
#4110=DIRECTION('center_axis',(0.,1.,0.));
#4111=DIRECTION('ref_axis',(-0.79960737285297,0.,-0.600523146330907));
#4112=DIRECTION('',(0.,-1.,0.));
#4113=DIRECTION('center_axis',(-0.14077380660103,0.,-0.990041784661161));
#4114=DIRECTION('ref_axis',(-0.99004178466116,0.,0.14077380660103));
#4115=DIRECTION('',(0.,-1.,0.));
#4116=DIRECTION('',(0.99004178466116,0.,-0.14077380660103));
#4117=DIRECTION('center_axis',(0.,1.,0.));
#4118=DIRECTION('ref_axis',(-0.109656509377642,0.,-0.993969541762277));
#4119=DIRECTION('',(0.,1.,0.));
#4120=DIRECTION('center_axis',(0.,1.,0.));
#4121=DIRECTION('ref_axis',(-0.109656509377642,0.,-0.993969541762277));
#4122=DIRECTION('center_axis',(-0.0784313415697467,0.,-0.996919517644012));
#4123=DIRECTION('ref_axis',(-0.996919517644012,0.,0.0784313415697467));
#4124=DIRECTION('',(0.,-1.,0.));
#4125=DIRECTION('',(0.996919517644012,0.,-0.0784313415697467));
#4126=DIRECTION('center_axis',(0.,1.,0.));
#4127=DIRECTION('ref_axis',(0.993054826450921,0.,-0.117652503851513));
#4128=DIRECTION('center_axis',(0.,1.,0.));
#4129=DIRECTION('ref_axis',(0.993054826450921,0.,-0.117652503851513));
#4130=DIRECTION('',(0.,1.,0.));
#4131=DIRECTION('center_axis',(0.,1.,0.));
#4132=DIRECTION('ref_axis',(0.707106783022731,0.,-0.707106779350364));
#4133=DIRECTION('center_axis',(0.,1.,0.));
#4134=DIRECTION('ref_axis',(0.707106783022731,0.,-0.707106779350364));
#4135=DIRECTION('',(0.,-1.,0.));
#4136=DIRECTION('center_axis',(0.230747089376112,-0.579774133631387,0.781420331650276));
#4137=DIRECTION('ref_axis',(0.959060085915503,0.,-0.283202668779354));
#4138=DIRECTION('',(-0.380488758300185,0.685380043104121,0.620872371201825));
#4139=DIRECTION('',(-0.714137060371613,-0.646380169279755,-0.268702318124848));
#4140=DIRECTION('',(0.945918260722614,-0.0545395400896629,-0.319787558542094));
#4141=DIRECTION('center_axis',(0.700241972287584,-0.517794610768107,0.491477284629004));
#4142=DIRECTION('ref_axis',(0.57448794116461,0.,-0.818513045379514));
#4143=DIRECTION('',(0.0836470593240944,0.743200613139229,0.663819266137934));
#4144=DIRECTION('',(-0.694889427694811,-0.652192396348692,0.302941844952012));
#4145=DIRECTION('',(0.49463694031928,-0.144517667460667,-0.856999965614532));
#4146=DIRECTION('center_axis',(0.0432216569042391,-0.621760148474872,0.782014198172231));
#4147=DIRECTION('ref_axis',(0.998476122872386,0.,-0.0551854333472862));
#4148=DIRECTION('',(-0.520873155947471,0.653921650728392,0.548705412878328));
#4149=DIRECTION('',(-0.5929627149597,-0.645935112063942,-0.480794186394309));
#4150=DIRECTION('',(0.997885672513462,-0.0111626655438973,-0.0640279586611215));
#4151=DIRECTION('center_axis',(0.0834668907149991,-0.643177900816164,0.761154035695852));
#4152=DIRECTION('ref_axis',(0.994041210933395,0.,-0.109004912577691));
#4153=DIRECTION('',(-0.991548088126785,0.0225290619246371,0.127768659306236));
#4154=DIRECTION('',(0.991548088126785,-0.0225290619246371,-0.127768659306236));
#4155=DIRECTION('center_axis',(0.247245878928374,0.635615366965855,0.731342997935851));
#4156=DIRECTION('ref_axis',(0.947328253073803,0.,-0.320264236105339));
#4157=DIRECTION('',(0.40943899694531,0.615546923819941,-0.673395643256047));
#4158=DIRECTION('',(-0.947328253073803,0.,0.320264236105339));
#4159=DIRECTION('',(0.734057578121034,-0.615546923819964,0.286812580928489));
#4160=DIRECTION('center_axis',(0.320264236105339,0.,0.947328253073803));
#4161=DIRECTION('ref_axis',(0.947328253073803,0.,-0.320264236105339));
#4162=DIRECTION('',(0.,-1.,0.));
#4163=DIRECTION('',(0.,1.,0.));
#4164=DIRECTION('center_axis',(0.577350269189613,-0.577350269189621,-0.577350269189644));
#4165=DIRECTION('ref_axis',(-0.707106781186566,0.,-0.707106781186529));
#4166=DIRECTION('',(-0.707106781186566,-6.28036983473495E-15,-0.707106781186529));
#4167=DIRECTION('',(0.707106781186552,0.707106781186543,0.));
#4168=DIRECTION('',(2.51214793389404E-14,-0.707106781186549,0.707106781186546));
#4169=DIRECTION('center_axis',(0.707106781186543,-0.707106781186552,-4.32978028117749E-17));
#4170=DIRECTION('ref_axis',(-6.12323399573685E-17,0.,-1.));
#4171=DIRECTION('',(0.,6.12323399573676E-17,-1.));
#4172=DIRECTION('',(0.,-6.12323399573676E-17,1.));
#4173=DIRECTION('',(-0.705757556807955,-0.705757556807949,0.0617457854184463));
#4174=DIRECTION('center_axis',(0.724600173165953,0.547765571526516,0.418219401388912));
#4175=DIRECTION('ref_axis',(0.499884618971876,0.,-0.86609200880469));
#4176=DIRECTION('',(-0.0908546629905365,0.677474595157389,-0.729913421666713));
#4177=DIRECTION('',(-0.499884618971876,0.,0.86609200880469));
#4178=DIRECTION('',(0.677474595157374,-0.677474595157365,-0.286454788461839));
#4179=DIRECTION('center_axis',(0.86609200880469,0.,0.499884618971876));
#4180=DIRECTION('ref_axis',(0.499884618971876,0.,-0.86609200880469));
#4181=DIRECTION('',(0.,-1.,0.));
#4182=DIRECTION('',(0.,1.,0.));
#4183=DIRECTION('center_axis',(-4.51016641311088E-9,-0.642787609686535,
0.766044443118982));
#4184=DIRECTION('ref_axis',(1.,0.,5.88760411177653E-9));
#4185=DIRECTION('',(1.,1.21841517603804E-9,6.90997583661083E-9));
#4186=DIRECTION('',(-1.,-1.21841517603804E-9,-6.90997583661083E-9));
#4187=DIRECTION('',(0.0412085467553277,-0.765393739861862,-0.642241604580851));
#4188=DIRECTION('center_axis',(0.0467014665570469,0.684144668061584,0.727849604097114));
#4189=DIRECTION('ref_axis',(0.997947849147193,0.,-0.0640319481391187));
#4190=DIRECTION('',(0.551850398276379,0.589686841645418,-0.589686837832127));
#4191=DIRECTION('',(-0.997947849147193,0.,0.0640319481391187));
#4192=DIRECTION('',(0.622687745797329,-0.589686841645273,0.514324216836291));
#4193=DIRECTION('center_axis',(0.0640319481391187,0.,0.997947849147193));
#4194=DIRECTION('ref_axis',(0.997947849147193,0.,-0.0640319481391187));
#4195=DIRECTION('',(0.,-1.,0.));
#4196=DIRECTION('',(0.,1.,0.));
#4197=DIRECTION('center_axis',(0.0903690221179372,0.707106781186549,0.701308377136225));
#4198=DIRECTION('ref_axis',(0.991799818351917,0.,-0.127801096697581));
#4199=DIRECTION('',(-0.991799818351917,0.,0.127801096697581));
#4200=DIRECTION('',(0.991799818351917,0.,-0.127801096697581));
#4201=DIRECTION('center_axis',(-0.577350269189616,-0.577350269189629,-0.577350269189632));
#4202=DIRECTION('ref_axis',(-0.707106781186557,0.,0.707106781186538));
#4203=DIRECTION('',(-0.707106781186554,0.,0.707106781186541));
#4204=DIRECTION('',(0.,0.707106781186549,-0.707106781186546));
#4205=DIRECTION('',(0.707106781186555,-0.70710678118654,0.));
#4206=DIRECTION('center_axis',(0.,-0.707106781186546,-0.707106781186549));
#4207=DIRECTION('ref_axis',(-1.,0.,0.));
#4208=DIRECTION('',(1.,0.,0.));
#4209=DIRECTION('',(-1.,0.,0.));
#4210=DIRECTION('center_axis',(0.577350269189613,0.577350269189621,-0.577350269189644));
#4211=DIRECTION('ref_axis',(-0.707106781186566,0.,-0.707106781186529));
#4212=DIRECTION('',(-0.707106781186552,0.707106781186543,0.));
#4213=DIRECTION('',(0.707106781186566,0.,0.707106781186529));
#4214=DIRECTION('',(-2.51214793389404E-14,-0.707106781186549,-0.707106781186546));
#4215=DIRECTION('center_axis',(0.707106781186529,0.,-0.707106781186566));
#4216=DIRECTION('ref_axis',(-0.707106781186566,0.,-0.707106781186529));
#4217=DIRECTION('',(0.,-1.,0.));
#4218=DIRECTION('',(0.,1.,0.));
#4219=DIRECTION('center_axis',(-0.230747079716809,-0.579774133035907,0.781420334944405));
#4220=DIRECTION('ref_axis',(0.959060089459722,0.,0.283202656776928));
#4221=DIRECTION('',(-0.714137055644808,0.646380170539317,0.268702327657442));
#4222=DIRECTION('',(-0.380488767761729,-0.685380042698173,-0.620872365851639));
#4223=DIRECTION('',(0.94591826539138,0.0545395377813621,0.319787545125758));
#4224=DIRECTION('center_axis',(-0.083466880711467,-0.643177900722253,0.761154036872179));
#4225=DIRECTION('ref_axis',(0.994041212367233,0.,0.10900489950219));
#4226=DIRECTION('',(-0.991548090157838,-0.0225290592291805,-0.127768644019542));
#4227=DIRECTION('',(0.991548090157838,0.0225290592291805,0.127768644019542));
#4228=DIRECTION('',(-0.991684420132734,0.128693476392566,-6.85251538066061E-9));
#4229=DIRECTION('center_axis',(-4.88609077190276E-9,0.70710678118654,0.707106781186555));
#4230=DIRECTION('ref_axis',(1.,0.,6.90997583661083E-9));
#4231=DIRECTION('',(1.,0.,6.90997583661083E-9));
#4232=DIRECTION('',(-1.,0.,-6.90997583661083E-9));
#4233=DIRECTION('',(-0.0453241754636264,-0.70638010998365,0.706380109670444));
#4234=DIRECTION('center_axis',(-0.700241969883781,-0.517794609804252,0.491477289069338));
#4235=DIRECTION('ref_axis',(0.574487945963171,0.,0.818513042011559));
#4236=DIRECTION('',(-0.694889428473775,0.652192398131541,-0.302941839326989));
#4237=DIRECTION('',(0.0836470554065435,-0.743200614040159,-0.663819265622914));
#4238=DIRECTION('',(0.494636945950979,0.144517666782411,0.856999962478445));
#4239=DIRECTION('center_axis',(-0.329790671079056,-0.649261219013155,0.685345155928586));
#4240=DIRECTION('ref_axis',(0.901099460905029,0.,0.433612455490691));
#4241=DIRECTION('',(-0.862543371450221,-0.0878630492307797,-0.498296113718697));
#4242=DIRECTION('',(0.862543371450221,0.0878630492307797,0.498296113718697));
#4243=DIRECTION('center_axis',(-0.57735026918962,0.577350269189628,-0.57735026918963));
#4244=DIRECTION('ref_axis',(-0.707106781186554,0.,0.707106781186541));
#4245=DIRECTION('',(0.,0.707106781186549,0.707106781186546));
#4246=DIRECTION('',(0.707106781186554,0.,-0.707106781186541));
#4247=DIRECTION('',(-0.707106781186552,-0.707106781186543,0.));
#4248=DIRECTION('center_axis',(-0.707106781186541,0.,-0.707106781186554));
#4249=DIRECTION('ref_axis',(-0.707106781186554,0.,0.707106781186541));
#4250=DIRECTION('',(0.,1.,0.));
#4251=DIRECTION('',(0.,-1.,0.));
#4252=DIRECTION('center_axis',(-0.247245868637085,0.635615366537841,0.731343001787027));
#4253=DIRECTION('ref_axis',(0.94732825762991,0.,0.320264222628564));
#4254=DIRECTION('',(0.734057573997315,0.615546924052473,-0.286812590983582));
#4255=DIRECTION('',(-0.94732825762991,0.,-0.320264222628564));
#4256=DIRECTION('',(0.409439006725733,-0.615546924052464,0.673395637096793));
#4257=DIRECTION('center_axis',(-0.320264222628564,0.,0.94732825762991));
#4258=DIRECTION('ref_axis',(0.94732825762991,0.,0.320264222628564));
#4259=DIRECTION('',(0.,-1.,0.));
#4260=DIRECTION('',(0.,1.,0.));
#4261=DIRECTION('center_axis',(-0.0903690113003772,0.70710678118655,0.70130837853015));
#4262=DIRECTION('ref_axis',(0.991799820323227,0.,0.127801081399241));
#4263=DIRECTION('',(-0.991799820323227,0.,-0.127801081399241));
#4264=DIRECTION('',(0.991799820323227,0.,0.127801081399241));
#4265=DIRECTION('center_axis',(-0.724600170873733,0.54776557076485,0.418219406357973));
#4266=DIRECTION('ref_axis',(0.499884624613278,0.,0.866092005548627));
#4267=DIRECTION('',(0.677474596299034,0.677474596299025,0.286454783061715));
#4268=DIRECTION('',(-0.499884624613278,0.,-0.866092005548627));
#4269=DIRECTION('',(-0.0908546587288102,-0.677474596299045,0.729913421137547));
#4270=DIRECTION('center_axis',(-0.866092005548627,0.,0.499884624613278));
#4271=DIRECTION('ref_axis',(0.499884624613278,0.,0.866092005548627));
#4272=DIRECTION('',(0.,-1.,0.));
#4273=DIRECTION('',(0.,1.,0.));
#4274=DIRECTION('center_axis',(-0.353716537204633,0.707106781186549,0.612278213974628));
#4275=DIRECTION('ref_axis',(0.865892154148497,0.,0.500230724150441));
#4276=DIRECTION('',(-0.865892154148497,0.,-0.500230724150441));
#4277=DIRECTION('',(0.865892154148497,0.,0.500230724150441));
#4278=DIRECTION('center_axis',(-0.707106781186543,0.707106781186552,-3.17955550862104E-14));
#4279=DIRECTION('ref_axis',(-4.49657052260999E-14,0.,1.));
#4280=DIRECTION('',(4.49657052260999E-14,0.,-1.));
#4281=DIRECTION('',(-4.49657052260999E-14,0.,1.));
#4282=DIRECTION('center_axis',(0.,0.707106781186546,-0.707106781186549));
#4283=DIRECTION('ref_axis',(-1.,0.,0.));
#4284=DIRECTION('',(1.,0.,0.));
#4285=DIRECTION('',(-1.,0.,0.));
#4286=DIRECTION('center_axis',(-0.70710678118653,-0.696364240320042,0.122787803968945));
#4287=DIRECTION('ref_axis',(0.171087869746002,0.,0.985255774317398));
#4288=DIRECTION('',(-4.42825751263247E-14,0.17364817766693,0.984807753012208));
#4289=DIRECTION('',(4.42825751263247E-14,-0.17364817766693,-0.984807753012208));
#4290=DIRECTION('',(0.705757556807958,-0.705757556807945,0.0617457854184622));
#4291=DIRECTION('center_axis',(0.707106781186543,0.707106781186552,0.));
#4292=DIRECTION('ref_axis',(0.,0.,-1.));
#4293=DIRECTION('',(0.,0.,1.));
#4294=DIRECTION('',(0.,0.,-1.));
#4295=DIRECTION('center_axis',(-0.70710678118654,-0.707106781186555,-3.1838852889022E-14));
#4296=DIRECTION('ref_axis',(-4.50269375660573E-14,0.,1.));
#4297=DIRECTION('',(4.49657052260999E-14,6.12323399573676E-17,-1.));
#4298=DIRECTION('',(-4.49657052260999E-14,-6.12323399573676E-17,1.));
#4299=DIRECTION('center_axis',(0.353716545180972,0.707106781186536,0.612278209366668));
#4300=DIRECTION('ref_axis',(0.865892147631841,0.,-0.500230735430678));
#4301=DIRECTION('',(-0.865892147631841,0.,0.500230735430679));
#4302=DIRECTION('',(0.865892147631841,0.,-0.500230735430679));
#4303=DIRECTION('center_axis',(0.70710678118653,-0.696364240320036,0.122787803968976));
#4304=DIRECTION('ref_axis',(0.171087869746044,0.,-0.985255774317391));
#4305=DIRECTION('',(0.,0.17364817766693,0.984807753012208));
#4306=DIRECTION('',(0.,-0.17364817766693,-0.984807753012208));
#4307=DIRECTION('center_axis',(0.329790678678066,-0.649261219332491,0.685345151969391));
#4308=DIRECTION('ref_axis',(0.901099456022408,0.,-0.433612465637371));
#4309=DIRECTION('',(-0.862543364808612,0.0878630511968019,0.498296124868563));
#4310=DIRECTION('',(0.862543364808612,-0.0878630511968019,-0.498296124868563));
#4311=DIRECTION('center_axis',(0.,1.,6.12323399573676E-17));
#4312=DIRECTION('ref_axis',(0.,-6.12323399573676E-17,1.));
#4313=DIRECTION('',(1.,0.,0.));
#4314=DIRECTION('',(0.999999999625819,-1.67508439451299E-21,2.73562041835939E-5));
#4315=DIRECTION('',(0.999999999999998,-4.31501883814047E-24,7.0469605459219E-8));
#4316=DIRECTION('',(1.,0.,0.));
#4317=DIRECTION('center_axis',(-0.127801081399241,0.,0.991799820323227));
#4318=DIRECTION('ref_axis',(0.991799820323227,0.,0.127801081399241));
#4319=DIRECTION('',(0.,1.,0.));
#4320=DIRECTION('center_axis',(0.127801096697581,0.,0.991799818351917));
#4321=DIRECTION('ref_axis',(0.991799818351917,0.,-0.127801096697581));
#4322=DIRECTION('center_axis',(1.,0.,0.));
#4323=DIRECTION('ref_axis',(0.,0.,-1.));
#4324=DIRECTION('center_axis',(0.500230735430679,0.,0.865892147631841));
#4325=DIRECTION('ref_axis',(0.865892147631841,0.,-0.500230735430679));
#4326=DIRECTION('center_axis',(0.,1.,0.));
#4327=DIRECTION('ref_axis',(0.,0.,1.));
#4328=DIRECTION('',(1.,0.,5.19351691976997E-9));
#4329=DIRECTION('',(0.0764722309729082,0.,0.997071711508268));
#4330=DIRECTION('',(-0.990041818233975,0.,0.140773570488092));
#4331=DIRECTION('',(-0.140773806601031,0.,-0.99004178466116));
#4332=DIRECTION('',(-0.140773806601031,0.,-0.99004178466116));
#4333=DIRECTION('',(-0.14077380660103,0.,-0.99004178466116));
#4334=DIRECTION('',(0.990041820306066,0.,0.140773555915346));
#4335=DIRECTION('',(-0.996919624100387,0.,-0.0784299884198837));
#4336=DIRECTION('',(-1.,0.,1.4801629982016E-14));
#4337=DIRECTION('',(0.996920452591012,0.,0.0784194568058961));
#4338=DIRECTION('',(0.99004181874866,0.,0.140773566868376));
#4339=DIRECTION('',(0.990041820290423,0.,0.140773556025363));
#4340=DIRECTION('center_axis',(0.,0.,-1.));
#4341=DIRECTION('ref_axis',(-1.,0.,0.));
#4342=DIRECTION('',(1.63268091856641E-16,1.,0.));
#4343=DIRECTION('center_axis',(-0.500230724150441,0.,0.865892154148498));
#4344=DIRECTION('ref_axis',(0.865892154148497,0.,0.500230724150441));
#4345=DIRECTION('center_axis',(-1.,0.,-4.49657052260999E-14));
#4346=DIRECTION('ref_axis',(-4.49657052260999E-14,0.,1.));
#4347=DIRECTION('center_axis',(7.0469605459219E-8,0.,-0.999999999999998));
#4348=DIRECTION('ref_axis',(0.999999999999998,0.,7.0469605459219E-8));
#4349=DIRECTION('',(0.,1.,0.));
#4350=DIRECTION('',(-1.63268091856641E-16,-1.,-1.1505438017217E-23));
#4351=DIRECTION('center_axis',(2.73562041835939E-5,0.,-0.999999999625819));
#4352=DIRECTION('ref_axis',(0.999999999625819,0.,2.73562041835939E-5));
#4353=DIRECTION('center_axis',(0.,0.984807753012208,-0.17364817766693));
#4354=DIRECTION('ref_axis',(0.,0.17364817766693,0.984807753012208));
#4355=DIRECTION('',(-1.,0.,0.));
#4356=DIRECTION('center_axis',(0.,0.,1.));
#4357=DIRECTION('ref_axis',(-1.,0.,0.));
#4358=DIRECTION('center_axis',(1.,-1.63268091856641E-16,0.));
#4359=DIRECTION('ref_axis',(1.63268091856641E-16,1.,0.));
#4360=DIRECTION('center_axis',(0.,1.,0.));
#4361=DIRECTION('ref_axis',(0.75624576538362,0.,-0.654287660237714));
#4362=DIRECTION('center_axis',(0.,-1.,0.));
#4363=DIRECTION('ref_axis',(0.75624576538362,0.,-0.654287660237714));
#4364=DIRECTION('center_axis',(0.,-1.,0.));
#4365=DIRECTION('ref_axis',(0.,0.,-1.));
#4366=DIRECTION('center_axis',(0.,1.,0.));
#4367=DIRECTION('ref_axis',(0.756243315857302,0.,-0.654290491464726));
#4368=DIRECTION('center_axis',(0.,1.,0.));
#4369=DIRECTION('ref_axis',(0.756243315857302,0.,-0.654290491464726));
#4370=DIRECTION('center_axis',(0.,-1.,0.));
#4371=DIRECTION('ref_axis',(0.,0.,-1.));
#4372=DIRECTION('center_axis',(0.,1.,0.));
#4373=DIRECTION('ref_axis',(-0.756245781969527,0.,0.654287641067213));
#4374=DIRECTION('center_axis',(0.,1.,0.));
#4375=DIRECTION('ref_axis',(-0.756245781969527,0.,0.654287641067213));
#4376=DIRECTION('',(0.,1.,0.));
#4377=DIRECTION('center_axis',(0.,-1.,0.));
#4378=DIRECTION('ref_axis',(0.,0.,-1.));
#4379=DIRECTION('',(-1.,0.,1.45861071456461E-8));
#4380=DIRECTION('center_axis',(1.45861071456461E-8,0.,1.));
#4381=DIRECTION('ref_axis',(1.,0.,-1.45861071456461E-8));
#4382=DIRECTION('center_axis',(0.140773555915346,0.,-0.990041820306066));
#4383=DIRECTION('ref_axis',(-0.990041820306066,0.,-0.140773555915346));
#4384=DIRECTION('center_axis',(-0.0784299884198837,0.,0.996919624100387));
#4385=DIRECTION('ref_axis',(0.996919624100387,0.,0.0784299884198837));
#4386=DIRECTION('center_axis',(1.4801629982016E-14,0.,1.));
#4387=DIRECTION('ref_axis',(1.,0.,-1.4801629982016E-14));
#4388=DIRECTION('center_axis',(0.0784194568058961,0.,-0.996920452591012));
#4389=DIRECTION('ref_axis',(-0.996920452591012,0.,-0.0784194568058961));
#4390=DIRECTION('center_axis',(0.140773566868376,0.,-0.99004181874866));
#4391=DIRECTION('ref_axis',(-0.99004181874866,0.,-0.140773566868376));
#4392=DIRECTION('center_axis',(0.140773556025363,0.,-0.990041820290423));
#4393=DIRECTION('ref_axis',(-0.990041820290423,0.,-0.140773556025363));
#4394=DIRECTION('center_axis',(5.19351691976997E-9,0.,-1.));
#4395=DIRECTION('ref_axis',(-1.,0.,-5.19351691976997E-9));
#4396=DIRECTION('center_axis',(0.997071711508268,0.,-0.0764722309729082));
#4397=DIRECTION('ref_axis',(-0.0764722309729082,0.,-0.997071711508268));
#4398=DIRECTION('center_axis',(0.140773570488092,0.,0.990041818233975));
#4399=DIRECTION('ref_axis',(0.990041818233975,0.,-0.140773570488092));
#4400=DIRECTION('center_axis',(-0.99004178466116,0.,0.140773806601031));
#4401=DIRECTION('ref_axis',(0.140773806601031,0.,0.99004178466116));
#4402=DIRECTION('center_axis',(-0.99004178466116,0.,0.140773806601031));
#4403=DIRECTION('ref_axis',(0.140773806601031,0.,0.99004178466116));
#4404=DIRECTION('center_axis',(-0.990041784661161,0.,0.14077380660103));
#4405=DIRECTION('ref_axis',(0.14077380660103,0.,0.99004178466116));
#4406=DIRECTION('center_axis',(0.,0.,1.));
#4407=DIRECTION('ref_axis',(1.,0.,0.));
#4408=DIRECTION('center_axis',(0.,0.,-1.));
#4409=DIRECTION('ref_axis',(-1.,0.,0.));
#4410=DIRECTION('',(0.,1.,0.));
#4411=DIRECTION('center_axis',(1.,0.,0.));
#4412=DIRECTION('ref_axis',(0.,0.,-1.));
#4413=DIRECTION('center_axis',(-0.140819110229592,0.,-0.990035341891463));
#4414=DIRECTION('ref_axis',(-0.990035341891463,0.,0.140819110229592));
#4415=DIRECTION('',(0.,1.,0.));
#4416=DIRECTION('center_axis',(-4.4414941726641E-16,0.,-1.));
#4417=DIRECTION('ref_axis',(-1.,0.,4.4414941726641E-16));
#4418=DIRECTION('',(0.,1.,0.));
#4419=DIRECTION('center_axis',(0.140773530775413,0.,-0.9900418238807));
#4420=DIRECTION('ref_axis',(-0.990041823880701,0.,-0.140773530775413));
#4421=DIRECTION('center_axis',(0.074909606395664,0.,0.997190328307313));
#4422=DIRECTION('ref_axis',(0.997190328307313,0.,-0.074909606395664));
#4423=DIRECTION('center_axis',(-0.140773555930189,0.,0.990041820303956));
#4424=DIRECTION('ref_axis',(0.990041820303956,0.,0.140773555930189));
#4425=DIRECTION('center_axis',(-1.,0.,0.));
#4426=DIRECTION('ref_axis',(0.,0.,1.));
#4427=DIRECTION('',(0.,1.,0.));
#4428=DIRECTION('center_axis',(1.23268812580027E-16,0.,1.));
#4429=DIRECTION('ref_axis',(1.,0.,-1.23268812580027E-16));
#4430=DIRECTION('center_axis',(0.,0.,-1.));
#4431=DIRECTION('ref_axis',(-1.,0.,0.));
#4432=DIRECTION('center_axis',(-6.90997583661083E-9,0.,1.));
#4433=DIRECTION('ref_axis',(1.,0.,6.90997583661083E-9));
#4434=CARTESIAN_POINT('',(0.,0.,0.));
#4435=CARTESIAN_POINT('Origin',(111.598331103025,7.84379919617043,-41.8240973269624));
#4436=CARTESIAN_POINT('',(111.598331103025,7.6,-41.0125973269624));
#4437=CARTESIAN_POINT('Origin',(111.598331103025,7.6,-41.8240973269624));
#4438=CARTESIAN_POINT('',(111.598331103025,8.08759839234087,-41.8240973269624));
#4439=CARTESIAN_POINT('',(111.598331103025,7.84379919617043,-41.4183473269625));
#4440=CARTESIAN_POINT('Origin',(111.598331103025,3.6,-41.8240973269624));
#4441=CARTESIAN_POINT('',(111.598331103025,2.6,-41.0125973269624));
#4442=CARTESIAN_POINT('Origin',(111.598331103025,2.6,-41.8240973269624));
#4443=CARTESIAN_POINT('',(111.598331103025,3.6,-41.0125973269624));
#4444=CARTESIAN_POINT('Origin',(-111.598331713075,7.84379919617043,-41.8240956991772));
#4445=CARTESIAN_POINT('',(-111.598331713075,7.6,-41.0125956991772));
#4446=CARTESIAN_POINT('Origin',(-111.598331713075,7.6,-41.8240956991772));
#4447=CARTESIAN_POINT('',(-111.598331713075,8.08759839234087,-41.8240956991772));
#4448=CARTESIAN_POINT('',(-111.598331713075,7.84379919617043,-41.4183456991772));
#4449=CARTESIAN_POINT('Origin',(-111.598331713075,3.6,-41.8240956991772));
#4450=CARTESIAN_POINT('',(-111.598331713075,2.6,-41.0125956991772));
#4451=CARTESIAN_POINT('Origin',(-111.598331713075,2.6,-41.8240956991772));
#4452=CARTESIAN_POINT('',(-111.598331713075,3.6,-41.0125956991772));
#4453=CARTESIAN_POINT('Origin',(-111.598331713075,7.84379919617043,23.2587088725995));
#4454=CARTESIAN_POINT('',(-111.598331713075,7.6,24.0702088725995));
#4455=CARTESIAN_POINT('Origin',(-111.598331713075,7.6,23.2587088725995));
#4456=CARTESIAN_POINT('',(-111.598331713075,8.08759839234087,23.2587088725995));
#4457=CARTESIAN_POINT('',(-111.598331713075,7.84379919617043,23.6644588725995));
#4458=CARTESIAN_POINT('Origin',(-111.598331713075,3.6,23.2587088725995));
#4459=CARTESIAN_POINT('',(-111.598331713075,2.6,24.0702088725995));
#4460=CARTESIAN_POINT('Origin',(-111.598331713075,2.6,23.2587088725995));
#4461=CARTESIAN_POINT('',(-111.598331713075,3.6,24.0702088725995));
#4462=CARTESIAN_POINT('Origin',(111.598331103025,7.84379919617043,23.2587072448142));
#4463=CARTESIAN_POINT('',(111.598331103025,7.6,24.0702072448142));
#4464=CARTESIAN_POINT('Origin',(111.598331103025,7.6,23.2587072448142));
#4465=CARTESIAN_POINT('',(111.598331103025,8.08759839234087,23.2587072448142));
#4466=CARTESIAN_POINT('',(111.598331103025,7.84379919617043,23.6644572448142));
#4467=CARTESIAN_POINT('Origin',(111.598331103025,3.6,23.2587072448142));
#4468=CARTESIAN_POINT('',(111.598331103025,2.6,24.0702072448142));
#4469=CARTESIAN_POINT('Origin',(111.598331103025,2.6,23.2587072448142));
#4470=CARTESIAN_POINT('',(111.598331103025,3.6,24.0702072448142));
#4471=CARTESIAN_POINT('Origin',(4.99999959745876,-3.20000000000009,-46.8240960286698));
#4472=CARTESIAN_POINT('',(5.99999959745876,-3.20000000000009,-46.8240960286698));
#4473=CARTESIAN_POINT('',(4.99999959745876,-4.20000000000009,-46.8240960286698));
#4474=CARTESIAN_POINT('Origin',(4.99999959745876,-3.20000000000009,-46.8240960286698));
#4475=CARTESIAN_POINT('',(4.99999959745876,-4.20000000000009,-44.8240896703638));
#4476=CARTESIAN_POINT('',(4.99999959745876,-4.20000000000009,-46.8240960286698));
#4477=CARTESIAN_POINT('',(5.99999959745876,-3.20000000000009,-44.8240895998942));
#4478=CARTESIAN_POINT('Origin',(4.99999959745876,-3.20000000000009,-44.8240896703638));
#4479=CARTESIAN_POINT('',(5.99999959745876,-3.20000000000009,-46.8240960286698));
#4480=CARTESIAN_POINT('Origin',(-6.00000040254125,-4.20000000000009,-46.8240960286698));
#4481=CARTESIAN_POINT('',(-5.00000040254124,-4.20000000000009,-46.8240960286698));
#4482=CARTESIAN_POINT('',(62.6954408148796,-4.20000000000008,-46.8240960286698));
#4483=CARTESIAN_POINT('',(-5.00000040254124,-4.20000000000009,-44.8240903750599));
#4484=CARTESIAN_POINT('',(-5.00000040254125,-4.20000000000009,-46.8240960286698));
#4485=CARTESIAN_POINT('',(-45.6138187964494,-4.20000000000009,-44.8240932370996));
#4486=CARTESIAN_POINT('Origin',(4.99999959745876,1.6,-22.251036650855));
#4487=CARTESIAN_POINT('',(5.99999959745876,1.6,-44.8240895998942));
#4488=CARTESIAN_POINT('',(4.99999959745876,2.6,-44.8240896703638));
#4489=CARTESIAN_POINT('Origin',(4.99999959745876,1.6,-44.8240896703638));
#4490=CARTESIAN_POINT('',(4.99999959745876,2.59999999999991,-46.8240960286698));
#4491=CARTESIAN_POINT('',(4.99999959745876,2.6,-22.251036650855));
#4492=CARTESIAN_POINT('',(5.99999959745876,1.6,-46.8240960286698));
#4493=CARTESIAN_POINT('Origin',(4.99999959745876,1.6,-46.8240960286698));
#4494=CARTESIAN_POINT('',(5.99999959745876,1.6,-22.251036650855));
#4495=CARTESIAN_POINT('Origin',(-1.36405240258597E-5,2.6,2.32202272695984));
#4496=CARTESIAN_POINT('',(85.2275431670882,2.6,-44.8240840167605));
#4497=CARTESIAN_POINT('',(42.6137664244661,2.6,-44.8240870197365));
#4498=CARTESIAN_POINT('',(124.390936744709,2.6,-44.8230126549688));
#4499=CARTESIAN_POINT('',(63.1960790970398,2.6,-44.8246867139902));
#4500=CARTESIAN_POINT('',(126.390882032301,2.6,-42.8230126557172));
#4501=CARTESIAN_POINT('Origin',(124.390882032301,2.6,-42.8230126557172));
#4502=CARTESIAN_POINT('',(126.390882032301,2.6,-36.8336849740761));
#4503=CARTESIAN_POINT('',(126.390882032301,2.6,10.8272520698397));
#4504=CARTESIAN_POINT('',(124.390882032301,2.6,-38.8336849740761));
#4505=CARTESIAN_POINT('Origin',(124.390882032301,2.6,-36.8336849740761));
#4506=CARTESIAN_POINT('',(106.390882032301,2.6,-38.8336849740761));
#4507=CARTESIAN_POINT('',(63.1954341958882,2.6,-38.8336849740761));
#4508=CARTESIAN_POINT('',(106.390882032301,2.6,-39.833684974076));
#4509=CARTESIAN_POINT('',(106.390882032301,2.6,-18.2558311235581));
#4510=CARTESIAN_POINT('',(104.390882032301,2.6,-41.8336849740761));
#4511=CARTESIAN_POINT('Origin',(104.390882032301,2.6,-39.833684974076));
#4512=CARTESIAN_POINT('',(92.4823498250348,2.6,-41.8336849740761));
#4513=CARTESIAN_POINT('',(53.1954341958882,2.6,-41.833684974076));
#4514=CARTESIAN_POINT('',(85.4777311727494,2.6,-41.8283383920429));
#4515=CARTESIAN_POINT('Origin',(88.9823498250348,2.6,-38.8055369268692));
#4516=CARTESIAN_POINT('',(85.3422358350906,2.6,-41.813755657859));
#4517=CARTESIAN_POINT('Origin',(85.6238740555498,2.6,-39.833684974076));
#4518=CARTESIAN_POINT('',(9.9986442064987,2.6,-31.0971508199246));
#4519=CARTESIAN_POINT('',(40.5107228829998,2.6,-35.437080505941));
#4520=CARTESIAN_POINT('',(-9.99865413426178,2.6,-31.0971506914385));
#4521=CARTESIAN_POINT('',(4.99931528298733,2.6,-31.0971508199246));
#4522=CARTESIAN_POINT('',(-85.299785368299,2.6,-41.8041792830664));
#4523=CARTESIAN_POINT('',(-2.76956312681344,2.6,-30.0692500100043));
#4524=CARTESIAN_POINT('',(-85.435238975695,2.6,-41.8187526741599));
#4525=CARTESIAN_POINT('Origin',(-85.5813324298498,2.6,-39.824095635305));
#4526=CARTESIAN_POINT('',(-92.4398544702573,2.6,-41.8240956526486));
#4527=CARTESIAN_POINT('Origin',(-88.9398544776114,2.6,-38.7959704937084));
#4528=CARTESIAN_POINT('',(-104.390890957129,2.6,-41.8240955896663));
#4529=CARTESIAN_POINT('',(-42.7199341089478,2.6,-41.8240957393021));
#4530=CARTESIAN_POINT('',(-106.390890952277,2.6,-39.8240955896663));
#4531=CARTESIAN_POINT('Origin',(-104.390890952277,2.6,-39.8240955896663));
#4532=CARTESIAN_POINT('',(-106.390890952277,2.6,-38.8240952111377));
#4533=CARTESIAN_POINT('',(-106.390890952277,2.6,-19.7510362420889));
#4534=CARTESIAN_POINT('',(-124.390882591205,2.6,-38.8240952111377));
#4535=CARTESIAN_POINT('',(-53.1954522964003,2.6,-38.8240952111377));
#4536=CARTESIAN_POINT('',(-126.390882591205,2.6,-36.8240952111378));
#4537=CARTESIAN_POINT('Origin',(-124.390882591205,2.6,-36.8240952111377));
#4538=CARTESIAN_POINT('',(-126.390882591205,2.6,-42.824094473063));
#4539=CARTESIAN_POINT('',(-126.390882591205,2.6,-21.2510358333314));
#4540=CARTESIAN_POINT('',(-124.390882670647,2.6,-44.824094473063));
#4541=CARTESIAN_POINT('Origin',(-124.390882591205,2.6,-42.824094473063));
#4542=CARTESIAN_POINT('',(-85.227637049418,2.6,-44.8240960286698));
#4543=CARTESIAN_POINT('',(-42.6138262813187,2.6,-44.8240977213367));
#4544=CARTESIAN_POINT('',(-5.00000040254124,2.6,-44.8240903750599));
#4545=CARTESIAN_POINT('',(42.6137664244661,2.6,-44.8240870197365));
#4546=CARTESIAN_POINT('',(-5.00000040254124,2.59999999999991,-46.8240960286698));
#4547=CARTESIAN_POINT('',(-5.00000040254124,2.6,-22.251036650855));
#4548=CARTESIAN_POINT('',(68.6954408148796,2.59999999999991,-46.8240960286698));
#4549=CARTESIAN_POINT('Origin',(-5.00000040254124,1.6,-22.251036650855));
#4550=CARTESIAN_POINT('',(-6.00000040254125,1.6,-44.8240904455295));
#4551=CARTESIAN_POINT('Origin',(-5.00000040254124,1.6,-44.8240903750599));
#4552=CARTESIAN_POINT('',(-6.00000040254125,1.6,-46.8240960286698));
#4553=CARTESIAN_POINT('',(-6.00000040254124,1.6,-22.251036650855));
#4554=CARTESIAN_POINT('Origin',(-5.00000040254124,1.6,-46.8240960286698));
#4555=CARTESIAN_POINT('Origin',(-6.00000040254124,2.59999999999991,-46.8240960286698));
#4556=CARTESIAN_POINT('',(-6.00000040254125,-3.20000000000009,-44.8240904455295));
#4557=CARTESIAN_POINT('',(-6.00000040254125,1.29999999999995,-44.8240904455295));
#4558=CARTESIAN_POINT('',(-6.00000040254125,-3.20000000000009,-46.8240960286698));
#4559=CARTESIAN_POINT('',(-6.00000040254125,-3.20000000000009,-46.8240960286698));
#4560=CARTESIAN_POINT('',(-6.00000040254125,2.09999999999997,-46.8240960286698));
#4561=CARTESIAN_POINT('Origin',(-5.00000040254125,-3.20000000000009,-46.8240960286698));
#4562=CARTESIAN_POINT('Origin',(-5.00000040254125,-3.20000000000009,-46.8240960286698));
#4563=CARTESIAN_POINT('Origin',(-5.00000040254125,-3.20000000000009,-44.8240903750599));
#4564=CARTESIAN_POINT('Origin',(-124.390882591205,0.8,-36.8240952111377));
#4565=CARTESIAN_POINT('',(-126.390882591205,8.6,-36.8240952111378));
#4566=CARTESIAN_POINT('',(-124.390882591205,8.6,-38.8240952111377));
#4567=CARTESIAN_POINT('Origin',(-124.390882591205,8.6,-36.8240952111377));
#4568=CARTESIAN_POINT('',(-126.390882591205,0.8,-36.8240952111378));
#4569=CARTESIAN_POINT('',(-124.390882591205,0.8,-38.8240952111377));
#4570=CARTESIAN_POINT('Origin',(-126.390882591205,0.,19.3324827005395));
#4571=CARTESIAN_POINT('',(-126.390882591205,8.6,-36.3175172994603));
#4572=CARTESIAN_POINT('',(-126.390882591205,8.6,-18.1284334813791));
#4573=CARTESIAN_POINT('',(-126.390882591205,12.6,-36.3175172994603));
#4574=CARTESIAN_POINT('',(-126.390882591205,4.3,-36.3175172994603));
#4575=CARTESIAN_POINT('',(-126.390882591205,12.6,16.8324827005395));
#4576=CARTESIAN_POINT('',(-126.390882591205,12.6,-17.997747246116));
#4577=CARTESIAN_POINT('',(-126.390882591205,8.6,16.8324827005395));
#4578=CARTESIAN_POINT('',(-126.390882591205,4.3,16.8324827005395));
#4579=CARTESIAN_POINT('',(-126.390882591205,8.6,17.3324827005395));
#4580=CARTESIAN_POINT('',(-126.390882591205,8.6,-18.1284334813791));
#4581=CARTESIAN_POINT('',(-126.390882591205,2.6,17.3324827005395));
#4582=CARTESIAN_POINT('',(-126.390882591205,0.8,17.3324827005395));
#4583=CARTESIAN_POINT('',(-126.390882591205,2.6,18.1781373852363));
#4584=CARTESIAN_POINT('',(-126.390882591205,2.6,10.8272527137488));
#4585=CARTESIAN_POINT('',(-126.390882591205,-7.80901268838422,18.1781373852363));
#4586=CARTESIAN_POINT('',(-126.390882591205,0.,18.1781373852363));
#4587=CARTESIAN_POINT('',(-126.390882591205,-13.,-11.2614145809965));
#4588=CARTESIAN_POINT('',(-126.390882591205,-8.85624808746309,12.2389703055802));
#4589=CARTESIAN_POINT('',(-126.390882591205,-13.,-42.824094473063));
#4590=CARTESIAN_POINT('',(-126.390882591205,-13.,10.8272527538839));
#4591=CARTESIAN_POINT('',(-126.390882591205,0.,-42.824094473063));
#4592=CARTESIAN_POINT('Origin',(104.390882032301,1.6,-39.833684974076));
#4593=CARTESIAN_POINT('',(104.390882032301,8.6,-41.8336849740761));
#4594=CARTESIAN_POINT('',(106.390882032301,8.6,-39.833684974076));
#4595=CARTESIAN_POINT('Origin',(104.390882032301,8.6,-39.833684974076));
#4596=CARTESIAN_POINT('',(104.390882032301,1.6,-41.8336849740761));
#4597=CARTESIAN_POINT('',(106.390882032301,1.6,-39.833684974076));
#4598=CARTESIAN_POINT('Origin',(106.390882032301,1.6,-41.8336849740761));
#4599=CARTESIAN_POINT('',(85.6238740555498,8.6,-41.8336849740761));
#4600=CARTESIAN_POINT('',(53.1954341958882,8.6,-41.833684974076));
#4601=CARTESIAN_POINT('',(85.6238740555498,6.8,-41.8336849740761));
#4602=CARTESIAN_POINT('',(85.6238740555498,1.6,-41.833684974076));
#4603=CARTESIAN_POINT('',(92.4823498250348,6.8,-41.8336849740761));
#4604=CARTESIAN_POINT('',(53.2060648548446,6.8,-41.833684974076));
#4605=CARTESIAN_POINT('',(92.4823498250348,2.6,-41.8336849740761));
#4606=CARTESIAN_POINT('Origin',(124.390882032301,0.8,-36.8336849740761));
#4607=CARTESIAN_POINT('',(124.390882032301,8.6,-38.8336849740761));
#4608=CARTESIAN_POINT('',(126.390882032301,8.6,-36.8336849740761));
#4609=CARTESIAN_POINT('Origin',(124.390882032301,8.6,-36.8336849740761));
#4610=CARTESIAN_POINT('',(124.390882032301,0.8,-38.8336849740761));
#4611=CARTESIAN_POINT('',(126.390882032301,0.8,-36.8336849740761));
#4612=CARTESIAN_POINT('Origin',(-1.36405239992143E-5,8.6,2.56722824838143));
#4613=CARTESIAN_POINT('',(-106.390890952277,8.6,-38.8240952111377));
#4614=CARTESIAN_POINT('',(-53.1954522964003,8.6,-38.8240952111377));
#4615=CARTESIAN_POINT('',(-106.390890952277,8.6,-39.8240955896663));
#4616=CARTESIAN_POINT('',(-106.390890952277,8.6,-19.6284334813781));
#4617=CARTESIAN_POINT('',(-104.390890957129,8.6,-41.8240955896663));
#4618=CARTESIAN_POINT('Origin',(-104.390890952277,8.6,-39.8240955896663));
#4619=CARTESIAN_POINT('',(-85.5813324347025,8.6,-41.824095635305));
#4620=CARTESIAN_POINT('',(-42.7199341092453,8.6,-41.8240957393021));
#4621=CARTESIAN_POINT('',(-85.299785368299,8.6,-41.8041792830664));
#4622=CARTESIAN_POINT('Origin',(-85.5813324298498,8.6,-39.824095635305));
#4623=CARTESIAN_POINT('',(-9.99865413426178,8.6,-31.0971506914385));
#4624=CARTESIAN_POINT('',(-2.75247577369274,8.6,-30.0668203681726));
#4625=CARTESIAN_POINT('',(9.99864420649869,8.6,-31.0971508199246));
#4626=CARTESIAN_POINT('',(4.99931528298734,8.6,-31.0971508199246));
#4627=CARTESIAN_POINT('',(85.3422358350907,8.6,-41.813755657859));
#4628=CARTESIAN_POINT('',(40.4936301092705,8.6,-35.4346492905227));
#4629=CARTESIAN_POINT('Origin',(85.6238740555498,8.6,-39.833684974076));
#4630=CARTESIAN_POINT('',(106.3908820323,8.6,-38.8336849740761));
#4631=CARTESIAN_POINT('',(106.390882032301,8.6,-18.1332283628473));
#4632=CARTESIAN_POINT('',(63.1954341958883,8.6,-38.8336849740761));
#4633=CARTESIAN_POINT('',(126.390882032301,8.6,-36.3175188232833));
#4634=CARTESIAN_POINT('',(126.390882032301,8.6,10.9498548305504));
#4635=CARTESIAN_POINT('',(124.390882042688,8.6,-38.3175188232833));
#4636=CARTESIAN_POINT('Origin',(124.390882032301,8.6,-36.3175188232833));
#4637=CARTESIAN_POINT('',(86.9809979149914,8.6,-38.3175190175722));
#4638=CARTESIAN_POINT('',(63.1954343020561,8.6,-38.3175191411029));
#4639=CARTESIAN_POINT('',(84.8380255789501,8.6,-40.0760530451572));
#4640=CARTESIAN_POINT('Origin',(84.9948882620896,8.6,-38.0822140098692));
#4641=CARTESIAN_POINT('',(66.6774768038354,8.6,-38.6472955789164));
#4642=CARTESIAN_POINT('',(42.0108391513259,8.6,-36.7066800639617));
#4643=CARTESIAN_POINT('',(66.5527918737729,8.6,-38.6335401129507));
#4644=CARTESIAN_POINT('Origin',(66.8343394869749,8.6,-36.6534565436284));
#4645=CARTESIAN_POINT('',(12.0141141204892,8.6,-30.8786984554905));
#4646=CARTESIAN_POINT('',(31.0957840023608,8.6,-33.5919165713245));
#4647=CARTESIAN_POINT('',(10.315578164369,8.6,-28.6170672729661));
#4648=CARTESIAN_POINT('Origin',(12.2956617336913,8.6,-28.8986148861681));
#4649=CARTESIAN_POINT('',(12.7157714562332,8.6,-11.7368556229134));
#4650=CARTESIAN_POINT('',(12.2456990008202,8.6,-15.0428070915419));
#4651=CARTESIAN_POINT('',(12.1453971399792,8.6,-11.6557542425623));
#4652=CARTESIAN_POINT('',(5.48708098455765,8.6,-10.7090099456503));
#4653=CARTESIAN_POINT('',(10.4468611551764,8.6,-9.39412305595959));
#4654=CARTESIAN_POINT('Origin',(12.4269447244987,8.6,-9.67567066916165));
#4655=CARTESIAN_POINT('',(12.847054383073,8.6,7.48608814421767));
#4656=CARTESIAN_POINT('',(11.0361115376428,8.6,-5.25001049443304));
#4657=CARTESIAN_POINT('',(12.1454137449667,8.6,7.58585424424423));
#4658=CARTESIAN_POINT('',(6.89359270169622,8.6,8.33260931381752));
#4659=CARTESIAN_POINT('',(10.4468777447765,8.6,9.84748543303491));
#4660=CARTESIAN_POINT('Origin',(12.4269613140988,8.6,9.56593781983284));
#4661=CARTESIAN_POINT('',(12.8470709358338,8.6,26.7276963741273));
#4662=CARTESIAN_POINT('',(9.69525770670977,8.6,4.56145060992601));
#4663=CARTESIAN_POINT('',(8.63719780560714,8.6,27.3262971267034));
#4664=CARTESIAN_POINT('',(8.23447112990181,8.6,27.3835607267461));
#4665=CARTESIAN_POINT('',(6.93866179897712,8.6,29.5879283164098));
#4666=CARTESIAN_POINT('Origin',(8.91874536829944,8.6,29.3063807032077));
#4667=CARTESIAN_POINT('',(9.05730764931428,8.6,44.4880576045058));
#4668=CARTESIAN_POINT('',(4.84617136595775,8.6,14.8717462885683));
#4669=CARTESIAN_POINT('',(11.3189383596128,8.6,46.1865936277717));
#4670=CARTESIAN_POINT('Origin',(11.0373912186366,8.6,44.2065099913038));
#4671=CARTESIAN_POINT('',(70.6348147597322,8.6,37.7524976596135));
#4672=CARTESIAN_POINT('',(7.82122876060366,8.6,46.6839312752474));
#4673=CARTESIAN_POINT('',(87.6340593274084,8.6,36.4149117893838));
#4674=CARTESIAN_POINT('',(36.9104759255529,8.6,40.4060978786029));
#4675=CARTESIAN_POINT('',(89.4713176283236,8.6,34.268130057633));
#4676=CARTESIAN_POINT('Origin',(87.4771742053071,8.6,34.4210745195788));
#4677=CARTESIAN_POINT('',(88.2874524411297,8.6,18.8324814127195));
#4678=CARTESIAN_POINT('',(88.0774547043274,8.6,16.0944574243701));
#4679=CARTESIAN_POINT('',(124.390882032301,8.6,18.8324814127195));
#4680=CARTESIAN_POINT('',(44.1437194003029,8.6,18.8324814127195));
#4681=CARTESIAN_POINT('',(126.390882032301,8.6,16.8324814127195));
#4682=CARTESIAN_POINT('Origin',(124.390882032301,8.6,16.8324814127195));
#4683=CARTESIAN_POINT('',(126.390882032301,8.6,17.3324814127195));
#4684=CARTESIAN_POINT('',(126.390882032301,8.6,10.9498548305504));
#4685=CARTESIAN_POINT('',(124.390882032301,8.6,19.3324814127195));
#4686=CARTESIAN_POINT('Origin',(124.390882032301,8.6,17.3324814127195));
#4687=CARTESIAN_POINT('',(90.3648031682247,8.6,19.3324814127195));
#4688=CARTESIAN_POINT('',(45.1823947638503,8.6,19.3324814127195));
#4689=CARTESIAN_POINT('',(90.3648031682247,8.6,34.916356822457));
#4690=CARTESIAN_POINT('',(90.3648031682247,8.6,19.6694894527917));
#4691=CARTESIAN_POINT('',(88.514622381016,8.6,36.9107374790716));
#4692=CARTESIAN_POINT('Origin',(88.3648031682247,8.6,34.916356822457));
#4693=CARTESIAN_POINT('',(70.6891799426025,8.6,38.2497966726728));
#4694=CARTESIAN_POINT('',(36.8756460558163,8.6,40.7898920209753));
#4695=CARTESIAN_POINT('',(9.51428844197101,8.6,46.9482249732308));
#4696=CARTESIAN_POINT('',(7.87410415857353,8.6,47.1814419849633));
#4697=CARTESIAN_POINT('',(9.23274133434264,8.6,46.9681413361692));
#4698=CARTESIAN_POINT('Origin',(9.23274130517042,8.6,44.9681413361692));
#4699=CARTESIAN_POINT('',(3.42541177644762E-7,8.6,46.9681414708389));
#4700=CARTESIAN_POINT('',(-6.32517316864047E-6,8.6,46.968141470839));
#4701=CARTESIAN_POINT('',(-9.23274152299056,8.6,46.9681414708389));
#4702=CARTESIAN_POINT('',(-4.68711657552808,8.6,46.9681414708389));
#4703=CARTESIAN_POINT('',(-9.51428863485095,8.6,46.9482251114468));
#4704=CARTESIAN_POINT('Origin',(-9.23274152299057,8.6,44.9681414708389));
#4705=CARTESIAN_POINT('',(-70.6891793846868,8.6,38.2497977037528));
#4706=CARTESIAN_POINT('',(-38.5315972875997,8.6,42.8222683702284));
#4707=CARTESIAN_POINT('',(-88.514621815569,8.6,36.9107387721884));
#4708=CARTESIAN_POINT('',(-46.7134706670399,8.6,40.0508686742736));
#4709=CARTESIAN_POINT('',(-90.3648026318679,8.6,34.9163581133885));
#4710=CARTESIAN_POINT('Origin',(-88.3648026318679,8.6,34.9163581133885));
#4711=CARTESIAN_POINT('',(-90.3648026318679,8.6,19.3324827005395));
#4712=CARTESIAN_POINT('',(-90.3648026318679,8.6,10.9498554744605));
#4713=CARTESIAN_POINT('',(-124.390882591205,8.6,19.3324827005395));
#4714=CARTESIAN_POINT('',(-63.1954481158647,8.6,19.3324827005395));
#4715=CARTESIAN_POINT('Origin',(-124.390882591205,8.6,17.3324827005395));
#4716=CARTESIAN_POINT('',(-124.390882591205,8.6,18.8324827005395));
#4717=CARTESIAN_POINT('Origin',(-124.390882591205,8.6,16.8324827005395));
#4718=CARTESIAN_POINT('',(-88.2874322576102,8.6,18.832482700539));
#4719=CARTESIAN_POINT('',(-63.1954522922147,8.6,18.8324827005386));
#4720=CARTESIAN_POINT('',(-89.4711209125905,8.6,34.2683875901315));
#4721=CARTESIAN_POINT('',(-87.4093673747582,8.6,7.38206796388601));
#4722=CARTESIAN_POINT('',(-87.6338355340641,8.6,36.4151461035397));
#4723=CARTESIAN_POINT('Origin',(-87.4769755572244,8.6,34.4213068553389));
#4724=CARTESIAN_POINT('',(-70.6348140880913,8.6,37.752498707427));
#4725=CARTESIAN_POINT('',(-46.404662476867,8.6,39.6587411610202));
#4726=CARTESIAN_POINT('',(-11.3189335672863,8.6,46.1865943707596));
#4727=CARTESIAN_POINT('',(-38.4692212499401,8.6,42.3261084167125));
#4728=CARTESIAN_POINT('',(-9.05730281484425,8.6,44.4880578419832));
#4729=CARTESIAN_POINT('Origin',(-11.0373864554557,8.6,44.2065107301474));
#4730=CARTESIAN_POINT('',(-6.93866079828016,8.6,29.587928446382));
#4731=CARTESIAN_POINT('',(-6.18704254098867,8.6,24.3018965437854));
#4732=CARTESIAN_POINT('',(-8.63719732706087,8.6,27.3262976939341));
#4733=CARTESIAN_POINT('Origin',(-8.91874443889157,8.6,29.3063813345462));
#4734=CARTESIAN_POINT('',(-12.847066095435,8.6,26.7276985395289));
#4735=CARTESIAN_POINT('',(-5.13950292902353,8.6,27.8236331274663));
#4736=CARTESIAN_POINT('',(-10.4468771113531,8.6,9.84748592891535));
#4737=CARTESIAN_POINT('',(-11.0361268950282,8.6,13.9916019527622));
#4738=CARTESIAN_POINT('',(-12.1454136412838,8.6,7.58585518613412));
#4739=CARTESIAN_POINT('Origin',(-12.4269607533346,8.6,9.56593882671497));
#4740=CARTESIAN_POINT('',(-12.8470501103668,8.6,7.48608984413987));
#4741=CARTESIAN_POINT('',(-5.55274300321344,8.6,8.52326375858506));
#4742=CARTESIAN_POINT('',(-10.4468608375381,8.6,-9.39412286819476));
#4743=CARTESIAN_POINT('',(-12.3769788872138,8.6,4.18014129808331));
#4744=CARTESIAN_POINT('',(-12.1453973412987,8.6,-11.6557536394288));
#4745=CARTESIAN_POINT('Origin',(-12.4269444750355,8.6,-9.67567000193151));
#4746=CARTESIAN_POINT('',(-12.7157648497873,8.6,-11.7368539193112));
#4747=CARTESIAN_POINT('',(-4.21186669203292,8.6,-10.5276887575147));
#4748=CARTESIAN_POINT('',(-10.3155757678043,8.6,-28.6170670584405));
#4749=CARTESIAN_POINT('',(-13.5865617554814,8.6,-5.61265417215368));
#4750=CARTESIAN_POINT('',(-12.0141122975781,8.6,-30.8786978038682));
#4751=CARTESIAN_POINT('Origin',(-12.2956594094138,8.6,-28.8986141632568));
#4752=CARTESIAN_POINT('',(-66.5527827452151,8.6,-38.6335243338995));
#4753=CARTESIAN_POINT('',(-2.80535610216359,8.6,-29.5693093228756));
#4754=CARTESIAN_POINT('',(-66.677490943439,8.6,-38.6472815984701));
#4755=CARTESIAN_POINT('Origin',(-66.8343298570508,8.6,-36.6534406932881));
#4756=CARTESIAN_POINT('',(-84.8382798343657,8.6,-40.0758401121325));
#4757=CARTESIAN_POINT('',(-31.9014544331461,8.6,-35.9117394738088));
#4758=CARTESIAN_POINT('',(-86.9812031439941,8.6,-38.3175172994602));
#4759=CARTESIAN_POINT('Origin',(-84.9951187479775,8.6,-38.0819992069504));
#4760=CARTESIAN_POINT('',(-124.390882591205,8.6,-38.3175172994602));
#4761=CARTESIAN_POINT('',(-43.490608392259,8.6,-38.3175172994602));
#4762=CARTESIAN_POINT('Origin',(-124.390882591205,8.6,-36.3175172994602));
#4763=CARTESIAN_POINT('Origin',(126.390882032301,0.,-44.8229579440572));
#4764=CARTESIAN_POINT('',(126.390882032301,-13.,-42.8230126557172));
#4765=CARTESIAN_POINT('',(126.390882032301,0.,-42.8230126557172));
#4766=CARTESIAN_POINT('',(126.3908820323,-13.,-11.2614145809965));
#4767=CARTESIAN_POINT('',(126.390882032301,-13.,-21.2504675684135));
#4768=CARTESIAN_POINT('',(126.3908820323,-7.80901291239936,18.1781361147833));
#4769=CARTESIAN_POINT('',(126.3908820323,-14.3418613385595,-18.8714883948171));
#4770=CARTESIAN_POINT('',(126.390882032301,2.6,18.1781361147833));
#4771=CARTESIAN_POINT('',(126.390882032301,0.,18.1781361147833));
#4772=CARTESIAN_POINT('',(126.390882032301,2.6,17.3324814127195));
#4773=CARTESIAN_POINT('',(126.390882032301,2.6,-21.2504676085487));
#4774=CARTESIAN_POINT('',(126.390882032301,0.8,17.3324814127195));
#4775=CARTESIAN_POINT('',(126.390882032301,12.6,16.8324814127195));
#4776=CARTESIAN_POINT('',(126.390882032301,4.3,16.8324814127195));
#4777=CARTESIAN_POINT('',(126.390882032301,12.6,-36.3175188232833));
#4778=CARTESIAN_POINT('',(126.390882032301,12.6,10.5772521099748));
#4779=CARTESIAN_POINT('',(126.390882032301,4.3,-36.3175188232833));
#4780=CARTESIAN_POINT('Origin',(-104.390890952277,1.6,-39.8240955896663));
#4781=CARTESIAN_POINT('',(-106.390890952277,1.6,-39.8240955896663));
#4782=CARTESIAN_POINT('',(-104.390890957129,1.6,-41.8240955896663));
#4783=CARTESIAN_POINT('Origin',(-106.390890952277,1.6,-41.8240952111377));
#4784=CARTESIAN_POINT('',(-106.390890952277,1.6,-38.8240952111377));
#4785=CARTESIAN_POINT('Origin',(124.390882032301,0.,18.1781361147833));
#4786=CARTESIAN_POINT('',(125.391343503162,2.6,19.909920410047));
#4787=CARTESIAN_POINT('Origin',(124.390882032301,2.6,18.1781361147833));
#4788=CARTESIAN_POINT('',(125.391343503162,-7.50365261637717,19.909920410047));
#4789=CARTESIAN_POINT('Origin',(124.390882032301,-7.80901291239936,18.1781361147833));
#4790=CARTESIAN_POINT('',(125.391343503162,0.,19.909920410047));
#4791=CARTESIAN_POINT('Origin',(126.390882032301,0.,19.3324814127195));
#4792=CARTESIAN_POINT('',(93.0958939081812,-4.21387397224239,38.5671822250952));
#4793=CARTESIAN_POINT('',(82.5182676586121,-3.13638319945935,44.6779360555855));
#4794=CARTESIAN_POINT('',(93.0958939081812,2.6,38.5671822250952));
#4795=CARTESIAN_POINT('',(93.0958939081812,0.,38.5671822250952));
#4796=CARTESIAN_POINT('',(65.8717979643334,2.6,54.2946946787784));
#4797=CARTESIAN_POINT('Origin',(124.390882032301,0.8,17.3324814127195));
#4798=CARTESIAN_POINT('',(124.390882032301,2.6,19.3324814127195));
#4799=CARTESIAN_POINT('Origin',(124.390882032301,2.6,17.3324814127195));
#4800=CARTESIAN_POINT('',(124.390882032301,0.8,19.3324814127195));
#4801=CARTESIAN_POINT('Origin',(-124.390882591205,0.,18.1781373852363));
#4802=CARTESIAN_POINT('',(-125.391344039506,2.6,19.9099216935333));
#4803=CARTESIAN_POINT('Origin',(-124.390882591205,2.6,18.1781373852363));
#4804=CARTESIAN_POINT('',(-125.391344039506,-7.5036523900639,19.9099216935333));
#4805=CARTESIAN_POINT('',(-125.391344039506,0.,19.9099216935333));
#4806=CARTESIAN_POINT('Origin',(-124.390882591205,-7.80901268838421,18.1781373852363));
#4807=CARTESIAN_POINT('Origin',(-1.36405240258597E-5,2.6,2.32202272695984));
#4808=CARTESIAN_POINT('',(92.3510346307149,2.6,38.8189975665353));
#4809=CARTESIAN_POINT('Origin',(92.0954324373198,2.6,36.8353979298315));
#4810=CARTESIAN_POINT('',(9.83567813211645,2.6,49.4517410494253));
#4811=CARTESIAN_POINT('',(7.92143760188346,2.6,49.698405784163));
#4812=CARTESIAN_POINT('',(9.58007595330739,2.6,49.4681414127214));
#4813=CARTESIAN_POINT('Origin',(9.58007593872129,2.6,47.4681414127214));
#4814=CARTESIAN_POINT('',(3.60773818356916E-7,2.6,49.4681414825894));
#4815=CARTESIAN_POINT('',(-6.46795551160523E-6,2.6,49.4681414825895));
#4816=CARTESIAN_POINT('',(-9.58007523992513,2.6,49.4681414825894));
#4817=CARTESIAN_POINT('',(-4.8542080575194,2.6,49.4681414825894));
#4818=CARTESIAN_POINT('',(-9.83567740272361,2.6,49.4517411232359));
#4819=CARTESIAN_POINT('Origin',(-9.58007523992513,2.6,47.4681414825894));
#4820=CARTESIAN_POINT('',(-92.3510340619804,2.6,38.8189989135626));
#4821=CARTESIAN_POINT('',(-49.4416018712318,2.6,44.348211284682));
#4822=CARTESIAN_POINT('',(-93.0958933474828,2.6,38.5671835812132));
#4823=CARTESIAN_POINT('Origin',(-92.095431899182,2.6,36.8353992729162));
#4824=CARTESIAN_POINT('',(-82.6928959629759,2.6,44.5770531591452));
#4825=CARTESIAN_POINT('',(-124.390882591205,2.6,19.3324827005395));
#4826=CARTESIAN_POINT('Origin',(-124.390882591205,2.6,17.3324827005395));
#4827=CARTESIAN_POINT('',(-90.3648026318679,2.6,19.3324827005395));
#4828=CARTESIAN_POINT('',(-63.1954481158647,2.6,19.3324827005395));
#4829=CARTESIAN_POINT('',(-90.3648026318679,2.6,34.9163581133885));
#4830=CARTESIAN_POINT('',(-90.3648026318679,2.6,10.8272527137497));
#4831=CARTESIAN_POINT('',(-88.514621815569,2.6,36.9107387721884));
#4832=CARTESIAN_POINT('Origin',(-88.3648026318679,2.6,34.9163581133885));
#4833=CARTESIAN_POINT('',(-70.6891793846868,2.6,38.2497977037528));
#4834=CARTESIAN_POINT('',(-46.7226289854448,2.6,40.0501806953858));
#4835=CARTESIAN_POINT('',(-9.51428863485094,2.6,46.9482251114468));
#4836=CARTESIAN_POINT('',(-38.5486846437121,2.6,42.8198387275284));
#4837=CARTESIAN_POINT('',(-9.23274152299056,2.6,46.9681414708389));
#4838=CARTESIAN_POINT('Origin',(-9.23274152299057,2.6,44.9681414708389));
#4839=CARTESIAN_POINT('',(-3.5,2.6,46.9681414708389));
#4840=CARTESIAN_POINT('',(-4.68711657552809,2.6,46.9681414708389));
#4841=CARTESIAN_POINT('',(3.5000000145861,2.6,46.9681414197876));
#4842=CARTESIAN_POINT('Origin',(-1.47912262098622E-8,2.6,43.9400165031947));
#4843=CARTESIAN_POINT('',(9.23274133434264,2.6,46.9681413361692));
#4844=CARTESIAN_POINT('',(-6.32338488495906E-6,2.6,46.968141470839));
#4845=CARTESIAN_POINT('',(9.51428844197101,2.6,46.9482249732308));
#4846=CARTESIAN_POINT('Origin',(9.23274130517042,2.6,44.9681413361692));
#4847=CARTESIAN_POINT('',(70.6891799426025,2.6,38.2497966726728));
#4848=CARTESIAN_POINT('',(7.89119151616885,2.6,47.1790123418329));
#4849=CARTESIAN_POINT('',(88.514622381016,2.6,36.9107374790716));
#4850=CARTESIAN_POINT('',(36.8848043759894,2.6,40.7892040418203));
#4851=CARTESIAN_POINT('',(90.3648031682247,2.6,34.916356822457));
#4852=CARTESIAN_POINT('Origin',(88.3648031682247,2.6,34.916356822457));
#4853=CARTESIAN_POINT('',(90.3648031682247,2.6,19.3324814127195));
#4854=CARTESIAN_POINT('',(90.3648031682247,2.6,19.5468866920809));
#4855=CARTESIAN_POINT('',(45.1823947638503,2.6,19.3324814127195));
#4856=CARTESIAN_POINT('Origin',(-124.390882591205,0.8,17.3324827005395));
#4857=CARTESIAN_POINT('',(-124.390882591205,0.8,19.3324827005395));
#4858=CARTESIAN_POINT('Origin',(88.3648031682247,1.6,34.916356822457));
#4859=CARTESIAN_POINT('',(90.3648031682247,1.6,34.916356822457));
#4860=CARTESIAN_POINT('',(88.514622381016,1.6,36.9107374790716));
#4861=CARTESIAN_POINT('Origin',(90.3648031682247,1.6,36.7717506572019));
#4862=CARTESIAN_POINT('',(90.3648031682247,1.6,19.3324814127195));
#4863=CARTESIAN_POINT('Origin',(-88.3648026318679,1.6,34.9163581133885));
#4864=CARTESIAN_POINT('',(-88.514621815569,1.6,36.9107387721884));
#4865=CARTESIAN_POINT('',(-90.3648026318679,1.6,34.9163581133885));
#4866=CARTESIAN_POINT('Origin',(-90.3648026318679,1.6,36.7717519752727));
#4867=CARTESIAN_POINT('',(-70.6891793846868,1.6,38.2497977037528));
#4868=CARTESIAN_POINT('Origin',(9.23274130517042,1.6,44.9681413361692));
#4869=CARTESIAN_POINT('',(9.51428844197101,1.6,46.9482249732308));
#4870=CARTESIAN_POINT('',(9.23274133434264,1.6,46.9681413361692));
#4871=CARTESIAN_POINT('Origin',(9.37421931988377,1.6,46.9681413341056));
#4872=CARTESIAN_POINT('',(70.6891799426025,1.6,38.2497966726728));
#4873=CARTESIAN_POINT('Origin',(-9.23274152299057,1.6,44.9681414708389));
#4874=CARTESIAN_POINT('',(-9.23274152299056,1.6,46.9681414708389));
#4875=CARTESIAN_POINT('',(-9.51428863485094,1.6,46.9482251114468));
#4876=CARTESIAN_POINT('Origin',(-9.3742195105322,1.6,46.9681414708389));
#4877=CARTESIAN_POINT('',(3.425411843061E-7,6.8,46.9681414708389));
#4878=CARTESIAN_POINT('',(3.425411843061E-7,1.6,46.9681414708389));
#4879=CARTESIAN_POINT('',(-3.5,6.8,46.9681414708389));
#4880=CARTESIAN_POINT('',(-4.67648591657169,6.8,46.9681414708389));
#4881=CARTESIAN_POINT('',(-3.49999999999999,2.6,46.9681414708389));
#4882=CARTESIAN_POINT('Origin',(124.390882032301,0.,-42.8230126557172));
#4883=CARTESIAN_POINT('',(124.390936744709,-13.,-44.8230126549688));
#4884=CARTESIAN_POINT('',(124.390936744709,0.,-44.8230126549688));
#4885=CARTESIAN_POINT('Origin',(124.390882032301,-13.,-42.8230126557172));
#4886=CARTESIAN_POINT('Origin',(92.0954324373198,0.,36.8353979298315));
#4887=CARTESIAN_POINT('',(92.3510346307149,-4.16947213339018,38.8189975665353));
#4888=CARTESIAN_POINT('Origin',(92.0954324373198,-4.51923426826458,36.8353979298315));
#4889=CARTESIAN_POINT('',(92.3510346307149,0.,38.8189975665353));
#4890=CARTESIAN_POINT('Origin',(92.7487062090046,0.,38.7677545002527));
#4891=CARTESIAN_POINT('',(9.83567813211645,-2.29463257840459,49.4517410494253));
#4892=CARTESIAN_POINT('',(49.3892222103794,-3.19333255528772,44.3549602092371));
#4893=CARTESIAN_POINT('',(9.83567813211645,0.,49.4517410494253));
#4894=CARTESIAN_POINT('Origin',(9.58007593872129,0.,47.4681414127214));
#4895=CARTESIAN_POINT('',(9.58007595330739,-2.29174075186205,49.4681414127214));
#4896=CARTESIAN_POINT('Origin',(9.58007593872129,-2.64439471327899,47.4681414127214));
#4897=CARTESIAN_POINT('',(9.58007595330739,0.,49.4681414127214));
#4898=CARTESIAN_POINT('Origin',(9.70840319606242,0.,49.4681414117855));
#4899=CARTESIAN_POINT('',(3.60773818356916E-7,-2.29174073954244,49.4681414825894));
#4900=CARTESIAN_POINT('',(4.85420162837047,-2.29174074578476,49.4681414471875));
#4901=CARTESIAN_POINT('',(3.60773818356916E-7,0.,49.4681414825894));
#4902=CARTESIAN_POINT('Origin',(-9.58007523992513,0.,47.4681414825894));
#4903=CARTESIAN_POINT('',(-9.58007523992513,-2.29174073954244,49.4681414825894));
#4904=CARTESIAN_POINT('',(-9.58007523992513,0.,49.4681414825894));
#4905=CARTESIAN_POINT('',(-9.83567740272361,-2.29463256538979,49.4517411232359));
#4906=CARTESIAN_POINT('Origin',(-9.58007523992513,-2.64439470095937,47.4681414825894));
#4907=CARTESIAN_POINT('',(-9.83567740272361,0.,49.4517411232359));
#4908=CARTESIAN_POINT('Origin',(-9.70840247451479,0.,49.4681414825894));
#4909=CARTESIAN_POINT('',(-92.3510340619804,-4.16947189587292,38.8189989135626));
#4910=CARTESIAN_POINT('',(-7.89014416088505,-2.25042791805822,49.70243813599));
#4911=CARTESIAN_POINT('',(-92.3510340619804,0.,38.8189989135626));
#4912=CARTESIAN_POINT('Origin',(-92.095431899182,0.,36.8353992729162));
#4913=CARTESIAN_POINT('',(-93.0958933474828,-4.2138737331222,38.5671835812132));
#4914=CARTESIAN_POINT('Origin',(-92.095431899182,-4.51923403144251,36.8353992729162));
#4915=CARTESIAN_POINT('',(-93.0958933474828,0.,38.5671835812132));
#4916=CARTESIAN_POINT('Origin',(-92.7487056435339,0.,38.7677558530953));
#4917=CARTESIAN_POINT('',(-65.8270366477493,-1.43612947355248,54.3205541000584));
#4918=CARTESIAN_POINT('Origin',(-124.390882591205,0.,-42.824094473063));
#4919=CARTESIAN_POINT('',(-124.390882670647,-13.,-44.824094473063));
#4920=CARTESIAN_POINT('Origin',(-124.390882591205,-13.,-42.824094473063));
#4921=CARTESIAN_POINT('',(-124.390882670647,0.,-44.824094473063));
#4922=CARTESIAN_POINT('Origin',(-126.390882591204,0.,-44.8240943936208));
#4923=CARTESIAN_POINT('',(-85.227637049418,-13.,-44.8240960286698));
#4924=CARTESIAN_POINT('',(-63.1954423716762,-13.,-44.8240969038125));
#4925=CARTESIAN_POINT('',(-85.227637049418,0.,-44.8240960286698));
#4926=CARTESIAN_POINT('Origin',(-124.390882591205,4.3,-36.3175172994602));
#4927=CARTESIAN_POINT('',(-124.390882591205,12.6,-38.3175172994602));
#4928=CARTESIAN_POINT('',(-124.390882591205,4.3,-38.3175172994602));
#4929=CARTESIAN_POINT('Origin',(-124.390882591205,12.6,-36.3175172994602));
#4930=CARTESIAN_POINT('Origin',(-86.9812031439941,8.6,-38.3175172994602));
#4931=CARTESIAN_POINT('',(-86.9812031439941,12.6,-38.3175172994602));
#4932=CARTESIAN_POINT('',(-86.9812031439941,8.6,-38.3175172994602));
#4933=CARTESIAN_POINT('',(-43.4906017117233,12.6,-38.3175172994602));
#4934=CARTESIAN_POINT('Origin',(-85.5813324298498,1.6,-39.824095635305));
#4935=CARTESIAN_POINT('',(-85.5813324347025,6.8,-41.824095635305));
#4936=CARTESIAN_POINT('',(-85.5813324347025,1.6,-41.824095635305));
#4937=CARTESIAN_POINT('',(-85.435238975695,6.8,-41.8187526741599));
#4938=CARTESIAN_POINT('Origin',(-85.5813324298498,6.8,-39.824095635305));
#4939=CARTESIAN_POINT('',(-85.435238975695,1.6,-41.8187526741599));
#4940=CARTESIAN_POINT('',(-85.299785368299,1.6,-41.8041792830664));
#4941=CARTESIAN_POINT('Origin',(-85.4398544702573,1.6,-41.8240956356483));
#4942=CARTESIAN_POINT('',(-92.4398544702573,6.8,-41.8240956526486));
#4943=CARTESIAN_POINT('',(-92.4398544996602,2.6,-41.8240956186638));
#4944=CARTESIAN_POINT('',(-42.7093034502889,6.8,-41.8240957393279));
#4945=CARTESIAN_POINT('Origin',(-84.9951187479775,8.6,-38.0819992069504));
#4946=CARTESIAN_POINT('',(-84.8382798343657,12.6,-40.0758401121325));
#4947=CARTESIAN_POINT('',(-84.8382798343657,8.6,-40.0758401121325));
#4948=CARTESIAN_POINT('Origin',(-84.9951187479775,12.6,-38.0819992069504));
#4949=CARTESIAN_POINT('Origin',(-66.8343298570508,8.6,-36.6534406932881));
#4950=CARTESIAN_POINT('',(-66.5527827452151,12.6,-38.6335243338995));
#4951=CARTESIAN_POINT('',(-66.5527827452151,8.6,-38.6335243338995));
#4952=CARTESIAN_POINT('',(-66.677490943439,12.6,-38.6472815984701));
#4953=CARTESIAN_POINT('Origin',(-66.8343298570508,12.6,-36.6534406932881));
#4954=CARTESIAN_POINT('',(-66.677490943439,8.6,-38.6472815984701));
#4955=CARTESIAN_POINT('Origin',(-10.0340286639861,8.6,-30.5971506930306));
#4956=CARTESIAN_POINT('',(-12.0141122975781,12.6,-30.8786978038682));
#4957=CARTESIAN_POINT('',(-12.0141122975781,8.6,-30.8786978038682));
#4958=CARTESIAN_POINT('',(-2.82243690453448,12.6,-29.5717380337021));
#4959=CARTESIAN_POINT('Origin',(-124.390882591205,4.3,16.8324827005395));
#4960=CARTESIAN_POINT('',(-124.390882591205,12.6,18.8324827005395));
#4961=CARTESIAN_POINT('Origin',(-124.390882591205,12.6,16.8324827005395));
#4962=CARTESIAN_POINT('',(-124.390882591205,4.3,18.8324827005395));
#4963=CARTESIAN_POINT('Origin',(-87.4769755572244,8.6,34.4213068553389));
#4964=CARTESIAN_POINT('',(-89.4711209125905,12.6,34.2683875901315));
#4965=CARTESIAN_POINT('',(-89.4711209125905,8.6,34.2683875901315));
#4966=CARTESIAN_POINT('',(-87.6338355340641,12.6,36.4151461035397));
#4967=CARTESIAN_POINT('Origin',(-87.4769755572244,12.6,34.4213068553389));
#4968=CARTESIAN_POINT('',(-87.6338355340641,8.6,36.4151461035397));
#4969=CARTESIAN_POINT('Origin',(-88.2874322576102,8.6,18.832482700539));
#4970=CARTESIAN_POINT('',(-88.2874322576102,12.6,18.832482700539));
#4971=CARTESIAN_POINT('',(-88.2874322576102,8.6,18.832482700539));
#4972=CARTESIAN_POINT('',(-87.4000206179166,12.6,7.26018147876526));
#4973=CARTESIAN_POINT('Origin',(-11.0373864554557,8.6,44.2065107301474));
#4974=CARTESIAN_POINT('',(-11.3189335672863,12.6,46.1865943707596));
#4975=CARTESIAN_POINT('',(-11.3189335672863,8.6,46.1865943707596));
#4976=CARTESIAN_POINT('',(-9.05730281484425,12.6,44.4880578419832));
#4977=CARTESIAN_POINT('Origin',(-11.0373864554557,12.6,44.2065107301474));
#4978=CARTESIAN_POINT('',(-9.05730281484425,8.6,44.4880578419832));
#4979=CARTESIAN_POINT('Origin',(-70.6348140880912,8.6,37.752498707427));
#4980=CARTESIAN_POINT('',(-70.6348140880913,12.6,37.752498707427));
#4981=CARTESIAN_POINT('',(-70.6348140880913,8.6,37.752498707427));
#4982=CARTESIAN_POINT('',(-38.4863020523107,12.6,42.3236797058861));
#4983=CARTESIAN_POINT('Origin',(-8.91874443889157,8.6,29.3063813345462));
#4984=CARTESIAN_POINT('',(-6.93866079828015,12.6,29.587928446382));
#4985=CARTESIAN_POINT('',(-6.93866079828016,8.6,29.587928446382));
#4986=CARTESIAN_POINT('',(-8.63719732706087,12.6,27.3262976939341));
#4987=CARTESIAN_POINT('Origin',(-8.91874443889157,12.6,29.3063813345462));
#4988=CARTESIAN_POINT('',(-8.63719732706088,8.6,27.3262976939341));
#4989=CARTESIAN_POINT('Origin',(-9.33884992667928,8.6,46.4681414825894));
#4990=CARTESIAN_POINT('',(-6.16995505808208,12.6,24.1817225340363));
#4991=CARTESIAN_POINT('Origin',(-12.4269607533346,8.6,9.56593882671497));
#4992=CARTESIAN_POINT('',(-10.4468771113531,12.6,9.84748592891535));
#4993=CARTESIAN_POINT('',(-10.4468771113531,8.6,9.84748592891535));
#4994=CARTESIAN_POINT('',(-12.1454136412838,12.6,7.58585518613412));
#4995=CARTESIAN_POINT('Origin',(-12.4269607533346,12.6,9.56593882671497));
#4996=CARTESIAN_POINT('',(-12.1454136412838,8.6,7.58585518613412));
#4997=CARTESIAN_POINT('Origin',(-12.847066095435,8.6,26.7276985395289));
#4998=CARTESIAN_POINT('',(-12.847066095435,12.6,26.7276985395289));
#4999=CARTESIAN_POINT('',(-12.847066095435,8.6,26.7276985395289));
#5000=CARTESIAN_POINT('',(-11.0190394126946,12.6,13.8714279428468));
#5001=CARTESIAN_POINT('Origin',(-12.4269444750355,8.6,-9.67567000193151));
#5002=CARTESIAN_POINT('',(-10.4468608375381,12.6,-9.39412286819475));
#5003=CARTESIAN_POINT('',(-10.4468608375381,8.6,-9.39412286819476));
#5004=CARTESIAN_POINT('',(-12.1453973412987,12.6,-11.6557536394288));
#5005=CARTESIAN_POINT('Origin',(-12.4269444750355,12.6,-9.67567000193151));
#5006=CARTESIAN_POINT('',(-12.1453973412987,8.6,-11.6557536394288));
#5007=CARTESIAN_POINT('Origin',(-12.8470501103667,8.6,7.48608984413987));
#5008=CARTESIAN_POINT('',(-12.8470501103668,12.6,7.48608984413987));
#5009=CARTESIAN_POINT('',(-12.8470501103668,8.6,7.48608984413987));
#5010=CARTESIAN_POINT('',(-12.3598914030049,12.6,4.05996728871212));
#5011=CARTESIAN_POINT('Origin',(-12.2956594094138,8.6,-28.8986141632568));
#5012=CARTESIAN_POINT('',(-10.3155757678043,12.6,-28.6170670584405));
#5013=CARTESIAN_POINT('',(-10.3155757678043,8.6,-28.6170670584405));
#5014=CARTESIAN_POINT('Origin',(-12.2956594094138,12.6,-28.8986141632568));
#5015=CARTESIAN_POINT('Origin',(-12.7157648497873,8.6,-11.7368539193112));
#5016=CARTESIAN_POINT('',(-12.7157648497873,12.6,-11.7368539193112));
#5017=CARTESIAN_POINT('',(-12.7157648497873,8.6,-11.7368539193112));
#5018=CARTESIAN_POINT('',(-13.5694742729922,12.6,-5.73282818202391));
#5019=CARTESIAN_POINT('Origin',(85.6238740555498,1.6,-39.833684974076));
#5020=CARTESIAN_POINT('',(85.3422358350907,1.6,-41.813755657859));
#5021=CARTESIAN_POINT('',(85.4777311727494,6.8,-41.8283383920429));
#5022=CARTESIAN_POINT('',(85.4777311727494,1.6,-41.8283383920429));
#5023=CARTESIAN_POINT('Origin',(85.6238740555498,6.8,-39.833684974076));
#5024=CARTESIAN_POINT('Origin',(124.390882032301,4.3,16.8324814127195));
#5025=CARTESIAN_POINT('',(124.390882032301,12.6,18.8324814127195));
#5026=CARTESIAN_POINT('',(124.390882032301,4.3,18.8324814127195));
#5027=CARTESIAN_POINT('Origin',(124.390882032301,12.6,16.8324814127195));
#5028=CARTESIAN_POINT('Origin',(88.2874524411297,8.6,18.8324814127195));
#5029=CARTESIAN_POINT('',(88.2874524411297,12.6,18.8324814127195));
#5030=CARTESIAN_POINT('',(88.2874524411297,8.6,18.8324814127195));
#5031=CARTESIAN_POINT('',(44.1437260808386,12.6,18.8324814127195));
#5032=CARTESIAN_POINT('Origin',(87.4771742053071,8.6,34.4210745195788));
#5033=CARTESIAN_POINT('',(87.6340593274084,12.6,36.4149117893838));
#5034=CARTESIAN_POINT('',(87.6340593274084,8.6,36.4149117893838));
#5035=CARTESIAN_POINT('',(89.4713176283236,12.6,34.268130057633));
#5036=CARTESIAN_POINT('Origin',(87.4771742053071,12.6,34.4210745195788));
#5037=CARTESIAN_POINT('',(89.4713176283236,8.6,34.268130057633));
#5038=CARTESIAN_POINT('Origin',(70.6348147597322,8.6,37.7524976596135));
#5039=CARTESIAN_POINT('',(70.6348147597322,12.6,37.7524976596135));
#5040=CARTESIAN_POINT('',(70.6348147597322,8.6,37.7524976596135));
#5041=CARTESIAN_POINT('',(36.9200702020511,12.6,40.4053429527809));
#5042=CARTESIAN_POINT('Origin',(11.0373912186366,8.6,44.2065099913038));
#5043=CARTESIAN_POINT('',(9.05730764931428,12.6,44.4880576045058));
#5044=CARTESIAN_POINT('',(9.05730764931428,8.6,44.4880576045058));
#5045=CARTESIAN_POINT('',(11.3189383596128,12.6,46.1865936277717));
#5046=CARTESIAN_POINT('Origin',(11.0373912186366,12.6,44.2065099913038));
#5047=CARTESIAN_POINT('',(11.3189383596128,8.6,46.1865936277717));
#5048=CARTESIAN_POINT('Origin',(6.65711417859309,8.6,27.6078446965777));
#5049=CARTESIAN_POINT('',(6.93866179897712,12.6,29.5879283164098));
#5050=CARTESIAN_POINT('',(6.93866179897712,8.6,29.5879283164098));
#5051=CARTESIAN_POINT('',(4.82908411801739,12.6,14.7515741496293));
#5052=CARTESIAN_POINT('Origin',(8.91874536829944,8.6,29.3063807032077));
#5053=CARTESIAN_POINT('',(8.63719780560714,12.6,27.3262971267034));
#5054=CARTESIAN_POINT('',(8.63719780560714,8.6,27.3262971267034));
#5055=CARTESIAN_POINT('Origin',(8.91874536829944,12.6,29.3063807032077));
#5056=CARTESIAN_POINT('Origin',(12.8470709358338,8.6,26.7276963741273));
#5057=CARTESIAN_POINT('',(12.8470709358338,12.6,26.7276963741273));
#5058=CARTESIAN_POINT('',(12.8470709358338,8.6,26.7276963741273));
#5059=CARTESIAN_POINT('',(8.25156505537442,12.6,27.3811301459814));
#5060=CARTESIAN_POINT('Origin',(12.4269613140988,8.6,9.56593781983284));
#5061=CARTESIAN_POINT('',(12.1454137449667,12.6,7.58585424424423));
#5062=CARTESIAN_POINT('',(12.1454137449667,8.6,7.58585424424423));
#5063=CARTESIAN_POINT('',(10.4468777447765,12.6,9.84748543303491));
#5064=CARTESIAN_POINT('Origin',(12.4269613140988,12.6,9.56593781983284));
#5065=CARTESIAN_POINT('',(10.4468777447765,8.6,9.84748543303491));
#5066=CARTESIAN_POINT('Origin',(12.847054383073,8.6,7.48608814421767));
#5067=CARTESIAN_POINT('',(12.847054383073,12.6,7.48608814421767));
#5068=CARTESIAN_POINT('',(12.847054383073,8.6,7.48608814421767));
#5069=CARTESIAN_POINT('',(6.91068662755176,12.6,8.3301787329416));
#5070=CARTESIAN_POINT('Origin',(12.4269447244987,8.6,-9.67567066916165));
#5071=CARTESIAN_POINT('',(12.1453971399792,12.6,-11.6557542425623));
#5072=CARTESIAN_POINT('',(12.1453971399792,8.6,-11.6557542425623));
#5073=CARTESIAN_POINT('',(10.4468611551764,12.6,-9.39412305595959));
#5074=CARTESIAN_POINT('Origin',(12.4269447244987,12.6,-9.67567066916165));
#5075=CARTESIAN_POINT('',(10.4468611551764,8.6,-9.39412305595959));
#5076=CARTESIAN_POINT('Origin',(12.7157714562332,8.6,-11.7368556229134));
#5077=CARTESIAN_POINT('',(12.7157714562332,12.6,-11.7368556229134));
#5078=CARTESIAN_POINT('',(12.7157714562332,8.6,-11.7368556229134));
#5079=CARTESIAN_POINT('',(5.50417491132817,12.6,-10.7114405267918));
#5080=CARTESIAN_POINT('Origin',(12.2956617336913,8.6,-28.8986148861681));
#5081=CARTESIAN_POINT('',(12.0141141204892,12.6,-30.8786984554905));
#5082=CARTESIAN_POINT('',(12.0141141204892,8.6,-30.8786984554905));
#5083=CARTESIAN_POINT('',(10.315578164369,12.6,-28.6170672729661));
#5084=CARTESIAN_POINT('Origin',(12.2956617336913,12.6,-28.8986148861681));
#5085=CARTESIAN_POINT('',(10.315578164369,8.6,-28.6170672729661));
#5086=CARTESIAN_POINT('Origin',(66.6149185445522,8.6,-38.6423738895373));
#5087=CARTESIAN_POINT('',(66.5527918737729,12.6,-38.6335401129507));
#5088=CARTESIAN_POINT('',(66.5527918737729,8.6,-38.6335401129507));
#5089=CARTESIAN_POINT('',(31.1128779308369,12.6,-33.5943471529611));
#5090=CARTESIAN_POINT('Origin',(66.8343394869749,8.6,-36.6534565436284));
#5091=CARTESIAN_POINT('',(66.6774768038354,12.6,-38.6472955789164));
#5092=CARTESIAN_POINT('',(66.6774768038354,8.6,-38.6472955789164));
#5093=CARTESIAN_POINT('Origin',(66.8343394869749,12.6,-36.6534565436284));
#5094=CARTESIAN_POINT('Origin',(86.8340797096385,8.6,-40.2330899980355));
#5095=CARTESIAN_POINT('',(84.8380255789501,12.6,-40.0760530451572));
#5096=CARTESIAN_POINT('',(84.8380255789501,8.6,-40.0760530451572));
#5097=CARTESIAN_POINT('',(42.0204320650237,12.6,-36.7074347739233));
#5098=CARTESIAN_POINT('Origin',(84.9948882620896,8.6,-38.0822140098692));
#5099=CARTESIAN_POINT('',(86.9809979149914,12.6,-38.3175190175722));
#5100=CARTESIAN_POINT('Origin',(84.9948882620896,12.6,-38.0822140098692));
#5101=CARTESIAN_POINT('',(86.9809979149914,8.6,-38.3175190175722));
#5102=CARTESIAN_POINT('Origin',(124.390882032301,4.3,-36.3175188232833));
#5103=CARTESIAN_POINT('',(124.390882042688,12.6,-38.3175188232833));
#5104=CARTESIAN_POINT('Origin',(124.390882032301,12.6,-36.3175188232833));
#5105=CARTESIAN_POINT('',(124.390882042688,4.3,-38.3175188232833));
#5106=CARTESIAN_POINT('Origin',(93.8349260545053,-3.37994193067877,40.4499957029586));
#5107=CARTESIAN_POINT('',(93.2365046654049,-3.92158546138433,40.2248327428077));
#5108=CARTESIAN_POINT('',(92.9060800715135,-3.32638674009834,40.7640116190228));
#5109=CARTESIAN_POINT('',(93.2365046654049,-3.92158546138432,40.2248327428077));
#5110=CARTESIAN_POINT('',(93.8349260545053,-3.37994193067877,40.4499957029586));
#5111=CARTESIAN_POINT('',(93.8349260545053,-3.37994193067877,40.4499957029586));
#5112=CARTESIAN_POINT('',(92.9060800715134,-3.32638674009834,40.7640116190228));
#5113=CARTESIAN_POINT('Origin',(131.390882032301,-7.28797390277917,18.2537099357821));
#5114=CARTESIAN_POINT('',(130.8908820323,-7.75725172623971,18.4716883888123));
#5115=CARTESIAN_POINT('',(130.957935958485,-7.16148040497502,19.0038253034974));
#5116=CARTESIAN_POINT('',(130.8908820323,-7.75725172623972,18.4716883888123));
#5117=CARTESIAN_POINT('',(131.390882032301,-7.28797390277917,18.2537099357821));
#5118=CARTESIAN_POINT('',(131.390882032301,-7.28797390277917,18.2537099357821));
#5119=CARTESIAN_POINT('',(130.957935958485,-7.16148040497502,19.0038253034974));
#5120=CARTESIAN_POINT('Origin',(10.332628559968,-1.45022720259262,51.4042410947813));
#5121=CARTESIAN_POINT('',(9.80415607806798,-2.02591083869101,50.975737766399));
#5122=CARTESIAN_POINT('',(9.33672865079199,-1.43908675042706,51.4681416396751));
#5123=CARTESIAN_POINT('',(9.80415607806798,-2.02591083869101,50.975737766399));
#5124=CARTESIAN_POINT('',(10.332628559968,-1.45022720259262,51.4042410947813));
#5125=CARTESIAN_POINT('',(10.332628559968,-1.45022720259262,51.4042410947813));
#5126=CARTESIAN_POINT('',(9.33672865079199,-1.43908675042706,51.4681416396751));
#5127=CARTESIAN_POINT('Origin',(8.0452341898045,-1.6921006452073,51.4506890424693));
#5128=CARTESIAN_POINT('',(8.08325519389175,-1.39911896844565,51.6940902939318));
#5129=CARTESIAN_POINT('',(8.00721318571725,-1.98508232196895,51.2072877910067));
#5130=CARTESIAN_POINT('Origin',(93.8349260545053,12.1,40.4499957029586));
#5131=CARTESIAN_POINT('',(92.9060800715134,12.1,40.7640116190228));
#5132=CARTESIAN_POINT('',(93.2386615377682,12.6,40.2170219280687));
#5133=CARTESIAN_POINT('',(92.9060800715134,12.1,40.7640116190228));
#5134=CARTESIAN_POINT('',(93.8349260545053,12.1,40.4499957029586));
#5135=CARTESIAN_POINT('',(93.8349260545053,12.1,40.4499957029586));
#5136=CARTESIAN_POINT('',(93.2386615377682,12.6,40.2170219280687));
#5137=CARTESIAN_POINT('Origin',(93.3705030630094,1.6,40.6070036609907));
#5138=CARTESIAN_POINT('',(92.9060800715134,1.6,40.7640116190228));
#5139=CARTESIAN_POINT('',(93.8349260545053,1.6,40.4499957029586));
#5140=CARTESIAN_POINT('Origin',(130.890882032301,-13.,-46.3240960286698));
#5141=CARTESIAN_POINT('',(131.390882032301,-12.5,-46.3240960286698));
#5142=CARTESIAN_POINT('',(130.8908820323,-12.5,-46.8240960286698));
#5143=CARTESIAN_POINT('',(131.390882032301,-12.5,-46.3240960286698));
#5144=CARTESIAN_POINT('',(130.890882032301,-13.,-46.3240960286698));
#5145=CARTESIAN_POINT('',(130.890882032301,-13.,-46.3240960286698));
#5146=CARTESIAN_POINT('',(130.8908820323,-12.5,-46.8240960286698));
#5147=CARTESIAN_POINT('Origin',(131.140882032301,-12.75,10.5378663715061));
#5148=CARTESIAN_POINT('',(130.890882032301,-13.,-11.2614145809965));
#5149=CARTESIAN_POINT('',(130.890882032301,-13.,10.5378663715061));
#5150=CARTESIAN_POINT('',(131.390882032301,-12.5,-11.3051589127595));
#5151=CARTESIAN_POINT('',(131.390882032301,-12.5,10.5378663715061));
#5152=CARTESIAN_POINT('',(131.390882032301,-12.5,-11.3051589127595));
#5153=CARTESIAN_POINT('Origin',(131.390882032301,12.1,18.2537099357821));
#5154=CARTESIAN_POINT('',(130.957935958485,12.1,19.0038253034974));
#5155=CARTESIAN_POINT('',(130.890882032301,12.6,18.465123611298));
#5156=CARTESIAN_POINT('',(130.957935958485,12.1,19.0038253034974));
#5157=CARTESIAN_POINT('',(131.390882032301,12.1,18.2537099357821));
#5158=CARTESIAN_POINT('',(131.390882032301,12.1,18.2537099357821));
#5159=CARTESIAN_POINT('',(130.890882032301,12.6,18.465123611298));
#5160=CARTESIAN_POINT('Origin',(131.174408995393,1.6,18.6287676196397));
#5161=CARTESIAN_POINT('',(130.957935958485,1.6,19.0038253034974));
#5162=CARTESIAN_POINT('',(131.390882032301,1.6,18.2537099357821));
#5163=CARTESIAN_POINT('Origin',(-4.91836516043647,-1.73249881221242,51.2219396029197));
#5164=CARTESIAN_POINT('',(-9.80415694592826,-2.02591086258207,50.975737630906));
#5165=CARTESIAN_POINT('',(-4.91836515837772,-2.02591085662915,50.9757376646667));
#5166=CARTESIAN_POINT('',(-9.83575136150922,-1.4390867737871,51.4681415071938));
#5167=CARTESIAN_POINT('',(-4.91836516249521,-1.43908676779569,51.4681415411728));
#5168=CARTESIAN_POINT('',(-9.83575136150922,-1.4390867737871,51.4681415071938));
#5169=CARTESIAN_POINT('Origin',(10.332628559968,12.1,51.4042410947813));
#5170=CARTESIAN_POINT('',(9.33672865079199,12.1,51.4681416396751));
#5171=CARTESIAN_POINT('',(9.80464683999267,12.6,50.9681416429085));
#5172=CARTESIAN_POINT('',(9.33672865079199,12.1,51.4681416396751));
#5173=CARTESIAN_POINT('',(10.332628559968,12.1,51.4042410947813));
#5174=CARTESIAN_POINT('',(10.332628559968,12.1,51.4042410947813));
#5175=CARTESIAN_POINT('',(9.80464683999267,12.6,50.9681416429085));
#5176=CARTESIAN_POINT('Origin',(9.83467860537997,1.6,51.4361913672282));
#5177=CARTESIAN_POINT('',(9.33672865079199,1.6,51.4681416396751));
#5178=CARTESIAN_POINT('',(10.332628559968,1.6,51.4042410947813));
#5179=CARTESIAN_POINT('Origin',(8.08145771810587,12.35,51.4422549174762));
#5180=CARTESIAN_POINT('',(8.04950744393148,12.6,51.1943049628882));
#5181=CARTESIAN_POINT('',(8.11340799228027,12.1,51.6902048720641));
#5182=CARTESIAN_POINT('Origin',(-130.890882591203,-13.,-46.3240960286698));
#5183=CARTESIAN_POINT('',(-130.890882591203,-12.5,-46.8240960286698));
#5184=CARTESIAN_POINT('',(-131.390882591203,-12.5,-46.3240960286698));
#5185=CARTESIAN_POINT('',(-130.890882591203,-12.5,-46.8240960286698));
#5186=CARTESIAN_POINT('',(-130.890882591203,-13.,-46.3240960286698));
#5187=CARTESIAN_POINT('',(-130.890882591203,-13.,-46.3240960286698));
#5188=CARTESIAN_POINT('',(-131.390882591203,-12.5,-46.3240960286698));
#5189=CARTESIAN_POINT('Origin',(65.695440876424,-12.75,-46.5740960286698));
#5190=CARTESIAN_POINT('',(65.695440876424,-12.5,-46.8240960286698));
#5191=CARTESIAN_POINT('',(65.695440876424,-13.,-46.3240960286698));
#5192=CARTESIAN_POINT('Origin',(130.8908820323,12.1,-46.8240960286698));
#5193=CARTESIAN_POINT('',(131.390882032301,12.1,-46.3240960286698));
#5194=CARTESIAN_POINT('',(130.890882032301,12.6,-46.3240960286698));
#5195=CARTESIAN_POINT('',(131.390882032301,12.1,-46.3240960286698));
#5196=CARTESIAN_POINT('',(130.8908820323,12.1,-46.8240960286698));
#5197=CARTESIAN_POINT('',(130.8908820323,12.1,-46.8240960286698));
#5198=CARTESIAN_POINT('',(130.890882032301,12.6,-46.3240960286698));
#5199=CARTESIAN_POINT('Origin',(131.140882032301,1.6,-46.5740960286698));
#5200=CARTESIAN_POINT('',(131.390882032301,1.6,-46.3240960286698));
#5201=CARTESIAN_POINT('',(130.8908820323,1.6,-46.8240960286698));
#5202=CARTESIAN_POINT('Origin',(-92.9060794777243,-3.32638650121425,40.7640129739741));
#5203=CARTESIAN_POINT('',(-93.2365040795039,-3.92158522155609,40.2248341029412));
#5204=CARTESIAN_POINT('',(-93.8349254649602,-3.3799416895084,40.4499970711993));
#5205=CARTESIAN_POINT('',(-93.2365040795039,-3.9215852215561,40.2248341029412));
#5206=CARTESIAN_POINT('',(-92.9060794777243,-3.32638650121425,40.7640129739741));
#5207=CARTESIAN_POINT('',(-92.9060794777243,-3.32638650121425,40.7640129739741));
#5208=CARTESIAN_POINT('',(-93.8349254649602,-3.3799416895084,40.4499970711993));
#5209=CARTESIAN_POINT('Origin',(-49.8066523266952,-2.64096584005039,46.0694071137738));
#5210=CARTESIAN_POINT('',(-9.8367297093243,-1.43895984010877,51.468141507187));
#5211=CARTESIAN_POINT('',(-49.8446733262446,-2.34798416318538,46.3128083659087));
#5212=CARTESIAN_POINT('',(-49.7686313271458,-2.93394751691539,45.8260058616389));
#5213=CARTESIAN_POINT('',(-29.6079189560536,1.12679903817088,51.4681413705686));
#5214=CARTESIAN_POINT('Origin',(-4.9183651624602,12.35,51.2181415411728));
#5215=CARTESIAN_POINT('',(-9.8367297093243,12.1,51.468141507187));
#5216=CARTESIAN_POINT('',(-4.91836516418769,12.1,51.4681415411728));
#5217=CARTESIAN_POINT('',(-9.80464770784731,12.6,50.9681415074087));
#5218=CARTESIAN_POINT('',(-4.9183651607327,12.6,50.9681415411728));
#5219=CARTESIAN_POINT('',(-9.80464770784731,12.6,50.9681415074087));
#5220=CARTESIAN_POINT('Origin',(-130.957936514131,-7.16148016672614,19.0038266551695));
#5221=CARTESIAN_POINT('',(-130.890882591206,-7.75725148766571,18.4716897418328));
#5222=CARTESIAN_POINT('',(-131.390882591206,-7.28797366344841,18.2537112930943));
#5223=CARTESIAN_POINT('',(-130.890882591206,-7.75725148766571,18.4716897418328));
#5224=CARTESIAN_POINT('',(-130.957936514131,-7.16148016672614,19.0038266551695));
#5225=CARTESIAN_POINT('',(-130.957936514131,-7.16148016672614,19.0038266551695));
#5226=CARTESIAN_POINT('',(-131.390882591206,-7.28797366344841,18.2537112930943));
#5227=CARTESIAN_POINT('Origin',(-85.3580980019545,-2.81774987191467,45.0616703793352));
#5228=CARTESIAN_POINT('',(-85.503613766814,-2.53127195982231,45.2630422800279));
#5229=CARTESIAN_POINT('',(-85.2125822370951,-3.10422778400702,44.8602984786425));
#5230=CARTESIAN_POINT('Origin',(-131.390882591203,12.1,-46.3240960286698));
#5231=CARTESIAN_POINT('',(-130.890882591203,12.1,-46.8240960286698));
#5232=CARTESIAN_POINT('',(-130.890882591203,12.6,-46.3240960286698));
#5233=CARTESIAN_POINT('',(-130.890882591203,12.1,-46.8240960286698));
#5234=CARTESIAN_POINT('',(-131.390882591203,12.1,-46.3240960286698));
#5235=CARTESIAN_POINT('',(-131.390882591203,12.1,-46.3240960286698));
#5236=CARTESIAN_POINT('',(-130.890882591203,12.6,-46.3240960286698));
#5237=CARTESIAN_POINT('Origin',(-131.140882591203,1.6,-46.5740960286698));
#5238=CARTESIAN_POINT('',(-131.390882591203,1.6,-46.3240960286698));
#5239=CARTESIAN_POINT('',(-130.890882591203,1.6,-46.8240960286698));
#5240=CARTESIAN_POINT('Origin',(-92.9060794777243,12.1,40.7640129739741));
#5241=CARTESIAN_POINT('',(-93.8349254649602,12.1,40.4499970711993));
#5242=CARTESIAN_POINT('',(-93.2386609517979,12.6,40.2170232882297));
#5243=CARTESIAN_POINT('',(-93.8349254649602,12.1,40.4499970711993));
#5244=CARTESIAN_POINT('',(-92.9060794777243,12.1,40.7640129739741));
#5245=CARTESIAN_POINT('',(-92.9060794777243,12.1,40.7640129739741));
#5246=CARTESIAN_POINT('',(-93.2386609517979,12.6,40.2170232882297));
#5247=CARTESIAN_POINT('Origin',(-93.3705024713422,1.6,40.6070050225867));
#5248=CARTESIAN_POINT('',(-93.8349254649602,1.6,40.4499970711993));
#5249=CARTESIAN_POINT('',(-92.9060794777243,1.6,40.7640129739741));
#5250=CARTESIAN_POINT('Origin',(-49.8640829779482,12.35,46.058240287448));
#5251=CARTESIAN_POINT('',(-49.8321327075984,12.6,45.8102903323672));
#5252=CARTESIAN_POINT('',(-49.896033248298,12.1,46.3061902425288));
#5253=CARTESIAN_POINT('Origin',(-130.957936514131,12.1,19.0038266551695));
#5254=CARTESIAN_POINT('',(-131.390882591206,12.1,18.2537112930943));
#5255=CARTESIAN_POINT('',(-130.890882591206,12.6,18.4651249642685));
#5256=CARTESIAN_POINT('',(-131.390882591206,12.1,18.2537112930943));
#5257=CARTESIAN_POINT('',(-130.957936514131,12.1,19.0038266551695));
#5258=CARTESIAN_POINT('',(-130.957936514131,12.1,19.0038266551695));
#5259=CARTESIAN_POINT('',(-130.890882591206,12.6,18.4651249642685));
#5260=CARTESIAN_POINT('Origin',(-131.174409552669,1.6,18.6287689741319));
#5261=CARTESIAN_POINT('',(-131.390882591206,1.6,18.2537112930943));
#5262=CARTESIAN_POINT('',(-130.957936514131,1.6,19.0038266551695));
#5263=CARTESIAN_POINT('Origin',(-85.5680639798444,12.35,44.9370894747234));
#5264=CARTESIAN_POINT('',(-85.4430062988068,12.6,44.7206164361862));
#5265=CARTESIAN_POINT('',(-85.693121660882,12.1,45.1535625132605));
#5266=CARTESIAN_POINT('Origin',(-131.140882591204,12.35,-22.2510366107227));
#5267=CARTESIAN_POINT('',(-130.890882591204,12.6,-22.2510366107227));
#5268=CARTESIAN_POINT('',(-131.390882591204,12.1,-22.2510366107227));
#5269=CARTESIAN_POINT('Origin',(65.695440876424,12.35,-46.5740960286698));
#5270=CARTESIAN_POINT('',(65.695440876424,12.6,-46.3240960286698));
#5271=CARTESIAN_POINT('',(65.695440876424,12.1,-46.8240960286698));
#5272=CARTESIAN_POINT('Origin',(-131.140882591204,-14.2426438322498,-19.7484905758806));
#5273=CARTESIAN_POINT('',(-130.890882591204,-13.,-11.2614145809965));
#5274=CARTESIAN_POINT('',(-130.890882591204,-14.4888457705028,-19.7050785314638));
#5275=CARTESIAN_POINT('',(-131.390882591204,-12.5,-11.3051589127595));
#5276=CARTESIAN_POINT('',(-131.390882591204,-13.9964418939967,-19.7919026202973));
#5277=CARTESIAN_POINT('',(-131.390882591204,-12.5,-11.3051589127595));
#5278=CARTESIAN_POINT('Origin',(131.140882032301,12.35,10.5378663715061));
#5279=CARTESIAN_POINT('',(130.890882032301,12.6,10.5378663715061));
#5280=CARTESIAN_POINT('',(131.390882032301,12.1,10.5378663715061));
#5281=CARTESIAN_POINT('Origin',(-131.140882591204,-12.75,-22.2510366107227));
#5282=CARTESIAN_POINT('',(-131.390882591204,-12.5,-22.2510366107227));
#5283=CARTESIAN_POINT('',(-130.890882591204,-13.,-22.2510366107227));
#5284=CARTESIAN_POINT('Origin',(66.5736128932244,12.35,55.9102891911096));
#5285=CARTESIAN_POINT('',(66.4485552093667,12.6,55.6938161542016));
#5286=CARTESIAN_POINT('',(66.698670577082,12.1,56.1267622280175));
#5287=CARTESIAN_POINT('Origin',(131.140882032301,-8.63541118351308,12.0517060032666));
#5288=CARTESIAN_POINT('',(131.390882032301,-8.38920924526003,12.0082939588499));
#5289=CARTESIAN_POINT('',(130.8908820323,-8.88161312176613,12.0951180476834));
#5290=CARTESIAN_POINT('Origin',(66.5102824628058,-0.897815738702067,55.9501579236396));
#5291=CARTESIAN_POINT('',(66.6557982307781,-0.611337826941393,56.1515298222034));
#5292=CARTESIAN_POINT('',(66.3647666948334,-1.18429365046274,55.7487860250757));
#5293=CARTESIAN_POINT('Origin',(-2.79452594398322E-7,-13.,2.32202280723019));
#5294=CARTESIAN_POINT('',(-2.79452598839214E-7,-13.,-11.2614145809965));
#5295=CARTESIAN_POINT('',(85.2275431670882,-13.,-44.8240840167605));
#5296=CARTESIAN_POINT('',(42.6144163449705,-13.,-44.8252497501591));
#5297=CARTESIAN_POINT('',(-42.6138170032513,-13.,-44.8240930256907));
#5298=CARTESIAN_POINT('',(-2.79452598839214E-7,-13.,-11.2614145809965));
#5299=CARTESIAN_POINT('Origin',(-93.4019793878859,1.6,40.7001124332745));
#5300=CARTESIAN_POINT('',(-9.8367297093243,1.6,51.468141507187));
#5301=CARTESIAN_POINT('Origin',(9.83672865079193,1.6,51.4681416431301));
#5302=CARTESIAN_POINT('Origin',(131.390882032301,1.6,18.7537099357821));
#5303=CARTESIAN_POINT('Origin',(93.4019799806894,1.6,40.700111070674));
#5304=CARTESIAN_POINT('Origin',(-2.79452585516538E-7,12.6,2.32202280723019));
#5305=CARTESIAN_POINT('',(63.195440981955,12.6,-38.3175191411029));
#5306=CARTESIAN_POINT('',(88.0681064945942,12.6,15.9725721941426));
#5307=CARTESIAN_POINT('',(7.8383226609998,12.6,46.6815007017625));
#5308=CARTESIAN_POINT('',(9.67817045876941,12.6,4.44127847098707));
#5309=CARTESIAN_POINT('',(11.0190242897024,12.6,-5.37018263337199));
#5310=CARTESIAN_POINT('',(12.2286117528798,12.6,-15.1629792304808));
#5311=CARTESIAN_POINT('',(-5.15658373139412,12.6,27.8212044166398));
#5312=CARTESIAN_POINT('',(-46.4142419473172,12.6,39.6579875217716));
#5313=CARTESIAN_POINT('',(-63.195445611679,12.6,18.8324827005386));
#5314=CARTESIAN_POINT('',(-31.9110326243236,12.6,-35.9124929106024));
#5315=CARTESIAN_POINT('',(-4.22894749570615,12.6,-10.5301174687192));
#5316=CARTESIAN_POINT('',(-5.56982380559711,12.6,8.52083504775483));
#5317=CARTESIAN_POINT('Origin',(131.3908820323,1.6,-46.8240960286698));
#5318=CARTESIAN_POINT('',(5.99999959745876,-1.30000000000003,-46.8240960286698));
#5319=CARTESIAN_POINT('Origin',(-131.390882591206,1.6,18.7537112930943));
#5320=CARTESIAN_POINT('Origin',(-131.390882591203,1.6,-46.8240960286698));
#5321=CARTESIAN_POINT('Origin',(-85.227637049418,0.,-44.8240960286698));
#5322=CARTESIAN_POINT('',(85.2275431670882,0.,-44.8240840167605));
#5323=CARTESIAN_POINT('',(5.99999959745876,-2.10000000000005,-44.8240895998942));
#5324=CARTESIAN_POINT('Origin',(85.2275431670882,0.,-44.8240840167605));
#5325=CARTESIAN_POINT('Origin',(-2.79452603280106E-7,-10.3363587063783,
3.84484586150306));
#5326=CARTESIAN_POINT('',(4.06606076586158E-8,-2.29174073954244,49.4681414825894));
#5327=CARTESIAN_POINT('Origin',(3.60773818597337E-7,0.,49.4681414825894));
#5328=CARTESIAN_POINT('Origin',(5.99999959745876,-4.20000000000009,-46.8240960286698));
#5329=CARTESIAN_POINT('Origin',(-88.9398544776114,2.6,-38.7959704937084));
#5330=CARTESIAN_POINT('Origin',(-88.9398544776114,6.8,-38.7959704937084));
#5331=CARTESIAN_POINT('Origin',(0.0212476773887715,6.8,2.56723223221712));
#5332=CARTESIAN_POINT('Origin',(88.9823498250348,2.6,-38.8055369268692));
#5333=CARTESIAN_POINT('Origin',(88.9823498250348,6.8,-38.8055369268692));
#5334=CARTESIAN_POINT('Origin',(0.0212476773887715,6.8,2.56723223221712));
#5335=CARTESIAN_POINT('Origin',(-1.47912262098622E-8,2.6,43.9400165031947));
#5336=CARTESIAN_POINT('',(3.5000000145861,6.8,46.9681414197876));
#5337=CARTESIAN_POINT('Origin',(-1.47912262098622E-8,6.8,43.9400165031947));
#5338=CARTESIAN_POINT('',(3.5000000145861,2.6,46.9681414197875));
#5339=CARTESIAN_POINT('Origin',(0.0212476773887715,6.8,2.56723223221712));
#5340=CARTESIAN_POINT('',(0.0106243337831877,6.8,46.968141470684));
#5341=CARTESIAN_POINT('Origin',(3.42541184306099E-7,1.6,46.9681414708389));
#5342=CARTESIAN_POINT('Origin',(-6.65711368644368,8.6,27.6078448057655));
#5343=CARTESIAN_POINT('Origin',(-89.6237382629676,8.6,36.2585958218403));
#5344=CARTESIAN_POINT('Origin',(-126.390890943906,8.6,18.8324827005395));
#5345=CARTESIAN_POINT('Origin',(-66.6149209816885,8.6,-38.6423597389576));
#5346=CARTESIAN_POINT('Origin',(-10.1653137038014,8.6,-11.3742065056921));
#5347=CARTESIAN_POINT('Origin',(-10.1653300105533,8.6,7.86740229678423));
#5348=CARTESIAN_POINT('Origin',(126.390882032301,8.6,-38.3175188128963));
#5349=CARTESIAN_POINT('Origin',(89.6239601293369,8.6,36.2583364083295));
#5350=CARTESIAN_POINT('Origin',(9.33885519537066,8.6,46.4681407016024));
#5351=CARTESIAN_POINT('Origin',(10.1653301253081,8.6,7.86740181964262));
#5352=CARTESIAN_POINT('Origin',(10.165313537896,8.6,-11.3742066539644));
#5353=CARTESIAN_POINT('Origin',(10.0340305511669,8.6,-30.5971508422884));
#5354=CARTESIAN_POINT('Origin',(90.3648031682247,1.6,19.3324814127195));
#5355=CARTESIAN_POINT('Origin',(126.390882032301,1.6,-38.8336849740761));
#5356=CARTESIAN_POINT('',(106.390882032301,1.6,-38.8336849740761));
#5357=CARTESIAN_POINT('Origin',(106.390882032301,1.6,-38.8336849740761));
#5358=CARTESIAN_POINT('Origin',(85.4823498250348,1.6,-41.8336849740761));
#5359=CARTESIAN_POINT('',(9.9986442064987,1.6,-31.0971508199246));
#5360=CARTESIAN_POINT('Origin',(9.9986442064987,1.6,-31.0971508199246));
#5361=CARTESIAN_POINT('',(-9.99865413426178,1.6,-31.0971506914385));
#5362=CARTESIAN_POINT('Origin',(-9.99865413426178,1.6,-31.0971506914385));
#5363=CARTESIAN_POINT('Origin',(70.6891799426025,1.6,38.2497966726729));
#5364=CARTESIAN_POINT('Origin',(-70.6891793846868,1.6,38.2497977037528));
#5365=CARTESIAN_POINT('Origin',(-90.3648026318679,1.6,19.3324827005395));
#5366=CARTESIAN_POINT('',(-90.3648026318679,1.6,19.3324827005395));
#5367=CARTESIAN_POINT('Origin',(-126.390882591205,1.6,19.3324827005395));
#5368=CARTESIAN_POINT('Origin',(-106.390890952277,1.6,-38.8240952111377));
#5369=CARTESIAN_POINT('Origin',(-9.8367297093243,1.6,51.468141507187));
#5370=UNCERTAINTY_MEASURE_WITH_UNIT(LENGTH_MEASURE(0.01),#5374,
'DISTANCE_ACCURACY_VALUE',
'Maximum model space distance between geometric entities at asserted c
onnectivities');
#5371=UNCERTAINTY_MEASURE_WITH_UNIT(LENGTH_MEASURE(0.01),#5374,
'DISTANCE_ACCURACY_VALUE',
'Maximum model space distance between geometric entities at asserted c
onnectivities');
#5372=(
GEOMETRIC_REPRESENTATION_CONTEXT(3)
GLOBAL_UNCERTAINTY_ASSIGNED_CONTEXT((#5370))
GLOBAL_UNIT_ASSIGNED_CONTEXT((#5374,#5375,#5376))
REPRESENTATION_CONTEXT('','3D')
);
#5373=(
GEOMETRIC_REPRESENTATION_CONTEXT(3)
GLOBAL_UNCERTAINTY_ASSIGNED_CONTEXT((#5371))
GLOBAL_UNIT_ASSIGNED_CONTEXT((#5374,#5375,#5376))
REPRESENTATION_CONTEXT('','3D')
);
#5374=(
LENGTH_UNIT()
NAMED_UNIT(*)
SI_UNIT(.MILLI.,.METRE.)
);
#5375=(
NAMED_UNIT(*)
PLANE_ANGLE_UNIT()
SI_UNIT($,.RADIAN.)
);
#5376=(
NAMED_UNIT(*)
SI_UNIT($,.STERADIAN.)
SOLID_ANGLE_UNIT()
);
#5377=SHAPE_DEFINITION_REPRESENTATION(#5378,#5379);
#5378=PRODUCT_DEFINITION_SHAPE('',$,#5381);
#5379=SHAPE_REPRESENTATION('',(#3241),#5372);
#5380=PRODUCT_DEFINITION_CONTEXT('part definition',#5385,'design');
#5381=PRODUCT_DEFINITION('2026-05-22-02-35-04-396','carot42',#5382,#5380);
#5382=PRODUCT_DEFINITION_FORMATION('',$,#5387);
#5383=PRODUCT_RELATED_PRODUCT_CATEGORY('carot42','carot42',(#5387));
#5384=APPLICATION_PROTOCOL_DEFINITION('international standard',
'automotive_design',2009,#5385);
#5385=APPLICATION_CONTEXT(
'Core Data for Automotive Mechanical Design Process');
#5386=PRODUCT_CONTEXT('part definition',#5385,'mechanical');
#5387=PRODUCT('2026-05-22-02-35-04-396','carot42',$,(#5386));
#5388=PRESENTATION_STYLE_ASSIGNMENT((#5389));
#5389=SURFACE_STYLE_USAGE(.BOTH.,#5390);
#5390=SURFACE_SIDE_STYLE('',(#5391));
#5391=SURFACE_STYLE_FILL_AREA(#5392);
#5392=FILL_AREA_STYLE('\X2\92FC\X0\ - \X2\30B530C630F3\X0\',(#5393));
#5393=FILL_AREA_STYLE_COLOUR('\X2\92FC\X0\ - \X2\30B530C630F3\X0\',#5394);
#5394=COLOUR_RGB('\X2\92FC\X0\ - \X2\30B530C630F3\X0\',0.627450980392157,
0.627450980392157,0.627450980392157);
ENDSEC;
END-ISO-10303-21;
