ISO-10303-21;
HEADER;
/* Generated by software containing ST-Developer
 * from STEP Tools, Inc. (www.steptools.com) 
 */

FILE_DESCRIPTION(
/* description */ (''),
/* implementation_level */ '2;1');

FILE_NAME(
/* name */ 'carot48.step',
/* time_stamp */ '2026-06-04T17:14:41+09:00',
/* author */ (''),
/* organization */ (''),
/* preprocessor_version */ 'ST-DEVELOPER v20.1',
/* originating_system */ 'Autodesk Translation Framework v15.8.0.0',
/* authorisation */ '');

FILE_SCHEMA (('AUTOMOTIVE_DESIGN { 1 0 10303 214 3 1 1 }'));
ENDSEC;

DATA;
#10=MECHANICAL_DESIGN_GEOMETRIC_PRESENTATION_REPRESENTATION('',(#13),#4897);
#11=SHAPE_REPRESENTATION_RELATIONSHIP('SRR','None',#4903,#12);
#12=ADVANCED_BREP_SHAPE_REPRESENTATION('',(#14),#4896);
#13=STYLED_ITEM('',(#4912),#14);
#14=MANIFOLD_SOLID_BREP('bottom_case',#2921);
#15=ELLIPSE('',#2975,3.03739537736401,3.);
#16=ELLIPSE('',#2979,3.03739537736401,3.);
#17=ELLIPSE('',#3166,3.03739537736401,3.);
#18=ELLIPSE('',#3170,3.03739537736401,3.);
#19=ELLIPSE('',#3174,3.03739537736401,3.);
#20=ELLIPSE('',#3178,3.03739537736401,3.);
#21=ELLIPSE('',#3183,3.03739537736401,3.);
#22=ELLIPSE('',#3185,3.03739537736401,3.);
#23=FACE_BOUND('',#295,.T.);
#24=FACE_BOUND('',#300,.T.);
#25=FACE_BOUND('',#301,.T.);
#26=FACE_BOUND('',#415,.T.);
#27=FACE_BOUND('',#418,.T.);
#28=FACE_BOUND('',#419,.T.);
#29=FACE_BOUND('',#420,.T.);
#30=PLANE('',#2926);
#31=PLANE('',#2928);
#32=PLANE('',#2931);
#33=PLANE('',#2932);
#34=PLANE('',#2939);
#35=PLANE('',#2940);
#36=PLANE('',#2944);
#37=PLANE('',#2948);
#38=PLANE('',#2949);
#39=PLANE('',#2953);
#40=PLANE('',#2957);
#41=PLANE('',#2964);
#42=PLANE('',#2968);
#43=PLANE('',#2972);
#44=PLANE('',#2976);
#45=PLANE('',#2980);
#46=PLANE('',#3004);
#47=PLANE('',#3007);
#48=PLANE('',#3013);
#49=PLANE('',#3016);
#50=PLANE('',#3026);
#51=PLANE('',#3029);
#52=PLANE('',#3032);
#53=PLANE('',#3034);
#54=PLANE('',#3037);
#55=PLANE('',#3040);
#56=PLANE('',#3043);
#57=PLANE('',#3046);
#58=PLANE('',#3047);
#59=PLANE('',#3048);
#60=PLANE('',#3049);
#61=PLANE('',#3050);
#62=PLANE('',#3051);
#63=PLANE('',#3052);
#64=PLANE('',#3054);
#65=PLANE('',#3056);
#66=PLANE('',#3057);
#67=PLANE('',#3058);
#68=PLANE('',#3063);
#69=PLANE('',#3064);
#70=PLANE('',#3065);
#71=PLANE('',#3066);
#72=PLANE('',#3067);
#73=PLANE('',#3068);
#74=PLANE('',#3069);
#75=PLANE('',#3070);
#76=PLANE('',#3071);
#77=PLANE('',#3072);
#78=PLANE('',#3073);
#79=PLANE('',#3074);
#80=PLANE('',#3075);
#81=PLANE('',#3076);
#82=PLANE('',#3080);
#83=PLANE('',#3081);
#84=PLANE('',#3083);
#85=PLANE('',#3084);
#86=PLANE('',#3085);
#87=PLANE('',#3088);
#88=PLANE('',#3089);
#89=PLANE('',#3090);
#90=PLANE('',#3096);
#91=PLANE('',#3097);
#92=PLANE('',#3098);
#93=PLANE('',#3099);
#94=PLANE('',#3100);
#95=PLANE('',#3102);
#96=PLANE('',#3103);
#97=PLANE('',#3104);
#98=PLANE('',#3107);
#99=PLANE('',#3108);
#100=PLANE('',#3112);
#101=PLANE('',#3115);
#102=PLANE('',#3121);
#103=PLANE('',#3128);
#104=PLANE('',#3129);
#105=PLANE('',#3143);
#106=PLANE('',#3148);
#107=PLANE('',#3149);
#108=PLANE('',#3154);
#109=PLANE('',#3157);
#110=PLANE('',#3160);
#111=PLANE('',#3161);
#112=PLANE('',#3167);
#113=PLANE('',#3171);
#114=PLANE('',#3175);
#115=PLANE('',#3179);
#116=PLANE('',#3184);
#117=PLANE('',#3187);
#118=PLANE('',#3188);
#119=PLANE('',#3189);
#120=FACE_OUTER_BOUND('',#269,.T.);
#121=FACE_OUTER_BOUND('',#270,.T.);
#122=FACE_OUTER_BOUND('',#271,.T.);
#123=FACE_OUTER_BOUND('',#272,.T.);
#124=FACE_OUTER_BOUND('',#273,.T.);
#125=FACE_OUTER_BOUND('',#274,.T.);
#126=FACE_OUTER_BOUND('',#275,.T.);
#127=FACE_OUTER_BOUND('',#276,.T.);
#128=FACE_OUTER_BOUND('',#277,.T.);
#129=FACE_OUTER_BOUND('',#278,.T.);
#130=FACE_OUTER_BOUND('',#279,.T.);
#131=FACE_OUTER_BOUND('',#280,.T.);
#132=FACE_OUTER_BOUND('',#281,.T.);
#133=FACE_OUTER_BOUND('',#282,.T.);
#134=FACE_OUTER_BOUND('',#283,.T.);
#135=FACE_OUTER_BOUND('',#284,.T.);
#136=FACE_OUTER_BOUND('',#285,.T.);
#137=FACE_OUTER_BOUND('',#286,.T.);
#138=FACE_OUTER_BOUND('',#287,.T.);
#139=FACE_OUTER_BOUND('',#288,.T.);
#140=FACE_OUTER_BOUND('',#289,.T.);
#141=FACE_OUTER_BOUND('',#290,.T.);
#142=FACE_OUTER_BOUND('',#291,.T.);
#143=FACE_OUTER_BOUND('',#292,.T.);
#144=FACE_OUTER_BOUND('',#293,.T.);
#145=FACE_OUTER_BOUND('',#294,.T.);
#146=FACE_OUTER_BOUND('',#296,.T.);
#147=FACE_OUTER_BOUND('',#297,.T.);
#148=FACE_OUTER_BOUND('',#298,.T.);
#149=FACE_OUTER_BOUND('',#299,.T.);
#150=FACE_OUTER_BOUND('',#302,.T.);
#151=FACE_OUTER_BOUND('',#303,.T.);
#152=FACE_OUTER_BOUND('',#304,.T.);
#153=FACE_OUTER_BOUND('',#305,.T.);
#154=FACE_OUTER_BOUND('',#306,.T.);
#155=FACE_OUTER_BOUND('',#307,.T.);
#156=FACE_OUTER_BOUND('',#308,.T.);
#157=FACE_OUTER_BOUND('',#309,.T.);
#158=FACE_OUTER_BOUND('',#310,.T.);
#159=FACE_OUTER_BOUND('',#311,.T.);
#160=FACE_OUTER_BOUND('',#312,.T.);
#161=FACE_OUTER_BOUND('',#313,.T.);
#162=FACE_OUTER_BOUND('',#314,.T.);
#163=FACE_OUTER_BOUND('',#315,.T.);
#164=FACE_OUTER_BOUND('',#316,.T.);
#165=FACE_OUTER_BOUND('',#317,.T.);
#166=FACE_OUTER_BOUND('',#318,.T.);
#167=FACE_OUTER_BOUND('',#319,.T.);
#168=FACE_OUTER_BOUND('',#320,.T.);
#169=FACE_OUTER_BOUND('',#321,.T.);
#170=FACE_OUTER_BOUND('',#322,.T.);
#171=FACE_OUTER_BOUND('',#323,.T.);
#172=FACE_OUTER_BOUND('',#324,.T.);
#173=FACE_OUTER_BOUND('',#325,.T.);
#174=FACE_OUTER_BOUND('',#326,.T.);
#175=FACE_OUTER_BOUND('',#327,.T.);
#176=FACE_OUTER_BOUND('',#328,.T.);
#177=FACE_OUTER_BOUND('',#329,.T.);
#178=FACE_OUTER_BOUND('',#330,.T.);
#179=FACE_OUTER_BOUND('',#331,.T.);
#180=FACE_OUTER_BOUND('',#332,.T.);
#181=FACE_OUTER_BOUND('',#333,.T.);
#182=FACE_OUTER_BOUND('',#334,.T.);
#183=FACE_OUTER_BOUND('',#335,.T.);
#184=FACE_OUTER_BOUND('',#336,.T.);
#185=FACE_OUTER_BOUND('',#337,.T.);
#186=FACE_OUTER_BOUND('',#338,.T.);
#187=FACE_OUTER_BOUND('',#339,.T.);
#188=FACE_OUTER_BOUND('',#340,.T.);
#189=FACE_OUTER_BOUND('',#341,.T.);
#190=FACE_OUTER_BOUND('',#342,.T.);
#191=FACE_OUTER_BOUND('',#343,.T.);
#192=FACE_OUTER_BOUND('',#344,.T.);
#193=FACE_OUTER_BOUND('',#345,.T.);
#194=FACE_OUTER_BOUND('',#346,.T.);
#195=FACE_OUTER_BOUND('',#347,.T.);
#196=FACE_OUTER_BOUND('',#348,.T.);
#197=FACE_OUTER_BOUND('',#349,.T.);
#198=FACE_OUTER_BOUND('',#350,.T.);
#199=FACE_OUTER_BOUND('',#351,.T.);
#200=FACE_OUTER_BOUND('',#352,.T.);
#201=FACE_OUTER_BOUND('',#353,.T.);
#202=FACE_OUTER_BOUND('',#354,.T.);
#203=FACE_OUTER_BOUND('',#355,.T.);
#204=FACE_OUTER_BOUND('',#356,.T.);
#205=FACE_OUTER_BOUND('',#357,.T.);
#206=FACE_OUTER_BOUND('',#358,.T.);
#207=FACE_OUTER_BOUND('',#359,.T.);
#208=FACE_OUTER_BOUND('',#360,.T.);
#209=FACE_OUTER_BOUND('',#361,.T.);
#210=FACE_OUTER_BOUND('',#362,.T.);
#211=FACE_OUTER_BOUND('',#363,.T.);
#212=FACE_OUTER_BOUND('',#364,.T.);
#213=FACE_OUTER_BOUND('',#365,.T.);
#214=FACE_OUTER_BOUND('',#366,.T.);
#215=FACE_OUTER_BOUND('',#367,.T.);
#216=FACE_OUTER_BOUND('',#368,.T.);
#217=FACE_OUTER_BOUND('',#369,.T.);
#218=FACE_OUTER_BOUND('',#370,.T.);
#219=FACE_OUTER_BOUND('',#371,.T.);
#220=FACE_OUTER_BOUND('',#372,.T.);
#221=FACE_OUTER_BOUND('',#373,.T.);
#222=FACE_OUTER_BOUND('',#374,.T.);
#223=FACE_OUTER_BOUND('',#375,.T.);
#224=FACE_OUTER_BOUND('',#376,.T.);
#225=FACE_OUTER_BOUND('',#377,.T.);
#226=FACE_OUTER_BOUND('',#378,.T.);
#227=FACE_OUTER_BOUND('',#379,.T.);
#228=FACE_OUTER_BOUND('',#380,.T.);
#229=FACE_OUTER_BOUND('',#381,.T.);
#230=FACE_OUTER_BOUND('',#382,.T.);
#231=FACE_OUTER_BOUND('',#383,.T.);
#232=FACE_OUTER_BOUND('',#384,.T.);
#233=FACE_OUTER_BOUND('',#385,.T.);
#234=FACE_OUTER_BOUND('',#386,.T.);
#235=FACE_OUTER_BOUND('',#387,.T.);
#236=FACE_OUTER_BOUND('',#388,.T.);
#237=FACE_OUTER_BOUND('',#389,.T.);
#238=FACE_OUTER_BOUND('',#390,.T.);
#239=FACE_OUTER_BOUND('',#391,.T.);
#240=FACE_OUTER_BOUND('',#392,.T.);
#241=FACE_OUTER_BOUND('',#393,.T.);
#242=FACE_OUTER_BOUND('',#394,.T.);
#243=FACE_OUTER_BOUND('',#395,.T.);
#244=FACE_OUTER_BOUND('',#396,.T.);
#245=FACE_OUTER_BOUND('',#397,.T.);
#246=FACE_OUTER_BOUND('',#398,.T.);
#247=FACE_OUTER_BOUND('',#399,.T.);
#248=FACE_OUTER_BOUND('',#400,.T.);
#249=FACE_OUTER_BOUND('',#401,.T.);
#250=FACE_OUTER_BOUND('',#402,.T.);
#251=FACE_OUTER_BOUND('',#403,.T.);
#252=FACE_OUTER_BOUND('',#404,.T.);
#253=FACE_OUTER_BOUND('',#405,.T.);
#254=FACE_OUTER_BOUND('',#406,.T.);
#255=FACE_OUTER_BOUND('',#407,.T.);
#256=FACE_OUTER_BOUND('',#408,.T.);
#257=FACE_OUTER_BOUND('',#409,.T.);
#258=FACE_OUTER_BOUND('',#410,.T.);
#259=FACE_OUTER_BOUND('',#411,.T.);
#260=FACE_OUTER_BOUND('',#412,.T.);
#261=FACE_OUTER_BOUND('',#413,.T.);
#262=FACE_OUTER_BOUND('',#414,.T.);
#263=FACE_OUTER_BOUND('',#416,.T.);
#264=FACE_OUTER_BOUND('',#417,.T.);
#265=FACE_OUTER_BOUND('',#421,.T.);
#266=FACE_OUTER_BOUND('',#422,.T.);
#267=FACE_OUTER_BOUND('',#423,.T.);
#268=FACE_OUTER_BOUND('',#424,.T.);
#269=EDGE_LOOP('',(#1861,#1862,#1863,#1864));
#270=EDGE_LOOP('',(#1865,#1866,#1867,#1868));
#271=EDGE_LOOP('',(#1869,#1870,#1871,#1872));
#272=EDGE_LOOP('',(#1873,#1874,#1875,#1876));
#273=EDGE_LOOP('',(#1877,#1878,#1879,#1880));
#274=EDGE_LOOP('',(#1881,#1882,#1883,#1884));
#275=EDGE_LOOP('',(#1885,#1886,#1887,#1888));
#276=EDGE_LOOP('',(#1889,#1890,#1891,#1892));
#277=EDGE_LOOP('',(#1893,#1894,#1895,#1896));
#278=EDGE_LOOP('',(#1897,#1898,#1899,#1900));
#279=EDGE_LOOP('',(#1901,#1902,#1903,#1904));
#280=EDGE_LOOP('',(#1905,#1906,#1907,#1908));
#281=EDGE_LOOP('',(#1909,#1910,#1911,#1912));
#282=EDGE_LOOP('',(#1913,#1914,#1915,#1916));
#283=EDGE_LOOP('',(#1917,#1918,#1919,#1920));
#284=EDGE_LOOP('',(#1921,#1922,#1923,#1924));
#285=EDGE_LOOP('',(#1925,#1926,#1927,#1928));
#286=EDGE_LOOP('',(#1929,#1930,#1931,#1932));
#287=EDGE_LOOP('',(#1933,#1934,#1935,#1936));
#288=EDGE_LOOP('',(#1937,#1938,#1939,#1940));
#289=EDGE_LOOP('',(#1941,#1942,#1943,#1944));
#290=EDGE_LOOP('',(#1945,#1946,#1947,#1948));
#291=EDGE_LOOP('',(#1949,#1950,#1951,#1952));
#292=EDGE_LOOP('',(#1953,#1954,#1955,#1956));
#293=EDGE_LOOP('',(#1957,#1958,#1959,#1960));
#294=EDGE_LOOP('',(#1961,#1962,#1963,#1964,#1965,#1966));
#295=EDGE_LOOP('',(#1967,#1968,#1969,#1970,#1971,#1972,#1973,#1974));
#296=EDGE_LOOP('',(#1975,#1976,#1977,#1978));
#297=EDGE_LOOP('',(#1979,#1980,#1981,#1982,#1983,#1984,#1985,#1986,#1987,
#1988));
#298=EDGE_LOOP('',(#1989,#1990,#1991,#1992));
#299=EDGE_LOOP('',(#1993,#1994,#1995,#1996,#1997,#1998,#1999,#2000,#2001,
#2002,#2003,#2004,#2005,#2006,#2007,#2008,#2009,#2010,#2011,#2012,#2013,
#2014,#2015,#2016,#2017,#2018,#2019,#2020,#2021,#2022,#2023,#2024,#2025,
#2026,#2027,#2028,#2029,#2030,#2031,#2032,#2033,#2034));
#300=EDGE_LOOP('',(#2035));
#301=EDGE_LOOP('',(#2036));
#302=EDGE_LOOP('',(#2037,#2038,#2039,#2040));
#303=EDGE_LOOP('',(#2041,#2042,#2043,#2044));
#304=EDGE_LOOP('',(#2045,#2046,#2047,#2048));
#305=EDGE_LOOP('',(#2049,#2050,#2051,#2052,#2053,#2054));
#306=EDGE_LOOP('',(#2055,#2056,#2057,#2058));
#307=EDGE_LOOP('',(#2059,#2060,#2061,#2062,#2063,#2064,#2065,#2066,#2067,
#2068,#2069,#2070,#2071));
#308=EDGE_LOOP('',(#2072,#2073,#2074,#2075));
#309=EDGE_LOOP('',(#2076,#2077,#2078,#2079));
#310=EDGE_LOOP('',(#2080,#2081,#2082,#2083));
#311=EDGE_LOOP('',(#2084,#2085,#2086,#2087));
#312=EDGE_LOOP('',(#2088,#2089,#2090,#2091));
#313=EDGE_LOOP('',(#2092,#2093,#2094,#2095));
#314=EDGE_LOOP('',(#2096,#2097,#2098,#2099));
#315=EDGE_LOOP('',(#2100,#2101,#2102,#2103));
#316=EDGE_LOOP('',(#2104,#2105,#2106,#2107,#2108,#2109,#2110,#2111,#2112,
#2113));
#317=EDGE_LOOP('',(#2114,#2115,#2116,#2117));
#318=EDGE_LOOP('',(#2118,#2119,#2120,#2121));
#319=EDGE_LOOP('',(#2122,#2123,#2124,#2125));
#320=EDGE_LOOP('',(#2126,#2127,#2128,#2129,#2130,#2131,#2132,#2133,#2134,
#2135,#2136,#2137,#2138));
#321=EDGE_LOOP('',(#2139,#2140,#2141,#2142));
#322=EDGE_LOOP('',(#2143,#2144,#2145,#2146));
#323=EDGE_LOOP('',(#2147,#2148,#2149,#2150));
#324=EDGE_LOOP('',(#2151,#2152,#2153,#2154));
#325=EDGE_LOOP('',(#2155,#2156,#2157,#2158,#2159,#2160));
#326=EDGE_LOOP('',(#2161,#2162,#2163,#2164));
#327=EDGE_LOOP('',(#2165,#2166,#2167,#2168));
#328=EDGE_LOOP('',(#2169,#2170,#2171,#2172));
#329=EDGE_LOOP('',(#2173,#2174,#2175,#2176));
#330=EDGE_LOOP('',(#2177,#2178,#2179,#2180,#2181,#2182));
#331=EDGE_LOOP('',(#2183,#2184,#2185,#2186));
#332=EDGE_LOOP('',(#2187,#2188,#2189,#2190));
#333=EDGE_LOOP('',(#2191,#2192,#2193,#2194));
#334=EDGE_LOOP('',(#2195,#2196,#2197,#2198));
#335=EDGE_LOOP('',(#2199,#2200,#2201,#2202));
#336=EDGE_LOOP('',(#2203,#2204,#2205,#2206));
#337=EDGE_LOOP('',(#2207,#2208,#2209,#2210,#2211,#2212,#2213,#2214,#2215,
#2216));
#338=EDGE_LOOP('',(#2217,#2218,#2219,#2220));
#339=EDGE_LOOP('',(#2221,#2222,#2223,#2224,#2225,#2226));
#340=EDGE_LOOP('',(#2227,#2228,#2229,#2230));
#341=EDGE_LOOP('',(#2231,#2232,#2233,#2234,#2235,#2236,#2237,#2238,#2239,
#2240,#2241,#2242,#2243,#2244,#2245,#2246));
#342=EDGE_LOOP('',(#2247,#2248,#2249,#2250));
#343=EDGE_LOOP('',(#2251,#2252,#2253,#2254));
#344=EDGE_LOOP('',(#2255,#2256,#2257,#2258));
#345=EDGE_LOOP('',(#2259,#2260,#2261,#2262));
#346=EDGE_LOOP('',(#2263));
#347=EDGE_LOOP('',(#2264));
#348=EDGE_LOOP('',(#2265,#2266,#2267,#2268));
#349=EDGE_LOOP('',(#2269,#2270,#2271,#2272));
#350=EDGE_LOOP('',(#2273,#2274,#2275,#2276));
#351=EDGE_LOOP('',(#2277,#2278,#2279,#2280,#2281,#2282,#2283,#2284));
#352=EDGE_LOOP('',(#2285,#2286,#2287,#2288));
#353=EDGE_LOOP('',(#2289,#2290,#2291,#2292,#2293,#2294,#2295,#2296));
#354=EDGE_LOOP('',(#2297,#2298,#2299,#2300,#2301,#2302,#2303,#2304));
#355=EDGE_LOOP('',(#2305,#2306,#2307,#2308));
#356=EDGE_LOOP('',(#2309,#2310,#2311,#2312));
#357=EDGE_LOOP('',(#2313,#2314,#2315,#2316));
#358=EDGE_LOOP('',(#2317,#2318,#2319,#2320));
#359=EDGE_LOOP('',(#2321,#2322,#2323,#2324));
#360=EDGE_LOOP('',(#2325));
#361=EDGE_LOOP('',(#2326,#2327,#2328,#2329));
#362=EDGE_LOOP('',(#2330,#2331,#2332,#2333,#2334,#2335));
#363=EDGE_LOOP('',(#2336,#2337,#2338,#2339,#2340,#2341));
#364=EDGE_LOOP('',(#2342,#2343,#2344,#2345));
#365=EDGE_LOOP('',(#2346,#2347,#2348,#2349));
#366=EDGE_LOOP('',(#2350,#2351,#2352,#2353));
#367=EDGE_LOOP('',(#2354,#2355,#2356,#2357,#2358,#2359,#2360,#2361,#2362,
#2363));
#368=EDGE_LOOP('',(#2364,#2365,#2366,#2367));
#369=EDGE_LOOP('',(#2368,#2369,#2370,#2371));
#370=EDGE_LOOP('',(#2372,#2373,#2374,#2375));
#371=EDGE_LOOP('',(#2376,#2377,#2378,#2379,#2380,#2381));
#372=EDGE_LOOP('',(#2382,#2383,#2384,#2385,#2386,#2387));
#373=EDGE_LOOP('',(#2388,#2389,#2390,#2391,#2392));
#374=EDGE_LOOP('',(#2393,#2394,#2395,#2396));
#375=EDGE_LOOP('',(#2397,#2398,#2399,#2400));
#376=EDGE_LOOP('',(#2401,#2402,#2403,#2404));
#377=EDGE_LOOP('',(#2405,#2406,#2407,#2408));
#378=EDGE_LOOP('',(#2409,#2410,#2411,#2412));
#379=EDGE_LOOP('',(#2413,#2414,#2415,#2416,#2417));
#380=EDGE_LOOP('',(#2418,#2419,#2420,#2421));
#381=EDGE_LOOP('',(#2422,#2423,#2424,#2425,#2426,#2427));
#382=EDGE_LOOP('',(#2428,#2429,#2430,#2431));
#383=EDGE_LOOP('',(#2432,#2433,#2434,#2435,#2436,#2437));
#384=EDGE_LOOP('',(#2438,#2439,#2440,#2441));
#385=EDGE_LOOP('',(#2442,#2443,#2444,#2445));
#386=EDGE_LOOP('',(#2446,#2447,#2448,#2449));
#387=EDGE_LOOP('',(#2450,#2451,#2452,#2453));
#388=EDGE_LOOP('',(#2454,#2455,#2456,#2457));
#389=EDGE_LOOP('',(#2458,#2459,#2460,#2461));
#390=EDGE_LOOP('',(#2462,#2463,#2464,#2465,#2466,#2467,#2468,#2469,#2470,
#2471,#2472,#2473,#2474,#2475,#2476,#2477,#2478,#2479,#2480,#2481,#2482,
#2483,#2484,#2485,#2486,#2487,#2488,#2489,#2490,#2491,#2492,#2493,#2494,
#2495,#2496,#2497,#2498,#2499,#2500,#2501,#2502,#2503,#2504,#2505,#2506,
#2507,#2508,#2509,#2510,#2511,#2512,#2513));
#391=EDGE_LOOP('',(#2514,#2515,#2516,#2517));
#392=EDGE_LOOP('',(#2518,#2519,#2520,#2521));
#393=EDGE_LOOP('',(#2522,#2523,#2524,#2525));
#394=EDGE_LOOP('',(#2526,#2527,#2528,#2529));
#395=EDGE_LOOP('',(#2530,#2531,#2532,#2533));
#396=EDGE_LOOP('',(#2534,#2535,#2536,#2537));
#397=EDGE_LOOP('',(#2538,#2539,#2540,#2541,#2542,#2543,#2544,#2545));
#398=EDGE_LOOP('',(#2546,#2547,#2548,#2549));
#399=EDGE_LOOP('',(#2550,#2551,#2552,#2553));
#400=EDGE_LOOP('',(#2554,#2555,#2556,#2557));
#401=EDGE_LOOP('',(#2558,#2559,#2560,#2561));
#402=EDGE_LOOP('',(#2562,#2563,#2564,#2565,#2566,#2567,#2568,#2569));
#403=EDGE_LOOP('',(#2570,#2571,#2572,#2573));
#404=EDGE_LOOP('',(#2574,#2575,#2576,#2577));
#405=EDGE_LOOP('',(#2578,#2579,#2580,#2581,#2582,#2583,#2584,#2585));
#406=EDGE_LOOP('',(#2586,#2587,#2588,#2589));
#407=EDGE_LOOP('',(#2590,#2591,#2592,#2593));
#408=EDGE_LOOP('',(#2594,#2595,#2596,#2597));
#409=EDGE_LOOP('',(#2598,#2599,#2600,#2601));
#410=EDGE_LOOP('',(#2602,#2603,#2604,#2605));
#411=EDGE_LOOP('',(#2606,#2607,#2608,#2609));
#412=EDGE_LOOP('',(#2610,#2611,#2612,#2613));
#413=EDGE_LOOP('',(#2614,#2615,#2616,#2617));
#414=EDGE_LOOP('',(#2618,#2619,#2620,#2621,#2622,#2623,#2624,#2625,#2626,
#2627,#2628,#2629,#2630,#2631,#2632,#2633,#2634,#2635,#2636,#2637,#2638,
#2639,#2640,#2641,#2642,#2643,#2644,#2645,#2646,#2647,#2648,#2649,#2650,
#2651,#2652,#2653));
#415=EDGE_LOOP('',(#2654));
#416=EDGE_LOOP('',(#2655,#2656,#2657,#2658));
#417=EDGE_LOOP('',(#2659,#2660,#2661,#2662,#2663,#2664,#2665,#2666,#2667,
#2668,#2669,#2670,#2671,#2672));
#418=EDGE_LOOP('',(#2673,#2674,#2675,#2676));
#419=EDGE_LOOP('',(#2677,#2678,#2679,#2680));
#420=EDGE_LOOP('',(#2681,#2682,#2683,#2684));
#421=EDGE_LOOP('',(#2685,#2686,#2687,#2688));
#422=EDGE_LOOP('',(#2689,#2690,#2691,#2692,#2693,#2694,#2695,#2696,#2697));
#423=EDGE_LOOP('',(#2698,#2699,#2700,#2701,#2702,#2703));
#424=EDGE_LOOP('',(#2704,#2705,#2706,#2707,#2708,#2709,#2710,#2711,#2712));
#425=LINE('',#4040,#733);
#426=LINE('',#4043,#734);
#427=LINE('',#4046,#735);
#428=LINE('',#4049,#736);
#429=LINE('',#4052,#737);
#430=LINE('',#4053,#738);
#431=LINE('',#4057,#739);
#432=LINE('',#4059,#740);
#433=LINE('',#4063,#741);
#434=LINE('',#4065,#742);
#435=LINE('',#4067,#743);
#436=LINE('',#4068,#744);
#437=LINE('',#4073,#745);
#438=LINE('',#4080,#746);
#439=LINE('',#4082,#747);
#440=LINE('',#4083,#748);
#441=LINE('',#4087,#749);
#442=LINE('',#4089,#750);
#443=LINE('',#4091,#751);
#444=LINE('',#4092,#752);
#445=LINE('',#4097,#753);
#446=LINE('',#4101,#754);
#447=LINE('',#4103,#755);
#448=LINE('',#4104,#756);
#449=LINE('',#4115,#757);
#450=LINE('',#4118,#758);
#451=LINE('',#4121,#759);
#452=LINE('',#4123,#760);
#453=LINE('',#4124,#761);
#454=LINE('',#4129,#762);
#455=LINE('',#4133,#763);
#456=LINE('',#4135,#764);
#457=LINE('',#4136,#765);
#458=LINE('',#4142,#766);
#459=LINE('',#4148,#767);
#460=LINE('',#4151,#768);
#461=LINE('',#4153,#769);
#462=LINE('',#4154,#770);
#463=LINE('',#4160,#771);
#464=LINE('',#4163,#772);
#465=LINE('',#4166,#773);
#466=LINE('',#4168,#774);
#467=LINE('',#4169,#775);
#468=LINE('',#4174,#776);
#469=LINE('',#4178,#777);
#470=LINE('',#4180,#778);
#471=LINE('',#4181,#779);
#472=LINE('',#4182,#780);
#473=LINE('',#4188,#781);
#474=LINE('',#4191,#782);
#475=LINE('',#4194,#783);
#476=LINE('',#4196,#784);
#477=LINE('',#4198,#785);
#478=LINE('',#4199,#786);
#479=LINE('',#4201,#787);
#480=LINE('',#4202,#788);
#481=LINE('',#4208,#789);
#482=LINE('',#4210,#790);
#483=LINE('',#4211,#791);
#484=LINE('',#4213,#792);
#485=LINE('',#4215,#793);
#486=LINE('',#4217,#794);
#487=LINE('',#4221,#795);
#488=LINE('',#4225,#796);
#489=LINE('',#4229,#797);
#490=LINE('',#4233,#798);
#491=LINE('',#4235,#799);
#492=LINE('',#4239,#800);
#493=LINE('',#4243,#801);
#494=LINE('',#4245,#802);
#495=LINE('',#4247,#803);
#496=LINE('',#4249,#804);
#497=LINE('',#4251,#805);
#498=LINE('',#4255,#806);
#499=LINE('',#4259,#807);
#500=LINE('',#4261,#808);
#501=LINE('',#4265,#809);
#502=LINE('',#4269,#810);
#503=LINE('',#4273,#811);
#504=LINE('',#4277,#812);
#505=LINE('',#4279,#813);
#506=LINE('',#4280,#814);
#507=LINE('',#4290,#815);
#508=LINE('',#4293,#816);
#509=LINE('',#4298,#817);
#510=LINE('',#4305,#818);
#511=LINE('',#4308,#819);
#512=LINE('',#4311,#820);
#513=LINE('',#4312,#821);
#514=LINE('',#4314,#822);
#515=LINE('',#4315,#823);
#516=LINE('',#4320,#824);
#517=LINE('',#4321,#825);
#518=LINE('',#4324,#826);
#519=LINE('',#4328,#827);
#520=LINE('',#4332,#828);
#521=LINE('',#4336,#829);
#522=LINE('',#4340,#830);
#523=LINE('',#4342,#831);
#524=LINE('',#4347,#832);
#525=LINE('',#4348,#833);
#526=LINE('',#4351,#834);
#527=LINE('',#4352,#835);
#528=LINE('',#4357,#836);
#529=LINE('',#4358,#837);
#530=LINE('',#4366,#838);
#531=LINE('',#4368,#839);
#532=LINE('',#4370,#840);
#533=LINE('',#4371,#841);
#534=LINE('',#4374,#842);
#535=LINE('',#4376,#843);
#536=LINE('',#4377,#844);
#537=LINE('',#4379,#845);
#538=LINE('',#4380,#846);
#539=LINE('',#4384,#847);
#540=LINE('',#4387,#848);
#541=LINE('',#4388,#849);
#542=LINE('',#4393,#850);
#543=LINE('',#4394,#851);
#544=LINE('',#4397,#852);
#545=LINE('',#4398,#853);
#546=LINE('',#4399,#854);
#547=LINE('',#4401,#855);
#548=LINE('',#4404,#856);
#549=LINE('',#4409,#857);
#550=LINE('',#4410,#858);
#551=LINE('',#4413,#859);
#552=LINE('',#4414,#860);
#553=LINE('',#4418,#861);
#554=LINE('',#4421,#862);
#555=LINE('',#4423,#863);
#556=LINE('',#4424,#864);
#557=LINE('',#4429,#865);
#558=LINE('',#4430,#866);
#559=LINE('',#4433,#867);
#560=LINE('',#4434,#868);
#561=LINE('',#4438,#869);
#562=LINE('',#4440,#870);
#563=LINE('',#4442,#871);
#564=LINE('',#4445,#872);
#565=LINE('',#4447,#873);
#566=LINE('',#4449,#874);
#567=LINE('',#4451,#875);
#568=LINE('',#4455,#876);
#569=LINE('',#4456,#877);
#570=LINE('',#4459,#878);
#571=LINE('',#4461,#879);
#572=LINE('',#4462,#880);
#573=LINE('',#4466,#881);
#574=LINE('',#4468,#882);
#575=LINE('',#4470,#883);
#576=LINE('',#4471,#884);
#577=LINE('',#4473,#885);
#578=LINE('',#4474,#886);
#579=LINE('',#4477,#887);
#580=LINE('',#4481,#888);
#581=LINE('',#4491,#889);
#582=LINE('',#4493,#890);
#583=LINE('',#4495,#891);
#584=LINE('',#4496,#892);
#585=LINE('',#4500,#893);
#586=LINE('',#4502,#894);
#587=LINE('',#4504,#895);
#588=LINE('',#4505,#896);
#589=LINE('',#4509,#897);
#590=LINE('',#4511,#898);
#591=LINE('',#4513,#899);
#592=LINE('',#4515,#900);
#593=LINE('',#4517,#901);
#594=LINE('',#4519,#902);
#595=LINE('',#4521,#903);
#596=LINE('',#4522,#904);
#597=LINE('',#4526,#905);
#598=LINE('',#4528,#906);
#599=LINE('',#4530,#907);
#600=LINE('',#4531,#908);
#601=LINE('',#4535,#909);
#602=LINE('',#4537,#910);
#603=LINE('',#4539,#911);
#604=LINE('',#4540,#912);
#605=LINE('',#4541,#913);
#606=LINE('',#4542,#914);
#607=LINE('',#4544,#915);
#608=LINE('',#4545,#916);
#609=LINE('',#4547,#917);
#610=LINE('',#4551,#918);
#611=LINE('',#4553,#919);
#612=LINE('',#4555,#920);
#613=LINE('',#4556,#921);
#614=LINE('',#4560,#922);
#615=LINE('',#4562,#923);
#616=LINE('',#4564,#924);
#617=LINE('',#4565,#925);
#618=LINE('',#4570,#926);
#619=LINE('',#4574,#927);
#620=LINE('',#4576,#928);
#621=LINE('',#4577,#929);
#622=LINE('',#4584,#930);
#623=LINE('',#4586,#931);
#624=LINE('',#4588,#932);
#625=LINE('',#4589,#933);
#626=LINE('',#4593,#934);
#627=LINE('',#4595,#935);
#628=LINE('',#4597,#936);
#629=LINE('',#4599,#937);
#630=LINE('',#4601,#938);
#631=LINE('',#4602,#939);
#632=LINE('',#4606,#940);
#633=LINE('',#4608,#941);
#634=LINE('',#4610,#942);
#635=LINE('',#4612,#943);
#636=LINE('',#4614,#944);
#637=LINE('',#4615,#945);
#638=LINE('',#4619,#946);
#639=LINE('',#4621,#947);
#640=LINE('',#4625,#948);
#641=LINE('',#4627,#949);
#642=LINE('',#4629,#950);
#643=LINE('',#4630,#951);
#644=LINE('',#4635,#952);
#645=LINE('',#4637,#953);
#646=LINE('',#4641,#954);
#647=LINE('',#4644,#955);
#648=LINE('',#4648,#956);
#649=LINE('',#4649,#957);
#650=LINE('',#4651,#958);
#651=LINE('',#4655,#959);
#652=LINE('',#4656,#960);
#653=LINE('',#4658,#961);
#654=LINE('',#4660,#962);
#655=LINE('',#4661,#963);
#656=LINE('',#4665,#964);
#657=LINE('',#4667,#965);
#658=LINE('',#4669,#966);
#659=LINE('',#4670,#967);
#660=LINE('',#4671,#968);
#661=LINE('',#4676,#969);
#662=LINE('',#4677,#970);
#663=LINE('',#4680,#971);
#664=LINE('',#4681,#972);
#665=LINE('',#4685,#973);
#666=LINE('',#4686,#974);
#667=LINE('',#4687,#975);
#668=LINE('',#4690,#976);
#669=LINE('',#4691,#977);
#670=LINE('',#4697,#978);
#671=LINE('',#4698,#979);
#672=LINE('',#4699,#980);
#673=LINE('',#4707,#981);
#674=LINE('',#4709,#982);
#675=LINE('',#4710,#983);
#676=LINE('',#4711,#984);
#677=LINE('',#4717,#985);
#678=LINE('',#4718,#986);
#679=LINE('',#4720,#987);
#680=LINE('',#4721,#988);
#681=LINE('',#4728,#989);
#682=LINE('',#4733,#990);
#683=LINE('',#4734,#991);
#684=LINE('',#4735,#992);
#685=LINE('',#4743,#993);
#686=LINE('',#4748,#994);
#687=LINE('',#4749,#995);
#688=LINE('',#4750,#996);
#689=LINE('',#4752,#997);
#690=LINE('',#4754,#998);
#691=LINE('',#4758,#999);
#692=LINE('',#4763,#1000);
#693=LINE('',#4766,#1001);
#694=LINE('',#4770,#1002);
#695=LINE('',#4774,#1003);
#696=LINE('',#4778,#1004);
#697=LINE('',#4784,#1005);
#698=LINE('',#4787,#1006);
#699=LINE('',#4788,#1007);
#700=LINE('',#4794,#1008);
#701=LINE('',#4797,#1009);
#702=LINE('',#4798,#1010);
#703=LINE('',#4806,#1011);
#704=LINE('',#4807,#1012);
#705=LINE('',#4810,#1013);
#706=LINE('',#4811,#1014);
#707=LINE('',#4815,#1015);
#708=LINE('',#4818,#1016);
#709=LINE('',#4819,#1017);
#710=LINE('',#4824,#1018);
#711=LINE('',#4825,#1019);
#712=LINE('',#4834,#1020);
#713=LINE('',#4837,#1021);
#714=LINE('',#4841,#1022);
#715=LINE('',#4842,#1023);
#716=LINE('',#4843,#1024);
#717=LINE('',#4849,#1025);
#718=LINE('',#4853,#1026);
#719=LINE('',#4854,#1027);
#720=LINE('',#4855,#1028);
#721=LINE('',#4862,#1029);
#722=LINE('',#4863,#1030);
#723=LINE('',#4864,#1031);
#724=LINE('',#4871,#1032);
#725=LINE('',#4873,#1033);
#726=LINE('',#4877,#1034);
#727=LINE('',#4883,#1035);
#728=LINE('',#4885,#1036);
#729=LINE('',#4886,#1037);
#730=LINE('',#4888,#1038);
#731=LINE('',#4890,#1039);
#732=LINE('',#4892,#1040);
#733=VECTOR('',#3196,10.);
#734=VECTOR('',#3199,10.);
#735=VECTOR('',#3202,10.);
#736=VECTOR('',#3205,10.);
#737=VECTOR('',#3208,10.);
#738=VECTOR('',#3209,10.);
#739=VECTOR('',#3214,10.);
#740=VECTOR('',#3217,10.);
#741=VECTOR('',#3220,10.);
#742=VECTOR('',#3221,10.);
#743=VECTOR('',#3222,10.);
#744=VECTOR('',#3223,10.);
#745=VECTOR('',#3228,10.);
#746=VECTOR('',#3237,10.);
#747=VECTOR('',#3240,10.);
#748=VECTOR('',#3241,10.);
#749=VECTOR('',#3244,10.);
#750=VECTOR('',#3245,10.);
#751=VECTOR('',#3246,10.);
#752=VECTOR('',#3247,10.);
#753=VECTOR('',#3252,10.);
#754=VECTOR('',#3257,10.);
#755=VECTOR('',#3258,10.);
#756=VECTOR('',#3259,10.);
#757=VECTOR('',#3274,10.);
#758=VECTOR('',#3277,10.);
#759=VECTOR('',#3280,10.);
#760=VECTOR('',#3281,10.);
#761=VECTOR('',#3282,10.);
#762=VECTOR('',#3287,10.);
#763=VECTOR('',#3292,10.);
#764=VECTOR('',#3293,10.);
#765=VECTOR('',#3294,10.);
#766=VECTOR('',#3301,10.);
#767=VECTOR('',#3306,10.);
#768=VECTOR('',#3309,10.);
#769=VECTOR('',#3312,10.);
#770=VECTOR('',#3313,10.);
#771=VECTOR('',#3318,10.);
#772=VECTOR('',#3321,10.);
#773=VECTOR('',#3324,10.);
#774=VECTOR('',#3325,10.);
#775=VECTOR('',#3326,10.);
#776=VECTOR('',#3331,10.);
#777=VECTOR('',#3336,10.);
#778=VECTOR('',#3337,10.);
#779=VECTOR('',#3338,10.);
#780=VECTOR('',#3339,10.);
#781=VECTOR('',#3344,10.);
#782=VECTOR('',#3347,10.);
#783=VECTOR('',#3350,10.);
#784=VECTOR('',#3351,10.);
#785=VECTOR('',#3352,10.);
#786=VECTOR('',#3353,10.);
#787=VECTOR('',#3354,10.);
#788=VECTOR('',#3355,10.);
#789=VECTOR('',#3362,10.);
#790=VECTOR('',#3365,10.);
#791=VECTOR('',#3366,10.);
#792=VECTOR('',#3367,10.);
#793=VECTOR('',#3368,10.);
#794=VECTOR('',#3369,10.);
#795=VECTOR('',#3372,10.);
#796=VECTOR('',#3375,10.);
#797=VECTOR('',#3378,10.);
#798=VECTOR('',#3381,10.);
#799=VECTOR('',#3382,10.);
#800=VECTOR('',#3385,10.);
#801=VECTOR('',#3388,10.);
#802=VECTOR('',#3389,10.);
#803=VECTOR('',#3390,10.);
#804=VECTOR('',#3391,10.);
#805=VECTOR('',#3392,10.);
#806=VECTOR('',#3395,10.);
#807=VECTOR('',#3398,10.);
#808=VECTOR('',#3399,10.);
#809=VECTOR('',#3402,10.);
#810=VECTOR('',#3405,10.);
#811=VECTOR('',#3408,10.);
#812=VECTOR('',#3411,10.);
#813=VECTOR('',#3412,10.);
#814=VECTOR('',#3413,10.);
#815=VECTOR('',#3422,10.);
#816=VECTOR('',#3425,10.);
#817=VECTOR('',#3430,2.99999999999999);
#818=VECTOR('',#3437,10.);
#819=VECTOR('',#3440,10.);
#820=VECTOR('',#3443,10.);
#821=VECTOR('',#3444,10.);
#822=VECTOR('',#3445,10.);
#823=VECTOR('',#3446,10.);
#824=VECTOR('',#3451,10.);
#825=VECTOR('',#3452,10.);
#826=VECTOR('',#3455,10.);
#827=VECTOR('',#3458,10.);
#828=VECTOR('',#3461,10.);
#829=VECTOR('',#3464,10.);
#830=VECTOR('',#3469,10.);
#831=VECTOR('',#3472,10.);
#832=VECTOR('',#3477,10.);
#833=VECTOR('',#3478,10.);
#834=VECTOR('',#3481,10.);
#835=VECTOR('',#3482,10.);
#836=VECTOR('',#3487,2.99999999999999);
#837=VECTOR('',#3488,2.99999999999999);
#838=VECTOR('',#3499,2.99999999999999);
#839=VECTOR('',#3502,10.);
#840=VECTOR('',#3505,10.);
#841=VECTOR('',#3506,10.);
#842=VECTOR('',#3509,10.);
#843=VECTOR('',#3510,10.);
#844=VECTOR('',#3511,10.);
#845=VECTOR('',#3512,10.);
#846=VECTOR('',#3513,10.);
#847=VECTOR('',#3518,10.);
#848=VECTOR('',#3521,10.);
#849=VECTOR('',#3522,10.);
#850=VECTOR('',#3527,10.);
#851=VECTOR('',#3528,10.);
#852=VECTOR('',#3531,10.);
#853=VECTOR('',#3532,10.);
#854=VECTOR('',#3533,10.);
#855=VECTOR('',#3534,10.);
#856=VECTOR('',#3539,10.);
#857=VECTOR('',#3544,10.);
#858=VECTOR('',#3545,10.);
#859=VECTOR('',#3548,10.);
#860=VECTOR('',#3549,10.);
#861=VECTOR('',#3554,10.);
#862=VECTOR('',#3557,10.);
#863=VECTOR('',#3558,10.);
#864=VECTOR('',#3559,10.);
#865=VECTOR('',#3564,10.);
#866=VECTOR('',#3565,10.);
#867=VECTOR('',#3568,10.);
#868=VECTOR('',#3569,10.);
#869=VECTOR('',#3574,10.);
#870=VECTOR('',#3577,10.);
#871=VECTOR('',#3580,10.);
#872=VECTOR('',#3585,10.);
#873=VECTOR('',#3588,10.);
#874=VECTOR('',#3591,10.);
#875=VECTOR('',#3594,10.);
#876=VECTOR('',#3599,10.);
#877=VECTOR('',#3600,10.);
#878=VECTOR('',#3605,10.);
#879=VECTOR('',#3606,10.);
#880=VECTOR('',#3607,10.);
#881=VECTOR('',#3612,10.);
#882=VECTOR('',#3613,10.);
#883=VECTOR('',#3614,10.);
#884=VECTOR('',#3615,10.);
#885=VECTOR('',#3616,10.);
#886=VECTOR('',#3617,10.);
#887=VECTOR('',#3620,1.15);
#888=VECTOR('',#3625,1.15);
#889=VECTOR('',#3640,10.);
#890=VECTOR('',#3641,10.);
#891=VECTOR('',#3642,10.);
#892=VECTOR('',#3643,10.);
#893=VECTOR('',#3646,10.);
#894=VECTOR('',#3647,10.);
#895=VECTOR('',#3648,10.);
#896=VECTOR('',#3649,10.);
#897=VECTOR('',#3652,10.);
#898=VECTOR('',#3653,10.);
#899=VECTOR('',#3654,10.);
#900=VECTOR('',#3655,10.);
#901=VECTOR('',#3656,10.);
#902=VECTOR('',#3657,10.);
#903=VECTOR('',#3658,10.);
#904=VECTOR('',#3659,10.);
#905=VECTOR('',#3662,10.);
#906=VECTOR('',#3663,10.);
#907=VECTOR('',#3664,10.);
#908=VECTOR('',#3665,10.);
#909=VECTOR('',#3668,10.);
#910=VECTOR('',#3669,10.);
#911=VECTOR('',#3670,10.);
#912=VECTOR('',#3671,10.);
#913=VECTOR('',#3672,10.);
#914=VECTOR('',#3673,10.);
#915=VECTOR('',#3676,10.);
#916=VECTOR('',#3677,10.);
#917=VECTOR('',#3680,10.);
#918=VECTOR('',#3683,10.);
#919=VECTOR('',#3684,10.);
#920=VECTOR('',#3685,10.);
#921=VECTOR('',#3686,10.);
#922=VECTOR('',#3689,10.);
#923=VECTOR('',#3690,10.);
#924=VECTOR('',#3691,10.);
#925=VECTOR('',#3692,10.);
#926=VECTOR('',#3697,10.);
#927=VECTOR('',#3702,10.);
#928=VECTOR('',#3703,10.);
#929=VECTOR('',#3704,10.);
#930=VECTOR('',#3711,10.);
#931=VECTOR('',#3712,10.);
#932=VECTOR('',#3713,10.);
#933=VECTOR('',#3714,10.);
#934=VECTOR('',#3717,10.);
#935=VECTOR('',#3718,10.);
#936=VECTOR('',#3719,10.);
#937=VECTOR('',#3720,10.);
#938=VECTOR('',#3721,10.);
#939=VECTOR('',#3722,10.);
#940=VECTOR('',#3725,10.);
#941=VECTOR('',#3726,10.);
#942=VECTOR('',#3727,10.);
#943=VECTOR('',#3728,10.);
#944=VECTOR('',#3729,10.);
#945=VECTOR('',#3730,10.);
#946=VECTOR('',#3735,1.15);
#947=VECTOR('',#3738,10.);
#948=VECTOR('',#3741,10.);
#949=VECTOR('',#3742,10.);
#950=VECTOR('',#3743,10.);
#951=VECTOR('',#3744,10.);
#952=VECTOR('',#3749,10.);
#953=VECTOR('',#3750,10.);
#954=VECTOR('',#3755,10.);
#955=VECTOR('',#3758,10.);
#956=VECTOR('',#3763,10.);
#957=VECTOR('',#3764,10.);
#958=VECTOR('',#3767,10.);
#959=VECTOR('',#3770,10.);
#960=VECTOR('',#3771,10.);
#961=VECTOR('',#3772,10.);
#962=VECTOR('',#3773,10.);
#963=VECTOR('',#3774,10.);
#964=VECTOR('',#3777,10.);
#965=VECTOR('',#3778,10.);
#966=VECTOR('',#3779,10.);
#967=VECTOR('',#3780,10.);
#968=VECTOR('',#3781,10.);
#969=VECTOR('',#3786,10.);
#970=VECTOR('',#3787,10.);
#971=VECTOR('',#3790,10.);
#972=VECTOR('',#3791,10.);
#973=VECTOR('',#3794,10.);
#974=VECTOR('',#3795,10.);
#975=VECTOR('',#3796,10.);
#976=VECTOR('',#3799,10.);
#977=VECTOR('',#3800,10.);
#978=VECTOR('',#3807,10.);
#979=VECTOR('',#3808,10.);
#980=VECTOR('',#3809,10.);
#981=VECTOR('',#3820,10.);
#982=VECTOR('',#3821,10.);
#983=VECTOR('',#3822,10.);
#984=VECTOR('',#3823,10.);
#985=VECTOR('',#3830,10.);
#986=VECTOR('',#3831,10.);
#987=VECTOR('',#3832,10.);
#988=VECTOR('',#3833,10.);
#989=VECTOR('',#3842,10.);
#990=VECTOR('',#3847,10.);
#991=VECTOR('',#3848,10.);
#992=VECTOR('',#3849,10.);
#993=VECTOR('',#3860,10.);
#994=VECTOR('',#3865,10.);
#995=VECTOR('',#3866,10.);
#996=VECTOR('',#3867,10.);
#997=VECTOR('',#3870,10.);
#998=VECTOR('',#3873,10.);
#999=VECTOR('',#3876,10.);
#1000=VECTOR('',#3881,10.);
#1001=VECTOR('',#3884,10.);
#1002=VECTOR('',#3887,10.);
#1003=VECTOR('',#3890,10.);
#1004=VECTOR('',#3895,10.);
#1005=VECTOR('',#3904,10.);
#1006=VECTOR('',#3907,10.);
#1007=VECTOR('',#3908,10.);
#1008=VECTOR('',#3917,10.);
#1009=VECTOR('',#3920,10.);
#1010=VECTOR('',#3921,10.);
#1011=VECTOR('',#3932,10.);
#1012=VECTOR('',#3933,10.);
#1013=VECTOR('',#3936,10.);
#1014=VECTOR('',#3937,10.);
#1015=VECTOR('',#3942,10.);
#1016=VECTOR('',#3945,10.);
#1017=VECTOR('',#3946,10.);
#1018=VECTOR('',#3953,10.);
#1019=VECTOR('',#3954,10.);
#1020=VECTOR('',#3965,10.);
#1021=VECTOR('',#3968,10.);
#1022=VECTOR('',#3971,10.);
#1023=VECTOR('',#3972,10.);
#1024=VECTOR('',#3973,10.);
#1025=VECTOR('',#3980,10.);
#1026=VECTOR('',#3983,10.);
#1027=VECTOR('',#3984,10.);
#1028=VECTOR('',#3985,10.);
#1029=VECTOR('',#3994,10.);
#1030=VECTOR('',#3995,10.);
#1031=VECTOR('',#3996,10.);
#1032=VECTOR('',#4007,10.);
#1033=VECTOR('',#4008,10.);
#1034=VECTOR('',#4013,10.);
#1035=VECTOR('',#4020,10.);
#1036=VECTOR('',#4021,10.);
#1037=VECTOR('',#4022,10.);
#1038=VECTOR('',#4025,10.);
#1039=VECTOR('',#4028,10.);
#1040=VECTOR('',#4031,10.);
#1041=CIRCLE('',#2924,2.5);
#1042=CIRCLE('',#2925,2.5);
#1043=CIRCLE('',#2927,2.5);
#1044=CIRCLE('',#2930,2.5);
#1045=CIRCLE('',#2934,2.5);
#1046=CIRCLE('',#2935,2.5);
#1047=CIRCLE('',#2937,2.5);
#1048=CIRCLE('',#2938,2.5);
#1049=CIRCLE('',#2942,2.5);
#1050=CIRCLE('',#2943,2.5);
#1051=CIRCLE('',#2946,2.5);
#1052=CIRCLE('',#2947,2.5);
#1053=CIRCLE('',#2951,1.);
#1054=CIRCLE('',#2952,1.00000014946605);
#1055=CIRCLE('',#2955,1.);
#1056=CIRCLE('',#2956,1.00000014946605);
#1057=CIRCLE('',#2959,1.00000014946605);
#1058=CIRCLE('',#2960,1.);
#1059=CIRCLE('',#2962,1.00000014946605);
#1060=CIRCLE('',#2963,1.);
#1061=CIRCLE('',#2966,1.00000014946605);
#1062=CIRCLE('',#2967,1.);
#1063=CIRCLE('',#2970,1.00000014946605);
#1064=CIRCLE('',#2971,1.);
#1065=CIRCLE('',#2974,3.);
#1066=CIRCLE('',#2978,3.);
#1067=CIRCLE('',#2981,1.);
#1068=CIRCLE('',#2982,1.);
#1069=CIRCLE('',#2983,2.45000000000001);
#1070=CIRCLE('',#2984,1.);
#1071=CIRCLE('',#2985,1.);
#1072=CIRCLE('',#2986,1.);
#1073=CIRCLE('',#2987,1.);
#1074=CIRCLE('',#2988,1.);
#1075=CIRCLE('',#2989,1.);
#1076=CIRCLE('',#2990,2.45000000000001);
#1077=CIRCLE('',#2991,1.);
#1078=CIRCLE('',#2992,1.);
#1079=CIRCLE('',#2993,1.15);
#1080=CIRCLE('',#2994,1.15);
#1081=CIRCLE('',#2996,3.);
#1082=CIRCLE('',#2997,3.);
#1083=CIRCLE('',#2999,4.44999999999999);
#1084=CIRCLE('',#3000,4.44999999999999);
#1085=CIRCLE('',#3002,3.);
#1086=CIRCLE('',#3003,3.);
#1087=CIRCLE('',#3006,1.);
#1088=CIRCLE('',#3008,1.);
#1089=CIRCLE('',#3009,2.45000000000001);
#1090=CIRCLE('',#3010,1.);
#1091=CIRCLE('',#3011,2.99999999999999);
#1092=CIRCLE('',#3012,4.45);
#1093=CIRCLE('',#3015,1.);
#1094=CIRCLE('',#3018,2.99999999999999);
#1095=CIRCLE('',#3020,4.45);
#1096=CIRCLE('',#3022,2.99999999999999);
#1097=CIRCLE('',#3023,2.99999999999999);
#1098=CIRCLE('',#3028,1.);
#1099=CIRCLE('',#3031,1.);
#1100=CIRCLE('',#3033,2.45000000000001);
#1101=CIRCLE('',#3036,1.);
#1102=CIRCLE('',#3039,1.);
#1103=CIRCLE('',#3042,1.);
#1104=CIRCLE('',#3045,1.);
#1105=CIRCLE('',#3060,1.15);
#1106=CIRCLE('',#3062,1.15);
#1107=CIRCLE('',#3078,4.45);
#1108=CIRCLE('',#3079,4.45);
#1109=CIRCLE('',#3082,1.15);
#1110=CIRCLE('',#3087,1.15);
#1111=CIRCLE('',#3091,1.);
#1112=CIRCLE('',#3092,1.);
#1113=CIRCLE('',#3093,2.45);
#1114=CIRCLE('',#3095,2.45);
#1115=CIRCLE('',#3101,1.);
#1116=CIRCLE('',#3106,1.);
#1117=CIRCLE('',#3109,1.);
#1118=CIRCLE('',#3111,1.);
#1119=CIRCLE('',#3114,1.);
#1120=CIRCLE('',#3117,1.);
#1121=CIRCLE('',#3119,3.);
#1122=CIRCLE('',#3120,3.);
#1123=CIRCLE('',#3123,3.);
#1124=CIRCLE('',#3124,3.);
#1125=CIRCLE('',#3126,3.);
#1126=CIRCLE('',#3127,3.);
#1127=CIRCLE('',#3130,3.);
#1128=CIRCLE('',#3131,3.);
#1129=CIRCLE('',#3132,3.);
#1130=CIRCLE('',#3133,3.);
#1131=CIRCLE('',#3134,3.);
#1132=CIRCLE('',#3135,3.);
#1133=CIRCLE('',#3136,3.);
#1134=CIRCLE('',#3137,3.);
#1135=CIRCLE('',#3138,3.);
#1136=CIRCLE('',#3140,3.);
#1137=CIRCLE('',#3142,3.);
#1138=CIRCLE('',#3145,3.);
#1139=CIRCLE('',#3147,3.);
#1140=CIRCLE('',#3150,3.);
#1141=CIRCLE('',#3153,3.);
#1142=CIRCLE('',#3156,3.);
#1143=CIRCLE('',#3159,3.);
#1144=CIRCLE('',#3162,3.);
#1145=CIRCLE('',#3165,3.);
#1146=CIRCLE('',#3169,3.);
#1147=CIRCLE('',#3173,3.);
#1148=CIRCLE('',#3177,3.);
#1149=CIRCLE('',#3180,3.);
#1150=CIRCLE('',#3181,3.);
#1151=VERTEX_POINT('',#4036);
#1152=VERTEX_POINT('',#4037);
#1153=VERTEX_POINT('',#4039);
#1154=VERTEX_POINT('',#4041);
#1155=VERTEX_POINT('',#4045);
#1156=VERTEX_POINT('',#4047);
#1157=VERTEX_POINT('',#4051);
#1158=VERTEX_POINT('',#4055);
#1159=VERTEX_POINT('',#4061);
#1160=VERTEX_POINT('',#4062);
#1161=VERTEX_POINT('',#4064);
#1162=VERTEX_POINT('',#4066);
#1163=VERTEX_POINT('',#4070);
#1164=VERTEX_POINT('',#4072);
#1165=VERTEX_POINT('',#4076);
#1166=VERTEX_POINT('',#4078);
#1167=VERTEX_POINT('',#4085);
#1168=VERTEX_POINT('',#4086);
#1169=VERTEX_POINT('',#4088);
#1170=VERTEX_POINT('',#4090);
#1171=VERTEX_POINT('',#4094);
#1172=VERTEX_POINT('',#4096);
#1173=VERTEX_POINT('',#4100);
#1174=VERTEX_POINT('',#4102);
#1175=VERTEX_POINT('',#4111);
#1176=VERTEX_POINT('',#4112);
#1177=VERTEX_POINT('',#4114);
#1178=VERTEX_POINT('',#4116);
#1179=VERTEX_POINT('',#4120);
#1180=VERTEX_POINT('',#4122);
#1181=VERTEX_POINT('',#4126);
#1182=VERTEX_POINT('',#4128);
#1183=VERTEX_POINT('',#4132);
#1184=VERTEX_POINT('',#4134);
#1185=VERTEX_POINT('',#4138);
#1186=VERTEX_POINT('',#4140);
#1187=VERTEX_POINT('',#4144);
#1188=VERTEX_POINT('',#4145);
#1189=VERTEX_POINT('',#4147);
#1190=VERTEX_POINT('',#4149);
#1191=VERTEX_POINT('',#4156);
#1192=VERTEX_POINT('',#4157);
#1193=VERTEX_POINT('',#4159);
#1194=VERTEX_POINT('',#4161);
#1195=VERTEX_POINT('',#4165);
#1196=VERTEX_POINT('',#4167);
#1197=VERTEX_POINT('',#4171);
#1198=VERTEX_POINT('',#4173);
#1199=VERTEX_POINT('',#4177);
#1200=VERTEX_POINT('',#4179);
#1201=VERTEX_POINT('',#4184);
#1202=VERTEX_POINT('',#4185);
#1203=VERTEX_POINT('',#4187);
#1204=VERTEX_POINT('',#4189);
#1205=VERTEX_POINT('',#4193);
#1206=VERTEX_POINT('',#4195);
#1207=VERTEX_POINT('',#4197);
#1208=VERTEX_POINT('',#4200);
#1209=VERTEX_POINT('',#4204);
#1210=VERTEX_POINT('',#4206);
#1211=VERTEX_POINT('',#4212);
#1212=VERTEX_POINT('',#4214);
#1213=VERTEX_POINT('',#4216);
#1214=VERTEX_POINT('',#4218);
#1215=VERTEX_POINT('',#4220);
#1216=VERTEX_POINT('',#4222);
#1217=VERTEX_POINT('',#4224);
#1218=VERTEX_POINT('',#4226);
#1219=VERTEX_POINT('',#4228);
#1220=VERTEX_POINT('',#4230);
#1221=VERTEX_POINT('',#4232);
#1222=VERTEX_POINT('',#4234);
#1223=VERTEX_POINT('',#4236);
#1224=VERTEX_POINT('',#4238);
#1225=VERTEX_POINT('',#4240);
#1226=VERTEX_POINT('',#4242);
#1227=VERTEX_POINT('',#4244);
#1228=VERTEX_POINT('',#4246);
#1229=VERTEX_POINT('',#4248);
#1230=VERTEX_POINT('',#4250);
#1231=VERTEX_POINT('',#4252);
#1232=VERTEX_POINT('',#4254);
#1233=VERTEX_POINT('',#4256);
#1234=VERTEX_POINT('',#4258);
#1235=VERTEX_POINT('',#4260);
#1236=VERTEX_POINT('',#4262);
#1237=VERTEX_POINT('',#4264);
#1238=VERTEX_POINT('',#4266);
#1239=VERTEX_POINT('',#4268);
#1240=VERTEX_POINT('',#4270);
#1241=VERTEX_POINT('',#4272);
#1242=VERTEX_POINT('',#4274);
#1243=VERTEX_POINT('',#4276);
#1244=VERTEX_POINT('',#4278);
#1245=VERTEX_POINT('',#4281);
#1246=VERTEX_POINT('',#4283);
#1247=VERTEX_POINT('',#4286);
#1248=VERTEX_POINT('',#4287);
#1249=VERTEX_POINT('',#4289);
#1250=VERTEX_POINT('',#4291);
#1251=VERTEX_POINT('',#4295);
#1252=VERTEX_POINT('',#4297);
#1253=VERTEX_POINT('',#4301);
#1254=VERTEX_POINT('',#4302);
#1255=VERTEX_POINT('',#4304);
#1256=VERTEX_POINT('',#4306);
#1257=VERTEX_POINT('',#4310);
#1258=VERTEX_POINT('',#4313);
#1259=VERTEX_POINT('',#4317);
#1260=VERTEX_POINT('',#4318);
#1261=VERTEX_POINT('',#4323);
#1262=VERTEX_POINT('',#4325);
#1263=VERTEX_POINT('',#4327);
#1264=VERTEX_POINT('',#4329);
#1265=VERTEX_POINT('',#4331);
#1266=VERTEX_POINT('',#4333);
#1267=VERTEX_POINT('',#4335);
#1268=VERTEX_POINT('',#4337);
#1269=VERTEX_POINT('',#4344);
#1270=VERTEX_POINT('',#4345);
#1271=VERTEX_POINT('',#4350);
#1272=VERTEX_POINT('',#4354);
#1273=VERTEX_POINT('',#4355);
#1274=VERTEX_POINT('',#4362);
#1275=VERTEX_POINT('',#4364);
#1276=VERTEX_POINT('',#4373);
#1277=VERTEX_POINT('',#4375);
#1278=VERTEX_POINT('',#4378);
#1279=VERTEX_POINT('',#4382);
#1280=VERTEX_POINT('',#4386);
#1281=VERTEX_POINT('',#4390);
#1282=VERTEX_POINT('',#4391);
#1283=VERTEX_POINT('',#4396);
#1284=VERTEX_POINT('',#4400);
#1285=VERTEX_POINT('',#4406);
#1286=VERTEX_POINT('',#4407);
#1287=VERTEX_POINT('',#4412);
#1288=VERTEX_POINT('',#4416);
#1289=VERTEX_POINT('',#4420);
#1290=VERTEX_POINT('',#4422);
#1291=VERTEX_POINT('',#4426);
#1292=VERTEX_POINT('',#4427);
#1293=VERTEX_POINT('',#4432);
#1294=VERTEX_POINT('',#4436);
#1295=VERTEX_POINT('',#4454);
#1296=VERTEX_POINT('',#4460);
#1297=VERTEX_POINT('',#4465);
#1298=VERTEX_POINT('',#4467);
#1299=VERTEX_POINT('',#4469);
#1300=VERTEX_POINT('',#4472);
#1301=VERTEX_POINT('',#4476);
#1302=VERTEX_POINT('',#4480);
#1303=VERTEX_POINT('',#4489);
#1304=VERTEX_POINT('',#4490);
#1305=VERTEX_POINT('',#4492);
#1306=VERTEX_POINT('',#4494);
#1307=VERTEX_POINT('',#4498);
#1308=VERTEX_POINT('',#4499);
#1309=VERTEX_POINT('',#4501);
#1310=VERTEX_POINT('',#4503);
#1311=VERTEX_POINT('',#4507);
#1312=VERTEX_POINT('',#4508);
#1313=VERTEX_POINT('',#4510);
#1314=VERTEX_POINT('',#4512);
#1315=VERTEX_POINT('',#4514);
#1316=VERTEX_POINT('',#4516);
#1317=VERTEX_POINT('',#4518);
#1318=VERTEX_POINT('',#4520);
#1319=VERTEX_POINT('',#4524);
#1320=VERTEX_POINT('',#4525);
#1321=VERTEX_POINT('',#4527);
#1322=VERTEX_POINT('',#4529);
#1323=VERTEX_POINT('',#4533);
#1324=VERTEX_POINT('',#4534);
#1325=VERTEX_POINT('',#4536);
#1326=VERTEX_POINT('',#4538);
#1327=VERTEX_POINT('',#4549);
#1328=VERTEX_POINT('',#4550);
#1329=VERTEX_POINT('',#4552);
#1330=VERTEX_POINT('',#4554);
#1331=VERTEX_POINT('',#4558);
#1332=VERTEX_POINT('',#4559);
#1333=VERTEX_POINT('',#4561);
#1334=VERTEX_POINT('',#4563);
#1335=VERTEX_POINT('',#4567);
#1336=VERTEX_POINT('',#4569);
#1337=VERTEX_POINT('',#4573);
#1338=VERTEX_POINT('',#4575);
#1339=VERTEX_POINT('',#4579);
#1340=VERTEX_POINT('',#4582);
#1341=VERTEX_POINT('',#4583);
#1342=VERTEX_POINT('',#4585);
#1343=VERTEX_POINT('',#4587);
#1344=VERTEX_POINT('',#4591);
#1345=VERTEX_POINT('',#4592);
#1346=VERTEX_POINT('',#4594);
#1347=VERTEX_POINT('',#4596);
#1348=VERTEX_POINT('',#4598);
#1349=VERTEX_POINT('',#4600);
#1350=VERTEX_POINT('',#4604);
#1351=VERTEX_POINT('',#4605);
#1352=VERTEX_POINT('',#4607);
#1353=VERTEX_POINT('',#4609);
#1354=VERTEX_POINT('',#4611);
#1355=VERTEX_POINT('',#4613);
#1356=VERTEX_POINT('',#4617);
#1357=VERTEX_POINT('',#4623);
#1358=VERTEX_POINT('',#4624);
#1359=VERTEX_POINT('',#4626);
#1360=VERTEX_POINT('',#4628);
#1361=VERTEX_POINT('',#4632);
#1362=VERTEX_POINT('',#4633);
#1363=VERTEX_POINT('',#4636);
#1364=VERTEX_POINT('',#4639);
#1365=VERTEX_POINT('',#4643);
#1366=VERTEX_POINT('',#4647);
#1367=VERTEX_POINT('',#4653);
#1368=VERTEX_POINT('',#4654);
#1369=VERTEX_POINT('',#4657);
#1370=VERTEX_POINT('',#4659);
#1371=VERTEX_POINT('',#4663);
#1372=VERTEX_POINT('',#4664);
#1373=VERTEX_POINT('',#4666);
#1374=VERTEX_POINT('',#4668);
#1375=VERTEX_POINT('',#4673);
#1376=VERTEX_POINT('',#4674);
#1377=VERTEX_POINT('',#4679);
#1378=VERTEX_POINT('',#4683);
#1379=VERTEX_POINT('',#4684);
#1380=VERTEX_POINT('',#4689);
#1381=VERTEX_POINT('',#4695);
#1382=VERTEX_POINT('',#4696);
#1383=VERTEX_POINT('',#4705);
#1384=VERTEX_POINT('',#4706);
#1385=VERTEX_POINT('',#4708);
#1386=VERTEX_POINT('',#4715);
#1387=VERTEX_POINT('',#4716);
#1388=VERTEX_POINT('',#4719);
#1389=VERTEX_POINT('',#4725);
#1390=VERTEX_POINT('',#4727);
#1391=VERTEX_POINT('',#4731);
#1392=VERTEX_POINT('',#4732);
#1393=VERTEX_POINT('',#4740);
#1394=VERTEX_POINT('',#4742);
#1395=VERTEX_POINT('',#4746);
#1396=VERTEX_POINT('',#4747);
#1397=VERTEX_POINT('',#4755);
#1398=VERTEX_POINT('',#4757);
#1399=VERTEX_POINT('',#4760);
#1400=VERTEX_POINT('',#4762);
#1401=VERTEX_POINT('',#4765);
#1402=VERTEX_POINT('',#4767);
#1403=VERTEX_POINT('',#4769);
#1404=VERTEX_POINT('',#4771);
#1405=VERTEX_POINT('',#4773);
#1406=VERTEX_POINT('',#4776);
#1407=VERTEX_POINT('',#4782);
#1408=VERTEX_POINT('',#4786);
#1409=VERTEX_POINT('',#4792);
#1410=VERTEX_POINT('',#4796);
#1411=VERTEX_POINT('',#4803);
#1412=VERTEX_POINT('',#4804);
#1413=VERTEX_POINT('',#4809);
#1414=VERTEX_POINT('',#4813);
#1415=VERTEX_POINT('',#4817);
#1416=VERTEX_POINT('',#4823);
#1417=VERTEX_POINT('',#4830);
#1418=VERTEX_POINT('',#4831);
#1419=VERTEX_POINT('',#4833);
#1420=VERTEX_POINT('',#4835);
#1421=VERTEX_POINT('',#4839);
#1422=VERTEX_POINT('',#4840);
#1423=VERTEX_POINT('',#4845);
#1424=VERTEX_POINT('',#4847);
#1425=VERTEX_POINT('',#4851);
#1426=VERTEX_POINT('',#4852);
#1427=VERTEX_POINT('',#4860);
#1428=VERTEX_POINT('',#4861);
#1429=VERTEX_POINT('',#4869);
#1430=VERTEX_POINT('',#4872);
#1431=VERTEX_POINT('',#4876);
#1432=VERTEX_POINT('',#4880);
#1433=VERTEX_POINT('',#4882);
#1434=VERTEX_POINT('',#4884);
#1435=EDGE_CURVE('',#1151,#1152,#1041,.T.);
#1436=EDGE_CURVE('',#1151,#1153,#425,.T.);
#1437=EDGE_CURVE('',#1153,#1154,#1042,.T.);
#1438=EDGE_CURVE('',#1154,#1152,#426,.T.);
#1439=EDGE_CURVE('',#1155,#1152,#427,.T.);
#1440=EDGE_CURVE('',#1155,#1156,#1043,.T.);
#1441=EDGE_CURVE('',#1151,#1156,#428,.T.);
#1442=EDGE_CURVE('',#1157,#1154,#429,.T.);
#1443=EDGE_CURVE('',#1155,#1157,#430,.T.);
#1444=EDGE_CURVE('',#1157,#1158,#1044,.T.);
#1445=EDGE_CURVE('',#1158,#1156,#431,.T.);
#1446=EDGE_CURVE('',#1153,#1158,#432,.T.);
#1447=EDGE_CURVE('',#1159,#1160,#433,.T.);
#1448=EDGE_CURVE('',#1159,#1161,#434,.T.);
#1449=EDGE_CURVE('',#1162,#1161,#435,.T.);
#1450=EDGE_CURVE('',#1160,#1162,#436,.T.);
#1451=EDGE_CURVE('',#1163,#1161,#1045,.T.);
#1452=EDGE_CURVE('',#1163,#1164,#437,.T.);
#1453=EDGE_CURVE('',#1164,#1162,#1046,.T.);
#1454=EDGE_CURVE('',#1159,#1165,#1047,.T.);
#1455=EDGE_CURVE('',#1160,#1166,#1048,.T.);
#1456=EDGE_CURVE('',#1166,#1165,#438,.T.);
#1457=EDGE_CURVE('',#1163,#1165,#439,.T.);
#1458=EDGE_CURVE('',#1164,#1166,#440,.T.);
#1459=EDGE_CURVE('',#1167,#1168,#441,.T.);
#1460=EDGE_CURVE('',#1169,#1167,#442,.T.);
#1461=EDGE_CURVE('',#1170,#1169,#443,.T.);
#1462=EDGE_CURVE('',#1170,#1168,#444,.T.);
#1463=EDGE_CURVE('',#1171,#1168,#1049,.T.);
#1464=EDGE_CURVE('',#1171,#1172,#445,.T.);
#1465=EDGE_CURVE('',#1172,#1167,#1050,.T.);
#1466=EDGE_CURVE('',#1171,#1173,#446,.T.);
#1467=EDGE_CURVE('',#1174,#1173,#447,.T.);
#1468=EDGE_CURVE('',#1172,#1174,#448,.T.);
#1469=EDGE_CURVE('',#1170,#1173,#1051,.T.);
#1470=EDGE_CURVE('',#1169,#1174,#1052,.T.);
#1471=EDGE_CURVE('',#1175,#1176,#1053,.T.);
#1472=EDGE_CURVE('',#1176,#1177,#449,.T.);
#1473=EDGE_CURVE('',#1177,#1178,#1054,.T.);
#1474=EDGE_CURVE('',#1178,#1175,#450,.T.);
#1475=EDGE_CURVE('',#1179,#1176,#451,.T.);
#1476=EDGE_CURVE('',#1180,#1179,#452,.T.);
#1477=EDGE_CURVE('',#1177,#1180,#453,.T.);
#1478=EDGE_CURVE('',#1179,#1181,#1055,.T.);
#1479=EDGE_CURVE('',#1181,#1182,#454,.T.);
#1480=EDGE_CURVE('',#1182,#1180,#1056,.T.);
#1481=EDGE_CURVE('',#1181,#1183,#455,.T.);
#1482=EDGE_CURVE('',#1184,#1183,#456,.T.);
#1483=EDGE_CURVE('',#1182,#1184,#457,.T.);
#1484=EDGE_CURVE('',#1185,#1184,#1057,.T.);
#1485=EDGE_CURVE('',#1183,#1186,#1058,.T.);
#1486=EDGE_CURVE('',#1186,#1185,#458,.T.);
#1487=EDGE_CURVE('',#1187,#1188,#1059,.T.);
#1488=EDGE_CURVE('',#1188,#1189,#459,.T.);
#1489=EDGE_CURVE('',#1189,#1190,#1060,.T.);
#1490=EDGE_CURVE('',#1190,#1187,#460,.T.);
#1491=EDGE_CURVE('',#1187,#1178,#461,.T.);
#1492=EDGE_CURVE('',#1190,#1175,#462,.T.);
#1493=EDGE_CURVE('',#1191,#1192,#1061,.T.);
#1494=EDGE_CURVE('',#1191,#1193,#463,.T.);
#1495=EDGE_CURVE('',#1193,#1194,#1062,.T.);
#1496=EDGE_CURVE('',#1194,#1192,#464,.T.);
#1497=EDGE_CURVE('',#1191,#1195,#465,.T.);
#1498=EDGE_CURVE('',#1196,#1195,#466,.T.);
#1499=EDGE_CURVE('',#1193,#1196,#467,.T.);
#1500=EDGE_CURVE('',#1197,#1195,#1063,.T.);
#1501=EDGE_CURVE('',#1197,#1198,#468,.T.);
#1502=EDGE_CURVE('',#1198,#1196,#1064,.T.);
#1503=EDGE_CURVE('',#1199,#1192,#469,.T.);
#1504=EDGE_CURVE('',#1199,#1200,#470,.T.);
#1505=EDGE_CURVE('',#1197,#1200,#471,.T.);
#1506=EDGE_CURVE('',#1185,#1188,#472,.T.);
#1507=EDGE_CURVE('',#1201,#1202,#1065,.T.);
#1508=EDGE_CURVE('',#1202,#1203,#473,.T.);
#1509=EDGE_CURVE('',#1203,#1204,#15,.T.);
#1510=EDGE_CURVE('',#1204,#1201,#474,.T.);
#1511=EDGE_CURVE('',#1204,#1205,#475,.T.);
#1512=EDGE_CURVE('',#1206,#1205,#476,.T.);
#1513=EDGE_CURVE('',#1206,#1207,#477,.T.);
#1514=EDGE_CURVE('',#1207,#1194,#478,.T.);
#1515=EDGE_CURVE('',#1198,#1208,#479,.T.);
#1516=EDGE_CURVE('',#1208,#1201,#480,.T.);
#1517=EDGE_CURVE('',#1209,#1206,#1066,.T.);
#1518=EDGE_CURVE('',#1205,#1210,#16,.T.);
#1519=EDGE_CURVE('',#1210,#1209,#481,.T.);
#1520=EDGE_CURVE('',#1200,#1208,#482,.T.);
#1521=EDGE_CURVE('',#1207,#1199,#483,.T.);
#1522=EDGE_CURVE('',#1211,#1209,#484,.T.);
#1523=EDGE_CURVE('',#1212,#1211,#485,.T.);
#1524=EDGE_CURVE('',#1213,#1212,#486,.T.);
#1525=EDGE_CURVE('',#1214,#1213,#1067,.T.);
#1526=EDGE_CURVE('',#1215,#1214,#487,.T.);
#1527=EDGE_CURVE('',#1216,#1215,#1068,.T.);
#1528=EDGE_CURVE('',#1216,#1217,#488,.T.);
#1529=EDGE_CURVE('',#1217,#1218,#1069,.T.);
#1530=EDGE_CURVE('',#1218,#1219,#489,.T.);
#1531=EDGE_CURVE('',#1220,#1219,#1070,.T.);
#1532=EDGE_CURVE('',#1221,#1220,#490,.T.);
#1533=EDGE_CURVE('',#1221,#1222,#491,.T.);
#1534=EDGE_CURVE('',#1223,#1222,#1071,.T.);
#1535=EDGE_CURVE('',#1223,#1224,#492,.T.);
#1536=EDGE_CURVE('',#1225,#1224,#1072,.T.);
#1537=EDGE_CURVE('',#1225,#1226,#493,.T.);
#1538=EDGE_CURVE('',#1227,#1226,#494,.T.);
#1539=EDGE_CURVE('',#1228,#1227,#495,.T.);
#1540=EDGE_CURVE('',#1229,#1228,#496,.T.);
#1541=EDGE_CURVE('',#1229,#1230,#497,.T.);
#1542=EDGE_CURVE('',#1231,#1230,#1073,.T.);
#1543=EDGE_CURVE('',#1231,#1232,#498,.T.);
#1544=EDGE_CURVE('',#1233,#1232,#1074,.T.);
#1545=EDGE_CURVE('',#1233,#1234,#499,.T.);
#1546=EDGE_CURVE('',#1235,#1234,#500,.T.);
#1547=EDGE_CURVE('',#1236,#1235,#1075,.T.);
#1548=EDGE_CURVE('',#1236,#1237,#501,.T.);
#1549=EDGE_CURVE('',#1237,#1238,#1076,.T.);
#1550=EDGE_CURVE('',#1238,#1239,#502,.T.);
#1551=EDGE_CURVE('',#1240,#1239,#1077,.T.);
#1552=EDGE_CURVE('',#1241,#1240,#503,.T.);
#1553=EDGE_CURVE('',#1242,#1241,#1078,.T.);
#1554=EDGE_CURVE('',#1243,#1242,#504,.T.);
#1555=EDGE_CURVE('',#1244,#1243,#505,.T.);
#1556=EDGE_CURVE('',#1202,#1244,#506,.T.);
#1557=EDGE_CURVE('',#1245,#1245,#1079,.T.);
#1558=EDGE_CURVE('',#1246,#1246,#1080,.T.);
#1559=EDGE_CURVE('',#1247,#1248,#1081,.T.);
#1560=EDGE_CURVE('',#1247,#1249,#507,.T.);
#1561=EDGE_CURVE('',#1249,#1250,#1082,.T.);
#1562=EDGE_CURVE('',#1250,#1248,#508,.T.);
#1563=EDGE_CURVE('',#1251,#1247,#1083,.T.);
#1564=EDGE_CURVE('',#1252,#1251,#509,.T.);
#1565=EDGE_CURVE('',#1252,#1249,#1084,.T.);
#1566=EDGE_CURVE('',#1253,#1254,#1085,.T.);
#1567=EDGE_CURVE('',#1253,#1255,#510,.T.);
#1568=EDGE_CURVE('',#1255,#1256,#1086,.T.);
#1569=EDGE_CURVE('',#1256,#1254,#511,.T.);
#1570=EDGE_CURVE('',#1257,#1253,#512,.T.);
#1571=EDGE_CURVE('',#1257,#1244,#513,.T.);
#1572=EDGE_CURVE('',#1258,#1243,#514,.T.);
#1573=EDGE_CURVE('',#1258,#1255,#515,.T.);
#1574=EDGE_CURVE('',#1259,#1260,#1087,.T.);
#1575=EDGE_CURVE('',#1259,#1242,#516,.T.);
#1576=EDGE_CURVE('',#1241,#1260,#517,.T.);
#1577=EDGE_CURVE('',#1261,#1260,#518,.T.);
#1578=EDGE_CURVE('',#1261,#1262,#1088,.T.);
#1579=EDGE_CURVE('',#1262,#1263,#519,.T.);
#1580=EDGE_CURVE('',#1264,#1263,#1089,.T.);
#1581=EDGE_CURVE('',#1264,#1265,#520,.T.);
#1582=EDGE_CURVE('',#1265,#1266,#1090,.T.);
#1583=EDGE_CURVE('',#1267,#1266,#521,.T.);
#1584=EDGE_CURVE('',#1267,#1268,#1091,.F.);
#1585=EDGE_CURVE('',#1256,#1268,#1092,.T.);
#1586=EDGE_CURVE('',#1259,#1258,#522,.T.);
#1587=EDGE_CURVE('',#1261,#1240,#523,.T.);
#1588=EDGE_CURVE('',#1269,#1270,#1093,.T.);
#1589=EDGE_CURVE('',#1269,#1214,#524,.T.);
#1590=EDGE_CURVE('',#1213,#1270,#525,.T.);
#1591=EDGE_CURVE('',#1269,#1271,#526,.T.);
#1592=EDGE_CURVE('',#1215,#1271,#527,.T.);
#1593=EDGE_CURVE('',#1272,#1273,#1094,.T.);
#1594=EDGE_CURVE('',#1272,#1268,#528,.T.);
#1595=EDGE_CURVE('',#1267,#1273,#529,.T.);
#1596=EDGE_CURVE('',#1254,#1272,#1095,.T.);
#1597=EDGE_CURVE('',#1274,#1252,#1096,.T.);
#1598=EDGE_CURVE('',#1275,#1251,#1097,.T.);
#1599=EDGE_CURVE('',#1275,#1274,#530,.T.);
#1600=EDGE_CURVE('',#1239,#1262,#531,.T.);
#1601=EDGE_CURVE('',#1265,#1236,#532,.T.);
#1602=EDGE_CURVE('',#1235,#1266,#533,.T.);
#1603=EDGE_CURVE('',#1234,#1276,#534,.T.);
#1604=EDGE_CURVE('',#1276,#1277,#535,.T.);
#1605=EDGE_CURVE('',#1277,#1229,#536,.T.);
#1606=EDGE_CURVE('',#1278,#1228,#537,.T.);
#1607=EDGE_CURVE('',#1273,#1278,#538,.T.);
#1608=EDGE_CURVE('',#1279,#1271,#1098,.T.);
#1609=EDGE_CURVE('',#1279,#1216,#539,.T.);
#1610=EDGE_CURVE('',#1280,#1279,#540,.T.);
#1611=EDGE_CURVE('',#1280,#1217,#541,.T.);
#1612=EDGE_CURVE('',#1281,#1282,#1099,.T.);
#1613=EDGE_CURVE('',#1281,#1220,#542,.T.);
#1614=EDGE_CURVE('',#1219,#1282,#543,.T.);
#1615=EDGE_CURVE('',#1283,#1270,#544,.T.);
#1616=EDGE_CURVE('',#1250,#1283,#545,.T.);
#1617=EDGE_CURVE('',#1281,#1274,#546,.T.);
#1618=EDGE_CURVE('',#1282,#1284,#547,.T.);
#1619=EDGE_CURVE('',#1280,#1284,#1100,.T.);
#1620=EDGE_CURVE('',#1284,#1218,#548,.T.);
#1621=EDGE_CURVE('',#1285,#1286,#1101,.T.);
#1622=EDGE_CURVE('',#1285,#1223,#549,.T.);
#1623=EDGE_CURVE('',#1222,#1286,#550,.T.);
#1624=EDGE_CURVE('',#1285,#1287,#551,.T.);
#1625=EDGE_CURVE('',#1224,#1287,#552,.T.);
#1626=EDGE_CURVE('',#1288,#1287,#1102,.T.);
#1627=EDGE_CURVE('',#1288,#1225,#553,.T.);
#1628=EDGE_CURVE('',#1289,#1286,#554,.T.);
#1629=EDGE_CURVE('',#1290,#1289,#555,.T.);
#1630=EDGE_CURVE('',#1288,#1290,#556,.T.);
#1631=EDGE_CURVE('',#1291,#1292,#1103,.T.);
#1632=EDGE_CURVE('',#1291,#1231,#557,.T.);
#1633=EDGE_CURVE('',#1230,#1292,#558,.T.);
#1634=EDGE_CURVE('',#1291,#1293,#559,.T.);
#1635=EDGE_CURVE('',#1232,#1293,#560,.T.);
#1636=EDGE_CURVE('',#1294,#1293,#1104,.T.);
#1637=EDGE_CURVE('',#1294,#1233,#561,.T.);
#1638=EDGE_CURVE('',#1294,#1276,#562,.T.);
#1639=EDGE_CURVE('',#1277,#1292,#563,.T.);
#1640=EDGE_CURVE('',#1226,#1290,#564,.T.);
#1641=EDGE_CURVE('',#1289,#1221,#565,.T.);
#1642=EDGE_CURVE('',#1263,#1238,#566,.T.);
#1643=EDGE_CURVE('',#1264,#1237,#567,.T.);
#1644=EDGE_CURVE('',#1295,#1275,#568,.T.);
#1645=EDGE_CURVE('',#1295,#1227,#569,.T.);
#1646=EDGE_CURVE('',#1283,#1212,#570,.T.);
#1647=EDGE_CURVE('',#1296,#1211,#571,.T.);
#1648=EDGE_CURVE('',#1248,#1296,#572,.T.);
#1649=EDGE_CURVE('',#1297,#1278,#573,.T.);
#1650=EDGE_CURVE('',#1295,#1298,#574,.T.);
#1651=EDGE_CURVE('',#1298,#1299,#575,.T.);
#1652=EDGE_CURVE('',#1299,#1186,#576,.T.);
#1653=EDGE_CURVE('',#1189,#1300,#577,.T.);
#1654=EDGE_CURVE('',#1300,#1297,#578,.T.);
#1655=EDGE_CURVE('',#1245,#1301,#579,.T.);
#1656=EDGE_CURVE('',#1301,#1301,#1105,.T.);
#1657=EDGE_CURVE('',#1246,#1302,#580,.T.);
#1658=EDGE_CURVE('',#1302,#1302,#1106,.T.);
#1659=EDGE_CURVE('',#1303,#1304,#581,.T.);
#1660=EDGE_CURVE('',#1303,#1305,#582,.T.);
#1661=EDGE_CURVE('',#1306,#1305,#583,.T.);
#1662=EDGE_CURVE('',#1304,#1306,#584,.T.);
#1663=EDGE_CURVE('',#1307,#1308,#585,.T.);
#1664=EDGE_CURVE('',#1307,#1309,#586,.T.);
#1665=EDGE_CURVE('',#1310,#1309,#587,.T.);
#1666=EDGE_CURVE('',#1308,#1310,#588,.T.);
#1667=EDGE_CURVE('',#1311,#1312,#589,.T.);
#1668=EDGE_CURVE('',#1313,#1312,#590,.T.);
#1669=EDGE_CURVE('',#1314,#1313,#591,.T.);
#1670=EDGE_CURVE('',#1315,#1314,#592,.T.);
#1671=EDGE_CURVE('',#1316,#1315,#593,.T.);
#1672=EDGE_CURVE('',#1317,#1316,#594,.T.);
#1673=EDGE_CURVE('',#1318,#1317,#595,.T.);
#1674=EDGE_CURVE('',#1318,#1311,#596,.T.);
#1675=EDGE_CURVE('',#1319,#1320,#597,.T.);
#1676=EDGE_CURVE('',#1321,#1320,#598,.T.);
#1677=EDGE_CURVE('',#1322,#1321,#599,.T.);
#1678=EDGE_CURVE('',#1319,#1322,#600,.T.);
#1679=EDGE_CURVE('',#1323,#1324,#601,.T.);
#1680=EDGE_CURVE('',#1323,#1325,#602,.T.);
#1681=EDGE_CURVE('',#1326,#1325,#603,.T.);
#1682=EDGE_CURVE('',#1313,#1326,#604,.T.);
#1683=EDGE_CURVE('',#1319,#1312,#605,.T.);
#1684=EDGE_CURVE('',#1324,#1322,#606,.T.);
#1685=EDGE_CURVE('',#1299,#1316,#607,.T.);
#1686=EDGE_CURVE('',#1300,#1315,#608,.T.);
#1687=EDGE_CURVE('',#1297,#1314,#609,.T.);
#1688=EDGE_CURVE('',#1327,#1328,#610,.T.);
#1689=EDGE_CURVE('',#1329,#1327,#611,.T.);
#1690=EDGE_CURVE('',#1330,#1329,#612,.T.);
#1691=EDGE_CURVE('',#1330,#1328,#613,.T.);
#1692=EDGE_CURVE('',#1331,#1332,#614,.T.);
#1693=EDGE_CURVE('',#1333,#1332,#615,.T.);
#1694=EDGE_CURVE('',#1334,#1333,#616,.T.);
#1695=EDGE_CURVE('',#1331,#1334,#617,.T.);
#1696=EDGE_CURVE('',#1332,#1335,#1107,.T.);
#1697=EDGE_CURVE('',#1336,#1335,#618,.T.);
#1698=EDGE_CURVE('',#1333,#1336,#1108,.T.);
#1699=EDGE_CURVE('',#1335,#1337,#619,.T.);
#1700=EDGE_CURVE('',#1338,#1337,#620,.T.);
#1701=EDGE_CURVE('',#1336,#1338,#621,.T.);
#1702=EDGE_CURVE('',#1339,#1339,#1109,.T.);
#1703=EDGE_CURVE('',#1340,#1341,#622,.T.);
#1704=EDGE_CURVE('',#1342,#1340,#623,.T.);
#1705=EDGE_CURVE('',#1343,#1342,#624,.T.);
#1706=EDGE_CURVE('',#1343,#1341,#625,.T.);
#1707=EDGE_CURVE('',#1344,#1345,#626,.T.);
#1708=EDGE_CURVE('',#1346,#1344,#627,.T.);
#1709=EDGE_CURVE('',#1346,#1347,#628,.T.);
#1710=EDGE_CURVE('',#1347,#1348,#629,.T.);
#1711=EDGE_CURVE('',#1348,#1349,#630,.T.);
#1712=EDGE_CURVE('',#1349,#1345,#631,.T.);
#1713=EDGE_CURVE('',#1350,#1351,#632,.T.);
#1714=EDGE_CURVE('',#1351,#1352,#633,.T.);
#1715=EDGE_CURVE('',#1353,#1352,#634,.T.);
#1716=EDGE_CURVE('',#1354,#1353,#635,.T.);
#1717=EDGE_CURVE('',#1354,#1355,#636,.T.);
#1718=EDGE_CURVE('',#1355,#1350,#637,.T.);
#1719=EDGE_CURVE('',#1356,#1356,#1110,.T.);
#1720=EDGE_CURVE('',#1356,#1339,#638,.T.);
#1721=EDGE_CURVE('',#1317,#1298,#639,.T.);
#1722=EDGE_CURVE('',#1357,#1358,#640,.T.);
#1723=EDGE_CURVE('',#1359,#1357,#641,.T.);
#1724=EDGE_CURVE('',#1360,#1359,#642,.T.);
#1725=EDGE_CURVE('',#1358,#1360,#643,.T.);
#1726=EDGE_CURVE('',#1361,#1362,#1111,.T.);
#1727=EDGE_CURVE('',#1337,#1362,#644,.T.);
#1728=EDGE_CURVE('',#1363,#1331,#645,.T.);
#1729=EDGE_CURVE('',#1363,#1358,#1112,.T.);
#1730=EDGE_CURVE('',#1364,#1360,#1113,.T.);
#1731=EDGE_CURVE('',#1364,#1361,#646,.T.);
#1732=EDGE_CURVE('',#1364,#1365,#647,.T.);
#1733=EDGE_CURVE('',#1365,#1359,#1114,.T.);
#1734=EDGE_CURVE('',#1361,#1366,#648,.T.);
#1735=EDGE_CURVE('',#1366,#1365,#649,.T.);
#1736=EDGE_CURVE('',#1311,#1320,#650,.T.);
#1737=EDGE_CURVE('',#1367,#1368,#651,.T.);
#1738=EDGE_CURVE('',#1368,#1347,#652,.T.);
#1739=EDGE_CURVE('',#1369,#1346,#653,.T.);
#1740=EDGE_CURVE('',#1369,#1370,#654,.T.);
#1741=EDGE_CURVE('',#1370,#1367,#655,.T.);
#1742=EDGE_CURVE('',#1371,#1372,#656,.T.);
#1743=EDGE_CURVE('',#1371,#1373,#657,.T.);
#1744=EDGE_CURVE('',#1373,#1374,#658,.T.);
#1745=EDGE_CURVE('',#1374,#1355,#659,.T.);
#1746=EDGE_CURVE('',#1372,#1354,#660,.T.);
#1747=EDGE_CURVE('',#1375,#1376,#1115,.T.);
#1748=EDGE_CURVE('',#1348,#1376,#661,.T.);
#1749=EDGE_CURVE('',#1375,#1368,#662,.T.);
#1750=EDGE_CURVE('',#1375,#1377,#663,.T.);
#1751=EDGE_CURVE('',#1377,#1367,#664,.T.);
#1752=EDGE_CURVE('',#1378,#1379,#665,.T.);
#1753=EDGE_CURVE('',#1378,#1374,#666,.T.);
#1754=EDGE_CURVE('',#1379,#1373,#667,.T.);
#1755=EDGE_CURVE('',#1380,#1376,#668,.T.);
#1756=EDGE_CURVE('',#1349,#1380,#669,.T.);
#1757=EDGE_CURVE('',#1377,#1380,#1116,.T.);
#1758=EDGE_CURVE('',#1381,#1382,#670,.T.);
#1759=EDGE_CURVE('',#1351,#1381,#671,.T.);
#1760=EDGE_CURVE('',#1350,#1382,#672,.T.);
#1761=EDGE_CURVE('',#1378,#1382,#1117,.T.);
#1762=EDGE_CURVE('',#1379,#1381,#1118,.T.);
#1763=EDGE_CURVE('',#1383,#1384,#673,.T.);
#1764=EDGE_CURVE('',#1383,#1385,#674,.T.);
#1765=EDGE_CURVE('',#1363,#1385,#675,.T.);
#1766=EDGE_CURVE('',#1384,#1334,#676,.T.);
#1767=EDGE_CURVE('',#1385,#1357,#1119,.T.);
#1768=EDGE_CURVE('',#1386,#1387,#677,.T.);
#1769=EDGE_CURVE('',#1338,#1386,#678,.T.);
#1770=EDGE_CURVE('',#1388,#1362,#679,.T.);
#1771=EDGE_CURVE('',#1388,#1387,#680,.T.);
#1772=EDGE_CURVE('',#1366,#1388,#1120,.T.);
#1773=EDGE_CURVE('',#1389,#1372,#1121,.T.);
#1774=EDGE_CURVE('',#1389,#1390,#681,.T.);
#1775=EDGE_CURVE('',#1390,#1371,#1122,.T.);
#1776=EDGE_CURVE('',#1391,#1392,#682,.T.);
#1777=EDGE_CURVE('',#1391,#1390,#683,.T.);
#1778=EDGE_CURVE('',#1392,#1389,#684,.T.);
#1779=EDGE_CURVE('',#1386,#1392,#1123,.T.);
#1780=EDGE_CURVE('',#1387,#1391,#1124,.T.);
#1781=EDGE_CURVE('',#1393,#1384,#1125,.T.);
#1782=EDGE_CURVE('',#1393,#1394,#685,.T.);
#1783=EDGE_CURVE('',#1394,#1383,#1126,.T.);
#1784=EDGE_CURVE('',#1395,#1396,#686,.T.);
#1785=EDGE_CURVE('',#1395,#1394,#687,.T.);
#1786=EDGE_CURVE('',#1396,#1393,#688,.T.);
#1787=EDGE_CURVE('',#1296,#1369,#689,.T.);
#1788=EDGE_CURVE('',#1344,#1396,#1127,.T.);
#1789=EDGE_CURVE('',#1257,#1353,#690,.T.);
#1790=EDGE_CURVE('',#1397,#1326,#1128,.T.);
#1791=EDGE_CURVE('',#1397,#1398,#691,.T.);
#1792=EDGE_CURVE('',#1329,#1398,#1129,.T.);
#1793=EDGE_CURVE('',#1399,#1327,#1130,.T.);
#1794=EDGE_CURVE('',#1399,#1400,#692,.T.);
#1795=EDGE_CURVE('',#1324,#1400,#1131,.T.);
#1796=EDGE_CURVE('',#1321,#1401,#693,.T.);
#1797=EDGE_CURVE('',#1402,#1401,#1132,.T.);
#1798=EDGE_CURVE('',#1402,#1403,#694,.T.);
#1799=EDGE_CURVE('',#1404,#1403,#1133,.T.);
#1800=EDGE_CURVE('',#1404,#1405,#695,.T.);
#1801=EDGE_CURVE('',#1308,#1405,#1134,.T.);
#1802=EDGE_CURVE('',#1406,#1310,#1135,.T.);
#1803=EDGE_CURVE('',#1406,#1318,#696,.T.);
#1804=EDGE_CURVE('',#1345,#1395,#1136,.T.);
#1805=EDGE_CURVE('',#1407,#1325,#1137,.T.);
#1806=EDGE_CURVE('',#1407,#1397,#697,.T.);
#1807=EDGE_CURVE('',#1398,#1408,#698,.T.);
#1808=EDGE_CURVE('',#1407,#1408,#699,.T.);
#1809=EDGE_CURVE('',#1330,#1408,#1138,.T.);
#1810=EDGE_CURVE('',#1409,#1328,#1139,.T.);
#1811=EDGE_CURVE('',#1409,#1399,#700,.T.);
#1812=EDGE_CURVE('',#1400,#1410,#701,.T.);
#1813=EDGE_CURVE('',#1409,#1410,#702,.T.);
#1814=EDGE_CURVE('',#1323,#1410,#1140,.T.);
#1815=EDGE_CURVE('',#1411,#1412,#1141,.T.);
#1816=EDGE_CURVE('',#1411,#1404,#703,.T.);
#1817=EDGE_CURVE('',#1403,#1412,#704,.T.);
#1818=EDGE_CURVE('',#1413,#1402,#705,.T.);
#1819=EDGE_CURVE('',#1413,#1412,#706,.T.);
#1820=EDGE_CURVE('',#1413,#1414,#1142,.T.);
#1821=EDGE_CURVE('',#1401,#1414,#707,.T.);
#1822=EDGE_CURVE('',#1415,#1406,#708,.T.);
#1823=EDGE_CURVE('',#1415,#1414,#709,.T.);
#1824=EDGE_CURVE('',#1415,#1309,#1143,.T.);
#1825=EDGE_CURVE('',#1405,#1416,#710,.T.);
#1826=EDGE_CURVE('',#1411,#1416,#711,.T.);
#1827=EDGE_CURVE('',#1307,#1416,#1144,.T.);
#1828=EDGE_CURVE('',#1417,#1418,#1145,.T.);
#1829=EDGE_CURVE('',#1418,#1419,#712,.T.);
#1830=EDGE_CURVE('',#1419,#1420,#17,.T.);
#1831=EDGE_CURVE('',#1420,#1417,#713,.T.);
#1832=EDGE_CURVE('',#1421,#1422,#714,.T.);
#1833=EDGE_CURVE('',#1421,#1417,#715,.T.);
#1834=EDGE_CURVE('',#1422,#1420,#716,.T.);
#1835=EDGE_CURVE('',#1423,#1421,#1146,.T.);
#1836=EDGE_CURVE('',#1422,#1424,#18,.T.);
#1837=EDGE_CURVE('',#1424,#1423,#717,.T.);
#1838=EDGE_CURVE('',#1425,#1426,#718,.T.);
#1839=EDGE_CURVE('',#1425,#1423,#719,.T.);
#1840=EDGE_CURVE('',#1426,#1424,#720,.T.);
#1841=EDGE_CURVE('',#1305,#1425,#1147,.T.);
#1842=EDGE_CURVE('',#1426,#1306,#19,.T.);
#1843=EDGE_CURVE('',#1427,#1428,#721,.T.);
#1844=EDGE_CURVE('',#1419,#1427,#722,.T.);
#1845=EDGE_CURVE('',#1418,#1428,#723,.T.);
#1846=EDGE_CURVE('',#1428,#1343,#1148,.T.);
#1847=EDGE_CURVE('',#1342,#1427,#20,.T.);
#1848=EDGE_CURVE('',#1429,#1303,#1149,.T.);
#1849=EDGE_CURVE('',#1352,#1429,#724,.T.);
#1850=EDGE_CURVE('',#1430,#1370,#725,.T.);
#1851=EDGE_CURVE('',#1341,#1430,#1150,.T.);
#1852=EDGE_CURVE('',#1430,#1431,#726,.T.);
#1853=EDGE_CURVE('',#1431,#1340,#21,.T.);
#1854=EDGE_CURVE('',#1304,#1432,#22,.T.);
#1855=EDGE_CURVE('',#1431,#1433,#727,.T.);
#1856=EDGE_CURVE('',#1433,#1434,#728,.T.);
#1857=EDGE_CURVE('',#1434,#1432,#729,.T.);
#1858=EDGE_CURVE('',#1432,#1429,#730,.T.);
#1859=EDGE_CURVE('',#1434,#1203,#731,.T.);
#1860=EDGE_CURVE('',#1210,#1433,#732,.T.);
#1861=ORIENTED_EDGE('',*,*,#1435,.F.);
#1862=ORIENTED_EDGE('',*,*,#1436,.T.);
#1863=ORIENTED_EDGE('',*,*,#1437,.T.);
#1864=ORIENTED_EDGE('',*,*,#1438,.T.);
#1865=ORIENTED_EDGE('',*,*,#1435,.T.);
#1866=ORIENTED_EDGE('',*,*,#1439,.F.);
#1867=ORIENTED_EDGE('',*,*,#1440,.T.);
#1868=ORIENTED_EDGE('',*,*,#1441,.F.);
#1869=ORIENTED_EDGE('',*,*,#1438,.F.);
#1870=ORIENTED_EDGE('',*,*,#1442,.F.);
#1871=ORIENTED_EDGE('',*,*,#1443,.F.);
#1872=ORIENTED_EDGE('',*,*,#1439,.T.);
#1873=ORIENTED_EDGE('',*,*,#1440,.F.);
#1874=ORIENTED_EDGE('',*,*,#1443,.T.);
#1875=ORIENTED_EDGE('',*,*,#1444,.T.);
#1876=ORIENTED_EDGE('',*,*,#1445,.T.);
#1877=ORIENTED_EDGE('',*,*,#1436,.F.);
#1878=ORIENTED_EDGE('',*,*,#1441,.T.);
#1879=ORIENTED_EDGE('',*,*,#1445,.F.);
#1880=ORIENTED_EDGE('',*,*,#1446,.F.);
#1881=ORIENTED_EDGE('',*,*,#1447,.F.);
#1882=ORIENTED_EDGE('',*,*,#1448,.T.);
#1883=ORIENTED_EDGE('',*,*,#1449,.F.);
#1884=ORIENTED_EDGE('',*,*,#1450,.F.);
#1885=ORIENTED_EDGE('',*,*,#1451,.F.);
#1886=ORIENTED_EDGE('',*,*,#1452,.T.);
#1887=ORIENTED_EDGE('',*,*,#1453,.T.);
#1888=ORIENTED_EDGE('',*,*,#1449,.T.);
#1889=ORIENTED_EDGE('',*,*,#1454,.F.);
#1890=ORIENTED_EDGE('',*,*,#1447,.T.);
#1891=ORIENTED_EDGE('',*,*,#1455,.T.);
#1892=ORIENTED_EDGE('',*,*,#1456,.T.);
#1893=ORIENTED_EDGE('',*,*,#1452,.F.);
#1894=ORIENTED_EDGE('',*,*,#1457,.T.);
#1895=ORIENTED_EDGE('',*,*,#1456,.F.);
#1896=ORIENTED_EDGE('',*,*,#1458,.F.);
#1897=ORIENTED_EDGE('',*,*,#1459,.F.);
#1898=ORIENTED_EDGE('',*,*,#1460,.F.);
#1899=ORIENTED_EDGE('',*,*,#1461,.F.);
#1900=ORIENTED_EDGE('',*,*,#1462,.T.);
#1901=ORIENTED_EDGE('',*,*,#1463,.F.);
#1902=ORIENTED_EDGE('',*,*,#1464,.T.);
#1903=ORIENTED_EDGE('',*,*,#1465,.T.);
#1904=ORIENTED_EDGE('',*,*,#1459,.T.);
#1905=ORIENTED_EDGE('',*,*,#1464,.F.);
#1906=ORIENTED_EDGE('',*,*,#1466,.T.);
#1907=ORIENTED_EDGE('',*,*,#1467,.F.);
#1908=ORIENTED_EDGE('',*,*,#1468,.F.);
#1909=ORIENTED_EDGE('',*,*,#1469,.F.);
#1910=ORIENTED_EDGE('',*,*,#1461,.T.);
#1911=ORIENTED_EDGE('',*,*,#1470,.T.);
#1912=ORIENTED_EDGE('',*,*,#1467,.T.);
#1913=ORIENTED_EDGE('',*,*,#1463,.T.);
#1914=ORIENTED_EDGE('',*,*,#1462,.F.);
#1915=ORIENTED_EDGE('',*,*,#1469,.T.);
#1916=ORIENTED_EDGE('',*,*,#1466,.F.);
#1917=ORIENTED_EDGE('',*,*,#1454,.T.);
#1918=ORIENTED_EDGE('',*,*,#1457,.F.);
#1919=ORIENTED_EDGE('',*,*,#1451,.T.);
#1920=ORIENTED_EDGE('',*,*,#1448,.F.);
#1921=ORIENTED_EDGE('',*,*,#1471,.T.);
#1922=ORIENTED_EDGE('',*,*,#1472,.T.);
#1923=ORIENTED_EDGE('',*,*,#1473,.T.);
#1924=ORIENTED_EDGE('',*,*,#1474,.T.);
#1925=ORIENTED_EDGE('',*,*,#1472,.F.);
#1926=ORIENTED_EDGE('',*,*,#1475,.F.);
#1927=ORIENTED_EDGE('',*,*,#1476,.F.);
#1928=ORIENTED_EDGE('',*,*,#1477,.F.);
#1929=ORIENTED_EDGE('',*,*,#1478,.T.);
#1930=ORIENTED_EDGE('',*,*,#1479,.T.);
#1931=ORIENTED_EDGE('',*,*,#1480,.T.);
#1932=ORIENTED_EDGE('',*,*,#1476,.T.);
#1933=ORIENTED_EDGE('',*,*,#1479,.F.);
#1934=ORIENTED_EDGE('',*,*,#1481,.T.);
#1935=ORIENTED_EDGE('',*,*,#1482,.F.);
#1936=ORIENTED_EDGE('',*,*,#1483,.F.);
#1937=ORIENTED_EDGE('',*,*,#1484,.T.);
#1938=ORIENTED_EDGE('',*,*,#1482,.T.);
#1939=ORIENTED_EDGE('',*,*,#1485,.T.);
#1940=ORIENTED_EDGE('',*,*,#1486,.T.);
#1941=ORIENTED_EDGE('',*,*,#1487,.T.);
#1942=ORIENTED_EDGE('',*,*,#1488,.T.);
#1943=ORIENTED_EDGE('',*,*,#1489,.T.);
#1944=ORIENTED_EDGE('',*,*,#1490,.T.);
#1945=ORIENTED_EDGE('',*,*,#1474,.F.);
#1946=ORIENTED_EDGE('',*,*,#1491,.F.);
#1947=ORIENTED_EDGE('',*,*,#1490,.F.);
#1948=ORIENTED_EDGE('',*,*,#1492,.T.);
#1949=ORIENTED_EDGE('',*,*,#1493,.F.);
#1950=ORIENTED_EDGE('',*,*,#1494,.T.);
#1951=ORIENTED_EDGE('',*,*,#1495,.T.);
#1952=ORIENTED_EDGE('',*,*,#1496,.T.);
#1953=ORIENTED_EDGE('',*,*,#1494,.F.);
#1954=ORIENTED_EDGE('',*,*,#1497,.T.);
#1955=ORIENTED_EDGE('',*,*,#1498,.F.);
#1956=ORIENTED_EDGE('',*,*,#1499,.F.);
#1957=ORIENTED_EDGE('',*,*,#1500,.F.);
#1958=ORIENTED_EDGE('',*,*,#1501,.T.);
#1959=ORIENTED_EDGE('',*,*,#1502,.T.);
#1960=ORIENTED_EDGE('',*,*,#1498,.T.);
#1961=ORIENTED_EDGE('',*,*,#1493,.T.);
#1962=ORIENTED_EDGE('',*,*,#1503,.F.);
#1963=ORIENTED_EDGE('',*,*,#1504,.T.);
#1964=ORIENTED_EDGE('',*,*,#1505,.F.);
#1965=ORIENTED_EDGE('',*,*,#1500,.T.);
#1966=ORIENTED_EDGE('',*,*,#1497,.F.);
#1967=ORIENTED_EDGE('',*,*,#1491,.T.);
#1968=ORIENTED_EDGE('',*,*,#1473,.F.);
#1969=ORIENTED_EDGE('',*,*,#1477,.T.);
#1970=ORIENTED_EDGE('',*,*,#1480,.F.);
#1971=ORIENTED_EDGE('',*,*,#1483,.T.);
#1972=ORIENTED_EDGE('',*,*,#1484,.F.);
#1973=ORIENTED_EDGE('',*,*,#1506,.T.);
#1974=ORIENTED_EDGE('',*,*,#1487,.F.);
#1975=ORIENTED_EDGE('',*,*,#1507,.T.);
#1976=ORIENTED_EDGE('',*,*,#1508,.T.);
#1977=ORIENTED_EDGE('',*,*,#1509,.T.);
#1978=ORIENTED_EDGE('',*,*,#1510,.T.);
#1979=ORIENTED_EDGE('',*,*,#1510,.F.);
#1980=ORIENTED_EDGE('',*,*,#1511,.T.);
#1981=ORIENTED_EDGE('',*,*,#1512,.F.);
#1982=ORIENTED_EDGE('',*,*,#1513,.T.);
#1983=ORIENTED_EDGE('',*,*,#1514,.T.);
#1984=ORIENTED_EDGE('',*,*,#1495,.F.);
#1985=ORIENTED_EDGE('',*,*,#1499,.T.);
#1986=ORIENTED_EDGE('',*,*,#1502,.F.);
#1987=ORIENTED_EDGE('',*,*,#1515,.T.);
#1988=ORIENTED_EDGE('',*,*,#1516,.T.);
#1989=ORIENTED_EDGE('',*,*,#1517,.T.);
#1990=ORIENTED_EDGE('',*,*,#1512,.T.);
#1991=ORIENTED_EDGE('',*,*,#1518,.T.);
#1992=ORIENTED_EDGE('',*,*,#1519,.T.);
#1993=ORIENTED_EDGE('',*,*,#1507,.F.);
#1994=ORIENTED_EDGE('',*,*,#1516,.F.);
#1995=ORIENTED_EDGE('',*,*,#1520,.F.);
#1996=ORIENTED_EDGE('',*,*,#1504,.F.);
#1997=ORIENTED_EDGE('',*,*,#1521,.F.);
#1998=ORIENTED_EDGE('',*,*,#1513,.F.);
#1999=ORIENTED_EDGE('',*,*,#1517,.F.);
#2000=ORIENTED_EDGE('',*,*,#1522,.F.);
#2001=ORIENTED_EDGE('',*,*,#1523,.F.);
#2002=ORIENTED_EDGE('',*,*,#1524,.F.);
#2003=ORIENTED_EDGE('',*,*,#1525,.F.);
#2004=ORIENTED_EDGE('',*,*,#1526,.F.);
#2005=ORIENTED_EDGE('',*,*,#1527,.F.);
#2006=ORIENTED_EDGE('',*,*,#1528,.T.);
#2007=ORIENTED_EDGE('',*,*,#1529,.T.);
#2008=ORIENTED_EDGE('',*,*,#1530,.T.);
#2009=ORIENTED_EDGE('',*,*,#1531,.F.);
#2010=ORIENTED_EDGE('',*,*,#1532,.F.);
#2011=ORIENTED_EDGE('',*,*,#1533,.T.);
#2012=ORIENTED_EDGE('',*,*,#1534,.F.);
#2013=ORIENTED_EDGE('',*,*,#1535,.T.);
#2014=ORIENTED_EDGE('',*,*,#1536,.F.);
#2015=ORIENTED_EDGE('',*,*,#1537,.T.);
#2016=ORIENTED_EDGE('',*,*,#1538,.F.);
#2017=ORIENTED_EDGE('',*,*,#1539,.F.);
#2018=ORIENTED_EDGE('',*,*,#1540,.F.);
#2019=ORIENTED_EDGE('',*,*,#1541,.T.);
#2020=ORIENTED_EDGE('',*,*,#1542,.F.);
#2021=ORIENTED_EDGE('',*,*,#1543,.T.);
#2022=ORIENTED_EDGE('',*,*,#1544,.F.);
#2023=ORIENTED_EDGE('',*,*,#1545,.T.);
#2024=ORIENTED_EDGE('',*,*,#1546,.F.);
#2025=ORIENTED_EDGE('',*,*,#1547,.F.);
#2026=ORIENTED_EDGE('',*,*,#1548,.T.);
#2027=ORIENTED_EDGE('',*,*,#1549,.T.);
#2028=ORIENTED_EDGE('',*,*,#1550,.T.);
#2029=ORIENTED_EDGE('',*,*,#1551,.F.);
#2030=ORIENTED_EDGE('',*,*,#1552,.F.);
#2031=ORIENTED_EDGE('',*,*,#1553,.F.);
#2032=ORIENTED_EDGE('',*,*,#1554,.F.);
#2033=ORIENTED_EDGE('',*,*,#1555,.F.);
#2034=ORIENTED_EDGE('',*,*,#1556,.F.);
#2035=ORIENTED_EDGE('',*,*,#1557,.T.);
#2036=ORIENTED_EDGE('',*,*,#1558,.T.);
#2037=ORIENTED_EDGE('',*,*,#1559,.F.);
#2038=ORIENTED_EDGE('',*,*,#1560,.T.);
#2039=ORIENTED_EDGE('',*,*,#1561,.T.);
#2040=ORIENTED_EDGE('',*,*,#1562,.T.);
#2041=ORIENTED_EDGE('',*,*,#1560,.F.);
#2042=ORIENTED_EDGE('',*,*,#1563,.F.);
#2043=ORIENTED_EDGE('',*,*,#1564,.F.);
#2044=ORIENTED_EDGE('',*,*,#1565,.T.);
#2045=ORIENTED_EDGE('',*,*,#1566,.F.);
#2046=ORIENTED_EDGE('',*,*,#1567,.T.);
#2047=ORIENTED_EDGE('',*,*,#1568,.T.);
#2048=ORIENTED_EDGE('',*,*,#1569,.T.);
#2049=ORIENTED_EDGE('',*,*,#1567,.F.);
#2050=ORIENTED_EDGE('',*,*,#1570,.F.);
#2051=ORIENTED_EDGE('',*,*,#1571,.T.);
#2052=ORIENTED_EDGE('',*,*,#1555,.T.);
#2053=ORIENTED_EDGE('',*,*,#1572,.F.);
#2054=ORIENTED_EDGE('',*,*,#1573,.T.);
#2055=ORIENTED_EDGE('',*,*,#1574,.F.);
#2056=ORIENTED_EDGE('',*,*,#1575,.T.);
#2057=ORIENTED_EDGE('',*,*,#1553,.T.);
#2058=ORIENTED_EDGE('',*,*,#1576,.T.);
#2059=ORIENTED_EDGE('',*,*,#1574,.T.);
#2060=ORIENTED_EDGE('',*,*,#1577,.F.);
#2061=ORIENTED_EDGE('',*,*,#1578,.T.);
#2062=ORIENTED_EDGE('',*,*,#1579,.T.);
#2063=ORIENTED_EDGE('',*,*,#1580,.F.);
#2064=ORIENTED_EDGE('',*,*,#1581,.T.);
#2065=ORIENTED_EDGE('',*,*,#1582,.T.);
#2066=ORIENTED_EDGE('',*,*,#1583,.F.);
#2067=ORIENTED_EDGE('',*,*,#1584,.T.);
#2068=ORIENTED_EDGE('',*,*,#1585,.F.);
#2069=ORIENTED_EDGE('',*,*,#1568,.F.);
#2070=ORIENTED_EDGE('',*,*,#1573,.F.);
#2071=ORIENTED_EDGE('',*,*,#1586,.F.);
#2072=ORIENTED_EDGE('',*,*,#1576,.F.);
#2073=ORIENTED_EDGE('',*,*,#1552,.T.);
#2074=ORIENTED_EDGE('',*,*,#1587,.F.);
#2075=ORIENTED_EDGE('',*,*,#1577,.T.);
#2076=ORIENTED_EDGE('',*,*,#1588,.F.);
#2077=ORIENTED_EDGE('',*,*,#1589,.T.);
#2078=ORIENTED_EDGE('',*,*,#1525,.T.);
#2079=ORIENTED_EDGE('',*,*,#1590,.T.);
#2080=ORIENTED_EDGE('',*,*,#1589,.F.);
#2081=ORIENTED_EDGE('',*,*,#1591,.T.);
#2082=ORIENTED_EDGE('',*,*,#1592,.F.);
#2083=ORIENTED_EDGE('',*,*,#1526,.T.);
#2084=ORIENTED_EDGE('',*,*,#1593,.F.);
#2085=ORIENTED_EDGE('',*,*,#1594,.T.);
#2086=ORIENTED_EDGE('',*,*,#1584,.F.);
#2087=ORIENTED_EDGE('',*,*,#1595,.T.);
#2088=ORIENTED_EDGE('',*,*,#1569,.F.);
#2089=ORIENTED_EDGE('',*,*,#1585,.T.);
#2090=ORIENTED_EDGE('',*,*,#1594,.F.);
#2091=ORIENTED_EDGE('',*,*,#1596,.F.);
#2092=ORIENTED_EDGE('',*,*,#1597,.T.);
#2093=ORIENTED_EDGE('',*,*,#1564,.T.);
#2094=ORIENTED_EDGE('',*,*,#1598,.F.);
#2095=ORIENTED_EDGE('',*,*,#1599,.T.);
#2096=ORIENTED_EDGE('',*,*,#1578,.F.);
#2097=ORIENTED_EDGE('',*,*,#1587,.T.);
#2098=ORIENTED_EDGE('',*,*,#1551,.T.);
#2099=ORIENTED_EDGE('',*,*,#1600,.T.);
#2100=ORIENTED_EDGE('',*,*,#1582,.F.);
#2101=ORIENTED_EDGE('',*,*,#1601,.T.);
#2102=ORIENTED_EDGE('',*,*,#1547,.T.);
#2103=ORIENTED_EDGE('',*,*,#1602,.T.);
#2104=ORIENTED_EDGE('',*,*,#1583,.T.);
#2105=ORIENTED_EDGE('',*,*,#1602,.F.);
#2106=ORIENTED_EDGE('',*,*,#1546,.T.);
#2107=ORIENTED_EDGE('',*,*,#1603,.T.);
#2108=ORIENTED_EDGE('',*,*,#1604,.T.);
#2109=ORIENTED_EDGE('',*,*,#1605,.T.);
#2110=ORIENTED_EDGE('',*,*,#1540,.T.);
#2111=ORIENTED_EDGE('',*,*,#1606,.F.);
#2112=ORIENTED_EDGE('',*,*,#1607,.F.);
#2113=ORIENTED_EDGE('',*,*,#1595,.F.);
#2114=ORIENTED_EDGE('',*,*,#1608,.F.);
#2115=ORIENTED_EDGE('',*,*,#1609,.T.);
#2116=ORIENTED_EDGE('',*,*,#1527,.T.);
#2117=ORIENTED_EDGE('',*,*,#1592,.T.);
#2118=ORIENTED_EDGE('',*,*,#1609,.F.);
#2119=ORIENTED_EDGE('',*,*,#1610,.F.);
#2120=ORIENTED_EDGE('',*,*,#1611,.T.);
#2121=ORIENTED_EDGE('',*,*,#1528,.F.);
#2122=ORIENTED_EDGE('',*,*,#1612,.F.);
#2123=ORIENTED_EDGE('',*,*,#1613,.T.);
#2124=ORIENTED_EDGE('',*,*,#1531,.T.);
#2125=ORIENTED_EDGE('',*,*,#1614,.T.);
#2126=ORIENTED_EDGE('',*,*,#1588,.T.);
#2127=ORIENTED_EDGE('',*,*,#1615,.F.);
#2128=ORIENTED_EDGE('',*,*,#1616,.F.);
#2129=ORIENTED_EDGE('',*,*,#1561,.F.);
#2130=ORIENTED_EDGE('',*,*,#1565,.F.);
#2131=ORIENTED_EDGE('',*,*,#1597,.F.);
#2132=ORIENTED_EDGE('',*,*,#1617,.F.);
#2133=ORIENTED_EDGE('',*,*,#1612,.T.);
#2134=ORIENTED_EDGE('',*,*,#1618,.T.);
#2135=ORIENTED_EDGE('',*,*,#1619,.F.);
#2136=ORIENTED_EDGE('',*,*,#1610,.T.);
#2137=ORIENTED_EDGE('',*,*,#1608,.T.);
#2138=ORIENTED_EDGE('',*,*,#1591,.F.);
#2139=ORIENTED_EDGE('',*,*,#1614,.F.);
#2140=ORIENTED_EDGE('',*,*,#1530,.F.);
#2141=ORIENTED_EDGE('',*,*,#1620,.F.);
#2142=ORIENTED_EDGE('',*,*,#1618,.F.);
#2143=ORIENTED_EDGE('',*,*,#1621,.F.);
#2144=ORIENTED_EDGE('',*,*,#1622,.T.);
#2145=ORIENTED_EDGE('',*,*,#1534,.T.);
#2146=ORIENTED_EDGE('',*,*,#1623,.T.);
#2147=ORIENTED_EDGE('',*,*,#1622,.F.);
#2148=ORIENTED_EDGE('',*,*,#1624,.T.);
#2149=ORIENTED_EDGE('',*,*,#1625,.F.);
#2150=ORIENTED_EDGE('',*,*,#1535,.F.);
#2151=ORIENTED_EDGE('',*,*,#1626,.F.);
#2152=ORIENTED_EDGE('',*,*,#1627,.T.);
#2153=ORIENTED_EDGE('',*,*,#1536,.T.);
#2154=ORIENTED_EDGE('',*,*,#1625,.T.);
#2155=ORIENTED_EDGE('',*,*,#1621,.T.);
#2156=ORIENTED_EDGE('',*,*,#1628,.F.);
#2157=ORIENTED_EDGE('',*,*,#1629,.F.);
#2158=ORIENTED_EDGE('',*,*,#1630,.F.);
#2159=ORIENTED_EDGE('',*,*,#1626,.T.);
#2160=ORIENTED_EDGE('',*,*,#1624,.F.);
#2161=ORIENTED_EDGE('',*,*,#1631,.F.);
#2162=ORIENTED_EDGE('',*,*,#1632,.T.);
#2163=ORIENTED_EDGE('',*,*,#1542,.T.);
#2164=ORIENTED_EDGE('',*,*,#1633,.T.);
#2165=ORIENTED_EDGE('',*,*,#1632,.F.);
#2166=ORIENTED_EDGE('',*,*,#1634,.T.);
#2167=ORIENTED_EDGE('',*,*,#1635,.F.);
#2168=ORIENTED_EDGE('',*,*,#1543,.F.);
#2169=ORIENTED_EDGE('',*,*,#1636,.F.);
#2170=ORIENTED_EDGE('',*,*,#1637,.T.);
#2171=ORIENTED_EDGE('',*,*,#1544,.T.);
#2172=ORIENTED_EDGE('',*,*,#1635,.T.);
#2173=ORIENTED_EDGE('',*,*,#1637,.F.);
#2174=ORIENTED_EDGE('',*,*,#1638,.T.);
#2175=ORIENTED_EDGE('',*,*,#1603,.F.);
#2176=ORIENTED_EDGE('',*,*,#1545,.F.);
#2177=ORIENTED_EDGE('',*,*,#1631,.T.);
#2178=ORIENTED_EDGE('',*,*,#1639,.F.);
#2179=ORIENTED_EDGE('',*,*,#1604,.F.);
#2180=ORIENTED_EDGE('',*,*,#1638,.F.);
#2181=ORIENTED_EDGE('',*,*,#1636,.T.);
#2182=ORIENTED_EDGE('',*,*,#1634,.F.);
#2183=ORIENTED_EDGE('',*,*,#1633,.F.);
#2184=ORIENTED_EDGE('',*,*,#1541,.F.);
#2185=ORIENTED_EDGE('',*,*,#1605,.F.);
#2186=ORIENTED_EDGE('',*,*,#1639,.T.);
#2187=ORIENTED_EDGE('',*,*,#1627,.F.);
#2188=ORIENTED_EDGE('',*,*,#1630,.T.);
#2189=ORIENTED_EDGE('',*,*,#1640,.F.);
#2190=ORIENTED_EDGE('',*,*,#1537,.F.);
#2191=ORIENTED_EDGE('',*,*,#1623,.F.);
#2192=ORIENTED_EDGE('',*,*,#1533,.F.);
#2193=ORIENTED_EDGE('',*,*,#1641,.F.);
#2194=ORIENTED_EDGE('',*,*,#1628,.T.);
#2195=ORIENTED_EDGE('',*,*,#1600,.F.);
#2196=ORIENTED_EDGE('',*,*,#1550,.F.);
#2197=ORIENTED_EDGE('',*,*,#1642,.F.);
#2198=ORIENTED_EDGE('',*,*,#1579,.F.);
#2199=ORIENTED_EDGE('',*,*,#1601,.F.);
#2200=ORIENTED_EDGE('',*,*,#1581,.F.);
#2201=ORIENTED_EDGE('',*,*,#1643,.T.);
#2202=ORIENTED_EDGE('',*,*,#1548,.F.);
#2203=ORIENTED_EDGE('',*,*,#1642,.T.);
#2204=ORIENTED_EDGE('',*,*,#1549,.F.);
#2205=ORIENTED_EDGE('',*,*,#1643,.F.);
#2206=ORIENTED_EDGE('',*,*,#1580,.T.);
#2207=ORIENTED_EDGE('',*,*,#1599,.F.);
#2208=ORIENTED_EDGE('',*,*,#1644,.F.);
#2209=ORIENTED_EDGE('',*,*,#1645,.T.);
#2210=ORIENTED_EDGE('',*,*,#1538,.T.);
#2211=ORIENTED_EDGE('',*,*,#1640,.T.);
#2212=ORIENTED_EDGE('',*,*,#1629,.T.);
#2213=ORIENTED_EDGE('',*,*,#1641,.T.);
#2214=ORIENTED_EDGE('',*,*,#1532,.T.);
#2215=ORIENTED_EDGE('',*,*,#1613,.F.);
#2216=ORIENTED_EDGE('',*,*,#1617,.T.);
#2217=ORIENTED_EDGE('',*,*,#1620,.T.);
#2218=ORIENTED_EDGE('',*,*,#1529,.F.);
#2219=ORIENTED_EDGE('',*,*,#1611,.F.);
#2220=ORIENTED_EDGE('',*,*,#1619,.T.);
#2221=ORIENTED_EDGE('',*,*,#1562,.F.);
#2222=ORIENTED_EDGE('',*,*,#1616,.T.);
#2223=ORIENTED_EDGE('',*,*,#1646,.T.);
#2224=ORIENTED_EDGE('',*,*,#1523,.T.);
#2225=ORIENTED_EDGE('',*,*,#1647,.F.);
#2226=ORIENTED_EDGE('',*,*,#1648,.F.);
#2227=ORIENTED_EDGE('',*,*,#1590,.F.);
#2228=ORIENTED_EDGE('',*,*,#1524,.T.);
#2229=ORIENTED_EDGE('',*,*,#1646,.F.);
#2230=ORIENTED_EDGE('',*,*,#1615,.T.);
#2231=ORIENTED_EDGE('',*,*,#1649,.T.);
#2232=ORIENTED_EDGE('',*,*,#1606,.T.);
#2233=ORIENTED_EDGE('',*,*,#1539,.T.);
#2234=ORIENTED_EDGE('',*,*,#1645,.F.);
#2235=ORIENTED_EDGE('',*,*,#1650,.T.);
#2236=ORIENTED_EDGE('',*,*,#1651,.T.);
#2237=ORIENTED_EDGE('',*,*,#1652,.T.);
#2238=ORIENTED_EDGE('',*,*,#1485,.F.);
#2239=ORIENTED_EDGE('',*,*,#1481,.F.);
#2240=ORIENTED_EDGE('',*,*,#1478,.F.);
#2241=ORIENTED_EDGE('',*,*,#1475,.T.);
#2242=ORIENTED_EDGE('',*,*,#1471,.F.);
#2243=ORIENTED_EDGE('',*,*,#1492,.F.);
#2244=ORIENTED_EDGE('',*,*,#1489,.F.);
#2245=ORIENTED_EDGE('',*,*,#1653,.T.);
#2246=ORIENTED_EDGE('',*,*,#1654,.T.);
#2247=ORIENTED_EDGE('',*,*,#1557,.F.);
#2248=ORIENTED_EDGE('',*,*,#1655,.T.);
#2249=ORIENTED_EDGE('',*,*,#1656,.T.);
#2250=ORIENTED_EDGE('',*,*,#1655,.F.);
#2251=ORIENTED_EDGE('',*,*,#1558,.F.);
#2252=ORIENTED_EDGE('',*,*,#1657,.T.);
#2253=ORIENTED_EDGE('',*,*,#1658,.T.);
#2254=ORIENTED_EDGE('',*,*,#1657,.F.);
#2255=ORIENTED_EDGE('',*,*,#1501,.F.);
#2256=ORIENTED_EDGE('',*,*,#1505,.T.);
#2257=ORIENTED_EDGE('',*,*,#1520,.T.);
#2258=ORIENTED_EDGE('',*,*,#1515,.F.);
#2259=ORIENTED_EDGE('',*,*,#1496,.F.);
#2260=ORIENTED_EDGE('',*,*,#1514,.F.);
#2261=ORIENTED_EDGE('',*,*,#1521,.T.);
#2262=ORIENTED_EDGE('',*,*,#1503,.T.);
#2263=ORIENTED_EDGE('',*,*,#1656,.F.);
#2264=ORIENTED_EDGE('',*,*,#1658,.F.);
#2265=ORIENTED_EDGE('',*,*,#1575,.F.);
#2266=ORIENTED_EDGE('',*,*,#1586,.T.);
#2267=ORIENTED_EDGE('',*,*,#1572,.T.);
#2268=ORIENTED_EDGE('',*,*,#1554,.T.);
#2269=ORIENTED_EDGE('',*,*,#1659,.F.);
#2270=ORIENTED_EDGE('',*,*,#1660,.T.);
#2271=ORIENTED_EDGE('',*,*,#1661,.F.);
#2272=ORIENTED_EDGE('',*,*,#1662,.F.);
#2273=ORIENTED_EDGE('',*,*,#1663,.F.);
#2274=ORIENTED_EDGE('',*,*,#1664,.T.);
#2275=ORIENTED_EDGE('',*,*,#1665,.F.);
#2276=ORIENTED_EDGE('',*,*,#1666,.F.);
#2277=ORIENTED_EDGE('',*,*,#1667,.T.);
#2278=ORIENTED_EDGE('',*,*,#1668,.F.);
#2279=ORIENTED_EDGE('',*,*,#1669,.F.);
#2280=ORIENTED_EDGE('',*,*,#1670,.F.);
#2281=ORIENTED_EDGE('',*,*,#1671,.F.);
#2282=ORIENTED_EDGE('',*,*,#1672,.F.);
#2283=ORIENTED_EDGE('',*,*,#1673,.F.);
#2284=ORIENTED_EDGE('',*,*,#1674,.T.);
#2285=ORIENTED_EDGE('',*,*,#1675,.T.);
#2286=ORIENTED_EDGE('',*,*,#1676,.F.);
#2287=ORIENTED_EDGE('',*,*,#1677,.F.);
#2288=ORIENTED_EDGE('',*,*,#1678,.F.);
#2289=ORIENTED_EDGE('',*,*,#1679,.F.);
#2290=ORIENTED_EDGE('',*,*,#1680,.T.);
#2291=ORIENTED_EDGE('',*,*,#1681,.F.);
#2292=ORIENTED_EDGE('',*,*,#1682,.F.);
#2293=ORIENTED_EDGE('',*,*,#1668,.T.);
#2294=ORIENTED_EDGE('',*,*,#1683,.F.);
#2295=ORIENTED_EDGE('',*,*,#1678,.T.);
#2296=ORIENTED_EDGE('',*,*,#1684,.F.);
#2297=ORIENTED_EDGE('',*,*,#1652,.F.);
#2298=ORIENTED_EDGE('',*,*,#1685,.T.);
#2299=ORIENTED_EDGE('',*,*,#1671,.T.);
#2300=ORIENTED_EDGE('',*,*,#1686,.F.);
#2301=ORIENTED_EDGE('',*,*,#1653,.F.);
#2302=ORIENTED_EDGE('',*,*,#1488,.F.);
#2303=ORIENTED_EDGE('',*,*,#1506,.F.);
#2304=ORIENTED_EDGE('',*,*,#1486,.F.);
#2305=ORIENTED_EDGE('',*,*,#1654,.F.);
#2306=ORIENTED_EDGE('',*,*,#1686,.T.);
#2307=ORIENTED_EDGE('',*,*,#1670,.T.);
#2308=ORIENTED_EDGE('',*,*,#1687,.F.);
#2309=ORIENTED_EDGE('',*,*,#1688,.F.);
#2310=ORIENTED_EDGE('',*,*,#1689,.F.);
#2311=ORIENTED_EDGE('',*,*,#1690,.F.);
#2312=ORIENTED_EDGE('',*,*,#1691,.T.);
#2313=ORIENTED_EDGE('',*,*,#1692,.T.);
#2314=ORIENTED_EDGE('',*,*,#1693,.F.);
#2315=ORIENTED_EDGE('',*,*,#1694,.F.);
#2316=ORIENTED_EDGE('',*,*,#1695,.F.);
#2317=ORIENTED_EDGE('',*,*,#1696,.T.);
#2318=ORIENTED_EDGE('',*,*,#1697,.F.);
#2319=ORIENTED_EDGE('',*,*,#1698,.F.);
#2320=ORIENTED_EDGE('',*,*,#1693,.T.);
#2321=ORIENTED_EDGE('',*,*,#1699,.T.);
#2322=ORIENTED_EDGE('',*,*,#1700,.F.);
#2323=ORIENTED_EDGE('',*,*,#1701,.F.);
#2324=ORIENTED_EDGE('',*,*,#1697,.T.);
#2325=ORIENTED_EDGE('',*,*,#1702,.F.);
#2326=ORIENTED_EDGE('',*,*,#1703,.F.);
#2327=ORIENTED_EDGE('',*,*,#1704,.F.);
#2328=ORIENTED_EDGE('',*,*,#1705,.F.);
#2329=ORIENTED_EDGE('',*,*,#1706,.T.);
#2330=ORIENTED_EDGE('',*,*,#1707,.F.);
#2331=ORIENTED_EDGE('',*,*,#1708,.F.);
#2332=ORIENTED_EDGE('',*,*,#1709,.T.);
#2333=ORIENTED_EDGE('',*,*,#1710,.T.);
#2334=ORIENTED_EDGE('',*,*,#1711,.T.);
#2335=ORIENTED_EDGE('',*,*,#1712,.T.);
#2336=ORIENTED_EDGE('',*,*,#1713,.T.);
#2337=ORIENTED_EDGE('',*,*,#1714,.T.);
#2338=ORIENTED_EDGE('',*,*,#1715,.F.);
#2339=ORIENTED_EDGE('',*,*,#1716,.F.);
#2340=ORIENTED_EDGE('',*,*,#1717,.T.);
#2341=ORIENTED_EDGE('',*,*,#1718,.T.);
#2342=ORIENTED_EDGE('',*,*,#1719,.F.);
#2343=ORIENTED_EDGE('',*,*,#1720,.T.);
#2344=ORIENTED_EDGE('',*,*,#1702,.T.);
#2345=ORIENTED_EDGE('',*,*,#1720,.F.);
#2346=ORIENTED_EDGE('',*,*,#1651,.F.);
#2347=ORIENTED_EDGE('',*,*,#1721,.F.);
#2348=ORIENTED_EDGE('',*,*,#1672,.T.);
#2349=ORIENTED_EDGE('',*,*,#1685,.F.);
#2350=ORIENTED_EDGE('',*,*,#1722,.F.);
#2351=ORIENTED_EDGE('',*,*,#1723,.F.);
#2352=ORIENTED_EDGE('',*,*,#1724,.F.);
#2353=ORIENTED_EDGE('',*,*,#1725,.F.);
#2354=ORIENTED_EDGE('',*,*,#1726,.T.);
#2355=ORIENTED_EDGE('',*,*,#1727,.F.);
#2356=ORIENTED_EDGE('',*,*,#1699,.F.);
#2357=ORIENTED_EDGE('',*,*,#1696,.F.);
#2358=ORIENTED_EDGE('',*,*,#1692,.F.);
#2359=ORIENTED_EDGE('',*,*,#1728,.F.);
#2360=ORIENTED_EDGE('',*,*,#1729,.T.);
#2361=ORIENTED_EDGE('',*,*,#1725,.T.);
#2362=ORIENTED_EDGE('',*,*,#1730,.F.);
#2363=ORIENTED_EDGE('',*,*,#1731,.T.);
#2364=ORIENTED_EDGE('',*,*,#1732,.F.);
#2365=ORIENTED_EDGE('',*,*,#1730,.T.);
#2366=ORIENTED_EDGE('',*,*,#1724,.T.);
#2367=ORIENTED_EDGE('',*,*,#1733,.F.);
#2368=ORIENTED_EDGE('',*,*,#1734,.F.);
#2369=ORIENTED_EDGE('',*,*,#1731,.F.);
#2370=ORIENTED_EDGE('',*,*,#1732,.T.);
#2371=ORIENTED_EDGE('',*,*,#1735,.F.);
#2372=ORIENTED_EDGE('',*,*,#1683,.T.);
#2373=ORIENTED_EDGE('',*,*,#1667,.F.);
#2374=ORIENTED_EDGE('',*,*,#1736,.T.);
#2375=ORIENTED_EDGE('',*,*,#1675,.F.);
#2376=ORIENTED_EDGE('',*,*,#1737,.T.);
#2377=ORIENTED_EDGE('',*,*,#1738,.T.);
#2378=ORIENTED_EDGE('',*,*,#1709,.F.);
#2379=ORIENTED_EDGE('',*,*,#1739,.F.);
#2380=ORIENTED_EDGE('',*,*,#1740,.T.);
#2381=ORIENTED_EDGE('',*,*,#1741,.T.);
#2382=ORIENTED_EDGE('',*,*,#1742,.F.);
#2383=ORIENTED_EDGE('',*,*,#1743,.T.);
#2384=ORIENTED_EDGE('',*,*,#1744,.T.);
#2385=ORIENTED_EDGE('',*,*,#1745,.T.);
#2386=ORIENTED_EDGE('',*,*,#1717,.F.);
#2387=ORIENTED_EDGE('',*,*,#1746,.F.);
#2388=ORIENTED_EDGE('',*,*,#1747,.T.);
#2389=ORIENTED_EDGE('',*,*,#1748,.F.);
#2390=ORIENTED_EDGE('',*,*,#1710,.F.);
#2391=ORIENTED_EDGE('',*,*,#1738,.F.);
#2392=ORIENTED_EDGE('',*,*,#1749,.F.);
#2393=ORIENTED_EDGE('',*,*,#1750,.F.);
#2394=ORIENTED_EDGE('',*,*,#1749,.T.);
#2395=ORIENTED_EDGE('',*,*,#1737,.F.);
#2396=ORIENTED_EDGE('',*,*,#1751,.F.);
#2397=ORIENTED_EDGE('',*,*,#1752,.F.);
#2398=ORIENTED_EDGE('',*,*,#1753,.T.);
#2399=ORIENTED_EDGE('',*,*,#1744,.F.);
#2400=ORIENTED_EDGE('',*,*,#1754,.F.);
#2401=ORIENTED_EDGE('',*,*,#1755,.F.);
#2402=ORIENTED_EDGE('',*,*,#1756,.F.);
#2403=ORIENTED_EDGE('',*,*,#1711,.F.);
#2404=ORIENTED_EDGE('',*,*,#1748,.T.);
#2405=ORIENTED_EDGE('',*,*,#1747,.F.);
#2406=ORIENTED_EDGE('',*,*,#1750,.T.);
#2407=ORIENTED_EDGE('',*,*,#1757,.T.);
#2408=ORIENTED_EDGE('',*,*,#1755,.T.);
#2409=ORIENTED_EDGE('',*,*,#1758,.F.);
#2410=ORIENTED_EDGE('',*,*,#1759,.F.);
#2411=ORIENTED_EDGE('',*,*,#1713,.F.);
#2412=ORIENTED_EDGE('',*,*,#1760,.T.);
#2413=ORIENTED_EDGE('',*,*,#1761,.T.);
#2414=ORIENTED_EDGE('',*,*,#1760,.F.);
#2415=ORIENTED_EDGE('',*,*,#1718,.F.);
#2416=ORIENTED_EDGE('',*,*,#1745,.F.);
#2417=ORIENTED_EDGE('',*,*,#1753,.F.);
#2418=ORIENTED_EDGE('',*,*,#1761,.F.);
#2419=ORIENTED_EDGE('',*,*,#1752,.T.);
#2420=ORIENTED_EDGE('',*,*,#1762,.T.);
#2421=ORIENTED_EDGE('',*,*,#1758,.T.);
#2422=ORIENTED_EDGE('',*,*,#1763,.F.);
#2423=ORIENTED_EDGE('',*,*,#1764,.T.);
#2424=ORIENTED_EDGE('',*,*,#1765,.F.);
#2425=ORIENTED_EDGE('',*,*,#1728,.T.);
#2426=ORIENTED_EDGE('',*,*,#1695,.T.);
#2427=ORIENTED_EDGE('',*,*,#1766,.F.);
#2428=ORIENTED_EDGE('',*,*,#1729,.F.);
#2429=ORIENTED_EDGE('',*,*,#1765,.T.);
#2430=ORIENTED_EDGE('',*,*,#1767,.T.);
#2431=ORIENTED_EDGE('',*,*,#1722,.T.);
#2432=ORIENTED_EDGE('',*,*,#1768,.F.);
#2433=ORIENTED_EDGE('',*,*,#1769,.F.);
#2434=ORIENTED_EDGE('',*,*,#1700,.T.);
#2435=ORIENTED_EDGE('',*,*,#1727,.T.);
#2436=ORIENTED_EDGE('',*,*,#1770,.F.);
#2437=ORIENTED_EDGE('',*,*,#1771,.T.);
#2438=ORIENTED_EDGE('',*,*,#1726,.F.);
#2439=ORIENTED_EDGE('',*,*,#1734,.T.);
#2440=ORIENTED_EDGE('',*,*,#1772,.T.);
#2441=ORIENTED_EDGE('',*,*,#1770,.T.);
#2442=ORIENTED_EDGE('',*,*,#1773,.F.);
#2443=ORIENTED_EDGE('',*,*,#1774,.T.);
#2444=ORIENTED_EDGE('',*,*,#1775,.T.);
#2445=ORIENTED_EDGE('',*,*,#1742,.T.);
#2446=ORIENTED_EDGE('',*,*,#1776,.F.);
#2447=ORIENTED_EDGE('',*,*,#1777,.T.);
#2448=ORIENTED_EDGE('',*,*,#1774,.F.);
#2449=ORIENTED_EDGE('',*,*,#1778,.F.);
#2450=ORIENTED_EDGE('',*,*,#1779,.F.);
#2451=ORIENTED_EDGE('',*,*,#1768,.T.);
#2452=ORIENTED_EDGE('',*,*,#1780,.T.);
#2453=ORIENTED_EDGE('',*,*,#1776,.T.);
#2454=ORIENTED_EDGE('',*,*,#1781,.F.);
#2455=ORIENTED_EDGE('',*,*,#1782,.T.);
#2456=ORIENTED_EDGE('',*,*,#1783,.T.);
#2457=ORIENTED_EDGE('',*,*,#1763,.T.);
#2458=ORIENTED_EDGE('',*,*,#1784,.F.);
#2459=ORIENTED_EDGE('',*,*,#1785,.T.);
#2460=ORIENTED_EDGE('',*,*,#1782,.F.);
#2461=ORIENTED_EDGE('',*,*,#1786,.F.);
#2462=ORIENTED_EDGE('',*,*,#1787,.T.);
#2463=ORIENTED_EDGE('',*,*,#1739,.T.);
#2464=ORIENTED_EDGE('',*,*,#1708,.T.);
#2465=ORIENTED_EDGE('',*,*,#1788,.T.);
#2466=ORIENTED_EDGE('',*,*,#1786,.T.);
#2467=ORIENTED_EDGE('',*,*,#1781,.T.);
#2468=ORIENTED_EDGE('',*,*,#1766,.T.);
#2469=ORIENTED_EDGE('',*,*,#1694,.T.);
#2470=ORIENTED_EDGE('',*,*,#1698,.T.);
#2471=ORIENTED_EDGE('',*,*,#1701,.T.);
#2472=ORIENTED_EDGE('',*,*,#1769,.T.);
#2473=ORIENTED_EDGE('',*,*,#1779,.T.);
#2474=ORIENTED_EDGE('',*,*,#1778,.T.);
#2475=ORIENTED_EDGE('',*,*,#1773,.T.);
#2476=ORIENTED_EDGE('',*,*,#1746,.T.);
#2477=ORIENTED_EDGE('',*,*,#1716,.T.);
#2478=ORIENTED_EDGE('',*,*,#1789,.F.);
#2479=ORIENTED_EDGE('',*,*,#1570,.T.);
#2480=ORIENTED_EDGE('',*,*,#1566,.T.);
#2481=ORIENTED_EDGE('',*,*,#1596,.T.);
#2482=ORIENTED_EDGE('',*,*,#1593,.T.);
#2483=ORIENTED_EDGE('',*,*,#1607,.T.);
#2484=ORIENTED_EDGE('',*,*,#1649,.F.);
#2485=ORIENTED_EDGE('',*,*,#1687,.T.);
#2486=ORIENTED_EDGE('',*,*,#1669,.T.);
#2487=ORIENTED_EDGE('',*,*,#1682,.T.);
#2488=ORIENTED_EDGE('',*,*,#1790,.F.);
#2489=ORIENTED_EDGE('',*,*,#1791,.T.);
#2490=ORIENTED_EDGE('',*,*,#1792,.F.);
#2491=ORIENTED_EDGE('',*,*,#1689,.T.);
#2492=ORIENTED_EDGE('',*,*,#1793,.F.);
#2493=ORIENTED_EDGE('',*,*,#1794,.T.);
#2494=ORIENTED_EDGE('',*,*,#1795,.F.);
#2495=ORIENTED_EDGE('',*,*,#1684,.T.);
#2496=ORIENTED_EDGE('',*,*,#1677,.T.);
#2497=ORIENTED_EDGE('',*,*,#1796,.T.);
#2498=ORIENTED_EDGE('',*,*,#1797,.F.);
#2499=ORIENTED_EDGE('',*,*,#1798,.T.);
#2500=ORIENTED_EDGE('',*,*,#1799,.F.);
#2501=ORIENTED_EDGE('',*,*,#1800,.T.);
#2502=ORIENTED_EDGE('',*,*,#1801,.F.);
#2503=ORIENTED_EDGE('',*,*,#1666,.T.);
#2504=ORIENTED_EDGE('',*,*,#1802,.F.);
#2505=ORIENTED_EDGE('',*,*,#1803,.T.);
#2506=ORIENTED_EDGE('',*,*,#1673,.T.);
#2507=ORIENTED_EDGE('',*,*,#1721,.T.);
#2508=ORIENTED_EDGE('',*,*,#1650,.F.);
#2509=ORIENTED_EDGE('',*,*,#1644,.T.);
#2510=ORIENTED_EDGE('',*,*,#1598,.T.);
#2511=ORIENTED_EDGE('',*,*,#1563,.T.);
#2512=ORIENTED_EDGE('',*,*,#1559,.T.);
#2513=ORIENTED_EDGE('',*,*,#1648,.T.);
#2514=ORIENTED_EDGE('',*,*,#1788,.F.);
#2515=ORIENTED_EDGE('',*,*,#1707,.T.);
#2516=ORIENTED_EDGE('',*,*,#1804,.T.);
#2517=ORIENTED_EDGE('',*,*,#1784,.T.);
#2518=ORIENTED_EDGE('',*,*,#1805,.F.);
#2519=ORIENTED_EDGE('',*,*,#1806,.T.);
#2520=ORIENTED_EDGE('',*,*,#1790,.T.);
#2521=ORIENTED_EDGE('',*,*,#1681,.T.);
#2522=ORIENTED_EDGE('',*,*,#1807,.F.);
#2523=ORIENTED_EDGE('',*,*,#1791,.F.);
#2524=ORIENTED_EDGE('',*,*,#1806,.F.);
#2525=ORIENTED_EDGE('',*,*,#1808,.T.);
#2526=ORIENTED_EDGE('',*,*,#1809,.F.);
#2527=ORIENTED_EDGE('',*,*,#1690,.T.);
#2528=ORIENTED_EDGE('',*,*,#1792,.T.);
#2529=ORIENTED_EDGE('',*,*,#1807,.T.);
#2530=ORIENTED_EDGE('',*,*,#1810,.F.);
#2531=ORIENTED_EDGE('',*,*,#1811,.T.);
#2532=ORIENTED_EDGE('',*,*,#1793,.T.);
#2533=ORIENTED_EDGE('',*,*,#1688,.T.);
#2534=ORIENTED_EDGE('',*,*,#1812,.F.);
#2535=ORIENTED_EDGE('',*,*,#1794,.F.);
#2536=ORIENTED_EDGE('',*,*,#1811,.F.);
#2537=ORIENTED_EDGE('',*,*,#1813,.T.);
#2538=ORIENTED_EDGE('',*,*,#1814,.T.);
#2539=ORIENTED_EDGE('',*,*,#1813,.F.);
#2540=ORIENTED_EDGE('',*,*,#1810,.T.);
#2541=ORIENTED_EDGE('',*,*,#1691,.F.);
#2542=ORIENTED_EDGE('',*,*,#1809,.T.);
#2543=ORIENTED_EDGE('',*,*,#1808,.F.);
#2544=ORIENTED_EDGE('',*,*,#1805,.T.);
#2545=ORIENTED_EDGE('',*,*,#1680,.F.);
#2546=ORIENTED_EDGE('',*,*,#1814,.F.);
#2547=ORIENTED_EDGE('',*,*,#1679,.T.);
#2548=ORIENTED_EDGE('',*,*,#1795,.T.);
#2549=ORIENTED_EDGE('',*,*,#1812,.T.);
#2550=ORIENTED_EDGE('',*,*,#1815,.F.);
#2551=ORIENTED_EDGE('',*,*,#1816,.T.);
#2552=ORIENTED_EDGE('',*,*,#1799,.T.);
#2553=ORIENTED_EDGE('',*,*,#1817,.T.);
#2554=ORIENTED_EDGE('',*,*,#1818,.F.);
#2555=ORIENTED_EDGE('',*,*,#1819,.T.);
#2556=ORIENTED_EDGE('',*,*,#1817,.F.);
#2557=ORIENTED_EDGE('',*,*,#1798,.F.);
#2558=ORIENTED_EDGE('',*,*,#1820,.F.);
#2559=ORIENTED_EDGE('',*,*,#1818,.T.);
#2560=ORIENTED_EDGE('',*,*,#1797,.T.);
#2561=ORIENTED_EDGE('',*,*,#1821,.T.);
#2562=ORIENTED_EDGE('',*,*,#1822,.F.);
#2563=ORIENTED_EDGE('',*,*,#1823,.T.);
#2564=ORIENTED_EDGE('',*,*,#1821,.F.);
#2565=ORIENTED_EDGE('',*,*,#1796,.F.);
#2566=ORIENTED_EDGE('',*,*,#1676,.T.);
#2567=ORIENTED_EDGE('',*,*,#1736,.F.);
#2568=ORIENTED_EDGE('',*,*,#1674,.F.);
#2569=ORIENTED_EDGE('',*,*,#1803,.F.);
#2570=ORIENTED_EDGE('',*,*,#1824,.F.);
#2571=ORIENTED_EDGE('',*,*,#1822,.T.);
#2572=ORIENTED_EDGE('',*,*,#1802,.T.);
#2573=ORIENTED_EDGE('',*,*,#1665,.T.);
#2574=ORIENTED_EDGE('',*,*,#1825,.F.);
#2575=ORIENTED_EDGE('',*,*,#1800,.F.);
#2576=ORIENTED_EDGE('',*,*,#1816,.F.);
#2577=ORIENTED_EDGE('',*,*,#1826,.T.);
#2578=ORIENTED_EDGE('',*,*,#1827,.T.);
#2579=ORIENTED_EDGE('',*,*,#1826,.F.);
#2580=ORIENTED_EDGE('',*,*,#1815,.T.);
#2581=ORIENTED_EDGE('',*,*,#1819,.F.);
#2582=ORIENTED_EDGE('',*,*,#1820,.T.);
#2583=ORIENTED_EDGE('',*,*,#1823,.F.);
#2584=ORIENTED_EDGE('',*,*,#1824,.T.);
#2585=ORIENTED_EDGE('',*,*,#1664,.F.);
#2586=ORIENTED_EDGE('',*,*,#1827,.F.);
#2587=ORIENTED_EDGE('',*,*,#1663,.T.);
#2588=ORIENTED_EDGE('',*,*,#1801,.T.);
#2589=ORIENTED_EDGE('',*,*,#1825,.T.);
#2590=ORIENTED_EDGE('',*,*,#1828,.T.);
#2591=ORIENTED_EDGE('',*,*,#1829,.T.);
#2592=ORIENTED_EDGE('',*,*,#1830,.T.);
#2593=ORIENTED_EDGE('',*,*,#1831,.T.);
#2594=ORIENTED_EDGE('',*,*,#1832,.F.);
#2595=ORIENTED_EDGE('',*,*,#1833,.T.);
#2596=ORIENTED_EDGE('',*,*,#1831,.F.);
#2597=ORIENTED_EDGE('',*,*,#1834,.F.);
#2598=ORIENTED_EDGE('',*,*,#1835,.T.);
#2599=ORIENTED_EDGE('',*,*,#1832,.T.);
#2600=ORIENTED_EDGE('',*,*,#1836,.T.);
#2601=ORIENTED_EDGE('',*,*,#1837,.T.);
#2602=ORIENTED_EDGE('',*,*,#1838,.F.);
#2603=ORIENTED_EDGE('',*,*,#1839,.T.);
#2604=ORIENTED_EDGE('',*,*,#1837,.F.);
#2605=ORIENTED_EDGE('',*,*,#1840,.F.);
#2606=ORIENTED_EDGE('',*,*,#1841,.T.);
#2607=ORIENTED_EDGE('',*,*,#1838,.T.);
#2608=ORIENTED_EDGE('',*,*,#1842,.T.);
#2609=ORIENTED_EDGE('',*,*,#1661,.T.);
#2610=ORIENTED_EDGE('',*,*,#1843,.F.);
#2611=ORIENTED_EDGE('',*,*,#1844,.F.);
#2612=ORIENTED_EDGE('',*,*,#1829,.F.);
#2613=ORIENTED_EDGE('',*,*,#1845,.T.);
#2614=ORIENTED_EDGE('',*,*,#1846,.T.);
#2615=ORIENTED_EDGE('',*,*,#1705,.T.);
#2616=ORIENTED_EDGE('',*,*,#1847,.T.);
#2617=ORIENTED_EDGE('',*,*,#1843,.T.);
#2618=ORIENTED_EDGE('',*,*,#1848,.F.);
#2619=ORIENTED_EDGE('',*,*,#1849,.F.);
#2620=ORIENTED_EDGE('',*,*,#1714,.F.);
#2621=ORIENTED_EDGE('',*,*,#1759,.T.);
#2622=ORIENTED_EDGE('',*,*,#1762,.F.);
#2623=ORIENTED_EDGE('',*,*,#1754,.T.);
#2624=ORIENTED_EDGE('',*,*,#1743,.F.);
#2625=ORIENTED_EDGE('',*,*,#1775,.F.);
#2626=ORIENTED_EDGE('',*,*,#1777,.F.);
#2627=ORIENTED_EDGE('',*,*,#1780,.F.);
#2628=ORIENTED_EDGE('',*,*,#1771,.F.);
#2629=ORIENTED_EDGE('',*,*,#1772,.F.);
#2630=ORIENTED_EDGE('',*,*,#1735,.T.);
#2631=ORIENTED_EDGE('',*,*,#1733,.T.);
#2632=ORIENTED_EDGE('',*,*,#1723,.T.);
#2633=ORIENTED_EDGE('',*,*,#1767,.F.);
#2634=ORIENTED_EDGE('',*,*,#1764,.F.);
#2635=ORIENTED_EDGE('',*,*,#1783,.F.);
#2636=ORIENTED_EDGE('',*,*,#1785,.F.);
#2637=ORIENTED_EDGE('',*,*,#1804,.F.);
#2638=ORIENTED_EDGE('',*,*,#1712,.F.);
#2639=ORIENTED_EDGE('',*,*,#1756,.T.);
#2640=ORIENTED_EDGE('',*,*,#1757,.F.);
#2641=ORIENTED_EDGE('',*,*,#1751,.T.);
#2642=ORIENTED_EDGE('',*,*,#1741,.F.);
#2643=ORIENTED_EDGE('',*,*,#1850,.F.);
#2644=ORIENTED_EDGE('',*,*,#1851,.F.);
#2645=ORIENTED_EDGE('',*,*,#1706,.F.);
#2646=ORIENTED_EDGE('',*,*,#1846,.F.);
#2647=ORIENTED_EDGE('',*,*,#1845,.F.);
#2648=ORIENTED_EDGE('',*,*,#1828,.F.);
#2649=ORIENTED_EDGE('',*,*,#1833,.F.);
#2650=ORIENTED_EDGE('',*,*,#1835,.F.);
#2651=ORIENTED_EDGE('',*,*,#1839,.F.);
#2652=ORIENTED_EDGE('',*,*,#1841,.F.);
#2653=ORIENTED_EDGE('',*,*,#1660,.F.);
#2654=ORIENTED_EDGE('',*,*,#1719,.T.);
#2655=ORIENTED_EDGE('',*,*,#1851,.T.);
#2656=ORIENTED_EDGE('',*,*,#1852,.T.);
#2657=ORIENTED_EDGE('',*,*,#1853,.T.);
#2658=ORIENTED_EDGE('',*,*,#1703,.T.);
#2659=ORIENTED_EDGE('',*,*,#1854,.F.);
#2660=ORIENTED_EDGE('',*,*,#1662,.T.);
#2661=ORIENTED_EDGE('',*,*,#1842,.F.);
#2662=ORIENTED_EDGE('',*,*,#1840,.T.);
#2663=ORIENTED_EDGE('',*,*,#1836,.F.);
#2664=ORIENTED_EDGE('',*,*,#1834,.T.);
#2665=ORIENTED_EDGE('',*,*,#1830,.F.);
#2666=ORIENTED_EDGE('',*,*,#1844,.T.);
#2667=ORIENTED_EDGE('',*,*,#1847,.F.);
#2668=ORIENTED_EDGE('',*,*,#1704,.T.);
#2669=ORIENTED_EDGE('',*,*,#1853,.F.);
#2670=ORIENTED_EDGE('',*,*,#1855,.T.);
#2671=ORIENTED_EDGE('',*,*,#1856,.T.);
#2672=ORIENTED_EDGE('',*,*,#1857,.T.);
#2673=ORIENTED_EDGE('',*,*,#1442,.T.);
#2674=ORIENTED_EDGE('',*,*,#1437,.F.);
#2675=ORIENTED_EDGE('',*,*,#1446,.T.);
#2676=ORIENTED_EDGE('',*,*,#1444,.F.);
#2677=ORIENTED_EDGE('',*,*,#1465,.F.);
#2678=ORIENTED_EDGE('',*,*,#1468,.T.);
#2679=ORIENTED_EDGE('',*,*,#1470,.F.);
#2680=ORIENTED_EDGE('',*,*,#1460,.T.);
#2681=ORIENTED_EDGE('',*,*,#1455,.F.);
#2682=ORIENTED_EDGE('',*,*,#1450,.T.);
#2683=ORIENTED_EDGE('',*,*,#1453,.F.);
#2684=ORIENTED_EDGE('',*,*,#1458,.T.);
#2685=ORIENTED_EDGE('',*,*,#1848,.T.);
#2686=ORIENTED_EDGE('',*,*,#1659,.T.);
#2687=ORIENTED_EDGE('',*,*,#1854,.T.);
#2688=ORIENTED_EDGE('',*,*,#1858,.T.);
#2689=ORIENTED_EDGE('',*,*,#1789,.T.);
#2690=ORIENTED_EDGE('',*,*,#1715,.T.);
#2691=ORIENTED_EDGE('',*,*,#1849,.T.);
#2692=ORIENTED_EDGE('',*,*,#1858,.F.);
#2693=ORIENTED_EDGE('',*,*,#1857,.F.);
#2694=ORIENTED_EDGE('',*,*,#1859,.T.);
#2695=ORIENTED_EDGE('',*,*,#1508,.F.);
#2696=ORIENTED_EDGE('',*,*,#1556,.T.);
#2697=ORIENTED_EDGE('',*,*,#1571,.F.);
#2698=ORIENTED_EDGE('',*,*,#1859,.F.);
#2699=ORIENTED_EDGE('',*,*,#1856,.F.);
#2700=ORIENTED_EDGE('',*,*,#1860,.F.);
#2701=ORIENTED_EDGE('',*,*,#1518,.F.);
#2702=ORIENTED_EDGE('',*,*,#1511,.F.);
#2703=ORIENTED_EDGE('',*,*,#1509,.F.);
#2704=ORIENTED_EDGE('',*,*,#1860,.T.);
#2705=ORIENTED_EDGE('',*,*,#1855,.F.);
#2706=ORIENTED_EDGE('',*,*,#1852,.F.);
#2707=ORIENTED_EDGE('',*,*,#1850,.T.);
#2708=ORIENTED_EDGE('',*,*,#1740,.F.);
#2709=ORIENTED_EDGE('',*,*,#1787,.F.);
#2710=ORIENTED_EDGE('',*,*,#1647,.T.);
#2711=ORIENTED_EDGE('',*,*,#1522,.T.);
#2712=ORIENTED_EDGE('',*,*,#1519,.F.);
#2713=CYLINDRICAL_SURFACE('',#2923,2.5);
#2714=CYLINDRICAL_SURFACE('',#2929,2.5);
#2715=CYLINDRICAL_SURFACE('',#2933,2.5);
#2716=CYLINDRICAL_SURFACE('',#2936,2.5);
#2717=CYLINDRICAL_SURFACE('',#2941,2.5);
#2718=CYLINDRICAL_SURFACE('',#2945,2.5);
#2719=CYLINDRICAL_SURFACE('',#2950,1.);
#2720=CYLINDRICAL_SURFACE('',#2954,1.);
#2721=CYLINDRICAL_SURFACE('',#2958,1.);
#2722=CYLINDRICAL_SURFACE('',#2961,1.);
#2723=CYLINDRICAL_SURFACE('',#2965,1.);
#2724=CYLINDRICAL_SURFACE('',#2969,1.);
#2725=CYLINDRICAL_SURFACE('',#2973,3.);
#2726=CYLINDRICAL_SURFACE('',#2977,3.);
#2727=CYLINDRICAL_SURFACE('',#2995,3.);
#2728=CYLINDRICAL_SURFACE('',#2998,4.44999999999999);
#2729=CYLINDRICAL_SURFACE('',#3001,3.);
#2730=CYLINDRICAL_SURFACE('',#3005,1.);
#2731=CYLINDRICAL_SURFACE('',#3014,1.);
#2732=CYLINDRICAL_SURFACE('',#3017,2.99999999999999);
#2733=CYLINDRICAL_SURFACE('',#3019,4.45);
#2734=CYLINDRICAL_SURFACE('',#3021,2.99999999999999);
#2735=CYLINDRICAL_SURFACE('',#3024,1.);
#2736=CYLINDRICAL_SURFACE('',#3025,1.);
#2737=CYLINDRICAL_SURFACE('',#3027,1.);
#2738=CYLINDRICAL_SURFACE('',#3030,1.);
#2739=CYLINDRICAL_SURFACE('',#3035,1.);
#2740=CYLINDRICAL_SURFACE('',#3038,1.);
#2741=CYLINDRICAL_SURFACE('',#3041,1.);
#2742=CYLINDRICAL_SURFACE('',#3044,1.);
#2743=CYLINDRICAL_SURFACE('',#3053,2.45000000000001);
#2744=CYLINDRICAL_SURFACE('',#3055,2.45000000000001);
#2745=CYLINDRICAL_SURFACE('',#3059,1.15);
#2746=CYLINDRICAL_SURFACE('',#3061,1.15);
#2747=CYLINDRICAL_SURFACE('',#3077,4.45);
#2748=CYLINDRICAL_SURFACE('',#3086,1.15);
#2749=CYLINDRICAL_SURFACE('',#3094,2.45);
#2750=CYLINDRICAL_SURFACE('',#3105,1.);
#2751=CYLINDRICAL_SURFACE('',#3110,1.);
#2752=CYLINDRICAL_SURFACE('',#3113,1.);
#2753=CYLINDRICAL_SURFACE('',#3116,1.);
#2754=CYLINDRICAL_SURFACE('',#3118,3.);
#2755=CYLINDRICAL_SURFACE('',#3122,3.);
#2756=CYLINDRICAL_SURFACE('',#3125,3.);
#2757=CYLINDRICAL_SURFACE('',#3139,3.);
#2758=CYLINDRICAL_SURFACE('',#3141,3.);
#2759=CYLINDRICAL_SURFACE('',#3144,3.);
#2760=CYLINDRICAL_SURFACE('',#3146,3.);
#2761=CYLINDRICAL_SURFACE('',#3151,3.);
#2762=CYLINDRICAL_SURFACE('',#3152,3.);
#2763=CYLINDRICAL_SURFACE('',#3155,3.);
#2764=CYLINDRICAL_SURFACE('',#3158,3.);
#2765=CYLINDRICAL_SURFACE('',#3163,3.);
#2766=CYLINDRICAL_SURFACE('',#3164,3.);
#2767=CYLINDRICAL_SURFACE('',#3168,3.);
#2768=CYLINDRICAL_SURFACE('',#3172,3.);
#2769=CYLINDRICAL_SURFACE('',#3176,3.);
#2770=CYLINDRICAL_SURFACE('',#3182,3.);
#2771=CYLINDRICAL_SURFACE('',#3186,3.);
#2772=ADVANCED_FACE('',(#120),#2713,.F.);
#2773=ADVANCED_FACE('',(#121),#30,.F.);
#2774=ADVANCED_FACE('',(#122),#31,.F.);
#2775=ADVANCED_FACE('',(#123),#2714,.F.);
#2776=ADVANCED_FACE('',(#124),#32,.F.);
#2777=ADVANCED_FACE('',(#125),#33,.F.);
#2778=ADVANCED_FACE('',(#126),#2715,.F.);
#2779=ADVANCED_FACE('',(#127),#2716,.F.);
#2780=ADVANCED_FACE('',(#128),#34,.F.);
#2781=ADVANCED_FACE('',(#129),#35,.F.);
#2782=ADVANCED_FACE('',(#130),#2717,.F.);
#2783=ADVANCED_FACE('',(#131),#36,.F.);
#2784=ADVANCED_FACE('',(#132),#2718,.F.);
#2785=ADVANCED_FACE('',(#133),#37,.F.);
#2786=ADVANCED_FACE('',(#134),#38,.F.);
#2787=ADVANCED_FACE('',(#135),#2719,.F.);
#2788=ADVANCED_FACE('',(#136),#39,.F.);
#2789=ADVANCED_FACE('',(#137),#2720,.F.);
#2790=ADVANCED_FACE('',(#138),#40,.F.);
#2791=ADVANCED_FACE('',(#139),#2721,.F.);
#2792=ADVANCED_FACE('',(#140),#2722,.F.);
#2793=ADVANCED_FACE('',(#141),#41,.F.);
#2794=ADVANCED_FACE('',(#142),#2723,.F.);
#2795=ADVANCED_FACE('',(#143),#42,.F.);
#2796=ADVANCED_FACE('',(#144),#2724,.F.);
#2797=ADVANCED_FACE('',(#145,#23),#43,.T.);
#2798=ADVANCED_FACE('',(#146),#2725,.T.);
#2799=ADVANCED_FACE('',(#147),#44,.T.);
#2800=ADVANCED_FACE('',(#148),#2726,.T.);
#2801=ADVANCED_FACE('',(#149,#24,#25),#45,.T.);
#2802=ADVANCED_FACE('',(#150),#2727,.F.);
#2803=ADVANCED_FACE('',(#151),#2728,.T.);
#2804=ADVANCED_FACE('',(#152),#2729,.F.);
#2805=ADVANCED_FACE('',(#153),#46,.T.);
#2806=ADVANCED_FACE('',(#154),#2730,.F.);
#2807=ADVANCED_FACE('',(#155),#47,.T.);
#2808=ADVANCED_FACE('',(#156),#48,.T.);
#2809=ADVANCED_FACE('',(#157),#2731,.F.);
#2810=ADVANCED_FACE('',(#158),#49,.T.);
#2811=ADVANCED_FACE('',(#159),#2732,.F.);
#2812=ADVANCED_FACE('',(#160),#2733,.T.);
#2813=ADVANCED_FACE('',(#161),#2734,.F.);
#2814=ADVANCED_FACE('',(#162),#2735,.F.);
#2815=ADVANCED_FACE('',(#163),#2736,.F.);
#2816=ADVANCED_FACE('',(#164),#50,.T.);
#2817=ADVANCED_FACE('',(#165),#2737,.F.);
#2818=ADVANCED_FACE('',(#166),#51,.T.);
#2819=ADVANCED_FACE('',(#167),#2738,.F.);
#2820=ADVANCED_FACE('',(#168),#52,.T.);
#2821=ADVANCED_FACE('',(#169),#53,.T.);
#2822=ADVANCED_FACE('',(#170),#2739,.F.);
#2823=ADVANCED_FACE('',(#171),#54,.F.);
#2824=ADVANCED_FACE('',(#172),#2740,.F.);
#2825=ADVANCED_FACE('',(#173),#55,.F.);
#2826=ADVANCED_FACE('',(#174),#2741,.F.);
#2827=ADVANCED_FACE('',(#175),#56,.F.);
#2828=ADVANCED_FACE('',(#176),#2742,.F.);
#2829=ADVANCED_FACE('',(#177),#57,.F.);
#2830=ADVANCED_FACE('',(#178),#58,.F.);
#2831=ADVANCED_FACE('',(#179),#59,.F.);
#2832=ADVANCED_FACE('',(#180),#60,.F.);
#2833=ADVANCED_FACE('',(#181),#61,.F.);
#2834=ADVANCED_FACE('',(#182),#62,.T.);
#2835=ADVANCED_FACE('',(#183),#63,.T.);
#2836=ADVANCED_FACE('',(#184),#2743,.T.);
#2837=ADVANCED_FACE('',(#185),#64,.T.);
#2838=ADVANCED_FACE('',(#186),#2744,.T.);
#2839=ADVANCED_FACE('',(#187),#65,.T.);
#2840=ADVANCED_FACE('',(#188),#66,.T.);
#2841=ADVANCED_FACE('',(#189),#67,.T.);
#2842=ADVANCED_FACE('',(#190),#2745,.F.);
#2843=ADVANCED_FACE('',(#191),#2746,.F.);
#2844=ADVANCED_FACE('',(#192),#68,.F.);
#2845=ADVANCED_FACE('',(#193),#69,.F.);
#2846=ADVANCED_FACE('',(#194),#70,.T.);
#2847=ADVANCED_FACE('',(#195),#71,.T.);
#2848=ADVANCED_FACE('',(#196),#72,.T.);
#2849=ADVANCED_FACE('',(#197),#73,.T.);
#2850=ADVANCED_FACE('',(#198),#74,.F.);
#2851=ADVANCED_FACE('',(#199),#75,.F.);
#2852=ADVANCED_FACE('',(#200),#76,.F.);
#2853=ADVANCED_FACE('',(#201),#77,.F.);
#2854=ADVANCED_FACE('',(#202),#78,.F.);
#2855=ADVANCED_FACE('',(#203),#79,.F.);
#2856=ADVANCED_FACE('',(#204),#80,.F.);
#2857=ADVANCED_FACE('',(#205),#81,.T.);
#2858=ADVANCED_FACE('',(#206),#2747,.T.);
#2859=ADVANCED_FACE('',(#207),#82,.T.);
#2860=ADVANCED_FACE('',(#208),#83,.T.);
#2861=ADVANCED_FACE('',(#209),#84,.T.);
#2862=ADVANCED_FACE('',(#210),#85,.T.);
#2863=ADVANCED_FACE('',(#211),#86,.T.);
#2864=ADVANCED_FACE('',(#212),#2748,.F.);
#2865=ADVANCED_FACE('',(#213),#87,.F.);
#2866=ADVANCED_FACE('',(#214),#88,.T.);
#2867=ADVANCED_FACE('',(#215),#89,.T.);
#2868=ADVANCED_FACE('',(#216),#2749,.T.);
#2869=ADVANCED_FACE('',(#217),#90,.T.);
#2870=ADVANCED_FACE('',(#218),#91,.T.);
#2871=ADVANCED_FACE('',(#219),#92,.T.);
#2872=ADVANCED_FACE('',(#220),#93,.T.);
#2873=ADVANCED_FACE('',(#221),#94,.F.);
#2874=ADVANCED_FACE('',(#222),#95,.F.);
#2875=ADVANCED_FACE('',(#223),#96,.F.);
#2876=ADVANCED_FACE('',(#224),#97,.F.);
#2877=ADVANCED_FACE('',(#225),#2750,.F.);
#2878=ADVANCED_FACE('',(#226),#98,.F.);
#2879=ADVANCED_FACE('',(#227),#99,.F.);
#2880=ADVANCED_FACE('',(#228),#2751,.F.);
#2881=ADVANCED_FACE('',(#229),#100,.T.);
#2882=ADVANCED_FACE('',(#230),#2752,.F.);
#2883=ADVANCED_FACE('',(#231),#101,.T.);
#2884=ADVANCED_FACE('',(#232),#2753,.F.);
#2885=ADVANCED_FACE('',(#233),#2754,.F.);
#2886=ADVANCED_FACE('',(#234),#102,.T.);
#2887=ADVANCED_FACE('',(#235),#2755,.F.);
#2888=ADVANCED_FACE('',(#236),#2756,.F.);
#2889=ADVANCED_FACE('',(#237),#103,.T.);
#2890=ADVANCED_FACE('',(#238),#104,.T.);
#2891=ADVANCED_FACE('',(#239),#2757,.F.);
#2892=ADVANCED_FACE('',(#240),#2758,.F.);
#2893=ADVANCED_FACE('',(#241),#105,.F.);
#2894=ADVANCED_FACE('',(#242),#2759,.F.);
#2895=ADVANCED_FACE('',(#243),#2760,.F.);
#2896=ADVANCED_FACE('',(#244),#106,.F.);
#2897=ADVANCED_FACE('',(#245),#107,.F.);
#2898=ADVANCED_FACE('',(#246),#2761,.F.);
#2899=ADVANCED_FACE('',(#247),#2762,.F.);
#2900=ADVANCED_FACE('',(#248),#108,.F.);
#2901=ADVANCED_FACE('',(#249),#2763,.F.);
#2902=ADVANCED_FACE('',(#250),#109,.F.);
#2903=ADVANCED_FACE('',(#251),#2764,.F.);
#2904=ADVANCED_FACE('',(#252),#110,.F.);
#2905=ADVANCED_FACE('',(#253),#111,.F.);
#2906=ADVANCED_FACE('',(#254),#2765,.F.);
#2907=ADVANCED_FACE('',(#255),#2766,.T.);
#2908=ADVANCED_FACE('',(#256),#112,.T.);
#2909=ADVANCED_FACE('',(#257),#2767,.T.);
#2910=ADVANCED_FACE('',(#258),#113,.T.);
#2911=ADVANCED_FACE('',(#259),#2768,.T.);
#2912=ADVANCED_FACE('',(#260),#114,.T.);
#2913=ADVANCED_FACE('',(#261),#2769,.T.);
#2914=ADVANCED_FACE('',(#262,#26),#115,.T.);
#2915=ADVANCED_FACE('',(#263),#2770,.T.);
#2916=ADVANCED_FACE('',(#264,#27,#28,#29),#116,.T.);
#2917=ADVANCED_FACE('',(#265),#2771,.T.);
#2918=ADVANCED_FACE('',(#266),#117,.T.);
#2919=ADVANCED_FACE('',(#267),#118,.F.);
#2920=ADVANCED_FACE('',(#268),#119,.T.);
#2921=CLOSED_SHELL('',(#2772,#2773,#2774,#2775,#2776,#2777,#2778,#2779,
#2780,#2781,#2782,#2783,#2784,#2785,#2786,#2787,#2788,#2789,#2790,#2791,
#2792,#2793,#2794,#2795,#2796,#2797,#2798,#2799,#2800,#2801,#2802,#2803,
#2804,#2805,#2806,#2807,#2808,#2809,#2810,#2811,#2812,#2813,#2814,#2815,
#2816,#2817,#2818,#2819,#2820,#2821,#2822,#2823,#2824,#2825,#2826,#2827,
#2828,#2829,#2830,#2831,#2832,#2833,#2834,#2835,#2836,#2837,#2838,#2839,
#2840,#2841,#2842,#2843,#2844,#2845,#2846,#2847,#2848,#2849,#2850,#2851,
#2852,#2853,#2854,#2855,#2856,#2857,#2858,#2859,#2860,#2861,#2862,#2863,
#2864,#2865,#2866,#2867,#2868,#2869,#2870,#2871,#2872,#2873,#2874,#2875,
#2876,#2877,#2878,#2879,#2880,#2881,#2882,#2883,#2884,#2885,#2886,#2887,
#2888,#2889,#2890,#2891,#2892,#2893,#2894,#2895,#2896,#2897,#2898,#2899,
#2900,#2901,#2902,#2903,#2904,#2905,#2906,#2907,#2908,#2909,#2910,#2911,
#2912,#2913,#2914,#2915,#2916,#2917,#2918,#2919,#2920));
#2922=AXIS2_PLACEMENT_3D('',#4034,#3190,#3191);
#2923=AXIS2_PLACEMENT_3D('',#4035,#3192,#3193);
#2924=AXIS2_PLACEMENT_3D('',#4038,#3194,#3195);
#2925=AXIS2_PLACEMENT_3D('',#4042,#3197,#3198);
#2926=AXIS2_PLACEMENT_3D('',#4044,#3200,#3201);
#2927=AXIS2_PLACEMENT_3D('',#4048,#3203,#3204);
#2928=AXIS2_PLACEMENT_3D('',#4050,#3206,#3207);
#2929=AXIS2_PLACEMENT_3D('',#4054,#3210,#3211);
#2930=AXIS2_PLACEMENT_3D('',#4056,#3212,#3213);
#2931=AXIS2_PLACEMENT_3D('',#4058,#3215,#3216);
#2932=AXIS2_PLACEMENT_3D('',#4060,#3218,#3219);
#2933=AXIS2_PLACEMENT_3D('',#4069,#3224,#3225);
#2934=AXIS2_PLACEMENT_3D('',#4071,#3226,#3227);
#2935=AXIS2_PLACEMENT_3D('',#4074,#3229,#3230);
#2936=AXIS2_PLACEMENT_3D('',#4075,#3231,#3232);
#2937=AXIS2_PLACEMENT_3D('',#4077,#3233,#3234);
#2938=AXIS2_PLACEMENT_3D('',#4079,#3235,#3236);
#2939=AXIS2_PLACEMENT_3D('',#4081,#3238,#3239);
#2940=AXIS2_PLACEMENT_3D('',#4084,#3242,#3243);
#2941=AXIS2_PLACEMENT_3D('',#4093,#3248,#3249);
#2942=AXIS2_PLACEMENT_3D('',#4095,#3250,#3251);
#2943=AXIS2_PLACEMENT_3D('',#4098,#3253,#3254);
#2944=AXIS2_PLACEMENT_3D('',#4099,#3255,#3256);
#2945=AXIS2_PLACEMENT_3D('',#4105,#3260,#3261);
#2946=AXIS2_PLACEMENT_3D('',#4106,#3262,#3263);
#2947=AXIS2_PLACEMENT_3D('',#4107,#3264,#3265);
#2948=AXIS2_PLACEMENT_3D('',#4108,#3266,#3267);
#2949=AXIS2_PLACEMENT_3D('',#4109,#3268,#3269);
#2950=AXIS2_PLACEMENT_3D('',#4110,#3270,#3271);
#2951=AXIS2_PLACEMENT_3D('',#4113,#3272,#3273);
#2952=AXIS2_PLACEMENT_3D('',#4117,#3275,#3276);
#2953=AXIS2_PLACEMENT_3D('',#4119,#3278,#3279);
#2954=AXIS2_PLACEMENT_3D('',#4125,#3283,#3284);
#2955=AXIS2_PLACEMENT_3D('',#4127,#3285,#3286);
#2956=AXIS2_PLACEMENT_3D('',#4130,#3288,#3289);
#2957=AXIS2_PLACEMENT_3D('',#4131,#3290,#3291);
#2958=AXIS2_PLACEMENT_3D('',#4137,#3295,#3296);
#2959=AXIS2_PLACEMENT_3D('',#4139,#3297,#3298);
#2960=AXIS2_PLACEMENT_3D('',#4141,#3299,#3300);
#2961=AXIS2_PLACEMENT_3D('',#4143,#3302,#3303);
#2962=AXIS2_PLACEMENT_3D('',#4146,#3304,#3305);
#2963=AXIS2_PLACEMENT_3D('',#4150,#3307,#3308);
#2964=AXIS2_PLACEMENT_3D('',#4152,#3310,#3311);
#2965=AXIS2_PLACEMENT_3D('',#4155,#3314,#3315);
#2966=AXIS2_PLACEMENT_3D('',#4158,#3316,#3317);
#2967=AXIS2_PLACEMENT_3D('',#4162,#3319,#3320);
#2968=AXIS2_PLACEMENT_3D('',#4164,#3322,#3323);
#2969=AXIS2_PLACEMENT_3D('',#4170,#3327,#3328);
#2970=AXIS2_PLACEMENT_3D('',#4172,#3329,#3330);
#2971=AXIS2_PLACEMENT_3D('',#4175,#3332,#3333);
#2972=AXIS2_PLACEMENT_3D('',#4176,#3334,#3335);
#2973=AXIS2_PLACEMENT_3D('',#4183,#3340,#3341);
#2974=AXIS2_PLACEMENT_3D('',#4186,#3342,#3343);
#2975=AXIS2_PLACEMENT_3D('',#4190,#3345,#3346);
#2976=AXIS2_PLACEMENT_3D('',#4192,#3348,#3349);
#2977=AXIS2_PLACEMENT_3D('',#4203,#3356,#3357);
#2978=AXIS2_PLACEMENT_3D('',#4205,#3358,#3359);
#2979=AXIS2_PLACEMENT_3D('',#4207,#3360,#3361);
#2980=AXIS2_PLACEMENT_3D('',#4209,#3363,#3364);
#2981=AXIS2_PLACEMENT_3D('',#4219,#3370,#3371);
#2982=AXIS2_PLACEMENT_3D('',#4223,#3373,#3374);
#2983=AXIS2_PLACEMENT_3D('',#4227,#3376,#3377);
#2984=AXIS2_PLACEMENT_3D('',#4231,#3379,#3380);
#2985=AXIS2_PLACEMENT_3D('',#4237,#3383,#3384);
#2986=AXIS2_PLACEMENT_3D('',#4241,#3386,#3387);
#2987=AXIS2_PLACEMENT_3D('',#4253,#3393,#3394);
#2988=AXIS2_PLACEMENT_3D('',#4257,#3396,#3397);
#2989=AXIS2_PLACEMENT_3D('',#4263,#3400,#3401);
#2990=AXIS2_PLACEMENT_3D('',#4267,#3403,#3404);
#2991=AXIS2_PLACEMENT_3D('',#4271,#3406,#3407);
#2992=AXIS2_PLACEMENT_3D('',#4275,#3409,#3410);
#2993=AXIS2_PLACEMENT_3D('',#4282,#3414,#3415);
#2994=AXIS2_PLACEMENT_3D('',#4284,#3416,#3417);
#2995=AXIS2_PLACEMENT_3D('',#4285,#3418,#3419);
#2996=AXIS2_PLACEMENT_3D('',#4288,#3420,#3421);
#2997=AXIS2_PLACEMENT_3D('',#4292,#3423,#3424);
#2998=AXIS2_PLACEMENT_3D('',#4294,#3426,#3427);
#2999=AXIS2_PLACEMENT_3D('',#4296,#3428,#3429);
#3000=AXIS2_PLACEMENT_3D('',#4299,#3431,#3432);
#3001=AXIS2_PLACEMENT_3D('',#4300,#3433,#3434);
#3002=AXIS2_PLACEMENT_3D('',#4303,#3435,#3436);
#3003=AXIS2_PLACEMENT_3D('',#4307,#3438,#3439);
#3004=AXIS2_PLACEMENT_3D('',#4309,#3441,#3442);
#3005=AXIS2_PLACEMENT_3D('',#4316,#3447,#3448);
#3006=AXIS2_PLACEMENT_3D('',#4319,#3449,#3450);
#3007=AXIS2_PLACEMENT_3D('',#4322,#3453,#3454);
#3008=AXIS2_PLACEMENT_3D('',#4326,#3456,#3457);
#3009=AXIS2_PLACEMENT_3D('',#4330,#3459,#3460);
#3010=AXIS2_PLACEMENT_3D('',#4334,#3462,#3463);
#3011=AXIS2_PLACEMENT_3D('',#4338,#3465,#3466);
#3012=AXIS2_PLACEMENT_3D('',#4339,#3467,#3468);
#3013=AXIS2_PLACEMENT_3D('',#4341,#3470,#3471);
#3014=AXIS2_PLACEMENT_3D('',#4343,#3473,#3474);
#3015=AXIS2_PLACEMENT_3D('',#4346,#3475,#3476);
#3016=AXIS2_PLACEMENT_3D('',#4349,#3479,#3480);
#3017=AXIS2_PLACEMENT_3D('',#4353,#3483,#3484);
#3018=AXIS2_PLACEMENT_3D('',#4356,#3485,#3486);
#3019=AXIS2_PLACEMENT_3D('',#4359,#3489,#3490);
#3020=AXIS2_PLACEMENT_3D('',#4360,#3491,#3492);
#3021=AXIS2_PLACEMENT_3D('',#4361,#3493,#3494);
#3022=AXIS2_PLACEMENT_3D('',#4363,#3495,#3496);
#3023=AXIS2_PLACEMENT_3D('',#4365,#3497,#3498);
#3024=AXIS2_PLACEMENT_3D('',#4367,#3500,#3501);
#3025=AXIS2_PLACEMENT_3D('',#4369,#3503,#3504);
#3026=AXIS2_PLACEMENT_3D('',#4372,#3507,#3508);
#3027=AXIS2_PLACEMENT_3D('',#4381,#3514,#3515);
#3028=AXIS2_PLACEMENT_3D('',#4383,#3516,#3517);
#3029=AXIS2_PLACEMENT_3D('',#4385,#3519,#3520);
#3030=AXIS2_PLACEMENT_3D('',#4389,#3523,#3524);
#3031=AXIS2_PLACEMENT_3D('',#4392,#3525,#3526);
#3032=AXIS2_PLACEMENT_3D('',#4395,#3529,#3530);
#3033=AXIS2_PLACEMENT_3D('',#4402,#3535,#3536);
#3034=AXIS2_PLACEMENT_3D('',#4403,#3537,#3538);
#3035=AXIS2_PLACEMENT_3D('',#4405,#3540,#3541);
#3036=AXIS2_PLACEMENT_3D('',#4408,#3542,#3543);
#3037=AXIS2_PLACEMENT_3D('',#4411,#3546,#3547);
#3038=AXIS2_PLACEMENT_3D('',#4415,#3550,#3551);
#3039=AXIS2_PLACEMENT_3D('',#4417,#3552,#3553);
#3040=AXIS2_PLACEMENT_3D('',#4419,#3555,#3556);
#3041=AXIS2_PLACEMENT_3D('',#4425,#3560,#3561);
#3042=AXIS2_PLACEMENT_3D('',#4428,#3562,#3563);
#3043=AXIS2_PLACEMENT_3D('',#4431,#3566,#3567);
#3044=AXIS2_PLACEMENT_3D('',#4435,#3570,#3571);
#3045=AXIS2_PLACEMENT_3D('',#4437,#3572,#3573);
#3046=AXIS2_PLACEMENT_3D('',#4439,#3575,#3576);
#3047=AXIS2_PLACEMENT_3D('',#4441,#3578,#3579);
#3048=AXIS2_PLACEMENT_3D('',#4443,#3581,#3582);
#3049=AXIS2_PLACEMENT_3D('',#4444,#3583,#3584);
#3050=AXIS2_PLACEMENT_3D('',#4446,#3586,#3587);
#3051=AXIS2_PLACEMENT_3D('',#4448,#3589,#3590);
#3052=AXIS2_PLACEMENT_3D('',#4450,#3592,#3593);
#3053=AXIS2_PLACEMENT_3D('',#4452,#3595,#3596);
#3054=AXIS2_PLACEMENT_3D('',#4453,#3597,#3598);
#3055=AXIS2_PLACEMENT_3D('',#4457,#3601,#3602);
#3056=AXIS2_PLACEMENT_3D('',#4458,#3603,#3604);
#3057=AXIS2_PLACEMENT_3D('',#4463,#3608,#3609);
#3058=AXIS2_PLACEMENT_3D('',#4464,#3610,#3611);
#3059=AXIS2_PLACEMENT_3D('',#4475,#3618,#3619);
#3060=AXIS2_PLACEMENT_3D('',#4478,#3621,#3622);
#3061=AXIS2_PLACEMENT_3D('',#4479,#3623,#3624);
#3062=AXIS2_PLACEMENT_3D('',#4482,#3626,#3627);
#3063=AXIS2_PLACEMENT_3D('',#4483,#3628,#3629);
#3064=AXIS2_PLACEMENT_3D('',#4484,#3630,#3631);
#3065=AXIS2_PLACEMENT_3D('',#4485,#3632,#3633);
#3066=AXIS2_PLACEMENT_3D('',#4486,#3634,#3635);
#3067=AXIS2_PLACEMENT_3D('',#4487,#3636,#3637);
#3068=AXIS2_PLACEMENT_3D('',#4488,#3638,#3639);
#3069=AXIS2_PLACEMENT_3D('',#4497,#3644,#3645);
#3070=AXIS2_PLACEMENT_3D('',#4506,#3650,#3651);
#3071=AXIS2_PLACEMENT_3D('',#4523,#3660,#3661);
#3072=AXIS2_PLACEMENT_3D('',#4532,#3666,#3667);
#3073=AXIS2_PLACEMENT_3D('',#4543,#3674,#3675);
#3074=AXIS2_PLACEMENT_3D('',#4546,#3678,#3679);
#3075=AXIS2_PLACEMENT_3D('',#4548,#3681,#3682);
#3076=AXIS2_PLACEMENT_3D('',#4557,#3687,#3688);
#3077=AXIS2_PLACEMENT_3D('',#4566,#3693,#3694);
#3078=AXIS2_PLACEMENT_3D('',#4568,#3695,#3696);
#3079=AXIS2_PLACEMENT_3D('',#4571,#3698,#3699);
#3080=AXIS2_PLACEMENT_3D('',#4572,#3700,#3701);
#3081=AXIS2_PLACEMENT_3D('',#4578,#3705,#3706);
#3082=AXIS2_PLACEMENT_3D('',#4580,#3707,#3708);
#3083=AXIS2_PLACEMENT_3D('',#4581,#3709,#3710);
#3084=AXIS2_PLACEMENT_3D('',#4590,#3715,#3716);
#3085=AXIS2_PLACEMENT_3D('',#4603,#3723,#3724);
#3086=AXIS2_PLACEMENT_3D('',#4616,#3731,#3732);
#3087=AXIS2_PLACEMENT_3D('',#4618,#3733,#3734);
#3088=AXIS2_PLACEMENT_3D('',#4620,#3736,#3737);
#3089=AXIS2_PLACEMENT_3D('',#4622,#3739,#3740);
#3090=AXIS2_PLACEMENT_3D('',#4631,#3745,#3746);
#3091=AXIS2_PLACEMENT_3D('',#4634,#3747,#3748);
#3092=AXIS2_PLACEMENT_3D('',#4638,#3751,#3752);
#3093=AXIS2_PLACEMENT_3D('',#4640,#3753,#3754);
#3094=AXIS2_PLACEMENT_3D('',#4642,#3756,#3757);
#3095=AXIS2_PLACEMENT_3D('',#4645,#3759,#3760);
#3096=AXIS2_PLACEMENT_3D('',#4646,#3761,#3762);
#3097=AXIS2_PLACEMENT_3D('',#4650,#3765,#3766);
#3098=AXIS2_PLACEMENT_3D('',#4652,#3768,#3769);
#3099=AXIS2_PLACEMENT_3D('',#4662,#3775,#3776);
#3100=AXIS2_PLACEMENT_3D('',#4672,#3782,#3783);
#3101=AXIS2_PLACEMENT_3D('',#4675,#3784,#3785);
#3102=AXIS2_PLACEMENT_3D('',#4678,#3788,#3789);
#3103=AXIS2_PLACEMENT_3D('',#4682,#3792,#3793);
#3104=AXIS2_PLACEMENT_3D('',#4688,#3797,#3798);
#3105=AXIS2_PLACEMENT_3D('',#4692,#3801,#3802);
#3106=AXIS2_PLACEMENT_3D('',#4693,#3803,#3804);
#3107=AXIS2_PLACEMENT_3D('',#4694,#3805,#3806);
#3108=AXIS2_PLACEMENT_3D('',#4700,#3810,#3811);
#3109=AXIS2_PLACEMENT_3D('',#4701,#3812,#3813);
#3110=AXIS2_PLACEMENT_3D('',#4702,#3814,#3815);
#3111=AXIS2_PLACEMENT_3D('',#4703,#3816,#3817);
#3112=AXIS2_PLACEMENT_3D('',#4704,#3818,#3819);
#3113=AXIS2_PLACEMENT_3D('',#4712,#3824,#3825);
#3114=AXIS2_PLACEMENT_3D('',#4713,#3826,#3827);
#3115=AXIS2_PLACEMENT_3D('',#4714,#3828,#3829);
#3116=AXIS2_PLACEMENT_3D('',#4722,#3834,#3835);
#3117=AXIS2_PLACEMENT_3D('',#4723,#3836,#3837);
#3118=AXIS2_PLACEMENT_3D('',#4724,#3838,#3839);
#3119=AXIS2_PLACEMENT_3D('',#4726,#3840,#3841);
#3120=AXIS2_PLACEMENT_3D('',#4729,#3843,#3844);
#3121=AXIS2_PLACEMENT_3D('',#4730,#3845,#3846);
#3122=AXIS2_PLACEMENT_3D('',#4736,#3850,#3851);
#3123=AXIS2_PLACEMENT_3D('',#4737,#3852,#3853);
#3124=AXIS2_PLACEMENT_3D('',#4738,#3854,#3855);
#3125=AXIS2_PLACEMENT_3D('',#4739,#3856,#3857);
#3126=AXIS2_PLACEMENT_3D('',#4741,#3858,#3859);
#3127=AXIS2_PLACEMENT_3D('',#4744,#3861,#3862);
#3128=AXIS2_PLACEMENT_3D('',#4745,#3863,#3864);
#3129=AXIS2_PLACEMENT_3D('',#4751,#3868,#3869);
#3130=AXIS2_PLACEMENT_3D('',#4753,#3871,#3872);
#3131=AXIS2_PLACEMENT_3D('',#4756,#3874,#3875);
#3132=AXIS2_PLACEMENT_3D('',#4759,#3877,#3878);
#3133=AXIS2_PLACEMENT_3D('',#4761,#3879,#3880);
#3134=AXIS2_PLACEMENT_3D('',#4764,#3882,#3883);
#3135=AXIS2_PLACEMENT_3D('',#4768,#3885,#3886);
#3136=AXIS2_PLACEMENT_3D('',#4772,#3888,#3889);
#3137=AXIS2_PLACEMENT_3D('',#4775,#3891,#3892);
#3138=AXIS2_PLACEMENT_3D('',#4777,#3893,#3894);
#3139=AXIS2_PLACEMENT_3D('',#4779,#3896,#3897);
#3140=AXIS2_PLACEMENT_3D('',#4780,#3898,#3899);
#3141=AXIS2_PLACEMENT_3D('',#4781,#3900,#3901);
#3142=AXIS2_PLACEMENT_3D('',#4783,#3902,#3903);
#3143=AXIS2_PLACEMENT_3D('',#4785,#3905,#3906);
#3144=AXIS2_PLACEMENT_3D('',#4789,#3909,#3910);
#3145=AXIS2_PLACEMENT_3D('',#4790,#3911,#3912);
#3146=AXIS2_PLACEMENT_3D('',#4791,#3913,#3914);
#3147=AXIS2_PLACEMENT_3D('',#4793,#3915,#3916);
#3148=AXIS2_PLACEMENT_3D('',#4795,#3918,#3919);
#3149=AXIS2_PLACEMENT_3D('',#4799,#3922,#3923);
#3150=AXIS2_PLACEMENT_3D('',#4800,#3924,#3925);
#3151=AXIS2_PLACEMENT_3D('',#4801,#3926,#3927);
#3152=AXIS2_PLACEMENT_3D('',#4802,#3928,#3929);
#3153=AXIS2_PLACEMENT_3D('',#4805,#3930,#3931);
#3154=AXIS2_PLACEMENT_3D('',#4808,#3934,#3935);
#3155=AXIS2_PLACEMENT_3D('',#4812,#3938,#3939);
#3156=AXIS2_PLACEMENT_3D('',#4814,#3940,#3941);
#3157=AXIS2_PLACEMENT_3D('',#4816,#3943,#3944);
#3158=AXIS2_PLACEMENT_3D('',#4820,#3947,#3948);
#3159=AXIS2_PLACEMENT_3D('',#4821,#3949,#3950);
#3160=AXIS2_PLACEMENT_3D('',#4822,#3951,#3952);
#3161=AXIS2_PLACEMENT_3D('',#4826,#3955,#3956);
#3162=AXIS2_PLACEMENT_3D('',#4827,#3957,#3958);
#3163=AXIS2_PLACEMENT_3D('',#4828,#3959,#3960);
#3164=AXIS2_PLACEMENT_3D('',#4829,#3961,#3962);
#3165=AXIS2_PLACEMENT_3D('',#4832,#3963,#3964);
#3166=AXIS2_PLACEMENT_3D('',#4836,#3966,#3967);
#3167=AXIS2_PLACEMENT_3D('',#4838,#3969,#3970);
#3168=AXIS2_PLACEMENT_3D('',#4844,#3974,#3975);
#3169=AXIS2_PLACEMENT_3D('',#4846,#3976,#3977);
#3170=AXIS2_PLACEMENT_3D('',#4848,#3978,#3979);
#3171=AXIS2_PLACEMENT_3D('',#4850,#3981,#3982);
#3172=AXIS2_PLACEMENT_3D('',#4856,#3986,#3987);
#3173=AXIS2_PLACEMENT_3D('',#4857,#3988,#3989);
#3174=AXIS2_PLACEMENT_3D('',#4858,#3990,#3991);
#3175=AXIS2_PLACEMENT_3D('',#4859,#3992,#3993);
#3176=AXIS2_PLACEMENT_3D('',#4865,#3997,#3998);
#3177=AXIS2_PLACEMENT_3D('',#4866,#3999,#4000);
#3178=AXIS2_PLACEMENT_3D('',#4867,#4001,#4002);
#3179=AXIS2_PLACEMENT_3D('',#4868,#4003,#4004);
#3180=AXIS2_PLACEMENT_3D('',#4870,#4005,#4006);
#3181=AXIS2_PLACEMENT_3D('',#4874,#4009,#4010);
#3182=AXIS2_PLACEMENT_3D('',#4875,#4011,#4012);
#3183=AXIS2_PLACEMENT_3D('',#4878,#4014,#4015);
#3184=AXIS2_PLACEMENT_3D('',#4879,#4016,#4017);
#3185=AXIS2_PLACEMENT_3D('',#4881,#4018,#4019);
#3186=AXIS2_PLACEMENT_3D('',#4887,#4023,#4024);
#3187=AXIS2_PLACEMENT_3D('',#4889,#4026,#4027);
#3188=AXIS2_PLACEMENT_3D('',#4891,#4029,#4030);
#3189=AXIS2_PLACEMENT_3D('',#4893,#4032,#4033);
#3190=DIRECTION('axis',(0.,0.,1.));
#3191=DIRECTION('refdir',(1.,0.,0.));
#3192=DIRECTION('center_axis',(0.,0.987688340595138,-0.15643446504023));
#3193=DIRECTION('ref_axis',(-0.707106781186548,-0.110615871041237,-0.69840112333371));
#3194=DIRECTION('center_axis',(0.,-0.987688340595138,0.15643446504023));
#3195=DIRECTION('ref_axis',(-0.707106781186547,0.110615871041237,0.698401123333711));
#3196=DIRECTION('',(0.,-0.987688340595138,0.15643446504023));
#3197=DIRECTION('center_axis',(-1.06062377052589E-17,-0.987688340595138,
0.156434465040231));
#3198=DIRECTION('ref_axis',(-0.707106781186547,0.110615871041237,0.698401123333711));
#3199=DIRECTION('',(0.,0.987688340595138,-0.15643446504023));
#3200=DIRECTION('center_axis',(0.,0.987688340595138,-0.15643446504023));
#3201=DIRECTION('ref_axis',(0.,0.15643446504023,0.987688340595138));
#3202=DIRECTION('',(-1.,0.,0.));
#3203=DIRECTION('center_axis',(0.,-0.987688340595138,0.15643446504023));
#3204=DIRECTION('ref_axis',(0.707106781186547,-0.110615871041237,-0.698401123333711));
#3205=DIRECTION('',(1.,0.,0.));
#3206=DIRECTION('center_axis',(0.,-0.15643446504023,-0.987688340595138));
#3207=DIRECTION('ref_axis',(-1.,0.,0.));
#3208=DIRECTION('',(-1.,1.04756573190648E-17,-1.6591811215117E-18));
#3209=DIRECTION('',(0.,-0.987688340595138,0.15643446504023));
#3210=DIRECTION('center_axis',(0.,0.987688340595138,-0.15643446504023));
#3211=DIRECTION('ref_axis',(0.707106781186548,0.110615871041237,0.69840112333371));
#3212=DIRECTION('center_axis',(-1.06062377052589E-17,-0.987688340595138,
0.156434465040231));
#3213=DIRECTION('ref_axis',(0.707106781186547,-0.110615871041237,-0.698401123333711));
#3214=DIRECTION('',(0.,0.987688340595138,-0.15643446504023));
#3215=DIRECTION('center_axis',(0.,0.15643446504023,0.987688340595138));
#3216=DIRECTION('ref_axis',(1.,0.,0.));
#3217=DIRECTION('',(1.,-1.04756573190648E-17,1.6591811215117E-18));
#3218=DIRECTION('center_axis',(0.,0.15643446504023,0.987688340595138));
#3219=DIRECTION('ref_axis',(1.,0.,0.));
#3220=DIRECTION('',(0.,-0.987688340595138,0.15643446504023));
#3221=DIRECTION('',(1.,0.,0.));
#3222=DIRECTION('',(0.,0.987688340595138,-0.15643446504023));
#3223=DIRECTION('',(1.,-1.04756573190648E-17,1.6591811215117E-18));
#3224=DIRECTION('center_axis',(0.,0.987688340595138,-0.15643446504023));
#3225=DIRECTION('ref_axis',(0.707106781186547,-0.110615871041237,-0.698401123333711));
#3226=DIRECTION('center_axis',(0.,-0.987688340595138,0.15643446504023));
#3227=DIRECTION('ref_axis',(0.707106781186547,-0.110615871041237,-0.698401123333711));
#3228=DIRECTION('',(0.,-0.987688340595138,0.15643446504023));
#3229=DIRECTION('center_axis',(-1.06062377052589E-17,-0.987688340595138,
0.156434465040231));
#3230=DIRECTION('ref_axis',(0.707106781186547,-0.110615871041237,-0.698401123333711));
#3231=DIRECTION('center_axis',(0.,0.987688340595138,-0.15643446504023));
#3232=DIRECTION('ref_axis',(-0.707106781186548,-0.110615871041237,-0.69840112333371));
#3233=DIRECTION('center_axis',(0.,-0.987688340595138,0.15643446504023));
#3234=DIRECTION('ref_axis',(-0.707106781186547,0.110615871041237,0.698401123333711));
#3235=DIRECTION('center_axis',(-1.06062377052589E-17,-0.987688340595138,
0.156434465040231));
#3236=DIRECTION('ref_axis',(-0.707106781186547,0.110615871041237,0.698401123333711));
#3237=DIRECTION('',(0.,0.987688340595138,-0.15643446504023));
#3238=DIRECTION('center_axis',(0.,-0.15643446504023,-0.987688340595138));
#3239=DIRECTION('ref_axis',(-1.,0.,0.));
#3240=DIRECTION('',(-1.,0.,0.));
#3241=DIRECTION('',(-1.,1.04756573190648E-17,-1.6591811215117E-18));
#3242=DIRECTION('center_axis',(0.,-0.156434465040238,-0.987688340595137));
#3243=DIRECTION('ref_axis',(-1.,0.,0.));
#3244=DIRECTION('',(0.,0.987688340595137,-0.156434465040238));
#3245=DIRECTION('',(-1.,1.04756573190648E-17,-1.65918112151178E-18));
#3246=DIRECTION('',(0.,-0.987688340595137,0.156434465040238));
#3247=DIRECTION('',(-1.,0.,0.));
#3248=DIRECTION('center_axis',(0.,0.987688340595137,-0.156434465040238));
#3249=DIRECTION('ref_axis',(-0.707106781186546,0.110615871041243,0.698401123333711));
#3250=DIRECTION('center_axis',(0.,-0.987688340595137,0.156434465040238));
#3251=DIRECTION('ref_axis',(-0.707106781186546,0.110615871041243,0.698401123333711));
#3252=DIRECTION('',(0.,-0.987688340595137,0.156434465040238));
#3253=DIRECTION('center_axis',(-1.06062377052589E-17,-0.987688340595138,
0.156434465040231));
#3254=DIRECTION('ref_axis',(-0.707106781186546,0.110615871041243,0.698401123333711));
#3255=DIRECTION('center_axis',(0.,0.156434465040238,0.987688340595137));
#3256=DIRECTION('ref_axis',(1.,0.,0.));
#3257=DIRECTION('',(1.,0.,0.));
#3258=DIRECTION('',(0.,0.987688340595137,-0.156434465040238));
#3259=DIRECTION('',(1.,-1.04756573190648E-17,1.65918112151178E-18));
#3260=DIRECTION('center_axis',(0.,0.987688340595137,-0.156434465040238));
#3261=DIRECTION('ref_axis',(0.707106781186546,-0.110615871041242,-0.698401123333711));
#3262=DIRECTION('center_axis',(0.,-0.987688340595137,0.156434465040238));
#3263=DIRECTION('ref_axis',(0.707106781186546,-0.110615871041242,-0.698401123333711));
#3264=DIRECTION('center_axis',(-1.06062377052589E-17,-0.987688340595138,
0.156434465040231));
#3265=DIRECTION('ref_axis',(0.707106781186546,-0.110615871041242,-0.698401123333711));
#3266=DIRECTION('center_axis',(0.,0.987688340595137,-0.156434465040238));
#3267=DIRECTION('ref_axis',(0.,0.156434465040238,0.987688340595137));
#3268=DIRECTION('center_axis',(0.,0.987688340595138,-0.15643446504023));
#3269=DIRECTION('ref_axis',(0.,0.15643446504023,0.987688340595138));
#3270=DIRECTION('center_axis',(0.,0.,-1.));
#3271=DIRECTION('ref_axis',(0.707106781186548,0.707106781186547,0.));
#3272=DIRECTION('center_axis',(0.,0.,1.));
#3273=DIRECTION('ref_axis',(0.707106781186548,0.707106781186547,0.));
#3274=DIRECTION('',(0.,0.,-1.));
#3275=DIRECTION('center_axis',(0.000546746774480943,-2.91433500404689E-16,
-0.999999850533971));
#3276=DIRECTION('ref_axis',(0.999999850533971,-2.08166786003349E-16,0.000546746774480943));
#3277=DIRECTION('',(0.,0.,1.));
#3278=DIRECTION('center_axis',(0.,1.,0.));
#3279=DIRECTION('ref_axis',(0.999999850533971,0.,0.000546746774481361));
#3280=DIRECTION('',(1.,0.,0.));
#3281=DIRECTION('',(0.,0.,1.));
#3282=DIRECTION('',(-0.999999850533971,0.,-0.000546746774480943));
#3283=DIRECTION('center_axis',(0.,0.,-1.));
#3284=DIRECTION('ref_axis',(-0.707106781186548,0.707106781186547,0.));
#3285=DIRECTION('center_axis',(0.,0.,1.));
#3286=DIRECTION('ref_axis',(-0.707106781186548,0.707106781186547,0.));
#3287=DIRECTION('',(0.,0.,-1.));
#3288=DIRECTION('center_axis',(0.000546746774480943,-2.91433500404689E-16,
-0.999999850533971));
#3289=DIRECTION('ref_axis',(-0.999999850533971,-5.55111429342265E-16,-0.000546746774480943));
#3290=DIRECTION('center_axis',(-1.,0.,0.));
#3291=DIRECTION('ref_axis',(0.,1.,-2.91433543964103E-16));
#3292=DIRECTION('',(0.,-1.,0.));
#3293=DIRECTION('',(0.,0.,1.));
#3294=DIRECTION('',(0.,-1.,2.91433543964104E-16));
#3295=DIRECTION('center_axis',(0.,0.,1.));
#3296=DIRECTION('ref_axis',(-0.707106781186547,-0.707106781186548,0.));
#3297=DIRECTION('center_axis',(0.000546746774480943,-2.91433500404689E-16,
-0.999999850533971));
#3298=DIRECTION('ref_axis',(-0.999999850533971,-7.63278215345614E-16,-0.000546746774480943));
#3299=DIRECTION('center_axis',(0.,0.,1.));
#3300=DIRECTION('ref_axis',(-0.707106781186547,-0.707106781186548,0.));
#3301=DIRECTION('',(0.,0.,-1.));
#3302=DIRECTION('center_axis',(0.,0.,1.));
#3303=DIRECTION('ref_axis',(0.707106781186548,-0.707106781186547,0.));
#3304=DIRECTION('center_axis',(0.000546746774480943,-2.91433500404689E-16,
-0.999999850533971));
#3305=DIRECTION('ref_axis',(0.999999850533971,9.0205607268118E-16,0.000546746774480943));
#3306=DIRECTION('',(0.,0.,1.));
#3307=DIRECTION('center_axis',(0.,0.,1.));
#3308=DIRECTION('ref_axis',(0.707106781186548,-0.707106781186547,0.));
#3309=DIRECTION('',(0.,0.,-1.));
#3310=DIRECTION('center_axis',(1.,0.,0.));
#3311=DIRECTION('ref_axis',(0.,-1.,2.91433543964103E-16));
#3312=DIRECTION('',(0.,1.,-2.91433543964104E-16));
#3313=DIRECTION('',(0.,1.,0.));
#3314=DIRECTION('center_axis',(0.,0.,-1.));
#3315=DIRECTION('ref_axis',(-0.707106781186547,-0.707106781186548,0.));
#3316=DIRECTION('center_axis',(0.000546746774480943,-2.91433500404689E-16,
-0.999999850533971));
#3317=DIRECTION('ref_axis',(-0.999999850533971,-9.0205607268118E-16,-0.000546746774480943));
#3318=DIRECTION('',(0.,0.,-1.));
#3319=DIRECTION('center_axis',(4.41086357882082E-15,0.,-1.));
#3320=DIRECTION('ref_axis',(-0.707106781186547,-0.707106781186548,0.));
#3321=DIRECTION('',(0.,0.,1.));
#3322=DIRECTION('center_axis',(1.8239378261699E-15,-1.,0.));
#3323=DIRECTION('ref_axis',(-0.999999850533971,-1.82393755355316E-15,-0.000546746774480943));
#3324=DIRECTION('',(0.999999850533971,1.82393755355316E-15,0.000546746774480943));
#3325=DIRECTION('',(0.,0.,1.));
#3326=DIRECTION('',(1.,1.8239378261699E-15,4.41086357882082E-15));
#3327=DIRECTION('center_axis',(0.,0.,-1.));
#3328=DIRECTION('ref_axis',(0.707106781186548,-0.707106781186547,0.));
#3329=DIRECTION('center_axis',(0.000546746774480943,-2.91433500404689E-16,
-0.999999850533971));
#3330=DIRECTION('ref_axis',(0.999999850533971,1.31838964468788E-15,0.000546746774480943));
#3331=DIRECTION('',(0.,0.,-1.));
#3332=DIRECTION('center_axis',(4.41086357882082E-15,0.,-1.));
#3333=DIRECTION('ref_axis',(0.707106781186548,-0.707106781186547,0.));
#3334=DIRECTION('center_axis',(0.000546746774480943,-2.91433500404689E-16,
-0.999999850533971));
#3335=DIRECTION('ref_axis',(-0.999999850533971,0.,-0.000546746774480943));
#3336=DIRECTION('',(0.,-1.,2.91433543964104E-16));
#3337=DIRECTION('',(0.999999850533971,0.,0.000546746774480943));
#3338=DIRECTION('',(0.,1.,-2.91433543964104E-16));
#3339=DIRECTION('',(0.999999850533971,1.86984902515289E-15,0.000546746774480943));
#3340=DIRECTION('center_axis',(0.,1.,0.));
#3341=DIRECTION('ref_axis',(0.707106781186554,0.,-0.707106781186541));
#3342=DIRECTION('center_axis',(0.,-1.,0.));
#3343=DIRECTION('ref_axis',(0.707106781186554,0.,-0.707106781186541));
#3344=DIRECTION('',(0.,-1.,0.));
#3345=DIRECTION('center_axis',(-3.47269076381889E-17,0.987688340595138,
0.156434465040231));
#3346=DIRECTION('ref_axis',(-2.74138584220634E-16,0.156434465040231,-0.987688340595138));
#3347=DIRECTION('',(0.,1.,0.));
#3348=DIRECTION('center_axis',(4.41086357882082E-15,0.,-1.));
#3349=DIRECTION('ref_axis',(1.,0.,4.41086357882082E-15));
#3350=DIRECTION('',(-1.,6.6345237636929E-16,-4.41086357882082E-15));
#3351=DIRECTION('',(0.,-1.,0.));
#3352=DIRECTION('',(1.,0.,4.41086357882082E-15));
#3353=DIRECTION('',(0.,-1.,0.));
#3354=DIRECTION('',(0.,1.,0.));
#3355=DIRECTION('',(1.,0.,4.41086357882082E-15));
#3356=DIRECTION('center_axis',(0.,1.,0.));
#3357=DIRECTION('ref_axis',(-0.707106781186545,0.,-0.70710678118655));
#3358=DIRECTION('center_axis',(0.,-1.,0.));
#3359=DIRECTION('ref_axis',(-0.707106781186545,0.,-0.70710678118655));
#3360=DIRECTION('center_axis',(-3.47269076381889E-17,0.987688340595138,
0.156434465040231));
#3361=DIRECTION('ref_axis',(-9.13795280735446E-17,0.156434465040231,-0.987688340595138));
#3362=DIRECTION('',(0.,1.,0.));
#3363=DIRECTION('center_axis',(0.,1.,0.));
#3364=DIRECTION('ref_axis',(1.,0.,0.));
#3365=DIRECTION('',(0.,0.,-1.));
#3366=DIRECTION('',(0.,0.,1.));
#3367=DIRECTION('',(0.,0.,-1.));
#3368=DIRECTION('',(-1.,0.,0.));
#3369=DIRECTION('',(0.,0.,1.));
#3370=DIRECTION('center_axis',(0.,1.,0.));
#3371=DIRECTION('ref_axis',(-0.707106781186551,0.,-0.707106781186544));
#3372=DIRECTION('',(-1.,0.,0.));
#3373=DIRECTION('center_axis',(0.,1.,0.));
#3374=DIRECTION('ref_axis',(0.707106781186541,0.,-0.707106781186554));
#3375=DIRECTION('',(0.,0.,1.));
#3376=DIRECTION('center_axis',(0.,1.,0.));
#3377=DIRECTION('ref_axis',(1.,0.,0.));
#3378=DIRECTION('',(0.140276659475308,0.,-0.990112346557929));
#3379=DIRECTION('center_axis',(0.,1.,0.));
#3380=DIRECTION('ref_axis',(-0.60092457723046,0.,-0.799305731544815));
#3381=DIRECTION('',(-0.990112346557928,0.,-0.140276659475312));
#3382=DIRECTION('',(0.140276659475313,0.,-0.990112346557928));
#3383=DIRECTION('center_axis',(0.,1.,0.));
#3384=DIRECTION('ref_axis',(-0.600924577230446,0.,-0.799305731544826));
#3385=DIRECTION('',(0.990112346557929,0.,0.140276659475311));
#3386=DIRECTION('center_axis',(0.,1.,0.));
#3387=DIRECTION('ref_axis',(0.799305731544824,0.,-0.600924577230449));
#3388=DIRECTION('',(-0.140276659475313,0.,0.990112346557928));
#3389=DIRECTION('',(-0.990112346557928,0.,-0.140276659475312));
#3390=DIRECTION('',(-1.,0.,0.));
#3391=DIRECTION('',(-0.990112346557928,0.,0.140276659475312));
#3392=DIRECTION('',(-0.140276659475313,0.,-0.990112346557928));
#3393=DIRECTION('center_axis',(0.,1.,0.));
#3394=DIRECTION('ref_axis',(-0.799305731544827,0.,-0.600924577230445));
#3395=DIRECTION('',(0.990112346557929,0.,-0.140276659475311));
#3396=DIRECTION('center_axis',(0.,1.,0.));
#3397=DIRECTION('ref_axis',(0.600924577230449,0.,-0.799305731544824));
#3398=DIRECTION('',(0.140276659475314,0.,0.990112346557928));
#3399=DIRECTION('',(-0.990112346557928,0.,0.140276659475312));
#3400=DIRECTION('center_axis',(0.,1.,0.));
#3401=DIRECTION('ref_axis',(0.600924577230454,0.,-0.79930573154482));
#3402=DIRECTION('',(0.140276659475317,0.,0.990112346557928));
#3403=DIRECTION('center_axis',(0.,1.,0.));
#3404=DIRECTION('ref_axis',(1.,0.,0.));
#3405=DIRECTION('',(0.,0.,-1.));
#3406=DIRECTION('center_axis',(0.,1.,0.));
#3407=DIRECTION('ref_axis',(-0.707106781186554,0.,-0.707106781186541));
#3408=DIRECTION('',(-1.,0.,0.));
#3409=DIRECTION('center_axis',(0.,1.,0.));
#3410=DIRECTION('ref_axis',(0.707106781186541,0.,-0.707106781186554));
#3411=DIRECTION('',(0.,0.,-1.));
#3412=DIRECTION('',(-1.,0.,0.));
#3413=DIRECTION('',(0.,0.,1.));
#3414=DIRECTION('center_axis',(0.,-1.,0.));
#3415=DIRECTION('ref_axis',(1.,0.,0.));
#3416=DIRECTION('center_axis',(0.,-1.,0.));
#3417=DIRECTION('ref_axis',(1.,0.,0.));
#3418=DIRECTION('center_axis',(0.,1.,0.));
#3419=DIRECTION('ref_axis',(0.505008472252674,0.,-0.863114385787319));
#3420=DIRECTION('center_axis',(0.,1.,0.));
#3421=DIRECTION('ref_axis',(0.505008472252674,0.,-0.863114385787319));
#3422=DIRECTION('',(0.,1.,0.));
#3423=DIRECTION('center_axis',(0.,1.,0.));
#3424=DIRECTION('ref_axis',(0.505008472252674,0.,-0.863114385787319));
#3425=DIRECTION('',(0.,-1.,0.));
#3426=DIRECTION('center_axis',(0.,1.,0.));
#3427=DIRECTION('ref_axis',(1.,0.,0.));
#3428=DIRECTION('center_axis',(0.,-1.,0.));
#3429=DIRECTION('ref_axis',(1.,0.,0.));
#3430=DIRECTION('',(0.,-1.,0.));
#3431=DIRECTION('center_axis',(0.,-1.,0.));
#3432=DIRECTION('ref_axis',(1.,0.,0.));
#3433=DIRECTION('center_axis',(0.,1.,0.));
#3434=DIRECTION('ref_axis',(-0.50500847225267,0.,-0.863114385787321));
#3435=DIRECTION('center_axis',(0.,1.,0.));
#3436=DIRECTION('ref_axis',(-0.50500847225267,0.,-0.863114385787321));
#3437=DIRECTION('',(0.,1.,0.));
#3438=DIRECTION('center_axis',(0.,1.,0.));
#3439=DIRECTION('ref_axis',(-0.50500847225267,0.,-0.863114385787321));
#3440=DIRECTION('',(0.,-1.,0.));
#3441=DIRECTION('center_axis',(0.,0.,1.));
#3442=DIRECTION('ref_axis',(1.,0.,0.));
#3443=DIRECTION('',(-1.,0.,0.));
#3444=DIRECTION('',(0.,1.,0.));
#3445=DIRECTION('',(0.,1.,0.));
#3446=DIRECTION('',(-1.,0.,0.));
#3447=DIRECTION('center_axis',(0.,1.,0.));
#3448=DIRECTION('ref_axis',(0.707106781186541,0.,-0.707106781186554));
#3449=DIRECTION('center_axis',(0.,1.,0.));
#3450=DIRECTION('ref_axis',(0.707106781186541,0.,-0.707106781186554));
#3451=DIRECTION('',(0.,1.,0.));
#3452=DIRECTION('',(0.,-1.,0.));
#3453=DIRECTION('center_axis',(0.,1.,0.));
#3454=DIRECTION('ref_axis',(0.,0.,1.));
#3455=DIRECTION('',(1.,0.,0.));
#3456=DIRECTION('center_axis',(0.,1.,0.));
#3457=DIRECTION('ref_axis',(-0.707106781186554,0.,-0.707106781186541));
#3458=DIRECTION('',(0.,0.,1.));
#3459=DIRECTION('center_axis',(0.,1.,0.));
#3460=DIRECTION('ref_axis',(1.,0.,0.));
#3461=DIRECTION('',(-0.140276659475317,0.,-0.990112346557928));
#3462=DIRECTION('center_axis',(0.,1.,0.));
#3463=DIRECTION('ref_axis',(0.600924577230454,0.,-0.79930573154482));
#3464=DIRECTION('',(0.990112346557928,0.,-0.140276659475312));
#3465=DIRECTION('center_axis',(0.,1.,0.));
#3466=DIRECTION('ref_axis',(0.140276659475311,0.,0.990112346557929));
#3467=DIRECTION('center_axis',(0.,-1.,0.));
#3468=DIRECTION('ref_axis',(1.,0.,0.));
#3469=DIRECTION('',(0.,0.,1.));
#3470=DIRECTION('center_axis',(0.,0.,1.));
#3471=DIRECTION('ref_axis',(1.,0.,0.));
#3472=DIRECTION('',(0.,1.,0.));
#3473=DIRECTION('center_axis',(0.,1.,0.));
#3474=DIRECTION('ref_axis',(-0.707106781186551,0.,-0.707106781186544));
#3475=DIRECTION('center_axis',(0.,1.,0.));
#3476=DIRECTION('ref_axis',(-0.707106781186551,0.,-0.707106781186544));
#3477=DIRECTION('',(0.,1.,0.));
#3478=DIRECTION('',(0.,-1.,0.));
#3479=DIRECTION('center_axis',(0.,0.,1.));
#3480=DIRECTION('ref_axis',(1.,0.,0.));
#3481=DIRECTION('',(1.,0.,0.));
#3482=DIRECTION('',(0.,-1.,0.));
#3483=DIRECTION('center_axis',(0.,-1.,0.));
#3484=DIRECTION('ref_axis',(0.140276659475311,0.,0.990112346557929));
#3485=DIRECTION('center_axis',(0.,1.,0.));
#3486=DIRECTION('ref_axis',(0.140276659475311,0.,0.990112346557929));
#3487=DIRECTION('',(0.,1.,0.));
#3488=DIRECTION('',(0.,-1.,0.));
#3489=DIRECTION('center_axis',(0.,1.,0.));
#3490=DIRECTION('ref_axis',(1.,0.,0.));
#3491=DIRECTION('center_axis',(0.,-1.,0.));
#3492=DIRECTION('ref_axis',(1.,0.,0.));
#3493=DIRECTION('center_axis',(0.,1.,0.));
#3494=DIRECTION('ref_axis',(-0.140276659475311,0.,0.990112346557929));
#3495=DIRECTION('center_axis',(0.,1.,0.));
#3496=DIRECTION('ref_axis',(-0.140276659475311,0.,0.990112346557929));
#3497=DIRECTION('center_axis',(0.,1.,0.));
#3498=DIRECTION('ref_axis',(-0.140276659475311,0.,0.990112346557929));
#3499=DIRECTION('',(0.,1.,0.));
#3500=DIRECTION('center_axis',(0.,-1.,0.));
#3501=DIRECTION('ref_axis',(-0.707106781186554,0.,-0.707106781186541));
#3502=DIRECTION('',(0.,-1.,0.));
#3503=DIRECTION('center_axis',(0.,1.,0.));
#3504=DIRECTION('ref_axis',(0.600924577230454,0.,-0.79930573154482));
#3505=DIRECTION('',(0.,1.,0.));
#3506=DIRECTION('',(0.,-1.,0.));
#3507=DIRECTION('center_axis',(0.140276659475312,0.,0.990112346557928));
#3508=DIRECTION('ref_axis',(0.990112346557928,0.,-0.140276659475312));
#3509=DIRECTION('',(0.,-1.,0.));
#3510=DIRECTION('',(-0.990112346557928,0.,0.140276659475312));
#3511=DIRECTION('',(0.,1.,0.));
#3512=DIRECTION('',(0.,1.,0.));
#3513=DIRECTION('',(-0.990112346557928,0.,0.140276659475312));
#3514=DIRECTION('center_axis',(0.,1.,0.));
#3515=DIRECTION('ref_axis',(0.707106781186541,0.,-0.707106781186554));
#3516=DIRECTION('center_axis',(0.,1.,0.));
#3517=DIRECTION('ref_axis',(0.707106781186541,0.,-0.707106781186554));
#3518=DIRECTION('',(0.,1.,0.));
#3519=DIRECTION('center_axis',(-1.,0.,0.));
#3520=DIRECTION('ref_axis',(0.,0.,1.));
#3521=DIRECTION('',(0.,0.,-1.));
#3522=DIRECTION('',(0.,1.,0.));
#3523=DIRECTION('center_axis',(0.,-1.,0.));
#3524=DIRECTION('ref_axis',(-0.60092457723046,0.,-0.799305731544815));
#3525=DIRECTION('center_axis',(0.,1.,0.));
#3526=DIRECTION('ref_axis',(-0.60092457723046,0.,-0.799305731544815));
#3527=DIRECTION('',(0.,1.,0.));
#3528=DIRECTION('',(0.,-1.,0.));
#3529=DIRECTION('center_axis',(0.,1.,0.));
#3530=DIRECTION('ref_axis',(0.,0.,1.));
#3531=DIRECTION('',(0.,0.,-1.));
#3532=DIRECTION('',(-1.,0.,-1.48639279112604E-15));
#3533=DIRECTION('',(0.990112346557928,0.,0.140276659475312));
#3534=DIRECTION('',(-0.140276659475308,0.,0.990112346557929));
#3535=DIRECTION('center_axis',(0.,1.,0.));
#3536=DIRECTION('ref_axis',(1.,0.,0.));
#3537=DIRECTION('center_axis',(0.990112346557929,0.,0.140276659475308));
#3538=DIRECTION('ref_axis',(0.140276659475308,0.,-0.990112346557929));
#3539=DIRECTION('',(0.,1.,0.));
#3540=DIRECTION('center_axis',(0.,1.,0.));
#3541=DIRECTION('ref_axis',(-0.600924577230446,0.,-0.799305731544826));
#3542=DIRECTION('center_axis',(0.,1.,0.));
#3543=DIRECTION('ref_axis',(-0.600924577230446,0.,-0.799305731544826));
#3544=DIRECTION('',(0.,1.,0.));
#3545=DIRECTION('',(0.,-1.,0.));
#3546=DIRECTION('center_axis',(0.140276659475311,0.,-0.990112346557929));
#3547=DIRECTION('ref_axis',(-0.990112346557929,0.,-0.140276659475311));
#3548=DIRECTION('',(0.990112346557929,0.,0.140276659475311));
#3549=DIRECTION('',(0.,-1.,0.));
#3550=DIRECTION('center_axis',(0.,1.,0.));
#3551=DIRECTION('ref_axis',(0.799305731544824,0.,-0.600924577230449));
#3552=DIRECTION('center_axis',(0.,1.,0.));
#3553=DIRECTION('ref_axis',(0.799305731544824,0.,-0.600924577230449));
#3554=DIRECTION('',(0.,1.,0.));
#3555=DIRECTION('center_axis',(0.,-1.,0.));
#3556=DIRECTION('ref_axis',(0.,0.,-1.));
#3557=DIRECTION('',(0.140276659475313,0.,-0.990112346557928));
#3558=DIRECTION('',(-0.990112346557928,0.,-0.140276659475312));
#3559=DIRECTION('',(-0.140276659475313,0.,0.990112346557928));
#3560=DIRECTION('center_axis',(0.,-1.,0.));
#3561=DIRECTION('ref_axis',(-0.799305731544827,0.,-0.600924577230445));
#3562=DIRECTION('center_axis',(0.,1.,0.));
#3563=DIRECTION('ref_axis',(-0.799305731544827,0.,-0.600924577230445));
#3564=DIRECTION('',(0.,1.,0.));
#3565=DIRECTION('',(0.,-1.,0.));
#3566=DIRECTION('center_axis',(-0.140276659475311,0.,-0.990112346557929));
#3567=DIRECTION('ref_axis',(-0.990112346557929,0.,0.140276659475311));
#3568=DIRECTION('',(0.990112346557929,0.,-0.140276659475311));
#3569=DIRECTION('',(0.,-1.,0.));
#3570=DIRECTION('center_axis',(0.,1.,0.));
#3571=DIRECTION('ref_axis',(0.600924577230449,0.,-0.799305731544824));
#3572=DIRECTION('center_axis',(0.,1.,0.));
#3573=DIRECTION('ref_axis',(0.600924577230449,0.,-0.799305731544824));
#3574=DIRECTION('',(0.,1.,0.));
#3575=DIRECTION('center_axis',(0.990112346557928,0.,-0.140276659475314));
#3576=DIRECTION('ref_axis',(-0.140276659475314,0.,-0.990112346557928));
#3577=DIRECTION('',(0.140276659475314,0.,0.990112346557928));
#3578=DIRECTION('center_axis',(0.,-1.,0.));
#3579=DIRECTION('ref_axis',(0.,0.,-1.));
#3580=DIRECTION('',(-0.140276659475313,0.,-0.990112346557928));
#3581=DIRECTION('center_axis',(-0.990112346557928,0.,0.140276659475313));
#3582=DIRECTION('ref_axis',(0.140276659475313,0.,0.990112346557928));
#3583=DIRECTION('center_axis',(0.990112346557928,0.,0.140276659475313));
#3584=DIRECTION('ref_axis',(0.140276659475313,0.,-0.990112346557928));
#3585=DIRECTION('',(0.,-1.,0.));
#3586=DIRECTION('center_axis',(-0.990112346557928,0.,-0.140276659475313));
#3587=DIRECTION('ref_axis',(-0.140276659475313,0.,0.990112346557928));
#3588=DIRECTION('',(0.,1.,0.));
#3589=DIRECTION('center_axis',(1.,0.,0.));
#3590=DIRECTION('ref_axis',(0.,0.,-1.));
#3591=DIRECTION('',(0.,1.,0.));
#3592=DIRECTION('center_axis',(-0.990112346557928,0.,0.140276659475317));
#3593=DIRECTION('ref_axis',(0.140276659475317,0.,0.990112346557928));
#3594=DIRECTION('',(0.,1.,0.));
#3595=DIRECTION('center_axis',(0.,1.,0.));
#3596=DIRECTION('ref_axis',(1.,0.,0.));
#3597=DIRECTION('center_axis',(-0.140276659475312,0.,0.990112346557928));
#3598=DIRECTION('ref_axis',(0.990112346557928,0.,0.140276659475312));
#3599=DIRECTION('',(-0.990112346557928,0.,-0.140276659475312));
#3600=DIRECTION('',(0.,1.,0.));
#3601=DIRECTION('center_axis',(0.,1.,0.));
#3602=DIRECTION('ref_axis',(-0.0703123944619726,0.,0.99752502083157));
#3603=DIRECTION('center_axis',(0.,0.,1.));
#3604=DIRECTION('ref_axis',(1.,0.,0.));
#3605=DIRECTION('',(0.,1.,0.));
#3606=DIRECTION('',(0.,1.,0.));
#3607=DIRECTION('',(-1.,0.,-1.48639279112604E-15));
#3608=DIRECTION('center_axis',(1.,0.,0.));
#3609=DIRECTION('ref_axis',(0.,0.,-1.));
#3610=DIRECTION('center_axis',(0.,0.,1.));
#3611=DIRECTION('ref_axis',(1.,0.,0.));
#3612=DIRECTION('',(1.,0.,0.));
#3613=DIRECTION('',(1.,0.,0.));
#3614=DIRECTION('',(0.,-1.,0.));
#3615=DIRECTION('',(1.,1.86984930463184E-15,0.));
#3616=DIRECTION('',(1.,1.86984930463184E-15,0.));
#3617=DIRECTION('',(0.,1.,0.));
#3618=DIRECTION('center_axis',(0.,1.,0.));
#3619=DIRECTION('ref_axis',(1.,0.,0.));
#3620=DIRECTION('',(0.,-1.,0.));
#3621=DIRECTION('center_axis',(0.,-1.,0.));
#3622=DIRECTION('ref_axis',(1.,0.,0.));
#3623=DIRECTION('center_axis',(0.,1.,0.));
#3624=DIRECTION('ref_axis',(1.,0.,0.));
#3625=DIRECTION('',(0.,-1.,0.));
#3626=DIRECTION('center_axis',(0.,-1.,0.));
#3627=DIRECTION('ref_axis',(1.,0.,0.));
#3628=DIRECTION('center_axis',(1.,0.,0.));
#3629=DIRECTION('ref_axis',(0.,-1.,2.91433543964104E-16));
#3630=DIRECTION('center_axis',(-1.,0.,0.));
#3631=DIRECTION('ref_axis',(0.,1.,-2.91433543964104E-16));
#3632=DIRECTION('center_axis',(0.,1.,0.));
#3633=DIRECTION('ref_axis',(0.,0.,1.));
#3634=DIRECTION('center_axis',(0.,1.,0.));
#3635=DIRECTION('ref_axis',(0.,0.,1.));
#3636=DIRECTION('center_axis',(-1.,0.,0.));
#3637=DIRECTION('ref_axis',(0.,0.,1.));
#3638=DIRECTION('center_axis',(0.426191028556162,0.,0.90463318929732));
#3639=DIRECTION('ref_axis',(-0.90463318929732,0.,0.426191028556162));
#3640=DIRECTION('',(0.,-1.,0.));
#3641=DIRECTION('',(-0.90463318929732,0.,0.426191028556162));
#3642=DIRECTION('',(0.,1.,0.));
#3643=DIRECTION('',(-0.902579214583759,0.0673487637983378,0.425223359443246));
#3644=DIRECTION('center_axis',(0.,0.,-1.));
#3645=DIRECTION('ref_axis',(1.,0.,0.));
#3646=DIRECTION('',(0.,1.,0.));
#3647=DIRECTION('',(1.,0.,0.));
#3648=DIRECTION('',(0.,-1.,0.));
#3649=DIRECTION('',(1.,0.,0.));
#3650=DIRECTION('center_axis',(0.,0.,-1.));
#3651=DIRECTION('ref_axis',(1.,0.,0.));
#3652=DIRECTION('',(1.,0.,0.));
#3653=DIRECTION('',(0.,-1.,0.));
#3654=DIRECTION('',(1.,0.,0.));
#3655=DIRECTION('',(0.,1.,0.));
#3656=DIRECTION('',(1.,1.86984930463184E-15,0.));
#3657=DIRECTION('',(0.,-1.,0.));
#3658=DIRECTION('',(1.,0.,0.));
#3659=DIRECTION('',(0.,-1.,0.));
#3660=DIRECTION('center_axis',(1.90323684095356E-16,0.,1.));
#3661=DIRECTION('ref_axis',(-1.,0.,1.90323684095356E-16));
#3662=DIRECTION('',(-1.,0.,1.90323684095356E-16));
#3663=DIRECTION('',(0.,-1.,0.));
#3664=DIRECTION('',(-1.,0.,1.90323684095356E-16));
#3665=DIRECTION('',(0.,1.,0.));
#3666=DIRECTION('center_axis',(-1.,0.,0.));
#3667=DIRECTION('ref_axis',(0.,0.,-1.));
#3668=DIRECTION('',(0.,1.,0.));
#3669=DIRECTION('',(0.,0.,-1.));
#3670=DIRECTION('',(0.,-1.,0.));
#3671=DIRECTION('',(0.,0.,-1.));
#3672=DIRECTION('',(0.,0.,-1.));
#3673=DIRECTION('',(0.,0.,-1.));
#3674=DIRECTION('center_axis',(1.86984930463184E-15,-1.,0.));
#3675=DIRECTION('ref_axis',(-0.999999850533971,-1.86984902515289E-15,-0.000546746774481361));
#3676=DIRECTION('',(0.,0.,1.));
#3677=DIRECTION('',(0.,0.,1.));
#3678=DIRECTION('center_axis',(1.,0.,0.));
#3679=DIRECTION('ref_axis',(0.,-1.,2.91433543964103E-16));
#3680=DIRECTION('',(0.,0.,1.));
#3681=DIRECTION('center_axis',(1.,0.,0.));
#3682=DIRECTION('ref_axis',(0.,0.,1.));
#3683=DIRECTION('',(0.,-1.,0.));
#3684=DIRECTION('',(0.,0.,1.));
#3685=DIRECTION('',(0.,1.,0.));
#3686=DIRECTION('',(0.,0.,1.));
#3687=DIRECTION('center_axis',(-1.,0.,0.));
#3688=DIRECTION('ref_axis',(0.,0.,1.));
#3689=DIRECTION('',(0.,0.,-1.));
#3690=DIRECTION('',(0.,1.,0.));
#3691=DIRECTION('',(0.,0.,-1.));
#3692=DIRECTION('',(0.,-1.,0.));
#3693=DIRECTION('center_axis',(0.,1.,0.));
#3694=DIRECTION('ref_axis',(1.,0.,0.));
#3695=DIRECTION('center_axis',(0.,-1.,0.));
#3696=DIRECTION('ref_axis',(1.,0.,0.));
#3697=DIRECTION('',(0.,1.,0.));
#3698=DIRECTION('center_axis',(0.,-1.,0.));
#3699=DIRECTION('ref_axis',(1.,0.,0.));
#3700=DIRECTION('center_axis',(1.,0.,0.));
#3701=DIRECTION('ref_axis',(0.,0.,-1.));
#3702=DIRECTION('',(0.,0.,1.));
#3703=DIRECTION('',(0.,1.,0.));
#3704=DIRECTION('',(0.,0.,1.));
#3705=DIRECTION('center_axis',(0.,1.,0.));
#3706=DIRECTION('ref_axis',(0.,0.,1.));
#3707=DIRECTION('center_axis',(0.,-1.,0.));
#3708=DIRECTION('ref_axis',(1.,0.,0.));
#3709=DIRECTION('center_axis',(-0.426191028556162,0.,0.90463318929732));
#3710=DIRECTION('ref_axis',(-0.90463318929732,0.,-0.426191028556162));
#3711=DIRECTION('',(0.,1.,0.));
#3712=DIRECTION('',(-0.902579214583759,-0.0673487637983378,-0.425223359443247));
#3713=DIRECTION('',(0.,-1.,0.));
#3714=DIRECTION('',(-0.90463318929732,0.,-0.426191028556162));
#3715=DIRECTION('center_axis',(1.,0.,4.21761679139266E-15));
#3716=DIRECTION('ref_axis',(4.21761679139266E-15,0.,-1.));
#3717=DIRECTION('',(0.,1.,0.));
#3718=DIRECTION('',(-4.21761679139266E-15,0.,1.));
#3719=DIRECTION('',(0.,1.,0.));
#3720=DIRECTION('',(-4.21761679139266E-15,0.,1.));
#3721=DIRECTION('',(0.,1.,0.));
#3722=DIRECTION('',(-4.21761679139266E-15,0.,1.));
#3723=DIRECTION('center_axis',(0.,0.,-1.));
#3724=DIRECTION('ref_axis',(-1.,0.,0.));
#3725=DIRECTION('',(0.,1.,0.));
#3726=DIRECTION('',(1.,0.,0.));
#3727=DIRECTION('',(0.,1.,0.));
#3728=DIRECTION('',(1.,0.,0.));
#3729=DIRECTION('',(0.,1.,0.));
#3730=DIRECTION('',(1.,0.,0.));
#3731=DIRECTION('center_axis',(0.,1.,0.));
#3732=DIRECTION('ref_axis',(1.,0.,0.));
#3733=DIRECTION('center_axis',(0.,-1.,0.));
#3734=DIRECTION('ref_axis',(1.,0.,0.));
#3735=DIRECTION('',(0.,-1.,0.));
#3736=DIRECTION('center_axis',(-1.,0.,0.));
#3737=DIRECTION('ref_axis',(0.,1.,-2.91433543964103E-16));
#3738=DIRECTION('',(0.,0.,-1.));
#3739=DIRECTION('center_axis',(-1.,0.,9.26436587660876E-16));
#3740=DIRECTION('ref_axis',(9.26436587660876E-16,0.,1.));
#3741=DIRECTION('',(0.,-1.,0.));
#3742=DIRECTION('',(9.26436587660876E-16,0.,1.));
#3743=DIRECTION('',(0.,1.,0.));
#3744=DIRECTION('',(-9.26436587660876E-16,0.,-1.));
#3745=DIRECTION('center_axis',(0.,1.,0.));
#3746=DIRECTION('ref_axis',(0.,0.,1.));
#3747=DIRECTION('center_axis',(0.,1.,0.));
#3748=DIRECTION('ref_axis',(-0.707106781186549,0.,0.707106781186546));
#3749=DIRECTION('',(-1.,0.,-1.03302805765865E-15));
#3750=DIRECTION('',(-1.,0.,-1.03302805765865E-15));
#3751=DIRECTION('center_axis',(0.,1.,0.));
#3752=DIRECTION('ref_axis',(0.707106781186549,0.,0.707106781186546));
#3753=DIRECTION('center_axis',(0.,1.,0.));
#3754=DIRECTION('ref_axis',(1.,0.,0.));
#3755=DIRECTION('',(0.,0.,1.));
#3756=DIRECTION('center_axis',(0.,1.,0.));
#3757=DIRECTION('ref_axis',(-3.93167758888292E-9,0.,-1.));
#3758=DIRECTION('',(0.,1.,0.));
#3759=DIRECTION('center_axis',(0.,1.,0.));
#3760=DIRECTION('ref_axis',(1.,0.,0.));
#3761=DIRECTION('center_axis',(1.,0.,0.));
#3762=DIRECTION('ref_axis',(0.,0.,-1.));
#3763=DIRECTION('',(0.,1.,0.));
#3764=DIRECTION('',(0.,0.,-1.));
#3765=DIRECTION('center_axis',(0.,1.,0.));
#3766=DIRECTION('ref_axis',(0.,0.,1.));
#3767=DIRECTION('',(0.,0.,1.));
#3768=DIRECTION('center_axis',(1.16007304512967E-16,0.,-1.));
#3769=DIRECTION('ref_axis',(-1.,0.,-1.16007304512967E-16));
#3770=DIRECTION('',(0.,-1.,0.));
#3771=DIRECTION('',(1.,0.,1.16007304512967E-16));
#3772=DIRECTION('',(1.,0.,1.16007304512967E-16));
#3773=DIRECTION('',(0.,1.,0.));
#3774=DIRECTION('',(1.,0.,1.16007304512967E-16));
#3775=DIRECTION('center_axis',(-1.,0.,4.21761679139266E-15));
#3776=DIRECTION('ref_axis',(4.21761679139266E-15,0.,1.));
#3777=DIRECTION('',(0.,-1.,0.));
#3778=DIRECTION('',(-4.21761679139266E-15,0.,-1.));
#3779=DIRECTION('',(0.,-1.,0.));
#3780=DIRECTION('',(-4.21761679139266E-15,0.,-1.));
#3781=DIRECTION('',(-4.21761679139266E-15,0.,-1.));
#3782=DIRECTION('center_axis',(0.,-1.,0.));
#3783=DIRECTION('ref_axis',(0.,0.,-1.));
#3784=DIRECTION('center_axis',(0.,1.,0.));
#3785=DIRECTION('ref_axis',(-0.707106781186554,0.,0.707106781186541));
#3786=DIRECTION('',(-1.,0.,0.));
#3787=DIRECTION('',(0.,0.,-1.));
#3788=DIRECTION('center_axis',(-1.,0.,0.));
#3789=DIRECTION('ref_axis',(0.,0.,1.));
#3790=DIRECTION('',(0.,1.,0.));
#3791=DIRECTION('',(0.,0.,-1.));
#3792=DIRECTION('center_axis',(4.03717463500057E-16,0.,1.));
#3793=DIRECTION('ref_axis',(1.,0.,-4.03717463500057E-16));
#3794=DIRECTION('',(0.,1.,0.));
#3795=DIRECTION('',(-1.,0.,4.03717463500057E-16));
#3796=DIRECTION('',(-1.,0.,4.03717463500057E-16));
#3797=DIRECTION('center_axis',(0.,0.,1.));
#3798=DIRECTION('ref_axis',(1.,0.,0.));
#3799=DIRECTION('',(0.,-1.,0.));
#3800=DIRECTION('',(-1.,0.,0.));
#3801=DIRECTION('center_axis',(0.,1.,0.));
#3802=DIRECTION('ref_axis',(-0.707106781186554,0.,0.707106781186541));
#3803=DIRECTION('center_axis',(0.,1.,0.));
#3804=DIRECTION('ref_axis',(-0.707106781186554,0.,0.707106781186541));
#3805=DIRECTION('center_axis',(1.,0.,0.));
#3806=DIRECTION('ref_axis',(0.,0.,-1.));
#3807=DIRECTION('',(0.,-1.,0.));
#3808=DIRECTION('',(0.,0.,1.));
#3809=DIRECTION('',(0.,0.,1.));
#3810=DIRECTION('center_axis',(0.,-1.,0.));
#3811=DIRECTION('ref_axis',(0.,0.,-1.));
#3812=DIRECTION('center_axis',(0.,1.,0.));
#3813=DIRECTION('ref_axis',(0.707106781186554,0.,0.707106781186541));
#3814=DIRECTION('center_axis',(0.,-1.,0.));
#3815=DIRECTION('ref_axis',(0.707106781186554,0.,0.707106781186541));
#3816=DIRECTION('center_axis',(0.,1.,0.));
#3817=DIRECTION('ref_axis',(0.707106781186554,0.,0.707106781186541));
#3818=DIRECTION('center_axis',(1.03302805765865E-15,0.,-1.));
#3819=DIRECTION('ref_axis',(-1.,0.,-1.03302805765865E-15));
#3820=DIRECTION('',(0.,-1.,0.));
#3821=DIRECTION('',(1.,0.,1.03302805765865E-15));
#3822=DIRECTION('',(0.,1.,0.));
#3823=DIRECTION('',(1.,0.,1.03302805765865E-15));
#3824=DIRECTION('center_axis',(0.,-1.,0.));
#3825=DIRECTION('ref_axis',(0.707106781186549,0.,0.707106781186546));
#3826=DIRECTION('center_axis',(0.,1.,0.));
#3827=DIRECTION('ref_axis',(0.707106781186549,0.,0.707106781186546));
#3828=DIRECTION('center_axis',(1.03302805765865E-15,0.,-1.));
#3829=DIRECTION('ref_axis',(-1.,0.,-1.03302805765865E-15));
#3830=DIRECTION('',(0.,1.,0.));
#3831=DIRECTION('',(1.,0.,1.03302805765865E-15));
#3832=DIRECTION('',(0.,-1.,0.));
#3833=DIRECTION('',(1.,0.,1.03302805765865E-15));
#3834=DIRECTION('center_axis',(0.,1.,0.));
#3835=DIRECTION('ref_axis',(-0.707106781186549,0.,0.707106781186546));
#3836=DIRECTION('center_axis',(0.,1.,0.));
#3837=DIRECTION('ref_axis',(-0.707106781186549,0.,0.707106781186546));
#3838=DIRECTION('center_axis',(0.,1.,0.));
#3839=DIRECTION('ref_axis',(0.755075049076352,0.,0.655638368509916));
#3840=DIRECTION('center_axis',(0.,1.,0.));
#3841=DIRECTION('ref_axis',(0.755075049076352,0.,0.655638368509916));
#3842=DIRECTION('',(0.,1.,0.));
#3843=DIRECTION('center_axis',(0.,1.,0.));
#3844=DIRECTION('ref_axis',(0.755075049076352,0.,0.655638368509916));
#3845=DIRECTION('center_axis',(-0.140276659475311,0.,-0.990112346557929));
#3846=DIRECTION('ref_axis',(-0.990112346557929,0.,0.140276659475311));
#3847=DIRECTION('',(0.,-1.,0.));
#3848=DIRECTION('',(0.990112346557929,0.,-0.140276659475311));
#3849=DIRECTION('',(0.990112346557929,0.,-0.140276659475311));
#3850=DIRECTION('center_axis',(0.,1.,0.));
#3851=DIRECTION('ref_axis',(0.0703123511272069,0.,0.9975250238861));
#3852=DIRECTION('center_axis',(0.,1.,0.));
#3853=DIRECTION('ref_axis',(0.0703123511272069,0.,0.9975250238861));
#3854=DIRECTION('center_axis',(0.,1.,0.));
#3855=DIRECTION('ref_axis',(0.0703123511272069,0.,0.9975250238861));
#3856=DIRECTION('center_axis',(0.,1.,0.));
#3857=DIRECTION('ref_axis',(-0.070312351127208,0.,0.9975250238861));
#3858=DIRECTION('center_axis',(0.,1.,0.));
#3859=DIRECTION('ref_axis',(-0.070312351127208,0.,0.9975250238861));
#3860=DIRECTION('',(0.,1.,0.));
#3861=DIRECTION('center_axis',(0.,1.,0.));
#3862=DIRECTION('ref_axis',(-0.070312351127208,0.,0.9975250238861));
#3863=DIRECTION('center_axis',(0.140276659475311,0.,-0.990112346557929));
#3864=DIRECTION('ref_axis',(-0.990112346557929,0.,-0.140276659475311));
#3865=DIRECTION('',(0.,-1.,0.));
#3866=DIRECTION('',(0.990112346557929,0.,0.140276659475311));
#3867=DIRECTION('',(0.990112346557929,0.,0.140276659475311));
#3868=DIRECTION('center_axis',(0.,1.,0.));
#3869=DIRECTION('ref_axis',(1.,0.,0.));
#3870=DIRECTION('',(0.,0.,1.));
#3871=DIRECTION('center_axis',(0.,1.,0.));
#3872=DIRECTION('ref_axis',(-0.755075049076355,0.,0.655638368509912));
#3873=DIRECTION('',(0.,0.,1.));
#3874=DIRECTION('center_axis',(0.,1.,0.));
#3875=DIRECTION('ref_axis',(-0.707106781186547,0.,-0.707106781186547));
#3876=DIRECTION('',(1.,0.,0.));
#3877=DIRECTION('center_axis',(0.,1.,0.));
#3878=DIRECTION('ref_axis',(0.707106781186549,0.,-0.707106781186546));
#3879=DIRECTION('center_axis',(0.,1.,0.));
#3880=DIRECTION('ref_axis',(0.707106781186548,0.,0.707106781186547));
#3881=DIRECTION('',(-1.,0.,3.35648821398303E-16));
#3882=DIRECTION('center_axis',(0.,1.,0.));
#3883=DIRECTION('ref_axis',(-0.707106781186547,0.,0.707106781186547));
#3884=DIRECTION('',(0.,0.,1.));
#3885=DIRECTION('center_axis',(0.,1.,0.));
#3886=DIRECTION('ref_axis',(0.707106781186547,0.,0.707106781186547));
#3887=DIRECTION('',(-1.,0.,-3.09828106373014E-16));
#3888=DIRECTION('center_axis',(0.,1.,0.));
#3889=DIRECTION('ref_axis',(-0.707106781186548,0.,0.707106781186547));
#3890=DIRECTION('',(0.,0.,-1.));
#3891=DIRECTION('center_axis',(0.,1.,0.));
#3892=DIRECTION('ref_axis',(-0.707106781186549,0.,-0.707106781186546));
#3893=DIRECTION('center_axis',(0.,1.,0.));
#3894=DIRECTION('ref_axis',(0.707106781186547,0.,-0.707106781186547));
#3895=DIRECTION('',(0.,0.,1.));
#3896=DIRECTION('center_axis',(0.,1.,0.));
#3897=DIRECTION('ref_axis',(-0.755075049076355,0.,0.655638368509912));
#3898=DIRECTION('center_axis',(0.,1.,0.));
#3899=DIRECTION('ref_axis',(-0.755075049076355,0.,0.655638368509912));
#3900=DIRECTION('center_axis',(0.,-1.,0.));
#3901=DIRECTION('ref_axis',(-0.707106781186547,0.,-0.707106781186547));
#3902=DIRECTION('center_axis',(0.,1.,0.));
#3903=DIRECTION('ref_axis',(-0.707106781186547,0.,-0.707106781186547));
#3904=DIRECTION('',(0.,1.,0.));
#3905=DIRECTION('center_axis',(0.,0.,-1.));
#3906=DIRECTION('ref_axis',(1.,0.,0.));
#3907=DIRECTION('',(0.,-1.,0.));
#3908=DIRECTION('',(1.,0.,0.));
#3909=DIRECTION('center_axis',(0.,-1.,0.));
#3910=DIRECTION('ref_axis',(0.707106781186549,0.,-0.707106781186546));
#3911=DIRECTION('center_axis',(0.,1.,0.));
#3912=DIRECTION('ref_axis',(0.707106781186549,0.,-0.707106781186546));
#3913=DIRECTION('center_axis',(0.,-1.,0.));
#3914=DIRECTION('ref_axis',(0.707106781186548,0.,0.707106781186547));
#3915=DIRECTION('center_axis',(0.,1.,0.));
#3916=DIRECTION('ref_axis',(0.707106781186548,0.,0.707106781186547));
#3917=DIRECTION('',(0.,1.,0.));
#3918=DIRECTION('center_axis',(3.35648821398303E-16,0.,1.));
#3919=DIRECTION('ref_axis',(-1.,0.,3.35648821398303E-16));
#3920=DIRECTION('',(0.,-1.,0.));
#3921=DIRECTION('',(-1.,0.,3.35648821398303E-16));
#3922=DIRECTION('center_axis',(0.,-1.,0.));
#3923=DIRECTION('ref_axis',(0.,0.,-1.));
#3924=DIRECTION('center_axis',(0.,1.,0.));
#3925=DIRECTION('ref_axis',(-0.707106781186547,0.,0.707106781186547));
#3926=DIRECTION('center_axis',(0.,-1.,0.));
#3927=DIRECTION('ref_axis',(-0.707106781186547,0.,0.707106781186547));
#3928=DIRECTION('center_axis',(0.,-1.,0.));
#3929=DIRECTION('ref_axis',(-0.707106781186548,0.,0.707106781186547));
#3930=DIRECTION('center_axis',(0.,1.,0.));
#3931=DIRECTION('ref_axis',(-0.707106781186548,0.,0.707106781186547));
#3932=DIRECTION('',(0.,1.,0.));
#3933=DIRECTION('',(0.,-1.,0.));
#3934=DIRECTION('center_axis',(-3.09828106373014E-16,0.,1.));
#3935=DIRECTION('ref_axis',(-1.,0.,-3.09828106373014E-16));
#3936=DIRECTION('',(0.,1.,0.));
#3937=DIRECTION('',(-1.,0.,-3.09828106373014E-16));
#3938=DIRECTION('center_axis',(0.,-1.,0.));
#3939=DIRECTION('ref_axis',(0.707106781186547,0.,0.707106781186547));
#3940=DIRECTION('center_axis',(0.,1.,0.));
#3941=DIRECTION('ref_axis',(0.707106781186547,0.,0.707106781186547));
#3942=DIRECTION('',(0.,-1.,0.));
#3943=DIRECTION('center_axis',(1.,0.,0.));
#3944=DIRECTION('ref_axis',(0.,0.,1.));
#3945=DIRECTION('',(0.,1.,0.));
#3946=DIRECTION('',(0.,0.,1.));
#3947=DIRECTION('center_axis',(0.,-1.,0.));
#3948=DIRECTION('ref_axis',(0.707106781186547,0.,-0.707106781186547));
#3949=DIRECTION('center_axis',(0.,1.,0.));
#3950=DIRECTION('ref_axis',(0.707106781186547,0.,-0.707106781186547));
#3951=DIRECTION('center_axis',(-1.,0.,0.));
#3952=DIRECTION('ref_axis',(0.,0.,-1.));
#3953=DIRECTION('',(0.,-1.,0.));
#3954=DIRECTION('',(0.,0.,-1.));
#3955=DIRECTION('center_axis',(0.,-1.,0.));
#3956=DIRECTION('ref_axis',(0.,0.,-1.));
#3957=DIRECTION('center_axis',(0.,1.,0.));
#3958=DIRECTION('ref_axis',(-0.707106781186549,0.,-0.707106781186546));
#3959=DIRECTION('center_axis',(0.,-1.,0.));
#3960=DIRECTION('ref_axis',(-0.707106781186549,0.,-0.707106781186546));
#3961=DIRECTION('center_axis',(0.,1.,0.));
#3962=DIRECTION('ref_axis',(-0.0703123511272069,0.,0.9975250238861));
#3963=DIRECTION('center_axis',(0.,-1.,0.));
#3964=DIRECTION('ref_axis',(-0.0703123511272069,0.,0.9975250238861));
#3965=DIRECTION('',(0.,-1.,0.));
#3966=DIRECTION('center_axis',(1.06062377052589E-17,0.987688340595138,-0.156434465040231));
#3967=DIRECTION('ref_axis',(-1.82759056147089E-16,0.156434465040231,0.987688340595138));
#3968=DIRECTION('',(0.,1.,0.));
#3969=DIRECTION('center_axis',(1.00421337974674E-15,0.,1.));
#3970=DIRECTION('ref_axis',(-1.,0.,1.00421337974674E-15));
#3971=DIRECTION('',(0.,-1.,0.));
#3972=DIRECTION('',(-1.,0.,1.00421337974674E-15));
#3973=DIRECTION('',(-1.,1.69790219909991E-16,1.00421337974674E-15));
#3974=DIRECTION('center_axis',(0.,1.,0.));
#3975=DIRECTION('ref_axis',(0.070312351127208,0.,0.9975250238861));
#3976=DIRECTION('center_axis',(0.,-1.,0.));
#3977=DIRECTION('ref_axis',(0.070312351127208,0.,0.9975250238861));
#3978=DIRECTION('center_axis',(1.06062377052589E-17,0.987688340595138,-0.156434465040231));
#3979=DIRECTION('ref_axis',(1.37069292110317E-16,0.156434465040231,0.987688340595138));
#3980=DIRECTION('',(0.,1.,0.));
#3981=DIRECTION('center_axis',(0.140276659475311,0.,0.990112346557929));
#3982=DIRECTION('ref_axis',(-0.990112346557929,0.,0.140276659475311));
#3983=DIRECTION('',(0.,-1.,0.));
#3984=DIRECTION('',(-0.990112346557929,0.,0.140276659475311));
#3985=DIRECTION('',(-0.989868065612492,0.0222121586558139,0.140242050357348));
#3986=DIRECTION('center_axis',(0.,1.,0.));
#3987=DIRECTION('ref_axis',(0.286440363736372,0.,0.958098073279857));
#3988=DIRECTION('center_axis',(0.,-1.,0.));
#3989=DIRECTION('ref_axis',(0.286440363736372,0.,0.958098073279857));
#3990=DIRECTION('center_axis',(1.06062377052589E-17,0.987688340595138,-0.156434465040231));
#3991=DIRECTION('ref_axis',(3.19828348257406E-16,0.156434465040231,0.987688340595138));
#3992=DIRECTION('center_axis',(-0.140276659475311,0.,0.990112346557929));
#3993=DIRECTION('ref_axis',(-0.990112346557929,0.,-0.140276659475311));
#3994=DIRECTION('',(0.,1.,0.));
#3995=DIRECTION('',(-0.989868065612492,-0.0222121586558139,-0.140242050357348));
#3996=DIRECTION('',(-0.990112346557929,0.,-0.140276659475311));
#3997=DIRECTION('center_axis',(0.,1.,0.));
#3998=DIRECTION('ref_axis',(-0.286440363736373,0.,0.958098073279857));
#3999=DIRECTION('center_axis',(0.,-1.,0.));
#4000=DIRECTION('ref_axis',(-0.286440363736373,0.,0.958098073279857));
#4001=DIRECTION('center_axis',(1.06062377052589E-17,0.987688340595138,-0.156434465040231));
#4002=DIRECTION('ref_axis',(9.59485044772218E-16,0.156434465040231,0.987688340595138));
#4003=DIRECTION('center_axis',(0.,1.,0.));
#4004=DIRECTION('ref_axis',(1.,0.,0.));
#4005=DIRECTION('center_axis',(0.,-1.,0.));
#4006=DIRECTION('ref_axis',(0.844449829343391,0.,0.535634656946241));
#4007=DIRECTION('',(0.,0.,1.));
#4008=DIRECTION('',(0.,0.,-1.));
#4009=DIRECTION('center_axis',(0.,-1.,0.));
#4010=DIRECTION('ref_axis',(-0.844449829343391,0.,0.535634656946242));
#4011=DIRECTION('center_axis',(0.,1.,0.));
#4012=DIRECTION('ref_axis',(-0.844449829343391,0.,0.535634656946242));
#4013=DIRECTION('',(0.,-1.,0.));
#4014=DIRECTION('center_axis',(1.06062377052589E-17,0.987688340595138,-0.156434465040231));
#4015=DIRECTION('ref_axis',(1.91897008954444E-15,0.156434465040231,0.987688340595138));
#4016=DIRECTION('center_axis',(-1.06062377052589E-17,-0.987688340595138,
0.156434465040231));
#4017=DIRECTION('ref_axis',(0.,-0.156434465040231,-0.987688340595138));
#4018=DIRECTION('center_axis',(1.06062377052589E-17,0.987688340595138,-0.156434465040231));
#4019=DIRECTION('ref_axis',(-4.56897640367723E-16,0.156434465040231,0.987688340595138));
#4020=DIRECTION('',(0.,-0.156434465040231,-0.987688340595138));
#4021=DIRECTION('',(1.,1.22106685588674E-17,1.44895005495718E-16));
#4022=DIRECTION('',(0.,0.156434465040231,0.987688340595138));
#4023=DIRECTION('center_axis',(0.,1.,0.));
#4024=DIRECTION('ref_axis',(0.844449829343391,0.,0.535634656946241));
#4025=DIRECTION('',(0.,1.,0.));
#4026=DIRECTION('center_axis',(1.,0.,0.));
#4027=DIRECTION('ref_axis',(0.,0.,1.));
#4028=DIRECTION('',(0.,0.156434465040231,-0.987688340595138));
#4029=DIRECTION('center_axis',(-3.47269076381889E-17,0.987688340595138,
0.156434465040231));
#4030=DIRECTION('ref_axis',(0.,-0.156434465040231,0.987688340595138));
#4031=DIRECTION('',(0.,-0.156434465040231,0.987688340595138));
#4032=DIRECTION('center_axis',(-1.,0.,0.));
#4033=DIRECTION('ref_axis',(0.,0.,-1.));
#4034=CARTESIAN_POINT('',(0.,0.,0.));
#4035=CARTESIAN_POINT('Origin',(112.523712732003,-9.82111934386279,-3.95207479609637));
#4036=CARTESIAN_POINT('',(112.523712732003,-8.93618901096464,-1.56107117712864));
#4037=CARTESIAN_POINT('',(112.523712732003,-9.7183613361658,-6.49951288010433));
#4038=CARTESIAN_POINT('Origin',(112.523712732003,-9.32727517356522,-4.03029202861649));
#4039=CARTESIAN_POINT('',(112.523712732003,-9.43003318126222,-1.48285394460853));
#4040=CARTESIAN_POINT('',(112.523712732003,-9.43003318126222,-1.48285394460853));
#4041=CARTESIAN_POINT('',(112.523712732003,-10.2122055064634,-6.42129564758422));
#4042=CARTESIAN_POINT('Origin',(112.523712732003,-9.82111934386279,-3.95207479609638));
#4043=CARTESIAN_POINT('',(112.523712732003,-10.2122055064634,-6.42129564758422));
#4044=CARTESIAN_POINT('Origin',(117.523712732003,-9.32727517356522,-4.03029202861649));
#4045=CARTESIAN_POINT('',(122.523712732003,-9.7183613361658,-6.49951288010433));
#4046=CARTESIAN_POINT('',(110.023712732003,-9.7183613361658,-6.49951288010433));
#4047=CARTESIAN_POINT('',(122.523712732003,-8.93618901096464,-1.56107117712864));
#4048=CARTESIAN_POINT('Origin',(122.523712732003,-9.32727517356522,-4.03029202861649));
#4049=CARTESIAN_POINT('',(125.023712732003,-8.93618901096464,-1.56107117712864));
#4050=CARTESIAN_POINT('Origin',(125.023712732003,-10.2122055064634,-6.42129564758422));
#4051=CARTESIAN_POINT('',(122.523712732003,-10.2122055064634,-6.42129564758422));
#4052=CARTESIAN_POINT('',(62.5118563660013,-10.2122055064634,-6.42129564758422));
#4053=CARTESIAN_POINT('',(122.523712732003,-10.2122055064634,-6.42129564758422));
#4054=CARTESIAN_POINT('Origin',(122.523712732003,-9.82111934386279,-3.95207479609637));
#4055=CARTESIAN_POINT('',(122.523712732003,-9.43003318126222,-1.48285394460853));
#4056=CARTESIAN_POINT('Origin',(122.523712732003,-9.82111934386279,-3.95207479609637));
#4057=CARTESIAN_POINT('',(122.523712732003,-9.43003318126222,-1.48285394460853));
#4058=CARTESIAN_POINT('Origin',(110.023712732003,-9.43003318126222,-1.48285394460853));
#4059=CARTESIAN_POINT('',(55.0118563660013,-9.43003318126222,-1.48285394460853));
#4060=CARTESIAN_POINT('Origin',(-125.023712732003,-9.43003318126222,-1.48285394460853));
#4061=CARTESIAN_POINT('',(-122.523712732003,-8.93618901096464,-1.56107117712864));
#4062=CARTESIAN_POINT('',(-122.523712732003,-9.43003318126221,-1.48285394460853));
#4063=CARTESIAN_POINT('',(-122.523712732003,-9.43003318126222,-1.48285394460853));
#4064=CARTESIAN_POINT('',(-112.523712732003,-8.93618901096464,-1.56107117712864));
#4065=CARTESIAN_POINT('',(-125.023712732003,-8.93618901096464,-1.56107117712864));
#4066=CARTESIAN_POINT('',(-112.523712732003,-9.43003318126221,-1.48285394460853));
#4067=CARTESIAN_POINT('',(-112.523712732003,-9.43003318126222,-1.48285394460853));
#4068=CARTESIAN_POINT('',(-62.5118563660013,-9.43003318126221,-1.48285394460853));
#4069=CARTESIAN_POINT('Origin',(-112.523712732003,-9.82111934386279,-3.95207479609637));
#4070=CARTESIAN_POINT('',(-112.523712732003,-9.7183613361658,-6.49951288010433));
#4071=CARTESIAN_POINT('Origin',(-112.523712732003,-9.32727517356522,-4.03029202861649));
#4072=CARTESIAN_POINT('',(-112.523712732003,-10.2122055064634,-6.42129564758422));
#4073=CARTESIAN_POINT('',(-112.523712732003,-10.2122055064634,-6.42129564758422));
#4074=CARTESIAN_POINT('Origin',(-112.523712732003,-9.82111934386279,-3.95207479609637));
#4075=CARTESIAN_POINT('Origin',(-122.523712732003,-9.82111934386279,-3.95207479609637));
#4076=CARTESIAN_POINT('',(-122.523712732003,-9.7183613361658,-6.49951288010433));
#4077=CARTESIAN_POINT('Origin',(-122.523712732003,-9.32727517356522,-4.03029202861649));
#4078=CARTESIAN_POINT('',(-122.523712732003,-10.2122055064634,-6.42129564758422));
#4079=CARTESIAN_POINT('Origin',(-122.523712732003,-9.82111934386279,-3.95207479609638));
#4080=CARTESIAN_POINT('',(-122.523712732003,-10.2122055064634,-6.42129564758422));
#4081=CARTESIAN_POINT('Origin',(-110.023712732003,-10.2122055064634,-6.42129564758422));
#4082=CARTESIAN_POINT('',(-110.023712732003,-9.7183613361658,-6.49951288010433));
#4083=CARTESIAN_POINT('',(-55.0118563660013,-10.2122055064634,-6.42129564758422));
#4084=CARTESIAN_POINT('Origin',(7.5,-2.74042982535628,40.7536393763179));
#4085=CARTESIAN_POINT('',(-5.,-2.74042982535627,40.7536393763179));
#4086=CARTESIAN_POINT('',(-5.,-2.24658565505871,40.6754221437978));
#4087=CARTESIAN_POINT('',(-5.,-2.74042982535628,40.7536393763179));
#4088=CARTESIAN_POINT('',(5.,-2.74042982535627,40.7536393763179));
#4089=CARTESIAN_POINT('',(3.75000000000001,-2.74042982535627,40.7536393763179));
#4090=CARTESIAN_POINT('',(5.,-2.24658565505871,40.6754221437978));
#4091=CARTESIAN_POINT('',(5.,-2.7404298253563,40.7536393763179));
#4092=CARTESIAN_POINT('',(7.5,-2.24658565505871,40.6754221437978));
#4093=CARTESIAN_POINT('Origin',(-5.,-2.3493436627557,43.2228602278057));
#4094=CARTESIAN_POINT('',(-5.,-1.46441332985756,45.6138638467735));
#4095=CARTESIAN_POINT('Origin',(-5.,-1.85549949245815,43.1446429952856));
#4096=CARTESIAN_POINT('',(-5.,-1.95825750015511,45.6920810792936));
#4097=CARTESIAN_POINT('',(-5.,-1.95825750015511,45.6920810792936));
#4098=CARTESIAN_POINT('Origin',(-5.,-2.3493436627554,43.2228602278057));
#4099=CARTESIAN_POINT('Origin',(-7.5,-1.95825750015513,45.6920810792936));
#4100=CARTESIAN_POINT('',(5.,-1.46441332985756,45.6138638467735));
#4101=CARTESIAN_POINT('',(-7.5,-1.46441332985756,45.6138638467735));
#4102=CARTESIAN_POINT('',(5.,-1.95825750015511,45.6920810792936));
#4103=CARTESIAN_POINT('',(5.,-1.95825750015513,45.6920810792936));
#4104=CARTESIAN_POINT('',(-3.74999999999999,-1.95825750015511,45.6920810792936));
#4105=CARTESIAN_POINT('Origin',(5.,-2.3493436627557,43.2228602278057));
#4106=CARTESIAN_POINT('Origin',(5.,-1.85549949245815,43.1446429952856));
#4107=CARTESIAN_POINT('Origin',(5.,-2.3493436627554,43.2228602278057));
#4108=CARTESIAN_POINT('Origin',(0.,-1.85549949245815,43.1446429952856));
#4109=CARTESIAN_POINT('Origin',(-117.523712732003,-9.32727517356522,-4.03029202861649));
#4110=CARTESIAN_POINT('Origin',(3.75728969878218,1.99164049331539,-29.3562744205865));
#4111=CARTESIAN_POINT('',(4.75728969878218,1.99164049331539,-30.3103138691487));
#4112=CARTESIAN_POINT('',(3.75728969878218,2.99164049331539,-30.3103138691487));
#4113=CARTESIAN_POINT('Origin',(3.75728969878218,1.99164049331539,-30.3103138691487));
#4114=CARTESIAN_POINT('',(3.75728969878218,2.99164049331539,-32.3542245682739));
#4115=CARTESIAN_POINT('',(3.75728969878218,2.99164049331539,-29.3562744205865));
#4116=CARTESIAN_POINT('',(4.75728969878218,1.99164049331539,-32.3536778214177));
#4117=CARTESIAN_POINT('Origin',(3.75728969878218,1.99164049331539,-32.3542245682739));
#4118=CARTESIAN_POINT('',(4.75728969878218,1.99164049331539,-29.3562744205865));
#4119=CARTESIAN_POINT('Origin',(-4.74271030121782,2.99164049331539,-28.3588713186874));
#4120=CARTESIAN_POINT('',(-3.74271030121782,2.99164049331539,-30.3103138691487));
#4121=CARTESIAN_POINT('',(-7.38698589262919,2.99164049331539,-30.3103138691487));
#4122=CARTESIAN_POINT('',(-3.74271030121782,2.99164049331539,-32.3583251696954));
#4123=CARTESIAN_POINT('',(-3.74271030121782,2.99164049331539,-29.3588714681534));
#4124=CARTESIAN_POINT('',(-2.36607006089438,2.99164049331539,-32.3575724959719));
#4125=CARTESIAN_POINT('Origin',(-3.74271030121782,1.99164049331539,-29.3588714681534));
#4126=CARTESIAN_POINT('',(-4.74271030121782,1.99164049331539,-30.3103138691487));
#4127=CARTESIAN_POINT('Origin',(-3.74271030121782,1.99164049331539,-30.3103138691487));
#4128=CARTESIAN_POINT('',(-4.74271030121782,1.99164049331539,-32.3588719165516));
#4129=CARTESIAN_POINT('',(-4.74271030121782,1.99164049331539,-29.3588714681534));
#4130=CARTESIAN_POINT('Origin',(-3.74271030121782,1.99164049331539,-32.3583251696954));
#4131=CARTESIAN_POINT('Origin',(-4.74271030121782,-0.608359506684607,-30.3588716176195));
#4132=CARTESIAN_POINT('',(-4.74271030121782,0.391640493315395,-30.3103138691487));
#4133=CARTESIAN_POINT('',(-4.74271030121782,-1.98858919555998,-30.3103138691487));
#4134=CARTESIAN_POINT('',(-4.74271030121782,0.391640493315395,-32.3588719165516));
#4135=CARTESIAN_POINT('',(-4.74271030121782,0.391640493315395,-29.3562744205865));
#4136=CARTESIAN_POINT('',(-4.74271030121782,0.291640493315389,-32.3588719165516));
#4137=CARTESIAN_POINT('Origin',(-3.74271030121782,0.391640493315395,-29.3562744205865));
#4138=CARTESIAN_POINT('',(-3.74271030121782,-0.608359506684605,-32.3583251696954));
#4139=CARTESIAN_POINT('Origin',(-3.74271030121782,0.391640493315395,-32.3583251696954));
#4140=CARTESIAN_POINT('',(-3.74271030121782,-0.608359506684605,-30.3103138691487));
#4141=CARTESIAN_POINT('Origin',(-3.74271030121782,0.391640493315395,-30.3103138691487));
#4142=CARTESIAN_POINT('',(-3.74271030121782,-0.608359506684605,-29.3562744205865));
#4143=CARTESIAN_POINT('Origin',(3.75728969878218,0.391640493315409,-29.3536773730195));
#4144=CARTESIAN_POINT('',(4.75728969878218,0.391640493315409,-32.3536778214177));
#4145=CARTESIAN_POINT('',(3.75728969878218,-0.608359506684591,-32.3542245682739));
#4146=CARTESIAN_POINT('Origin',(3.75728969878218,0.391640493315409,-32.3542245682739));
#4147=CARTESIAN_POINT('',(3.75728969878218,-0.608359506684591,-30.3103138691487));
#4148=CARTESIAN_POINT('',(3.75728969878218,-0.608359506684591,-29.3536773730195));
#4149=CARTESIAN_POINT('',(4.75728969878218,0.391640493315409,-30.3103138691487));
#4150=CARTESIAN_POINT('Origin',(3.75728969878218,0.391640493315409,-30.3103138691487));
#4151=CARTESIAN_POINT('',(4.75728969878218,0.391640493315409,-29.3536773730195));
#4152=CARTESIAN_POINT('Origin',(4.75728969878218,2.99164049331539,-30.3536775224856));
#4153=CARTESIAN_POINT('',(4.75728969878218,2.09164049331539,-32.3536778214177));
#4154=CARTESIAN_POINT('',(4.75728969878218,-0.188589195559984,-30.3103138691487));
#4155=CARTESIAN_POINT('Origin',(-5.99271030121782,-1.85835950668462,-32.3562748689846));
#4156=CARTESIAN_POINT('',(-5.99271030121782,-2.85835950668462,-32.3595553501218));
#4157=CARTESIAN_POINT('',(-6.99271030121782,-1.85835950668462,-32.360102096978));
#4158=CARTESIAN_POINT('Origin',(-5.99271030121782,-1.85835950668462,-32.3595553501218));
#4159=CARTESIAN_POINT('',(-5.99271030121781,-2.85835950668462,-45.4361278527782));
#4160=CARTESIAN_POINT('',(-5.99271030121782,-2.85835950668462,-32.3562748689846));
#4161=CARTESIAN_POINT('',(-6.99271030121782,-1.85835950668462,-45.4361278527782));
#4162=CARTESIAN_POINT('Origin',(-5.99271030121782,-1.85835950668462,-45.4361278527787));
#4163=CARTESIAN_POINT('',(-6.99271030121782,-1.85835950668462,-32.3562748689846));
#4164=CARTESIAN_POINT('Origin',(7.00728969878218,-2.8583595066846,-32.3524476409912));
#4165=CARTESIAN_POINT('',(6.00728969878218,-2.8583595066846,-32.3529943878474));
#4166=CARTESIAN_POINT('',(3.51668074243188,-2.8583595066846,-32.3543561204643));
#4167=CARTESIAN_POINT('',(6.00728969878219,-2.8583595066846,-45.4361278527781));
#4168=CARTESIAN_POINT('',(6.00728969878218,-2.8583595066846,-32.3524476409912));
#4169=CARTESIAN_POINT('',(-59.9963560968326,-2.85835950668472,-45.4361278527784));
#4170=CARTESIAN_POINT('Origin',(6.00728969878218,-1.8583595066846,-32.3524476409912));
#4171=CARTESIAN_POINT('',(7.00728969878218,-1.8583595066846,-32.3524476409912));
#4172=CARTESIAN_POINT('Origin',(6.00728969878218,-1.8583595066846,-32.3529943878474));
#4173=CARTESIAN_POINT('',(7.00728969878218,-1.8583595066846,-45.4361278527781));
#4174=CARTESIAN_POINT('',(7.00728969878218,-1.8583595066846,-32.3524476409912));
#4175=CARTESIAN_POINT('Origin',(6.00728969878218,-1.8583595066846,-45.4361278527787));
#4176=CARTESIAN_POINT('Origin',(0.00838319233114322,1.19164049331539,-32.3562742711205));
#4177=CARTESIAN_POINT('',(-6.99271030121782,4.2,-32.360102096978));
#4178=CARTESIAN_POINT('',(-6.99271030121782,-0.833359506684622,-32.360102096978));
#4179=CARTESIAN_POINT('',(7.00728969878218,4.2,-32.3524476409912));
#4180=CARTESIAN_POINT('',(0.0136847713392185,4.2,-32.3562713724988));
#4181=CARTESIAN_POINT('',(7.00728969878218,3.21664049331538,-32.3524476409912));
#4182=CARTESIAN_POINT('',(2.38392993910563,-0.608359506684594,-32.3549754484049));
#4183=CARTESIAN_POINT('Origin',(124.000001892447,0.,-42.4361278527776));
#4184=CARTESIAN_POINT('',(124.000001892447,4.2,-45.4361278527776));
#4185=CARTESIAN_POINT('',(127.000001892447,4.2,-42.4361278527776));
#4186=CARTESIAN_POINT('Origin',(124.000001892447,4.2,-42.4361278527776));
#4187=CARTESIAN_POINT('',(127.000001892447,-5.95895419345497,-42.4361278527776));
#4188=CARTESIAN_POINT('',(127.000001892447,0.,-42.4361278527776));
#4189=CARTESIAN_POINT('',(124.000001892447,-5.48380087248136,-45.4361278527776));
#4190=CARTESIAN_POINT('Origin',(124.000001892447,-5.95895419345497,-42.4361278527776));
#4191=CARTESIAN_POINT('',(124.000001892447,0.,-45.4361278527776));
#4192=CARTESIAN_POINT('Origin',(-127.000001892447,0.,-45.4361278527787));
#4193=CARTESIAN_POINT('',(-124.000001892447,-5.4838008724812,-45.4361278527787));
#4194=CARTESIAN_POINT('',(-63.5000009462236,-5.48380087248124,-45.4361278527784));
#4195=CARTESIAN_POINT('',(-124.000001892447,4.2,-45.4361278527787));
#4196=CARTESIAN_POINT('',(-124.000001892447,0.,-45.4361278527787));
#4197=CARTESIAN_POINT('',(-6.99271030121782,4.2,-45.4361278527782));
#4198=CARTESIAN_POINT('',(-63.5000009462236,4.2,-45.4361278527784));
#4199=CARTESIAN_POINT('',(-6.99271030121782,-1.42917975334231,-45.4361278527782));
#4200=CARTESIAN_POINT('',(7.00728969878218,4.2,-45.4361278527781));
#4201=CARTESIAN_POINT('',(7.00728969878218,2.6208202466577,-45.4361278527781));
#4202=CARTESIAN_POINT('',(-63.5000009462236,4.2,-45.4361278527784));
#4203=CARTESIAN_POINT('Origin',(-124.000001892447,0.,-42.4361278527787));
#4204=CARTESIAN_POINT('',(-127.000001892447,4.2,-42.4361278527787));
#4205=CARTESIAN_POINT('Origin',(-124.000001892447,4.2,-42.4361278527787));
#4206=CARTESIAN_POINT('',(-127.000001892447,-5.95895419345481,-42.4361278527787));
#4207=CARTESIAN_POINT('Origin',(-124.000001892447,-5.95895419345481,-42.4361278527787));
#4208=CARTESIAN_POINT('',(-127.000001892447,0.,-42.4361278527787));
#4209=CARTESIAN_POINT('Origin',(-85.1264197874113,4.2,-39.0361278527786));
#4210=CARTESIAN_POINT('',(7.00728969878218,4.2,-14.9913406646895));
#4211=CARTESIAN_POINT('',(-6.99271030121782,4.2,-14.9951678926829));
#4212=CARTESIAN_POINT('',(-127.000001892447,4.2,-38.9361278527786));
#4213=CARTESIAN_POINT('',(-127.000001892447,4.2,12.1735281245839));
#4214=CARTESIAN_POINT('',(-94.0000018924475,4.2,-38.9361278527786));
#4215=CARTESIAN_POINT('',(-63.5000009462237,4.2,-38.9361278527786));
#4216=CARTESIAN_POINT('',(-94.0000018924475,4.2,-39.9361278527786));
#4217=CARTESIAN_POINT('',(-94.0000018924475,4.2,-18.2831807705832));
#4218=CARTESIAN_POINT('',(-93.0000018924474,4.2,-40.9361278527786));
#4219=CARTESIAN_POINT('Origin',(-93.0000018924474,4.2,-39.9361278527786));
#4220=CARTESIAN_POINT('',(-88.5764197874113,4.2,-40.9361278527786));
#4221=CARTESIAN_POINT('',(-47.0000009462237,4.2,-40.9361278527786));
#4222=CARTESIAN_POINT('',(-87.5764197874113,4.2,-39.9361278527786));
#4223=CARTESIAN_POINT('Origin',(-88.5764197874113,4.2,-39.9361278527786));
#4224=CARTESIAN_POINT('',(-87.5764197874113,4.2,-39.5861280656458));
#4225=CARTESIAN_POINT('',(-87.5764197874113,4.2,-40.9361278527786));
#4226=CARTESIAN_POINT('',(-82.7006455696584,4.2,-39.2424427577583));
#4227=CARTESIAN_POINT('Origin',(-85.1264197874113,4.2,-39.5861278527786));
#4228=CARTESIAN_POINT('',(-82.651547707528,4.2,-39.5889893583593));
#4229=CARTESIAN_POINT('',(-82.5112710480527,4.2,-40.5791017049173));
#4230=CARTESIAN_POINT('',(-81.5211587014948,4.2,-40.438825045442));
#4231=CARTESIAN_POINT('Origin',(-81.6614353609701,4.2,-39.448712698884));
#4232=CARTESIAN_POINT('',(-39.0643575655149,4.2,-34.4236508522632));
#4233=CARTESIAN_POINT('',(-40.3448640916827,4.2,-34.6050698382516));
#4234=CARTESIAN_POINT('',(-38.3910296000334,4.2,-39.1761901157413));
#4235=CARTESIAN_POINT('',(-38.7904366526144,4.2,-36.3570621471828));
#4236=CARTESIAN_POINT('',(-37.2606405940001,4.2,-40.0260258028239));
#4237=CARTESIAN_POINT('Origin',(-37.4009172534754,4.2,-39.035913456266));
#4238=CARTESIAN_POINT('',(-17.4583936628415,4.2,-37.2204926133177));
#4239=CARTESIAN_POINT('',(-50.2576668397911,4.2,-41.8674122184268));
#4240=CARTESIAN_POINT('',(-16.6085579757589,4.2,-36.0901036072844));
#4241=CARTESIAN_POINT('Origin',(-17.5986703223168,4.2,-36.2303802667597));
#4242=CARTESIAN_POINT('',(-17.2818859412404,4.2,-31.3375643438063));
#4243=CARTESIAN_POINT('',(-17.4287950067659,4.2,-30.3006385990521));
#4244=CARTESIAN_POINT('',(-10.0312614840406,4.2,-30.3103138691487));
#4245=CARTESIAN_POINT('',(-40.3448640916827,4.2,-34.6050698382516));
#4246=CARTESIAN_POINT('',(10.0312614840406,4.2,-30.3103138691487));
#4247=CARTESIAN_POINT('',(-5.01563074202028,4.2,-30.3103138691487));
#4248=CARTESIAN_POINT('',(17.2818859412404,4.2,-31.3375643438063));
#4249=CARTESIAN_POINT('',(2.84486353288914,4.2,-29.2921628464367));
#4250=CARTESIAN_POINT('',(16.6085579757589,4.2,-36.0901036072844));
#4251=CARTESIAN_POINT('',(15.3328863963135,4.2,-45.094154499901));
#4252=CARTESIAN_POINT('',(17.4583936628415,4.2,-37.2204926133177));
#4253=CARTESIAN_POINT('Origin',(17.5986703223169,4.2,-36.2303802667598));
#4254=CARTESIAN_POINT('',(37.2606405940001,4.2,-40.0260258028239));
#4255=CARTESIAN_POINT('',(-22.3024385034566,4.2,-31.5872766114804));
#4256=CARTESIAN_POINT('',(38.3910296000333,4.2,-39.1761901157413));
#4257=CARTESIAN_POINT('Origin',(37.4009172534754,4.2,-39.035913456266));
#4258=CARTESIAN_POINT('',(39.0643575655149,4.2,-34.4236508522632));
#4259=CARTESIAN_POINT('',(37.5361879990139,4.2,-45.2099039686841));
#4260=CARTESIAN_POINT('',(81.5211587014947,4.2,-40.4388250454419));
#4261=CARTESIAN_POINT('',(2.84486353288914,4.2,-29.2921628464367));
#4262=CARTESIAN_POINT('',(82.6515477075279,4.2,-39.5889893583593));
#4263=CARTESIAN_POINT('Origin',(81.66143536097,4.2,-39.448712698884));
#4264=CARTESIAN_POINT('',(82.700640806678,4.2,-39.2424763762201));
#4265=CARTESIAN_POINT('',(82.5112710480526,4.2,-40.5791017049172));
#4266=CARTESIAN_POINT('',(87.5764197874112,4.2,-39.5861278527786));
#4267=CARTESIAN_POINT('Origin',(85.1264197874112,4.2,-39.5861278527786));
#4268=CARTESIAN_POINT('',(87.5764197874112,4.2,-39.9361278527786));
#4269=CARTESIAN_POINT('',(87.5764197874112,4.2,-40.9361278527786));
#4270=CARTESIAN_POINT('',(88.5764197874112,4.2,-40.9361278527786));
#4271=CARTESIAN_POINT('Origin',(88.5764197874112,4.2,-39.9361278527786));
#4272=CARTESIAN_POINT('',(93.0000018924475,4.2,-40.9361278527786));
#4273=CARTESIAN_POINT('',(42.5156313008138,4.2,-40.9361278527786));
#4274=CARTESIAN_POINT('',(94.0000018924475,4.2,-39.9361278527786));
#4275=CARTESIAN_POINT('Origin',(93.0000018924475,4.2,-39.9361278527786));
#4276=CARTESIAN_POINT('',(94.0000018924475,4.2,-38.9361278527786));
#4277=CARTESIAN_POINT('',(94.0000018924475,4.2,-19.2831807705832));
#4278=CARTESIAN_POINT('',(127.000001892447,4.2,-38.9361278527786));
#4279=CARTESIAN_POINT('',(47.0000009462237,4.2,-38.9361278527786));
#4280=CARTESIAN_POINT('',(127.000001892447,4.2,-21.5331807705832));
#4281=CARTESIAN_POINT('',(-86.2764197874113,4.2,-39.5861278527786));
#4282=CARTESIAN_POINT('Origin',(-85.1264197874113,4.2,-39.5861278527786));
#4283=CARTESIAN_POINT('',(83.9764197874112,4.2,-39.5861278527786));
#4284=CARTESIAN_POINT('Origin',(85.1264197874112,4.2,-39.5861278527786));
#4285=CARTESIAN_POINT('Origin',(-91.6210329398631,0.,-35.9361278527786));
#4286=CARTESIAN_POINT('',(-89.0057524757886,0.,-37.4059265104967));
#4287=CARTESIAN_POINT('',(-91.6210329398631,0.,-38.9361278527785));
#4288=CARTESIAN_POINT('Origin',(-91.6210329398631,0.,-35.9361278527786));
#4289=CARTESIAN_POINT('',(-89.0057524757886,1.9,-37.4059265104967));
#4290=CARTESIAN_POINT('',(-89.0057524757886,0.,-37.4059265104967));
#4291=CARTESIAN_POINT('',(-91.6210329398631,1.9,-38.9361278527785));
#4292=CARTESIAN_POINT('Origin',(-91.6210329398631,1.9,-35.9361278527786));
#4293=CARTESIAN_POINT('',(-91.6210329398631,0.,-38.9361278527786));
#4294=CARTESIAN_POINT('Origin',(-85.1264197874113,0.,-39.5861278527786));
#4295=CARTESIAN_POINT('',(-80.9680922733329,0.,-38.0015735666594));
#4296=CARTESIAN_POINT('Origin',(-85.1264197874113,0.,-39.5861278527786));
#4297=CARTESIAN_POINT('',(-80.9680922733329,1.9,-38.0015735666594));
#4298=CARTESIAN_POINT('',(-80.9680922733329,0.,-38.0015735666594));
#4299=CARTESIAN_POINT('Origin',(-85.1264197874113,1.9,-39.5861278527786));
#4300=CARTESIAN_POINT('Origin',(91.621032939863,0.,-35.9361278527786));
#4301=CARTESIAN_POINT('',(91.621032939863,0.,-38.9361278527786));
#4302=CARTESIAN_POINT('',(89.0057524757884,0.,-37.4059265104967));
#4303=CARTESIAN_POINT('Origin',(91.621032939863,0.,-35.9361278527786));
#4304=CARTESIAN_POINT('',(91.621032939863,1.9,-38.9361278527786));
#4305=CARTESIAN_POINT('',(91.621032939863,0.,-38.9361278527786));
#4306=CARTESIAN_POINT('',(89.0057524757884,1.9,-37.4059265104967));
#4307=CARTESIAN_POINT('Origin',(91.621032939863,1.9,-35.9361278527786));
#4308=CARTESIAN_POINT('',(89.0057524757884,0.,-37.4059265104967));
#4309=CARTESIAN_POINT('Origin',(94.0000018924475,0.,-38.9361278527786));
#4310=CARTESIAN_POINT('',(127.000001892447,0.,-38.9361278527786));
#4311=CARTESIAN_POINT('',(47.0000009462237,0.,-38.9361278527786));
#4312=CARTESIAN_POINT('',(127.000001892447,0.,-38.9361278527786));
#4313=CARTESIAN_POINT('',(94.0000018924475,1.9,-38.9361278527786));
#4314=CARTESIAN_POINT('',(94.0000018924475,0.,-38.9361278527786));
#4315=CARTESIAN_POINT('',(44.7643459640111,1.9,-38.9361278527786));
#4316=CARTESIAN_POINT('Origin',(93.0000018924475,0.,-39.9361278527786));
#4317=CARTESIAN_POINT('',(94.0000018924475,1.9,-39.9361278527786));
#4318=CARTESIAN_POINT('',(93.0000018924475,1.9,-40.9361278527786));
#4319=CARTESIAN_POINT('Origin',(93.0000018924475,1.9,-39.9361278527786));
#4320=CARTESIAN_POINT('',(94.0000018924475,0.,-39.9361278527786));
#4321=CARTESIAN_POINT('',(93.0000018924475,0.,-40.9361278527786));
#4322=CARTESIAN_POINT('Origin',(0.,1.9,2.86976631161232));
#4323=CARTESIAN_POINT('',(88.5764197874112,1.9,-40.9361278527786));
#4324=CARTESIAN_POINT('',(42.5156313008138,1.9,-40.9361278527786));
#4325=CARTESIAN_POINT('',(87.5764197874112,1.9,-39.9361278527786));
#4326=CARTESIAN_POINT('Origin',(88.5764197874112,1.9,-39.9361278527786));
#4327=CARTESIAN_POINT('',(87.5764197874112,1.9,-39.5861278527786));
#4328=CARTESIAN_POINT('',(87.5764197874112,1.9,-18.3581807705831));
#4329=CARTESIAN_POINT('',(82.700640806678,1.9,-39.2424763762201));
#4330=CARTESIAN_POINT('Origin',(85.1264197874112,1.9,-39.5861278527786));
#4331=CARTESIAN_POINT('',(82.6515477075279,1.9,-39.5889893583593));
#4332=CARTESIAN_POINT('',(84.7167606703039,1.9,-25.0121320225474));
#4333=CARTESIAN_POINT('',(81.5211587014947,1.9,-40.4388250454419));
#4334=CARTESIAN_POINT('Origin',(81.66143536097,1.9,-39.448712698884));
#4335=CARTESIAN_POINT('',(77.7438954314832,1.9,-39.9036717617585));
#4336=CARTESIAN_POINT('',(2.81014111976903,1.9,-29.2872434611383));
#4337=CARTESIAN_POINT('',(80.9680922733328,1.9,-38.0015735666594));
#4338=CARTESIAN_POINT('Origin',(78.1647254099091,1.9,-36.9333347220847));
#4339=CARTESIAN_POINT('Origin',(85.1264197874112,1.9,-39.5861278527786));
#4340=CARTESIAN_POINT('',(94.0000018924475,1.9,-19.0331807705831));
#4341=CARTESIAN_POINT('Origin',(85.0312626016276,0.,-40.9361278527786));
#4342=CARTESIAN_POINT('',(88.5764197874112,0.,-40.9361278527786));
#4343=CARTESIAN_POINT('Origin',(-93.0000018924474,0.,-39.9361278527786));
#4344=CARTESIAN_POINT('',(-93.0000018924474,1.9,-40.9361278527786));
#4345=CARTESIAN_POINT('',(-94.0000018924475,1.9,-39.9361278527786));
#4346=CARTESIAN_POINT('Origin',(-93.0000018924474,1.9,-39.9361278527786));
#4347=CARTESIAN_POINT('',(-93.0000018924474,0.,-40.9361278527786));
#4348=CARTESIAN_POINT('',(-94.0000018924475,0.,-39.9361278527786));
#4349=CARTESIAN_POINT('Origin',(-94.0000018924475,0.,-40.9361278527786));
#4350=CARTESIAN_POINT('',(-88.5764197874113,1.9,-40.9361278527786));
#4351=CARTESIAN_POINT('',(-47.0000009462237,1.9,-40.9361278527786));
#4352=CARTESIAN_POINT('',(-88.5764197874113,0.,-40.9361278527786));
#4353=CARTESIAN_POINT('Origin',(78.1647254099091,0.,-36.9333347220847));
#4354=CARTESIAN_POINT('',(80.9680922733328,0.,-38.0015735666594));
#4355=CARTESIAN_POINT('',(77.7438954314832,0.,-39.9036717617585));
#4356=CARTESIAN_POINT('Origin',(78.1647254099091,0.,-36.9333347220847));
#4357=CARTESIAN_POINT('',(80.9680922733327,0.,-38.0015735666594));
#4358=CARTESIAN_POINT('',(77.7438954314832,0.,-39.9036717617585));
#4359=CARTESIAN_POINT('Origin',(85.1264197874112,0.,-39.5861278527786));
#4360=CARTESIAN_POINT('Origin',(85.1264197874112,0.,-39.5861278527786));
#4361=CARTESIAN_POINT('Origin',(-78.1647254099093,0.,-36.9333347220847));
#4362=CARTESIAN_POINT('',(-77.7438954314834,1.9,-39.9036717617585));
#4363=CARTESIAN_POINT('Origin',(-78.1647254099093,1.9,-36.9333347220847));
#4364=CARTESIAN_POINT('',(-77.7438954314834,0.,-39.9036717617585));
#4365=CARTESIAN_POINT('Origin',(-78.1647254099093,0.,-36.9333347220847));
#4366=CARTESIAN_POINT('',(-77.7438954314834,0.,-39.9036717617585));
#4367=CARTESIAN_POINT('Origin',(88.5764197874112,0.,-39.9361278527786));
#4368=CARTESIAN_POINT('',(87.5764197874112,0.,-39.9361278527786));
#4369=CARTESIAN_POINT('Origin',(81.66143536097,0.,-39.448712698884));
#4370=CARTESIAN_POINT('',(82.6515477075279,0.,-39.5889893583593));
#4371=CARTESIAN_POINT('',(81.5211587014947,0.,-40.4388250454419));
#4372=CARTESIAN_POINT('Origin',(10.0312614840406,0.,-30.3103138691487));
#4373=CARTESIAN_POINT('',(39.0643575655149,1.6,-34.4236508522632));
#4374=CARTESIAN_POINT('',(39.0643575655149,1.75,-34.4236508522632));
#4375=CARTESIAN_POINT('',(17.2818859412404,1.6,-31.3375643438063));
#4376=CARTESIAN_POINT('',(3.55419191695955,1.6,-29.3926587311051));
#4377=CARTESIAN_POINT('',(17.2818859412404,1.75,-31.3375643438063));
#4378=CARTESIAN_POINT('',(10.0312614840406,0.,-30.3103138691487));
#4379=CARTESIAN_POINT('',(10.0312614840406,0.,-30.3103138691487));
#4380=CARTESIAN_POINT('',(2.84486353288914,0.,-29.2921628464367));
#4381=CARTESIAN_POINT('Origin',(-88.5764197874113,0.,-39.9361278527786));
#4382=CARTESIAN_POINT('',(-87.5764197874113,1.9,-39.9361278527786));
#4383=CARTESIAN_POINT('Origin',(-88.5764197874113,1.9,-39.9361278527786));
#4384=CARTESIAN_POINT('',(-87.5764197874113,0.,-39.9361278527786));
#4385=CARTESIAN_POINT('Origin',(-87.5764197874113,0.,-40.9361278527786));
#4386=CARTESIAN_POINT('',(-87.5764197874113,1.9,-39.5861280656458));
#4387=CARTESIAN_POINT('',(-87.5764197874113,1.9,-19.0331807705831));
#4388=CARTESIAN_POINT('',(-87.5764197874113,0.,-39.5861278527786));
#4389=CARTESIAN_POINT('Origin',(-81.6614353609701,0.,-39.448712698884));
#4390=CARTESIAN_POINT('',(-81.5211587014948,1.9,-40.438825045442));
#4391=CARTESIAN_POINT('',(-82.651547707528,1.9,-39.5889893583593));
#4392=CARTESIAN_POINT('Origin',(-81.6614353609701,1.9,-39.448712698884));
#4393=CARTESIAN_POINT('',(-81.5211587014948,0.,-40.438825045442));
#4394=CARTESIAN_POINT('',(-82.651547707528,0.,-39.5889893583593));
#4395=CARTESIAN_POINT('Origin',(0.,1.9,2.86976631161232));
#4396=CARTESIAN_POINT('',(-94.0000018924475,1.9,-38.9361278527786));
#4397=CARTESIAN_POINT('',(-94.0000018924475,1.9,-18.0331807705831));
#4398=CARTESIAN_POINT('',(-47.0000009462237,1.9,-38.9361278527784));
#4399=CARTESIAN_POINT('',(-40.3101416785626,1.9,-34.6001504529533));
#4400=CARTESIAN_POINT('',(-82.7006445383444,1.9,-39.2424500370641));
#4401=CARTESIAN_POINT('',(-84.8114479311068,1.9,-24.3438025489675));
#4402=CARTESIAN_POINT('Origin',(-85.1264197874113,1.9,-39.5861278527786));
#4403=CARTESIAN_POINT('Origin',(-82.7006455696584,0.,-39.2424427577583));
#4404=CARTESIAN_POINT('',(-82.7006445383444,0.,-39.2424500370641));
#4405=CARTESIAN_POINT('Origin',(-37.4009172534754,3.5,-39.035913456266));
#4406=CARTESIAN_POINT('',(-37.2606405940001,1.6,-40.0260258028239));
#4407=CARTESIAN_POINT('',(-38.3910296000334,1.6,-39.1761901157413));
#4408=CARTESIAN_POINT('Origin',(-37.4009172534754,1.6,-39.035913456266));
#4409=CARTESIAN_POINT('',(-37.2606405940001,3.5,-40.0260258028239));
#4410=CARTESIAN_POINT('',(-38.3910296000334,3.5,-39.1761901157413));
#4411=CARTESIAN_POINT('Origin',(-16.4682813162836,3.5,-37.0802159538424));
#4412=CARTESIAN_POINT('',(-17.4583936628415,1.6,-37.2204926133177));
#4413=CARTESIAN_POINT('',(-6.36589952060268,1.6,-35.6489355784699));
#4414=CARTESIAN_POINT('',(-17.4583936628415,3.5,-37.2204926133177));
#4415=CARTESIAN_POINT('Origin',(-17.5986703223168,3.5,-36.2303802667597));
#4416=CARTESIAN_POINT('',(-16.6085579757589,1.6,-36.0901036072844));
#4417=CARTESIAN_POINT('Origin',(-17.5986703223168,1.6,-36.2303802667597));
#4418=CARTESIAN_POINT('',(-16.6085579757589,3.5,-36.0901036072844));
#4419=CARTESIAN_POINT('Origin',(0.,1.6,-7.84450626237178));
#4420=CARTESIAN_POINT('',(-39.0643575655149,1.6,-34.4236508522632));
#4421=CARTESIAN_POINT('',(-40.1189940780972,1.6,-26.9797279919364));
#4422=CARTESIAN_POINT('',(-17.2818859412404,1.6,-31.3375643438063));
#4423=CARTESIAN_POINT('',(-41.0541924757531,1.6,-34.70556572292));
#4424=CARTESIAN_POINT('',(-18.7573524322487,1.6,-20.9233044438057));
#4425=CARTESIAN_POINT('Origin',(17.5986703223169,3.5,-36.2303802667598));
#4426=CARTESIAN_POINT('',(17.4583936628415,1.6,-37.2204926133177));
#4427=CARTESIAN_POINT('',(16.6085579757589,1.6,-36.0901036072844));
#4428=CARTESIAN_POINT('Origin',(17.5986703223169,1.6,-36.2303802667598));
#4429=CARTESIAN_POINT('',(17.4583936628415,3.5,-37.2204926133177));
#4430=CARTESIAN_POINT('',(16.6085579757589,3.5,-36.0901036072844));
#4431=CARTESIAN_POINT('Origin',(38.250752940558,3.5,-40.1663024622992));
#4432=CARTESIAN_POINT('',(37.2606405940001,1.6,-40.0260258028239));
#4433=CARTESIAN_POINT('',(17.2571353327399,1.6,-37.1919788326984));
#4434=CARTESIAN_POINT('',(37.2606405940001,3.5,-40.0260258028239));
#4435=CARTESIAN_POINT('Origin',(37.4009172534754,3.5,-39.035913456266));
#4436=CARTESIAN_POINT('',(38.3910296000333,1.6,-39.1761901157413));
#4437=CARTESIAN_POINT('Origin',(37.4009172534754,1.6,-39.035913456266));
#4438=CARTESIAN_POINT('',(38.3910296000333,3.5,-39.1761901157413));
#4439=CARTESIAN_POINT('Origin',(39.0924128974099,3.5,-34.2256283829516));
#4440=CARTESIAN_POINT('',(40.5398240565231,1.6,-24.0093909522626));
#4441=CARTESIAN_POINT('Origin',(0.,1.6,-7.84450626237178));
#4442=CARTESIAN_POINT('',(18.3365224538228,1.6,-23.8936414834795));
#4443=CARTESIAN_POINT('Origin',(16.4682813162836,3.5,-37.0802159538424));
#4444=CARTESIAN_POINT('Origin',(-17.3099412731355,3.5,-31.1395418744948));
#4445=CARTESIAN_POINT('',(-17.2818859412404,1.75,-31.3375643438063));
#4446=CARTESIAN_POINT('Origin',(-38.250752940558,3.5,-40.1663024622992));
#4447=CARTESIAN_POINT('',(-39.0643575655149,1.75,-34.4236508522632));
#4448=CARTESIAN_POINT('Origin',(87.5764197874112,0.,-39.5861278527786));
#4449=CARTESIAN_POINT('',(87.5764197874112,0.,-39.5861278527786));
#4450=CARTESIAN_POINT('Origin',(82.5112710480526,0.,-40.5791017049172));
#4451=CARTESIAN_POINT('',(82.7006445383443,0.,-39.242450037064));
#4452=CARTESIAN_POINT('Origin',(85.1264197874112,0.,-39.5861278527786));
#4453=CARTESIAN_POINT('Origin',(-85.0312626016277,0.,-40.9361278527786));
#4454=CARTESIAN_POINT('',(-10.0312614840406,0.,-30.3103138691487));
#4455=CARTESIAN_POINT('',(-40.3448640916827,0.,-34.6050698382516));
#4456=CARTESIAN_POINT('',(-10.0312614840406,0.,-30.3103138691487));
#4457=CARTESIAN_POINT('Origin',(-85.1264197874113,0.,-39.5861278527786));
#4458=CARTESIAN_POINT('Origin',(-127.000001892447,0.,-38.9361278527786));
#4459=CARTESIAN_POINT('',(-94.0000018924475,0.,-38.9361278527786));
#4460=CARTESIAN_POINT('',(-127.000001892447,0.,-38.9361278527786));
#4461=CARTESIAN_POINT('',(-127.000001892447,0.,-38.9361278527786));
#4462=CARTESIAN_POINT('',(-47.0000009462237,0.,-38.9361278527785));
#4463=CARTESIAN_POINT('Origin',(-94.0000018924475,0.,-38.9361278527786));
#4464=CARTESIAN_POINT('Origin',(-10.0312614840406,0.,-30.3103138691487));
#4465=CARTESIAN_POINT('',(4.75728969878218,0.,-30.3103138691487));
#4466=CARTESIAN_POINT('',(0.,0.,-30.3103138691487));
#4467=CARTESIAN_POINT('',(-4.74271030121782,0.,-30.3103138691487));
#4468=CARTESIAN_POINT('',(0.,0.,-30.3103138691487));
#4469=CARTESIAN_POINT('',(-4.74271030121782,-0.608359506684607,-30.3103138691487));
#4470=CARTESIAN_POINT('',(-4.74271030121782,-1.98858919555998,-30.3103138691487));
#4471=CARTESIAN_POINT('',(2.37864484939109,-0.608359506684594,-30.3103138691487));
#4472=CARTESIAN_POINT('',(4.75728969878218,-0.608359506684589,-30.3103138691487));
#4473=CARTESIAN_POINT('',(2.37864484939109,-0.608359506684594,-30.3103138691487));
#4474=CARTESIAN_POINT('',(4.75728969878218,-0.188589195559984,-30.3103138691487));
#4475=CARTESIAN_POINT('Origin',(-85.1264197874113,0.,-39.5861278527786));
#4476=CARTESIAN_POINT('',(-86.2764197874113,3.5,-39.5861278527786));
#4477=CARTESIAN_POINT('',(-86.2764197874113,0.,-39.5861278527786));
#4478=CARTESIAN_POINT('Origin',(-85.1264197874113,3.5,-39.5861278527786));
#4479=CARTESIAN_POINT('Origin',(85.1264197874112,0.,-39.5861278527786));
#4480=CARTESIAN_POINT('',(83.9764197874112,3.5,-39.5861278527786));
#4481=CARTESIAN_POINT('',(83.9764197874112,0.,-39.5861278527786));
#4482=CARTESIAN_POINT('Origin',(85.1264197874112,3.5,-39.5861278527786));
#4483=CARTESIAN_POINT('Origin',(7.00728969878218,5.24164049331539,-32.3524476409912));
#4484=CARTESIAN_POINT('Origin',(-6.99271030121782,-2.85835950668462,-32.360102096978));
#4485=CARTESIAN_POINT('Origin',(-7.99360577730113E-14,3.5,2.86976631161232));
#4486=CARTESIAN_POINT('Origin',(-7.99360577730113E-14,3.5,2.86976631161232));
#4487=CARTESIAN_POINT('Origin',(94.0000018924475,0.,-40.9361278527786));
#4488=CARTESIAN_POINT('Origin',(127.000001892447,0.,21.9772899375556));
#4489=CARTESIAN_POINT('',(125.278574978116,4.2,22.7882890429202));
#4490=CARTESIAN_POINT('',(125.278574978116,-5.58586178314568,22.7882890429202));
#4491=CARTESIAN_POINT('',(125.278574978116,0.,22.7882890429202));
#4492=CARTESIAN_POINT('',(92.6283834116285,4.2,38.1704559708059));
#4493=CARTESIAN_POINT('',(78.8138710005313,4.2,44.678752729253));
#4494=CARTESIAN_POINT('',(92.6283834116285,-3.14956588329391,38.1704559708059));
#4495=CARTESIAN_POINT('',(92.6283834116285,0.,38.1704559708059));
#4496=CARTESIAN_POINT('',(78.6820377263802,-2.10891579272107,44.7408620564069));
#4497=CARTESIAN_POINT('Origin',(-103.500461336006,0.,-28.204270040034));
#4498=CARTESIAN_POINT('',(-100.500461336006,-5.,-28.204270040034));
#4499=CARTESIAN_POINT('',(-100.500461336006,0.,-28.204270040034));
#4500=CARTESIAN_POINT('',(-100.500461336006,0.,-28.204270040034));
#4501=CARTESIAN_POINT('',(-20.5000241809461,-5.,-28.204270040034));
#4502=CARTESIAN_POINT('',(-17.5000241809461,-5.,-28.204270040034));
#4503=CARTESIAN_POINT('',(-20.5000241809461,0.,-28.204270040034));
#4504=CARTESIAN_POINT('',(-20.5000241809461,0.,-28.204270040034));
#4505=CARTESIAN_POINT('',(-51.7502306680032,0.,-28.204270040034));
#4506=CARTESIAN_POINT('Origin',(-17.5000241809461,0.,-22.8436847995653));
#4507=CARTESIAN_POINT('',(-17.5000241809461,-4.,-22.8436847995653));
#4508=CARTESIAN_POINT('',(17.5000241809461,-4.,-22.8436847995653));
#4509=CARTESIAN_POINT('',(-8.75001209047303,-4.,-22.8436847995653));
#4510=CARTESIAN_POINT('',(17.5000241809461,0.,-22.8436847995653));
#4511=CARTESIAN_POINT('',(17.5000241809461,0.,-22.8436847995653));
#4512=CARTESIAN_POINT('',(4.75728969878218,0.,-22.8436847995653));
#4513=CARTESIAN_POINT('',(-8.75001209047303,0.,-22.8436847995653));
#4514=CARTESIAN_POINT('',(4.75728969878218,-0.608359506684589,-22.8436847995653));
#4515=CARTESIAN_POINT('',(4.75728969878218,1.4958202466577,-22.8436847995653));
#4516=CARTESIAN_POINT('',(-4.74271030121782,-0.608359506684607,-22.8436847995653));
#4517=CARTESIAN_POINT('',(-6.37136724108194,-0.60835950668461,-22.8436847995653));
#4518=CARTESIAN_POINT('',(-4.74271030121782,0.,-22.8436847995653));
#4519=CARTESIAN_POINT('',(-4.74271030121782,-0.304179753342304,-22.8436847995653));
#4520=CARTESIAN_POINT('',(-17.5000241809461,0.,-22.8436847995653));
#4521=CARTESIAN_POINT('',(-8.75001209047303,0.,-22.8436847995653));
#4522=CARTESIAN_POINT('',(-17.5000241809461,0.,-22.8436847995653));
#4523=CARTESIAN_POINT('Origin',(17.5000241809461,0.,9.66453264009542));
#4524=CARTESIAN_POINT('',(17.5000241809461,-4.,9.66453264009542));
#4525=CARTESIAN_POINT('',(-17.5000241809461,-4.,9.66453264009543));
#4526=CARTESIAN_POINT('',(8.75001209047303,-4.,9.66453264009543));
#4527=CARTESIAN_POINT('',(-17.5000241809461,0.,9.66453264009543));
#4528=CARTESIAN_POINT('',(-17.5000241809461,0.,9.66453264009543));
#4529=CARTESIAN_POINT('',(17.5000241809461,0.,9.66453264009542));
#4530=CARTESIAN_POINT('',(8.75001209047303,0.,9.66453264009543));
#4531=CARTESIAN_POINT('',(17.5000241809461,0.,9.66453264009543));
#4532=CARTESIAN_POINT('Origin',(17.5000241809461,0.,13.7957299599661));
#4533=CARTESIAN_POINT('',(17.5000241809461,-5.,10.7957299599661));
#4534=CARTESIAN_POINT('',(17.5000241809461,0.,10.7957299599661));
#4535=CARTESIAN_POINT('',(17.5000241809461,0.,10.7957299599661));
#4536=CARTESIAN_POINT('',(17.5000241809461,-5.,-25.204270040034));
#4537=CARTESIAN_POINT('',(17.5000241809461,-5.,13.7957299599661));
#4538=CARTESIAN_POINT('',(17.5000241809461,0.,-25.204270040034));
#4539=CARTESIAN_POINT('',(17.5000241809461,0.,-25.204270040034));
#4540=CARTESIAN_POINT('',(17.5000241809461,0.,8.08274813578915));
#4541=CARTESIAN_POINT('',(17.5000241809461,-4.,-14.7166304396501));
#4542=CARTESIAN_POINT('',(17.5000241809461,0.,8.08274813578915));
#4543=CARTESIAN_POINT('Origin',(4.75728969878218,-0.608359506684589,-28.3536772235535));
#4544=CARTESIAN_POINT('',(-4.74271030121782,-0.608359506684607,-28.3588713186874));
#4545=CARTESIAN_POINT('',(4.75728969878218,-0.608359506684589,-28.3536772235535));
#4546=CARTESIAN_POINT('Origin',(4.75728969878218,2.99164049331539,-30.3536775224856));
#4547=CARTESIAN_POINT('',(4.75728969878218,0.,-12.9919554559706));
#4548=CARTESIAN_POINT('Origin',(103.500024180946,0.,-28.204270040034));
#4549=CARTESIAN_POINT('',(103.500024180946,0.,10.795729959966));
#4550=CARTESIAN_POINT('',(103.500024180946,-5.,10.795729959966));
#4551=CARTESIAN_POINT('',(103.500024180946,0.,10.795729959966));
#4552=CARTESIAN_POINT('',(103.500024180946,0.,-25.204270040034));
#4553=CARTESIAN_POINT('',(103.500024180946,0.,-12.9172518642109));
#4554=CARTESIAN_POINT('',(103.500024180946,-5.,-25.204270040034));
#4555=CARTESIAN_POINT('',(103.500024180946,0.,-25.204270040034));
#4556=CARTESIAN_POINT('',(103.500024180946,-5.,-28.204270040034));
#4557=CARTESIAN_POINT('Origin',(-4.45650909301057,0.,45.3256604760032));
#4558=CARTESIAN_POINT('',(-4.45650909301057,1.9,46.6756604760032));
#4559=CARTESIAN_POINT('',(-4.45650909301057,1.9,45.3256604760032));
#4560=CARTESIAN_POINT('',(-4.45650909301057,1.9,24.0977133938078));
#4561=CARTESIAN_POINT('',(-4.45650909301057,0.,45.3256604760032));
#4562=CARTESIAN_POINT('',(-4.45650909301057,0.,45.3256604760032));
#4563=CARTESIAN_POINT('',(-4.45650909301057,0.,46.6756604760032));
#4564=CARTESIAN_POINT('',(-4.45650909301057,0.,23.8477133938077));
#4565=CARTESIAN_POINT('',(-4.45650909301057,0.,46.6756604760032));
#4566=CARTESIAN_POINT('Origin',(-0.0065090930105729,0.,45.3256604760032));
#4567=CARTESIAN_POINT('',(4.44349090698942,1.9,45.3256604760031));
#4568=CARTESIAN_POINT('Origin',(-0.0065090930105729,1.9,45.3256604760032));
#4569=CARTESIAN_POINT('',(4.44349090698942,0.,45.3256604760031));
#4570=CARTESIAN_POINT('',(4.44349090698942,0.,45.3256604760031));
#4571=CARTESIAN_POINT('Origin',(-0.0065090930105729,0.,45.3256604760032));
#4572=CARTESIAN_POINT('Origin',(4.44349090698942,0.,46.6756604760032));
#4573=CARTESIAN_POINT('',(4.44349090698942,1.9,46.6756604760032));
#4574=CARTESIAN_POINT('',(4.44349090698942,1.9,24.7727133938078));
#4575=CARTESIAN_POINT('',(4.44349090698942,0.,46.6756604760032));
#4576=CARTESIAN_POINT('',(4.44349090698942,0.,46.6756604760032));
#4577=CARTESIAN_POINT('',(4.44349090698942,0.,24.5227133938077));
#4578=CARTESIAN_POINT('Origin',(-7.99360577730113E-14,3.5,2.86976631161232));
#4579=CARTESIAN_POINT('',(-1.15650909301057,3.5,45.3256604760032));
#4580=CARTESIAN_POINT('Origin',(-0.0065090930105729,3.5,45.3256604760032));
#4581=CARTESIAN_POINT('Origin',(-92.2188598803579,0.,38.3633908056927));
#4582=CARTESIAN_POINT('',(-125.278574978116,-5.58586178314568,22.7882890429202));
#4583=CARTESIAN_POINT('',(-125.278574978116,4.2,22.7882890429202));
#4584=CARTESIAN_POINT('',(-125.278574978116,0.,22.7882890429202));
#4585=CARTESIAN_POINT('',(-92.6283834116285,-3.14956588329391,38.1704559708059));
#4586=CARTESIAN_POINT('',(-61.3703478459186,-0.817150046434773,52.8967499936273));
#4587=CARTESIAN_POINT('',(-92.6283834116285,4.2,38.1704559708059));
#4588=CARTESIAN_POINT('',(-92.6283834116285,0.,38.1704559708059));
#4589=CARTESIAN_POINT('',(-61.4232999944865,4.2,52.8718031633215));
#4590=CARTESIAN_POINT('Origin',(-88.7188598803579,0.,35.3243097334314));
#4591=CARTESIAN_POINT('',(-88.7188598803579,0.,32.7193831000645));
#4592=CARTESIAN_POINT('',(-88.7188598803579,4.2,32.7193831000645));
#4593=CARTESIAN_POINT('',(-88.7188598803579,0.,32.7193831000645));
#4594=CARTESIAN_POINT('',(-88.7188598803578,0.,18.4772899375556));
#4595=CARTESIAN_POINT('',(-88.7188598803578,0.,18.8470380225216));
#4596=CARTESIAN_POINT('',(-88.7188598803579,1.6,18.4772899375556));
#4597=CARTESIAN_POINT('',(-88.7188598803578,0.,18.4772899375556));
#4598=CARTESIAN_POINT('',(-88.7188598803579,1.6,24.4772899375556));
#4599=CARTESIAN_POINT('',(-88.7188598803578,1.6,13.7399017355296));
#4600=CARTESIAN_POINT('',(-88.7188598803579,4.2,24.4772899375556));
#4601=CARTESIAN_POINT('',(-88.7188598803579,1.75,24.4772899375556));
#4602=CARTESIAN_POINT('',(-88.7188598803578,4.2,18.8470380225216));
#4603=CARTESIAN_POINT('Origin',(127.000001892447,0.,18.4772899375556));
#4604=CARTESIAN_POINT('',(110.718859880358,1.6,18.4772899375556));
#4605=CARTESIAN_POINT('',(110.718859880358,4.2,18.4772899375556));
#4606=CARTESIAN_POINT('',(110.718859880358,1.75,18.4772899375556));
#4607=CARTESIAN_POINT('',(127.000001892447,4.2,18.4772899375556));
#4608=CARTESIAN_POINT('',(63.5000009462237,4.2,18.4772899375556));
#4609=CARTESIAN_POINT('',(127.000001892447,0.,18.4772899375556));
#4610=CARTESIAN_POINT('',(127.000001892447,0.,18.4772899375556));
#4611=CARTESIAN_POINT('',(88.7188598803578,0.,18.4772899375556));
#4612=CARTESIAN_POINT('',(63.5000009462237,0.,18.4772899375556));
#4613=CARTESIAN_POINT('',(88.7188598803579,1.6,18.4772899375556));
#4614=CARTESIAN_POINT('',(88.7188598803578,0.,18.4772899375556));
#4615=CARTESIAN_POINT('',(63.5000009462237,1.6,18.4772899375556));
#4616=CARTESIAN_POINT('Origin',(-0.0065090930105729,0.,45.3256604760032));
#4617=CARTESIAN_POINT('',(-1.15650909301057,4.2,45.3256604760032));
#4618=CARTESIAN_POINT('Origin',(-0.0065090930105729,4.2,45.3256604760032));
#4619=CARTESIAN_POINT('',(-1.15650909301057,0.,45.3256604760032));
#4620=CARTESIAN_POINT('Origin',(-4.74271030121782,-0.608359506684607,-30.3588716176195));
#4621=CARTESIAN_POINT('',(-4.74271030121782,0.,-12.9945525035376));
#4622=CARTESIAN_POINT('Origin',(-2.45650909301057,0.,45.3256604952684));
#4623=CARTESIAN_POINT('',(-2.45650909301057,4.2,45.6756604760032));
#4624=CARTESIAN_POINT('',(-2.45650909301057,1.9,45.6756604760032));
#4625=CARTESIAN_POINT('',(-2.45650909301057,0.,45.6756604760032));
#4626=CARTESIAN_POINT('',(-2.45650909301057,4.2,45.3256604952684));
#4627=CARTESIAN_POINT('',(-2.45650909301057,4.2,46.6756604760032));
#4628=CARTESIAN_POINT('',(-2.45650909301057,1.9,45.3256604760032));
#4629=CARTESIAN_POINT('',(-2.45650909301057,0.,45.3256604760032));
#4630=CARTESIAN_POINT('',(-2.45650909301059,1.9,24.0977134034404));
#4631=CARTESIAN_POINT('Origin',(0.,1.9,2.86976631161232));
#4632=CARTESIAN_POINT('',(2.44349090698942,1.9,45.6756604760032));
#4633=CARTESIAN_POINT('',(3.44349090698942,1.9,46.6756604760032));
#4634=CARTESIAN_POINT('Origin',(3.44349090698942,1.9,45.6756604760032));
#4635=CARTESIAN_POINT('',(4.29890753264325,1.9,46.6756604760032));
#4636=CARTESIAN_POINT('',(-3.45650909301057,1.9,46.6756604760032));
#4637=CARTESIAN_POINT('',(4.29890753264325,1.9,46.6756604760032));
#4638=CARTESIAN_POINT('Origin',(-3.45650909301057,1.9,45.6756604760032));
#4639=CARTESIAN_POINT('',(2.44349090698942,1.9,45.3256604760032));
#4640=CARTESIAN_POINT('Origin',(-0.0065090930105729,1.9,45.3256604760032));
#4641=CARTESIAN_POINT('',(2.44349090698942,1.9,24.7727133938078));
#4642=CARTESIAN_POINT('Origin',(-0.0065090930105729,0.,45.3256604760032));
#4643=CARTESIAN_POINT('',(2.44349090698942,4.2,45.3256604760032));
#4644=CARTESIAN_POINT('',(2.44349090698942,0.,45.3256604760032));
#4645=CARTESIAN_POINT('Origin',(-0.0065090930105729,4.2,45.3256604760032));
#4646=CARTESIAN_POINT('Origin',(2.44349090698942,0.,46.6756604760032));
#4647=CARTESIAN_POINT('',(2.44349090698942,4.2,45.6756604760032));
#4648=CARTESIAN_POINT('',(2.44349090698942,0.,45.6756604760032));
#4649=CARTESIAN_POINT('',(2.44349090698942,4.2,46.6756604760032));
#4650=CARTESIAN_POINT('Origin',(0.,-4.,-6.58957607973492));
#4651=CARTESIAN_POINT('',(-17.5000241809461,-4.,1.53747828018026));
#4652=CARTESIAN_POINT('Origin',(-88.7188598803578,0.,18.4772899375556));
#4653=CARTESIAN_POINT('',(-110.718859880358,4.2,18.4772899375556));
#4654=CARTESIAN_POINT('',(-110.718859880358,1.6,18.4772899375556));
#4655=CARTESIAN_POINT('',(-110.718859880358,1.75,18.4772899375556));
#4656=CARTESIAN_POINT('',(-44.3594299401789,1.6,18.4772899375556));
#4657=CARTESIAN_POINT('',(-127.000001892447,0.,18.4772899375556));
#4658=CARTESIAN_POINT('',(-44.3594299401789,0.,18.4772899375556));
#4659=CARTESIAN_POINT('',(-127.000001892447,4.2,18.4772899375556));
#4660=CARTESIAN_POINT('',(-127.000001892447,0.,18.4772899375556));
#4661=CARTESIAN_POINT('',(-44.3594299401789,4.2,18.4772899375556));
#4662=CARTESIAN_POINT('Origin',(88.7188598803578,0.,18.4772899375556));
#4663=CARTESIAN_POINT('',(88.7188598803579,4.2,32.7193831000645));
#4664=CARTESIAN_POINT('',(88.7188598803579,0.,32.7193831000645));
#4665=CARTESIAN_POINT('',(88.7188598803579,0.,32.7193831000645));
#4666=CARTESIAN_POINT('',(88.7188598803579,4.2,24.4772899375556));
#4667=CARTESIAN_POINT('',(88.7188598803578,4.2,10.4235281245838));
#4668=CARTESIAN_POINT('',(88.7188598803579,1.6,24.4772899375556));
#4669=CARTESIAN_POINT('',(88.7188598803579,1.75,24.4772899375556));
#4670=CARTESIAN_POINT('',(88.7188598803578,1.6,5.31639183759174));
#4671=CARTESIAN_POINT('',(88.7188598803578,0.,10.4235281245838));
#4672=CARTESIAN_POINT('Origin',(0.,1.6,-7.84450626237178));
#4673=CARTESIAN_POINT('',(-110.718859880358,1.6,23.4772899375556));
#4674=CARTESIAN_POINT('',(-109.718859880358,1.6,24.4772899375556));
#4675=CARTESIAN_POINT('Origin',(-109.718859880358,1.6,23.4772899375556));
#4676=CARTESIAN_POINT('',(-55.3594299401789,1.6,24.4772899375556));
#4677=CARTESIAN_POINT('',(-110.718859880358,1.6,5.31639183759193));
#4678=CARTESIAN_POINT('Origin',(-110.718859880358,3.5,18.4772899375556));
#4679=CARTESIAN_POINT('',(-110.718859880358,4.2,23.4772899375556));
#4680=CARTESIAN_POINT('',(-110.718859880358,3.5,23.4772899375556));
#4681=CARTESIAN_POINT('',(-110.718859880358,4.2,31.6264752067794));
#4682=CARTESIAN_POINT('Origin',(88.7188598803579,3.5,24.4772899375556));
#4683=CARTESIAN_POINT('',(109.718859880358,1.6,24.4772899375556));
#4684=CARTESIAN_POINT('',(109.718859880358,4.2,24.4772899375556));
#4685=CARTESIAN_POINT('',(109.718859880358,3.5,24.4772899375556));
#4686=CARTESIAN_POINT('',(44.3594299401789,1.6,24.4772899375556));
#4687=CARTESIAN_POINT('',(44.3561753936736,4.2,24.4772899375556));
#4688=CARTESIAN_POINT('Origin',(-110.718859880358,3.5,24.4772899375556));
#4689=CARTESIAN_POINT('',(-109.718859880358,4.2,24.4772899375556));
#4690=CARTESIAN_POINT('',(-109.718859880358,3.5,24.4772899375556));
#4691=CARTESIAN_POINT('',(-55.3626844866842,4.2,24.4772899375556));
#4692=CARTESIAN_POINT('Origin',(-109.718859880358,3.5,23.4772899375556));
#4693=CARTESIAN_POINT('Origin',(-109.718859880358,4.2,23.4772899375556));
#4694=CARTESIAN_POINT('Origin',(110.718859880358,3.5,24.4772899375556));
#4695=CARTESIAN_POINT('',(110.718859880358,4.2,23.4772899375556));
#4696=CARTESIAN_POINT('',(110.718859880358,1.6,23.4772899375556));
#4697=CARTESIAN_POINT('',(110.718859880358,3.5,23.4772899375556));
#4698=CARTESIAN_POINT('',(110.718859880358,4.2,34.6264752067794));
#4699=CARTESIAN_POINT('',(110.718859880358,1.6,8.31639183759192));
#4700=CARTESIAN_POINT('Origin',(0.,1.6,-7.84450626237178));
#4701=CARTESIAN_POINT('Origin',(109.718859880358,1.6,23.4772899375556));
#4702=CARTESIAN_POINT('Origin',(109.718859880358,3.5,23.4772899375556));
#4703=CARTESIAN_POINT('Origin',(109.718859880358,4.2,23.4772899375556));
#4704=CARTESIAN_POINT('Origin',(8.59781506528655,0.,46.6756604760032));
#4705=CARTESIAN_POINT('',(-8.38635465243421,4.2,46.6756604760032));
#4706=CARTESIAN_POINT('',(-8.38635465243421,0.,46.6756604760032));
#4707=CARTESIAN_POINT('',(-8.38635465243421,0.,46.6756604760032));
#4708=CARTESIAN_POINT('',(-3.45650909301057,4.2,46.6756604760032));
#4709=CARTESIAN_POINT('',(4.29890753264325,4.2,46.6756604760032));
#4710=CARTESIAN_POINT('',(-3.45650909301057,0.,46.6756604760032));
#4711=CARTESIAN_POINT('',(4.29890753264325,0.,46.6756604760032));
#4712=CARTESIAN_POINT('Origin',(-3.45650909301057,0.,45.6756604760032));
#4713=CARTESIAN_POINT('Origin',(-3.45650909301057,4.2,45.6756604760032));
#4714=CARTESIAN_POINT('Origin',(8.59781506528655,0.,46.6756604760032));
#4715=CARTESIAN_POINT('',(8.38635465243407,0.,46.6756604760032));
#4716=CARTESIAN_POINT('',(8.38635465243407,4.2,46.6756604760032));
#4717=CARTESIAN_POINT('',(8.38635465243407,0.,46.6756604760032));
#4718=CARTESIAN_POINT('',(4.29890753264325,0.,46.6756604760032));
#4719=CARTESIAN_POINT('',(3.44349090698942,4.2,46.6756604760032));
#4720=CARTESIAN_POINT('',(3.44349090698942,0.,46.6756604760032));
#4721=CARTESIAN_POINT('',(4.29890753264325,4.2,46.6756604760032));
#4722=CARTESIAN_POINT('Origin',(3.44349090698942,0.,45.6756604760032));
#4723=CARTESIAN_POINT('Origin',(3.44349090698942,4.2,45.6756604760032));
#4724=CARTESIAN_POINT('Origin',(85.7188598803579,0.,32.7193831000645));
#4725=CARTESIAN_POINT('',(86.1396898587838,0.,35.6897201397383));
#4726=CARTESIAN_POINT('Origin',(85.7188598803579,0.,32.7193831000645));
#4727=CARTESIAN_POINT('',(86.1396898587838,4.2,35.6897201397383));
#4728=CARTESIAN_POINT('',(86.1396898587838,0.,35.6897201397383));
#4729=CARTESIAN_POINT('Origin',(85.7188598803579,4.2,32.7193831000645));
#4730=CARTESIAN_POINT('Origin',(88.7188598803579,0.,35.3243097334314));
#4731=CARTESIAN_POINT('',(8.80718463086,4.2,46.645997515677));
#4732=CARTESIAN_POINT('',(8.80718463086,0.,46.645997515677));
#4733=CARTESIAN_POINT('',(8.80718463086001,0.,46.645997515677));
#4734=CARTESIAN_POINT('',(47.5208369919028,4.2,41.161143349203));
#4735=CARTESIAN_POINT('',(47.5208369919028,0.,41.161143349203));
#4736=CARTESIAN_POINT('Origin',(8.38635465243407,0.,43.6756604760032));
#4737=CARTESIAN_POINT('Origin',(8.38635465243407,0.,43.6756604760032));
#4738=CARTESIAN_POINT('Origin',(8.38635465243407,4.2,43.6756604760032));
#4739=CARTESIAN_POINT('Origin',(-8.3863546524342,0.,43.6756604760032));
#4740=CARTESIAN_POINT('',(-8.80718463086014,0.,46.645997515677));
#4741=CARTESIAN_POINT('Origin',(-8.3863546524342,0.,43.6756604760032));
#4742=CARTESIAN_POINT('',(-8.80718463086014,4.2,46.645997515677));
#4743=CARTESIAN_POINT('',(-8.80718463086014,0.,46.645997515677));
#4744=CARTESIAN_POINT('Origin',(-8.3863546524342,4.2,43.6756604760032));
#4745=CARTESIAN_POINT('Origin',(-8.59781506528655,0.,46.6756604760032));
#4746=CARTESIAN_POINT('',(-86.1396898587838,4.2,35.6897201397383));
#4747=CARTESIAN_POINT('',(-86.1396898587838,0.,35.6897201397383));
#4748=CARTESIAN_POINT('',(-86.1396898587838,0.,35.6897201397383));
#4749=CARTESIAN_POINT('',(-7.46031458436713,4.2,46.836818720489));
#4750=CARTESIAN_POINT('',(-7.46031458436713,0.,46.836818720489));
#4751=CARTESIAN_POINT('Origin',(0.,0.,2.36976631161225));
#4752=CARTESIAN_POINT('',(-127.000001892447,0.,-45.4361278527787));
#4753=CARTESIAN_POINT('Origin',(-85.7188598803579,0.,32.7193831000645));
#4754=CARTESIAN_POINT('',(127.000001892447,0.,-45.4361278527786));
#4755=CARTESIAN_POINT('',(20.5000241809461,0.,-28.204270040034));
#4756=CARTESIAN_POINT('Origin',(20.5000241809461,0.,-25.204270040034));
#4757=CARTESIAN_POINT('',(100.500024180946,0.,-28.204270040034));
#4758=CARTESIAN_POINT('',(8.75001209047303,0.,-28.204270040034));
#4759=CARTESIAN_POINT('Origin',(100.500024180946,0.,-25.204270040034));
#4760=CARTESIAN_POINT('',(100.500024180946,0.,13.795729959966));
#4761=CARTESIAN_POINT('Origin',(100.500024180946,0.,10.795729959966));
#4762=CARTESIAN_POINT('',(20.5000241809461,0.,13.7957299599661));
#4763=CARTESIAN_POINT('',(51.750012090473,0.,13.795729959966));
#4764=CARTESIAN_POINT('Origin',(20.5000241809461,0.,10.7957299599661));
#4765=CARTESIAN_POINT('',(-17.5000241809461,0.,10.7957299599661));
#4766=CARTESIAN_POINT('',(-17.5000241809461,0.,-12.9172518642109));
#4767=CARTESIAN_POINT('',(-20.5000241809461,0.,13.7957299599661));
#4768=CARTESIAN_POINT('Origin',(-20.5000241809461,0.,10.7957299599661));
#4769=CARTESIAN_POINT('',(-100.500461336006,0.,13.795729959966));
#4770=CARTESIAN_POINT('',(-8.75001209047303,0.,13.7957299599661));
#4771=CARTESIAN_POINT('',(-103.500461336006,0.,10.795729959966));
#4772=CARTESIAN_POINT('Origin',(-100.500461336006,0.,10.795729959966));
#4773=CARTESIAN_POINT('',(-103.500461336006,0.,-25.204270040034));
#4774=CARTESIAN_POINT('',(-103.500461336006,0.,8.08274813578914));
#4775=CARTESIAN_POINT('Origin',(-100.500461336006,0.,-25.204270040034));
#4776=CARTESIAN_POINT('',(-17.5000241809461,0.,-25.204270040034));
#4777=CARTESIAN_POINT('Origin',(-20.5000241809461,0.,-25.204270040034));
#4778=CARTESIAN_POINT('',(-17.5000241809461,0.,-12.9172518642109));
#4779=CARTESIAN_POINT('Origin',(-85.7188598803579,0.,32.7193831000645));
#4780=CARTESIAN_POINT('Origin',(-85.7188598803579,4.2,32.7193831000645));
#4781=CARTESIAN_POINT('Origin',(20.5000241809461,0.,-25.204270040034));
#4782=CARTESIAN_POINT('',(20.5000241809461,-5.,-28.204270040034));
#4783=CARTESIAN_POINT('Origin',(20.5000241809461,-5.,-25.204270040034));
#4784=CARTESIAN_POINT('',(20.5000241809461,0.,-28.204270040034));
#4785=CARTESIAN_POINT('Origin',(17.5000241809461,0.,-28.204270040034));
#4786=CARTESIAN_POINT('',(100.500024180946,-5.,-28.204270040034));
#4787=CARTESIAN_POINT('',(100.500024180946,0.,-28.204270040034));
#4788=CARTESIAN_POINT('',(17.5000241809461,-5.,-28.204270040034));
#4789=CARTESIAN_POINT('Origin',(100.500024180946,0.,-25.204270040034));
#4790=CARTESIAN_POINT('Origin',(100.500024180946,-5.,-25.204270040034));
#4791=CARTESIAN_POINT('Origin',(100.500024180946,0.,10.795729959966));
#4792=CARTESIAN_POINT('',(100.500024180946,-5.,13.795729959966));
#4793=CARTESIAN_POINT('Origin',(100.500024180946,-5.,10.795729959966));
#4794=CARTESIAN_POINT('',(100.500024180946,0.,13.795729959966));
#4795=CARTESIAN_POINT('Origin',(103.500024180946,0.,13.795729959966));
#4796=CARTESIAN_POINT('',(20.5000241809461,-5.,13.7957299599661));
#4797=CARTESIAN_POINT('',(20.5000241809461,0.,13.7957299599661));
#4798=CARTESIAN_POINT('',(103.500024180946,-5.,13.795729959966));
#4799=CARTESIAN_POINT('Origin',(60.5000241809461,-5.,-7.20427004003396));
#4800=CARTESIAN_POINT('Origin',(20.5000241809461,-5.,10.7957299599661));
#4801=CARTESIAN_POINT('Origin',(20.5000241809461,0.,10.7957299599661));
#4802=CARTESIAN_POINT('Origin',(-100.500461336006,0.,10.795729959966));
#4803=CARTESIAN_POINT('',(-103.500461336006,-5.,10.795729959966));
#4804=CARTESIAN_POINT('',(-100.500461336006,-5.,13.795729959966));
#4805=CARTESIAN_POINT('Origin',(-100.500461336006,-5.,10.795729959966));
#4806=CARTESIAN_POINT('',(-103.500461336006,0.,10.795729959966));
#4807=CARTESIAN_POINT('',(-100.500461336006,0.,13.795729959966));
#4808=CARTESIAN_POINT('Origin',(-17.5000241809461,0.,13.7957299599661));
#4809=CARTESIAN_POINT('',(-20.5000241809461,-5.,13.7957299599661));
#4810=CARTESIAN_POINT('',(-20.5000241809461,0.,13.7957299599661));
#4811=CARTESIAN_POINT('',(-103.500461336006,-5.,13.795729959966));
#4812=CARTESIAN_POINT('Origin',(-20.5000241809461,0.,10.7957299599661));
#4813=CARTESIAN_POINT('',(-17.5000241809461,-5.,10.7957299599661));
#4814=CARTESIAN_POINT('Origin',(-20.5000241809461,-5.,10.7957299599661));
#4815=CARTESIAN_POINT('',(-17.5000241809461,0.,10.7957299599661));
#4816=CARTESIAN_POINT('Origin',(-17.5000241809461,0.,-28.204270040034));
#4817=CARTESIAN_POINT('',(-17.5000241809461,-5.,-25.204270040034));
#4818=CARTESIAN_POINT('',(-17.5000241809461,0.,-25.204270040034));
#4819=CARTESIAN_POINT('',(-17.5000241809461,-5.,13.7957299599661));
#4820=CARTESIAN_POINT('Origin',(-20.5000241809461,0.,-25.204270040034));
#4821=CARTESIAN_POINT('Origin',(-20.5000241809461,-5.,-25.204270040034));
#4822=CARTESIAN_POINT('Origin',(-103.500461336006,0.,13.795729959966));
#4823=CARTESIAN_POINT('',(-103.500461336006,-5.,-25.204270040034));
#4824=CARTESIAN_POINT('',(-103.500461336006,0.,-25.204270040034));
#4825=CARTESIAN_POINT('',(-103.500461336006,-5.,-28.204270040034));
#4826=CARTESIAN_POINT('Origin',(60.5000241809461,-5.,-7.20427004003396));
#4827=CARTESIAN_POINT('Origin',(-100.500461336006,-5.,-25.204270040034));
#4828=CARTESIAN_POINT('Origin',(-100.500461336006,0.,-25.204270040034));
#4829=CARTESIAN_POINT('Origin',(-8.63305846742891,0.,47.1756604760032));
#4830=CARTESIAN_POINT('',(-8.63305846742891,4.2,50.1756604760032));
#4831=CARTESIAN_POINT('',(-9.05388844585484,4.2,50.145997515677));
#4832=CARTESIAN_POINT('Origin',(-8.63305846742891,4.2,47.1756604760032));
#4833=CARTESIAN_POINT('',(-9.05388844585484,-1.25282643812627,50.145997515677));
#4834=CARTESIAN_POINT('',(-9.05388844585484,0.,50.145997515677));
#4835=CARTESIAN_POINT('',(-8.63305846742891,-1.24812828675664,50.1756604760032));
#4836=CARTESIAN_POINT('Origin',(-8.63305846742891,-1.72328160773024,47.1756604760032));
#4837=CARTESIAN_POINT('',(-8.63305846742891,0.,50.1756604760032));
#4838=CARTESIAN_POINT('Origin',(8.84451888028119,0.,50.1756604760032));
#4839=CARTESIAN_POINT('',(8.63305846742886,4.2,50.1756604760032));
#4840=CARTESIAN_POINT('',(8.63305846742886,-1.24812828675664,50.1756604760032));
#4841=CARTESIAN_POINT('',(8.63305846742886,0.,50.1756604760032));
#4842=CARTESIAN_POINT('',(4.42225944014062,4.2,50.1756604760032));
#4843=CARTESIAN_POINT('',(4.42225944014063,-1.24812828675664,50.1756604760032));
#4844=CARTESIAN_POINT('Origin',(8.63305846742886,0.,47.1756604760032));
#4845=CARTESIAN_POINT('',(9.05388844585479,4.2,50.145997515677));
#4846=CARTESIAN_POINT('Origin',(8.63305846742886,4.2,47.1756604760032));
#4847=CARTESIAN_POINT('',(9.05388844585479,-1.25282643812627,50.145997515677));
#4848=CARTESIAN_POINT('Origin',(8.63305846742886,-1.72328160773025,47.1756604760032));
#4849=CARTESIAN_POINT('',(9.05388844585479,0.,50.145997515677));
#4850=CARTESIAN_POINT('Origin',(92.2188598803579,0.,38.3633908056926));
#4851=CARTESIAN_POINT('',(91.7706403043859,4.2,38.4268934425877));
#4852=CARTESIAN_POINT('',(91.7706403043859,-3.10895017784751,38.4268934425877));
#4853=CARTESIAN_POINT('',(91.7706403043859,0.,38.4268934425877));
#4854=CARTESIAN_POINT('',(49.5163211459846,4.2,44.4133804918101));
#4855=CARTESIAN_POINT('',(49.4677124075822,-2.15969302056378,44.420267257204));
#4856=CARTESIAN_POINT('Origin',(91.34981032596,0.,35.4565564029139));
#4857=CARTESIAN_POINT('Origin',(91.34981032596,4.2,35.4565564029139));
#4858=CARTESIAN_POINT('Origin',(91.34981032596,-3.57940534745148,35.4565564029139));
#4859=CARTESIAN_POINT('Origin',(-8.8445188802814,0.,50.1756604760032));
#4860=CARTESIAN_POINT('',(-91.7706403043859,-3.10895017784751,38.4268934425877));
#4861=CARTESIAN_POINT('',(-91.7706403043859,4.2,38.4268934425877));
#4862=CARTESIAN_POINT('',(-91.7706403043859,0.,38.4268934425877));
#4863=CARTESIAN_POINT('',(-7.80110952339807,-1.22471468752742,50.3234881236007));
#4864=CARTESIAN_POINT('',(-7.82915064594636,4.2,50.3195153269654));
#4865=CARTESIAN_POINT('Origin',(-91.34981032596,0.,35.456556402914));
#4866=CARTESIAN_POINT('Origin',(-91.34981032596,4.2,35.456556402914));
#4867=CARTESIAN_POINT('Origin',(-91.34981032596,-3.57940534745148,35.456556402914));
#4868=CARTESIAN_POINT('Origin',(-0.00650909301057295,4.2,44.7756604760032));
#4869=CARTESIAN_POINT('',(127.000001892447,4.2,20.0743894750282));
#4870=CARTESIAN_POINT('Origin',(124.000001892447,4.2,20.0743894750282));
#4871=CARTESIAN_POINT('',(127.000001892447,4.2,-21.5331807705832));
#4872=CARTESIAN_POINT('',(-127.000001892447,4.2,20.0743894750282));
#4873=CARTESIAN_POINT('',(-127.000001892447,4.2,12.1735281245839));
#4874=CARTESIAN_POINT('Origin',(-124.000001892447,4.2,20.0743894750282));
#4875=CARTESIAN_POINT('Origin',(-124.000001892447,0.,20.0743894750282));
#4876=CARTESIAN_POINT('',(-127.000001892447,-6.01570124730325,20.0743894750282));
#4877=CARTESIAN_POINT('',(-127.000001892447,0.,20.0743894750282));
#4878=CARTESIAN_POINT('Origin',(-124.000001892447,-6.01570124730325,20.0743894750282));
#4879=CARTESIAN_POINT('Origin',(1.76701272269538E-14,-8.60155410338263,
3.74795708823025));
#4880=CARTESIAN_POINT('',(127.000001892447,-6.01570124730326,20.0743894750282));
#4881=CARTESIAN_POINT('Origin',(124.000001892447,-6.01570124730325,20.0743894750282));
#4882=CARTESIAN_POINT('',(-127.000001892447,-10.93767437106,-11.0017257902808));
#4883=CARTESIAN_POINT('',(-127.000001892447,-7.08801318596906,13.3040783480728));
#4884=CARTESIAN_POINT('',(127.000001892447,-10.93767437106,-11.0017257902807));
#4885=CARTESIAN_POINT('',(1.9835808198998E-14,-10.93767437106,-11.0017257902807));
#4886=CARTESIAN_POINT('',(127.000001892447,-12.295986122497,-19.577768668317));
#4887=CARTESIAN_POINT('Origin',(124.000001892447,0.,20.0743894750282));
#4888=CARTESIAN_POINT('',(127.000001892447,0.,20.0743894750282));
#4889=CARTESIAN_POINT('Origin',(127.000001892447,0.,-45.4361278527786));
#4890=CARTESIAN_POINT('',(127.000001892447,-9.04158755808886,-22.9731467776326));
#4891=CARTESIAN_POINT('Origin',(1.8214794013654E-14,-12.733572403018,0.337128129195897));
#4892=CARTESIAN_POINT('',(-127.000001892447,-14.2495604946168,9.90870023875724));
#4893=CARTESIAN_POINT('Origin',(-127.000001892447,0.,21.9772899375556));
#4894=UNCERTAINTY_MEASURE_WITH_UNIT(LENGTH_MEASURE(0.01),#4898,
'DISTANCE_ACCURACY_VALUE',
'Maximum model space distance between geometric entities at asserted c
onnectivities');
#4895=UNCERTAINTY_MEASURE_WITH_UNIT(LENGTH_MEASURE(0.01),#4898,
'DISTANCE_ACCURACY_VALUE',
'Maximum model space distance between geometric entities at asserted c
onnectivities');
#4896=(
GEOMETRIC_REPRESENTATION_CONTEXT(3)
GLOBAL_UNCERTAINTY_ASSIGNED_CONTEXT((#4894))
GLOBAL_UNIT_ASSIGNED_CONTEXT((#4898,#4899,#4900))
REPRESENTATION_CONTEXT('','3D')
);
#4897=(
GEOMETRIC_REPRESENTATION_CONTEXT(3)
GLOBAL_UNCERTAINTY_ASSIGNED_CONTEXT((#4895))
GLOBAL_UNIT_ASSIGNED_CONTEXT((#4898,#4899,#4900))
REPRESENTATION_CONTEXT('','3D')
);
#4898=(
LENGTH_UNIT()
NAMED_UNIT(*)
SI_UNIT(.MILLI.,.METRE.)
);
#4899=(
NAMED_UNIT(*)
PLANE_ANGLE_UNIT()
SI_UNIT($,.RADIAN.)
);
#4900=(
NAMED_UNIT(*)
SI_UNIT($,.STERADIAN.)
SOLID_ANGLE_UNIT()
);
#4901=SHAPE_DEFINITION_REPRESENTATION(#4902,#4903);
#4902=PRODUCT_DEFINITION_SHAPE('',$,#4905);
#4903=SHAPE_REPRESENTATION('',(#2922),#4896);
#4904=PRODUCT_DEFINITION_CONTEXT('part definition',#4909,'design');
#4905=PRODUCT_DEFINITION('2026-05-22-02-35-04-396','carot48',#4906,#4904);
#4906=PRODUCT_DEFINITION_FORMATION('',$,#4911);
#4907=PRODUCT_RELATED_PRODUCT_CATEGORY('carot48','carot48',(#4911));
#4908=APPLICATION_PROTOCOL_DEFINITION('international standard',
'automotive_design',2009,#4909);
#4909=APPLICATION_CONTEXT(
'Core Data for Automotive Mechanical Design Process');
#4910=PRODUCT_CONTEXT('part definition',#4909,'mechanical');
#4911=PRODUCT('2026-05-22-02-35-04-396','carot48',$,(#4910));
#4912=PRESENTATION_STYLE_ASSIGNMENT((#4913));
#4913=SURFACE_STYLE_USAGE(.BOTH.,#4914);
#4914=SURFACE_SIDE_STYLE('',(#4915));
#4915=SURFACE_STYLE_FILL_AREA(#4916);
#4916=FILL_AREA_STYLE('\X2\92FC\X0\ - \X2\30B530C630F3\X0\',(#4917));
#4917=FILL_AREA_STYLE_COLOUR('\X2\92FC\X0\ - \X2\30B530C630F3\X0\',#4918);
#4918=COLOUR_RGB('\X2\92FC\X0\ - \X2\30B530C630F3\X0\',0.627450980392157,
0.627450980392157,0.627450980392157);
ENDSEC;
END-ISO-10303-21;
