  0
SECTION
  2
HEADER
  9
$ANGBASE
  50
0.0
  9
$ANGDIR
  70
1
  9
$MEASUREMENT
  70
1
  9
$INSUNITS
  70
4
  0
ENDSEC
  0
SECTION
  2
TABLES
  0
TABLE
  2
LTYPE
  70
4
  0
LTYPE
  5
40F
  2
CONTINUOUS
  70
0
  3
Solid line
  72
65
  73
0
  40
0.0
  0
LTYPE
  5
410
  2
DASHDOT
 70
0
  3
Dash Dot ____ _ ____ _
 72
65
 73
4
 40
2.0
 49
1.25
 49
-0.25
 49
0.25
 49
-0.25
  0
LTYPE
  5
411
  2
DASHED
 70
0
  3
Dashed __ __ __ __ __
 72
65
 73
2
 40
0.75
 49
0.5
 49
-0.25
  0
LTYPE
  5
43B
  2
DOTTED
 70
0
  3
Dotted .  .  .  .
 72
65
 73
2
 40
0.2
 49
0.0
 49
-0.2
  0
ENDTAB
  0
TABLE
  2
STYLE
  70
4
  0
STYLE
  2
KICAD
  70
0
  40
0
  41
1
  42
1
  50
0
  71
0
  3
isocp.shx
  0
STYLE
  2
KICADB
  70
0
  40
0
  41
1
  42
1
  50
0
  71
0
  3
isocp.shx
  0
STYLE
  2
KICADI
  70
0
  40
0
  41
1
  42
1
  50
15
  71
0
  3
isocp.shx
  0
STYLE
  2
KICADBI
  70
0
  40
0
  41
1
  42
1
  50
15
  71
0
  3
isocp.shx
  0
ENDTAB
  0
TABLE
  2
LAYER
  70
1
  0
LAYER
  2
User.Drawings
  70
0
  62
9
  420
12763842
  6
CONTINUOUS
  0
ENDTAB
  0
ENDSEC
  0
SECTION
  2
ENTITIES
0
LINE
8
User.Drawings
6
CONTINUOUS
10
104.4445489423629141
20
-134.9699595051714311
11
104.466590483115823
21
-134.9829436808200001
0
LINE
8
User.Drawings
6
CONTINUOUS
10
104.466590483115823
20
-134.9829436808200001
11
104.4819856435108107
21
-135.0033732361224565
0
LINE
8
User.Drawings
6
CONTINUOUS
10
104.4819856435108107
20
-135.0033732361224565
11
104.4883916247370053
21
-135.0281404659396571
0
LINE
8
User.Drawings
6
CONTINUOUS
10
104.4883916247370053
20
-135.0281404659396571
11
104.4878583757539303
21
-135.0409821504665331
0
LINE
8
User.Drawings
6
CONTINUOUS
10
104.4878583757539303
20
-135.0409821504665331
11
104.3661963089971891
21
-135.9066533045198071
0
LINE
8
User.Drawings
6
CONTINUOUS
10
104.3661963089971891
20
-135.9066533045198071
11
104.3631690282949194
21
-135.9191444434036953
0
LINE
8
User.Drawings
6
CONTINUOUS
10
104.3631690282949194
20
-135.9191444434036953
11
104.3501848526463647
21
-135.9411859841565615
0
LINE
8
User.Drawings
6
CONTINUOUS
10
104.3501848526463647
20
-135.9411859841565615
11
104.3297552973439224
21
-135.9565811445515635
0
LINE
8
User.Drawings
6
CONTINUOUS
10
104.3297552973439224
20
-135.9565811445515635
11
104.3049880675267076
21
-135.9629871257777722
0
LINE
8
User.Drawings
6
CONTINUOUS
10
104.3049880675267076
20
-135.9629871257777722
11
104.2921463829998459
21
-135.9624538767946831
0
LINE
8
User.Drawings
6
CONTINUOUS
10
104.2921463829998459
20
-135.9624538767946831
11
103.4264752289465719
21
-135.8407918100379561
0
LINE
8
User.Drawings
6
CONTINUOUS
10
103.4264752289465719
20
-135.8407918100379561
11
103.4139840900626837
21
-135.8377645293356579
0
LINE
8
User.Drawings
6
CONTINUOUS
10
103.4139840900626837
20
-135.8377645293356579
11
103.391942549309789
21
-135.8247803536871174
0
LINE
8
User.Drawings
6
CONTINUOUS
10
103.391942549309789
20
-135.8247803536871174
11
103.376547388914787
21
-135.8043507983846894
0
LINE
8
User.Drawings
6
CONTINUOUS
10
103.376547388914787
20
-135.8043507983846894
11
103.3701414076885925
21
-135.7795835685674888
0
LINE
8
User.Drawings
6
CONTINUOUS
10
103.3701414076885925
20
-135.7795835685674888
11
103.3737019373739514
21
-135.7542507451567246
0
LINE
8
User.Drawings
6
CONTINUOUS
10
103.3737019373739514
20
-135.7542507451567246
11
103.3866861130225203
21
-135.7322092044038016
0
LINE
8
User.Drawings
6
CONTINUOUS
10
103.3866861130225203
20
-135.7322092044038016
11
103.4071156683249484
21
-135.716814044008828
0
LINE
8
User.Drawings
6
CONTINUOUS
10
103.4071156683249484
20
-135.716814044008828
11
103.431882898142149
21
-135.7104080627826477
0
LINE
8
User.Drawings
6
CONTINUOUS
10
103.431882898142149
20
-135.7104080627826477
11
103.4447245826690107
21
-135.7109413117657084
0
LINE
8
User.Drawings
6
CONTINUOUS
10
103.4447245826690107
20
-135.7109413117657084
11
104.2454696134075078
21
-135.8234787016612302
0
LINE
8
User.Drawings
6
CONTINUOUS
10
104.2454696134075078
20
-135.8234787016612302
11
104.3580078774816826
21
-135.0227327967440658
0
LINE
8
User.Drawings
6
CONTINUOUS
10
104.3580078774816826
20
-135.0227327967440658
11
104.3610351581839524
21
-135.0102416578601776
0
LINE
8
User.Drawings
6
CONTINUOUS
10
104.3610351581839524
20
-135.0102416578601776
11
104.3740193338325213
21
-134.9882001171072545
0
LINE
8
User.Drawings
6
CONTINUOUS
10
104.3740193338325213
20
-134.9882001171072545
11
104.3944488891349494
21
-134.972804956712281
0
LINE
8
User.Drawings
6
CONTINUOUS
10
104.3944488891349494
20
-134.972804956712281
11
104.4192161189521642
21
-134.9663989754861007
0
LINE
8
User.Drawings
6
CONTINUOUS
10
104.4192161189521642
20
-134.9663989754861007
11
104.4445489423629141
21
-134.9699595051714311
0
LINE
8
User.Drawings
6
CONTINUOUS
10
92.3251519114383967
20
-133.2666896963985153
11
92.3471934521913198
21
-133.2796738720470842
0
LINE
8
User.Drawings
6
CONTINUOUS
10
92.3471934521913198
20
-133.2796738720470842
11
92.3625886125863218
21
-133.3001034273495122
0
LINE
8
User.Drawings
6
CONTINUOUS
10
92.3625886125863218
20
-133.3001034273495122
11
92.3689945938125021
21
-133.3248706571667412
0
LINE
8
User.Drawings
6
CONTINUOUS
10
92.3689945938125021
20
-133.3248706571667412
11
92.3684613448294414
21
-133.3377123416935888
0
LINE
8
User.Drawings
6
CONTINUOUS
10
92.3684613448294414
20
-133.3377123416935888
11
92.2559230807552524
21
-134.1384573724320717
0
LINE
8
User.Drawings
6
CONTINUOUS
10
92.2559230807552524
20
-134.1384573724320717
11
93.0566698598510555
21
-134.2509956365062465
0
LINE
8
User.Drawings
6
CONTINUOUS
10
93.0566698598510555
20
-134.2509956365062465
11
93.0691609987349437
21
-134.2540229172085446
0
LINE
8
User.Drawings
6
CONTINUOUS
10
93.0691609987349437
20
-134.2540229172085446
11
93.0912025394878526
21
-134.2670070928570851
0
LINE
8
User.Drawings
6
CONTINUOUS
10
93.0912025394878526
20
-134.2670070928570851
11
93.1065976998828404
21
-134.2874366481595416
0
LINE
8
User.Drawings
6
CONTINUOUS
10
93.1065976998828404
20
-134.2874366481595416
11
93.1130036811090491
21
-134.3122038779767422
0
LINE
8
User.Drawings
6
CONTINUOUS
10
93.1130036811090491
20
-134.3122038779767422
11
93.1094431514236902
21
-134.3375367013874779
0
LINE
8
User.Drawings
6
CONTINUOUS
10
93.1094431514236902
20
-134.3375367013874779
11
93.0964589757751213
21
-134.359578242140401
0
LINE
8
User.Drawings
6
CONTINUOUS
10
93.0964589757751213
20
-134.359578242140401
11
93.0760294204726932
21
-134.374973402535403
0
LINE
8
User.Drawings
6
CONTINUOUS
10
93.0760294204726932
20
-134.374973402535403
11
93.0512621906554784
21
-134.3813793837615833
0
LINE
8
User.Drawings
6
CONTINUOUS
10
93.0512621906554784
20
-134.3813793837615833
11
93.0384205061286167
21
-134.3808461347785226
0
LINE
8
User.Drawings
6
CONTINUOUS
10
93.0384205061286167
20
-134.3808461347785226
11
92.1727493520753427
21
-134.2591840680217672
0
LINE
8
User.Drawings
6
CONTINUOUS
10
92.1727493520753427
20
-134.2591840680217672
11
92.1602582131914545
21
-134.2561567873194974
0
LINE
8
User.Drawings
6
CONTINUOUS
10
92.1602582131914545
20
-134.2561567873194974
11
92.1382166724385598
21
-134.2431726116709285
0
LINE
8
User.Drawings
6
CONTINUOUS
10
92.1382166724385598
20
-134.2431726116709285
11
92.1228215120435578
21
-134.2227430563685004
0
LINE
8
User.Drawings
6
CONTINUOUS
10
92.1228215120435578
20
-134.2227430563685004
11
92.1164155308173491
21
-134.1979758265512714
0
LINE
8
User.Drawings
6
CONTINUOUS
10
92.1164155308173491
20
-134.1979758265512714
11
92.1169487798004383
21
-134.1851341420244239
0
LINE
8
User.Drawings
6
CONTINUOUS
10
92.1169487798004383
20
-134.1851341420244239
11
92.2386108465571652
21
-133.3194629879711499
0
LINE
8
User.Drawings
6
CONTINUOUS
10
92.2386108465571652
20
-133.3194629879711499
11
92.2416381272594634
21
-133.3069718490872617
0
LINE
8
User.Drawings
6
CONTINUOUS
10
92.2416381272594634
20
-133.3069718490872617
11
92.2546223029080181
21
-133.2849303083343671
0
LINE
8
User.Drawings
6
CONTINUOUS
10
92.2546223029080181
20
-133.2849303083343671
11
92.2750518582104462
21
-133.2695351479393651
0
LINE
8
User.Drawings
6
CONTINUOUS
10
92.2750518582104462
20
-133.2695351479393651
11
92.299819088027661
21
-133.2631291667131848
0
LINE
8
User.Drawings
6
CONTINUOUS
10
92.299819088027661
20
-133.2631291667131848
11
92.3251519114383967
21
-133.2666896963985153
0
LINE
8
User.Drawings
6
CONTINUOUS
10
105.1479943914419408
20
-123.591544280841191
11
106.0136655454952006
21
-123.7132063475979322
0
LINE
8
User.Drawings
6
CONTINUOUS
10
106.0136655454952006
20
-123.7132063475979322
11
106.026156684379103
21
-123.7162336283002162
0
LINE
8
User.Drawings
6
CONTINUOUS
10
106.026156684379103
20
-123.7162336283002162
11
106.0481982251319977
21
-123.7292178039487851
0
LINE
8
User.Drawings
6
CONTINUOUS
10
106.0481982251319977
20
-123.7292178039487851
11
106.0635933855269997
21
-123.7496473592512132
0
LINE
8
User.Drawings
6
CONTINUOUS
10
106.0635933855269997
20
-123.7496473592512132
11
106.0699993667531942
21
-123.774414589068428
0
LINE
8
User.Drawings
6
CONTINUOUS
10
106.0699993667531942
20
-123.774414589068428
11
106.0694661177701192
21
-123.7872562735952897
0
LINE
8
User.Drawings
6
CONTINUOUS
10
106.0694661177701192
20
-123.7872562735952897
11
105.9478040510133923
21
-124.6529274276485637
0
LINE
8
User.Drawings
6
CONTINUOUS
10
105.9478040510133923
20
-124.6529274276485637
11
105.9447767703111083
21
-124.6654185665324377
0
LINE
8
User.Drawings
6
CONTINUOUS
10
105.9447767703111083
20
-124.6654185665324377
11
105.9317925946625394
21
-124.6874601072853608
0
LINE
8
User.Drawings
6
CONTINUOUS
10
105.9317925946625394
20
-124.6874601072853608
11
105.9113630393601113
21
-124.7028552676803628
0
LINE
8
User.Drawings
6
CONTINUOUS
10
105.9113630393601113
20
-124.7028552676803628
11
105.8865958095428965
21
-124.7092612489065431
0
LINE
8
User.Drawings
6
CONTINUOUS
10
105.8865958095428965
20
-124.7092612489065431
11
105.8612629861321608
21
-124.7057007192211842
0
LINE
8
User.Drawings
6
CONTINUOUS
10
105.8612629861321608
20
-124.7057007192211842
11
105.8392214453792519
21
-124.6927165435726295
0
LINE
8
User.Drawings
6
CONTINUOUS
10
105.8392214453792519
20
-124.6927165435726295
11
105.8238262849842499
21
-124.6722869882701872
0
LINE
8
User.Drawings
6
CONTINUOUS
10
105.8238262849842499
20
-124.6722869882701872
11
105.8174203037580554
21
-124.6475197584529724
0
LINE
8
User.Drawings
6
CONTINUOUS
10
105.8174203037580554
20
-124.6475197584529724
11
105.8179535527411304
21
-124.6346780739261106
0
LINE
8
User.Drawings
6
CONTINUOUS
10
105.8179535527411304
20
-124.6346780739261106
11
105.9304909426366379
21
-123.8339321690089747
0
LINE
8
User.Drawings
6
CONTINUOUS
10
105.9304909426366379
20
-123.8339321690089747
11
105.129745037719502
21
-123.7213947791134672
0
LINE
8
User.Drawings
6
CONTINUOUS
10
105.129745037719502
20
-123.7213947791134672
11
105.1172538988356138
21
-123.7183674984111832
0
LINE
8
User.Drawings
6
CONTINUOUS
10
105.1172538988356138
20
-123.7183674984111832
11
105.0952123580827049
21
-123.7053833227626143
0
LINE
8
User.Drawings
6
CONTINUOUS
10
105.0952123580827049
20
-123.7053833227626143
11
105.0798171976877171
21
-123.6849537674601862
0
LINE
8
User.Drawings
6
CONTINUOUS
10
105.0798171976877171
20
-123.6849537674601862
11
105.0734112164615226
21
-123.6601865376429714
0
LINE
8
User.Drawings
6
CONTINUOUS
10
105.0734112164615226
20
-123.6601865376429714
11
105.0769717461468673
21
-123.6348537142322357
0
LINE
8
User.Drawings
6
CONTINUOUS
10
105.0769717461468673
20
-123.6348537142322357
11
105.0899559217954362
21
-123.6128121734793126
0
LINE
8
User.Drawings
6
CONTINUOUS
10
105.0899559217954362
20
-123.6128121734793126
11
105.1103854770978643
21
-123.5974170130843106
0
LINE
8
User.Drawings
6
CONTINUOUS
10
105.1103854770978643
20
-123.5974170130843106
11
105.1351527069150791
21
-123.5910110318581303
0
LINE
8
User.Drawings
6
CONTINUOUS
10
105.1351527069150791
20
-123.5910110318581303
11
105.1479943914419408
21
-123.591544280841191
0
LINE
8
User.Drawings
6
CONTINUOUS
10
93.8942685145707117
20
-122.0099365388250163
11
94.7599396686239857
21
-122.1315986055817433
0
LINE
8
User.Drawings
6
CONTINUOUS
10
94.7599396686239857
20
-122.1315986055817433
11
94.7724308075078739
21
-122.1346258862840273
0
LINE
8
User.Drawings
6
CONTINUOUS
10
94.7724308075078739
20
-122.1346258862840273
11
94.7944723482607685
21
-122.147610061932582
0
LINE
8
User.Drawings
6
CONTINUOUS
10
94.7944723482607685
20
-122.147610061932582
11
94.8098675086557705
21
-122.1680396172350243
0
LINE
8
User.Drawings
6
CONTINUOUS
10
94.8098675086557705
20
-122.1680396172350243
11
94.8162734898819792
21
-122.192806847052239
0
LINE
8
User.Drawings
6
CONTINUOUS
10
94.8162734898819792
20
-122.192806847052239
11
94.8127129601966061
21
-122.218139670462989
0
LINE
8
User.Drawings
6
CONTINUOUS
10
94.8127129601966061
20
-122.218139670462989
11
94.7997287845480372
21
-122.2401812112158979
0
LINE
8
User.Drawings
6
CONTINUOUS
10
94.7997287845480372
20
-122.2401812112158979
11
94.7792992292456091
21
-122.2555763716108856
0
LINE
8
User.Drawings
6
CONTINUOUS
10
94.7792992292456091
20
-122.2555763716108856
11
94.7545319994284085
21
-122.2619823528370802
0
LINE
8
User.Drawings
6
CONTINUOUS
10
94.7545319994284085
20
-122.2619823528370802
11
94.7416903149015468
21
-122.2614491038540052
0
LINE
8
User.Drawings
6
CONTINUOUS
10
94.7416903149015468
20
-122.2614491038540052
11
93.9409444099843967
21
-122.1489108397798304
0
LINE
8
User.Drawings
6
CONTINUOUS
10
93.9409444099843967
20
-122.1489108397798304
11
93.8284070200888891
21
-122.9496576188756478
0
LINE
8
User.Drawings
6
CONTINUOUS
10
93.8284070200888891
20
-122.9496576188756478
11
93.8253797393866051
21
-122.9621487577595218
0
LINE
8
User.Drawings
6
CONTINUOUS
10
93.8253797393866051
20
-122.9621487577595218
11
93.8123955637380504
21
-122.9841902985124449
0
LINE
8
User.Drawings
6
CONTINUOUS
10
93.8123955637380504
20
-122.9841902985124449
11
93.7919660084356224
21
-122.9995854589074327
0
LINE
8
User.Drawings
6
CONTINUOUS
10
93.7919660084356224
20
-122.9995854589074327
11
93.7671987786183934
21
-123.0059914401336272
0
LINE
8
User.Drawings
6
CONTINUOUS
10
93.7671987786183934
20
-123.0059914401336272
11
93.7418659552076576
21
-123.0024309104482683
0
LINE
8
User.Drawings
6
CONTINUOUS
10
93.7418659552076576
20
-123.0024309104482683
11
93.7198244144547346
21
-122.9894467347997136
0
LINE
8
User.Drawings
6
CONTINUOUS
10
93.7198244144547346
20
-122.9894467347997136
11
93.7044292540597468
21
-122.9690171794972713
0
LINE
8
User.Drawings
6
CONTINUOUS
10
93.7044292540597468
20
-122.9690171794972713
11
93.6980232728335523
21
-122.9442499496800565
0
LINE
8
User.Drawings
6
CONTINUOUS
10
93.6980232728335523
20
-122.9442499496800565
11
93.6985565218166272
21
-122.9314082651531947
0
LINE
8
User.Drawings
6
CONTINUOUS
10
93.6985565218166272
20
-122.9314082651531947
11
93.8202185885733684
21
-122.0657371110999208
0
LINE
8
User.Drawings
6
CONTINUOUS
10
93.8202185885733684
20
-122.0657371110999208
11
93.8232458692756381
21
-122.0532459722160326
0
LINE
8
User.Drawings
6
CONTINUOUS
10
93.8232458692756381
20
-122.0532459722160326
11
93.836230044924207
21
-122.0312044314631379
0
LINE
8
User.Drawings
6
CONTINUOUS
10
93.836230044924207
20
-122.0312044314631379
11
93.8566596002266351
21
-122.0158092710681359
0
LINE
8
User.Drawings
6
CONTINUOUS
10
93.8566596002266351
20
-122.0158092710681359
11
93.8814268300438499
21
-122.0094032898419414
0
LINE
8
User.Drawings
6
CONTINUOUS
10
93.8814268300438499
20
-122.0094032898419414
11
93.8942685145707117
21
-122.0099365388250163
0
LINE
8
User.Drawings
6
CONTINUOUS
10
85.9159825556668153
20
-132.3587004275555614
11
85.9380240964197242
21
-132.3716846032041019
0
LINE
8
User.Drawings
6
CONTINUOUS
10
85.9380240964197242
20
-132.3716846032041019
11
85.953419256814712
21
-132.3921141585065584
0
LINE
8
User.Drawings
6
CONTINUOUS
10
85.953419256814712
20
-132.3921141585065584
11
85.9598252380409065
21
-132.416881388323759
0
LINE
8
User.Drawings
6
CONTINUOUS
10
85.9598252380409065
20
-132.416881388323759
11
85.9592919890578315
21
-132.4297230728506349
0
LINE
8
User.Drawings
6
CONTINUOUS
10
85.9592919890578315
20
-132.4297230728506349
11
85.8376299223010903
21
-133.2953942269038805
0
LINE
8
User.Drawings
6
CONTINUOUS
10
85.8376299223010903
20
-133.2953942269038805
11
85.8346026415988206
21
-133.3078853657877971
0
LINE
8
User.Drawings
6
CONTINUOUS
10
85.8346026415988206
20
-133.3078853657877971
11
85.8216184659502659
21
-133.3299269065406918
0
LINE
8
User.Drawings
6
CONTINUOUS
10
85.8216184659502659
20
-133.3299269065406918
11
85.8011889106478236
21
-133.3453220669356938
0
LINE
8
User.Drawings
6
CONTINUOUS
10
85.8011889106478236
20
-133.3453220669356938
11
85.7764216808306088
21
-133.3517280481618741
0
LINE
8
User.Drawings
6
CONTINUOUS
10
85.7764216808306088
20
-133.3517280481618741
11
85.7635799963037471
21
-133.3511947991788134
0
LINE
8
User.Drawings
6
CONTINUOUS
10
85.7635799963037471
20
-133.3511947991788134
11
84.8979088422504731
21
-133.2295327324220864
0
LINE
8
User.Drawings
6
CONTINUOUS
10
84.8979088422504731
20
-133.2295327324220864
11
84.8854177033665849
21
-133.2265054517197882
0
LINE
8
User.Drawings
6
CONTINUOUS
10
84.8854177033665849
20
-133.2265054517197882
11
84.8633761626136902
21
-133.2135212760712193
0
LINE
8
User.Drawings
6
CONTINUOUS
10
84.8633761626136902
20
-133.2135212760712193
11
84.8479810022186882
21
-133.1930917207687912
0
LINE
8
User.Drawings
6
CONTINUOUS
10
84.8479810022186882
20
-133.1930917207687912
11
84.8415750209924937
21
-133.1683244909515906
0
LINE
8
User.Drawings
6
CONTINUOUS
10
84.8415750209924937
20
-133.1683244909515906
11
84.8451355506778526
21
-133.1429916675408265
0
LINE
8
User.Drawings
6
CONTINUOUS
10
84.8451355506778526
20
-133.1429916675408265
11
84.8581197263264215
21
-133.1209501267879318
0
LINE
8
User.Drawings
6
CONTINUOUS
10
84.8581197263264215
20
-133.1209501267879318
11
84.8785492816288496
21
-133.1055549663929298
0
LINE
8
User.Drawings
6
CONTINUOUS
10
84.8785492816288496
20
-133.1055549663929298
11
84.9033165114460502
21
-133.0991489851667495
0
LINE
8
User.Drawings
6
CONTINUOUS
10
84.9033165114460502
20
-133.0991489851667495
11
84.9161581959729119
21
-133.0996822341498103
0
LINE
8
User.Drawings
6
CONTINUOUS
10
84.9161581959729119
20
-133.0996822341498103
11
85.716903226711409
21
-133.212219624045332
0
LINE
8
User.Drawings
6
CONTINUOUS
10
85.716903226711409
20
-133.212219624045332
11
85.8294414907855838
21
-132.4114737191281961
0
LINE
8
User.Drawings
6
CONTINUOUS
10
85.8294414907855838
20
-132.4114737191281961
11
85.8324687714878536
21
-132.3989825802443079
0
LINE
8
User.Drawings
6
CONTINUOUS
10
85.8324687714878536
20
-132.3989825802443079
11
85.8454529471364225
21
-132.3769410394913848
0
LINE
8
User.Drawings
6
CONTINUOUS
10
85.8454529471364225
20
-132.3769410394913848
11
85.8658825024388506
21
-132.3615458790963828
0
LINE
8
User.Drawings
6
CONTINUOUS
10
85.8658825024388506
20
-132.3615458790963828
11
85.8906497322560654
21
-132.3551398978702025
0
LINE
8
User.Drawings
6
CONTINUOUS
10
85.8906497322560654
20
-132.3551398978702025
11
85.9159825556668153
21
-132.3587004275555614
0
LINE
8
User.Drawings
6
CONTINUOUS
10
73.7965855247422979
20
-130.6554306187826455
11
73.818627065495221
21
-130.668414794431186
0
LINE
8
User.Drawings
6
CONTINUOUS
10
73.818627065495221
20
-130.668414794431186
11
73.8340222258902088
21
-130.6888443497336425
0
LINE
8
User.Drawings
6
CONTINUOUS
10
73.8340222258902088
20
-130.6888443497336425
11
73.8404282071164033
21
-130.7136115795508431
0
LINE
8
User.Drawings
6
CONTINUOUS
10
73.8404282071164033
20
-130.7136115795508431
11
73.8398949581333426
21
-130.7264532640776906
0
LINE
8
User.Drawings
6
CONTINUOUS
10
73.8398949581333426
20
-130.7264532640776906
11
73.7273566940591536
21
-131.527198294816202
0
LINE
8
User.Drawings
6
CONTINUOUS
10
73.7273566940591536
20
-131.527198294816202
11
74.5281034731549568
21
-131.6397365588903483
0
LINE
8
User.Drawings
6
CONTINUOUS
10
74.5281034731549568
20
-131.6397365588903483
11
74.540594612038845
21
-131.6427638395926465
0
LINE
8
User.Drawings
6
CONTINUOUS
10
74.540594612038845
20
-131.6427638395926465
11
74.5626361527917538
21
-131.655748015241187
0
LINE
8
User.Drawings
6
CONTINUOUS
10
74.5626361527917538
20
-131.655748015241187
11
74.5780313131867416
21
-131.676177570543615
0
LINE
8
User.Drawings
6
CONTINUOUS
10
74.5780313131867416
20
-131.676177570543615
11
74.5844372944129503
21
-131.7009448003608441
0
LINE
8
User.Drawings
6
CONTINUOUS
10
74.5844372944129503
20
-131.7009448003608441
11
74.5808767647275914
21
-131.7262776237715798
0
LINE
8
User.Drawings
6
CONTINUOUS
10
74.5808767647275914
20
-131.7262776237715798
11
74.5678925890790225
21
-131.7483191645245029
0
LINE
8
User.Drawings
6
CONTINUOUS
10
74.5678925890790225
20
-131.7483191645245029
11
74.5474630337765944
21
-131.7637143249195049
0
LINE
8
User.Drawings
6
CONTINUOUS
10
74.5474630337765944
20
-131.7637143249195049
11
74.5226958039593796
21
-131.7701203061456852
0
LINE
8
User.Drawings
6
CONTINUOUS
10
74.5226958039593796
20
-131.7701203061456852
11
74.5098541194325179
21
-131.7695870571626244
0
LINE
8
User.Drawings
6
CONTINUOUS
10
74.5098541194325179
20
-131.7695870571626244
11
73.6441829653792439
21
-131.647924990405869
0
LINE
8
User.Drawings
6
CONTINUOUS
10
73.6441829653792439
20
-131.647924990405869
11
73.6316918264953557
21
-131.6448977097035993
0
LINE
8
User.Drawings
6
CONTINUOUS
10
73.6316918264953557
20
-131.6448977097035993
11
73.6096502857424611
21
-131.6319135340550304
0
LINE
8
User.Drawings
6
CONTINUOUS
10
73.6096502857424611
20
-131.6319135340550304
11
73.5942551253474591
21
-131.6114839787526023
0
LINE
8
User.Drawings
6
CONTINUOUS
10
73.5942551253474591
20
-131.6114839787526023
11
73.5878491441212503
21
-131.5867167489354017
0
LINE
8
User.Drawings
6
CONTINUOUS
10
73.5878491441212503
20
-131.5867167489354017
11
73.5883823931043395
21
-131.5738750644085258
0
LINE
8
User.Drawings
6
CONTINUOUS
10
73.5883823931043395
20
-131.5738750644085258
11
73.7100444598610665
21
-130.7082039103552518
0
LINE
8
User.Drawings
6
CONTINUOUS
10
73.7100444598610665
20
-130.7082039103552518
11
73.7130717405633646
21
-130.6957127714713636
0
LINE
8
User.Drawings
6
CONTINUOUS
10
73.7130717405633646
20
-130.6957127714713636
11
73.7260559162119193
21
-130.6736712307184689
0
LINE
8
User.Drawings
6
CONTINUOUS
10
73.7260559162119193
20
-130.6736712307184689
11
73.7464854715143474
21
-130.6582760703234669
0
LINE
8
User.Drawings
6
CONTINUOUS
10
73.7464854715143474
20
-130.6582760703234669
11
73.7712527013315622
21
-130.6518700890972582
0
LINE
8
User.Drawings
6
CONTINUOUS
10
73.7712527013315622
20
-130.6518700890972582
11
73.7965855247422979
21
-130.6554306187826455
0
LINE
8
User.Drawings
6
CONTINUOUS
10
86.619428004745842
20
-120.9802852032253071
11
87.4850991587991018
21
-121.1019472699820341
0
LINE
8
User.Drawings
6
CONTINUOUS
10
87.4850991587991018
20
-121.1019472699820341
11
87.49759029768299
21
-121.1049745506843323
0
LINE
8
User.Drawings
6
CONTINUOUS
10
87.49759029768299
20
-121.1049745506843323
11
87.5196318384358989
21
-121.117958726332887
0
LINE
8
User.Drawings
6
CONTINUOUS
10
87.5196318384358989
20
-121.117958726332887
11
87.5350269988309009
21
-121.1383882816353292
0
LINE
8
User.Drawings
6
CONTINUOUS
10
87.5350269988309009
20
-121.1383882816353292
11
87.5414329800570954
21
-121.1631555114525298
0
LINE
8
User.Drawings
6
CONTINUOUS
10
87.5414329800570954
20
-121.1631555114525298
11
87.5408997310740205
21
-121.1759971959793916
0
LINE
8
User.Drawings
6
CONTINUOUS
10
87.5408997310740205
20
-121.1759971959793916
11
87.4192376643172935
21
-122.0416683500326656
0
LINE
8
User.Drawings
6
CONTINUOUS
10
87.4192376643172935
20
-122.0416683500326656
11
87.4162103836150095
21
-122.0541594889165538
0
LINE
8
User.Drawings
6
CONTINUOUS
10
87.4162103836150095
20
-122.0541594889165538
11
87.4032262079664406
21
-122.0762010296694626
0
LINE
8
User.Drawings
6
CONTINUOUS
10
87.4032262079664406
20
-122.0762010296694626
11
87.3827966526640125
21
-122.0915961900644504
0
LINE
8
User.Drawings
6
CONTINUOUS
10
87.3827966526640125
20
-122.0915961900644504
11
87.3580294228467835
21
-122.0980021712906449
0
LINE
8
User.Drawings
6
CONTINUOUS
10
87.3580294228467835
20
-122.0980021712906449
11
87.332696599436062
21
-122.0944416416053002
0
LINE
8
User.Drawings
6
CONTINUOUS
10
87.332696599436062
20
-122.0944416416053002
11
87.3106550586831531
21
-122.0814574659567313
0
LINE
8
User.Drawings
6
CONTINUOUS
10
87.3106550586831531
20
-122.0814574659567313
11
87.2952598982881511
21
-122.0610279106543032
0
LINE
8
User.Drawings
6
CONTINUOUS
10
87.2952598982881511
20
-122.0610279106543032
11
87.2888539170619566
21
-122.0362606808370884
0
LINE
8
User.Drawings
6
CONTINUOUS
10
87.2888539170619566
20
-122.0362606808370884
11
87.2893871660450316
21
-122.0234189963102267
0
LINE
8
User.Drawings
6
CONTINUOUS
10
87.2893871660450316
20
-122.0234189963102267
11
87.4019245559405391
21
-121.2226730913930766
0
LINE
8
User.Drawings
6
CONTINUOUS
10
87.4019245559405391
20
-121.2226730913930766
11
86.6011786510234032
21
-121.110135701497569
0
LINE
8
User.Drawings
6
CONTINUOUS
10
86.6011786510234032
20
-121.110135701497569
11
86.588687512139515
21
-121.107108420795285
0
LINE
8
User.Drawings
6
CONTINUOUS
10
86.588687512139515
20
-121.107108420795285
11
86.5666459713866061
21
-121.0941242451467161
0
LINE
8
User.Drawings
6
CONTINUOUS
10
86.5666459713866061
20
-121.0941242451467161
11
86.5512508109916041
21
-121.0736946898442881
0
LINE
8
User.Drawings
6
CONTINUOUS
10
86.5512508109916041
20
-121.0736946898442881
11
86.5448448297654238
21
-121.0489274600270733
0
LINE
8
User.Drawings
6
CONTINUOUS
10
86.5448448297654238
20
-121.0489274600270733
11
86.5484053594507685
21
-121.0235946366163233
0
LINE
8
User.Drawings
6
CONTINUOUS
10
86.5484053594507685
20
-121.0235946366163233
11
86.5613895350993374
21
-121.0015530958634287
0
LINE
8
User.Drawings
6
CONTINUOUS
10
86.5613895350993374
20
-121.0015530958634287
11
86.5818190904017655
21
-120.9861579354684267
0
LINE
8
User.Drawings
6
CONTINUOUS
10
86.5818190904017655
20
-120.9861579354684267
11
86.6065863202189803
21
-120.9797519542422322
0
LINE
8
User.Drawings
6
CONTINUOUS
10
86.6065863202189803
20
-120.9797519542422322
11
86.619428004745842
21
-120.9802852032253071
0
LINE
8
User.Drawings
6
CONTINUOUS
10
75.3657021278746129
20
-119.3986774612091324
11
76.2313732819278869
21
-119.5203395279658594
0
LINE
8
User.Drawings
6
CONTINUOUS
10
76.2313732819278869
20
-119.5203395279658594
11
76.2438644208117751
21
-119.5233668086681291
0
LINE
8
User.Drawings
6
CONTINUOUS
10
76.2438644208117751
20
-119.5233668086681291
11
76.2659059615646697
21
-119.536350984316698
0
LINE
8
User.Drawings
6
CONTINUOUS
10
76.2659059615646697
20
-119.536350984316698
11
76.2813011219596717
21
-119.5567805396191261
0
LINE
8
User.Drawings
6
CONTINUOUS
10
76.2813011219596717
20
-119.5567805396191261
11
76.2877071031858804
21
-119.5815477694363409
0
LINE
8
User.Drawings
6
CONTINUOUS
10
76.2877071031858804
20
-119.5815477694363409
11
76.2841465735005073
21
-119.6068805928470908
0
LINE
8
User.Drawings
6
CONTINUOUS
10
76.2841465735005073
20
-119.6068805928470908
11
76.2711623978519384
21
-119.6289221335999855
0
LINE
8
User.Drawings
6
CONTINUOUS
10
76.2711623978519384
20
-119.6289221335999855
11
76.2507328425495103
21
-119.6443172939949875
0
LINE
8
User.Drawings
6
CONTINUOUS
10
76.2507328425495103
20
-119.6443172939949875
11
76.2259656127323098
21
-119.6507232752211962
0
LINE
8
User.Drawings
6
CONTINUOUS
10
76.2259656127323098
20
-119.6507232752211962
11
76.213123928205448
21
-119.6501900262381071
0
LINE
8
User.Drawings
6
CONTINUOUS
10
76.213123928205448
20
-119.6501900262381071
11
75.4123780232882979
21
-119.5376517621639465
0
LINE
8
User.Drawings
6
CONTINUOUS
10
75.4123780232882979
20
-119.5376517621639465
11
75.2998406333927903
21
-120.3383985412597497
0
LINE
8
User.Drawings
6
CONTINUOUS
10
75.2998406333927903
20
-120.3383985412597497
11
75.2968133526905063
21
-120.3508896801436379
0
LINE
8
User.Drawings
6
CONTINUOUS
10
75.2968133526905063
20
-120.3508896801436379
11
75.2838291770419374
21
-120.3729312208965325
0
LINE
8
User.Drawings
6
CONTINUOUS
10
75.2838291770419374
20
-120.3729312208965325
11
75.2633996217395236
21
-120.3883263812915345
0
LINE
8
User.Drawings
6
CONTINUOUS
10
75.2633996217395236
20
-120.3883263812915345
11
75.2386323919222946
21
-120.394732362517729
0
LINE
8
User.Drawings
6
CONTINUOUS
10
75.2386323919222946
20
-120.394732362517729
11
75.2132995685115588
21
-120.3911718328323701
0
LINE
8
User.Drawings
6
CONTINUOUS
10
75.2132995685115588
20
-120.3911718328323701
11
75.1912580277586358
21
-120.3781876571838012
0
LINE
8
User.Drawings
6
CONTINUOUS
10
75.1912580277586358
20
-120.3781876571838012
11
75.175862867363648
21
-120.3577581018813731
0
LINE
8
User.Drawings
6
CONTINUOUS
10
75.175862867363648
20
-120.3577581018813731
11
75.1694568861374535
21
-120.3329908720641725
0
LINE
8
User.Drawings
6
CONTINUOUS
10
75.1694568861374535
20
-120.3329908720641725
11
75.1699901351205284
21
-120.3201491875373108
0
LINE
8
User.Drawings
6
CONTINUOUS
10
75.1699901351205284
20
-120.3201491875373108
11
75.2916522018772696
21
-119.4544780334840226
0
LINE
8
User.Drawings
6
CONTINUOUS
10
75.2916522018772696
20
-119.4544780334840226
11
75.2946794825795394
21
-119.4419868946001486
0
LINE
8
User.Drawings
6
CONTINUOUS
10
75.2946794825795394
20
-119.4419868946001486
11
75.3076636582281083
21
-119.4199453538472255
0
LINE
8
User.Drawings
6
CONTINUOUS
10
75.3076636582281083
20
-119.4199453538472255
11
75.3280932135305363
21
-119.4045501934522377
0
LINE
8
User.Drawings
6
CONTINUOUS
10
75.3280932135305363
20
-119.4045501934522377
11
75.3528604433477511
21
-119.3981442122260432
0
LINE
8
User.Drawings
6
CONTINUOUS
10
75.3528604433477511
20
-119.3981442122260432
11
75.3657021278746129
21
-119.3986774612091324
0
LINE
8
User.Drawings
6
CONTINUOUS
10
137.5461106935917712
20
-122.8916952027726239
11
137.5681522343446659
21
-122.9046793784211786
0
LINE
8
User.Drawings
6
CONTINUOUS
10
137.5681522343446659
20
-122.9046793784211786
11
137.5835473947396395
21
-122.9251089337236209
0
LINE
8
User.Drawings
6
CONTINUOUS
10
137.5835473947396395
20
-122.9251089337236209
11
137.5899533759658482
21
-122.9498761635408357
0
LINE
8
User.Drawings
6
CONTINUOUS
10
137.5899533759658482
20
-122.9498761635408357
11
137.589420126982759
21
-122.9627178480676974
0
LINE
8
User.Drawings
6
CONTINUOUS
10
137.589420126982759
20
-122.9627178480676974
11
137.4677580602260605
21
-123.8283890021209714
0
LINE
8
User.Drawings
6
CONTINUOUS
10
137.4677580602260605
20
-123.8283890021209714
11
137.4647307795237623
21
-123.8408801410048596
0
LINE
8
User.Drawings
6
CONTINUOUS
10
137.4647307795237623
20
-123.8408801410048596
11
137.4517466038751934
21
-123.8629216817577543
0
LINE
8
User.Drawings
6
CONTINUOUS
10
137.4517466038751934
20
-123.8629216817577543
11
137.4313170485727653
21
-123.8783168421527563
0
LINE
8
User.Drawings
6
CONTINUOUS
10
137.4313170485727653
20
-123.8783168421527563
11
137.4065498187555647
21
-123.8847228233789508
0
LINE
8
User.Drawings
6
CONTINUOUS
10
137.4065498187555647
20
-123.8847228233789508
11
137.3937081342286888
21
-123.8841895743958759
0
LINE
8
User.Drawings
6
CONTINUOUS
10
137.3937081342286888
20
-123.8841895743958759
11
136.5280369801754432
21
-123.7625275076391489
0
LINE
8
User.Drawings
6
CONTINUOUS
10
136.5280369801754432
20
-123.7625275076391489
11
136.5155458412915266
21
-123.7595002269368507
0
LINE
8
User.Drawings
6
CONTINUOUS
10
136.5155458412915266
20
-123.7595002269368507
11
136.4935043005386319
21
-123.746516051288296
0
LINE
8
User.Drawings
6
CONTINUOUS
10
136.4935043005386319
20
-123.746516051288296
11
136.4781091401436299
21
-123.7260864959858679
0
LINE
8
User.Drawings
6
CONTINUOUS
10
136.4781091401436299
20
-123.7260864959858679
11
136.4717031589174212
21
-123.7013192661686531
0
LINE
8
User.Drawings
6
CONTINUOUS
10
136.4717031589174212
20
-123.7013192661686531
11
136.4752636886028085
21
-123.6759864427579032
0
LINE
8
User.Drawings
6
CONTINUOUS
10
136.4752636886028085
20
-123.6759864427579032
11
136.4882478642513775
21
-123.6539449020049943
0
LINE
8
User.Drawings
6
CONTINUOUS
10
136.4882478642513775
20
-123.6539449020049943
11
136.5086774195537771
21
-123.6385497416100065
0
LINE
8
User.Drawings
6
CONTINUOUS
10
136.5086774195537771
20
-123.6385497416100065
11
136.5334446493710061
21
-123.632143760383812
0
LINE
8
User.Drawings
6
CONTINUOUS
10
136.5334446493710061
20
-123.632143760383812
11
136.5462863338978536
21
-123.6326770093668728
0
LINE
8
User.Drawings
6
CONTINUOUS
10
136.5462863338978536
20
-123.6326770093668728
11
137.347031364636365
21
-123.7452143992623945
0
LINE
8
User.Drawings
6
CONTINUOUS
10
137.347031364636365
20
-123.7452143992623945
11
137.4595696287105397
21
-122.9444684943452586
0
LINE
8
User.Drawings
6
CONTINUOUS
10
137.4595696287105397
20
-122.9444684943452586
11
137.4625969094127811
21
-122.9319773554613704
0
LINE
8
User.Drawings
6
CONTINUOUS
10
137.4625969094127811
20
-122.9319773554613704
11
137.4755810850613784
21
-122.9099358147084473
0
LINE
8
User.Drawings
6
CONTINUOUS
10
137.4755810850613784
20
-122.9099358147084473
11
137.4960106403638065
21
-122.8945406543134595
0
LINE
8
User.Drawings
6
CONTINUOUS
10
137.4960106403638065
20
-122.8945406543134595
11
137.5207778701810071
21
-122.888134673087265
0
LINE
8
User.Drawings
6
CONTINUOUS
10
137.5207778701810071
20
-122.888134673087265
11
137.5461106935917712
21
-122.8916952027726239
0
LINE
8
User.Drawings
6
CONTINUOUS
10
125.4267136626672539
20
-121.188425393999708
11
125.4487552034201627
21
-121.2014095696482627
0
LINE
8
User.Drawings
6
CONTINUOUS
10
125.4487552034201627
20
-121.2014095696482627
11
125.4641503638151505
21
-121.221839124950705
0
LINE
8
User.Drawings
6
CONTINUOUS
10
125.4641503638151505
20
-121.221839124950705
11
125.470556345041345
21
-121.2466063547679198
0
LINE
8
User.Drawings
6
CONTINUOUS
10
125.470556345041345
20
-121.2466063547679198
11
125.4700230960582701
21
-121.2594480392947673
0
LINE
8
User.Drawings
6
CONTINUOUS
10
125.4700230960582701
20
-121.2594480392947673
11
125.3574848319840953
21
-122.0601930700332645
0
LINE
8
User.Drawings
6
CONTINUOUS
10
125.3574848319840953
20
-122.0601930700332645
11
126.1582316110799127
21
-122.172731334107425
0
LINE
8
User.Drawings
6
CONTINUOUS
10
126.1582316110799127
20
-122.172731334107425
11
126.1707227499638009
21
-122.1757586148097232
0
LINE
8
User.Drawings
6
CONTINUOUS
10
126.1707227499638009
20
-122.1757586148097232
11
126.1927642907166955
21
-122.1887427904582779
0
LINE
8
User.Drawings
6
CONTINUOUS
10
126.1927642907166955
20
-122.1887427904582779
11
126.2081594511116975
21
-122.2091723457606918
0
LINE
8
User.Drawings
6
CONTINUOUS
10
126.2081594511116975
20
-122.2091723457606918
11
126.214565432337892
21
-122.2339395755779208
0
LINE
8
User.Drawings
6
CONTINUOUS
10
126.214565432337892
20
-122.2339395755779208
11
126.2110049026525473
21
-122.2592723989886565
0
LINE
8
User.Drawings
6
CONTINUOUS
10
126.2110049026525473
20
-122.2592723989886565
11
126.1980207270039642
21
-122.2813139397415796
0
LINE
8
User.Drawings
6
CONTINUOUS
10
126.1980207270039642
20
-122.2813139397415796
11
126.1775911717015504
21
-122.2967091001365674
0
LINE
8
User.Drawings
6
CONTINUOUS
10
126.1775911717015504
20
-122.2967091001365674
11
126.1528239418843214
21
-122.3031150813627619
0
LINE
8
User.Drawings
6
CONTINUOUS
10
126.1528239418843214
20
-122.3031150813627619
11
126.1399822573574596
21
-122.3025818323796869
0
LINE
8
User.Drawings
6
CONTINUOUS
10
126.1399822573574596
20
-122.3025818323796869
11
125.2743111033041856
21
-122.18091976562296
0
LINE
8
User.Drawings
6
CONTINUOUS
10
125.2743111033041856
20
-122.18091976562296
11
125.2618199644202974
21
-122.177892484920676
0
LINE
8
User.Drawings
6
CONTINUOUS
10
125.2618199644202974
20
-122.177892484920676
11
125.2397784236673886
21
-122.1649083092721071
0
LINE
8
User.Drawings
6
CONTINUOUS
10
125.2397784236673886
20
-122.1649083092721071
11
125.2243832632724008
21
-122.144478753969679
0
LINE
8
User.Drawings
6
CONTINUOUS
10
125.2243832632724008
20
-122.144478753969679
11
125.2179772820462063
21
-122.1197115241524642
0
LINE
8
User.Drawings
6
CONTINUOUS
10
125.2179772820462063
20
-122.1197115241524642
11
125.2185105310292812
21
-122.1068698396256025
0
LINE
8
User.Drawings
6
CONTINUOUS
10
125.2185105310292812
20
-122.1068698396256025
11
125.3401725977860224
21
-121.2411986855723427
0
LINE
8
User.Drawings
6
CONTINUOUS
10
125.3401725977860224
20
-121.2411986855723427
11
125.3431998784882921
21
-121.2287075466884403
0
LINE
8
User.Drawings
6
CONTINUOUS
10
125.3431998784882921
20
-121.2287075466884403
11
125.3561840541368611
21
-121.2066660059355456
0
LINE
8
User.Drawings
6
CONTINUOUS
10
125.3561840541368611
20
-121.2066660059355456
11
125.3766136094392891
21
-121.1912708455405436
0
LINE
8
User.Drawings
6
CONTINUOUS
10
125.3766136094392891
20
-121.1912708455405436
11
125.4013808392565039
21
-121.1848648643143491
0
LINE
8
User.Drawings
6
CONTINUOUS
10
125.4013808392565039
20
-121.1848648643143491
11
125.4267136626672539
21
-121.188425393999708
0
LINE
8
User.Drawings
6
CONTINUOUS
10
138.2495561426707695
20
-111.5132799784423838
11
139.1152272967240435
21
-111.6349420451991108
0
LINE
8
User.Drawings
6
CONTINUOUS
10
139.1152272967240435
20
-111.6349420451991108
11
139.1277184356079317
21
-111.6379693259013948
0
LINE
8
User.Drawings
6
CONTINUOUS
10
139.1277184356079317
20
-111.6379693259013948
11
139.1497599763608548
21
-111.6509535015499495
0
LINE
8
User.Drawings
6
CONTINUOUS
10
139.1497599763608548
20
-111.6509535015499495
11
139.1651551367558568
21
-111.6713830568523917
0
LINE
8
User.Drawings
6
CONTINUOUS
10
139.1651551367558568
20
-111.6713830568523917
11
139.1715611179820655
21
-111.6961502866696065
0
LINE
8
User.Drawings
6
CONTINUOUS
10
139.1715611179820655
20
-111.6961502866696065
11
139.1710278689989764
21
-111.7089919711964683
0
LINE
8
User.Drawings
6
CONTINUOUS
10
139.1710278689989764
20
-111.7089919711964683
11
139.0493658022422494
21
-112.5746631252497423
0
LINE
8
User.Drawings
6
CONTINUOUS
10
139.0493658022422494
20
-112.5746631252497423
11
139.0463385215399512
21
-112.5871542641336305
0
LINE
8
User.Drawings
6
CONTINUOUS
10
139.0463385215399512
20
-112.5871542641336305
11
139.0333543458913823
21
-112.6091958048865251
0
LINE
8
User.Drawings
6
CONTINUOUS
10
139.0333543458913823
20
-112.6091958048865251
11
139.0129247905889827
21
-112.6245909652815271
0
LINE
8
User.Drawings
6
CONTINUOUS
10
139.0129247905889827
20
-112.6245909652815271
11
138.9881575607717252
21
-112.6309969465077216
0
LINE
8
User.Drawings
6
CONTINUOUS
10
138.9881575607717252
20
-112.6309969465077216
11
138.9628247373610179
21
-112.6274364168223627
0
LINE
8
User.Drawings
6
CONTINUOUS
10
138.9628247373610179
20
-112.6274364168223627
11
138.9407831966080948
21
-112.6144522411737938
0
LINE
8
User.Drawings
6
CONTINUOUS
10
138.9407831966080948
20
-112.6144522411737938
11
138.9253880362130928
21
-112.5940226858713658
0
LINE
8
User.Drawings
6
CONTINUOUS
10
138.9253880362130928
20
-112.5940226858713658
11
138.9189820549868841
21
-112.5692554560541652
0
LINE
8
User.Drawings
6
CONTINUOUS
10
138.9189820549868841
20
-112.5692554560541652
11
138.9195153039699733
21
-112.5564137715273034
0
LINE
8
User.Drawings
6
CONTINUOUS
10
138.9195153039699733
20
-112.5564137715273034
11
139.0320526938654666
21
-111.7556678666101533
0
LINE
8
User.Drawings
6
CONTINUOUS
10
139.0320526938654666
20
-111.7556678666101533
11
138.2313067889483591
21
-111.6431304767146315
0
LINE
8
User.Drawings
6
CONTINUOUS
10
138.2313067889483591
20
-111.6431304767146315
11
138.2188156500644709
21
-111.6401031960123618
0
LINE
8
User.Drawings
6
CONTINUOUS
10
138.2188156500644709
20
-111.6401031960123618
11
138.1967741093115478
21
-111.6271190203637929
0
LINE
8
User.Drawings
6
CONTINUOUS
10
138.1967741093115478
20
-111.6271190203637929
11
138.1813789489165458
21
-111.6066894650613648
0
LINE
8
User.Drawings
6
CONTINUOUS
10
138.1813789489165458
20
-111.6066894650613648
11
138.1749729676903371
21
-111.58192223524415
0
LINE
8
User.Drawings
6
CONTINUOUS
10
138.1749729676903371
20
-111.58192223524415
11
138.1785334973757244
21
-111.5565894118334
0
LINE
8
User.Drawings
6
CONTINUOUS
10
138.1785334973757244
20
-111.5565894118334
11
138.1915176730242933
21
-111.5345478710804912
0
LINE
8
User.Drawings
6
CONTINUOUS
10
138.1915176730242933
20
-111.5345478710804912
11
138.211947228326693
21
-111.5191527106855034
0
LINE
8
User.Drawings
6
CONTINUOUS
10
138.211947228326693
20
-111.5191527106855034
11
138.236714458143922
21
-111.5127467294593089
0
LINE
8
User.Drawings
6
CONTINUOUS
10
138.236714458143922
20
-111.5127467294593089
11
138.2495561426707695
21
-111.5132799784423838
0
LINE
8
User.Drawings
6
CONTINUOUS
10
126.9958302657995546
20
-109.9316722364261949
11
127.8615014198528286
21
-110.0533343031829219
0
LINE
8
User.Drawings
6
CONTINUOUS
10
127.8615014198528286
20
-110.0533343031829219
11
127.8739925587367168
21
-110.0563615838852058
0
LINE
8
User.Drawings
6
CONTINUOUS
10
127.8739925587367168
20
-110.0563615838852058
11
127.8960340994896256
21
-110.0693457595337748
0
LINE
8
User.Drawings
6
CONTINUOUS
10
127.8960340994896256
20
-110.0693457595337748
11
127.9114292598846134
21
-110.0897753148362028
0
LINE
8
User.Drawings
6
CONTINUOUS
10
127.9114292598846134
20
-110.0897753148362028
11
127.9178352411108079
21
-110.1145425446534176
0
LINE
8
User.Drawings
6
CONTINUOUS
10
127.9178352411108079
20
-110.1145425446534176
11
127.9142747114254632
21
-110.1398753680641533
0
LINE
8
User.Drawings
6
CONTINUOUS
10
127.9142747114254632
20
-110.1398753680641533
11
127.9012905357768943
21
-110.1619169088170622
0
LINE
8
User.Drawings
6
CONTINUOUS
10
127.9012905357768943
20
-110.1619169088170622
11
127.8808609804744663
21
-110.1773120692120642
0
LINE
8
User.Drawings
6
CONTINUOUS
10
127.8808609804744663
20
-110.1773120692120642
11
127.8560937506572373
21
-110.1837180504382587
0
LINE
8
User.Drawings
6
CONTINUOUS
10
127.8560937506572373
20
-110.1837180504382587
11
127.8432520661303755
21
-110.1831848014551838
0
LINE
8
User.Drawings
6
CONTINUOUS
10
127.8432520661303755
20
-110.1831848014551838
11
127.0425061612132396
21
-110.0706465373810232
0
LINE
8
User.Drawings
6
CONTINUOUS
10
127.0425061612132396
20
-110.0706465373810232
11
126.929968771317732
21
-110.8713933164768122
0
LINE
8
User.Drawings
6
CONTINUOUS
10
126.929968771317732
20
-110.8713933164768122
11
126.9269414906154481
21
-110.8838844553607004
0
LINE
8
User.Drawings
6
CONTINUOUS
10
126.9269414906154481
20
-110.8838844553607004
11
126.9139573149668792
21
-110.9059259961136092
0
LINE
8
User.Drawings
6
CONTINUOUS
10
126.9139573149668792
20
-110.9059259961136092
11
126.8935277596644511
21
-110.9213211565086112
0
LINE
8
User.Drawings
6
CONTINUOUS
10
126.8935277596644511
20
-110.9213211565086112
11
126.8687605298472505
21
-110.9277271377347915
0
LINE
8
User.Drawings
6
CONTINUOUS
10
126.8687605298472505
20
-110.9277271377347915
11
126.8434277064365006
21
-110.9241666080494468
0
LINE
8
User.Drawings
6
CONTINUOUS
10
126.8434277064365006
20
-110.9241666080494468
11
126.8213861656835917
21
-110.9111824324008779
0
LINE
8
User.Drawings
6
CONTINUOUS
10
126.8213861656835917
20
-110.9111824324008779
11
126.8059910052885897
21
-110.8907528770984499
0
LINE
8
User.Drawings
6
CONTINUOUS
10
126.8059910052885897
20
-110.8907528770984499
11
126.7995850240623952
21
-110.8659856472812351
0
LINE
8
User.Drawings
6
CONTINUOUS
10
126.7995850240623952
20
-110.8659856472812351
11
126.8001182730454701
21
-110.8531439627543733
0
LINE
8
User.Drawings
6
CONTINUOUS
10
126.8001182730454701
20
-110.8531439627543733
11
126.9217803398021971
21
-109.9874728087010993
0
LINE
8
User.Drawings
6
CONTINUOUS
10
126.9217803398021971
20
-109.9874728087010993
11
126.9248076205044811
21
-109.9749816698172253
0
LINE
8
User.Drawings
6
CONTINUOUS
10
126.9248076205044811
20
-109.9749816698172253
11
126.93779179615305
21
-109.9529401290643023
0
LINE
8
User.Drawings
6
CONTINUOUS
10
126.93779179615305
20
-109.9529401290643023
11
126.958221351455478
21
-109.9375449686693003
0
LINE
8
User.Drawings
6
CONTINUOUS
10
126.958221351455478
20
-109.9375449686693003
11
126.9829885812727071
21
-109.93113898744312
0
LINE
8
User.Drawings
6
CONTINUOUS
10
126.9829885812727071
20
-109.93113898744312
11
126.9958302657995546
21
-109.9316722364261949
0
LINE
8
User.Drawings
6
CONTINUOUS
10
121.189441189603528
20
-120.5969762182251657
11
121.2114827303564368
21
-120.6099603938737346
0
LINE
8
User.Drawings
6
CONTINUOUS
10
121.2114827303564368
20
-120.6099603938737346
11
121.2268778907514246
21
-120.6303899491761626
0
LINE
8
User.Drawings
6
CONTINUOUS
10
121.2268778907514246
20
-120.6303899491761626
11
121.2332838719776191
21
-120.6551571789933632
0
LINE
8
User.Drawings
6
CONTINUOUS
10
121.2332838719776191
20
-120.6551571789933632
11
121.2327506229945584
21
-120.667998863520225
0
LINE
8
User.Drawings
6
CONTINUOUS
10
121.2327506229945584
20
-120.667998863520225
11
121.1110885562378172
21
-121.533670017573499
0
LINE
8
User.Drawings
6
CONTINUOUS
10
121.1110885562378172
20
-121.533670017573499
11
121.1080612755355332
21
-121.5461611564573872
0
LINE
8
User.Drawings
6
CONTINUOUS
10
121.1080612755355332
20
-121.5461611564573872
11
121.0950770998869785
21
-121.568202697210296
0
LINE
8
User.Drawings
6
CONTINUOUS
10
121.0950770998869785
20
-121.568202697210296
11
121.0746475445845363
21
-121.5835978576052838
0
LINE
8
User.Drawings
6
CONTINUOUS
10
121.0746475445845363
20
-121.5835978576052838
11
121.0498803147673215
21
-121.5900038388314925
0
LINE
8
User.Drawings
6
CONTINUOUS
10
121.0498803147673215
20
-121.5900038388314925
11
121.0370386302404597
21
-121.5894705898484034
0
LINE
8
User.Drawings
6
CONTINUOUS
10
121.0370386302404597
20
-121.5894705898484034
11
120.1713674761871999
21
-121.4678085230916764
0
LINE
8
User.Drawings
6
CONTINUOUS
10
120.1713674761871999
20
-121.4678085230916764
11
120.1588763373033117
21
-121.4647812423894067
0
LINE
8
User.Drawings
6
CONTINUOUS
10
120.1588763373033117
20
-121.4647812423894067
11
120.1368347965504029
21
-121.4517970667408377
0
LINE
8
User.Drawings
6
CONTINUOUS
10
120.1368347965504029
20
-121.4517970667408377
11
120.1214396361554009
21
-121.4313675114384097
0
LINE
8
User.Drawings
6
CONTINUOUS
10
120.1214396361554009
20
-121.4313675114384097
11
120.1150336549292206
21
-121.4066002816211807
0
LINE
8
User.Drawings
6
CONTINUOUS
10
120.1150336549292206
20
-121.4066002816211807
11
120.1185941846145653
21
-121.3812674582104449
0
LINE
8
User.Drawings
6
CONTINUOUS
10
120.1185941846145653
20
-121.3812674582104449
11
120.1315783602631342
21
-121.3592259174575503
0
LINE
8
User.Drawings
6
CONTINUOUS
10
120.1315783602631342
20
-121.3592259174575503
11
120.1520079155655623
21
-121.3438307570625483
0
LINE
8
User.Drawings
6
CONTINUOUS
10
120.1520079155655623
20
-121.3438307570625483
11
120.1767751453827771
21
-121.3374247758363396
0
LINE
8
User.Drawings
6
CONTINUOUS
10
120.1767751453827771
20
-121.3374247758363396
11
120.1896168299096388
21
-121.3379580248194287
0
LINE
8
User.Drawings
6
CONTINUOUS
10
120.1896168299096388
20
-121.3379580248194287
11
120.9903618606481217
21
-121.450495414714922
0
LINE
8
User.Drawings
6
CONTINUOUS
10
120.9903618606481217
20
-121.450495414714922
11
121.1029001247222965
21
-120.6497495097977861
0
LINE
8
User.Drawings
6
CONTINUOUS
10
121.1029001247222965
20
-120.6497495097977861
11
121.1059274054245805
21
-120.6372583709138979
0
LINE
8
User.Drawings
6
CONTINUOUS
10
121.1059274054245805
20
-120.6372583709138979
11
121.1189115810731494
21
-120.6152168301610033
0
LINE
8
User.Drawings
6
CONTINUOUS
10
121.1189115810731494
20
-120.6152168301610033
11
121.1393411363755774
21
-120.5998216697660013
0
LINE
8
User.Drawings
6
CONTINUOUS
10
121.1393411363755774
20
-120.5998216697660013
11
121.164108366192778
21
-120.5934156885397925
0
LINE
8
User.Drawings
6
CONTINUOUS
10
121.164108366192778
20
-120.5934156885397925
11
121.189441189603528
21
-120.5969762182251657
0
LINE
8
User.Drawings
6
CONTINUOUS
10
109.0700441586790248
20
-118.8937064094522356
11
109.0920856994319337
21
-118.9066905851008045
0
LINE
8
User.Drawings
6
CONTINUOUS
10
109.0920856994319337
20
-118.9066905851008045
11
109.1074808598269357
21
-118.9271201404032325
0
LINE
8
User.Drawings
6
CONTINUOUS
10
109.1074808598269357
20
-118.9271201404032325
11
109.1138868410531302
21
-118.9518873702204473
0
LINE
8
User.Drawings
6
CONTINUOUS
10
109.1138868410531302
20
-118.9518873702204473
11
109.1133535920700552
21
-118.9647290547473091
0
LINE
8
User.Drawings
6
CONTINUOUS
10
109.1133535920700552
20
-118.9647290547473091
11
109.0008153279958805
21
-119.765474085485792
0
LINE
8
User.Drawings
6
CONTINUOUS
10
109.0008153279958805
20
-119.765474085485792
11
109.8015621070916694
21
-119.8780123495599668
0
LINE
8
User.Drawings
6
CONTINUOUS
10
109.8015621070916694
20
-119.8780123495599668
11
109.8140532459755576
21
-119.8810396302622507
0
LINE
8
User.Drawings
6
CONTINUOUS
10
109.8140532459755576
20
-119.8810396302622507
11
109.8360947867284665
21
-119.8940238059108196
0
LINE
8
User.Drawings
6
CONTINUOUS
10
109.8360947867284665
20
-119.8940238059108196
11
109.8514899471234685
21
-119.9144533612132477
0
LINE
8
User.Drawings
6
CONTINUOUS
10
109.8514899471234685
20
-119.9144533612132477
11
109.857895928349663
21
-119.9392205910304625
0
LINE
8
User.Drawings
6
CONTINUOUS
10
109.857895928349663
20
-119.9392205910304625
11
109.8543353986643041
21
-119.9645534144412125
0
LINE
8
User.Drawings
6
CONTINUOUS
10
109.8543353986643041
20
-119.9645534144412125
11
109.8413512230157494
21
-119.9865949551941071
0
LINE
8
User.Drawings
6
CONTINUOUS
10
109.8413512230157494
20
-119.9865949551941071
11
109.8209216677133071
21
-120.0019901155891091
0
LINE
8
User.Drawings
6
CONTINUOUS
10
109.8209216677133071
20
-120.0019901155891091
11
109.7961544378960923
21
-120.0083960968153036
0
LINE
8
User.Drawings
6
CONTINUOUS
10
109.7961544378960923
20
-120.0083960968153036
11
109.7833127533692306
21
-120.0078628478322287
0
LINE
8
User.Drawings
6
CONTINUOUS
10
109.7833127533692306
20
-120.0078628478322287
11
108.9176415993159708
21
-119.8862007810754875
0
LINE
8
User.Drawings
6
CONTINUOUS
10
108.9176415993159708
20
-119.8862007810754875
11
108.9051504604320826
21
-119.8831735003732035
0
LINE
8
User.Drawings
6
CONTINUOUS
10
108.9051504604320826
20
-119.8831735003732035
11
108.8831089196791737
21
-119.8701893247246488
0
LINE
8
User.Drawings
6
CONTINUOUS
10
108.8831089196791737
20
-119.8701893247246488
11
108.8677137592841717
21
-119.8497597694222065
0
LINE
8
User.Drawings
6
CONTINUOUS
10
108.8677137592841717
20
-119.8497597694222065
11
108.8613077780579914
21
-119.824992539605006
0
LINE
8
User.Drawings
6
CONTINUOUS
10
108.8613077780579914
20
-119.824992539605006
11
108.8618410270410521
21
-119.8121508550781442
0
LINE
8
User.Drawings
6
CONTINUOUS
10
108.8618410270410521
20
-119.8121508550781442
11
108.9835030937977791
21
-118.9464797010248702
0
LINE
8
User.Drawings
6
CONTINUOUS
10
108.9835030937977791
20
-118.9464797010248702
11
108.9865303745000773
21
-118.933988562140982
0
LINE
8
User.Drawings
6
CONTINUOUS
10
108.9865303745000773
20
-118.933988562140982
11
108.999514550148632
21
-118.9119470213880732
0
LINE
8
User.Drawings
6
CONTINUOUS
10
108.999514550148632
20
-118.9119470213880732
11
109.0199441054510601
21
-118.8965518609930854
0
LINE
8
User.Drawings
6
CONTINUOUS
10
109.0199441054510601
20
-118.8965518609930854
11
109.0447113352682891
21
-118.8901458797668909
0
LINE
8
User.Drawings
6
CONTINUOUS
10
109.0447113352682891
20
-118.8901458797668909
11
109.0700441586790248
21
-118.8937064094522356
0
LINE
8
User.Drawings
6
CONTINUOUS
10
121.8928866386825547
20
-109.2185609938949113
11
122.7585577927358287
21
-109.3402230606516525
0
LINE
8
User.Drawings
6
CONTINUOUS
10
122.7585577927358287
20
-109.3402230606516525
11
122.7710489316197169
21
-109.3432503413539365
0
LINE
8
User.Drawings
6
CONTINUOUS
10
122.7710489316197169
20
-109.3432503413539365
11
122.7930904723726115
21
-109.3562345170025054
0
LINE
8
User.Drawings
6
CONTINUOUS
10
122.7930904723726115
20
-109.3562345170025054
11
122.8084856327676135
21
-109.3766640723049335
0
LINE
8
User.Drawings
6
CONTINUOUS
10
122.8084856327676135
20
-109.3766640723049335
11
122.8148916139938223
21
-109.4014313021221341
0
LINE
8
User.Drawings
6
CONTINUOUS
10
122.8148916139938223
20
-109.4014313021221341
11
122.8143583650107331
21
-109.4142729866489958
0
LINE
8
User.Drawings
6
CONTINUOUS
10
122.8143583650107331
20
-109.4142729866489958
11
122.6926962982540061
21
-110.2799441407022698
0
LINE
8
User.Drawings
6
CONTINUOUS
10
122.6926962982540061
20
-110.2799441407022698
11
122.6896690175517364
21
-110.292435279586158
0
LINE
8
User.Drawings
6
CONTINUOUS
10
122.6896690175517364
20
-110.292435279586158
11
122.6766848419031533
21
-110.3144768203390669
0
LINE
8
User.Drawings
6
CONTINUOUS
10
122.6766848419031533
20
-110.3144768203390669
11
122.6562552866007394
21
-110.3298719807340547
0
LINE
8
User.Drawings
6
CONTINUOUS
10
122.6562552866007394
20
-110.3298719807340547
11
122.6314880567835104
21
-110.3362779619602634
0
LINE
8
User.Drawings
6
CONTINUOUS
10
122.6314880567835104
20
-110.3362779619602634
11
122.6061552333727747
21
-110.3327174322749045
0
LINE
8
User.Drawings
6
CONTINUOUS
10
122.6061552333727747
20
-110.3327174322749045
11
122.5841136926198658
21
-110.3197332566263356
0
LINE
8
User.Drawings
6
CONTINUOUS
10
122.5841136926198658
20
-110.3197332566263356
11
122.568718532224878
21
-110.2993037013239075
0
LINE
8
User.Drawings
6
CONTINUOUS
10
122.568718532224878
20
-110.2993037013239075
11
122.5623125509986693
21
-110.2745364715066927
0
LINE
8
User.Drawings
6
CONTINUOUS
10
122.5623125509986693
20
-110.2745364715066927
11
122.5628457999817584
21
-110.261694786979831
0
LINE
8
User.Drawings
6
CONTINUOUS
10
122.5628457999817584
20
-110.261694786979831
11
122.675383189877266
21
-109.4609488820626808
0
LINE
8
User.Drawings
6
CONTINUOUS
10
122.675383189877266
20
-109.4609488820626808
11
121.8746372849601158
21
-109.3484114921671875
0
LINE
8
User.Drawings
6
CONTINUOUS
10
121.8746372849601158
20
-109.3484114921671875
11
121.8621461460762276
21
-109.3453842114648893
0
LINE
8
User.Drawings
6
CONTINUOUS
10
121.8621461460762276
20
-109.3453842114648893
11
121.8401046053233188
21
-109.3324000358163346
0
LINE
8
User.Drawings
6
CONTINUOUS
10
121.8401046053233188
20
-109.3324000358163346
11
121.824709444928331
21
-109.3119704805139065
0
LINE
8
User.Drawings
6
CONTINUOUS
10
121.824709444928331
20
-109.3119704805139065
11
121.8183034637021365
21
-109.2872032506966775
0
LINE
8
User.Drawings
6
CONTINUOUS
10
121.8183034637021365
20
-109.2872032506966775
11
121.8218639933874812
21
-109.261870427285956
0
LINE
8
User.Drawings
6
CONTINUOUS
10
121.8218639933874812
20
-109.261870427285956
11
121.8348481690360501
21
-109.2398288865330329
0
LINE
8
User.Drawings
6
CONTINUOUS
10
121.8348481690360501
20
-109.2398288865330329
11
121.8552777243384782
21
-109.2244337261380309
0
LINE
8
User.Drawings
6
CONTINUOUS
10
121.8552777243384782
20
-109.2244337261380309
11
121.8800449541556929
21
-109.2180277449118506
0
LINE
8
User.Drawings
6
CONTINUOUS
10
121.8800449541556929
20
-109.2180277449118506
11
121.8928866386825547
21
-109.2185609938949113
0
LINE
8
User.Drawings
6
CONTINUOUS
10
110.6391607618113255
20
-107.6369532518787366
11
111.5048319158645995
21
-107.7586153186354636
0
LINE
8
User.Drawings
6
CONTINUOUS
10
111.5048319158645995
20
-107.7586153186354636
11
111.5173230547484877
21
-107.7616425993377476
0
LINE
8
User.Drawings
6
CONTINUOUS
10
111.5173230547484877
20
-107.7616425993377476
11
111.5393645955013824
21
-107.7746267749863023
0
LINE
8
User.Drawings
6
CONTINUOUS
10
111.5393645955013824
20
-107.7746267749863023
11
111.5547597558963844
21
-107.7950563302887304
0
LINE
8
User.Drawings
6
CONTINUOUS
10
111.5547597558963844
20
-107.7950563302887304
11
111.5611657371225931
21
-107.8198235601059594
0
LINE
8
User.Drawings
6
CONTINUOUS
10
111.5611657371225931
20
-107.8198235601059594
11
111.5576052074372342
21
-107.8451563835166951
0
LINE
8
User.Drawings
6
CONTINUOUS
10
111.5576052074372342
20
-107.8451563835166951
11
111.5446210317886653
21
-107.8671979242696182
0
LINE
8
User.Drawings
6
CONTINUOUS
10
111.5446210317886653
20
-107.8671979242696182
11
111.5241914764862372
21
-107.882593084664606
0
LINE
8
User.Drawings
6
CONTINUOUS
10
111.5241914764862372
20
-107.882593084664606
11
111.4994242466690224
21
-107.8889990658908005
0
LINE
8
User.Drawings
6
CONTINUOUS
10
111.4994242466690224
20
-107.8889990658908005
11
111.4865825621421607
21
-107.8884658169077255
0
LINE
8
User.Drawings
6
CONTINUOUS
10
111.4865825621421607
20
-107.8884658169077255
11
110.6858366572250105
21
-107.7759275528335507
0
LINE
8
User.Drawings
6
CONTINUOUS
10
110.6858366572250105
20
-107.7759275528335507
11
110.573299267329503
21
-108.5766743319293539
0
LINE
8
User.Drawings
6
CONTINUOUS
10
110.573299267329503
20
-108.5766743319293539
11
110.570271986627219
21
-108.5891654708132421
0
LINE
8
User.Drawings
6
CONTINUOUS
10
110.570271986627219
20
-108.5891654708132421
11
110.5572878109786643
21
-108.6112070115661368
0
LINE
8
User.Drawings
6
CONTINUOUS
10
110.5572878109786643
20
-108.6112070115661368
11
110.5368582556762362
21
-108.6266021719611388
0
LINE
8
User.Drawings
6
CONTINUOUS
10
110.5368582556762362
20
-108.6266021719611388
11
110.5120910258590072
21
-108.6330081531873475
0
LINE
8
User.Drawings
6
CONTINUOUS
10
110.5120910258590072
20
-108.6330081531873475
11
110.4867582024482715
21
-108.6294476235019744
0
LINE
8
User.Drawings
6
CONTINUOUS
10
110.4867582024482715
20
-108.6294476235019744
11
110.4647166616953626
21
-108.6164634478534055
0
LINE
8
User.Drawings
6
CONTINUOUS
10
110.4647166616953626
20
-108.6164634478534055
11
110.4493215013003606
21
-108.5960338925509916
0
LINE
8
User.Drawings
6
CONTINUOUS
10
110.4493215013003606
20
-108.5960338925509916
11
110.4429155200741661
21
-108.5712666627337768
0
LINE
8
User.Drawings
6
CONTINUOUS
10
110.4429155200741661
20
-108.5712666627337768
11
110.4434487690572411
21
-108.5584249782069151
0
LINE
8
User.Drawings
6
CONTINUOUS
10
110.4434487690572411
20
-108.5584249782069151
11
110.5651108358139822
21
-107.6927538241536411
0
LINE
8
User.Drawings
6
CONTINUOUS
10
110.5651108358139822
20
-107.6927538241536411
11
110.568138116516252
21
-107.6802626852697529
0
LINE
8
User.Drawings
6
CONTINUOUS
10
110.568138116516252
20
-107.6802626852697529
11
110.5811222921648209
21
-107.658221144516844
0
LINE
8
User.Drawings
6
CONTINUOUS
10
110.5811222921648209
20
-107.658221144516844
11
110.601551847467249
21
-107.6428259841218562
0
LINE
8
User.Drawings
6
CONTINUOUS
10
110.601551847467249
20
-107.6428259841218562
11
110.6263190772844638
21
-107.6364200028956475
0
LINE
8
User.Drawings
6
CONTINUOUS
10
110.6263190772844638
20
-107.6364200028956475
11
110.6391607618113255
21
-107.6369532518787366
0
LINE
8
User.Drawings
6
CONTINUOUS
10
104.6984104254534174
20
-118.2793537527652603
11
104.7204519662063262
21
-118.2923379284138292
0
LINE
8
User.Drawings
6
CONTINUOUS
10
104.7204519662063262
20
-118.2923379284138292
11
104.735847126601314
21
-118.3127674837162573
0
LINE
8
User.Drawings
6
CONTINUOUS
10
104.735847126601314
20
-118.3127674837162573
11
104.7422531078275085
21
-118.3375347135334721
0
LINE
8
User.Drawings
6
CONTINUOUS
10
104.7422531078275085
20
-118.3375347135334721
11
104.7417198588444336
21
-118.3503763980603338
0
LINE
8
User.Drawings
6
CONTINUOUS
10
104.7417198588444336
20
-118.3503763980603338
11
104.6200577920877208
21
-119.2160475521136078
0
LINE
8
User.Drawings
6
CONTINUOUS
10
104.6200577920877208
20
-119.2160475521136078
11
104.6170305113854226
21
-119.228538690997496
0
LINE
8
User.Drawings
6
CONTINUOUS
10
104.6170305113854226
20
-119.228538690997496
11
104.6040463357368679
21
-119.2505802317503907
0
LINE
8
User.Drawings
6
CONTINUOUS
10
104.6040463357368679
20
-119.2505802317503907
11
104.5836167804344399
21
-119.2659753921453927
0
LINE
8
User.Drawings
6
CONTINUOUS
10
104.5836167804344399
20
-119.2659753921453927
11
104.5588495506172109
21
-119.2723813733716014
0
LINE
8
User.Drawings
6
CONTINUOUS
10
104.5588495506172109
20
-119.2723813733716014
11
104.5460078660903491
21
-119.2718481243885122
0
LINE
8
User.Drawings
6
CONTINUOUS
10
104.5460078660903491
20
-119.2718481243885122
11
103.6803367120370751
21
-119.1501860576317853
0
LINE
8
User.Drawings
6
CONTINUOUS
10
103.6803367120370751
20
-119.1501860576317853
11
103.6678455731531869
21
-119.1471587769295013
0
LINE
8
User.Drawings
6
CONTINUOUS
10
103.6678455731531869
20
-119.1471587769295013
11
103.6458040324002923
21
-119.1341746012809324
0
LINE
8
User.Drawings
6
CONTINUOUS
10
103.6458040324002923
20
-119.1341746012809324
11
103.6304088720052903
21
-119.1137450459785043
0
LINE
8
User.Drawings
6
CONTINUOUS
10
103.6304088720052903
20
-119.1137450459785043
11
103.62400289077911
21
-119.0889778161612895
0
LINE
8
User.Drawings
6
CONTINUOUS
10
103.62400289077911
20
-119.0889778161612895
11
103.6275634204644547
21
-119.0636449927505538
0
LINE
8
User.Drawings
6
CONTINUOUS
10
103.6275634204644547
20
-119.0636449927505538
11
103.6405475961130236
21
-119.0416034519976449
0
LINE
8
User.Drawings
6
CONTINUOUS
10
103.6405475961130236
20
-119.0416034519976449
11
103.6609771514154517
21
-119.0262082916026571
0
LINE
8
User.Drawings
6
CONTINUOUS
10
103.6609771514154517
20
-119.0262082916026571
11
103.6857443812326807
21
-119.0198023103764484
0
LINE
8
User.Drawings
6
CONTINUOUS
10
103.6857443812326807
20
-119.0198023103764484
11
103.698586065759514
21
-119.0203355593595234
0
LINE
8
User.Drawings
6
CONTINUOUS
10
103.698586065759514
20
-119.0203355593595234
11
104.4993310964980111
21
-119.1328729492550451
0
LINE
8
User.Drawings
6
CONTINUOUS
10
104.4993310964980111
20
-119.1328729492550451
11
104.6118693605721859
21
-118.332127044337895
0
LINE
8
User.Drawings
6
CONTINUOUS
10
104.6118693605721859
20
-118.332127044337895
11
104.6148966412744556
21
-118.3196359054540068
0
LINE
8
User.Drawings
6
CONTINUOUS
10
104.6148966412744556
20
-118.3196359054540068
11
104.6278808169230388
21
-118.2975943647010979
0
LINE
8
User.Drawings
6
CONTINUOUS
10
104.6278808169230388
20
-118.2975943647010979
11
104.6483103722254526
21
-118.2821992043061101
0
LINE
8
User.Drawings
6
CONTINUOUS
10
104.6483103722254526
20
-118.2821992043061101
11
104.6730776020426674
21
-118.2757932230799156
0
LINE
8
User.Drawings
6
CONTINUOUS
10
104.6730776020426674
20
-118.2757932230799156
11
104.6984104254534174
21
-118.2793537527652603
0
LINE
8
User.Drawings
6
CONTINUOUS
10
92.5790133945289142
20
-116.5760839439923444
11
92.6010549352818231
21
-116.5890681196409133
0
LINE
8
User.Drawings
6
CONTINUOUS
10
92.6010549352818231
20
-116.5890681196409133
11
92.6164500956768251
21
-116.6094976749433414
0
LINE
8
User.Drawings
6
CONTINUOUS
10
92.6164500956768251
20
-116.6094976749433414
11
92.6228560769030054
21
-116.6342649047605562
0
LINE
8
User.Drawings
6
CONTINUOUS
10
92.6228560769030054
20
-116.6342649047605562
11
92.6223228279199446
21
-116.6471065892874037
0
LINE
8
User.Drawings
6
CONTINUOUS
10
92.6223228279199446
20
-116.6471065892874037
11
92.5097845638457699
21
-117.4478516200259008
0
LINE
8
User.Drawings
6
CONTINUOUS
10
92.5097845638457699
20
-117.4478516200259008
11
93.310531342941573
21
-117.5603898841000756
0
LINE
8
User.Drawings
6
CONTINUOUS
10
93.310531342941573
20
-117.5603898841000756
11
93.323022481825447
21
-117.5634171648023454
0
LINE
8
User.Drawings
6
CONTINUOUS
10
93.323022481825447
20
-117.5634171648023454
11
93.3450640225783701
21
-117.5764013404509285
0
LINE
8
User.Drawings
6
CONTINUOUS
10
93.3450640225783701
20
-117.5764013404509285
11
93.3604591829733721
21
-117.5968308957533424
0
LINE
8
User.Drawings
6
CONTINUOUS
10
93.3604591829733721
20
-117.5968308957533424
11
93.3668651641995524
21
-117.6215981255705572
0
LINE
8
User.Drawings
6
CONTINUOUS
10
93.3668651641995524
20
-117.6215981255705572
11
93.3633046345141935
21
-117.6469309489813071
0
LINE
8
User.Drawings
6
CONTINUOUS
10
93.3633046345141935
20
-117.6469309489813071
11
93.3503204588656388
21
-117.668972489734216
0
LINE
8
User.Drawings
6
CONTINUOUS
10
93.3503204588656388
20
-117.668972489734216
11
93.3298909035632107
21
-117.6843676501292038
0
LINE
8
User.Drawings
6
CONTINUOUS
10
93.3298909035632107
20
-117.6843676501292038
11
93.3051236737459817
21
-117.6907736313553983
0
LINE
8
User.Drawings
6
CONTINUOUS
10
93.3051236737459817
20
-117.6907736313553983
11
93.29228198921912
21
-117.6902403823723233
0
LINE
8
User.Drawings
6
CONTINUOUS
10
93.29228198921912
20
-117.6902403823723233
11
92.4266108351658602
21
-117.5685783156155821
0
LINE
8
User.Drawings
6
CONTINUOUS
10
92.4266108351658602
20
-117.5685783156155821
11
92.414119696281972
21
-117.5655510349133124
0
LINE
8
User.Drawings
6
CONTINUOUS
10
92.414119696281972
20
-117.5655510349133124
11
92.3920781555290631
21
-117.5525668592647577
0
LINE
8
User.Drawings
6
CONTINUOUS
10
92.3920781555290631
20
-117.5525668592647577
11
92.3766829951340611
21
-117.5321373039623154
0
LINE
8
User.Drawings
6
CONTINUOUS
10
92.3766829951340611
20
-117.5321373039623154
11
92.3702770139078808
21
-117.5073700741451006
0
LINE
8
User.Drawings
6
CONTINUOUS
10
92.3702770139078808
20
-117.5073700741451006
11
92.3708102628909415
21
-117.4945283896182389
0
LINE
8
User.Drawings
6
CONTINUOUS
10
92.3708102628909415
20
-117.4945283896182389
11
92.4924723296476827
21
-116.6288572355649649
0
LINE
8
User.Drawings
6
CONTINUOUS
10
92.4924723296476827
20
-116.6288572355649649
11
92.4954996103499667
21
-116.6163660966810767
0
LINE
8
User.Drawings
6
CONTINUOUS
10
92.4954996103499667
20
-116.6163660966810767
11
92.5084837859985214
21
-116.594324555928182
0
LINE
8
User.Drawings
6
CONTINUOUS
10
92.5084837859985214
20
-116.594324555928182
11
92.5289133413009637
21
-116.57892939553318
0
LINE
8
User.Drawings
6
CONTINUOUS
10
92.5289133413009637
20
-116.57892939553318
11
92.5536805711181785
21
-116.5725234143069997
0
LINE
8
User.Drawings
6
CONTINUOUS
10
92.5536805711181785
20
-116.5725234143069997
11
92.5790133945289142
21
-116.5760839439923444
0
LINE
8
User.Drawings
6
CONTINUOUS
10
105.4018558745324441
20
-106.9009385284350202
11
106.2675270285857323
21
-107.0226005951917614
0
LINE
8
User.Drawings
6
CONTINUOUS
10
106.2675270285857323
20
-107.0226005951917614
11
106.2800181674696063
21
-107.0256278758940311
0
LINE
8
User.Drawings
6
CONTINUOUS
10
106.2800181674696063
20
-107.0256278758940311
11
106.3020597082225152
21
-107.0386120515426001
0
LINE
8
User.Drawings
6
CONTINUOUS
10
106.3020597082225152
20
-107.0386120515426001
11
106.3174548686175171
21
-107.0590416068450281
0
LINE
8
User.Drawings
6
CONTINUOUS
10
106.3174548686175171
20
-107.0590416068450281
11
106.3238608498437117
21
-107.0838088366622429
0
LINE
8
User.Drawings
6
CONTINUOUS
10
106.3238608498437117
20
-107.0838088366622429
11
106.3233276008606367
21
-107.0966505211891047
0
LINE
8
User.Drawings
6
CONTINUOUS
10
106.3233276008606367
20
-107.0966505211891047
11
106.2016655341038955
21
-107.9623216752423787
0
LINE
8
User.Drawings
6
CONTINUOUS
10
106.2016655341038955
20
-107.9623216752423787
11
106.1986382534016116
21
-107.9748128141262669
0
LINE
8
User.Drawings
6
CONTINUOUS
10
106.1986382534016116
20
-107.9748128141262669
11
106.1856540777530427
21
-107.9968543548791615
0
LINE
8
User.Drawings
6
CONTINUOUS
10
106.1856540777530427
20
-107.9968543548791615
11
106.1652245224506146
21
-108.0122495152741635
0
LINE
8
User.Drawings
6
CONTINUOUS
10
106.1652245224506146
20
-108.0122495152741635
11
106.140457292633414
21
-108.0186554965003722
0
LINE
8
User.Drawings
6
CONTINUOUS
10
106.140457292633414
20
-108.0186554965003722
11
106.1151244692226641
21
-108.0150949668149991
0
LINE
8
User.Drawings
6
CONTINUOUS
10
106.1151244692226641
20
-108.0150949668149991
11
106.0930829284697552
21
-108.0021107911664444
0
LINE
8
User.Drawings
6
CONTINUOUS
10
106.0930829284697552
20
-108.0021107911664444
11
106.0776877680747674
21
-107.9816812358640021
0
LINE
8
User.Drawings
6
CONTINUOUS
10
106.0776877680747674
20
-107.9816812358640021
11
106.0712817868485587
21
-107.9569140060468015
0
LINE
8
User.Drawings
6
CONTINUOUS
10
106.0712817868485587
20
-107.9569140060468015
11
106.0718150358316336
21
-107.9440723215199398
0
LINE
8
User.Drawings
6
CONTINUOUS
10
106.0718150358316336
20
-107.9440723215199398
11
106.1843524257271554
21
-107.1433264166027897
0
LINE
8
User.Drawings
6
CONTINUOUS
10
106.1843524257271554
20
-107.1433264166027897
11
105.3836065208100052
21
-107.0307890267072821
0
LINE
8
User.Drawings
6
CONTINUOUS
10
105.3836065208100052
20
-107.0307890267072821
11
105.371115381926117
21
-107.0277617460049981
0
LINE
8
User.Drawings
6
CONTINUOUS
10
105.371115381926117
20
-107.0277617460049981
11
105.3490738411732082
21
-107.0147775703564434
0
LINE
8
User.Drawings
6
CONTINUOUS
10
105.3490738411732082
20
-107.0147775703564434
11
105.3336786807782204
21
-106.9943480150540154
0
LINE
8
User.Drawings
6
CONTINUOUS
10
105.3336786807782204
20
-106.9943480150540154
11
105.3272726995520259
21
-106.9695807852367864
0
LINE
8
User.Drawings
6
CONTINUOUS
10
105.3272726995520259
20
-106.9695807852367864
11
105.3308332292373706
21
-106.9442479618260506
0
LINE
8
User.Drawings
6
CONTINUOUS
10
105.3308332292373706
20
-106.9442479618260506
11
105.3438174048859395
21
-106.9222064210731276
0
LINE
8
User.Drawings
6
CONTINUOUS
10
105.3438174048859395
20
-106.9222064210731276
11
105.3642469601883676
21
-106.9068112606781398
0
LINE
8
User.Drawings
6
CONTINUOUS
10
105.3642469601883676
20
-106.9068112606781398
11
105.3890141900055966
21
-106.9004052794519453
0
LINE
8
User.Drawings
6
CONTINUOUS
10
105.3890141900055966
20
-106.9004052794519453
11
105.4018558745324441
21
-106.9009385284350202
0
LINE
8
User.Drawings
6
CONTINUOUS
10
94.1481299976612149
20
-105.3193307864188313
11
95.0138011517145031
21
-105.4409928531755583
0
LINE
8
User.Drawings
6
CONTINUOUS
10
95.0138011517145031
20
-105.4409928531755583
11
95.0262922905983771
21
-105.4440201338778564
0
LINE
8
User.Drawings
6
CONTINUOUS
10
95.0262922905983771
20
-105.4440201338778564
11
95.048333831351286
21
-105.4570043095264111
0
LINE
8
User.Drawings
6
CONTINUOUS
10
95.048333831351286
20
-105.4570043095264111
11
95.063728991746288
21
-105.4774338648288392
0
LINE
8
User.Drawings
6
CONTINUOUS
10
95.063728991746288
20
-105.4774338648288392
11
95.0701349729724825
21
-105.5022010946460682
0
LINE
8
User.Drawings
6
CONTINUOUS
10
95.0701349729724825
20
-105.5022010946460682
11
95.0665744432871094
21
-105.5275339180567897
0
LINE
8
User.Drawings
6
CONTINUOUS
10
95.0665744432871094
20
-105.5275339180567897
11
95.0535902676385547
21
-105.5495754588097128
0
LINE
8
User.Drawings
6
CONTINUOUS
10
95.0535902676385547
20
-105.5495754588097128
11
95.0331607123361266
21
-105.5649706192047148
0
LINE
8
User.Drawings
6
CONTINUOUS
10
95.0331607123361266
20
-105.5649706192047148
11
95.0083934825189118
21
-105.5713766004308951
0
LINE
8
User.Drawings
6
CONTINUOUS
10
95.0083934825189118
20
-105.5713766004308951
11
94.9955517979920501
21
-105.5708433514478344
0
LINE
8
User.Drawings
6
CONTINUOUS
10
94.9955517979920501
20
-105.5708433514478344
11
94.1948058930749141
21
-105.4583050873736596
0
LINE
8
User.Drawings
6
CONTINUOUS
10
94.1948058930749141
20
-105.4583050873736596
11
94.0822685031793924
21
-106.2590518664694486
0
LINE
8
User.Drawings
6
CONTINUOUS
10
94.0822685031793924
20
-106.2590518664694486
11
94.0792412224771226
21
-106.2715430053533368
0
LINE
8
User.Drawings
6
CONTINUOUS
10
94.0792412224771226
20
-106.2715430053533368
11
94.0662570468285537
21
-106.2935845461062456
0
LINE
8
User.Drawings
6
CONTINUOUS
10
94.0662570468285537
20
-106.2935845461062456
11
94.0458274915261256
21
-106.3089797065012476
0
LINE
8
User.Drawings
6
CONTINUOUS
10
94.0458274915261256
20
-106.3089797065012476
11
94.0210602617088966
21
-106.3153856877274421
0
LINE
8
User.Drawings
6
CONTINUOUS
10
94.0210602617088966
20
-106.3153856877274421
11
93.9957274382981609
21
-106.3118251580420832
0
LINE
8
User.Drawings
6
CONTINUOUS
10
93.9957274382981609
20
-106.3118251580420832
11
93.9736858975452378
21
-106.2988409823935285
0
LINE
8
User.Drawings
6
CONTINUOUS
10
93.9736858975452378
20
-106.2988409823935285
11
93.95829073715025
21
-106.2784114270910862
0
LINE
8
User.Drawings
6
CONTINUOUS
10
93.95829073715025
20
-106.2784114270910862
11
93.9518847559240555
21
-106.2536441972738714
0
LINE
8
User.Drawings
6
CONTINUOUS
10
93.9518847559240555
20
-106.2536441972738714
11
93.9524180049071447
21
-106.2408025127470097
0
LINE
8
User.Drawings
6
CONTINUOUS
10
93.9524180049071447
20
-106.2408025127470097
11
94.0740800716638716
21
-105.3751313586937499
0
LINE
8
User.Drawings
6
CONTINUOUS
10
94.0740800716638716
20
-105.3751313586937499
11
94.0771073523661414
21
-105.3626402198098617
0
LINE
8
User.Drawings
6
CONTINUOUS
10
94.0771073523661414
20
-105.3626402198098617
11
94.0900915280147103
21
-105.3405986790569528
0
LINE
8
User.Drawings
6
CONTINUOUS
10
94.0900915280147103
20
-105.3405986790569528
11
94.1105210833171384
21
-105.3252035186619509
0
LINE
8
User.Drawings
6
CONTINUOUS
10
94.1105210833171384
20
-105.3252035186619509
11
94.1352883131343532
21
-105.3187975374357706
0
LINE
8
User.Drawings
6
CONTINUOUS
10
94.1352883131343532
20
-105.3187975374357706
11
94.1481299976612149
21
-105.3193307864188313
0
LINE
8
User.Drawings
6
CONTINUOUS
10
88.2001239784188442
20
-115.9419748495717499
11
88.2221655191717389
21
-115.9549590252203046
0
LINE
8
User.Drawings
6
CONTINUOUS
10
88.2221655191717389
20
-115.9549590252203046
11
88.2375606795667409
21
-115.9753885805227469
0
LINE
8
User.Drawings
6
CONTINUOUS
10
88.2375606795667409
20
-115.9753885805227469
11
88.2439666607929212
21
-116.0001558103399475
0
LINE
8
User.Drawings
6
CONTINUOUS
10
88.2439666607929212
20
-116.0001558103399475
11
88.2434334118098604
21
-116.0129974948668092
0
LINE
8
User.Drawings
6
CONTINUOUS
10
88.2434334118098604
20
-116.0129974948668092
11
88.1217713450531193
21
-116.8786686489200832
0
LINE
8
User.Drawings
6
CONTINUOUS
10
88.1217713450531193
20
-116.8786686489200832
11
88.1187440643508353
21
-116.8911597878039714
0
LINE
8
User.Drawings
6
CONTINUOUS
10
88.1187440643508353
20
-116.8911597878039714
11
88.1057598887022806
21
-116.9132013285568803
0
LINE
8
User.Drawings
6
CONTINUOUS
10
88.1057598887022806
20
-116.9132013285568803
11
88.0853303333998383
21
-116.9285964889518681
0
LINE
8
User.Drawings
6
CONTINUOUS
10
88.0853303333998383
20
-116.9285964889518681
11
88.0605631035826377
21
-116.9350024701780626
0
LINE
8
User.Drawings
6
CONTINUOUS
10
88.0605631035826377
20
-116.9350024701780626
11
88.047721419055776
21
-116.9344692211949877
0
LINE
8
User.Drawings
6
CONTINUOUS
10
88.047721419055776
20
-116.9344692211949877
11
87.182050265002502
21
-116.8128071544382607
0
LINE
8
User.Drawings
6
CONTINUOUS
10
87.182050265002502
20
-116.8128071544382607
11
87.1695591261186138
21
-116.8097798737359767
0
LINE
8
User.Drawings
6
CONTINUOUS
10
87.1695591261186138
20
-116.8097798737359767
11
87.1475175853657049
21
-116.796795698087422
0
LINE
8
User.Drawings
6
CONTINUOUS
10
87.1475175853657049
20
-116.796795698087422
11
87.1321224249707171
21
-116.7763661427849939
0
LINE
8
User.Drawings
6
CONTINUOUS
10
87.1321224249707171
20
-116.7763661427849939
11
87.1257164437445226
21
-116.7515989129677649
0
LINE
8
User.Drawings
6
CONTINUOUS
10
87.1257164437445226
20
-116.7515989129677649
11
87.1292769734298673
21
-116.726266089557015
0
LINE
8
User.Drawings
6
CONTINUOUS
10
87.1292769734298673
20
-116.726266089557015
11
87.1422611490784362
21
-116.7042245488041203
0
LINE
8
User.Drawings
6
CONTINUOUS
10
87.1422611490784362
20
-116.7042245488041203
11
87.1626907043808643
21
-116.6888293884091183
0
LINE
8
User.Drawings
6
CONTINUOUS
10
87.1626907043808643
20
-116.6888293884091183
11
87.1874579341980791
21
-116.6824234071829238
0
LINE
8
User.Drawings
6
CONTINUOUS
10
87.1874579341980791
20
-116.6824234071829238
11
87.2002996187249408
21
-116.6829566561659988
0
LINE
8
User.Drawings
6
CONTINUOUS
10
87.2002996187249408
20
-116.6829566561659988
11
88.0010446494634238
21
-116.7954940460615063
0
LINE
8
User.Drawings
6
CONTINUOUS
10
88.0010446494634238
20
-116.7954940460615063
11
88.1135829135375985
21
-115.9947481411443562
0
LINE
8
User.Drawings
6
CONTINUOUS
10
88.1135829135375985
20
-115.9947481411443562
11
88.1166101942398825
21
-115.9822570022604822
0
LINE
8
User.Drawings
6
CONTINUOUS
10
88.1166101942398825
20
-115.9822570022604822
11
88.1295943698884514
21
-115.9602154615075733
0
LINE
8
User.Drawings
6
CONTINUOUS
10
88.1295943698884514
20
-115.9602154615075733
11
88.1500239251908795
21
-115.9448203011125713
0
LINE
8
User.Drawings
6
CONTINUOUS
10
88.1500239251908795
20
-115.9448203011125713
11
88.1747911550080943
21
-115.9384143198863768
0
LINE
8
User.Drawings
6
CONTINUOUS
10
88.1747911550080943
20
-115.9384143198863768
11
88.2001239784188442
21
-115.9419748495717499
0
LINE
8
User.Drawings
6
CONTINUOUS
10
76.0807269474943269
20
-114.2387050407988198
11
76.1027684882472357
21
-114.2516892164473745
0
LINE
8
User.Drawings
6
CONTINUOUS
10
76.1027684882472357
20
-114.2516892164473745
11
76.1181636486422377
21
-114.2721187717498168
0
LINE
8
User.Drawings
6
CONTINUOUS
10
76.1181636486422377
20
-114.2721187717498168
11
76.1245696298684322
21
-114.2968860015670316
0
LINE
8
User.Drawings
6
CONTINUOUS
10
76.1245696298684322
20
-114.2968860015670316
11
76.1240363808853573
21
-114.3097276860938933
0
LINE
8
User.Drawings
6
CONTINUOUS
10
76.1240363808853573
20
-114.3097276860938933
11
76.0114981168111825
21
-115.1104727168323762
0
LINE
8
User.Drawings
6
CONTINUOUS
10
76.0114981168111825
20
-115.1104727168323762
11
76.8122448959069857
21
-115.2230109809065368
0
LINE
8
User.Drawings
6
CONTINUOUS
10
76.8122448959069857
20
-115.2230109809065368
11
76.8247360347908739
21
-115.2260382616088208
0
LINE
8
User.Drawings
6
CONTINUOUS
10
76.8247360347908739
20
-115.2260382616088208
11
76.8467775755437685
21
-115.2390224372573897
0
LINE
8
User.Drawings
6
CONTINUOUS
10
76.8467775755437685
20
-115.2390224372573897
11
76.8621727359387705
21
-115.2594519925598178
0
LINE
8
User.Drawings
6
CONTINUOUS
10
76.8621727359387705
20
-115.2594519925598178
11
76.8685787171649793
21
-115.2842192223770468
0
LINE
8
User.Drawings
6
CONTINUOUS
10
76.8685787171649793
20
-115.2842192223770468
11
76.8650181874796061
21
-115.3095520457877825
0
LINE
8
User.Drawings
6
CONTINUOUS
10
76.8650181874796061
20
-115.3095520457877825
11
76.8520340118310514
21
-115.3315935865406914
0
LINE
8
User.Drawings
6
CONTINUOUS
10
76.8520340118310514
20
-115.3315935865406914
11
76.8316044565286091
21
-115.3469887469356934
0
LINE
8
User.Drawings
6
CONTINUOUS
10
76.8316044565286091
20
-115.3469887469356934
11
76.8068372267114086
21
-115.3533947281618879
0
LINE
8
User.Drawings
6
CONTINUOUS
10
76.8068372267114086
20
-115.3533947281618879
11
76.7939955421845468
21
-115.3528614791788129
0
LINE
8
User.Drawings
6
CONTINUOUS
10
76.7939955421845468
20
-115.3528614791788129
11
75.9283243881312728
21
-115.2311994124220718
0
LINE
8
User.Drawings
6
CONTINUOUS
10
75.9283243881312728
20
-115.2311994124220718
11
75.9158332492473846
21
-115.2281721317197878
0
LINE
8
User.Drawings
6
CONTINUOUS
10
75.9158332492473846
20
-115.2281721317197878
11
75.8937917084944758
21
-115.2151879560712189
0
LINE
8
User.Drawings
6
CONTINUOUS
10
75.8937917084944758
20
-115.2151879560712189
11
75.878396548099488
21
-115.1947584007687908
0
LINE
8
User.Drawings
6
CONTINUOUS
10
75.878396548099488
20
-115.1947584007687908
11
75.8719905668732935
21
-115.1699911709515902
0
LINE
8
User.Drawings
6
CONTINUOUS
10
75.8719905668732935
20
-115.1699911709515902
11
75.8725238158563684
21
-115.1571494864247285
0
LINE
8
User.Drawings
6
CONTINUOUS
10
75.8725238158563684
20
-115.1571494864247285
11
75.9941858826130954
21
-114.2914783323714545
0
LINE
8
User.Drawings
6
CONTINUOUS
10
75.9941858826130954
20
-114.2914783323714545
11
75.9972131633153793
21
-114.2789871934875663
0
LINE
8
User.Drawings
6
CONTINUOUS
10
75.9972131633153793
20
-114.2789871934875663
11
76.010197338963934
21
-114.2569456527346432
0
LINE
8
User.Drawings
6
CONTINUOUS
10
76.010197338963934
20
-114.2569456527346432
11
76.0306268942663621
21
-114.2415504923396554
0
LINE
8
User.Drawings
6
CONTINUOUS
10
76.0306268942663621
20
-114.2415504923396554
11
76.0553941240835911
21
-114.2351445111134609
0
LINE
8
User.Drawings
6
CONTINUOUS
10
76.0553941240835911
20
-114.2351445111134609
11
76.0807269474943269
21
-114.2387050407988198
0
LINE
8
User.Drawings
6
CONTINUOUS
10
88.9035694274978567
20
-104.5635596252414956
11
89.7692405815511307
21
-104.6852216919982226
0
LINE
8
User.Drawings
6
CONTINUOUS
10
89.7692405815511307
20
-104.6852216919982226
11
89.7817317204350189
21
-104.6882489727005208
0
LINE
8
User.Drawings
6
CONTINUOUS
10
89.7817317204350189
20
-104.6882489727005208
11
89.803773261187942
21
-104.7012331483490755
0
LINE
8
User.Drawings
6
CONTINUOUS
10
89.803773261187942
20
-104.7012331483490755
11
89.8191684215829298
21
-104.7216627036515035
0
LINE
8
User.Drawings
6
CONTINUOUS
10
89.8191684215829298
20
-104.7216627036515035
11
89.8255744028091243
21
-104.7464299334687183
0
LINE
8
User.Drawings
6
CONTINUOUS
10
89.8255744028091243
20
-104.7464299334687183
11
89.8250411538260352
21
-104.7592716179955801
0
LINE
8
User.Drawings
6
CONTINUOUS
10
89.8250411538260352
20
-104.7592716179955801
11
89.7033790870693082
21
-105.6249427720488541
0
LINE
8
User.Drawings
6
CONTINUOUS
10
89.7033790870693082
20
-105.6249427720488541
11
89.7003518063670384
21
-105.6374339109327423
0
LINE
8
User.Drawings
6
CONTINUOUS
10
89.7003518063670384
20
-105.6374339109327423
11
89.6873676307184695
21
-105.6594754516856511
0
LINE
8
User.Drawings
6
CONTINUOUS
10
89.6873676307184695
20
-105.6594754516856511
11
89.6669380754160414
21
-105.6748706120806389
0
LINE
8
User.Drawings
6
CONTINUOUS
10
89.6669380754160414
20
-105.6748706120806389
11
89.6421708455988124
21
-105.6812765933068334
0
LINE
8
User.Drawings
6
CONTINUOUS
10
89.6421708455988124
20
-105.6812765933068334
11
89.6168380221880767
21
-105.6777160636214887
0
LINE
8
User.Drawings
6
CONTINUOUS
10
89.6168380221880767
20
-105.6777160636214887
11
89.594796481435182
21
-105.6647318879729198
0
LINE
8
User.Drawings
6
CONTINUOUS
10
89.594796481435182
20
-105.6647318879729198
11
89.5794013210401801
21
-105.6443023326704918
0
LINE
8
User.Drawings
6
CONTINUOUS
10
89.5794013210401801
20
-105.6443023326704918
11
89.5729953398139713
21
-105.619535102853277
0
LINE
8
User.Drawings
6
CONTINUOUS
10
89.5729953398139713
20
-105.619535102853277
11
89.5735285887970605
21
-105.6066934183264152
0
LINE
8
User.Drawings
6
CONTINUOUS
10
89.5735285887970605
20
-105.6066934183264152
11
89.686065978692568
21
-104.8059475134092651
0
LINE
8
User.Drawings
6
CONTINUOUS
10
89.686065978692568
20
-104.8059475134092651
11
88.8853200737754179
21
-104.6934101235137575
0
LINE
8
User.Drawings
6
CONTINUOUS
10
88.8853200737754179
20
-104.6934101235137575
11
88.8728289348915297
21
-104.6903828428114736
0
LINE
8
User.Drawings
6
CONTINUOUS
10
88.8728289348915297
20
-104.6903828428114736
11
88.850787394138635
21
-104.6773986671629046
0
LINE
8
User.Drawings
6
CONTINUOUS
10
88.850787394138635
20
-104.6773986671629046
11
88.835392233743633
21
-104.6569691118604766
0
LINE
8
User.Drawings
6
CONTINUOUS
10
88.835392233743633
20
-104.6569691118604766
11
88.8289862525174385
21
-104.6322018820432618
0
LINE
8
User.Drawings
6
CONTINUOUS
10
88.8289862525174385
20
-104.6322018820432618
11
88.8325467822027974
21
-104.6068690586325118
0
LINE
8
User.Drawings
6
CONTINUOUS
10
88.8325467822027974
20
-104.6068690586325118
11
88.8455309578513663
21
-104.5848275178796172
0
LINE
8
User.Drawings
6
CONTINUOUS
10
88.8455309578513663
20
-104.5848275178796172
11
88.8659605131537944
21
-104.5694323574846152
0
LINE
8
User.Drawings
6
CONTINUOUS
10
88.8659605131537944
20
-104.5694323574846152
11
88.890727742970995
21
-104.5630263762584349
0
LINE
8
User.Drawings
6
CONTINUOUS
10
88.890727742970995
20
-104.5630263762584349
11
88.9035694274978567
21
-104.5635596252414956
0
LINE
8
User.Drawings
6
CONTINUOUS
10
77.6498435506266276
20
-102.9819518832253067
11
78.5155147046799016
21
-103.1036139499820479
0
LINE
8
User.Drawings
6
CONTINUOUS
10
78.5155147046799016
20
-103.1036139499820479
11
78.5280058435637898
21
-103.1066412306843176
0
LINE
8
User.Drawings
6
CONTINUOUS
10
78.5280058435637898
20
-103.1066412306843176
11
78.5500473843166986
21
-103.1196254063328865
0
LINE
8
User.Drawings
6
CONTINUOUS
10
78.5500473843166986
20
-103.1196254063328865
11
78.5654425447116864
21
-103.1400549616353146
0
LINE
8
User.Drawings
6
CONTINUOUS
10
78.5654425447116864
20
-103.1400549616353146
11
78.5718485259378951
21
-103.1648221914525294
0
LINE
8
User.Drawings
6
CONTINUOUS
10
78.5718485259378951
20
-103.1648221914525294
11
78.5682879962525362
21
-103.1901550148632793
0
LINE
8
User.Drawings
6
CONTINUOUS
10
78.5682879962525362
20
-103.1901550148632793
11
78.5553038206039815
21
-103.212196555616174
0
LINE
8
User.Drawings
6
CONTINUOUS
10
78.5553038206039815
20
-103.212196555616174
11
78.5348742653015393
21
-103.227591716011176
0
LINE
8
User.Drawings
6
CONTINUOUS
10
78.5348742653015393
20
-103.227591716011176
11
78.5101070354843245
21
-103.2339976972373847
0
LINE
8
User.Drawings
6
CONTINUOUS
10
78.5101070354843245
20
-103.2339976972373847
11
78.4972653509574627
21
-103.2334644482542956
0
LINE
8
User.Drawings
6
CONTINUOUS
10
78.4972653509574627
20
-103.2334644482542956
11
77.6965194460403126
21
-103.120926184180135
0
LINE
8
User.Drawings
6
CONTINUOUS
10
77.6965194460403126
20
-103.120926184180135
11
77.5839820561448192
21
-103.9216729632759382
0
LINE
8
User.Drawings
6
CONTINUOUS
10
77.5839820561448192
20
-103.9216729632759382
11
77.5809547754425211
21
-103.9341641021598264
0
LINE
8
User.Drawings
6
CONTINUOUS
10
77.5809547754425211
20
-103.9341641021598264
11
77.5679705997939664
21
-103.956205642912721
0
LINE
8
User.Drawings
6
CONTINUOUS
10
77.5679705997939664
20
-103.956205642912721
11
77.5475410444915383
21
-103.971600803307723
0
LINE
8
User.Drawings
6
CONTINUOUS
10
77.5475410444915383
20
-103.971600803307723
11
77.5227738146743093
21
-103.9780067845339175
0
LINE
8
User.Drawings
6
CONTINUOUS
10
77.5227738146743093
20
-103.9780067845339175
11
77.4974409912635736
21
-103.9744462548485586
0
LINE
8
User.Drawings
6
CONTINUOUS
10
77.4974409912635736
20
-103.9744462548485586
11
77.4753994505106647
21
-103.9614620791999897
0
LINE
8
User.Drawings
6
CONTINUOUS
10
77.4753994505106647
20
-103.9614620791999897
11
77.4600042901156627
21
-103.9410325238975616
0
LINE
8
User.Drawings
6
CONTINUOUS
10
77.4600042901156627
20
-103.9410325238975616
11
77.4535983088894682
21
-103.9162652940803611
0
LINE
8
User.Drawings
6
CONTINUOUS
10
77.4535983088894682
20
-103.9162652940803611
11
77.4541315578725431
21
-103.9034236095534993
0
LINE
8
User.Drawings
6
CONTINUOUS
10
77.4541315578725431
20
-103.9034236095534993
11
77.5757936246292843
21
-103.0377524555002111
0
LINE
8
User.Drawings
6
CONTINUOUS
10
77.5757936246292843
20
-103.0377524555002111
11
77.5788209053315683
21
-103.0252613166163371
0
LINE
8
User.Drawings
6
CONTINUOUS
10
77.5788209053315683
20
-103.0252613166163371
11
77.5918050809801372
21
-103.003219775863414
0
LINE
8
User.Drawings
6
CONTINUOUS
10
77.5918050809801372
20
-103.003219775863414
11
77.6122346362825652
21
-102.9878246154684263
0
LINE
8
User.Drawings
6
CONTINUOUS
10
77.6122346362825652
20
-102.9878246154684263
11
77.6370018660997658
21
-102.9814186342422317
0
LINE
8
User.Drawings
6
CONTINUOUS
10
77.6370018660997658
20
-102.9814186342422317
11
77.6498435506266276
21
-102.9819518832253067
0
LINE
8
User.Drawings
6
CONTINUOUS
10
135.8056209799787837
20
-105.8342840843031638
11
135.8276625207317068
21
-105.8472682599517185
0
LINE
8
User.Drawings
6
CONTINUOUS
10
135.8276625207317068
20
-105.8472682599517185
11
135.8430576811267088
21
-105.8676978152541466
0
LINE
8
User.Drawings
6
CONTINUOUS
10
135.8430576811267088
20
-105.8676978152541466
11
135.8494636623529175
21
-105.8924650450713756
0
LINE
8
User.Drawings
6
CONTINUOUS
10
135.8494636623529175
20
-105.8924650450713756
11
135.8489304133698283
21
-105.9053067295982373
0
LINE
8
User.Drawings
6
CONTINUOUS
10
135.8489304133698283
20
-105.9053067295982373
11
135.7272683466131014
21
-106.7709778836515113
0
LINE
8
User.Drawings
6
CONTINUOUS
10
135.7272683466131014
20
-106.7709778836515113
11
135.7242410659108032
21
-106.7834690225353995
0
LINE
8
User.Drawings
6
CONTINUOUS
10
135.7242410659108032
20
-106.7834690225353995
11
135.7112568902622343
21
-106.8055105632882942
0
LINE
8
User.Drawings
6
CONTINUOUS
10
135.7112568902622343
20
-106.8055105632882942
11
135.6908273349598346
21
-106.8209057236832962
0
LINE
8
User.Drawings
6
CONTINUOUS
10
135.6908273349598346
20
-106.8209057236832962
11
135.6660601051425772
21
-106.8273117049094907
0
LINE
8
User.Drawings
6
CONTINUOUS
10
135.6660601051425772
20
-106.8273117049094907
11
135.6532184206157581
21
-106.8267784559264157
0
LINE
8
User.Drawings
6
CONTINUOUS
10
135.6532184206157581
20
-106.8267784559264157
11
134.7875472665624557
21
-106.7051163891696746
0
LINE
8
User.Drawings
6
CONTINUOUS
10
134.7875472665624557
20
-106.7051163891696746
11
134.7750561276785959
21
-106.7020891084673906
0
LINE
8
User.Drawings
6
CONTINUOUS
10
134.7750561276785959
20
-106.7020891084673906
11
134.7530145869256728
21
-106.6891049328188359
0
LINE
8
User.Drawings
6
CONTINUOUS
10
134.7530145869256728
20
-106.6891049328188359
11
134.7376194265306708
21
-106.6686753775163936
0
LINE
8
User.Drawings
6
CONTINUOUS
10
134.7376194265306708
20
-106.6686753775163936
11
134.7312134453044905
21
-106.643908147699193
0
LINE
8
User.Drawings
6
CONTINUOUS
10
134.7312134453044905
20
-106.643908147699193
11
134.7347739749898494
21
-106.6185753242884431
0
LINE
8
User.Drawings
6
CONTINUOUS
10
134.7347739749898494
20
-106.6185753242884431
11
134.7477581506383899
21
-106.5965337835355342
0
LINE
8
User.Drawings
6
CONTINUOUS
10
134.7477581506383899
20
-106.5965337835355342
11
134.7681877059408464
21
-106.5811386231405322
0
LINE
8
User.Drawings
6
CONTINUOUS
10
134.7681877059408464
20
-106.5811386231405322
11
134.792954935758047
21
-106.5747326419143519
0
LINE
8
User.Drawings
6
CONTINUOUS
10
134.792954935758047
20
-106.5747326419143519
11
134.8057966202849229
21
-106.5752658908974126
0
LINE
8
User.Drawings
6
CONTINUOUS
10
134.8057966202849229
20
-106.5752658908974126
11
135.6065416510233774
21
-106.6878032807929344
0
LINE
8
User.Drawings
6
CONTINUOUS
10
135.6065416510233774
20
-106.6878032807929344
11
135.7190799150975522
21
-105.8870573758757843
0
LINE
8
User.Drawings
6
CONTINUOUS
10
135.7190799150975522
20
-105.8870573758757843
11
135.7221071957998504
21
-105.8745662369919103
0
LINE
8
User.Drawings
6
CONTINUOUS
10
135.7221071957998504
20
-105.8745662369919103
11
135.7350913714484193
21
-105.8525246962389872
0
LINE
8
User.Drawings
6
CONTINUOUS
10
135.7350913714484193
20
-105.8525246962389872
11
135.7555209267508189
21
-105.8371295358439994
0
LINE
8
User.Drawings
6
CONTINUOUS
10
135.7555209267508189
20
-105.8371295358439994
11
135.7802881565680764
21
-105.8307235546178049
0
LINE
8
User.Drawings
6
CONTINUOUS
10
135.7802881565680764
20
-105.8307235546178049
11
135.8056209799787837
21
-105.8342840843031638
0
LINE
8
User.Drawings
6
CONTINUOUS
10
123.6862239490542947
20
-104.1310142755302479
11
123.7082654898072178
21
-104.1439984511788026
0
LINE
8
User.Drawings
6
CONTINUOUS
10
123.7082654898072178
20
-104.1439984511788026
11
123.7236606502022056
21
-104.1644280064812307
0
LINE
8
User.Drawings
6
CONTINUOUS
10
123.7236606502022056
20
-104.1644280064812307
11
123.7300666314284001
21
-104.1891952362984455
0
LINE
8
User.Drawings
6
CONTINUOUS
10
123.7300666314284001
20
-104.1891952362984455
11
123.7295333824453252
21
-104.2020369208253072
0
LINE
8
User.Drawings
6
CONTINUOUS
10
123.7295333824453252
20
-104.2020369208253072
11
123.6169951183711504
21
-105.0027819515638043
0
LINE
8
User.Drawings
6
CONTINUOUS
10
123.6169951183711504
20
-105.0027819515638043
11
124.4177418974669536
21
-105.1153202156379649
0
LINE
8
User.Drawings
6
CONTINUOUS
10
124.4177418974669536
20
-105.1153202156379649
11
124.4302330363508418
21
-105.1183474963402347
0
LINE
8
User.Drawings
6
CONTINUOUS
10
124.4302330363508418
20
-105.1183474963402347
11
124.4522745771037364
21
-105.1313316719888036
0
LINE
8
User.Drawings
6
CONTINUOUS
10
124.4522745771037364
20
-105.1313316719888036
11
124.4676697374987384
21
-105.1517612272912316
0
LINE
8
User.Drawings
6
CONTINUOUS
10
124.4676697374987384
20
-105.1517612272912316
11
124.4740757187249471
21
-105.1765284571084607
0
LINE
8
User.Drawings
6
CONTINUOUS
10
124.4740757187249471
20
-105.1765284571084607
11
124.4705151890395882
21
-105.2018612805191964
0
LINE
8
User.Drawings
6
CONTINUOUS
10
124.4705151890395882
20
-105.2018612805191964
11
124.4575310133910193
21
-105.2239028212721195
0
LINE
8
User.Drawings
6
CONTINUOUS
10
124.4575310133910193
20
-105.2239028212721195
11
124.4371014580885912
21
-105.2392979816671073
0
LINE
8
User.Drawings
6
CONTINUOUS
10
124.4371014580885912
20
-105.2392979816671073
11
124.4123342282713764
21
-105.2457039628933018
0
LINE
8
User.Drawings
6
CONTINUOUS
10
124.4123342282713764
20
-105.2457039628933018
11
124.3994925437445147
21
-105.2451707139102126
0
LINE
8
User.Drawings
6
CONTINUOUS
10
124.3994925437445147
20
-105.2451707139102126
11
123.5338213896912407
21
-105.1235086471534856
0
LINE
8
User.Drawings
6
CONTINUOUS
10
123.5338213896912407
20
-105.1235086471534856
11
123.5213302508073525
21
-105.1204813664512159
0
LINE
8
User.Drawings
6
CONTINUOUS
10
123.5213302508073525
20
-105.1204813664512159
11
123.4992887100544579
21
-105.107497190802647
0
LINE
8
User.Drawings
6
CONTINUOUS
10
123.4992887100544579
20
-105.107497190802647
11
123.4838935496594559
21
-105.0870676355002189
0
LINE
8
User.Drawings
6
CONTINUOUS
10
123.4838935496594559
20
-105.0870676355002189
11
123.4774875684332471
21
-105.0623004056830041
0
LINE
8
User.Drawings
6
CONTINUOUS
10
123.4774875684332471
20
-105.0623004056830041
11
123.4780208174163363
21
-105.0494587211561424
0
LINE
8
User.Drawings
6
CONTINUOUS
10
123.4780208174163363
20
-105.0494587211561424
11
123.5996828841730633
21
-104.1837875671028542
0
LINE
8
User.Drawings
6
CONTINUOUS
10
123.5996828841730633
20
-104.1837875671028542
11
123.6027101648753472
21
-104.1712964282189802
0
LINE
8
User.Drawings
6
CONTINUOUS
10
123.6027101648753472
20
-104.1712964282189802
11
123.6156943405239019
21
-104.1492548874660713
0
LINE
8
User.Drawings
6
CONTINUOUS
10
123.6156943405239019
20
-104.1492548874660713
11
123.63612389582633
21
-104.1338597270710693
0
LINE
8
User.Drawings
6
CONTINUOUS
10
123.63612389582633
20
-104.1338597270710693
11
123.660891125643559
21
-104.1274537458448748
0
LINE
8
User.Drawings
6
CONTINUOUS
10
123.660891125643559
20
-104.1274537458448748
11
123.6862239490542947
21
-104.1310142755302479
0
LINE
8
User.Drawings
6
CONTINUOUS
10
136.5090664290578388
20
-94.4558688599729237
11
137.3747375831111128
21
-94.5775309267296507
0
LINE
8
User.Drawings
6
CONTINUOUS
10
137.3747375831111128
20
-94.5775309267296507
11
137.387228721995001
21
-94.5805582074319346
0
LINE
8
User.Drawings
6
CONTINUOUS
10
137.387228721995001
20
-94.5805582074319346
11
137.4092702627478957
21
-94.5935423830804893
0
LINE
8
User.Drawings
6
CONTINUOUS
10
137.4092702627478957
20
-94.5935423830804893
11
137.4246654231428977
21
-94.6139719383829174
0
LINE
8
User.Drawings
6
CONTINUOUS
10
137.4246654231428977
20
-94.6139719383829174
11
137.431071404369078
21
-94.6387391682001464
0
LINE
8
User.Drawings
6
CONTINUOUS
10
137.431071404369078
20
-94.6387391682001464
11
137.4305381553860173
21
-94.6515808527270082
0
LINE
8
User.Drawings
6
CONTINUOUS
10
137.4305381553860173
20
-94.6515808527270082
11
137.3088760886292619
21
-95.5172520067802822
0
LINE
8
User.Drawings
6
CONTINUOUS
10
137.3088760886292619
20
-95.5172520067802822
11
137.3058488079269921
21
-95.5297431456641704
0
LINE
8
User.Drawings
6
CONTINUOUS
10
137.3058488079269921
20
-95.5297431456641704
11
137.2928646322784232
21
-95.551784686417065
0
LINE
8
User.Drawings
6
CONTINUOUS
10
137.2928646322784232
20
-95.551784686417065
11
137.2724350769759951
21
-95.567179846812067
0
LINE
8
User.Drawings
6
CONTINUOUS
10
137.2724350769759951
20
-95.567179846812067
11
137.2476678471587945
21
-95.5735858280382615
0
LINE
8
User.Drawings
6
CONTINUOUS
10
137.2476678471587945
20
-95.5735858280382615
11
137.2223350237480304
21
-95.5700252983529026
0
LINE
8
User.Drawings
6
CONTINUOUS
10
137.2223350237480304
20
-95.5700252983529026
11
137.2002934829951357
21
-95.5570411227043337
0
LINE
8
User.Drawings
6
CONTINUOUS
10
137.2002934829951357
20
-95.5570411227043337
11
137.1848983226001621
21
-95.5366115674019056
0
LINE
8
User.Drawings
6
CONTINUOUS
10
137.1848983226001621
20
-95.5366115674019056
11
137.1784923413739534
21
-95.5118443375846908
0
LINE
8
User.Drawings
6
CONTINUOUS
10
137.1784923413739534
20
-95.5118443375846908
11
137.1790255903570426
21
-95.4990026530578433
0
LINE
8
User.Drawings
6
CONTINUOUS
10
137.1790255903570426
20
-95.4990026530578433
11
137.2915629802525359
21
-94.6982567481406932
0
LINE
8
User.Drawings
6
CONTINUOUS
10
137.2915629802525359
20
-94.6982567481406932
11
136.4908170753353716
21
-94.5857193582451714
0
LINE
8
User.Drawings
6
CONTINUOUS
10
136.4908170753353716
20
-94.5857193582451714
11
136.4783259364515118
21
-94.5826920775429016
0
LINE
8
User.Drawings
6
CONTINUOUS
10
136.4783259364515118
20
-94.5826920775429016
11
136.4562843956985887
21
-94.5697079018943327
0
LINE
8
User.Drawings
6
CONTINUOUS
10
136.4562843956985887
20
-94.5697079018943327
11
136.4408892353036151
21
-94.5492783465919047
0
LINE
8
User.Drawings
6
CONTINUOUS
10
136.4408892353036151
20
-94.5492783465919047
11
136.4344832540774064
21
-94.5245111167746899
0
LINE
8
User.Drawings
6
CONTINUOUS
10
136.4344832540774064
20
-94.5245111167746899
11
136.4380437837627653
21
-94.4991782933639399
0
LINE
8
User.Drawings
6
CONTINUOUS
10
136.4380437837627653
20
-94.4991782933639399
11
136.4510279594113058
21
-94.4771367526110311
0
LINE
8
User.Drawings
6
CONTINUOUS
10
136.4510279594113058
20
-94.4771367526110311
11
136.4714575147137623
21
-94.4617415922160433
0
LINE
8
User.Drawings
6
CONTINUOUS
10
136.4714575147137623
20
-94.4617415922160433
11
136.4962247445309629
21
-94.4553356109898488
0
LINE
8
User.Drawings
6
CONTINUOUS
10
136.4962247445309629
20
-94.4553356109898488
11
136.5090664290578388
21
-94.4558688599729237
0
LINE
8
User.Drawings
6
CONTINUOUS
10
125.2553405521866097
20
-92.8742611179567206
11
126.1210117062398695
21
-92.9959231847134618
0
LINE
8
User.Drawings
6
CONTINUOUS
10
126.1210117062398695
20
-92.9959231847134618
11
126.1335028451237577
21
-92.9989504654157457
0
LINE
8
User.Drawings
6
CONTINUOUS
10
126.1335028451237577
20
-92.9989504654157457
11
126.1555443858766665
21
-93.0119346410643146
0
LINE
8
User.Drawings
6
CONTINUOUS
10
126.1555443858766665
20
-93.0119346410643146
11
126.1709395462716543
21
-93.0323641963667427
0
LINE
8
User.Drawings
6
CONTINUOUS
10
126.1709395462716543
20
-93.0323641963667427
11
126.177345527497863
21
-93.0571314261839433
0
LINE
8
User.Drawings
6
CONTINUOUS
10
126.177345527497863
20
-93.0571314261839433
11
126.1737849978125041
21
-93.0824642495946932
0
LINE
8
User.Drawings
6
CONTINUOUS
10
126.1737849978125041
20
-93.0824642495946932
11
126.1608008221639352
21
-93.1045057903476021
0
LINE
8
User.Drawings
6
CONTINUOUS
10
126.1608008221639352
20
-93.1045057903476021
11
126.1403712668615071
21
-93.1199009507426041
0
LINE
8
User.Drawings
6
CONTINUOUS
10
126.1403712668615071
20
-93.1199009507426041
11
126.1156040370442923
21
-93.1263069319687986
0
LINE
8
User.Drawings
6
CONTINUOUS
10
126.1156040370442923
20
-93.1263069319687986
11
126.1027623525174306
21
-93.1257736829857237
0
LINE
8
User.Drawings
6
CONTINUOUS
10
126.1027623525174306
20
-93.1257736829857237
11
125.3020164476002805
21
-93.0132354189115489
0
LINE
8
User.Drawings
6
CONTINUOUS
10
125.3020164476002805
20
-93.0132354189115489
11
125.1894790577047871
21
-93.8139821980073521
0
LINE
8
User.Drawings
6
CONTINUOUS
10
125.1894790577047871
20
-93.8139821980073521
11
125.1864517770024889
21
-93.8264733368912403
0
LINE
8
User.Drawings
6
CONTINUOUS
10
125.1864517770024889
20
-93.8264733368912403
11
125.1734676013539342
21
-93.8485148776441491
0
LINE
8
User.Drawings
6
CONTINUOUS
10
125.1734676013539342
20
-93.8485148776441491
11
125.1530380460515062
21
-93.8639100380391369
0
LINE
8
User.Drawings
6
CONTINUOUS
10
125.1530380460515062
20
-93.8639100380391369
11
125.1282708162342914
21
-93.8703160192653314
0
LINE
8
User.Drawings
6
CONTINUOUS
10
125.1282708162342914
20
-93.8703160192653314
11
125.1029379928235414
21
-93.8667554895799867
0
LINE
8
User.Drawings
6
CONTINUOUS
10
125.1029379928235414
20
-93.8667554895799867
11
125.0808964520706326
21
-93.8537713139314178
0
LINE
8
User.Drawings
6
CONTINUOUS
10
125.0808964520706326
20
-93.8537713139314178
11
125.0655012916756306
21
-93.8333417586289897
0
LINE
8
User.Drawings
6
CONTINUOUS
10
125.0655012916756306
20
-93.8333417586289897
11
125.0590953104494503
21
-93.8085745288117607
0
LINE
8
User.Drawings
6
CONTINUOUS
10
125.0590953104494503
20
-93.8085745288117607
11
125.059628559432511
21
-93.7957328442849132
0
LINE
8
User.Drawings
6
CONTINUOUS
10
125.059628559432511
20
-93.7957328442849132
11
125.1812906261892522
21
-92.930061690231625
0
LINE
8
User.Drawings
6
CONTINUOUS
10
125.1812906261892522
20
-92.930061690231625
11
125.1843179068915362
21
-92.9175705513477652
0
LINE
8
User.Drawings
6
CONTINUOUS
10
125.1843179068915362
20
-92.9175705513477652
11
125.1973020825401051
21
-92.8955290105948421
0
LINE
8
User.Drawings
6
CONTINUOUS
10
125.1973020825401051
20
-92.8955290105948421
11
125.2177316378425331
21
-92.8801338501998401
0
LINE
8
User.Drawings
6
CONTINUOUS
10
125.2177316378425331
20
-92.8801338501998401
11
125.2424988676597479
21
-92.8737278689736598
0
LINE
8
User.Drawings
6
CONTINUOUS
10
125.2424988676597479
20
-92.8737278689736598
11
125.2553405521866097
21
-92.8742611179567206
0
LINE
8
User.Drawings
6
CONTINUOUS
10
119.186085952694043
20
-103.4243483522648859
11
119.2081274934469377
21
-103.4373325279134548
0
LINE
8
User.Drawings
6
CONTINUOUS
10
119.2081274934469377
20
-103.4373325279134548
11
119.2235226538419397
21
-103.4577620832158829
0
LINE
8
User.Drawings
6
CONTINUOUS
10
119.2235226538419397
20
-103.4577620832158829
11
119.2299286350681342
21
-103.4825293130331119
0
LINE
8
User.Drawings
6
CONTINUOUS
10
119.2299286350681342
20
-103.4825293130331119
11
119.2293953860850593
21
-103.4953709975599594
0
LINE
8
User.Drawings
6
CONTINUOUS
10
119.2293953860850593
20
-103.4953709975599594
11
119.1077333193283323
21
-104.3610421516132476
0
LINE
8
User.Drawings
6
CONTINUOUS
10
119.1077333193283323
20
-104.3610421516132476
11
119.1047060386260341
21
-104.3735332904971216
0
LINE
8
User.Drawings
6
CONTINUOUS
10
119.1047060386260341
20
-104.3735332904971216
11
119.0917218629774794
21
-104.3955748312500305
0
LINE
8
User.Drawings
6
CONTINUOUS
10
119.0917218629774794
20
-104.3955748312500305
11
119.0712923076750513
21
-104.4109699916450325
0
LINE
8
User.Drawings
6
CONTINUOUS
10
119.0712923076750513
20
-104.4109699916450325
11
119.0465250778578365
21
-104.417375972871227
0
LINE
8
User.Drawings
6
CONTINUOUS
10
119.0465250778578365
20
-104.417375972871227
11
119.0336833933309748
21
-104.416842723888152
0
LINE
8
User.Drawings
6
CONTINUOUS
10
119.0336833933309748
20
-104.416842723888152
11
118.1680122392777008
21
-104.2951806571314108
0
LINE
8
User.Drawings
6
CONTINUOUS
10
118.1680122392777008
20
-104.2951806571314108
11
118.1555211003938126
21
-104.2921533764291411
0
LINE
8
User.Drawings
6
CONTINUOUS
10
118.1555211003938126
20
-104.2921533764291411
11
118.1334795596409037
21
-104.2791692007805722
0
LINE
8
User.Drawings
6
CONTINUOUS
10
118.1334795596409037
20
-104.2791692007805722
11
118.118084399245916
21
-104.2587396454781441
0
LINE
8
User.Drawings
6
CONTINUOUS
10
118.118084399245916
20
-104.2587396454781441
11
118.1116784180197214
21
-104.2339724156609293
0
LINE
8
User.Drawings
6
CONTINUOUS
10
118.1116784180197214
20
-104.2339724156609293
11
118.1152389477050662
21
-104.2086395922501794
0
LINE
8
User.Drawings
6
CONTINUOUS
10
118.1152389477050662
20
-104.2086395922501794
11
118.1282231233536351
21
-104.1865980514972705
0
LINE
8
User.Drawings
6
CONTINUOUS
10
118.1282231233536351
20
-104.1865980514972705
11
118.1486526786560631
21
-104.1712028911022827
0
LINE
8
User.Drawings
6
CONTINUOUS
10
118.1486526786560631
20
-104.1712028911022827
11
118.1734199084732921
21
-104.1647969098760882
0
LINE
8
User.Drawings
6
CONTINUOUS
10
118.1734199084732921
20
-104.1647969098760882
11
118.1862615930001397
21
-104.1653301588591631
0
LINE
8
User.Drawings
6
CONTINUOUS
10
118.1862615930001397
20
-104.1653301588591631
11
118.9870066237386226
21
-104.2778675487546707
0
LINE
8
User.Drawings
6
CONTINUOUS
10
118.9870066237386226
20
-104.2778675487546707
11
119.0995448878127974
21
-103.4771216438375205
0
LINE
8
User.Drawings
6
CONTINUOUS
10
119.0995448878127974
20
-103.4771216438375205
11
119.1025721685150813
21
-103.4646305049536323
0
LINE
8
User.Drawings
6
CONTINUOUS
10
119.1025721685150813
20
-103.4646305049536323
11
119.1155563441636502
21
-103.4425889642007235
0
LINE
8
User.Drawings
6
CONTINUOUS
10
119.1155563441636502
20
-103.4425889642007235
11
119.1359858994660783
21
-103.4271938038057357
0
LINE
8
User.Drawings
6
CONTINUOUS
10
119.1359858994660783
20
-103.4271938038057357
11
119.1607531292832931
21
-103.4207878225795412
0
LINE
8
User.Drawings
6
CONTINUOUS
10
119.1607531292832931
20
-103.4207878225795412
11
119.186085952694043
21
-103.4243483522648859
0
LINE
8
User.Drawings
6
CONTINUOUS
10
107.0666889217695399
20
-101.72107854349197
11
107.0887304625224488
21
-101.7340627191405389
0
LINE
8
User.Drawings
6
CONTINUOUS
10
107.0887304625224488
20
-101.7340627191405389
11
107.1041256229174365
21
-101.754492274442967
0
LINE
8
User.Drawings
6
CONTINUOUS
10
107.1041256229174365
20
-101.754492274442967
11
107.1105316041436311
21
-101.779259504260196
0
LINE
8
User.Drawings
6
CONTINUOUS
10
107.1105316041436311
20
-101.779259504260196
11
107.1099983551605561
21
-101.7921011887870577
0
LINE
8
User.Drawings
6
CONTINUOUS
10
107.1099983551605561
20
-101.7921011887870577
11
106.9974600910863813
21
-102.5928462195255264
0
LINE
8
User.Drawings
6
CONTINUOUS
10
106.9974600910863813
20
-102.5928462195255264
11
107.7982068701821987
21
-102.7053844835997012
0
LINE
8
User.Drawings
6
CONTINUOUS
10
107.7982068701821987
20
-102.7053844835997012
11
107.8106980090660727
21
-102.7084117643019852
0
LINE
8
User.Drawings
6
CONTINUOUS
10
107.8106980090660727
20
-102.7084117643019852
11
107.8327395498189816
21
-102.7213959399505541
0
LINE
8
User.Drawings
6
CONTINUOUS
10
107.8327395498189816
20
-102.7213959399505541
11
107.8481347102139836
21
-102.7418254952529821
0
LINE
8
User.Drawings
6
CONTINUOUS
10
107.8481347102139836
20
-102.7418254952529821
11
107.8545406914401781
21
-102.7665927250701827
0
LINE
8
User.Drawings
6
CONTINUOUS
10
107.8545406914401781
20
-102.7665927250701827
11
107.850980161754805
21
-102.7919255484809327
0
LINE
8
User.Drawings
6
CONTINUOUS
10
107.850980161754805
20
-102.7919255484809327
11
107.8379959861062503
21
-102.8139670892338415
0
LINE
8
User.Drawings
6
CONTINUOUS
10
107.8379959861062503
20
-102.8139670892338415
11
107.8175664308038222
21
-102.8293622496288435
0
LINE
8
User.Drawings
6
CONTINUOUS
10
107.8175664308038222
20
-102.8293622496288435
11
107.7927992009866074
21
-102.835768230855038
0
LINE
8
User.Drawings
6
CONTINUOUS
10
107.7927992009866074
20
-102.835768230855038
11
107.7799575164597456
21
-102.8352349818719631
0
LINE
8
User.Drawings
6
CONTINUOUS
10
107.7799575164597456
20
-102.8352349818719631
11
106.9142863624064717
21
-102.7135729151152361
0
LINE
8
User.Drawings
6
CONTINUOUS
10
106.9142863624064717
20
-102.7135729151152361
11
106.9017952235225835
21
-102.7105456344129522
0
LINE
8
User.Drawings
6
CONTINUOUS
10
106.9017952235225835
20
-102.7105456344129522
11
106.8797536827696746
21
-102.6975614587643832
0
LINE
8
User.Drawings
6
CONTINUOUS
10
106.8797536827696746
20
-102.6975614587643832
11
106.8643585223746868
21
-102.6771319034619552
0
LINE
8
User.Drawings
6
CONTINUOUS
10
106.8643585223746868
20
-102.6771319034619552
11
106.8579525411484923
21
-102.6523646736447262
0
LINE
8
User.Drawings
6
CONTINUOUS
10
106.8579525411484923
20
-102.6523646736447262
11
106.8584857901315672
21
-102.6395229891178644
0
LINE
8
User.Drawings
6
CONTINUOUS
10
106.8584857901315672
20
-102.6395229891178644
11
106.9801478568882942
21
-101.7738518350646046
0
LINE
8
User.Drawings
6
CONTINUOUS
10
106.9801478568882942
20
-101.7738518350646046
11
106.9831751375905782
21
-101.7613606961807164
0
LINE
8
User.Drawings
6
CONTINUOUS
10
106.9831751375905782
20
-101.7613606961807164
11
106.9961593132391329
21
-101.7393191554278076
0
LINE
8
User.Drawings
6
CONTINUOUS
10
106.9961593132391329
20
-101.7393191554278076
11
107.0165888685415752
21
-101.7239239950328056
0
LINE
8
User.Drawings
6
CONTINUOUS
10
107.0165888685415752
20
-101.7239239950328056
11
107.0413560983587899
21
-101.7175180138066253
0
LINE
8
User.Drawings
6
CONTINUOUS
10
107.0413560983587899
20
-101.7175180138066253
11
107.0666889217695399
21
-101.72107854349197
0
LINE
8
User.Drawings
6
CONTINUOUS
10
119.8895314017730556
20
-92.04593312793466
11
120.7552025558263438
21
-92.167595194691387
0
LINE
8
User.Drawings
6
CONTINUOUS
10
120.7552025558263438
20
-92.167595194691387
11
120.7676936947102178
21
-92.1706224753936567
0
LINE
8
User.Drawings
6
CONTINUOUS
10
120.7676936947102178
20
-92.1706224753936567
11
120.7897352354631408
21
-92.1836066510422398
0
LINE
8
User.Drawings
6
CONTINUOUS
10
120.7897352354631408
20
-92.1836066510422398
11
120.8051303958581286
21
-92.2040362063446537
0
LINE
8
User.Drawings
6
CONTINUOUS
10
120.8051303958581286
20
-92.2040362063446537
11
120.8115363770843231
21
-92.2288034361618827
0
LINE
8
User.Drawings
6
CONTINUOUS
10
120.8115363770843231
20
-92.2288034361618827
11
120.8110031281012482
21
-92.2416451206887302
0
LINE
8
User.Drawings
6
CONTINUOUS
10
120.8110031281012482
20
-92.2416451206887302
11
120.689341061344507
21
-93.1073162747420184
0
LINE
8
User.Drawings
6
CONTINUOUS
10
120.689341061344507
20
-93.1073162747420184
11
120.6863137806422372
21
-93.1198074136258924
0
LINE
8
User.Drawings
6
CONTINUOUS
10
120.6863137806422372
20
-93.1198074136258924
11
120.6733296049936683
21
-93.1418489543788155
0
LINE
8
User.Drawings
6
CONTINUOUS
10
120.6733296049936683
20
-93.1418489543788155
11
120.6529000496912403
21
-93.1572441147738033
0
LINE
8
User.Drawings
6
CONTINUOUS
10
120.6529000496912403
20
-93.1572441147738033
11
120.6281328198740255
21
-93.1636500959999978
0
LINE
8
User.Drawings
6
CONTINUOUS
10
120.6281328198740255
20
-93.1636500959999978
11
120.6027999964632755
21
-93.1600895663146389
0
LINE
8
User.Drawings
6
CONTINUOUS
10
120.6027999964632755
20
-93.1600895663146389
11
120.5807584557103809
21
-93.1471053906660842
0
LINE
8
User.Drawings
6
CONTINUOUS
10
120.5807584557103809
20
-93.1471053906660842
11
120.5653632953153789
21
-93.1266758353636561
0
LINE
8
User.Drawings
6
CONTINUOUS
10
120.5653632953153789
20
-93.1266758353636561
11
120.5589573140891702
21
-93.1019086055464271
0
LINE
8
User.Drawings
6
CONTINUOUS
10
120.5589573140891702
20
-93.1019086055464271
11
120.5594905630722593
21
-93.0890669210195654
0
LINE
8
User.Drawings
6
CONTINUOUS
10
120.5594905630722593
20
-93.0890669210195654
11
120.6720279529677669
21
-92.2883210161024294
0
LINE
8
User.Drawings
6
CONTINUOUS
10
120.6720279529677669
20
-92.2883210161024294
11
119.8712820480506167
21
-92.1757836262069219
0
LINE
8
User.Drawings
6
CONTINUOUS
10
119.8712820480506167
20
-92.1757836262069219
11
119.8587909091667285
21
-92.1727563455046379
0
LINE
8
User.Drawings
6
CONTINUOUS
10
119.8587909091667285
20
-92.1727563455046379
11
119.8367493684138338
21
-92.159772169856069
0
LINE
8
User.Drawings
6
CONTINUOUS
10
119.8367493684138338
20
-92.159772169856069
11
119.8213542080188319
21
-92.1393426145536409
0
LINE
8
User.Drawings
6
CONTINUOUS
10
119.8213542080188319
20
-92.1393426145536409
11
119.8149482267926373
21
-92.1145753847364119
0
LINE
8
User.Drawings
6
CONTINUOUS
10
119.8149482267926373
20
-92.1145753847364119
11
119.8185087564779963
21
-92.0892425613256762
0
LINE
8
User.Drawings
6
CONTINUOUS
10
119.8185087564779963
20
-92.0892425613256762
11
119.8314929321265652
21
-92.0672010205727815
0
LINE
8
User.Drawings
6
CONTINUOUS
10
119.8314929321265652
20
-92.0672010205727815
11
119.8519224874289932
21
-92.0518058601777796
0
LINE
8
User.Drawings
6
CONTINUOUS
10
119.8519224874289932
20
-92.0518058601777796
11
119.8766897172461938
21
-92.0453998789515708
0
LINE
8
User.Drawings
6
CONTINUOUS
10
119.8766897172461938
20
-92.0453998789515708
11
119.8895314017730556
21
-92.04593312793466
0
LINE
8
User.Drawings
6
CONTINUOUS
10
108.6358055249018264
20
-90.4643253859184711
11
109.5014766789551146
21
-90.585987452675198
0
LINE
8
User.Drawings
6
CONTINUOUS
10
109.5014766789551146
20
-90.585987452675198
11
109.5139678178389886
21
-90.589014733377482
0
LINE
8
User.Drawings
6
CONTINUOUS
10
109.5139678178389886
20
-90.589014733377482
11
109.5360093585919117
21
-90.6019989090260509
0
LINE
8
User.Drawings
6
CONTINUOUS
10
109.5360093585919117
20
-90.6019989090260509
11
109.5514045189868995
21
-90.622428464328479
0
LINE
8
User.Drawings
6
CONTINUOUS
10
109.5514045189868995
20
-90.622428464328479
11
109.557810500213094
21
-90.6471956941456938
0
LINE
8
User.Drawings
6
CONTINUOUS
10
109.557810500213094
20
-90.6471956941456938
11
109.5542499705277351
21
-90.6725285175564437
0
LINE
8
User.Drawings
6
CONTINUOUS
10
109.5542499705277351
20
-90.6725285175564437
11
109.5412657948791804
21
-90.6945700583093384
0
LINE
8
User.Drawings
6
CONTINUOUS
10
109.5412657948791804
20
-90.6945700583093384
11
109.5208362395767381
21
-90.7099652187043404
0
LINE
8
User.Drawings
6
CONTINUOUS
10
109.5208362395767381
20
-90.7099652187043404
11
109.4960690097595233
21
-90.7163711999305349
0
LINE
8
User.Drawings
6
CONTINUOUS
10
109.4960690097595233
20
-90.7163711999305349
11
109.4832273252326615
21
-90.7158379509474599
0
LINE
8
User.Drawings
6
CONTINUOUS
10
109.4832273252326615
20
-90.7158379509474599
11
108.6824814203155256
21
-90.6032996868732852
0
LINE
8
User.Drawings
6
CONTINUOUS
10
108.6824814203155256
20
-90.6032996868732852
11
108.5699440304200181
21
-91.4040464659691025
0
LINE
8
User.Drawings
6
CONTINUOUS
10
108.5699440304200181
20
-91.4040464659691025
11
108.5669167497177341
21
-91.4165376048529765
0
LINE
8
User.Drawings
6
CONTINUOUS
10
108.5669167497177341
20
-91.4165376048529765
11
108.5539325740691652
21
-91.4385791456058854
0
LINE
8
User.Drawings
6
CONTINUOUS
10
108.5539325740691652
20
-91.4385791456058854
11
108.5335030187667371
21
-91.4539743060008874
0
LINE
8
User.Drawings
6
CONTINUOUS
10
108.5335030187667371
20
-91.4539743060008874
11
108.5087357889495081
21
-91.4603802872270819
0
LINE
8
User.Drawings
6
CONTINUOUS
10
108.5087357889495081
20
-91.4603802872270819
11
108.4834029655387866
21
-91.4568197575417088
0
LINE
8
User.Drawings
6
CONTINUOUS
10
108.4834029655387866
20
-91.4568197575417088
11
108.4613614247858635
21
-91.4438355818931541
0
LINE
8
User.Drawings
6
CONTINUOUS
10
108.4613614247858635
20
-91.4438355818931541
11
108.4459662643908615
21
-91.423406026590726
0
LINE
8
User.Drawings
6
CONTINUOUS
10
108.4459662643908615
20
-91.423406026590726
11
108.4395602831646812
21
-91.398638796773497
0
LINE
8
User.Drawings
6
CONTINUOUS
10
108.4395602831646812
20
-91.398638796773497
11
108.4400935321477419
21
-91.3857971122466495
0
LINE
8
User.Drawings
6
CONTINUOUS
10
108.4400935321477419
20
-91.3857971122466495
11
108.5617555989044831
21
-90.5201259581933755
0
LINE
8
User.Drawings
6
CONTINUOUS
10
108.5617555989044831
20
-90.5201259581933755
11
108.5647828796067671
21
-90.5076348193094873
0
LINE
8
User.Drawings
6
CONTINUOUS
10
108.5647828796067671
20
-90.5076348193094873
11
108.577767055255336
21
-90.4855932785565784
0
LINE
8
User.Drawings
6
CONTINUOUS
10
108.577767055255336
20
-90.4855932785565784
11
108.5981966105577641
21
-90.4701981181615906
0
LINE
8
User.Drawings
6
CONTINUOUS
10
108.5981966105577641
20
-90.4701981181615906
11
108.6229638403749647
21
-90.4637921369353961
0
LINE
8
User.Drawings
6
CONTINUOUS
10
108.6229638403749647
20
-90.4637921369353961
11
108.6358055249018264
21
-90.4643253859184711
0
LINE
8
User.Drawings
6
CONTINUOUS
10
102.7383270322525277
20
-101.1127577195643852
11
102.7603685730054508
21
-101.1257418952129399
0
LINE
8
User.Drawings
6
CONTINUOUS
10
102.7603685730054508
20
-101.1257418952129399
11
102.7757637334004386
21
-101.146171450515368
0
LINE
8
User.Drawings
6
CONTINUOUS
10
102.7757637334004386
20
-101.146171450515368
11
102.7821697146266331
21
-101.170938680332597
0
LINE
8
User.Drawings
6
CONTINUOUS
10
102.7821697146266331
20
-101.170938680332597
11
102.7816364656435582
21
-101.1837803648594587
0
LINE
8
User.Drawings
6
CONTINUOUS
10
102.7816364656435582
20
-101.1837803648594587
11
102.6599743988868312
21
-102.0494515189127327
0
LINE
8
User.Drawings
6
CONTINUOUS
10
102.6599743988868312
20
-102.0494515189127327
11
102.6569471181845472
21
-102.0619426577966209
0
LINE
8
User.Drawings
6
CONTINUOUS
10
102.6569471181845472
20
-102.0619426577966209
11
102.6439629425359783
21
-102.0839841985495156
0
LINE
8
User.Drawings
6
CONTINUOUS
10
102.6439629425359783
20
-102.0839841985495156
11
102.6235333872335502
21
-102.0993793589445175
0
LINE
8
User.Drawings
6
CONTINUOUS
10
102.6235333872335502
20
-102.0993793589445175
11
102.5987661574163354
21
-102.1057853401707121
0
LINE
8
User.Drawings
6
CONTINUOUS
10
102.5987661574163354
20
-102.1057853401707121
11
102.5859244728894737
21
-102.1052520911876371
0
LINE
8
User.Drawings
6
CONTINUOUS
10
102.5859244728894737
20
-102.1052520911876371
11
101.7202533188361997
21
-101.9835900244308959
0
LINE
8
User.Drawings
6
CONTINUOUS
10
101.7202533188361997
20
-101.9835900244308959
11
101.7077621799523257
21
-101.980562743728612
0
LINE
8
User.Drawings
6
CONTINUOUS
10
101.7077621799523257
20
-101.980562743728612
11
101.6857206391994026
21
-101.9675785680800573
0
LINE
8
User.Drawings
6
CONTINUOUS
10
101.6857206391994026
20
-101.9675785680800573
11
101.6703254788044006
21
-101.947149012777615
0
LINE
8
User.Drawings
6
CONTINUOUS
10
101.6703254788044006
20
-101.947149012777615
11
101.6639194975782203
21
-101.9223817829604144
0
LINE
8
User.Drawings
6
CONTINUOUS
10
101.6639194975782203
20
-101.9223817829604144
11
101.6674800272635792
21
-101.8970489595496645
0
LINE
8
User.Drawings
6
CONTINUOUS
10
101.6674800272635792
20
-101.8970489595496645
11
101.6804642029121339
21
-101.8750074187967556
0
LINE
8
User.Drawings
6
CONTINUOUS
10
101.6804642029121339
20
-101.8750074187967556
11
101.7008937582145762
21
-101.8596122584017678
0
LINE
8
User.Drawings
6
CONTINUOUS
10
101.7008937582145762
20
-101.8596122584017678
11
101.725660988031791
21
-101.8532062771755733
0
LINE
8
User.Drawings
6
CONTINUOUS
10
101.725660988031791
20
-101.8532062771755733
11
101.7385026725586528
21
-101.8537395261586482
0
LINE
8
User.Drawings
6
CONTINUOUS
10
101.7385026725586528
20
-101.8537395261586482
11
102.5392477032971357
21
-101.9662769160541558
0
LINE
8
User.Drawings
6
CONTINUOUS
10
102.5392477032971357
20
-101.9662769160541558
11
102.6517859673712962
21
-101.1655310111370056
0
LINE
8
User.Drawings
6
CONTINUOUS
10
102.6517859673712962
20
-101.1655310111370056
11
102.6548132480735802
21
-101.1530398722531316
0
LINE
8
User.Drawings
6
CONTINUOUS
10
102.6548132480735802
20
-101.1530398722531316
11
102.6677974237221491
21
-101.1309983315002086
0
LINE
8
User.Drawings
6
CONTINUOUS
10
102.6677974237221491
20
-101.1309983315002086
11
102.688226979024563
21
-101.1156031711052208
0
LINE
8
User.Drawings
6
CONTINUOUS
10
102.688226979024563
20
-101.1156031711052208
11
102.712994208841792
21
-101.1091971898790263
0
LINE
8
User.Drawings
6
CONTINUOUS
10
102.712994208841792
20
-101.1091971898790263
11
102.7383270322525277
21
-101.1127577195643852
0
LINE
8
User.Drawings
6
CONTINUOUS
10
90.6189300013280388
20
-99.4094879107914693
11
90.6409715420809334
21
-99.422472086440024
0
LINE
8
User.Drawings
6
CONTINUOUS
10
90.6409715420809334
20
-99.422472086440024
11
90.6563667024759354
21
-99.4429016417424521
0
LINE
8
User.Drawings
6
CONTINUOUS
10
90.6563667024759354
20
-99.4429016417424521
11
90.6627726837021299
21
-99.4676688715596811
0
LINE
8
User.Drawings
6
CONTINUOUS
10
90.6627726837021299
20
-99.4676688715596811
11
90.662239434719055
21
-99.4805105560865428
0
LINE
8
User.Drawings
6
CONTINUOUS
10
90.662239434719055
20
-99.4805105560865428
11
90.5497011706448944
21
-100.2812555868250115
0
LINE
8
User.Drawings
6
CONTINUOUS
10
90.5497011706448944
20
-100.2812555868250115
11
91.3504479497406834
21
-100.3937938508991863
0
LINE
8
User.Drawings
6
CONTINUOUS
10
91.3504479497406834
20
-100.3937938508991863
11
91.3629390886245716
21
-100.3968211316014703
0
LINE
8
User.Drawings
6
CONTINUOUS
10
91.3629390886245716
20
-100.3968211316014703
11
91.3849806293774805
21
-100.4098053072500392
0
LINE
8
User.Drawings
6
CONTINUOUS
10
91.3849806293774805
20
-100.4098053072500392
11
91.4003757897724824
21
-100.430234862552453
0
LINE
8
User.Drawings
6
CONTINUOUS
10
91.4003757897724824
20
-100.430234862552453
11
91.4067817709986628
21
-100.455002092369682
0
LINE
8
User.Drawings
6
CONTINUOUS
10
91.4067817709986628
20
-100.455002092369682
11
91.403221241313318
21
-100.4803349157804178
0
LINE
8
User.Drawings
6
CONTINUOUS
10
91.403221241313318
20
-100.4803349157804178
11
91.3902370656647491
21
-100.5023764565333266
0
LINE
8
User.Drawings
6
CONTINUOUS
10
91.3902370656647491
20
-100.5023764565333266
11
91.3698075103623211
21
-100.5177716169283144
0
LINE
8
User.Drawings
6
CONTINUOUS
10
91.3698075103623211
20
-100.5177716169283144
11
91.3450402805450921
21
-100.5241775981545231
0
LINE
8
User.Drawings
6
CONTINUOUS
10
91.3450402805450921
20
-100.5241775981545231
11
91.3321985960182445
21
-100.523644349171434
0
LINE
8
User.Drawings
6
CONTINUOUS
10
91.3321985960182445
20
-100.523644349171434
11
90.4665274419649705
21
-100.4019822824147212
0
LINE
8
User.Drawings
6
CONTINUOUS
10
90.4665274419649705
20
-100.4019822824147212
11
90.4540363030810965
21
-100.3989550017124373
0
LINE
8
User.Drawings
6
CONTINUOUS
10
90.4540363030810965
20
-100.3989550017124373
11
90.4319947623281735
21
-100.3859708260638683
0
LINE
8
User.Drawings
6
CONTINUOUS
10
90.4319947623281735
20
-100.3859708260638683
11
90.4165996019331715
21
-100.3655412707614403
0
LINE
8
User.Drawings
6
CONTINUOUS
10
90.4165996019331715
20
-100.3655412707614403
11
90.4101936207069912
21
-100.3407740409442113
0
LINE
8
User.Drawings
6
CONTINUOUS
10
90.4101936207069912
20
-100.3407740409442113
11
90.4107268696900519
21
-100.3279323564173637
0
LINE
8
User.Drawings
6
CONTINUOUS
10
90.4107268696900519
20
-100.3279323564173637
11
90.5323889364467931
21
-99.4622612023640755
0
LINE
8
User.Drawings
6
CONTINUOUS
10
90.5323889364467931
20
-99.4622612023640755
11
90.5354162171490771
21
-99.4497700634802158
0
LINE
8
User.Drawings
6
CONTINUOUS
10
90.5354162171490771
20
-99.4497700634802158
11
90.548400392797646
21
-99.4277285227272927
0
LINE
8
User.Drawings
6
CONTINUOUS
10
90.548400392797646
20
-99.4277285227272927
11
90.568829948100074
21
-99.4123333623322907
0
LINE
8
User.Drawings
6
CONTINUOUS
10
90.568829948100074
20
-99.4123333623322907
11
90.5935971779172888
21
-99.4059273811061104
0
LINE
8
User.Drawings
6
CONTINUOUS
10
90.5935971779172888
20
-99.4059273811061104
11
90.6189300013280388
21
-99.4094879107914693
0
LINE
8
User.Drawings
6
CONTINUOUS
10
103.4417724813315687
20
-89.7343424952341451
11
104.3074436353848427
21
-89.856004561990872
0
LINE
8
User.Drawings
6
CONTINUOUS
10
104.3074436353848427
20
-89.856004561990872
11
104.3199347742687308
21
-89.859031842693156
0
LINE
8
User.Drawings
6
CONTINUOUS
10
104.3199347742687308
20
-89.859031842693156
11
104.3419763150216255
21
-89.8720160183417107
0
LINE
8
User.Drawings
6
CONTINUOUS
10
104.3419763150216255
20
-89.8720160183417107
11
104.3573714754166275
21
-89.8924455736441388
0
LINE
8
User.Drawings
6
CONTINUOUS
10
104.3573714754166275
20
-89.8924455736441388
11
104.363777456642822
21
-89.9172128034613678
0
LINE
8
User.Drawings
6
CONTINUOUS
10
104.363777456642822
20
-89.9172128034613678
11
104.3632442076597471
21
-89.9300544879882295
0
LINE
8
User.Drawings
6
CONTINUOUS
10
104.3632442076597471
20
-89.9300544879882295
11
104.2415821409030059
21
-90.7957256420415035
0
LINE
8
User.Drawings
6
CONTINUOUS
10
104.2415821409030059
20
-90.7957256420415035
11
104.2385548602007219
21
-90.8082167809253917
0
LINE
8
User.Drawings
6
CONTINUOUS
10
104.2385548602007219
20
-90.8082167809253917
11
104.2255706845521672
21
-90.8302583216782864
0
LINE
8
User.Drawings
6
CONTINUOUS
10
104.2255706845521672
20
-90.8302583216782864
11
104.2051411292497249
21
-90.8456534820732884
0
LINE
8
User.Drawings
6
CONTINUOUS
10
104.2051411292497249
20
-90.8456534820732884
11
104.1803738994325244
21
-90.8520594632994829
0
LINE
8
User.Drawings
6
CONTINUOUS
10
104.1803738994325244
20
-90.8520594632994829
11
104.1550410760217744
21
-90.848498933614124
0
LINE
8
User.Drawings
6
CONTINUOUS
10
104.1550410760217744
20
-90.848498933614124
11
104.1329995352688655
21
-90.8355147579655551
0
LINE
8
User.Drawings
6
CONTINUOUS
10
104.1329995352688655
20
-90.8355147579655551
11
104.1176043748738778
21
-90.8150852026631412
0
LINE
8
User.Drawings
6
CONTINUOUS
10
104.1176043748738778
20
-90.8150852026631412
11
104.1111983936476832
21
-90.7903179728459122
0
LINE
8
User.Drawings
6
CONTINUOUS
10
104.1111983936476832
20
-90.7903179728459122
11
104.1117316426307582
21
-90.7774762883190647
0
LINE
8
User.Drawings
6
CONTINUOUS
10
104.1117316426307582
20
-90.7774762883190647
11
104.2242690325262657
21
-89.9767303834019145
0
LINE
8
User.Drawings
6
CONTINUOUS
10
104.2242690325262657
20
-89.9767303834019145
11
103.4235231276091156
21
-89.8641929935063928
0
LINE
8
User.Drawings
6
CONTINUOUS
10
103.4235231276091156
20
-89.8641929935063928
11
103.4110319887252416
21
-89.861165712804123
0
LINE
8
User.Drawings
6
CONTINUOUS
10
103.4110319887252416
20
-89.861165712804123
11
103.3889904479723185
21
-89.8481815371555541
0
LINE
8
User.Drawings
6
CONTINUOUS
10
103.3889904479723185
20
-89.8481815371555541
11
103.3735952875773307
21
-89.827751981853126
0
LINE
8
User.Drawings
6
CONTINUOUS
10
103.3735952875773307
20
-89.827751981853126
11
103.3671893063511362
21
-89.8029847520359112
0
LINE
8
User.Drawings
6
CONTINUOUS
10
103.3671893063511362
20
-89.8029847520359112
11
103.3707498360364951
21
-89.7776519286251613
0
LINE
8
User.Drawings
6
CONTINUOUS
10
103.3707498360364951
20
-89.7776519286251613
11
103.3837340116850498
21
-89.7556103878722666
0
LINE
8
User.Drawings
6
CONTINUOUS
10
103.3837340116850498
20
-89.7556103878722666
11
103.4041635669874921
21
-89.7402152274772646
0
LINE
8
User.Drawings
6
CONTINUOUS
10
103.4041635669874921
20
-89.7402152274772646
11
103.4289307968047069
21
-89.7338092462510559
0
LINE
8
User.Drawings
6
CONTINUOUS
10
103.4289307968047069
20
-89.7338092462510559
11
103.4417724813315687
21
-89.7343424952341451
0
LINE
8
User.Drawings
6
CONTINUOUS
10
92.1880466044603395
20
-88.1527347532179419
11
93.0537177585136135
21
-88.2743968199746831
0
LINE
8
User.Drawings
6
CONTINUOUS
10
93.0537177585136135
20
-88.2743968199746831
11
93.0662088973975017
21
-88.2774241006769671
0
LINE
8
User.Drawings
6
CONTINUOUS
10
93.0662088973975017
20
-88.2774241006769671
11
93.0882504381503963
21
-88.290408276325536
0
LINE
8
User.Drawings
6
CONTINUOUS
10
93.0882504381503963
20
-88.290408276325536
11
93.1036455985453983
21
-88.3108378316279641
0
LINE
8
User.Drawings
6
CONTINUOUS
10
93.1036455985453983
20
-88.3108378316279641
11
93.1100515797715929
21
-88.3356050614451789
0
LINE
8
User.Drawings
6
CONTINUOUS
10
93.1100515797715929
20
-88.3356050614451789
11
93.1064910500862339
21
-88.3609378848559288
0
LINE
8
User.Drawings
6
CONTINUOUS
10
93.1064910500862339
20
-88.3609378848559288
11
93.093506874437665
21
-88.3829794256088235
0
LINE
8
User.Drawings
6
CONTINUOUS
10
93.093506874437665
20
-88.3829794256088235
11
93.0730773191352512
21
-88.3983745860038255
0
LINE
8
User.Drawings
6
CONTINUOUS
10
93.0730773191352512
20
-88.3983745860038255
11
93.0483100893180222
21
-88.4047805672300058
0
LINE
8
User.Drawings
6
CONTINUOUS
10
93.0483100893180222
20
-88.4047805672300058
11
93.0354684047911746
21
-88.404247318246945
0
LINE
8
User.Drawings
6
CONTINUOUS
10
93.0354684047911746
20
-88.404247318246945
11
92.2347224998740245
21
-88.2917090541727703
0
LINE
8
User.Drawings
6
CONTINUOUS
10
92.2347224998740245
20
-88.2917090541727703
11
92.1221851099785027
21
-89.0924558332685734
0
LINE
8
User.Drawings
6
CONTINUOUS
10
92.1221851099785027
20
-89.0924558332685734
11
92.119157829276233
21
-89.1049469721524616
0
LINE
8
User.Drawings
6
CONTINUOUS
10
92.119157829276233
20
-89.1049469721524616
11
92.1061736536276641
21
-89.1269885129053705
0
LINE
8
User.Drawings
6
CONTINUOUS
10
92.1061736536276641
20
-89.1269885129053705
11
92.085744098325236
21
-89.1423836733003725
0
LINE
8
User.Drawings
6
CONTINUOUS
10
92.085744098325236
20
-89.1423836733003725
11
92.0609768685080212
21
-89.1487896545265528
0
LINE
8
User.Drawings
6
CONTINUOUS
10
92.0609768685080212
20
-89.1487896545265528
11
92.0356440450972713
21
-89.1452291248412081
0
LINE
8
User.Drawings
6
CONTINUOUS
10
92.0356440450972713
20
-89.1452291248412081
11
92.0136025043443766
21
-89.1322449491926392
0
LINE
8
User.Drawings
6
CONTINUOUS
10
92.0136025043443766
20
-89.1322449491926392
11
91.9982073439493746
21
-89.1118153938902111
0
LINE
8
User.Drawings
6
CONTINUOUS
10
91.9982073439493746
20
-89.1118153938902111
11
91.9918013627231801
21
-89.0870481640729821
0
LINE
8
User.Drawings
6
CONTINUOUS
10
91.9918013627231801
20
-89.0870481640729821
11
91.992334611706255
21
-89.0742064795461346
0
LINE
8
User.Drawings
6
CONTINUOUS
10
91.992334611706255
20
-89.0742064795461346
11
92.113996678462982
21
-88.2085353254928606
0
LINE
8
User.Drawings
6
CONTINUOUS
10
92.113996678462982
20
-88.2085353254928606
11
92.117023959165266
21
-88.1960441866089866
0
LINE
8
User.Drawings
6
CONTINUOUS
10
92.117023959165266
20
-88.1960441866089866
11
92.1300081348138207
21
-88.1740026458560635
0
LINE
8
User.Drawings
6
CONTINUOUS
10
92.1300081348138207
20
-88.1740026458560635
11
92.1504376901162487
21
-88.1586074854610615
0
LINE
8
User.Drawings
6
CONTINUOUS
10
92.1504376901162487
20
-88.1586074854610615
11
92.1752049199334778
21
-88.1522015042348812
0
LINE
8
User.Drawings
6
CONTINUOUS
10
92.1752049199334778
20
-88.1522015042348812
11
92.1880466044603395
21
-88.1527347532179419
0
LINE
8
User.Drawings
6
CONTINUOUS
10
86.2975615410972807
20
-98.8823782844503398
11
86.3196030818501754
21
-98.8953624600988945
0
LINE
8
User.Drawings
6
CONTINUOUS
10
86.3196030818501754
20
-98.8953624600988945
11
86.3349982422451774
21
-98.9157920154013084
0
LINE
8
User.Drawings
6
CONTINUOUS
10
86.3349982422451774
20
-98.9157920154013084
11
86.3414042234713719
21
-98.9405592452185374
0
LINE
8
User.Drawings
6
CONTINUOUS
10
86.3414042234713719
20
-98.9405592452185374
11
86.340870974488297
21
-98.9534009297453991
0
LINE
8
User.Drawings
6
CONTINUOUS
10
86.340870974488297
20
-98.9534009297453991
11
86.2192089077315558
21
-99.8190720837986731
0
LINE
8
User.Drawings
6
CONTINUOUS
10
86.2192089077315558
20
-99.8190720837986731
11
86.216181627029286
21
-99.8315632226825613
0
LINE
8
User.Drawings
6
CONTINUOUS
10
86.216181627029286
20
-99.8315632226825613
11
86.2031974513807313
21
-99.8536047634354702
0
LINE
8
User.Drawings
6
CONTINUOUS
10
86.2031974513807313
20
-99.8536047634354702
11
86.182767896078289
21
-99.868999923830458
0
LINE
8
User.Drawings
6
CONTINUOUS
10
86.182767896078289
20
-99.868999923830458
11
86.1580006662610742
21
-99.8754059050566525
0
LINE
8
User.Drawings
6
CONTINUOUS
10
86.1580006662610742
20
-99.8754059050566525
11
86.1451589817342125
21
-99.8748726560735776
0
LINE
8
User.Drawings
6
CONTINUOUS
10
86.1451589817342125
20
-99.8748726560735776
11
85.2794878276809385
21
-99.7532105893168364
0
LINE
8
User.Drawings
6
CONTINUOUS
10
85.2794878276809385
20
-99.7532105893168364
11
85.2669966887970503
21
-99.7501833086145666
0
LINE
8
User.Drawings
6
CONTINUOUS
10
85.2669966887970503
20
-99.7501833086145666
11
85.2449551480441556
21
-99.7371991329660119
0
LINE
8
User.Drawings
6
CONTINUOUS
10
85.2449551480441556
20
-99.7371991329660119
11
85.2295599876491536
21
-99.7167695776635696
0
LINE
8
User.Drawings
6
CONTINUOUS
10
85.2295599876491536
20
-99.7167695776635696
11
85.2231540064229449
21
-99.6920023478463548
0
LINE
8
User.Drawings
6
CONTINUOUS
10
85.2231540064229449
20
-99.6920023478463548
11
85.226714536108318
21
-99.6666695244356049
0
LINE
8
User.Drawings
6
CONTINUOUS
10
85.226714536108318
20
-99.6666695244356049
11
85.239698711756887
21
-99.644627983682696
0
LINE
8
User.Drawings
6
CONTINUOUS
10
85.239698711756887
20
-99.644627983682696
11
85.2601282670593008
21
-99.6292328232877082
0
LINE
8
User.Drawings
6
CONTINUOUS
10
85.2601282670593008
20
-99.6292328232877082
11
85.2848954968765156
21
-99.6228268420615137
0
LINE
8
User.Drawings
6
CONTINUOUS
10
85.2848954968765156
20
-99.6228268420615137
11
85.2977371814033773
21
-99.6233600910445887
0
LINE
8
User.Drawings
6
CONTINUOUS
10
85.2977371814033773
20
-99.6233600910445887
11
86.0984822121418745
21
-99.7358974809400962
0
LINE
8
User.Drawings
6
CONTINUOUS
10
86.0984822121418745
20
-99.7358974809400962
11
86.2110204762160492
21
-98.9351515760229461
0
LINE
8
User.Drawings
6
CONTINUOUS
10
86.2110204762160492
20
-98.9351515760229461
11
86.214047756918319
21
-98.9226604371390721
0
LINE
8
User.Drawings
6
CONTINUOUS
10
86.214047756918319
20
-98.9226604371390721
11
86.2270319325668737
21
-98.9006188963861632
0
LINE
8
User.Drawings
6
CONTINUOUS
10
86.2270319325668737
20
-98.9006188963861632
11
86.247461487869316
21
-98.8852237359911612
0
LINE
8
User.Drawings
6
CONTINUOUS
10
86.247461487869316
20
-98.8852237359911612
11
86.2722287176865308
21
-98.8788177547649667
0
LINE
8
User.Drawings
6
CONTINUOUS
10
86.2722287176865308
20
-98.8788177547649667
11
86.2975615410972807
21
-98.8823782844503398
0
LINE
8
User.Drawings
6
CONTINUOUS
10
74.1781645101727634
20
-97.1791084756774097
11
74.2002060509256864
21
-97.1920926513259644
0
LINE
8
User.Drawings
6
CONTINUOUS
10
74.2002060509256864
20
-97.1920926513259644
11
74.2156012113206742
21
-97.2125222066283925
0
LINE
8
User.Drawings
6
CONTINUOUS
10
74.2156012113206742
20
-97.2125222066283925
11
74.2220071925468687
21
-97.2372894364456215
0
LINE
8
User.Drawings
6
CONTINUOUS
10
74.2220071925468687
20
-97.2372894364456215
11
74.2214739435637938
21
-97.2501311209724832
0
LINE
8
User.Drawings
6
CONTINUOUS
10
74.2214739435637938
20
-97.2501311209724832
11
74.108935679489619
21
-98.0508761517109662
0
LINE
8
User.Drawings
6
CONTINUOUS
10
74.108935679489619
20
-98.0508761517109662
11
74.9096824585854222
21
-98.1634144157851267
0
LINE
8
User.Drawings
6
CONTINUOUS
10
74.9096824585854222
20
-98.1634144157851267
11
74.9221735974693104
21
-98.1664416964874107
0
LINE
8
User.Drawings
6
CONTINUOUS
10
74.9221735974693104
20
-98.1664416964874107
11
74.9442151382222193
21
-98.1794258721359796
0
LINE
8
User.Drawings
6
CONTINUOUS
10
74.9442151382222193
20
-98.1794258721359796
11
74.959610298617207
21
-98.1998554274384077
0
LINE
8
User.Drawings
6
CONTINUOUS
10
74.959610298617207
20
-98.1998554274384077
11
74.9660162798434158
21
-98.2246226572556367
0
LINE
8
User.Drawings
6
CONTINUOUS
10
74.9660162798434158
20
-98.2246226572556367
11
74.9624557501580568
21
-98.2499554806663582
0
LINE
8
User.Drawings
6
CONTINUOUS
10
74.9624557501580568
20
-98.2499554806663582
11
74.9494715745094879
21
-98.2719970214192813
0
LINE
8
User.Drawings
6
CONTINUOUS
10
74.9494715745094879
20
-98.2719970214192813
11
74.9290420192070599
21
-98.2873921818142833
0
LINE
8
User.Drawings
6
CONTINUOUS
10
74.9290420192070599
20
-98.2873921818142833
11
74.9042747893898451
21
-98.2937981630404636
0
LINE
8
User.Drawings
6
CONTINUOUS
10
74.9042747893898451
20
-98.2937981630404636
11
74.8914331048629833
21
-98.2932649140574028
0
LINE
8
User.Drawings
6
CONTINUOUS
10
74.8914331048629833
20
-98.2932649140574028
11
74.0257619508097093
21
-98.1716028473006617
0
LINE
8
User.Drawings
6
CONTINUOUS
10
74.0257619508097093
20
-98.1716028473006617
11
74.0132708119258211
21
-98.1685755665983777
0
LINE
8
User.Drawings
6
CONTINUOUS
10
74.0132708119258211
20
-98.1685755665983777
11
73.9912292711729265
21
-98.1555913909498088
0
LINE
8
User.Drawings
6
CONTINUOUS
10
73.9912292711729265
20
-98.1555913909498088
11
73.9758341107779245
21
-98.1351618356473807
0
LINE
8
User.Drawings
6
CONTINUOUS
10
73.9758341107779245
20
-98.1351618356473807
11
73.9694281295517158
21
-98.1103946058301801
0
LINE
8
User.Drawings
6
CONTINUOUS
10
73.9694281295517158
20
-98.1103946058301801
11
73.9699613785348049
21
-98.0975529213033184
0
LINE
8
User.Drawings
6
CONTINUOUS
10
73.9699613785348049
20
-98.0975529213033184
11
74.0916234452915319
21
-97.2318817672500302
0
LINE
8
User.Drawings
6
CONTINUOUS
10
74.0916234452915319
20
-97.2318817672500302
11
74.0946507259938301
21
-97.2193906283661562
0
LINE
8
User.Drawings
6
CONTINUOUS
10
74.0946507259938301
20
-97.2193906283661562
11
74.1076349016423848
21
-97.1973490876132331
0
LINE
8
User.Drawings
6
CONTINUOUS
10
74.1076349016423848
20
-97.1973490876132331
11
74.1280644569447986
21
-97.1819539272182453
0
LINE
8
User.Drawings
6
CONTINUOUS
10
74.1280644569447986
20
-97.1819539272182453
11
74.1528316867620276
21
-97.1755479459920508
0
LINE
8
User.Drawings
6
CONTINUOUS
10
74.1528316867620276
20
-97.1755479459920508
11
74.1781645101727634
21
-97.1791084756774097
0
LINE
8
User.Drawings
6
CONTINUOUS
10
87.0010069901763075
20
-87.5039630601200855
11
87.8666781442295672
21
-87.6256251268768125
0
LINE
8
User.Drawings
6
CONTINUOUS
10
87.8666781442295672
20
-87.6256251268768125
11
87.8791692831134554
21
-87.6286524075791107
0
LINE
8
User.Drawings
6
CONTINUOUS
10
87.8791692831134554
20
-87.6286524075791107
11
87.9012108238663643
21
-87.6416365832276654
0
LINE
8
User.Drawings
6
CONTINUOUS
10
87.9012108238663643
20
-87.6416365832276654
11
87.9166059842613663
21
-87.6620661385300934
0
LINE
8
User.Drawings
6
CONTINUOUS
10
87.9166059842613663
20
-87.6620661385300934
11
87.9230119654875608
21
-87.6868333683473082
0
LINE
8
User.Drawings
6
CONTINUOUS
10
87.9230119654875608
20
-87.6868333683473082
11
87.9224787165044859
21
-87.69967505287417
0
LINE
8
User.Drawings
6
CONTINUOUS
10
87.9224787165044859
20
-87.69967505287417
11
87.8008166497477589
21
-88.565346206927444
0
LINE
8
User.Drawings
6
CONTINUOUS
10
87.8008166497477589
20
-88.565346206927444
11
87.7977893690454749
21
-88.5778373458113322
0
LINE
8
User.Drawings
6
CONTINUOUS
10
87.7977893690454749
20
-88.5778373458113322
11
87.784805193396906
21
-88.599878886564241
0
LINE
8
User.Drawings
6
CONTINUOUS
10
87.784805193396906
20
-88.599878886564241
11
87.7643756380944779
21
-88.6152740469592288
0
LINE
8
User.Drawings
6
CONTINUOUS
10
87.7643756380944779
20
-88.6152740469592288
11
87.7396084082772489
21
-88.6216800281854233
0
LINE
8
User.Drawings
6
CONTINUOUS
10
87.7396084082772489
20
-88.6216800281854233
11
87.7142755848665132
21
-88.6181194985000786
0
LINE
8
User.Drawings
6
CONTINUOUS
10
87.7142755848665132
20
-88.6181194985000786
11
87.6922340441136186
21
-88.6051353228515097
0
LINE
8
User.Drawings
6
CONTINUOUS
10
87.6922340441136186
20
-88.6051353228515097
11
87.6768388837186166
21
-88.5847057675490817
0
LINE
8
User.Drawings
6
CONTINUOUS
10
87.6768388837186166
20
-88.5847057675490817
11
87.6704329024924078
21
-88.5599385377318526
0
LINE
8
User.Drawings
6
CONTINUOUS
10
87.6704329024924078
20
-88.5599385377318526
11
87.670966151475497
21
-88.5470968532050051
0
LINE
8
User.Drawings
6
CONTINUOUS
10
87.670966151475497
20
-88.5470968532050051
11
87.7835035413710045
21
-87.746350948287855
0
LINE
8
User.Drawings
6
CONTINUOUS
10
87.7835035413710045
20
-87.746350948287855
11
86.9827576364538686
21
-87.6338135583923474
0
LINE
8
User.Drawings
6
CONTINUOUS
10
86.9827576364538686
20
-87.6338135583923474
11
86.9702664975699804
21
-87.6307862776900635
0
LINE
8
User.Drawings
6
CONTINUOUS
10
86.9702664975699804
20
-87.6307862776900635
11
86.9482249568170715
21
-87.6178021020414945
0
LINE
8
User.Drawings
6
CONTINUOUS
10
86.9482249568170715
20
-87.6178021020414945
11
86.9328297964220695
21
-87.5973725467390665
0
LINE
8
User.Drawings
6
CONTINUOUS
10
86.9328297964220695
20
-87.5973725467390665
11
86.926423815195875
21
-87.5726053169218517
0
LINE
8
User.Drawings
6
CONTINUOUS
10
86.926423815195875
20
-87.5726053169218517
11
86.9299843448812339
21
-87.5472724935111017
0
LINE
8
User.Drawings
6
CONTINUOUS
10
86.9299843448812339
20
-87.5472724935111017
11
86.9429685205298028
21
-87.5252309527582071
0
LINE
8
User.Drawings
6
CONTINUOUS
10
86.9429685205298028
20
-87.5252309527582071
11
86.9633980758322309
21
-87.5098357923632051
0
LINE
8
User.Drawings
6
CONTINUOUS
10
86.9633980758322309
20
-87.5098357923632051
11
86.9881653056494457
21
-87.5034298111370106
0
LINE
8
User.Drawings
6
CONTINUOUS
10
86.9881653056494457
20
-87.5034298111370106
11
87.0010069901763075
21
-87.5039630601200855
0
LINE
8
User.Drawings
6
CONTINUOUS
10
75.7472811133050783
20
-85.9223553181038966
11
76.6129522673583381
21
-86.0440173848606378
0
LINE
8
User.Drawings
6
CONTINUOUS
10
76.6129522673583381
20
-86.0440173848606378
11
76.6254434062422263
21
-86.0470446655629075
0
LINE
8
User.Drawings
6
CONTINUOUS
10
76.6254434062422263
20
-86.0470446655629075
11
76.6474849469951351
21
-86.0600288412114764
0
LINE
8
User.Drawings
6
CONTINUOUS
10
76.6474849469951351
20
-86.0600288412114764
11
76.6628801073901371
21
-86.0804583965139045
0
LINE
8
User.Drawings
6
CONTINUOUS
10
76.6628801073901371
20
-86.0804583965139045
11
76.6692860886163317
21
-86.1052256263311193
0
LINE
8
User.Drawings
6
CONTINUOUS
10
76.6692860886163317
20
-86.1052256263311193
11
76.6657255589309727
21
-86.1305584497418693
0
LINE
8
User.Drawings
6
CONTINUOUS
10
76.6657255589309727
20
-86.1305584497418693
11
76.6527413832824038
21
-86.1525999904947639
0
LINE
8
User.Drawings
6
CONTINUOUS
10
76.6527413832824038
20
-86.1525999904947639
11
76.6323118279799758
21
-86.1679951508897659
0
LINE
8
User.Drawings
6
CONTINUOUS
10
76.6323118279799758
20
-86.1679951508897659
11
76.607544598162761
21
-86.1744011321159746
0
LINE
8
User.Drawings
6
CONTINUOUS
10
76.607544598162761
20
-86.1744011321159746
11
76.5947029136358992
21
-86.1738678831328855
0
LINE
8
User.Drawings
6
CONTINUOUS
10
76.5947029136358992
20
-86.1738678831328855
11
75.7939570087187491
21
-86.0613296190587249
0
LINE
8
User.Drawings
6
CONTINUOUS
10
75.7939570087187491
20
-86.0613296190587249
11
75.6814196188232557
21
-86.8620763981545281
0
LINE
8
User.Drawings
6
CONTINUOUS
10
75.6814196188232557
20
-86.8620763981545281
11
75.6783923381209576
21
-86.8745675370384163
0
LINE
8
User.Drawings
6
CONTINUOUS
10
75.6783923381209576
20
-86.8745675370384163
11
75.6654081624724029
21
-86.8966090777913109
0
LINE
8
User.Drawings
6
CONTINUOUS
10
75.6654081624724029
20
-86.8966090777913109
11
75.644978607169989
21
-86.9120042381863129
0
LINE
8
User.Drawings
6
CONTINUOUS
10
75.644978607169989
20
-86.9120042381863129
11
75.62021137735276
21
-86.9184102194125074
0
LINE
8
User.Drawings
6
CONTINUOUS
10
75.62021137735276
20
-86.9184102194125074
11
75.5948785539420101
21
-86.9148496897271485
0
LINE
8
User.Drawings
6
CONTINUOUS
10
75.5948785539420101
20
-86.9148496897271485
11
75.5728370131891012
21
-86.9018655140785796
0
LINE
8
User.Drawings
6
CONTINUOUS
10
75.5728370131891012
20
-86.9018655140785796
11
75.5574418527941134
21
-86.8814359587761516
0
LINE
8
User.Drawings
6
CONTINUOUS
10
75.5574418527941134
20
-86.8814359587761516
11
75.5510358715679189
21
-86.8566687289589368
0
LINE
8
User.Drawings
6
CONTINUOUS
10
75.5510358715679189
20
-86.8566687289589368
11
75.5515691205509796
21
-86.8438270444320892
0
LINE
8
User.Drawings
6
CONTINUOUS
10
75.5515691205509796
20
-86.8438270444320892
11
75.6732311873077208
21
-85.978155890378801
0
LINE
8
User.Drawings
6
CONTINUOUS
10
75.6732311873077208
20
-85.978155890378801
11
75.6762584680100048
21
-85.965664751494927
0
LINE
8
User.Drawings
6
CONTINUOUS
10
75.6762584680100048
20
-85.965664751494927
11
75.6892426436585737
21
-85.9436232107420039
0
LINE
8
User.Drawings
6
CONTINUOUS
10
75.6892426436585737
20
-85.9436232107420039
11
75.7096721989610018
21
-85.9282280503470162
0
LINE
8
User.Drawings
6
CONTINUOUS
10
75.7096721989610018
20
-85.9282280503470162
11
75.7344394287782166
21
-85.9218220691208217
0
LINE
8
User.Drawings
6
CONTINUOUS
10
75.7344394287782166
20
-85.9218220691208217
11
75.7472811133050783
21
-85.9223553181038966
0
LINE
8
User.Drawings
6
CONTINUOUS
10
136.3879988037904525
20
-89.0915772837144999
11
136.4100403445433187
21
-89.1045614593630546
0
LINE
8
User.Drawings
6
CONTINUOUS
10
136.4100403445433187
20
-89.1045614593630546
11
136.4254355049383207
21
-89.1249910146654827
0
LINE
8
User.Drawings
6
CONTINUOUS
10
136.4254355049383207
20
-89.1249910146654827
11
136.4318414861645294
21
-89.1497582444827117
0
LINE
8
User.Drawings
6
CONTINUOUS
10
136.4318414861645294
20
-89.1497582444827117
11
136.4313082371814403
21
-89.1625999290095734
0
LINE
8
User.Drawings
6
CONTINUOUS
10
136.4313082371814403
20
-89.1625999290095734
11
136.3096461704247133
21
-90.0282710830628332
0
LINE
8
User.Drawings
6
CONTINUOUS
10
136.3096461704247133
20
-90.0282710830628332
11
136.3066188897224436
21
-90.0407622219467214
0
LINE
8
User.Drawings
6
CONTINUOUS
10
136.3066188897224436
20
-90.0407622219467214
11
136.2936347140738746
21
-90.0628037626996303
0
LINE
8
User.Drawings
6
CONTINUOUS
10
136.2936347140738746
20
-90.0628037626996303
11
136.2732051587714466
21
-90.0781989230946323
0
LINE
8
User.Drawings
6
CONTINUOUS
10
136.2732051587714466
20
-90.0781989230946323
11
136.248437928954246
21
-90.0846049043208126
0
LINE
8
User.Drawings
6
CONTINUOUS
10
136.248437928954246
20
-90.0846049043208126
11
136.23559624442737
21
-90.0840716553377518
0
LINE
8
User.Drawings
6
CONTINUOUS
10
136.23559624442737
20
-90.0840716553377518
11
135.369925090374096
21
-89.9624095885810107
0
LINE
8
User.Drawings
6
CONTINUOUS
10
135.369925090374096
20
-89.9624095885810107
11
135.3574339514902078
21
-89.9593823078787267
0
LINE
8
User.Drawings
6
CONTINUOUS
10
135.3574339514902078
20
-89.9593823078787267
11
135.3353924107373132
21
-89.946398132230172
0
LINE
8
User.Drawings
6
CONTINUOUS
10
135.3353924107373132
20
-89.946398132230172
11
135.3199972503423112
21
-89.9259685769277297
0
LINE
8
User.Drawings
6
CONTINUOUS
10
135.3199972503423112
20
-89.9259685769277297
11
135.3135912691161025
21
-89.9012013471105149
0
LINE
8
User.Drawings
6
CONTINUOUS
10
135.3135912691161025
20
-89.9012013471105149
11
135.3171517988014898
21
-89.875868523699765
0
LINE
8
User.Drawings
6
CONTINUOUS
10
135.3171517988014898
20
-89.875868523699765
11
135.3301359744500587
21
-89.8538269829468703
0
LINE
8
User.Drawings
6
CONTINUOUS
10
135.3301359744500587
20
-89.8538269829468703
11
135.3505655297524584
21
-89.8384318225518683
0
LINE
8
User.Drawings
6
CONTINUOUS
10
135.3505655297524584
20
-89.8384318225518683
11
135.3753327595696589
21
-89.832025841325688
0
LINE
8
User.Drawings
6
CONTINUOUS
10
135.3753327595696589
20
-89.832025841325688
11
135.3881744440965349
21
-89.8325590903087488
0
LINE
8
User.Drawings
6
CONTINUOUS
10
135.3881744440965349
20
-89.8325590903087488
11
136.1889194748350462
21
-89.9450964802042705
0
LINE
8
User.Drawings
6
CONTINUOUS
10
136.1889194748350462
20
-89.9450964802042705
11
136.3014577389091926
21
-89.1443505752871204
0
LINE
8
User.Drawings
6
CONTINUOUS
10
136.3014577389091926
20
-89.1443505752871204
11
136.3044850196114623
21
-89.1318594364032464
0
LINE
8
User.Drawings
6
CONTINUOUS
10
136.3044850196114623
20
-89.1318594364032464
11
136.3174691952600313
21
-89.1098178956503233
0
LINE
8
User.Drawings
6
CONTINUOUS
10
136.3174691952600313
20
-89.1098178956503233
11
136.3378987505624877
21
-89.0944227352553213
0
LINE
8
User.Drawings
6
CONTINUOUS
10
136.3378987505624877
20
-89.0944227352553213
11
136.3626659803796883
21
-89.088016754029141
0
LINE
8
User.Drawings
6
CONTINUOUS
10
136.3626659803796883
20
-89.088016754029141
11
136.3879988037904525
21
-89.0915772837144999
0
LINE
8
User.Drawings
6
CONTINUOUS
10
124.2686017728659351
20
-87.388307474941584
11
124.2906433136188298
21
-87.4012916505901387
0
LINE
8
User.Drawings
6
CONTINUOUS
10
124.2906433136188298
20
-87.4012916505901387
11
124.3060384740138318
21
-87.4217212058925526
0
LINE
8
User.Drawings
6
CONTINUOUS
10
124.3060384740138318
20
-87.4217212058925526
11
124.3124444552400263
21
-87.4464884357097816
0
LINE
8
User.Drawings
6
CONTINUOUS
10
124.3124444552400263
20
-87.4464884357097816
11
124.3119112062569513
21
-87.4593301202366433
0
LINE
8
User.Drawings
6
CONTINUOUS
10
124.3119112062569513
20
-87.4593301202366433
11
124.1993729421827766
21
-88.260075150975112
0
LINE
8
User.Drawings
6
CONTINUOUS
10
124.1993729421827766
20
-88.260075150975112
11
125.0001197212785939
21
-88.372613415049301
0
LINE
8
User.Drawings
6
CONTINUOUS
10
125.0001197212785939
20
-88.372613415049301
11
125.0126108601624679
21
-88.3756406957515708
0
LINE
8
User.Drawings
6
CONTINUOUS
10
125.0126108601624679
20
-88.3756406957515708
11
125.0346524009153768
21
-88.3886248714001397
0
LINE
8
User.Drawings
6
CONTINUOUS
10
125.0346524009153768
20
-88.3886248714001397
11
125.0500475613103788
21
-88.4090544267025678
0
LINE
8
User.Drawings
6
CONTINUOUS
10
125.0500475613103788
20
-88.4090544267025678
11
125.0564535425365591
21
-88.4338216565197968
0
LINE
8
User.Drawings
6
CONTINUOUS
10
125.0564535425365591
20
-88.4338216565197968
11
125.0528930128512002
21
-88.4591544799305325
0
LINE
8
User.Drawings
6
CONTINUOUS
10
125.0528930128512002
20
-88.4591544799305325
11
125.0399088372026455
21
-88.4811960206834272
0
LINE
8
User.Drawings
6
CONTINUOUS
10
125.0399088372026455
20
-88.4811960206834272
11
125.0194792819002174
21
-88.4965911810784291
0
LINE
8
User.Drawings
6
CONTINUOUS
10
125.0194792819002174
20
-88.4965911810784291
11
124.9947120520829884
21
-88.5029971623046379
0
LINE
8
User.Drawings
6
CONTINUOUS
10
124.9947120520829884
20
-88.5029971623046379
11
124.9818703675561409
21
-88.5024639133215487
0
LINE
8
User.Drawings
6
CONTINUOUS
10
124.9818703675561409
20
-88.5024639133215487
11
124.1161992135028669
21
-88.3808018465648217
0
LINE
8
User.Drawings
6
CONTINUOUS
10
124.1161992135028669
20
-88.3808018465648217
11
124.1037080746189787
21
-88.377774565862552
0
LINE
8
User.Drawings
6
CONTINUOUS
10
124.1037080746189787
20
-88.377774565862552
11
124.0816665338660698
21
-88.3647903902139831
0
LINE
8
User.Drawings
6
CONTINUOUS
10
124.0816665338660698
20
-88.3647903902139831
11
124.066271373471082
21
-88.344360834911555
0
LINE
8
User.Drawings
6
CONTINUOUS
10
124.066271373471082
20
-88.344360834911555
11
124.0598653922448875
21
-88.319593605094326
0
LINE
8
User.Drawings
6
CONTINUOUS
10
124.0598653922448875
20
-88.319593605094326
11
124.0603986412279482
21
-88.3067519205674785
0
LINE
8
User.Drawings
6
CONTINUOUS
10
124.0603986412279482
20
-88.3067519205674785
11
124.1820607079846894
21
-87.4410807665141903
0
LINE
8
User.Drawings
6
CONTINUOUS
10
124.1820607079846894
20
-87.4410807665141903
11
124.1850879886869734
21
-87.4285896276303163
0
LINE
8
User.Drawings
6
CONTINUOUS
10
124.1850879886869734
20
-87.4285896276303163
11
124.1980721643355423
21
-87.4065480868774074
0
LINE
8
User.Drawings
6
CONTINUOUS
10
124.1980721643355423
20
-87.4065480868774074
11
124.2185017196379704
21
-87.3911529264824054
0
LINE
8
User.Drawings
6
CONTINUOUS
10
124.2185017196379704
20
-87.3911529264824054
11
124.2432689494551852
21
-87.3847469452562109
0
LINE
8
User.Drawings
6
CONTINUOUS
10
124.2432689494551852
20
-87.3847469452562109
11
124.2686017728659351
21
-87.388307474941584
0
LINE
8
User.Drawings
6
CONTINUOUS
10
137.0914442528694508
20
-77.7131620593842598
11
137.9571154069227248
21
-77.8348241261409726
0
LINE
8
User.Drawings
6
CONTINUOUS
10
137.9571154069227248
20
-77.8348241261409726
11
137.969606545806613
21
-77.8378514068432708
0
LINE
8
User.Drawings
6
CONTINUOUS
10
137.969606545806613
20
-77.8378514068432708
11
137.9916480865595361
21
-77.8508355824918254
0
LINE
8
User.Drawings
6
CONTINUOUS
10
137.9916480865595361
20
-77.8508355824918254
11
138.0070432469545381
21
-77.8712651377942535
0
LINE
8
User.Drawings
6
CONTINUOUS
10
138.0070432469545381
20
-77.8712651377942535
11
138.0134492281807184
21
-77.8960323676114825
0
LINE
8
User.Drawings
6
CONTINUOUS
10
138.0134492281807184
20
-77.8960323676114825
11
138.0129159791976576
21
-77.9088740521383443
0
LINE
8
User.Drawings
6
CONTINUOUS
10
138.0129159791976576
20
-77.9088740521383443
11
137.8912539124409307
21
-78.7745452061916041
0
LINE
8
User.Drawings
6
CONTINUOUS
10
137.8912539124409307
20
-78.7745452061916041
11
137.8882266317386325
21
-78.7870363450755065
0
LINE
8
User.Drawings
6
CONTINUOUS
10
137.8882266317386325
20
-78.7870363450755065
11
137.8752424560900636
21
-78.8090778858284011
0
LINE
8
User.Drawings
6
CONTINUOUS
10
137.8752424560900636
20
-78.8090778858284011
11
137.8548129007876355
21
-78.8244730462234031
0
LINE
8
User.Drawings
6
CONTINUOUS
10
137.8548129007876355
20
-78.8244730462234031
11
137.8300456709704065
21
-78.8308790274495834
0
LINE
8
User.Drawings
6
CONTINUOUS
10
137.8300456709704065
20
-78.8308790274495834
11
137.8047128475596708
21
-78.8273184977642387
0
LINE
8
User.Drawings
6
CONTINUOUS
10
137.8047128475596708
20
-78.8273184977642387
11
137.7826713068067761
21
-78.8143343221156698
0
LINE
8
User.Drawings
6
CONTINUOUS
10
137.7826713068067761
20
-78.8143343221156698
11
137.7672761464117741
21
-78.7939047668132417
0
LINE
8
User.Drawings
6
CONTINUOUS
10
137.7672761464117741
20
-78.7939047668132417
11
137.7608701651855654
21
-78.7691375369960127
0
LINE
8
User.Drawings
6
CONTINUOUS
10
137.7608701651855654
20
-78.7691375369960127
11
137.7614034141686545
21
-78.7562958524691794
0
LINE
8
User.Drawings
6
CONTINUOUS
10
137.7614034141686545
20
-78.7562958524691794
11
137.8739408040641479
21
-77.9555499475520151
0
LINE
8
User.Drawings
6
CONTINUOUS
10
137.8739408040641479
20
-77.9555499475520151
11
137.0731948991470404
21
-77.8430125576565075
0
LINE
8
User.Drawings
6
CONTINUOUS
10
137.0731948991470404
20
-77.8430125576565075
11
137.0607037602631522
21
-77.8399852769542235
0
LINE
8
User.Drawings
6
CONTINUOUS
10
137.0607037602631522
20
-77.8399852769542235
11
137.0386622195102291
21
-77.8270011013056546
0
LINE
8
User.Drawings
6
CONTINUOUS
10
137.0386622195102291
20
-77.8270011013056546
11
137.0232670591152271
21
-77.8065715460032408
0
LINE
8
User.Drawings
6
CONTINUOUS
10
137.0232670591152271
20
-77.8065715460032408
11
137.0168610778890184
21
-77.781804316186026
0
LINE
8
User.Drawings
6
CONTINUOUS
10
137.0168610778890184
20
-77.781804316186026
11
137.0204216075744057
21
-77.756471492775276
0
LINE
8
User.Drawings
6
CONTINUOUS
10
137.0204216075744057
20
-77.756471492775276
11
137.0334057832229746
21
-77.7344299520223672
0
LINE
8
User.Drawings
6
CONTINUOUS
10
137.0334057832229746
20
-77.7344299520223672
11
137.0538353385253743
21
-77.7190347916273794
0
LINE
8
User.Drawings
6
CONTINUOUS
10
137.0538353385253743
20
-77.7190347916273794
11
137.0786025683426033
21
-77.7126288104011707
0
LINE
8
User.Drawings
6
CONTINUOUS
10
137.0786025683426033
20
-77.7126288104011707
11
137.0914442528694508
21
-77.7131620593842598
0
LINE
8
User.Drawings
6
CONTINUOUS
10
125.8377183759982216
20
-76.1315543173680567
11
126.7033895300515098
21
-76.2532163841247979
0
LINE
8
User.Drawings
6
CONTINUOUS
10
126.7033895300515098
20
-76.2532163841247979
11
126.7158806689353838
21
-76.2562436648270818
0
LINE
8
User.Drawings
6
CONTINUOUS
10
126.7158806689353838
20
-76.2562436648270818
11
126.7379222096883069
21
-76.2692278404756507
0
LINE
8
User.Drawings
6
CONTINUOUS
10
126.7379222096883069
20
-76.2692278404756507
11
126.7533173700832947
21
-76.2896573957780646
0
LINE
8
User.Drawings
6
CONTINUOUS
10
126.7533173700832947
20
-76.2896573957780646
11
126.7597233513094892
21
-76.3144246255952794
0
LINE
8
User.Drawings
6
CONTINUOUS
10
126.7597233513094892
20
-76.3144246255952794
11
126.7561628216241303
21
-76.3397574490060293
0
LINE
8
User.Drawings
6
CONTINUOUS
10
126.7561628216241303
20
-76.3397574490060293
11
126.7431786459755756
21
-76.3617989897589382
0
LINE
8
User.Drawings
6
CONTINUOUS
10
126.7431786459755756
20
-76.3617989897589382
11
126.7227490906731475
21
-76.377194150153926
0
LINE
8
User.Drawings
6
CONTINUOUS
10
126.7227490906731475
20
-76.377194150153926
11
126.6979818608559185
21
-76.3836001313801347
0
LINE
8
User.Drawings
6
CONTINUOUS
10
126.6979818608559185
20
-76.3836001313801347
11
126.6851401763290568
21
-76.3830668823970456
0
LINE
8
User.Drawings
6
CONTINUOUS
10
126.6851401763290568
20
-76.3830668823970456
11
125.8843942714119208
21
-76.2705286183228708
0
LINE
8
User.Drawings
6
CONTINUOUS
10
125.8843942714119208
20
-76.2705286183228708
11
125.7718568815164133
21
-77.0712753974186882
0
LINE
8
User.Drawings
6
CONTINUOUS
10
125.7718568815164133
20
-77.0712753974186882
11
125.7688296008141293
21
-77.0837665363025764
0
LINE
8
User.Drawings
6
CONTINUOUS
10
125.7688296008141293
20
-77.0837665363025764
11
125.7558454251655604
21
-77.1058080770554852
0
LINE
8
User.Drawings
6
CONTINUOUS
10
125.7558454251655604
20
-77.1058080770554852
11
125.7354158698631323
21
-77.121203237450473
0
LINE
8
User.Drawings
6
CONTINUOUS
10
125.7354158698631323
20
-77.121203237450473
11
125.7106486400459033
21
-77.1276092186766675
0
LINE
8
User.Drawings
6
CONTINUOUS
10
125.7106486400459033
20
-77.1276092186766675
11
125.6853158166351676
21
-77.1240486889913228
0
LINE
8
User.Drawings
6
CONTINUOUS
10
125.6853158166351676
20
-77.1240486889913228
11
125.6632742758822729
21
-77.1110645133427539
0
LINE
8
User.Drawings
6
CONTINUOUS
10
125.6632742758822729
20
-77.1110645133427539
11
125.647879115487271
21
-77.0906349580403258
0
LINE
8
User.Drawings
6
CONTINUOUS
10
125.647879115487271
20
-77.0906349580403258
11
125.6414731342610622
21
-77.0658677282230968
0
LINE
8
User.Drawings
6
CONTINUOUS
10
125.6414731342610622
20
-77.0658677282230968
11
125.6420063832441514
21
-77.0530260436962493
0
LINE
8
User.Drawings
6
CONTINUOUS
10
125.6420063832441514
20
-77.0530260436962493
11
125.7636684500008784
21
-76.1873548896429611
0
LINE
8
User.Drawings
6
CONTINUOUS
10
125.7636684500008784
20
-76.1873548896429611
11
125.7666957307031481
21
-76.1748637507590871
0
LINE
8
User.Drawings
6
CONTINUOUS
10
125.7666957307031481
20
-76.1748637507590871
11
125.7796799063517312
21
-76.1528222100061782
0
LINE
8
User.Drawings
6
CONTINUOUS
10
125.7796799063517312
20
-76.1528222100061782
11
125.8001094616541451
21
-76.1374270496111762
0
LINE
8
User.Drawings
6
CONTINUOUS
10
125.8001094616541451
20
-76.1374270496111762
11
125.8248766914713741
21
-76.1310210683849817
0
LINE
8
User.Drawings
6
CONTINUOUS
10
125.8248766914713741
20
-76.1310210683849817
11
125.8377183759982216
21
-76.1315543173680567
0
LINE
8
User.Drawings
6
CONTINUOUS
10
120.0602646134740183
20
-86.7562964093068416
11
120.0823061542269272
21
-86.7692805849554105
0
LINE
8
User.Drawings
6
CONTINUOUS
10
120.0823061542269272
20
-86.7692805849554105
11
120.097701314621915
21
-86.7897101402578244
0
LINE
8
User.Drawings
6
CONTINUOUS
10
120.097701314621915
20
-86.7897101402578244
11
120.1041072958481237
21
-86.8144773700750534
0
LINE
8
User.Drawings
6
CONTINUOUS
10
120.1041072958481237
20
-86.8144773700750534
11
120.1035740468650346
21
-86.8273190546019009
0
LINE
8
User.Drawings
6
CONTINUOUS
10
120.1035740468650346
20
-86.8273190546019009
11
119.9819119801083218
21
-87.6929902086551891
0
LINE
8
User.Drawings
6
CONTINUOUS
10
119.9819119801083218
20
-87.6929902086551891
11
119.9788846994060378
21
-87.7054813475390631
0
LINE
8
User.Drawings
6
CONTINUOUS
10
119.9788846994060378
20
-87.7054813475390631
11
119.9659005237574689
21
-87.7275228882919862
0
LINE
8
User.Drawings
6
CONTINUOUS
10
119.9659005237574689
20
-87.7275228882919862
11
119.9454709684550409
21
-87.742918048686974
0
LINE
8
User.Drawings
6
CONTINUOUS
10
119.9454709684550409
20
-87.742918048686974
11
119.9207037386378119
21
-87.7493240299131685
0
LINE
8
User.Drawings
6
CONTINUOUS
10
119.9207037386378119
20
-87.7493240299131685
11
119.9078620541109501
21
-87.7487907809300935
0
LINE
8
User.Drawings
6
CONTINUOUS
10
119.9078620541109501
20
-87.7487907809300935
11
119.0421909000576761
21
-87.6271287141733524
0
LINE
8
User.Drawings
6
CONTINUOUS
10
119.0421909000576761
20
-87.6271287141733524
11
119.0296997611737879
21
-87.6241014334710826
0
LINE
8
User.Drawings
6
CONTINUOUS
10
119.0296997611737879
20
-87.6241014334710826
11
119.0076582204208933
21
-87.6111172578225137
0
LINE
8
User.Drawings
6
CONTINUOUS
10
119.0076582204208933
20
-87.6111172578225137
11
118.9922630600258913
21
-87.5906877025200856
0
LINE
8
User.Drawings
6
CONTINUOUS
10
118.9922630600258913
20
-87.5906877025200856
11
118.985857078799711
21
-87.5659204727028708
0
LINE
8
User.Drawings
6
CONTINUOUS
10
118.985857078799711
20
-87.5659204727028708
11
118.9894176084850557
21
-87.5405876492921209
0
LINE
8
User.Drawings
6
CONTINUOUS
10
118.9894176084850557
20
-87.5405876492921209
11
119.0024017841336246
21
-87.5185461085392262
0
LINE
8
User.Drawings
6
CONTINUOUS
10
119.0024017841336246
20
-87.5185461085392262
11
119.0228313394360526
21
-87.5031509481442242
0
LINE
8
User.Drawings
6
CONTINUOUS
10
119.0228313394360526
20
-87.5031509481442242
11
119.0475985692532817
21
-87.4967449669180297
0
LINE
8
User.Drawings
6
CONTINUOUS
10
119.0475985692532817
20
-87.4967449669180297
11
119.060440253780115
21
-87.4972782159011047
0
LINE
8
User.Drawings
6
CONTINUOUS
10
119.060440253780115
20
-87.4972782159011047
11
119.8611852845186121
21
-87.6098156057966122
0
LINE
8
User.Drawings
6
CONTINUOUS
10
119.8611852845186121
20
-87.6098156057966122
11
119.9737235485927869
21
-86.8090697008794621
0
LINE
8
User.Drawings
6
CONTINUOUS
10
119.9737235485927869
20
-86.8090697008794621
11
119.9767508292950566
21
-86.7965785619955739
0
LINE
8
User.Drawings
6
CONTINUOUS
10
119.9767508292950566
20
-86.7965785619955739
11
119.9897350049436398
21
-86.7745370212426792
0
LINE
8
User.Drawings
6
CONTINUOUS
10
119.9897350049436398
20
-86.7745370212426792
11
120.0101645602460536
21
-86.7591418608476772
0
LINE
8
User.Drawings
6
CONTINUOUS
10
120.0101645602460536
20
-86.7591418608476772
11
120.0349317900632684
21
-86.7527358796214827
0
LINE
8
User.Drawings
6
CONTINUOUS
10
120.0349317900632684
20
-86.7527358796214827
11
120.0602646134740183
21
-86.7562964093068416
0
LINE
8
User.Drawings
6
CONTINUOUS
10
107.9408675825495294
20
-85.0530266005339115
11
107.9629091233024241
21
-85.0660107761824804
0
LINE
8
User.Drawings
6
CONTINUOUS
10
107.9629091233024241
20
-85.0660107761824804
11
107.9783042836974261
21
-85.0864403314849085
0
LINE
8
User.Drawings
6
CONTINUOUS
10
107.9783042836974261
20
-85.0864403314849085
11
107.9847102649236064
21
-85.1112075613021375
0
LINE
8
User.Drawings
6
CONTINUOUS
10
107.9847102649236064
20
-85.1112075613021375
11
107.9841770159405456
21
-85.124049245828985
0
LINE
8
User.Drawings
6
CONTINUOUS
10
107.9841770159405456
20
-85.124049245828985
11
107.8716387518663709
21
-85.9247942765674679
0
LINE
8
User.Drawings
6
CONTINUOUS
10
107.8716387518663709
20
-85.9247942765674679
11
108.672385530962174
21
-86.0373325406416427
0
LINE
8
User.Drawings
6
CONTINUOUS
10
108.672385530962174
20
-86.0373325406416427
11
108.684876669846048
21
-86.0403598213439267
0
LINE
8
User.Drawings
6
CONTINUOUS
10
108.684876669846048
20
-86.0403598213439267
11
108.7069182105989711
21
-86.0533439969924956
0
LINE
8
User.Drawings
6
CONTINUOUS
10
108.7069182105989711
20
-86.0533439969924956
11
108.7223133709939731
21
-86.0737735522949237
0
LINE
8
User.Drawings
6
CONTINUOUS
10
108.7223133709939731
20
-86.0737735522949237
11
108.7287193522201534
21
-86.0985407821121385
0
LINE
8
User.Drawings
6
CONTINUOUS
10
108.7287193522201534
20
-86.0985407821121385
11
108.7251588225347945
21
-86.1238736055228884
0
LINE
8
User.Drawings
6
CONTINUOUS
10
108.7251588225347945
20
-86.1238736055228884
11
108.7121746468862398
21
-86.1459151462757831
0
LINE
8
User.Drawings
6
CONTINUOUS
10
108.7121746468862398
20
-86.1459151462757831
11
108.6917450915838117
21
-86.1613103066707851
0
LINE
8
User.Drawings
6
CONTINUOUS
10
108.6917450915838117
20
-86.1613103066707851
11
108.6669778617665827
21
-86.1677162878969938
0
LINE
8
User.Drawings
6
CONTINUOUS
10
108.6669778617665827
20
-86.1677162878969938
11
108.654136177239721
21
-86.1671830389139046
0
LINE
8
User.Drawings
6
CONTINUOUS
10
108.654136177239721
20
-86.1671830389139046
11
107.7884650231864612
21
-86.0455209721571777
0
LINE
8
User.Drawings
6
CONTINUOUS
10
107.7884650231864612
20
-86.0455209721571777
11
107.775973884302573
21
-86.0424936914548795
0
LINE
8
User.Drawings
6
CONTINUOUS
10
107.775973884302573
20
-86.0424936914548795
11
107.7539323435496641
21
-86.0295095158063248
0
LINE
8
User.Drawings
6
CONTINUOUS
10
107.7539323435496641
20
-86.0295095158063248
11
107.7385371831546621
21
-86.0090799605038967
0
LINE
8
User.Drawings
6
CONTINUOUS
10
107.7385371831546621
20
-86.0090799605038967
11
107.7321312019284818
21
-85.9843127306866819
0
LINE
8
User.Drawings
6
CONTINUOUS
10
107.7321312019284818
20
-85.9843127306866819
11
107.7326644509115425
21
-85.9714710461598202
0
LINE
8
User.Drawings
6
CONTINUOUS
10
107.7326644509115425
20
-85.9714710461598202
11
107.8543265176682837
21
-85.1057998921065462
0
LINE
8
User.Drawings
6
CONTINUOUS
10
107.8543265176682837
20
-85.1057998921065462
11
107.8573537983705677
21
-85.093308753222658
0
LINE
8
User.Drawings
6
CONTINUOUS
10
107.8573537983705677
20
-85.093308753222658
11
107.8703379740191366
21
-85.0712672124697491
0
LINE
8
User.Drawings
6
CONTINUOUS
10
107.8703379740191366
20
-85.0712672124697491
11
107.8907675293215647
21
-85.0558720520747613
0
LINE
8
User.Drawings
6
CONTINUOUS
10
107.8907675293215647
20
-85.0558720520747613
11
107.9155347591387795
21
-85.0494660708485668
0
LINE
8
User.Drawings
6
CONTINUOUS
10
107.9155347591387795
20
-85.0494660708485668
11
107.9408675825495294
21
-85.0530266005339115
0
LINE
8
User.Drawings
6
CONTINUOUS
10
120.7637100625530451
20
-75.3778811849766015
11
121.6293812166063333
21
-75.4995432517333285
0
LINE
8
User.Drawings
6
CONTINUOUS
10
121.6293812166063333
20
-75.4995432517333285
11
121.6418723554902073
21
-75.5025705324356124
0
LINE
8
User.Drawings
6
CONTINUOUS
10
121.6418723554902073
20
-75.5025705324356124
11
121.6639138962431161
21
-75.5155547080841814
0
LINE
8
User.Drawings
6
CONTINUOUS
10
121.6639138962431161
20
-75.5155547080841814
11
121.6793090566381181
21
-75.5359842633866094
0
LINE
8
User.Drawings
6
CONTINUOUS
10
121.6793090566381181
20
-75.5359842633866094
11
121.6857150378643126
21
-75.5607514932038242
0
LINE
8
User.Drawings
6
CONTINUOUS
10
121.6857150378643126
20
-75.5607514932038242
11
121.6851817888812377
21
-75.5735931777306718
0
LINE
8
User.Drawings
6
CONTINUOUS
10
121.6851817888812377
20
-75.5735931777306718
11
121.5635197221244965
21
-76.43926433178396
0
LINE
8
User.Drawings
6
CONTINUOUS
10
121.5635197221244965
20
-76.43926433178396
11
121.5604924414222126
21
-76.4517554706678339
0
LINE
8
User.Drawings
6
CONTINUOUS
10
121.5604924414222126
20
-76.4517554706678339
11
121.5475082657736436
21
-76.473797011420757
0
LINE
8
User.Drawings
6
CONTINUOUS
10
121.5475082657736436
20
-76.473797011420757
11
121.5270787104712156
21
-76.4891921718157448
0
LINE
8
User.Drawings
6
CONTINUOUS
10
121.5270787104712156
20
-76.4891921718157448
11
121.502311480654015
21
-76.4955981530419393
0
LINE
8
User.Drawings
6
CONTINUOUS
10
121.502311480654015
20
-76.4955981530419393
11
121.476978657243265
21
-76.4920376233565804
0
LINE
8
User.Drawings
6
CONTINUOUS
10
121.476978657243265
20
-76.4920376233565804
11
121.4549371164903562
21
-76.4790534477080257
0
LINE
8
User.Drawings
6
CONTINUOUS
10
121.4549371164903562
20
-76.4790534477080257
11
121.4395419560953684
21
-76.4586238924055976
0
LINE
8
User.Drawings
6
CONTINUOUS
10
121.4395419560953684
20
-76.4586238924055976
11
121.4331359748691739
21
-76.4338566625883686
0
LINE
8
User.Drawings
6
CONTINUOUS
10
121.4331359748691739
20
-76.4338566625883686
11
121.4336692238522346
21
-76.4210149780615069
0
LINE
8
User.Drawings
6
CONTINUOUS
10
121.4336692238522346
20
-76.4210149780615069
11
121.5462066137477564
21
-75.620269073144371
0
LINE
8
User.Drawings
6
CONTINUOUS
10
121.5462066137477564
20
-75.620269073144371
11
120.7454607088306062
21
-75.5077316832488634
0
LINE
8
User.Drawings
6
CONTINUOUS
10
120.7454607088306062
20
-75.5077316832488634
11
120.732969569946718
21
-75.5047044025465794
0
LINE
8
User.Drawings
6
CONTINUOUS
10
120.732969569946718
20
-75.5047044025465794
11
120.7109280291938092
21
-75.4917202268980105
0
LINE
8
User.Drawings
6
CONTINUOUS
10
120.7109280291938092
20
-75.4917202268980105
11
120.6955328687988214
21
-75.4712906715955825
0
LINE
8
User.Drawings
6
CONTINUOUS
10
120.6955328687988214
20
-75.4712906715955825
11
120.6891268875726269
21
-75.4465234417783535
0
LINE
8
User.Drawings
6
CONTINUOUS
10
120.6891268875726269
20
-75.4465234417783535
11
120.6926874172579716
21
-75.4211906183676177
0
LINE
8
User.Drawings
6
CONTINUOUS
10
120.6926874172579716
20
-75.4211906183676177
11
120.7056715929065405
21
-75.3991490776147231
0
LINE
8
User.Drawings
6
CONTINUOUS
10
120.7056715929065405
20
-75.3991490776147231
11
120.7261011482089685
21
-75.3837539172197211
0
LINE
8
User.Drawings
6
CONTINUOUS
10
120.7261011482089685
20
-75.3837539172197211
11
120.7508683780261975
21
-75.3773479359935124
0
LINE
8
User.Drawings
6
CONTINUOUS
10
120.7508683780261975
20
-75.3773479359935124
11
120.7637100625530451
21
-75.3778811849766015
0
LINE
8
User.Drawings
6
CONTINUOUS
10
109.5099841856818159
20
-73.7962734429604126
11
110.3756553397351041
21
-73.9179355097171538
0
LINE
8
User.Drawings
6
CONTINUOUS
10
110.3756553397351041
20
-73.9179355097171538
11
110.3881464786189781
21
-73.9209627904194235
0
LINE
8
User.Drawings
6
CONTINUOUS
10
110.3881464786189781
20
-73.9209627904194235
11
110.410188019371887
21
-73.9339469660679782
0
LINE
8
User.Drawings
6
CONTINUOUS
10
110.410188019371887
20
-73.9339469660679782
11
110.425583179766889
21
-73.9543765213704205
0
LINE
8
User.Drawings
6
CONTINUOUS
10
110.425583179766889
20
-73.9543765213704205
11
110.4319891609930835
21
-73.9791437511876353
0
LINE
8
User.Drawings
6
CONTINUOUS
10
110.4319891609930835
20
-73.9791437511876353
11
110.4284286313077104
21
-74.0044765745983852
0
LINE
8
User.Drawings
6
CONTINUOUS
10
110.4284286313077104
20
-74.0044765745983852
11
110.4154444556591557
21
-74.0265181153512799
0
LINE
8
User.Drawings
6
CONTINUOUS
10
110.4154444556591557
20
-74.0265181153512799
11
110.3950149003567418
21
-74.0419132757462819
0
LINE
8
User.Drawings
6
CONTINUOUS
10
110.3950149003567418
20
-74.0419132757462819
11
110.3702476705395128
21
-74.0483192569724764
0
LINE
8
User.Drawings
6
CONTINUOUS
10
110.3702476705395128
20
-74.0483192569724764
11
110.3574059860126511
21
-74.0477860079894015
0
LINE
8
User.Drawings
6
CONTINUOUS
10
110.3574059860126511
20
-74.0477860079894015
11
109.5566600810955151
21
-73.9352477439152267
0
LINE
8
User.Drawings
6
CONTINUOUS
10
109.5566600810955151
20
-73.9352477439152267
11
109.4441226911999934
21
-74.7359945230110441
0
LINE
8
User.Drawings
6
CONTINUOUS
10
109.4441226911999934
20
-74.7359945230110441
11
109.4410954104977236
21
-74.7484856618949181
0
LINE
8
User.Drawings
6
CONTINUOUS
10
109.4410954104977236
20
-74.7484856618949181
11
109.4281112348491547
21
-74.7705272026478269
0
LINE
8
User.Drawings
6
CONTINUOUS
10
109.4281112348491547
20
-74.7705272026478269
11
109.4076816795467266
21
-74.7859223630428289
0
LINE
8
User.Drawings
6
CONTINUOUS
10
109.4076816795467266
20
-74.7859223630428289
11
109.3829144497294976
21
-74.7923283442690234
0
LINE
8
User.Drawings
6
CONTINUOUS
10
109.3829144497294976
20
-74.7923283442690234
11
109.3575816263187619
21
-74.7887678145836503
0
LINE
8
User.Drawings
6
CONTINUOUS
10
109.3575816263187619
20
-74.7887678145836503
11
109.335540085565853
21
-74.7757836389350956
0
LINE
8
User.Drawings
6
CONTINUOUS
10
109.335540085565853
20
-74.7757836389350956
11
109.3201449251708652
21
-74.7553540836326675
0
LINE
8
User.Drawings
6
CONTINUOUS
10
109.3201449251708652
20
-74.7553540836326675
11
109.3137389439446565
21
-74.7305868538154527
0
LINE
8
User.Drawings
6
CONTINUOUS
10
109.3137389439446565
20
-74.7305868538154527
11
109.3142721929277457
21
-74.717745169288591
0
LINE
8
User.Drawings
6
CONTINUOUS
10
109.3142721929277457
20
-74.717745169288591
11
109.4359342596844726
21
-73.852074015235317
0
LINE
8
User.Drawings
6
CONTINUOUS
10
109.4359342596844726
20
-73.852074015235317
11
109.4389615403867424
21
-73.8395828763514288
0
LINE
8
User.Drawings
6
CONTINUOUS
10
109.4389615403867424
20
-73.8395828763514288
11
109.4519457160353113
21
-73.8175413355985199
0
LINE
8
User.Drawings
6
CONTINUOUS
10
109.4519457160353113
20
-73.8175413355985199
11
109.4723752713377394
21
-73.8021461752035322
0
LINE
8
User.Drawings
6
CONTINUOUS
10
109.4723752713377394
20
-73.8021461752035322
11
109.4971425011549684
21
-73.7957401939773376
0
LINE
8
User.Drawings
6
CONTINUOUS
10
109.4971425011549684
20
-73.7957401939773376
11
109.5099841856818159
21
-73.7962734429604126
0
LINE
8
User.Drawings
6
CONTINUOUS
10
103.6125056930325172
20
-84.4447057766063267
11
103.6345472337854261
21
-84.4576899522548814
0
LINE
8
User.Drawings
6
CONTINUOUS
10
103.6345472337854261
20
-84.4576899522548814
11
103.6499423941804281
21
-84.4781195075573095
0
LINE
8
User.Drawings
6
CONTINUOUS
10
103.6499423941804281
20
-84.4781195075573095
11
103.6563483754066226
21
-84.5028867373745385
0
LINE
8
User.Drawings
6
CONTINUOUS
10
103.6563483754066226
20
-84.5028867373745385
11
103.6558151264235477
21
-84.5157284219014002
0
LINE
8
User.Drawings
6
CONTINUOUS
10
103.6558151264235477
20
-84.5157284219014002
11
103.5341530596668065
21
-85.3813995759546742
0
LINE
8
User.Drawings
6
CONTINUOUS
10
103.5341530596668065
20
-85.3813995759546742
11
103.5311257789645367
21
-85.3938907148385624
0
LINE
8
User.Drawings
6
CONTINUOUS
10
103.5311257789645367
20
-85.3938907148385624
11
103.5181416033159536
21
-85.4159322555914571
0
LINE
8
User.Drawings
6
CONTINUOUS
10
103.5181416033159536
20
-85.4159322555914571
11
103.4977120480135397
21
-85.4313274159864591
0
LINE
8
User.Drawings
6
CONTINUOUS
10
103.4977120480135397
20
-85.4313274159864591
11
103.4729448181963249
21
-85.4377333972126536
0
LINE
8
User.Drawings
6
CONTINUOUS
10
103.4729448181963249
20
-85.4377333972126536
11
103.4601031336694632
21
-85.4372001482295786
0
LINE
8
User.Drawings
6
CONTINUOUS
10
103.4601031336694632
20
-85.4372001482295786
11
102.5944319796161892
21
-85.3155380814728375
0
LINE
8
User.Drawings
6
CONTINUOUS
10
102.5944319796161892
20
-85.3155380814728375
11
102.581940840732301
21
-85.3125108007705677
0
LINE
8
User.Drawings
6
CONTINUOUS
10
102.581940840732301
20
-85.3125108007705677
11
102.5598992999793921
21
-85.2995266251219988
0
LINE
8
User.Drawings
6
CONTINUOUS
10
102.5598992999793921
20
-85.2995266251219988
11
102.5445041395844044
21
-85.2790970698195707
0
LINE
8
User.Drawings
6
CONTINUOUS
10
102.5445041395844044
20
-85.2790970698195707
11
102.5380981583581956
21
-85.2543298400023559
0
LINE
8
User.Drawings
6
CONTINUOUS
10
102.5380981583581956
20
-85.2543298400023559
11
102.5416586880435545
21
-85.228997016591606
0
LINE
8
User.Drawings
6
CONTINUOUS
10
102.5416586880435545
20
-85.228997016591606
11
102.5546428636921235
21
-85.2069554758386971
0
LINE
8
User.Drawings
6
CONTINUOUS
10
102.5546428636921235
20
-85.2069554758386971
11
102.5750724189945515
21
-85.1915603154437093
0
LINE
8
User.Drawings
6
CONTINUOUS
10
102.5750724189945515
20
-85.1915603154437093
11
102.5998396488117663
21
-85.1851543342175148
0
LINE
8
User.Drawings
6
CONTINUOUS
10
102.5998396488117663
20
-85.1851543342175148
11
102.6126813333386281
21
-85.1856875832005898
0
LINE
8
User.Drawings
6
CONTINUOUS
10
102.6126813333386281
20
-85.1856875832005898
11
103.413426364077111
21
-85.2982249730960973
0
LINE
8
User.Drawings
6
CONTINUOUS
10
103.413426364077111
20
-85.2982249730960973
11
103.5259646281512715
21
-84.4974790681789472
0
LINE
8
User.Drawings
6
CONTINUOUS
10
103.5259646281512715
20
-84.4974790681789472
11
103.5289919088535697
21
-84.4849879292950732
0
LINE
8
User.Drawings
6
CONTINUOUS
10
103.5289919088535697
20
-84.4849879292950732
11
103.5419760845021244
21
-84.4629463885421501
0
LINE
8
User.Drawings
6
CONTINUOUS
10
103.5419760845021244
20
-84.4629463885421501
11
103.5624056398045525
21
-84.4475512281471623
0
LINE
8
User.Drawings
6
CONTINUOUS
10
103.5624056398045525
20
-84.4475512281471623
11
103.5871728696217815
21
-84.4411452469209678
0
LINE
8
User.Drawings
6
CONTINUOUS
10
103.5871728696217815
20
-84.4411452469209678
11
103.6125056930325172
21
-84.4447057766063267
0
LINE
8
User.Drawings
6
CONTINUOUS
10
91.4931086621080141
20
-82.7414359678334108
11
91.5151502028609229
21
-82.7544201434819655
0
LINE
8
User.Drawings
6
CONTINUOUS
10
91.5151502028609229
20
-82.7544201434819655
11
91.5305453632559107
21
-82.7748496987843936
0
LINE
8
User.Drawings
6
CONTINUOUS
10
91.5305453632559107
20
-82.7748496987843936
11
91.5369513444821195
21
-82.7996169286016226
0
LINE
8
User.Drawings
6
CONTINUOUS
10
91.5369513444821195
20
-82.7996169286016226
11
91.5364180954990303
21
-82.8124586131284843
0
LINE
8
User.Drawings
6
CONTINUOUS
10
91.5364180954990303
20
-82.8124586131284843
11
91.4238798314248697
21
-83.613203643866953
0
LINE
8
User.Drawings
6
CONTINUOUS
10
91.4238798314248697
20
-83.613203643866953
11
92.2246266105206729
21
-83.7257419079411278
0
LINE
8
User.Drawings
6
CONTINUOUS
10
92.2246266105206729
20
-83.7257419079411278
11
92.2371177494045611
21
-83.7287691886434118
0
LINE
8
User.Drawings
6
CONTINUOUS
10
92.2371177494045611
20
-83.7287691886434118
11
92.25915929015747
21
-83.7417533642919807
0
LINE
8
User.Drawings
6
CONTINUOUS
10
92.25915929015747
20
-83.7417533642919807
11
92.2745544505524578
21
-83.7621829195944088
0
LINE
8
User.Drawings
6
CONTINUOUS
10
92.2745544505524578
20
-83.7621829195944088
11
92.2809604317786665
21
-83.7869501494116236
0
LINE
8
User.Drawings
6
CONTINUOUS
10
92.2809604317786665
20
-83.7869501494116236
11
92.2773999020933076
21
-83.8122829728223593
0
LINE
8
User.Drawings
6
CONTINUOUS
10
92.2773999020933076
20
-83.8122829728223593
11
92.2644157264447387
21
-83.8343245135752682
0
LINE
8
User.Drawings
6
CONTINUOUS
10
92.2644157264447387
20
-83.8343245135752682
11
92.2439861711423106
21
-83.8497196739702702
0
LINE
8
User.Drawings
6
CONTINUOUS
10
92.2439861711423106
20
-83.8497196739702702
11
92.2192189413250958
21
-83.8561256551964647
0
LINE
8
User.Drawings
6
CONTINUOUS
10
92.2192189413250958
20
-83.8561256551964647
11
92.206377256798234
21
-83.8555924062133897
0
LINE
8
User.Drawings
6
CONTINUOUS
10
92.206377256798234
20
-83.8555924062133897
11
91.34070610274496
21
-83.7339303394566628
0
LINE
8
User.Drawings
6
CONTINUOUS
10
91.34070610274496
20
-83.7339303394566628
11
91.3282149638610719
21
-83.7309030587543788
0
LINE
8
User.Drawings
6
CONTINUOUS
10
91.3282149638610719
20
-83.7309030587543788
11
91.3061734231081772
21
-83.7179188831058099
0
LINE
8
User.Drawings
6
CONTINUOUS
10
91.3061734231081772
20
-83.7179188831058099
11
91.2907782627131752
21
-83.6974893278033818
0
LINE
8
User.Drawings
6
CONTINUOUS
10
91.2907782627131752
20
-83.6974893278033818
11
91.2843722814869665
21
-83.6727220979861528
0
LINE
8
User.Drawings
6
CONTINUOUS
10
91.2843722814869665
20
-83.6727220979861528
11
91.2849055304700556
21
-83.6598804134593053
0
LINE
8
User.Drawings
6
CONTINUOUS
10
91.2849055304700556
20
-83.6598804134593053
11
91.4065675972267826
21
-82.7942092594060313
0
LINE
8
User.Drawings
6
CONTINUOUS
10
91.4065675972267826
20
-82.7942092594060313
11
91.4095948779290524
21
-82.7817181205221573
0
LINE
8
User.Drawings
6
CONTINUOUS
10
91.4095948779290524
20
-82.7817181205221573
11
91.4225790535776213
21
-82.7596765797692342
0
LINE
8
User.Drawings
6
CONTINUOUS
10
91.4225790535776213
20
-82.7596765797692342
11
91.4430086088800493
21
-82.7442814193742322
0
LINE
8
User.Drawings
6
CONTINUOUS
10
91.4430086088800493
20
-82.7442814193742322
11
91.4677758386972783
21
-82.7378754381480519
0
LINE
8
User.Drawings
6
CONTINUOUS
10
91.4677758386972783
20
-82.7378754381480519
11
91.4931086621080141
21
-82.7414359678334108
0
LINE
8
User.Drawings
6
CONTINUOUS
10
104.315951142111544
20
-73.0662905522760866
11
105.181622296164818
21
-73.1879526190328136
0
LINE
8
User.Drawings
6
CONTINUOUS
10
105.181622296164818
20
-73.1879526190328136
11
105.1941134350487062
21
-73.1909798997350833
0
LINE
8
User.Drawings
6
CONTINUOUS
10
105.1941134350487062
20
-73.1909798997350833
11
105.216154975801615
21
-73.2039640753836665
0
LINE
8
User.Drawings
6
CONTINUOUS
10
105.216154975801615
20
-73.2039640753836665
11
105.2315501361966028
21
-73.2243936306860803
0
LINE
8
User.Drawings
6
CONTINUOUS
10
105.2315501361966028
20
-73.2243936306860803
11
105.2379561174228115
21
-73.2491608605033093
0
LINE
8
User.Drawings
6
CONTINUOUS
10
105.2379561174228115
20
-73.2491608605033093
11
105.2374228684397224
21
-73.2620025450301711
0
LINE
8
User.Drawings
6
CONTINUOUS
10
105.2374228684397224
20
-73.2620025450301711
11
105.1157608016830096
21
-74.1276736990834451
0
LINE
8
User.Drawings
6
CONTINUOUS
10
105.1157608016830096
20
-74.1276736990834451
11
105.1127335209807114
21
-74.1401648379673333
0
LINE
8
User.Drawings
6
CONTINUOUS
10
105.1127335209807114
20
-74.1401648379673333
11
105.0997493453321567
21
-74.1622063787202421
0
LINE
8
User.Drawings
6
CONTINUOUS
10
105.0997493453321567
20
-74.1622063787202421
11
105.0793197900297287
21
-74.1776015391152299
0
LINE
8
User.Drawings
6
CONTINUOUS
10
105.0793197900297287
20
-74.1776015391152299
11
105.0545525602124997
21
-74.1840075203414244
0
LINE
8
User.Drawings
6
CONTINUOUS
10
105.0545525602124997
20
-74.1840075203414244
11
105.0292197368017639
21
-74.1804469906560797
0
LINE
8
User.Drawings
6
CONTINUOUS
10
105.0292197368017639
20
-74.1804469906560797
11
105.0071781960488551
21
-74.1674628150075108
0
LINE
8
User.Drawings
6
CONTINUOUS
10
105.0071781960488551
20
-74.1674628150075108
11
104.9917830356538531
21
-74.1470332597050827
0
LINE
8
User.Drawings
6
CONTINUOUS
10
104.9917830356538531
20
-74.1470332597050827
11
104.9853770544276585
21
-74.1222660298878537
0
LINE
8
User.Drawings
6
CONTINUOUS
10
104.9853770544276585
20
-74.1222660298878537
11
104.9859103034107335
21
-74.109424345360992
0
LINE
8
User.Drawings
6
CONTINUOUS
10
104.9859103034107335
20
-74.109424345360992
11
105.098447693306241
21
-73.3086784404438561
0
LINE
8
User.Drawings
6
CONTINUOUS
10
105.098447693306241
20
-73.3086784404438561
11
104.2977017883891051
21
-73.1961410505483485
0
LINE
8
User.Drawings
6
CONTINUOUS
10
104.2977017883891051
20
-73.1961410505483485
11
104.2852106495052169
21
-73.1931137698460645
0
LINE
8
User.Drawings
6
CONTINUOUS
10
104.2852106495052169
20
-73.1931137698460645
11
104.2631691087523222
21
-73.1801295941974956
0
LINE
8
User.Drawings
6
CONTINUOUS
10
104.2631691087523222
20
-73.1801295941974956
11
104.2477739483573203
21
-73.1597000388950676
0
LINE
8
User.Drawings
6
CONTINUOUS
10
104.2477739483573203
20
-73.1597000388950676
11
104.2413679671311115
21
-73.1349328090778528
0
LINE
8
User.Drawings
6
CONTINUOUS
10
104.2413679671311115
20
-73.1349328090778528
11
104.2449284968164847
21
-73.1095999856671028
0
LINE
8
User.Drawings
6
CONTINUOUS
10
104.2449284968164847
20
-73.1095999856671028
11
104.2579126724650536
21
-73.0875584449142082
0
LINE
8
User.Drawings
6
CONTINUOUS
10
104.2579126724650536
20
-73.0875584449142082
11
104.2783422277674816
21
-73.0721632845192062
0
LINE
8
User.Drawings
6
CONTINUOUS
10
104.2783422277674816
20
-73.0721632845192062
11
104.3031094575846822
21
-73.0657573032929974
0
LINE
8
User.Drawings
6
CONTINUOUS
10
104.3031094575846822
20
-73.0657573032929974
11
104.315951142111544
21
-73.0662905522760866
0
LINE
8
User.Drawings
6
CONTINUOUS
10
93.062225265240329
20
-71.4846828102598835
11
93.9278964192935888
21
-71.6063448770166247
0
LINE
8
User.Drawings
6
CONTINUOUS
10
93.9278964192935888
20
-71.6063448770166247
11
93.940387558177477
21
-71.6093721577189086
0
LINE
8
User.Drawings
6
CONTINUOUS
10
93.940387558177477
20
-71.6093721577189086
11
93.9624290989303859
21
-71.6223563333674775
0
LINE
8
User.Drawings
6
CONTINUOUS
10
93.9624290989303859
20
-71.6223563333674775
11
93.9778242593253879
21
-71.6427858886699056
0
LINE
8
User.Drawings
6
CONTINUOUS
10
93.9778242593253879
20
-71.6427858886699056
11
93.9842302405515682
21
-71.6675531184871204
0
LINE
8
User.Drawings
6
CONTINUOUS
10
93.9842302405515682
20
-71.6675531184871204
11
93.9806697108662235
21
-71.6928859418978703
0
LINE
8
User.Drawings
6
CONTINUOUS
10
93.9806697108662235
20
-71.6928859418978703
11
93.9676855352176545
21
-71.714927482650765
0
LINE
8
User.Drawings
6
CONTINUOUS
10
93.9676855352176545
20
-71.714927482650765
11
93.9472559799152265
21
-71.730322643045767
0
LINE
8
User.Drawings
6
CONTINUOUS
10
93.9472559799152265
20
-71.730322643045767
11
93.9224887500980117
21
-71.7367286242719615
0
LINE
8
User.Drawings
6
CONTINUOUS
10
93.9224887500980117
20
-71.7367286242719615
11
93.9096470655711499
21
-71.7361953752888866
0
LINE
8
User.Drawings
6
CONTINUOUS
10
93.9096470655711499
20
-71.7361953752888866
11
93.1089011606539998
21
-71.6236571112147118
0
LINE
8
User.Drawings
6
CONTINUOUS
10
93.1089011606539998
20
-71.6236571112147118
11
92.9963637707584923
21
-72.4244038903105292
0
LINE
8
User.Drawings
6
CONTINUOUS
10
92.9963637707584923
20
-72.4244038903105292
11
92.9933364900562083
21
-72.4368950291944174
0
LINE
8
User.Drawings
6
CONTINUOUS
10
92.9933364900562083
20
-72.4368950291944174
11
92.9803523144076394
21
-72.458936569947312
0
LINE
8
User.Drawings
6
CONTINUOUS
10
92.9803523144076394
20
-72.458936569947312
11
92.9599227591052113
21
-72.474331730342314
0
LINE
8
User.Drawings
6
CONTINUOUS
10
92.9599227591052113
20
-72.474331730342314
11
92.9351555292880107
21
-72.4807377115684943
0
LINE
8
User.Drawings
6
CONTINUOUS
10
92.9351555292880107
20
-72.4807377115684943
11
92.9098227058772608
21
-72.4771771818831496
0
LINE
8
User.Drawings
6
CONTINUOUS
10
92.9098227058772608
20
-72.4771771818831496
11
92.8877811651243519
21
-72.4641930062345807
0
LINE
8
User.Drawings
6
CONTINUOUS
10
92.8877811651243519
20
-72.4641930062345807
11
92.8723860047293499
21
-72.4437634509321526
0
LINE
8
User.Drawings
6
CONTINUOUS
10
92.8723860047293499
20
-72.4437634509321526
11
92.8659800235031696
21
-72.4189962211149236
0
LINE
8
User.Drawings
6
CONTINUOUS
10
92.8659800235031696
20
-72.4189962211149236
11
92.8665132724862303
21
-72.4061545365880903
0
LINE
8
User.Drawings
6
CONTINUOUS
10
92.8665132724862303
20
-72.4061545365880903
11
92.9881753392429715
21
-71.5404833825348021
0
LINE
8
User.Drawings
6
CONTINUOUS
10
92.9881753392429715
20
-71.5404833825348021
11
92.9912026199452555
21
-71.5279922436509281
0
LINE
8
User.Drawings
6
CONTINUOUS
10
92.9912026199452555
20
-71.5279922436509281
11
93.0041867955938102
21
-71.505950702898005
0
LINE
8
User.Drawings
6
CONTINUOUS
10
93.0041867955938102
20
-71.505950702898005
11
93.0246163508962525
21
-71.4905555425030173
0
LINE
8
User.Drawings
6
CONTINUOUS
10
93.0246163508962525
20
-71.4905555425030173
11
93.0493835807134673
21
-71.4841495612768227
0
LINE
8
User.Drawings
6
CONTINUOUS
10
93.0493835807134673
20
-71.4841495612768227
11
93.062225265240329
21
-71.4846828102598835
0
LINE
8
User.Drawings
6
CONTINUOUS
10
87.1061768023187568
20
-82.1855658635526112
11
87.1282183430716657
21
-82.1985500392011801
0
LINE
8
User.Drawings
6
CONTINUOUS
10
87.1282183430716657
20
-82.1985500392011801
11
87.1436135034666677
21
-82.2189795945036082
0
LINE
8
User.Drawings
6
CONTINUOUS
10
87.1436135034666677
20
-82.2189795945036082
11
87.150019484692848
21
-82.243746824320823
0
LINE
8
User.Drawings
6
CONTINUOUS
10
87.150019484692848
20
-82.243746824320823
11
87.1494862357097873
21
-82.2565885088476847
0
LINE
8
User.Drawings
6
CONTINUOUS
10
87.1494862357097873
20
-82.2565885088476847
11
87.0278241689530603
21
-83.1222596629009445
0
LINE
8
User.Drawings
6
CONTINUOUS
10
87.0278241689530603
20
-83.1222596629009445
11
87.0247968882507621
21
-83.1347508017848327
0
LINE
8
User.Drawings
6
CONTINUOUS
10
87.0247968882507621
20
-83.1347508017848327
11
87.0118127126022074
21
-83.1567923425377415
0
LINE
8
User.Drawings
6
CONTINUOUS
10
87.0118127126022074
20
-83.1567923425377415
11
86.9913831572997793
21
-83.1721875029327435
0
LINE
8
User.Drawings
6
CONTINUOUS
10
86.9913831572997793
20
-83.1721875029327435
11
86.9666159274825503
21
-83.1785934841589381
0
LINE
8
User.Drawings
6
CONTINUOUS
10
86.9666159274825503
20
-83.1785934841589381
11
86.9537742429556886
21
-83.1780602351758631
0
LINE
8
User.Drawings
6
CONTINUOUS
10
86.9537742429556886
20
-83.1780602351758631
11
86.0881030889024288
21
-83.0563981684191361
0
LINE
8
User.Drawings
6
CONTINUOUS
10
86.0881030889024288
20
-83.0563981684191361
11
86.0756119500185406
21
-83.053370887716838
0
LINE
8
User.Drawings
6
CONTINUOUS
10
86.0756119500185406
20
-83.053370887716838
11
86.0535704092656317
21
-83.0403867120682833
0
LINE
8
User.Drawings
6
CONTINUOUS
10
86.0535704092656317
20
-83.0403867120682833
11
86.0381752488706439
21
-83.0199571567658552
0
LINE
8
User.Drawings
6
CONTINUOUS
10
86.0381752488706439
20
-83.0199571567658552
11
86.0317692676444494
21
-82.9951899269486262
0
LINE
8
User.Drawings
6
CONTINUOUS
10
86.0317692676444494
20
-82.9951899269486262
11
86.0353297973297941
21
-82.9698571035379047
0
LINE
8
User.Drawings
6
CONTINUOUS
10
86.0353297973297941
20
-82.9698571035379047
11
86.048313972978363
21
-82.9478155627849816
0
LINE
8
User.Drawings
6
CONTINUOUS
10
86.048313972978363
20
-82.9478155627849816
11
86.0687435282807911
21
-82.9324204023899796
0
LINE
8
User.Drawings
6
CONTINUOUS
10
86.0687435282807911
20
-82.9324204023899796
11
86.0935107580980201
21
-82.9260144211637993
0
LINE
8
User.Drawings
6
CONTINUOUS
10
86.0935107580980201
20
-82.9260144211637993
11
86.1063524426248676
21
-82.92654767014686
0
LINE
8
User.Drawings
6
CONTINUOUS
10
86.1063524426248676
20
-82.92654767014686
11
86.9070974733633506
21
-83.0390850600423818
0
LINE
8
User.Drawings
6
CONTINUOUS
10
86.9070974733633506
20
-83.0390850600423818
11
87.0196357374375253
21
-82.2383391551252458
0
LINE
8
User.Drawings
6
CONTINUOUS
10
87.0196357374375253
20
-82.2383391551252458
11
87.0226630181398093
21
-82.2258480162413576
0
LINE
8
User.Drawings
6
CONTINUOUS
10
87.0226630181398093
20
-82.2258480162413576
11
87.0356471937883782
21
-82.2038064754884488
0
LINE
8
User.Drawings
6
CONTINUOUS
10
87.0356471937883782
20
-82.2038064754884488
11
87.0560767490908063
21
-82.188411315093461
0
LINE
8
User.Drawings
6
CONTINUOUS
10
87.0560767490908063
20
-82.188411315093461
11
87.0808439789080069
21
-82.1820053338672523
0
LINE
8
User.Drawings
6
CONTINUOUS
10
87.0808439789080069
20
-82.1820053338672523
11
87.1061768023187568
21
-82.1855658635526112
0
LINE
8
User.Drawings
6
CONTINUOUS
10
74.9867797713942679
20
-80.4822960547796953
11
75.0088213121471625
21
-80.4952802304282642
0
LINE
8
User.Drawings
6
CONTINUOUS
10
75.0088213121471625
20
-80.4952802304282642
11
75.0242164725421645
21
-80.5157097857306923
0
LINE
8
User.Drawings
6
CONTINUOUS
10
75.0242164725421645
20
-80.5157097857306923
11
75.030622453768359
21
-80.5404770155478928
0
LINE
8
User.Drawings
6
CONTINUOUS
10
75.030622453768359
20
-80.5404770155478928
11
75.0300892047852841
21
-80.5533187000747546
0
LINE
8
User.Drawings
6
CONTINUOUS
10
75.0300892047852841
20
-80.5533187000747546
11
74.9175509407111093
21
-81.3540637308132517
0
LINE
8
User.Drawings
6
CONTINUOUS
10
74.9175509407111093
20
-81.3540637308132517
11
75.7182977198069267
21
-81.4666019948874123
0
LINE
8
User.Drawings
6
CONTINUOUS
10
75.7182977198069267
20
-81.4666019948874123
11
75.7307888586908007
21
-81.4696292755896962
0
LINE
8
User.Drawings
6
CONTINUOUS
10
75.7307888586908007
20
-81.4696292755896962
11
75.7528303994437096
21
-81.4826134512382509
0
LINE
8
User.Drawings
6
CONTINUOUS
10
75.7528303994437096
20
-81.4826134512382509
11
75.7682255598387115
21
-81.503043006540679
0
LINE
8
User.Drawings
6
CONTINUOUS
10
75.7682255598387115
20
-81.503043006540679
11
75.7746315410649061
21
-81.527810236357908
0
LINE
8
User.Drawings
6
CONTINUOUS
10
75.7746315410649061
20
-81.527810236357908
11
75.7710710113795329
21
-81.553143059768658
0
LINE
8
User.Drawings
6
CONTINUOUS
10
75.7710710113795329
20
-81.553143059768658
11
75.7580868357309782
21
-81.5751846005215668
0
LINE
8
User.Drawings
6
CONTINUOUS
10
75.7580868357309782
20
-81.5751846005215668
11
75.7376572804285502
21
-81.5905797609165546
0
LINE
8
User.Drawings
6
CONTINUOUS
10
75.7376572804285502
20
-81.5905797609165546
11
75.7128900506113354
21
-81.5969857421427491
0
LINE
8
User.Drawings
6
CONTINUOUS
10
75.7128900506113354
20
-81.5969857421427491
11
75.7000483660844736
21
-81.5964524931596742
0
LINE
8
User.Drawings
6
CONTINUOUS
10
75.7000483660844736
20
-81.5964524931596742
11
74.8343772120311996
21
-81.474790426402933
0
LINE
8
User.Drawings
6
CONTINUOUS
10
74.8343772120311996
20
-81.474790426402933
11
74.8218860731473114
21
-81.4717631457006632
0
LINE
8
User.Drawings
6
CONTINUOUS
10
74.8218860731473114
20
-81.4717631457006632
11
74.7998445323944026
21
-81.4587789700520943
0
LINE
8
User.Drawings
6
CONTINUOUS
10
74.7998445323944026
20
-81.4587789700520943
11
74.7844493719994148
21
-81.4383494147496663
0
LINE
8
User.Drawings
6
CONTINUOUS
10
74.7844493719994148
20
-81.4383494147496663
11
74.7780433907732203
21
-81.4135821849324515
0
LINE
8
User.Drawings
6
CONTINUOUS
10
74.7780433907732203
20
-81.4135821849324515
11
74.7785766397562952
21
-81.4007405004055897
0
LINE
8
User.Drawings
6
CONTINUOUS
10
74.7785766397562952
20
-81.4007405004055897
11
74.9002387065130222
21
-80.5350693463523157
0
LINE
8
User.Drawings
6
CONTINUOUS
10
74.9002387065130222
20
-80.5350693463523157
11
74.9032659872153062
21
-80.5225782074684275
0
LINE
8
User.Drawings
6
CONTINUOUS
10
74.9032659872153062
20
-80.5225782074684275
11
74.9162501628638609
21
-80.5005366667155329
0
LINE
8
User.Drawings
6
CONTINUOUS
10
74.9162501628638609
20
-80.5005366667155329
11
74.9366797181663031
21
-80.4851415063205309
0
LINE
8
User.Drawings
6
CONTINUOUS
10
74.9366797181663031
20
-80.4851415063205309
11
74.9614469479835179
21
-80.4787355250943222
0
LINE
8
User.Drawings
6
CONTINUOUS
10
74.9614469479835179
20
-80.4787355250943222
11
74.9867797713942679
21
-80.4822960547796953
0
LINE
8
User.Drawings
6
CONTINUOUS
10
87.8096222513977835
20
-70.8071506392223711
11
88.6752934054510717
21
-70.9288127059791123
0
LINE
8
User.Drawings
6
CONTINUOUS
10
88.6752934054510717
20
-70.9288127059791123
11
88.6877845443349457
21
-70.931839986681382
0
LINE
8
User.Drawings
6
CONTINUOUS
10
88.6877845443349457
20
-70.931839986681382
11
88.7098260850878546
21
-70.9448241623299367
0
LINE
8
User.Drawings
6
CONTINUOUS
10
88.7098260850878546
20
-70.9448241623299367
11
88.7252212454828566
21
-70.965253717632379
0
LINE
8
User.Drawings
6
CONTINUOUS
10
88.7252212454828566
20
-70.965253717632379
11
88.7316272267090511
21
-70.9900209474495938
0
LINE
8
User.Drawings
6
CONTINUOUS
10
88.7316272267090511
20
-70.9900209474495938
11
88.7310939777259762
21
-71.0028626319764555
0
LINE
8
User.Drawings
6
CONTINUOUS
10
88.7310939777259762
20
-71.0028626319764555
11
88.609431910969235
21
-71.8685337860297295
0
LINE
8
User.Drawings
6
CONTINUOUS
10
88.609431910969235
20
-71.8685337860297295
11
88.6064046302669652
21
-71.8810249249136177
0
LINE
8
User.Drawings
6
CONTINUOUS
10
88.6064046302669652
20
-71.8810249249136177
11
88.5934204546183963
21
-71.9030664656665124
0
LINE
8
User.Drawings
6
CONTINUOUS
10
88.5934204546183963
20
-71.9030664656665124
11
88.5729908993159682
21
-71.9184616260615144
0
LINE
8
User.Drawings
6
CONTINUOUS
10
88.5729908993159682
20
-71.9184616260615144
11
88.5482236694987535
21
-71.9248676072877231
0
LINE
8
User.Drawings
6
CONTINUOUS
10
88.5482236694987535
20
-71.9248676072877231
11
88.5228908460880035
21
-71.92130707760235
0
LINE
8
User.Drawings
6
CONTINUOUS
10
88.5228908460880035
20
-71.92130707760235
11
88.5008493053350946
21
-71.9083229019537811
0
LINE
8
User.Drawings
6
CONTINUOUS
10
88.5008493053350946
20
-71.9083229019537811
11
88.4854541449401069
21
-71.887893346651353
0
LINE
8
User.Drawings
6
CONTINUOUS
10
88.4854541449401069
20
-71.887893346651353
11
88.4790481637138981
21
-71.8631261168341524
0
LINE
8
User.Drawings
6
CONTINUOUS
10
88.4790481637138981
20
-71.8631261168341524
11
88.4795814126969873
21
-71.8502844323072907
0
LINE
8
User.Drawings
6
CONTINUOUS
10
88.4795814126969873
20
-71.8502844323072907
11
88.5921188025924948
21
-71.0495385273901405
0
LINE
8
User.Drawings
6
CONTINUOUS
10
88.5921188025924948
20
-71.0495385273901405
11
87.7913728976753447
21
-70.9370011374946188
0
LINE
8
User.Drawings
6
CONTINUOUS
10
87.7913728976753447
20
-70.9370011374946188
11
87.7788817587914565
21
-70.933973856792349
0
LINE
8
User.Drawings
6
CONTINUOUS
10
87.7788817587914565
20
-70.933973856792349
11
87.7568402180385618
21
-70.9209896811437943
0
LINE
8
User.Drawings
6
CONTINUOUS
10
87.7568402180385618
20
-70.9209896811437943
11
87.7414450576435598
21
-70.900560125841352
0
LINE
8
User.Drawings
6
CONTINUOUS
10
87.7414450576435598
20
-70.900560125841352
11
87.7350390764173653
21
-70.8757928960241372
0
LINE
8
User.Drawings
6
CONTINUOUS
10
87.7350390764173653
20
-70.8757928960241372
11
87.73859960610271
21
-70.8504600726133873
0
LINE
8
User.Drawings
6
CONTINUOUS
10
87.73859960610271
20
-70.8504600726133873
11
87.7515837817512789
21
-70.8284185318604784
0
LINE
8
User.Drawings
6
CONTINUOUS
10
87.7515837817512789
20
-70.8284185318604784
11
87.772013337053707
21
-70.8130233714654906
0
LINE
8
User.Drawings
6
CONTINUOUS
10
87.772013337053707
20
-70.8130233714654906
11
87.796780566870936
21
-70.8066173902392961
0
LINE
8
User.Drawings
6
CONTINUOUS
10
87.796780566870936
20
-70.8066173902392961
11
87.8096222513977835
21
-70.8071506392223711
0
LINE
8
User.Drawings
6
CONTINUOUS
10
76.5558963745265544
20
-69.2255428972061821
11
77.4215675285798426
21
-69.3472049639629091
0
LINE
8
User.Drawings
6
CONTINUOUS
10
77.4215675285798426
20
-69.3472049639629091
11
77.4340586674637166
21
-69.3502322446651931
0
LINE
8
User.Drawings
6
CONTINUOUS
10
77.4340586674637166
20
-69.3502322446651931
11
77.4561002082166397
21
-69.363216420313762
0
LINE
8
User.Drawings
6
CONTINUOUS
10
77.4561002082166397
20
-69.363216420313762
11
77.4714953686116274
21
-69.3836459756161901
0
LINE
8
User.Drawings
6
CONTINUOUS
10
77.4714953686116274
20
-69.3836459756161901
11
77.477901349837822
21
-69.4084132054334049
0
LINE
8
User.Drawings
6
CONTINUOUS
10
77.477901349837822
20
-69.4084132054334049
11
77.474340820152463
21
-69.4337460288441406
0
LINE
8
User.Drawings
6
CONTINUOUS
10
77.474340820152463
20
-69.4337460288441406
11
77.4613566445039083
21
-69.4557875695970495
0
LINE
8
User.Drawings
6
CONTINUOUS
10
77.4613566445039083
20
-69.4557875695970495
11
77.4409270892014661
21
-69.4711827299920373
0
LINE
8
User.Drawings
6
CONTINUOUS
10
77.4409270892014661
20
-69.4711827299920373
11
77.4161598593842513
21
-69.477588711218246
0
LINE
8
User.Drawings
6
CONTINUOUS
10
77.4161598593842513
20
-69.477588711218246
11
77.4033181748573895
21
-69.477055462235171
0
LINE
8
User.Drawings
6
CONTINUOUS
10
77.4033181748573895
20
-69.477055462235171
11
76.6025722699402536
21
-69.3645171981609963
0
LINE
8
User.Drawings
6
CONTINUOUS
10
76.6025722699402536
20
-69.3645171981609963
11
76.490034880044746
21
-70.1652639772567994
0
LINE
8
User.Drawings
6
CONTINUOUS
10
76.490034880044746
20
-70.1652639772567994
11
76.4870075993424621
21
-70.1777551161406876
0
LINE
8
User.Drawings
6
CONTINUOUS
10
76.4870075993424621
20
-70.1777551161406876
11
76.4740234236938932
21
-70.1997966568935965
0
LINE
8
User.Drawings
6
CONTINUOUS
10
76.4740234236938932
20
-70.1997966568935965
11
76.4535938683914651
21
-70.2151918172885843
0
LINE
8
User.Drawings
6
CONTINUOUS
10
76.4535938683914651
20
-70.2151918172885843
11
76.4288266385742361
21
-70.221597798514793
0
LINE
8
User.Drawings
6
CONTINUOUS
10
76.4288266385742361
20
-70.221597798514793
11
76.4034938151635004
21
-70.2180372688294341
0
LINE
8
User.Drawings
6
CONTINUOUS
10
76.4034938151635004
20
-70.2180372688294341
11
76.3814522744105915
21
-70.2050530931808652
0
LINE
8
User.Drawings
6
CONTINUOUS
10
76.3814522744105915
20
-70.2050530931808652
11
76.3660571140155895
21
-70.1846235378784371
0
LINE
8
User.Drawings
6
CONTINUOUS
10
76.3660571140155895
20
-70.1846235378784371
11
76.359651132789395
21
-70.1598563080612223
0
LINE
8
User.Drawings
6
CONTINUOUS
10
76.359651132789395
20
-70.1598563080612223
11
76.3601843817724699
21
-70.1470146235343606
0
LINE
8
User.Drawings
6
CONTINUOUS
10
76.3601843817724699
20
-70.1470146235343606
11
76.4818464485292111
21
-69.2813434694810866
0
LINE
8
User.Drawings
6
CONTINUOUS
10
76.4818464485292111
20
-69.2813434694810866
11
76.4848737292314951
21
-69.2688523305971984
0
LINE
8
User.Drawings
6
CONTINUOUS
10
76.4848737292314951
20
-69.2688523305971984
11
76.497857904880064
21
-69.2468107898443037
0
LINE
8
User.Drawings
6
CONTINUOUS
10
76.497857904880064
20
-69.2468107898443037
11
76.5182874601824778
21
-69.2314156294493017
0
LINE
8
User.Drawings
6
CONTINUOUS
10
76.5182874601824778
20
-69.2314156294493017
11
76.5430546899996926
21
-69.225009648223093
0
LINE
8
User.Drawings
6
CONTINUOUS
10
76.5430546899996926
20
-69.225009648223093
11
76.5558963745265544
21
-69.2255428972061821
0
LINE
8
User.Drawings
6
CONTINUOUS
10
74.6772733198304621
20
-66.732526099426039
11
91.1108486915008058
21
-69.0421139888147053
0
LINE
8
User.Drawings
6
CONTINUOUS
10
91.1108486915008058
20
-69.0421139888147053
11
91.112579565249149
21
-69.0349754458707849
0
LINE
8
User.Drawings
6
CONTINUOUS
10
91.112579565249149
20
-69.0349754458707849
11
91.1255637408977179
21
-69.0129339051178761
0
LINE
8
User.Drawings
6
CONTINUOUS
10
91.1255637408977179
20
-69.0129339051178761
11
91.1459932962001318
21
-68.9975387447228883
0
LINE
8
User.Drawings
6
CONTINUOUS
10
91.1459932962001318
20
-68.9975387447228883
11
91.1707605260173608
21
-68.9911327634966938
0
LINE
8
User.Drawings
6
CONTINUOUS
10
91.1707605260173608
20
-68.9911327634966938
11
91.1836022105442225
21
-68.9916660124797687
0
LINE
8
User.Drawings
6
CONTINUOUS
10
91.1836022105442225
20
-68.9916660124797687
11
107.6746390939449611
21
-71.3093295643367071
0
LINE
8
User.Drawings
6
CONTINUOUS
10
107.6746390939449611
20
-71.3093295643367071
11
107.6747308827043383
21
-71.3093514188032458
0
LINE
8
User.Drawings
6
CONTINUOUS
10
107.6747308827043383
20
-71.3093514188032458
11
124.122398014386448
21
-73.6209201970372362
0
LINE
8
User.Drawings
6
CONTINUOUS
10
124.122398014386448
20
-73.6209201970372362
11
124.1348891532703362
21
-73.623947477739506
0
LINE
8
User.Drawings
6
CONTINUOUS
10
124.1348891532703362
20
-73.623947477739506
11
124.1569306940232451
21
-73.6369316533880749
0
LINE
8
User.Drawings
6
CONTINUOUS
10
124.1569306940232451
20
-73.6369316533880749
11
124.1723258544182471
21
-73.657361208690503
0
LINE
8
User.Drawings
6
CONTINUOUS
10
124.1723258544182471
20
-73.657361208690503
11
124.1753164196167631
21
-73.6689248440152937
0
LINE
8
User.Drawings
6
CONTINUOUS
10
124.1753164196167631
20
-73.6689248440152937
11
140.450132204702868
21
-75.9562010714448803
0
LINE
8
User.Drawings
6
CONTINUOUS
10
140.450132204702868
20
-75.9562010714448803
11
140.4626233435867277
21
-75.9592283521471643
0
LINE
8
User.Drawings
6
CONTINUOUS
10
140.4626233435867277
20
-75.9592283521471643
11
140.4846648843396508
21
-75.9722125277957332
0
LINE
8
User.Drawings
6
CONTINUOUS
10
140.4846648843396508
20
-75.9722125277957332
11
140.5000600447346528
21
-75.9926420830981613
0
LINE
8
User.Drawings
6
CONTINUOUS
10
140.5000600447346528
20
-75.9926420830981613
11
140.5011973511723227
21
-75.9970409501192137
0
LINE
8
User.Drawings
6
CONTINUOUS
10
140.5011973511723227
20
-75.9970409501192137
11
140.5064651517821801
21
-76.0174093129153761
0
LINE
8
User.Drawings
6
CONTINUOUS
10
140.5064651517821801
20
-76.0174093129153761
11
140.5059327769777724
21
-76.0302509974422236
0
LINE
8
User.Drawings
6
CONTINUOUS
10
140.5059327769777724
20
-76.0302509974422236
11
138.1976614006522652
21
-92.4544569222263419
0
LINE
8
User.Drawings
6
CONTINUOUS
10
138.1976614006522652
20
-92.4544569222263419
11
139.798420648768797
21
-92.6794294231140583
0
LINE
8
User.Drawings
6
CONTINUOUS
10
139.798420648768797
20
-92.6794294231140583
11
139.8145212713430396
21
-92.6850521402601828
0
LINE
8
User.Drawings
6
CONTINUOUS
10
139.8145212713430396
20
-92.6850521402601828
11
139.8198930992135445
21
-92.6921810672388489
0
LINE
8
User.Drawings
6
CONTINUOUS
10
139.8198930992135445
20
-92.6921810672388489
11
139.8677543808912276
21
-92.6989078720335442
0
LINE
8
User.Drawings
6
CONTINUOUS
10
139.8677543808912276
20
-92.6989078720335442
11
139.8802455197751158
21
-92.7019351527358282
0
LINE
8
User.Drawings
6
CONTINUOUS
10
139.8802455197751158
20
-92.7019351527358282
11
139.9022870605280389
21
-92.7149193283843971
0
LINE
8
User.Drawings
6
CONTINUOUS
10
139.9022870605280389
20
-92.7149193283843971
11
139.9176822209230409
21
-92.7353488836868252
0
LINE
8
User.Drawings
6
CONTINUOUS
10
139.9176822209230409
20
-92.7353488836868252
11
139.9226886421133145
21
-92.7547084443084486
0
LINE
8
User.Drawings
6
CONTINUOUS
10
139.9226886421133145
20
-92.7547084443084486
11
139.9240873279705681
21
-92.7601161135040542
0
LINE
8
User.Drawings
6
CONTINUOUS
10
139.9240873279705681
20
-92.7601161135040542
11
139.9235549531661604
21
-92.7729577980309017
0
LINE
8
User.Drawings
6
CONTINUOUS
10
139.9235549531661604
20
-92.7729577980309017
11
137.6224404775364292
21
-109.1462401932885911
0
LINE
8
User.Drawings
6
CONTINUOUS
10
137.6224404775364292
20
-109.1462401932885911
11
141.5987776137866092
21
-109.7050781341227434
0
LINE
8
User.Drawings
6
CONTINUOUS
10
141.5987776137866092
20
-109.7050781341227434
11
141.6148738654675299
21
-109.7106991029115477
0
LINE
8
User.Drawings
6
CONTINUOUS
10
141.6148738654675299
20
-109.7106991029115477
11
141.6148782363608518
21
-109.7106999770902007
0
LINE
8
User.Drawings
6
CONTINUOUS
10
141.6148782363608518
20
-109.7106999770902007
11
141.6235291083879417
21
-109.722181439620897
0
LINE
8
User.Drawings
6
CONTINUOUS
10
141.6235291083879417
20
-109.722181439620897
11
141.6350114450972626
21
-109.7374174994996281
0
LINE
8
User.Drawings
6
CONTINUOUS
10
141.6350114450972626
20
-109.7374174994996281
11
141.6350105709186096
21
-109.7374218703929216
0
LINE
8
User.Drawings
6
CONTINUOUS
10
141.6350105709186096
20
-109.7374218703929216
11
141.635977412517434
21
-109.7544438772756337
0
LINE
8
User.Drawings
6
CONTINUOUS
10
141.635977412517434
20
-109.7544438772756337
11
141.6341748561189036
21
-109.7672637073359709
0
LINE
8
User.Drawings
6
CONTINUOUS
10
141.6341748561189036
20
-109.7672637073359709
11
141.6427767741409696
21
-109.7723304468538572
0
LINE
8
User.Drawings
6
CONTINUOUS
10
141.6427767741409696
20
-109.7723304468538572
11
141.6581719345359716
21
-109.7927600021562853
0
LINE
8
User.Drawings
6
CONTINUOUS
10
141.6581719345359716
20
-109.7927600021562853
11
141.6631783557262736
21
-109.812119562777923
0
LINE
8
User.Drawings
6
CONTINUOUS
10
141.6631783557262736
20
-109.812119562777923
11
141.6645770415834988
21
-109.8175272319735143
0
LINE
8
User.Drawings
6
CONTINUOUS
10
141.6645770415834988
20
-109.8175272319735143
11
141.6640446667790911
21
-109.830368916500376
0
LINE
8
User.Drawings
6
CONTINUOUS
10
141.6640446667790911
20
-109.830368916500376
11
139.3684672387867636
21
-126.1642529536953674
0
LINE
8
User.Drawings
6
CONTINUOUS
10
139.3684672387867636
20
-126.1642529536953674
11
143.399134578804393
21
-126.7307268451314144
0
LINE
8
User.Drawings
6
CONTINUOUS
10
143.399134578804393
20
-126.7307268451314144
11
143.4152343271999825
21
-126.7363478139202329
0
LINE
8
User.Drawings
6
CONTINUOUS
10
143.4152343271999825
20
-126.7363478139202329
11
143.415236075557317
21
-126.7363486880988859
0
LINE
8
User.Drawings
6
CONTINUOUS
10
143.415236075557317
20
-126.7363486880988859
11
143.4353684101150748
21
-126.7630662105083132
0
LINE
8
User.Drawings
6
CONTINUOUS
10
143.4353684101150748
20
-126.7630662105083132
11
143.4363352517138992
21
-126.7800925882843188
0
LINE
8
User.Drawings
6
CONTINUOUS
10
143.4363352517138992
20
-126.7800925882843188
11
141.124754234978667
21
-143.2278462636538734
0
LINE
8
User.Drawings
6
CONTINUOUS
10
141.124754234978667
20
-143.2278462636538734
11
141.1191323920111813
21
-143.243946886228116
0
LINE
8
User.Drawings
6
CONTINUOUS
10
141.1191323920111813
20
-143.243946886228116
11
141.0924148696017539
21
-143.2640792207858738
0
LINE
8
User.Drawings
6
CONTINUOUS
10
141.0924148696017539
20
-143.2640792207858738
11
141.0924139954231009
21
-143.2640783466071923
0
LINE
8
User.Drawings
6
CONTINUOUS
10
141.0924139954231009
20
-143.2640783466071923
11
141.0924139954231009
21
-143.2640792207858738
0
LINE
8
User.Drawings
6
CONTINUOUS
10
141.0924139954231009
20
-143.2640792207858738
11
141.0753876176470669
21
-143.2650460623846982
0
LINE
8
User.Drawings
6
CONTINUOUS
10
141.0753876176470669
20
-143.2650460623846982
11
108.3102963587738117
21
-138.6602120587160982
0
LINE
8
User.Drawings
6
CONTINUOUS
10
108.3102963587738117
20
-138.6602120587160982
11
108.3061982092120559
21
-138.6893781555543796
0
LINE
8
User.Drawings
6
CONTINUOUS
10
108.3061982092120559
20
-138.6893781555543796
11
108.3031709285097861
21
-138.7018692944382678
0
LINE
8
User.Drawings
6
CONTINUOUS
10
108.3031709285097861
20
-138.7018692944382678
11
108.2901867528612172
21
-138.7239108351911625
0
LINE
8
User.Drawings
6
CONTINUOUS
10
108.2901867528612172
20
-138.7239108351911625
11
108.2697571975587891
21
-138.7393059955861645
0
LINE
8
User.Drawings
6
CONTINUOUS
10
108.2697571975587891
20
-138.7393059955861645
11
108.2449908419202416
21
-138.7457119768123448
0
LINE
8
User.Drawings
6
CONTINUOUS
10
108.2449908419202416
20
-138.7457119768123448
11
108.2449899677415743
21
-138.7457111026337202
0
LINE
8
User.Drawings
6
CONTINUOUS
10
108.2449899677415743
20
-138.7457111026337202
11
108.2449899677415743
21
-138.7457119768123448
0
LINE
8
User.Drawings
6
CONTINUOUS
10
108.2449899677415743
20
-138.7457119768123448
11
108.2449890935629071
21
-138.7457111026337202
0
LINE
8
User.Drawings
6
CONTINUOUS
10
108.2449890935629071
20
-138.7457111026337202
11
108.2321482832147126
21
-138.7451787278292841
0
LINE
8
User.Drawings
6
CONTINUOUS
10
108.2321482832147126
20
-138.7451787278292841
11
87.6183528345977862
21
-135.8480990694634158
0
LINE
8
User.Drawings
6
CONTINUOUS
10
87.6183528345977862
20
-135.8480990694634158
11
87.605861695713898
21
-135.8450717887611461
0
LINE
8
User.Drawings
6
CONTINUOUS
10
87.605861695713898
20
-135.8450717887611461
11
87.5925566964968425
21
-135.8372339028885847
0
LINE
8
User.Drawings
6
CONTINUOUS
10
87.5925566964968425
20
-135.8372339028885847
11
71.1511661675991149
21
-133.5265480451019755
0
LINE
8
User.Drawings
6
CONTINUOUS
10
71.1511661675991149
20
-133.5265480451019755
11
71.138675028715241
21
-133.5235207643997057
0
LINE
8
User.Drawings
6
CONTINUOUS
10
71.138675028715241
20
-133.5235207643997057
11
71.1166334879623179
21
-133.5105365887511368
0
LINE
8
User.Drawings
6
CONTINUOUS
10
71.1166334879623179
20
-133.5105365887511368
11
71.1012383275673159
21
-133.4901070334487088
0
LINE
8
User.Drawings
6
CONTINUOUS
10
71.1012383275673159
20
-133.4901070334487088
11
71.0948323463411356
21
-133.4653398036314798
0
LINE
8
User.Drawings
6
CONTINUOUS
10
71.0948323463411356
20
-133.4653398036314798
11
71.0953655953241963
21
-133.4524981191046322
0
LINE
8
User.Drawings
6
CONTINUOUS
10
71.0953655953241963
20
-133.4524981191046322
11
73.3954258114890337
21
-117.086712680041785
0
LINE
8
User.Drawings
6
CONTINUOUS
10
73.3954258114890337
20
-117.086712680041785
11
73.3853797503193448
21
-117.0733814554648973
0
LINE
8
User.Drawings
6
CONTINUOUS
10
73.3853797503193448
20
-117.0733814554648973
11
73.3789737690931503
21
-117.0486142256476825
0
LINE
8
User.Drawings
6
CONTINUOUS
10
73.3789737690931503
20
-117.0486142256476825
11
73.3795070180762252
21
-117.0357725411208207
0
LINE
8
User.Drawings
6
CONTINUOUS
10
73.3795070180762252
20
-117.0357725411208207
11
75.6846610732974199
21
-100.6337392838887439
0
LINE
8
User.Drawings
6
CONTINUOUS
10
75.6846610732974199
20
-100.6337392838887439
11
71.5327451530295662
21
-100.0502259019967539
0
LINE
8
User.Drawings
6
CONTINUOUS
10
71.5327451530295662
20
-100.0502259019967539
11
71.5202540141456922
21
-100.0471986212944842
0
LINE
8
User.Drawings
6
CONTINUOUS
10
71.5202540141456922
20
-100.0471986212944842
11
71.4982124733927833
21
-100.0342144456459152
0
LINE
8
User.Drawings
6
CONTINUOUS
10
71.4982124733927833
20
-100.0342144456459152
11
71.4828173129977813
21
-100.0137848903434872
0
LINE
8
User.Drawings
6
CONTINUOUS
10
71.4828173129977813
20
-100.0137848903434872
11
71.476411331771601
21
-99.9890176605262724
0
LINE
8
User.Drawings
6
CONTINUOUS
10
71.476411331771601
20
-99.9890176605262724
11
71.4769445807546617
21
-99.9761759759994106
0
LINE
8
User.Drawings
6
CONTINUOUS
10
71.4769445807546617
20
-99.9761759759994106
11
73.7846136479829227
21
-83.5562491557598293
0
LINE
8
User.Drawings
6
CONTINUOUS
10
73.7846136479829227
20
-83.5562491557598293
11
72.3413604142510707
21
-83.3534134810990395
0
LINE
8
User.Drawings
6
CONTINUOUS
10
72.3413604142510707
20
-83.3534134810990395
11
72.3288692753671825
21
-83.3503862003967555
0
LINE
8
User.Drawings
6
CONTINUOUS
10
72.3288692753671825
20
-83.3503862003967555
11
72.3068277346142736
21
-83.3374020247481866
0
LINE
8
User.Drawings
6
CONTINUOUS
10
72.3068277346142736
20
-83.3374020247481866
11
72.2914325742192858
21
-83.3169724694457585
0
LINE
8
User.Drawings
6
CONTINUOUS
10
72.2914325742192858
20
-83.3169724694457585
11
72.2850265929930771
21
-83.2922052396285437
0
LINE
8
User.Drawings
6
CONTINUOUS
10
72.2850265929930771
20
-83.2922052396285437
11
72.2855598419761662
21
-83.279363555101682
0
LINE
8
User.Drawings
6
CONTINUOUS
10
72.2855598419761662
20
-83.279363555101682
11
74.6032233938331188
21
-66.7883266717009576
0
LINE
8
User.Drawings
6
CONTINUOUS
10
74.6032233938331188
20
-66.7883266717009576
11
74.6062506745353886
21
-66.7758355328170694
0
LINE
8
User.Drawings
6
CONTINUOUS
10
74.6062506745353886
20
-66.7758355328170694
11
74.6192348501839575
21
-66.7537939920641605
0
LINE
8
User.Drawings
6
CONTINUOUS
10
74.6192348501839575
20
-66.7537939920641605
11
74.6396644054863856
21
-66.7383988316691585
0
LINE
8
User.Drawings
6
CONTINUOUS
10
74.6396644054863856
20
-66.7383988316691585
11
74.6644316353036004
21
-66.7319928504429782
0
LINE
8
User.Drawings
6
CONTINUOUS
10
74.6644316353036004
20
-66.7319928504429782
11
74.6772733198304621
21
-66.732526099426039
0
LINE
8
User.Drawings
6
CONTINUOUS
10
108.3224631773745301
20
-138.5736456426537018
11
141.0442703540379625
21
-143.1723962370219283
0
LINE
8
User.Drawings
6
CONTINUOUS
10
141.0442703540379625
20
-143.1723962370219283
11
143.3436854263511293
21
-126.8112098518934516
0
LINE
8
User.Drawings
6
CONTINUOUS
10
143.3436854263511293
20
-126.8112098518934516
11
139.3563012943646982
21
-126.2508193697577639
0
LINE
8
User.Drawings
6
CONTINUOUS
10
139.3563012943646982
20
-126.2508193697577639
11
139.3463811149221385
21
-126.3214057999010862
0
LINE
8
User.Drawings
6
CONTINUOUS
10
139.3463811149221385
20
-126.3214057999010862
11
139.3433538342198688
21
-126.3338969387849744
0
LINE
8
User.Drawings
6
CONTINUOUS
10
139.3433538342198688
20
-126.3338969387849744
11
139.3303696585712999
21
-126.3559384795378975
0
LINE
8
User.Drawings
6
CONTINUOUS
10
139.3303696585712999
20
-126.3559384795378975
11
139.3099401032688434
21
-126.3713336399328995
0
LINE
8
User.Drawings
6
CONTINUOUS
10
139.3099401032688434
20
-126.3713336399328995
11
139.2851728734516428
21
-126.3777396211590798
0
LINE
8
User.Drawings
6
CONTINUOUS
10
139.2851728734516428
20
-126.3777396211590798
11
139.2851632574864027
21
-126.3777378728017595
0
LINE
8
User.Drawings
6
CONTINUOUS
10
139.2851632574864027
20
-126.3777378728017595
11
139.2723311889247952
21
-126.3772063721760048
0
LINE
8
User.Drawings
6
CONTINUOUS
10
139.2723311889247952
20
-126.3772063721760048
11
122.9354898053203726
21
-124.0812128351411303
0
LINE
8
User.Drawings
6
CONTINUOUS
10
122.9354898053203726
20
-124.0812128351411303
11
122.9285033694634279
21
-124.0830206366116215
0
LINE
8
User.Drawings
6
CONTINUOUS
10
122.9285033694634279
20
-124.0830206366116215
11
122.9284937534981594
21
-124.083018888254287
0
LINE
8
User.Drawings
6
CONTINUOUS
10
122.9284937534981594
20
-124.083018888254287
11
122.9156616849365662
21
-124.0824873876285466
0
LINE
8
User.Drawings
6
CONTINUOUS
10
122.9156616849365662
20
-124.0824873876285466
11
110.6022730448624003
21
-122.3519536947832194
0
LINE
8
User.Drawings
6
CONTINUOUS
10
110.6022730448624003
20
-122.3519536947832194
11
108.3224631773745301
21
-138.5736456426537018
0
LINE
8
User.Drawings
6
CONTINUOUS
10
87.7315196331290537
20
-135.6797777166875676
11
108.148763877477549
21
-138.5492342035514355
0
LINE
8
User.Drawings
6
CONTINUOUS
10
108.148763877477549
20
-138.5492342035514355
11
110.4285746191440722
21
-122.3275413815022858
0
LINE
8
User.Drawings
6
CONTINUOUS
10
110.4285746191440722
20
-122.3275413815022858
11
106.4250365396850668
21
-121.7648815315632049
0
LINE
8
User.Drawings
6
CONTINUOUS
10
106.4250365396850668
20
-121.7648815315632049
11
106.4246309207864556
21
-121.7648649221686554
0
LINE
8
User.Drawings
6
CONTINUOUS
10
106.4246309207864556
20
-121.7648649221686554
11
90.0113242555449631
21
-119.458125106856798
0
LINE
8
User.Drawings
6
CONTINUOUS
10
90.0113242555449631
20
-119.458125106856798
11
87.7315196331290537
21
-135.6797777166875676
0
LINE
8
User.Drawings
6
CONTINUOUS
10
71.2404827497283293
20
-133.3621132906519335
11
87.578817230485356
21
-135.6583166305653947
0
LINE
8
User.Drawings
6
CONTINUOUS
10
87.578817230485356
20
-135.6583166305653947
11
89.861198931593222
21
-119.4183298716821184
0
LINE
8
User.Drawings
6
CONTINUOUS
10
89.861198931593222
20
-119.4183298716821184
11
73.5228635766575422
21
-117.1221274059473103
0
LINE
8
User.Drawings
6
CONTINUOUS
10
73.5228635766575422
20
-117.1221274059473103
11
71.2404827497283293
21
-133.3621132906519335
0
LINE
8
User.Drawings
6
CONTINUOUS
10
122.999395762138036
20
-123.9577796824176517
11
139.225654419332443
21
-126.2382311970425377
0
LINE
8
User.Drawings
6
CONTINUOUS
10
139.225654419332443
20
-126.2382311970425377
11
139.226450796092422
21
-126.2325700160353108
0
LINE
8
User.Drawings
6
CONTINUOUS
10
139.226450796092422
20
-126.2325700160353108
11
123.0001912647193478
21
-123.9521185014104532
0
LINE
8
User.Drawings
6
CONTINUOUS
10
123.0001912647193478
20
-123.9521185014104532
11
122.999395762138036
21
-123.9577796824176517
0
LINE
8
User.Drawings
6
CONTINUOUS
10
123.0123572091414275
20
-123.8655512111693895
11
139.2386167405144874
21
-126.1460027257942471
0
LINE
8
User.Drawings
6
CONTINUOUS
10
139.2386167405144874
20
-126.1460027257942471
11
141.5250694916456382
21
-109.8770448119140468
0
LINE
8
User.Drawings
6
CONTINUOUS
10
141.5250694916456382
20
-109.8770448119140468
11
137.5514222031346492
21
-109.3185845162613674
0
LINE
8
User.Drawings
6
CONTINUOUS
10
137.5514222031346492
20
-109.3185845162613674
11
137.5446831598387121
21
-109.3203285026896197
0
LINE
8
User.Drawings
6
CONTINUOUS
10
137.5446831598387121
20
-109.3203285026896197
11
137.5446735438734152
21
-109.3203267543322994
0
LINE
8
User.Drawings
6
CONTINUOUS
10
137.5446735438734152
20
-109.3203267543322994
11
137.5318414753118361
21
-109.3197952537065447
0
LINE
8
User.Drawings
6
CONTINUOUS
10
137.5318414753118361
20
-109.3197952537065447
11
125.2982635986095659
21
-107.6004781472576752
0
LINE
8
User.Drawings
6
CONTINUOUS
10
125.2982635986095659
20
-107.6004781472576752
11
123.0123572091414275
21
-123.8655512111693895
0
LINE
8
User.Drawings
6
CONTINUOUS
10
122.8644680342039663
20
-123.9388161247293567
11
122.8695452638657741
21
-123.9395303286952128
0
LINE
8
User.Drawings
6
CONTINUOUS
10
122.8695452638657741
20
-123.9395303286952128
11
122.8703407664470859
21
-123.9338691476880001
0
LINE
8
User.Drawings
6
CONTINUOUS
10
122.8703407664470859
20
-123.9338691476880001
11
122.8652644109639454
21
-123.933154943722144
0
LINE
8
User.Drawings
6
CONTINUOUS
10
122.8652644109639454
20
-123.933154943722144
11
122.8644680342039663
21
-123.9388161247293567
0
LINE
8
User.Drawings
6
CONTINUOUS
10
110.6205223985848392
20
-122.2221031965109717
11
122.7340580615888115
21
-123.9245486548067703
0
LINE
8
User.Drawings
6
CONTINUOUS
10
122.7340580615888115
20
-123.9245486548067703
11
122.7354139126916834
21
-123.9149064641783582
0
LINE
8
User.Drawings
6
CONTINUOUS
10
122.7354139126916834
20
-123.9149064641783582
11
110.6218782496877111
21
-122.2124592575252251
0
LINE
8
User.Drawings
6
CONTINUOUS
10
110.6218782496877111
20
-122.2124592575252251
11
110.6205223985848392
21
-122.2221031965109717
0
LINE
8
User.Drawings
6
CONTINUOUS
10
106.5213325642419449
20
-121.5478885334911041
11
122.7475798571137631
21
-123.8283391739372945
0
LINE
8
User.Drawings
6
CONTINUOUS
10
122.7475798571137631
20
-123.8283391739372945
11
125.033472259723311
21
-107.5633622696782936
0
LINE
8
User.Drawings
6
CONTINUOUS
10
125.033472259723311
20
-107.5633622696782936
11
108.8072249668514928
21
-105.282912503410742
0
LINE
8
User.Drawings
6
CONTINUOUS
10
108.8072249668514928
20
-105.282912503410742
11
106.5213325642419449
21
-121.5478885334911041
0
LINE
8
User.Drawings
6
CONTINUOUS
10
90.030294806662539
20
-119.2302249816341373
11
106.3484069124597369
21
-121.5235854925427503
0
LINE
8
User.Drawings
6
CONTINUOUS
10
106.3484069124597369
20
-121.5235854925427503
11
108.6342940699973525
21
-105.2586488005021295
0
LINE
8
User.Drawings
6
CONTINUOUS
10
108.6342940699973525
20
-105.2586488005021295
11
92.3161828383787935
21
-102.9652882895935306
0
LINE
8
User.Drawings
6
CONTINUOUS
10
92.3161828383787935
20
-102.9652882895935306
11
90.030294806662539
21
-119.2302249816341373
0
LINE
8
User.Drawings
6
CONTINUOUS
10
73.5394668519617341
20
-116.9125902776729902
11
89.8906185402431106
21
-119.2105952998063145
0
LINE
8
User.Drawings
6
CONTINUOUS
10
89.8906185402431106
20
-119.2105952998063145
11
92.179082776472697
21
-102.9273244587131728
0
LINE
8
User.Drawings
6
CONTINUOUS
10
92.179082776472697
20
-102.9273244587131728
11
88.076372624662838
21
-102.3507258300279688
0
LINE
8
User.Drawings
6
CONTINUOUS
10
88.076372624662838
20
-102.3507258300279688
11
88.0613909507743955
21
-102.362016721610587
0
LINE
8
User.Drawings
6
CONTINUOUS
10
88.0613909507743955
20
-102.362016721610587
11
88.0366237209571665
21
-102.3684227028367957
0
LINE
8
User.Drawings
6
CONTINUOUS
10
88.0366237209571665
20
-102.3684227028367957
11
88.0366141049919122
21
-102.3684209544794612
0
LINE
8
User.Drawings
6
CONTINUOUS
10
88.0366141049919122
20
-102.3684209544794612
11
88.0237820364303047
21
-102.3678894538537065
0
LINE
8
User.Drawings
6
CONTINUOUS
10
88.0237820364303047
20
-102.3678894538537065
11
75.8245471425954349
21
-100.653398687791011
0
LINE
8
User.Drawings
6
CONTINUOUS
10
75.8245471425954349
20
-100.653398687791011
11
73.5394668519617341
21
-116.9125902776729902
0
LINE
8
User.Drawings
6
CONTINUOUS
10
121.1314035941356764
20
-106.8285757672529712
11
125.1510248125957361
21
-107.3934971173874828
0
LINE
8
User.Drawings
6
CONTINUOUS
10
125.1510248125957361
20
-107.3934971173874828
11
137.492589979264153
21
-109.1279908395661522
0
LINE
8
User.Drawings
6
CONTINUOUS
10
137.492589979264153
20
-109.1279908395661522
11
139.7845797780326507
21
-92.8196336934445867
0
LINE
8
User.Drawings
6
CONTINUOUS
10
139.7845797780326507
20
-92.8196336934445867
11
123.4233933929041882
21
-90.5202186211314199
0
LINE
8
User.Drawings
6
CONTINUOUS
10
123.4233933929041882
20
-90.5202186211314199
11
121.1314035941356764
21
-106.8285757672529712
0
LINE
8
User.Drawings
6
CONTINUOUS
10
120.9926775599205229
20
-106.8090789605816013
11
120.9958018744541448
21
-106.8095186724479788
0
LINE
8
User.Drawings
6
CONTINUOUS
10
120.9958018744541448
20
-106.8095186724479788
11
123.288866038796769
21
-90.4935212048311968
0
LINE
8
User.Drawings
6
CONTINUOUS
10
123.288866038796769
20
-90.4935212048311968
11
123.2857408500844656
21
-90.4930814929648335
0
LINE
8
User.Drawings
6
CONTINUOUS
10
123.2857408500844656
20
-90.4930814929648335
11
120.9926775599205229
21
-106.8090789605816013
0
LINE
8
User.Drawings
6
CONTINUOUS
10
104.6374189802907892
20
-104.490158339810435
11
120.865629678434729
21
-106.7708843465347996
0
LINE
8
User.Drawings
6
CONTINUOUS
10
120.865629678434729
20
-106.7708843465347996
11
123.1558903518122037
21
-90.4748321392423804
0
LINE
8
User.Drawings
6
CONTINUOUS
10
123.1558903518122037
20
-90.4748321392423804
11
121.6231824157227379
21
-90.2594249012609282
0
LINE
8
User.Drawings
6
CONTINUOUS
10
121.6231824157227379
20
-90.2594249012609282
11
121.6106912768388497
21
-90.2563976205586442
0
LINE
8
User.Drawings
6
CONTINUOUS
10
121.6106912768388497
20
-90.2563976205586442
11
121.5886497360859408
21
-90.2434134449100753
0
LINE
8
User.Drawings
6
CONTINUOUS
10
121.5886497360859408
20
-90.2434134449100753
11
121.5732545756909531
21
-90.2229838896076473
0
LINE
8
User.Drawings
6
CONTINUOUS
10
121.5732545756909531
20
-90.2229838896076473
11
121.5702631363137556
21
-90.2114193801041893
0
LINE
8
User.Drawings
6
CONTINUOUS
10
121.5702631363137556
20
-90.2114193801041893
11
106.933270900382638
21
-88.1543248842019125
0
LINE
8
User.Drawings
6
CONTINUOUS
10
106.933270900382638
20
-88.1543248842019125
11
104.6374189802907892
21
-104.490158339810435
0
LINE
8
User.Drawings
6
CONTINUOUS
10
104.5477203820868226
20
-104.4775518093433391
11
104.5508525642283928
21
-104.4779923953883696
0
LINE
8
User.Drawings
6
CONTINUOUS
10
104.5508525642283928
20
-104.4779923953883696
11
106.8467044843202274
21
-88.1421580656011798
0
LINE
8
User.Drawings
6
CONTINUOUS
10
106.8467044843202274
20
-88.1421580656011798
11
106.8435714280000042
21
-88.1417183537348023
0
LINE
8
User.Drawings
6
CONTINUOUS
10
106.8435714280000042
20
-88.1417183537348023
11
104.5477203820868226
21
-104.4775518093433391
0
LINE
8
User.Drawings
6
CONTINUOUS
10
88.1896670532785976
20
-102.1785685812885873
11
104.3745945433913107
21
-104.4532111787125928
0
LINE
8
User.Drawings
6
CONTINUOUS
10
104.3745945433913107
20
-104.4532111787125928
11
106.670444715125825
21
-88.1173864648906573
0
LINE
8
User.Drawings
6
CONTINUOUS
10
106.670444715125825
20
-88.1173864648906573
11
105.2954482254063322
21
-87.9241440268532699
0
LINE
8
User.Drawings
6
CONTINUOUS
10
105.2954482254063322
20
-87.9241440268532699
11
105.2953555624682878
21
-87.9241212982080924
0
LINE
8
User.Drawings
6
CONTINUOUS
10
105.2953555624682878
20
-87.9241212982080924
11
90.4855189733704179
21
-85.8427351256800506
0
LINE
8
User.Drawings
6
CONTINUOUS
10
90.4855189733704179
20
-85.8427351256800506
11
88.1896670532785976
21
-102.1785685812885873
0
LINE
8
User.Drawings
6
CONTINUOUS
10
71.7391098869439361
20
-99.886941566664305
11
75.807763786487115
21
-100.4587540671817436
0
LINE
8
User.Drawings
6
CONTINUOUS
10
75.807763786487115
20
-100.4587540671817436
11
75.8077655348444353
21
-100.4587540671817436
0
LINE
8
User.Drawings
6
CONTINUOUS
10
75.8077655348444353
20
-100.4587540671817436
11
87.924029509448701
21
-102.1615832899096432
0
LINE
8
User.Drawings
6
CONTINUOUS
10
87.924029509448701
20
-102.1615832899096432
11
90.2151932093827895
21
-85.8591084919964658
0
LINE
8
User.Drawings
6
CONTINUOUS
10
90.2151932093827895
20
-85.8591084919964658
11
88.8578533802537152
21
-85.6683469729983784
0
LINE
8
User.Drawings
6
CONTINUOUS
10
88.8578533802537152
20
-85.6683469729983784
11
88.8452389821786568
21
-85.671610281939067
0
LINE
8
User.Drawings
6
CONTINUOUS
10
88.8452389821786568
20
-85.671610281939067
11
88.8452293662133883
21
-85.6716085335817468
0
LINE
8
User.Drawings
6
CONTINUOUS
10
88.8452293662133883
20
-85.6716085335817468
11
88.832397297651795
21
-85.6710770329560063
0
LINE
8
User.Drawings
6
CONTINUOUS
10
88.832397297651795
20
-85.6710770329560063
11
74.0294029049318567
21
-83.5906515827761609
0
LINE
8
User.Drawings
6
CONTINUOUS
10
74.0294029049318567
20
-83.5906515827761609
11
71.7391098869439361
21
-99.886941566664305
0
LINE
8
User.Drawings
6
CONTINUOUS
10
71.6159188817094901
20
-99.9294992064070726
11
71.6473613397804314
21
-99.9339181795373008
0
LINE
8
User.Drawings
6
CONTINUOUS
10
71.6473613397804314
20
-99.9339181795373008
11
71.6464609357598192
21
-99.9180588302734236
0
LINE
8
User.Drawings
6
CONTINUOUS
10
71.6464609357598192
20
-99.9180588302734236
11
73.9428364888694603
21
-83.5784856383540671
0
LINE
8
User.Drawings
6
CONTINUOUS
10
73.9428364888694603
20
-83.5784856383540671
11
73.9144641462551988
21
-83.5744985094822539
0
LINE
8
User.Drawings
6
CONTINUOUS
10
73.9144641462551988
20
-83.5744985094822539
11
71.6159188817094901
21
-99.9294992064070726
0
LINE
8
User.Drawings
6
CONTINUOUS
10
121.8732219897083127
20
-90.0957288277792401
11
123.2482193536064727
21
-90.2889721399952947
0
LINE
8
User.Drawings
6
CONTINUOUS
10
123.2482193536064727
20
-90.2889721399952947
11
123.2607104924903609
21
-90.2919994206975645
0
LINE
8
User.Drawings
6
CONTINUOUS
10
123.2607104924903609
20
-90.2919994206975645
11
123.2827520332432698
21
-90.3049835963461334
0
LINE
8
User.Drawings
6
CONTINUOUS
10
123.2827520332432698
20
-90.3049835963461334
11
123.2981471936382576
21
-90.3254131516485614
0
LINE
8
User.Drawings
6
CONTINUOUS
10
123.2981471936382576
20
-90.3254131516485614
11
123.2981471936382576
21
-90.3254140258272287
0
LINE
8
User.Drawings
6
CONTINUOUS
10
123.2981471936382576
20
-90.3254140258272287
11
123.3045523006857849
21
-90.3501803814657762
0
LINE
8
User.Drawings
6
CONTINUOUS
10
123.3045523006857849
20
-90.3501803814657762
11
123.3040907343528971
21
-90.3613025565668835
0
LINE
8
User.Drawings
6
CONTINUOUS
10
123.3040907343528971
20
-90.3613025565668835
11
124.9181462398999258
21
-90.5881440514313425
0
LINE
8
User.Drawings
6
CONTINUOUS
10
124.9181462398999258
20
-90.5881440514313425
11
138.0678109023799891
21
-92.4362075685039031
0
LINE
8
User.Drawings
6
CONTINUOUS
10
138.0678109023799891
20
-92.4362075685039031
11
140.366957601844291
21
-76.0769268928559228
0
LINE
8
User.Drawings
6
CONTINUOUS
10
140.366957601844291
20
-76.0769268928559228
11
124.1634826630858015
21
-73.7996774946654881
0
LINE
8
User.Drawings
6
CONTINUOUS
10
124.1634826630858015
20
-73.7996774946654881
11
121.8732219897083127
21
-90.0957288277792401
0
LINE
8
User.Drawings
6
CONTINUOUS
10
105.4254630692668115
20
-87.7841381950787252
11
106.8004604331649574
21
-87.9773815072947656
0
LINE
8
User.Drawings
6
CONTINUOUS
10
106.8004604331649574
20
-87.9773815072947656
11
106.800552221924363
21
-87.9774033617613043
0
LINE
8
User.Drawings
6
CONTINUOUS
10
106.800552221924363
20
-87.9774033617613043
11
121.5856600450660636
21
-90.0553146741127364
0
LINE
8
User.Drawings
6
CONTINUOUS
10
121.5856600450660636
20
-90.0553146741127364
11
123.8761882171137643
21
-73.7573567573398066
0
LINE
8
User.Drawings
6
CONTINUOUS
10
123.8761882171137643
20
-73.7573567573398066
11
107.7159903671358308
21
-71.486189020092425
0
LINE
8
User.Drawings
6
CONTINUOUS
10
107.7159903671358308
20
-71.486189020092425
11
105.4254630692668115
21
-87.7841381950787252
0
LINE
8
User.Drawings
6
CONTINUOUS
10
88.9308630336447266
20
-85.4918266985630595
11
90.2553792024188368
21
-85.6779751767682143
0
LINE
8
User.Drawings
6
CONTINUOUS
10
90.2553792024188368
20
-85.6779751767682143
11
90.2718146354201565
21
-85.6655906876809468
0
LINE
8
User.Drawings
6
CONTINUOUS
10
90.2718146354201565
20
-85.6655906876809468
11
90.2733086067514421
21
-85.6652043007128725
0
LINE
8
User.Drawings
6
CONTINUOUS
10
90.2733086067514421
20
-85.6652043007128725
11
90.2965818652373855
21
-85.6591847064547522
0
LINE
8
User.Drawings
6
CONTINUOUS
10
90.2965818652373855
20
-85.6591847064547522
11
90.3094235497642472
21
-85.6597179554378272
0
LINE
8
User.Drawings
6
CONTINUOUS
10
90.3094235497642472
20
-85.6597179554378272
11
105.2237428465771956
21
-87.755787706930974
0
LINE
8
User.Drawings
6
CONTINUOUS
10
105.2237428465771956
20
-87.755787706930974
11
107.5142701444462006
21
-71.4578394061233269
0
LINE
8
User.Drawings
6
CONTINUOUS
10
107.5142701444462006
20
-71.4578394061233269
11
91.2249534837350922
21
-69.1685263424141255
0
LINE
8
User.Drawings
6
CONTINUOUS
10
91.2249534837350922
20
-69.1685263424141255
11
88.9308630336447266
21
-85.4918266985630595
0
LINE
8
User.Drawings
6
CONTINUOUS
10
72.4275719137771858
20
-83.2110744664788768
11
88.7671013967634934
21
-85.5074456486952101
0
LINE
8
User.Drawings
6
CONTINUOUS
10
88.7671013967634934
20
-85.5074456486952101
11
91.0634786982304547
21
-69.1678715825972148
0
LINE
8
User.Drawings
6
CONTINUOUS
10
91.0634786982304547
20
-69.1678715825972148
11
74.7239492152441471
21
-66.8715004003808673
0
LINE
8
User.Drawings
6
CONTINUOUS
10
74.7239492152441471
20
-66.8715004003808673
11
72.4275719137771858
21
-83.2110744664788768
0
LINE
8
User.Drawings
6
CONTINUOUS
10
192.6658560180897553
20
-134.9243754589050752
11
192.6862855733922117
21
-134.9397706193000488
0
LINE
8
User.Drawings
6
CONTINUOUS
10
192.6862855733922117
20
-134.9397706193000488
11
192.6992697490407807
21
-134.9618121600529719
0
LINE
8
User.Drawings
6
CONTINUOUS
10
192.6992697490407807
20
-134.9618121600529719
11
192.7022970297430504
21
-134.9743032989368601
0
LINE
8
User.Drawings
6
CONTINUOUS
10
192.7022970297430504
20
-134.9743032989368601
11
192.8148344196385722
21
-135.7750492038540244
0
LINE
8
User.Drawings
6
CONTINUOUS
10
192.8148344196385722
20
-135.7750492038540244
11
193.6155803245556797
21
-135.6625118139585027
0
LINE
8
User.Drawings
6
CONTINUOUS
10
193.6155803245556797
20
-135.6625118139585027
11
193.6284220090825556
21
-135.6619785649754135
0
LINE
8
User.Drawings
6
CONTINUOUS
10
193.6284220090825556
20
-135.6619785649754135
11
193.6531892388997562
21
-135.6683845462016222
0
LINE
8
User.Drawings
6
CONTINUOUS
10
193.6531892388997562
20
-135.6683845462016222
11
193.6736187942022127
21
-135.6837797065965958
0
LINE
8
User.Drawings
6
CONTINUOUS
10
193.6736187942022127
20
-135.6837797065965958
11
193.6866029698507816
21
-135.7058212473495189
0
LINE
8
User.Drawings
6
CONTINUOUS
10
193.6866029698507816
20
-135.7058212473495189
11
193.6901634995361121
21
-135.731154070760283
0
LINE
8
User.Drawings
6
CONTINUOUS
10
193.6901634995361121
20
-135.731154070760283
11
193.6837575183099318
21
-135.7559213005774836
0
LINE
8
User.Drawings
6
CONTINUOUS
10
193.6837575183099318
20
-135.7559213005774836
11
193.6683623579149582
21
-135.7763508558798833
0
LINE
8
User.Drawings
6
CONTINUOUS
10
193.6683623579149582
20
-135.7763508558798833
11
193.6463208171620352
21
-135.7893350315284806
0
LINE
8
User.Drawings
6
CONTINUOUS
10
193.6463208171620352
20
-135.7893350315284806
11
193.633829678278147
21
-135.7923623122307504
0
LINE
8
User.Drawings
6
CONTINUOUS
10
193.633829678278147
20
-135.7923623122307504
11
192.768158524224873
21
-135.9140243789874773
0
LINE
8
User.Drawings
6
CONTINUOUS
10
192.768158524224873
20
-135.9140243789874773
11
192.755316839697997
21
-135.9145576279705665
0
LINE
8
User.Drawings
6
CONTINUOUS
10
192.755316839697997
20
-135.9145576279705665
11
192.7305496098807964
21
-135.9081516467443578
0
LINE
8
User.Drawings
6
CONTINUOUS
10
192.7305496098807964
20
-135.9081516467443578
11
192.7101200545783684
21
-135.8927564863493558
0
LINE
8
User.Drawings
6
CONTINUOUS
10
192.7101200545783684
20
-135.8927564863493558
11
192.697135878929771
21
-135.8707149455964611
0
LINE
8
User.Drawings
6
CONTINUOUS
10
192.697135878929771
20
-135.8707149455964611
11
192.6941085982275297
21
-135.8582238067126013
0
LINE
8
User.Drawings
6
CONTINUOUS
10
192.6941085982275297
20
-135.8582238067126013
11
192.5724465314707743
21
-134.9925526526592989
0
LINE
8
User.Drawings
6
CONTINUOUS
10
192.5724465314707743
20
-134.9925526526592989
11
192.5719132824877136
21
-134.9797109681324514
0
LINE
8
User.Drawings
6
CONTINUOUS
10
192.5719132824877136
20
-134.9797109681324514
11
192.5783192637138939
21
-134.9549437383152224
0
LINE
8
User.Drawings
6
CONTINUOUS
10
192.5783192637138939
20
-134.9549437383152224
11
192.5937144241088959
21
-134.9345141830127943
0
LINE
8
User.Drawings
6
CONTINUOUS
10
192.5937144241088959
20
-134.9345141830127943
11
192.6157559648617905
21
-134.9215300073642254
0
LINE
8
User.Drawings
6
CONTINUOUS
10
192.6157559648617905
20
-134.9215300073642254
11
192.6410887882725547
21
-134.9179694776788949
0
LINE
8
User.Drawings
6
CONTINUOUS
10
192.6410887882725547
20
-134.9179694776788949
11
192.6658560180897553
21
-134.9243754589050752
0
LINE
8
User.Drawings
6
CONTINUOUS
10
204.7852530490142726
20
-133.2211056501321593
11
204.8056826043167007
21
-133.2365008105271613
0
LINE
8
User.Drawings
6
CONTINUOUS
10
204.8056826043167007
20
-133.2365008105271613
11
204.8186667799652696
21
-133.258542351280056
0
LINE
8
User.Drawings
6
CONTINUOUS
10
204.8186667799652696
20
-133.258542351280056
11
204.8216940606675394
21
-133.2710334901639442
0
LINE
8
User.Drawings
6
CONTINUOUS
10
204.8216940606675394
20
-133.2710334901639442
11
204.9433561274242948
21
-134.1367046442172182
0
LINE
8
User.Drawings
6
CONTINUOUS
10
204.9433561274242948
20
-134.1367046442172182
11
204.9438893764073555
21
-134.1495463287440657
0
LINE
8
User.Drawings
6
CONTINUOUS
10
204.9438893764073555
20
-134.1495463287440657
11
204.9374833951811752
21
-134.1743135585612947
0
LINE
8
User.Drawings
6
CONTINUOUS
10
204.9374833951811752
20
-134.1743135585612947
11
204.9220882347861732
21
-134.1947431138637228
0
LINE
8
User.Drawings
6
CONTINUOUS
10
204.9220882347861732
20
-134.1947431138637228
11
204.9000466940332501
21
-134.2077272895122917
0
LINE
8
User.Drawings
6
CONTINUOUS
10
204.9000466940332501
20
-134.2077272895122917
11
204.8875555551493619
21
-134.2107545702145615
0
LINE
8
User.Drawings
6
CONTINUOUS
10
204.8875555551493619
20
-134.2107545702145615
11
204.0218844010960879
21
-134.3324166369712884
0
LINE
8
User.Drawings
6
CONTINUOUS
10
204.0218844010960879
20
-134.3324166369712884
11
204.0090427165692404
21
-134.3329498859543776
0
LINE
8
User.Drawings
6
CONTINUOUS
10
204.0090427165692404
20
-134.3329498859543776
11
203.9842754867520114
21
-134.3265439047281689
0
LINE
8
User.Drawings
6
CONTINUOUS
10
203.9842754867520114
20
-134.3265439047281689
11
203.9638459314495833
21
-134.3111487443331669
0
LINE
8
User.Drawings
6
CONTINUOUS
10
203.9638459314495833
20
-134.3111487443331669
11
203.9508617558010144
21
-134.2891072035802722
0
LINE
8
User.Drawings
6
CONTINUOUS
10
203.9508617558010144
20
-134.2891072035802722
11
203.9473012261156555
21
-134.2637743801695365
0
LINE
8
User.Drawings
6
CONTINUOUS
10
203.9473012261156555
20
-134.2637743801695365
11
203.9537072073418642
21
-134.2390071503523359
0
LINE
8
User.Drawings
6
CONTINUOUS
10
203.9537072073418642
20
-134.2390071503523359
11
203.9691023677368662
21
-134.2185775950498794
0
LINE
8
User.Drawings
6
CONTINUOUS
10
203.9691023677368662
20
-134.2185775950498794
11
203.9911439084897609
21
-134.2055934194013389
0
LINE
8
User.Drawings
6
CONTINUOUS
10
203.9911439084897609
20
-134.2055934194013389
11
204.0036350473736491
21
-134.2025661386990407
0
LINE
8
User.Drawings
6
CONTINUOUS
10
204.0036350473736491
20
-134.2025661386990407
11
204.804380952290785
21
-134.0900278746248659
0
LINE
8
User.Drawings
6
CONTINUOUS
10
204.804380952290785
20
-134.0900278746248659
11
204.6918435623952917
21
-133.289282843886383
0
LINE
8
User.Drawings
6
CONTINUOUS
10
204.6918435623952917
20
-133.289282843886383
11
204.6913103134122025
21
-133.2764411593595355
0
LINE
8
User.Drawings
6
CONTINUOUS
10
204.6913103134122025
20
-133.2764411593595355
11
204.6977162946384112
21
-133.2516739295423065
0
LINE
8
User.Drawings
6
CONTINUOUS
10
204.6977162946384112
20
-133.2516739295423065
11
204.7131114550334132
21
-133.2312443742398784
0
LINE
8
User.Drawings
6
CONTINUOUS
10
204.7131114550334132
20
-133.2312443742398784
11
204.7351529957863079
21
-133.2182601985913095
0
LINE
8
User.Drawings
6
CONTINUOUS
10
204.7351529957863079
20
-133.2182601985913095
11
204.7604858191970436
21
-133.2146996689059506
0
LINE
8
User.Drawings
6
CONTINUOUS
10
204.7604858191970436
20
-133.2146996689059506
11
204.7852530490142726
21
-133.2211056501321593
0
LINE
8
User.Drawings
6
CONTINUOUS
10
191.9499194301268403
20
-123.5489875152771049
11
191.9703489854292684
21
-123.5643826756721069
0
LINE
8
User.Drawings
6
CONTINUOUS
10
191.9703489854292684
20
-123.5643826756721069
11
191.9833331610778373
21
-123.5864242164250157
0
LINE
8
User.Drawings
6
CONTINUOUS
10
191.9833331610778373
20
-123.5864242164250157
11
191.9868936907631962
21
-123.6117570398357657
0
LINE
8
User.Drawings
6
CONTINUOUS
10
191.9868936907631962
20
-123.6117570398357657
11
191.9804877095370159
21
-123.6365242696529663
0
LINE
8
User.Drawings
6
CONTINUOUS
10
191.9804877095370159
20
-123.6365242696529663
11
191.9650925491420139
21
-123.6569538249553943
0
LINE
8
User.Drawings
6
CONTINUOUS
10
191.9650925491420139
20
-123.6569538249553943
11
191.9430510083891193
21
-123.6699380006039632
0
LINE
8
User.Drawings
6
CONTINUOUS
10
191.9430510083891193
20
-123.6699380006039632
11
191.9305598695052311
21
-123.6729652813062472
0
LINE
8
User.Drawings
6
CONTINUOUS
10
191.9305598695052311
20
-123.6729652813062472
11
191.1298130904094137
21
-123.7855026712017548
0
LINE
8
User.Drawings
6
CONTINUOUS
10
191.1298130904094137
20
-123.7855026712017548
11
191.2423513544835885
21
-124.5862485761189049
0
LINE
8
User.Drawings
6
CONTINUOUS
10
191.2423513544835885
20
-124.5862485761189049
11
191.2428846034666492
21
-124.5990902606457666
0
LINE
8
User.Drawings
6
CONTINUOUS
10
191.2428846034666492
20
-124.5990902606457666
11
191.2364786222404689
21
-124.6238574904629814
0
LINE
8
User.Drawings
6
CONTINUOUS
10
191.2364786222404689
20
-124.6238574904629814
11
191.2210834618454669
21
-124.6442870457654095
0
LINE
8
User.Drawings
6
CONTINUOUS
10
191.2210834618454669
20
-124.6442870457654095
11
191.1990419210925722
21
-124.6572712214139784
0
LINE
8
User.Drawings
6
CONTINUOUS
10
191.1990419210925722
20
-124.6572712214139784
11
191.1737090976818081
21
-124.6608317510993231
0
LINE
8
User.Drawings
6
CONTINUOUS
10
191.1737090976818081
20
-124.6608317510993231
11
191.1489418678646075
21
-124.6544257698731428
0
LINE
8
User.Drawings
6
CONTINUOUS
10
191.1489418678646075
20
-124.6544257698731428
11
191.128512312562151
21
-124.6390306094781408
0
LINE
8
User.Drawings
6
CONTINUOUS
10
191.128512312562151
20
-124.6390306094781408
11
191.1155281369136105
21
-124.616989068725232
0
LINE
8
User.Drawings
6
CONTINUOUS
10
191.1155281369136105
20
-124.616989068725232
11
191.1125008562113123
21
-124.6044979298413438
0
LINE
8
User.Drawings
6
CONTINUOUS
10
191.1125008562113123
20
-124.6044979298413438
11
190.9908387894546138
21
-123.738826775788084
0
LINE
8
User.Drawings
6
CONTINUOUS
10
190.9908387894546138
20
-123.738826775788084
11
190.9903055404715246
21
-123.7259850912612222
0
LINE
8
User.Drawings
6
CONTINUOUS
10
190.9903055404715246
20
-123.7259850912612222
11
190.9967115216977334
21
-123.7012178614440074
0
LINE
8
User.Drawings
6
CONTINUOUS
10
190.9967115216977334
20
-123.7012178614440074
11
191.0121066820927069
21
-123.6807883061415652
0
LINE
8
User.Drawings
6
CONTINUOUS
10
191.0121066820927069
20
-123.6807883061415652
11
191.0341482228456016
21
-123.6678041304930105
0
LINE
8
User.Drawings
6
CONTINUOUS
10
191.0341482228456016
20
-123.6678041304930105
11
191.0466393617294898
21
-123.6647768497907265
0
LINE
8
User.Drawings
6
CONTINUOUS
10
191.0466393617294898
20
-123.6647768497907265
11
191.9123105157827638
21
-123.5431147830339853
0
LINE
8
User.Drawings
6
CONTINUOUS
10
191.9123105157827638
20
-123.5431147830339853
11
191.9251522003096113
21
-123.5425815340509246
0
LINE
8
User.Drawings
6
CONTINUOUS
10
191.9251522003096113
20
-123.5425815340509246
11
191.9499194301268403
21
-123.5489875152771049
0
LINE
8
User.Drawings
6
CONTINUOUS
10
203.2036453069980837
20
-121.9673797732609302
11
203.2240748623005118
21
-121.9827749336559179
0
LINE
8
User.Drawings
6
CONTINUOUS
10
203.2240748623005118
20
-121.9827749336559179
11
203.2370590379490807
21
-122.0048164744088268
0
LINE
8
User.Drawings
6
CONTINUOUS
10
203.2370590379490807
20
-122.0048164744088268
11
203.2400863186513789
21
-122.017307613292715
0
LINE
8
User.Drawings
6
CONTINUOUS
10
203.2400863186513789
20
-122.017307613292715
11
203.3617483854081058
21
-122.882978767345989
0
LINE
8
User.Drawings
6
CONTINUOUS
10
203.3617483854081058
20
-122.882978767345989
11
203.3622816343911381
21
-122.8958204518728508
0
LINE
8
User.Drawings
6
CONTINUOUS
10
203.3622816343911381
20
-122.8958204518728508
11
203.3558756531649863
21
-122.9205876816900656
0
LINE
8
User.Drawings
6
CONTINUOUS
10
203.3558756531649863
20
-122.9205876816900656
11
203.3404804927699843
21
-122.9410172369924936
0
LINE
8
User.Drawings
6
CONTINUOUS
10
203.3404804927699843
20
-122.9410172369924936
11
203.3184389520170612
21
-122.9540014126410625
0
LINE
8
User.Drawings
6
CONTINUOUS
10
203.3184389520170612
20
-122.9540014126410625
11
203.293106128606297
21
-122.9575619423264072
0
LINE
8
User.Drawings
6
CONTINUOUS
10
203.293106128606297
20
-122.9575619423264072
11
203.2683388987890964
21
-122.9511559611002127
0
LINE
8
User.Drawings
6
CONTINUOUS
10
203.2683388987890964
20
-122.9511559611002127
11
203.2479093434866968
21
-122.9357608007052249
0
LINE
8
User.Drawings
6
CONTINUOUS
10
203.2479093434866968
20
-122.9357608007052249
11
203.2349251678381279
21
-122.9137192599523161
0
LINE
8
User.Drawings
6
CONTINUOUS
10
203.2349251678381279
20
-122.9137192599523161
11
203.2318978871358297
21
-122.9012281210684279
0
LINE
8
User.Drawings
6
CONTINUOUS
10
203.2318978871358297
20
-122.9012281210684279
11
203.1193596230616549
21
-122.1004813419726247
0
LINE
8
User.Drawings
6
CONTINUOUS
10
203.1193596230616549
20
-122.1004813419726247
11
202.318614592323172
21
-122.2130196060467853
0
LINE
8
User.Drawings
6
CONTINUOUS
10
202.318614592323172
20
-122.2130196060467853
11
202.3057729077963245
21
-122.2135528550298744
0
LINE
8
User.Drawings
6
CONTINUOUS
10
202.3057729077963245
20
-122.2135528550298744
11
202.2810056779790955
21
-122.2071468738036657
0
LINE
8
User.Drawings
6
CONTINUOUS
10
202.2810056779790955
20
-122.2071468738036657
11
202.2605761226766674
21
-122.1917517134086779
0
LINE
8
User.Drawings
6
CONTINUOUS
10
202.2605761226766674
20
-122.1917517134086779
11
202.2475919470280985
21
-122.169710172655769
0
LINE
8
User.Drawings
6
CONTINUOUS
10
202.2475919470280985
20
-122.169710172655769
11
202.2440314173427396
21
-122.1443773492450333
0
LINE
8
User.Drawings
6
CONTINUOUS
10
202.2440314173427396
20
-122.1443773492450333
11
202.2504373985689483
21
-122.1196101194278043
0
LINE
8
User.Drawings
6
CONTINUOUS
10
202.2504373985689483
20
-122.1196101194278043
11
202.2658325589639503
21
-122.0991805641253762
0
LINE
8
User.Drawings
6
CONTINUOUS
10
202.2658325589639503
20
-122.0991805641253762
11
202.287874099716845
21
-122.0861963884768073
0
LINE
8
User.Drawings
6
CONTINUOUS
10
202.287874099716845
20
-122.0861963884768073
11
202.3003652386007332
21
-122.0831691077745376
0
LINE
8
User.Drawings
6
CONTINUOUS
10
202.3003652386007332
20
-122.0831691077745376
11
203.1660363926539787
21
-121.9615070410178106
0
LINE
8
User.Drawings
6
CONTINUOUS
10
203.1660363926539787
20
-121.9615070410178106
11
203.1788780771808547
21
-121.9609737920347214
0
LINE
8
User.Drawings
6
CONTINUOUS
10
203.1788780771808547
20
-121.9609737920347214
11
203.2036453069980837
21
-121.9673797732609302
0
LINE
8
User.Drawings
6
CONTINUOUS
10
211.1876038112317815
20
-132.4449425233347881
11
211.2080333665342096
21
-132.4603376837297901
0
LINE
8
User.Drawings
6
CONTINUOUS
10
211.2080333665342096
20
-132.4603376837297901
11
211.22101754218275
21
-132.4823792244827132
0
LINE
8
User.Drawings
6
CONTINUOUS
10
211.22101754218275
20
-132.4823792244827132
11
211.2240448228850482
21
-132.494870363366573
0
LINE
8
User.Drawings
6
CONTINUOUS
10
211.2240448228850482
20
-132.494870363366573
11
211.3365822127805416
21
-133.2956162682837373
0
LINE
8
User.Drawings
6
CONTINUOUS
10
211.3365822127805416
20
-133.2956162682837373
11
212.1373281176977059
21
-133.1830788783882156
0
LINE
8
User.Drawings
6
CONTINUOUS
10
212.1373281176977059
20
-133.1830788783882156
11
212.1501698022245535
21
-133.1825456294051548
0
LINE
8
User.Drawings
6
CONTINUOUS
10
212.1501698022245535
20
-133.1825456294051548
11
212.1749370320417825
21
-133.1889516106313351
0
LINE
8
User.Drawings
6
CONTINUOUS
10
212.1749370320417825
20
-133.1889516106313351
11
212.1953665873442105
21
-133.2043467710263371
0
LINE
8
User.Drawings
6
CONTINUOUS
10
212.1953665873442105
20
-133.2043467710263371
11
212.2083507629927794
21
-133.2263883117792318
0
LINE
8
User.Drawings
6
CONTINUOUS
10
212.2083507629927794
20
-133.2263883117792318
11
212.2119112926781384
21
-133.2517211351899959
0
LINE
8
User.Drawings
6
CONTINUOUS
10
212.2119112926781384
20
-133.2517211351899959
11
212.2055053114519296
21
-133.2764883650071965
0
LINE
8
User.Drawings
6
CONTINUOUS
10
212.2055053114519296
20
-133.2764883650071965
11
212.1901101510569276
21
-133.296917920309653
0
LINE
8
User.Drawings
6
CONTINUOUS
10
212.1901101510569276
20
-133.296917920309653
11
212.1680686103040614
21
-133.3099020959581935
0
LINE
8
User.Drawings
6
CONTINUOUS
10
212.1680686103040614
20
-133.3099020959581935
11
212.1555774714201732
21
-133.3129293766604633
0
LINE
8
User.Drawings
6
CONTINUOUS
10
212.1555774714201732
20
-133.3129293766604633
11
211.2899063173668992
21
-133.4345914434172187
0
LINE
8
User.Drawings
6
CONTINUOUS
10
211.2899063173668992
20
-133.4345914434172187
11
211.2770646328400233
21
-133.4351246924002794
0
LINE
8
User.Drawings
6
CONTINUOUS
10
211.2770646328400233
20
-133.4351246924002794
11
211.2522974030228227
21
-133.4287187111740991
0
LINE
8
User.Drawings
6
CONTINUOUS
10
211.2522974030228227
20
-133.4287187111740991
11
211.2318678477203662
21
-133.4133235507790971
0
LINE
8
User.Drawings
6
CONTINUOUS
10
211.2318678477203662
20
-133.4133235507790971
11
211.2188836720717973
21
-133.3912820100262024
0
LINE
8
User.Drawings
6
CONTINUOUS
10
211.2188836720717973
20
-133.3912820100262024
11
211.2158563913695559
21
-133.3787908711423142
0
LINE
8
User.Drawings
6
CONTINUOUS
10
211.2158563913695559
20
-133.3787908711423142
11
211.0941943246128005
21
-132.5131197170890403
0
LINE
8
User.Drawings
6
CONTINUOUS
10
211.0941943246128005
20
-132.5131197170890403
11
211.0936610756297398
21
-132.5002780325621643
0
LINE
8
User.Drawings
6
CONTINUOUS
10
211.0936610756297398
20
-132.5002780325621643
11
211.1000670568559201
21
-132.4755108027449353
0
LINE
8
User.Drawings
6
CONTINUOUS
10
211.1000670568559201
20
-132.4755108027449353
11
211.1154622172508937
21
-132.4550812474425356
0
LINE
8
User.Drawings
6
CONTINUOUS
10
211.1154622172508937
20
-132.4550812474425356
11
211.1375037580038168
21
-132.4420970717939667
0
LINE
8
User.Drawings
6
CONTINUOUS
10
211.1375037580038168
20
-132.4420970717939667
11
211.1628365814145809
21
-132.4385365421086078
0
LINE
8
User.Drawings
6
CONTINUOUS
10
211.1628365814145809
20
-132.4385365421086078
11
211.1876038112317815
21
-132.4449425233347881
0
LINE
8
User.Drawings
6
CONTINUOUS
10
223.3070008421562704
20
-130.7416727145618722
11
223.3274303974587269
21
-130.7570678749568742
0
LINE
8
User.Drawings
6
CONTINUOUS
10
223.3274303974587269
20
-130.7570678749568742
11
223.3404145731072958
21
-130.7791094157097973
0
LINE
8
User.Drawings
6
CONTINUOUS
10
223.3404145731072958
20
-130.7791094157097973
11
223.3434418538095656
21
-130.7916005545936571
0
LINE
8
User.Drawings
6
CONTINUOUS
10
223.3434418538095656
20
-130.7916005545936571
11
223.4651039205662926
21
-131.6572717086469595
0
LINE
8
User.Drawings
6
CONTINUOUS
10
223.4651039205662926
20
-131.6572717086469595
11
223.4656371695493533
21
-131.670113393173807
0
LINE
8
User.Drawings
6
CONTINUOUS
10
223.4656371695493533
20
-131.670113393173807
11
223.459231188323173
21
-131.6948806229910076
0
LINE
8
User.Drawings
6
CONTINUOUS
10
223.459231188323173
20
-131.6948806229910076
11
223.443836027928171
21
-131.7153101782934357
0
LINE
8
User.Drawings
6
CONTINUOUS
10
223.443836027928171
20
-131.7153101782934357
11
223.4217944871752763
21
-131.7282943539420046
0
LINE
8
User.Drawings
6
CONTINUOUS
10
223.4217944871752763
20
-131.7282943539420046
11
223.4093033482913881
21
-131.7313216346443028
0
LINE
8
User.Drawings
6
CONTINUOUS
10
223.4093033482913881
20
-131.7313216346443028
11
222.5436321942381142
21
-131.8529837014010297
0
LINE
8
User.Drawings
6
CONTINUOUS
10
222.5436321942381142
20
-131.8529837014010297
11
222.5307905097112666
21
-131.8535169503840905
0
LINE
8
User.Drawings
6
CONTINUOUS
10
222.5307905097112666
20
-131.8535169503840905
11
222.5060232798940376
21
-131.8471109691579102
0
LINE
8
User.Drawings
6
CONTINUOUS
10
222.5060232798940376
20
-131.8471109691579102
11
222.4855937245916095
21
-131.8317158087629082
0
LINE
8
User.Drawings
6
CONTINUOUS
10
222.4855937245916095
20
-131.8317158087629082
11
222.4726095489430406
21
-131.8096742680100135
0
LINE
8
User.Drawings
6
CONTINUOUS
10
222.4726095489430406
20
-131.8096742680100135
11
222.4690490192576817
21
-131.7843414445992778
0
LINE
8
User.Drawings
6
CONTINUOUS
10
222.4690490192576817
20
-131.7843414445992778
11
222.4754550004838904
21
-131.7595742147820488
0
LINE
8
User.Drawings
6
CONTINUOUS
10
222.4754550004838904
20
-131.7595742147820488
11
222.4908501608788924
21
-131.7391446594796207
0
LINE
8
User.Drawings
6
CONTINUOUS
10
222.4908501608788924
20
-131.7391446594796207
11
222.5128917016317871
21
-131.7261604838310518
0
LINE
8
User.Drawings
6
CONTINUOUS
10
222.5128917016317871
20
-131.7261604838310518
11
222.5253828405156753
21
-131.7231332031287536
0
LINE
8
User.Drawings
6
CONTINUOUS
10
222.5253828405156753
20
-131.7231332031287536
11
223.3261287454328112
21
-131.6105949390545788
0
LINE
8
User.Drawings
6
CONTINUOUS
10
223.3261287454328112
20
-131.6105949390545788
11
223.2135913555372895
21
-130.8098499083161244
0
LINE
8
User.Drawings
6
CONTINUOUS
10
223.2135913555372895
20
-130.8098499083161244
11
223.2130581065542287
21
-130.7970082237892484
0
LINE
8
User.Drawings
6
CONTINUOUS
10
223.2130581065542287
20
-130.7970082237892484
11
223.219464087780409
21
-130.7722409939720194
0
LINE
8
User.Drawings
6
CONTINUOUS
10
223.219464087780409
20
-130.7722409939720194
11
223.234859248175411
21
-130.7518114386695913
0
LINE
8
User.Drawings
6
CONTINUOUS
10
223.234859248175411
20
-130.7518114386695913
11
223.2569007889283057
21
-130.7388272630210508
0
LINE
8
User.Drawings
6
CONTINUOUS
10
223.2569007889283057
20
-130.7388272630210508
11
223.2822336123390699
21
-130.7352667333356919
0
LINE
8
User.Drawings
6
CONTINUOUS
10
223.2822336123390699
20
-130.7352667333356919
11
223.3070008421562704
21
-130.7416727145618722
0
LINE
8
User.Drawings
6
CONTINUOUS
10
210.4716672232688666
20
-121.0695545797068462
11
210.4920967785712946
21
-121.084949740101834
0
LINE
8
User.Drawings
6
CONTINUOUS
10
210.4920967785712946
20
-121.084949740101834
11
210.5050809542198635
21
-121.1069912808547429
0
LINE
8
User.Drawings
6
CONTINUOUS
10
210.5050809542198635
20
-121.1069912808547429
11
210.5086414839052225
21
-121.1323241042654928
0
LINE
8
User.Drawings
6
CONTINUOUS
10
210.5086414839052225
20
-121.1323241042654928
11
210.5022355026790137
21
-121.1570913340827076
0
LINE
8
User.Drawings
6
CONTINUOUS
10
210.5022355026790137
20
-121.1570913340827076
11
210.4868403422840117
21
-121.1775208893851214
0
LINE
8
User.Drawings
6
CONTINUOUS
10
210.4868403422840117
20
-121.1775208893851214
11
210.4647988015311171
21
-121.1905050650337046
0
LINE
8
User.Drawings
6
CONTINUOUS
10
210.4647988015311171
20
-121.1905050650337046
11
210.4523076626472289
21
-121.1935323457359743
0
LINE
8
User.Drawings
6
CONTINUOUS
10
210.4523076626472289
20
-121.1935323457359743
11
209.6515608835514399
21
-121.3060697356314961
0
LINE
8
User.Drawings
6
CONTINUOUS
10
209.6515608835514399
20
-121.3060697356314961
11
209.7640991476255863
21
-122.1068156405486462
0
LINE
8
User.Drawings
6
CONTINUOUS
10
209.7640991476255863
20
-122.1068156405486462
11
209.7646323966086754
21
-122.1196573250754938
0
LINE
8
User.Drawings
6
CONTINUOUS
10
209.7646323966086754
20
-122.1196573250754938
11
209.7582264153824951
21
-122.1444245548927086
0
LINE
8
User.Drawings
6
CONTINUOUS
10
209.7582264153824951
20
-122.1444245548927086
11
209.7428312549874931
21
-122.1648541101951366
0
LINE
8
User.Drawings
6
CONTINUOUS
10
209.7428312549874931
20
-122.1648541101951366
11
209.7207897142345701
21
-122.1778382858437055
0
LINE
8
User.Drawings
6
CONTINUOUS
10
209.7207897142345701
20
-122.1778382858437055
11
209.6954568908238343
21
-122.1813988155290644
0
LINE
8
User.Drawings
6
CONTINUOUS
10
209.6954568908238343
20
-122.1813988155290644
11
209.6706896610066337
21
-122.1749928343028699
0
LINE
8
User.Drawings
6
CONTINUOUS
10
209.6706896610066337
20
-122.1749928343028699
11
209.6502601057041772
21
-122.1595976739078679
0
LINE
8
User.Drawings
6
CONTINUOUS
10
209.6502601057041772
20
-122.1595976739078679
11
209.6372759300556083
21
-122.1375561331549733
0
LINE
8
User.Drawings
6
CONTINUOUS
10
209.6372759300556083
20
-122.1375561331549733
11
209.6342486493533386
21
-122.1250649942710851
0
LINE
8
User.Drawings
6
CONTINUOUS
10
209.6342486493533386
20
-122.1250649942710851
11
209.5125865825966116
21
-121.2593938402178111
0
LINE
8
User.Drawings
6
CONTINUOUS
10
209.5125865825966116
20
-121.2593938402178111
11
209.5120533336135225
21
-121.2465521556909493
0
LINE
8
User.Drawings
6
CONTINUOUS
10
209.5120533336135225
20
-121.2465521556909493
11
209.5184593148397312
21
-121.2217849258737203
0
LINE
8
User.Drawings
6
CONTINUOUS
10
209.5184593148397312
20
-121.2217849258737203
11
209.5338544752347332
21
-121.2013553705712923
0
LINE
8
User.Drawings
6
CONTINUOUS
10
209.5338544752347332
20
-121.2013553705712923
11
209.5558960159876278
21
-121.1883711949227376
0
LINE
8
User.Drawings
6
CONTINUOUS
10
209.5558960159876278
20
-121.1883711949227376
11
209.568387154871516
21
-121.1853439142204536
0
LINE
8
User.Drawings
6
CONTINUOUS
10
209.568387154871516
20
-121.1853439142204536
11
210.43405830892479
21
-121.0636818474637266
0
LINE
8
User.Drawings
6
CONTINUOUS
10
210.43405830892479
20
-121.0636818474637266
11
210.4468999934516376
21
-121.0631485984806375
0
LINE
8
User.Drawings
6
CONTINUOUS
10
210.4468999934516376
20
-121.0631485984806375
11
210.4716672232688666
21
-121.0695545797068462
0
LINE
8
User.Drawings
6
CONTINUOUS
10
221.7253931001400815
20
-119.4879468376906431
11
221.745822655442538
21
-119.5033419980856451
0
LINE
8
User.Drawings
6
CONTINUOUS
10
221.745822655442538
20
-119.5033419980856451
11
221.7588068310911069
21
-119.5253835388385539
0
LINE
8
User.Drawings
6
CONTINUOUS
10
221.7588068310911069
20
-119.5253835388385539
11
221.7618341117933483
21
-119.5378746777224279
0
LINE
8
User.Drawings
6
CONTINUOUS
10
221.7618341117933483
20
-119.5378746777224279
11
221.8834961785501037
21
-120.4035458317757161
0
LINE
8
User.Drawings
6
CONTINUOUS
10
221.8834961785501037
20
-120.4035458317757161
11
221.8840294275331644
21
-120.4163875163025637
0
LINE
8
User.Drawings
6
CONTINUOUS
10
221.8840294275331644
20
-120.4163875163025637
11
221.8776234463069841
21
-120.4411547461197927
0
LINE
8
User.Drawings
6
CONTINUOUS
10
221.8776234463069841
20
-120.4411547461197927
11
221.8622282859120105
21
-120.4615843014222207
0
LINE
8
User.Drawings
6
CONTINUOUS
10
221.8622282859120105
20
-120.4615843014222207
11
221.8401867451590874
21
-120.4745684770707896
0
LINE
8
User.Drawings
6
CONTINUOUS
10
221.8401867451590874
20
-120.4745684770707896
11
221.8148539217483233
21
-120.4781290067561343
0
LINE
8
User.Drawings
6
CONTINUOUS
10
221.8148539217483233
20
-120.4781290067561343
11
221.7900866919311227
21
-120.4717230255299398
0
LINE
8
User.Drawings
6
CONTINUOUS
10
221.7900866919311227
20
-120.4717230255299398
11
221.7696571366286662
21
-120.456327865134952
0
LINE
8
User.Drawings
6
CONTINUOUS
10
221.7696571366286662
20
-120.456327865134952
11
221.7566729609801257
21
-120.4342863243820432
0
LINE
8
User.Drawings
6
CONTINUOUS
10
221.7566729609801257
20
-120.4342863243820432
11
221.7536456802778559
21
-120.421795185498155
0
LINE
8
User.Drawings
6
CONTINUOUS
10
221.7536456802778559
20
-120.421795185498155
11
221.6411074162036812
21
-119.6210484064023376
0
LINE
8
User.Drawings
6
CONTINUOUS
10
221.6411074162036812
20
-119.6210484064023376
11
220.8403623854651983
21
-119.7335866704765266
0
LINE
8
User.Drawings
6
CONTINUOUS
10
220.8403623854651983
20
-119.7335866704765266
11
220.8275207009383223
21
-119.7341199194596015
0
LINE
8
User.Drawings
6
CONTINUOUS
10
220.8275207009383223
20
-119.7341199194596015
11
220.8027534711211217
21
-119.727713938233407
0
LINE
8
User.Drawings
6
CONTINUOUS
10
220.8027534711211217
20
-119.727713938233407
11
220.7823239158186936
21
-119.712318777838405
0
LINE
8
User.Drawings
6
CONTINUOUS
10
220.7823239158186936
20
-119.712318777838405
11
220.7693397401701247
21
-119.6902772370854962
0
LINE
8
User.Drawings
6
CONTINUOUS
10
220.7693397401701247
20
-119.6902772370854962
11
220.7657792104847658
21
-119.6649444136747462
0
LINE
8
User.Drawings
6
CONTINUOUS
10
220.7657792104847658
20
-119.6649444136747462
11
220.7721851917109746
21
-119.6401771838575456
0
LINE
8
User.Drawings
6
CONTINUOUS
10
220.7721851917109746
20
-119.6401771838575456
11
220.7875803521059765
21
-119.6197476285551176
0
LINE
8
User.Drawings
6
CONTINUOUS
10
220.7875803521059765
20
-119.6197476285551176
11
220.8096218928588428
21
-119.6067634529065487
0
LINE
8
User.Drawings
6
CONTINUOUS
10
220.8096218928588428
20
-119.6067634529065487
11
220.822113031742731
21
-119.6037361722042647
0
LINE
8
User.Drawings
6
CONTINUOUS
10
220.822113031742731
20
-119.6037361722042647
11
221.687784185796005
21
-119.4820741054475235
0
LINE
8
User.Drawings
6
CONTINUOUS
10
221.687784185796005
20
-119.4820741054475235
11
221.7006258703228809
21
-119.4815408564644486
0
LINE
8
User.Drawings
6
CONTINUOUS
10
221.7006258703228809
20
-119.4815408564644486
11
221.7253931001400815
21
-119.4879468376906431
0
LINE
8
User.Drawings
6
CONTINUOUS
10
159.2905015103046367
20
-122.8311627014069245
11
159.3109310656070647
21
-122.8465578618018981
0
LINE
8
User.Drawings
6
CONTINUOUS
10
159.3109310656070647
20
-122.8465578618018981
11
159.3239152412556336
21
-122.8685994025548212
0
LINE
8
User.Drawings
6
CONTINUOUS
10
159.3239152412556336
20
-122.8685994025548212
11
159.3269425219579034
21
-122.8810905414387094
0
LINE
8
User.Drawings
6
CONTINUOUS
10
159.3269425219579034
20
-122.8810905414387094
11
159.4394799118534252
21
-123.6818364463558453
0
LINE
8
User.Drawings
6
CONTINUOUS
10
159.4394799118534252
20
-123.6818364463558453
11
160.2402258167705895
21
-123.5692990564603235
0
LINE
8
User.Drawings
6
CONTINUOUS
10
160.2402258167705895
20
-123.5692990564603235
11
160.2530675012974086
21
-123.5687658074772628
0
LINE
8
User.Drawings
6
CONTINUOUS
10
160.2530675012974086
20
-123.5687658074772628
11
160.2778347311146376
21
-123.5751717887034573
0
LINE
8
User.Drawings
6
CONTINUOUS
10
160.2778347311146376
20
-123.5751717887034573
11
160.2982642864170657
21
-123.5905669490984451
0
LINE
8
User.Drawings
6
CONTINUOUS
10
160.2982642864170657
20
-123.5905669490984451
11
160.3112484620656346
21
-123.612608489851354
0
LINE
8
User.Drawings
6
CONTINUOUS
10
160.3112484620656346
20
-123.612608489851354
11
160.3148089917509651
21
-123.6379413132621039
0
LINE
8
User.Drawings
6
CONTINUOUS
10
160.3148089917509651
20
-123.6379413132621039
11
160.3084030105248132
21
-123.6627085430793329
0
LINE
8
User.Drawings
6
CONTINUOUS
10
160.3084030105248132
20
-123.6627085430793329
11
160.2930078501298112
21
-123.6831380983817468
0
LINE
8
User.Drawings
6
CONTINUOUS
10
160.2930078501298112
20
-123.6831380983817468
11
160.2709663093768881
21
-123.6961222740303015
0
LINE
8
User.Drawings
6
CONTINUOUS
10
160.2709663093768881
20
-123.6961222740303015
11
160.258475170493
21
-123.6991495547325997
0
LINE
8
User.Drawings
6
CONTINUOUS
10
160.258475170493
20
-123.6991495547325997
11
159.392804016439726
21
-123.8208116214893266
0
LINE
8
User.Drawings
6
CONTINUOUS
10
159.392804016439726
20
-123.8208116214893266
11
159.3799623319128784
21
-123.8213448704724016
0
LINE
8
User.Drawings
6
CONTINUOUS
10
159.3799623319128784
20
-123.8213448704724016
11
159.3551951020956494
21
-123.8149388892462071
0
LINE
8
User.Drawings
6
CONTINUOUS
10
159.3551951020956494
20
-123.8149388892462071
11
159.3347655467932213
21
-123.7995437288512051
0
LINE
8
User.Drawings
6
CONTINUOUS
10
159.3347655467932213
20
-123.7995437288512051
11
159.3217813711446809
21
-123.7775021880983104
0
LINE
8
User.Drawings
6
CONTINUOUS
10
159.3217813711446809
20
-123.7775021880983104
11
159.3187540904423827
21
-123.7650110492144222
0
LINE
8
User.Drawings
6
CONTINUOUS
10
159.3187540904423827
20
-123.7650110492144222
11
159.1970920236856557
21
-122.8993398951611482
0
LINE
8
User.Drawings
6
CONTINUOUS
10
159.1970920236856557
20
-122.8993398951611482
11
159.1965587747025666
21
-122.8864982106342865
0
LINE
8
User.Drawings
6
CONTINUOUS
10
159.1965587747025666
20
-122.8864982106342865
11
159.2029647559287753
21
-122.8617309808170717
0
LINE
8
User.Drawings
6
CONTINUOUS
10
159.2029647559287753
20
-122.8617309808170717
11
159.2183599163237773
21
-122.8413014255146294
0
LINE
8
User.Drawings
6
CONTINUOUS
10
159.2183599163237773
20
-122.8413014255146294
11
159.2404014570766719
21
-122.8283172498660747
0
LINE
8
User.Drawings
6
CONTINUOUS
10
159.2404014570766719
20
-122.8283172498660747
11
159.2657342804874077
21
-122.8247567201807158
0
LINE
8
User.Drawings
6
CONTINUOUS
10
159.2657342804874077
20
-122.8247567201807158
11
159.2905015103046367
21
-122.8311627014069245
0
LINE
8
User.Drawings
6
CONTINUOUS
10
171.4098985412291256
20
-121.1278928926339944
11
171.4303280965315537
21
-121.1432880530289964
0
LINE
8
User.Drawings
6
CONTINUOUS
10
171.4303280965315537
20
-121.1432880530289964
11
171.4433122721801226
21
-121.165329593781891
0
LINE
8
User.Drawings
6
CONTINUOUS
10
171.4433122721801226
20
-121.165329593781891
11
171.4463395528823924
21
-121.1778207326657935
0
LINE
8
User.Drawings
6
CONTINUOUS
10
171.4463395528823924
20
-121.1778207326657935
11
171.5680016196391477
21
-122.0434918867190532
0
LINE
8
User.Drawings
6
CONTINUOUS
10
171.5680016196391477
20
-122.0434918867190532
11
171.5685348686222085
21
-122.056333571245915
0
LINE
8
User.Drawings
6
CONTINUOUS
10
171.5685348686222085
20
-122.056333571245915
11
171.5621288873960282
21
-122.0811008010631298
0
LINE
8
User.Drawings
6
CONTINUOUS
10
171.5621288873960282
20
-122.0811008010631298
11
171.5467337270010262
21
-122.1015303563655579
0
LINE
8
User.Drawings
6
CONTINUOUS
10
171.5467337270010262
20
-122.1015303563655579
11
171.5246921862481031
21
-122.1145145320141268
0
LINE
8
User.Drawings
6
CONTINUOUS
10
171.5246921862481031
20
-122.1145145320141268
11
171.5122010473642149
21
-122.1175418127164107
0
LINE
8
User.Drawings
6
CONTINUOUS
10
171.5122010473642149
20
-122.1175418127164107
11
170.6465298933109693
21
-122.2392038794731377
0
LINE
8
User.Drawings
6
CONTINUOUS
10
170.6465298933109693
20
-122.2392038794731377
11
170.6336882087840934
21
-122.2397371284562126
0
LINE
8
User.Drawings
6
CONTINUOUS
10
170.6336882087840934
20
-122.2397371284562126
11
170.6089209789668928
21
-122.2333311472300181
0
LINE
8
User.Drawings
6
CONTINUOUS
10
170.6089209789668928
20
-122.2333311472300181
11
170.5884914236644363
21
-122.2179359868350303
0
LINE
8
User.Drawings
6
CONTINUOUS
10
170.5884914236644363
20
-122.2179359868350303
11
170.5755072480158958
21
-122.1958944460821073
0
LINE
8
User.Drawings
6
CONTINUOUS
10
170.5755072480158958
20
-122.1958944460821073
11
170.5719467183305369
21
-122.1705616226713715
0
LINE
8
User.Drawings
6
CONTINUOUS
10
170.5719467183305369
20
-122.1705616226713715
11
170.5783526995567172
21
-122.1457943928541425
0
LINE
8
User.Drawings
6
CONTINUOUS
10
170.5783526995567172
20
-122.1457943928541425
11
170.5937478599517192
21
-122.1253648375517287
0
LINE
8
User.Drawings
6
CONTINUOUS
10
170.5937478599517192
20
-122.1253648375517287
11
170.6157894007046423
21
-122.112380661903174
0
LINE
8
User.Drawings
6
CONTINUOUS
10
170.6157894007046423
20
-122.112380661903174
11
170.6282805395885021
21
-122.1093533812008758
0
LINE
8
User.Drawings
6
CONTINUOUS
10
170.6282805395885021
20
-122.1093533812008758
11
171.4290264445056664
21
-121.9968151171267152
0
LINE
8
User.Drawings
6
CONTINUOUS
10
171.4290264445056664
20
-121.9968151171267152
11
171.3164890546101446
21
-121.1960700863882181
0
LINE
8
User.Drawings
6
CONTINUOUS
10
171.3164890546101446
20
-121.1960700863882181
11
171.3159558056270839
21
-121.1832284018613706
0
LINE
8
User.Drawings
6
CONTINUOUS
10
171.3159558056270839
20
-121.1832284018613706
11
171.3223617868532642
21
-121.1584611720441558
0
LINE
8
User.Drawings
6
CONTINUOUS
10
171.3223617868532642
20
-121.1584611720441558
11
171.3377569472482662
21
-121.1380316167417135
0
LINE
8
User.Drawings
6
CONTINUOUS
10
171.3377569472482662
20
-121.1380316167417135
11
171.3597984880011609
21
-121.1250474410931588
0
LINE
8
User.Drawings
6
CONTINUOUS
10
171.3597984880011609
20
-121.1250474410931588
11
171.3851313114118966
21
-121.1214869114077999
0
LINE
8
User.Drawings
6
CONTINUOUS
10
171.3851313114118966
20
-121.1214869114077999
11
171.4098985412291256
21
-121.1278928926339944
0
LINE
8
User.Drawings
6
CONTINUOUS
10
158.5745649223417217
20
-111.4557747577789542
11
158.5949944776441498
21
-111.4711699181739419
0
LINE
8
User.Drawings
6
CONTINUOUS
10
158.5949944776441498
20
-111.4711699181739419
11
158.6079786532927187
21
-111.4932114589268508
0
LINE
8
User.Drawings
6
CONTINUOUS
10
158.6079786532927187
20
-111.4932114589268508
11
158.6115391829780492
21
-111.5185442823376007
0
LINE
8
User.Drawings
6
CONTINUOUS
10
158.6115391829780492
20
-111.5185442823376007
11
158.6051332017518689
21
-111.5433115121548155
0
LINE
8
User.Drawings
6
CONTINUOUS
10
158.6051332017518689
20
-111.5433115121548155
11
158.5897380413568953
21
-111.5637410674572436
0
LINE
8
User.Drawings
6
CONTINUOUS
10
158.5897380413568953
20
-111.5637410674572436
11
158.5676965006039723
21
-111.5767252431058125
0
LINE
8
User.Drawings
6
CONTINUOUS
10
158.5676965006039723
20
-111.5767252431058125
11
158.5552053617200841
21
-111.5797525238080823
0
LINE
8
User.Drawings
6
CONTINUOUS
10
158.5552053617200841
20
-111.5797525238080823
11
157.7544585826242667
21
-111.692289913703604
0
LINE
8
User.Drawings
6
CONTINUOUS
10
157.7544585826242667
20
-111.692289913703604
11
157.8669968466984699
21
-112.4930358186207542
0
LINE
8
User.Drawings
6
CONTINUOUS
10
157.8669968466984699
20
-112.4930358186207542
11
157.8675300956815022
21
-112.5058775031476159
0
LINE
8
User.Drawings
6
CONTINUOUS
10
157.8675300956815022
20
-112.5058775031476159
11
157.8611241144553219
21
-112.5306447329648165
0
LINE
8
User.Drawings
6
CONTINUOUS
10
157.8611241144553219
20
-112.5306447329648165
11
157.8457289540603483
21
-112.5510742882672446
0
LINE
8
User.Drawings
6
CONTINUOUS
10
157.8457289540603483
20
-112.5510742882672446
11
157.8236874133074252
21
-112.5640584639158135
0
LINE
8
User.Drawings
6
CONTINUOUS
10
157.8236874133074252
20
-112.5640584639158135
11
157.7983545898966611
21
-112.5676189936011724
0
LINE
8
User.Drawings
6
CONTINUOUS
10
157.7983545898966611
20
-112.5676189936011724
11
157.7735873600794605
21
-112.5612130123749779
0
LINE
8
User.Drawings
6
CONTINUOUS
10
157.7735873600794605
20
-112.5612130123749779
11
157.7531578047770608
21
-112.5458178519799759
0
LINE
8
User.Drawings
6
CONTINUOUS
10
157.7531578047770608
20
-112.5458178519799759
11
157.7401736291284919
21
-112.5237763112270812
0
LINE
8
User.Drawings
6
CONTINUOUS
10
157.7401736291284919
20
-112.5237763112270812
11
157.7371463484261938
21
-112.511285172343193
0
LINE
8
User.Drawings
6
CONTINUOUS
10
157.7371463484261938
20
-112.511285172343193
11
157.6154842816694668
21
-111.645614018289919
0
LINE
8
User.Drawings
6
CONTINUOUS
10
157.6154842816694668
20
-111.645614018289919
11
157.6149510326863776
21
-111.6327723337630573
0
LINE
8
User.Drawings
6
CONTINUOUS
10
157.6149510326863776
20
-111.6327723337630573
11
157.6213570139125864
21
-111.6080051039458425
0
LINE
8
User.Drawings
6
CONTINUOUS
10
157.6213570139125864
20
-111.6080051039458425
11
157.6367521743075883
21
-111.5875755486434002
0
LINE
8
User.Drawings
6
CONTINUOUS
10
157.6367521743075883
20
-111.5875755486434002
11
157.658793715060483
21
-111.5745913729948455
0
LINE
8
User.Drawings
6
CONTINUOUS
10
157.658793715060483
20
-111.5745913729948455
11
157.6712848539443428
21
-111.5715640922925616
0
LINE
8
User.Drawings
6
CONTINUOUS
10
157.6712848539443428
20
-111.5715640922925616
11
158.5369560079976452
21
-111.4499020255358346
0
LINE
8
User.Drawings
6
CONTINUOUS
10
158.5369560079976452
20
-111.4499020255358346
11
158.5497976925244927
21
-111.4493687765527596
0
LINE
8
User.Drawings
6
CONTINUOUS
10
158.5497976925244927
20
-111.4493687765527596
11
158.5745649223417217
21
-111.4557747577789542
0
LINE
8
User.Drawings
6
CONTINUOUS
10
169.8282907992129651
20
-109.874167015762751
11
169.8487203545153648
21
-109.889562176157753
0
LINE
8
User.Drawings
6
CONTINUOUS
10
169.8487203545153648
20
-109.889562176157753
11
169.8617045301639337
21
-109.9116037169106761
0
LINE
8
User.Drawings
6
CONTINUOUS
10
169.8617045301639337
20
-109.9116037169106761
11
169.8647318108662319
21
-109.9240948557945501
0
LINE
8
User.Drawings
6
CONTINUOUS
10
169.8647318108662319
20
-109.9240948557945501
11
169.9863938776229588
21
-110.7897660098478241
0
LINE
8
User.Drawings
6
CONTINUOUS
10
169.9863938776229588
20
-110.7897660098478241
11
169.986927126606048
21
-110.8026076943746858
0
LINE
8
User.Drawings
6
CONTINUOUS
10
169.986927126606048
20
-110.8026076943746858
11
169.9805211453798393
21
-110.8273749241919006
0
LINE
8
User.Drawings
6
CONTINUOUS
10
169.9805211453798393
20
-110.8273749241919006
11
169.9651259849848373
21
-110.8478044794943287
0
LINE
8
User.Drawings
6
CONTINUOUS
10
169.9651259849848373
20
-110.8478044794943287
11
169.9430844442319142
21
-110.8607886551428976
0
LINE
8
User.Drawings
6
CONTINUOUS
10
169.9430844442319142
20
-110.8607886551428976
11
169.9177516208212069
21
-110.8643491848282423
0
LINE
8
User.Drawings
6
CONTINUOUS
10
169.9177516208212069
20
-110.8643491848282423
11
169.8929843910039494
21
-110.857943203602062
0
LINE
8
User.Drawings
6
CONTINUOUS
10
169.8929843910039494
20
-110.857943203602062
11
169.8725548357015498
21
-110.84254804320706
0
LINE
8
User.Drawings
6
CONTINUOUS
10
169.8725548357015498
20
-110.84254804320706
11
169.8595706600529809
21
-110.8205065024541511
0
LINE
8
User.Drawings
6
CONTINUOUS
10
169.8595706600529809
20
-110.8205065024541511
11
169.8565433793506827
21
-110.8080153635702629
0
LINE
8
User.Drawings
6
CONTINUOUS
10
169.8565433793506827
20
-110.8080153635702629
11
169.7440051152765079
21
-110.007268584474474
0
LINE
8
User.Drawings
6
CONTINUOUS
10
169.7440051152765079
20
-110.007268584474474
11
168.943260084538025
21
-110.1198068485486345
0
LINE
8
User.Drawings
6
CONTINUOUS
10
168.943260084538025
20
-110.1198068485486345
11
168.9304184000111775
21
-110.1203400975317095
0
LINE
8
User.Drawings
6
CONTINUOUS
10
168.9304184000111775
20
-110.1203400975317095
11
168.9056511701939485
21
-110.113934116305515
0
LINE
8
User.Drawings
6
CONTINUOUS
10
168.9056511701939485
20
-110.113934116305515
11
168.8852216148915204
21
-110.098538955910513
0
LINE
8
User.Drawings
6
CONTINUOUS
10
168.8852216148915204
20
-110.098538955910513
11
168.8722374392429799
21
-110.0764974151576041
0
LINE
8
User.Drawings
6
CONTINUOUS
10
168.8722374392429799
20
-110.0764974151576041
11
168.8686769095575926
21
-110.0511645917468684
0
LINE
8
User.Drawings
6
CONTINUOUS
10
168.8686769095575926
20
-110.0511645917468684
11
168.8750828907838013
21
-110.0263973619296536
0
LINE
8
User.Drawings
6
CONTINUOUS
10
168.8750828907838013
20
-110.0263973619296536
11
168.8904780511788033
21
-110.0059678066272255
0
LINE
8
User.Drawings
6
CONTINUOUS
10
168.8904780511788033
20
-110.0059678066272255
11
168.9125195919317264
21
-109.9929836309786566
0
LINE
8
User.Drawings
6
CONTINUOUS
10
168.9125195919317264
20
-109.9929836309786566
11
168.9250107308155862
21
-109.9899563502763726
0
LINE
8
User.Drawings
6
CONTINUOUS
10
168.9250107308155862
20
-109.9899563502763726
11
169.7906818848688886
21
-109.8682942835196457
0
LINE
8
User.Drawings
6
CONTINUOUS
10
169.7906818848688886
20
-109.8682942835196457
11
169.8035235693957077
21
-109.8677610345365707
0
LINE
8
User.Drawings
6
CONTINUOUS
10
169.8035235693957077
20
-109.8677610345365707
11
169.8282907992129651
21
-109.874167015762751
0
LINE
8
User.Drawings
6
CONTINUOUS
10
175.7815322744547473
20
-120.5134528180809355
11
175.8019618297571753
21
-120.5288479784759375
0
LINE
8
User.Drawings
6
CONTINUOUS
10
175.8019618297571753
20
-120.5288479784759375
11
175.8149460054057442
21
-120.5508895192288463
0
LINE
8
User.Drawings
6
CONTINUOUS
10
175.8149460054057442
20
-120.5508895192288463
11
175.817973286108014
21
-120.5633806581127345
0
LINE
8
User.Drawings
6
CONTINUOUS
10
175.817973286108014
20
-120.5633806581127345
11
175.9305106760035358
21
-121.3641265630298705
0
LINE
8
User.Drawings
6
CONTINUOUS
10
175.9305106760035358
20
-121.3641265630298705
11
176.7312565809206717
21
-121.2515891731343629
0
LINE
8
User.Drawings
6
CONTINUOUS
10
176.7312565809206717
20
-121.2515891731343629
11
176.7440982654475192
21
-121.251055924151288
0
LINE
8
User.Drawings
6
CONTINUOUS
10
176.7440982654475192
20
-121.251055924151288
11
176.7688654952647482
21
-121.2574619053774825
0
LINE
8
User.Drawings
6
CONTINUOUS
10
176.7688654952647482
20
-121.2574619053774825
11
176.7892950505671763
21
-121.2728570657724845
0
LINE
8
User.Drawings
6
CONTINUOUS
10
176.7892950505671763
20
-121.2728570657724845
11
176.8022792262157452
21
-121.2948986065253791
0
LINE
8
User.Drawings
6
CONTINUOUS
10
176.8022792262157452
20
-121.2948986065253791
11
176.8058397559011041
21
-121.3202314299361149
0
LINE
8
User.Drawings
6
CONTINUOUS
10
176.8058397559011041
20
-121.3202314299361149
11
176.7994337746749238
21
-121.3449986597533439
0
LINE
8
User.Drawings
6
CONTINUOUS
10
176.7994337746749238
20
-121.3449986597533439
11
176.7840386142799218
21
-121.3654282150557719
0
LINE
8
User.Drawings
6
CONTINUOUS
10
176.7840386142799218
20
-121.3654282150557719
11
176.7619970735269987
21
-121.3784123907043409
0
LINE
8
User.Drawings
6
CONTINUOUS
10
176.7619970735269987
20
-121.3784123907043409
11
176.7495059346431105
21
-121.3814396714066248
0
LINE
8
User.Drawings
6
CONTINUOUS
10
176.7495059346431105
20
-121.3814396714066248
11
175.8838347805898366
21
-121.5031017381633518
0
LINE
8
User.Drawings
6
CONTINUOUS
10
175.8838347805898366
20
-121.5031017381633518
11
175.870993096062989
21
-121.5036349871464267
0
LINE
8
User.Drawings
6
CONTINUOUS
10
175.870993096062989
20
-121.5036349871464267
11
175.84622586624576
21
-121.4972290059202322
0
LINE
8
User.Drawings
6
CONTINUOUS
10
175.84622586624576
20
-121.4972290059202322
11
175.8257963109433319
21
-121.4818338455252302
0
LINE
8
User.Drawings
6
CONTINUOUS
10
175.8257963109433319
20
-121.4818338455252302
11
175.812812135294763
21
-121.4597923047723214
0
LINE
8
User.Drawings
6
CONTINUOUS
10
175.812812135294763
20
-121.4597923047723214
11
175.8097848545924933
21
-121.4473011658884332
0
LINE
8
User.Drawings
6
CONTINUOUS
10
175.8097848545924933
20
-121.4473011658884332
11
175.6881227878357663
21
-120.5816300118351734
0
LINE
8
User.Drawings
6
CONTINUOUS
10
175.6881227878357663
20
-120.5816300118351734
11
175.6875895388526772
21
-120.5687883273083116
0
LINE
8
User.Drawings
6
CONTINUOUS
10
175.6875895388526772
20
-120.5687883273083116
11
175.6939955200788859
21
-120.5440210974910968
0
LINE
8
User.Drawings
6
CONTINUOUS
10
175.6939955200788859
20
-120.5440210974910968
11
175.7093906804738879
21
-120.5235915421886688
0
LINE
8
User.Drawings
6
CONTINUOUS
10
175.7093906804738879
20
-120.5235915421886688
11
175.7314322212267825
21
-120.5106073665400999
0
LINE
8
User.Drawings
6
CONTINUOUS
10
175.7314322212267825
20
-120.5106073665400999
11
175.7567650446375183
21
-120.5070468368547409
0
LINE
8
User.Drawings
6
CONTINUOUS
10
175.7567650446375183
20
-120.5070468368547409
11
175.7815322744547473
21
-120.5134528180809355
0
LINE
8
User.Drawings
6
CONTINUOUS
10
187.9009293053792362
20
-118.8101830093080196
11
187.9213588606816643
21
-118.8255781697030216
0
LINE
8
User.Drawings
6
CONTINUOUS
10
187.9213588606816643
20
-118.8255781697030216
11
187.9343430363302332
21
-118.8476197104559162
0
LINE
8
User.Drawings
6
CONTINUOUS
10
187.9343430363302332
20
-118.8476197104559162
11
187.937370317032503
21
-118.8601108493398044
0
LINE
8
User.Drawings
6
CONTINUOUS
10
187.937370317032503
20
-118.8601108493398044
11
188.0590323837892583
21
-119.7257820033930784
0
LINE
8
User.Drawings
6
CONTINUOUS
10
188.0590323837892583
20
-119.7257820033930784
11
188.0595656327723191
21
-119.7386236879199402
0
LINE
8
User.Drawings
6
CONTINUOUS
10
188.0595656327723191
20
-119.7386236879199402
11
188.0531596515461388
21
-119.763390917737155
0
LINE
8
User.Drawings
6
CONTINUOUS
10
188.0531596515461388
20
-119.763390917737155
11
188.0377644911511368
21
-119.783820473039583
0
LINE
8
User.Drawings
6
CONTINUOUS
10
188.0377644911511368
20
-119.783820473039583
11
188.0157229503982421
21
-119.7968046486881519
0
LINE
8
User.Drawings
6
CONTINUOUS
10
188.0157229503982421
20
-119.7968046486881519
11
188.0032318115143255
21
-119.7998319293904217
0
LINE
8
User.Drawings
6
CONTINUOUS
10
188.0032318115143255
20
-119.7998319293904217
11
187.1375606574610799
21
-119.9214939961471629
0
LINE
8
User.Drawings
6
CONTINUOUS
10
187.1375606574610799
20
-119.9214939961471629
11
187.124718972934204
21
-119.9220272451302378
0
LINE
8
User.Drawings
6
CONTINUOUS
10
187.124718972934204
20
-119.9220272451302378
11
187.0999517431170034
21
-119.9156212639040433
0
LINE
8
User.Drawings
6
CONTINUOUS
10
187.0999517431170034
20
-119.9156212639040433
11
187.0795221878145469
21
-119.9002261035090413
0
LINE
8
User.Drawings
6
CONTINUOUS
10
187.0795221878145469
20
-119.9002261035090413
11
187.066538012165978
21
-119.8781845627561466
0
LINE
8
User.Drawings
6
CONTINUOUS
10
187.066538012165978
20
-119.8781845627561466
11
187.0629774824806475
21
-119.8528517393453967
0
LINE
8
User.Drawings
6
CONTINUOUS
10
187.0629774824806475
20
-119.8528517393453967
11
187.0693834637068562
21
-119.8280845095281819
0
LINE
8
User.Drawings
6
CONTINUOUS
10
187.0693834637068562
20
-119.8280845095281819
11
187.0847786241018298
21
-119.8076549542257396
0
LINE
8
User.Drawings
6
CONTINUOUS
10
187.0847786241018298
20
-119.8076549542257396
11
187.1068201648547245
21
-119.7946707785771849
0
LINE
8
User.Drawings
6
CONTINUOUS
10
187.1068201648547245
20
-119.7946707785771849
11
187.1193113037386127
21
-119.7916434978749152
0
LINE
8
User.Drawings
6
CONTINUOUS
10
187.1193113037386127
20
-119.7916434978749152
11
187.920057208655777
21
-119.6791052338007404
0
LINE
8
User.Drawings
6
CONTINUOUS
10
187.920057208655777
20
-119.6791052338007404
11
187.8075198187602552
21
-118.8783602030622433
0
LINE
8
User.Drawings
6
CONTINUOUS
10
187.8075198187602552
20
-118.8783602030622433
11
187.8069865697771945
21
-118.8655185185353815
0
LINE
8
User.Drawings
6
CONTINUOUS
10
187.8069865697771945
20
-118.8655185185353815
11
187.8133925510033748
21
-118.8407512887181667
0
LINE
8
User.Drawings
6
CONTINUOUS
10
187.8133925510033748
20
-118.8407512887181667
11
187.8287877113983768
21
-118.8203217334157529
0
LINE
8
User.Drawings
6
CONTINUOUS
10
187.8287877113983768
20
-118.8203217334157529
11
187.8508292521512715
21
-118.807337557767184
0
LINE
8
User.Drawings
6
CONTINUOUS
10
187.8508292521512715
20
-118.807337557767184
11
187.8761620755620356
21
-118.8037770280818108
0
LINE
8
User.Drawings
6
CONTINUOUS
10
187.8761620755620356
20
-118.8037770280818108
11
187.9009293053792362
21
-118.8101830093080196
0
LINE
8
User.Drawings
6
CONTINUOUS
10
175.0655956864918323
20
-109.1380648744529793
11
175.0860252417942604
21
-109.1534600348479671
0
LINE
8
User.Drawings
6
CONTINUOUS
10
175.0860252417942604
20
-109.1534600348479671
11
175.0990094174428293
21
-109.175501575600876
0
LINE
8
User.Drawings
6
CONTINUOUS
10
175.0990094174428293
20
-109.175501575600876
11
175.1025699471281598
21
-109.2008343990116259
0
LINE
8
User.Drawings
6
CONTINUOUS
10
175.1025699471281598
20
-109.2008343990116259
11
175.0961639659019795
21
-109.2256016288288549
0
LINE
8
User.Drawings
6
CONTINUOUS
10
175.0961639659019795
20
-109.2256016288288549
11
175.0807688055070059
21
-109.2460311841312688
0
LINE
8
User.Drawings
6
CONTINUOUS
10
175.0807688055070059
20
-109.2460311841312688
11
175.0587272647540829
21
-109.2590153597798235
0
LINE
8
User.Drawings
6
CONTINUOUS
10
175.0587272647540829
20
-109.2590153597798235
11
175.0462361258701947
21
-109.2620426404821217
0
LINE
8
User.Drawings
6
CONTINUOUS
10
175.0462361258701947
20
-109.2620426404821217
11
174.2454893467743773
21
-109.374580030377615
0
LINE
8
User.Drawings
6
CONTINUOUS
10
174.2454893467743773
20
-109.374580030377615
11
174.3580276108485805
21
-110.1753259352947651
0
LINE
8
User.Drawings
6
CONTINUOUS
10
174.3580276108485805
20
-110.1753259352947651
11
174.3585608598316128
21
-110.1881676198216269
0
LINE
8
User.Drawings
6
CONTINUOUS
10
174.3585608598316128
20
-110.1881676198216269
11
174.3521548786054609
21
-110.2129348496388417
0
LINE
8
User.Drawings
6
CONTINUOUS
10
174.3521548786054609
20
-110.2129348496388417
11
174.3367597182104589
21
-110.2333644049412698
0
LINE
8
User.Drawings
6
CONTINUOUS
10
174.3367597182104589
20
-110.2333644049412698
11
174.3147181774575358
21
-110.2463485805898387
0
LINE
8
User.Drawings
6
CONTINUOUS
10
174.3147181774575358
20
-110.2463485805898387
11
174.2893853540467717
21
-110.2499091102751976
0
LINE
8
User.Drawings
6
CONTINUOUS
10
174.2893853540467717
20
-110.2499091102751976
11
174.2646181242295711
21
-110.2435031290490031
0
LINE
8
User.Drawings
6
CONTINUOUS
10
174.2646181242295711
20
-110.2435031290490031
11
174.2441885689271714
21
-110.2281079686540011
0
LINE
8
User.Drawings
6
CONTINUOUS
10
174.2441885689271714
20
-110.2281079686540011
11
174.2312043932786025
21
-110.2060664279010922
0
LINE
8
User.Drawings
6
CONTINUOUS
10
174.2312043932786025
20
-110.2060664279010922
11
174.2281771125763044
21
-110.193575289017204
0
LINE
8
User.Drawings
6
CONTINUOUS
10
174.2281771125763044
20
-110.193575289017204
11
174.1065150458195774
21
-109.3279041349639442
0
LINE
8
User.Drawings
6
CONTINUOUS
10
174.1065150458195774
20
-109.3279041349639442
11
174.1059817968364882
21
-109.3150624504370825
0
LINE
8
User.Drawings
6
CONTINUOUS
10
174.1059817968364882
20
-109.3150624504370825
11
174.112387778062697
21
-109.2902952206198677
0
LINE
8
User.Drawings
6
CONTINUOUS
10
174.112387778062697
20
-109.2902952206198677
11
174.1277829384576989
21
-109.2698656653174396
0
LINE
8
User.Drawings
6
CONTINUOUS
10
174.1277829384576989
20
-109.2698656653174396
11
174.1498244792105652
21
-109.2568814896688707
0
LINE
8
User.Drawings
6
CONTINUOUS
10
174.1498244792105652
20
-109.2568814896688707
11
174.1623156180944534
21
-109.2538542089665867
0
LINE
8
User.Drawings
6
CONTINUOUS
10
174.1623156180944534
20
-109.2538542089665867
11
175.0279867721477274
21
-109.1321921422098598
0
LINE
8
User.Drawings
6
CONTINUOUS
10
175.0279867721477274
20
-109.1321921422098598
11
175.0408284566746033
21
-109.1316588932267848
0
LINE
8
User.Drawings
6
CONTINUOUS
10
175.0408284566746033
20
-109.1316588932267848
11
175.0655956864918323
21
-109.1380648744529793
0
LINE
8
User.Drawings
6
CONTINUOUS
10
186.3193215633630757
20
-107.5564571324367904
11
186.3397511186654754
21
-107.5718522928317924
0
LINE
8
User.Drawings
6
CONTINUOUS
10
186.3397511186654754
20
-107.5718522928317924
11
186.3527352943140443
21
-107.5938938335846871
0
LINE
8
User.Drawings
6
CONTINUOUS
10
186.3527352943140443
20
-107.5938938335846871
11
186.3557625750163425
21
-107.6063849724685753
0
LINE
8
User.Drawings
6
CONTINUOUS
10
186.3557625750163425
20
-107.6063849724685753
11
186.4774246417730694
21
-108.4720561265218493
0
LINE
8
User.Drawings
6
CONTINUOUS
10
186.4774246417730694
20
-108.4720561265218493
11
186.4779578907561586
21
-108.484897811048711
0
LINE
8
User.Drawings
6
CONTINUOUS
10
186.4779578907561586
20
-108.484897811048711
11
186.4715519095299499
21
-108.5096650408659258
0
LINE
8
User.Drawings
6
CONTINUOUS
10
186.4715519095299499
20
-108.5096650408659258
11
186.4561567491349479
21
-108.5300945961683539
0
LINE
8
User.Drawings
6
CONTINUOUS
10
186.4561567491349479
20
-108.5300945961683539
11
186.4341152083820248
21
-108.5430787718169228
0
LINE
8
User.Drawings
6
CONTINUOUS
10
186.4341152083820248
20
-108.5430787718169228
11
186.408782384971289
21
-108.5466393015022817
0
LINE
8
User.Drawings
6
CONTINUOUS
10
186.408782384971289
20
-108.5466393015022817
11
186.38401515515406
21
-108.540233320276073
0
LINE
8
User.Drawings
6
CONTINUOUS
10
186.38401515515406
20
-108.540233320276073
11
186.3635855998516604
21
-108.5248381598810852
0
LINE
8
User.Drawings
6
CONTINUOUS
10
186.3635855998516604
20
-108.5248381598810852
11
186.3506014242030915
21
-108.5027966191281763
0
LINE
8
User.Drawings
6
CONTINUOUS
10
186.3506014242030915
20
-108.5027966191281763
11
186.3475741435007933
21
-108.4903054802442881
0
LINE
8
User.Drawings
6
CONTINUOUS
10
186.3475741435007933
20
-108.4903054802442881
11
186.2350358794266185
21
-107.6895587011484849
0
LINE
8
User.Drawings
6
CONTINUOUS
10
186.2350358794266185
20
-107.6895587011484849
11
185.4342908486881356
21
-107.8020969652226597
0
LINE
8
User.Drawings
6
CONTINUOUS
10
185.4342908486881356
20
-107.8020969652226597
11
185.4214491641612881
21
-107.8026302142057347
0
LINE
8
User.Drawings
6
CONTINUOUS
10
185.4214491641612881
20
-107.8026302142057347
11
185.3966819343440875
21
-107.7962242329795401
0
LINE
8
User.Drawings
6
CONTINUOUS
10
185.3966819343440875
20
-107.7962242329795401
11
185.376252379041631
21
-107.7808290725845524
0
LINE
8
User.Drawings
6
CONTINUOUS
10
185.376252379041631
20
-107.7808290725845524
11
185.3632682033930621
21
-107.7587875318316293
0
LINE
8
User.Drawings
6
CONTINUOUS
10
185.3632682033930621
20
-107.7587875318316293
11
185.3597076737077032
21
-107.7334547084208936
0
LINE
8
User.Drawings
6
CONTINUOUS
10
185.3597076737077032
20
-107.7334547084208936
11
185.3661136549339119
21
-107.7086874786036645
0
LINE
8
User.Drawings
6
CONTINUOUS
10
185.3661136549339119
20
-107.7086874786036645
11
185.3815088153289139
21
-107.6882579233012507
0
LINE
8
User.Drawings
6
CONTINUOUS
10
185.3815088153289139
20
-107.6882579233012507
11
185.4035503560818086
21
-107.675273747652696
0
LINE
8
User.Drawings
6
CONTINUOUS
10
185.4035503560818086
20
-107.675273747652696
11
185.4160414949656968
21
-107.6722464669503978
0
LINE
8
User.Drawings
6
CONTINUOUS
10
185.4160414949656968
20
-107.6722464669503978
11
186.2817126490189708
21
-107.5505844001936708
0
LINE
8
User.Drawings
6
CONTINUOUS
10
186.2817126490189708
20
-107.5505844001936708
11
186.2945543335458183
21
-107.5500511512105817
0
LINE
8
User.Drawings
6
CONTINUOUS
10
186.2945543335458183
20
-107.5500511512105817
11
186.3193215633630757
21
-107.5564571324367904
0
LINE
8
User.Drawings
6
CONTINUOUS
10
192.2725630386048579
20
-118.1958303526210443
11
192.2929925939072859
21
-118.2112255130160463
0
LINE
8
User.Drawings
6
CONTINUOUS
10
192.2929925939072859
20
-118.2112255130160463
11
192.3059767695558548
21
-118.233267053768941
0
LINE
8
User.Drawings
6
CONTINUOUS
10
192.3059767695558548
20
-118.233267053768941
11
192.3090040502581246
21
-118.2457581926528292
0
LINE
8
User.Drawings
6
CONTINUOUS
10
192.3090040502581246
20
-118.2457581926528292
11
192.4215414401536464
21
-119.0465040975699651
0
LINE
8
User.Drawings
6
CONTINUOUS
10
192.4215414401536464
20
-119.0465040975699651
11
193.2222873450707823
21
-118.9339667076744718
0
LINE
8
User.Drawings
6
CONTINUOUS
10
193.2222873450707823
20
-118.9339667076744718
11
193.2351290295976298
21
-118.9334334586913826
0
LINE
8
User.Drawings
6
CONTINUOUS
10
193.2351290295976298
20
-118.9334334586913826
11
193.2598962594148304
21
-118.9398394399175913
0
LINE
8
User.Drawings
6
CONTINUOUS
10
193.2598962594148304
20
-118.9398394399175913
11
193.2803258147172869
21
-118.9552346003125791
0
LINE
8
User.Drawings
6
CONTINUOUS
10
193.2803258147172869
20
-118.9552346003125791
11
193.2933099903658558
21
-118.977276141065488
0
LINE
8
User.Drawings
6
CONTINUOUS
10
193.2933099903658558
20
-118.977276141065488
11
193.2968705200512147
21
-119.0026089644762237
0
LINE
8
User.Drawings
6
CONTINUOUS
10
193.2968705200512147
20
-119.0026089644762237
11
193.2904645388250344
21
-119.0273761942934527
0
LINE
8
User.Drawings
6
CONTINUOUS
10
193.2904645388250344
20
-119.0273761942934527
11
193.2750693784300324
21
-119.0478057495958808
0
LINE
8
User.Drawings
6
CONTINUOUS
10
193.2750693784300324
20
-119.0478057495958808
11
193.2530278376771093
21
-119.0607899252444497
0
LINE
8
User.Drawings
6
CONTINUOUS
10
193.2530278376771093
20
-119.0607899252444497
11
193.2405366987932211
21
-119.0638172059467195
0
LINE
8
User.Drawings
6
CONTINUOUS
10
193.2405366987932211
20
-119.0638172059467195
11
192.3748655447399472
21
-119.1854792727034464
0
LINE
8
User.Drawings
6
CONTINUOUS
10
192.3748655447399472
20
-119.1854792727034464
11
192.3620238602130996
21
-119.1860125216865356
0
LINE
8
User.Drawings
6
CONTINUOUS
10
192.3620238602130996
20
-119.1860125216865356
11
192.3372566303958706
21
-119.1796065404603269
0
LINE
8
User.Drawings
6
CONTINUOUS
10
192.3372566303958706
20
-119.1796065404603269
11
192.3168270750934425
21
-119.1642113800653249
0
LINE
8
User.Drawings
6
CONTINUOUS
10
192.3168270750934425
20
-119.1642113800653249
11
192.3038428994448736
21
-119.1421698393124302
0
LINE
8
User.Drawings
6
CONTINUOUS
10
192.3038428994448736
20
-119.1421698393124302
11
192.3008156187426039
21
-119.129678700428542
0
LINE
8
User.Drawings
6
CONTINUOUS
10
192.3008156187426039
20
-119.129678700428542
11
192.1791535519858485
21
-118.264007546375268
0
LINE
8
User.Drawings
6
CONTINUOUS
10
192.1791535519858485
20
-118.264007546375268
11
192.1786203030027878
21
-118.2511658618484063
0
LINE
8
User.Drawings
6
CONTINUOUS
10
192.1786203030027878
20
-118.2511658618484063
11
192.1850262842289681
21
-118.2263986320311915
0
LINE
8
User.Drawings
6
CONTINUOUS
10
192.1850262842289681
20
-118.2263986320311915
11
192.20042144462397
21
-118.2059690767287776
0
LINE
8
User.Drawings
6
CONTINUOUS
10
192.20042144462397
20
-118.2059690767287776
11
192.2224629853768931
21
-118.1929849010801945
0
LINE
8
User.Drawings
6
CONTINUOUS
10
192.2224629853768931
20
-118.1929849010801945
11
192.2477958087876289
21
-118.1894243713948498
0
LINE
8
User.Drawings
6
CONTINUOUS
10
192.2477958087876289
20
-118.1894243713948498
11
192.2725630386048579
21
-118.1958303526210443
0
LINE
8
User.Drawings
6
CONTINUOUS
10
204.3919600695293468
20
-116.4925605438481284
11
204.4123896248317749
21
-116.5079557042431162
0
LINE
8
User.Drawings
6
CONTINUOUS
10
204.4123896248317749
20
-116.5079557042431162
11
204.4253738004803438
21
-116.5299972449960251
0
LINE
8
User.Drawings
6
CONTINUOUS
10
204.4253738004803438
20
-116.5299972449960251
11
204.4284010811826136
21
-116.5424883838799133
0
LINE
8
User.Drawings
6
CONTINUOUS
10
204.4284010811826136
20
-116.5424883838799133
11
204.5500631479393689
21
-117.4081595379331873
0
LINE
8
User.Drawings
6
CONTINUOUS
10
204.5500631479393689
20
-117.4081595379331873
11
204.5505963969224297
21
-117.4210012224600348
0
LINE
8
User.Drawings
6
CONTINUOUS
10
204.5505963969224297
20
-117.4210012224600348
11
204.5441904156962494
21
-117.4457684522772496
0
LINE
8
User.Drawings
6
CONTINUOUS
10
204.5441904156962494
20
-117.4457684522772496
11
204.5287952553012474
21
-117.4661980075796919
0
LINE
8
User.Drawings
6
CONTINUOUS
10
204.5287952553012474
20
-117.4661980075796919
11
204.5067537145483527
21
-117.4791821832282466
0
LINE
8
User.Drawings
6
CONTINUOUS
10
204.5067537145483527
20
-117.4791821832282466
11
204.4942625756644645
21
-117.4822094639305305
0
LINE
8
User.Drawings
6
CONTINUOUS
10
204.4942625756644645
20
-117.4822094639305305
11
203.6285914216111905
21
-117.6038715306872717
0
LINE
8
User.Drawings
6
CONTINUOUS
10
203.6285914216111905
20
-117.6038715306872717
11
203.6157497370843146
21
-117.6044047796703325
0
LINE
8
User.Drawings
6
CONTINUOUS
10
203.6157497370843146
20
-117.6044047796703325
11
203.590982507267114
21
-117.5979987984441522
0
LINE
8
User.Drawings
6
CONTINUOUS
10
203.590982507267114
20
-117.5979987984441522
11
203.5705529519646575
21
-117.5826036380491502
0
LINE
8
User.Drawings
6
CONTINUOUS
10
203.5705529519646575
20
-117.5826036380491502
11
203.5575687763160886
21
-117.5605620972962413
0
LINE
8
User.Drawings
6
CONTINUOUS
10
203.5575687763160886
20
-117.5605620972962413
11
203.5540082466307581
21
-117.5352292738854914
0
LINE
8
User.Drawings
6
CONTINUOUS
10
203.5540082466307581
20
-117.5352292738854914
11
203.5604142278569668
21
-117.5104620440682908
0
LINE
8
User.Drawings
6
CONTINUOUS
10
203.5604142278569668
20
-117.5104620440682908
11
203.5758093882519404
21
-117.4900324887658627
0
LINE
8
User.Drawings
6
CONTINUOUS
10
203.5758093882519404
20
-117.4900324887658627
11
203.5978509290048351
21
-117.4770483131172938
0
LINE
8
User.Drawings
6
CONTINUOUS
10
203.5978509290048351
20
-117.4770483131172938
11
203.6103420678887232
21
-117.4740210324150098
0
LINE
8
User.Drawings
6
CONTINUOUS
10
203.6103420678887232
20
-117.4740210324150098
11
204.4110879728058876
21
-117.361482768340835
0
LINE
8
User.Drawings
6
CONTINUOUS
10
204.4110879728058876
20
-117.361482768340835
11
204.2985505829103658
21
-116.5607377376023521
0
LINE
8
User.Drawings
6
CONTINUOUS
10
204.2985505829103658
20
-116.5607377376023521
11
204.2980173339273051
21
-116.5478960530754904
0
LINE
8
User.Drawings
6
CONTINUOUS
10
204.2980173339273051
20
-116.5478960530754904
11
204.3044233151535138
21
-116.5231288232582756
0
LINE
8
User.Drawings
6
CONTINUOUS
10
204.3044233151535138
20
-116.5231288232582756
11
204.3198184755484874
21
-116.5026992679558475
0
LINE
8
User.Drawings
6
CONTINUOUS
10
204.3198184755484874
20
-116.5026992679558475
11
204.3418600163013821
21
-116.4897150923072786
0
LINE
8
User.Drawings
6
CONTINUOUS
10
204.3418600163013821
20
-116.4897150923072786
11
204.3671928397121462
21
-116.4861545626219339
0
LINE
8
User.Drawings
6
CONTINUOUS
10
204.3671928397121462
20
-116.4861545626219339
11
204.3919600695293468
21
-116.4925605438481284
0
LINE
8
User.Drawings
6
CONTINUOUS
10
191.5566264506419429
20
-106.820442408993074
11
191.577056005944371
21
-106.835837569388076
0
LINE
8
User.Drawings
6
CONTINUOUS
10
191.577056005944371
20
-106.835837569388076
11
191.5900401815929399
21
-106.8578791101409848
0
LINE
8
User.Drawings
6
CONTINUOUS
10
191.5900401815929399
20
-106.8578791101409848
11
191.5936007112782704
21
-106.8832119335517206
0
LINE
8
User.Drawings
6
CONTINUOUS
10
191.5936007112782704
20
-106.8832119335517206
11
191.5871947300521185
21
-106.9079791633689496
0
LINE
8
User.Drawings
6
CONTINUOUS
10
191.5871947300521185
20
-106.9079791633689496
11
191.5717995696571165
21
-106.9284087186713776
0
LINE
8
User.Drawings
6
CONTINUOUS
10
191.5717995696571165
20
-106.9284087186713776
11
191.5497580289041935
21
-106.9413928943199323
0
LINE
8
User.Drawings
6
CONTINUOUS
10
191.5497580289041935
20
-106.9413928943199323
11
191.5372668900203053
21
-106.9444201750222305
0
LINE
8
User.Drawings
6
CONTINUOUS
10
191.5372668900203053
20
-106.9444201750222305
11
190.7365201109245163
21
-107.0569575649177239
0
LINE
8
User.Drawings
6
CONTINUOUS
10
190.7365201109245163
20
-107.0569575649177239
11
190.8490583749986911
21
-107.857703469834874
0
LINE
8
User.Drawings
6
CONTINUOUS
10
190.8490583749986911
20
-107.857703469834874
11
190.8495916239817234
21
-107.8705451543617357
0
LINE
8
User.Drawings
6
CONTINUOUS
10
190.8495916239817234
20
-107.8705451543617357
11
190.8431856427555715
21
-107.8953123841789505
0
LINE
8
User.Drawings
6
CONTINUOUS
10
190.8431856427555715
20
-107.8953123841789505
11
190.8277904823605695
21
-107.9157419394813786
0
LINE
8
User.Drawings
6
CONTINUOUS
10
190.8277904823605695
20
-107.9157419394813786
11
190.8057489416076464
21
-107.9287261151299475
0
LINE
8
User.Drawings
6
CONTINUOUS
10
190.8057489416076464
20
-107.9287261151299475
11
190.7804161181968823
21
-107.9322866448153064
0
LINE
8
User.Drawings
6
CONTINUOUS
10
190.7804161181968823
20
-107.9322866448153064
11
190.7556488883796817
21
-107.9258806635890977
0
LINE
8
User.Drawings
6
CONTINUOUS
10
190.7556488883796817
20
-107.9258806635890977
11
190.7352193330772536
21
-107.9104855031941099
0
LINE
8
User.Drawings
6
CONTINUOUS
10
190.7352193330772536
20
-107.9104855031941099
11
190.7222351574287131
21
-107.8884439624412011
0
LINE
8
User.Drawings
6
CONTINUOUS
10
190.7222351574287131
20
-107.8884439624412011
11
190.719207876726415
21
-107.8759528235573129
0
LINE
8
User.Drawings
6
CONTINUOUS
10
190.719207876726415
20
-107.8759528235573129
11
190.597545809969688
21
-107.0102816695040389
0
LINE
8
User.Drawings
6
CONTINUOUS
10
190.597545809969688
20
-107.0102816695040389
11
190.5970125609865988
21
-106.9974399849771771
0
LINE
8
User.Drawings
6
CONTINUOUS
10
190.5970125609865988
20
-106.9974399849771771
11
190.6034185422128076
21
-106.9726727551599623
0
LINE
8
User.Drawings
6
CONTINUOUS
10
190.6034185422128076
20
-106.9726727551599623
11
190.6188137026078095
21
-106.9522431998575485
0
LINE
8
User.Drawings
6
CONTINUOUS
10
190.6188137026078095
20
-106.9522431998575485
11
190.6408552433606758
21
-106.9392590242089796
0
LINE
8
User.Drawings
6
CONTINUOUS
10
190.6408552433606758
20
-106.9392590242089796
11
190.6533463822445924
21
-106.9362317435066956
0
LINE
8
User.Drawings
6
CONTINUOUS
10
190.6533463822445924
20
-106.9362317435066956
11
191.519017536297838
21
-106.8145696767499544
0
LINE
8
User.Drawings
6
CONTINUOUS
10
191.519017536297838
20
-106.8145696767499544
11
191.5318592208247139
21
-106.8140364277668795
0
LINE
8
User.Drawings
6
CONTINUOUS
10
191.5318592208247139
20
-106.8140364277668795
11
191.5566264506419429
21
-106.820442408993074
0
LINE
8
User.Drawings
6
CONTINUOUS
10
202.8103523275131863
20
-105.2388346669768993
11
202.830781882815586
21
-105.254229827371887
0
LINE
8
User.Drawings
6
CONTINUOUS
10
202.830781882815586
20
-105.254229827371887
11
202.8437660584641549
21
-105.2762713681247959
0
LINE
8
User.Drawings
6
CONTINUOUS
10
202.8437660584641549
20
-105.2762713681247959
11
202.8467933391664531
21
-105.2887625070086841
0
LINE
8
User.Drawings
6
CONTINUOUS
10
202.8467933391664531
20
-105.2887625070086841
11
202.96845540592318
21
-106.1544336610619581
0
LINE
8
User.Drawings
6
CONTINUOUS
10
202.96845540592318
20
-106.1544336610619581
11
202.9689886549062408
21
-106.1672753455888198
0
LINE
8
User.Drawings
6
CONTINUOUS
10
202.9689886549062408
20
-106.1672753455888198
11
202.9625826736800605
21
-106.1920425754060204
0
LINE
8
User.Drawings
6
CONTINUOUS
10
202.9625826736800605
20
-106.1920425754060204
11
202.9471875132850585
21
-106.2124721307084627
0
LINE
8
User.Drawings
6
CONTINUOUS
10
202.9471875132850585
20
-106.2124721307084627
11
202.9251459725321354
21
-106.2254563063570174
0
LINE
8
User.Drawings
6
CONTINUOUS
10
202.9251459725321354
20
-106.2254563063570174
11
202.8998131491213996
21
-106.2290168360423905
0
LINE
8
User.Drawings
6
CONTINUOUS
10
202.8998131491213996
20
-106.2290168360423905
11
202.8750459193041706
21
-106.2226108548161818
0
LINE
8
User.Drawings
6
CONTINUOUS
10
202.8750459193041706
20
-106.2226108548161818
11
202.854616364001771
21
-106.2072156944211798
0
LINE
8
User.Drawings
6
CONTINUOUS
10
202.854616364001771
20
-106.2072156944211798
11
202.8416321883532021
21
-106.1851741536682852
0
LINE
8
User.Drawings
6
CONTINUOUS
10
202.8416321883532021
20
-106.1851741536682852
11
202.8386049076509039
21
-106.172683014784397
0
LINE
8
User.Drawings
6
CONTINUOUS
10
202.8386049076509039
20
-106.172683014784397
11
202.7260666435767291
21
-105.3719362356885938
0
LINE
8
User.Drawings
6
CONTINUOUS
10
202.7260666435767291
20
-105.3719362356885938
11
201.9253216128382462
21
-105.4844744997627686
0
LINE
8
User.Drawings
6
CONTINUOUS
10
201.9253216128382462
20
-105.4844744997627686
11
201.9124799283113987
21
-105.4850077487458435
0
LINE
8
User.Drawings
6
CONTINUOUS
10
201.9124799283113987
20
-105.4850077487458435
11
201.8877126984941981
21
-105.478601767519649
0
LINE
8
User.Drawings
6
CONTINUOUS
10
201.8877126984941981
20
-105.478601767519649
11
201.8672831431917416
21
-105.463206607124647
0
LINE
8
User.Drawings
6
CONTINUOUS
10
201.8672831431917416
20
-105.463206607124647
11
201.8542989675431727
21
-105.4411650663717381
0
LINE
8
User.Drawings
6
CONTINUOUS
10
201.8542989675431727
20
-105.4411650663717381
11
201.8507384378578138
21
-105.4158322429610024
0
LINE
8
User.Drawings
6
CONTINUOUS
10
201.8507384378578138
20
-105.4158322429610024
11
201.8571444190840225
21
-105.3910650131437734
0
LINE
8
User.Drawings
6
CONTINUOUS
10
201.8571444190840225
20
-105.3910650131437734
11
201.8725395794790245
21
-105.3706354578413453
0
LINE
8
User.Drawings
6
CONTINUOUS
10
201.8725395794790245
20
-105.3706354578413453
11
201.8945811202319192
21
-105.3576512821927906
0
LINE
8
User.Drawings
6
CONTINUOUS
10
201.8945811202319192
20
-105.3576512821927906
11
201.9070722591158074
21
-105.3546240014904924
0
LINE
8
User.Drawings
6
CONTINUOUS
10
201.9070722591158074
20
-105.3546240014904924
11
202.7727434131690814
21
-105.2329619347337797
0
LINE
8
User.Drawings
6
CONTINUOUS
10
202.7727434131690814
20
-105.2329619347337797
11
202.7855850976959289
21
-105.2324286857506905
0
LINE
8
User.Drawings
6
CONTINUOUS
10
202.7855850976959289
20
-105.2324286857506905
11
202.8103523275131863
21
-105.2388346669768993
0
LINE
8
User.Drawings
6
CONTINUOUS
10
208.7635938027549685
20
-115.878207887161139
11
208.7840233580573965
21
-115.893603047556141
0
LINE
8
User.Drawings
6
CONTINUOUS
10
208.7840233580573965
20
-115.893603047556141
11
208.797007533705937
21
-115.9156445883090498
0
LINE
8
User.Drawings
6
CONTINUOUS
10
208.797007533705937
20
-115.9156445883090498
11
208.8000348144082352
21
-115.928135727192938
0
LINE
8
User.Drawings
6
CONTINUOUS
10
208.8000348144082352
20
-115.928135727192938
11
208.9125722043037285
21
-116.7288816321100882
0
LINE
8
User.Drawings
6
CONTINUOUS
10
208.9125722043037285
20
-116.7288816321100882
11
209.7133181092208929
21
-116.6163442422145664
0
LINE
8
User.Drawings
6
CONTINUOUS
10
209.7133181092208929
20
-116.6163442422145664
11
209.7261597937477404
21
-116.6158109932314915
0
LINE
8
User.Drawings
6
CONTINUOUS
10
209.7261597937477404
20
-116.6158109932314915
11
209.750927023564941
21
-116.622216974457686
0
LINE
8
User.Drawings
6
CONTINUOUS
10
209.750927023564941
20
-116.622216974457686
11
209.7713565788673975
21
-116.637612134852688
0
LINE
8
User.Drawings
6
CONTINUOUS
10
209.7713565788673975
20
-116.637612134852688
11
209.7843407545159664
21
-116.6596536756055968
0
LINE
8
User.Drawings
6
CONTINUOUS
10
209.7843407545159664
20
-116.6596536756055968
11
209.7879012842013253
21
-116.6849864990163184
0
LINE
8
User.Drawings
6
CONTINUOUS
10
209.7879012842013253
20
-116.6849864990163184
11
209.7814953029751166
21
-116.7097537288335474
0
LINE
8
User.Drawings
6
CONTINUOUS
10
209.7814953029751166
20
-116.7097537288335474
11
209.7661001425801146
21
-116.7301832841359754
0
LINE
8
User.Drawings
6
CONTINUOUS
10
209.7661001425801146
20
-116.7301832841359754
11
209.7440586018272199
21
-116.7431674597845443
0
LINE
8
User.Drawings
6
CONTINUOUS
10
209.7440586018272199
20
-116.7431674597845443
11
209.7315674629433317
21
-116.7461947404868283
0
LINE
8
User.Drawings
6
CONTINUOUS
10
209.7315674629433317
20
-116.7461947404868283
11
208.8658963088900578
21
-116.8678568072435553
0
LINE
8
User.Drawings
6
CONTINUOUS
10
208.8658963088900578
20
-116.8678568072435553
11
208.8530546243632102
21
-116.8683900562266302
0
LINE
8
User.Drawings
6
CONTINUOUS
10
208.8530546243632102
20
-116.8683900562266302
11
208.8282873945459812
21
-116.8619840750004499
0
LINE
8
User.Drawings
6
CONTINUOUS
10
208.8282873945459812
20
-116.8619840750004499
11
208.8078578392435531
21
-116.8465889146054479
0
LINE
8
User.Drawings
6
CONTINUOUS
10
208.8078578392435531
20
-116.8465889146054479
11
208.7948736635949842
21
-116.8245473738525249
0
LINE
8
User.Drawings
6
CONTINUOUS
10
208.7948736635949842
20
-116.8245473738525249
11
208.7918463828927145
21
-116.8120562349686509
0
LINE
8
User.Drawings
6
CONTINUOUS
10
208.7918463828927145
20
-116.8120562349686509
11
208.6701843161359591
21
-115.9463850809153769
0
LINE
8
User.Drawings
6
CONTINUOUS
10
208.6701843161359591
20
-115.9463850809153769
11
208.6696510671528983
21
-115.9335433963885151
0
LINE
8
User.Drawings
6
CONTINUOUS
10
208.6696510671528983
20
-115.9335433963885151
11
208.6760570483790787
21
-115.9087761665713003
0
LINE
8
User.Drawings
6
CONTINUOUS
10
208.6760570483790787
20
-115.9087761665713003
11
208.6914522087740806
21
-115.8883466112688723
0
LINE
8
User.Drawings
6
CONTINUOUS
10
208.6914522087740806
20
-115.8883466112688723
11
208.7134937495270037
21
-115.8753624356203034
0
LINE
8
User.Drawings
6
CONTINUOUS
10
208.7134937495270037
20
-115.8753624356203034
11
208.7388265729377395
21
-115.8718019059349587
0
LINE
8
User.Drawings
6
CONTINUOUS
10
208.7388265729377395
20
-115.8718019059349587
11
208.7635938027549685
21
-115.878207887161139
0
LINE
8
User.Drawings
6
CONTINUOUS
10
220.8829908336794574
20
-114.1749380783882231
11
220.9034203889818855
21
-114.1903332387832251
0
LINE
8
User.Drawings
6
CONTINUOUS
10
220.9034203889818855
20
-114.1903332387832251
11
220.9164045646304828
21
-114.2123747795361197
0
LINE
8
User.Drawings
6
CONTINUOUS
10
220.9164045646304828
20
-114.2123747795361197
11
220.9194318453327242
21
-114.2248659184200079
0
LINE
8
User.Drawings
6
CONTINUOUS
10
220.9194318453327242
20
-114.2248659184200079
11
221.0410939120894511
21
-115.0905370724732819
0
LINE
8
User.Drawings
6
CONTINUOUS
10
221.0410939120894511
20
-115.0905370724732819
11
221.0416271610725403
21
-115.1033787570001437
0
LINE
8
User.Drawings
6
CONTINUOUS
10
221.0416271610725403
20
-115.1033787570001437
11
221.0352211798463316
21
-115.1281459868173584
0
LINE
8
User.Drawings
6
CONTINUOUS
10
221.0352211798463316
20
-115.1281459868173584
11
221.0198260194513296
21
-115.1485755421198007
0
LINE
8
User.Drawings
6
CONTINUOUS
10
221.0198260194513296
20
-115.1485755421198007
11
220.9977844786984633
21
-115.1615597177683554
0
LINE
8
User.Drawings
6
CONTINUOUS
10
220.9977844786984633
20
-115.1615597177683554
11
220.9852933398145751
21
-115.1645869984706394
0
LINE
8
User.Drawings
6
CONTINUOUS
10
220.9852933398145751
20
-115.1645869984706394
11
220.1196221857613011
21
-115.2862490652273664
0
LINE
8
User.Drawings
6
CONTINUOUS
10
220.1196221857613011
20
-115.2862490652273664
11
220.1067805012344252
21
-115.2867823142104413
0
LINE
8
User.Drawings
6
CONTINUOUS
10
220.1067805012344252
20
-115.2867823142104413
11
220.0820132714172246
21
-115.2803763329842468
0
LINE
8
User.Drawings
6
CONTINUOUS
10
220.0820132714172246
20
-115.2803763329842468
11
220.0615837161147681
21
-115.264981172589259
0
LINE
8
User.Drawings
6
CONTINUOUS
10
220.0615837161147681
20
-115.264981172589259
11
220.0485995404661992
21
-115.2429396318363501
0
LINE
8
User.Drawings
6
CONTINUOUS
10
220.0485995404661992
20
-115.2429396318363501
11
220.0450390107808687
21
-115.2176068084256002
0
LINE
8
User.Drawings
6
CONTINUOUS
10
220.0450390107808687
20
-115.2176068084256002
11
220.0514449920070774
21
-115.1928395786083854
0
LINE
8
User.Drawings
6
CONTINUOUS
10
220.0514449920070774
20
-115.1928395786083854
11
220.066840152402051
21
-115.1724100233059573
0
LINE
8
User.Drawings
6
CONTINUOUS
10
220.066840152402051
20
-115.1724100233059573
11
220.0888816931549457
21
-115.1594258476573884
0
LINE
8
User.Drawings
6
CONTINUOUS
10
220.0888816931549457
20
-115.1594258476573884
11
220.1013728320388338
21
-115.1563985669551187
0
LINE
8
User.Drawings
6
CONTINUOUS
10
220.1013728320388338
20
-115.1563985669551187
11
220.9021187369559982
21
-115.0438603028809439
0
LINE
8
User.Drawings
6
CONTINUOUS
10
220.9021187369559982
20
-115.0438603028809439
11
220.7895813470605049
21
-114.2431152721424468
0
LINE
8
User.Drawings
6
CONTINUOUS
10
220.7895813470605049
20
-114.2431152721424468
11
220.7890480980774157
21
-114.230273587615585
0
LINE
8
User.Drawings
6
CONTINUOUS
10
220.7890480980774157
20
-114.230273587615585
11
220.7954540793036244
21
-114.2055063577983844
0
LINE
8
User.Drawings
6
CONTINUOUS
10
220.7954540793036244
20
-114.2055063577983844
11
220.810849239698598
21
-114.1850768024959564
0
LINE
8
User.Drawings
6
CONTINUOUS
10
220.810849239698598
20
-114.1850768024959564
11
220.8328907804514927
21
-114.1720926268473875
0
LINE
8
User.Drawings
6
CONTINUOUS
10
220.8328907804514927
20
-114.1720926268473875
11
220.8582236038622568
21
-114.1685320971620285
0
LINE
8
User.Drawings
6
CONTINUOUS
10
220.8582236038622568
20
-114.1685320971620285
11
220.8829908336794574
21
-114.1749380783882231
0
LINE
8
User.Drawings
6
CONTINUOUS
10
208.0476572147920251
20
-104.5028199435331828
11
208.0680867700944816
21
-104.5182151039281706
0
LINE
8
User.Drawings
6
CONTINUOUS
10
208.0680867700944816
20
-104.5182151039281706
11
208.0810709457430505
21
-104.5402566446810937
0
LINE
8
User.Drawings
6
CONTINUOUS
10
208.0810709457430505
20
-104.5402566446810937
11
208.084631475428381
21
-104.5655894680918294
0
LINE
8
User.Drawings
6
CONTINUOUS
10
208.084631475428381
20
-104.5655894680918294
11
208.0782254942022007
21
-104.5903566979090584
0
LINE
8
User.Drawings
6
CONTINUOUS
10
208.0782254942022007
20
-104.5903566979090584
11
208.0628303338071987
21
-104.6107862532114723
0
LINE
8
User.Drawings
6
CONTINUOUS
10
208.0628303338071987
20
-104.6107862532114723
11
208.0407887930543041
21
-104.623770428860027
0
LINE
8
User.Drawings
6
CONTINUOUS
10
208.0407887930543041
20
-104.623770428860027
11
208.0282976541704159
21
-104.6267977095623252
0
LINE
8
User.Drawings
6
CONTINUOUS
10
208.0282976541704159
20
-104.6267977095623252
11
207.2275508750746269
21
-104.7393350994578469
0
LINE
8
User.Drawings
6
CONTINUOUS
10
207.2275508750746269
20
-104.7393350994578469
11
207.3400891391488017
21
-105.5400810043749829
0
LINE
8
User.Drawings
6
CONTINUOUS
10
207.3400891391488017
20
-105.5400810043749829
11
207.340622388131834
21
-105.5529226889018304
0
LINE
8
User.Drawings
6
CONTINUOUS
10
207.340622388131834
20
-105.5529226889018304
11
207.3342164069056821
21
-105.5776899187190452
0
LINE
8
User.Drawings
6
CONTINUOUS
10
207.3342164069056821
20
-105.5776899187190452
11
207.3188212465106801
21
-105.5981194740214875
0
LINE
8
User.Drawings
6
CONTINUOUS
10
207.3188212465106801
20
-105.5981194740214875
11
207.296779705757757
21
-105.6111036496700422
0
LINE
8
User.Drawings
6
CONTINUOUS
10
207.296779705757757
20
-105.6111036496700422
11
207.2714468823470213
21
-105.6146641793554011
0
LINE
8
User.Drawings
6
CONTINUOUS
10
207.2714468823470213
20
-105.6146641793554011
11
207.2466796525297923
21
-105.6082581981292066
0
LINE
8
User.Drawings
6
CONTINUOUS
10
207.2466796525297923
20
-105.6082581981292066
11
207.2262500972273642
21
-105.5928630377342046
0
LINE
8
User.Drawings
6
CONTINUOUS
10
207.2262500972273642
20
-105.5928630377342046
11
207.2132659215788237
21
-105.5708214969813099
0
LINE
8
User.Drawings
6
CONTINUOUS
10
207.2132659215788237
20
-105.5708214969813099
11
207.2102386408765256
21
-105.5583303580974075
0
LINE
8
User.Drawings
6
CONTINUOUS
10
207.2102386408765256
20
-105.5583303580974075
11
207.0885765741197986
21
-104.6926592040441477
0
LINE
8
User.Drawings
6
CONTINUOUS
10
207.0885765741197986
20
-104.6926592040441477
11
207.0880433251367094
21
-104.679817519517286
0
LINE
8
User.Drawings
6
CONTINUOUS
10
207.0880433251367094
20
-104.679817519517286
11
207.0944493063629182
21
-104.6550502897000712
0
LINE
8
User.Drawings
6
CONTINUOUS
10
207.0944493063629182
20
-104.6550502897000712
11
207.1098444667579201
21
-104.6346207343976431
0
LINE
8
User.Drawings
6
CONTINUOUS
10
207.1098444667579201
20
-104.6346207343976431
11
207.1318860075108148
21
-104.6216365587490742
0
LINE
8
User.Drawings
6
CONTINUOUS
10
207.1318860075108148
20
-104.6216365587490742
11
207.144377146394703
21
-104.6186092780467902
0
LINE
8
User.Drawings
6
CONTINUOUS
10
207.144377146394703
20
-104.6186092780467902
11
208.0100483004479486
21
-104.4969472112900633
0
LINE
8
User.Drawings
6
CONTINUOUS
10
208.0100483004479486
20
-104.4969472112900633
11
208.0228899849748245
21
-104.4964139623069883
0
LINE
8
User.Drawings
6
CONTINUOUS
10
208.0228899849748245
20
-104.4964139623069883
11
208.0476572147920251
21
-104.5028199435331828
0
LINE
8
User.Drawings
6
CONTINUOUS
10
219.3013830916632685
20
-102.9212122015169939
11
219.3218126469656966
21
-102.9366073619119959
0
LINE
8
User.Drawings
6
CONTINUOUS
10
219.3218126469656966
20
-102.9366073619119959
11
219.3347968226142655
21
-102.9586489026648906
0
LINE
8
User.Drawings
6
CONTINUOUS
10
219.3347968226142655
20
-102.9586489026648906
11
219.3378241033165352
21
-102.9711400415487788
0
LINE
8
User.Drawings
6
CONTINUOUS
10
219.3378241033165352
20
-102.9711400415487788
11
219.4594861700732906
21
-103.8368111956020527
0
LINE
8
User.Drawings
6
CONTINUOUS
10
219.4594861700732906
20
-103.8368111956020527
11
219.4600194190563514
21
-103.8496528801289145
0
LINE
8
User.Drawings
6
CONTINUOUS
10
219.4600194190563514
20
-103.8496528801289145
11
219.4536134378301711
21
-103.8744201099461293
0
LINE
8
User.Drawings
6
CONTINUOUS
10
219.4536134378301711
20
-103.8744201099461293
11
219.4382182774351691
21
-103.8948496652485716
0
LINE
8
User.Drawings
6
CONTINUOUS
10
219.4382182774351691
20
-103.8948496652485716
11
219.416176736682246
21
-103.9078338408971263
0
LINE
8
User.Drawings
6
CONTINUOUS
10
219.416176736682246
20
-103.9078338408971263
11
219.3908439132715102
21
-103.9113943705824852
0
LINE
8
User.Drawings
6
CONTINUOUS
10
219.3908439132715102
20
-103.9113943705824852
11
219.3660766834542812
21
-103.9049883893562765
0
LINE
8
User.Drawings
6
CONTINUOUS
10
219.3660766834542812
20
-103.9049883893562765
11
219.3456471281518816
21
-103.8895932289613029
0
LINE
8
User.Drawings
6
CONTINUOUS
10
219.3456471281518816
20
-103.8895932289613029
11
219.3326629525033127
21
-103.8675516882083798
0
LINE
8
User.Drawings
6
CONTINUOUS
10
219.3326629525033127
20
-103.8675516882083798
11
219.3296356718010145
21
-103.8550605493244916
0
LINE
8
User.Drawings
6
CONTINUOUS
10
219.3296356718010145
20
-103.8550605493244916
11
219.2170974077268397
21
-103.0543137702286884
0
LINE
8
User.Drawings
6
CONTINUOUS
10
219.2170974077268397
20
-103.0543137702286884
11
218.4163523769883852
21
-103.1668520343028774
0
LINE
8
User.Drawings
6
CONTINUOUS
10
218.4163523769883852
20
-103.1668520343028774
11
218.4035106924615093
21
-103.1673852832859382
0
LINE
8
User.Drawings
6
CONTINUOUS
10
218.4035106924615093
20
-103.1673852832859382
11
218.3787434626443087
21
-103.1609793020597436
0
LINE
8
User.Drawings
6
CONTINUOUS
10
218.3787434626443087
20
-103.1609793020597436
11
218.3583139073418522
21
-103.1455841416647559
0
LINE
8
User.Drawings
6
CONTINUOUS
10
218.3583139073418522
20
-103.1455841416647559
11
218.3453297316932833
21
-103.123542600911847
0
LINE
8
User.Drawings
6
CONTINUOUS
10
218.3453297316932833
20
-103.123542600911847
11
218.3417692020079528
21
-103.0982097775010971
0
LINE
8
User.Drawings
6
CONTINUOUS
10
218.3417692020079528
20
-103.0982097775010971
11
218.3481751832341331
21
-103.073442547683868
0
LINE
8
User.Drawings
6
CONTINUOUS
10
218.3481751832341331
20
-103.073442547683868
11
218.3635703436291351
21
-103.0530129923814542
0
LINE
8
User.Drawings
6
CONTINUOUS
10
218.3635703436291351
20
-103.0530129923814542
11
218.3856118843820298
21
-103.0400288167328995
0
LINE
8
User.Drawings
6
CONTINUOUS
10
218.3856118843820298
20
-103.0400288167328995
11
218.398103023265918
21
-103.0370015360306013
0
LINE
8
User.Drawings
6
CONTINUOUS
10
218.398103023265918
20
-103.0370015360306013
11
219.2637741773191919
21
-102.9153394692738743
0
LINE
8
User.Drawings
6
CONTINUOUS
10
219.2637741773191919
20
-102.9153394692738743
11
219.2766158618460395
21
-102.9148062202907994
0
LINE
8
User.Drawings
6
CONTINUOUS
10
219.2766158618460395
20
-102.9148062202907994
11
219.3013830916632685
21
-102.9212122015169939
0
LINE
8
User.Drawings
6
CONTINUOUS
10
242.9293998875479019
20
-115.5028110932197194
11
242.9474883923967639
21
-115.5208995980685813
0
LINE
8
User.Drawings
6
CONTINUOUS
10
242.9474883923967639
20
-115.5208995980685813
11
242.9572783192188297
21
-115.544533892341434
0
LINE
8
User.Drawings
6
CONTINUOUS
10
242.9572783192188297
20
-115.544533892341434
11
242.9585380106690025
21
-115.5573248745059658
0
LINE
8
User.Drawings
6
CONTINUOUS
10
242.9585380106690025
20
-115.5573248745059658
11
242.9585380106690025
21
-116.3659401357274419
0
LINE
8
User.Drawings
6
CONTINUOUS
10
242.9585380106690025
20
-116.3659401357274419
11
243.7671532718905212
21
-116.3659401357274419
0
LINE
8
User.Drawings
6
CONTINUOUS
10
243.7671532718905212
20
-116.3659401357274419
11
243.7799442540550388
21
-116.3671998271776289
0
LINE
8
User.Drawings
6
CONTINUOUS
10
243.7799442540550388
20
-116.3671998271776289
11
243.8035785483278914
21
-116.3769897539997089
0
LINE
8
User.Drawings
6
CONTINUOUS
10
243.8035785483278914
20
-116.3769897539997089
11
243.8216670531767534
21
-116.3950782588485566
0
LINE
8
User.Drawings
6
CONTINUOUS
10
243.8216670531767534
20
-116.3950782588485566
11
243.8314569799988192
21
-116.4187125531214093
0
LINE
8
User.Drawings
6
CONTINUOUS
10
243.8314569799988192
20
-116.4187125531214093
11
243.8314569799988192
21
-116.4442945174504729
0
LINE
8
User.Drawings
6
CONTINUOUS
10
243.8314569799988192
20
-116.4442945174504729
11
243.8216670531767534
21
-116.4679288117233114
0
LINE
8
User.Drawings
6
CONTINUOUS
10
243.8216670531767534
20
-116.4679288117233114
11
243.8035785483278914
21
-116.4860173165721875
0
LINE
8
User.Drawings
6
CONTINUOUS
10
243.8035785483278914
20
-116.4860173165721875
11
243.7799442540550388
21
-116.4958072433942533
0
LINE
8
User.Drawings
6
CONTINUOUS
10
243.7799442540550388
20
-116.4958072433942533
11
243.7671532718905212
21
-116.4970669348444403
0
LINE
8
User.Drawings
6
CONTINUOUS
10
243.7671532718905212
20
-116.4970669348444403
11
242.8929746111105317
21
-116.4970669348444403
0
LINE
8
User.Drawings
6
CONTINUOUS
10
242.8929746111105317
20
-116.4970669348444403
11
242.8801836289459857
21
-116.4958072433942533
0
LINE
8
User.Drawings
6
CONTINUOUS
10
242.8801836289459857
20
-116.4958072433942533
11
242.856549334673133
21
-116.4860173165721875
0
LINE
8
User.Drawings
6
CONTINUOUS
10
242.856549334673133
20
-116.4860173165721875
11
242.8384608298242995
21
-116.4679288117233114
0
LINE
8
User.Drawings
6
CONTINUOUS
10
242.8384608298242995
20
-116.4679288117233114
11
242.8286709030022053
21
-116.4442945174504729
0
LINE
8
User.Drawings
6
CONTINUOUS
10
242.8286709030022053
20
-116.4442945174504729
11
242.827411211552004
21
-116.4315035352859411
0
LINE
8
User.Drawings
6
CONTINUOUS
10
242.827411211552004
20
-116.4315035352859411
11
242.827411211552004
21
-115.5573248745059658
0
LINE
8
User.Drawings
6
CONTINUOUS
10
242.827411211552004
20
-115.5573248745059658
11
242.8286709030022053
21
-115.544533892341434
0
LINE
8
User.Drawings
6
CONTINUOUS
10
242.8286709030022053
20
-115.544533892341434
11
242.8384608298242995
21
-115.5208995980685813
0
LINE
8
User.Drawings
6
CONTINUOUS
10
242.8384608298242995
20
-115.5208995980685813
11
242.856549334673133
21
-115.5028110932197194
0
LINE
8
User.Drawings
6
CONTINUOUS
10
242.856549334673133
20
-115.5028110932197194
11
242.8801836289459857
21
-115.4930211663976394
0
LINE
8
User.Drawings
6
CONTINUOUS
10
242.8801836289459857
20
-115.4930211663976394
11
242.9057655932750492
21
-115.4930211663976394
0
LINE
8
User.Drawings
6
CONTINUOUS
10
242.9057655932750492
20
-115.4930211663976394
11
242.9293998875479019
21
-115.5028110932197194
0
LINE
8
User.Drawings
6
CONTINUOUS
10
255.1679011384676983
20
-115.5028110932197194
11
255.1859896433165602
21
-115.5208995980685813
0
LINE
8
User.Drawings
6
CONTINUOUS
10
255.1859896433165602
20
-115.5208995980685813
11
255.195779570138626
21
-115.544533892341434
0
LINE
8
User.Drawings
6
CONTINUOUS
10
255.195779570138626
20
-115.544533892341434
11
255.1970392615887988
21
-115.5573248745059658
0
LINE
8
User.Drawings
6
CONTINUOUS
10
255.1970392615887988
20
-115.5573248745059658
11
255.1970392615887988
21
-116.4315035352859411
0
LINE
8
User.Drawings
6
CONTINUOUS
10
255.1970392615887988
20
-116.4315035352859411
11
255.195779570138626
21
-116.4442945174504729
0
LINE
8
User.Drawings
6
CONTINUOUS
10
255.195779570138626
20
-116.4442945174504729
11
255.1859896433165602
21
-116.4679288117233114
0
LINE
8
User.Drawings
6
CONTINUOUS
10
255.1859896433165602
20
-116.4679288117233114
11
255.1679011384676983
21
-116.4860173165721875
0
LINE
8
User.Drawings
6
CONTINUOUS
10
255.1679011384676983
20
-116.4860173165721875
11
255.1442668441948456
21
-116.4958072433942533
0
LINE
8
User.Drawings
6
CONTINUOUS
10
255.1442668441948456
20
-116.4958072433942533
11
255.131475862030328
21
-116.4970669348444403
0
LINE
8
User.Drawings
6
CONTINUOUS
10
255.131475862030328
20
-116.4970669348444403
11
254.2572972012503385
21
-116.4970669348444403
0
LINE
8
User.Drawings
6
CONTINUOUS
10
254.2572972012503385
20
-116.4970669348444403
11
254.2445062190857925
21
-116.4958072433942533
0
LINE
8
User.Drawings
6
CONTINUOUS
10
254.2445062190857925
20
-116.4958072433942533
11
254.2208719248129398
21
-116.4860173165721875
0
LINE
8
User.Drawings
6
CONTINUOUS
10
254.2208719248129398
20
-116.4860173165721875
11
254.2027834199641063
21
-116.4679288117233114
0
LINE
8
User.Drawings
6
CONTINUOUS
10
254.2027834199641063
20
-116.4679288117233114
11
254.1929934931419837
21
-116.4442945174504729
0
LINE
8
User.Drawings
6
CONTINUOUS
10
254.1929934931419837
20
-116.4442945174504729
11
254.1929934931419837
21
-116.4187125531214093
0
LINE
8
User.Drawings
6
CONTINUOUS
10
254.1929934931419837
20
-116.4187125531214093
11
254.2027834199641063
21
-116.3950782588485566
0
LINE
8
User.Drawings
6
CONTINUOUS
10
254.2027834199641063
20
-116.3950782588485566
11
254.2208719248129398
21
-116.3769897539997089
0
LINE
8
User.Drawings
6
CONTINUOUS
10
254.2208719248129398
20
-116.3769897539997089
11
254.2445062190857925
21
-116.3671998271776289
0
LINE
8
User.Drawings
6
CONTINUOUS
10
254.2445062190857925
20
-116.3671998271776289
11
254.2572972012503385
21
-116.3659401357274419
0
LINE
8
User.Drawings
6
CONTINUOUS
10
254.2572972012503385
20
-116.3659401357274419
11
255.0659124624718004
21
-116.3659401357274419
0
LINE
8
User.Drawings
6
CONTINUOUS
10
255.0659124624718004
20
-116.3659401357274419
11
255.0659124624718004
21
-115.5573248745059658
0
LINE
8
User.Drawings
6
CONTINUOUS
10
255.0659124624718004
20
-115.5573248745059658
11
255.0671721539219732
21
-115.544533892341434
0
LINE
8
User.Drawings
6
CONTINUOUS
10
255.0671721539219732
20
-115.544533892341434
11
255.0769620807440674
21
-115.5208995980685813
0
LINE
8
User.Drawings
6
CONTINUOUS
10
255.0769620807440674
20
-115.5208995980685813
11
255.0950505855929009
21
-115.5028110932197194
0
LINE
8
User.Drawings
6
CONTINUOUS
10
255.0950505855929009
20
-115.5028110932197194
11
255.118684879865782
21
-115.4930211663976394
0
LINE
8
User.Drawings
6
CONTINUOUS
10
255.118684879865782
20
-115.4930211663976394
11
255.1442668441948456
21
-115.4930211663976394
0
LINE
8
User.Drawings
6
CONTINUOUS
10
255.1442668441948456
20
-115.4930211663976394
11
255.1679011384676983
21
-115.5028110932197194
0
LINE
8
User.Drawings
6
CONTINUOUS
10
243.7799442540550388
20
-104.1286985762578325
11
243.8035785483278914
21
-104.1384885030798984
0
LINE
8
User.Drawings
6
CONTINUOUS
10
243.8035785483278914
20
-104.1384885030798984
11
243.8216670531767534
21
-104.1565770079287745
0
LINE
8
User.Drawings
6
CONTINUOUS
10
243.8216670531767534
20
-104.1565770079287745
11
243.8314569799988192
21
-104.180211302201613
0
LINE
8
User.Drawings
6
CONTINUOUS
10
243.8314569799988192
20
-104.180211302201613
11
243.8314569799988192
21
-104.2057932665306907
0
LINE
8
User.Drawings
6
CONTINUOUS
10
243.8314569799988192
20
-104.2057932665306907
11
243.8216670531767534
21
-104.2294275608035292
0
LINE
8
User.Drawings
6
CONTINUOUS
10
243.8216670531767534
20
-104.2294275608035292
11
243.8035785483278914
21
-104.2475160656523911
0
LINE
8
User.Drawings
6
CONTINUOUS
10
243.8035785483278914
20
-104.2475160656523911
11
243.7799442540550388
21
-104.257305992474457
0
LINE
8
User.Drawings
6
CONTINUOUS
10
243.7799442540550388
20
-104.257305992474457
11
243.7671532718905212
21
-104.258565683924644
0
LINE
8
User.Drawings
6
CONTINUOUS
10
243.7671532718905212
20
-104.258565683924644
11
242.9585380106690025
21
-104.258565683924644
0
LINE
8
User.Drawings
6
CONTINUOUS
10
242.9585380106690025
20
-104.258565683924644
11
242.9585380106690025
21
-105.0671809451461343
0
LINE
8
User.Drawings
6
CONTINUOUS
10
242.9585380106690025
20
-105.0671809451461343
11
242.9572783192188297
21
-105.079971927310666
0
LINE
8
User.Drawings
6
CONTINUOUS
10
242.9572783192188297
20
-105.079971927310666
11
242.9474883923967639
21
-105.1036062215835045
0
LINE
8
User.Drawings
6
CONTINUOUS
10
242.9474883923967639
20
-105.1036062215835045
11
242.9293998875479019
21
-105.1216947264323807
0
LINE
8
User.Drawings
6
CONTINUOUS
10
242.9293998875479019
20
-105.1216947264323807
11
242.9057655932750492
21
-105.1314846532544465
0
LINE
8
User.Drawings
6
CONTINUOUS
10
242.9057655932750492
20
-105.1314846532544465
11
242.8801836289459857
21
-105.1314846532544465
0
LINE
8
User.Drawings
6
CONTINUOUS
10
242.8801836289459857
20
-105.1314846532544465
11
242.856549334673133
21
-105.1216947264323807
0
LINE
8
User.Drawings
6
CONTINUOUS
10
242.856549334673133
20
-105.1216947264323807
11
242.8384608298242995
21
-105.1036062215835045
0
LINE
8
User.Drawings
6
CONTINUOUS
10
242.8384608298242995
20
-105.1036062215835045
11
242.8286709030022053
21
-105.079971927310666
0
LINE
8
User.Drawings
6
CONTINUOUS
10
242.8286709030022053
20
-105.079971927310666
11
242.827411211552004
21
-105.0671809451461343
0
LINE
8
User.Drawings
6
CONTINUOUS
10
242.827411211552004
20
-105.0671809451461343
11
242.827411211552004
21
-104.1930022843661447
0
LINE
8
User.Drawings
6
CONTINUOUS
10
242.827411211552004
20
-104.1930022843661447
11
242.8286709030022053
21
-104.180211302201613
0
LINE
8
User.Drawings
6
CONTINUOUS
10
242.8286709030022053
20
-104.180211302201613
11
242.8384608298242995
21
-104.1565770079287745
0
LINE
8
User.Drawings
6
CONTINUOUS
10
242.8384608298242995
20
-104.1565770079287745
11
242.856549334673133
21
-104.1384885030798984
0
LINE
8
User.Drawings
6
CONTINUOUS
10
242.856549334673133
20
-104.1384885030798984
11
242.8801836289459857
21
-104.1286985762578325
0
LINE
8
User.Drawings
6
CONTINUOUS
10
242.8801836289459857
20
-104.1286985762578325
11
242.8929746111105317
21
-104.1274388848076597
0
LINE
8
User.Drawings
6
CONTINUOUS
10
242.8929746111105317
20
-104.1274388848076597
11
243.7671532718905212
21
-104.1274388848076597
0
LINE
8
User.Drawings
6
CONTINUOUS
10
243.7671532718905212
20
-104.1274388848076597
11
243.7799442540550388
21
-104.1286985762578325
0
LINE
8
User.Drawings
6
CONTINUOUS
10
255.1442668441948456
20
-104.1286985762578325
11
255.1679011384676983
21
-104.1384885030798984
0
LINE
8
User.Drawings
6
CONTINUOUS
10
255.1679011384676983
20
-104.1384885030798984
11
255.1859896433165602
21
-104.1565770079287745
0
LINE
8
User.Drawings
6
CONTINUOUS
10
255.1859896433165602
20
-104.1565770079287745
11
255.195779570138626
21
-104.180211302201613
0
LINE
8
User.Drawings
6
CONTINUOUS
10
255.195779570138626
20
-104.180211302201613
11
255.1970392615887988
21
-104.1930022843661447
0
LINE
8
User.Drawings
6
CONTINUOUS
10
255.1970392615887988
20
-104.1930022843661447
11
255.1970392615887988
21
-105.0671809451461343
0
LINE
8
User.Drawings
6
CONTINUOUS
10
255.1970392615887988
20
-105.0671809451461343
11
255.195779570138626
21
-105.079971927310666
0
LINE
8
User.Drawings
6
CONTINUOUS
10
255.195779570138626
20
-105.079971927310666
11
255.1859896433165602
21
-105.1036062215835045
0
LINE
8
User.Drawings
6
CONTINUOUS
10
255.1859896433165602
20
-105.1036062215835045
11
255.1679011384676983
21
-105.1216947264323807
0
LINE
8
User.Drawings
6
CONTINUOUS
10
255.1679011384676983
20
-105.1216947264323807
11
255.1442668441948456
21
-105.1314846532544465
0
LINE
8
User.Drawings
6
CONTINUOUS
10
255.1442668441948456
20
-105.1314846532544465
11
255.118684879865782
21
-105.1314846532544465
0
LINE
8
User.Drawings
6
CONTINUOUS
10
255.118684879865782
20
-105.1314846532544465
11
255.0950505855929009
21
-105.1216947264323807
0
LINE
8
User.Drawings
6
CONTINUOUS
10
255.0950505855929009
20
-105.1216947264323807
11
255.0769620807440674
21
-105.1036062215835045
0
LINE
8
User.Drawings
6
CONTINUOUS
10
255.0769620807440674
20
-105.1036062215835045
11
255.0671721539219732
21
-105.079971927310666
0
LINE
8
User.Drawings
6
CONTINUOUS
10
255.0671721539219732
20
-105.079971927310666
11
255.0659124624718004
21
-105.0671809451461343
0
LINE
8
User.Drawings
6
CONTINUOUS
10
255.0659124624718004
20
-105.0671809451461343
11
255.0659124624718004
21
-104.258565683924644
0
LINE
8
User.Drawings
6
CONTINUOUS
10
255.0659124624718004
20
-104.258565683924644
11
254.2572972012503385
21
-104.258565683924644
0
LINE
8
User.Drawings
6
CONTINUOUS
10
254.2572972012503385
20
-104.258565683924644
11
254.2445062190857925
21
-104.257305992474457
0
LINE
8
User.Drawings
6
CONTINUOUS
10
254.2445062190857925
20
-104.257305992474457
11
254.2208719248129398
21
-104.2475160656523911
0
LINE
8
User.Drawings
6
CONTINUOUS
10
254.2208719248129398
20
-104.2475160656523911
11
254.2027834199641063
21
-104.2294275608035292
0
LINE
8
User.Drawings
6
CONTINUOUS
10
254.2027834199641063
20
-104.2294275608035292
11
254.1929934931419837
21
-104.2057932665306907
0
LINE
8
User.Drawings
6
CONTINUOUS
10
254.1929934931419837
20
-104.2057932665306907
11
254.1929934931419837
21
-104.180211302201613
0
LINE
8
User.Drawings
6
CONTINUOUS
10
254.1929934931419837
20
-104.180211302201613
11
254.2027834199641063
21
-104.1565770079287745
0
LINE
8
User.Drawings
6
CONTINUOUS
10
254.2027834199641063
20
-104.1565770079287745
11
254.2208719248129398
21
-104.1384885030798984
0
LINE
8
User.Drawings
6
CONTINUOUS
10
254.2208719248129398
20
-104.1384885030798984
11
254.2445062190857925
21
-104.1286985762578325
0
LINE
8
User.Drawings
6
CONTINUOUS
10
254.2445062190857925
20
-104.1286985762578325
11
254.2572972012503385
21
-104.1274388848076597
0
LINE
8
User.Drawings
6
CONTINUOUS
10
254.2572972012503385
20
-104.1274388848076597
11
255.131475862030328
21
-104.1274388848076597
0
LINE
8
User.Drawings
6
CONTINUOUS
10
255.131475862030328
20
-104.1274388848076597
11
255.1442668441948456
21
-104.1286985762578325
0
LINE
8
User.Drawings
6
CONTINUOUS
10
226.3291842086663621
20
-115.4459894802690201
11
226.347272713515224
21
-115.464077985117882
0
LINE
8
User.Drawings
6
CONTINUOUS
10
226.347272713515224
20
-115.464077985117882
11
226.3570626403373183
21
-115.4877122793907347
0
LINE
8
User.Drawings
6
CONTINUOUS
10
226.3570626403373183
20
-115.4877122793907347
11
226.3583223317874911
21
-115.5005032615552665
0
LINE
8
User.Drawings
6
CONTINUOUS
10
226.3583223317874911
20
-115.5005032615552665
11
226.3583223317874911
21
-116.3091185227767426
0
LINE
8
User.Drawings
6
CONTINUOUS
10
226.3583223317874911
20
-116.3091185227767426
11
227.1669375930089814
21
-116.3091185227767426
0
LINE
8
User.Drawings
6
CONTINUOUS
10
227.1669375930089814
20
-116.3091185227767426
11
227.1797285751735274
21
-116.3103782142269296
0
LINE
8
User.Drawings
6
CONTINUOUS
10
227.1797285751735274
20
-116.3103782142269296
11
227.2033628694463516
21
-116.3201681410490096
0
LINE
8
User.Drawings
6
CONTINUOUS
10
227.2033628694463516
20
-116.3201681410490096
11
227.2214513742952136
21
-116.3382566458978573
0
LINE
8
User.Drawings
6
CONTINUOUS
10
227.2214513742952136
20
-116.3382566458978573
11
227.2312413011172794
21
-116.36189094017071
0
LINE
8
User.Drawings
6
CONTINUOUS
10
227.2312413011172794
20
-116.36189094017071
11
227.2312413011172794
21
-116.3874729044997736
0
LINE
8
User.Drawings
6
CONTINUOUS
10
227.2312413011172794
20
-116.3874729044997736
11
227.2214513742952136
21
-116.411107198772612
0
LINE
8
User.Drawings
6
CONTINUOUS
10
227.2214513742952136
20
-116.411107198772612
11
227.2033628694463516
21
-116.4291957036214882
0
LINE
8
User.Drawings
6
CONTINUOUS
10
227.2033628694463516
20
-116.4291957036214882
11
227.1797285751735274
21
-116.438985630443554
0
LINE
8
User.Drawings
6
CONTINUOUS
10
227.1797285751735274
20
-116.438985630443554
11
227.1669375930089814
21
-116.440245321893741
0
LINE
8
User.Drawings
6
CONTINUOUS
10
227.1669375930089814
20
-116.440245321893741
11
226.2927589322289634
21
-116.440245321893741
0
LINE
8
User.Drawings
6
CONTINUOUS
10
226.2927589322289634
20
-116.440245321893741
11
226.2799679500644459
21
-116.438985630443554
0
LINE
8
User.Drawings
6
CONTINUOUS
10
226.2799679500644459
20
-116.438985630443554
11
226.2563336557915932
21
-116.4291957036214882
0
LINE
8
User.Drawings
6
CONTINUOUS
10
226.2563336557915932
20
-116.4291957036214882
11
226.2382451509427312
21
-116.411107198772612
0
LINE
8
User.Drawings
6
CONTINUOUS
10
226.2382451509427312
20
-116.411107198772612
11
226.2284552241206654
21
-116.3874729044997736
0
LINE
8
User.Drawings
6
CONTINUOUS
10
226.2284552241206654
20
-116.3874729044997736
11
226.2271955326704926
21
-116.3746819223352418
0
LINE
8
User.Drawings
6
CONTINUOUS
10
226.2271955326704926
20
-116.3746819223352418
11
226.2271955326704926
21
-115.5005032615552665
0
LINE
8
User.Drawings
6
CONTINUOUS
10
226.2271955326704926
20
-115.5005032615552665
11
226.2284552241206654
21
-115.4877122793907347
0
LINE
8
User.Drawings
6
CONTINUOUS
10
226.2284552241206654
20
-115.4877122793907347
11
226.2382451509427312
21
-115.464077985117882
0
LINE
8
User.Drawings
6
CONTINUOUS
10
226.2382451509427312
20
-115.464077985117882
11
226.2563336557915932
21
-115.4459894802690201
0
LINE
8
User.Drawings
6
CONTINUOUS
10
226.2563336557915932
20
-115.4459894802690201
11
226.2799679500644459
21
-115.4361995534469401
0
LINE
8
User.Drawings
6
CONTINUOUS
10
226.2799679500644459
20
-115.4361995534469401
11
226.3055499143935094
21
-115.4361995534469401
0
LINE
8
User.Drawings
6
CONTINUOUS
10
226.3055499143935094
20
-115.4361995534469401
11
226.3291842086663621
21
-115.4459894802690201
0
LINE
8
User.Drawings
6
CONTINUOUS
10
238.5676854595861585
20
-115.4459894802690201
11
238.5857739644350204
21
-115.464077985117882
0
LINE
8
User.Drawings
6
CONTINUOUS
10
238.5857739644350204
20
-115.464077985117882
11
238.5955638912570862
21
-115.4877122793907347
0
LINE
8
User.Drawings
6
CONTINUOUS
10
238.5955638912570862
20
-115.4877122793907347
11
238.5968235827072874
21
-115.5005032615552665
0
LINE
8
User.Drawings
6
CONTINUOUS
10
238.5968235827072874
20
-115.5005032615552665
11
238.5968235827072874
21
-116.3746819223352418
0
LINE
8
User.Drawings
6
CONTINUOUS
10
238.5968235827072874
20
-116.3746819223352418
11
238.5955638912570862
21
-116.3874729044997736
0
LINE
8
User.Drawings
6
CONTINUOUS
10
238.5955638912570862
20
-116.3874729044997736
11
238.5857739644350204
21
-116.411107198772612
0
LINE
8
User.Drawings
6
CONTINUOUS
10
238.5857739644350204
20
-116.411107198772612
11
238.5676854595861585
21
-116.4291957036214882
0
LINE
8
User.Drawings
6
CONTINUOUS
10
238.5676854595861585
20
-116.4291957036214882
11
238.5440511653133342
21
-116.438985630443554
0
LINE
8
User.Drawings
6
CONTINUOUS
10
238.5440511653133342
20
-116.438985630443554
11
238.5312601831487882
21
-116.440245321893741
0
LINE
8
User.Drawings
6
CONTINUOUS
10
238.5312601831487882
20
-116.440245321893741
11
237.6570815223687987
21
-116.440245321893741
0
LINE
8
User.Drawings
6
CONTINUOUS
10
237.6570815223687987
20
-116.440245321893741
11
237.6442905402042527
21
-116.438985630443554
0
LINE
8
User.Drawings
6
CONTINUOUS
10
237.6442905402042527
20
-116.438985630443554
11
237.6206562459314
21
-116.4291957036214882
0
LINE
8
User.Drawings
6
CONTINUOUS
10
237.6206562459314
20
-116.4291957036214882
11
237.6025677410825381
21
-116.411107198772612
0
LINE
8
User.Drawings
6
CONTINUOUS
10
237.6025677410825381
20
-116.411107198772612
11
237.5927778142604723
21
-116.3874729044997736
0
LINE
8
User.Drawings
6
CONTINUOUS
10
237.5927778142604723
20
-116.3874729044997736
11
237.5927778142604723
21
-116.36189094017071
0
LINE
8
User.Drawings
6
CONTINUOUS
10
237.5927778142604723
20
-116.36189094017071
11
237.6025677410825381
21
-116.3382566458978573
0
LINE
8
User.Drawings
6
CONTINUOUS
10
237.6025677410825381
20
-116.3382566458978573
11
237.6206562459314
21
-116.3201681410490096
0
LINE
8
User.Drawings
6
CONTINUOUS
10
237.6206562459314
20
-116.3201681410490096
11
237.6442905402042527
21
-116.3103782142269296
0
LINE
8
User.Drawings
6
CONTINUOUS
10
237.6442905402042527
20
-116.3103782142269296
11
237.6570815223687987
21
-116.3091185227767426
0
LINE
8
User.Drawings
6
CONTINUOUS
10
237.6570815223687987
20
-116.3091185227767426
11
238.465696783590289
21
-116.3091185227767426
0
LINE
8
User.Drawings
6
CONTINUOUS
10
238.465696783590289
20
-116.3091185227767426
11
238.465696783590289
21
-115.5005032615552665
0
LINE
8
User.Drawings
6
CONTINUOUS
10
238.465696783590289
20
-115.5005032615552665
11
238.4669564750404618
21
-115.4877122793907347
0
LINE
8
User.Drawings
6
CONTINUOUS
10
238.4669564750404618
20
-115.4877122793907347
11
238.476746401862556
21
-115.464077985117882
0
LINE
8
User.Drawings
6
CONTINUOUS
10
238.476746401862556
20
-115.464077985117882
11
238.4948349067113895
21
-115.4459894802690201
0
LINE
8
User.Drawings
6
CONTINUOUS
10
238.4948349067113895
20
-115.4459894802690201
11
238.5184692009842706
21
-115.4361995534469401
0
LINE
8
User.Drawings
6
CONTINUOUS
10
238.5184692009842706
20
-115.4361995534469401
11
238.5440511653133342
21
-115.4361995534469401
0
LINE
8
User.Drawings
6
CONTINUOUS
10
238.5440511653133342
20
-115.4361995534469401
11
238.5676854595861585
21
-115.4459894802690201
0
LINE
8
User.Drawings
6
CONTINUOUS
10
227.1797285751735274
20
-104.0718769633071332
11
227.2033628694463516
21
-104.081666890129199
0
LINE
8
User.Drawings
6
CONTINUOUS
10
227.2033628694463516
20
-104.081666890129199
11
227.2214513742952136
21
-104.0997553949780752
0
LINE
8
User.Drawings
6
CONTINUOUS
10
227.2214513742952136
20
-104.0997553949780752
11
227.2312413011172794
21
-104.1233896892509136
0
LINE
8
User.Drawings
6
CONTINUOUS
10
227.2312413011172794
20
-104.1233896892509136
11
227.2312413011172794
21
-104.1489716535799772
0
LINE
8
User.Drawings
6
CONTINUOUS
10
227.2312413011172794
20
-104.1489716535799772
11
227.2214513742952136
21
-104.1726059478528299
0
LINE
8
User.Drawings
6
CONTINUOUS
10
227.2214513742952136
20
-104.1726059478528299
11
227.2033628694463516
21
-104.1906944527016776
0
LINE
8
User.Drawings
6
CONTINUOUS
10
227.2033628694463516
20
-104.1906944527016776
11
227.1797285751735274
21
-104.2004843795237576
0
LINE
8
User.Drawings
6
CONTINUOUS
10
227.1797285751735274
20
-104.2004843795237576
11
227.1669375930089814
21
-104.2017440709739446
0
LINE
8
User.Drawings
6
CONTINUOUS
10
227.1669375930089814
20
-104.2017440709739446
11
226.3583223317874911
21
-104.2017440709739446
0
LINE
8
User.Drawings
6
CONTINUOUS
10
226.3583223317874911
20
-104.2017440709739446
11
226.3583223317874911
21
-105.0103593321954349
0
LINE
8
User.Drawings
6
CONTINUOUS
10
226.3583223317874911
20
-105.0103593321954349
11
226.3570626403373183
21
-105.0231503143599667
0
LINE
8
User.Drawings
6
CONTINUOUS
10
226.3570626403373183
20
-105.0231503143599667
11
226.347272713515224
21
-105.0467846086328194
0
LINE
8
User.Drawings
6
CONTINUOUS
10
226.347272713515224
20
-105.0467846086328194
11
226.3291842086663621
21
-105.0648731134816813
0
LINE
8
User.Drawings
6
CONTINUOUS
10
226.3291842086663621
20
-105.0648731134816813
11
226.3055499143935094
21
-105.0746630403037472
0
LINE
8
User.Drawings
6
CONTINUOUS
10
226.3055499143935094
20
-105.0746630403037472
11
226.2799679500644459
21
-105.0746630403037472
0
LINE
8
User.Drawings
6
CONTINUOUS
10
226.2799679500644459
20
-105.0746630403037472
11
226.2563336557915932
21
-105.0648731134816813
0
LINE
8
User.Drawings
6
CONTINUOUS
10
226.2563336557915932
20
-105.0648731134816813
11
226.2382451509427312
21
-105.0467846086328194
0
LINE
8
User.Drawings
6
CONTINUOUS
10
226.2382451509427312
20
-105.0467846086328194
11
226.2284552241206654
21
-105.0231503143599667
0
LINE
8
User.Drawings
6
CONTINUOUS
10
226.2284552241206654
20
-105.0231503143599667
11
226.2271955326704926
21
-105.0103593321954349
0
LINE
8
User.Drawings
6
CONTINUOUS
10
226.2271955326704926
20
-105.0103593321954349
11
226.2271955326704926
21
-104.1361806714154454
0
LINE
8
User.Drawings
6
CONTINUOUS
10
226.2271955326704926
20
-104.1361806714154454
11
226.2284552241206654
21
-104.1233896892509136
0
LINE
8
User.Drawings
6
CONTINUOUS
10
226.2284552241206654
20
-104.1233896892509136
11
226.2382451509427312
21
-104.0997553949780752
0
LINE
8
User.Drawings
6
CONTINUOUS
10
226.2382451509427312
20
-104.0997553949780752
11
226.2563336557915932
21
-104.081666890129199
0
LINE
8
User.Drawings
6
CONTINUOUS
10
226.2563336557915932
20
-104.081666890129199
11
226.2799679500644459
21
-104.0718769633071332
0
LINE
8
User.Drawings
6
CONTINUOUS
10
226.2799679500644459
20
-104.0718769633071332
11
226.2927589322289634
21
-104.0706172718569462
0
LINE
8
User.Drawings
6
CONTINUOUS
10
226.2927589322289634
20
-104.0706172718569462
11
227.1669375930089814
21
-104.0706172718569462
0
LINE
8
User.Drawings
6
CONTINUOUS
10
227.1669375930089814
20
-104.0706172718569462
11
227.1797285751735274
21
-104.0718769633071332
0
LINE
8
User.Drawings
6
CONTINUOUS
10
238.5440511653133342
20
-104.0718769633071332
11
238.5676854595861585
21
-104.081666890129199
0
LINE
8
User.Drawings
6
CONTINUOUS
10
238.5676854595861585
20
-104.081666890129199
11
238.5857739644350204
21
-104.0997553949780752
0
LINE
8
User.Drawings
6
CONTINUOUS
10
238.5857739644350204
20
-104.0997553949780752
11
238.5955638912570862
21
-104.1233896892509136
0
LINE
8
User.Drawings
6
CONTINUOUS
10
238.5955638912570862
20
-104.1233896892509136
11
238.5968235827072874
21
-104.1361806714154454
0
LINE
8
User.Drawings
6
CONTINUOUS
10
238.5968235827072874
20
-104.1361806714154454
11
238.5968235827072874
21
-105.0103593321954349
0
LINE
8
User.Drawings
6
CONTINUOUS
10
238.5968235827072874
20
-105.0103593321954349
11
238.5955638912570862
21
-105.0231503143599667
0
LINE
8
User.Drawings
6
CONTINUOUS
10
238.5955638912570862
20
-105.0231503143599667
11
238.5857739644350204
21
-105.0467846086328194
0
LINE
8
User.Drawings
6
CONTINUOUS
10
238.5857739644350204
20
-105.0467846086328194
11
238.5676854595861585
21
-105.0648731134816813
0
LINE
8
User.Drawings
6
CONTINUOUS
10
238.5676854595861585
20
-105.0648731134816813
11
238.5440511653133342
21
-105.0746630403037472
0
LINE
8
User.Drawings
6
CONTINUOUS
10
238.5440511653133342
20
-105.0746630403037472
11
238.5184692009842706
21
-105.0746630403037472
0
LINE
8
User.Drawings
6
CONTINUOUS
10
238.5184692009842706
20
-105.0746630403037472
11
238.4948349067113895
21
-105.0648731134816813
0
LINE
8
User.Drawings
6
CONTINUOUS
10
238.4948349067113895
20
-105.0648731134816813
11
238.476746401862556
21
-105.0467846086328194
0
LINE
8
User.Drawings
6
CONTINUOUS
10
238.476746401862556
20
-105.0467846086328194
11
238.4669564750404618
21
-105.0231503143599667
0
LINE
8
User.Drawings
6
CONTINUOUS
10
238.4669564750404618
20
-105.0231503143599667
11
238.465696783590289
21
-105.0103593321954349
0
LINE
8
User.Drawings
6
CONTINUOUS
10
238.465696783590289
20
-105.0103593321954349
11
238.465696783590289
21
-104.2017440709739446
0
LINE
8
User.Drawings
6
CONTINUOUS
10
238.465696783590289
20
-104.2017440709739446
11
237.6570815223687987
21
-104.2017440709739446
0
LINE
8
User.Drawings
6
CONTINUOUS
10
237.6570815223687987
20
-104.2017440709739446
11
237.6442905402042527
21
-104.2004843795237576
0
LINE
8
User.Drawings
6
CONTINUOUS
10
237.6442905402042527
20
-104.2004843795237576
11
237.6206562459314
21
-104.1906944527016776
0
LINE
8
User.Drawings
6
CONTINUOUS
10
237.6206562459314
20
-104.1906944527016776
11
237.6025677410825381
21
-104.1726059478528299
0
LINE
8
User.Drawings
6
CONTINUOUS
10
237.6025677410825381
20
-104.1726059478528299
11
237.5927778142604723
21
-104.1489716535799772
0
LINE
8
User.Drawings
6
CONTINUOUS
10
237.5927778142604723
20
-104.1489716535799772
11
237.5927778142604723
21
-104.1233896892509136
0
LINE
8
User.Drawings
6
CONTINUOUS
10
237.5927778142604723
20
-104.1233896892509136
11
237.6025677410825381
21
-104.0997553949780752
0
LINE
8
User.Drawings
6
CONTINUOUS
10
237.6025677410825381
20
-104.0997553949780752
11
237.6206562459314
21
-104.081666890129199
0
LINE
8
User.Drawings
6
CONTINUOUS
10
237.6206562459314
20
-104.081666890129199
11
237.6442905402042527
21
-104.0718769633071332
0
LINE
8
User.Drawings
6
CONTINUOUS
10
237.6442905402042527
20
-104.0718769633071332
11
237.6570815223687987
21
-104.0706172718569462
0
LINE
8
User.Drawings
6
CONTINUOUS
10
237.6570815223687987
20
-104.0706172718569462
11
238.5312601831487882
21
-104.0706172718569462
0
LINE
8
User.Drawings
6
CONTINUOUS
10
238.5312601831487882
20
-104.0706172718569462
11
238.5440511653133342
21
-104.0718769633071332
0
LINE
8
User.Drawings
6
CONTINUOUS
10
161.2392205809153722
20
-105.7387844365062506
11
161.2596501362178003
21
-105.7541795969012526
0
LINE
8
User.Drawings
6
CONTINUOUS
10
161.2596501362178003
20
-105.7541795969012526
11
161.2726343118663692
21
-105.7762211376541472
0
LINE
8
User.Drawings
6
CONTINUOUS
10
161.2726343118663692
20
-105.7762211376541472
11
161.2756615925686674
21
-105.7887122765380354
0
LINE
8
User.Drawings
6
CONTINUOUS
10
161.2756615925686674
20
-105.7887122765380354
11
161.3881989824641607
21
-106.5894581814551856
0
LINE
8
User.Drawings
6
CONTINUOUS
10
161.3881989824641607
20
-106.5894581814551856
11
162.1889448873812967
21
-106.476920791559678
0
LINE
8
User.Drawings
6
CONTINUOUS
10
162.1889448873812967
20
-106.476920791559678
11
162.2017865719081726
21
-106.4763875425765889
0
LINE
8
User.Drawings
6
CONTINUOUS
10
162.2017865719081726
20
-106.4763875425765889
11
162.2265538017253732
21
-106.4827935238027976
0
LINE
8
User.Drawings
6
CONTINUOUS
10
162.2265538017253732
20
-106.4827935238027976
11
162.2469833570278297
21
-106.4981886841977996
0
LINE
8
User.Drawings
6
CONTINUOUS
10
162.2469833570278297
20
-106.4981886841977996
11
162.2599675326763702
21
-106.5202302249506943
0
LINE
8
User.Drawings
6
CONTINUOUS
10
162.2599675326763702
20
-106.5202302249506943
11
162.2635280623617291
21
-106.5455630483614442
0
LINE
8
User.Drawings
6
CONTINUOUS
10
162.2635280623617291
20
-106.5455630483614442
11
162.2571220811355204
21
-106.570330278178659
0
LINE
8
User.Drawings
6
CONTINUOUS
10
162.2571220811355204
20
-106.570330278178659
11
162.2417269207405468
21
-106.5907598334810871
0
LINE
8
User.Drawings
6
CONTINUOUS
10
162.2417269207405468
20
-106.5907598334810871
11
162.2196853799876237
21
-106.603744009129656
0
LINE
8
User.Drawings
6
CONTINUOUS
10
162.2196853799876237
20
-106.603744009129656
11
162.2071942411037639
21
-106.6067712898319257
0
LINE
8
User.Drawings
6
CONTINUOUS
10
162.2071942411037639
20
-106.6067712898319257
11
161.3415230870504615
21
-106.7284333565886669
0
LINE
8
User.Drawings
6
CONTINUOUS
10
161.3415230870504615
20
-106.7284333565886669
11
161.3286814025236424
21
-106.7289666055717419
0
LINE
8
User.Drawings
6
CONTINUOUS
10
161.3286814025236424
20
-106.7289666055717419
11
161.303914172706385
21
-106.7225606243455474
0
LINE
8
User.Drawings
6
CONTINUOUS
10
161.303914172706385
20
-106.7225606243455474
11
161.2834846174039853
21
-106.7071654639505596
0
LINE
8
User.Drawings
6
CONTINUOUS
10
161.2834846174039853
20
-106.7071654639505596
11
161.2705004417554164
21
-106.6851239231976365
0
LINE
8
User.Drawings
6
CONTINUOUS
10
161.2705004417554164
20
-106.6851239231976365
11
161.2674731610531182
21
-106.6726327843137625
0
LINE
8
User.Drawings
6
CONTINUOUS
10
161.2674731610531182
20
-106.6726327843137625
11
161.1458110942963913
21
-105.8069616302604743
0
LINE
8
User.Drawings
6
CONTINUOUS
10
161.1458110942963913
20
-105.8069616302604743
11
161.1452778453133021
21
-105.7941199457336126
0
LINE
8
User.Drawings
6
CONTINUOUS
10
161.1452778453133021
20
-105.7941199457336126
11
161.1516838265395108
21
-105.769352715916412
0
LINE
8
User.Drawings
6
CONTINUOUS
10
161.1516838265395108
20
-105.769352715916412
11
161.1670789869345128
21
-105.7489231606139839
0
LINE
8
User.Drawings
6
CONTINUOUS
10
161.1670789869345128
20
-105.7489231606139839
11
161.1891205276874359
21
-105.735938984965415
0
LINE
8
User.Drawings
6
CONTINUOUS
10
161.1891205276874359
20
-105.735938984965415
11
161.2144533510981432
21
-105.7323784552800561
0
LINE
8
User.Drawings
6
CONTINUOUS
10
161.2144533510981432
20
-105.7323784552800561
11
161.2392205809153722
21
-105.7387844365062506
0
LINE
8
User.Drawings
6
CONTINUOUS
10
173.3586176118398896
20
-104.0355146277333347
11
173.3790471671422893
21
-104.0509097881283225
0
LINE
8
User.Drawings
6
CONTINUOUS
10
173.3790471671422893
20
-104.0509097881283225
11
173.3920313427908582
21
-104.0729513288812313
0
LINE
8
User.Drawings
6
CONTINUOUS
10
173.3920313427908582
20
-104.0729513288812313
11
173.3950586234931563
21
-104.0854424677651195
0
LINE
8
User.Drawings
6
CONTINUOUS
10
173.3950586234931563
20
-104.0854424677651195
11
173.5167206902498833
21
-104.9511136218183935
0
LINE
8
User.Drawings
6
CONTINUOUS
10
173.5167206902498833
20
-104.9511136218183935
11
173.5172539392329725
21
-104.9639553063452553
0
LINE
8
User.Drawings
6
CONTINUOUS
10
173.5172539392329725
20
-104.9639553063452553
11
173.5108479580067637
21
-104.9887225361624701
0
LINE
8
User.Drawings
6
CONTINUOUS
10
173.5108479580067637
20
-104.9887225361624701
11
173.4954527976117618
21
-105.0091520914648981
0
LINE
8
User.Drawings
6
CONTINUOUS
10
173.4954527976117618
20
-105.0091520914648981
11
173.4734112568588387
21
-105.0221362671134528
0
LINE
8
User.Drawings
6
CONTINUOUS
10
173.4734112568588387
20
-105.0221362671134528
11
173.4609201179749789
21
-105.025163547815751
0
LINE
8
User.Drawings
6
CONTINUOUS
10
173.4609201179749789
20
-105.025163547815751
11
172.5952489639216765
21
-105.146825614572478
0
LINE
8
User.Drawings
6
CONTINUOUS
10
172.5952489639216765
20
-105.146825614572478
11
172.5824072793948574
21
-105.1473588635555387
0
LINE
8
User.Drawings
6
CONTINUOUS
10
172.5824072793948574
20
-105.1473588635555387
11
172.5576400495776284
21
-105.1409528823293584
0
LINE
8
User.Drawings
6
CONTINUOUS
10
172.5576400495776284
20
-105.1409528823293584
11
172.5372104942752003
21
-105.1255577219343564
0
LINE
8
User.Drawings
6
CONTINUOUS
10
172.5372104942752003
20
-105.1255577219343564
11
172.5242263186266314
21
-105.1035161811814618
0
LINE
8
User.Drawings
6
CONTINUOUS
10
172.5242263186266314
20
-105.1035161811814618
11
172.5206657889412725
21
-105.0781833577707118
0
LINE
8
User.Drawings
6
CONTINUOUS
10
172.5206657889412725
20
-105.0781833577707118
11
172.5270717701674528
21
-105.053416127953497
0
LINE
8
User.Drawings
6
CONTINUOUS
10
172.5270717701674528
20
-105.053416127953497
11
172.5424669305624548
21
-105.032986572651069
0
LINE
8
User.Drawings
6
CONTINUOUS
10
172.5424669305624548
20
-105.032986572651069
11
172.5645084713153778
21
-105.0200023970025001
0
LINE
8
User.Drawings
6
CONTINUOUS
10
172.5645084713153778
20
-105.0200023970025001
11
172.576999610199266
21
-105.0169751163002161
0
LINE
8
User.Drawings
6
CONTINUOUS
10
172.576999610199266
20
-105.0169751163002161
11
173.377745515116402
21
-104.9044368522260413
0
LINE
8
User.Drawings
6
CONTINUOUS
10
173.377745515116402
20
-104.9044368522260413
11
173.2652081252208802
21
-104.1036918214875584
0
LINE
8
User.Drawings
6
CONTINUOUS
10
173.2652081252208802
20
-104.1036918214875584
11
173.2646748762377911
21
-104.0908501369607109
0
LINE
8
User.Drawings
6
CONTINUOUS
10
173.2646748762377911
20
-104.0908501369607109
11
173.2710808574639998
21
-104.0660829071434819
0
LINE
8
User.Drawings
6
CONTINUOUS
10
173.2710808574639998
20
-104.0660829071434819
11
173.2864760178590018
21
-104.0456533518410538
0
LINE
8
User.Drawings
6
CONTINUOUS
10
173.2864760178590018
20
-104.0456533518410538
11
173.3085175586119249
21
-104.0326691761924849
0
LINE
8
User.Drawings
6
CONTINUOUS
10
173.3085175586119249
20
-104.0326691761924849
11
173.3338503820226606
21
-104.0291086465071402
0
LINE
8
User.Drawings
6
CONTINUOUS
10
173.3338503820226606
20
-104.0291086465071402
11
173.3586176118398896
21
-104.0355146277333347
0
LINE
8
User.Drawings
6
CONTINUOUS
10
160.5232839929524573
20
-94.3633964928782802
11
160.5437135482549138
21
-94.3787916532732822
0
LINE
8
User.Drawings
6
CONTINUOUS
10
160.5437135482549138
20
-94.3787916532732822
11
160.5566977239034543
21
-94.4008331940261911
0
LINE
8
User.Drawings
6
CONTINUOUS
10
160.5566977239034543
20
-94.4008331940261911
11
160.5602582535888132
21
-94.4261660174369268
0
LINE
8
User.Drawings
6
CONTINUOUS
10
160.5602582535888132
20
-94.4261660174369268
11
160.5538522723626045
21
-94.4509332472541558
0
LINE
8
User.Drawings
6
CONTINUOUS
10
160.5538522723626045
20
-94.4509332472541558
11
160.5384571119676025
21
-94.4713628025565839
0
LINE
8
User.Drawings
6
CONTINUOUS
10
160.5384571119676025
20
-94.4713628025565839
11
160.5164155712147078
21
-94.4843469782051528
0
LINE
8
User.Drawings
6
CONTINUOUS
10
160.5164155712147078
20
-94.4843469782051528
11
160.503924432330848
21
-94.4873742589074368
0
LINE
8
User.Drawings
6
CONTINUOUS
10
160.503924432330848
20
-94.4873742589074368
11
159.7031776532350023
21
-94.5999116488029443
0
LINE
8
User.Drawings
6
CONTINUOUS
10
159.7031776532350023
20
-94.5999116488029443
11
159.815715917309177
21
-95.4006575537200803
0
LINE
8
User.Drawings
6
CONTINUOUS
10
159.815715917309177
20
-95.4006575537200803
11
159.8162491662922662
21
-95.413499238246942
0
LINE
8
User.Drawings
6
CONTINUOUS
10
159.8162491662922662
20
-95.413499238246942
11
159.8098431850660575
21
-95.4382664680641568
0
LINE
8
User.Drawings
6
CONTINUOUS
10
159.8098431850660575
20
-95.4382664680641568
11
159.7944480246710839
21
-95.4586960233665991
0
LINE
8
User.Drawings
6
CONTINUOUS
10
159.7944480246710839
20
-95.4586960233665991
11
159.7724064839181892
21
-95.4716801990151538
0
LINE
8
User.Drawings
6
CONTINUOUS
10
159.7724064839181892
20
-95.4716801990151538
11
159.7470736605074251
21
-95.4752407287005127
0
LINE
8
User.Drawings
6
CONTINUOUS
10
159.7470736605074251
20
-95.4752407287005127
11
159.7223064306902245
21
-95.4688347474743182
0
LINE
8
User.Drawings
6
CONTINUOUS
10
159.7223064306902245
20
-95.4688347474743182
11
159.701876875387768
21
-95.4534395870793304
0
LINE
8
User.Drawings
6
CONTINUOUS
10
159.701876875387768
20
-95.4534395870793304
11
159.6888926997391991
21
-95.4313980463264073
0
LINE
8
User.Drawings
6
CONTINUOUS
10
159.6888926997391991
20
-95.4313980463264073
11
159.6858654190369577
21
-95.4189069074425333
0
LINE
8
User.Drawings
6
CONTINUOUS
10
159.6858654190369577
20
-95.4189069074425333
11
159.5642033522802024
21
-94.5532357533892451
0
LINE
8
User.Drawings
6
CONTINUOUS
10
159.5642033522802024
20
-94.5532357533892451
11
159.5636701032971416
21
-94.5403940688623834
0
LINE
8
User.Drawings
6
CONTINUOUS
10
159.5636701032971416
20
-94.5403940688623834
11
159.5700760845233219
21
-94.5156268390451828
0
LINE
8
User.Drawings
6
CONTINUOUS
10
159.5700760845233219
20
-94.5156268390451828
11
159.5854712449182955
21
-94.4951972837427547
0
LINE
8
User.Drawings
6
CONTINUOUS
10
159.5854712449182955
20
-94.4951972837427547
11
159.6075127856712186
21
-94.4822131080941858
0
LINE
8
User.Drawings
6
CONTINUOUS
10
159.6075127856712186
20
-94.4822131080941858
11
159.6200039245551068
21
-94.4791858273919019
0
LINE
8
User.Drawings
6
CONTINUOUS
10
159.6200039245551068
20
-94.4791858273919019
11
160.4856750786083808
21
-94.3575237606351607
0
LINE
8
User.Drawings
6
CONTINUOUS
10
160.4856750786083808
20
-94.3575237606351607
11
160.4985167631352567
21
-94.3569905116520999
0
LINE
8
User.Drawings
6
CONTINUOUS
10
160.4985167631352567
20
-94.3569905116520999
11
160.5232839929524573
21
-94.3633964928782802
0
LINE
8
User.Drawings
6
CONTINUOUS
10
171.7770098698236723
20
-92.7817887508621055
11
171.7974394251261288
21
-92.7971839112570933
0
LINE
8
User.Drawings
6
CONTINUOUS
10
171.7974394251261288
20
-92.7971839112570933
11
171.8104236007746692
21
-92.8192254520100022
0
LINE
8
User.Drawings
6
CONTINUOUS
10
171.8104236007746692
20
-92.8192254520100022
11
171.8134508814769674
21
-92.8317165908938904
0
LINE
8
User.Drawings
6
CONTINUOUS
10
171.8134508814769674
20
-92.8317165908938904
11
171.9351129482336944
21
-93.6973877449471644
0
LINE
8
User.Drawings
6
CONTINUOUS
10
171.9351129482336944
20
-93.6973877449471644
11
171.9356461972167835
21
-93.7102294294740261
0
LINE
8
User.Drawings
6
CONTINUOUS
10
171.9356461972167835
20
-93.7102294294740261
11
171.9292402159905748
21
-93.7349966592912267
0
LINE
8
User.Drawings
6
CONTINUOUS
10
171.9292402159905748
20
-93.7349966592912267
11
171.9138450555955728
21
-93.755426214593669
0
LINE
8
User.Drawings
6
CONTINUOUS
10
171.9138450555955728
20
-93.755426214593669
11
171.8918035148426782
21
-93.7684103902422237
0
LINE
8
User.Drawings
6
CONTINUOUS
10
171.8918035148426782
20
-93.7684103902422237
11
171.8664706914319424
21
-93.7719709199275968
0
LINE
8
User.Drawings
6
CONTINUOUS
10
171.8664706914319424
20
-93.7719709199275968
11
171.8417034616147134
21
-93.7655649387014023
0
LINE
8
User.Drawings
6
CONTINUOUS
10
171.8417034616147134
20
-93.7655649387014023
11
171.8212739063122854
21
-93.7501697783064003
0
LINE
8
User.Drawings
6
CONTINUOUS
10
171.8212739063122854
20
-93.7501697783064003
11
171.8082897306637165
21
-93.7281282375534914
0
LINE
8
User.Drawings
6
CONTINUOUS
10
171.8082897306637165
20
-93.7281282375534914
11
171.8052624499614467
21
-93.7156370986696174
0
LINE
8
User.Drawings
6
CONTINUOUS
10
171.8052624499614467
20
-93.7156370986696174
11
171.6927241858872719
21
-92.9148903195738001
0
LINE
8
User.Drawings
6
CONTINUOUS
10
171.6927241858872719
20
-92.9148903195738001
11
170.8919791551487606
21
-93.0274285836479748
0
LINE
8
User.Drawings
6
CONTINUOUS
10
170.8919791551487606
20
-93.0274285836479748
11
170.8791374706219415
21
-93.0279618326310498
0
LINE
8
User.Drawings
6
CONTINUOUS
10
170.8791374706219415
20
-93.0279618326310498
11
170.854370240804684
21
-93.0215558514048553
0
LINE
8
User.Drawings
6
CONTINUOUS
10
170.854370240804684
20
-93.0215558514048553
11
170.8339406855022844
21
-93.0061606910098533
0
LINE
8
User.Drawings
6
CONTINUOUS
10
170.8339406855022844
20
-93.0061606910098533
11
170.8209565098537155
21
-92.9841191502569586
0
LINE
8
User.Drawings
6
CONTINUOUS
10
170.8209565098537155
20
-92.9841191502569586
11
170.8173959801683566
21
-92.9587863268462087
0
LINE
8
User.Drawings
6
CONTINUOUS
10
170.8173959801683566
20
-92.9587863268462087
11
170.8238019613945369
21
-92.9340190970289939
0
LINE
8
User.Drawings
6
CONTINUOUS
10
170.8238019613945369
20
-92.9340190970289939
11
170.8391971217895389
21
-92.9135895417265516
0
LINE
8
User.Drawings
6
CONTINUOUS
10
170.8391971217895389
20
-92.9135895417265516
11
170.861238662542462
21
-92.9006053660779969
0
LINE
8
User.Drawings
6
CONTINUOUS
10
170.861238662542462
20
-92.9006053660779969
11
170.8737298014263501
21
-92.8975780853757129
0
LINE
8
User.Drawings
6
CONTINUOUS
10
170.8737298014263501
20
-92.8975780853757129
11
171.7394009554796241
21
-92.775916018618986
0
LINE
8
User.Drawings
6
CONTINUOUS
10
171.7394009554796241
20
-92.775916018618986
11
171.7522426400064717
21
-92.775382769635911
0
LINE
8
User.Drawings
6
CONTINUOUS
10
171.7522426400064717
20
-92.775382769635911
11
171.7770098698236723
21
-92.7817887508621055
0
LINE
8
User.Drawings
6
CONTINUOUS
10
177.7302513450654828
20
-103.4211619710463594
11
177.7506809003679109
21
-103.4365571314413472
0
LINE
8
User.Drawings
6
CONTINUOUS
10
177.7506809003679109
20
-103.4365571314413472
11
177.7636650760164798
21
-103.4585986721942561
0
LINE
8
User.Drawings
6
CONTINUOUS
10
177.7636650760164798
20
-103.4585986721942561
11
177.766692356718778
21
-103.4710898110781443
0
LINE
8
User.Drawings
6
CONTINUOUS
10
177.766692356718778
20
-103.4710898110781443
11
177.8792297466142713
21
-104.2718357159952944
0
LINE
8
User.Drawings
6
CONTINUOUS
10
177.8792297466142713
20
-104.2718357159952944
11
178.6799756515314073
21
-104.1592983260997727
0
LINE
8
User.Drawings
6
CONTINUOUS
10
178.6799756515314073
20
-104.1592983260997727
11
178.6928173360582832
21
-104.1587650771166977
0
LINE
8
User.Drawings
6
CONTINUOUS
10
178.6928173360582832
20
-104.1587650771166977
11
178.7175845658754838
21
-104.1651710583428923
0
LINE
8
User.Drawings
6
CONTINUOUS
10
178.7175845658754838
20
-104.1651710583428923
11
178.7380141211779403
21
-104.1805662187378942
0
LINE
8
User.Drawings
6
CONTINUOUS
10
178.7380141211779403
20
-104.1805662187378942
11
178.7509982968264808
21
-104.2026077594908031
0
LINE
8
User.Drawings
6
CONTINUOUS
10
178.7509982968264808
20
-104.2026077594908031
11
178.7545588265118397
21
-104.2279405829015531
0
LINE
8
User.Drawings
6
CONTINUOUS
10
178.7545588265118397
20
-104.2279405829015531
11
178.7481528452856594
21
-104.2527078127187536
0
LINE
8
User.Drawings
6
CONTINUOUS
10
178.7481528452856594
20
-104.2527078127187536
11
178.7327576848906574
21
-104.2731373680211817
0
LINE
8
User.Drawings
6
CONTINUOUS
10
178.7327576848906574
20
-104.2731373680211817
11
178.7107161441377343
21
-104.2861215436697506
0
LINE
8
User.Drawings
6
CONTINUOUS
10
178.7107161441377343
20
-104.2861215436697506
11
178.6982250052538461
21
-104.2891488243720346
0
LINE
8
User.Drawings
6
CONTINUOUS
10
178.6982250052538461
20
-104.2891488243720346
11
177.8325538512005721
21
-104.4108108911287758
0
LINE
8
User.Drawings
6
CONTINUOUS
10
177.8325538512005721
20
-104.4108108911287758
11
177.8197121666737246
21
-104.4113441401118507
0
LINE
8
User.Drawings
6
CONTINUOUS
10
177.8197121666737246
20
-104.4113441401118507
11
177.7949449368564956
21
-104.4049381588856562
0
LINE
8
User.Drawings
6
CONTINUOUS
10
177.7949449368564956
20
-104.4049381588856562
11
177.7745153815540959
21
-104.3895429984906542
0
LINE
8
User.Drawings
6
CONTINUOUS
10
177.7745153815540959
20
-104.3895429984906542
11
177.761531205905527
21
-104.3675014577377453
0
LINE
8
User.Drawings
6
CONTINUOUS
10
177.761531205905527
20
-104.3675014577377453
11
177.7585039252032288
21
-104.3550103188538714
0
LINE
8
User.Drawings
6
CONTINUOUS
10
177.7585039252032288
20
-104.3550103188538714
11
177.6368418584465019
21
-103.4893391648005831
0
LINE
8
User.Drawings
6
CONTINUOUS
10
177.6368418584465019
20
-103.4893391648005831
11
177.6363086094634127
21
-103.4764974802737356
0
LINE
8
User.Drawings
6
CONTINUOUS
10
177.6363086094634127
20
-103.4764974802737356
11
177.6427145906896214
21
-103.4517302504565066
0
LINE
8
User.Drawings
6
CONTINUOUS
10
177.6427145906896214
20
-103.4517302504565066
11
177.6581097510846234
21
-103.4313006951540785
0
LINE
8
User.Drawings
6
CONTINUOUS
10
177.6581097510846234
20
-103.4313006951540785
11
177.6801512918375465
21
-103.4183165195055096
0
LINE
8
User.Drawings
6
CONTINUOUS
10
177.6801512918375465
20
-103.4183165195055096
11
177.7054841152482538
21
-103.4147559898201649
0
LINE
8
User.Drawings
6
CONTINUOUS
10
177.7054841152482538
20
-103.4147559898201649
11
177.7302513450654828
21
-103.4211619710463594
0
LINE
8
User.Drawings
6
CONTINUOUS
10
189.8496483759900002
20
-101.7178921622734293
11
189.8700779312923999
21
-101.7332873226684313
0
LINE
8
User.Drawings
6
CONTINUOUS
10
189.8700779312923999
20
-101.7332873226684313
11
189.8830621069409688
21
-101.755328863421326
0
LINE
8
User.Drawings
6
CONTINUOUS
10
189.8830621069409688
20
-101.755328863421326
11
189.8860893876432669
21
-101.7678200023052142
0
LINE
8
User.Drawings
6
CONTINUOUS
10
189.8860893876432669
20
-101.7678200023052142
11
190.0077514543999939
21
-102.6334911563584882
0
LINE
8
User.Drawings
6
CONTINUOUS
10
190.0077514543999939
20
-102.6334911563584882
11
190.0082847033830831
21
-102.6463328408853499
0
LINE
8
User.Drawings
6
CONTINUOUS
10
190.0082847033830831
20
-102.6463328408853499
11
190.0018787221568743
21
-102.6711000707025789
0
LINE
8
User.Drawings
6
CONTINUOUS
10
190.0018787221568743
20
-102.6711000707025789
11
189.9864835617618724
21
-102.691529626005007
0
LINE
8
User.Drawings
6
CONTINUOUS
10
189.9864835617618724
20
-102.691529626005007
11
189.9644420210089493
21
-102.7045138016535617
0
LINE
8
User.Drawings
6
CONTINUOUS
10
189.9644420210089493
20
-102.7045138016535617
11
189.9519508821250611
21
-102.7075410823558457
0
LINE
8
User.Drawings
6
CONTINUOUS
10
189.9519508821250611
20
-102.7075410823558457
11
189.0862797280717871
21
-102.8292031491125726
0
LINE
8
User.Drawings
6
CONTINUOUS
10
189.0862797280717871
20
-102.8292031491125726
11
189.0734380435449395
21
-102.8297363980956618
0
LINE
8
User.Drawings
6
CONTINUOUS
10
189.0734380435449395
20
-102.8297363980956618
11
189.048670813727739
21
-102.8233304168694531
0
LINE
8
User.Drawings
6
CONTINUOUS
10
189.048670813727739
20
-102.8233304168694531
11
189.0282412584253109
21
-102.8079352564744653
0
LINE
8
User.Drawings
6
CONTINUOUS
10
189.0282412584253109
20
-102.8079352564744653
11
189.015257082776742
21
-102.7858937157215564
0
LINE
8
User.Drawings
6
CONTINUOUS
10
189.015257082776742
20
-102.7858937157215564
11
189.0116965530914115
21
-102.7605608923108065
0
LINE
8
User.Drawings
6
CONTINUOUS
10
189.0116965530914115
20
-102.7605608923108065
11
189.0181025343175634
21
-102.7357936624935917
0
LINE
8
User.Drawings
6
CONTINUOUS
10
189.0181025343175634
20
-102.7357936624935917
11
189.0334976947125654
21
-102.7153641071911636
0
LINE
8
User.Drawings
6
CONTINUOUS
10
189.0334976947125654
20
-102.7153641071911636
11
189.0555392354654884
21
-102.7023799315425947
0
LINE
8
User.Drawings
6
CONTINUOUS
10
189.0555392354654884
20
-102.7023799315425947
11
189.0680303743493766
21
-102.6993526508403249
0
LINE
8
User.Drawings
6
CONTINUOUS
10
189.0680303743493766
20
-102.6993526508403249
11
189.868776279266541
21
-102.5868143867661502
0
LINE
8
User.Drawings
6
CONTINUOUS
10
189.868776279266541
20
-102.5868143867661502
11
189.7562388893709908
21
-101.786069356027653
0
LINE
8
User.Drawings
6
CONTINUOUS
10
189.7562388893709908
20
-101.786069356027653
11
189.7557056403879017
21
-101.7732276715008055
0
LINE
8
User.Drawings
6
CONTINUOUS
10
189.7557056403879017
20
-101.7732276715008055
11
189.7621116216141104
21
-101.7484604416835907
0
LINE
8
User.Drawings
6
CONTINUOUS
10
189.7621116216141104
20
-101.7484604416835907
11
189.7775067820091124
21
-101.7280308863811626
0
LINE
8
User.Drawings
6
CONTINUOUS
10
189.7775067820091124
20
-101.7280308863811626
11
189.7995483227620355
21
-101.7150467107325937
0
LINE
8
User.Drawings
6
CONTINUOUS
10
189.7995483227620355
20
-101.7150467107325937
11
189.8248811461727428
21
-101.7114861810472348
0
LINE
8
User.Drawings
6
CONTINUOUS
10
189.8248811461727428
20
-101.7114861810472348
11
189.8496483759900002
21
-101.7178921622734293
0
LINE
8
User.Drawings
6
CONTINUOUS
10
177.0143147571025679
20
-92.0457740274183891
11
177.0347443124050244
21
-92.0611691878133769
0
LINE
8
User.Drawings
6
CONTINUOUS
10
177.0347443124050244
20
-92.0611691878133769
11
177.0477284880535649
21
-92.0832107285663
0
LINE
8
User.Drawings
6
CONTINUOUS
10
177.0477284880535649
20
-92.0832107285663
11
177.0512890177389238
21
-92.1085435519770357
0
LINE
8
User.Drawings
6
CONTINUOUS
10
177.0512890177389238
20
-92.1085435519770357
11
177.0448830365127151
21
-92.1333107817942647
0
LINE
8
User.Drawings
6
CONTINUOUS
10
177.0448830365127151
20
-92.1333107817942647
11
177.0294878761177415
21
-92.1537403370966928
0
LINE
8
User.Drawings
6
CONTINUOUS
10
177.0294878761177415
20
-92.1537403370966928
11
177.0074463353648184
21
-92.1667245127452617
0
LINE
8
User.Drawings
6
CONTINUOUS
10
177.0074463353648184
20
-92.1667245127452617
11
176.9949551964809302
21
-92.1697517934475314
0
LINE
8
User.Drawings
6
CONTINUOUS
10
176.9949551964809302
20
-92.1697517934475314
11
176.1942084173851129
21
-92.2822891833430532
0
LINE
8
User.Drawings
6
CONTINUOUS
10
176.1942084173851129
20
-92.2822891833430532
11
176.3067466814592876
21
-93.0830350882601891
0
LINE
8
User.Drawings
6
CONTINUOUS
10
176.3067466814592876
20
-93.0830350882601891
11
176.3072799304423768
21
-93.0958767727870509
0
LINE
8
User.Drawings
6
CONTINUOUS
10
176.3072799304423768
20
-93.0958767727870509
11
176.3008739492161681
21
-93.1206440026042657
0
LINE
8
User.Drawings
6
CONTINUOUS
10
176.3008739492161681
20
-93.1206440026042657
11
176.2854787888211945
21
-93.1410735579066937
0
LINE
8
User.Drawings
6
CONTINUOUS
10
176.2854787888211945
20
-93.1410735579066937
11
176.2634372480682714
21
-93.1540577335552484
0
LINE
8
User.Drawings
6
CONTINUOUS
10
176.2634372480682714
20
-93.1540577335552484
11
176.2381044246575357
21
-93.1576182632406216
0
LINE
8
User.Drawings
6
CONTINUOUS
10
176.2381044246575357
20
-93.1576182632406216
11
176.2133371948403067
21
-93.151212282014427
0
LINE
8
User.Drawings
6
CONTINUOUS
10
176.2133371948403067
20
-93.151212282014427
11
176.1929076395378786
21
-93.1358171216194251
0
LINE
8
User.Drawings
6
CONTINUOUS
10
176.1929076395378786
20
-93.1358171216194251
11
176.1799234638893097
21
-93.1137755808665162
0
LINE
8
User.Drawings
6
CONTINUOUS
10
176.1799234638893097
20
-93.1137755808665162
11
176.1768961831870399
21
-93.1012844419826422
0
LINE
8
User.Drawings
6
CONTINUOUS
10
176.1768961831870399
20
-93.1012844419826422
11
176.055234116430313
21
-92.235613287929354
0
LINE
8
User.Drawings
6
CONTINUOUS
10
176.055234116430313
20
-92.235613287929354
11
176.0547008674472522
21
-92.2227716034025065
0
LINE
8
User.Drawings
6
CONTINUOUS
10
176.0547008674472522
20
-92.2227716034025065
11
176.0611068486734325
21
-92.1980043735852774
0
LINE
8
User.Drawings
6
CONTINUOUS
10
176.0611068486734325
20
-92.1980043735852774
11
176.0765020090684345
21
-92.1775748182828494
0
LINE
8
User.Drawings
6
CONTINUOUS
10
176.0765020090684345
20
-92.1775748182828494
11
176.0985435498213292
21
-92.1645906426342805
0
LINE
8
User.Drawings
6
CONTINUOUS
10
176.0985435498213292
20
-92.1645906426342805
11
176.1110346887052174
21
-92.1615633619320107
0
LINE
8
User.Drawings
6
CONTINUOUS
10
176.1110346887052174
20
-92.1615633619320107
11
176.9767058427584914
21
-92.0399012951752837
0
LINE
8
User.Drawings
6
CONTINUOUS
10
176.9767058427584914
20
-92.0399012951752837
11
176.9895475272853673
21
-92.0393680461921946
0
LINE
8
User.Drawings
6
CONTINUOUS
10
176.9895475272853673
20
-92.0393680461921946
11
177.0143147571025679
21
-92.0457740274183891
0
LINE
8
User.Drawings
6
CONTINUOUS
10
188.2680406339738113
20
-90.4641662854022002
11
188.2884701892762394
21
-90.4795614457972022
0
LINE
8
User.Drawings
6
CONTINUOUS
10
188.2884701892762394
20
-90.4795614457972022
11
188.3014543649247798
21
-90.5016029865500968
0
LINE
8
User.Drawings
6
CONTINUOUS
10
188.3014543649247798
20
-90.5016029865500968
11
188.304481645627078
21
-90.5140941254339992
0
LINE
8
User.Drawings
6
CONTINUOUS
10
188.304481645627078
20
-90.5140941254339992
11
188.426143712383805
21
-91.379765279487259
0
LINE
8
User.Drawings
6
CONTINUOUS
10
188.426143712383805
20
-91.379765279487259
11
188.4266769613668941
21
-91.3926069640141208
0
LINE
8
User.Drawings
6
CONTINUOUS
10
188.4266769613668941
20
-91.3926069640141208
11
188.4202709801406854
21
-91.4173741938313498
0
LINE
8
User.Drawings
6
CONTINUOUS
10
188.4202709801406854
20
-91.4173741938313498
11
188.4048758197456834
21
-91.4378037491337778
0
LINE
8
User.Drawings
6
CONTINUOUS
10
188.4048758197456834
20
-91.4378037491337778
11
188.3828342789927888
21
-91.4507879247823325
0
LINE
8
User.Drawings
6
CONTINUOUS
10
188.3828342789927888
20
-91.4507879247823325
11
188.357501455582053
21
-91.4543484544676915
0
LINE
8
User.Drawings
6
CONTINUOUS
10
188.357501455582053
20
-91.4543484544676915
11
188.332734225764824
21
-91.4479424732414969
0
LINE
8
User.Drawings
6
CONTINUOUS
10
188.332734225764824
20
-91.4479424732414969
11
188.312304670462396
21
-91.4325473128465092
0
LINE
8
User.Drawings
6
CONTINUOUS
10
188.312304670462396
20
-91.4325473128465092
11
188.2993204948138271
21
-91.4105057720935861
0
LINE
8
User.Drawings
6
CONTINUOUS
10
188.2993204948138271
20
-91.4105057720935861
11
188.2962932141115573
21
-91.3980146332097121
0
LINE
8
User.Drawings
6
CONTINUOUS
10
188.2962932141115573
20
-91.3980146332097121
11
188.1837549500373825
21
-90.5972678541139089
0
LINE
8
User.Drawings
6
CONTINUOUS
10
188.1837549500373825
20
-90.5972678541139089
11
187.3830099192988712
21
-90.7098061181880837
0
LINE
8
User.Drawings
6
CONTINUOUS
10
187.3830099192988712
20
-90.7098061181880837
11
187.3701682347720237
21
-90.7103393671711444
0
LINE
8
User.Drawings
6
CONTINUOUS
10
187.3701682347720237
20
-90.7103393671711444
11
187.3454010049547946
21
-90.7039333859449641
0
LINE
8
User.Drawings
6
CONTINUOUS
10
187.3454010049547946
20
-90.7039333859449641
11
187.324971449652395
21
-90.6885382255499621
0
LINE
8
User.Drawings
6
CONTINUOUS
10
187.324971449652395
20
-90.6885382255499621
11
187.3119872740038261
21
-90.6664966847970533
0
LINE
8
User.Drawings
6
CONTINUOUS
10
187.3119872740038261
20
-90.6664966847970533
11
187.3084267443184672
21
-90.6411638613863033
0
LINE
8
User.Drawings
6
CONTINUOUS
10
187.3084267443184672
20
-90.6411638613863033
11
187.3148327255446475
21
-90.6163966315691027
0
LINE
8
User.Drawings
6
CONTINUOUS
10
187.3148327255446475
20
-90.6163966315691027
11
187.3302278859396495
21
-90.5959670762666605
0
LINE
8
User.Drawings
6
CONTINUOUS
10
187.3302278859396495
20
-90.5959670762666605
11
187.3522694266925726
21
-90.5829829006181058
0
LINE
8
User.Drawings
6
CONTINUOUS
10
187.3522694266925726
20
-90.5829829006181058
11
187.3647605655764607
21
-90.5799556199158218
0
LINE
8
User.Drawings
6
CONTINUOUS
10
187.3647605655764607
20
-90.5799556199158218
11
188.2304317196297347
21
-90.4582935531590806
0
LINE
8
User.Drawings
6
CONTINUOUS
10
188.2304317196297347
20
-90.4582935531590806
11
188.2432734041565823
21
-90.4577603041760199
0
LINE
8
User.Drawings
6
CONTINUOUS
10
188.2432734041565823
20
-90.4577603041760199
11
188.2680406339738113
21
-90.4641662854022002
0
LINE
8
User.Drawings
6
CONTINUOUS
10
194.221282109215565
20
-101.1034520877203704
11
194.2417116645180215
21
-101.1188472481153724
0
LINE
8
User.Drawings
6
CONTINUOUS
10
194.2417116645180215
20
-101.1188472481153724
11
194.2546958401665904
21
-101.1408887888682955
0
LINE
8
User.Drawings
6
CONTINUOUS
10
194.2546958401665904
20
-101.1408887888682955
11
194.2577231208688886
21
-101.1533799277521695
0
LINE
8
User.Drawings
6
CONTINUOUS
10
194.2577231208688886
20
-101.1533799277521695
11
194.3702605107643819
21
-101.9541258326693196
0
LINE
8
User.Drawings
6
CONTINUOUS
10
194.3702605107643819
20
-101.9541258326693196
11
195.1710064156815463
21
-101.8415884427737979
0
LINE
8
User.Drawings
6
CONTINUOUS
10
195.1710064156815463
20
-101.8415884427737979
11
195.1838481002083938
21
-101.8410551937907229
0
LINE
8
User.Drawings
6
CONTINUOUS
10
195.1838481002083938
20
-101.8410551937907229
11
195.2086153300255944
21
-101.8474611750169174
0
LINE
8
User.Drawings
6
CONTINUOUS
10
195.2086153300255944
20
-101.8474611750169174
11
195.2290448853280225
21
-101.8628563354119194
0
LINE
8
User.Drawings
6
CONTINUOUS
10
195.2290448853280225
20
-101.8628563354119194
11
195.2420290609765914
21
-101.8848978761648141
0
LINE
8
User.Drawings
6
CONTINUOUS
10
195.2420290609765914
20
-101.8848978761648141
11
195.2455895906619503
21
-101.910230699575564
0
LINE
8
User.Drawings
6
CONTINUOUS
10
195.2455895906619503
20
-101.910230699575564
11
195.23918360943577
21
-101.9349979293927788
0
LINE
8
User.Drawings
6
CONTINUOUS
10
195.23918360943577
20
-101.9349979293927788
11
195.223788449040768
21
-101.9554274846952069
0
LINE
8
User.Drawings
6
CONTINUOUS
10
195.223788449040768
20
-101.9554274846952069
11
195.2017469082878449
21
-101.9684116603437758
0
LINE
8
User.Drawings
6
CONTINUOUS
10
195.2017469082878449
20
-101.9684116603437758
11
195.1892557694039567
21
-101.9714389410460598
0
LINE
8
User.Drawings
6
CONTINUOUS
10
195.1892557694039567
20
-101.9714389410460598
11
194.3235846153506827
21
-102.093101007802801
0
LINE
8
User.Drawings
6
CONTINUOUS
10
194.3235846153506827
20
-102.093101007802801
11
194.3107429308238352
21
-102.0936342567858617
0
LINE
8
User.Drawings
6
CONTINUOUS
10
194.3107429308238352
20
-102.0936342567858617
11
194.2859757010066062
21
-102.0872282755596672
0
LINE
8
User.Drawings
6
CONTINUOUS
10
194.2859757010066062
20
-102.0872282755596672
11
194.2655461457042065
21
-102.0718331151646794
0
LINE
8
User.Drawings
6
CONTINUOUS
10
194.2655461457042065
20
-102.0718331151646794
11
194.2525619700556376
21
-102.0497915744117705
0
LINE
8
User.Drawings
6
CONTINUOUS
10
194.2525619700556376
20
-102.0497915744117705
11
194.2495346893533394
21
-102.0373004355278823
0
LINE
8
User.Drawings
6
CONTINUOUS
10
194.2495346893533394
20
-102.0373004355278823
11
194.1278726225966125
21
-101.1716292814746225
0
LINE
8
User.Drawings
6
CONTINUOUS
10
194.1278726225966125
20
-101.1716292814746225
11
194.1273393736135233
21
-101.1587875969477608
0
LINE
8
User.Drawings
6
CONTINUOUS
10
194.1273393736135233
20
-101.1587875969477608
11
194.133745354839732
21
-101.1340203671305318
0
LINE
8
User.Drawings
6
CONTINUOUS
10
194.133745354839732
20
-101.1340203671305318
11
194.149140515234734
21
-101.1135908118281037
0
LINE
8
User.Drawings
6
CONTINUOUS
10
194.149140515234734
20
-101.1135908118281037
11
194.1711820559876287
21
-101.100606636179549
0
LINE
8
User.Drawings
6
CONTINUOUS
10
194.1711820559876287
20
-101.100606636179549
11
194.1965148793983644
21
-101.0970461064941901
0
LINE
8
User.Drawings
6
CONTINUOUS
10
194.1965148793983644
20
-101.0970461064941901
11
194.221282109215565
21
-101.1034520877203704
0
LINE
8
User.Drawings
6
CONTINUOUS
10
206.3406791401401108
20
-99.4001822789474545
11
206.3611086954425105
21
-99.4155774393424565
0
LINE
8
User.Drawings
6
CONTINUOUS
10
206.3611086954425105
20
-99.4155774393424565
11
206.3740928710910794
21
-99.4376189800953654
0
LINE
8
User.Drawings
6
CONTINUOUS
10
206.3740928710910794
20
-99.4376189800953654
11
206.3771201517933775
21
-99.4501101189792394
0
LINE
8
User.Drawings
6
CONTINUOUS
10
206.3771201517933775
20
-99.4501101189792394
11
206.4987822185501045
21
-100.3157812730325276
0
LINE
8
User.Drawings
6
CONTINUOUS
10
206.4987822185501045
20
-100.3157812730325276
11
206.4993154675331937
21
-100.3286229575593751
0
LINE
8
User.Drawings
6
CONTINUOUS
10
206.4993154675331937
20
-100.3286229575593751
11
206.4929094863069849
21
-100.3533901873766041
0
LINE
8
User.Drawings
6
CONTINUOUS
10
206.4929094863069849
20
-100.3533901873766041
11
206.477514325911983
21
-100.3738197426790322
0
LINE
8
User.Drawings
6
CONTINUOUS
10
206.477514325911983
20
-100.3738197426790322
11
206.4554727851590599
21
-100.3868039183276011
0
LINE
8
User.Drawings
6
CONTINUOUS
10
206.4554727851590599
20
-100.3868039183276011
11
206.4429816462751717
21
-100.3898311990298708
0
LINE
8
User.Drawings
6
CONTINUOUS
10
206.4429816462751717
20
-100.3898311990298708
11
205.5773104922219261
21
-100.5114932657865978
0
LINE
8
User.Drawings
6
CONTINUOUS
10
205.5773104922219261
20
-100.5114932657865978
11
205.5644688076950501
21
-100.512026514769687
0
LINE
8
User.Drawings
6
CONTINUOUS
10
205.5644688076950501
20
-100.512026514769687
11
205.5397015778778496
21
-100.5056205335434782
0
LINE
8
User.Drawings
6
CONTINUOUS
10
205.5397015778778496
20
-100.5056205335434782
11
205.5192720225754215
21
-100.4902253731484763
0
LINE
8
User.Drawings
6
CONTINUOUS
10
205.5192720225754215
20
-100.4902253731484763
11
205.5062878469268526
21
-100.4681838323955816
0
LINE
8
User.Drawings
6
CONTINUOUS
10
205.5062878469268526
20
-100.4681838323955816
11
205.5027273172414937
21
-100.4428510089848459
0
LINE
8
User.Drawings
6
CONTINUOUS
10
205.5027273172414937
20
-100.4428510089848459
11
205.509133298467674
21
-100.4180837791676169
0
LINE
8
User.Drawings
6
CONTINUOUS
10
205.509133298467674
20
-100.4180837791676169
11
205.524528458862676
21
-100.3976542238651888
0
LINE
8
User.Drawings
6
CONTINUOUS
10
205.524528458862676
20
-100.3976542238651888
11
205.546569999615599
21
-100.3846700482166199
0
LINE
8
User.Drawings
6
CONTINUOUS
10
205.546569999615599
20
-100.3846700482166199
11
205.5590611384994872
21
-100.3816427675143501
0
LINE
8
User.Drawings
6
CONTINUOUS
10
205.5590611384994872
20
-100.3816427675143501
11
206.3598070434166232
21
-100.2691045034401611
0
LINE
8
User.Drawings
6
CONTINUOUS
10
206.3598070434166232
20
-100.2691045034401611
11
206.2472696535211014
21
-99.4683594727016924
0
LINE
8
User.Drawings
6
CONTINUOUS
10
206.2472696535211014
20
-99.4683594727016924
11
206.2467364045380123
21
-99.4555177881748307
0
LINE
8
User.Drawings
6
CONTINUOUS
10
206.2467364045380123
20
-99.4555177881748307
11
206.253142385764221
21
-99.4307505583576017
0
LINE
8
User.Drawings
6
CONTINUOUS
10
206.253142385764221
20
-99.4307505583576017
11
206.268537546159223
21
-99.4103210030551736
0
LINE
8
User.Drawings
6
CONTINUOUS
10
206.268537546159223
20
-99.4103210030551736
11
206.2905790869121461
21
-99.3973368274066189
0
LINE
8
User.Drawings
6
CONTINUOUS
10
206.2905790869121461
20
-99.3973368274066189
11
206.3159119103228534
21
-99.39377629772126
0
LINE
8
User.Drawings
6
CONTINUOUS
10
206.3159119103228534
20
-99.39377629772126
11
206.3406791401401108
21
-99.4001822789474545
0
LINE
8
User.Drawings
6
CONTINUOUS
10
193.5053455212526785
20
-89.7280641440924285
11
193.5257750765551066
21
-89.7434593044874163
0
LINE
8
User.Drawings
6
CONTINUOUS
10
193.5257750765551066
20
-89.7434593044874163
11
193.5387592522036755
21
-89.7655008452403251
0
LINE
8
User.Drawings
6
CONTINUOUS
10
193.5387592522036755
20
-89.7655008452403251
11
193.5423197818890344
21
-89.7908336686510751
0
LINE
8
User.Drawings
6
CONTINUOUS
10
193.5423197818890344
20
-89.7908336686510751
11
193.5359138006628257
21
-89.8156008984682757
0
LINE
8
User.Drawings
6
CONTINUOUS
10
193.5359138006628257
20
-89.8156008984682757
11
193.5205186402678521
21
-89.8360304537707037
0
LINE
8
User.Drawings
6
CONTINUOUS
10
193.5205186402678521
20
-89.8360304537707037
11
193.498477099514929
21
-89.8490146294192726
0
LINE
8
User.Drawings
6
CONTINUOUS
10
193.498477099514929
20
-89.8490146294192726
11
193.4859859606310408
21
-89.8520419101215566
0
LINE
8
User.Drawings
6
CONTINUOUS
10
193.4859859606310408
20
-89.8520419101215566
11
192.6852391815352235
21
-89.9645793000170642
0
LINE
8
User.Drawings
6
CONTINUOUS
10
192.6852391815352235
20
-89.9645793000170642
11
192.7977774456093982
21
-90.7653252049342143
0
LINE
8
User.Drawings
6
CONTINUOUS
10
192.7977774456093982
20
-90.7653252049342143
11
192.7983106945924874
21
-90.7781668894610618
0
LINE
8
User.Drawings
6
CONTINUOUS
10
192.7983106945924874
20
-90.7781668894610618
11
192.7919047133662787
21
-90.8029341192782908
0
LINE
8
User.Drawings
6
CONTINUOUS
10
192.7919047133662787
20
-90.8029341192782908
11
192.7765095529713051
21
-90.8233636745807189
0
LINE
8
User.Drawings
6
CONTINUOUS
10
192.7765095529713051
20
-90.8233636745807189
11
192.754468012218382
21
-90.8363478502292878
0
LINE
8
User.Drawings
6
CONTINUOUS
10
192.754468012218382
20
-90.8363478502292878
11
192.7291351888076463
21
-90.8399083799146325
0
LINE
8
User.Drawings
6
CONTINUOUS
10
192.7291351888076463
20
-90.8399083799146325
11
192.7043679589904173
21
-90.8335023986884522
0
LINE
8
User.Drawings
6
CONTINUOUS
10
192.7043679589904173
20
-90.8335023986884522
11
192.6839384036880176
21
-90.8181072382934502
0
LINE
8
User.Drawings
6
CONTINUOUS
10
192.6839384036880176
20
-90.8181072382934502
11
192.6709542280394487
21
-90.7960656975405414
0
LINE
8
User.Drawings
6
CONTINUOUS
10
192.6709542280394487
20
-90.7960656975405414
11
192.6679269473371505
21
-90.7835745586566532
0
LINE
8
User.Drawings
6
CONTINUOUS
10
192.6679269473371505
20
-90.7835745586566532
11
192.5462648805804236
21
-89.9179034046033934
0
LINE
8
User.Drawings
6
CONTINUOUS
10
192.5462648805804236
20
-89.9179034046033934
11
192.5457316315973344
21
-89.9050617200765316
0
LINE
8
User.Drawings
6
CONTINUOUS
10
192.5457316315973344
20
-89.9050617200765316
11
192.5521376128235431
21
-89.8802944902593026
0
LINE
8
User.Drawings
6
CONTINUOUS
10
192.5521376128235431
20
-89.8802944902593026
11
192.5675327732185451
21
-89.8598649349568745
0
LINE
8
User.Drawings
6
CONTINUOUS
10
192.5675327732185451
20
-89.8598649349568745
11
192.5895743139714398
21
-89.8468807593083199
0
LINE
8
User.Drawings
6
CONTINUOUS
10
192.5895743139714398
20
-89.8468807593083199
11
192.602065452855328
21
-89.8438534786060217
0
LINE
8
User.Drawings
6
CONTINUOUS
10
192.602065452855328
20
-89.8438534786060217
11
193.467736606908602
21
-89.7221914118492947
0
LINE
8
User.Drawings
6
CONTINUOUS
10
193.467736606908602
20
-89.7221914118492947
11
193.4805782914354779
21
-89.7216581628662198
0
LINE
8
User.Drawings
6
CONTINUOUS
10
193.4805782914354779
20
-89.7216581628662198
11
193.5053455212526785
21
-89.7280641440924285
0
LINE
8
User.Drawings
6
CONTINUOUS
10
204.7590713981239219
20
-88.1464564020762253
11
204.7795009534263215
21
-88.1618515624712273
0
LINE
8
User.Drawings
6
CONTINUOUS
10
204.7795009534263215
20
-88.1618515624712273
11
204.7924851290748904
21
-88.1838931032241362
0
LINE
8
User.Drawings
6
CONTINUOUS
10
204.7924851290748904
20
-88.1838931032241362
11
204.7955124097771886
21
-88.1963842421080102
0
LINE
8
User.Drawings
6
CONTINUOUS
10
204.7955124097771886
20
-88.1963842421080102
11
204.9171744765339156
21
-89.0620553961612984
0
LINE
8
User.Drawings
6
CONTINUOUS
10
204.9171744765339156
20
-89.0620553961612984
11
204.9177077255170047
21
-89.0748970806881459
0
LINE
8
User.Drawings
6
CONTINUOUS
10
204.9177077255170047
20
-89.0748970806881459
11
204.911301744290796
21
-89.0996643105053749
0
LINE
8
User.Drawings
6
CONTINUOUS
10
204.911301744290796
20
-89.0996643105053749
11
204.895906583895794
21
-89.120093865807803
0
LINE
8
User.Drawings
6
CONTINUOUS
10
204.895906583895794
20
-89.120093865807803
11
204.8738650431428994
21
-89.1330780414563719
0
LINE
8
User.Drawings
6
CONTINUOUS
10
204.8738650431428994
20
-89.1330780414563719
11
204.8485322197321636
21
-89.1366385711417166
0
LINE
8
User.Drawings
6
CONTINUOUS
10
204.8485322197321636
20
-89.1366385711417166
11
204.8237649899149346
21
-89.1302325899155221
0
LINE
8
User.Drawings
6
CONTINUOUS
10
204.8237649899149346
20
-89.1302325899155221
11
204.8033354346125066
21
-89.1148374295205343
0
LINE
8
User.Drawings
6
CONTINUOUS
10
204.8033354346125066
20
-89.1148374295205343
11
204.7903512589639377
21
-89.0927958887676255
0
LINE
8
User.Drawings
6
CONTINUOUS
10
204.7903512589639377
20
-89.0927958887676255
11
204.7873239782616679
21
-89.0803047498837373
0
LINE
8
User.Drawings
6
CONTINUOUS
10
204.7873239782616679
20
-89.0803047498837373
11
204.6747857141874931
21
-88.2795579707879199
0
LINE
8
User.Drawings
6
CONTINUOUS
10
204.6747857141874931
20
-88.2795579707879199
11
203.8740406834489818
21
-88.3920962348620947
0
LINE
8
User.Drawings
6
CONTINUOUS
10
203.8740406834489818
20
-88.3920962348620947
11
203.8611989989221343
21
-88.3926294838451696
0
LINE
8
User.Drawings
6
CONTINUOUS
10
203.8611989989221343
20
-88.3926294838451696
11
203.8364317691049052
21
-88.3862235026189751
0
LINE
8
User.Drawings
6
CONTINUOUS
10
203.8364317691049052
20
-88.3862235026189751
11
203.8160022138025056
21
-88.3708283422239873
0
LINE
8
User.Drawings
6
CONTINUOUS
10
203.8160022138025056
20
-88.3708283422239873
11
203.8030180381539367
21
-88.3487868014710784
0
LINE
8
User.Drawings
6
CONTINUOUS
10
203.8030180381539367
20
-88.3487868014710784
11
203.7994575084685493
21
-88.3234539780603285
0
LINE
8
User.Drawings
6
CONTINUOUS
10
203.7994575084685493
20
-88.3234539780603285
11
203.8058634896947581
21
-88.2986867482431137
0
LINE
8
User.Drawings
6
CONTINUOUS
10
203.8058634896947581
20
-88.2986867482431137
11
203.8212586500897601
21
-88.2782571929406998
0
LINE
8
User.Drawings
6
CONTINUOUS
10
203.8212586500897601
20
-88.2782571929406998
11
203.8433001908426832
21
-88.2652730172921167
0
LINE
8
User.Drawings
6
CONTINUOUS
10
203.8433001908426832
20
-88.2652730172921167
11
203.8557913297265713
21
-88.262245736589847
0
LINE
8
User.Drawings
6
CONTINUOUS
10
203.8557913297265713
20
-88.262245736589847
11
204.7214624837798453
21
-88.1405836698331058
0
LINE
8
User.Drawings
6
CONTINUOUS
10
204.7214624837798453
20
-88.1405836698331058
11
204.7343041683066929
21
-88.1400504208500308
0
LINE
8
User.Drawings
6
CONTINUOUS
10
204.7343041683066929
20
-88.1400504208500308
11
204.7590713981239219
21
-88.1464564020762253
0
LINE
8
User.Drawings
6
CONTINUOUS
10
210.712312873365704
20
-98.7858296222604793
11
210.7327424286681321
21
-98.801224782655467
0
LINE
8
User.Drawings
6
CONTINUOUS
10
210.7327424286681321
20
-98.801224782655467
11
210.745726604316701
21
-98.8232663234083901
0
LINE
8
User.Drawings
6
CONTINUOUS
10
210.745726604316701
20
-98.8232663234083901
11
210.7487538850189708
21
-98.8357574622922641
0
LINE
8
User.Drawings
6
CONTINUOUS
10
210.7487538850189708
20
-98.8357574622922641
11
210.8612912749144925
21
-99.6365033672094143
0
LINE
8
User.Drawings
6
CONTINUOUS
10
210.8612912749144925
20
-99.6365033672094143
11
211.6620371798316569
21
-99.5239659773139067
0
LINE
8
User.Drawings
6
CONTINUOUS
10
211.6620371798316569
20
-99.5239659773139067
11
211.6748788643585044
21
-99.5234327283308318
0
LINE
8
User.Drawings
6
CONTINUOUS
10
211.6748788643585044
20
-99.5234327283308318
11
211.699646094175705
21
-99.5298387095570263
0
LINE
8
User.Drawings
6
CONTINUOUS
10
211.699646094175705
20
-99.5298387095570263
11
211.7200756494781331
21
-99.5452338699520141
0
LINE
8
User.Drawings
6
CONTINUOUS
10
211.7200756494781331
20
-99.5452338699520141
11
211.733059825126702
21
-99.5672754107049229
0
LINE
8
User.Drawings
6
CONTINUOUS
10
211.733059825126702
20
-99.5672754107049229
11
211.7366203548120325
21
-99.5926082341156729
0
LINE
8
User.Drawings
6
CONTINUOUS
10
211.7366203548120325
20
-99.5926082341156729
11
211.7302143735858806
21
-99.6173754639328877
0
LINE
8
User.Drawings
6
CONTINUOUS
10
211.7302143735858806
20
-99.6173754639328877
11
211.7148192131908786
21
-99.63780501923533
0
LINE
8
User.Drawings
6
CONTINUOUS
10
211.7148192131908786
20
-99.63780501923533
11
211.6927776724379555
21
-99.6507891948838846
0
LINE
8
User.Drawings
6
CONTINUOUS
10
211.6927776724379555
20
-99.6507891948838846
11
211.6802865335540673
21
-99.6538164755861544
0
LINE
8
User.Drawings
6
CONTINUOUS
10
211.6802865335540673
20
-99.6538164755861544
11
210.8146153795007933
21
-99.7754785423428956
0
LINE
8
User.Drawings
6
CONTINUOUS
10
210.8146153795007933
20
-99.7754785423428956
11
210.8017736949739458
21
-99.7760117913259705
0
LINE
8
User.Drawings
6
CONTINUOUS
10
210.8017736949739458
20
-99.7760117913259705
11
210.7770064651567168
21
-99.769605810099776
0
LINE
8
User.Drawings
6
CONTINUOUS
10
210.7770064651567168
20
-99.769605810099776
11
210.7565769098542887
21
-99.754210649704774
0
LINE
8
User.Drawings
6
CONTINUOUS
10
210.7565769098542887
20
-99.754210649704774
11
210.7435927342057482
21
-99.7321691089518794
0
LINE
8
User.Drawings
6
CONTINUOUS
10
210.7435927342057482
20
-99.7321691089518794
11
210.74056545350345
21
-99.7196779700679912
0
LINE
8
User.Drawings
6
CONTINUOUS
10
210.74056545350345
20
-99.7196779700679912
11
210.6189033867467231
21
-98.8540068160147172
0
LINE
8
User.Drawings
6
CONTINUOUS
10
210.6189033867467231
20
-98.8540068160147172
11
210.6183701377636339
21
-98.8411651314878554
0
LINE
8
User.Drawings
6
CONTINUOUS
10
210.6183701377636339
20
-98.8411651314878554
11
210.6247761189898426
21
-98.8163979016706264
0
LINE
8
User.Drawings
6
CONTINUOUS
10
210.6247761189898426
20
-98.8163979016706264
11
210.6401712793848446
21
-98.7959683463681984
0
LINE
8
User.Drawings
6
CONTINUOUS
10
210.6401712793848446
20
-98.7959683463681984
11
210.6622128201377393
21
-98.7829841707196437
0
LINE
8
User.Drawings
6
CONTINUOUS
10
210.6622128201377393
20
-98.7829841707196437
11
210.687545643548475
21
-98.7794236410342847
0
LINE
8
User.Drawings
6
CONTINUOUS
10
210.687545643548475
20
-98.7794236410342847
11
210.712312873365704
21
-98.7858296222604793
0
LINE
8
User.Drawings
6
CONTINUOUS
10
222.8317099042902214
20
-97.0825598134875491
11
222.8521394595926211
21
-97.0979549738825511
0
LINE
8
User.Drawings
6
CONTINUOUS
10
222.8521394595926211
20
-97.0979549738825511
11
222.86512363524119
21
-97.1199965146354742
0
LINE
8
User.Drawings
6
CONTINUOUS
10
222.86512363524119
20
-97.1199965146354742
11
222.8681509159434881
21
-97.1324876535193482
0
LINE
8
User.Drawings
6
CONTINUOUS
10
222.8681509159434881
20
-97.1324876535193482
11
222.9898129827002151
21
-97.9981588075726222
0
LINE
8
User.Drawings
6
CONTINUOUS
10
222.9898129827002151
20
-97.9981588075726222
11
222.9903462316833043
21
-98.0110004920994697
0
LINE
8
User.Drawings
6
CONTINUOUS
10
222.9903462316833043
20
-98.0110004920994697
11
222.9839402504570955
21
-98.0357677219166987
0
LINE
8
User.Drawings
6
CONTINUOUS
10
222.9839402504570955
20
-98.0357677219166987
11
222.9685450900620935
21
-98.0561972772191268
0
LINE
8
User.Drawings
6
CONTINUOUS
10
222.9685450900620935
20
-98.0561972772191268
11
222.9465035493091705
21
-98.0691814528676957
0
LINE
8
User.Drawings
6
CONTINUOUS
10
222.9465035493091705
20
-98.0691814528676957
11
222.9340124104252823
21
-98.0722087335699797
0
LINE
8
User.Drawings
6
CONTINUOUS
10
222.9340124104252823
20
-98.0722087335699797
11
222.0683412563720367
21
-98.1938708003267067
0
LINE
8
User.Drawings
6
CONTINUOUS
10
222.0683412563720367
20
-98.1938708003267067
11
222.0554995718451607
21
-98.1944040493097816
0
LINE
8
User.Drawings
6
CONTINUOUS
10
222.0554995718451607
20
-98.1944040493097816
11
222.0307323420279602
21
-98.1879980680836013
0
LINE
8
User.Drawings
6
CONTINUOUS
10
222.0307323420279602
20
-98.1879980680836013
11
222.0103027867255321
21
-98.1726029076885993
0
LINE
8
User.Drawings
6
CONTINUOUS
10
222.0103027867255321
20
-98.1726029076885993
11
221.9973186110769632
21
-98.1505613669356762
0
LINE
8
User.Drawings
6
CONTINUOUS
10
221.9973186110769632
20
-98.1505613669356762
11
221.9937580813916043
21
-98.1252285435249405
0
LINE
8
User.Drawings
6
CONTINUOUS
10
221.9937580813916043
20
-98.1252285435249405
11
222.0001640626177846
21
-98.1004613137077257
0
LINE
8
User.Drawings
6
CONTINUOUS
10
222.0001640626177846
20
-98.1004613137077257
11
222.0155592230127866
21
-98.0800317584052976
0
LINE
8
User.Drawings
6
CONTINUOUS
10
222.0155592230127866
20
-98.0800317584052976
11
222.0376007637657096
21
-98.0670475827567287
0
LINE
8
User.Drawings
6
CONTINUOUS
10
222.0376007637657096
20
-98.0670475827567287
11
222.0500919026495978
21
-98.0640203020544448
0
LINE
8
User.Drawings
6
CONTINUOUS
10
222.0500919026495978
20
-98.0640203020544448
11
222.8508378075667338
21
-97.9514820379802842
0
LINE
8
User.Drawings
6
CONTINUOUS
10
222.8508378075667338
20
-97.9514820379802842
11
222.738300417671212
21
-97.1507370072418013
0
LINE
8
User.Drawings
6
CONTINUOUS
10
222.738300417671212
20
-97.1507370072418013
11
222.7377671686881513
21
-97.1378953227149395
0
LINE
8
User.Drawings
6
CONTINUOUS
10
222.7377671686881513
20
-97.1378953227149395
11
222.7441731499143316
21
-97.1131280928977105
0
LINE
8
User.Drawings
6
CONTINUOUS
10
222.7441731499143316
20
-97.1131280928977105
11
222.7595683103093336
21
-97.0926985375952825
0
LINE
8
User.Drawings
6
CONTINUOUS
10
222.7595683103093336
20
-97.0926985375952825
11
222.7816098510622567
21
-97.0797143619467278
0
LINE
8
User.Drawings
6
CONTINUOUS
10
222.7816098510622567
20
-97.0797143619467278
11
222.806942674472964
21
-97.0761538322613688
0
LINE
8
User.Drawings
6
CONTINUOUS
10
222.806942674472964
20
-97.0761538322613688
11
222.8317099042902214
21
-97.0825598134875491
0
LINE
8
User.Drawings
6
CONTINUOUS
10
209.9963762854027891
20
-87.4104416786325231
11
210.0168058407052172
21
-87.4258368390275251
0
LINE
8
User.Drawings
6
CONTINUOUS
10
210.0168058407052172
20
-87.4258368390275251
11
210.0297900163537861
21
-87.4478783797804198
0
LINE
8
User.Drawings
6
CONTINUOUS
10
210.0297900163537861
20
-87.4478783797804198
11
210.033350546039145
21
-87.4732112031911697
0
LINE
8
User.Drawings
6
CONTINUOUS
10
210.033350546039145
20
-87.4732112031911697
11
210.0269445648129363
21
-87.4979784330083845
0
LINE
8
User.Drawings
6
CONTINUOUS
10
210.0269445648129363
20
-87.4979784330083845
11
210.0115494044179627
21
-87.5184079883108126
0
LINE
8
User.Drawings
6
CONTINUOUS
10
210.0115494044179627
20
-87.5184079883108126
11
209.9895078636650396
21
-87.5313921639593815
0
LINE
8
User.Drawings
6
CONTINUOUS
10
209.9895078636650396
20
-87.5313921639593815
11
209.9770167247811514
21
-87.5344194446616513
0
LINE
8
User.Drawings
6
CONTINUOUS
10
209.9770167247811514
20
-87.5344194446616513
11
209.1762699456853341
21
-87.646956834557173
0
LINE
8
User.Drawings
6
CONTINUOUS
10
209.1762699456853341
20
-87.646956834557173
11
209.2888082097595372
21
-88.4477027394743232
0
LINE
8
User.Drawings
6
CONTINUOUS
10
209.2888082097595372
20
-88.4477027394743232
11
209.289341458742598
21
-88.4605444240011707
0
LINE
8
User.Drawings
6
CONTINUOUS
10
209.289341458742598
20
-88.4605444240011707
11
209.2829354775163893
21
-88.4853116538183997
0
LINE
8
User.Drawings
6
CONTINUOUS
10
209.2829354775163893
20
-88.4853116538183997
11
209.2675403171214157
21
-88.5057412091208278
0
LINE
8
User.Drawings
6
CONTINUOUS
10
209.2675403171214157
20
-88.5057412091208278
11
209.2454987763684926
21
-88.5187253847693967
0
LINE
8
User.Drawings
6
CONTINUOUS
10
209.2454987763684926
20
-88.5187253847693967
11
209.2201659529577569
21
-88.5222859144547414
0
LINE
8
User.Drawings
6
CONTINUOUS
10
209.2201659529577569
20
-88.5222859144547414
11
209.1953987231405279
21
-88.5158799332285469
0
LINE
8
User.Drawings
6
CONTINUOUS
10
209.1953987231405279
20
-88.5158799332285469
11
209.1749691678381282
21
-88.5004847728335449
0
LINE
8
User.Drawings
6
CONTINUOUS
10
209.1749691678381282
20
-88.5004847728335449
11
209.1619849921895593
21
-88.4784432320806502
0
LINE
8
User.Drawings
6
CONTINUOUS
10
209.1619849921895593
20
-88.4784432320806502
11
209.1589577114872611
21
-88.465952093196762
0
LINE
8
User.Drawings
6
CONTINUOUS
10
209.1589577114872611
20
-88.465952093196762
11
209.0372956447305341
21
-87.600280939143488
0
LINE
8
User.Drawings
6
CONTINUOUS
10
209.0372956447305341
20
-87.600280939143488
11
209.036762395747445
21
-87.5874392546166263
0
LINE
8
User.Drawings
6
CONTINUOUS
10
209.036762395747445
20
-87.5874392546166263
11
209.0431683769736537
21
-87.5626720247993973
0
LINE
8
User.Drawings
6
CONTINUOUS
10
209.0431683769736537
20
-87.5626720247993973
11
209.0585635373686557
21
-87.5422424694969834
0
LINE
8
User.Drawings
6
CONTINUOUS
10
209.0585635373686557
20
-87.5422424694969834
11
209.0806050781215504
21
-87.5292582938484145
0
LINE
8
User.Drawings
6
CONTINUOUS
10
209.0806050781215504
20
-87.5292582938484145
11
209.0930962170054386
21
-87.5262310131461305
0
LINE
8
User.Drawings
6
CONTINUOUS
10
209.0930962170054386
20
-87.5262310131461305
11
209.9587673710587126
21
-87.4045689463894035
0
LINE
8
User.Drawings
6
CONTINUOUS
10
209.9587673710587126
20
-87.4045689463894035
11
209.9716090555855885
21
-87.4040356974063286
0
LINE
8
User.Drawings
6
CONTINUOUS
10
209.9716090555855885
20
-87.4040356974063286
11
209.9963762854027891
21
-87.4104416786325231
0
LINE
8
User.Drawings
6
CONTINUOUS
10
221.2501021622740325
20
-85.8288339366163342
11
221.2705317175764321
21
-85.844229097011322
0
LINE
8
User.Drawings
6
CONTINUOUS
10
221.2705317175764321
20
-85.844229097011322
11
221.283515893225001
21
-85.8662706377642451
0
LINE
8
User.Drawings
6
CONTINUOUS
10
221.283515893225001
20
-85.8662706377642451
11
221.2865431739272992
21
-85.8787617766481191
0
LINE
8
User.Drawings
6
CONTINUOUS
10
221.2865431739272992
20
-85.8787617766481191
11
221.4082052406840262
21
-86.7444329307014073
0
LINE
8
User.Drawings
6
CONTINUOUS
10
221.4082052406840262
20
-86.7444329307014073
11
221.4087384896671153
21
-86.7572746152282406
0
LINE
8
User.Drawings
6
CONTINUOUS
10
221.4087384896671153
20
-86.7572746152282406
11
221.4023325084409066
21
-86.7820418450454696
0
LINE
8
User.Drawings
6
CONTINUOUS
10
221.4023325084409066
20
-86.7820418450454696
11
221.3869373480459046
21
-86.8024714003478977
0
LINE
8
User.Drawings
6
CONTINUOUS
10
221.3869373480459046
20
-86.8024714003478977
11
221.3648958072929815
21
-86.8154555759964666
0
LINE
8
User.Drawings
6
CONTINUOUS
10
221.3648958072929815
20
-86.8154555759964666
11
221.3395629838822742
21
-86.8190161056818113
0
LINE
8
User.Drawings
6
CONTINUOUS
10
221.3395629838822742
20
-86.8190161056818113
11
221.3147957540650168
21
-86.812610124455631
0
LINE
8
User.Drawings
6
CONTINUOUS
10
221.3147957540650168
20
-86.812610124455631
11
221.2943661987626172
21
-86.797214964060629
0
LINE
8
User.Drawings
6
CONTINUOUS
10
221.2943661987626172
20
-86.797214964060629
11
221.2813820231140483
21
-86.7751734233077343
0
LINE
8
User.Drawings
6
CONTINUOUS
10
221.2813820231140483
20
-86.7751734233077343
11
221.2783547424117501
21
-86.7626822844238461
0
LINE
8
User.Drawings
6
CONTINUOUS
10
221.2783547424117501
20
-86.7626822844238461
11
221.1658164783376037
21
-85.9619355053280287
0
LINE
8
User.Drawings
6
CONTINUOUS
10
221.1658164783376037
20
-85.9619355053280287
11
220.3650714475990924
21
-86.0744737694022035
0
LINE
8
User.Drawings
6
CONTINUOUS
10
220.3650714475990924
20
-86.0744737694022035
11
220.3522297630722449
21
-86.0750070183852927
0
LINE
8
User.Drawings
6
CONTINUOUS
10
220.3522297630722449
20
-86.0750070183852927
11
220.3274625332550443
21
-86.0686010371590839
0
LINE
8
User.Drawings
6
CONTINUOUS
10
220.3274625332550443
20
-86.0686010371590839
11
220.3070329779526162
21
-86.0532058767640819
0
LINE
8
User.Drawings
6
CONTINUOUS
10
220.3070329779526162
20
-86.0532058767640819
11
220.2940488023040473
21
-86.0311643360111873
0
LINE
8
User.Drawings
6
CONTINUOUS
10
220.2940488023040473
20
-86.0311643360111873
11
220.2904882726186599
21
-86.0058315126004373
0
LINE
8
User.Drawings
6
CONTINUOUS
10
220.2904882726186599
20
-86.0058315126004373
11
220.2968942538448687
21
-85.9810642827832226
0
LINE
8
User.Drawings
6
CONTINUOUS
10
220.2968942538448687
20
-85.9810642827832226
11
220.3122894142398707
21
-85.9606347274807945
0
LINE
8
User.Drawings
6
CONTINUOUS
10
220.3122894142398707
20
-85.9606347274807945
11
220.3343309549927937
21
-85.9476505518322256
0
LINE
8
User.Drawings
6
CONTINUOUS
10
220.3343309549927937
20
-85.9476505518322256
11
220.3468220938766819
21
-85.9446232711299416
0
LINE
8
User.Drawings
6
CONTINUOUS
10
220.3468220938766819
20
-85.9446232711299416
11
221.2124932479299559
21
-85.8229612043732004
0
LINE
8
User.Drawings
6
CONTINUOUS
10
221.2124932479299559
20
-85.8229612043732004
11
221.2253349324568035
21
-85.8224279553901397
0
LINE
8
User.Drawings
6
CONTINUOUS
10
221.2253349324568035
20
-85.8224279553901397
11
221.2501021622740325
21
-85.8288339366163342
0
LINE
8
User.Drawings
6
CONTINUOUS
10
244.6607107252226569
20
-98.9053927860526869
11
244.6787992300714905
21
-98.9234812909015346
0
LINE
8
User.Drawings
6
CONTINUOUS
10
244.6787992300714905
20
-98.9234812909015346
11
244.6885891568936131
21
-98.9471155851743873
0
LINE
8
User.Drawings
6
CONTINUOUS
10
244.6885891568936131
20
-98.9471155851743873
11
244.6898488483437859
21
-98.9599065673389191
0
LINE
8
User.Drawings
6
CONTINUOUS
10
244.6898488483437859
20
-98.9599065673389191
11
244.6898488483437859
21
-99.7685218285604094
0
LINE
8
User.Drawings
6
CONTINUOUS
10
244.6898488483437859
20
-99.7685218285604094
11
245.4984641095652478
21
-99.7685218285604094
0
LINE
8
User.Drawings
6
CONTINUOUS
10
245.4984641095652478
20
-99.7685218285604094
11
245.5112550917297654
21
-99.7697815200105822
0
LINE
8
User.Drawings
6
CONTINUOUS
10
245.5112550917297654
20
-99.7697815200105822
11
245.5348893860026465
21
-99.7795714468326622
0
LINE
8
User.Drawings
6
CONTINUOUS
10
245.5348893860026465
20
-99.7795714468326622
11
245.55297789085148
21
-99.7976599516815241
0
LINE
8
User.Drawings
6
CONTINUOUS
10
245.55297789085148
20
-99.7976599516815241
11
245.5627678176735742
21
-99.8212942459543768
0
LINE
8
User.Drawings
6
CONTINUOUS
10
245.5627678176735742
20
-99.8212942459543768
11
245.5627678176735742
21
-99.8468762102834404
0
LINE
8
User.Drawings
6
CONTINUOUS
10
245.5627678176735742
20
-99.8468762102834404
11
245.55297789085148
21
-99.8705105045562931
0
LINE
8
User.Drawings
6
CONTINUOUS
10
245.55297789085148
20
-99.8705105045562931
11
245.5348893860026465
21
-99.8885990094051408
0
LINE
8
User.Drawings
6
CONTINUOUS
10
245.5348893860026465
20
-99.8885990094051408
11
245.5112550917297654
21
-99.8983889362272208
0
LINE
8
User.Drawings
6
CONTINUOUS
10
245.5112550917297654
20
-99.8983889362272208
11
245.4984641095652478
21
-99.8996486276774078
0
LINE
8
User.Drawings
6
CONTINUOUS
10
245.4984641095652478
20
-99.8996486276774078
11
244.6242854487852583
21
-99.8996486276774078
0
LINE
8
User.Drawings
6
CONTINUOUS
10
244.6242854487852583
20
-99.8996486276774078
11
244.6114944666207407
21
-99.8983889362272208
0
LINE
8
User.Drawings
6
CONTINUOUS
10
244.6114944666207407
20
-99.8983889362272208
11
244.587860172347888
21
-99.8885990094051408
0
LINE
8
User.Drawings
6
CONTINUOUS
10
244.587860172347888
20
-99.8885990094051408
11
244.5697716674990261
21
-99.8705105045562931
0
LINE
8
User.Drawings
6
CONTINUOUS
10
244.5697716674990261
20
-99.8705105045562931
11
244.5599817406769603
21
-99.8468762102834404
0
LINE
8
User.Drawings
6
CONTINUOUS
10
244.5599817406769603
20
-99.8468762102834404
11
244.5587220492267875
21
-99.8340852281189086
0
LINE
8
User.Drawings
6
CONTINUOUS
10
244.5587220492267875
20
-99.8340852281189086
11
244.5587220492267875
21
-98.9599065673389191
0
LINE
8
User.Drawings
6
CONTINUOUS
10
244.5587220492267875
20
-98.9599065673389191
11
244.5599817406769603
21
-98.9471155851743873
0
LINE
8
User.Drawings
6
CONTINUOUS
10
244.5599817406769603
20
-98.9471155851743873
11
244.5697716674990261
21
-98.9234812909015346
0
LINE
8
User.Drawings
6
CONTINUOUS
10
244.5697716674990261
20
-98.9234812909015346
11
244.587860172347888
21
-98.9053927860526869
0
LINE
8
User.Drawings
6
CONTINUOUS
10
244.587860172347888
20
-98.9053927860526869
11
244.6114944666207407
21
-98.8956028592306069
0
LINE
8
User.Drawings
6
CONTINUOUS
10
244.6114944666207407
20
-98.8956028592306069
11
244.6370764309498043
21
-98.8956028592306069
0
LINE
8
User.Drawings
6
CONTINUOUS
10
244.6370764309498043
20
-98.8956028592306069
11
244.6607107252226569
21
-98.9053927860526869
0
LINE
8
User.Drawings
6
CONTINUOUS
10
256.8992119761424533
20
-98.9053927860526869
11
256.9173004809913436
21
-98.9234812909015346
0
LINE
8
User.Drawings
6
CONTINUOUS
10
256.9173004809913436
20
-98.9234812909015346
11
256.9270904078134095
21
-98.9471155851743873
0
LINE
8
User.Drawings
6
CONTINUOUS
10
256.9270904078134095
20
-98.9471155851743873
11
256.9283500992635823
21
-98.9599065673389191
0
LINE
8
User.Drawings
6
CONTINUOUS
10
256.9283500992635823
20
-98.9599065673389191
11
256.9283500992635823
21
-99.8340852281189086
0
LINE
8
User.Drawings
6
CONTINUOUS
10
256.9283500992635823
20
-99.8340852281189086
11
256.9270904078134095
21
-99.8468762102834404
0
LINE
8
User.Drawings
6
CONTINUOUS
10
256.9270904078134095
20
-99.8468762102834404
11
256.9173004809913436
21
-99.8705105045562931
0
LINE
8
User.Drawings
6
CONTINUOUS
10
256.9173004809913436
20
-99.8705105045562931
11
256.8992119761424533
21
-99.8885990094051408
0
LINE
8
User.Drawings
6
CONTINUOUS
10
256.8992119761424533
20
-99.8885990094051408
11
256.875577681869629
21
-99.8983889362272208
0
LINE
8
User.Drawings
6
CONTINUOUS
10
256.875577681869629
20
-99.8983889362272208
11
256.8627866997050546
21
-99.8996486276774078
0
LINE
8
User.Drawings
6
CONTINUOUS
10
256.8627866997050546
20
-99.8996486276774078
11
255.9886080389250651
21
-99.8996486276774078
0
LINE
8
User.Drawings
6
CONTINUOUS
10
255.9886080389250651
20
-99.8996486276774078
11
255.9758170567605475
21
-99.8983889362272208
0
LINE
8
User.Drawings
6
CONTINUOUS
10
255.9758170567605475
20
-99.8983889362272208
11
255.9521827624876948
21
-99.8885990094051408
0
LINE
8
User.Drawings
6
CONTINUOUS
10
255.9521827624876948
20
-99.8885990094051408
11
255.9340942576388329
21
-99.8705105045562931
0
LINE
8
User.Drawings
6
CONTINUOUS
10
255.9340942576388329
20
-99.8705105045562931
11
255.9243043308167671
21
-99.8468762102834404
0
LINE
8
User.Drawings
6
CONTINUOUS
10
255.9243043308167671
20
-99.8468762102834404
11
255.9243043308167671
21
-99.8212942459543768
0
LINE
8
User.Drawings
6
CONTINUOUS
10
255.9243043308167671
20
-99.8212942459543768
11
255.9340942576388329
21
-99.7976599516815241
0
LINE
8
User.Drawings
6
CONTINUOUS
10
255.9340942576388329
20
-99.7976599516815241
11
255.9521827624876948
21
-99.7795714468326622
0
LINE
8
User.Drawings
6
CONTINUOUS
10
255.9521827624876948
20
-99.7795714468326622
11
255.9758170567605475
21
-99.7697815200105822
0
LINE
8
User.Drawings
6
CONTINUOUS
10
255.9758170567605475
20
-99.7697815200105822
11
255.9886080389250651
21
-99.7685218285604094
0
LINE
8
User.Drawings
6
CONTINUOUS
10
255.9886080389250651
20
-99.7685218285604094
11
256.7972233001465838
21
-99.7685218285604094
0
LINE
8
User.Drawings
6
CONTINUOUS
10
256.7972233001465838
20
-99.7685218285604094
11
256.7972233001465838
21
-98.9599065673389191
0
LINE
8
User.Drawings
6
CONTINUOUS
10
256.7972233001465838
20
-98.9599065673389191
11
256.7984829915967566
21
-98.9471155851743873
0
LINE
8
User.Drawings
6
CONTINUOUS
10
256.7984829915967566
20
-98.9471155851743873
11
256.8082729184188224
21
-98.9234812909015346
0
LINE
8
User.Drawings
6
CONTINUOUS
10
256.8082729184188224
20
-98.9234812909015346
11
256.8263614232676559
21
-98.9053927860526869
0
LINE
8
User.Drawings
6
CONTINUOUS
10
256.8263614232676559
20
-98.9053927860526869
11
256.849995717540537
21
-98.8956028592306069
0
LINE
8
User.Drawings
6
CONTINUOUS
10
256.849995717540537
20
-98.8956028592306069
11
256.875577681869629
21
-98.8956028592306069
0
LINE
8
User.Drawings
6
CONTINUOUS
10
256.875577681869629
20
-98.8956028592306069
11
256.8992119761424533
21
-98.9053927860526869
0
LINE
8
User.Drawings
6
CONTINUOUS
10
245.5112550917297654
20
-87.5312802690908001
11
245.5348893860026465
21
-87.5410701959128801
0
LINE
8
User.Drawings
6
CONTINUOUS
10
245.5348893860026465
20
-87.5410701959128801
11
245.55297789085148
21
-87.5591587007617278
0
LINE
8
User.Drawings
6
CONTINUOUS
10
245.55297789085148
20
-87.5591587007617278
11
245.5627678176735742
21
-87.5827929950345805
0
LINE
8
User.Drawings
6
CONTINUOUS
10
245.5627678176735742
20
-87.5827929950345805
11
245.5627678176735742
21
-87.6083749593636441
0
LINE
8
User.Drawings
6
CONTINUOUS
10
245.5627678176735742
20
-87.6083749593636441
11
245.55297789085148
21
-87.6320092536364967
0
LINE
8
User.Drawings
6
CONTINUOUS
10
245.55297789085148
20
-87.6320092536364967
11
245.5348893860026465
21
-87.6500977584853587
0
LINE
8
User.Drawings
6
CONTINUOUS
10
245.5348893860026465
20
-87.6500977584853587
11
245.5112550917297654
21
-87.6598876853074245
0
LINE
8
User.Drawings
6
CONTINUOUS
10
245.5112550917297654
20
-87.6598876853074245
11
245.4984641095652478
21
-87.6611473767576115
0
LINE
8
User.Drawings
6
CONTINUOUS
10
245.4984641095652478
20
-87.6611473767576115
11
244.6898488483437859
21
-87.6611473767576115
0
LINE
8
User.Drawings
6
CONTINUOUS
10
244.6898488483437859
20
-87.6611473767576115
11
244.6898488483437859
21
-88.4697626379791018
0
LINE
8
User.Drawings
6
CONTINUOUS
10
244.6898488483437859
20
-88.4697626379791018
11
244.6885891568936131
21
-88.4825536201436336
0
LINE
8
User.Drawings
6
CONTINUOUS
10
244.6885891568936131
20
-88.4825536201436336
11
244.6787992300714905
21
-88.506187914416472
0
LINE
8
User.Drawings
6
CONTINUOUS
10
244.6787992300714905
20
-88.506187914416472
11
244.6607107252226569
21
-88.524276419265334
0
LINE
8
User.Drawings
6
CONTINUOUS
10
244.6607107252226569
20
-88.524276419265334
11
244.6370764309498043
21
-88.534066346087414
0
LINE
8
User.Drawings
6
CONTINUOUS
10
244.6370764309498043
20
-88.534066346087414
11
244.6114944666207407
21
-88.534066346087414
0
LINE
8
User.Drawings
6
CONTINUOUS
10
244.6114944666207407
20
-88.534066346087414
11
244.587860172347888
21
-88.524276419265334
0
LINE
8
User.Drawings
6
CONTINUOUS
10
244.587860172347888
20
-88.524276419265334
11
244.5697716674990261
21
-88.506187914416472
0
LINE
8
User.Drawings
6
CONTINUOUS
10
244.5697716674990261
20
-88.506187914416472
11
244.5599817406769603
21
-88.4825536201436336
0
LINE
8
User.Drawings
6
CONTINUOUS
10
244.5599817406769603
20
-88.4825536201436336
11
244.5587220492267875
21
-88.4697626379791018
0
LINE
8
User.Drawings
6
CONTINUOUS
10
244.5587220492267875
20
-88.4697626379791018
11
244.5587220492267875
21
-87.5955839771991123
0
LINE
8
User.Drawings
6
CONTINUOUS
10
244.5587220492267875
20
-87.5955839771991123
11
244.5599817406769603
21
-87.5827929950345805
0
LINE
8
User.Drawings
6
CONTINUOUS
10
244.5599817406769603
20
-87.5827929950345805
11
244.5697716674990261
21
-87.5591587007617278
0
LINE
8
User.Drawings
6
CONTINUOUS
10
244.5697716674990261
20
-87.5591587007617278
11
244.587860172347888
21
-87.5410701959128801
0
LINE
8
User.Drawings
6
CONTINUOUS
10
244.587860172347888
20
-87.5410701959128801
11
244.6114944666207407
21
-87.5312802690908001
0
LINE
8
User.Drawings
6
CONTINUOUS
10
244.6114944666207407
20
-87.5312802690908001
11
244.6242854487852583
21
-87.5300205776406131
0
LINE
8
User.Drawings
6
CONTINUOUS
10
244.6242854487852583
20
-87.5300205776406131
11
245.4984641095652478
21
-87.5300205776406131
0
LINE
8
User.Drawings
6
CONTINUOUS
10
245.4984641095652478
20
-87.5300205776406131
11
245.5112550917297654
21
-87.5312802690908001
0
LINE
8
User.Drawings
6
CONTINUOUS
10
256.875577681869629
20
-87.5312802690908001
11
256.8992119761424533
21
-87.5410701959128801
0
LINE
8
User.Drawings
6
CONTINUOUS
10
256.8992119761424533
20
-87.5410701959128801
11
256.9173004809913436
21
-87.5591587007617278
0
LINE
8
User.Drawings
6
CONTINUOUS
10
256.9173004809913436
20
-87.5591587007617278
11
256.9270904078134095
21
-87.5827929950345805
0
LINE
8
User.Drawings
6
CONTINUOUS
10
256.9270904078134095
20
-87.5827929950345805
11
256.9283500992635823
21
-87.5955839771991123
0
LINE
8
User.Drawings
6
CONTINUOUS
10
256.9283500992635823
20
-87.5955839771991123
11
256.9283500992635823
21
-88.4697626379791018
0
LINE
8
User.Drawings
6
CONTINUOUS
10
256.9283500992635823
20
-88.4697626379791018
11
256.9270904078134095
21
-88.4825536201436336
0
LINE
8
User.Drawings
6
CONTINUOUS
10
256.9270904078134095
20
-88.4825536201436336
11
256.9173004809913436
21
-88.506187914416472
0
LINE
8
User.Drawings
6
CONTINUOUS
10
256.9173004809913436
20
-88.506187914416472
11
256.8992119761424533
21
-88.524276419265334
0
LINE
8
User.Drawings
6
CONTINUOUS
10
256.8992119761424533
20
-88.524276419265334
11
256.875577681869629
21
-88.534066346087414
0
LINE
8
User.Drawings
6
CONTINUOUS
10
256.875577681869629
20
-88.534066346087414
11
256.849995717540537
21
-88.534066346087414
0
LINE
8
User.Drawings
6
CONTINUOUS
10
256.849995717540537
20
-88.534066346087414
11
256.8263614232676559
21
-88.524276419265334
0
LINE
8
User.Drawings
6
CONTINUOUS
10
256.8263614232676559
20
-88.524276419265334
11
256.8082729184188224
21
-88.506187914416472
0
LINE
8
User.Drawings
6
CONTINUOUS
10
256.8082729184188224
20
-88.506187914416472
11
256.7984829915967566
21
-88.4825536201436336
0
LINE
8
User.Drawings
6
CONTINUOUS
10
256.7984829915967566
20
-88.4825536201436336
11
256.7972233001465838
21
-88.4697626379791018
0
LINE
8
User.Drawings
6
CONTINUOUS
10
256.7972233001465838
20
-88.4697626379791018
11
256.7972233001465838
21
-87.6611473767576115
0
LINE
8
User.Drawings
6
CONTINUOUS
10
256.7972233001465838
20
-87.6611473767576115
11
255.9886080389250651
21
-87.6611473767576115
0
LINE
8
User.Drawings
6
CONTINUOUS
10
255.9886080389250651
20
-87.6611473767576115
11
255.9758170567605475
21
-87.6598876853074245
0
LINE
8
User.Drawings
6
CONTINUOUS
10
255.9758170567605475
20
-87.6598876853074245
11
255.9521827624876948
21
-87.6500977584853587
0
LINE
8
User.Drawings
6
CONTINUOUS
10
255.9521827624876948
20
-87.6500977584853587
11
255.9340942576388329
21
-87.6320092536364967
0
LINE
8
User.Drawings
6
CONTINUOUS
10
255.9340942576388329
20
-87.6320092536364967
11
255.9243043308167671
21
-87.6083749593636441
0
LINE
8
User.Drawings
6
CONTINUOUS
10
255.9243043308167671
20
-87.6083749593636441
11
255.9243043308167671
21
-87.5827929950345805
0
LINE
8
User.Drawings
6
CONTINUOUS
10
255.9243043308167671
20
-87.5827929950345805
11
255.9340942576388329
21
-87.5591587007617278
0
LINE
8
User.Drawings
6
CONTINUOUS
10
255.9340942576388329
20
-87.5591587007617278
11
255.9521827624876948
21
-87.5410701959128801
0
LINE
8
User.Drawings
6
CONTINUOUS
10
255.9521827624876948
20
-87.5410701959128801
11
255.9758170567605475
21
-87.5312802690908001
0
LINE
8
User.Drawings
6
CONTINUOUS
10
255.9758170567605475
20
-87.5312802690908001
11
255.9886080389250651
21
-87.5300205776406131
0
LINE
8
User.Drawings
6
CONTINUOUS
10
255.9886080389250651
20
-87.5300205776406131
11
256.8627866997050546
21
-87.5300205776406131
0
LINE
8
User.Drawings
6
CONTINUOUS
10
256.8627866997050546
20
-87.5300205776406131
11
256.875577681869629
21
-87.5312802690908001
0
LINE
8
User.Drawings
6
CONTINUOUS
10
227.9682691976288424
20
-98.8365949254492904
11
227.986357702477676
21
-98.8546834302981665
0
LINE
8
User.Drawings
6
CONTINUOUS
10
227.986357702477676
20
-98.8546834302981665
11
227.9961476292997702
21
-98.878317724571005
0
LINE
8
User.Drawings
6
CONTINUOUS
10
227.9961476292997702
20
-98.878317724571005
11
227.9974073207499714
21
-98.8911087067355368
0
LINE
8
User.Drawings
6
CONTINUOUS
10
227.9974073207499714
20
-98.8911087067355368
11
227.9974073207499714
21
-99.6997239679570271
0
LINE
8
User.Drawings
6
CONTINUOUS
10
227.9974073207499714
20
-99.6997239679570271
11
228.8060225819714617
21
-99.6997239679570271
0
LINE
8
User.Drawings
6
CONTINUOUS
10
228.8060225819714617
20
-99.6997239679570271
11
228.8188135641359793
21
-99.7009836594072141
0
LINE
8
User.Drawings
6
CONTINUOUS
10
228.8188135641359793
20
-99.7009836594072141
11
228.842447858408832
21
-99.7107735862292941
0
LINE
8
User.Drawings
6
CONTINUOUS
10
228.842447858408832
20
-99.7107735862292941
11
228.8605363632576939
21
-99.7288620910781418
0
LINE
8
User.Drawings
6
CONTINUOUS
10
228.8605363632576939
20
-99.7288620910781418
11
228.8703262900797597
21
-99.7524963853509803
0
LINE
8
User.Drawings
6
CONTINUOUS
10
228.8703262900797597
20
-99.7524963853509803
11
228.8703262900797597
21
-99.7780783496800581
0
LINE
8
User.Drawings
6
CONTINUOUS
10
228.8703262900797597
20
-99.7780783496800581
11
228.8605363632576939
21
-99.8017126439528965
0
LINE
8
User.Drawings
6
CONTINUOUS
10
228.8605363632576939
20
-99.8017126439528965
11
228.842447858408832
21
-99.8198011488017727
0
LINE
8
User.Drawings
6
CONTINUOUS
10
228.842447858408832
20
-99.8198011488017727
11
228.8188135641359793
21
-99.8295910756238385
0
LINE
8
User.Drawings
6
CONTINUOUS
10
228.8188135641359793
20
-99.8295910756238385
11
228.8060225819714617
21
-99.8308507670740255
0
LINE
8
User.Drawings
6
CONTINUOUS
10
228.8060225819714617
20
-99.8308507670740255
11
227.9318439211914438
21
-99.8308507670740255
0
LINE
8
User.Drawings
6
CONTINUOUS
10
227.9318439211914438
20
-99.8308507670740255
11
227.9190529390268978
21
-99.8295910756238385
0
LINE
8
User.Drawings
6
CONTINUOUS
10
227.9190529390268978
20
-99.8295910756238385
11
227.8954186447540735
21
-99.8198011488017727
0
LINE
8
User.Drawings
6
CONTINUOUS
10
227.8954186447540735
20
-99.8198011488017727
11
227.8773301399052116
21
-99.8017126439528965
0
LINE
8
User.Drawings
6
CONTINUOUS
10
227.8773301399052116
20
-99.8017126439528965
11
227.8675402130831458
21
-99.7780783496800581
0
LINE
8
User.Drawings
6
CONTINUOUS
10
227.8675402130831458
20
-99.7780783496800581
11
227.866280521632973
21
-99.7652873675155263
0
LINE
8
User.Drawings
6
CONTINUOUS
10
227.866280521632973
20
-99.7652873675155263
11
227.866280521632973
21
-98.8911087067355368
0
LINE
8
User.Drawings
6
CONTINUOUS
10
227.866280521632973
20
-98.8911087067355368
11
227.8675402130831458
21
-98.878317724571005
0
LINE
8
User.Drawings
6
CONTINUOUS
10
227.8675402130831458
20
-98.878317724571005
11
227.8773301399052116
21
-98.8546834302981665
0
LINE
8
User.Drawings
6
CONTINUOUS
10
227.8773301399052116
20
-98.8546834302981665
11
227.8954186447540735
21
-98.8365949254492904
0
LINE
8
User.Drawings
6
CONTINUOUS
10
227.8954186447540735
20
-98.8365949254492904
11
227.9190529390268978
21
-98.8268049986272246
0
LINE
8
User.Drawings
6
CONTINUOUS
10
227.9190529390268978
20
-98.8268049986272246
11
227.9446349033559898
21
-98.8268049986272246
0
LINE
8
User.Drawings
6
CONTINUOUS
10
227.9446349033559898
20
-98.8268049986272246
11
227.9682691976288424
21
-98.8365949254492904
0
LINE
8
User.Drawings
6
CONTINUOUS
10
240.2067704485486388
20
-98.8365949254492904
11
240.2248589533975007
21
-98.8546834302981665
0
LINE
8
User.Drawings
6
CONTINUOUS
10
240.2248589533975007
20
-98.8546834302981665
11
240.2346488802195665
21
-98.878317724571005
0
LINE
8
User.Drawings
6
CONTINUOUS
10
240.2346488802195665
20
-98.878317724571005
11
240.2359085716697393
21
-98.8911087067355368
0
LINE
8
User.Drawings
6
CONTINUOUS
10
240.2359085716697393
20
-98.8911087067355368
11
240.2359085716697393
21
-99.7652873675155263
0
LINE
8
User.Drawings
6
CONTINUOUS
10
240.2359085716697393
20
-99.7652873675155263
11
240.2346488802195665
21
-99.7780783496800581
0
LINE
8
User.Drawings
6
CONTINUOUS
10
240.2346488802195665
20
-99.7780783496800581
11
240.2248589533975007
21
-99.8017126439528965
0
LINE
8
User.Drawings
6
CONTINUOUS
10
240.2248589533975007
20
-99.8017126439528965
11
240.2067704485486388
21
-99.8198011488017727
0
LINE
8
User.Drawings
6
CONTINUOUS
10
240.2067704485486388
20
-99.8198011488017727
11
240.1831361542757861
21
-99.8295910756238385
0
LINE
8
User.Drawings
6
CONTINUOUS
10
240.1831361542757861
20
-99.8295910756238385
11
240.1703451721112685
21
-99.8308507670740255
0
LINE
8
User.Drawings
6
CONTINUOUS
10
240.1703451721112685
20
-99.8308507670740255
11
239.296166511331279
21
-99.8308507670740255
0
LINE
8
User.Drawings
6
CONTINUOUS
10
239.296166511331279
20
-99.8308507670740255
11
239.283375529166733
21
-99.8295910756238385
0
LINE
8
User.Drawings
6
CONTINUOUS
10
239.283375529166733
20
-99.8295910756238385
11
239.2597412348938803
21
-99.8198011488017727
0
LINE
8
User.Drawings
6
CONTINUOUS
10
239.2597412348938803
20
-99.8198011488017727
11
239.2416527300450468
21
-99.8017126439528965
0
LINE
8
User.Drawings
6
CONTINUOUS
10
239.2416527300450468
20
-99.8017126439528965
11
239.2318628032229526
21
-99.7780783496800581
0
LINE
8
User.Drawings
6
CONTINUOUS
10
239.2318628032229526
20
-99.7780783496800581
11
239.2318628032229526
21
-99.7524963853509803
0
LINE
8
User.Drawings
6
CONTINUOUS
10
239.2318628032229526
20
-99.7524963853509803
11
239.2416527300450468
21
-99.7288620910781418
0
LINE
8
User.Drawings
6
CONTINUOUS
10
239.2416527300450468
20
-99.7288620910781418
11
239.2597412348938803
21
-99.7107735862292941
0
LINE
8
User.Drawings
6
CONTINUOUS
10
239.2597412348938803
20
-99.7107735862292941
11
239.283375529166733
21
-99.7009836594072141
0
LINE
8
User.Drawings
6
CONTINUOUS
10
239.283375529166733
20
-99.7009836594072141
11
239.296166511331279
21
-99.6997239679570271
0
LINE
8
User.Drawings
6
CONTINUOUS
10
239.296166511331279
20
-99.6997239679570271
11
240.1047817725527409
21
-99.6997239679570271
0
LINE
8
User.Drawings
6
CONTINUOUS
10
240.1047817725527409
20
-99.6997239679570271
11
240.1047817725527409
21
-98.8911087067355368
0
LINE
8
User.Drawings
6
CONTINUOUS
10
240.1047817725527409
20
-98.8911087067355368
11
240.1060414640029137
21
-98.878317724571005
0
LINE
8
User.Drawings
6
CONTINUOUS
10
240.1060414640029137
20
-98.878317724571005
11
240.1158313908250364
21
-98.8546834302981665
0
LINE
8
User.Drawings
6
CONTINUOUS
10
240.1158313908250364
20
-98.8546834302981665
11
240.1339198956738699
21
-98.8365949254492904
0
LINE
8
User.Drawings
6
CONTINUOUS
10
240.1339198956738699
20
-98.8365949254492904
11
240.1575541899467225
21
-98.8268049986272246
0
LINE
8
User.Drawings
6
CONTINUOUS
10
240.1575541899467225
20
-98.8268049986272246
11
240.1831361542757861
21
-98.8268049986272246
0
LINE
8
User.Drawings
6
CONTINUOUS
10
240.1831361542757861
20
-98.8268049986272246
11
240.2067704485486388
21
-98.8365949254492904
0
LINE
8
User.Drawings
6
CONTINUOUS
10
228.8188135641359793
20
-87.4624824084874177
11
228.842447858408832
21
-87.4722723353094835
0
LINE
8
User.Drawings
6
CONTINUOUS
10
228.842447858408832
20
-87.4722723353094835
11
228.8605363632576939
21
-87.4903608401583597
0
LINE
8
User.Drawings
6
CONTINUOUS
10
228.8605363632576939
20
-87.4903608401583597
11
228.8703262900797597
21
-87.5139951344311982
0
LINE
8
User.Drawings
6
CONTINUOUS
10
228.8703262900797597
20
-87.5139951344311982
11
228.8703262900797597
21
-87.5395770987602617
0
LINE
8
User.Drawings
6
CONTINUOUS
10
228.8703262900797597
20
-87.5395770987602617
11
228.8605363632576939
21
-87.5632113930331144
0
LINE
8
User.Drawings
6
CONTINUOUS
10
228.8605363632576939
20
-87.5632113930331144
11
228.842447858408832
21
-87.5812998978819621
0
LINE
8
User.Drawings
6
CONTINUOUS
10
228.842447858408832
20
-87.5812998978819621
11
228.8188135641359793
21
-87.5910898247040421
0
LINE
8
User.Drawings
6
CONTINUOUS
10
228.8188135641359793
20
-87.5910898247040421
11
228.8060225819714617
21
-87.5923495161542291
0
LINE
8
User.Drawings
6
CONTINUOUS
10
228.8060225819714617
20
-87.5923495161542291
11
227.9974073207499714
21
-87.5923495161542291
0
LINE
8
User.Drawings
6
CONTINUOUS
10
227.9974073207499714
20
-87.5923495161542291
11
227.9974073207499714
21
-88.4009647773757052
0
LINE
8
User.Drawings
6
CONTINUOUS
10
227.9974073207499714
20
-88.4009647773757052
11
227.9961476292997702
21
-88.413755759540237
0
LINE
8
User.Drawings
6
CONTINUOUS
10
227.9961476292997702
20
-88.413755759540237
11
227.986357702477676
21
-88.4373900538130897
0
LINE
8
User.Drawings
6
CONTINUOUS
10
227.986357702477676
20
-88.4373900538130897
11
227.9682691976288424
21
-88.4554785586619516
0
LINE
8
User.Drawings
6
CONTINUOUS
10
227.9682691976288424
20
-88.4554785586619516
11
227.9446349033559898
21
-88.4652684854840317
0
LINE
8
User.Drawings
6
CONTINUOUS
10
227.9446349033559898
20
-88.4652684854840317
11
227.9190529390268978
21
-88.4652684854840317
0
LINE
8
User.Drawings
6
CONTINUOUS
10
227.9190529390268978
20
-88.4652684854840317
11
227.8954186447540735
21
-88.4554785586619516
0
LINE
8
User.Drawings
6
CONTINUOUS
10
227.8954186447540735
20
-88.4554785586619516
11
227.8773301399052116
21
-88.4373900538130897
0
LINE
8
User.Drawings
6
CONTINUOUS
10
227.8773301399052116
20
-88.4373900538130897
11
227.8675402130831458
21
-88.413755759540237
0
LINE
8
User.Drawings
6
CONTINUOUS
10
227.8675402130831458
20
-88.413755759540237
11
227.866280521632973
21
-88.4009647773757052
0
LINE
8
User.Drawings
6
CONTINUOUS
10
227.866280521632973
20
-88.4009647773757052
11
227.866280521632973
21
-87.5267861165957299
0
LINE
8
User.Drawings
6
CONTINUOUS
10
227.866280521632973
20
-87.5267861165957299
11
227.8675402130831458
21
-87.5139951344311982
0
LINE
8
User.Drawings
6
CONTINUOUS
10
227.8675402130831458
20
-87.5139951344311982
11
227.8773301399052116
21
-87.4903608401583597
0
LINE
8
User.Drawings
6
CONTINUOUS
10
227.8773301399052116
20
-87.4903608401583597
11
227.8954186447540735
21
-87.4722723353094835
0
LINE
8
User.Drawings
6
CONTINUOUS
10
227.8954186447540735
20
-87.4722723353094835
11
227.9190529390268978
21
-87.4624824084874177
0
LINE
8
User.Drawings
6
CONTINUOUS
10
227.9190529390268978
20
-87.4624824084874177
11
227.9318439211914438
21
-87.4612227170372307
0
LINE
8
User.Drawings
6
CONTINUOUS
10
227.9318439211914438
20
-87.4612227170372307
11
228.8060225819714617
21
-87.4612227170372307
0
LINE
8
User.Drawings
6
CONTINUOUS
10
228.8060225819714617
20
-87.4612227170372307
11
228.8188135641359793
21
-87.4624824084874177
0
LINE
8
User.Drawings
6
CONTINUOUS
10
240.1831361542757861
20
-87.4624824084874177
11
240.2067704485486388
21
-87.4722723353094835
0
LINE
8
User.Drawings
6
CONTINUOUS
10
240.2067704485486388
20
-87.4722723353094835
11
240.2248589533975007
21
-87.4903608401583597
0
LINE
8
User.Drawings
6
CONTINUOUS
10
240.2248589533975007
20
-87.4903608401583597
11
240.2346488802195665
21
-87.5139951344311982
0
LINE
8
User.Drawings
6
CONTINUOUS
10
240.2346488802195665
20
-87.5139951344311982
11
240.2359085716697393
21
-87.5267861165957299
0
LINE
8
User.Drawings
6
CONTINUOUS
10
240.2359085716697393
20
-87.5267861165957299
11
240.2359085716697393
21
-88.4009647773757052
0
LINE
8
User.Drawings
6
CONTINUOUS
10
240.2359085716697393
20
-88.4009647773757052
11
240.2346488802195665
21
-88.413755759540237
0
LINE
8
User.Drawings
6
CONTINUOUS
10
240.2346488802195665
20
-88.413755759540237
11
240.2248589533975007
21
-88.4373900538130897
0
LINE
8
User.Drawings
6
CONTINUOUS
10
240.2248589533975007
20
-88.4373900538130897
11
240.2067704485486388
21
-88.4554785586619516
0
LINE
8
User.Drawings
6
CONTINUOUS
10
240.2067704485486388
20
-88.4554785586619516
11
240.1831361542757861
21
-88.4652684854840317
0
LINE
8
User.Drawings
6
CONTINUOUS
10
240.1831361542757861
20
-88.4652684854840317
11
240.1575541899467225
21
-88.4652684854840317
0
LINE
8
User.Drawings
6
CONTINUOUS
10
240.1575541899467225
20
-88.4652684854840317
11
240.1339198956738699
21
-88.4554785586619516
0
LINE
8
User.Drawings
6
CONTINUOUS
10
240.1339198956738699
20
-88.4554785586619516
11
240.1158313908250364
21
-88.4373900538130897
0
LINE
8
User.Drawings
6
CONTINUOUS
10
240.1158313908250364
20
-88.4373900538130897
11
240.1060414640029137
21
-88.413755759540237
0
LINE
8
User.Drawings
6
CONTINUOUS
10
240.1060414640029137
20
-88.413755759540237
11
240.1047817725527409
21
-88.4009647773757052
0
LINE
8
User.Drawings
6
CONTINUOUS
10
240.1047817725527409
20
-88.4009647773757052
11
240.1047817725527409
21
-87.5923495161542291
0
LINE
8
User.Drawings
6
CONTINUOUS
10
240.1047817725527409
20
-87.5923495161542291
11
239.296166511331279
21
-87.5923495161542291
0
LINE
8
User.Drawings
6
CONTINUOUS
10
239.296166511331279
20
-87.5923495161542291
11
239.283375529166733
21
-87.5910898247040421
0
LINE
8
User.Drawings
6
CONTINUOUS
10
239.283375529166733
20
-87.5910898247040421
11
239.2597412348938803
21
-87.5812998978819621
0
LINE
8
User.Drawings
6
CONTINUOUS
10
239.2597412348938803
20
-87.5812998978819621
11
239.2416527300450468
21
-87.5632113930331144
0
LINE
8
User.Drawings
6
CONTINUOUS
10
239.2416527300450468
20
-87.5632113930331144
11
239.2318628032229526
21
-87.5395770987602617
0
LINE
8
User.Drawings
6
CONTINUOUS
10
239.2318628032229526
20
-87.5395770987602617
11
239.2318628032229526
21
-87.5139951344311982
0
LINE
8
User.Drawings
6
CONTINUOUS
10
239.2318628032229526
20
-87.5139951344311982
11
239.2416527300450468
21
-87.4903608401583597
0
LINE
8
User.Drawings
6
CONTINUOUS
10
239.2416527300450468
20
-87.4903608401583597
11
239.2597412348938803
21
-87.4722723353094835
0
LINE
8
User.Drawings
6
CONTINUOUS
10
239.2597412348938803
20
-87.4722723353094835
11
239.283375529166733
21
-87.4624824084874177
0
LINE
8
User.Drawings
6
CONTINUOUS
10
239.283375529166733
20
-87.4624824084874177
11
239.296166511331279
21
-87.4612227170372307
0
LINE
8
User.Drawings
6
CONTINUOUS
10
239.296166511331279
20
-87.4612227170372307
11
240.1703451721112685
21
-87.4612227170372307
0
LINE
8
User.Drawings
6
CONTINUOUS
10
240.1703451721112685
20
-87.4612227170372307
11
240.1831361542757861
21
-87.4624824084874177
0
LINE
8
User.Drawings
6
CONTINUOUS
10
160.5835865853303801
20
-89.1293898816865351
11
160.6040161406328082
21
-89.1447850420815371
0
LINE
8
User.Drawings
6
CONTINUOUS
10
160.6040161406328082
20
-89.1447850420815371
11
160.6170003162813771
21
-89.1668265828344317
0
LINE
8
User.Drawings
6
CONTINUOUS
10
160.6170003162813771
20
-89.1668265828344317
11
160.6200275969836753
21
-89.1793177217183199
0
LINE
8
User.Drawings
6
CONTINUOUS
10
160.6200275969836753
20
-89.1793177217183199
11
160.7325649868791686
21
-89.9800636266354559
0
LINE
8
User.Drawings
6
CONTINUOUS
10
160.7325649868791686
20
-89.9800636266354559
11
161.5333108917963045
21
-89.8675262367399625
0
LINE
8
User.Drawings
6
CONTINUOUS
10
161.5333108917963045
20
-89.8675262367399625
11
161.5461525763231805
21
-89.8669929877568734
0
LINE
8
User.Drawings
6
CONTINUOUS
10
161.5461525763231805
20
-89.8669929877568734
11
161.5709198061403811
21
-89.8733989689830821
0
LINE
8
User.Drawings
6
CONTINUOUS
10
161.5709198061403811
20
-89.8733989689830821
11
161.5913493614428376
21
-89.8887941293780699
0
LINE
8
User.Drawings
6
CONTINUOUS
10
161.5913493614428376
20
-89.8887941293780699
11
161.6043335370914065
21
-89.9108356701309788
0
LINE
8
User.Drawings
6
CONTINUOUS
10
161.6043335370914065
20
-89.9108356701309788
11
161.607894066776737
21
-89.9361684935417145
0
LINE
8
User.Drawings
6
CONTINUOUS
10
161.607894066776737
20
-89.9361684935417145
11
161.6014880855505282
21
-89.9609357233589435
0
LINE
8
User.Drawings
6
CONTINUOUS
10
161.6014880855505282
20
-89.9609357233589435
11
161.5860929251555547
21
-89.9813652786613716
0
LINE
8
User.Drawings
6
CONTINUOUS
10
161.5860929251555547
20
-89.9813652786613716
11
161.56405138440266
21
-89.9943494543099405
0
LINE
8
User.Drawings
6
CONTINUOUS
10
161.56405138440266
20
-89.9943494543099405
11
161.5515602455187718
21
-89.9973767350122102
0
LINE
8
User.Drawings
6
CONTINUOUS
10
161.5515602455187718
20
-89.9973767350122102
11
160.6858890914654978
21
-90.1190388017689372
0
LINE
8
User.Drawings
6
CONTINUOUS
10
160.6858890914654978
20
-90.1190388017689372
11
160.6730474069386219
21
-90.1195720507520264
0
LINE
8
User.Drawings
6
CONTINUOUS
10
160.6730474069386219
20
-90.1195720507520264
11
160.6482801771213929
21
-90.1131660695258176
0
LINE
8
User.Drawings
6
CONTINUOUS
10
160.6482801771213929
20
-90.1131660695258176
11
160.6278506218189932
21
-90.0977709091308157
0
LINE
8
User.Drawings
6
CONTINUOUS
10
160.6278506218189932
20
-90.0977709091308157
11
160.6148664461704243
21
-90.075729368377921
0
LINE
8
User.Drawings
6
CONTINUOUS
10
160.6148664461704243
20
-90.075729368377921
11
160.6118391654681261
21
-90.0632382294940328
0
LINE
8
User.Drawings
6
CONTINUOUS
10
160.6118391654681261
20
-90.0632382294940328
11
160.4901770987113991
21
-89.1975670754407588
0
LINE
8
User.Drawings
6
CONTINUOUS
10
160.4901770987113991
20
-89.1975670754407588
11
160.4896438497283384
21
-89.1847253909138971
0
LINE
8
User.Drawings
6
CONTINUOUS
10
160.4896438497283384
20
-89.1847253909138971
11
160.4960498309545187
21
-89.1599581610966823
0
LINE
8
User.Drawings
6
CONTINUOUS
10
160.4960498309545187
20
-89.1599581610966823
11
160.5114449913495207
21
-89.1395286057942684
0
LINE
8
User.Drawings
6
CONTINUOUS
10
160.5114449913495207
20
-89.1395286057942684
11
160.5334865321024154
21
-89.1265444301456853
0
LINE
8
User.Drawings
6
CONTINUOUS
10
160.5334865321024154
20
-89.1265444301456853
11
160.5588193555131795
21
-89.1229839004603264
0
LINE
8
User.Drawings
6
CONTINUOUS
10
160.5588193555131795
20
-89.1229839004603264
11
160.5835865853303801
21
-89.1293898816865351
0
LINE
8
User.Drawings
6
CONTINUOUS
10
172.7029836162548975
20
-87.4261200729136192
11
172.7234131715573255
21
-87.441515233308607
0
LINE
8
User.Drawings
6
CONTINUOUS
10
172.7234131715573255
20
-87.441515233308607
11
172.736397347205866
21
-87.4635567740615159
0
LINE
8
User.Drawings
6
CONTINUOUS
10
172.736397347205866
20
-87.4635567740615159
11
172.7394246279081642
21
-87.4760479129454041
0
LINE
8
User.Drawings
6
CONTINUOUS
10
172.7394246279081642
20
-87.4760479129454041
11
172.8610866946648912
21
-88.341719066998678
0
LINE
8
User.Drawings
6
CONTINUOUS
10
172.8610866946648912
20
-88.341719066998678
11
172.8616199436479803
21
-88.3545607515255256
0
LINE
8
User.Drawings
6
CONTINUOUS
10
172.8616199436479803
20
-88.3545607515255256
11
172.8552139624217716
21
-88.3793279813427404
0
LINE
8
User.Drawings
6
CONTINUOUS
10
172.8552139624217716
20
-88.3793279813427404
11
172.8398188020267696
21
-88.3997575366451684
0
LINE
8
User.Drawings
6
CONTINUOUS
10
172.8398188020267696
20
-88.3997575366451684
11
172.817777261273875
21
-88.4127417122937374
0
LINE
8
User.Drawings
6
CONTINUOUS
10
172.817777261273875
20
-88.4127417122937374
11
172.8052861223899868
21
-88.4157689929960213
0
LINE
8
User.Drawings
6
CONTINUOUS
10
172.8052861223899868
20
-88.4157689929960213
11
171.9396149683367128
21
-88.5374310597527625
0
LINE
8
User.Drawings
6
CONTINUOUS
10
171.9396149683367128
20
-88.5374310597527625
11
171.9267732838098652
21
-88.5379643087358232
0
LINE
8
User.Drawings
6
CONTINUOUS
10
171.9267732838098652
20
-88.5379643087358232
11
171.9020060539926078
21
-88.5315583275096429
0
LINE
8
User.Drawings
6
CONTINUOUS
10
171.9020060539926078
20
-88.5315583275096429
11
171.8815764986902082
21
-88.5161631671146409
0
LINE
8
User.Drawings
6
CONTINUOUS
10
171.8815764986902082
20
-88.5161631671146409
11
171.8685923230416392
21
-88.4941216263617321
0
LINE
8
User.Drawings
6
CONTINUOUS
10
171.8685923230416392
20
-88.4941216263617321
11
171.8650317933562803
21
-88.4687888029509821
0
LINE
8
User.Drawings
6
CONTINUOUS
10
171.8650317933562803
20
-88.4687888029509821
11
171.8714377745824606
21
-88.4440215731337815
0
LINE
8
User.Drawings
6
CONTINUOUS
10
171.8714377745824606
20
-88.4440215731337815
11
171.8868329349774626
21
-88.4235920178313393
0
LINE
8
User.Drawings
6
CONTINUOUS
10
171.8868329349774626
20
-88.4235920178313393
11
171.9088744757303857
21
-88.4106078421827846
0
LINE
8
User.Drawings
6
CONTINUOUS
10
171.9088744757303857
20
-88.4106078421827846
11
171.9213656146142739
21
-88.4075805614805006
0
LINE
8
User.Drawings
6
CONTINUOUS
10
171.9213656146142739
20
-88.4075805614805006
11
172.7221115195314098
21
-88.2950422974063258
0
LINE
8
User.Drawings
6
CONTINUOUS
10
172.7221115195314098
20
-88.2950422974063258
11
172.6095741296358881
21
-87.4942972666678429
0
LINE
8
User.Drawings
6
CONTINUOUS
10
172.6095741296358881
20
-87.4942972666678429
11
172.6090408806528274
21
-87.4814555821409812
0
LINE
8
User.Drawings
6
CONTINUOUS
10
172.6090408806528274
20
-87.4814555821409812
11
172.6154468618790077
21
-87.4566883523237664
0
LINE
8
User.Drawings
6
CONTINUOUS
10
172.6154468618790077
20
-87.4566883523237664
11
172.6308420222740097
21
-87.4362587970213383
0
LINE
8
User.Drawings
6
CONTINUOUS
10
172.6308420222740097
20
-87.4362587970213383
11
172.6528835630269327
21
-87.4232746213727694
0
LINE
8
User.Drawings
6
CONTINUOUS
10
172.6528835630269327
20
-87.4232746213727694
11
172.6782163864376685
21
-87.4197140916874105
0
LINE
8
User.Drawings
6
CONTINUOUS
10
172.6782163864376685
20
-87.4197140916874105
11
172.7029836162548975
21
-87.4261200729136192
0
LINE
8
User.Drawings
6
CONTINUOUS
10
159.8676499973674652
20
-77.7540019380585647
11
159.8880795526698932
21
-77.7693970984535667
0
LINE
8
User.Drawings
6
CONTINUOUS
10
159.8880795526698932
20
-77.7693970984535667
11
159.9010637283184622
21
-77.7914386392064614
0
LINE
8
User.Drawings
6
CONTINUOUS
10
159.9010637283184622
20
-77.7914386392064614
11
159.9046242580038211
21
-77.8167714626172113
0
LINE
8
User.Drawings
6
CONTINUOUS
10
159.9046242580038211
20
-77.8167714626172113
11
159.8982182767776123
21
-77.8415386924344403
0
LINE
8
User.Drawings
6
CONTINUOUS
10
159.8982182767776123
20
-77.8415386924344403
11
159.8828231163826104
21
-77.8619682477368684
0
LINE
8
User.Drawings
6
CONTINUOUS
10
159.8828231163826104
20
-77.8619682477368684
11
159.8607815756297441
21
-77.8749524233854231
0
LINE
8
User.Drawings
6
CONTINUOUS
10
159.8607815756297441
20
-77.8749524233854231
11
159.8482904367458559
21
-77.8779797040877213
0
LINE
8
User.Drawings
6
CONTINUOUS
10
159.8482904367458559
20
-77.8779797040877213
11
159.0475436576500385
21
-77.9905170939832146
0
LINE
8
User.Drawings
6
CONTINUOUS
10
159.0475436576500385
20
-77.9905170939832146
11
159.1600819217241849
21
-78.7912629989003648
0
LINE
8
User.Drawings
6
CONTINUOUS
10
159.1600819217241849
20
-78.7912629989003648
11
159.160615170707274
21
-78.8041046834272265
0
LINE
8
User.Drawings
6
CONTINUOUS
10
159.160615170707274
20
-78.8041046834272265
11
159.1542091894810653
21
-78.8288719132444413
0
LINE
8
User.Drawings
6
CONTINUOUS
10
159.1542091894810653
20
-78.8288719132444413
11
159.1388140290860633
21
-78.8493014685468694
0
LINE
8
User.Drawings
6
CONTINUOUS
10
159.1388140290860633
20
-78.8493014685468694
11
159.1167724883331971
21
-78.8622856441954383
0
LINE
8
User.Drawings
6
CONTINUOUS
10
159.1167724883331971
20
-78.8622856441954383
11
159.0914396649224329
21
-78.8658461738807972
0
LINE
8
User.Drawings
6
CONTINUOUS
10
159.0914396649224329
20
-78.8658461738807972
11
159.0666724351052324
21
-78.8594401926545885
0
LINE
8
User.Drawings
6
CONTINUOUS
10
159.0666724351052324
20
-78.8594401926545885
11
159.0462428798027759
21
-78.8440450322596007
0
LINE
8
User.Drawings
6
CONTINUOUS
10
159.0462428798027759
20
-78.8440450322596007
11
159.033258704154207
21
-78.8220034915066918
0
LINE
8
User.Drawings
6
CONTINUOUS
10
159.033258704154207
20
-78.8220034915066918
11
159.0302314234519656
21
-78.8095123526228036
0
LINE
8
User.Drawings
6
CONTINUOUS
10
159.0302314234519656
20
-78.8095123526228036
11
158.9085693566952102
21
-77.9438411985695296
0
LINE
8
User.Drawings
6
CONTINUOUS
10
158.9085693566952102
20
-77.9438411985695296
11
158.9080361077121495
21
-77.9309995140426679
0
LINE
8
User.Drawings
6
CONTINUOUS
10
158.9080361077121495
20
-77.9309995140426679
11
158.9144420889383298
21
-77.9062322842254673
0
LINE
8
User.Drawings
6
CONTINUOUS
10
158.9144420889383298
20
-77.9062322842254673
11
158.9298372493333034
21
-77.8858027289230392
0
LINE
8
User.Drawings
6
CONTINUOUS
10
158.9298372493333034
20
-77.8858027289230392
11
158.9518787900862264
21
-77.8728185532744703
0
LINE
8
User.Drawings
6
CONTINUOUS
10
158.9518787900862264
20
-77.8728185532744703
11
158.9643699289701146
21
-77.8697912725721864
0
LINE
8
User.Drawings
6
CONTINUOUS
10
158.9643699289701146
20
-77.8697912725721864
11
159.8300410830233886
21
-77.7481292058154452
0
LINE
8
User.Drawings
6
CONTINUOUS
10
159.8300410830233886
20
-77.7481292058154452
11
159.8428827675502646
21
-77.7475959568323702
0
LINE
8
User.Drawings
6
CONTINUOUS
10
159.8428827675502646
20
-77.7475959568323702
11
159.8676499973674652
21
-77.7540019380585647
0
LINE
8
User.Drawings
6
CONTINUOUS
10
171.1213758742386801
20
-76.17239419604239
11
171.1418054295411366
21
-76.1877893564373778
0
LINE
8
User.Drawings
6
CONTINUOUS
10
171.1418054295411366
20
-76.1877893564373778
11
171.1547896051897055
21
-76.2098308971902867
0
LINE
8
User.Drawings
6
CONTINUOUS
10
171.1547896051897055
20
-76.2098308971902867
11
171.1578168858919753
21
-76.2223220360741749
0
LINE
8
User.Drawings
6
CONTINUOUS
10
171.1578168858919753
20
-76.2223220360741749
11
171.2794789526487307
21
-77.0879931901274489
0
LINE
8
User.Drawings
6
CONTINUOUS
10
171.2794789526487307
20
-77.0879931901274489
11
171.280012201631763
21
-77.1008348746543106
0
LINE
8
User.Drawings
6
CONTINUOUS
10
171.280012201631763
20
-77.1008348746543106
11
171.2736062204056111
21
-77.1256021044715112
0
LINE
8
User.Drawings
6
CONTINUOUS
10
171.2736062204056111
20
-77.1256021044715112
11
171.2582110600106091
21
-77.1460316597739393
0
LINE
8
User.Drawings
6
CONTINUOUS
10
171.2582110600106091
20
-77.1460316597739393
11
171.236169519257686
21
-77.1590158354225082
0
LINE
8
User.Drawings
6
CONTINUOUS
10
171.236169519257686
20
-77.1590158354225082
11
171.2108366958469503
21
-77.1625763651078813
0
LINE
8
User.Drawings
6
CONTINUOUS
10
171.2108366958469503
20
-77.1625763651078813
11
171.1860694660297213
21
-77.1561703838816726
0
LINE
8
User.Drawings
6
CONTINUOUS
10
171.1860694660297213
20
-77.1561703838816726
11
171.1656399107272932
21
-77.1407752234866706
0
LINE
8
User.Drawings
6
CONTINUOUS
10
171.1656399107272932
20
-77.1407752234866706
11
171.1526557350787243
21
-77.1187336827337759
0
LINE
8
User.Drawings
6
CONTINUOUS
10
171.1526557350787243
20
-77.1187336827337759
11
171.1496284543764546
21
-77.1062425438498877
0
LINE
8
User.Drawings
6
CONTINUOUS
10
171.1496284543764546
20
-77.1062425438498877
11
171.0370901903022798
21
-76.3054957647540846
0
LINE
8
User.Drawings
6
CONTINUOUS
10
171.0370901903022798
20
-76.3054957647540846
11
170.2363451595637969
21
-76.4180340288282594
0
LINE
8
User.Drawings
6
CONTINUOUS
10
170.2363451595637969
20
-76.4180340288282594
11
170.2235034750369493
21
-76.4185672778113343
0
LINE
8
User.Drawings
6
CONTINUOUS
10
170.2235034750369493
20
-76.4185672778113343
11
170.1987362452197203
21
-76.4121612965851398
0
LINE
8
User.Drawings
6
CONTINUOUS
10
170.1987362452197203
20
-76.4121612965851398
11
170.1783066899172923
21
-76.3967661361901378
0
LINE
8
User.Drawings
6
CONTINUOUS
10
170.1783066899172923
20
-76.3967661361901378
11
170.1653225142687234
21
-76.3747245954372289
0
LINE
8
User.Drawings
6
CONTINUOUS
10
170.1653225142687234
20
-76.3747245954372289
11
170.1617619845833644
21
-76.3493917720264932
0
LINE
8
User.Drawings
6
CONTINUOUS
10
170.1617619845833644
20
-76.3493917720264932
11
170.1681679658095447
21
-76.3246245422092642
0
LINE
8
User.Drawings
6
CONTINUOUS
10
170.1681679658095447
20
-76.3246245422092642
11
170.1835631262045467
21
-76.3041949869068361
0
LINE
8
User.Drawings
6
CONTINUOUS
10
170.1835631262045467
20
-76.3041949869068361
11
170.2056046669574698
21
-76.2912108112582814
0
LINE
8
User.Drawings
6
CONTINUOUS
10
170.2056046669574698
20
-76.2912108112582814
11
170.218095805841358
21
-76.2881835305559832
0
LINE
8
User.Drawings
6
CONTINUOUS
10
170.218095805841358
20
-76.2881835305559832
11
171.083766959894632
21
-76.1665214637992705
0
LINE
8
User.Drawings
6
CONTINUOUS
10
171.083766959894632
20
-76.1665214637992705
11
171.0966086444214795
21
-76.1659882148161813
0
LINE
8
User.Drawings
6
CONTINUOUS
10
171.0966086444214795
20
-76.1659882148161813
11
171.1213758742386801
21
-76.17239419604239
0
LINE
8
User.Drawings
6
CONTINUOUS
10
177.0746173494804907
20
-86.8117674162266297
11
177.0950469047829188
21
-86.8271625766216317
0
LINE
8
User.Drawings
6
CONTINUOUS
10
177.0950469047829188
20
-86.8271625766216317
11
177.1080310804314877
21
-86.8492041173745406
0
LINE
8
User.Drawings
6
CONTINUOUS
10
177.1080310804314877
20
-86.8492041173745406
11
177.1110583611337859
21
-86.8616952562584288
0
LINE
8
User.Drawings
6
CONTINUOUS
10
177.1110583611337859
20
-86.8616952562584288
11
177.2235957510292792
21
-87.6624411611755789
0
LINE
8
User.Drawings
6
CONTINUOUS
10
177.2235957510292792
20
-87.6624411611755789
11
178.0243416559464151
21
-87.5499037712800572
0
LINE
8
User.Drawings
6
CONTINUOUS
10
178.0243416559464151
20
-87.5499037712800572
11
178.0371833404732911
21
-87.5493705222969822
0
LINE
8
User.Drawings
6
CONTINUOUS
10
178.0371833404732911
20
-87.5493705222969822
11
178.0619505702904917
21
-87.5557765035231768
0
LINE
8
User.Drawings
6
CONTINUOUS
10
178.0619505702904917
20
-87.5557765035231768
11
178.0823801255929482
21
-87.5711716639181788
0
LINE
8
User.Drawings
6
CONTINUOUS
10
178.0823801255929482
20
-87.5711716639181788
11
178.0953643012415171
21
-87.5932132046710876
0
LINE
8
User.Drawings
6
CONTINUOUS
10
178.0953643012415171
20
-87.5932132046710876
11
178.0989248309268476
21
-87.6185460280818091
0
LINE
8
User.Drawings
6
CONTINUOUS
10
178.0989248309268476
20
-87.6185460280818091
11
178.0925188497006388
21
-87.6433132578990381
0
LINE
8
User.Drawings
6
CONTINUOUS
10
178.0925188497006388
20
-87.6433132578990381
11
178.0771236893056653
21
-87.6637428132014662
0
LINE
8
User.Drawings
6
CONTINUOUS
10
178.0771236893056653
20
-87.6637428132014662
11
178.0550821485527706
21
-87.6767269888500351
0
LINE
8
User.Drawings
6
CONTINUOUS
10
178.0550821485527706
20
-87.6767269888500351
11
178.0425910096688824
21
-87.6797542695523191
0
LINE
8
User.Drawings
6
CONTINUOUS
10
178.0425910096688824
20
-87.6797542695523191
11
177.1769198556156084
21
-87.8014163363090461
0
LINE
8
User.Drawings
6
CONTINUOUS
10
177.1769198556156084
20
-87.8014163363090461
11
177.1640781710887609
21
-87.801949585292121
0
LINE
8
User.Drawings
6
CONTINUOUS
10
177.1640781710887609
20
-87.801949585292121
11
177.1393109412715035
21
-87.7955436040659265
0
LINE
8
User.Drawings
6
CONTINUOUS
10
177.1393109412715035
20
-87.7955436040659265
11
177.1188813859691038
21
-87.7801484436709245
0
LINE
8
User.Drawings
6
CONTINUOUS
10
177.1188813859691038
20
-87.7801484436709245
11
177.1058972103205349
21
-87.7581069029180156
0
LINE
8
User.Drawings
6
CONTINUOUS
10
177.1058972103205349
20
-87.7581069029180156
11
177.1028699296182367
21
-87.7456157640341274
0
LINE
8
User.Drawings
6
CONTINUOUS
10
177.1028699296182367
20
-87.7456157640341274
11
176.9812078628615097
21
-86.8799446099808677
0
LINE
8
User.Drawings
6
CONTINUOUS
10
176.9812078628615097
20
-86.8799446099808677
11
176.9806746138784206
21
-86.8671029254540059
0
LINE
8
User.Drawings
6
CONTINUOUS
10
176.9806746138784206
20
-86.8671029254540059
11
176.9870805951046293
21
-86.8423356956367911
0
LINE
8
User.Drawings
6
CONTINUOUS
10
176.9870805951046293
20
-86.8423356956367911
11
177.0024757554996313
21
-86.821906140334363
0
LINE
8
User.Drawings
6
CONTINUOUS
10
177.0024757554996313
20
-86.821906140334363
11
177.0245172962525544
21
-86.8089219646857941
0
LINE
8
User.Drawings
6
CONTINUOUS
10
177.0245172962525544
20
-86.8089219646857941
11
177.0498501196632901
21
-86.8053614350004494
0
LINE
8
User.Drawings
6
CONTINUOUS
10
177.0498501196632901
20
-86.8053614350004494
11
177.0746173494804907
21
-86.8117674162266297
0
LINE
8
User.Drawings
6
CONTINUOUS
10
189.1940143804050081
20
-85.1084976074537138
11
189.2144439357074077
21
-85.1238927678487158
0
LINE
8
User.Drawings
6
CONTINUOUS
10
189.2144439357074077
20
-85.1238927678487158
11
189.2274281113559766
21
-85.1459343086016105
0
LINE
8
User.Drawings
6
CONTINUOUS
10
189.2274281113559766
20
-85.1459343086016105
11
189.2304553920582748
21
-85.1584254474854987
0
LINE
8
User.Drawings
6
CONTINUOUS
10
189.2304553920582748
20
-85.1584254474854987
11
189.3521174588150018
21
-86.0240966015387727
0
LINE
8
User.Drawings
6
CONTINUOUS
10
189.3521174588150018
20
-86.0240966015387727
11
189.3526507077980909
21
-86.0369382860656344
0
LINE
8
User.Drawings
6
CONTINUOUS
10
189.3526507077980909
20
-86.0369382860656344
11
189.3462447265718822
21
-86.0617055158828492
0
LINE
8
User.Drawings
6
CONTINUOUS
10
189.3462447265718822
20
-86.0617055158828492
11
189.3308495661768802
21
-86.0821350711852915
0
LINE
8
User.Drawings
6
CONTINUOUS
10
189.3308495661768802
20
-86.0821350711852915
11
189.3088080254239856
21
-86.0951192468338462
0
LINE
8
User.Drawings
6
CONTINUOUS
10
189.3088080254239856
20
-86.0951192468338462
11
189.2963168865400974
21
-86.098146527536116
0
LINE
8
User.Drawings
6
CONTINUOUS
10
189.2963168865400974
20
-86.098146527536116
11
188.4306457324868234
21
-86.2198085942928572
0
LINE
8
User.Drawings
6
CONTINUOUS
10
188.4306457324868234
20
-86.2198085942928572
11
188.4178040479599758
21
-86.2203418432759321
0
LINE
8
User.Drawings
6
CONTINUOUS
10
188.4178040479599758
20
-86.2203418432759321
11
188.3930368181427468
21
-86.2139358620497376
0
LINE
8
User.Drawings
6
CONTINUOUS
10
188.3930368181427468
20
-86.2139358620497376
11
188.3726072628403188
21
-86.1985407016547498
0
LINE
8
User.Drawings
6
CONTINUOUS
10
188.3726072628403188
20
-86.1985407016547498
11
188.3596230871917498
21
-86.1764991609018409
0
LINE
8
User.Drawings
6
CONTINUOUS
10
188.3596230871917498
20
-86.1764991609018409
11
188.3560625575063909
21
-86.151166337491091
0
LINE
8
User.Drawings
6
CONTINUOUS
10
188.3560625575063909
20
-86.151166337491091
11
188.3624685387325712
21
-86.1263991076738762
0
LINE
8
User.Drawings
6
CONTINUOUS
10
188.3624685387325712
20
-86.1263991076738762
11
188.3778636991275732
21
-86.1059695523714481
0
LINE
8
User.Drawings
6
CONTINUOUS
10
188.3778636991275732
20
-86.1059695523714481
11
188.3999052398804963
21
-86.0929853767228792
0
LINE
8
User.Drawings
6
CONTINUOUS
10
188.3999052398804963
20
-86.0929853767228792
11
188.4123963787643845
21
-86.0899580960206094
0
LINE
8
User.Drawings
6
CONTINUOUS
10
188.4123963787643845
20
-86.0899580960206094
11
189.2131422836815204
21
-85.9774198319464347
0
LINE
8
User.Drawings
6
CONTINUOUS
10
189.2131422836815204
20
-85.9774198319464347
11
189.1006048937859987
21
-85.1766748012079375
0
LINE
8
User.Drawings
6
CONTINUOUS
10
189.1006048937859987
20
-85.1766748012079375
11
189.100071644802938
21
-85.1638331166810758
0
LINE
8
User.Drawings
6
CONTINUOUS
10
189.100071644802938
20
-85.1638331166810758
11
189.1064776260291183
21
-85.1390658868638752
0
LINE
8
User.Drawings
6
CONTINUOUS
10
189.1064776260291183
20
-85.1390658868638752
11
189.1218727864241202
21
-85.1186363315614472
0
LINE
8
User.Drawings
6
CONTINUOUS
10
189.1218727864241202
20
-85.1186363315614472
11
189.1439143271770433
21
-85.1056521559128782
0
LINE
8
User.Drawings
6
CONTINUOUS
10
189.1439143271770433
20
-85.1056521559128782
11
189.1692471505877791
21
-85.1020916262275193
0
LINE
8
User.Drawings
6
CONTINUOUS
10
189.1692471505877791
20
-85.1020916262275193
11
189.1940143804050081
21
-85.1084976074537138
0
LINE
8
User.Drawings
6
CONTINUOUS
10
176.3586807615175758
20
-75.4363794725986736
11
176.3791103168200038
21
-75.4517746329936614
0
LINE
8
User.Drawings
6
CONTINUOUS
10
176.3791103168200038
20
-75.4517746329936614
11
176.3920944924686012
21
-75.4738161737465845
0
LINE
8
User.Drawings
6
CONTINUOUS
10
176.3920944924686012
20
-75.4738161737465845
11
176.3956550221539317
21
-75.4991489971573202
0
LINE
8
User.Drawings
6
CONTINUOUS
10
176.3956550221539317
20
-75.4991489971573202
11
176.3892490409277229
21
-75.5239162269745492
0
LINE
8
User.Drawings
6
CONTINUOUS
10
176.3892490409277229
20
-75.5239162269745492
11
176.373853880532721
21
-75.5443457822769631
0
LINE
8
User.Drawings
6
CONTINUOUS
10
176.373853880532721
20
-75.5443457822769631
11
176.3518123397798547
21
-75.557329957925532
0
LINE
8
User.Drawings
6
CONTINUOUS
10
176.3518123397798547
20
-75.557329957925532
11
176.3393212008959665
21
-75.5603572386278159
0
LINE
8
User.Drawings
6
CONTINUOUS
10
176.3393212008959665
20
-75.5603572386278159
11
175.5385744218001207
21
-75.6728946285233235
0
LINE
8
User.Drawings
6
CONTINUOUS
10
175.5385744218001207
20
-75.6728946285233235
11
175.6511126858742955
21
-76.4736405334404736
0
LINE
8
User.Drawings
6
CONTINUOUS
10
175.6511126858742955
20
-76.4736405334404736
11
175.6516459348573846
21
-76.4864822179673212
0
LINE
8
User.Drawings
6
CONTINUOUS
10
175.6516459348573846
20
-76.4864822179673212
11
175.6452399536311759
21
-76.511249447784536
0
LINE
8
User.Drawings
6
CONTINUOUS
10
175.6452399536311759
20
-76.511249447784536
11
175.6298447932361739
21
-76.5316790030869782
0
LINE
8
User.Drawings
6
CONTINUOUS
10
175.6298447932361739
20
-76.5316790030869782
11
175.6078032524833077
21
-76.5446631787355329
0
LINE
8
User.Drawings
6
CONTINUOUS
10
175.6078032524833077
20
-76.5446631787355329
11
175.5824704290725435
21
-76.5482237084209061
0
LINE
8
User.Drawings
6
CONTINUOUS
10
175.5824704290725435
20
-76.5482237084209061
11
175.557703199255343
21
-76.5418177271946973
0
LINE
8
User.Drawings
6
CONTINUOUS
10
175.557703199255343
20
-76.5418177271946973
11
175.5372736439528865
21
-76.5264225667996953
0
LINE
8
User.Drawings
6
CONTINUOUS
10
175.5372736439528865
20
-76.5264225667996953
11
175.5242894683043176
21
-76.5043810260468007
0
LINE
8
User.Drawings
6
CONTINUOUS
10
175.5242894683043176
20
-76.5043810260468007
11
175.5212621876020762
21
-76.4918898871629125
0
LINE
8
User.Drawings
6
CONTINUOUS
10
175.5212621876020762
20
-76.4918898871629125
11
175.3996001208453208
21
-75.6262187331096385
0
LINE
8
User.Drawings
6
CONTINUOUS
10
175.3996001208453208
20
-75.6262187331096385
11
175.3990668718622601
21
-75.6133770485827768
0
LINE
8
User.Drawings
6
CONTINUOUS
10
175.3990668718622601
20
-75.6133770485827768
11
175.4054728530884404
21
-75.588609818765562
0
LINE
8
User.Drawings
6
CONTINUOUS
10
175.4054728530884404
20
-75.588609818765562
11
175.420868013483414
21
-75.5681802634631339
0
LINE
8
User.Drawings
6
CONTINUOUS
10
175.420868013483414
20
-75.5681802634631339
11
175.442909554236337
21
-75.555196087814565
0
LINE
8
User.Drawings
6
CONTINUOUS
10
175.442909554236337
20
-75.555196087814565
11
175.4554006931202252
21
-75.552168807112281
0
LINE
8
User.Drawings
6
CONTINUOUS
10
175.4554006931202252
20
-75.552168807112281
11
176.3210718471734992
21
-75.430506740355554
0
LINE
8
User.Drawings
6
CONTINUOUS
10
176.3210718471734992
20
-75.430506740355554
11
176.3339135317003752
21
-75.4299734913724791
0
LINE
8
User.Drawings
6
CONTINUOUS
10
176.3339135317003752
20
-75.4299734913724791
11
176.3586807615175758
21
-75.4363794725986736
0
LINE
8
User.Drawings
6
CONTINUOUS
10
187.6124066383887907
20
-73.8547717305824847
11
187.6328361936912472
21
-73.8701668909774867
0
LINE
8
User.Drawings
6
CONTINUOUS
10
187.6328361936912472
20
-73.8701668909774867
11
187.6458203693398161
21
-73.8922084317303813
0
LINE
8
User.Drawings
6
CONTINUOUS
10
187.6458203693398161
20
-73.8922084317303813
11
187.6488476500420859
21
-73.9046995706142695
0
LINE
8
User.Drawings
6
CONTINUOUS
10
187.6488476500420859
20
-73.9046995706142695
11
187.7705097167988129
21
-74.7703707246675435
0
LINE
8
User.Drawings
6
CONTINUOUS
10
187.7705097167988129
20
-74.7703707246675435
11
187.771042965781902
21
-74.7832124091944053
0
LINE
8
User.Drawings
6
CONTINUOUS
10
187.771042965781902
20
-74.7832124091944053
11
187.7646369845556933
21
-74.8079796390116201
0
LINE
8
User.Drawings
6
CONTINUOUS
10
187.7646369845556933
20
-74.8079796390116201
11
187.7492418241606913
21
-74.8284091943140623
0
LINE
8
User.Drawings
6
CONTINUOUS
10
187.7492418241606913
20
-74.8284091943140623
11
187.7272002834077966
21
-74.841393369962617
0
LINE
8
User.Drawings
6
CONTINUOUS
10
187.7272002834077966
20
-74.841393369962617
11
187.7018674599970609
21
-74.844953899647976
0
LINE
8
User.Drawings
6
CONTINUOUS
10
187.7018674599970609
20
-74.844953899647976
11
187.6771002301798319
21
-74.8385479184217672
0
LINE
8
User.Drawings
6
CONTINUOUS
10
187.6771002301798319
20
-74.8385479184217672
11
187.6566706748774038
21
-74.8231527580267795
0
LINE
8
User.Drawings
6
CONTINUOUS
10
187.6566706748774038
20
-74.8231527580267795
11
187.6436864992288349
21
-74.8011112172738706
0
LINE
8
User.Drawings
6
CONTINUOUS
10
187.6436864992288349
20
-74.8011112172738706
11
187.6406592185265652
21
-74.7886200783899824
0
LINE
8
User.Drawings
6
CONTINUOUS
10
187.6406592185265652
20
-74.7886200783899824
11
187.5281209544523904
21
-73.9878732992941792
0
LINE
8
User.Drawings
6
CONTINUOUS
10
187.5281209544523904
20
-73.9878732992941792
11
186.7273759237139075
21
-74.1004115633683682
0
LINE
8
User.Drawings
6
CONTINUOUS
10
186.7273759237139075
20
-74.1004115633683682
11
186.7145342391870599
21
-74.1009448123514289
0
LINE
8
User.Drawings
6
CONTINUOUS
10
186.7145342391870599
20
-74.1009448123514289
11
186.6897670093698025
21
-74.0945388311252344
0
LINE
8
User.Drawings
6
CONTINUOUS
10
186.6897670093698025
20
-74.0945388311252344
11
186.6693374540674029
21
-74.0791436707302466
0
LINE
8
User.Drawings
6
CONTINUOUS
10
186.6693374540674029
20
-74.0791436707302466
11
186.656353278418834
21
-74.0571021299773236
0
LINE
8
User.Drawings
6
CONTINUOUS
10
186.656353278418834
20
-74.0571021299773236
11
186.652792748733475
21
-74.0317693065665878
0
LINE
8
User.Drawings
6
CONTINUOUS
10
186.652792748733475
20
-74.0317693065665878
11
186.6591987299596553
21
-74.007002076749373
0
LINE
8
User.Drawings
6
CONTINUOUS
10
186.6591987299596553
20
-74.007002076749373
11
186.6745938903546573
21
-73.986572521446945
0
LINE
8
User.Drawings
6
CONTINUOUS
10
186.6745938903546573
20
-73.986572521446945
11
186.6966354311075804
21
-73.9735883457983903
0
LINE
8
User.Drawings
6
CONTINUOUS
10
186.6966354311075804
20
-73.9735883457983903
11
186.7091265699914686
21
-73.9705610650960921
0
LINE
8
User.Drawings
6
CONTINUOUS
10
186.7091265699914686
20
-73.9705610650960921
11
187.5747977240447426
21
-73.8488989983393651
0
LINE
8
User.Drawings
6
CONTINUOUS
10
187.5747977240447426
20
-73.8488989983393651
11
187.5876394085715901
21
-73.8483657493562902
0
LINE
8
User.Drawings
6
CONTINUOUS
10
187.5876394085715901
20
-73.8483657493562902
11
187.6124066383887907
21
-73.8547717305824847
0
LINE
8
User.Drawings
6
CONTINUOUS
10
193.5656481136306013
20
-84.4940575329006549
11
193.5860776689330294
21
-84.5094526932956569
0
LINE
8
User.Drawings
6
CONTINUOUS
10
193.5860776689330294
20
-84.5094526932956569
11
193.5990618445815983
21
-84.5314942340485516
0
LINE
8
User.Drawings
6
CONTINUOUS
10
193.5990618445815983
20
-84.5314942340485516
11
193.6020891252838965
21
-84.5439853729324398
0
LINE
8
User.Drawings
6
CONTINUOUS
10
193.6020891252838965
20
-84.5439853729324398
11
193.7146265151793898
21
-85.3447312778495899
0
LINE
8
User.Drawings
6
CONTINUOUS
10
193.7146265151793898
20
-85.3447312778495899
11
194.5153724200965257
21
-85.2321938879540824
0
LINE
8
User.Drawings
6
CONTINUOUS
10
194.5153724200965257
20
-85.2321938879540824
11
194.5282141046234017
21
-85.2316606389710074
0
LINE
8
User.Drawings
6
CONTINUOUS
10
194.5282141046234017
20
-85.2316606389710074
11
194.5529813344406023
21
-85.2380666201972019
0
LINE
8
User.Drawings
6
CONTINUOUS
10
194.5529813344406023
20
-85.2380666201972019
11
194.5734108897430588
21
-85.2534617805922039
0
LINE
8
User.Drawings
6
CONTINUOUS
10
194.5734108897430588
20
-85.2534617805922039
11
194.5863950653915992
21
-85.2755033213450986
0
LINE
8
User.Drawings
6
CONTINUOUS
10
194.5863950653915992
20
-85.2755033213450986
11
194.5899555950769582
21
-85.3008361447558485
0
LINE
8
User.Drawings
6
CONTINUOUS
10
194.5899555950769582
20
-85.3008361447558485
11
194.5835496138507494
21
-85.3256033745730633
0
LINE
8
User.Drawings
6
CONTINUOUS
10
194.5835496138507494
20
-85.3256033745730633
11
194.5681544534557759
21
-85.3460329298754914
0
LINE
8
User.Drawings
6
CONTINUOUS
10
194.5681544534557759
20
-85.3460329298754914
11
194.5461129127028528
21
-85.3590171055240603
0
LINE
8
User.Drawings
6
CONTINUOUS
10
194.5461129127028528
20
-85.3590171055240603
11
194.533621773818993
21
-85.3620443862263443
0
LINE
8
User.Drawings
6
CONTINUOUS
10
194.533621773818993
20
-85.3620443862263443
11
193.6679506197656906
21
-85.4837064529830712
0
LINE
8
User.Drawings
6
CONTINUOUS
10
193.6679506197656906
20
-85.4837064529830712
11
193.6551089352388715
21
-85.4842397019661462
0
LINE
8
User.Drawings
6
CONTINUOUS
10
193.6551089352388715
20
-85.4842397019661462
11
193.6303417054216141
21
-85.4778337207399517
0
LINE
8
User.Drawings
6
CONTINUOUS
10
193.6303417054216141
20
-85.4778337207399517
11
193.6099121501192144
21
-85.4624385603449639
0
LINE
8
User.Drawings
6
CONTINUOUS
10
193.6099121501192144
20
-85.4624385603449639
11
193.5969279744706455
21
-85.4403970195920408
0
LINE
8
User.Drawings
6
CONTINUOUS
10
193.5969279744706455
20
-85.4403970195920408
11
193.5939006937683473
21
-85.4279058807081668
0
LINE
8
User.Drawings
6
CONTINUOUS
10
193.5939006937683473
20
-85.4279058807081668
11
193.4722386270116203
21
-84.5622347266548786
0
LINE
8
User.Drawings
6
CONTINUOUS
10
193.4722386270116203
20
-84.5622347266548786
11
193.4717053780285312
21
-84.5493930421280311
0
LINE
8
User.Drawings
6
CONTINUOUS
10
193.4717053780285312
20
-84.5493930421280311
11
193.4781113592547399
21
-84.5246258123108163
0
LINE
8
User.Drawings
6
CONTINUOUS
10
193.4781113592547399
20
-84.5246258123108163
11
193.4935065196497419
21
-84.5041962570083882
0
LINE
8
User.Drawings
6
CONTINUOUS
10
193.4935065196497419
20
-84.5041962570083882
11
193.515548060402665
21
-84.4912120813598193
0
LINE
8
User.Drawings
6
CONTINUOUS
10
193.515548060402665
20
-84.4912120813598193
11
193.5408808838133723
21
-84.4876515516744604
0
LINE
8
User.Drawings
6
CONTINUOUS
10
193.5408808838133723
20
-84.4876515516744604
11
193.5656481136306013
21
-84.4940575329006549
0
LINE
8
User.Drawings
6
CONTINUOUS
10
205.6850451445551187
20
-82.790787724127739
11
205.7054746998575183
21
-82.8061828845227268
0
LINE
8
User.Drawings
6
CONTINUOUS
10
205.7054746998575183
20
-82.8061828845227268
11
205.7184588755060872
21
-82.8282244252756357
0
LINE
8
User.Drawings
6
CONTINUOUS
10
205.7184588755060872
20
-82.8282244252756357
11
205.7214861562083854
21
-82.8407155641595239
0
LINE
8
User.Drawings
6
CONTINUOUS
10
205.7214861562083854
20
-82.8407155641595239
11
205.8431482229651124
21
-83.7063867182127979
0
LINE
8
User.Drawings
6
CONTINUOUS
10
205.8431482229651124
20
-83.7063867182127979
11
205.8436814719482015
21
-83.7192284027396596
0
LINE
8
User.Drawings
6
CONTINUOUS
10
205.8436814719482015
20
-83.7192284027396596
11
205.8372754907219928
21
-83.7439956325568886
0
LINE
8
User.Drawings
6
CONTINUOUS
10
205.8372754907219928
20
-83.7439956325568886
11
205.8218803303269908
21
-83.7644251878593025
0
LINE
8
User.Drawings
6
CONTINUOUS
10
205.8218803303269908
20
-83.7644251878593025
11
205.7998387895740677
21
-83.7774093635078714
0
LINE
8
User.Drawings
6
CONTINUOUS
10
205.7998387895740677
20
-83.7774093635078714
11
205.787347650690208
21
-83.7804366442101554
0
LINE
8
User.Drawings
6
CONTINUOUS
10
205.787347650690208
20
-83.7804366442101554
11
204.9216764966369055
21
-83.9020987109668823
0
LINE
8
User.Drawings
6
CONTINUOUS
10
204.9216764966369055
20
-83.9020987109668823
11
204.9088348121100864
21
-83.9026319599499715
0
LINE
8
User.Drawings
6
CONTINUOUS
10
204.9088348121100864
20
-83.9026319599499715
11
204.8840675822928574
21
-83.8962259787237628
0
LINE
8
User.Drawings
6
CONTINUOUS
10
204.8840675822928574
20
-83.8962259787237628
11
204.8636380269904294
21
-83.8808308183287608
0
LINE
8
User.Drawings
6
CONTINUOUS
10
204.8636380269904294
20
-83.8808308183287608
11
204.8506538513418604
21
-83.8587892775758661
0
LINE
8
User.Drawings
6
CONTINUOUS
10
204.8506538513418604
20
-83.8587892775758661
11
204.84709332165653
21
-83.8334564541651162
0
LINE
8
User.Drawings
6
CONTINUOUS
10
204.84709332165653
20
-83.8334564541651162
11
204.8534993028826818
21
-83.8086892243479014
0
LINE
8
User.Drawings
6
CONTINUOUS
10
204.8534993028826818
20
-83.8086892243479014
11
204.8688944632776838
21
-83.7882596690454733
0
LINE
8
User.Drawings
6
CONTINUOUS
10
204.8688944632776838
20
-83.7882596690454733
11
204.8909360040306069
21
-83.7752754933969044
0
LINE
8
User.Drawings
6
CONTINUOUS
10
204.8909360040306069
20
-83.7752754933969044
11
204.9034271429144951
21
-83.7722482126946204
0
LINE
8
User.Drawings
6
CONTINUOUS
10
204.9034271429144951
20
-83.7722482126946204
11
205.704173047831631
21
-83.6597099486204456
0
LINE
8
User.Drawings
6
CONTINUOUS
10
205.704173047831631
20
-83.6597099486204456
11
205.5916356579361093
21
-82.8589649178819769
0
LINE
8
User.Drawings
6
CONTINUOUS
10
205.5916356579361093
20
-82.8589649178819769
11
205.5911024089530486
21
-82.8461232333551152
0
LINE
8
User.Drawings
6
CONTINUOUS
10
205.5911024089530486
20
-82.8461232333551152
11
205.5975083901792289
21
-82.8213560035378862
0
LINE
8
User.Drawings
6
CONTINUOUS
10
205.5975083901792289
20
-82.8213560035378862
11
205.6129035505742308
21
-82.8009264482354581
0
LINE
8
User.Drawings
6
CONTINUOUS
10
205.6129035505742308
20
-82.8009264482354581
11
205.6349450913271539
21
-82.7879422725868892
0
LINE
8
User.Drawings
6
CONTINUOUS
10
205.6349450913271539
20
-82.7879422725868892
11
205.6602779147378897
21
-82.7843817429015445
0
LINE
8
User.Drawings
6
CONTINUOUS
10
205.6602779147378897
20
-82.7843817429015445
11
205.6850451445551187
21
-82.790787724127739
0
LINE
8
User.Drawings
6
CONTINUOUS
10
192.8497115256676864
20
-73.1186695892726988
11
192.8701410809701429
21
-73.1340647496677008
0
LINE
8
User.Drawings
6
CONTINUOUS
10
192.8701410809701429
20
-73.1340647496677008
11
192.8831252566186834
21
-73.1561062904206096
0
LINE
8
User.Drawings
6
CONTINUOUS
10
192.8831252566186834
20
-73.1561062904206096
11
192.8866857863040423
21
-73.1814391138313312
0
LINE
8
User.Drawings
6
CONTINUOUS
10
192.8866857863040423
20
-73.1814391138313312
11
192.8802798050778335
21
-73.2062063436485602
0
LINE
8
User.Drawings
6
CONTINUOUS
10
192.8802798050778335
20
-73.2062063436485602
11
192.8648846446828315
21
-73.2266358989509882
0
LINE
8
User.Drawings
6
CONTINUOUS
10
192.8648846446828315
20
-73.2266358989509882
11
192.8428431039299369
21
-73.2396200745995571
0
LINE
8
User.Drawings
6
CONTINUOUS
10
192.8428431039299369
20
-73.2396200745995571
11
192.8303519650460771
21
-73.2426473553018411
0
LINE
8
User.Drawings
6
CONTINUOUS
10
192.8303519650460771
20
-73.2426473553018411
11
192.0296051859502313
21
-73.3551847451973487
0
LINE
8
User.Drawings
6
CONTINUOUS
10
192.0296051859502313
20
-73.3551847451973487
11
192.1421434500244061
21
-74.1559306501144846
0
LINE
8
User.Drawings
6
CONTINUOUS
10
192.1421434500244061
20
-74.1559306501144846
11
192.1426766990074952
21
-74.1687723346413463
0
LINE
8
User.Drawings
6
CONTINUOUS
10
192.1426766990074952
20
-74.1687723346413463
11
192.1362707177812865
21
-74.1935395644585753
0
LINE
8
User.Drawings
6
CONTINUOUS
10
192.1362707177812865
20
-74.1935395644585753
11
192.1208755573863129
21
-74.2139691197610034
0
LINE
8
User.Drawings
6
CONTINUOUS
10
192.1208755573863129
20
-74.2139691197610034
11
192.0988340166334183
21
-74.2269532954095581
0
LINE
8
User.Drawings
6
CONTINUOUS
10
192.0988340166334183
20
-74.2269532954095581
11
192.0735011932226541
21
-74.230513825094917
0
LINE
8
User.Drawings
6
CONTINUOUS
10
192.0735011932226541
20
-74.230513825094917
11
192.0487339634054536
21
-74.2241078438687225
0
LINE
8
User.Drawings
6
CONTINUOUS
10
192.0487339634054536
20
-74.2241078438687225
11
192.0283044081029971
21
-74.2087126834737347
0
LINE
8
User.Drawings
6
CONTINUOUS
10
192.0283044081029971
20
-74.2087126834737347
11
192.0153202324544282
21
-74.1866711427208116
0
LINE
8
User.Drawings
6
CONTINUOUS
10
192.0153202324544282
20
-74.1866711427208116
11
192.0122929517521868
21
-74.1741800038369377
0
LINE
8
User.Drawings
6
CONTINUOUS
10
192.0122929517521868
20
-74.1741800038369377
11
191.8906308849954314
21
-73.3085088497836495
0
LINE
8
User.Drawings
6
CONTINUOUS
10
191.8906308849954314
20
-73.3085088497836495
11
191.8900976360123707
21
-73.2956671652568161
0
LINE
8
User.Drawings
6
CONTINUOUS
10
191.8900976360123707
20
-73.2956671652568161
11
191.896503617238551
21
-73.2708999354395871
0
LINE
8
User.Drawings
6
CONTINUOUS
10
191.896503617238551
20
-73.2708999354395871
11
191.911898777633553
21
-73.2504703801371591
0
LINE
8
User.Drawings
6
CONTINUOUS
10
191.911898777633553
20
-73.2504703801371591
11
191.9339403183864476
21
-73.2374862044885901
0
LINE
8
User.Drawings
6
CONTINUOUS
10
191.9339403183864476
20
-73.2374862044885901
11
191.9464314572703358
21
-73.2344589237863062
0
LINE
8
User.Drawings
6
CONTINUOUS
10
191.9464314572703358
20
-73.2344589237863062
11
192.8121026113236098
21
-73.1127968570295792
0
LINE
8
User.Drawings
6
CONTINUOUS
10
192.8121026113236098
20
-73.1127968570295792
11
192.8249442958504858
21
-73.1122636080465043
0
LINE
8
User.Drawings
6
CONTINUOUS
10
192.8249442958504858
20
-73.1122636080465043
11
192.8497115256676864
21
-73.1186695892726988
0
LINE
8
User.Drawings
6
CONTINUOUS
10
204.1034374025389297
20
-71.5370618472565099
11
204.1238669578413578
21
-71.5524570076514976
0
LINE
8
User.Drawings
6
CONTINUOUS
10
204.1238669578413578
20
-71.5524570076514976
11
204.1368511334899267
21
-71.5744985484044065
0
LINE
8
User.Drawings
6
CONTINUOUS
10
204.1368511334899267
20
-71.5744985484044065
11
204.1398784141921965
21
-71.5869896872882947
0
LINE
8
User.Drawings
6
CONTINUOUS
10
204.1398784141921965
20
-71.5869896872882947
11
204.2615404809489235
21
-72.4526608413415687
0
LINE
8
User.Drawings
6
CONTINUOUS
10
204.2615404809489235
20
-72.4526608413415687
11
204.2620737299320126
21
-72.4655025258684304
0
LINE
8
User.Drawings
6
CONTINUOUS
10
204.2620737299320126
20
-72.4655025258684304
11
204.2556677487058039
21
-72.4902697556856594
0
LINE
8
User.Drawings
6
CONTINUOUS
10
204.2556677487058039
20
-72.4902697556856594
11
204.2402725883108019
21
-72.5106993109880733
0
LINE
8
User.Drawings
6
CONTINUOUS
10
204.2402725883108019
20
-72.5106993109880733
11
204.2182310475579072
21
-72.5236834866366422
0
LINE
8
User.Drawings
6
CONTINUOUS
10
204.2182310475579072
20
-72.5236834866366422
11
204.1928982241471715
21
-72.5272440163220011
0
LINE
8
User.Drawings
6
CONTINUOUS
10
204.1928982241471715
20
-72.5272440163220011
11
204.1681309943299425
21
-72.5208380350958066
0
LINE
8
User.Drawings
6
CONTINUOUS
10
204.1681309943299425
20
-72.5208380350958066
11
204.1477014390275144
21
-72.5054428747008046
0
LINE
8
User.Drawings
6
CONTINUOUS
10
204.1477014390275144
20
-72.5054428747008046
11
204.1347172633789455
21
-72.4834013339478958
0
LINE
8
User.Drawings
6
CONTINUOUS
10
204.1347172633789455
20
-72.4834013339478958
11
204.1316899826766758
21
-72.4709101950640218
0
LINE
8
User.Drawings
6
CONTINUOUS
10
204.1316899826766758
20
-72.4709101950640218
11
204.019151718602501
21
-71.6701634159682044
0
LINE
8
User.Drawings
6
CONTINUOUS
10
204.019151718602501
20
-71.6701634159682044
11
203.2184066878639896
21
-71.7827016800423792
0
LINE
8
User.Drawings
6
CONTINUOUS
10
203.2184066878639896
20
-71.7827016800423792
11
203.2055650033371705
21
-71.7832349290254541
0
LINE
8
User.Drawings
6
CONTINUOUS
10
203.2055650033371705
20
-71.7832349290254541
11
203.1807977735199131
21
-71.7768289477992596
0
LINE
8
User.Drawings
6
CONTINUOUS
10
203.1807977735199131
20
-71.7768289477992596
11
203.1603682182175135
21
-71.7614337874042718
0
LINE
8
User.Drawings
6
CONTINUOUS
10
203.1603682182175135
20
-71.7614337874042718
11
203.1473840425689446
21
-71.7393922466513629
0
LINE
8
User.Drawings
6
CONTINUOUS
10
203.1473840425689446
20
-71.7393922466513629
11
203.1438235128835856
21
-71.714059423240613
0
LINE
8
User.Drawings
6
CONTINUOUS
10
203.1438235128835856
20
-71.714059423240613
11
203.1502294941097659
21
-71.6892921934233982
0
LINE
8
User.Drawings
6
CONTINUOUS
10
203.1502294941097659
20
-71.6892921934233982
11
203.1656246545047679
21
-71.6688626381209701
0
LINE
8
User.Drawings
6
CONTINUOUS
10
203.1656246545047679
20
-71.6688626381209701
11
203.187666195257691
21
-71.6558784624724012
0
LINE
8
User.Drawings
6
CONTINUOUS
10
203.187666195257691
20
-71.6558784624724012
11
203.2001573341415792
21
-71.6528511817701315
0
LINE
8
User.Drawings
6
CONTINUOUS
10
203.2001573341415792
20
-71.6528511817701315
11
204.0658284881948532
21
-71.5311891150133903
0
LINE
8
User.Drawings
6
CONTINUOUS
10
204.0658284881948532
20
-71.5311891150133903
11
204.0786701727217007
21
-71.5306558660303153
0
LINE
8
User.Drawings
6
CONTINUOUS
10
204.0786701727217007
20
-71.5306558660303153
11
204.1034374025389297
21
-71.5370618472565099
0
LINE
8
User.Drawings
6
CONTINUOUS
10
210.0566788777807119
20
-82.1764350674407638
11
210.07710843308314
21
-82.1918302278357515
0
LINE
8
User.Drawings
6
CONTINUOUS
10
210.07710843308314
20
-82.1918302278357515
11
210.0900926087317089
21
-82.2138717685886604
0
LINE
8
User.Drawings
6
CONTINUOUS
10
210.0900926087317089
20
-82.2138717685886604
11
210.0931198894340071
21
-82.2263629074725486
0
LINE
8
User.Drawings
6
CONTINUOUS
10
210.0931198894340071
20
-82.2263629074725486
11
210.2056572793295004
21
-83.0271088123896988
0
LINE
8
User.Drawings
6
CONTINUOUS
10
210.2056572793295004
20
-83.0271088123896988
11
211.0064031842466363
21
-82.9145714224941912
0
LINE
8
User.Drawings
6
CONTINUOUS
10
211.0064031842466363
20
-82.9145714224941912
11
211.0192448687735123
21
-82.9140381735111163
0
LINE
8
User.Drawings
6
CONTINUOUS
10
211.0192448687735123
20
-82.9140381735111163
11
211.0440120985907129
21
-82.9204441547373108
0
LINE
8
User.Drawings
6
CONTINUOUS
10
211.0440120985907129
20
-82.9204441547373108
11
211.0644416538931694
21
-82.9358393151322986
0
LINE
8
User.Drawings
6
CONTINUOUS
10
211.0644416538931694
20
-82.9358393151322986
11
211.0774258295417098
21
-82.9578808558852074
0
LINE
8
User.Drawings
6
CONTINUOUS
10
211.0774258295417098
20
-82.9578808558852074
11
211.0809863592270688
21
-82.9832136792959574
0
LINE
8
User.Drawings
6
CONTINUOUS
10
211.0809863592270688
20
-82.9832136792959574
11
211.0745803780008885
21
-83.007980909113158
0
LINE
8
User.Drawings
6
CONTINUOUS
10
211.0745803780008885
20
-83.007980909113158
11
211.0591852176058865
21
-83.028410464415586
0
LINE
8
User.Drawings
6
CONTINUOUS
10
211.0591852176058865
20
-83.028410464415586
11
211.0371436768529634
21
-83.0413946400641549
0
LINE
8
User.Drawings
6
CONTINUOUS
10
211.0371436768529634
20
-83.0413946400641549
11
211.0246525379691036
21
-83.0444219207664389
0
LINE
8
User.Drawings
6
CONTINUOUS
10
211.0246525379691036
20
-83.0444219207664389
11
210.1589813839158012
21
-83.1660839875231801
0
LINE
8
User.Drawings
6
CONTINUOUS
10
210.1589813839158012
20
-83.1660839875231801
11
210.1461396993889537
21
-83.166617236506255
0
LINE
8
User.Drawings
6
CONTINUOUS
10
210.1461396993889537
20
-83.166617236506255
11
210.1213724695717247
21
-83.1602112552800605
0
LINE
8
User.Drawings
6
CONTINUOUS
10
210.1213724695717247
20
-83.1602112552800605
11
210.100942914269325
21
-83.1448160948850585
0
LINE
8
User.Drawings
6
CONTINUOUS
10
210.100942914269325
20
-83.1448160948850585
11
210.0879587386207561
21
-83.1227745541321639
0
LINE
8
User.Drawings
6
CONTINUOUS
10
210.0879587386207561
20
-83.1227745541321639
11
210.0849314579184579
21
-83.1102834152482757
0
LINE
8
User.Drawings
6
CONTINUOUS
10
210.0849314579184579
20
-83.1102834152482757
11
209.9632693911617309
21
-82.2446122611950017
0
LINE
8
User.Drawings
6
CONTINUOUS
10
209.9632693911617309
20
-82.2446122611950017
11
209.9627361421786418
21
-82.2317705766681399
0
LINE
8
User.Drawings
6
CONTINUOUS
10
209.9627361421786418
20
-82.2317705766681399
11
209.9691421234048505
21
-82.2070033468509109
0
LINE
8
User.Drawings
6
CONTINUOUS
10
209.9691421234048505
20
-82.2070033468509109
11
209.9845372837998525
21
-82.1865737915484829
0
LINE
8
User.Drawings
6
CONTINUOUS
10
209.9845372837998525
20
-82.1865737915484829
11
210.0065788245527756
21
-82.173589615899914
0
LINE
8
User.Drawings
6
CONTINUOUS
10
210.0065788245527756
20
-82.173589615899914
11
210.0319116479634829
21
-82.1700290862145692
0
LINE
8
User.Drawings
6
CONTINUOUS
10
210.0319116479634829
20
-82.1700290862145692
11
210.0566788777807119
21
-82.1764350674407638
0
LINE
8
User.Drawings
6
CONTINUOUS
10
222.1760759087052293
20
-80.4731652586678337
11
222.1965054640076289
21
-80.4885604190628356
0
LINE
8
User.Drawings
6
CONTINUOUS
10
222.1965054640076289
20
-80.4885604190628356
11
222.2094896396561978
21
-80.5106019598157303
0
LINE
8
User.Drawings
6
CONTINUOUS
10
222.2094896396561978
20
-80.5106019598157303
11
222.212516920358496
21
-80.5230930986996327
0
LINE
8
User.Drawings
6
CONTINUOUS
10
222.212516920358496
20
-80.5230930986996327
11
222.334178987115223
21
-81.3887642527529067
0
LINE
8
User.Drawings
6
CONTINUOUS
10
222.334178987115223
20
-81.3887642527529067
11
222.3347122360983121
21
-81.4016059372797542
0
LINE
8
User.Drawings
6
CONTINUOUS
10
222.3347122360983121
20
-81.4016059372797542
11
222.3283062548721034
21
-81.4263731670969833
0
LINE
8
User.Drawings
6
CONTINUOUS
10
222.3283062548721034
20
-81.4263731670969833
11
222.3129110944771014
21
-81.4468027223994113
0
LINE
8
User.Drawings
6
CONTINUOUS
10
222.3129110944771014
20
-81.4468027223994113
11
222.2908695537241783
21
-81.4597868980479802
0
LINE
8
User.Drawings
6
CONTINUOUS
10
222.2908695537241783
20
-81.4597868980479802
11
222.2783784148403186
21
-81.4628141787502642
0
LINE
8
User.Drawings
6
CONTINUOUS
10
222.2783784148403186
20
-81.4628141787502642
11
221.4127072607870161
21
-81.584476245506977
0
LINE
8
User.Drawings
6
CONTINUOUS
10
221.4127072607870161
20
-81.584476245506977
11
221.399865576260197
21
-81.5850094944900661
0
LINE
8
User.Drawings
6
CONTINUOUS
10
221.399865576260197
20
-81.5850094944900661
11
221.375098346442968
21
-81.5786035132638574
0
LINE
8
User.Drawings
6
CONTINUOUS
10
221.375098346442968
20
-81.5786035132638574
11
221.35466879114054
21
-81.5632083528688696
0
LINE
8
User.Drawings
6
CONTINUOUS
10
221.35466879114054
20
-81.5632083528688696
11
221.341684615491971
21
-81.5411668121159607
0
LINE
8
User.Drawings
6
CONTINUOUS
10
221.341684615491971
20
-81.5411668121159607
11
221.3381240858066406
21
-81.515833988705225
0
LINE
8
User.Drawings
6
CONTINUOUS
10
221.3381240858066406
20
-81.515833988705225
11
221.3445300670327924
21
-81.491066758887996
0
LINE
8
User.Drawings
6
CONTINUOUS
10
221.3445300670327924
20
-81.491066758887996
11
221.3599252274277944
21
-81.4706372035855821
0
LINE
8
User.Drawings
6
CONTINUOUS
10
221.3599252274277944
20
-81.4706372035855821
11
221.3819667681807175
21
-81.4576530279370132
0
LINE
8
User.Drawings
6
CONTINUOUS
10
221.3819667681807175
20
-81.4576530279370132
11
221.3944579070646057
21
-81.4546257472347293
0
LINE
8
User.Drawings
6
CONTINUOUS
10
221.3944579070646057
20
-81.4546257472347293
11
222.1952038119817701
21
-81.3420874831605545
0
LINE
8
User.Drawings
6
CONTINUOUS
10
222.1952038119817701
20
-81.3420874831605545
11
222.0826664220862199
21
-80.5413424524220858
0
LINE
8
User.Drawings
6
CONTINUOUS
10
222.0826664220862199
20
-80.5413424524220858
11
222.0821331731031307
21
-80.528500767895224
0
LINE
8
User.Drawings
6
CONTINUOUS
10
222.0821331731031307
20
-80.528500767895224
11
222.0885391543293395
21
-80.503733538077995
0
LINE
8
User.Drawings
6
CONTINUOUS
10
222.0885391543293395
20
-80.503733538077995
11
222.1039343147243414
21
-80.483303982775567
0
LINE
8
User.Drawings
6
CONTINUOUS
10
222.1039343147243414
20
-80.483303982775567
11
222.1259758554772645
21
-80.4703198071269981
0
LINE
8
User.Drawings
6
CONTINUOUS
10
222.1259758554772645
20
-80.4703198071269981
11
222.1513086788880003
21
-80.4667592774416534
0
LINE
8
User.Drawings
6
CONTINUOUS
10
222.1513086788880003
20
-80.4667592774416534
11
222.1760759087052293
21
-80.4731652586678337
0
LINE
8
User.Drawings
6
CONTINUOUS
10
209.340742289817797
20
-70.8010471238128076
11
209.3611718451202535
21
-70.8164422842078096
0
LINE
8
User.Drawings
6
CONTINUOUS
10
209.3611718451202535
20
-70.8164422842078096
11
209.374156020768794
21
-70.8384838249607043
0
LINE
8
User.Drawings
6
CONTINUOUS
10
209.374156020768794
20
-70.8384838249607043
11
209.3777165504541529
21
-70.86381664837144
0
LINE
8
User.Drawings
6
CONTINUOUS
10
209.3777165504541529
20
-70.86381664837144
11
209.3713105692279441
21
-70.888583878188669
0
LINE
8
User.Drawings
6
CONTINUOUS
10
209.3713105692279441
20
-70.888583878188669
11
209.3559154088329706
21
-70.9090134334910971
0
LINE
8
User.Drawings
6
CONTINUOUS
10
209.3559154088329706
20
-70.9090134334910971
11
209.3338738680800475
21
-70.921997609139666
0
LINE
8
User.Drawings
6
CONTINUOUS
10
209.3338738680800475
20
-70.921997609139666
11
209.3213827291961877
21
-70.9250248898419358
0
LINE
8
User.Drawings
6
CONTINUOUS
10
209.3213827291961877
20
-70.9250248898419358
11
208.5206359501003419
21
-71.0375622797374575
0
LINE
8
User.Drawings
6
CONTINUOUS
10
208.5206359501003419
20
-71.0375622797374575
11
208.6331742141745167
21
-71.8383081846545934
0
LINE
8
User.Drawings
6
CONTINUOUS
10
208.6331742141745167
20
-71.8383081846545934
11
208.6337074631576058
21
-71.8511498691814552
0
LINE
8
User.Drawings
6
CONTINUOUS
10
208.6337074631576058
20
-71.8511498691814552
11
208.6273014819313971
21
-71.8759170989986842
0
LINE
8
User.Drawings
6
CONTINUOUS
10
208.6273014819313971
20
-71.8759170989986842
11
208.6119063215364235
21
-71.8963466543010981
0
LINE
8
User.Drawings
6
CONTINUOUS
10
208.6119063215364235
20
-71.8963466543010981
11
208.5898647807835289
21
-71.909330829949667
0
LINE
8
User.Drawings
6
CONTINUOUS
10
208.5898647807835289
20
-71.909330829949667
11
208.5645319573727647
21
-71.9128913596350259
0
LINE
8
User.Drawings
6
CONTINUOUS
10
208.5645319573727647
20
-71.9128913596350259
11
208.5397647275555641
21
-71.9064853784088314
0
LINE
8
User.Drawings
6
CONTINUOUS
10
208.5397647275555641
20
-71.9064853784088314
11
208.5193351722531361
21
-71.8910902180138294
0
LINE
8
User.Drawings
6
CONTINUOUS
10
208.5193351722531361
20
-71.8910902180138294
11
208.5063509966045388
21
-71.8690486772609347
0
LINE
8
User.Drawings
6
CONTINUOUS
10
208.5063509966045388
20
-71.8690486772609347
11
208.5033237159022974
21
-71.8565575383770465
0
LINE
8
User.Drawings
6
CONTINUOUS
10
208.5033237159022974
20
-71.8565575383770465
11
208.381661649145542
21
-70.9908863843237725
0
LINE
8
User.Drawings
6
CONTINUOUS
10
208.381661649145542
20
-70.9908863843237725
11
208.3811284001624813
21
-70.9780446997969108
0
LINE
8
User.Drawings
6
CONTINUOUS
10
208.3811284001624813
20
-70.9780446997969108
11
208.3875343813886616
21
-70.9532774699796818
0
LINE
8
User.Drawings
6
CONTINUOUS
10
208.3875343813886616
20
-70.9532774699796818
11
208.4029295417836636
21
-70.9328479146772537
0
LINE
8
User.Drawings
6
CONTINUOUS
10
208.4029295417836636
20
-70.9328479146772537
11
208.4249710825365582
21
-70.9198637390286848
0
LINE
8
User.Drawings
6
CONTINUOUS
10
208.4249710825365582
20
-70.9198637390286848
11
208.4374622214204464
21
-70.916836458326415
0
LINE
8
User.Drawings
6
CONTINUOUS
10
208.4374622214204464
20
-70.916836458326415
11
209.3031333754737204
21
-70.7951743915696881
0
LINE
8
User.Drawings
6
CONTINUOUS
10
209.3031333754737204
20
-70.7951743915696881
11
209.3159750600005964
21
-70.7946411425865989
0
LINE
8
User.Drawings
6
CONTINUOUS
10
209.3159750600005964
20
-70.7946411425865989
11
209.340742289817797
21
-70.8010471238128076
0
LINE
8
User.Drawings
6
CONTINUOUS
10
220.5944681666890403
20
-69.2194393817966045
11
220.6148977219914684
21
-69.2348345421916065
0
LINE
8
User.Drawings
6
CONTINUOUS
10
220.6148977219914684
20
-69.2348345421916065
11
220.6278818976400089
21
-69.2568760829445154
0
LINE
8
User.Drawings
6
CONTINUOUS
10
220.6278818976400089
20
-69.2568760829445154
11
220.6309091783423071
21
-69.2693672218284036
0
LINE
8
User.Drawings
6
CONTINUOUS
10
220.6309091783423071
20
-69.2693672218284036
11
220.7525712450990341
21
-70.1350383758816633
0
LINE
8
User.Drawings
6
CONTINUOUS
10
220.7525712450990341
20
-70.1350383758816633
11
220.7531044940821232
21
-70.1478800604085251
0
LINE
8
User.Drawings
6
CONTINUOUS
10
220.7531044940821232
20
-70.1478800604085251
11
220.7466985128559145
21
-70.1726472902257541
0
LINE
8
User.Drawings
6
CONTINUOUS
10
220.7466985128559145
20
-70.1726472902257541
11
220.7313033524609125
21
-70.1930768455281822
0
LINE
8
User.Drawings
6
CONTINUOUS
10
220.7313033524609125
20
-70.1930768455281822
11
220.7092618117080178
21
-70.2060610211767511
0
LINE
8
User.Drawings
6
CONTINUOUS
10
220.7092618117080178
20
-70.2060610211767511
11
220.6839289882972821
21
-70.2096215508620958
0
LINE
8
User.Drawings
6
CONTINUOUS
10
220.6839289882972821
20
-70.2096215508620958
11
220.6591617584800531
21
-70.2032155696359155
0
LINE
8
User.Drawings
6
CONTINUOUS
10
220.6591617584800531
20
-70.2032155696359155
11
220.638732203177625
21
-70.1878204092409135
0
LINE
8
User.Drawings
6
CONTINUOUS
10
220.638732203177625
20
-70.1878204092409135
11
220.6257480275290561
21
-70.1657788684880046
0
LINE
8
User.Drawings
6
CONTINUOUS
10
220.6257480275290561
20
-70.1657788684880046
11
220.6227207468267864
21
-70.1532877296041164
0
LINE
8
User.Drawings
6
CONTINUOUS
10
220.6227207468267864
20
-70.1532877296041164
11
220.5101824827526116
21
-69.3525409505083132
0
LINE
8
User.Drawings
6
CONTINUOUS
10
220.5101824827526116
20
-69.3525409505083132
11
219.7094374520141002
21
-69.465079214582488
0
LINE
8
User.Drawings
6
CONTINUOUS
10
219.7094374520141002
20
-69.465079214582488
11
219.6965957674872811
21
-69.4656124635655488
0
LINE
8
User.Drawings
6
CONTINUOUS
10
219.6965957674872811
20
-69.4656124635655488
11
219.6718285376700237
21
-69.4592064823393684
0
LINE
8
User.Drawings
6
CONTINUOUS
10
219.6718285376700237
20
-69.4592064823393684
11
219.6513989823676241
21
-69.4438113219443665
0
LINE
8
User.Drawings
6
CONTINUOUS
10
219.6513989823676241
20
-69.4438113219443665
11
219.6384148067190552
21
-69.4217697811914718
0
LINE
8
User.Drawings
6
CONTINUOUS
10
219.6384148067190552
20
-69.4217697811914718
11
219.6348542770336962
21
-69.3964369577807219
0
LINE
8
User.Drawings
6
CONTINUOUS
10
219.6348542770336962
20
-69.3964369577807219
11
219.6412602582598765
21
-69.3716697279635071
0
LINE
8
User.Drawings
6
CONTINUOUS
10
219.6412602582598765
20
-69.3716697279635071
11
219.6566554186548785
21
-69.351240172661079
0
LINE
8
User.Drawings
6
CONTINUOUS
10
219.6566554186548785
20
-69.351240172661079
11
219.6786969594078016
21
-69.3382559970125101
0
LINE
8
User.Drawings
6
CONTINUOUS
10
219.6786969594078016
20
-69.3382559970125101
11
219.6911880982916898
21
-69.3352287163102261
0
LINE
8
User.Drawings
6
CONTINUOUS
10
219.6911880982916898
20
-69.3352287163102261
11
220.5568592523449638
21
-69.2135666495534849
0
LINE
8
User.Drawings
6
CONTINUOUS
10
220.5568592523449638
20
-69.2135666495534849
11
220.5697009368718113
21
-69.2130334005704242
0
LINE
8
User.Drawings
6
CONTINUOUS
10
220.5697009368718113
20
-69.2130334005704242
11
220.5944681666890403
21
-69.2194393817966045
0
LINE
8
User.Drawings
6
CONTINUOUS
10
244.7131614448694563
20
-82.2534257304529746
11
244.7312499497183182
21
-82.2715142353018365
0
LINE
8
User.Drawings
6
CONTINUOUS
10
244.7312499497183182
20
-82.2715142353018365
11
244.7410398765403841
21
-82.2951485295746892
0
LINE
8
User.Drawings
6
CONTINUOUS
10
244.7410398765403841
20
-82.2951485295746892
11
244.7422995679905569
21
-82.307939511739221
0
LINE
8
User.Drawings
6
CONTINUOUS
10
244.7422995679905569
20
-82.307939511739221
11
244.7422995679905569
21
-83.1165547729606971
0
LINE
8
User.Drawings
6
CONTINUOUS
10
244.7422995679905569
20
-83.1165547729606971
11
245.5509148292120472
21
-83.1165547729606971
0
LINE
8
User.Drawings
6
CONTINUOUS
10
245.5509148292120472
20
-83.1165547729606971
11
245.5637058113765931
21
-83.1178144644108841
0
LINE
8
User.Drawings
6
CONTINUOUS
10
245.5637058113765931
20
-83.1178144644108841
11
245.5873401056494174
21
-83.1276043912329641
0
LINE
8
User.Drawings
6
CONTINUOUS
10
245.5873401056494174
20
-83.1276043912329641
11
245.6054286104983078
21
-83.1456928960818118
0
LINE
8
User.Drawings
6
CONTINUOUS
10
245.6054286104983078
20
-83.1456928960818118
11
245.6152185373203736
21
-83.1693271903546645
0
LINE
8
User.Drawings
6
CONTINUOUS
10
245.6152185373203736
20
-83.1693271903546645
11
245.6152185373203736
21
-83.1949091546837423
0
LINE
8
User.Drawings
6
CONTINUOUS
10
245.6152185373203736
20
-83.1949091546837423
11
245.6054286104983078
21
-83.2185434489565949
0
LINE
8
User.Drawings
6
CONTINUOUS
10
245.6054286104983078
20
-83.2185434489565949
11
245.5873401056494174
21
-83.2366319538054427
0
LINE
8
User.Drawings
6
CONTINUOUS
10
245.5873401056494174
20
-83.2366319538054427
11
245.5637058113765931
21
-83.2464218806275227
0
LINE
8
User.Drawings
6
CONTINUOUS
10
245.5637058113765931
20
-83.2464218806275227
11
245.5509148292120472
21
-83.2476815720777097
0
LINE
8
User.Drawings
6
CONTINUOUS
10
245.5509148292120472
20
-83.2476815720777097
11
244.6767361684320861
21
-83.2476815720777097
0
LINE
8
User.Drawings
6
CONTINUOUS
10
244.6767361684320861
20
-83.2476815720777097
11
244.6639451862675401
21
-83.2464218806275227
0
LINE
8
User.Drawings
6
CONTINUOUS
10
244.6639451862675401
20
-83.2464218806275227
11
244.6403108919947158
21
-83.2366319538054427
0
LINE
8
User.Drawings
6
CONTINUOUS
10
244.6403108919947158
20
-83.2366319538054427
11
244.6222223871458255
21
-83.2185434489565949
0
LINE
8
User.Drawings
6
CONTINUOUS
10
244.6222223871458255
20
-83.2185434489565949
11
244.6124324603237596
21
-83.1949091546837423
0
LINE
8
User.Drawings
6
CONTINUOUS
10
244.6124324603237596
20
-83.1949091546837423
11
244.6111727688735584
21
-83.1821181725191963
0
LINE
8
User.Drawings
6
CONTINUOUS
10
244.6111727688735584
20
-83.1821181725191963
11
244.6111727688735584
21
-82.307939511739221
0
LINE
8
User.Drawings
6
CONTINUOUS
10
244.6111727688735584
20
-82.307939511739221
11
244.6124324603237596
21
-82.2951485295746892
0
LINE
8
User.Drawings
6
CONTINUOUS
10
244.6124324603237596
20
-82.2951485295746892
11
244.6222223871458255
21
-82.2715142353018365
0
LINE
8
User.Drawings
6
CONTINUOUS
10
244.6222223871458255
20
-82.2715142353018365
11
244.6403108919947158
21
-82.2534257304529746
0
LINE
8
User.Drawings
6
CONTINUOUS
10
244.6403108919947158
20
-82.2534257304529746
11
244.6639451862675401
21
-82.2436358036308945
0
LINE
8
User.Drawings
6
CONTINUOUS
10
244.6639451862675401
20
-82.2436358036308945
11
244.6895271505966036
21
-82.2436358036308945
0
LINE
8
User.Drawings
6
CONTINUOUS
10
244.6895271505966036
20
-82.2436358036308945
11
244.7131614448694563
21
-82.2534257304529746
0
LINE
8
User.Drawings
6
CONTINUOUS
10
256.9516626957892527
20
-82.2534257304529746
11
256.9697512006380862
21
-82.2715142353018365
0
LINE
8
User.Drawings
6
CONTINUOUS
10
256.9697512006380862
20
-82.2715142353018365
11
256.979541127460152
21
-82.2951485295746892
0
LINE
8
User.Drawings
6
CONTINUOUS
10
256.979541127460152
20
-82.2951485295746892
11
256.9808008189103816
21
-82.307939511739221
0
LINE
8
User.Drawings
6
CONTINUOUS
10
256.9808008189103816
20
-82.307939511739221
11
256.9808008189103816
21
-83.1821181725191963
0
LINE
8
User.Drawings
6
CONTINUOUS
10
256.9808008189103816
20
-83.1821181725191963
11
256.979541127460152
21
-83.1949091546837423
0
LINE
8
User.Drawings
6
CONTINUOUS
10
256.979541127460152
20
-83.1949091546837423
11
256.9697512006380862
21
-83.2185434489565949
0
LINE
8
User.Drawings
6
CONTINUOUS
10
256.9697512006380862
20
-83.2185434489565949
11
256.9516626957892527
21
-83.2366319538054427
0
LINE
8
User.Drawings
6
CONTINUOUS
10
256.9516626957892527
20
-83.2366319538054427
11
256.9280284015163716
21
-83.2464218806275227
0
LINE
8
User.Drawings
6
CONTINUOUS
10
256.9280284015163716
20
-83.2464218806275227
11
256.915237419351854
21
-83.2476815720777097
0
LINE
8
User.Drawings
6
CONTINUOUS
10
256.915237419351854
20
-83.2476815720777097
11
256.0410587585718645
21
-83.2476815720777097
0
LINE
8
User.Drawings
6
CONTINUOUS
10
256.0410587585718645
20
-83.2476815720777097
11
256.0282677764073469
21
-83.2464218806275227
0
LINE
8
User.Drawings
6
CONTINUOUS
10
256.0282677764073469
20
-83.2464218806275227
11
256.0046334821345226
21
-83.2366319538054427
0
LINE
8
User.Drawings
6
CONTINUOUS
10
256.0046334821345226
20
-83.2366319538054427
11
255.9865449772856323
21
-83.2185434489565949
0
LINE
8
User.Drawings
6
CONTINUOUS
10
255.9865449772856323
20
-83.2185434489565949
11
255.9767550504635665
21
-83.1949091546837423
0
LINE
8
User.Drawings
6
CONTINUOUS
10
255.9767550504635665
20
-83.1949091546837423
11
255.9767550504635665
21
-83.1693271903546645
0
LINE
8
User.Drawings
6
CONTINUOUS
10
255.9767550504635665
20
-83.1693271903546645
11
255.9865449772856323
21
-83.1456928960818118
0
LINE
8
User.Drawings
6
CONTINUOUS
10
255.9865449772856323
20
-83.1456928960818118
11
256.0046334821345226
21
-83.1276043912329641
0
LINE
8
User.Drawings
6
CONTINUOUS
10
256.0046334821345226
20
-83.1276043912329641
11
256.0282677764073469
21
-83.1178144644108841
0
LINE
8
User.Drawings
6
CONTINUOUS
10
256.0282677764073469
20
-83.1178144644108841
11
256.0410587585718645
21
-83.1165547729606971
0
LINE
8
User.Drawings
6
CONTINUOUS
10
256.0410587585718645
20
-83.1165547729606971
11
256.8496740197933832
21
-83.1165547729606971
0
LINE
8
User.Drawings
6
CONTINUOUS
10
256.8496740197933832
20
-83.1165547729606971
11
256.8496740197933832
21
-82.307939511739221
0
LINE
8
User.Drawings
6
CONTINUOUS
10
256.8496740197933832
20
-82.307939511739221
11
256.850933711243556
21
-82.2951485295746892
0
LINE
8
User.Drawings
6
CONTINUOUS
10
256.850933711243556
20
-82.2951485295746892
11
256.8607236380656218
21
-82.2715142353018365
0
LINE
8
User.Drawings
6
CONTINUOUS
10
256.8607236380656218
20
-82.2715142353018365
11
256.8788121429145122
21
-82.2534257304529746
0
LINE
8
User.Drawings
6
CONTINUOUS
10
256.8788121429145122
20
-82.2534257304529746
11
256.9024464371873364
21
-82.2436358036308945
0
LINE
8
User.Drawings
6
CONTINUOUS
10
256.9024464371873364
20
-82.2436358036308945
11
256.9280284015163716
21
-82.2436358036308945
0
LINE
8
User.Drawings
6
CONTINUOUS
10
256.9280284015163716
20
-82.2436358036308945
11
256.9516626957892527
21
-82.2534257304529746
0
LINE
8
User.Drawings
6
CONTINUOUS
10
245.5637058113765931
20
-70.8793132134910877
11
245.5873401056494174
21
-70.8891031403131819
0
LINE
8
User.Drawings
6
CONTINUOUS
10
245.5873401056494174
20
-70.8891031403131819
11
245.6054286104983078
21
-70.9071916451620297
0
LINE
8
User.Drawings
6
CONTINUOUS
10
245.6054286104983078
20
-70.9071916451620297
11
245.6152185373203736
21
-70.9308259394348823
0
LINE
8
User.Drawings
6
CONTINUOUS
10
245.6152185373203736
20
-70.9308259394348823
11
245.6152185373203736
21
-70.9564079037639459
0
LINE
8
User.Drawings
6
CONTINUOUS
10
245.6152185373203736
20
-70.9564079037639459
11
245.6054286104983078
21
-70.9800421980367844
0
LINE
8
User.Drawings
6
CONTINUOUS
10
245.6054286104983078
20
-70.9800421980367844
11
245.5873401056494174
21
-70.9981307028856605
0
LINE
8
User.Drawings
6
CONTINUOUS
10
245.5873401056494174
20
-70.9981307028856605
11
245.5637058113765931
21
-71.0079206297077263
0
LINE
8
User.Drawings
6
CONTINUOUS
10
245.5637058113765931
20
-71.0079206297077263
11
245.5509148292120472
21
-71.0091803211579133
0
LINE
8
User.Drawings
6
CONTINUOUS
10
245.5509148292120472
20
-71.0091803211579133
11
244.7422995679905569
21
-71.0091803211579133
0
LINE
8
User.Drawings
6
CONTINUOUS
10
244.7422995679905569
20
-71.0091803211579133
11
244.7422995679905569
21
-71.8177955823794036
0
LINE
8
User.Drawings
6
CONTINUOUS
10
244.7422995679905569
20
-71.8177955823794036
11
244.7410398765403841
21
-71.8305865645439354
0
LINE
8
User.Drawings
6
CONTINUOUS
10
244.7410398765403841
20
-71.8305865645439354
11
244.7312499497183182
21
-71.8542208588167739
0
LINE
8
User.Drawings
6
CONTINUOUS
10
244.7312499497183182
20
-71.8542208588167739
11
244.7131614448694563
21
-71.8723093636656358
0
LINE
8
User.Drawings
6
CONTINUOUS
10
244.7131614448694563
20
-71.8723093636656358
11
244.6895271505966036
21
-71.8820992904877016
0
LINE
8
User.Drawings
6
CONTINUOUS
10
244.6895271505966036
20
-71.8820992904877016
11
244.6639451862675401
21
-71.8820992904877016
0
LINE
8
User.Drawings
6
CONTINUOUS
10
244.6639451862675401
20
-71.8820992904877016
11
244.6403108919947158
21
-71.8723093636656358
0
LINE
8
User.Drawings
6
CONTINUOUS
10
244.6403108919947158
20
-71.8723093636656358
11
244.6222223871458255
21
-71.8542208588167739
0
LINE
8
User.Drawings
6
CONTINUOUS
10
244.6222223871458255
20
-71.8542208588167739
11
244.6124324603237596
21
-71.8305865645439354
0
LINE
8
User.Drawings
6
CONTINUOUS
10
244.6124324603237596
20
-71.8305865645439354
11
244.6111727688735584
21
-71.8177955823794036
0
LINE
8
User.Drawings
6
CONTINUOUS
10
244.6111727688735584
20
-71.8177955823794036
11
244.6111727688735584
21
-70.9436169215994141
0
LINE
8
User.Drawings
6
CONTINUOUS
10
244.6111727688735584
20
-70.9436169215994141
11
244.6124324603237596
21
-70.9308259394348823
0
LINE
8
User.Drawings
6
CONTINUOUS
10
244.6124324603237596
20
-70.9308259394348823
11
244.6222223871458255
21
-70.9071916451620297
0
LINE
8
User.Drawings
6
CONTINUOUS
10
244.6222223871458255
20
-70.9071916451620297
11
244.6403108919947158
21
-70.8891031403131819
0
LINE
8
User.Drawings
6
CONTINUOUS
10
244.6403108919947158
20
-70.8891031403131819
11
244.6639451862675401
21
-70.8793132134910877
0
LINE
8
User.Drawings
6
CONTINUOUS
10
244.6639451862675401
20
-70.8793132134910877
11
244.6767361684320861
21
-70.8780535220409149
0
LINE
8
User.Drawings
6
CONTINUOUS
10
244.6767361684320861
20
-70.8780535220409149
11
245.5509148292120472
21
-70.8780535220409149
0
LINE
8
User.Drawings
6
CONTINUOUS
10
245.5509148292120472
20
-70.8780535220409149
11
245.5637058113765931
21
-70.8793132134910877
0
LINE
8
User.Drawings
6
CONTINUOUS
10
256.9280284015163716
20
-70.8793132134910877
11
256.9516626957892527
21
-70.8891031403131819
0
LINE
8
User.Drawings
6
CONTINUOUS
10
256.9516626957892527
20
-70.8891031403131819
11
256.9697512006380862
21
-70.9071916451620297
0
LINE
8
User.Drawings
6
CONTINUOUS
10
256.9697512006380862
20
-70.9071916451620297
11
256.979541127460152
21
-70.9308259394348823
0
LINE
8
User.Drawings
6
CONTINUOUS
10
256.979541127460152
20
-70.9308259394348823
11
256.9808008189103816
21
-70.9436169215994141
0
LINE
8
User.Drawings
6
CONTINUOUS
10
256.9808008189103816
20
-70.9436169215994141
11
256.9808008189103816
21
-71.8177955823794036
0
LINE
8
User.Drawings
6
CONTINUOUS
10
256.9808008189103816
20
-71.8177955823794036
11
256.979541127460152
21
-71.8305865645439354
0
LINE
8
User.Drawings
6
CONTINUOUS
10
256.979541127460152
20
-71.8305865645439354
11
256.9697512006380862
21
-71.8542208588167739
0
LINE
8
User.Drawings
6
CONTINUOUS
10
256.9697512006380862
20
-71.8542208588167739
11
256.9516626957892527
21
-71.8723093636656358
0
LINE
8
User.Drawings
6
CONTINUOUS
10
256.9516626957892527
20
-71.8723093636656358
11
256.9280284015163716
21
-71.8820992904877016
0
LINE
8
User.Drawings
6
CONTINUOUS
10
256.9280284015163716
20
-71.8820992904877016
11
256.9024464371873364
21
-71.8820992904877016
0
LINE
8
User.Drawings
6
CONTINUOUS
10
256.9024464371873364
20
-71.8820992904877016
11
256.8788121429145122
21
-71.8723093636656358
0
LINE
8
User.Drawings
6
CONTINUOUS
10
256.8788121429145122
20
-71.8723093636656358
11
256.8607236380656218
21
-71.8542208588167739
0
LINE
8
User.Drawings
6
CONTINUOUS
10
256.8607236380656218
20
-71.8542208588167739
11
256.850933711243556
21
-71.8305865645439354
0
LINE
8
User.Drawings
6
CONTINUOUS
10
256.850933711243556
20
-71.8305865645439354
11
256.8496740197933832
21
-71.8177955823794036
0
LINE
8
User.Drawings
6
CONTINUOUS
10
256.8496740197933832
20
-71.8177955823794036
11
256.8496740197933832
21
-71.0091803211579133
0
LINE
8
User.Drawings
6
CONTINUOUS
10
256.8496740197933832
20
-71.0091803211579133
11
256.0410587585718645
21
-71.0091803211579133
0
LINE
8
User.Drawings
6
CONTINUOUS
10
256.0410587585718645
20
-71.0091803211579133
11
256.0282677764073469
21
-71.0079206297077263
0
LINE
8
User.Drawings
6
CONTINUOUS
10
256.0282677764073469
20
-71.0079206297077263
11
256.0046334821345226
21
-70.9981307028856605
0
LINE
8
User.Drawings
6
CONTINUOUS
10
256.0046334821345226
20
-70.9981307028856605
11
255.9865449772856323
21
-70.9800421980367844
0
LINE
8
User.Drawings
6
CONTINUOUS
10
255.9865449772856323
20
-70.9800421980367844
11
255.9767550504635665
21
-70.9564079037639459
0
LINE
8
User.Drawings
6
CONTINUOUS
10
255.9767550504635665
20
-70.9564079037639459
11
255.9767550504635665
21
-70.9308259394348823
0
LINE
8
User.Drawings
6
CONTINUOUS
10
255.9767550504635665
20
-70.9308259394348823
11
255.9865449772856323
21
-70.9071916451620297
0
LINE
8
User.Drawings
6
CONTINUOUS
10
255.9865449772856323
20
-70.9071916451620297
11
256.0046334821345226
21
-70.8891031403131819
0
LINE
8
User.Drawings
6
CONTINUOUS
10
256.0046334821345226
20
-70.8891031403131819
11
256.0282677764073469
21
-70.8793132134910877
0
LINE
8
User.Drawings
6
CONTINUOUS
10
256.0282677764073469
20
-70.8793132134910877
11
256.0410587585718645
21
-70.8780535220409149
0
LINE
8
User.Drawings
6
CONTINUOUS
10
256.0410587585718645
20
-70.8780535220409149
11
256.915237419351854
21
-70.8780535220409149
0
LINE
8
User.Drawings
6
CONTINUOUS
10
256.915237419351854
20
-70.8780535220409149
11
256.9280284015163716
21
-70.8793132134910877
0
LINE
8
User.Drawings
6
CONTINUOUS
10
228.0014879867384536
20
-82.2839345657141905
11
228.019576491587344
21
-82.3020230705630524
0
LINE
8
User.Drawings
6
CONTINUOUS
10
228.019576491587344
20
-82.3020230705630524
11
228.0293664184094098
21
-82.3256573648359051
0
LINE
8
User.Drawings
6
CONTINUOUS
10
228.0293664184094098
20
-82.3256573648359051
11
228.030626109859611
21
-82.3384483470004511
0
LINE
8
User.Drawings
6
CONTINUOUS
10
228.030626109859611
20
-82.3384483470004511
11
228.030626109859611
21
-83.1470636082219272
0
LINE
8
User.Drawings
6
CONTINUOUS
10
228.030626109859611
20
-83.1470636082219272
11
228.8392413710810729
21
-83.1470636082219272
0
LINE
8
User.Drawings
6
CONTINUOUS
10
228.8392413710810729
20
-83.1470636082219272
11
228.8520323532456189
21
-83.1483232996721142
0
LINE
8
User.Drawings
6
CONTINUOUS
10
228.8520323532456189
20
-83.1483232996721142
11
228.8756666475184716
21
-83.1581132264941942
0
LINE
8
User.Drawings
6
CONTINUOUS
10
228.8756666475184716
20
-83.1581132264941942
11
228.8937551523673051
21
-83.176201731343042
0
LINE
8
User.Drawings
6
CONTINUOUS
10
228.8937551523673051
20
-83.176201731343042
11
228.9035450791893993
21
-83.1998360256158946
0
LINE
8
User.Drawings
6
CONTINUOUS
10
228.9035450791893993
20
-83.1998360256158946
11
228.9035450791893993
21
-83.2254179899449582
0
LINE
8
User.Drawings
6
CONTINUOUS
10
228.9035450791893993
20
-83.2254179899449582
11
228.8937551523673051
21
-83.2490522842177967
0
LINE
8
User.Drawings
6
CONTINUOUS
10
228.8937551523673051
20
-83.2490522842177967
11
228.8756666475184716
21
-83.2671407890666728
0
LINE
8
User.Drawings
6
CONTINUOUS
10
228.8756666475184716
20
-83.2671407890666728
11
228.8520323532456189
21
-83.2769307158887386
0
LINE
8
User.Drawings
6
CONTINUOUS
10
228.8520323532456189
20
-83.2769307158887386
11
228.8392413710810729
21
-83.2781904073389256
0
LINE
8
User.Drawings
6
CONTINUOUS
10
228.8392413710810729
20
-83.2781904073389256
11
227.9650627103010834
21
-83.2781904073389256
0
LINE
8
User.Drawings
6
CONTINUOUS
10
227.9650627103010834
20
-83.2781904073389256
11
227.9522717281365658
21
-83.2769307158887386
0
LINE
8
User.Drawings
6
CONTINUOUS
10
227.9522717281365658
20
-83.2769307158887386
11
227.9286374338637131
21
-83.2671407890666728
0
LINE
8
User.Drawings
6
CONTINUOUS
10
227.9286374338637131
20
-83.2671407890666728
11
227.9105489290148512
21
-83.2490522842177967
0
LINE
8
User.Drawings
6
CONTINUOUS
10
227.9105489290148512
20
-83.2490522842177967
11
227.9007590021927854
21
-83.2254179899449582
0
LINE
8
User.Drawings
6
CONTINUOUS
10
227.9007590021927854
20
-83.2254179899449582
11
227.8994993107426126
21
-83.2126270077804264
0
LINE
8
User.Drawings
6
CONTINUOUS
10
227.8994993107426126
20
-83.2126270077804264
11
227.8994993107426126
21
-82.3384483470004511
0
LINE
8
User.Drawings
6
CONTINUOUS
10
227.8994993107426126
20
-82.3384483470004511
11
227.9007590021927854
21
-82.3256573648359051
0
LINE
8
User.Drawings
6
CONTINUOUS
10
227.9007590021927854
20
-82.3256573648359051
11
227.9105489290148512
21
-82.3020230705630524
0
LINE
8
User.Drawings
6
CONTINUOUS
10
227.9105489290148512
20
-82.3020230705630524
11
227.9286374338637131
21
-82.2839345657141905
0
LINE
8
User.Drawings
6
CONTINUOUS
10
227.9286374338637131
20
-82.2839345657141905
11
227.9522717281365658
21
-82.2741446388921247
0
LINE
8
User.Drawings
6
CONTINUOUS
10
227.9522717281365658
20
-82.2741446388921247
11
227.9778536924656294
21
-82.2741446388921247
0
LINE
8
User.Drawings
6
CONTINUOUS
10
227.9778536924656294
20
-82.2741446388921247
11
228.0014879867384536
21
-82.2839345657141905
0
LINE
8
User.Drawings
6
CONTINUOUS
10
240.2399892376582784
20
-82.2839345657141905
11
240.2580777425071119
21
-82.3020230705630524
0
LINE
8
User.Drawings
6
CONTINUOUS
10
240.2580777425071119
20
-82.3020230705630524
11
240.2678676693292061
21
-82.3256573648359051
0
LINE
8
User.Drawings
6
CONTINUOUS
10
240.2678676693292061
20
-82.3256573648359051
11
240.2691273607794074
21
-82.3384483470004511
0
LINE
8
User.Drawings
6
CONTINUOUS
10
240.2691273607794074
20
-82.3384483470004511
11
240.2691273607794074
21
-83.2126270077804264
0
LINE
8
User.Drawings
6
CONTINUOUS
10
240.2691273607794074
20
-83.2126270077804264
11
240.2678676693292061
21
-83.2254179899449582
0
LINE
8
User.Drawings
6
CONTINUOUS
10
240.2678676693292061
20
-83.2254179899449582
11
240.2580777425071119
21
-83.2490522842177967
0
LINE
8
User.Drawings
6
CONTINUOUS
10
240.2580777425071119
20
-83.2490522842177967
11
240.2399892376582784
21
-83.2671407890666728
0
LINE
8
User.Drawings
6
CONTINUOUS
10
240.2399892376582784
20
-83.2671407890666728
11
240.2163549433853973
21
-83.2769307158887386
0
LINE
8
User.Drawings
6
CONTINUOUS
10
240.2163549433853973
20
-83.2769307158887386
11
240.2035639612208797
21
-83.2781904073389256
0
LINE
8
User.Drawings
6
CONTINUOUS
10
240.2035639612208797
20
-83.2781904073389256
11
239.3293853004408902
21
-83.2781904073389256
0
LINE
8
User.Drawings
6
CONTINUOUS
10
239.3293853004408902
20
-83.2781904073389256
11
239.3165943182763726
21
-83.2769307158887386
0
LINE
8
User.Drawings
6
CONTINUOUS
10
239.3165943182763726
20
-83.2769307158887386
11
239.2929600240035199
21
-83.2671407890666728
0
LINE
8
User.Drawings
6
CONTINUOUS
10
239.2929600240035199
20
-83.2671407890666728
11
239.274871519154658
21
-83.2490522842177967
0
LINE
8
User.Drawings
6
CONTINUOUS
10
239.274871519154658
20
-83.2490522842177967
11
239.2650815923325922
21
-83.2254179899449582
0
LINE
8
User.Drawings
6
CONTINUOUS
10
239.2650815923325922
20
-83.2254179899449582
11
239.2650815923325922
21
-83.1998360256158946
0
LINE
8
User.Drawings
6
CONTINUOUS
10
239.2650815923325922
20
-83.1998360256158946
11
239.274871519154658
21
-83.176201731343042
0
LINE
8
User.Drawings
6
CONTINUOUS
10
239.274871519154658
20
-83.176201731343042
11
239.2929600240035199
21
-83.1581132264941942
0
LINE
8
User.Drawings
6
CONTINUOUS
10
239.2929600240035199
20
-83.1581132264941942
11
239.3165943182763726
21
-83.1483232996721142
0
LINE
8
User.Drawings
6
CONTINUOUS
10
239.3165943182763726
20
-83.1483232996721142
11
239.3293853004408902
21
-83.1470636082219272
0
LINE
8
User.Drawings
6
CONTINUOUS
10
239.3293853004408902
20
-83.1470636082219272
11
240.1380005616624089
21
-83.1470636082219272
0
LINE
8
User.Drawings
6
CONTINUOUS
10
240.1380005616624089
20
-83.1470636082219272
11
240.1380005616624089
21
-82.3384483470004511
0
LINE
8
User.Drawings
6
CONTINUOUS
10
240.1380005616624089
20
-82.3384483470004511
11
240.1392602531125817
21
-82.3256573648359051
0
LINE
8
User.Drawings
6
CONTINUOUS
10
240.1392602531125817
20
-82.3256573648359051
11
240.1490501799346475
21
-82.3020230705630524
0
LINE
8
User.Drawings
6
CONTINUOUS
10
240.1490501799346475
20
-82.3020230705630524
11
240.1671386847835095
21
-82.2839345657141905
0
LINE
8
User.Drawings
6
CONTINUOUS
10
240.1671386847835095
20
-82.2839345657141905
11
240.1907729790563337
21
-82.2741446388921247
0
LINE
8
User.Drawings
6
CONTINUOUS
10
240.1907729790563337
20
-82.2741446388921247
11
240.2163549433853973
21
-82.2741446388921247
0
LINE
8
User.Drawings
6
CONTINUOUS
10
240.2163549433853973
20
-82.2741446388921247
11
240.2399892376582784
21
-82.2839345657141905
0
LINE
8
User.Drawings
6
CONTINUOUS
10
228.8520323532456189
20
-70.9098220487523179
11
228.8756666475184716
21
-70.9196119755743837
0
LINE
8
User.Drawings
6
CONTINUOUS
10
228.8756666475184716
20
-70.9196119755743837
11
228.8937551523673051
21
-70.9377004804232598
0
LINE
8
User.Drawings
6
CONTINUOUS
10
228.8937551523673051
20
-70.9377004804232598
11
228.9035450791893993
21
-70.9613347746960983
0
LINE
8
User.Drawings
6
CONTINUOUS
10
228.9035450791893993
20
-70.9613347746960983
11
228.9035450791893993
21
-70.9869167390251619
0
LINE
8
User.Drawings
6
CONTINUOUS
10
228.9035450791893993
20
-70.9869167390251619
11
228.8937551523673051
21
-71.0105510332980145
0
LINE
8
User.Drawings
6
CONTINUOUS
10
228.8937551523673051
20
-71.0105510332980145
11
228.8756666475184716
21
-71.0286395381468623
0
LINE
8
User.Drawings
6
CONTINUOUS
10
228.8756666475184716
20
-71.0286395381468623
11
228.8520323532456189
21
-71.0384294649689423
0
LINE
8
User.Drawings
6
CONTINUOUS
10
228.8520323532456189
20
-71.0384294649689423
11
228.8392413710810729
21
-71.0396891564191293
0
LINE
8
User.Drawings
6
CONTINUOUS
10
228.8392413710810729
20
-71.0396891564191293
11
228.030626109859611
21
-71.0396891564191293
0
LINE
8
User.Drawings
6
CONTINUOUS
10
228.030626109859611
20
-71.0396891564191293
11
228.030626109859611
21
-71.8483044176406196
0
LINE
8
User.Drawings
6
CONTINUOUS
10
228.030626109859611
20
-71.8483044176406196
11
228.0293664184094098
21
-71.8610953998051514
0
LINE
8
User.Drawings
6
CONTINUOUS
10
228.0293664184094098
20
-71.8610953998051514
11
228.019576491587344
21
-71.8847296940779898
0
LINE
8
User.Drawings
6
CONTINUOUS
10
228.019576491587344
20
-71.8847296940779898
11
228.0014879867384536
21
-71.902818198926866
0
LINE
8
User.Drawings
6
CONTINUOUS
10
228.0014879867384536
20
-71.902818198926866
11
227.9778536924656294
21
-71.9126081257489318
0
LINE
8
User.Drawings
6
CONTINUOUS
10
227.9778536924656294
20
-71.9126081257489318
11
227.9522717281365658
21
-71.9126081257489318
0
LINE
8
User.Drawings
6
CONTINUOUS
10
227.9522717281365658
20
-71.9126081257489318
11
227.9286374338637131
21
-71.902818198926866
0
LINE
8
User.Drawings
6
CONTINUOUS
10
227.9286374338637131
20
-71.902818198926866
11
227.9105489290148512
21
-71.8847296940779898
0
LINE
8
User.Drawings
6
CONTINUOUS
10
227.9105489290148512
20
-71.8847296940779898
11
227.9007590021927854
21
-71.8610953998051514
0
LINE
8
User.Drawings
6
CONTINUOUS
10
227.9007590021927854
20
-71.8610953998051514
11
227.8994993107426126
21
-71.8483044176406196
0
LINE
8
User.Drawings
6
CONTINUOUS
10
227.8994993107426126
20
-71.8483044176406196
11
227.8994993107426126
21
-70.9741257568606301
0
LINE
8
User.Drawings
6
CONTINUOUS
10
227.8994993107426126
20
-70.9741257568606301
11
227.9007590021927854
21
-70.9613347746960983
0
LINE
8
User.Drawings
6
CONTINUOUS
10
227.9007590021927854
20
-70.9613347746960983
11
227.9105489290148512
21
-70.9377004804232598
0
LINE
8
User.Drawings
6
CONTINUOUS
10
227.9105489290148512
20
-70.9377004804232598
11
227.9286374338637131
21
-70.9196119755743837
0
LINE
8
User.Drawings
6
CONTINUOUS
10
227.9286374338637131
20
-70.9196119755743837
11
227.9522717281365658
21
-70.9098220487523179
0
LINE
8
User.Drawings
6
CONTINUOUS
10
227.9522717281365658
20
-70.9098220487523179
11
227.9650627103010834
21
-70.9085623573021309
0
LINE
8
User.Drawings
6
CONTINUOUS
10
227.9650627103010834
20
-70.9085623573021309
11
228.8392413710810729
21
-70.9085623573021309
0
LINE
8
User.Drawings
6
CONTINUOUS
10
228.8392413710810729
20
-70.9085623573021309
11
228.8520323532456189
21
-70.9098220487523179
0
LINE
8
User.Drawings
6
CONTINUOUS
10
240.2163549433853973
20
-70.9098220487523179
11
240.2399892376582784
21
-70.9196119755743837
0
LINE
8
User.Drawings
6
CONTINUOUS
10
240.2399892376582784
20
-70.9196119755743837
11
240.2580777425071119
21
-70.9377004804232598
0
LINE
8
User.Drawings
6
CONTINUOUS
10
240.2580777425071119
20
-70.9377004804232598
11
240.2678676693292061
21
-70.9613347746960983
0
LINE
8
User.Drawings
6
CONTINUOUS
10
240.2678676693292061
20
-70.9613347746960983
11
240.2691273607794074
21
-70.9741257568606301
0
LINE
8
User.Drawings
6
CONTINUOUS
10
240.2691273607794074
20
-70.9741257568606301
11
240.2691273607794074
21
-71.8483044176406196
0
LINE
8
User.Drawings
6
CONTINUOUS
10
240.2691273607794074
20
-71.8483044176406196
11
240.2678676693292061
21
-71.8610953998051514
0
LINE
8
User.Drawings
6
CONTINUOUS
10
240.2678676693292061
20
-71.8610953998051514
11
240.2580777425071119
21
-71.8847296940779898
0
LINE
8
User.Drawings
6
CONTINUOUS
10
240.2580777425071119
20
-71.8847296940779898
11
240.2399892376582784
21
-71.902818198926866
0
LINE
8
User.Drawings
6
CONTINUOUS
10
240.2399892376582784
20
-71.902818198926866
11
240.2163549433853973
21
-71.9126081257489318
0
LINE
8
User.Drawings
6
CONTINUOUS
10
240.2163549433853973
20
-71.9126081257489318
11
240.1907729790563337
21
-71.9126081257489318
0
LINE
8
User.Drawings
6
CONTINUOUS
10
240.1907729790563337
20
-71.9126081257489318
11
240.1671386847835095
21
-71.902818198926866
0
LINE
8
User.Drawings
6
CONTINUOUS
10
240.1671386847835095
20
-71.902818198926866
11
240.1490501799346475
21
-71.8847296940779898
0
LINE
8
User.Drawings
6
CONTINUOUS
10
240.1490501799346475
20
-71.8847296940779898
11
240.1392602531125817
21
-71.8610953998051514
0
LINE
8
User.Drawings
6
CONTINUOUS
10
240.1392602531125817
20
-71.8610953998051514
11
240.1380005616624089
21
-71.8483044176406196
0
LINE
8
User.Drawings
6
CONTINUOUS
10
240.1380005616624089
20
-71.8483044176406196
11
240.1380005616624089
21
-71.0396891564191293
0
LINE
8
User.Drawings
6
CONTINUOUS
10
240.1380005616624089
20
-71.0396891564191293
11
239.3293853004408902
21
-71.0396891564191293
0
LINE
8
User.Drawings
6
CONTINUOUS
10
239.3293853004408902
20
-71.0396891564191293
11
239.3165943182763726
21
-71.0384294649689423
0
LINE
8
User.Drawings
6
CONTINUOUS
10
239.3165943182763726
20
-71.0384294649689423
11
239.2929600240035199
21
-71.0286395381468623
0
LINE
8
User.Drawings
6
CONTINUOUS
10
239.2929600240035199
20
-71.0286395381468623
11
239.274871519154658
21
-71.0105510332980145
0
LINE
8
User.Drawings
6
CONTINUOUS
10
239.274871519154658
20
-71.0105510332980145
11
239.2650815923325922
21
-70.9869167390251619
0
LINE
8
User.Drawings
6
CONTINUOUS
10
239.2650815923325922
20
-70.9869167390251619
11
239.2650815923325922
21
-70.9613347746960983
0
LINE
8
User.Drawings
6
CONTINUOUS
10
239.2650815923325922
20
-70.9613347746960983
11
239.274871519154658
21
-70.9377004804232598
0
LINE
8
User.Drawings
6
CONTINUOUS
10
239.274871519154658
20
-70.9377004804232598
11
239.2929600240035199
21
-70.9196119755743837
0
LINE
8
User.Drawings
6
CONTINUOUS
10
239.2929600240035199
20
-70.9196119755743837
11
239.3165943182763726
21
-70.9098220487523179
0
LINE
8
User.Drawings
6
CONTINUOUS
10
239.3165943182763726
20
-70.9098220487523179
11
239.3293853004408902
21
-70.9085623573021309
0
LINE
8
User.Drawings
6
CONTINUOUS
10
239.3293853004408902
20
-70.9085623573021309
11
240.2035639612208797
21
-70.9085623573021309
0
LINE
8
User.Drawings
6
CONTINUOUS
10
240.2035639612208797
20
-70.9085623573021309
11
240.2163549433853973
21
-70.9098220487523179
0
LINE
8
User.Drawings
6
CONTINUOUS
10
222.4730912213851468
20
-66.7264225840164897
11
222.4935207766875465
21
-66.7418177444114775
0
LINE
8
User.Drawings
6
CONTINUOUS
10
222.4935207766875465
20
-66.7418177444114775
11
222.5065049523361154
21
-66.7638592851643864
0
LINE
8
User.Drawings
6
CONTINUOUS
10
222.5065049523361154
20
-66.7638592851643864
11
222.5086746637721831
21
-66.7728134971867604
0
LINE
8
User.Drawings
6
CONTINUOUS
10
222.5086746637721831
20
-66.7728134971867604
11
225.6916946653645368
21
-68.6763891075761563
0
LINE
8
User.Drawings
6
CONTINUOUS
10
225.6916946653645368
20
-68.6763891075761563
11
225.6944028708556118
21
-68.6627755232918275
0
LINE
8
User.Drawings
6
CONTINUOUS
10
225.6944028708556118
20
-68.6627755232918275
11
225.7180581454163359
21
-68.6391202487311176
0
LINE
8
User.Drawings
6
CONTINUOUS
10
225.7180581454163359
20
-68.6391202487311176
11
225.7347846799116837
21
-68.6357931247481901
0
LINE
8
User.Drawings
6
CONTINUOUS
10
225.7347846799116837
20
-68.6357931247481901
11
242.3441792347314276
21
-68.6357931247481901
0
LINE
8
User.Drawings
6
CONTINUOUS
10
242.3441792347314276
20
-68.6357931247481901
11
258.9535737895511147
21
-68.6357931247481901
0
LINE
8
User.Drawings
6
CONTINUOUS
10
258.9535737895511147
20
-68.6357931247481901
11
258.9703003240464909
21
-68.6391202487311176
0
LINE
8
User.Drawings
6
CONTINUOUS
10
258.9703003240464909
20
-68.6391202487311176
11
258.9939555986072151
21
-68.6627755232918275
0
LINE
8
User.Drawings
6
CONTINUOUS
10
258.9939555986072151
20
-68.6627755232918275
11
258.9955422328765167
21
-68.6707524035714556
0
LINE
8
User.Drawings
6
CONTINUOUS
10
258.9955422328765167
20
-68.6707524035714556
11
259.1225385378213559
21
-68.6707524035714556
0
LINE
8
User.Drawings
6
CONTINUOUS
10
259.1225385378213559
20
-68.6707524035714556
11
259.1353295199858735
21
-68.6720120950216284
0
LINE
8
User.Drawings
6
CONTINUOUS
10
259.1353295199858735
20
-68.6720120950216284
11
259.1589638142586978
21
-68.6818020218437084
0
LINE
8
User.Drawings
6
CONTINUOUS
10
259.1589638142586978
20
-68.6818020218437084
11
259.1770523191075881
21
-68.6998905266925703
0
LINE
8
User.Drawings
6
CONTINUOUS
10
259.1770523191075881
20
-68.6998905266925703
11
259.1868422459296539
21
-68.7235248209654088
0
LINE
8
User.Drawings
6
CONTINUOUS
10
259.1868422459296539
20
-68.7235248209654088
11
259.1881019373798267
21
-68.7363158031299548
0
LINE
8
User.Drawings
6
CONTINUOUS
10
259.1881019373798267
20
-68.7363158031299548
11
259.1881019373798267
21
-85.2451876795679198
0
LINE
8
User.Drawings
6
CONTINUOUS
10
259.1881019373798267
20
-85.2451876795679198
11
267.2582710669609583
21
-85.2451876795679198
0
LINE
8
User.Drawings
6
CONTINUOUS
10
267.2582710669609583
20
-85.2451876795679198
11
267.2749976014563345
21
-85.2485148035508473
0
LINE
8
User.Drawings
6
CONTINUOUS
10
267.2749976014563345
20
-85.2485148035508473
11
267.2986528760170586
21
-85.2721700781115572
0
LINE
8
User.Drawings
6
CONTINUOUS
10
267.2986528760170586
20
-85.2721700781115572
11
267.3019800000000146
21
-85.288896612606905
0
LINE
8
User.Drawings
6
CONTINUOUS
10
267.3019800000000146
20
-85.288896612606905
11
267.3019800000000146
21
-101.8982911674266347
0
LINE
8
User.Drawings
6
CONTINUOUS
10
267.3019800000000146
20
-101.8982911674266347
11
267.2986528760170586
21
-101.9150177019219967
0
LINE
8
User.Drawings
6
CONTINUOUS
10
267.2986528760170586
20
-101.9150177019219967
11
267.2749976014563345
21
-101.9386729764827066
0
LINE
8
User.Drawings
6
CONTINUOUS
10
267.2749976014563345
20
-101.9386729764827066
11
267.2582710669609583
21
-101.9420001004656342
0
LINE
8
User.Drawings
6
CONTINUOUS
10
267.2582710669609583
20
-101.9420001004656342
11
265.6410405445180345
21
-101.9420001004656342
0
LINE
8
User.Drawings
6
CONTINUOUS
10
265.6410405445180345
20
-101.9420001004656342
11
265.6410405445180345
21
-118.5076857222463644
0
LINE
8
User.Drawings
6
CONTINUOUS
10
265.6410405445180345
20
-118.5076857222463644
11
265.6377134205350785
21
-118.5244122567417122
0
LINE
8
User.Drawings
6
CONTINUOUS
10
265.6377134205350785
20
-118.5244122567417122
11
265.6140581459744112
21
-118.5480675313024364
0
LINE
8
User.Drawings
6
CONTINUOUS
10
265.6140581459744112
20
-118.5480675313024364
11
265.597331611479035
21
-118.5513946552853497
0
LINE
8
User.Drawings
6
CONTINUOUS
10
265.597331611479035
20
-118.5513946552853497
11
257.4043403800582723
21
-118.5513946552853497
0
LINE
8
User.Drawings
6
CONTINUOUS
10
257.4043403800582723
20
-118.5513946552853497
11
257.4043403800582723
21
-118.6388046537554004
0
LINE
8
User.Drawings
6
CONTINUOUS
10
257.4043403800582723
20
-118.6388046537554004
11
257.4030806886080995
21
-118.6515956359199322
0
LINE
8
User.Drawings
6
CONTINUOUS
10
257.4030806886080995
20
-118.6515956359199322
11
257.3932907617859769
21
-118.6752299301927849
0
LINE
8
User.Drawings
6
CONTINUOUS
10
257.3932907617859769
20
-118.6752299301927849
11
257.3752022569371434
21
-118.6933184350416468
0
LINE
8
User.Drawings
6
CONTINUOUS
10
257.3752022569371434
20
-118.6933184350416468
11
257.3515679626643191
21
-118.7031083618637268
0
LINE
8
User.Drawings
6
CONTINUOUS
10
257.3515679626643191
20
-118.7031083618637268
11
257.3387769804997447
21
-118.7043680533138996
0
LINE
8
User.Drawings
6
CONTINUOUS
10
257.3387769804997447
20
-118.7043680533138996
11
240.6856734926410581
21
-118.7043680533138996
0
LINE
8
User.Drawings
6
CONTINUOUS
10
240.6856734926410581
20
-118.7043680533138996
11
240.6728825104765122
21
-118.7031083618637268
0
LINE
8
User.Drawings
6
CONTINUOUS
10
240.6728825104765122
20
-118.7031083618637268
11
240.6492482162036879
21
-118.6933184350416468
0
LINE
8
User.Drawings
6
CONTINUOUS
10
240.6492482162036879
20
-118.6933184350416468
11
240.6311597113547975
21
-118.6752299301927849
0
LINE
8
User.Drawings
6
CONTINUOUS
10
240.6311597113547975
20
-118.6752299301927849
11
240.6213697845327317
21
-118.6515956359199322
0
LINE
8
User.Drawings
6
CONTINUOUS
10
240.6213697845327317
20
-118.6515956359199322
11
240.6209711590634299
21
-118.6475464403632145
0
LINE
8
User.Drawings
6
CONTINUOUS
10
240.6209711590634299
20
-118.6475464403632145
11
224.0854578137595183
21
-118.6475464403632145
0
LINE
8
User.Drawings
6
CONTINUOUS
10
224.0854578137595183
20
-118.6475464403632145
11
224.0726668315950008
21
-118.6462867489130133
0
LINE
8
User.Drawings
6
CONTINUOUS
10
224.0726668315950008
20
-118.6462867489130133
11
224.0490325373221481
21
-118.6364968220909475
0
LINE
8
User.Drawings
6
CONTINUOUS
10
224.0490325373221481
20
-118.6364968220909475
11
224.0309440324732861
21
-118.6184083172420856
0
LINE
8
User.Drawings
6
CONTINUOUS
10
224.0309440324732861
20
-118.6184083172420856
11
224.0211541056512203
21
-118.5947740229692471
0
LINE
8
User.Drawings
6
CONTINUOUS
10
224.0211541056512203
20
-118.5947740229692471
11
224.0198944142010191
21
-118.5819830408047153
0
LINE
8
User.Drawings
6
CONTINUOUS
10
224.0198944142010191
20
-118.5819830408047153
11
224.0198944142010191
21
-101.9288795529459861
0
LINE
8
User.Drawings
6
CONTINUOUS
10
224.0198944142010191
20
-101.9288795529459861
11
224.0211541056512203
21
-101.9160885707814543
0
LINE
8
User.Drawings
6
CONTINUOUS
10
224.0211541056512203
20
-101.9160885707814543
11
224.0309440324732861
21
-101.8924542765086159
0
LINE
8
User.Drawings
6
CONTINUOUS
10
224.0309440324732861
20
-101.8924542765086159
11
224.0313846185183024
21
-101.8920128162849039
0
LINE
8
User.Drawings
6
CONTINUOUS
10
224.0313846185183024
20
-101.8920128162849039
11
224.0334634153736317
21
-101.8815646329312727
0
LINE
8
User.Drawings
6
CONTINUOUS
10
224.0334634153736317
20
-101.8815646329312727
11
224.0571186899343559
21
-101.8579093583705628
0
LINE
8
User.Drawings
6
CONTINUOUS
10
224.0571186899343559
20
-101.8579093583705628
11
224.0738452244297036
21
-101.8545822343876353
0
LINE
8
User.Drawings
6
CONTINUOUS
10
224.0738452244297036
20
-101.8545822343876353
11
225.658979403163471
21
-101.8545822343876353
0
LINE
8
User.Drawings
6
CONTINUOUS
10
225.658979403163471
20
-101.8545822343876353
11
225.658979403163471
21
-85.3194849981262706
0
LINE
8
User.Drawings
6
CONTINUOUS
10
225.658979403163471
20
-85.3194849981262706
11
225.6602390946137007
21
-85.3066940159617388
0
LINE
8
User.Drawings
6
CONTINUOUS
10
225.6602390946137007
20
-85.3066940159617388
11
225.6700290214357665
21
-85.2830597216888862
0
LINE
8
User.Drawings
6
CONTINUOUS
10
225.6700290214357665
20
-85.2830597216888862
11
225.6881175262846284
21
-85.2649712168400242
0
LINE
8
User.Drawings
6
CONTINUOUS
10
225.6881175262846284
20
-85.2649712168400242
11
225.6910757468726842
21
-85.2637456183576035
0
LINE
8
User.Drawings
6
CONTINUOUS
10
225.6910757468726842
20
-85.2637456183576035
11
225.6910757468726842
21
-68.7778768791994111
0
LINE
8
User.Drawings
6
CONTINUOUS
10
225.6910757468726842
20
-68.7778768791994111
11
222.5246966102669433
21
-66.8842537928629923
0
LINE
8
User.Drawings
6
CONTINUOUS
10
222.5246966102669433
20
-66.8842537928629923
11
224.8271957848953377
21
-83.2673873074490132
0
LINE
8
User.Drawings
6
CONTINUOUS
10
224.8271957848953377
20
-83.2673873074490132
11
224.8277281596997454
21
-83.2802289919758607
0
LINE
8
User.Drawings
6
CONTINUOUS
10
224.8277281596997454
20
-83.2802289919758607
11
224.8213230526522182
21
-83.3049962217930755
0
LINE
8
User.Drawings
6
CONTINUOUS
10
224.8213230526522182
20
-83.3049962217930755
11
224.8059278922572446
21
-83.3254257770955036
0
LINE
8
User.Drawings
6
CONTINUOUS
10
224.8059278922572446
20
-83.3254257770955036
11
224.7838863515043499
21
-83.3384099527440725
0
LINE
8
User.Drawings
6
CONTINUOUS
10
224.7838863515043499
20
-83.3384099527440725
11
224.7713952126204617
21
-83.3414372334463565
0
LINE
8
User.Drawings
6
CONTINUOUS
10
224.7713952126204617
20
-83.3414372334463565
11
223.1901703608576781
21
-83.5636630649818954
0
LINE
8
User.Drawings
6
CONTINUOUS
10
223.1901703608576781
20
-83.5636630649818954
11
225.4828297804803583
21
-99.8767818622687287
0
LINE
8
User.Drawings
6
CONTINUOUS
10
225.4828297804803583
20
-99.8767818622687287
11
225.483362155284766
21
-99.8896235467955904
0
LINE
8
User.Drawings
6
CONTINUOUS
10
225.483362155284766
20
-99.8896235467955904
11
225.4769570482372103
21
-99.9143907766128052
0
LINE
8
User.Drawings
6
CONTINUOUS
10
225.4769570482372103
20
-99.9143907766128052
11
225.4615618878422367
21
-99.9348203319152191
0
LINE
8
User.Drawings
6
CONTINUOUS
10
225.4615618878422367
20
-99.9348203319152191
11
225.4395203470893136
21
-99.9478045075638022
0
LINE
8
User.Drawings
6
CONTINUOUS
10
225.4395203470893136
20
-99.9478045075638022
11
225.4270292082054539
21
-99.950831788266072
0
LINE
8
User.Drawings
6
CONTINUOUS
10
225.4270292082054539
20
-99.950831788266072
11
225.3249924523832135
21
-99.9651718150175128
0
LINE
8
User.Drawings
6
CONTINUOUS
10
225.3249924523832135
20
-99.9651718150175128
11
225.3185401396879968
21
-99.9674254476049953
0
LINE
8
User.Drawings
6
CONTINUOUS
10
225.3185401396879968
20
-99.9674254476049953
11
221.2498836176088446
21
-100.5392370739437808
0
LINE
8
User.Drawings
6
CONTINUOUS
10
221.2498836176088446
20
-100.5392370739437808
11
223.5553812250437034
21
-116.9437066671034557
0
LINE
8
User.Drawings
6
CONTINUOUS
10
223.5553812250437034
20
-116.9437066671034557
11
223.5553820992223564
21
-116.9437075412821088
0
LINE
8
User.Drawings
6
CONTINUOUS
10
223.5553820992223564
20
-116.9437075412821088
11
223.561844902061523
21
-116.9896980806257574
0
LINE
8
User.Drawings
6
CONTINUOUS
10
223.561844902061523
20
-116.9896980806257574
11
223.5664072404921114
21
-116.9890573076673945
0
LINE
8
User.Drawings
6
CONTINUOUS
10
223.5664072404921114
20
-116.9890573076673945
11
223.5792393090537189
21
-116.9885249328629726
0
LINE
8
User.Drawings
6
CONTINUOUS
10
223.5792393090537189
20
-116.9885249328629726
11
223.5792489250189874
21
-116.9885240586843338
0
LINE
8
User.Drawings
6
CONTINUOUS
10
223.5792489250189874
20
-116.9885240586843338
11
223.604016154836188
21
-116.9949300399105141
0
LINE
8
User.Drawings
6
CONTINUOUS
10
223.604016154836188
20
-116.9949300399105141
11
223.6244457101386445
21
-117.0103252003055161
0
LINE
8
User.Drawings
6
CONTINUOUS
10
223.6244457101386445
20
-117.0103252003055161
11
223.637429885787185
21
-117.032366741058425
0
LINE
8
User.Drawings
6
CONTINUOUS
10
223.637429885787185
20
-117.032366741058425
11
223.6404571664894831
21
-117.0448578799423132
0
LINE
8
User.Drawings
6
CONTINUOUS
10
223.6404571664894831
20
-117.0448578799423132
11
225.9581207183464358
21
-133.5358947633430375
0
LINE
8
User.Drawings
6
CONTINUOUS
10
225.9581207183464358
20
-133.5358947633430375
11
225.9586530931508435
21
-133.5487364478699135
0
LINE
8
User.Drawings
6
CONTINUOUS
10
225.9586530931508435
20
-133.5487364478699135
11
225.9522479861033162
21
-133.5735036776871141
0
LINE
8
User.Drawings
6
CONTINUOUS
10
225.9522479861033162
20
-133.5735036776871141
11
225.9368528257083142
21
-133.5939332329895421
0
LINE
8
User.Drawings
6
CONTINUOUS
10
225.9368528257083142
20
-133.5939332329895421
11
225.9148112849553911
21
-133.6069174086381111
0
LINE
8
User.Drawings
6
CONTINUOUS
10
225.9148112849553911
20
-133.6069174086381111
11
225.9023201460715029
21
-133.6099446893403808
0
LINE
8
User.Drawings
6
CONTINUOUS
10
225.9023201460715029
20
-133.6099446893403808
11
209.4112832626707643
21
-135.9276082411973334
0
LINE
8
User.Drawings
6
CONTINUOUS
10
209.4112832626707643
20
-135.9276082411973334
11
209.3984415781439168
21
-135.9281414901804226
0
LINE
8
User.Drawings
6
CONTINUOUS
10
209.3984415781439168
20
-135.9281414901804226
11
209.3736743483267162
21
-135.9217355089542139
0
LINE
8
User.Drawings
6
CONTINUOUS
10
209.3736743483267162
20
-135.9217355089542139
11
209.3532447930242597
21
-135.9063403485592119
0
LINE
8
User.Drawings
6
CONTINUOUS
10
209.3532447930242597
20
-135.9063403485592119
11
209.3402606173757192
21
-135.8842988078063456
0
LINE
8
User.Drawings
6
CONTINUOUS
10
209.3402606173757192
20
-135.8842988078063456
11
209.337233336673421
21
-135.8718076689224574
0
LINE
8
User.Drawings
6
CONTINUOUS
10
209.337233336673421
20
-135.8718076689224574
11
209.3293193972573647
21
-135.8154983246669758
0
LINE
8
User.Drawings
6
CONTINUOUS
10
209.3293193972573647
20
-135.8154983246669758
11
188.8281566240099778
21
-138.6967492300220783
0
LINE
8
User.Drawings
6
CONTINUOUS
10
188.8281566240099778
20
-138.6967492300220783
11
188.8153149394831587
21
-138.6972824790051391
0
LINE
8
User.Drawings
6
CONTINUOUS
10
188.8153149394831587
20
-138.6972824790051391
11
188.7905477096659297
21
-138.6908764977789588
0
LINE
8
User.Drawings
6
CONTINUOUS
10
188.7905477096659297
20
-138.6908764977789588
11
188.7701181543635016
21
-138.6754813373839568
0
LINE
8
User.Drawings
6
CONTINUOUS
10
188.7701181543635016
20
-138.6754813373839568
11
188.7571339787149327
21
-138.6534397966310621
0
LINE
8
User.Drawings
6
CONTINUOUS
10
188.7571339787149327
20
-138.6534397966310621
11
188.7565718818360381
21
-138.6511232231799795
0
LINE
8
User.Drawings
6
CONTINUOUS
10
188.7565718818360381
20
-138.6511232231799795
11
155.9268132565315454
21
-143.2650460623846982
0
LINE
8
User.Drawings
6
CONTINUOUS
10
155.9268132565315454
20
-143.2650460623846982
11
155.9097903754701804
21
-143.2640792207858738
0
LINE
8
User.Drawings
6
CONTINUOUS
10
155.9097903754701804
20
-143.2640792207858738
11
155.9097860045768869
21
-143.2640800949645268
0
LINE
8
User.Drawings
6
CONTINUOUS
10
155.9097860045768869
20
-143.2640800949645268
11
155.8945499446981557
21
-143.2525977582551775
0
LINE
8
User.Drawings
6
CONTINUOUS
10
155.8945499446981557
20
-143.2525977582551775
11
155.8830684821674879
21
-143.243946886228116
0
LINE
8
User.Drawings
6
CONTINUOUS
10
155.8830684821674879
20
-143.243946886228116
11
155.8830676079888065
21
-143.2439425153348225
0
LINE
8
User.Drawings
6
CONTINUOUS
10
155.8830676079888065
20
-143.2439425153348225
11
155.8774466392000022
21
-143.2278462636538734
0
LINE
8
User.Drawings
6
CONTINUOUS
10
155.8774466392000022
20
-143.2278462636538734
11
153.5658656224647416
21
-126.7800934624629861
0
LINE
8
User.Drawings
6
CONTINUOUS
10
153.5658656224647416
20
-126.7800934624629861
11
153.566832464063566
21
-126.7630662105083132
0
LINE
8
User.Drawings
6
CONTINUOUS
10
153.566832464063566
20
-126.7630662105083132
11
153.5869647986213238
21
-126.7363486880988859
0
LINE
8
User.Drawings
6
CONTINUOUS
10
153.5869647986213238
20
-126.7363486880988859
11
153.6030654211955948
21
-126.7307268451314144
0
LINE
8
User.Drawings
6
CONTINUOUS
10
153.6030654211955948
20
-126.7307268451314144
11
157.4309565307013941
21
-126.1927511780367865
0
LINE
8
User.Drawings
6
CONTINUOUS
10
157.4309565307013941
20
-126.1927511780367865
11
155.1224674838893236
21
-109.7669909635938268
0
LINE
8
User.Drawings
6
CONTINUOUS
10
155.1224674838893236
20
-109.7669909635938268
11
155.1219342349062629
21
-109.7541492790669651
0
LINE
8
User.Drawings
6
CONTINUOUS
10
155.1219342349062629
20
-109.7541492790669651
11
155.1283402161324432
21
-109.729382049249736
0
LINE
8
User.Drawings
6
CONTINUOUS
10
155.1283402161324432
20
-109.729382049249736
11
155.1437353765274452
21
-109.708952493947308
0
LINE
8
User.Drawings
6
CONTINUOUS
10
155.1437353765274452
20
-109.708952493947308
11
155.1657769172803398
21
-109.6959683182987533
0
LINE
8
User.Drawings
6
CONTINUOUS
10
155.1657769172803398
20
-109.6959683182987533
11
155.178268056164228
21
-109.6929410375964551
0
LINE
8
User.Drawings
6
CONTINUOUS
10
155.178268056164228
20
-109.6929410375964551
11
159.3799649544488375
21
-109.1024307297035989
0
LINE
8
User.Drawings
6
CONTINUOUS
10
159.3799649544488375
20
-109.1024307297035989
11
157.0711865545000592
21
-92.6746126986931529
0
LINE
8
User.Drawings
6
CONTINUOUS
10
157.0711865545000592
20
-92.6746126986931529
11
157.07065330551697
21
-92.6617710141662911
0
LINE
8
User.Drawings
6
CONTINUOUS
10
157.07065330551697
20
-92.6617710141662911
11
157.0770592867431787
21
-92.6370037843490763
0
LINE
8
User.Drawings
6
CONTINUOUS
10
157.0770592867431787
20
-92.6370037843490763
11
157.0924544471381807
21
-92.6165742290466483
0
LINE
8
User.Drawings
6
CONTINUOUS
10
157.0924544471381807
20
-92.6165742290466483
11
157.1144959878911038
21
-92.6035900533980794
0
LINE
8
User.Drawings
6
CONTINUOUS
10
157.1144959878911038
20
-92.6035900533980794
11
157.126987126774992
21
-92.6005627726958096
0
LINE
8
User.Drawings
6
CONTINUOUS
10
157.126987126774992
20
-92.6005627726958096
11
158.7082111043590942
21
-92.3783360669815892
0
LINE
8
User.Drawings
6
CONTINUOUS
10
158.7082111043590942
20
-92.3783360669815892
11
156.415552558915067
21
-76.0652181438734374
0
LINE
8
User.Drawings
6
CONTINUOUS
10
156.415552558915067
20
-76.0652181438734374
11
156.4150193099320063
21
-76.0523764593465756
0
LINE
8
User.Drawings
6
CONTINUOUS
10
156.4150193099320063
20
-76.0523764593465756
11
156.4214252911581866
21
-76.0276092295293608
0
LINE
8
User.Drawings
6
CONTINUOUS
10
156.4214252911581866
20
-76.0276092295293608
11
156.4368204515531886
21
-76.0071796742269328
0
LINE
8
User.Drawings
6
CONTINUOUS
10
156.4368204515531886
20
-76.0071796742269328
11
156.4588619923061117
21
-75.9941954985783639
0
LINE
8
User.Drawings
6
CONTINUOUS
10
156.4588619923061117
20
-75.9941954985783639
11
156.4713531311899999
21
-75.9911682178760941
0
LINE
8
User.Drawings
6
CONTINUOUS
10
156.4713531311899999
20
-75.9911682178760941
11
172.9623900145907385
21
-73.6735046660191273
0
LINE
8
User.Drawings
6
CONTINUOUS
10
172.9623900145907385
20
-73.6735046660191273
11
172.9627956334893213
21
-73.6734871824459105
0
LINE
8
User.Drawings
6
CONTINUOUS
10
172.9627956334893213
20
-73.6734871824459105
11
189.4529504706213459
21
-71.3559477639587953
0
LINE
8
User.Drawings
6
CONTINUOUS
10
189.4529504706213459
20
-71.3559477639587953
11
189.4534146594902211
21
-71.3558358690902139
0
LINE
8
User.Drawings
6
CONTINUOUS
10
189.4534146594902211
20
-71.3558358690902139
11
205.9444515428909597
21
-69.0381723172332613
0
LINE
8
User.Drawings
6
CONTINUOUS
10
205.9444515428909597
20
-69.0381723172332613
11
205.9448571617895709
21
-69.0381548336600446
0
LINE
8
User.Drawings
6
CONTINUOUS
10
205.9448571617895709
20
-69.0381548336600446
11
222.4354823070410418
21
-66.7205498517733702
0
LINE
8
User.Drawings
6
CONTINUOUS
10
222.4354823070410418
20
-66.7205498517733702
11
222.4483143756026493
21
-66.7200174769689482
0
LINE
8
User.Drawings
6
CONTINUOUS
10
222.4483143756026493
20
-66.7200174769689482
11
222.4483239915678894
21
-66.720016602790281
0
LINE
8
User.Drawings
6
CONTINUOUS
10
222.4483239915678894
20
-66.720016602790281
11
222.4730912213851468
21
-66.7264225840164897
0
LINE
8
User.Drawings
6
CONTINUOUS
10
174.0056811598345803
20
-123.9960520983652685
11
174.0052178451443581
21
-123.996164867412503
0
LINE
8
User.Drawings
6
CONTINUOUS
10
174.0052178451443581
20
-123.996164867412503
11
157.5141809617436195
21
-126.3138284192694556
0
LINE
8
User.Drawings
6
CONTINUOUS
10
157.5141809617436195
20
-126.3138284192694556
11
157.501339277216772
21
-126.3143616682525305
0
LINE
8
User.Drawings
6
CONTINUOUS
10
157.501339277216772
20
-126.3143616682525305
11
157.476572047399543
21
-126.3079556870263502
0
LINE
8
User.Drawings
6
CONTINUOUS
10
157.476572047399543
20
-126.3079556870263502
11
157.4561424920971433
21
-126.2925605266313482
0
LINE
8
User.Drawings
6
CONTINUOUS
10
157.4561424920971433
20
-126.2925605266313482
11
157.4479426962590196
21
-126.2786401056370806
0
LINE
8
User.Drawings
6
CONTINUOUS
10
157.4479426962590196
20
-126.2786401056370806
11
153.6585145736488585
21
-126.8112098518934516
0
LINE
8
User.Drawings
6
CONTINUOUS
10
153.6585145736488585
20
-126.8112098518934516
11
155.9579296459620252
21
-143.1723962370219283
0
LINE
8
User.Drawings
6
CONTINUOUS
10
155.9579296459620252
20
-143.1723962370219283
11
188.7433901418101527
21
-138.5647001724179574
0
LINE
8
User.Drawings
6
CONTINUOUS
10
188.7433901418101527
20
-138.5647001724179574
11
186.4501013135517269
21
-122.2471029578519364
0
LINE
8
User.Drawings
6
CONTINUOUS
10
186.4501013135517269
20
-122.2471029578519364
11
174.0056811598345803
21
-123.9960520983652685
0
LINE
8
User.Drawings
6
CONTINUOUS
10
206.9872732541939513
20
-119.3608736050236985
11
206.9868667611167155
21
-119.360890214418248
0
LINE
8
User.Drawings
6
CONTINUOUS
10
206.9868667611167155
20
-119.360890214418248
11
190.4962424900438407
21
-121.6784960704835896
0
LINE
8
User.Drawings
6
CONTINUOUS
10
190.4962424900438407
20
-121.6784960704835896
11
190.4958359969666049
21
-121.6785126798781391
0
LINE
8
User.Drawings
6
CONTINUOUS
10
190.4958359969666049
20
-121.6785126798781391
11
186.5799518118239746
21
-122.2288536041294975
0
LINE
8
User.Drawings
6
CONTINUOUS
10
186.5799518118239746
20
-122.2288536041294975
11
188.8732406400824004
21
-138.5464508186955186
0
LINE
8
User.Drawings
6
CONTINUOUS
10
188.8732406400824004
20
-138.5464508186955186
11
209.3094781641936493
21
-135.6743245902016213
0
LINE
8
User.Drawings
6
CONTINUOUS
10
209.3094781641936493
20
-135.6743245902016213
11
207.0195697848164684
21
-119.3807707855217046
0
LINE
8
User.Drawings
6
CONTINUOUS
10
207.0195697848164684
20
-119.3807707855217046
11
207.0190365358334077
21
-119.3679291009948429
0
LINE
8
User.Drawings
6
CONTINUOUS
10
207.0190365358334077
20
-119.3679291009948429
11
207.0221276315779164
21
-119.3559747078086843
0
LINE
8
User.Drawings
6
CONTINUOUS
10
207.0221276315779164
20
-119.3559747078086843
11
206.9872732541939513
21
-119.3608736050236985
0
LINE
8
User.Drawings
6
CONTINUOUS
10
209.4981862375175865
20
-135.7360800675137682
11
209.4982841455276059
21
-135.7384517142204459
0
LINE
8
User.Drawings
6
CONTINUOUS
10
209.4982841455276059
20
-135.7384517142204459
11
209.498285893884912
21
-135.7384613301857428
0
LINE
8
User.Drawings
6
CONTINUOUS
10
209.498285893884912
20
-135.7384613301857428
11
209.4918807868373563
21
-135.7632285600029434
0
LINE
8
User.Drawings
6
CONTINUOUS
10
209.4918807868373563
20
-135.7632285600029434
11
209.4764856264423543
21
-135.7836581153053714
0
LINE
8
User.Drawings
6
CONTINUOUS
10
209.4764856264423543
20
-135.7836581153053714
11
209.4711985939019883
21
-135.7867719396950577
0
LINE
8
User.Drawings
6
CONTINUOUS
10
209.4711985939019883
20
-135.7867719396950577
11
225.819145543212926
21
-133.4892179937507137
0
LINE
8
User.Drawings
6
CONTINUOUS
10
225.819145543212926
20
-133.4892179937507137
11
225.8126818661951347
21
-133.4432274544070651
0
LINE
8
User.Drawings
6
CONTINUOUS
10
225.8126818661951347
20
-133.4432274544070651
11
209.4981862375175865
21
-135.7360800675137682
0
LINE
8
User.Drawings
6
CONTINUOUS
10
207.2062506378260593
20
-119.4207417306072045
11
209.487036088699341
21
-135.6493711603296504
0
LINE
8
User.Drawings
6
CONTINUOUS
10
209.487036088699341
20
-135.6493711603296504
11
225.7743132905948471
21
-133.3603430788638775
0
LINE
8
User.Drawings
6
CONTINUOUS
10
225.7743132905948471
20
-133.3603430788638775
11
223.493527839721537
21
-117.1317145233200847
0
LINE
8
User.Drawings
6
CONTINUOUS
10
223.493527839721537
20
-117.1317145233200847
11
207.2062506378260593
21
-119.4207417306072045
0
LINE
8
User.Drawings
6
CONTINUOUS
10
155.2614417848441519
20
-109.8136668590074976
11
157.5608070289736702
21
-126.1745018243143477
0
LINE
8
User.Drawings
6
CONTINUOUS
10
157.5608070289736702
20
-126.1745018243143477
11
157.6717201949174409
21
-126.1589143446139758
0
LINE
8
User.Drawings
6
CONTINUOUS
10
157.6717201949174409
20
-126.1589143446139758
11
155.3723549507879227
21
-109.7980785051284727
0
LINE
8
User.Drawings
6
CONTINUOUS
10
155.3723549507879227
20
-109.7980785051284727
11
155.2614417848441519
21
-109.8136668590074976
0
LINE
8
User.Drawings
6
CONTINUOUS
10
155.4589213668503476
20
-109.7859125607064072
11
157.7582866109798374
21
-126.1467475260132289
0
LINE
8
User.Drawings
6
CONTINUOUS
10
157.7582866109798374
20
-126.1467475260132289
11
173.9219934141021326
21
-123.8750867520011809
0
LINE
8
User.Drawings
6
CONTINUOUS
10
173.9219934141021326
20
-123.8750867520011809
11
171.6226281699726144
21
-107.5142517866943308
0
LINE
8
User.Drawings
6
CONTINUOUS
10
171.6226281699726144
20
-107.5142517866943308
11
155.4589213668503476
21
-109.7859125607064072
0
LINE
8
User.Drawings
6
CONTINUOUS
10
171.7524725489942625
20
-107.4959569756815227
11
174.0518439123744088
21
-123.8568373982787421
0
LINE
8
User.Drawings
6
CONTINUOUS
10
174.0518439123744088
20
-123.8568373982787421
11
174.1194729961083283
21
-123.8473324537000764
0
LINE
8
User.Drawings
6
CONTINUOUS
10
174.1194729961083283
20
-123.8473324537000764
11
171.8201007585495006
21
-107.4864520311028571
0
LINE
8
User.Drawings
6
CONTINUOUS
10
171.8201007585495006
20
-107.4864520311028571
11
171.7524725489942625
21
-107.4959569756815227
0
LINE
8
User.Drawings
6
CONTINUOUS
10
171.9066671746119255
20
-107.4742860866807916
11
174.2060394121706963
21
-123.8351665092779967
0
LINE
8
User.Drawings
6
CONTINUOUS
10
174.2060394121706963
20
-123.8351665092779967
11
184.2430738130030932
21
-122.4245533583823402
0
LINE
8
User.Drawings
6
CONTINUOUS
10
184.2430738130030932
20
-122.4245533583823402
11
186.4414644283832274
21
-122.1155897717668779
0
LINE
8
User.Drawings
6
CONTINUOUS
10
186.4414644283832274
20
-122.1155897717668779
11
186.4423150042201485
21
-122.1123028600023446
0
LINE
8
User.Drawings
6
CONTINUOUS
10
186.4423150042201485
20
-122.1123028600023446
11
186.4577101646151505
21
-122.0918733046999165
0
LINE
8
User.Drawings
6
CONTINUOUS
10
186.4577101646151505
20
-122.0918733046999165
11
186.4797517053680735
21
-122.0788891290513476
0
LINE
8
User.Drawings
6
CONTINUOUS
10
186.4797517053680735
20
-122.0788891290513476
11
186.4922428442519617
21
-122.0758618483490778
0
LINE
8
User.Drawings
6
CONTINUOUS
10
186.4922428442519617
20
-122.0758618483490778
11
190.4085274032211714
21
-121.5254632283061085
0
LINE
8
User.Drawings
6
CONTINUOUS
10
190.4085274032211714
20
-121.5254632283061085
11
188.113647569800122
21
-105.1965436517256762
0
LINE
8
User.Drawings
6
CONTINUOUS
10
188.113647569800122
20
-105.1965436517256762
11
171.9066671746119255
21
-107.4742860866807916
0
LINE
8
User.Drawings
6
CONTINUOUS
10
188.2435155516456291
20
-105.1783327618643114
11
190.5383892658160221
21
-121.5072130004049882
0
LINE
8
User.Drawings
6
CONTINUOUS
10
190.5383892658160221
20
-121.5072130004049882
11
190.5627342673400904
21
-121.5037914651266959
0
LINE
8
User.Drawings
6
CONTINUOUS
10
190.5627342673400904
20
-121.5037914651266959
11
188.2678605531696974
21
-105.1749112265860049
0
LINE
8
User.Drawings
6
CONTINUOUS
10
188.2678605531696974
20
-105.1749112265860049
11
188.2435155516456291
21
-105.1783327618643114
0
LINE
8
User.Drawings
6
CONTINUOUS
10
188.3544269692320654
20
-105.1627452821639395
11
190.6493015575811398
21
-121.4916246465259775
0
LINE
8
User.Drawings
6
CONTINUOUS
10
190.6493015575811398
20
-121.4916246465259775
11
206.899552048120654
21
-119.2078014248064761
0
LINE
8
User.Drawings
6
CONTINUOUS
10
206.899552048120654
20
-119.2078014248064761
11
204.6046783339502326
21
-102.8789211862657709
0
LINE
8
User.Drawings
6
CONTINUOUS
10
204.6046783339502326
20
-102.8789211862657709
11
188.3544269692320654
21
-105.1627452821639395
0
LINE
8
User.Drawings
6
CONTINUOUS
10
204.8021850154948993
20
-102.8512036034684343
11
207.0970534845933742
21
-119.1800445039693841
0
LINE
8
User.Drawings
6
CONTINUOUS
10
207.0970534845933742
20
-119.1800445039693841
11
207.1060382928688739
21
-119.1787821899832096
0
LINE
8
User.Drawings
6
CONTINUOUS
10
207.1060382928688739
20
-119.1787821899832096
11
207.1188791032170684
21
-119.1782489410001489
0
LINE
8
User.Drawings
6
CONTINUOUS
10
207.1188791032170684
20
-119.1782489410001489
11
207.1188799773957214
21
-119.1782489410001489
0
LINE
8
User.Drawings
6
CONTINUOUS
10
207.1188799773957214
20
-119.1782489410001489
11
207.1188808515743744
21
-119.1782489410001489
0
LINE
8
User.Drawings
6
CONTINUOUS
10
207.1188808515743744
20
-119.1782489410001489
11
207.1351300845209664
21
-119.1824519920011767
0
LINE
8
User.Drawings
6
CONTINUOUS
10
207.1351300845209664
20
-119.1824519920011767
11
207.1436472072129504
21
-119.1846549222263292
0
LINE
8
User.Drawings
6
CONTINUOUS
10
207.1436472072129504
20
-119.1846549222263292
11
207.1640767625153785
21
-119.2000500826213312
0
LINE
8
User.Drawings
6
CONTINUOUS
10
207.1640767625153785
20
-119.2000500826213312
11
207.1657997686557735
21
-119.2029750844203022
0
LINE
8
User.Drawings
6
CONTINUOUS
10
207.1657997686557735
20
-119.2029750844203022
11
223.3950813356591709
21
-116.9220978447876433
0
LINE
8
User.Drawings
6
CONTINUOUS
10
223.3950813356591709
20
-116.9220978447876433
11
221.0957204624229462
21
-100.5612969724485737
0
LINE
8
User.Drawings
6
CONTINUOUS
10
221.0957204624229462
20
-100.5612969724485737
11
204.8021850154948993
21
-102.8512036034684343
0
LINE
8
User.Drawings
6
CONTINUOUS
10
240.8041247011767609
20
-118.5513946552853497
11
240.8041247011767609
21
-118.5732412541969012
0
LINE
8
User.Drawings
6
CONTINUOUS
10
240.8041247011767609
20
-118.5732412541969012
11
257.2732135809412739
21
-118.5732412541969012
0
LINE
8
User.Drawings
6
CONTINUOUS
10
257.2732135809412739
20
-118.5732412541969012
11
257.2732135809412739
21
-118.5513946552853497
0
LINE
8
User.Drawings
6
CONTINUOUS
10
257.2732135809412739
20
-118.5513946552853497
11
240.8041247011767609
21
-118.5513946552853497
0
LINE
8
User.Drawings
6
CONTINUOUS
10
240.8041247011767609
20
-102.0512645654551847
11
240.8041247011767609
21
-118.4639767892073507
0
LINE
8
User.Drawings
6
CONTINUOUS
10
240.8041247011767609
20
-118.4639767892073507
11
257.2732135809412739
21
-118.4639767892073507
0
LINE
8
User.Drawings
6
CONTINUOUS
10
257.2732135809412739
20
-118.4639767892073507
11
257.2732135809412739
21
-102.1069497461468671
0
LINE
8
User.Drawings
6
CONTINUOUS
10
257.2732135809412739
20
-102.1069497461468671
11
242.4169843303158132
21
-102.1069497461468671
0
LINE
8
User.Drawings
6
CONTINUOUS
10
242.4169843303158132
20
-102.1069497461468671
11
242.4041933481512956
21
-102.1056900546966943
0
LINE
8
User.Drawings
6
CONTINUOUS
10
242.4041933481512956
20
-102.1056900546966943
11
242.3805590538784429
21
-102.0959001278746143
0
LINE
8
User.Drawings
6
CONTINUOUS
10
242.3805590538784429
20
-102.0959001278746143
11
242.362470549029581
21
-102.0778116230257524
0
LINE
8
User.Drawings
6
CONTINUOUS
10
242.362470549029581
20
-102.0778116230257524
11
242.3526806222075152
21
-102.0541773287528997
0
LINE
8
User.Drawings
6
CONTINUOUS
10
242.3526806222075152
20
-102.0541773287528997
11
242.3523938916067664
21
-102.0512645654551847
0
LINE
8
User.Drawings
6
CONTINUOUS
10
242.3523938916067664
20
-102.0512645654551847
11
240.8041247011767609
21
-102.0512645654551847
0
LINE
8
User.Drawings
6
CONTINUOUS
10
259.1356512177330274
20
-101.9420001004656342
11
259.1356512177330274
21
-102.0413863465883679
0
LINE
8
User.Drawings
6
CONTINUOUS
10
259.1356512177330274
20
-102.0413863465883679
11
259.1343915262828546
21
-102.0541773287528997
0
LINE
8
User.Drawings
6
CONTINUOUS
10
259.1343915262828546
20
-102.0541773287528997
11
259.1246015994607887
21
-102.0778116230257524
0
LINE
8
User.Drawings
6
CONTINUOUS
10
259.1246015994607887
20
-102.0778116230257524
11
259.1065130946118984
21
-102.0959001278746143
0
LINE
8
User.Drawings
6
CONTINUOUS
10
259.1065130946118984
20
-102.0959001278746143
11
259.0828788003390741
21
-102.1056900546966943
0
LINE
8
User.Drawings
6
CONTINUOUS
10
259.0828788003390741
20
-102.1056900546966943
11
259.0700878181745566
21
-102.1069497461468671
0
LINE
8
User.Drawings
6
CONTINUOUS
10
259.0700878181745566
20
-102.1069497461468671
11
257.4043403800582723
21
-102.1069497461468671
0
LINE
8
User.Drawings
6
CONTINUOUS
10
257.4043403800582723
20
-102.1069497461468671
11
257.4043403800582723
21
-118.4639767892073507
0
LINE
8
User.Drawings
6
CONTINUOUS
10
257.4043403800582723
20
-118.4639767892073507
11
265.5536226784400355
21
-118.4639767892073507
0
LINE
8
User.Drawings
6
CONTINUOUS
10
265.5536226784400355
20
-118.4639767892073507
11
265.5536226784400355
21
-101.9420001004656342
0
LINE
8
User.Drawings
6
CONTINUOUS
10
265.5536226784400355
20
-101.9420001004656342
11
259.1356512177330274
21
-101.9420001004656342
0
LINE
8
User.Drawings
6
CONTINUOUS
10
224.1510212133180175
20
-101.9944429525044853
11
224.1510212133180175
21
-118.4639767892073507
0
LINE
8
User.Drawings
6
CONTINUOUS
10
224.1510212133180175
20
-118.4639767892073507
11
240.6201100930825589
21
-118.4639767892073507
0
LINE
8
User.Drawings
6
CONTINUOUS
10
240.6201100930825589
20
-118.4639767892073507
11
240.6201100930825589
21
-102.0381518855434848
0
LINE
8
User.Drawings
6
CONTINUOUS
10
240.6201100930825589
20
-102.0381518855434848
11
225.7245428027219987
21
-102.0381518855434848
0
LINE
8
User.Drawings
6
CONTINUOUS
10
225.7245428027219987
20
-102.0381518855434848
11
225.7117518205574527
21
-102.0368921940932978
0
LINE
8
User.Drawings
6
CONTINUOUS
10
225.7117518205574527
20
-102.0368921940932978
11
225.6881175262846284
21
-102.027102267271232
0
LINE
8
User.Drawings
6
CONTINUOUS
10
225.6881175262846284
20
-102.027102267271232
11
225.6700290214357665
21
-102.0090137624223701
0
LINE
8
User.Drawings
6
CONTINUOUS
10
225.6700290214357665
20
-102.0090137624223701
11
225.6639936919617355
21
-101.9944429525044853
0
LINE
8
User.Drawings
6
CONTINUOUS
10
225.6639936919617355
20
-101.9944429525044853
11
224.1510212133180175
21
-101.9944429525044853
0
LINE
8
User.Drawings
6
CONTINUOUS
10
158.8072660367693913
20
-92.6120555995490804
11
158.7944243522425154
21
-92.6125888485321553
0
LINE
8
User.Drawings
6
CONTINUOUS
10
158.7944243522425154
20
-92.6125888485321553
11
158.7696571224253148
21
-92.6061828673059608
0
LINE
8
User.Drawings
6
CONTINUOUS
10
158.7696571224253148
20
-92.6061828673059608
11
158.7492275671228583
21
-92.5907877069109588
0
LINE
8
User.Drawings
6
CONTINUOUS
10
158.7492275671228583
20
-92.5907877069109588
11
158.7362433914742894
21
-92.5687461661580642
0
LINE
8
User.Drawings
6
CONTINUOUS
10
158.7362433914742894
20
-92.5687461661580642
11
158.7332161107720481
21
-92.556255027274176
0
LINE
8
User.Drawings
6
CONTINUOUS
10
158.7332161107720481
20
-92.556255027274176
11
158.7327335641512889
21
-92.5528247502092682
0
LINE
8
User.Drawings
6
CONTINUOUS
10
158.7327335641512889
20
-92.5528247502092682
11
157.2592285036844544
21
-92.7599124298760813
0
LINE
8
User.Drawings
6
CONTINUOUS
10
157.2592285036844544
20
-92.7599124298760813
11
159.5523695957492123
21
-109.076460630049155
0
LINE
8
User.Drawings
6
CONTINUOUS
10
159.5523695957492123
20
-109.076460630049155
11
175.8707500743952892
21
-106.783061655279468
0
LINE
8
User.Drawings
6
CONTINUOUS
10
175.8707500743952892
20
-106.783061655279468
11
173.5872162058124957
21
-90.5348689813074259
0
LINE
8
User.Drawings
6
CONTINUOUS
10
173.5872162058124957
20
-90.5348689813074259
11
158.8072660367693913
21
-92.6120555995490804
0
LINE
8
User.Drawings
6
CONTINUOUS
10
175.2982968009195019
20
-90.2944331340891893
11
175.2978903078422093
21
-90.2944497434837388
0
LINE
8
User.Drawings
6
CONTINUOUS
10
175.2978903078422093
20
-90.2944497434837388
11
173.7170780684073463
21
-90.5166178792276668
0
LINE
8
User.Drawings
6
CONTINUOUS
10
173.7170780684073463
20
-90.5166178792276668
11
176.0006180562407678
21
-106.7648507654180889
0
LINE
8
User.Drawings
6
CONTINUOUS
10
176.0006180562407678
20
-106.7648507654180889
11
192.3613157754978431
21
-104.4655047532191219
0
LINE
8
User.Drawings
6
CONTINUOUS
10
192.3613157754978431
20
-104.4655047532191219
11
190.077781032736425
21
-88.2173120792470797
0
LINE
8
User.Drawings
6
CONTINUOUS
10
190.077781032736425
20
-88.2173120792470797
11
175.2982968009195019
21
-90.2944331340891893
0
LINE
8
User.Drawings
6
CONTINUOUS
10
191.7897969990104343
20
-87.976656813184988
11
191.7893336843202405
21
-87.9767695822322366
0
LINE
8
User.Drawings
6
CONTINUOUS
10
191.7893336843202405
20
-87.9767695822322366
11
190.20810970673611
21
-88.1989954137677614
0
LINE
8
User.Drawings
6
CONTINUOUS
10
190.20810970673611
20
-88.1989954137677614
11
192.4916374560682755
21
-104.4471426304494344
0
LINE
8
User.Drawings
6
CONTINUOUS
10
192.4916374560682755
20
-104.4471426304494344
11
208.8090615832594494
21
-102.1538782791935205
0
LINE
8
User.Drawings
6
CONTINUOUS
10
208.8090615832594494
20
-102.1538782791935205
11
206.5255268404980313
21
-85.9056856052214783
0
LINE
8
User.Drawings
6
CONTINUOUS
10
206.5255268404980313
20
-85.9056856052214783
11
191.7897969990104343
21
-87.976656813184988
0
LINE
8
User.Drawings
6
CONTINUOUS
10
208.2803583292197231
20
-85.6591007853033091
11
208.2799518361424305
21
-85.6591173946978586
0
LINE
8
User.Drawings
6
CONTINUOUS
10
208.2799518361424305
20
-85.6591173946978586
11
206.6991395967075675
21
-85.8812855304417866
0
LINE
8
User.Drawings
6
CONTINUOUS
10
206.6991395967075675
20
-85.8812855304417866
11
208.982679584540989
21
-102.1295184166322372
0
LINE
8
User.Drawings
6
CONTINUOUS
10
208.982679584540989
20
-102.1295184166322372
11
225.2568213778796178
21
-99.8423374746766683
0
LINE
8
User.Drawings
6
CONTINUOUS
10
225.2568213778796178
20
-99.8423374746766683
11
222.9732866351181713
21
-83.5941448007046404
0
LINE
8
User.Drawings
6
CONTINUOUS
10
222.9732866351181713
20
-83.5941448007046404
11
208.2803583292197231
21
-85.6591007853033091
0
LINE
8
User.Drawings
6
CONTINUOUS
10
257.3860149727923385
20
-101.9420001004656342
11
257.3932907617859769
21
-101.949275889459301
0
LINE
8
User.Drawings
6
CONTINUOUS
10
257.3932907617859769
20
-101.949275889459301
11
257.4030806886080995
21
-101.9729101837321537
0
LINE
8
User.Drawings
6
CONTINUOUS
10
257.4030806886080995
20
-101.9729101837321537
11
257.4033674192087915
21
-101.9758229470298687
0
LINE
8
User.Drawings
6
CONTINUOUS
10
257.4033674192087915
20
-101.9758229470298687
11
259.0045244186160289
21
-101.9758229470298687
0
LINE
8
User.Drawings
6
CONTINUOUS
10
259.0045244186160289
20
-101.9758229470298687
11
259.0045244186160289
21
-101.9420001004656342
0
LINE
8
User.Drawings
6
CONTINUOUS
10
259.0045244186160289
20
-101.9420001004656342
11
257.3860149727923385
21
-101.9420001004656342
0
LINE
8
User.Drawings
6
CONTINUOUS
10
259.1881019373798267
20
-85.3326055456459187
11
259.1881019373798267
21
-85.3894192909886698
0
LINE
8
User.Drawings
6
CONTINUOUS
10
259.1881019373798267
20
-85.3894192909886698
11
259.1868422459296539
21
-85.4022102731532016
0
LINE
8
User.Drawings
6
CONTINUOUS
10
259.1868422459296539
20
-85.4022102731532016
11
259.1770523191075881
21
-85.4258445674260543
0
LINE
8
User.Drawings
6
CONTINUOUS
10
259.1770523191075881
20
-85.4258445674260543
11
259.1589638142586978
21
-85.443933072274902
0
LINE
8
User.Drawings
6
CONTINUOUS
10
259.1589638142586978
20
-85.443933072274902
11
259.1356512177330274
21
-85.4535892497618761
0
LINE
8
User.Drawings
6
CONTINUOUS
10
259.1356512177330274
20
-85.4535892497618761
11
259.1356512177330274
21
-101.8545822343876353
0
LINE
8
User.Drawings
6
CONTINUOUS
10
259.1356512177330274
20
-101.8545822343876353
11
265.597331611479035
21
-101.8545822343876353
0
LINE
8
User.Drawings
6
CONTINUOUS
10
265.597331611479035
20
-101.8545822343876353
11
267.2145621339220156
21
-101.8545822343876353
0
LINE
8
User.Drawings
6
CONTINUOUS
10
267.2145621339220156
20
-101.8545822343876353
11
267.2145621339220156
21
-85.3326055456459187
0
LINE
8
User.Drawings
6
CONTINUOUS
10
267.2145621339220156
20
-85.3326055456459187
11
259.1881019373798267
21
-85.3326055456459187
0
LINE
8
User.Drawings
6
CONTINUOUS
10
242.4825477298743124
20
-85.454982690547169
11
242.4825477298743124
21
-101.8545822343876353
0
LINE
8
User.Drawings
6
CONTINUOUS
10
242.4825477298743124
20
-101.8545822343876353
11
259.0045244186160289
21
-101.8545822343876353
0
LINE
8
User.Drawings
6
CONTINUOUS
10
259.0045244186160289
20
-101.8545822343876353
11
259.0045244186160289
21
-85.454982690547169
0
LINE
8
User.Drawings
6
CONTINUOUS
10
259.0045244186160289
20
-85.454982690547169
11
242.4825477298743124
21
-85.454982690547169
0
LINE
8
User.Drawings
6
CONTINUOUS
10
225.7901062022804695
20
-85.4854915258083849
11
225.7901062022804695
21
-101.8545822343876353
0
LINE
8
User.Drawings
6
CONTINUOUS
10
225.7901062022804695
20
-101.8545822343876353
11
240.6832397792494476
21
-101.8545822343876353
0
LINE
8
User.Drawings
6
CONTINUOUS
10
240.6832397792494476
20
-101.8545822343876353
11
242.3004703016924282
21
-101.8545822343876353
0
LINE
8
User.Drawings
6
CONTINUOUS
10
242.3004703016924282
20
-101.8545822343876353
11
242.3004703016924282
21
-85.4854915258083849
0
LINE
8
User.Drawings
6
CONTINUOUS
10
242.3004703016924282
20
-85.4854915258083849
11
225.7901062022804695
21
-85.4854915258083849
0
LINE
8
User.Drawings
6
CONTINUOUS
10
223.0598530511805677
20
-83.5819779821038935
11
225.3433877939419858
21
-99.8301706560759357
0
LINE
8
User.Drawings
6
CONTINUOUS
10
225.3433877939419858
20
-99.8301706560759357
11
225.343854605346877
21
-99.8301050926763764
0
LINE
8
User.Drawings
6
CONTINUOUS
10
225.343854605346877
20
-99.8301050926763764
11
223.060319862585402
21
-83.5819124187043485
0
LINE
8
User.Drawings
6
CONTINUOUS
10
223.060319862585402
20
-83.5819124187043485
11
223.0598530511805677
21
-83.5819779821038935
0
LINE
8
User.Drawings
6
CONTINUOUS
10
156.5545268598698954
20
-76.1118940392871224
11
158.8380616026313419
21
-92.3600867132591503
0
LINE
8
User.Drawings
6
CONTINUOUS
10
158.8380616026313419
20
-92.3600867132591503
11
173.6180240101757022
21
-90.282899220838857
0
LINE
8
User.Drawings
6
CONTINUOUS
10
173.6180240101757022
20
-90.282899220838857
11
173.6184296290743134
21
-90.282881737265626
0
LINE
8
User.Drawings
6
CONTINUOUS
10
173.6184296290743134
20
-90.282881737265626
11
175.1992418685092048
21
-90.0607136015217122
0
LINE
8
User.Drawings
6
CONTINUOUS
10
175.1992418685092048
20
-90.0607136015217122
11
172.9157018806757833
21
-73.8124807153312616
0
LINE
8
User.Drawings
6
CONTINUOUS
10
172.9157018806757833
20
-73.8124807153312616
11
156.5545268598698954
21
-76.1118940392871224
0
LINE
8
User.Drawings
6
CONTINUOUS
10
173.0455698625212619
20
-73.794269825469911
11
175.329103731104027
21
-90.0424624994419389
0
LINE
8
User.Drawings
6
CONTINUOUS
10
175.329103731104027
20
-90.0424624994419389
11
190.108584466206338
21
-87.9653423187785108
0
LINE
8
User.Drawings
6
CONTINUOUS
10
190.108584466206338
20
-87.9653423187785108
11
190.1090486550751848
21
-87.9652304239099294
0
LINE
8
User.Drawings
6
CONTINUOUS
10
190.1090486550751848
20
-87.9652304239099294
11
191.688420248077108
21
-87.7432642234366398
0
LINE
8
User.Drawings
6
CONTINUOUS
10
191.688420248077108
20
-87.7432642234366398
11
189.4048916245662895
21
-71.4951170067549668
0
LINE
8
User.Drawings
6
CONTINUOUS
10
189.4048916245662895
20
-71.4951170067549668
11
173.0455698625212619
21
-73.794269825469911
0
LINE
8
User.Drawings
6
CONTINUOUS
10
189.5365883881701166
20
-71.4765616905012564
11
191.8201231309315347
21
-87.7247543644732843
0
LINE
8
User.Drawings
6
CONTINUOUS
10
191.8201231309315347
20
-87.7247543644732843
11
206.6000855384759234
21
-85.6475668720529768
0
LINE
8
User.Drawings
6
CONTINUOUS
10
206.6000855384759234
20
-85.6475668720529768
11
206.6004911573745346
21
-85.6475493884797601
0
LINE
8
User.Drawings
6
CONTINUOUS
10
206.6004911573745346
20
-85.6475493884797601
11
208.1361791685186233
21
-85.4317225447411346
0
LINE
8
User.Drawings
6
CONTINUOUS
10
208.1361791685186233
20
-85.4317225447411346
11
205.8526391806852018
21
-69.1834905327293512
0
LINE
8
User.Drawings
6
CONTINUOUS
10
205.8526391806852018
20
-69.1834905327293512
11
189.5365883881701166
21
-71.4765616905012564
0
LINE
8
User.Drawings
6
CONTINUOUS
10
206.0276313908214831
20
-69.1589374766840308
11
208.3111652594042482
21
-85.4071301506560729
0
LINE
8
User.Drawings
6
CONTINUOUS
10
208.3111652594042482
20
-85.4071301506560729
11
223.091116302626034
21
-83.3299444065930857
0
LINE
8
User.Drawings
6
CONTINUOUS
10
223.091116302626034
20
-83.3299444065930857
11
223.103948371187613
21
-83.3294120317886637
0
LINE
8
User.Drawings
6
CONTINUOUS
10
223.103948371187613
20
-83.3294120317886637
11
223.1039579871528815
21
-83.3294111576100107
0
LINE
8
User.Drawings
6
CONTINUOUS
10
223.1039579871528815
20
-83.3294111576100107
11
223.1287252169701105
21
-83.3358171388362052
0
LINE
8
User.Drawings
6
CONTINUOUS
10
223.1287252169701105
20
-83.3358171388362052
11
223.1491547722725386
21
-83.351212299231193
0
LINE
8
User.Drawings
6
CONTINUOUS
10
223.1491547722725386
20
-83.351212299231193
11
223.1621389479211075
21
-83.3732538399841019
0
LINE
8
User.Drawings
6
CONTINUOUS
10
223.1621389479211075
20
-83.3732538399841019
11
223.1651662286233773
21
-83.3857449788679901
0
LINE
8
User.Drawings
6
CONTINUOUS
10
223.1651662286233773
20
-83.3857449788679901
11
223.1683928220603264
21
-83.4087079039293684
0
LINE
8
User.Drawings
6
CONTINUOUS
10
223.1683928220603264
20
-83.4087079039293684
11
224.596284114186318
21
-83.2080305763820434
0
LINE
8
User.Drawings
6
CONTINUOUS
10
224.596284114186318
20
-83.2080305763820434
11
222.3003972269480357
21
-66.8719497282125133
0
LINE
8
User.Drawings
6
CONTINUOUS
10
222.3003972269480357
20
-66.8719497282125133
11
206.0276313908214831
21
-69.1589374766840308
0
LINE
8
User.Drawings
6
CONTINUOUS
10
258.9972827225901142
20
-68.801879202688454
11
258.9972827225901142
21
-85.2451876795679198
0
LINE
8
User.Drawings
6
CONTINUOUS
10
258.9972827225901142
20
-85.2451876795679198
11
259.0569751382628283
21
-85.2451876795679198
0
LINE
8
User.Drawings
6
CONTINUOUS
10
259.0569751382628283
20
-85.2451876795679198
11
259.0569751382628283
21
-68.801879202688454
0
LINE
8
User.Drawings
6
CONTINUOUS
10
259.0569751382628283
20
-68.801879202688454
11
258.9972827225901142
21
-68.801879202688454
0
LINE
8
User.Drawings
6
CONTINUOUS
10
258.6682637291390847
20
-68.801879202688454
11
258.6453322745094852
21
-68.8247861803155274
0
LINE
8
User.Drawings
6
CONTINUOUS
10
258.6453322745094852
20
-68.8247861803155274
11
258.6286039916568029
21
-68.8281045625118395
0
LINE
8
User.Drawings
6
CONTINUOUS
10
258.6286039916568029
20
-68.8281045625118395
11
242.5349984495211118
21
-68.819500021953786
0
LINE
8
User.Drawings
6
CONTINUOUS
10
242.5349984495211118
20
-68.819500021953786
11
242.5349984495211118
21
-85.2451876795679198
0
LINE
8
User.Drawings
6
CONTINUOUS
10
242.5349984495211118
20
-85.2451876795679198
11
258.9098648565121721
21
-85.2451876795679198
0
LINE
8
User.Drawings
6
CONTINUOUS
10
258.9098648565121721
20
-85.2451876795679198
11
258.9098648565121721
21
-68.801879202688454
0
LINE
8
User.Drawings
6
CONTINUOUS
10
258.9098648565121721
20
-68.801879202688454
11
258.6682637291390847
21
-68.801879202688454
0
LINE
8
User.Drawings
6
CONTINUOUS
10
225.8233249913901375
20
-68.83238803794967
11
225.8233249913901375
21
-85.2451876795679198
0
LINE
8
User.Drawings
6
CONTINUOUS
10
225.8233249913901375
20
-85.2451876795679198
11
242.3004703016924282
21
-85.2451876795679198
0
LINE
8
User.Drawings
6
CONTINUOUS
10
242.3004703016924282
20
-85.2451876795679198
11
242.3004703016924282
21
-68.83238803794967
0
LINE
8
User.Drawings
6
CONTINUOUS
10
242.3004703016924282
20
-68.83238803794967
11
225.8233249913901375
21
-68.83238803794967
0
LINE
8
User.Drawings
6
CONTINUOUS
10
222.3869636430104322
20
-66.8597837837904336
11
224.6863787153236274
21
-83.2209701689189103
0
LINE
8
User.Drawings
6
CONTINUOUS
10
224.6863787153236274
20
-83.2209701689189103
11
224.6882206097618848
21
-83.2207105378566467
0
LINE
8
User.Drawings
6
CONTINUOUS
10
224.6882206097618848
20
-83.2207105378566467
11
222.3888055374486896
21
-66.8595241527281843
0
LINE
8
User.Drawings
6
CONTINUOUS
10
222.3888055374486896
20
-66.8595241527281843
11
222.3869636430104322
21
-66.8597837837904336
0
LINE
8
User.Drawings
6
CONTINUOUS
10
41.9233811637804266
20
-115.4678439467885198
11
41.9414696686292885
21
-115.4859324516373817
0
LINE
8
User.Drawings
6
CONTINUOUS
10
41.9414696686292885
20
-115.4859324516373817
11
41.9512595954513614
21
-115.5095667459102202
0
LINE
8
User.Drawings
6
CONTINUOUS
10
41.9512595954513614
20
-115.5095667459102202
11
41.9525192869015484
21
-115.522357728074752
0
LINE
8
User.Drawings
6
CONTINUOUS
10
41.9525192869015484
20
-115.522357728074752
11
41.9525192869015484
21
-116.3309729892962423
0
LINE
8
User.Drawings
6
CONTINUOUS
10
41.9525192869015484
20
-116.3309729892962423
11
42.7611345481230316
21
-116.3309729892962423
0
LINE
8
User.Drawings
6
CONTINUOUS
10
42.7611345481230316
20
-116.3309729892962423
11
42.7739255302875634
21
-116.3322326807464293
0
LINE
8
User.Drawings
6
CONTINUOUS
10
42.7739255302875634
20
-116.3322326807464293
11
42.797559824560409
21
-116.3420226075684951
0
LINE
8
User.Drawings
6
CONTINUOUS
10
42.797559824560409
20
-116.3420226075684951
11
42.8156483294092709
21
-116.3601111124173713
0
LINE
8
User.Drawings
6
CONTINUOUS
10
42.8156483294092709
20
-116.3601111124173713
11
42.8254382562313438
21
-116.3837454066902097
0
LINE
8
User.Drawings
6
CONTINUOUS
10
42.8254382562313438
20
-116.3837454066902097
11
42.8254382562313438
21
-116.4093273710192733
0
LINE
8
User.Drawings
6
CONTINUOUS
10
42.8254382562313438
20
-116.4093273710192733
11
42.8156483294092709
21
-116.432961665292126
0
LINE
8
User.Drawings
6
CONTINUOUS
10
42.8156483294092709
20
-116.432961665292126
11
42.797559824560409
21
-116.4510501701409737
0
LINE
8
User.Drawings
6
CONTINUOUS
10
42.797559824560409
20
-116.4510501701409737
11
42.7739255302875634
21
-116.4608400969630537
0
LINE
8
User.Drawings
6
CONTINUOUS
10
42.7739255302875634
20
-116.4608400969630537
11
42.7611345481230316
21
-116.4620997884132407
0
LINE
8
User.Drawings
6
CONTINUOUS
10
42.7611345481230316
20
-116.4620997884132407
11
41.8869558873430492
21
-116.4620997884132407
0
LINE
8
User.Drawings
6
CONTINUOUS
10
41.8869558873430492
20
-116.4620997884132407
11
41.8741649051785174
21
-116.4608400969630537
0
LINE
8
User.Drawings
6
CONTINUOUS
10
41.8741649051785174
20
-116.4608400969630537
11
41.8505306109056647
21
-116.4510501701409737
0
LINE
8
User.Drawings
6
CONTINUOUS
10
41.8505306109056647
20
-116.4510501701409737
11
41.8324421060568099
21
-116.432961665292126
0
LINE
8
User.Drawings
6
CONTINUOUS
10
41.8324421060568099
20
-116.432961665292126
11
41.822652179234737
21
-116.4093273710192733
0
LINE
8
User.Drawings
6
CONTINUOUS
10
41.822652179234737
20
-116.4093273710192733
11
41.82139248778455
21
-116.3965363888547415
0
LINE
8
User.Drawings
6
CONTINUOUS
10
41.82139248778455
20
-116.3965363888547415
11
41.82139248778455
21
-115.522357728074752
0
LINE
8
User.Drawings
6
CONTINUOUS
10
41.82139248778455
20
-115.522357728074752
11
41.822652179234737
21
-115.5095667459102202
0
LINE
8
User.Drawings
6
CONTINUOUS
10
41.822652179234737
20
-115.5095667459102202
11
41.8324421060568099
21
-115.4859324516373817
0
LINE
8
User.Drawings
6
CONTINUOUS
10
41.8324421060568099
20
-115.4859324516373817
11
41.8505306109056647
21
-115.4678439467885198
0
LINE
8
User.Drawings
6
CONTINUOUS
10
41.8505306109056647
20
-115.4678439467885198
11
41.8741649051785174
21
-115.458054019966454
0
LINE
8
User.Drawings
6
CONTINUOUS
10
41.8741649051785174
20
-115.458054019966454
11
41.899746869507581
21
-115.458054019966454
0
LINE
8
User.Drawings
6
CONTINUOUS
10
41.899746869507581
20
-115.458054019966454
11
41.9233811637804266
21
-115.4678439467885198
0
LINE
8
User.Drawings
6
CONTINUOUS
10
54.1618824147002229
20
-115.4678439467885198
11
54.1799709195490777
21
-115.4859324516373817
0
LINE
8
User.Drawings
6
CONTINUOUS
10
54.1799709195490777
20
-115.4859324516373817
11
54.1897608463711578
21
-115.5095667459102202
0
LINE
8
User.Drawings
6
CONTINUOUS
10
54.1897608463711578
20
-115.5095667459102202
11
54.1910205378213377
21
-115.522357728074752
0
LINE
8
User.Drawings
6
CONTINUOUS
10
54.1910205378213377
20
-115.522357728074752
11
54.1910205378213377
21
-116.3965363888547415
0
LINE
8
User.Drawings
6
CONTINUOUS
10
54.1910205378213377
20
-116.3965363888547415
11
54.1897608463711578
21
-116.4093273710192733
0
LINE
8
User.Drawings
6
CONTINUOUS
10
54.1897608463711578
20
-116.4093273710192733
11
54.1799709195490777
21
-116.432961665292126
0
LINE
8
User.Drawings
6
CONTINUOUS
10
54.1799709195490777
20
-116.432961665292126
11
54.1618824147002229
21
-116.4510501701409737
0
LINE
8
User.Drawings
6
CONTINUOUS
10
54.1618824147002229
20
-116.4510501701409737
11
54.1382481204273702
21
-116.4608400969630537
0
LINE
8
User.Drawings
6
CONTINUOUS
10
54.1382481204273702
20
-116.4608400969630537
11
54.1254571382628384
21
-116.4620997884132407
0
LINE
8
User.Drawings
6
CONTINUOUS
10
54.1254571382628384
20
-116.4620997884132407
11
53.251278477482856
21
-116.4620997884132407
0
LINE
8
User.Drawings
6
CONTINUOUS
10
53.251278477482856
20
-116.4620997884132407
11
53.2384874953183242
21
-116.4608400969630537
0
LINE
8
User.Drawings
6
CONTINUOUS
10
53.2384874953183242
20
-116.4608400969630537
11
53.2148532010454716
21
-116.4510501701409737
0
LINE
8
User.Drawings
6
CONTINUOUS
10
53.2148532010454716
20
-116.4510501701409737
11
53.1967646961966167
21
-116.432961665292126
0
LINE
8
User.Drawings
6
CONTINUOUS
10
53.1967646961966167
20
-116.432961665292126
11
53.1869747693745367
21
-116.4093273710192733
0
LINE
8
User.Drawings
6
CONTINUOUS
10
53.1869747693745367
20
-116.4093273710192733
11
53.1869747693745367
21
-116.3837454066902097
0
LINE
8
User.Drawings
6
CONTINUOUS
10
53.1869747693745367
20
-116.3837454066902097
11
53.1967646961966167
21
-116.3601111124173713
0
LINE
8
User.Drawings
6
CONTINUOUS
10
53.1967646961966167
20
-116.3601111124173713
11
53.2148532010454716
21
-116.3420226075684951
0
LINE
8
User.Drawings
6
CONTINUOUS
10
53.2148532010454716
20
-116.3420226075684951
11
53.2384874953183242
21
-116.3322326807464293
0
LINE
8
User.Drawings
6
CONTINUOUS
10
53.2384874953183242
20
-116.3322326807464293
11
53.251278477482856
21
-116.3309729892962423
0
LINE
8
User.Drawings
6
CONTINUOUS
10
53.251278477482856
20
-116.3309729892962423
11
54.0598937387043392
21
-116.3309729892962423
0
LINE
8
User.Drawings
6
CONTINUOUS
10
54.0598937387043392
20
-116.3309729892962423
11
54.0598937387043392
21
-115.522357728074752
0
LINE
8
User.Drawings
6
CONTINUOUS
10
54.0598937387043392
20
-115.522357728074752
11
54.0611534301545191
21
-115.5095667459102202
0
LINE
8
User.Drawings
6
CONTINUOUS
10
54.0611534301545191
20
-115.5095667459102202
11
54.0709433569765991
21
-115.4859324516373817
0
LINE
8
User.Drawings
6
CONTINUOUS
10
54.0709433569765991
20
-115.4859324516373817
11
54.089031861825454
21
-115.4678439467885198
0
LINE
8
User.Drawings
6
CONTINUOUS
10
54.089031861825454
20
-115.4678439467885198
11
54.1126661560983067
21
-115.458054019966454
0
LINE
8
User.Drawings
6
CONTINUOUS
10
54.1126661560983067
20
-115.458054019966454
11
54.1382481204273702
21
-115.458054019966454
0
LINE
8
User.Drawings
6
CONTINUOUS
10
54.1382481204273702
20
-115.458054019966454
11
54.1618824147002229
21
-115.4678439467885198
0
LINE
8
User.Drawings
6
CONTINUOUS
10
42.7739255302875634
20
-104.093731429826633
11
42.797559824560409
21
-104.103521356648713
0
LINE
8
User.Drawings
6
CONTINUOUS
10
42.797559824560409
20
-104.103521356648713
11
42.8156483294092709
21
-104.1216098614975607
0
LINE
8
User.Drawings
6
CONTINUOUS
10
42.8156483294092709
20
-104.1216098614975607
11
42.8254382562313438
21
-104.1452441557704134
0
LINE
8
User.Drawings
6
CONTINUOUS
10
42.8254382562313438
20
-104.1452441557704134
11
42.8254382562313438
21
-104.170826120099477
0
LINE
8
User.Drawings
6
CONTINUOUS
10
42.8254382562313438
20
-104.170826120099477
11
42.8156483294092709
21
-104.1944604143723296
0
LINE
8
User.Drawings
6
CONTINUOUS
10
42.8156483294092709
20
-104.1944604143723296
11
42.797559824560409
21
-104.2125489192211916
0
LINE
8
User.Drawings
6
CONTINUOUS
10
42.797559824560409
20
-104.2125489192211916
11
42.7739255302875634
21
-104.2223388460432716
0
LINE
8
User.Drawings
6
CONTINUOUS
10
42.7739255302875634
20
-104.2223388460432716
11
42.7611345481230316
21
-104.2235985374934444
0
LINE
8
User.Drawings
6
CONTINUOUS
10
42.7611345481230316
20
-104.2235985374934444
11
41.9525192869015484
21
-104.2235985374934444
0
LINE
8
User.Drawings
6
CONTINUOUS
10
41.9525192869015484
20
-104.2235985374934444
11
41.9525192869015484
21
-105.0322137987149347
0
LINE
8
User.Drawings
6
CONTINUOUS
10
41.9525192869015484
20
-105.0322137987149347
11
41.9512595954513614
21
-105.0450047808794665
0
LINE
8
User.Drawings
6
CONTINUOUS
10
41.9512595954513614
20
-105.0450047808794665
11
41.9414696686292885
21
-105.0686390751523192
0
LINE
8
User.Drawings
6
CONTINUOUS
10
41.9414696686292885
20
-105.0686390751523192
11
41.9233811637804266
21
-105.0867275800011669
0
LINE
8
User.Drawings
6
CONTINUOUS
10
41.9233811637804266
20
-105.0867275800011669
11
41.899746869507581
21
-105.0965175068232469
0
LINE
8
User.Drawings
6
CONTINUOUS
10
41.899746869507581
20
-105.0965175068232469
11
41.8741649051785174
21
-105.0965175068232469
0
LINE
8
User.Drawings
6
CONTINUOUS
10
41.8741649051785174
20
-105.0965175068232469
11
41.8505306109056647
21
-105.0867275800011669
0
LINE
8
User.Drawings
6
CONTINUOUS
10
41.8505306109056647
20
-105.0867275800011669
11
41.8324421060568099
21
-105.0686390751523192
0
LINE
8
User.Drawings
6
CONTINUOUS
10
41.8324421060568099
20
-105.0686390751523192
11
41.822652179234737
21
-105.0450047808794665
0
LINE
8
User.Drawings
6
CONTINUOUS
10
41.822652179234737
20
-105.0450047808794665
11
41.82139248778455
21
-105.0322137987149347
0
LINE
8
User.Drawings
6
CONTINUOUS
10
41.82139248778455
20
-105.0322137987149347
11
41.82139248778455
21
-104.1580351379349452
0
LINE
8
User.Drawings
6
CONTINUOUS
10
41.82139248778455
20
-104.1580351379349452
11
41.822652179234737
21
-104.1452441557704134
0
LINE
8
User.Drawings
6
CONTINUOUS
10
41.822652179234737
20
-104.1452441557704134
11
41.8324421060568099
21
-104.1216098614975607
0
LINE
8
User.Drawings
6
CONTINUOUS
10
41.8324421060568099
20
-104.1216098614975607
11
41.8505306109056647
21
-104.103521356648713
0
LINE
8
User.Drawings
6
CONTINUOUS
10
41.8505306109056647
20
-104.103521356648713
11
41.8741649051785174
21
-104.093731429826633
0
LINE
8
User.Drawings
6
CONTINUOUS
10
41.8741649051785174
20
-104.093731429826633
11
41.8869558873430492
21
-104.092471738376446
0
LINE
8
User.Drawings
6
CONTINUOUS
10
41.8869558873430492
20
-104.092471738376446
11
42.7611345481230316
21
-104.092471738376446
0
LINE
8
User.Drawings
6
CONTINUOUS
10
42.7611345481230316
20
-104.092471738376446
11
42.7739255302875634
21
-104.093731429826633
0
LINE
8
User.Drawings
6
CONTINUOUS
10
54.1382481204273702
20
-104.093731429826633
11
54.1618824147002229
21
-104.103521356648713
0
LINE
8
User.Drawings
6
CONTINUOUS
10
54.1618824147002229
20
-104.103521356648713
11
54.1799709195490777
21
-104.1216098614975607
0
LINE
8
User.Drawings
6
CONTINUOUS
10
54.1799709195490777
20
-104.1216098614975607
11
54.1897608463711578
21
-104.1452441557704134
0
LINE
8
User.Drawings
6
CONTINUOUS
10
54.1897608463711578
20
-104.1452441557704134
11
54.1910205378213377
21
-104.1580351379349452
0
LINE
8
User.Drawings
6
CONTINUOUS
10
54.1910205378213377
20
-104.1580351379349452
11
54.1910205378213377
21
-105.0322137987149347
0
LINE
8
User.Drawings
6
CONTINUOUS
10
54.1910205378213377
20
-105.0322137987149347
11
54.1897608463711578
21
-105.0450047808794665
0
LINE
8
User.Drawings
6
CONTINUOUS
10
54.1897608463711578
20
-105.0450047808794665
11
54.1799709195490777
21
-105.0686390751523192
0
LINE
8
User.Drawings
6
CONTINUOUS
10
54.1799709195490777
20
-105.0686390751523192
11
54.1618824147002229
21
-105.0867275800011669
0
LINE
8
User.Drawings
6
CONTINUOUS
10
54.1618824147002229
20
-105.0867275800011669
11
54.1382481204273702
21
-105.0965175068232469
0
LINE
8
User.Drawings
6
CONTINUOUS
10
54.1382481204273702
20
-105.0965175068232469
11
54.1126661560983067
21
-105.0965175068232469
0
LINE
8
User.Drawings
6
CONTINUOUS
10
54.1126661560983067
20
-105.0965175068232469
11
54.089031861825454
21
-105.0867275800011669
0
LINE
8
User.Drawings
6
CONTINUOUS
10
54.089031861825454
20
-105.0867275800011669
11
54.0709433569765991
21
-105.0686390751523192
0
LINE
8
User.Drawings
6
CONTINUOUS
10
54.0709433569765991
20
-105.0686390751523192
11
54.0611534301545191
21
-105.0450047808794665
0
LINE
8
User.Drawings
6
CONTINUOUS
10
54.0611534301545191
20
-105.0450047808794665
11
54.0598937387043392
21
-105.0322137987149347
0
LINE
8
User.Drawings
6
CONTINUOUS
10
54.0598937387043392
20
-105.0322137987149347
11
54.0598937387043392
21
-104.2235985374934444
0
LINE
8
User.Drawings
6
CONTINUOUS
10
54.0598937387043392
20
-104.2235985374934444
11
53.251278477482856
21
-104.2235985374934444
0
LINE
8
User.Drawings
6
CONTINUOUS
10
53.251278477482856
20
-104.2235985374934444
11
53.2384874953183242
21
-104.2223388460432716
0
LINE
8
User.Drawings
6
CONTINUOUS
10
53.2384874953183242
20
-104.2223388460432716
11
53.2148532010454716
21
-104.2125489192211916
0
LINE
8
User.Drawings
6
CONTINUOUS
10
53.2148532010454716
20
-104.2125489192211916
11
53.1967646961966167
21
-104.1944604143723296
0
LINE
8
User.Drawings
6
CONTINUOUS
10
53.1967646961966167
20
-104.1944604143723296
11
53.1869747693745367
21
-104.170826120099477
0
LINE
8
User.Drawings
6
CONTINUOUS
10
53.1869747693745367
20
-104.170826120099477
11
53.1869747693745367
21
-104.1452441557704134
0
LINE
8
User.Drawings
6
CONTINUOUS
10
53.1869747693745367
20
-104.1452441557704134
11
53.1967646961966167
21
-104.1216098614975607
0
LINE
8
User.Drawings
6
CONTINUOUS
10
53.1967646961966167
20
-104.1216098614975607
11
53.2148532010454716
21
-104.103521356648713
0
LINE
8
User.Drawings
6
CONTINUOUS
10
53.2148532010454716
20
-104.103521356648713
11
53.2384874953183242
21
-104.093731429826633
0
LINE
8
User.Drawings
6
CONTINUOUS
10
53.2384874953183242
20
-104.093731429826633
11
53.251278477482856
21
-104.092471738376446
0
LINE
8
User.Drawings
6
CONTINUOUS
10
53.251278477482856
20
-104.092471738376446
11
54.1254571382628384
21
-104.092471738376446
0
LINE
8
User.Drawings
6
CONTINUOUS
10
54.1254571382628384
20
-104.092471738376446
11
54.1382481204273702
21
-104.093731429826633
0
LINE
8
User.Drawings
6
CONTINUOUS
10
58.5415175052079491
20
-115.4678439467885198
11
58.5596060100568039
21
-115.4859324516373817
0
LINE
8
User.Drawings
6
CONTINUOUS
10
58.5596060100568039
20
-115.4859324516373817
11
58.5693959368788768
21
-115.5095667459102202
0
LINE
8
User.Drawings
6
CONTINUOUS
10
58.5693959368788768
20
-115.5095667459102202
11
58.5706556283290638
21
-115.522357728074752
0
LINE
8
User.Drawings
6
CONTINUOUS
10
58.5706556283290638
20
-115.522357728074752
11
58.5706556283290638
21
-116.3309729892962423
0
LINE
8
User.Drawings
6
CONTINUOUS
10
58.5706556283290638
20
-116.3309729892962423
11
59.379270889550547
21
-116.3309729892962423
0
LINE
8
User.Drawings
6
CONTINUOUS
10
59.379270889550547
20
-116.3309729892962423
11
59.3920618717150788
21
-116.3322326807464293
0
LINE
8
User.Drawings
6
CONTINUOUS
10
59.3920618717150788
20
-116.3322326807464293
11
59.4156961659879315
21
-116.3420226075684951
0
LINE
8
User.Drawings
6
CONTINUOUS
10
59.4156961659879315
20
-116.3420226075684951
11
59.4337846708367863
21
-116.3601111124173713
0
LINE
8
User.Drawings
6
CONTINUOUS
10
59.4337846708367863
20
-116.3601111124173713
11
59.4435745976588592
21
-116.3837454066902097
0
LINE
8
User.Drawings
6
CONTINUOUS
10
59.4435745976588592
20
-116.3837454066902097
11
59.4435745976588592
21
-116.4093273710192733
0
LINE
8
User.Drawings
6
CONTINUOUS
10
59.4435745976588592
20
-116.4093273710192733
11
59.4337846708367863
21
-116.432961665292126
0
LINE
8
User.Drawings
6
CONTINUOUS
10
59.4337846708367863
20
-116.432961665292126
11
59.4156961659879315
21
-116.4510501701409737
0
LINE
8
User.Drawings
6
CONTINUOUS
10
59.4156961659879315
20
-116.4510501701409737
11
59.3920618717150788
21
-116.4608400969630537
0
LINE
8
User.Drawings
6
CONTINUOUS
10
59.3920618717150788
20
-116.4608400969630537
11
59.379270889550547
21
-116.4620997884132407
0
LINE
8
User.Drawings
6
CONTINUOUS
10
59.379270889550547
20
-116.4620997884132407
11
58.5050922287705646
21
-116.4620997884132407
0
LINE
8
User.Drawings
6
CONTINUOUS
10
58.5050922287705646
20
-116.4620997884132407
11
58.4923012466060328
21
-116.4608400969630537
0
LINE
8
User.Drawings
6
CONTINUOUS
10
58.4923012466060328
20
-116.4608400969630537
11
58.4686669523331872
21
-116.4510501701409737
0
LINE
8
User.Drawings
6
CONTINUOUS
10
58.4686669523331872
20
-116.4510501701409737
11
58.4505784474843253
21
-116.432961665292126
0
LINE
8
User.Drawings
6
CONTINUOUS
10
58.4505784474843253
20
-116.432961665292126
11
58.4407885206622524
21
-116.4093273710192733
0
LINE
8
User.Drawings
6
CONTINUOUS
10
58.4407885206622524
20
-116.4093273710192733
11
58.4395288292120654
21
-116.3965363888547415
0
LINE
8
User.Drawings
6
CONTINUOUS
10
58.4395288292120654
20
-116.3965363888547415
11
58.4395288292120654
21
-115.522357728074752
0
LINE
8
User.Drawings
6
CONTINUOUS
10
58.4395288292120654
20
-115.522357728074752
11
58.4407885206622524
21
-115.5095667459102202
0
LINE
8
User.Drawings
6
CONTINUOUS
10
58.4407885206622524
20
-115.5095667459102202
11
58.4505784474843253
21
-115.4859324516373817
0
LINE
8
User.Drawings
6
CONTINUOUS
10
58.4505784474843253
20
-115.4859324516373817
11
58.4686669523331872
21
-115.4678439467885198
0
LINE
8
User.Drawings
6
CONTINUOUS
10
58.4686669523331872
20
-115.4678439467885198
11
58.4923012466060328
21
-115.458054019966454
0
LINE
8
User.Drawings
6
CONTINUOUS
10
58.4923012466060328
20
-115.458054019966454
11
58.5178832109350964
21
-115.458054019966454
0
LINE
8
User.Drawings
6
CONTINUOUS
10
58.5178832109350964
20
-115.458054019966454
11
58.5415175052079491
21
-115.4678439467885198
0
LINE
8
User.Drawings
6
CONTINUOUS
10
70.7800187561277454
20
-115.4678439467885198
11
70.7981072609765931
21
-115.4859324516373817
0
LINE
8
User.Drawings
6
CONTINUOUS
10
70.7981072609765931
20
-115.4859324516373817
11
70.8078971877986731
21
-115.5095667459102202
0
LINE
8
User.Drawings
6
CONTINUOUS
10
70.8078971877986731
20
-115.5095667459102202
11
70.8091568792488602
21
-115.522357728074752
0
LINE
8
User.Drawings
6
CONTINUOUS
10
70.8091568792488602
20
-115.522357728074752
11
70.8091568792488602
21
-116.3965363888547415
0
LINE
8
User.Drawings
6
CONTINUOUS
10
70.8091568792488602
20
-116.3965363888547415
11
70.8078971877986731
21
-116.4093273710192733
0
LINE
8
User.Drawings
6
CONTINUOUS
10
70.8078971877986731
20
-116.4093273710192733
11
70.7981072609765931
21
-116.432961665292126
0
LINE
8
User.Drawings
6
CONTINUOUS
10
70.7981072609765931
20
-116.432961665292126
11
70.7800187561277454
21
-116.4510501701409737
0
LINE
8
User.Drawings
6
CONTINUOUS
10
70.7800187561277454
20
-116.4510501701409737
11
70.7563844618548927
21
-116.4608400969630537
0
LINE
8
User.Drawings
6
CONTINUOUS
10
70.7563844618548927
20
-116.4608400969630537
11
70.7435934796903609
21
-116.4620997884132407
0
LINE
8
User.Drawings
6
CONTINUOUS
10
70.7435934796903609
20
-116.4620997884132407
11
69.8694148189103714
21
-116.4620997884132407
0
LINE
8
User.Drawings
6
CONTINUOUS
10
69.8694148189103714
20
-116.4620997884132407
11
69.8566238367458396
21
-116.4608400969630537
0
LINE
8
User.Drawings
6
CONTINUOUS
10
69.8566238367458396
20
-116.4608400969630537
11
69.832989542472987
21
-116.4510501701409737
0
LINE
8
User.Drawings
6
CONTINUOUS
10
69.832989542472987
20
-116.4510501701409737
11
69.8149010376241392
21
-116.432961665292126
0
LINE
8
User.Drawings
6
CONTINUOUS
10
69.8149010376241392
20
-116.432961665292126
11
69.805111110802045
21
-116.4093273710192733
0
LINE
8
User.Drawings
6
CONTINUOUS
10
69.805111110802045
20
-116.4093273710192733
11
69.805111110802045
21
-116.3837454066902097
0
LINE
8
User.Drawings
6
CONTINUOUS
10
69.805111110802045
20
-116.3837454066902097
11
69.8149010376241392
21
-116.3601111124173713
0
LINE
8
User.Drawings
6
CONTINUOUS
10
69.8149010376241392
20
-116.3601111124173713
11
69.832989542472987
21
-116.3420226075684951
0
LINE
8
User.Drawings
6
CONTINUOUS
10
69.832989542472987
20
-116.3420226075684951
11
69.8566238367458396
21
-116.3322326807464293
0
LINE
8
User.Drawings
6
CONTINUOUS
10
69.8566238367458396
20
-116.3322326807464293
11
69.8694148189103714
21
-116.3309729892962423
0
LINE
8
User.Drawings
6
CONTINUOUS
10
69.8694148189103714
20
-116.3309729892962423
11
70.6780300801318617
21
-116.3309729892962423
0
LINE
8
User.Drawings
6
CONTINUOUS
10
70.6780300801318617
20
-116.3309729892962423
11
70.6780300801318617
21
-115.522357728074752
0
LINE
8
User.Drawings
6
CONTINUOUS
10
70.6780300801318617
20
-115.522357728074752
11
70.6792897715820487
21
-115.5095667459102202
0
LINE
8
User.Drawings
6
CONTINUOUS
10
70.6792897715820487
20
-115.5095667459102202
11
70.6890796984041145
21
-115.4859324516373817
0
LINE
8
User.Drawings
6
CONTINUOUS
10
70.6890796984041145
20
-115.4859324516373817
11
70.7071682032529765
21
-115.4678439467885198
0
LINE
8
User.Drawings
6
CONTINUOUS
10
70.7071682032529765
20
-115.4678439467885198
11
70.7308024975258292
21
-115.458054019966454
0
LINE
8
User.Drawings
6
CONTINUOUS
10
70.7308024975258292
20
-115.458054019966454
11
70.7563844618548927
21
-115.458054019966454
0
LINE
8
User.Drawings
6
CONTINUOUS
10
70.7563844618548927
20
-115.458054019966454
11
70.7800187561277454
21
-115.4678439467885198
0
LINE
8
User.Drawings
6
CONTINUOUS
10
59.3920618717150788
20
-104.093731429826633
11
59.4156961659879315
21
-104.103521356648713
0
LINE
8
User.Drawings
6
CONTINUOUS
10
59.4156961659879315
20
-104.103521356648713
11
59.4337846708367863
21
-104.1216098614975607
0
LINE
8
User.Drawings
6
CONTINUOUS
10
59.4337846708367863
20
-104.1216098614975607
11
59.4435745976588592
21
-104.1452441557704134
0
LINE
8
User.Drawings
6
CONTINUOUS
10
59.4435745976588592
20
-104.1452441557704134
11
59.4435745976588592
21
-104.170826120099477
0
LINE
8
User.Drawings
6
CONTINUOUS
10
59.4435745976588592
20
-104.170826120099477
11
59.4337846708367863
21
-104.1944604143723296
0
LINE
8
User.Drawings
6
CONTINUOUS
10
59.4337846708367863
20
-104.1944604143723296
11
59.4156961659879315
21
-104.2125489192211916
0
LINE
8
User.Drawings
6
CONTINUOUS
10
59.4156961659879315
20
-104.2125489192211916
11
59.3920618717150788
21
-104.2223388460432716
0
LINE
8
User.Drawings
6
CONTINUOUS
10
59.3920618717150788
20
-104.2223388460432716
11
59.379270889550547
21
-104.2235985374934444
0
LINE
8
User.Drawings
6
CONTINUOUS
10
59.379270889550547
20
-104.2235985374934444
11
58.5706556283290638
21
-104.2235985374934444
0
LINE
8
User.Drawings
6
CONTINUOUS
10
58.5706556283290638
20
-104.2235985374934444
11
58.5706556283290638
21
-105.0322137987149347
0
LINE
8
User.Drawings
6
CONTINUOUS
10
58.5706556283290638
20
-105.0322137987149347
11
58.5693959368788768
21
-105.0450047808794665
0
LINE
8
User.Drawings
6
CONTINUOUS
10
58.5693959368788768
20
-105.0450047808794665
11
58.5596060100568039
21
-105.0686390751523192
0
LINE
8
User.Drawings
6
CONTINUOUS
10
58.5596060100568039
20
-105.0686390751523192
11
58.5415175052079491
21
-105.0867275800011669
0
LINE
8
User.Drawings
6
CONTINUOUS
10
58.5415175052079491
20
-105.0867275800011669
11
58.5178832109350964
21
-105.0965175068232469
0
LINE
8
User.Drawings
6
CONTINUOUS
10
58.5178832109350964
20
-105.0965175068232469
11
58.4923012466060328
21
-105.0965175068232469
0
LINE
8
User.Drawings
6
CONTINUOUS
10
58.4923012466060328
20
-105.0965175068232469
11
58.4686669523331872
21
-105.0867275800011669
0
LINE
8
User.Drawings
6
CONTINUOUS
10
58.4686669523331872
20
-105.0867275800011669
11
58.4505784474843253
21
-105.0686390751523192
0
LINE
8
User.Drawings
6
CONTINUOUS
10
58.4505784474843253
20
-105.0686390751523192
11
58.4407885206622524
21
-105.0450047808794665
0
LINE
8
User.Drawings
6
CONTINUOUS
10
58.4407885206622524
20
-105.0450047808794665
11
58.4395288292120654
21
-105.0322137987149347
0
LINE
8
User.Drawings
6
CONTINUOUS
10
58.4395288292120654
20
-105.0322137987149347
11
58.4395288292120654
21
-104.1580351379349452
0
LINE
8
User.Drawings
6
CONTINUOUS
10
58.4395288292120654
20
-104.1580351379349452
11
58.4407885206622524
21
-104.1452441557704134
0
LINE
8
User.Drawings
6
CONTINUOUS
10
58.4407885206622524
20
-104.1452441557704134
11
58.4505784474843253
21
-104.1216098614975607
0
LINE
8
User.Drawings
6
CONTINUOUS
10
58.4505784474843253
20
-104.1216098614975607
11
58.4686669523331872
21
-104.103521356648713
0
LINE
8
User.Drawings
6
CONTINUOUS
10
58.4686669523331872
20
-104.103521356648713
11
58.4923012466060328
21
-104.093731429826633
0
LINE
8
User.Drawings
6
CONTINUOUS
10
58.4923012466060328
20
-104.093731429826633
11
58.5050922287705646
21
-104.092471738376446
0
LINE
8
User.Drawings
6
CONTINUOUS
10
58.5050922287705646
20
-104.092471738376446
11
59.379270889550547
21
-104.092471738376446
0
LINE
8
User.Drawings
6
CONTINUOUS
10
59.379270889550547
20
-104.092471738376446
11
59.3920618717150788
21
-104.093731429826633
0
LINE
8
User.Drawings
6
CONTINUOUS
10
70.7563844618548927
20
-104.093731429826633
11
70.7800187561277454
21
-104.103521356648713
0
LINE
8
User.Drawings
6
CONTINUOUS
10
70.7800187561277454
20
-104.103521356648713
11
70.7981072609765931
21
-104.1216098614975607
0
LINE
8
User.Drawings
6
CONTINUOUS
10
70.7981072609765931
20
-104.1216098614975607
11
70.8078971877986731
21
-104.1452441557704134
0
LINE
8
User.Drawings
6
CONTINUOUS
10
70.8078971877986731
20
-104.1452441557704134
11
70.8091568792488602
21
-104.1580351379349452
0
LINE
8
User.Drawings
6
CONTINUOUS
10
70.8091568792488602
20
-104.1580351379349452
11
70.8091568792488602
21
-105.0322137987149347
0
LINE
8
User.Drawings
6
CONTINUOUS
10
70.8091568792488602
20
-105.0322137987149347
11
70.8078971877986731
21
-105.0450047808794665
0
LINE
8
User.Drawings
6
CONTINUOUS
10
70.8078971877986731
20
-105.0450047808794665
11
70.7981072609765931
21
-105.0686390751523192
0
LINE
8
User.Drawings
6
CONTINUOUS
10
70.7981072609765931
20
-105.0686390751523192
11
70.7800187561277454
21
-105.0867275800011669
0
LINE
8
User.Drawings
6
CONTINUOUS
10
70.7800187561277454
20
-105.0867275800011669
11
70.7563844618548927
21
-105.0965175068232469
0
LINE
8
User.Drawings
6
CONTINUOUS
10
70.7563844618548927
20
-105.0965175068232469
11
70.7308024975258292
21
-105.0965175068232469
0
LINE
8
User.Drawings
6
CONTINUOUS
10
70.7308024975258292
20
-105.0965175068232469
11
70.7071682032529765
21
-105.0867275800011669
0
LINE
8
User.Drawings
6
CONTINUOUS
10
70.7071682032529765
20
-105.0867275800011669
11
70.6890796984041145
21
-105.0686390751523192
0
LINE
8
User.Drawings
6
CONTINUOUS
10
70.6890796984041145
20
-105.0686390751523192
11
70.6792897715820487
21
-105.0450047808794665
0
LINE
8
User.Drawings
6
CONTINUOUS
10
70.6792897715820487
20
-105.0450047808794665
11
70.6780300801318617
21
-105.0322137987149347
0
LINE
8
User.Drawings
6
CONTINUOUS
10
70.6780300801318617
20
-105.0322137987149347
11
70.6780300801318617
21
-104.2235985374934444
0
LINE
8
User.Drawings
6
CONTINUOUS
10
70.6780300801318617
20
-104.2235985374934444
11
69.8694148189103714
21
-104.2235985374934444
0
LINE
8
User.Drawings
6
CONTINUOUS
10
69.8694148189103714
20
-104.2235985374934444
11
69.8566238367458396
21
-104.2223388460432716
0
LINE
8
User.Drawings
6
CONTINUOUS
10
69.8566238367458396
20
-104.2223388460432716
11
69.832989542472987
21
-104.2125489192211916
0
LINE
8
User.Drawings
6
CONTINUOUS
10
69.832989542472987
20
-104.2125489192211916
11
69.8149010376241392
21
-104.1944604143723296
0
LINE
8
User.Drawings
6
CONTINUOUS
10
69.8149010376241392
20
-104.1944604143723296
11
69.805111110802045
21
-104.170826120099477
0
LINE
8
User.Drawings
6
CONTINUOUS
10
69.805111110802045
20
-104.170826120099477
11
69.805111110802045
21
-104.1452441557704134
0
LINE
8
User.Drawings
6
CONTINUOUS
10
69.805111110802045
20
-104.1452441557704134
11
69.8149010376241392
21
-104.1216098614975607
0
LINE
8
User.Drawings
6
CONTINUOUS
10
69.8149010376241392
20
-104.1216098614975607
11
69.832989542472987
21
-104.103521356648713
0
LINE
8
User.Drawings
6
CONTINUOUS
10
69.832989542472987
20
-104.103521356648713
11
69.8566238367458396
21
-104.093731429826633
0
LINE
8
User.Drawings
6
CONTINUOUS
10
69.8566238367458396
20
-104.093731429826633
11
69.8694148189103714
21
-104.092471738376446
0
LINE
8
User.Drawings
6
CONTINUOUS
10
69.8694148189103714
20
-104.092471738376446
11
70.7435934796903609
21
-104.092471738376446
0
LINE
8
User.Drawings
6
CONTINUOUS
10
70.7435934796903609
20
-104.092471738376446
11
70.7563844618548927
21
-104.093731429826633
0
LINE
8
User.Drawings
6
CONTINUOUS
10
56.79316018364797
20
-98.8584493919687901
11
56.811248688496832
21
-98.876537896817652
0
LINE
8
User.Drawings
6
CONTINUOUS
10
56.811248688496832
20
-98.876537896817652
11
56.8210386153189049
21
-98.9001721910905047
0
LINE
8
User.Drawings
6
CONTINUOUS
10
56.8210386153189049
20
-98.9001721910905047
11
56.8222983067690919
21
-98.9129631732550365
0
LINE
8
User.Drawings
6
CONTINUOUS
10
56.8222983067690919
20
-98.9129631732550365
11
56.8222983067690919
21
-99.7215784344765268
0
LINE
8
User.Drawings
6
CONTINUOUS
10
56.8222983067690919
20
-99.7215784344765268
11
57.6309135679905751
21
-99.7215784344765268
0
LINE
8
User.Drawings
6
CONTINUOUS
10
57.6309135679905751
20
-99.7215784344765268
11
57.643704550155114
21
-99.7228381259267138
0
LINE
8
User.Drawings
6
CONTINUOUS
10
57.643704550155114
20
-99.7228381259267138
11
57.6673388444279595
21
-99.7326280527487796
0
LINE
8
User.Drawings
6
CONTINUOUS
10
57.6673388444279595
20
-99.7326280527487796
11
57.6854273492768144
21
-99.7507165575976416
0
LINE
8
User.Drawings
6
CONTINUOUS
10
57.6854273492768144
20
-99.7507165575976416
11
57.6952172760988944
21
-99.7743508518704942
0
LINE
8
User.Drawings
6
CONTINUOUS
10
57.6952172760988944
20
-99.7743508518704942
11
57.6952172760988944
21
-99.7999328161995578
0
LINE
8
User.Drawings
6
CONTINUOUS
10
57.6952172760988944
20
-99.7999328161995578
11
57.6854273492768144
21
-99.8235671104724105
0
LINE
8
User.Drawings
6
CONTINUOUS
10
57.6854273492768144
20
-99.8235671104724105
11
57.6673388444279595
21
-99.8416556153212582
0
LINE
8
User.Drawings
6
CONTINUOUS
10
57.6673388444279595
20
-99.8416556153212582
11
57.643704550155114
21
-99.8514455421433382
0
LINE
8
User.Drawings
6
CONTINUOUS
10
57.643704550155114
20
-99.8514455421433382
11
57.6309135679905751
21
-99.8527052335935252
0
LINE
8
User.Drawings
6
CONTINUOUS
10
57.6309135679905751
20
-99.8527052335935252
11
56.7567349072105927
21
-99.8527052335935252
0
LINE
8
User.Drawings
6
CONTINUOUS
10
56.7567349072105927
20
-99.8527052335935252
11
56.7439439250460609
21
-99.8514455421433382
0
LINE
8
User.Drawings
6
CONTINUOUS
10
56.7439439250460609
20
-99.8514455421433382
11
56.7203096307732153
21
-99.8416556153212582
0
LINE
8
User.Drawings
6
CONTINUOUS
10
56.7203096307732153
20
-99.8416556153212582
11
56.7022211259243534
21
-99.8235671104724105
0
LINE
8
User.Drawings
6
CONTINUOUS
10
56.7022211259243534
20
-99.8235671104724105
11
56.6924311991022805
21
-99.7999328161995578
0
LINE
8
User.Drawings
6
CONTINUOUS
10
56.6924311991022805
20
-99.7999328161995578
11
56.6911715076520935
21
-99.787141834035026
0
LINE
8
User.Drawings
6
CONTINUOUS
10
56.6911715076520935
20
-99.787141834035026
11
56.6911715076520935
21
-98.9129631732550365
0
LINE
8
User.Drawings
6
CONTINUOUS
10
56.6911715076520935
20
-98.9129631732550365
11
56.6924311991022805
21
-98.9001721910905047
0
LINE
8
User.Drawings
6
CONTINUOUS
10
56.6924311991022805
20
-98.9001721910905047
11
56.7022211259243534
21
-98.876537896817652
0
LINE
8
User.Drawings
6
CONTINUOUS
10
56.7022211259243534
20
-98.876537896817652
11
56.7203096307732153
21
-98.8584493919687901
0
LINE
8
User.Drawings
6
CONTINUOUS
10
56.7203096307732153
20
-98.8584493919687901
11
56.7439439250460609
21
-98.8486594651467101
0
LINE
8
User.Drawings
6
CONTINUOUS
10
56.7439439250460609
20
-98.8486594651467101
11
56.7695258893751244
21
-98.8486594651467101
0
LINE
8
User.Drawings
6
CONTINUOUS
10
56.7695258893751244
20
-98.8486594651467101
11
56.79316018364797
21
-98.8584493919687901
0
LINE
8
User.Drawings
6
CONTINUOUS
10
69.0316614345677664
20
-98.8584493919687901
11
69.0497499394166283
21
-98.876537896817652
0
LINE
8
User.Drawings
6
CONTINUOUS
10
69.0497499394166283
20
-98.876537896817652
11
69.0595398662387083
21
-98.9001721910905047
0
LINE
8
User.Drawings
6
CONTINUOUS
10
69.0595398662387083
20
-98.9001721910905047
11
69.0607995576888953
21
-98.9129631732550365
0
LINE
8
User.Drawings
6
CONTINUOUS
10
69.0607995576888953
20
-98.9129631732550365
11
69.0607995576888953
21
-99.787141834035026
0
LINE
8
User.Drawings
6
CONTINUOUS
10
69.0607995576888953
20
-99.787141834035026
11
69.0595398662387083
21
-99.7999328161995578
0
LINE
8
User.Drawings
6
CONTINUOUS
10
69.0595398662387083
20
-99.7999328161995578
11
69.0497499394166283
21
-99.8235671104724105
0
LINE
8
User.Drawings
6
CONTINUOUS
10
69.0497499394166283
20
-99.8235671104724105
11
69.0316614345677664
21
-99.8416556153212582
0
LINE
8
User.Drawings
6
CONTINUOUS
10
69.0316614345677664
20
-99.8416556153212582
11
69.0080271402949279
21
-99.8514455421433382
0
LINE
8
User.Drawings
6
CONTINUOUS
10
69.0080271402949279
20
-99.8514455421433382
11
68.9952361581303961
21
-99.8527052335935252
0
LINE
8
User.Drawings
6
CONTINUOUS
10
68.9952361581303961
20
-99.8527052335935252
11
68.1210574973504066
21
-99.8527052335935252
0
LINE
8
User.Drawings
6
CONTINUOUS
10
68.1210574973504066
20
-99.8527052335935252
11
68.1082665151858748
21
-99.8514455421433382
0
LINE
8
User.Drawings
6
CONTINUOUS
10
68.1082665151858748
20
-99.8514455421433382
11
68.0846322209130221
21
-99.8416556153212582
0
LINE
8
User.Drawings
6
CONTINUOUS
10
68.0846322209130221
20
-99.8416556153212582
11
68.0665437160641602
21
-99.8235671104724105
0
LINE
8
User.Drawings
6
CONTINUOUS
10
68.0665437160641602
20
-99.8235671104724105
11
68.0567537892420802
21
-99.7999328161995578
0
LINE
8
User.Drawings
6
CONTINUOUS
10
68.0567537892420802
20
-99.7999328161995578
11
68.0567537892420802
21
-99.7743508518704942
0
LINE
8
User.Drawings
6
CONTINUOUS
10
68.0567537892420802
20
-99.7743508518704942
11
68.0665437160641602
21
-99.7507165575976416
0
LINE
8
User.Drawings
6
CONTINUOUS
10
68.0665437160641602
20
-99.7507165575976416
11
68.0846322209130221
21
-99.7326280527487796
0
LINE
8
User.Drawings
6
CONTINUOUS
10
68.0846322209130221
20
-99.7326280527487796
11
68.1082665151858748
21
-99.7228381259267138
0
LINE
8
User.Drawings
6
CONTINUOUS
10
68.1082665151858748
20
-99.7228381259267138
11
68.1210574973504066
21
-99.7215784344765268
0
LINE
8
User.Drawings
6
CONTINUOUS
10
68.1210574973504066
20
-99.7215784344765268
11
68.9296727585718969
21
-99.7215784344765268
0
LINE
8
User.Drawings
6
CONTINUOUS
10
68.9296727585718969
20
-99.7215784344765268
11
68.9296727585718969
21
-98.9129631732550365
0
LINE
8
User.Drawings
6
CONTINUOUS
10
68.9296727585718969
20
-98.9129631732550365
11
68.9309324500220697
21
-98.9001721910905047
0
LINE
8
User.Drawings
6
CONTINUOUS
10
68.9309324500220697
20
-98.9001721910905047
11
68.9407223768441497
21
-98.876537896817652
0
LINE
8
User.Drawings
6
CONTINUOUS
10
68.9407223768441497
20
-98.876537896817652
11
68.9588108816929974
21
-98.8584493919687901
0
LINE
8
User.Drawings
6
CONTINUOUS
10
68.9588108816929974
20
-98.8584493919687901
11
68.9824451759658643
21
-98.8486594651467101
0
LINE
8
User.Drawings
6
CONTINUOUS
10
68.9824451759658643
20
-98.8486594651467101
11
69.0080271402949279
21
-98.8486594651467101
0
LINE
8
User.Drawings
6
CONTINUOUS
10
69.0080271402949279
20
-98.8486594651467101
11
69.0316614345677664
21
-98.8584493919687901
0
LINE
8
User.Drawings
6
CONTINUOUS
10
57.643704550155114
20
-87.4843368750069033
11
57.6673388444279595
21
-87.4941268018289975
0
LINE
8
User.Drawings
6
CONTINUOUS
10
57.6673388444279595
20
-87.4941268018289975
11
57.6854273492768144
21
-87.5122153066778452
0
LINE
8
User.Drawings
6
CONTINUOUS
10
57.6854273492768144
20
-87.5122153066778452
11
57.6952172760988944
21
-87.5358496009506979
0
LINE
8
User.Drawings
6
CONTINUOUS
10
57.6952172760988944
20
-87.5358496009506979
11
57.6952172760988944
21
-87.5614315652797615
0
LINE
8
User.Drawings
6
CONTINUOUS
10
57.6952172760988944
20
-87.5614315652797615
11
57.6854273492768144
21
-87.5850658595525999
0
LINE
8
User.Drawings
6
CONTINUOUS
10
57.6854273492768144
20
-87.5850658595525999
11
57.6673388444279595
21
-87.6031543644014761
0
LINE
8
User.Drawings
6
CONTINUOUS
10
57.6673388444279595
20
-87.6031543644014761
11
57.643704550155114
21
-87.6129442912235419
0
LINE
8
User.Drawings
6
CONTINUOUS
10
57.643704550155114
20
-87.6129442912235419
11
57.6309135679905751
21
-87.6142039826737289
0
LINE
8
User.Drawings
6
CONTINUOUS
10
57.6309135679905751
20
-87.6142039826737289
11
56.8222983067690919
21
-87.6142039826737289
0
LINE
8
User.Drawings
6
CONTINUOUS
10
56.8222983067690919
20
-87.6142039826737289
11
56.8222983067690919
21
-88.4228192438952192
0
LINE
8
User.Drawings
6
CONTINUOUS
10
56.8222983067690919
20
-88.4228192438952192
11
56.8210386153189049
21
-88.435610226059751
0
LINE
8
User.Drawings
6
CONTINUOUS
10
56.8210386153189049
20
-88.435610226059751
11
56.811248688496832
21
-88.4592445203326037
0
LINE
8
User.Drawings
6
CONTINUOUS
10
56.811248688496832
20
-88.4592445203326037
11
56.79316018364797
21
-88.4773330251814514
0
LINE
8
User.Drawings
6
CONTINUOUS
10
56.79316018364797
20
-88.4773330251814514
11
56.7695258893751244
21
-88.4871229520035314
0
LINE
8
User.Drawings
6
CONTINUOUS
10
56.7695258893751244
20
-88.4871229520035314
11
56.7439439250460609
21
-88.4871229520035314
0
LINE
8
User.Drawings
6
CONTINUOUS
10
56.7439439250460609
20
-88.4871229520035314
11
56.7203096307732153
21
-88.4773330251814514
0
LINE
8
User.Drawings
6
CONTINUOUS
10
56.7203096307732153
20
-88.4773330251814514
11
56.7022211259243534
21
-88.4592445203326037
0
LINE
8
User.Drawings
6
CONTINUOUS
10
56.7022211259243534
20
-88.4592445203326037
11
56.6924311991022805
21
-88.435610226059751
0
LINE
8
User.Drawings
6
CONTINUOUS
10
56.6924311991022805
20
-88.435610226059751
11
56.6911715076520935
21
-88.4228192438952192
0
LINE
8
User.Drawings
6
CONTINUOUS
10
56.6911715076520935
20
-88.4228192438952192
11
56.6911715076520935
21
-87.5486405831152297
0
LINE
8
User.Drawings
6
CONTINUOUS
10
56.6911715076520935
20
-87.5486405831152297
11
56.6924311991022805
21
-87.5358496009506979
0
LINE
8
User.Drawings
6
CONTINUOUS
10
56.6924311991022805
20
-87.5358496009506979
11
56.7022211259243534
21
-87.5122153066778452
0
LINE
8
User.Drawings
6
CONTINUOUS
10
56.7022211259243534
20
-87.5122153066778452
11
56.7203096307732153
21
-87.4941268018289975
0
LINE
8
User.Drawings
6
CONTINUOUS
10
56.7203096307732153
20
-87.4941268018289975
11
56.7439439250460609
21
-87.4843368750069033
0
LINE
8
User.Drawings
6
CONTINUOUS
10
56.7439439250460609
20
-87.4843368750069033
11
56.7567349072105927
21
-87.4830771835567305
0
LINE
8
User.Drawings
6
CONTINUOUS
10
56.7567349072105927
20
-87.4830771835567305
11
57.6309135679905751
21
-87.4830771835567305
0
LINE
8
User.Drawings
6
CONTINUOUS
10
57.6309135679905751
20
-87.4830771835567305
11
57.643704550155114
21
-87.4843368750069033
0
LINE
8
User.Drawings
6
CONTINUOUS
10
69.0080271402949279
20
-87.4843368750069033
11
69.0316614345677664
21
-87.4941268018289975
0
LINE
8
User.Drawings
6
CONTINUOUS
10
69.0316614345677664
20
-87.4941268018289975
11
69.0497499394166283
21
-87.5122153066778452
0
LINE
8
User.Drawings
6
CONTINUOUS
10
69.0497499394166283
20
-87.5122153066778452
11
69.0595398662387083
21
-87.5358496009506979
0
LINE
8
User.Drawings
6
CONTINUOUS
10
69.0595398662387083
20
-87.5358496009506979
11
69.0607995576888953
21
-87.5486405831152297
0
LINE
8
User.Drawings
6
CONTINUOUS
10
69.0607995576888953
20
-87.5486405831152297
11
69.0607995576888953
21
-88.4228192438952192
0
LINE
8
User.Drawings
6
CONTINUOUS
10
69.0607995576888953
20
-88.4228192438952192
11
69.0595398662387083
21
-88.435610226059751
0
LINE
8
User.Drawings
6
CONTINUOUS
10
69.0595398662387083
20
-88.435610226059751
11
69.0497499394166283
21
-88.4592445203326037
0
LINE
8
User.Drawings
6
CONTINUOUS
10
69.0497499394166283
20
-88.4592445203326037
11
69.0316614345677664
21
-88.4773330251814514
0
LINE
8
User.Drawings
6
CONTINUOUS
10
69.0316614345677664
20
-88.4773330251814514
11
69.0080271402949279
21
-88.4871229520035314
0
LINE
8
User.Drawings
6
CONTINUOUS
10
69.0080271402949279
20
-88.4871229520035314
11
68.9824451759658643
21
-88.4871229520035314
0
LINE
8
User.Drawings
6
CONTINUOUS
10
68.9824451759658643
20
-88.4871229520035314
11
68.9588108816929974
21
-88.4773330251814514
0
LINE
8
User.Drawings
6
CONTINUOUS
10
68.9588108816929974
20
-88.4773330251814514
11
68.9407223768441497
21
-88.4592445203326037
0
LINE
8
User.Drawings
6
CONTINUOUS
10
68.9407223768441497
20
-88.4592445203326037
11
68.9309324500220697
21
-88.435610226059751
0
LINE
8
User.Drawings
6
CONTINUOUS
10
68.9309324500220697
20
-88.435610226059751
11
68.9296727585718969
21
-88.4228192438952192
0
LINE
8
User.Drawings
6
CONTINUOUS
10
68.9296727585718969
20
-88.4228192438952192
11
68.9296727585718969
21
-87.6142039826737289
0
LINE
8
User.Drawings
6
CONTINUOUS
10
68.9296727585718969
20
-87.6142039826737289
11
68.1210574973504066
21
-87.6142039826737289
0
LINE
8
User.Drawings
6
CONTINUOUS
10
68.1210574973504066
20
-87.6142039826737289
11
68.1082665151858748
21
-87.6129442912235419
0
LINE
8
User.Drawings
6
CONTINUOUS
10
68.1082665151858748
20
-87.6129442912235419
11
68.0846322209130221
21
-87.6031543644014761
0
LINE
8
User.Drawings
6
CONTINUOUS
10
68.0846322209130221
20
-87.6031543644014761
11
68.0665437160641602
21
-87.5850658595525999
0
LINE
8
User.Drawings
6
CONTINUOUS
10
68.0665437160641602
20
-87.5850658595525999
11
68.0567537892420802
21
-87.5614315652797615
0
LINE
8
User.Drawings
6
CONTINUOUS
10
68.0567537892420802
20
-87.5614315652797615
11
68.0567537892420802
21
-87.5358496009506979
0
LINE
8
User.Drawings
6
CONTINUOUS
10
68.0567537892420802
20
-87.5358496009506979
11
68.0665437160641602
21
-87.5122153066778452
0
LINE
8
User.Drawings
6
CONTINUOUS
10
68.0665437160641602
20
-87.5122153066778452
11
68.0846322209130221
21
-87.4941268018289975
0
LINE
8
User.Drawings
6
CONTINUOUS
10
68.0846322209130221
20
-87.4941268018289975
11
68.1082665151858748
21
-87.4843368750069033
0
LINE
8
User.Drawings
6
CONTINUOUS
10
68.1082665151858748
20
-87.4843368750069033
11
68.1210574973504066
21
-87.4830771835567305
0
LINE
8
User.Drawings
6
CONTINUOUS
10
68.1210574973504066
20
-87.4830771835567305
11
68.9952361581303961
21
-87.4830771835567305
0
LINE
8
User.Drawings
6
CONTINUOUS
10
68.9952361581303961
20
-87.4830771835567305
11
69.0080271402949279
21
-87.4843368750069033
0
LINE
8
User.Drawings
6
CONTINUOUS
10
40.1990637553919044
20
-98.8529420664058875
11
40.2171522602407592
21
-98.8710305712547353
0
LINE
8
User.Drawings
6
CONTINUOUS
10
40.2171522602407592
20
-98.8710305712547353
11
40.2269421870628321
21
-98.8946648655276022
0
LINE
8
User.Drawings
6
CONTINUOUS
10
40.2269421870628321
20
-98.8946648655276022
11
40.2282018785130191
21
-98.9074558476921339
0
LINE
8
User.Drawings
6
CONTINUOUS
10
40.2282018785130191
20
-98.9074558476921339
11
40.2282018785130191
21
-99.71607110891361
0
LINE
8
User.Drawings
6
CONTINUOUS
10
40.2282018785130191
20
-99.71607110891361
11
41.0368171397345094
21
-99.71607110891361
0
LINE
8
User.Drawings
6
CONTINUOUS
10
41.0368171397345094
20
-99.71607110891361
11
41.0496081218990412
21
-99.7173308003637828
0
LINE
8
User.Drawings
6
CONTINUOUS
10
41.0496081218990412
20
-99.7173308003637828
11
41.0732424161718939
21
-99.7271207271858771
0
LINE
8
User.Drawings
6
CONTINUOUS
10
41.0732424161718939
20
-99.7271207271858771
11
41.0913309210207487
21
-99.7452092320347248
0
LINE
8
User.Drawings
6
CONTINUOUS
10
41.0913309210207487
20
-99.7452092320347248
11
41.1011208478428287
21
-99.7688435263075775
0
LINE
8
User.Drawings
6
CONTINUOUS
10
41.1011208478428287
20
-99.7688435263075775
11
41.1011208478428287
21
-99.794425490636641
0
LINE
8
User.Drawings
6
CONTINUOUS
10
41.1011208478428287
20
-99.794425490636641
11
41.0913309210207487
21
-99.8180597849094795
0
LINE
8
User.Drawings
6
CONTINUOUS
10
41.0913309210207487
20
-99.8180597849094795
11
41.0732424161718939
21
-99.8361482897583556
0
LINE
8
User.Drawings
6
CONTINUOUS
10
41.0732424161718939
20
-99.8361482897583556
11
41.0496081218990412
21
-99.8459382165804215
0
LINE
8
User.Drawings
6
CONTINUOUS
10
41.0496081218990412
20
-99.8459382165804215
11
41.0368171397345094
21
-99.8471979080306085
0
LINE
8
User.Drawings
6
CONTINUOUS
10
41.0368171397345094
20
-99.8471979080306085
11
40.1626384789545199
21
-99.8471979080306085
0
LINE
8
User.Drawings
6
CONTINUOUS
10
40.1626384789545199
20
-99.8471979080306085
11
40.1498474967899881
21
-99.8459382165804215
0
LINE
8
User.Drawings
6
CONTINUOUS
10
40.1498474967899881
20
-99.8459382165804215
11
40.1262132025171425
21
-99.8361482897583556
0
LINE
8
User.Drawings
6
CONTINUOUS
10
40.1262132025171425
20
-99.8361482897583556
11
40.1081246976682806
21
-99.8180597849094795
0
LINE
8
User.Drawings
6
CONTINUOUS
10
40.1081246976682806
20
-99.8180597849094795
11
40.0983347708462077
21
-99.794425490636641
0
LINE
8
User.Drawings
6
CONTINUOUS
10
40.0983347708462077
20
-99.794425490636641
11
40.0970750793960207
21
-99.7816345084721092
0
LINE
8
User.Drawings
6
CONTINUOUS
10
40.0970750793960207
20
-99.7816345084721092
11
40.0970750793960207
21
-98.9074558476921339
0
LINE
8
User.Drawings
6
CONTINUOUS
10
40.0970750793960207
20
-98.9074558476921339
11
40.0983347708462077
21
-98.8946648655276022
0
LINE
8
User.Drawings
6
CONTINUOUS
10
40.0983347708462077
20
-98.8946648655276022
11
40.1081246976682806
21
-98.8710305712547353
0
LINE
8
User.Drawings
6
CONTINUOUS
10
40.1081246976682806
20
-98.8710305712547353
11
40.1262132025171425
21
-98.8529420664058875
0
LINE
8
User.Drawings
6
CONTINUOUS
10
40.1262132025171425
20
-98.8529420664058875
11
40.1498474967899881
21
-98.8431521395838075
0
LINE
8
User.Drawings
6
CONTINUOUS
10
40.1498474967899881
20
-98.8431521395838075
11
40.1754294611190517
21
-98.8431521395838075
0
LINE
8
User.Drawings
6
CONTINUOUS
10
40.1754294611190517
20
-98.8431521395838075
11
40.1990637553919044
21
-98.8529420664058875
0
LINE
8
User.Drawings
6
CONTINUOUS
10
52.4375650063117007
20
-98.8529420664058875
11
52.4556535111605555
21
-98.8710305712547353
0
LINE
8
User.Drawings
6
CONTINUOUS
10
52.4556535111605555
20
-98.8710305712547353
11
52.4654434379826284
21
-98.8946648655276022
0
LINE
8
User.Drawings
6
CONTINUOUS
10
52.4654434379826284
20
-98.8946648655276022
11
52.4667031294328154
21
-98.9074558476921339
0
LINE
8
User.Drawings
6
CONTINUOUS
10
52.4667031294328154
20
-98.9074558476921339
11
52.4667031294328154
21
-99.7816345084721092
0
LINE
8
User.Drawings
6
CONTINUOUS
10
52.4667031294328154
20
-99.7816345084721092
11
52.4654434379826284
21
-99.794425490636641
0
LINE
8
User.Drawings
6
CONTINUOUS
10
52.4654434379826284
20
-99.794425490636641
11
52.4556535111605555
21
-99.8180597849094795
0
LINE
8
User.Drawings
6
CONTINUOUS
10
52.4556535111605555
20
-99.8180597849094795
11
52.4375650063117007
21
-99.8361482897583556
0
LINE
8
User.Drawings
6
CONTINUOUS
10
52.4375650063117007
20
-99.8361482897583556
11
52.413930712038848
21
-99.8459382165804215
0
LINE
8
User.Drawings
6
CONTINUOUS
10
52.413930712038848
20
-99.8459382165804215
11
52.4011397298743162
21
-99.8471979080306085
0
LINE
8
User.Drawings
6
CONTINUOUS
10
52.4011397298743162
20
-99.8471979080306085
11
51.5269610690943338
21
-99.8471979080306085
0
LINE
8
User.Drawings
6
CONTINUOUS
10
51.5269610690943338
20
-99.8471979080306085
11
51.514170086929802
21
-99.8459382165804215
0
LINE
8
User.Drawings
6
CONTINUOUS
10
51.514170086929802
20
-99.8459382165804215
11
51.4905357926569494
21
-99.8361482897583556
0
LINE
8
User.Drawings
6
CONTINUOUS
10
51.4905357926569494
20
-99.8361482897583556
11
51.4724472878080945
21
-99.8180597849094795
0
LINE
8
User.Drawings
6
CONTINUOUS
10
51.4724472878080945
20
-99.8180597849094795
11
51.4626573609860145
21
-99.794425490636641
0
LINE
8
User.Drawings
6
CONTINUOUS
10
51.4626573609860145
20
-99.794425490636641
11
51.4626573609860145
21
-99.7688435263075775
0
LINE
8
User.Drawings
6
CONTINUOUS
10
51.4626573609860145
20
-99.7688435263075775
11
51.4724472878080945
21
-99.7452092320347248
0
LINE
8
User.Drawings
6
CONTINUOUS
10
51.4724472878080945
20
-99.7452092320347248
11
51.4905357926569494
21
-99.7271207271858771
0
LINE
8
User.Drawings
6
CONTINUOUS
10
51.4905357926569494
20
-99.7271207271858771
11
51.514170086929802
21
-99.7173308003637828
0
LINE
8
User.Drawings
6
CONTINUOUS
10
51.514170086929802
20
-99.7173308003637828
11
51.5269610690943338
21
-99.71607110891361
0
LINE
8
User.Drawings
6
CONTINUOUS
10
51.5269610690943338
20
-99.71607110891361
11
52.335576330315817
21
-99.71607110891361
0
LINE
8
User.Drawings
6
CONTINUOUS
10
52.335576330315817
20
-99.71607110891361
11
52.335576330315817
21
-98.9074558476921339
0
LINE
8
User.Drawings
6
CONTINUOUS
10
52.335576330315817
20
-98.9074558476921339
11
52.336836021766004
21
-98.8946648655276022
0
LINE
8
User.Drawings
6
CONTINUOUS
10
52.336836021766004
20
-98.8946648655276022
11
52.3466259485880769
21
-98.8710305712547353
0
LINE
8
User.Drawings
6
CONTINUOUS
10
52.3466259485880769
20
-98.8710305712547353
11
52.3647144534369389
21
-98.8529420664058875
0
LINE
8
User.Drawings
6
CONTINUOUS
10
52.3647144534369389
20
-98.8529420664058875
11
52.3883487477097844
21
-98.8431521395838075
0
LINE
8
User.Drawings
6
CONTINUOUS
10
52.3883487477097844
20
-98.8431521395838075
11
52.413930712038848
21
-98.8431521395838075
0
LINE
8
User.Drawings
6
CONTINUOUS
10
52.413930712038848
20
-98.8431521395838075
11
52.4375650063117007
21
-98.8529420664058875
0
LINE
8
User.Drawings
6
CONTINUOUS
10
41.0496081218990412
20
-87.4788295494440007
11
41.0732424161718939
21
-87.4886194762660807
0
LINE
8
User.Drawings
6
CONTINUOUS
10
41.0732424161718939
20
-87.4886194762660807
11
41.0913309210207487
21
-87.5067079811149284
0
LINE
8
User.Drawings
6
CONTINUOUS
10
41.0913309210207487
20
-87.5067079811149284
11
41.1011208478428287
21
-87.5303422753877811
0
LINE
8
User.Drawings
6
CONTINUOUS
10
41.1011208478428287
20
-87.5303422753877811
11
41.1011208478428287
21
-87.5559242397168589
0
LINE
8
User.Drawings
6
CONTINUOUS
10
41.1011208478428287
20
-87.5559242397168589
11
41.0913309210207487
21
-87.5795585339896974
0
LINE
8
User.Drawings
6
CONTINUOUS
10
41.0913309210207487
20
-87.5795585339896974
11
41.0732424161718939
21
-87.5976470388385593
0
LINE
8
User.Drawings
6
CONTINUOUS
10
41.0732424161718939
20
-87.5976470388385593
11
41.0496081218990412
21
-87.6074369656606251
0
LINE
8
User.Drawings
6
CONTINUOUS
10
41.0496081218990412
20
-87.6074369656606251
11
41.0368171397345094
21
-87.6086966571108263
0
LINE
8
User.Drawings
6
CONTINUOUS
10
41.0368171397345094
20
-87.6086966571108263
11
40.2282018785130191
21
-87.6086966571108263
0
LINE
8
User.Drawings
6
CONTINUOUS
10
40.2282018785130191
20
-87.6086966571108263
11
40.2282018785130191
21
-88.4173119183323024
0
LINE
8
User.Drawings
6
CONTINUOUS
10
40.2282018785130191
20
-88.4173119183323024
11
40.2269421870628321
21
-88.4301029004968342
0
LINE
8
User.Drawings
6
CONTINUOUS
10
40.2269421870628321
20
-88.4301029004968342
11
40.2171522602407592
21
-88.4537371947696727
0
LINE
8
User.Drawings
6
CONTINUOUS
10
40.2171522602407592
20
-88.4537371947696727
11
40.1990637553919044
21
-88.4718256996185488
0
LINE
8
User.Drawings
6
CONTINUOUS
10
40.1990637553919044
20
-88.4718256996185488
11
40.1754294611190517
21
-88.4816156264406146
0
LINE
8
User.Drawings
6
CONTINUOUS
10
40.1754294611190517
20
-88.4816156264406146
11
40.1498474967899881
21
-88.4816156264406146
0
LINE
8
User.Drawings
6
CONTINUOUS
10
40.1498474967899881
20
-88.4816156264406146
11
40.1262132025171425
21
-88.4718256996185488
0
LINE
8
User.Drawings
6
CONTINUOUS
10
40.1262132025171425
20
-88.4718256996185488
11
40.1081246976682806
21
-88.4537371947696727
0
LINE
8
User.Drawings
6
CONTINUOUS
10
40.1081246976682806
20
-88.4537371947696727
11
40.0983347708462077
21
-88.4301029004968342
0
LINE
8
User.Drawings
6
CONTINUOUS
10
40.0983347708462077
20
-88.4301029004968342
11
40.0970750793960207
21
-88.4173119183323024
0
LINE
8
User.Drawings
6
CONTINUOUS
10
40.0970750793960207
20
-88.4173119183323024
11
40.0970750793960207
21
-87.5431332575523271
0
LINE
8
User.Drawings
6
CONTINUOUS
10
40.0970750793960207
20
-87.5431332575523271
11
40.0983347708462077
21
-87.5303422753877811
0
LINE
8
User.Drawings
6
CONTINUOUS
10
40.0983347708462077
20
-87.5303422753877811
11
40.1081246976682806
21
-87.5067079811149284
0
LINE
8
User.Drawings
6
CONTINUOUS
10
40.1081246976682806
20
-87.5067079811149284
11
40.1262132025171425
21
-87.4886194762660807
0
LINE
8
User.Drawings
6
CONTINUOUS
10
40.1262132025171425
20
-87.4886194762660807
11
40.1498474967899881
21
-87.4788295494440007
0
LINE
8
User.Drawings
6
CONTINUOUS
10
40.1498474967899881
20
-87.4788295494440007
11
40.1626384789545199
21
-87.4775698579938279
0
LINE
8
User.Drawings
6
CONTINUOUS
10
40.1626384789545199
20
-87.4775698579938279
11
41.0368171397345094
21
-87.4775698579938279
0
LINE
8
User.Drawings
6
CONTINUOUS
10
41.0368171397345094
20
-87.4775698579938279
11
41.0496081218990412
21
-87.4788295494440007
0
LINE
8
User.Drawings
6
CONTINUOUS
10
52.413930712038848
20
-87.4788295494440007
11
52.4375650063117007
21
-87.4886194762660807
0
LINE
8
User.Drawings
6
CONTINUOUS
10
52.4375650063117007
20
-87.4886194762660807
11
52.4556535111605555
21
-87.5067079811149284
0
LINE
8
User.Drawings
6
CONTINUOUS
10
52.4556535111605555
20
-87.5067079811149284
11
52.4654434379826284
21
-87.5303422753877811
0
LINE
8
User.Drawings
6
CONTINUOUS
10
52.4654434379826284
20
-87.5303422753877811
11
52.4667031294328154
21
-87.5431332575523271
0
LINE
8
User.Drawings
6
CONTINUOUS
10
52.4667031294328154
20
-87.5431332575523271
11
52.4667031294328154
21
-88.4173119183323024
0
LINE
8
User.Drawings
6
CONTINUOUS
10
52.4667031294328154
20
-88.4173119183323024
11
52.4654434379826284
21
-88.4301029004968342
0
LINE
8
User.Drawings
6
CONTINUOUS
10
52.4654434379826284
20
-88.4301029004968342
11
52.4556535111605555
21
-88.4537371947696727
0
LINE
8
User.Drawings
6
CONTINUOUS
10
52.4556535111605555
20
-88.4537371947696727
11
52.4375650063117007
21
-88.4718256996185488
0
LINE
8
User.Drawings
6
CONTINUOUS
10
52.4375650063117007
20
-88.4718256996185488
11
52.413930712038848
21
-88.4816156264406146
0
LINE
8
User.Drawings
6
CONTINUOUS
10
52.413930712038848
20
-88.4816156264406146
11
52.3883487477097844
21
-88.4816156264406146
0
LINE
8
User.Drawings
6
CONTINUOUS
10
52.3883487477097844
20
-88.4816156264406146
11
52.3647144534369389
21
-88.4718256996185488
0
LINE
8
User.Drawings
6
CONTINUOUS
10
52.3647144534369389
20
-88.4718256996185488
11
52.3466259485880769
21
-88.4537371947696727
0
LINE
8
User.Drawings
6
CONTINUOUS
10
52.3466259485880769
20
-88.4537371947696727
11
52.336836021766004
21
-88.4301029004968342
0
LINE
8
User.Drawings
6
CONTINUOUS
10
52.336836021766004
20
-88.4301029004968342
11
52.335576330315817
21
-88.4173119183323024
0
LINE
8
User.Drawings
6
CONTINUOUS
10
52.335576330315817
20
-88.4173119183323024
11
52.335576330315817
21
-87.6086966571108263
0
LINE
8
User.Drawings
6
CONTINUOUS
10
52.335576330315817
20
-87.6086966571108263
11
51.5269610690943338
21
-87.6086966571108263
0
LINE
8
User.Drawings
6
CONTINUOUS
10
51.5269610690943338
20
-87.6086966571108263
11
51.514170086929802
21
-87.6074369656606251
0
LINE
8
User.Drawings
6
CONTINUOUS
10
51.514170086929802
20
-87.6074369656606251
11
51.4905357926569494
21
-87.5976470388385593
0
LINE
8
User.Drawings
6
CONTINUOUS
10
51.4905357926569494
20
-87.5976470388385593
11
51.4724472878080945
21
-87.5795585339896974
0
LINE
8
User.Drawings
6
CONTINUOUS
10
51.4724472878080945
20
-87.5795585339896974
11
51.4626573609860145
21
-87.5559242397168589
0
LINE
8
User.Drawings
6
CONTINUOUS
10
51.4626573609860145
20
-87.5559242397168589
11
51.4626573609860145
21
-87.5303422753877811
0
LINE
8
User.Drawings
6
CONTINUOUS
10
51.4626573609860145
20
-87.5303422753877811
11
51.4724472878080945
21
-87.5067079811149284
0
LINE
8
User.Drawings
6
CONTINUOUS
10
51.4724472878080945
20
-87.5067079811149284
11
51.4905357926569494
21
-87.4886194762660807
0
LINE
8
User.Drawings
6
CONTINUOUS
10
51.4905357926569494
20
-87.4886194762660807
11
51.514170086929802
21
-87.4788295494440007
0
LINE
8
User.Drawings
6
CONTINUOUS
10
51.514170086929802
20
-87.4788295494440007
11
51.5269610690943338
21
-87.4775698579938279
0
LINE
8
User.Drawings
6
CONTINUOUS
10
51.5269610690943338
20
-87.4775698579938279
11
52.4011397298743162
21
-87.4775698579938279
0
LINE
8
User.Drawings
6
CONTINUOUS
10
52.4011397298743162
20
-87.4775698579938279
11
52.413930712038848
21
-87.4788295494440007
0
LINE
8
User.Drawings
6
CONTINUOUS
10
56.79316018364797
20
-82.2490548371490746
11
56.811248688496832
21
-82.2671433419979365
0
LINE
8
User.Drawings
6
CONTINUOUS
10
56.811248688496832
20
-82.2671433419979365
11
56.8210386153189049
21
-82.2907776362707892
0
LINE
8
User.Drawings
6
CONTINUOUS
10
56.8210386153189049
20
-82.2907776362707892
11
56.8222983067690919
21
-82.303568618435321
0
LINE
8
User.Drawings
6
CONTINUOUS
10
56.8222983067690919
20
-82.303568618435321
11
56.8222983067690919
21
-83.1121838796567971
0
LINE
8
User.Drawings
6
CONTINUOUS
10
56.8222983067690919
20
-83.1121838796567971
11
57.6309135679905751
21
-83.1121838796567971
0
LINE
8
User.Drawings
6
CONTINUOUS
10
57.6309135679905751
20
-83.1121838796567971
11
57.643704550155114
21
-83.1134435711069841
0
LINE
8
User.Drawings
6
CONTINUOUS
10
57.643704550155114
20
-83.1134435711069841
11
57.6673388444279595
21
-83.1232334979290641
0
LINE
8
User.Drawings
6
CONTINUOUS
10
57.6673388444279595
20
-83.1232334979290641
11
57.6854273492768144
21
-83.1413220027779118
0
LINE
8
User.Drawings
6
CONTINUOUS
10
57.6854273492768144
20
-83.1413220027779118
11
57.6952172760988944
21
-83.1649562970507645
0
LINE
8
User.Drawings
6
CONTINUOUS
10
57.6952172760988944
20
-83.1649562970507645
11
57.6952172760988944
21
-83.1905382613798281
0
LINE
8
User.Drawings
6
CONTINUOUS
10
57.6952172760988944
20
-83.1905382613798281
11
57.6854273492768144
21
-83.214172555652695
0
LINE
8
User.Drawings
6
CONTINUOUS
10
57.6854273492768144
20
-83.214172555652695
11
57.6673388444279595
21
-83.2322610605015427
0
LINE
8
User.Drawings
6
CONTINUOUS
10
57.6673388444279595
20
-83.2322610605015427
11
57.643704550155114
21
-83.2420509873236227
0
LINE
8
User.Drawings
6
CONTINUOUS
10
57.643704550155114
20
-83.2420509873236227
11
57.6309135679905751
21
-83.2433106787737955
0
LINE
8
User.Drawings
6
CONTINUOUS
10
57.6309135679905751
20
-83.2433106787737955
11
56.7567349072105927
21
-83.2433106787737955
0
LINE
8
User.Drawings
6
CONTINUOUS
10
56.7567349072105927
20
-83.2433106787737955
11
56.7439439250460609
21
-83.2420509873236227
0
LINE
8
User.Drawings
6
CONTINUOUS
10
56.7439439250460609
20
-83.2420509873236227
11
56.7203096307732153
21
-83.2322610605015427
0
LINE
8
User.Drawings
6
CONTINUOUS
10
56.7203096307732153
20
-83.2322610605015427
11
56.7022211259243534
21
-83.214172555652695
0
LINE
8
User.Drawings
6
CONTINUOUS
10
56.7022211259243534
20
-83.214172555652695
11
56.6924311991022805
21
-83.1905382613798281
0
LINE
8
User.Drawings
6
CONTINUOUS
10
56.6924311991022805
20
-83.1905382613798281
11
56.6911715076520935
21
-83.1777472792152963
0
LINE
8
User.Drawings
6
CONTINUOUS
10
56.6911715076520935
20
-83.1777472792152963
11
56.6911715076520935
21
-82.303568618435321
0
LINE
8
User.Drawings
6
CONTINUOUS
10
56.6911715076520935
20
-82.303568618435321
11
56.6924311991022805
21
-82.2907776362707892
0
LINE
8
User.Drawings
6
CONTINUOUS
10
56.6924311991022805
20
-82.2907776362707892
11
56.7022211259243534
21
-82.2671433419979365
0
LINE
8
User.Drawings
6
CONTINUOUS
10
56.7022211259243534
20
-82.2671433419979365
11
56.7203096307732153
21
-82.2490548371490746
0
LINE
8
User.Drawings
6
CONTINUOUS
10
56.7203096307732153
20
-82.2490548371490746
11
56.7439439250460609
21
-82.2392649103269946
0
LINE
8
User.Drawings
6
CONTINUOUS
10
56.7439439250460609
20
-82.2392649103269946
11
56.7695258893751244
21
-82.2392649103269946
0
LINE
8
User.Drawings
6
CONTINUOUS
10
56.7695258893751244
20
-82.2392649103269946
11
56.79316018364797
21
-82.2490548371490746
0
LINE
8
User.Drawings
6
CONTINUOUS
10
69.0316614345677664
20
-82.2490548371490746
11
69.0497499394166283
21
-82.2671433419979365
0
LINE
8
User.Drawings
6
CONTINUOUS
10
69.0497499394166283
20
-82.2671433419979365
11
69.0595398662387083
21
-82.2907776362707892
0
LINE
8
User.Drawings
6
CONTINUOUS
10
69.0595398662387083
20
-82.2907776362707892
11
69.0607995576888953
21
-82.303568618435321
0
LINE
8
User.Drawings
6
CONTINUOUS
10
69.0607995576888953
20
-82.303568618435321
11
69.0607995576888953
21
-83.1777472792152963
0
LINE
8
User.Drawings
6
CONTINUOUS
10
69.0607995576888953
20
-83.1777472792152963
11
69.0595398662387083
21
-83.1905382613798281
0
LINE
8
User.Drawings
6
CONTINUOUS
10
69.0595398662387083
20
-83.1905382613798281
11
69.0497499394166283
21
-83.214172555652695
0
LINE
8
User.Drawings
6
CONTINUOUS
10
69.0497499394166283
20
-83.214172555652695
11
69.0316614345677664
21
-83.2322610605015427
0
LINE
8
User.Drawings
6
CONTINUOUS
10
69.0316614345677664
20
-83.2322610605015427
11
69.0080271402949279
21
-83.2420509873236227
0
LINE
8
User.Drawings
6
CONTINUOUS
10
69.0080271402949279
20
-83.2420509873236227
11
68.9952361581303961
21
-83.2433106787737955
0
LINE
8
User.Drawings
6
CONTINUOUS
10
68.9952361581303961
20
-83.2433106787737955
11
68.1210574973504066
21
-83.2433106787737955
0
LINE
8
User.Drawings
6
CONTINUOUS
10
68.1210574973504066
20
-83.2433106787737955
11
68.1082665151858748
21
-83.2420509873236227
0
LINE
8
User.Drawings
6
CONTINUOUS
10
68.1082665151858748
20
-83.2420509873236227
11
68.0846322209130221
21
-83.2322610605015427
0
LINE
8
User.Drawings
6
CONTINUOUS
10
68.0846322209130221
20
-83.2322610605015427
11
68.0665437160641602
21
-83.214172555652695
0
LINE
8
User.Drawings
6
CONTINUOUS
10
68.0665437160641602
20
-83.214172555652695
11
68.0567537892420802
21
-83.1905382613798281
0
LINE
8
User.Drawings
6
CONTINUOUS
10
68.0567537892420802
20
-83.1905382613798281
11
68.0567537892420802
21
-83.1649562970507645
0
LINE
8
User.Drawings
6
CONTINUOUS
10
68.0567537892420802
20
-83.1649562970507645
11
68.0665437160641602
21
-83.1413220027779118
0
LINE
8
User.Drawings
6
CONTINUOUS
10
68.0665437160641602
20
-83.1413220027779118
11
68.0846322209130221
21
-83.1232334979290641
0
LINE
8
User.Drawings
6
CONTINUOUS
10
68.0846322209130221
20
-83.1232334979290641
11
68.1082665151858748
21
-83.1134435711069841
0
LINE
8
User.Drawings
6
CONTINUOUS
10
68.1082665151858748
20
-83.1134435711069841
11
68.1210574973504066
21
-83.1121838796567971
0
LINE
8
User.Drawings
6
CONTINUOUS
10
68.1210574973504066
20
-83.1121838796567971
11
68.9296727585718969
21
-83.1121838796567971
0
LINE
8
User.Drawings
6
CONTINUOUS
10
68.9296727585718969
20
-83.1121838796567971
11
68.9296727585718969
21
-82.303568618435321
0
LINE
8
User.Drawings
6
CONTINUOUS
10
68.9296727585718969
20
-82.303568618435321
11
68.9309324500220697
21
-82.2907776362707892
0
LINE
8
User.Drawings
6
CONTINUOUS
10
68.9309324500220697
20
-82.2907776362707892
11
68.9407223768441497
21
-82.2671433419979365
0
LINE
8
User.Drawings
6
CONTINUOUS
10
68.9407223768441497
20
-82.2671433419979365
11
68.9588108816929974
21
-82.2490548371490746
0
LINE
8
User.Drawings
6
CONTINUOUS
10
68.9588108816929974
20
-82.2490548371490746
11
68.9824451759658643
21
-82.2392649103269946
0
LINE
8
User.Drawings
6
CONTINUOUS
10
68.9824451759658643
20
-82.2392649103269946
11
69.0080271402949279
21
-82.2392649103269946
0
LINE
8
User.Drawings
6
CONTINUOUS
10
69.0080271402949279
20
-82.2392649103269946
11
69.0316614345677664
21
-82.2490548371490746
0
LINE
8
User.Drawings
6
CONTINUOUS
10
57.643704550155114
20
-70.8749423201871878
11
57.6673388444279595
21
-70.8847322470092678
0
LINE
8
User.Drawings
6
CONTINUOUS
10
57.6673388444279595
20
-70.8847322470092678
11
57.6854273492768144
21
-70.9028207518581297
0
LINE
8
User.Drawings
6
CONTINUOUS
10
57.6854273492768144
20
-70.9028207518581297
11
57.6952172760988944
21
-70.9264550461309824
0
LINE
8
User.Drawings
6
CONTINUOUS
10
57.6952172760988944
20
-70.9264550461309824
11
57.6952172760988944
21
-70.952037010460046
0
LINE
8
User.Drawings
6
CONTINUOUS
10
57.6952172760988944
20
-70.952037010460046
11
57.6854273492768144
21
-70.9756713047328844
0
LINE
8
User.Drawings
6
CONTINUOUS
10
57.6854273492768144
20
-70.9756713047328844
11
57.6673388444279595
21
-70.9937598095817464
0
LINE
8
User.Drawings
6
CONTINUOUS
10
57.6673388444279595
20
-70.9937598095817464
11
57.643704550155114
21
-71.0035497364038264
0
LINE
8
User.Drawings
6
CONTINUOUS
10
57.643704550155114
20
-71.0035497364038264
11
57.6309135679905751
21
-71.0048094278540134
0
LINE
8
User.Drawings
6
CONTINUOUS
10
57.6309135679905751
20
-71.0048094278540134
11
56.8222983067690919
21
-71.0048094278540134
0
LINE
8
User.Drawings
6
CONTINUOUS
10
56.8222983067690919
20
-71.0048094278540134
11
56.8222983067690919
21
-71.8134246890754895
0
LINE
8
User.Drawings
6
CONTINUOUS
10
56.8222983067690919
20
-71.8134246890754895
11
56.8210386153189049
21
-71.8262156712400355
0
LINE
8
User.Drawings
6
CONTINUOUS
10
56.8210386153189049
20
-71.8262156712400355
11
56.811248688496832
21
-71.849849965512874
0
LINE
8
User.Drawings
6
CONTINUOUS
10
56.811248688496832
20
-71.849849965512874
11
56.79316018364797
21
-71.8679384703617359
0
LINE
8
User.Drawings
6
CONTINUOUS
10
56.79316018364797
20
-71.8679384703617359
11
56.7695258893751244
21
-71.8777283971838017
0
LINE
8
User.Drawings
6
CONTINUOUS
10
56.7695258893751244
20
-71.8777283971838017
11
56.7439439250460609
21
-71.8777283971838017
0
LINE
8
User.Drawings
6
CONTINUOUS
10
56.7439439250460609
20
-71.8777283971838017
11
56.7203096307732153
21
-71.8679384703617359
0
LINE
8
User.Drawings
6
CONTINUOUS
10
56.7203096307732153
20
-71.8679384703617359
11
56.7022211259243534
21
-71.849849965512874
0
LINE
8
User.Drawings
6
CONTINUOUS
10
56.7022211259243534
20
-71.849849965512874
11
56.6924311991022805
21
-71.8262156712400355
0
LINE
8
User.Drawings
6
CONTINUOUS
10
56.6924311991022805
20
-71.8262156712400355
11
56.6911715076520935
21
-71.8134246890754895
0
LINE
8
User.Drawings
6
CONTINUOUS
10
56.6911715076520935
20
-71.8134246890754895
11
56.6911715076520935
21
-70.9392460282955142
0
LINE
8
User.Drawings
6
CONTINUOUS
10
56.6911715076520935
20
-70.9392460282955142
11
56.6924311991022805
21
-70.9264550461309824
0
LINE
8
User.Drawings
6
CONTINUOUS
10
56.6924311991022805
20
-70.9264550461309824
11
56.7022211259243534
21
-70.9028207518581297
0
LINE
8
User.Drawings
6
CONTINUOUS
10
56.7022211259243534
20
-70.9028207518581297
11
56.7203096307732153
21
-70.8847322470092678
0
LINE
8
User.Drawings
6
CONTINUOUS
10
56.7203096307732153
20
-70.8847322470092678
11
56.7439439250460609
21
-70.8749423201871878
0
LINE
8
User.Drawings
6
CONTINUOUS
10
56.7439439250460609
20
-70.8749423201871878
11
56.7567349072105927
21
-70.873682628737015
0
LINE
8
User.Drawings
6
CONTINUOUS
10
56.7567349072105927
20
-70.873682628737015
11
57.6309135679905751
21
-70.873682628737015
0
LINE
8
User.Drawings
6
CONTINUOUS
10
57.6309135679905751
20
-70.873682628737015
11
57.643704550155114
21
-70.8749423201871878
0
LINE
8
User.Drawings
6
CONTINUOUS
10
69.0080271402949279
20
-70.8749423201871878
11
69.0316614345677664
21
-70.8847322470092678
0
LINE
8
User.Drawings
6
CONTINUOUS
10
69.0316614345677664
20
-70.8847322470092678
11
69.0497499394166283
21
-70.9028207518581297
0
LINE
8
User.Drawings
6
CONTINUOUS
10
69.0497499394166283
20
-70.9028207518581297
11
69.0595398662387083
21
-70.9264550461309824
0
LINE
8
User.Drawings
6
CONTINUOUS
10
69.0595398662387083
20
-70.9264550461309824
11
69.0607995576888953
21
-70.9392460282955142
0
LINE
8
User.Drawings
6
CONTINUOUS
10
69.0607995576888953
20
-70.9392460282955142
11
69.0607995576888953
21
-71.8134246890754895
0
LINE
8
User.Drawings
6
CONTINUOUS
10
69.0607995576888953
20
-71.8134246890754895
11
69.0595398662387083
21
-71.8262156712400355
0
LINE
8
User.Drawings
6
CONTINUOUS
10
69.0595398662387083
20
-71.8262156712400355
11
69.0497499394166283
21
-71.849849965512874
0
LINE
8
User.Drawings
6
CONTINUOUS
10
69.0497499394166283
20
-71.849849965512874
11
69.0316614345677664
21
-71.8679384703617359
0
LINE
8
User.Drawings
6
CONTINUOUS
10
69.0316614345677664
20
-71.8679384703617359
11
69.0080271402949279
21
-71.8777283971838017
0
LINE
8
User.Drawings
6
CONTINUOUS
10
69.0080271402949279
20
-71.8777283971838017
11
68.9824451759658643
21
-71.8777283971838017
0
LINE
8
User.Drawings
6
CONTINUOUS
10
68.9824451759658643
20
-71.8777283971838017
11
68.9588108816929974
21
-71.8679384703617359
0
LINE
8
User.Drawings
6
CONTINUOUS
10
68.9588108816929974
20
-71.8679384703617359
11
68.9407223768441497
21
-71.849849965512874
0
LINE
8
User.Drawings
6
CONTINUOUS
10
68.9407223768441497
20
-71.849849965512874
11
68.9309324500220697
21
-71.8262156712400355
0
LINE
8
User.Drawings
6
CONTINUOUS
10
68.9309324500220697
20
-71.8262156712400355
11
68.9296727585718969
21
-71.8134246890754895
0
LINE
8
User.Drawings
6
CONTINUOUS
10
68.9296727585718969
20
-71.8134246890754895
11
68.9296727585718969
21
-71.0048094278540134
0
LINE
8
User.Drawings
6
CONTINUOUS
10
68.9296727585718969
20
-71.0048094278540134
11
68.1210574973504066
21
-71.0048094278540134
0
LINE
8
User.Drawings
6
CONTINUOUS
10
68.1210574973504066
20
-71.0048094278540134
11
68.1082665151858748
21
-71.0035497364038264
0
LINE
8
User.Drawings
6
CONTINUOUS
10
68.1082665151858748
20
-71.0035497364038264
11
68.0846322209130221
21
-70.9937598095817464
0
LINE
8
User.Drawings
6
CONTINUOUS
10
68.0846322209130221
20
-70.9937598095817464
11
68.0665437160641602
21
-70.9756713047328844
0
LINE
8
User.Drawings
6
CONTINUOUS
10
68.0665437160641602
20
-70.9756713047328844
11
68.0567537892420802
21
-70.952037010460046
0
LINE
8
User.Drawings
6
CONTINUOUS
10
68.0567537892420802
20
-70.952037010460046
11
68.0567537892420802
21
-70.9264550461309824
0
LINE
8
User.Drawings
6
CONTINUOUS
10
68.0567537892420802
20
-70.9264550461309824
11
68.0665437160641602
21
-70.9028207518581297
0
LINE
8
User.Drawings
6
CONTINUOUS
10
68.0665437160641602
20
-70.9028207518581297
11
68.0846322209130221
21
-70.8847322470092678
0
LINE
8
User.Drawings
6
CONTINUOUS
10
68.0846322209130221
20
-70.8847322470092678
11
68.1082665151858748
21
-70.8749423201871878
0
LINE
8
User.Drawings
6
CONTINUOUS
10
68.1082665151858748
20
-70.8749423201871878
11
68.1210574973504066
21
-70.873682628737015
0
LINE
8
User.Drawings
6
CONTINUOUS
10
68.1210574973504066
20
-70.873682628737015
11
68.9952361581303961
21
-70.873682628737015
0
LINE
8
User.Drawings
6
CONTINUOUS
10
68.9952361581303961
20
-70.873682628737015
11
69.0080271402949279
21
-70.8749423201871878
0
LINE
8
User.Drawings
6
CONTINUOUS
10
40.1837656288282545
20
-82.2490548371490746
11
40.2018541336771165
21
-82.2671433419979365
0
LINE
8
User.Drawings
6
CONTINUOUS
10
40.2018541336771165
20
-82.2671433419979365
11
40.2116440604991894
21
-82.2907776362707892
0
LINE
8
User.Drawings
6
CONTINUOUS
10
40.2116440604991894
20
-82.2907776362707892
11
40.2129037519493764
21
-82.303568618435321
0
LINE
8
User.Drawings
6
CONTINUOUS
10
40.2129037519493764
20
-82.303568618435321
11
40.2129037519493764
21
-83.1121838796567971
0
LINE
8
User.Drawings
6
CONTINUOUS
10
40.2129037519493764
20
-83.1121838796567971
11
41.0215190131708596
21
-83.1121838796567971
0
LINE
8
User.Drawings
6
CONTINUOUS
10
41.0215190131708596
20
-83.1121838796567971
11
41.0343099953353914
21
-83.1134435711069841
0
LINE
8
User.Drawings
6
CONTINUOUS
10
41.0343099953353914
20
-83.1134435711069841
11
41.0579442896082369
21
-83.1232334979290641
0
LINE
8
User.Drawings
6
CONTINUOUS
10
41.0579442896082369
20
-83.1232334979290641
11
41.0760327944570989
21
-83.1413220027779118
0
LINE
8
User.Drawings
6
CONTINUOUS
10
41.0760327944570989
20
-83.1413220027779118
11
41.0858227212791718
21
-83.1649562970507645
0
LINE
8
User.Drawings
6
CONTINUOUS
10
41.0858227212791718
20
-83.1649562970507645
11
41.0858227212791718
21
-83.1905382613798281
0
LINE
8
User.Drawings
6
CONTINUOUS
10
41.0858227212791718
20
-83.1905382613798281
11
41.0760327944570989
21
-83.214172555652695
0
LINE
8
User.Drawings
6
CONTINUOUS
10
41.0760327944570989
20
-83.214172555652695
11
41.0579442896082369
21
-83.2322610605015427
0
LINE
8
User.Drawings
6
CONTINUOUS
10
41.0579442896082369
20
-83.2322610605015427
11
41.0343099953353914
21
-83.2420509873236227
0
LINE
8
User.Drawings
6
CONTINUOUS
10
41.0343099953353914
20
-83.2420509873236227
11
41.0215190131708596
21
-83.2433106787737955
0
LINE
8
User.Drawings
6
CONTINUOUS
10
41.0215190131708596
20
-83.2433106787737955
11
40.1473403523908772
21
-83.2433106787737955
0
LINE
8
User.Drawings
6
CONTINUOUS
10
40.1473403523908772
20
-83.2433106787737955
11
40.1345493702263454
21
-83.2420509873236227
0
LINE
8
User.Drawings
6
CONTINUOUS
10
40.1345493702263454
20
-83.2420509873236227
11
40.1109150759534998
21
-83.2322610605015427
0
LINE
8
User.Drawings
6
CONTINUOUS
10
40.1109150759534998
20
-83.2322610605015427
11
40.0928265711046379
21
-83.214172555652695
0
LINE
8
User.Drawings
6
CONTINUOUS
10
40.0928265711046379
20
-83.214172555652695
11
40.083036644282565
21
-83.1905382613798281
0
LINE
8
User.Drawings
6
CONTINUOUS
10
40.083036644282565
20
-83.1905382613798281
11
40.081776952832378
21
-83.1777472792152963
0
LINE
8
User.Drawings
6
CONTINUOUS
10
40.081776952832378
20
-83.1777472792152963
11
40.081776952832378
21
-82.303568618435321
0
LINE
8
User.Drawings
6
CONTINUOUS
10
40.081776952832378
20
-82.303568618435321
11
40.083036644282565
21
-82.2907776362707892
0
LINE
8
User.Drawings
6
CONTINUOUS
10
40.083036644282565
20
-82.2907776362707892
11
40.0928265711046379
21
-82.2671433419979365
0
LINE
8
User.Drawings
6
CONTINUOUS
10
40.0928265711046379
20
-82.2671433419979365
11
40.1109150759534998
21
-82.2490548371490746
0
LINE
8
User.Drawings
6
CONTINUOUS
10
40.1109150759534998
20
-82.2490548371490746
11
40.1345493702263454
21
-82.2392649103269946
0
LINE
8
User.Drawings
6
CONTINUOUS
10
40.1345493702263454
20
-82.2392649103269946
11
40.160131334555409
21
-82.2392649103269946
0
LINE
8
User.Drawings
6
CONTINUOUS
10
40.160131334555409
20
-82.2392649103269946
11
40.1837656288282545
21
-82.2490548371490746
0
LINE
8
User.Drawings
6
CONTINUOUS
10
52.4222668797480509
20
-82.2490548371490746
11
52.4403553845969057
21
-82.2671433419979365
0
LINE
8
User.Drawings
6
CONTINUOUS
10
52.4403553845969057
20
-82.2671433419979365
11
52.4501453114189857
21
-82.2907776362707892
0
LINE
8
User.Drawings
6
CONTINUOUS
10
52.4501453114189857
20
-82.2907776362707892
11
52.4514050028691656
21
-82.303568618435321
0
LINE
8
User.Drawings
6
CONTINUOUS
10
52.4514050028691656
20
-82.303568618435321
11
52.4514050028691656
21
-83.1777472792152963
0
LINE
8
User.Drawings
6
CONTINUOUS
10
52.4514050028691656
20
-83.1777472792152963
11
52.4501453114189857
21
-83.1905382613798281
0
LINE
8
User.Drawings
6
CONTINUOUS
10
52.4501453114189857
20
-83.1905382613798281
11
52.4403553845969057
21
-83.214172555652695
0
LINE
8
User.Drawings
6
CONTINUOUS
10
52.4403553845969057
20
-83.214172555652695
11
52.4222668797480509
21
-83.2322610605015427
0
LINE
8
User.Drawings
6
CONTINUOUS
10
52.4222668797480509
20
-83.2322610605015427
11
52.3986325854752053
21
-83.2420509873236227
0
LINE
8
User.Drawings
6
CONTINUOUS
10
52.3986325854752053
20
-83.2420509873236227
11
52.3858416033106664
21
-83.2433106787737955
0
LINE
8
User.Drawings
6
CONTINUOUS
10
52.3858416033106664
20
-83.2433106787737955
11
51.511662942530684
21
-83.2433106787737955
0
LINE
8
User.Drawings
6
CONTINUOUS
10
51.511662942530684
20
-83.2433106787737955
11
51.4988719603661522
21
-83.2420509873236227
0
LINE
8
User.Drawings
6
CONTINUOUS
10
51.4988719603661522
20
-83.2420509873236227
11
51.4752376660932995
21
-83.2322610605015427
0
LINE
8
User.Drawings
6
CONTINUOUS
10
51.4752376660932995
20
-83.2322610605015427
11
51.4571491612444447
21
-83.214172555652695
0
LINE
8
User.Drawings
6
CONTINUOUS
10
51.4571491612444447
20
-83.214172555652695
11
51.4473592344223718
21
-83.1905382613798281
0
LINE
8
User.Drawings
6
CONTINUOUS
10
51.4473592344223718
20
-83.1905382613798281
11
51.4473592344223718
21
-83.1649562970507645
0
LINE
8
User.Drawings
6
CONTINUOUS
10
51.4473592344223718
20
-83.1649562970507645
11
51.4571491612444447
21
-83.1413220027779118
0
LINE
8
User.Drawings
6
CONTINUOUS
10
51.4571491612444447
20
-83.1413220027779118
11
51.4752376660932995
21
-83.1232334979290641
0
LINE
8
User.Drawings
6
CONTINUOUS
10
51.4752376660932995
20
-83.1232334979290641
11
51.4988719603661522
21
-83.1134435711069841
0
LINE
8
User.Drawings
6
CONTINUOUS
10
51.4988719603661522
20
-83.1134435711069841
11
51.511662942530684
21
-83.1121838796567971
0
LINE
8
User.Drawings
6
CONTINUOUS
10
51.511662942530684
20
-83.1121838796567971
11
52.3202782037521743
21
-83.1121838796567971
0
LINE
8
User.Drawings
6
CONTINUOUS
10
52.3202782037521743
20
-83.1121838796567971
11
52.3202782037521743
21
-82.303568618435321
0
LINE
8
User.Drawings
6
CONTINUOUS
10
52.3202782037521743
20
-82.303568618435321
11
52.3215378952023542
21
-82.2907776362707892
0
LINE
8
User.Drawings
6
CONTINUOUS
10
52.3215378952023542
20
-82.2907776362707892
11
52.3313278220244271
21
-82.2671433419979365
0
LINE
8
User.Drawings
6
CONTINUOUS
10
52.3313278220244271
20
-82.2671433419979365
11
52.3494163268732819
21
-82.2490548371490746
0
LINE
8
User.Drawings
6
CONTINUOUS
10
52.3494163268732819
20
-82.2490548371490746
11
52.3730506211461346
21
-82.2392649103269946
0
LINE
8
User.Drawings
6
CONTINUOUS
10
52.3730506211461346
20
-82.2392649103269946
11
52.3986325854752053
21
-82.2392649103269946
0
LINE
8
User.Drawings
6
CONTINUOUS
10
52.3986325854752053
20
-82.2392649103269946
11
52.4222668797480509
21
-82.2490548371490746
0
LINE
8
User.Drawings
6
CONTINUOUS
10
41.0343099953353914
20
-70.8749423201871878
11
41.0579442896082369
21
-70.8847322470092678
0
LINE
8
User.Drawings
6
CONTINUOUS
10
41.0579442896082369
20
-70.8847322470092678
11
41.0760327944570989
21
-70.9028207518581297
0
LINE
8
User.Drawings
6
CONTINUOUS
10
41.0760327944570989
20
-70.9028207518581297
11
41.0858227212791718
21
-70.9264550461309824
0
LINE
8
User.Drawings
6
CONTINUOUS
10
41.0858227212791718
20
-70.9264550461309824
11
41.0858227212791718
21
-70.952037010460046
0
LINE
8
User.Drawings
6
CONTINUOUS
10
41.0858227212791718
20
-70.952037010460046
11
41.0760327944570989
21
-70.9756713047328844
0
LINE
8
User.Drawings
6
CONTINUOUS
10
41.0760327944570989
20
-70.9756713047328844
11
41.0579442896082369
21
-70.9937598095817464
0
LINE
8
User.Drawings
6
CONTINUOUS
10
41.0579442896082369
20
-70.9937598095817464
11
41.0343099953353914
21
-71.0035497364038264
0
LINE
8
User.Drawings
6
CONTINUOUS
10
41.0343099953353914
20
-71.0035497364038264
11
41.0215190131708596
21
-71.0048094278540134
0
LINE
8
User.Drawings
6
CONTINUOUS
10
41.0215190131708596
20
-71.0048094278540134
11
40.2129037519493764
21
-71.0048094278540134
0
LINE
8
User.Drawings
6
CONTINUOUS
10
40.2129037519493764
20
-71.0048094278540134
11
40.2129037519493764
21
-71.8134246890754895
0
LINE
8
User.Drawings
6
CONTINUOUS
10
40.2129037519493764
20
-71.8134246890754895
11
40.2116440604991894
21
-71.8262156712400355
0
LINE
8
User.Drawings
6
CONTINUOUS
10
40.2116440604991894
20
-71.8262156712400355
11
40.2018541336771165
21
-71.849849965512874
0
LINE
8
User.Drawings
6
CONTINUOUS
10
40.2018541336771165
20
-71.849849965512874
11
40.1837656288282545
21
-71.8679384703617359
0
LINE
8
User.Drawings
6
CONTINUOUS
10
40.1837656288282545
20
-71.8679384703617359
11
40.160131334555409
21
-71.8777283971838017
0
LINE
8
User.Drawings
6
CONTINUOUS
10
40.160131334555409
20
-71.8777283971838017
11
40.1345493702263454
21
-71.8777283971838017
0
LINE
8
User.Drawings
6
CONTINUOUS
10
40.1345493702263454
20
-71.8777283971838017
11
40.1109150759534998
21
-71.8679384703617359
0
LINE
8
User.Drawings
6
CONTINUOUS
10
40.1109150759534998
20
-71.8679384703617359
11
40.0928265711046379
21
-71.849849965512874
0
LINE
8
User.Drawings
6
CONTINUOUS
10
40.0928265711046379
20
-71.849849965512874
11
40.083036644282565
21
-71.8262156712400355
0
LINE
8
User.Drawings
6
CONTINUOUS
10
40.083036644282565
20
-71.8262156712400355
11
40.081776952832378
21
-71.8134246890754895
0
LINE
8
User.Drawings
6
CONTINUOUS
10
40.081776952832378
20
-71.8134246890754895
11
40.081776952832378
21
-70.9392460282955142
0
LINE
8
User.Drawings
6
CONTINUOUS
10
40.081776952832378
20
-70.9392460282955142
11
40.083036644282565
21
-70.9264550461309824
0
LINE
8
User.Drawings
6
CONTINUOUS
10
40.083036644282565
20
-70.9264550461309824
11
40.0928265711046379
21
-70.9028207518581297
0
LINE
8
User.Drawings
6
CONTINUOUS
10
40.0928265711046379
20
-70.9028207518581297
11
40.1109150759534998
21
-70.8847322470092678
0
LINE
8
User.Drawings
6
CONTINUOUS
10
40.1109150759534998
20
-70.8847322470092678
11
40.1345493702263454
21
-70.8749423201871878
0
LINE
8
User.Drawings
6
CONTINUOUS
10
40.1345493702263454
20
-70.8749423201871878
11
40.1473403523908772
21
-70.873682628737015
0
LINE
8
User.Drawings
6
CONTINUOUS
10
40.1473403523908772
20
-70.873682628737015
11
41.0215190131708596
21
-70.873682628737015
0
LINE
8
User.Drawings
6
CONTINUOUS
10
41.0215190131708596
20
-70.873682628737015
11
41.0343099953353914
21
-70.8749423201871878
0
LINE
8
User.Drawings
6
CONTINUOUS
10
52.3986325854752053
20
-70.8749423201871878
11
52.4222668797480509
21
-70.8847322470092678
0
LINE
8
User.Drawings
6
CONTINUOUS
10
52.4222668797480509
20
-70.8847322470092678
11
52.4403553845969057
21
-70.9028207518581297
0
LINE
8
User.Drawings
6
CONTINUOUS
10
52.4403553845969057
20
-70.9028207518581297
11
52.4501453114189857
21
-70.9264550461309824
0
LINE
8
User.Drawings
6
CONTINUOUS
10
52.4501453114189857
20
-70.9264550461309824
11
52.4514050028691656
21
-70.9392460282955142
0
LINE
8
User.Drawings
6
CONTINUOUS
10
52.4514050028691656
20
-70.9392460282955142
11
52.4514050028691656
21
-71.8134246890754895
0
LINE
8
User.Drawings
6
CONTINUOUS
10
52.4514050028691656
20
-71.8134246890754895
11
52.4501453114189857
21
-71.8262156712400355
0
LINE
8
User.Drawings
6
CONTINUOUS
10
52.4501453114189857
20
-71.8262156712400355
11
52.4403553845969057
21
-71.849849965512874
0
LINE
8
User.Drawings
6
CONTINUOUS
10
52.4403553845969057
20
-71.849849965512874
11
52.4222668797480509
21
-71.8679384703617359
0
LINE
8
User.Drawings
6
CONTINUOUS
10
52.4222668797480509
20
-71.8679384703617359
11
52.3986325854752053
21
-71.8777283971838017
0
LINE
8
User.Drawings
6
CONTINUOUS
10
52.3986325854752053
20
-71.8777283971838017
11
52.3730506211461346
21
-71.8777283971838017
0
LINE
8
User.Drawings
6
CONTINUOUS
10
52.3730506211461346
20
-71.8777283971838017
11
52.3494163268732819
21
-71.8679384703617359
0
LINE
8
User.Drawings
6
CONTINUOUS
10
52.3494163268732819
20
-71.8679384703617359
11
52.3313278220244271
21
-71.849849965512874
0
LINE
8
User.Drawings
6
CONTINUOUS
10
52.3313278220244271
20
-71.849849965512874
11
52.3215378952023542
21
-71.8262156712400355
0
LINE
8
User.Drawings
6
CONTINUOUS
10
52.3215378952023542
20
-71.8262156712400355
11
52.3202782037521743
21
-71.8134246890754895
0
LINE
8
User.Drawings
6
CONTINUOUS
10
52.3202782037521743
20
-71.8134246890754895
11
52.3202782037521743
21
-71.0048094278540134
0
LINE
8
User.Drawings
6
CONTINUOUS
10
52.3202782037521743
20
-71.0048094278540134
11
51.511662942530684
21
-71.0048094278540134
0
LINE
8
User.Drawings
6
CONTINUOUS
10
51.511662942530684
20
-71.0048094278540134
11
51.4988719603661522
21
-71.0035497364038264
0
LINE
8
User.Drawings
6
CONTINUOUS
10
51.4988719603661522
20
-71.0035497364038264
11
51.4752376660932995
21
-70.9937598095817464
0
LINE
8
User.Drawings
6
CONTINUOUS
10
51.4752376660932995
20
-70.9937598095817464
11
51.4571491612444447
21
-70.9756713047328844
0
LINE
8
User.Drawings
6
CONTINUOUS
10
51.4571491612444447
20
-70.9756713047328844
11
51.4473592344223718
21
-70.952037010460046
0
LINE
8
User.Drawings
6
CONTINUOUS
10
51.4473592344223718
20
-70.952037010460046
11
51.4473592344223718
21
-70.9264550461309824
0
LINE
8
User.Drawings
6
CONTINUOUS
10
51.4473592344223718
20
-70.9264550461309824
11
51.4571491612444447
21
-70.9028207518581297
0
LINE
8
User.Drawings
6
CONTINUOUS
10
51.4571491612444447
20
-70.9028207518581297
11
51.4752376660932995
21
-70.8847322470092678
0
LINE
8
User.Drawings
6
CONTINUOUS
10
51.4752376660932995
20
-70.8847322470092678
11
51.4988719603661522
21
-70.8749423201871878
0
LINE
8
User.Drawings
6
CONTINUOUS
10
51.4988719603661522
20
-70.8749423201871878
11
51.511662942530684
21
-70.873682628737015
0
LINE
8
User.Drawings
6
CONTINUOUS
10
51.511662942530684
20
-70.873682628737015
11
52.3858416033106664
21
-70.873682628737015
0
LINE
8
User.Drawings
6
CONTINUOUS
10
52.3858416033106664
20
-70.873682628737015
11
52.3986325854752053
21
-70.8749423201871878
0
LINE
8
User.Drawings
6
CONTINUOUS
10
54.6580207652685743
20
-68.6357931247481901
11
71.2674153200882898
21
-68.6357931247481901
0
LINE
8
User.Drawings
6
CONTINUOUS
10
71.2674153200882898
20
-68.6357931247481901
11
71.284141854583666
21
-68.6391202487311176
0
LINE
8
User.Drawings
6
CONTINUOUS
10
71.284141854583666
20
-68.6391202487311176
11
71.3077971291443617
21
-68.6627755232918275
0
LINE
8
User.Drawings
6
CONTINUOUS
10
71.3077971291443617
20
-68.6627755232918275
11
71.3111242531273035
21
-68.6795020577871895
0
LINE
8
User.Drawings
6
CONTINUOUS
10
71.3111242531273035
20
-68.6795020577871895
11
71.3111242531273035
21
-85.288896612606905
0
LINE
8
User.Drawings
6
CONTINUOUS
10
71.3111242531273035
20
-85.288896612606905
11
71.3111242531273035
21
-101.8545822343876353
0
LINE
8
User.Drawings
6
CONTINUOUS
10
71.3111242531273035
20
-101.8545822343876353
11
72.9283547755702699
21
-101.8545822343876353
0
LINE
8
User.Drawings
6
CONTINUOUS
10
72.9283547755702699
20
-101.8545822343876353
11
72.9450813100656319
21
-101.8579093583705628
0
LINE
8
User.Drawings
6
CONTINUOUS
10
72.9450813100656319
20
-101.8579093583705628
11
72.9687365846263418
21
-101.8815646329312727
0
LINE
8
User.Drawings
6
CONTINUOUS
10
72.9687365846263418
20
-101.8815646329312727
11
72.9702445428161894
21
-101.8891472586348783
0
LINE
8
User.Drawings
6
CONTINUOUS
10
72.9702445428161894
20
-101.8891472586348783
11
72.9873198745972047
21
-101.8962202381792537
0
LINE
8
User.Drawings
6
CONTINUOUS
10
72.9873198745972047
20
-101.8962202381792537
11
73.0054083794460524
21
-101.9143087430281014
0
LINE
8
User.Drawings
6
CONTINUOUS
10
73.0054083794460524
20
-101.9143087430281014
11
73.0151983062681325
21
-101.9379430373009541
0
LINE
8
User.Drawings
6
CONTINUOUS
10
73.0151983062681325
20
-101.9379430373009541
11
73.0164579977183195
21
-101.9507340194654859
0
LINE
8
User.Drawings
6
CONTINUOUS
10
73.0164579977183195
20
-101.9507340194654859
11
73.0164579977183195
21
-118.6038375073242008
0
LINE
8
User.Drawings
6
CONTINUOUS
10
73.0164579977183195
20
-118.6038375073242008
11
73.0151983062681325
21
-118.6166284894887468
0
LINE
8
User.Drawings
6
CONTINUOUS
10
73.0151983062681325
20
-118.6166284894887468
11
73.0054083794460524
21
-118.6402627837615853
0
LINE
8
User.Drawings
6
CONTINUOUS
10
73.0054083794460524
20
-118.6402627837615853
11
72.9873198745972047
21
-118.658351288610433
0
LINE
8
User.Drawings
6
CONTINUOUS
10
72.9873198745972047
20
-118.658351288610433
11
72.963685580324352
21
-118.668141215432513
0
LINE
8
User.Drawings
6
CONTINUOUS
10
72.963685580324352
20
-118.668141215432513
11
72.9508945981598202
21
-118.6694009068827
0
LINE
8
User.Drawings
6
CONTINUOUS
10
72.9508945981598202
20
-118.6694009068827
11
56.2977911103011053
21
-118.6694009068827
0
LINE
8
User.Drawings
6
CONTINUOUS
10
56.2977911103011053
20
-118.6694009068827
11
39.6796547688735828
21
-118.6694009068827
0
LINE
8
User.Drawings
6
CONTINUOUS
10
39.6796547688735828
20
-118.6694009068827
11
39.6668637867090439
21
-118.668141215432513
0
LINE
8
User.Drawings
6
CONTINUOUS
10
39.6668637867090439
20
-118.668141215432513
11
39.6432294924361983
21
-118.658351288610433
0
LINE
8
User.Drawings
6
CONTINUOUS
10
39.6432294924361983
20
-118.658351288610433
11
39.6251409875873435
21
-118.6402627837615853
0
LINE
8
User.Drawings
6
CONTINUOUS
10
39.6251409875873435
20
-118.6402627837615853
11
39.6153510607652635
21
-118.6166284894887468
0
LINE
8
User.Drawings
6
CONTINUOUS
10
39.6153510607652635
20
-118.6166284894887468
11
39.6140913693150836
21
-118.6038375073242008
0
LINE
8
User.Drawings
6
CONTINUOUS
10
39.6140913693150836
20
-118.6038375073242008
11
39.6140913693150836
21
-102.0544990265000678
0
LINE
8
User.Drawings
6
CONTINUOUS
10
39.6140913693150836
20
-102.0544990265000678
11
37.9553373604850606
21
-102.0544990265000678
0
LINE
8
User.Drawings
6
CONTINUOUS
10
37.9553373604850606
20
-102.0544990265000678
11
37.9425463783205288
21
-102.053239335049895
0
LINE
8
User.Drawings
6
CONTINUOUS
10
37.9425463783205288
20
-102.053239335049895
11
37.9189120840476832
21
-102.043449408227815
0
LINE
8
User.Drawings
6
CONTINUOUS
10
37.9189120840476832
20
-102.043449408227815
11
37.9008235791988213
21
-102.025360903378953
0
LINE
8
User.Drawings
6
CONTINUOUS
10
37.9008235791988213
20
-102.025360903378953
11
37.8910336523767484
21
-102.0017266091061003
0
LINE
8
User.Drawings
6
CONTINUOUS
10
37.8910336523767484
20
-102.0017266091061003
11
37.8897739609265614
21
-101.9889356269415686
0
LINE
8
User.Drawings
6
CONTINUOUS
10
37.8897739609265614
20
-101.9889356269415686
11
37.8897739609265614
21
-101.9420001004656342
0
LINE
8
User.Drawings
6
CONTINUOUS
10
37.8897739609265614
20
-101.9420001004656342
11
31.4048683885209705
21
-101.9420001004656342
0
LINE
8
User.Drawings
6
CONTINUOUS
10
31.4048683885209705
20
-101.9420001004656342
11
29.7439289330389975
21
-101.9420001004656342
0
LINE
8
User.Drawings
6
CONTINUOUS
10
29.7439289330389975
20
-101.9420001004656342
11
29.7272023985436356
21
-101.9386729764827066
0
LINE
8
User.Drawings
6
CONTINUOUS
10
29.7272023985436356
20
-101.9386729764827066
11
29.7035471239829256
21
-101.9150177019219967
0
LINE
8
User.Drawings
6
CONTINUOUS
10
29.7035471239829256
20
-101.9150177019219967
11
29.7002199999999981
21
-101.8982911674266347
0
LINE
8
User.Drawings
6
CONTINUOUS
10
29.7002199999999981
20
-101.8982911674266347
11
29.7002199999999981
21
-85.288896612606905
0
LINE
8
User.Drawings
6
CONTINUOUS
10
29.7002199999999981
20
-85.288896612606905
11
29.7035471239829256
21
-85.2721700781115572
0
LINE
8
User.Drawings
6
CONTINUOUS
10
29.7035471239829256
20
-85.2721700781115572
11
29.7272023985436356
21
-85.2485148035508473
0
LINE
8
User.Drawings
6
CONTINUOUS
10
29.7272023985436356
20
-85.2485148035508473
11
29.7439289330389975
21
-85.2451876795679198
0
LINE
8
User.Drawings
6
CONTINUOUS
10
29.7439289330389975
20
-85.2451876795679198
11
37.8744758343629115
21
-85.2451876795679198
0
LINE
8
User.Drawings
6
CONTINUOUS
10
37.8744758343629115
20
-85.2451876795679198
11
37.8744758343629115
21
-68.7319449098260549
0
LINE
8
User.Drawings
6
CONTINUOUS
10
37.8744758343629115
20
-68.7319449098260549
11
37.8757355258130914
21
-68.7191539276615231
0
LINE
8
User.Drawings
6
CONTINUOUS
10
37.8757355258130914
20
-68.7191539276615231
11
37.8855254526351715
21
-68.6955196333886704
0
LINE
8
User.Drawings
6
CONTINUOUS
10
37.8855254526351715
20
-68.6955196333886704
11
37.9036139574840263
21
-68.6774311285398085
0
LINE
8
User.Drawings
6
CONTINUOUS
10
37.9036139574840263
20
-68.6774311285398085
11
37.927248251756879
21
-68.6676412017177284
0
LINE
8
User.Drawings
6
CONTINUOUS
10
37.927248251756879
20
-68.6676412017177284
11
37.9400392339214179
21
-68.6663815102675557
0
LINE
8
User.Drawings
6
CONTINUOUS
10
37.9400392339214179
20
-68.6663815102675557
11
38.0075267007122832
21
-68.6663815102675557
0
LINE
8
User.Drawings
6
CONTINUOUS
10
38.0075267007122832
20
-68.6663815102675557
11
38.0082444013927869
21
-68.6627755232918275
0
LINE
8
User.Drawings
6
CONTINUOUS
10
38.0082444013927869
20
-68.6627755232918275
11
38.0318996759534897
21
-68.6391202487311176
0
LINE
8
User.Drawings
6
CONTINUOUS
10
38.0318996759534897
20
-68.6391202487311176
11
38.0486262104488588
21
-68.6357931247481901
0
LINE
8
User.Drawings
6
CONTINUOUS
10
38.0486262104488588
20
-68.6357931247481901
11
54.6580207652685743
21
-68.6357931247481901
0
LINE
8
User.Drawings
6
CONTINUOUS
10
39.7452181684320749
20
-102.0544990265000678
11
39.7452181684320749
21
-118.5382741077657016
0
LINE
8
User.Drawings
6
CONTINUOUS
10
39.7452181684320749
20
-118.5382741077657016
11
56.2322277107426061
21
-118.5382741077657016
0
LINE
8
User.Drawings
6
CONTINUOUS
10
56.2322277107426061
20
-118.5382741077657016
11
56.2322277107426061
21
-102.0600063520629845
0
LINE
8
User.Drawings
6
CONTINUOUS
10
56.2322277107426061
20
-102.0600063520629845
11
54.5494337887411334
21
-102.0600063520629845
0
LINE
8
User.Drawings
6
CONTINUOUS
10
54.5494337887411334
20
-102.0600063520629845
11
54.5366428065766016
21
-102.0587466606127975
0
LINE
8
User.Drawings
6
CONTINUOUS
10
54.5366428065766016
20
-102.0587466606127975
11
54.5263886908856534
21
-102.0544990265000678
0
LINE
8
User.Drawings
6
CONTINUOUS
10
54.5263886908856534
20
-102.0544990265000678
11
39.7452181684320749
21
-102.0544990265000678
0
LINE
8
User.Drawings
6
CONTINUOUS
10
71.2630863873601186
20
-102.0162974190239851
11
71.2570510578860876
21
-102.0308682289418698
0
LINE
8
User.Drawings
6
CONTINUOUS
10
71.2570510578860876
20
-102.0308682289418698
11
71.2389625530372399
21
-102.0489567337907175
0
LINE
8
User.Drawings
6
CONTINUOUS
10
71.2389625530372399
20
-102.0489567337907175
11
71.2153282587643872
21
-102.0587466606127975
0
LINE
8
User.Drawings
6
CONTINUOUS
10
71.2153282587643872
20
-102.0587466606127975
11
71.2025372765998554
21
-102.0600063520629845
0
LINE
8
User.Drawings
6
CONTINUOUS
10
71.2025372765998554
20
-102.0600063520629845
11
56.398321656290797
21
-102.0600063520629845
0
LINE
8
User.Drawings
6
CONTINUOUS
10
56.398321656290797
20
-102.0600063520629845
11
56.398321656290797
21
-118.4639767892073507
0
LINE
8
User.Drawings
6
CONTINUOUS
10
56.398321656290797
20
-118.4639767892073507
11
72.8846458425312704
21
-118.4639767892073507
0
LINE
8
User.Drawings
6
CONTINUOUS
10
72.8846458425312704
20
-118.4639767892073507
11
72.8846458425312704
21
-102.0162974190239851
0
LINE
8
User.Drawings
6
CONTINUOUS
10
72.8846458425312704
20
-102.0162974190239851
11
71.2630863873601186
21
-102.0162974190239851
0
LINE
8
User.Drawings
6
CONTINUOUS
10
54.7017296983075809
20
-85.4506117972432691
11
54.7017296983075809
21
-101.8545822343876353
0
LINE
8
User.Drawings
6
CONTINUOUS
10
54.7017296983075809
20
-101.8545822343876353
11
56.3189602207505544
21
-101.8545822343876353
0
LINE
8
User.Drawings
6
CONTINUOUS
10
56.3189602207505544
20
-101.8545822343876353
11
71.1369738770413562
21
-101.8545822343876353
0
LINE
8
User.Drawings
6
CONTINUOUS
10
71.1369738770413562
20
-101.8545822343876353
11
71.1369738770413562
21
-85.4506117972432691
0
LINE
8
User.Drawings
6
CONTINUOUS
10
71.1369738770413562
20
-85.4506117972432691
11
54.7017296983075809
21
-85.4506117972432691
0
LINE
8
User.Drawings
6
CONTINUOUS
10
29.7876378660780006
20
-85.3326055456459187
11
29.7876378660780006
21
-101.8545822343876353
0
LINE
8
User.Drawings
6
CONTINUOUS
10
29.7876378660780006
20
-101.8545822343876353
11
37.8897739609265614
21
-101.8545822343876353
0
LINE
8
User.Drawings
6
CONTINUOUS
10
37.8897739609265614
20
-101.8545822343876353
11
37.8897739609265614
21
-85.4257221824135229
0
LINE
8
User.Drawings
6
CONTINUOUS
10
37.8897739609265614
20
-85.4257221824135229
11
37.8855254526351715
21
-85.4214736741221543
0
LINE
8
User.Drawings
6
CONTINUOUS
10
37.8855254526351715
20
-85.4214736741221543
11
37.8757355258130914
21
-85.3978393798493016
0
LINE
8
User.Drawings
6
CONTINUOUS
10
37.8757355258130914
20
-85.3978393798493016
11
37.8744758343629115
21
-85.3850483976847698
0
LINE
8
User.Drawings
6
CONTINUOUS
10
37.8744758343629115
20
-85.3850483976847698
11
37.8744758343629115
21
-85.3326055456459187
0
LINE
8
User.Drawings
6
CONTINUOUS
10
37.8744758343629115
20
-85.3326055456459187
11
29.7876378660780006
21
-85.3326055456459187
0
LINE
8
User.Drawings
6
CONTINUOUS
10
38.0209007600435598
20
-85.4506117972432691
11
38.0209007600435598
21
-101.8545822343876353
0
LINE
8
User.Drawings
6
CONTINUOUS
10
38.0209007600435598
20
-101.8545822343876353
11
54.4838703891826341
21
-101.8545822343876353
0
LINE
8
User.Drawings
6
CONTINUOUS
10
54.4838703891826341
20
-101.8545822343876353
11
54.4838703891826341
21
-85.4506117972432691
0
LINE
8
User.Drawings
6
CONTINUOUS
10
54.4838703891826341
20
-85.4506117972432691
11
38.0209007600435598
21
-85.4506117972432691
0
LINE
8
User.Drawings
6
CONTINUOUS
10
54.7017296983075809
20
-68.7975083093845541
11
54.7017296983075809
21
-85.2451876795679198
0
LINE
8
User.Drawings
6
CONTINUOUS
10
54.7017296983075809
20
-85.2451876795679198
11
71.1369738770413562
21
-85.2451876795679198
0
LINE
8
User.Drawings
6
CONTINUOUS
10
71.1369738770413562
20
-85.2451876795679198
11
71.1369738770413562
21
-68.7975083093845541
0
LINE
8
User.Drawings
6
CONTINUOUS
10
71.1369738770413562
20
-68.7975083093845541
11
54.7017296983075809
21
-68.7975083093845541
0
LINE
8
User.Drawings
6
CONTINUOUS
10
38.0923351434878512
20
-68.7975083093845541
11
38.0923351434878512
21
-85.2451876795679198
0
LINE
8
User.Drawings
6
CONTINUOUS
10
38.0923351434878512
20
-85.2451876795679198
11
54.4838703891826341
21
-85.2451876795679198
0
LINE
8
User.Drawings
6
CONTINUOUS
10
54.4838703891826341
20
-85.2451876795679198
11
54.4838703891826341
21
-68.7975083093845541
0
LINE
8
User.Drawings
6
CONTINUOUS
10
54.4838703891826341
20
-68.7975083093845541
11
38.0923351434878512
21
-68.7975083093845541
  0
ENDSEC
  0
EOF
