ISO-10303-21;
HEADER;
/* Generated by software containing ST-Developer
 * from STEP Tools, Inc. (www.steptools.com) 
 */

FILE_DESCRIPTION(
/* description */ (''),
/* implementation_level */ '2;1');

FILE_NAME(
/* name */ 'carot42_bottom_case.step',
/* time_stamp */ '2026-07-18T06:32:19+09:00',
/* author */ (''),
/* organization */ (''),
/* preprocessor_version */ 'ST-DEVELOPER v20.1',
/* originating_system */ 'Autodesk Translation Framework v15.8.0.0',
/* authorisation */ '');

FILE_SCHEMA (('AUTOMOTIVE_DESIGN { 1 0 10303 214 3 1 1 }'));
ENDSEC;

DATA;
#10=MECHANICAL_DESIGN_GEOMETRIC_PRESENTATION_REPRESENTATION('',(#13),#3801);
#11=SHAPE_REPRESENTATION_RELATIONSHIP('SRR','None',#3807,#12);
#12=ADVANCED_BREP_SHAPE_REPRESENTATION('',(#14),#3800);
#13=STYLED_ITEM('',(#3816),#14);
#14=MANIFOLD_SOLID_BREP('bottom_case',#2257);
#15=CONICAL_SURFACE('',#2405,0.40575,1.02974425867665);
#16=CONICAL_SURFACE('',#2408,0.40575,1.02974425867665);
#17=CONICAL_SURFACE('',#2411,0.40575,1.02974425867665);
#18=CONICAL_SURFACE('',#2414,0.40575,1.02974425867665);
#19=CONICAL_SURFACE('',#2417,0.40575,1.02974425867665);
#20=CONICAL_SURFACE('',#2420,0.40575,1.02974425867665);
#21=CONICAL_SURFACE('',#2423,0.40575,1.02974425867665);
#22=CONICAL_SURFACE('',#2426,0.40575,1.02974425867665);
#23=CONICAL_SURFACE('',#2429,0.40575,1.02974425867665);
#24=CONICAL_SURFACE('',#2432,0.40575,1.02974425867665);
#25=ELLIPSE('',#2311,2.03085322377149,2.);
#26=ELLIPSE('',#2314,2.03085322377149,2.);
#27=ELLIPSE('',#2315,2.03085322377149,2.);
#28=ELLIPSE('',#2316,2.03085322377149,2.);
#29=ELLIPSE('',#2317,2.03085322377149,2.);
#30=ELLIPSE('',#2318,2.03085322377149,2.);
#31=FACE_BOUND('',#235,.T.);
#32=FACE_BOUND('',#240,.T.);
#33=FACE_BOUND('',#241,.T.);
#34=FACE_BOUND('',#242,.T.);
#35=FACE_BOUND('',#243,.T.);
#36=FACE_BOUND('',#256,.T.);
#37=FACE_BOUND('',#265,.T.);
#38=FACE_BOUND('',#266,.T.);
#39=FACE_BOUND('',#272,.T.);
#40=FACE_BOUND('',#273,.T.);
#41=FACE_BOUND('',#274,.T.);
#42=FACE_BOUND('',#275,.T.);
#43=FACE_BOUND('',#276,.T.);
#44=FACE_BOUND('',#277,.T.);
#45=PLANE('',#2262);
#46=PLANE('',#2266);
#47=PLANE('',#2270);
#48=PLANE('',#2274);
#49=PLANE('',#2278);
#50=PLANE('',#2282);
#51=PLANE('',#2286);
#52=PLANE('',#2290);
#53=PLANE('',#2299);
#54=PLANE('',#2304);
#55=PLANE('',#2312);
#56=PLANE('',#2313);
#57=PLANE('',#2321);
#58=PLANE('',#2322);
#59=PLANE('',#2334);
#60=PLANE('',#2336);
#61=PLANE('',#2342);
#62=PLANE('',#2343);
#63=PLANE('',#2359);
#64=PLANE('',#2360);
#65=PLANE('',#2363);
#66=PLANE('',#2386);
#67=PLANE('',#2391);
#68=PLANE('',#2396);
#69=PLANE('',#2399);
#70=PLANE('',#2401);
#71=PLANE('',#2435);
#72=PLANE('',#2436);
#73=PLANE('',#2437);
#74=PLANE('',#2438);
#75=PLANE('',#2439);
#76=PLANE('',#2440);
#77=PLANE('',#2441);
#78=PLANE('',#2442);
#79=PLANE('',#2443);
#80=PLANE('',#2444);
#81=PLANE('',#2445);
#82=PLANE('',#2446);
#83=PLANE('',#2447);
#84=PLANE('',#2448);
#85=PLANE('',#2449);
#86=PLANE('',#2450);
#87=PLANE('',#2451);
#88=PLANE('',#2452);
#89=PLANE('',#2453);
#90=PLANE('',#2454);
#91=PLANE('',#2455);
#92=PLANE('',#2456);
#93=PLANE('',#2457);
#94=PLANE('',#2458);
#95=PLANE('',#2459);
#96=PLANE('',#2460);
#97=PLANE('',#2462);
#98=PLANE('',#2464);
#99=PLANE('',#2467);
#100=PLANE('',#2469);
#101=PLANE('',#2470);
#102=PLANE('',#2471);
#103=PLANE('',#2473);
#104=PLANE('',#2474);
#105=FACE_OUTER_BOUND('',#223,.T.);
#106=FACE_OUTER_BOUND('',#224,.T.);
#107=FACE_OUTER_BOUND('',#225,.T.);
#108=FACE_OUTER_BOUND('',#226,.T.);
#109=FACE_OUTER_BOUND('',#227,.T.);
#110=FACE_OUTER_BOUND('',#228,.T.);
#111=FACE_OUTER_BOUND('',#229,.T.);
#112=FACE_OUTER_BOUND('',#230,.T.);
#113=FACE_OUTER_BOUND('',#231,.T.);
#114=FACE_OUTER_BOUND('',#232,.T.);
#115=FACE_OUTER_BOUND('',#233,.T.);
#116=FACE_OUTER_BOUND('',#234,.T.);
#117=FACE_OUTER_BOUND('',#236,.T.);
#118=FACE_OUTER_BOUND('',#237,.T.);
#119=FACE_OUTER_BOUND('',#238,.T.);
#120=FACE_OUTER_BOUND('',#239,.T.);
#121=FACE_OUTER_BOUND('',#244,.T.);
#122=FACE_OUTER_BOUND('',#245,.T.);
#123=FACE_OUTER_BOUND('',#246,.T.);
#124=FACE_OUTER_BOUND('',#247,.T.);
#125=FACE_OUTER_BOUND('',#248,.T.);
#126=FACE_OUTER_BOUND('',#249,.T.);
#127=FACE_OUTER_BOUND('',#250,.T.);
#128=FACE_OUTER_BOUND('',#251,.T.);
#129=FACE_OUTER_BOUND('',#252,.T.);
#130=FACE_OUTER_BOUND('',#253,.T.);
#131=FACE_OUTER_BOUND('',#254,.T.);
#132=FACE_OUTER_BOUND('',#255,.T.);
#133=FACE_OUTER_BOUND('',#257,.T.);
#134=FACE_OUTER_BOUND('',#258,.T.);
#135=FACE_OUTER_BOUND('',#259,.T.);
#136=FACE_OUTER_BOUND('',#260,.T.);
#137=FACE_OUTER_BOUND('',#261,.T.);
#138=FACE_OUTER_BOUND('',#262,.T.);
#139=FACE_OUTER_BOUND('',#263,.T.);
#140=FACE_OUTER_BOUND('',#264,.T.);
#141=FACE_OUTER_BOUND('',#267,.T.);
#142=FACE_OUTER_BOUND('',#268,.T.);
#143=FACE_OUTER_BOUND('',#269,.T.);
#144=FACE_OUTER_BOUND('',#270,.T.);
#145=FACE_OUTER_BOUND('',#271,.T.);
#146=FACE_OUTER_BOUND('',#278,.T.);
#147=FACE_OUTER_BOUND('',#279,.T.);
#148=FACE_OUTER_BOUND('',#280,.T.);
#149=FACE_OUTER_BOUND('',#281,.T.);
#150=FACE_OUTER_BOUND('',#282,.T.);
#151=FACE_OUTER_BOUND('',#283,.T.);
#152=FACE_OUTER_BOUND('',#284,.T.);
#153=FACE_OUTER_BOUND('',#285,.T.);
#154=FACE_OUTER_BOUND('',#286,.T.);
#155=FACE_OUTER_BOUND('',#287,.T.);
#156=FACE_OUTER_BOUND('',#288,.T.);
#157=FACE_OUTER_BOUND('',#289,.T.);
#158=FACE_OUTER_BOUND('',#290,.T.);
#159=FACE_OUTER_BOUND('',#291,.T.);
#160=FACE_OUTER_BOUND('',#292,.T.);
#161=FACE_OUTER_BOUND('',#293,.T.);
#162=FACE_OUTER_BOUND('',#294,.T.);
#163=FACE_OUTER_BOUND('',#295,.T.);
#164=FACE_OUTER_BOUND('',#296,.T.);
#165=FACE_OUTER_BOUND('',#297,.T.);
#166=FACE_OUTER_BOUND('',#298,.T.);
#167=FACE_OUTER_BOUND('',#299,.T.);
#168=FACE_OUTER_BOUND('',#300,.T.);
#169=FACE_OUTER_BOUND('',#301,.T.);
#170=FACE_OUTER_BOUND('',#302,.T.);
#171=FACE_OUTER_BOUND('',#303,.T.);
#172=FACE_OUTER_BOUND('',#304,.T.);
#173=FACE_OUTER_BOUND('',#305,.T.);
#174=FACE_OUTER_BOUND('',#306,.T.);
#175=FACE_OUTER_BOUND('',#307,.T.);
#176=FACE_OUTER_BOUND('',#308,.T.);
#177=FACE_OUTER_BOUND('',#309,.T.);
#178=FACE_OUTER_BOUND('',#310,.T.);
#179=FACE_OUTER_BOUND('',#311,.T.);
#180=FACE_OUTER_BOUND('',#312,.T.);
#181=FACE_OUTER_BOUND('',#313,.T.);
#182=FACE_OUTER_BOUND('',#314,.T.);
#183=FACE_OUTER_BOUND('',#315,.T.);
#184=FACE_OUTER_BOUND('',#316,.T.);
#185=FACE_OUTER_BOUND('',#317,.T.);
#186=FACE_OUTER_BOUND('',#318,.T.);
#187=FACE_OUTER_BOUND('',#319,.T.);
#188=FACE_OUTER_BOUND('',#320,.T.);
#189=FACE_OUTER_BOUND('',#321,.T.);
#190=FACE_OUTER_BOUND('',#322,.T.);
#191=FACE_OUTER_BOUND('',#323,.T.);
#192=FACE_OUTER_BOUND('',#324,.T.);
#193=FACE_OUTER_BOUND('',#325,.T.);
#194=FACE_OUTER_BOUND('',#326,.T.);
#195=FACE_OUTER_BOUND('',#327,.T.);
#196=FACE_OUTER_BOUND('',#328,.T.);
#197=FACE_OUTER_BOUND('',#329,.T.);
#198=FACE_OUTER_BOUND('',#330,.T.);
#199=FACE_OUTER_BOUND('',#331,.T.);
#200=FACE_OUTER_BOUND('',#332,.T.);
#201=FACE_OUTER_BOUND('',#333,.T.);
#202=FACE_OUTER_BOUND('',#334,.T.);
#203=FACE_OUTER_BOUND('',#335,.T.);
#204=FACE_OUTER_BOUND('',#336,.T.);
#205=FACE_OUTER_BOUND('',#337,.T.);
#206=FACE_OUTER_BOUND('',#338,.T.);
#207=FACE_OUTER_BOUND('',#339,.T.);
#208=FACE_OUTER_BOUND('',#340,.T.);
#209=FACE_OUTER_BOUND('',#341,.T.);
#210=FACE_OUTER_BOUND('',#342,.T.);
#211=FACE_OUTER_BOUND('',#343,.T.);
#212=FACE_OUTER_BOUND('',#344,.T.);
#213=FACE_OUTER_BOUND('',#345,.T.);
#214=FACE_OUTER_BOUND('',#346,.T.);
#215=FACE_OUTER_BOUND('',#347,.T.);
#216=FACE_OUTER_BOUND('',#348,.T.);
#217=FACE_OUTER_BOUND('',#349,.T.);
#218=FACE_OUTER_BOUND('',#350,.T.);
#219=FACE_OUTER_BOUND('',#351,.T.);
#220=FACE_OUTER_BOUND('',#352,.T.);
#221=FACE_OUTER_BOUND('',#353,.T.);
#222=FACE_OUTER_BOUND('',#354,.T.);
#223=EDGE_LOOP('',(#1443,#1444,#1445,#1446));
#224=EDGE_LOOP('',(#1447,#1448,#1449,#1450,#1451));
#225=EDGE_LOOP('',(#1452,#1453,#1454,#1455));
#226=EDGE_LOOP('',(#1456,#1457,#1458,#1459,#1460,#1461));
#227=EDGE_LOOP('',(#1462,#1463,#1464,#1465));
#228=EDGE_LOOP('',(#1466,#1467,#1468,#1469,#1470,#1471));
#229=EDGE_LOOP('',(#1472,#1473,#1474,#1475));
#230=EDGE_LOOP('',(#1476,#1477,#1478,#1479));
#231=EDGE_LOOP('',(#1480,#1481,#1482,#1483));
#232=EDGE_LOOP('',(#1484,#1485,#1486,#1487));
#233=EDGE_LOOP('',(#1488,#1489,#1490,#1491));
#234=EDGE_LOOP('',(#1492,#1493,#1494,#1495,#1496,#1497));
#235=EDGE_LOOP('',(#1498,#1499,#1500,#1501,#1502,#1503,#1504,#1505));
#236=EDGE_LOOP('',(#1506,#1507,#1508,#1509));
#237=EDGE_LOOP('',(#1510,#1511,#1512,#1513,#1514,#1515,#1516,#1517,#1518,
#1519));
#238=EDGE_LOOP('',(#1520,#1521,#1522,#1523));
#239=EDGE_LOOP('',(#1524,#1525,#1526,#1527,#1528,#1529,#1530,#1531,#1532,
#1533,#1534,#1535,#1536,#1537));
#240=EDGE_LOOP('',(#1538));
#241=EDGE_LOOP('',(#1539));
#242=EDGE_LOOP('',(#1540));
#243=EDGE_LOOP('',(#1541));
#244=EDGE_LOOP('',(#1542,#1543,#1544,#1545));
#245=EDGE_LOOP('',(#1546,#1547,#1548,#1549));
#246=EDGE_LOOP('',(#1550,#1551,#1552,#1553));
#247=EDGE_LOOP('',(#1554,#1555,#1556,#1557));
#248=EDGE_LOOP('',(#1558,#1559,#1560,#1561));
#249=EDGE_LOOP('',(#1562,#1563,#1564,#1565));
#250=EDGE_LOOP('',(#1566,#1567,#1568,#1569));
#251=EDGE_LOOP('',(#1570,#1571,#1572,#1573));
#252=EDGE_LOOP('',(#1574,#1575,#1576,#1577,#1578,#1579,#1580,#1581,#1582,
#1583,#1584,#1585,#1586,#1587,#1588));
#253=EDGE_LOOP('',(#1589,#1590,#1591,#1592));
#254=EDGE_LOOP('',(#1593,#1594,#1595,#1596));
#255=EDGE_LOOP('',(#1597,#1598,#1599,#1600,#1601,#1602,#1603,#1604,#1605,
#1606,#1607,#1608,#1609,#1610,#1611,#1612,#1613,#1614,#1615,#1616,#1617,
#1618,#1619,#1620,#1621,#1622,#1623));
#256=EDGE_LOOP('',(#1624));
#257=EDGE_LOOP('',(#1625,#1626,#1627,#1628));
#258=EDGE_LOOP('',(#1629,#1630,#1631,#1632));
#259=EDGE_LOOP('',(#1633,#1634,#1635,#1636));
#260=EDGE_LOOP('',(#1637,#1638,#1639,#1640));
#261=EDGE_LOOP('',(#1641,#1642,#1643,#1644,#1645,#1646));
#262=EDGE_LOOP('',(#1647,#1648,#1649,#1650));
#263=EDGE_LOOP('',(#1651,#1652,#1653,#1654));
#264=EDGE_LOOP('',(#1655,#1656,#1657,#1658,#1659,#1660,#1661,#1662,#1663,
#1664,#1665,#1666,#1667,#1668,#1669,#1670,#1671,#1672,#1673,#1674,#1675,
#1676,#1677,#1678,#1679,#1680,#1681,#1682,#1683,#1684,#1685,#1686,#1687,
#1688,#1689));
#265=EDGE_LOOP('',(#1690));
#266=EDGE_LOOP('',(#1691));
#267=EDGE_LOOP('',(#1692,#1693,#1694,#1695));
#268=EDGE_LOOP('',(#1696,#1697,#1698,#1699,#1700,#1701,#1702,#1703));
#269=EDGE_LOOP('',(#1704,#1705,#1706,#1707,#1708,#1709,#1710));
#270=EDGE_LOOP('',(#1711,#1712,#1713,#1714,#1715,#1716));
#271=EDGE_LOOP('',(#1717,#1718,#1719,#1720,#1721,#1722,#1723,#1724,#1725,
#1726,#1727,#1728,#1729,#1730,#1731,#1732,#1733,#1734,#1735,#1736,#1737,
#1738,#1739,#1740,#1741,#1742,#1743,#1744,#1745,#1746,#1747,#1748,#1749,
#1750,#1751,#1752,#1753,#1754,#1755,#1756,#1757,#1758,#1759,#1760,#1761,
#1762,#1763,#1764,#1765,#1766,#1767,#1768,#1769,#1770,#1771,#1772,#1773,
#1774,#1775,#1776));
#272=EDGE_LOOP('',(#1777));
#273=EDGE_LOOP('',(#1778));
#274=EDGE_LOOP('',(#1779));
#275=EDGE_LOOP('',(#1780));
#276=EDGE_LOOP('',(#1781));
#277=EDGE_LOOP('',(#1782));
#278=EDGE_LOOP('',(#1783,#1784,#1785,#1786));
#279=EDGE_LOOP('',(#1787,#1788,#1789,#1790));
#280=EDGE_LOOP('',(#1791,#1792,#1793,#1794));
#281=EDGE_LOOP('',(#1795,#1796,#1797,#1798));
#282=EDGE_LOOP('',(#1799,#1800,#1801,#1802));
#283=EDGE_LOOP('',(#1803,#1804,#1805,#1806));
#284=EDGE_LOOP('',(#1807,#1808,#1809,#1810));
#285=EDGE_LOOP('',(#1811,#1812,#1813,#1814));
#286=EDGE_LOOP('',(#1815,#1816,#1817,#1818));
#287=EDGE_LOOP('',(#1819,#1820,#1821,#1822));
#288=EDGE_LOOP('',(#1823,#1824,#1825,#1826));
#289=EDGE_LOOP('',(#1827,#1828,#1829,#1830));
#290=EDGE_LOOP('',(#1831,#1832,#1833,#1834));
#291=EDGE_LOOP('',(#1835,#1836,#1837,#1838));
#292=EDGE_LOOP('',(#1839,#1840,#1841,#1842));
#293=EDGE_LOOP('',(#1843,#1844,#1845,#1846));
#294=EDGE_LOOP('',(#1847,#1848,#1849,#1850));
#295=EDGE_LOOP('',(#1851,#1852,#1853,#1854));
#296=EDGE_LOOP('',(#1855,#1856,#1857,#1858));
#297=EDGE_LOOP('',(#1859,#1860,#1861,#1862));
#298=EDGE_LOOP('',(#1863,#1864,#1865));
#299=EDGE_LOOP('',(#1866,#1867,#1868,#1869));
#300=EDGE_LOOP('',(#1870,#1871,#1872));
#301=EDGE_LOOP('',(#1873,#1874,#1875,#1876));
#302=EDGE_LOOP('',(#1877,#1878,#1879));
#303=EDGE_LOOP('',(#1880,#1881,#1882,#1883));
#304=EDGE_LOOP('',(#1884,#1885,#1886));
#305=EDGE_LOOP('',(#1887,#1888,#1889,#1890));
#306=EDGE_LOOP('',(#1891,#1892,#1893));
#307=EDGE_LOOP('',(#1894,#1895,#1896,#1897));
#308=EDGE_LOOP('',(#1898,#1899,#1900));
#309=EDGE_LOOP('',(#1901,#1902,#1903,#1904));
#310=EDGE_LOOP('',(#1905,#1906,#1907));
#311=EDGE_LOOP('',(#1908,#1909,#1910,#1911));
#312=EDGE_LOOP('',(#1912,#1913,#1914));
#313=EDGE_LOOP('',(#1915,#1916,#1917,#1918));
#314=EDGE_LOOP('',(#1919,#1920,#1921));
#315=EDGE_LOOP('',(#1922,#1923,#1924,#1925));
#316=EDGE_LOOP('',(#1926,#1927,#1928));
#317=EDGE_LOOP('',(#1929,#1930,#1931,#1932));
#318=EDGE_LOOP('',(#1933,#1934,#1935,#1936));
#319=EDGE_LOOP('',(#1937,#1938,#1939,#1940));
#320=EDGE_LOOP('',(#1941,#1942,#1943,#1944));
#321=EDGE_LOOP('',(#1945,#1946,#1947,#1948));
#322=EDGE_LOOP('',(#1949,#1950,#1951,#1952));
#323=EDGE_LOOP('',(#1953,#1954,#1955,#1956));
#324=EDGE_LOOP('',(#1957,#1958,#1959,#1960));
#325=EDGE_LOOP('',(#1961,#1962,#1963,#1964,#1965,#1966,#1967));
#326=EDGE_LOOP('',(#1968,#1969,#1970,#1971));
#327=EDGE_LOOP('',(#1972,#1973,#1974,#1975));
#328=EDGE_LOOP('',(#1976,#1977,#1978,#1979,#1980,#1981,#1982,#1983,#1984,
#1985));
#329=EDGE_LOOP('',(#1986,#1987,#1988,#1989));
#330=EDGE_LOOP('',(#1990,#1991,#1992,#1993));
#331=EDGE_LOOP('',(#1994,#1995,#1996,#1997));
#332=EDGE_LOOP('',(#1998,#1999,#2000,#2001));
#333=EDGE_LOOP('',(#2002,#2003,#2004,#2005));
#334=EDGE_LOOP('',(#2006,#2007,#2008,#2009));
#335=EDGE_LOOP('',(#2010,#2011,#2012,#2013));
#336=EDGE_LOOP('',(#2014,#2015,#2016,#2017));
#337=EDGE_LOOP('',(#2018,#2019,#2020,#2021));
#338=EDGE_LOOP('',(#2022,#2023,#2024,#2025));
#339=EDGE_LOOP('',(#2026,#2027,#2028,#2029));
#340=EDGE_LOOP('',(#2030,#2031,#2032,#2033));
#341=EDGE_LOOP('',(#2034,#2035,#2036,#2037,#2038,#2039,#2040,#2041,#2042));
#342=EDGE_LOOP('',(#2043,#2044,#2045,#2046,#2047,#2048));
#343=EDGE_LOOP('',(#2049));
#344=EDGE_LOOP('',(#2050));
#345=EDGE_LOOP('',(#2051));
#346=EDGE_LOOP('',(#2052,#2053,#2054,#2055));
#347=EDGE_LOOP('',(#2056,#2057,#2058,#2059));
#348=EDGE_LOOP('',(#2060,#2061,#2062,#2063));
#349=EDGE_LOOP('',(#2064,#2065,#2066,#2067));
#350=EDGE_LOOP('',(#2068,#2069,#2070,#2071,#2072,#2073,#2074));
#351=EDGE_LOOP('',(#2075,#2076,#2077,#2078));
#352=EDGE_LOOP('',(#2079,#2080,#2081,#2082));
#353=EDGE_LOOP('',(#2083,#2084,#2085,#2086));
#354=EDGE_LOOP('',(#2087,#2088,#2089,#2090));
#355=LINE('',#3141,#581);
#356=LINE('',#3144,#582);
#357=LINE('',#3147,#583);
#358=LINE('',#3149,#584);
#359=LINE('',#3151,#585);
#360=LINE('',#3152,#586);
#361=LINE('',#3158,#587);
#362=LINE('',#3161,#588);
#363=LINE('',#3163,#589);
#364=LINE('',#3165,#590);
#365=LINE('',#3167,#591);
#366=LINE('',#3168,#592);
#367=LINE('',#3173,#593);
#368=LINE('',#3177,#594);
#369=LINE('',#3179,#595);
#370=LINE('',#3181,#596);
#371=LINE('',#3183,#597);
#372=LINE('',#3184,#598);
#373=LINE('',#3189,#599);
#374=LINE('',#3192,#600);
#375=LINE('',#3193,#601);
#376=LINE('',#3199,#602);
#377=LINE('',#3202,#603);
#378=LINE('',#3205,#604);
#379=LINE('',#3207,#605);
#380=LINE('',#3208,#606);
#381=LINE('',#3213,#607);
#382=LINE('',#3217,#608);
#383=LINE('',#3219,#609);
#384=LINE('',#3220,#610);
#385=LINE('',#3226,#611);
#386=LINE('',#3229,#612);
#387=LINE('',#3232,#613);
#388=LINE('',#3234,#614);
#389=LINE('',#3235,#615);
#390=LINE('',#3236,#616);
#391=LINE('',#3242,#617);
#392=LINE('',#3245,#618);
#393=LINE('',#3247,#619);
#394=LINE('',#3249,#620);
#395=LINE('',#3253,#621);
#396=LINE('',#3255,#622);
#397=LINE('',#3257,#623);
#398=LINE('',#3261,#624);
#399=LINE('',#3265,#625);
#400=LINE('',#3277,#626);
#401=LINE('',#3278,#627);
#402=LINE('',#3282,#628);
#403=LINE('',#3285,#629);
#404=LINE('',#3288,#630);
#405=LINE('',#3291,#631);
#406=LINE('',#3292,#632);
#407=LINE('',#3296,#633);
#408=LINE('',#3299,#634);
#409=LINE('',#3306,#635);
#410=LINE('',#3309,#636);
#411=LINE('',#3312,#637);
#412=LINE('',#3314,#638);
#413=LINE('',#3315,#639);
#414=LINE('',#3318,#640);
#415=LINE('',#3322,#641);
#416=LINE('',#3324,#642);
#417=LINE('',#3328,#643);
#418=LINE('',#3332,#644);
#419=LINE('',#3336,#645);
#420=LINE('',#3338,#646);
#421=LINE('',#3340,#647);
#422=LINE('',#3346,#648);
#423=LINE('',#3347,#649);
#424=LINE('',#3350,#650);
#425=LINE('',#3351,#651);
#426=LINE('',#3356,#652);
#427=LINE('',#3358,#653);
#428=LINE('',#3362,#654);
#429=LINE('',#3364,#655);
#430=LINE('',#3366,#656);
#431=LINE('',#3374,#657);
#432=LINE('',#3376,#658);
#433=LINE('',#3378,#659);
#434=LINE('',#3382,#660);
#435=LINE('',#3384,#661);
#436=LINE('',#3388,#662);
#437=LINE('',#3392,#663);
#438=LINE('',#3395,#664);
#439=LINE('',#3396,#665);
#440=LINE('',#3400,#666);
#441=LINE('',#3401,#667);
#442=LINE('',#3404,#668);
#443=LINE('',#3405,#669);
#444=LINE('',#3407,#670);
#445=LINE('',#3410,#671);
#446=LINE('',#3413,#672);
#447=LINE('',#3419,#673);
#448=LINE('',#3422,#674);
#449=LINE('',#3425,#675);
#450=LINE('',#3427,#676);
#451=LINE('',#3428,#677);
#452=LINE('',#3431,#678);
#453=LINE('',#3433,#679);
#454=LINE('',#3441,#680);
#455=LINE('',#3443,#681);
#456=LINE('',#3447,#682);
#457=LINE('',#3451,#683);
#458=LINE('',#3453,#684);
#459=LINE('',#3455,#685);
#460=LINE('',#3457,#686);
#461=LINE('',#3459,#687);
#462=LINE('',#3461,#688);
#463=LINE('',#3465,#689);
#464=LINE('',#3469,#690);
#465=LINE('',#3471,#691);
#466=LINE('',#3479,#692);
#467=LINE('',#3481,#693);
#468=LINE('',#3485,#694);
#469=LINE('',#3487,#695);
#470=LINE('',#3488,#696);
#471=LINE('',#3490,#697);
#472=LINE('',#3491,#698);
#473=LINE('',#3498,#699);
#474=LINE('',#3501,#700);
#475=LINE('',#3504,#701);
#476=LINE('',#3505,#702);
#477=LINE('',#3506,#703);
#478=LINE('',#3507,#704);
#479=LINE('',#3510,#705);
#480=LINE('',#3512,#706);
#481=LINE('',#3513,#707);
#482=LINE('',#3517,#708);
#483=LINE('',#3520,#709);
#484=LINE('',#3522,#710);
#485=LINE('',#3526,#711);
#486=LINE('',#3528,#712);
#487=LINE('',#3530,#713);
#488=LINE('',#3538,#714);
#489=LINE('',#3540,#715);
#490=LINE('',#3542,#716);
#491=LINE('',#3546,#717);
#492=LINE('',#3547,#718);
#493=LINE('',#3549,#719);
#494=LINE('',#3557,#720);
#495=LINE('',#3559,#721);
#496=LINE('',#3563,#722);
#497=LINE('',#3567,#723);
#498=LINE('',#3569,#724);
#499=LINE('',#3570,#725);
#500=LINE('',#3571,#726);
#501=LINE('',#3573,#727);
#502=LINE('',#3575,#728);
#503=LINE('',#3576,#729);
#504=LINE('',#3577,#730);
#505=LINE('',#3579,#731);
#506=LINE('',#3581,#732);
#507=LINE('',#3583,#733);
#508=LINE('',#3587,#734);
#509=LINE('',#3591,#735);
#510=LINE('',#3593,#736);
#511=LINE('',#3601,#737);
#512=LINE('',#3602,#738);
#513=LINE('',#3616,#739);
#514=LINE('',#3617,#740);
#515=LINE('',#3619,#741);
#516=LINE('',#3621,#742);
#517=LINE('',#3622,#743);
#518=LINE('',#3624,#744);
#519=LINE('',#3626,#745);
#520=LINE('',#3628,#746);
#521=LINE('',#3629,#747);
#522=LINE('',#3631,#748);
#523=LINE('',#3633,#749);
#524=LINE('',#3634,#750);
#525=LINE('',#3636,#751);
#526=LINE('',#3638,#752);
#527=LINE('',#3640,#753);
#528=LINE('',#3641,#754);
#529=LINE('',#3643,#755);
#530=LINE('',#3645,#756);
#531=LINE('',#3647,#757);
#532=LINE('',#3648,#758);
#533=LINE('',#3650,#759);
#534=LINE('',#3652,#760);
#535=LINE('',#3653,#761);
#536=LINE('',#3655,#762);
#537=LINE('',#3657,#763);
#538=LINE('',#3658,#764);
#539=LINE('',#3660,#765);
#540=LINE('',#3662,#766);
#541=LINE('',#3667,#767);
#542=LINE('',#3669,#768);
#543=LINE('',#3674,#769);
#544=LINE('',#3676,#770);
#545=LINE('',#3681,#771);
#546=LINE('',#3683,#772);
#547=LINE('',#3688,#773);
#548=LINE('',#3690,#774);
#549=LINE('',#3695,#775);
#550=LINE('',#3697,#776);
#551=LINE('',#3702,#777);
#552=LINE('',#3704,#778);
#553=LINE('',#3709,#779);
#554=LINE('',#3711,#780);
#555=LINE('',#3716,#781);
#556=LINE('',#3718,#782);
#557=LINE('',#3723,#783);
#558=LINE('',#3725,#784);
#559=LINE('',#3730,#785);
#560=LINE('',#3732,#786);
#561=LINE('',#3735,#787);
#562=LINE('',#3737,#788);
#563=LINE('',#3739,#789);
#564=LINE('',#3742,#790);
#565=LINE('',#3745,#791);
#566=LINE('',#3746,#792);
#567=LINE('',#3748,#793);
#568=LINE('',#3750,#794);
#569=LINE('',#3753,#795);
#570=LINE('',#3755,#796);
#571=LINE('',#3760,#797);
#572=LINE('',#3762,#798);
#573=LINE('',#3765,#799);
#574=LINE('',#3767,#800);
#575=LINE('',#3772,#801);
#576=LINE('',#3774,#802);
#577=LINE('',#3775,#803);
#578=LINE('',#3787,#804);
#579=LINE('',#3790,#805);
#580=LINE('',#3795,#806);
#581=VECTOR('',#2481,10.);
#582=VECTOR('',#2484,10.);
#583=VECTOR('',#2487,10.);
#584=VECTOR('',#2488,10.);
#585=VECTOR('',#2489,10.);
#586=VECTOR('',#2490,10.);
#587=VECTOR('',#2495,10.);
#588=VECTOR('',#2498,10.);
#589=VECTOR('',#2501,10.);
#590=VECTOR('',#2502,10.);
#591=VECTOR('',#2503,10.);
#592=VECTOR('',#2504,10.);
#593=VECTOR('',#2509,10.);
#594=VECTOR('',#2514,10.);
#595=VECTOR('',#2515,10.);
#596=VECTOR('',#2516,10.);
#597=VECTOR('',#2517,10.);
#598=VECTOR('',#2518,10.);
#599=VECTOR('',#2523,10.);
#600=VECTOR('',#2528,10.);
#601=VECTOR('',#2529,10.);
#602=VECTOR('',#2534,10.);
#603=VECTOR('',#2537,10.);
#604=VECTOR('',#2540,10.);
#605=VECTOR('',#2541,10.);
#606=VECTOR('',#2542,10.);
#607=VECTOR('',#2547,10.);
#608=VECTOR('',#2552,10.);
#609=VECTOR('',#2553,10.);
#610=VECTOR('',#2554,10.);
#611=VECTOR('',#2559,10.);
#612=VECTOR('',#2562,10.);
#613=VECTOR('',#2565,10.);
#614=VECTOR('',#2566,10.);
#615=VECTOR('',#2567,10.);
#616=VECTOR('',#2568,10.);
#617=VECTOR('',#2573,10.);
#618=VECTOR('',#2576,10.);
#619=VECTOR('',#2579,10.);
#620=VECTOR('',#2580,10.);
#621=VECTOR('',#2583,10.);
#622=VECTOR('',#2584,10.);
#623=VECTOR('',#2585,10.);
#624=VECTOR('',#2588,10.);
#625=VECTOR('',#2591,10.);
#626=VECTOR('',#2604,10.);
#627=VECTOR('',#2605,10.);
#628=VECTOR('',#2610,10.);
#629=VECTOR('',#2613,10.);
#630=VECTOR('',#2616,10.);
#631=VECTOR('',#2619,10.);
#632=VECTOR('',#2620,10.);
#633=VECTOR('',#2625,10.);
#634=VECTOR('',#2628,10.);
#635=VECTOR('',#2635,10.);
#636=VECTOR('',#2638,10.);
#637=VECTOR('',#2641,10.);
#638=VECTOR('',#2642,10.);
#639=VECTOR('',#2643,10.);
#640=VECTOR('',#2646,10.);
#641=VECTOR('',#2649,10.);
#642=VECTOR('',#2650,10.);
#643=VECTOR('',#2653,10.);
#644=VECTOR('',#2656,10.);
#645=VECTOR('',#2659,10.);
#646=VECTOR('',#2660,10.);
#647=VECTOR('',#2661,10.);
#648=VECTOR('',#2668,10.);
#649=VECTOR('',#2669,10.);
#650=VECTOR('',#2672,10.);
#651=VECTOR('',#2673,10.);
#652=VECTOR('',#2678,10.);
#653=VECTOR('',#2679,10.);
#654=VECTOR('',#2682,10.);
#655=VECTOR('',#2683,10.);
#656=VECTOR('',#2684,10.);
#657=VECTOR('',#2691,10.);
#658=VECTOR('',#2692,10.);
#659=VECTOR('',#2693,10.);
#660=VECTOR('',#2696,10.);
#661=VECTOR('',#2697,10.);
#662=VECTOR('',#2700,10.);
#663=VECTOR('',#2703,10.);
#664=VECTOR('',#2706,10.);
#665=VECTOR('',#2707,10.);
#666=VECTOR('',#2712,10.);
#667=VECTOR('',#2713,10.);
#668=VECTOR('',#2718,10.);
#669=VECTOR('',#2719,10.);
#670=VECTOR('',#2722,10.);
#671=VECTOR('',#2725,10.);
#672=VECTOR('',#2728,10.);
#673=VECTOR('',#2733,10.);
#674=VECTOR('',#2736,10.);
#675=VECTOR('',#2739,10.);
#676=VECTOR('',#2740,10.);
#677=VECTOR('',#2741,10.);
#678=VECTOR('',#2744,10.);
#679=VECTOR('',#2745,10.);
#680=VECTOR('',#2752,10.);
#681=VECTOR('',#2753,10.);
#682=VECTOR('',#2756,10.);
#683=VECTOR('',#2759,10.);
#684=VECTOR('',#2760,10.);
#685=VECTOR('',#2761,10.);
#686=VECTOR('',#2762,10.);
#687=VECTOR('',#2763,10.);
#688=VECTOR('',#2764,10.);
#689=VECTOR('',#2767,10.);
#690=VECTOR('',#2770,10.);
#691=VECTOR('',#2771,10.);
#692=VECTOR('',#2778,10.);
#693=VECTOR('',#2779,10.);
#694=VECTOR('',#2782,10.);
#695=VECTOR('',#2783,10.);
#696=VECTOR('',#2784,10.);
#697=VECTOR('',#2785,10.);
#698=VECTOR('',#2786,10.);
#699=VECTOR('',#2793,10.);
#700=VECTOR('',#2796,10.);
#701=VECTOR('',#2799,10.);
#702=VECTOR('',#2800,10.);
#703=VECTOR('',#2801,10.);
#704=VECTOR('',#2802,10.);
#705=VECTOR('',#2805,10.);
#706=VECTOR('',#2806,10.);
#707=VECTOR('',#2807,10.);
#708=VECTOR('',#2812,10.);
#709=VECTOR('',#2815,10.);
#710=VECTOR('',#2816,10.);
#711=VECTOR('',#2819,10.);
#712=VECTOR('',#2820,10.);
#713=VECTOR('',#2821,10.);
#714=VECTOR('',#2828,10.);
#715=VECTOR('',#2829,10.);
#716=VECTOR('',#2830,10.);
#717=VECTOR('',#2833,10.);
#718=VECTOR('',#2834,10.);
#719=VECTOR('',#2835,10.);
#720=VECTOR('',#2842,10.);
#721=VECTOR('',#2843,10.);
#722=VECTOR('',#2846,10.);
#723=VECTOR('',#2849,10.);
#724=VECTOR('',#2850,10.);
#725=VECTOR('',#2851,10.);
#726=VECTOR('',#2852,10.);
#727=VECTOR('',#2853,10.);
#728=VECTOR('',#2854,10.);
#729=VECTOR('',#2855,10.);
#730=VECTOR('',#2856,10.);
#731=VECTOR('',#2857,10.);
#732=VECTOR('',#2858,10.);
#733=VECTOR('',#2859,10.);
#734=VECTOR('',#2862,10.);
#735=VECTOR('',#2865,10.);
#736=VECTOR('',#2866,10.);
#737=VECTOR('',#2873,10.);
#738=VECTOR('',#2874,10.);
#739=VECTOR('',#2889,10.);
#740=VECTOR('',#2890,10.);
#741=VECTOR('',#2893,10.);
#742=VECTOR('',#2896,2.);
#743=VECTOR('',#2897,2.);
#744=VECTOR('',#2900,1.99999999999999);
#745=VECTOR('',#2903,1.99999999999999);
#746=VECTOR('',#2906,10.);
#747=VECTOR('',#2907,10.);
#748=VECTOR('',#2910,10.);
#749=VECTOR('',#2913,2.00000000000001);
#750=VECTOR('',#2914,2.00000000000001);
#751=VECTOR('',#2917,2.);
#752=VECTOR('',#2920,10.);
#753=VECTOR('',#2923,10.);
#754=VECTOR('',#2924,10.);
#755=VECTOR('',#2927,10.);
#756=VECTOR('',#2930,10.);
#757=VECTOR('',#2933,10.);
#758=VECTOR('',#2934,10.);
#759=VECTOR('',#2937,10.);
#760=VECTOR('',#2940,10.);
#761=VECTOR('',#2941,10.);
#762=VECTOR('',#2944,10.);
#763=VECTOR('',#2947,2.00000000000001);
#764=VECTOR('',#2948,2.00000000000001);
#765=VECTOR('',#2951,2.);
#766=VECTOR('',#2954,10.);
#767=VECTOR('',#2959,0.40575);
#768=VECTOR('',#2962,0.8115);
#769=VECTOR('',#2967,0.40575);
#770=VECTOR('',#2970,0.8115);
#771=VECTOR('',#2975,0.40575);
#772=VECTOR('',#2978,0.8115);
#773=VECTOR('',#2983,0.40575);
#774=VECTOR('',#2986,0.8115);
#775=VECTOR('',#2991,0.40575);
#776=VECTOR('',#2994,0.8115);
#777=VECTOR('',#2999,0.40575);
#778=VECTOR('',#3002,0.8115);
#779=VECTOR('',#3007,0.40575);
#780=VECTOR('',#3010,0.8115);
#781=VECTOR('',#3015,0.40575);
#782=VECTOR('',#3018,0.8115);
#783=VECTOR('',#3023,0.40575);
#784=VECTOR('',#3026,0.8115);
#785=VECTOR('',#3031,0.40575);
#786=VECTOR('',#3034,0.8115);
#787=VECTOR('',#3039,10.);
#788=VECTOR('',#3042,10.);
#789=VECTOR('',#3045,10.);
#790=VECTOR('',#3050,10.);
#791=VECTOR('',#3055,10.);
#792=VECTOR('',#3056,10.);
#793=VECTOR('',#3059,10.);
#794=VECTOR('',#3062,10.);
#795=VECTOR('',#3067,10.);
#796=VECTOR('',#3070,10.);
#797=VECTOR('',#3079,10.);
#798=VECTOR('',#3082,10.);
#799=VECTOR('',#3087,10.);
#800=VECTOR('',#3090,10.);
#801=VECTOR('',#3097,10.);
#802=VECTOR('',#3098,10.);
#803=VECTOR('',#3099,10.);
#804=VECTOR('',#3116,0.999999999999996);
#805=VECTOR('',#3121,0.999999999999996);
#806=VECTOR('',#3130,1.);
#807=CIRCLE('',#2260,1.);
#808=CIRCLE('',#2261,1.);
#809=CIRCLE('',#2264,1.);
#810=CIRCLE('',#2265,1.);
#811=CIRCLE('',#2268,1.);
#812=CIRCLE('',#2269,1.);
#813=CIRCLE('',#2272,1.);
#814=CIRCLE('',#2273,1.);
#815=CIRCLE('',#2276,1.);
#816=CIRCLE('',#2277,1.);
#817=CIRCLE('',#2280,1.);
#818=CIRCLE('',#2281,1.);
#819=CIRCLE('',#2284,2.);
#820=CIRCLE('',#2285,2.);
#821=CIRCLE('',#2288,2.);
#822=CIRCLE('',#2289,2.);
#823=CIRCLE('',#2291,2.);
#824=CIRCLE('',#2292,2.);
#825=CIRCLE('',#2293,2.);
#826=CIRCLE('',#2294,2.);
#827=CIRCLE('',#2295,0.8115);
#828=CIRCLE('',#2296,0.8115);
#829=CIRCLE('',#2297,0.8115);
#830=CIRCLE('',#2298,0.8115);
#831=CIRCLE('',#2301,2.);
#832=CIRCLE('',#2303,2.);
#833=CIRCLE('',#2306,2.);
#834=CIRCLE('',#2308,2.);
#835=CIRCLE('',#2310,2.);
#836=CIRCLE('',#2320,2.);
#837=CIRCLE('',#2323,2.);
#838=CIRCLE('',#2324,2.);
#839=CIRCLE('',#2325,1.99999999999999);
#840=CIRCLE('',#2326,2.3);
#841=CIRCLE('',#2327,2.);
#842=CIRCLE('',#2328,2.);
#843=CIRCLE('',#2329,2.);
#844=CIRCLE('',#2330,2.);
#845=CIRCLE('',#2331,2.);
#846=CIRCLE('',#2332,1.);
#847=CIRCLE('',#2338,2.);
#848=CIRCLE('',#2340,2.);
#849=CIRCLE('',#2341,2.);
#850=CIRCLE('',#2344,2.00000000000001);
#851=CIRCLE('',#2345,2.3);
#852=CIRCLE('',#2346,2.);
#853=CIRCLE('',#2347,2.);
#854=CIRCLE('',#2348,2.);
#855=CIRCLE('',#2349,2.);
#856=CIRCLE('',#2350,2.);
#857=CIRCLE('',#2351,2.);
#858=CIRCLE('',#2352,2.3);
#859=CIRCLE('',#2353,2.00000000000001);
#860=CIRCLE('',#2354,2.);
#861=CIRCLE('',#2355,0.999999999999996);
#862=CIRCLE('',#2356,0.999999999999996);
#863=CIRCLE('',#2358,2.);
#864=CIRCLE('',#2362,2.);
#865=CIRCLE('',#2364,2.);
#866=CIRCLE('',#2365,2.);
#867=CIRCLE('',#2366,2.3);
#868=CIRCLE('',#2367,1.99999999999999);
#869=CIRCLE('',#2368,2.);
#870=CIRCLE('',#2369,2.00000000000001);
#871=CIRCLE('',#2370,2.3);
#872=CIRCLE('',#2371,2.);
#873=CIRCLE('',#2372,2.);
#874=CIRCLE('',#2373,2.);
#875=CIRCLE('',#2374,2.);
#876=CIRCLE('',#2375,2.);
#877=CIRCLE('',#2376,2.);
#878=CIRCLE('',#2377,2.3);
#879=CIRCLE('',#2378,2.00000000000001);
#880=CIRCLE('',#2379,0.8115);
#881=CIRCLE('',#2380,0.8115);
#882=CIRCLE('',#2381,0.8115);
#883=CIRCLE('',#2382,0.8115);
#884=CIRCLE('',#2383,0.8115);
#885=CIRCLE('',#2384,0.8115);
#886=CIRCLE('',#2406,0.8115);
#887=CIRCLE('',#2409,0.8115);
#888=CIRCLE('',#2412,0.8115);
#889=CIRCLE('',#2415,0.8115);
#890=CIRCLE('',#2418,0.8115);
#891=CIRCLE('',#2421,0.8115);
#892=CIRCLE('',#2424,0.8115);
#893=CIRCLE('',#2427,0.8115);
#894=CIRCLE('',#2430,0.8115);
#895=CIRCLE('',#2433,0.8115);
#896=CIRCLE('',#2461,0.999999999999996);
#897=CIRCLE('',#2463,1.);
#898=CIRCLE('',#2465,0.999999999999996);
#899=VERTEX_POINT('',#3137);
#900=VERTEX_POINT('',#3138);
#901=VERTEX_POINT('',#3140);
#902=VERTEX_POINT('',#3142);
#903=VERTEX_POINT('',#3146);
#904=VERTEX_POINT('',#3148);
#905=VERTEX_POINT('',#3150);
#906=VERTEX_POINT('',#3154);
#907=VERTEX_POINT('',#3155);
#908=VERTEX_POINT('',#3157);
#909=VERTEX_POINT('',#3159);
#910=VERTEX_POINT('',#3164);
#911=VERTEX_POINT('',#3166);
#912=VERTEX_POINT('',#3170);
#913=VERTEX_POINT('',#3172);
#914=VERTEX_POINT('',#3176);
#915=VERTEX_POINT('',#3178);
#916=VERTEX_POINT('',#3180);
#917=VERTEX_POINT('',#3182);
#918=VERTEX_POINT('',#3186);
#919=VERTEX_POINT('',#3188);
#920=VERTEX_POINT('',#3195);
#921=VERTEX_POINT('',#3196);
#922=VERTEX_POINT('',#3198);
#923=VERTEX_POINT('',#3200);
#924=VERTEX_POINT('',#3204);
#925=VERTEX_POINT('',#3206);
#926=VERTEX_POINT('',#3210);
#927=VERTEX_POINT('',#3212);
#928=VERTEX_POINT('',#3216);
#929=VERTEX_POINT('',#3218);
#930=VERTEX_POINT('',#3222);
#931=VERTEX_POINT('',#3223);
#932=VERTEX_POINT('',#3225);
#933=VERTEX_POINT('',#3227);
#934=VERTEX_POINT('',#3231);
#935=VERTEX_POINT('',#3233);
#936=VERTEX_POINT('',#3238);
#937=VERTEX_POINT('',#3239);
#938=VERTEX_POINT('',#3241);
#939=VERTEX_POINT('',#3243);
#940=VERTEX_POINT('',#3248);
#941=VERTEX_POINT('',#3250);
#942=VERTEX_POINT('',#3252);
#943=VERTEX_POINT('',#3254);
#944=VERTEX_POINT('',#3256);
#945=VERTEX_POINT('',#3258);
#946=VERTEX_POINT('',#3260);
#947=VERTEX_POINT('',#3262);
#948=VERTEX_POINT('',#3264);
#949=VERTEX_POINT('',#3267);
#950=VERTEX_POINT('',#3269);
#951=VERTEX_POINT('',#3271);
#952=VERTEX_POINT('',#3273);
#953=VERTEX_POINT('',#3276);
#954=VERTEX_POINT('',#3280);
#955=VERTEX_POINT('',#3284);
#956=VERTEX_POINT('',#3286);
#957=VERTEX_POINT('',#3290);
#958=VERTEX_POINT('',#3294);
#959=VERTEX_POINT('',#3298);
#960=VERTEX_POINT('',#3302);
#961=VERTEX_POINT('',#3303);
#962=VERTEX_POINT('',#3305);
#963=VERTEX_POINT('',#3307);
#964=VERTEX_POINT('',#3311);
#965=VERTEX_POINT('',#3313);
#966=VERTEX_POINT('',#3317);
#967=VERTEX_POINT('',#3319);
#968=VERTEX_POINT('',#3321);
#969=VERTEX_POINT('',#3323);
#970=VERTEX_POINT('',#3325);
#971=VERTEX_POINT('',#3327);
#972=VERTEX_POINT('',#3329);
#973=VERTEX_POINT('',#3331);
#974=VERTEX_POINT('',#3333);
#975=VERTEX_POINT('',#3335);
#976=VERTEX_POINT('',#3337);
#977=VERTEX_POINT('',#3339);
#978=VERTEX_POINT('',#3343);
#979=VERTEX_POINT('',#3344);
#980=VERTEX_POINT('',#3349);
#981=VERTEX_POINT('',#3353);
#982=VERTEX_POINT('',#3355);
#983=VERTEX_POINT('',#3357);
#984=VERTEX_POINT('',#3359);
#985=VERTEX_POINT('',#3361);
#986=VERTEX_POINT('',#3363);
#987=VERTEX_POINT('',#3365);
#988=VERTEX_POINT('',#3367);
#989=VERTEX_POINT('',#3369);
#990=VERTEX_POINT('',#3371);
#991=VERTEX_POINT('',#3373);
#992=VERTEX_POINT('',#3375);
#993=VERTEX_POINT('',#3377);
#994=VERTEX_POINT('',#3379);
#995=VERTEX_POINT('',#3381);
#996=VERTEX_POINT('',#3383);
#997=VERTEX_POINT('',#3385);
#998=VERTEX_POINT('',#3387);
#999=VERTEX_POINT('',#3389);
#1000=VERTEX_POINT('',#3391);
#1001=VERTEX_POINT('',#3393);
#1002=VERTEX_POINT('',#3397);
#1003=VERTEX_POINT('',#3409);
#1004=VERTEX_POINT('',#3411);
#1005=VERTEX_POINT('',#3415);
#1006=VERTEX_POINT('',#3416);
#1007=VERTEX_POINT('',#3418);
#1008=VERTEX_POINT('',#3420);
#1009=VERTEX_POINT('',#3424);
#1010=VERTEX_POINT('',#3426);
#1011=VERTEX_POINT('',#3430);
#1012=VERTEX_POINT('',#3432);
#1013=VERTEX_POINT('',#3434);
#1014=VERTEX_POINT('',#3436);
#1015=VERTEX_POINT('',#3438);
#1016=VERTEX_POINT('',#3440);
#1017=VERTEX_POINT('',#3442);
#1018=VERTEX_POINT('',#3444);
#1019=VERTEX_POINT('',#3446);
#1020=VERTEX_POINT('',#3448);
#1021=VERTEX_POINT('',#3450);
#1022=VERTEX_POINT('',#3452);
#1023=VERTEX_POINT('',#3454);
#1024=VERTEX_POINT('',#3456);
#1025=VERTEX_POINT('',#3458);
#1026=VERTEX_POINT('',#3460);
#1027=VERTEX_POINT('',#3462);
#1028=VERTEX_POINT('',#3464);
#1029=VERTEX_POINT('',#3466);
#1030=VERTEX_POINT('',#3468);
#1031=VERTEX_POINT('',#3470);
#1032=VERTEX_POINT('',#3472);
#1033=VERTEX_POINT('',#3474);
#1034=VERTEX_POINT('',#3476);
#1035=VERTEX_POINT('',#3478);
#1036=VERTEX_POINT('',#3480);
#1037=VERTEX_POINT('',#3482);
#1038=VERTEX_POINT('',#3484);
#1039=VERTEX_POINT('',#3486);
#1040=VERTEX_POINT('',#3489);
#1041=VERTEX_POINT('',#3492);
#1042=VERTEX_POINT('',#3494);
#1043=VERTEX_POINT('',#3497);
#1044=VERTEX_POINT('',#3499);
#1045=VERTEX_POINT('',#3503);
#1046=VERTEX_POINT('',#3509);
#1047=VERTEX_POINT('',#3511);
#1048=VERTEX_POINT('',#3515);
#1049=VERTEX_POINT('',#3519);
#1050=VERTEX_POINT('',#3521);
#1051=VERTEX_POINT('',#3523);
#1052=VERTEX_POINT('',#3525);
#1053=VERTEX_POINT('',#3527);
#1054=VERTEX_POINT('',#3529);
#1055=VERTEX_POINT('',#3531);
#1056=VERTEX_POINT('',#3533);
#1057=VERTEX_POINT('',#3535);
#1058=VERTEX_POINT('',#3537);
#1059=VERTEX_POINT('',#3539);
#1060=VERTEX_POINT('',#3541);
#1061=VERTEX_POINT('',#3543);
#1062=VERTEX_POINT('',#3545);
#1063=VERTEX_POINT('',#3548);
#1064=VERTEX_POINT('',#3550);
#1065=VERTEX_POINT('',#3552);
#1066=VERTEX_POINT('',#3554);
#1067=VERTEX_POINT('',#3556);
#1068=VERTEX_POINT('',#3558);
#1069=VERTEX_POINT('',#3560);
#1070=VERTEX_POINT('',#3562);
#1071=VERTEX_POINT('',#3564);
#1072=VERTEX_POINT('',#3566);
#1073=VERTEX_POINT('',#3568);
#1074=VERTEX_POINT('',#3572);
#1075=VERTEX_POINT('',#3574);
#1076=VERTEX_POINT('',#3578);
#1077=VERTEX_POINT('',#3580);
#1078=VERTEX_POINT('',#3582);
#1079=VERTEX_POINT('',#3584);
#1080=VERTEX_POINT('',#3586);
#1081=VERTEX_POINT('',#3588);
#1082=VERTEX_POINT('',#3590);
#1083=VERTEX_POINT('',#3592);
#1084=VERTEX_POINT('',#3594);
#1085=VERTEX_POINT('',#3596);
#1086=VERTEX_POINT('',#3598);
#1087=VERTEX_POINT('',#3600);
#1088=VERTEX_POINT('',#3603);
#1089=VERTEX_POINT('',#3605);
#1090=VERTEX_POINT('',#3607);
#1091=VERTEX_POINT('',#3609);
#1092=VERTEX_POINT('',#3611);
#1093=VERTEX_POINT('',#3613);
#1094=VERTEX_POINT('',#3664);
#1095=VERTEX_POINT('',#3666);
#1096=VERTEX_POINT('',#3671);
#1097=VERTEX_POINT('',#3673);
#1098=VERTEX_POINT('',#3678);
#1099=VERTEX_POINT('',#3680);
#1100=VERTEX_POINT('',#3685);
#1101=VERTEX_POINT('',#3687);
#1102=VERTEX_POINT('',#3692);
#1103=VERTEX_POINT('',#3694);
#1104=VERTEX_POINT('',#3699);
#1105=VERTEX_POINT('',#3701);
#1106=VERTEX_POINT('',#3706);
#1107=VERTEX_POINT('',#3708);
#1108=VERTEX_POINT('',#3713);
#1109=VERTEX_POINT('',#3715);
#1110=VERTEX_POINT('',#3720);
#1111=VERTEX_POINT('',#3722);
#1112=VERTEX_POINT('',#3727);
#1113=VERTEX_POINT('',#3729);
#1114=VERTEX_POINT('',#3771);
#1115=VERTEX_POINT('',#3773);
#1116=VERTEX_POINT('',#3778);
#1117=VERTEX_POINT('',#3781);
#1118=VERTEX_POINT('',#3784);
#1119=EDGE_CURVE('',#899,#900,#807,.T.);
#1120=EDGE_CURVE('',#900,#901,#355,.T.);
#1121=EDGE_CURVE('',#901,#902,#808,.T.);
#1122=EDGE_CURVE('',#902,#899,#356,.T.);
#1123=EDGE_CURVE('',#903,#900,#357,.T.);
#1124=EDGE_CURVE('',#904,#903,#358,.T.);
#1125=EDGE_CURVE('',#905,#904,#359,.T.);
#1126=EDGE_CURVE('',#901,#905,#360,.T.);
#1127=EDGE_CURVE('',#906,#907,#809,.T.);
#1128=EDGE_CURVE('',#907,#908,#361,.T.);
#1129=EDGE_CURVE('',#908,#909,#810,.T.);
#1130=EDGE_CURVE('',#909,#906,#362,.T.);
#1131=EDGE_CURVE('',#908,#902,#363,.T.);
#1132=EDGE_CURVE('',#910,#907,#364,.T.);
#1133=EDGE_CURVE('',#911,#910,#365,.T.);
#1134=EDGE_CURVE('',#899,#911,#366,.T.);
#1135=EDGE_CURVE('',#904,#912,#811,.T.);
#1136=EDGE_CURVE('',#912,#913,#367,.T.);
#1137=EDGE_CURVE('',#913,#905,#812,.T.);
#1138=EDGE_CURVE('',#914,#912,#368,.T.);
#1139=EDGE_CURVE('',#915,#914,#369,.T.);
#1140=EDGE_CURVE('',#916,#915,#370,.T.);
#1141=EDGE_CURVE('',#917,#916,#371,.T.);
#1142=EDGE_CURVE('',#913,#917,#372,.T.);
#1143=EDGE_CURVE('',#916,#918,#813,.T.);
#1144=EDGE_CURVE('',#918,#919,#373,.T.);
#1145=EDGE_CURVE('',#919,#917,#814,.T.);
#1146=EDGE_CURVE('',#919,#909,#374,.T.);
#1147=EDGE_CURVE('',#906,#918,#375,.T.);
#1148=EDGE_CURVE('',#920,#921,#815,.T.);
#1149=EDGE_CURVE('',#920,#922,#376,.T.);
#1150=EDGE_CURVE('',#922,#923,#816,.T.);
#1151=EDGE_CURVE('',#923,#921,#377,.T.);
#1152=EDGE_CURVE('',#924,#920,#378,.F.);
#1153=EDGE_CURVE('',#925,#924,#379,.T.);
#1154=EDGE_CURVE('',#922,#925,#380,.T.);
#1155=EDGE_CURVE('',#926,#924,#817,.T.);
#1156=EDGE_CURVE('',#926,#927,#381,.T.);
#1157=EDGE_CURVE('',#927,#925,#818,.T.);
#1158=EDGE_CURVE('',#921,#928,#382,.F.);
#1159=EDGE_CURVE('',#929,#928,#383,.T.);
#1160=EDGE_CURVE('',#929,#926,#384,.F.);
#1161=EDGE_CURVE('',#930,#931,#819,.T.);
#1162=EDGE_CURVE('',#930,#932,#385,.T.);
#1163=EDGE_CURVE('',#932,#933,#820,.T.);
#1164=EDGE_CURVE('',#933,#931,#386,.T.);
#1165=EDGE_CURVE('',#930,#934,#387,.T.);
#1166=EDGE_CURVE('',#935,#934,#388,.T.);
#1167=EDGE_CURVE('',#910,#935,#389,.T.);
#1168=EDGE_CURVE('',#932,#915,#390,.T.);
#1169=EDGE_CURVE('',#936,#937,#821,.T.);
#1170=EDGE_CURVE('',#936,#938,#391,.T.);
#1171=EDGE_CURVE('',#938,#939,#822,.T.);
#1172=EDGE_CURVE('',#939,#937,#392,.T.);
#1173=EDGE_CURVE('',#936,#931,#393,.T.);
#1174=EDGE_CURVE('',#940,#937,#394,.T.);
#1175=EDGE_CURVE('',#940,#941,#823,.T.);
#1176=EDGE_CURVE('',#942,#941,#395,.T.);
#1177=EDGE_CURVE('',#943,#942,#396,.T.);
#1178=EDGE_CURVE('',#944,#943,#397,.T.);
#1179=EDGE_CURVE('',#944,#945,#824,.T.);
#1180=EDGE_CURVE('',#946,#945,#398,.T.);
#1181=EDGE_CURVE('',#946,#947,#825,.T.);
#1182=EDGE_CURVE('',#948,#947,#399,.T.);
#1183=EDGE_CURVE('',#948,#934,#826,.T.);
#1184=EDGE_CURVE('',#949,#949,#827,.T.);
#1185=EDGE_CURVE('',#950,#950,#828,.T.);
#1186=EDGE_CURVE('',#951,#951,#829,.T.);
#1187=EDGE_CURVE('',#952,#952,#830,.T.);
#1188=EDGE_CURVE('',#953,#939,#400,.T.);
#1189=EDGE_CURVE('',#940,#953,#401,.T.);
#1190=EDGE_CURVE('',#953,#954,#831,.T.);
#1191=EDGE_CURVE('',#954,#941,#402,.T.);
#1192=EDGE_CURVE('',#944,#955,#403,.T.);
#1193=EDGE_CURVE('',#955,#956,#832,.T.);
#1194=EDGE_CURVE('',#956,#945,#404,.T.);
#1195=EDGE_CURVE('',#957,#956,#405,.T.);
#1196=EDGE_CURVE('',#946,#957,#406,.T.);
#1197=EDGE_CURVE('',#957,#958,#833,.T.);
#1198=EDGE_CURVE('',#958,#947,#407,.T.);
#1199=EDGE_CURVE('',#948,#959,#408,.T.);
#1200=EDGE_CURVE('',#959,#935,#834,.T.);
#1201=EDGE_CURVE('',#960,#961,#835,.T.);
#1202=EDGE_CURVE('',#961,#962,#409,.T.);
#1203=EDGE_CURVE('',#962,#963,#25,.T.);
#1204=EDGE_CURVE('',#963,#960,#410,.T.);
#1205=EDGE_CURVE('',#963,#964,#411,.T.);
#1206=EDGE_CURVE('',#965,#964,#412,.T.);
#1207=EDGE_CURVE('',#960,#965,#413,.T.);
#1208=EDGE_CURVE('',#966,#962,#414,.T.);
#1209=EDGE_CURVE('',#967,#966,#26,.T.);
#1210=EDGE_CURVE('',#968,#967,#415,.T.);
#1211=EDGE_CURVE('',#969,#968,#416,.T.);
#1212=EDGE_CURVE('',#970,#969,#27,.T.);
#1213=EDGE_CURVE('',#971,#970,#417,.T.);
#1214=EDGE_CURVE('',#972,#971,#28,.T.);
#1215=EDGE_CURVE('',#973,#972,#418,.T.);
#1216=EDGE_CURVE('',#974,#973,#29,.T.);
#1217=EDGE_CURVE('',#975,#974,#419,.T.);
#1218=EDGE_CURVE('',#975,#976,#420,.T.);
#1219=EDGE_CURVE('',#977,#976,#421,.T.);
#1220=EDGE_CURVE('',#964,#977,#30,.T.);
#1221=EDGE_CURVE('',#978,#979,#836,.T.);
#1222=EDGE_CURVE('',#979,#967,#422,.T.);
#1223=EDGE_CURVE('',#966,#978,#423,.T.);
#1224=EDGE_CURVE('',#980,#979,#424,.T.);
#1225=EDGE_CURVE('',#968,#980,#425,.T.);
#1226=EDGE_CURVE('',#981,#965,#837,.T.);
#1227=EDGE_CURVE('',#981,#982,#426,.T.);
#1228=EDGE_CURVE('',#982,#983,#427,.T.);
#1229=EDGE_CURVE('',#984,#983,#838,.T.);
#1230=EDGE_CURVE('',#984,#985,#428,.T.);
#1231=EDGE_CURVE('',#985,#986,#429,.T.);
#1232=EDGE_CURVE('',#986,#987,#430,.T.);
#1233=EDGE_CURVE('',#987,#988,#839,.F.);
#1234=EDGE_CURVE('',#988,#989,#840,.T.);
#1235=EDGE_CURVE('',#989,#990,#841,.F.);
#1236=EDGE_CURVE('',#990,#991,#431,.T.);
#1237=EDGE_CURVE('',#991,#992,#432,.T.);
#1238=EDGE_CURVE('',#992,#993,#433,.T.);
#1239=EDGE_CURVE('',#994,#993,#842,.T.);
#1240=EDGE_CURVE('',#994,#995,#434,.T.);
#1241=EDGE_CURVE('',#995,#996,#435,.T.);
#1242=EDGE_CURVE('',#997,#996,#843,.T.);
#1243=EDGE_CURVE('',#997,#998,#436,.T.);
#1244=EDGE_CURVE('',#999,#998,#844,.T.);
#1245=EDGE_CURVE('',#999,#1000,#437,.T.);
#1246=EDGE_CURVE('',#1001,#1000,#845,.T.);
#1247=EDGE_CURVE('',#1001,#980,#438,.T.);
#1248=EDGE_CURVE('',#978,#961,#439,.T.);
#1249=EDGE_CURVE('',#1002,#1002,#846,.T.);
#1250=EDGE_CURVE('',#1000,#970,#440,.T.);
#1251=EDGE_CURVE('',#969,#1001,#441,.T.);
#1252=EDGE_CURVE('',#998,#972,#442,.T.);
#1253=EDGE_CURVE('',#971,#999,#443,.T.);
#1254=EDGE_CURVE('',#973,#997,#444,.T.);
#1255=EDGE_CURVE('',#996,#1003,#445,.T.);
#1256=EDGE_CURVE('',#1003,#1004,#847,.T.);
#1257=EDGE_CURVE('',#1004,#974,#446,.T.);
#1258=EDGE_CURVE('',#1005,#1006,#848,.T.);
#1259=EDGE_CURVE('',#1006,#1007,#447,.T.);
#1260=EDGE_CURVE('',#1007,#1008,#849,.T.);
#1261=EDGE_CURVE('',#1008,#1005,#448,.T.);
#1262=EDGE_CURVE('',#1009,#1006,#449,.T.);
#1263=EDGE_CURVE('',#1009,#1010,#450,.T.);
#1264=EDGE_CURVE('',#1010,#1007,#451,.T.);
#1265=EDGE_CURVE('',#1005,#1011,#452,.T.);
#1266=EDGE_CURVE('',#1011,#1012,#453,.T.);
#1267=EDGE_CURVE('',#1012,#1013,#850,.F.);
#1268=EDGE_CURVE('',#1013,#1014,#851,.T.);
#1269=EDGE_CURVE('',#1014,#1015,#852,.F.);
#1270=EDGE_CURVE('',#1015,#1016,#454,.T.);
#1271=EDGE_CURVE('',#1016,#1017,#455,.T.);
#1272=EDGE_CURVE('',#1018,#1017,#853,.T.);
#1273=EDGE_CURVE('',#1018,#1019,#456,.T.);
#1274=EDGE_CURVE('',#1020,#1019,#854,.T.);
#1275=EDGE_CURVE('',#1020,#1021,#457,.T.);
#1276=EDGE_CURVE('',#1021,#1022,#458,.T.);
#1277=EDGE_CURVE('',#1022,#1023,#459,.T.);
#1278=EDGE_CURVE('',#1023,#1024,#460,.T.);
#1279=EDGE_CURVE('',#1024,#1025,#461,.T.);
#1280=EDGE_CURVE('',#1025,#1026,#462,.T.);
#1281=EDGE_CURVE('',#1027,#1026,#855,.T.);
#1282=EDGE_CURVE('',#1027,#1028,#463,.T.);
#1283=EDGE_CURVE('',#1029,#1028,#856,.T.);
#1284=EDGE_CURVE('',#1029,#1030,#464,.T.);
#1285=EDGE_CURVE('',#1030,#1031,#465,.T.);
#1286=EDGE_CURVE('',#1031,#1032,#857,.F.);
#1287=EDGE_CURVE('',#1032,#1033,#858,.T.);
#1288=EDGE_CURVE('',#1033,#1034,#859,.F.);
#1289=EDGE_CURVE('',#1034,#1035,#466,.T.);
#1290=EDGE_CURVE('',#1035,#1036,#467,.T.);
#1291=EDGE_CURVE('',#1037,#1036,#860,.T.);
#1292=EDGE_CURVE('',#1037,#1038,#468,.T.);
#1293=EDGE_CURVE('',#1038,#1039,#469,.T.);
#1294=EDGE_CURVE('',#1039,#929,#470,.T.);
#1295=EDGE_CURVE('',#928,#1040,#471,.T.);
#1296=EDGE_CURVE('',#1040,#1009,#472,.T.);
#1297=EDGE_CURVE('',#1041,#1041,#861,.T.);
#1298=EDGE_CURVE('',#1042,#1042,#862,.T.);
#1299=EDGE_CURVE('',#1036,#1043,#473,.T.);
#1300=EDGE_CURVE('',#1043,#1044,#863,.T.);
#1301=EDGE_CURVE('',#1044,#1037,#474,.T.);
#1302=EDGE_CURVE('',#1045,#1010,#475,.T.);
#1303=EDGE_CURVE('',#1044,#1045,#476,.T.);
#1304=EDGE_CURVE('',#976,#1043,#477,.T.);
#1305=EDGE_CURVE('',#1008,#975,#478,.T.);
#1306=EDGE_CURVE('',#1035,#1046,#479,.T.);
#1307=EDGE_CURVE('',#1046,#1047,#480,.T.);
#1308=EDGE_CURVE('',#977,#1047,#481,.T.);
#1309=EDGE_CURVE('',#1047,#1048,#864,.T.);
#1310=EDGE_CURVE('',#1048,#981,#482,.T.);
#1311=EDGE_CURVE('',#1049,#1003,#483,.T.);
#1312=EDGE_CURVE('',#1050,#1049,#484,.T.);
#1313=EDGE_CURVE('',#1050,#1051,#865,.T.);
#1314=EDGE_CURVE('',#1052,#1051,#485,.T.);
#1315=EDGE_CURVE('',#1053,#1052,#486,.T.);
#1316=EDGE_CURVE('',#1054,#1053,#487,.T.);
#1317=EDGE_CURVE('',#1054,#1055,#866,.T.);
#1318=EDGE_CURVE('',#1056,#1055,#867,.T.);
#1319=EDGE_CURVE('',#1056,#1057,#868,.T.);
#1320=EDGE_CURVE('',#1058,#1057,#488,.T.);
#1321=EDGE_CURVE('',#1059,#1058,#489,.T.);
#1322=EDGE_CURVE('',#1060,#1059,#490,.T.);
#1323=EDGE_CURVE('',#1060,#1061,#869,.T.);
#1324=EDGE_CURVE('',#1062,#1061,#491,.T.);
#1325=EDGE_CURVE('',#1048,#1062,#492,.T.);
#1326=EDGE_CURVE('',#1063,#1046,#493,.T.);
#1327=EDGE_CURVE('',#1063,#1064,#870,.T.);
#1328=EDGE_CURVE('',#1065,#1064,#871,.T.);
#1329=EDGE_CURVE('',#1065,#1066,#872,.T.);
#1330=EDGE_CURVE('',#1067,#1066,#494,.T.);
#1331=EDGE_CURVE('',#1068,#1067,#495,.T.);
#1332=EDGE_CURVE('',#1068,#1069,#873,.T.);
#1333=EDGE_CURVE('',#1070,#1069,#496,.T.);
#1334=EDGE_CURVE('',#1070,#1071,#874,.T.);
#1335=EDGE_CURVE('',#1072,#1071,#497,.T.);
#1336=EDGE_CURVE('',#1073,#1072,#498,.T.);
#1337=EDGE_CURVE('',#911,#1073,#499,.T.);
#1338=EDGE_CURVE('',#959,#958,#500,.T.);
#1339=EDGE_CURVE('',#955,#1074,#501,.T.);
#1340=EDGE_CURVE('',#1074,#1075,#502,.T.);
#1341=EDGE_CURVE('',#1075,#954,#503,.T.);
#1342=EDGE_CURVE('',#938,#933,#504,.T.);
#1343=EDGE_CURVE('',#1076,#914,#505,.T.);
#1344=EDGE_CURVE('',#1077,#1076,#506,.T.);
#1345=EDGE_CURVE('',#1078,#1077,#507,.T.);
#1346=EDGE_CURVE('',#1078,#1079,#875,.T.);
#1347=EDGE_CURVE('',#1080,#1079,#508,.T.);
#1348=EDGE_CURVE('',#1080,#1081,#876,.T.);
#1349=EDGE_CURVE('',#1082,#1081,#509,.T.);
#1350=EDGE_CURVE('',#1083,#1082,#510,.T.);
#1351=EDGE_CURVE('',#1083,#1084,#877,.T.);
#1352=EDGE_CURVE('',#1085,#1084,#878,.T.);
#1353=EDGE_CURVE('',#1085,#1086,#879,.T.);
#1354=EDGE_CURVE('',#1087,#1086,#511,.T.);
#1355=EDGE_CURVE('',#1004,#1087,#512,.T.);
#1356=EDGE_CURVE('',#1088,#1088,#880,.T.);
#1357=EDGE_CURVE('',#1089,#1089,#881,.T.);
#1358=EDGE_CURVE('',#1090,#1090,#882,.T.);
#1359=EDGE_CURVE('',#1091,#1091,#883,.T.);
#1360=EDGE_CURVE('',#1092,#1092,#884,.T.);
#1361=EDGE_CURVE('',#1093,#1093,#885,.T.);
#1362=EDGE_CURVE('',#1050,#994,#513,.T.);
#1363=EDGE_CURVE('',#993,#1051,#514,.T.);
#1364=EDGE_CURVE('',#995,#1049,#515,.T.);
#1365=EDGE_CURVE('',#989,#1055,#516,.T.);
#1366=EDGE_CURVE('',#1054,#990,#517,.T.);
#1367=EDGE_CURVE('',#1056,#988,#518,.T.);
#1368=EDGE_CURVE('',#987,#1057,#519,.T.);
#1369=EDGE_CURVE('',#1060,#984,#520,.T.);
#1370=EDGE_CURVE('',#983,#1061,#521,.T.);
#1371=EDGE_CURVE('',#985,#1059,#522,.T.);
#1372=EDGE_CURVE('',#1033,#1064,#523,.T.);
#1373=EDGE_CURVE('',#1063,#1034,#524,.T.);
#1374=EDGE_CURVE('',#1065,#1032,#525,.T.);
#1375=EDGE_CURVE('',#1031,#1066,#526,.T.);
#1376=EDGE_CURVE('',#1068,#1029,#527,.T.);
#1377=EDGE_CURVE('',#1028,#1069,#528,.T.);
#1378=EDGE_CURVE('',#1070,#1027,#529,.T.);
#1379=EDGE_CURVE('',#1026,#1071,#530,.T.);
#1380=EDGE_CURVE('',#1078,#1020,#531,.T.);
#1381=EDGE_CURVE('',#1019,#1079,#532,.T.);
#1382=EDGE_CURVE('',#1021,#1077,#533,.T.);
#1383=EDGE_CURVE('',#1080,#1018,#534,.T.);
#1384=EDGE_CURVE('',#1017,#1081,#535,.T.);
#1385=EDGE_CURVE('',#1082,#1016,#536,.T.);
#1386=EDGE_CURVE('',#1085,#1013,#537,.T.);
#1387=EDGE_CURVE('',#1012,#1086,#538,.T.);
#1388=EDGE_CURVE('',#1014,#1084,#539,.T.);
#1389=EDGE_CURVE('',#1083,#1015,#540,.T.);
#1390=EDGE_CURVE('',#1094,#1094,#886,.T.);
#1391=EDGE_CURVE('',#1094,#1095,#541,.T.);
#1392=EDGE_CURVE('',#952,#1094,#542,.T.);
#1393=EDGE_CURVE('',#1096,#1096,#887,.T.);
#1394=EDGE_CURVE('',#1096,#1097,#543,.T.);
#1395=EDGE_CURVE('',#951,#1096,#544,.T.);
#1396=EDGE_CURVE('',#1098,#1098,#888,.T.);
#1397=EDGE_CURVE('',#1098,#1099,#545,.T.);
#1398=EDGE_CURVE('',#950,#1098,#546,.T.);
#1399=EDGE_CURVE('',#1100,#1100,#889,.T.);
#1400=EDGE_CURVE('',#1100,#1101,#547,.T.);
#1401=EDGE_CURVE('',#949,#1100,#548,.T.);
#1402=EDGE_CURVE('',#1102,#1102,#890,.T.);
#1403=EDGE_CURVE('',#1102,#1103,#549,.T.);
#1404=EDGE_CURVE('',#1088,#1102,#550,.T.);
#1405=EDGE_CURVE('',#1104,#1104,#891,.T.);
#1406=EDGE_CURVE('',#1104,#1105,#551,.T.);
#1407=EDGE_CURVE('',#1089,#1104,#552,.T.);
#1408=EDGE_CURVE('',#1106,#1106,#892,.T.);
#1409=EDGE_CURVE('',#1106,#1107,#553,.T.);
#1410=EDGE_CURVE('',#1090,#1106,#554,.T.);
#1411=EDGE_CURVE('',#1108,#1108,#893,.T.);
#1412=EDGE_CURVE('',#1108,#1109,#555,.T.);
#1413=EDGE_CURVE('',#1091,#1108,#556,.T.);
#1414=EDGE_CURVE('',#1110,#1110,#894,.T.);
#1415=EDGE_CURVE('',#1110,#1111,#557,.T.);
#1416=EDGE_CURVE('',#1092,#1110,#558,.T.);
#1417=EDGE_CURVE('',#1112,#1112,#895,.T.);
#1418=EDGE_CURVE('',#1112,#1113,#559,.T.);
#1419=EDGE_CURVE('',#1093,#1112,#560,.T.);
#1420=EDGE_CURVE('',#1030,#1067,#561,.T.);
#1421=EDGE_CURVE('',#1072,#1025,#562,.T.);
#1422=EDGE_CURVE('',#1022,#1076,#563,.T.);
#1423=EDGE_CURVE('',#1045,#1038,#564,.T.);
#1424=EDGE_CURVE('',#1024,#1073,#565,.T.);
#1425=EDGE_CURVE('',#1023,#903,#566,.T.);
#1426=EDGE_CURVE('',#927,#1039,#567,.T.);
#1427=EDGE_CURVE('',#1040,#923,#568,.T.);
#1428=EDGE_CURVE('',#1074,#943,#569,.T.);
#1429=EDGE_CURVE('',#1075,#942,#570,.T.);
#1430=EDGE_CURVE('',#982,#1062,#571,.T.);
#1431=EDGE_CURVE('',#986,#1058,#572,.T.);
#1432=EDGE_CURVE('',#1053,#991,#573,.T.);
#1433=EDGE_CURVE('',#992,#1052,#574,.T.);
#1434=EDGE_CURVE('',#1087,#1114,#575,.T.);
#1435=EDGE_CURVE('',#1114,#1115,#576,.T.);
#1436=EDGE_CURVE('',#1115,#1011,#577,.T.);
#1437=EDGE_CURVE('',#1116,#1116,#896,.T.);
#1438=EDGE_CURVE('',#1117,#1117,#897,.T.);
#1439=EDGE_CURVE('',#1118,#1118,#898,.T.);
#1440=EDGE_CURVE('',#1041,#1116,#578,.T.);
#1441=EDGE_CURVE('',#1042,#1118,#579,.T.);
#1442=EDGE_CURVE('',#1002,#1117,#580,.T.);
#1443=ORIENTED_EDGE('',*,*,#1119,.T.);
#1444=ORIENTED_EDGE('',*,*,#1120,.T.);
#1445=ORIENTED_EDGE('',*,*,#1121,.T.);
#1446=ORIENTED_EDGE('',*,*,#1122,.T.);
#1447=ORIENTED_EDGE('',*,*,#1120,.F.);
#1448=ORIENTED_EDGE('',*,*,#1123,.F.);
#1449=ORIENTED_EDGE('',*,*,#1124,.F.);
#1450=ORIENTED_EDGE('',*,*,#1125,.F.);
#1451=ORIENTED_EDGE('',*,*,#1126,.F.);
#1452=ORIENTED_EDGE('',*,*,#1127,.T.);
#1453=ORIENTED_EDGE('',*,*,#1128,.T.);
#1454=ORIENTED_EDGE('',*,*,#1129,.T.);
#1455=ORIENTED_EDGE('',*,*,#1130,.T.);
#1456=ORIENTED_EDGE('',*,*,#1122,.F.);
#1457=ORIENTED_EDGE('',*,*,#1131,.F.);
#1458=ORIENTED_EDGE('',*,*,#1128,.F.);
#1459=ORIENTED_EDGE('',*,*,#1132,.F.);
#1460=ORIENTED_EDGE('',*,*,#1133,.F.);
#1461=ORIENTED_EDGE('',*,*,#1134,.F.);
#1462=ORIENTED_EDGE('',*,*,#1135,.T.);
#1463=ORIENTED_EDGE('',*,*,#1136,.T.);
#1464=ORIENTED_EDGE('',*,*,#1137,.T.);
#1465=ORIENTED_EDGE('',*,*,#1125,.T.);
#1466=ORIENTED_EDGE('',*,*,#1136,.F.);
#1467=ORIENTED_EDGE('',*,*,#1138,.F.);
#1468=ORIENTED_EDGE('',*,*,#1139,.F.);
#1469=ORIENTED_EDGE('',*,*,#1140,.F.);
#1470=ORIENTED_EDGE('',*,*,#1141,.F.);
#1471=ORIENTED_EDGE('',*,*,#1142,.F.);
#1472=ORIENTED_EDGE('',*,*,#1143,.T.);
#1473=ORIENTED_EDGE('',*,*,#1144,.T.);
#1474=ORIENTED_EDGE('',*,*,#1145,.T.);
#1475=ORIENTED_EDGE('',*,*,#1141,.T.);
#1476=ORIENTED_EDGE('',*,*,#1130,.F.);
#1477=ORIENTED_EDGE('',*,*,#1146,.F.);
#1478=ORIENTED_EDGE('',*,*,#1144,.F.);
#1479=ORIENTED_EDGE('',*,*,#1147,.F.);
#1480=ORIENTED_EDGE('',*,*,#1148,.F.);
#1481=ORIENTED_EDGE('',*,*,#1149,.T.);
#1482=ORIENTED_EDGE('',*,*,#1150,.T.);
#1483=ORIENTED_EDGE('',*,*,#1151,.T.);
#1484=ORIENTED_EDGE('',*,*,#1149,.F.);
#1485=ORIENTED_EDGE('',*,*,#1152,.F.);
#1486=ORIENTED_EDGE('',*,*,#1153,.F.);
#1487=ORIENTED_EDGE('',*,*,#1154,.F.);
#1488=ORIENTED_EDGE('',*,*,#1155,.F.);
#1489=ORIENTED_EDGE('',*,*,#1156,.T.);
#1490=ORIENTED_EDGE('',*,*,#1157,.T.);
#1491=ORIENTED_EDGE('',*,*,#1153,.T.);
#1492=ORIENTED_EDGE('',*,*,#1148,.T.);
#1493=ORIENTED_EDGE('',*,*,#1158,.T.);
#1494=ORIENTED_EDGE('',*,*,#1159,.F.);
#1495=ORIENTED_EDGE('',*,*,#1160,.T.);
#1496=ORIENTED_EDGE('',*,*,#1155,.T.);
#1497=ORIENTED_EDGE('',*,*,#1152,.T.);
#1498=ORIENTED_EDGE('',*,*,#1142,.T.);
#1499=ORIENTED_EDGE('',*,*,#1145,.F.);
#1500=ORIENTED_EDGE('',*,*,#1146,.T.);
#1501=ORIENTED_EDGE('',*,*,#1129,.F.);
#1502=ORIENTED_EDGE('',*,*,#1131,.T.);
#1503=ORIENTED_EDGE('',*,*,#1121,.F.);
#1504=ORIENTED_EDGE('',*,*,#1126,.T.);
#1505=ORIENTED_EDGE('',*,*,#1137,.F.);
#1506=ORIENTED_EDGE('',*,*,#1161,.F.);
#1507=ORIENTED_EDGE('',*,*,#1162,.T.);
#1508=ORIENTED_EDGE('',*,*,#1163,.T.);
#1509=ORIENTED_EDGE('',*,*,#1164,.T.);
#1510=ORIENTED_EDGE('',*,*,#1162,.F.);
#1511=ORIENTED_EDGE('',*,*,#1165,.T.);
#1512=ORIENTED_EDGE('',*,*,#1166,.F.);
#1513=ORIENTED_EDGE('',*,*,#1167,.F.);
#1514=ORIENTED_EDGE('',*,*,#1132,.T.);
#1515=ORIENTED_EDGE('',*,*,#1127,.F.);
#1516=ORIENTED_EDGE('',*,*,#1147,.T.);
#1517=ORIENTED_EDGE('',*,*,#1143,.F.);
#1518=ORIENTED_EDGE('',*,*,#1140,.T.);
#1519=ORIENTED_EDGE('',*,*,#1168,.F.);
#1520=ORIENTED_EDGE('',*,*,#1169,.F.);
#1521=ORIENTED_EDGE('',*,*,#1170,.T.);
#1522=ORIENTED_EDGE('',*,*,#1171,.T.);
#1523=ORIENTED_EDGE('',*,*,#1172,.T.);
#1524=ORIENTED_EDGE('',*,*,#1161,.T.);
#1525=ORIENTED_EDGE('',*,*,#1173,.F.);
#1526=ORIENTED_EDGE('',*,*,#1169,.T.);
#1527=ORIENTED_EDGE('',*,*,#1174,.F.);
#1528=ORIENTED_EDGE('',*,*,#1175,.T.);
#1529=ORIENTED_EDGE('',*,*,#1176,.F.);
#1530=ORIENTED_EDGE('',*,*,#1177,.F.);
#1531=ORIENTED_EDGE('',*,*,#1178,.F.);
#1532=ORIENTED_EDGE('',*,*,#1179,.T.);
#1533=ORIENTED_EDGE('',*,*,#1180,.F.);
#1534=ORIENTED_EDGE('',*,*,#1181,.T.);
#1535=ORIENTED_EDGE('',*,*,#1182,.F.);
#1536=ORIENTED_EDGE('',*,*,#1183,.T.);
#1537=ORIENTED_EDGE('',*,*,#1165,.F.);
#1538=ORIENTED_EDGE('',*,*,#1184,.T.);
#1539=ORIENTED_EDGE('',*,*,#1185,.T.);
#1540=ORIENTED_EDGE('',*,*,#1186,.T.);
#1541=ORIENTED_EDGE('',*,*,#1187,.T.);
#1542=ORIENTED_EDGE('',*,*,#1172,.F.);
#1543=ORIENTED_EDGE('',*,*,#1188,.F.);
#1544=ORIENTED_EDGE('',*,*,#1189,.F.);
#1545=ORIENTED_EDGE('',*,*,#1174,.T.);
#1546=ORIENTED_EDGE('',*,*,#1175,.F.);
#1547=ORIENTED_EDGE('',*,*,#1189,.T.);
#1548=ORIENTED_EDGE('',*,*,#1190,.T.);
#1549=ORIENTED_EDGE('',*,*,#1191,.T.);
#1550=ORIENTED_EDGE('',*,*,#1179,.F.);
#1551=ORIENTED_EDGE('',*,*,#1192,.T.);
#1552=ORIENTED_EDGE('',*,*,#1193,.T.);
#1553=ORIENTED_EDGE('',*,*,#1194,.T.);
#1554=ORIENTED_EDGE('',*,*,#1194,.F.);
#1555=ORIENTED_EDGE('',*,*,#1195,.F.);
#1556=ORIENTED_EDGE('',*,*,#1196,.F.);
#1557=ORIENTED_EDGE('',*,*,#1180,.T.);
#1558=ORIENTED_EDGE('',*,*,#1181,.F.);
#1559=ORIENTED_EDGE('',*,*,#1196,.T.);
#1560=ORIENTED_EDGE('',*,*,#1197,.T.);
#1561=ORIENTED_EDGE('',*,*,#1198,.T.);
#1562=ORIENTED_EDGE('',*,*,#1183,.F.);
#1563=ORIENTED_EDGE('',*,*,#1199,.T.);
#1564=ORIENTED_EDGE('',*,*,#1200,.T.);
#1565=ORIENTED_EDGE('',*,*,#1166,.T.);
#1566=ORIENTED_EDGE('',*,*,#1201,.T.);
#1567=ORIENTED_EDGE('',*,*,#1202,.T.);
#1568=ORIENTED_EDGE('',*,*,#1203,.T.);
#1569=ORIENTED_EDGE('',*,*,#1204,.T.);
#1570=ORIENTED_EDGE('',*,*,#1204,.F.);
#1571=ORIENTED_EDGE('',*,*,#1205,.T.);
#1572=ORIENTED_EDGE('',*,*,#1206,.F.);
#1573=ORIENTED_EDGE('',*,*,#1207,.F.);
#1574=ORIENTED_EDGE('',*,*,#1203,.F.);
#1575=ORIENTED_EDGE('',*,*,#1208,.F.);
#1576=ORIENTED_EDGE('',*,*,#1209,.F.);
#1577=ORIENTED_EDGE('',*,*,#1210,.F.);
#1578=ORIENTED_EDGE('',*,*,#1211,.F.);
#1579=ORIENTED_EDGE('',*,*,#1212,.F.);
#1580=ORIENTED_EDGE('',*,*,#1213,.F.);
#1581=ORIENTED_EDGE('',*,*,#1214,.F.);
#1582=ORIENTED_EDGE('',*,*,#1215,.F.);
#1583=ORIENTED_EDGE('',*,*,#1216,.F.);
#1584=ORIENTED_EDGE('',*,*,#1217,.F.);
#1585=ORIENTED_EDGE('',*,*,#1218,.T.);
#1586=ORIENTED_EDGE('',*,*,#1219,.F.);
#1587=ORIENTED_EDGE('',*,*,#1220,.F.);
#1588=ORIENTED_EDGE('',*,*,#1205,.F.);
#1589=ORIENTED_EDGE('',*,*,#1221,.T.);
#1590=ORIENTED_EDGE('',*,*,#1222,.T.);
#1591=ORIENTED_EDGE('',*,*,#1209,.T.);
#1592=ORIENTED_EDGE('',*,*,#1223,.T.);
#1593=ORIENTED_EDGE('',*,*,#1222,.F.);
#1594=ORIENTED_EDGE('',*,*,#1224,.F.);
#1595=ORIENTED_EDGE('',*,*,#1225,.F.);
#1596=ORIENTED_EDGE('',*,*,#1210,.T.);
#1597=ORIENTED_EDGE('',*,*,#1201,.F.);
#1598=ORIENTED_EDGE('',*,*,#1207,.T.);
#1599=ORIENTED_EDGE('',*,*,#1226,.F.);
#1600=ORIENTED_EDGE('',*,*,#1227,.T.);
#1601=ORIENTED_EDGE('',*,*,#1228,.T.);
#1602=ORIENTED_EDGE('',*,*,#1229,.F.);
#1603=ORIENTED_EDGE('',*,*,#1230,.T.);
#1604=ORIENTED_EDGE('',*,*,#1231,.T.);
#1605=ORIENTED_EDGE('',*,*,#1232,.T.);
#1606=ORIENTED_EDGE('',*,*,#1233,.T.);
#1607=ORIENTED_EDGE('',*,*,#1234,.T.);
#1608=ORIENTED_EDGE('',*,*,#1235,.T.);
#1609=ORIENTED_EDGE('',*,*,#1236,.T.);
#1610=ORIENTED_EDGE('',*,*,#1237,.T.);
#1611=ORIENTED_EDGE('',*,*,#1238,.T.);
#1612=ORIENTED_EDGE('',*,*,#1239,.F.);
#1613=ORIENTED_EDGE('',*,*,#1240,.T.);
#1614=ORIENTED_EDGE('',*,*,#1241,.T.);
#1615=ORIENTED_EDGE('',*,*,#1242,.F.);
#1616=ORIENTED_EDGE('',*,*,#1243,.T.);
#1617=ORIENTED_EDGE('',*,*,#1244,.F.);
#1618=ORIENTED_EDGE('',*,*,#1245,.T.);
#1619=ORIENTED_EDGE('',*,*,#1246,.F.);
#1620=ORIENTED_EDGE('',*,*,#1247,.T.);
#1621=ORIENTED_EDGE('',*,*,#1224,.T.);
#1622=ORIENTED_EDGE('',*,*,#1221,.F.);
#1623=ORIENTED_EDGE('',*,*,#1248,.T.);
#1624=ORIENTED_EDGE('',*,*,#1249,.T.);
#1625=ORIENTED_EDGE('',*,*,#1246,.T.);
#1626=ORIENTED_EDGE('',*,*,#1250,.T.);
#1627=ORIENTED_EDGE('',*,*,#1212,.T.);
#1628=ORIENTED_EDGE('',*,*,#1251,.T.);
#1629=ORIENTED_EDGE('',*,*,#1251,.F.);
#1630=ORIENTED_EDGE('',*,*,#1211,.T.);
#1631=ORIENTED_EDGE('',*,*,#1225,.T.);
#1632=ORIENTED_EDGE('',*,*,#1247,.F.);
#1633=ORIENTED_EDGE('',*,*,#1244,.T.);
#1634=ORIENTED_EDGE('',*,*,#1252,.T.);
#1635=ORIENTED_EDGE('',*,*,#1214,.T.);
#1636=ORIENTED_EDGE('',*,*,#1253,.T.);
#1637=ORIENTED_EDGE('',*,*,#1252,.F.);
#1638=ORIENTED_EDGE('',*,*,#1243,.F.);
#1639=ORIENTED_EDGE('',*,*,#1254,.F.);
#1640=ORIENTED_EDGE('',*,*,#1215,.T.);
#1641=ORIENTED_EDGE('',*,*,#1216,.T.);
#1642=ORIENTED_EDGE('',*,*,#1254,.T.);
#1643=ORIENTED_EDGE('',*,*,#1242,.T.);
#1644=ORIENTED_EDGE('',*,*,#1255,.T.);
#1645=ORIENTED_EDGE('',*,*,#1256,.T.);
#1646=ORIENTED_EDGE('',*,*,#1257,.T.);
#1647=ORIENTED_EDGE('',*,*,#1258,.T.);
#1648=ORIENTED_EDGE('',*,*,#1259,.T.);
#1649=ORIENTED_EDGE('',*,*,#1260,.T.);
#1650=ORIENTED_EDGE('',*,*,#1261,.T.);
#1651=ORIENTED_EDGE('',*,*,#1259,.F.);
#1652=ORIENTED_EDGE('',*,*,#1262,.F.);
#1653=ORIENTED_EDGE('',*,*,#1263,.T.);
#1654=ORIENTED_EDGE('',*,*,#1264,.T.);
#1655=ORIENTED_EDGE('',*,*,#1258,.F.);
#1656=ORIENTED_EDGE('',*,*,#1265,.T.);
#1657=ORIENTED_EDGE('',*,*,#1266,.T.);
#1658=ORIENTED_EDGE('',*,*,#1267,.T.);
#1659=ORIENTED_EDGE('',*,*,#1268,.T.);
#1660=ORIENTED_EDGE('',*,*,#1269,.T.);
#1661=ORIENTED_EDGE('',*,*,#1270,.T.);
#1662=ORIENTED_EDGE('',*,*,#1271,.T.);
#1663=ORIENTED_EDGE('',*,*,#1272,.F.);
#1664=ORIENTED_EDGE('',*,*,#1273,.T.);
#1665=ORIENTED_EDGE('',*,*,#1274,.F.);
#1666=ORIENTED_EDGE('',*,*,#1275,.T.);
#1667=ORIENTED_EDGE('',*,*,#1276,.T.);
#1668=ORIENTED_EDGE('',*,*,#1277,.T.);
#1669=ORIENTED_EDGE('',*,*,#1278,.T.);
#1670=ORIENTED_EDGE('',*,*,#1279,.T.);
#1671=ORIENTED_EDGE('',*,*,#1280,.T.);
#1672=ORIENTED_EDGE('',*,*,#1281,.F.);
#1673=ORIENTED_EDGE('',*,*,#1282,.T.);
#1674=ORIENTED_EDGE('',*,*,#1283,.F.);
#1675=ORIENTED_EDGE('',*,*,#1284,.T.);
#1676=ORIENTED_EDGE('',*,*,#1285,.T.);
#1677=ORIENTED_EDGE('',*,*,#1286,.T.);
#1678=ORIENTED_EDGE('',*,*,#1287,.T.);
#1679=ORIENTED_EDGE('',*,*,#1288,.T.);
#1680=ORIENTED_EDGE('',*,*,#1289,.T.);
#1681=ORIENTED_EDGE('',*,*,#1290,.T.);
#1682=ORIENTED_EDGE('',*,*,#1291,.F.);
#1683=ORIENTED_EDGE('',*,*,#1292,.T.);
#1684=ORIENTED_EDGE('',*,*,#1293,.T.);
#1685=ORIENTED_EDGE('',*,*,#1294,.T.);
#1686=ORIENTED_EDGE('',*,*,#1159,.T.);
#1687=ORIENTED_EDGE('',*,*,#1295,.T.);
#1688=ORIENTED_EDGE('',*,*,#1296,.T.);
#1689=ORIENTED_EDGE('',*,*,#1262,.T.);
#1690=ORIENTED_EDGE('',*,*,#1297,.T.);
#1691=ORIENTED_EDGE('',*,*,#1298,.T.);
#1692=ORIENTED_EDGE('',*,*,#1291,.T.);
#1693=ORIENTED_EDGE('',*,*,#1299,.T.);
#1694=ORIENTED_EDGE('',*,*,#1300,.T.);
#1695=ORIENTED_EDGE('',*,*,#1301,.T.);
#1696=ORIENTED_EDGE('',*,*,#1260,.F.);
#1697=ORIENTED_EDGE('',*,*,#1264,.F.);
#1698=ORIENTED_EDGE('',*,*,#1302,.F.);
#1699=ORIENTED_EDGE('',*,*,#1303,.F.);
#1700=ORIENTED_EDGE('',*,*,#1300,.F.);
#1701=ORIENTED_EDGE('',*,*,#1304,.F.);
#1702=ORIENTED_EDGE('',*,*,#1218,.F.);
#1703=ORIENTED_EDGE('',*,*,#1305,.F.);
#1704=ORIENTED_EDGE('',*,*,#1299,.F.);
#1705=ORIENTED_EDGE('',*,*,#1290,.F.);
#1706=ORIENTED_EDGE('',*,*,#1306,.T.);
#1707=ORIENTED_EDGE('',*,*,#1307,.T.);
#1708=ORIENTED_EDGE('',*,*,#1308,.F.);
#1709=ORIENTED_EDGE('',*,*,#1219,.T.);
#1710=ORIENTED_EDGE('',*,*,#1304,.T.);
#1711=ORIENTED_EDGE('',*,*,#1220,.T.);
#1712=ORIENTED_EDGE('',*,*,#1308,.T.);
#1713=ORIENTED_EDGE('',*,*,#1309,.T.);
#1714=ORIENTED_EDGE('',*,*,#1310,.T.);
#1715=ORIENTED_EDGE('',*,*,#1226,.T.);
#1716=ORIENTED_EDGE('',*,*,#1206,.T.);
#1717=ORIENTED_EDGE('',*,*,#1256,.F.);
#1718=ORIENTED_EDGE('',*,*,#1311,.F.);
#1719=ORIENTED_EDGE('',*,*,#1312,.F.);
#1720=ORIENTED_EDGE('',*,*,#1313,.T.);
#1721=ORIENTED_EDGE('',*,*,#1314,.F.);
#1722=ORIENTED_EDGE('',*,*,#1315,.F.);
#1723=ORIENTED_EDGE('',*,*,#1316,.F.);
#1724=ORIENTED_EDGE('',*,*,#1317,.T.);
#1725=ORIENTED_EDGE('',*,*,#1318,.F.);
#1726=ORIENTED_EDGE('',*,*,#1319,.T.);
#1727=ORIENTED_EDGE('',*,*,#1320,.F.);
#1728=ORIENTED_EDGE('',*,*,#1321,.F.);
#1729=ORIENTED_EDGE('',*,*,#1322,.F.);
#1730=ORIENTED_EDGE('',*,*,#1323,.T.);
#1731=ORIENTED_EDGE('',*,*,#1324,.F.);
#1732=ORIENTED_EDGE('',*,*,#1325,.F.);
#1733=ORIENTED_EDGE('',*,*,#1309,.F.);
#1734=ORIENTED_EDGE('',*,*,#1307,.F.);
#1735=ORIENTED_EDGE('',*,*,#1326,.F.);
#1736=ORIENTED_EDGE('',*,*,#1327,.T.);
#1737=ORIENTED_EDGE('',*,*,#1328,.F.);
#1738=ORIENTED_EDGE('',*,*,#1329,.T.);
#1739=ORIENTED_EDGE('',*,*,#1330,.F.);
#1740=ORIENTED_EDGE('',*,*,#1331,.F.);
#1741=ORIENTED_EDGE('',*,*,#1332,.T.);
#1742=ORIENTED_EDGE('',*,*,#1333,.F.);
#1743=ORIENTED_EDGE('',*,*,#1334,.T.);
#1744=ORIENTED_EDGE('',*,*,#1335,.F.);
#1745=ORIENTED_EDGE('',*,*,#1336,.F.);
#1746=ORIENTED_EDGE('',*,*,#1337,.F.);
#1747=ORIENTED_EDGE('',*,*,#1133,.T.);
#1748=ORIENTED_EDGE('',*,*,#1167,.T.);
#1749=ORIENTED_EDGE('',*,*,#1200,.F.);
#1750=ORIENTED_EDGE('',*,*,#1338,.T.);
#1751=ORIENTED_EDGE('',*,*,#1197,.F.);
#1752=ORIENTED_EDGE('',*,*,#1195,.T.);
#1753=ORIENTED_EDGE('',*,*,#1193,.F.);
#1754=ORIENTED_EDGE('',*,*,#1339,.T.);
#1755=ORIENTED_EDGE('',*,*,#1340,.T.);
#1756=ORIENTED_EDGE('',*,*,#1341,.T.);
#1757=ORIENTED_EDGE('',*,*,#1190,.F.);
#1758=ORIENTED_EDGE('',*,*,#1188,.T.);
#1759=ORIENTED_EDGE('',*,*,#1171,.F.);
#1760=ORIENTED_EDGE('',*,*,#1342,.T.);
#1761=ORIENTED_EDGE('',*,*,#1163,.F.);
#1762=ORIENTED_EDGE('',*,*,#1168,.T.);
#1763=ORIENTED_EDGE('',*,*,#1139,.T.);
#1764=ORIENTED_EDGE('',*,*,#1343,.F.);
#1765=ORIENTED_EDGE('',*,*,#1344,.F.);
#1766=ORIENTED_EDGE('',*,*,#1345,.F.);
#1767=ORIENTED_EDGE('',*,*,#1346,.T.);
#1768=ORIENTED_EDGE('',*,*,#1347,.F.);
#1769=ORIENTED_EDGE('',*,*,#1348,.T.);
#1770=ORIENTED_EDGE('',*,*,#1349,.F.);
#1771=ORIENTED_EDGE('',*,*,#1350,.F.);
#1772=ORIENTED_EDGE('',*,*,#1351,.T.);
#1773=ORIENTED_EDGE('',*,*,#1352,.F.);
#1774=ORIENTED_EDGE('',*,*,#1353,.T.);
#1775=ORIENTED_EDGE('',*,*,#1354,.F.);
#1776=ORIENTED_EDGE('',*,*,#1355,.F.);
#1777=ORIENTED_EDGE('',*,*,#1356,.T.);
#1778=ORIENTED_EDGE('',*,*,#1357,.T.);
#1779=ORIENTED_EDGE('',*,*,#1358,.T.);
#1780=ORIENTED_EDGE('',*,*,#1359,.T.);
#1781=ORIENTED_EDGE('',*,*,#1360,.T.);
#1782=ORIENTED_EDGE('',*,*,#1361,.T.);
#1783=ORIENTED_EDGE('',*,*,#1313,.F.);
#1784=ORIENTED_EDGE('',*,*,#1362,.T.);
#1785=ORIENTED_EDGE('',*,*,#1239,.T.);
#1786=ORIENTED_EDGE('',*,*,#1363,.T.);
#1787=ORIENTED_EDGE('',*,*,#1362,.F.);
#1788=ORIENTED_EDGE('',*,*,#1312,.T.);
#1789=ORIENTED_EDGE('',*,*,#1364,.F.);
#1790=ORIENTED_EDGE('',*,*,#1240,.F.);
#1791=ORIENTED_EDGE('',*,*,#1235,.F.);
#1792=ORIENTED_EDGE('',*,*,#1365,.T.);
#1793=ORIENTED_EDGE('',*,*,#1317,.F.);
#1794=ORIENTED_EDGE('',*,*,#1366,.T.);
#1795=ORIENTED_EDGE('',*,*,#1365,.F.);
#1796=ORIENTED_EDGE('',*,*,#1234,.F.);
#1797=ORIENTED_EDGE('',*,*,#1367,.F.);
#1798=ORIENTED_EDGE('',*,*,#1318,.T.);
#1799=ORIENTED_EDGE('',*,*,#1319,.F.);
#1800=ORIENTED_EDGE('',*,*,#1367,.T.);
#1801=ORIENTED_EDGE('',*,*,#1233,.F.);
#1802=ORIENTED_EDGE('',*,*,#1368,.T.);
#1803=ORIENTED_EDGE('',*,*,#1323,.F.);
#1804=ORIENTED_EDGE('',*,*,#1369,.T.);
#1805=ORIENTED_EDGE('',*,*,#1229,.T.);
#1806=ORIENTED_EDGE('',*,*,#1370,.T.);
#1807=ORIENTED_EDGE('',*,*,#1369,.F.);
#1808=ORIENTED_EDGE('',*,*,#1322,.T.);
#1809=ORIENTED_EDGE('',*,*,#1371,.F.);
#1810=ORIENTED_EDGE('',*,*,#1230,.F.);
#1811=ORIENTED_EDGE('',*,*,#1288,.F.);
#1812=ORIENTED_EDGE('',*,*,#1372,.T.);
#1813=ORIENTED_EDGE('',*,*,#1327,.F.);
#1814=ORIENTED_EDGE('',*,*,#1373,.T.);
#1815=ORIENTED_EDGE('',*,*,#1372,.F.);
#1816=ORIENTED_EDGE('',*,*,#1287,.F.);
#1817=ORIENTED_EDGE('',*,*,#1374,.F.);
#1818=ORIENTED_EDGE('',*,*,#1328,.T.);
#1819=ORIENTED_EDGE('',*,*,#1329,.F.);
#1820=ORIENTED_EDGE('',*,*,#1374,.T.);
#1821=ORIENTED_EDGE('',*,*,#1286,.F.);
#1822=ORIENTED_EDGE('',*,*,#1375,.T.);
#1823=ORIENTED_EDGE('',*,*,#1332,.F.);
#1824=ORIENTED_EDGE('',*,*,#1376,.T.);
#1825=ORIENTED_EDGE('',*,*,#1283,.T.);
#1826=ORIENTED_EDGE('',*,*,#1377,.T.);
#1827=ORIENTED_EDGE('',*,*,#1377,.F.);
#1828=ORIENTED_EDGE('',*,*,#1282,.F.);
#1829=ORIENTED_EDGE('',*,*,#1378,.F.);
#1830=ORIENTED_EDGE('',*,*,#1333,.T.);
#1831=ORIENTED_EDGE('',*,*,#1334,.F.);
#1832=ORIENTED_EDGE('',*,*,#1378,.T.);
#1833=ORIENTED_EDGE('',*,*,#1281,.T.);
#1834=ORIENTED_EDGE('',*,*,#1379,.T.);
#1835=ORIENTED_EDGE('',*,*,#1346,.F.);
#1836=ORIENTED_EDGE('',*,*,#1380,.T.);
#1837=ORIENTED_EDGE('',*,*,#1274,.T.);
#1838=ORIENTED_EDGE('',*,*,#1381,.T.);
#1839=ORIENTED_EDGE('',*,*,#1380,.F.);
#1840=ORIENTED_EDGE('',*,*,#1345,.T.);
#1841=ORIENTED_EDGE('',*,*,#1382,.F.);
#1842=ORIENTED_EDGE('',*,*,#1275,.F.);
#1843=ORIENTED_EDGE('',*,*,#1348,.F.);
#1844=ORIENTED_EDGE('',*,*,#1383,.T.);
#1845=ORIENTED_EDGE('',*,*,#1272,.T.);
#1846=ORIENTED_EDGE('',*,*,#1384,.T.);
#1847=ORIENTED_EDGE('',*,*,#1384,.F.);
#1848=ORIENTED_EDGE('',*,*,#1271,.F.);
#1849=ORIENTED_EDGE('',*,*,#1385,.F.);
#1850=ORIENTED_EDGE('',*,*,#1349,.T.);
#1851=ORIENTED_EDGE('',*,*,#1353,.F.);
#1852=ORIENTED_EDGE('',*,*,#1386,.T.);
#1853=ORIENTED_EDGE('',*,*,#1267,.F.);
#1854=ORIENTED_EDGE('',*,*,#1387,.T.);
#1855=ORIENTED_EDGE('',*,*,#1386,.F.);
#1856=ORIENTED_EDGE('',*,*,#1352,.T.);
#1857=ORIENTED_EDGE('',*,*,#1388,.F.);
#1858=ORIENTED_EDGE('',*,*,#1268,.F.);
#1859=ORIENTED_EDGE('',*,*,#1269,.F.);
#1860=ORIENTED_EDGE('',*,*,#1388,.T.);
#1861=ORIENTED_EDGE('',*,*,#1351,.F.);
#1862=ORIENTED_EDGE('',*,*,#1389,.T.);
#1863=ORIENTED_EDGE('',*,*,#1390,.F.);
#1864=ORIENTED_EDGE('',*,*,#1391,.T.);
#1865=ORIENTED_EDGE('',*,*,#1391,.F.);
#1866=ORIENTED_EDGE('',*,*,#1187,.F.);
#1867=ORIENTED_EDGE('',*,*,#1392,.T.);
#1868=ORIENTED_EDGE('',*,*,#1390,.T.);
#1869=ORIENTED_EDGE('',*,*,#1392,.F.);
#1870=ORIENTED_EDGE('',*,*,#1393,.F.);
#1871=ORIENTED_EDGE('',*,*,#1394,.T.);
#1872=ORIENTED_EDGE('',*,*,#1394,.F.);
#1873=ORIENTED_EDGE('',*,*,#1186,.F.);
#1874=ORIENTED_EDGE('',*,*,#1395,.T.);
#1875=ORIENTED_EDGE('',*,*,#1393,.T.);
#1876=ORIENTED_EDGE('',*,*,#1395,.F.);
#1877=ORIENTED_EDGE('',*,*,#1396,.F.);
#1878=ORIENTED_EDGE('',*,*,#1397,.T.);
#1879=ORIENTED_EDGE('',*,*,#1397,.F.);
#1880=ORIENTED_EDGE('',*,*,#1185,.F.);
#1881=ORIENTED_EDGE('',*,*,#1398,.T.);
#1882=ORIENTED_EDGE('',*,*,#1396,.T.);
#1883=ORIENTED_EDGE('',*,*,#1398,.F.);
#1884=ORIENTED_EDGE('',*,*,#1399,.F.);
#1885=ORIENTED_EDGE('',*,*,#1400,.T.);
#1886=ORIENTED_EDGE('',*,*,#1400,.F.);
#1887=ORIENTED_EDGE('',*,*,#1184,.F.);
#1888=ORIENTED_EDGE('',*,*,#1401,.T.);
#1889=ORIENTED_EDGE('',*,*,#1399,.T.);
#1890=ORIENTED_EDGE('',*,*,#1401,.F.);
#1891=ORIENTED_EDGE('',*,*,#1402,.F.);
#1892=ORIENTED_EDGE('',*,*,#1403,.T.);
#1893=ORIENTED_EDGE('',*,*,#1403,.F.);
#1894=ORIENTED_EDGE('',*,*,#1356,.F.);
#1895=ORIENTED_EDGE('',*,*,#1404,.T.);
#1896=ORIENTED_EDGE('',*,*,#1402,.T.);
#1897=ORIENTED_EDGE('',*,*,#1404,.F.);
#1898=ORIENTED_EDGE('',*,*,#1405,.F.);
#1899=ORIENTED_EDGE('',*,*,#1406,.T.);
#1900=ORIENTED_EDGE('',*,*,#1406,.F.);
#1901=ORIENTED_EDGE('',*,*,#1357,.F.);
#1902=ORIENTED_EDGE('',*,*,#1407,.T.);
#1903=ORIENTED_EDGE('',*,*,#1405,.T.);
#1904=ORIENTED_EDGE('',*,*,#1407,.F.);
#1905=ORIENTED_EDGE('',*,*,#1408,.F.);
#1906=ORIENTED_EDGE('',*,*,#1409,.T.);
#1907=ORIENTED_EDGE('',*,*,#1409,.F.);
#1908=ORIENTED_EDGE('',*,*,#1358,.F.);
#1909=ORIENTED_EDGE('',*,*,#1410,.T.);
#1910=ORIENTED_EDGE('',*,*,#1408,.T.);
#1911=ORIENTED_EDGE('',*,*,#1410,.F.);
#1912=ORIENTED_EDGE('',*,*,#1411,.F.);
#1913=ORIENTED_EDGE('',*,*,#1412,.T.);
#1914=ORIENTED_EDGE('',*,*,#1412,.F.);
#1915=ORIENTED_EDGE('',*,*,#1359,.F.);
#1916=ORIENTED_EDGE('',*,*,#1413,.T.);
#1917=ORIENTED_EDGE('',*,*,#1411,.T.);
#1918=ORIENTED_EDGE('',*,*,#1413,.F.);
#1919=ORIENTED_EDGE('',*,*,#1414,.F.);
#1920=ORIENTED_EDGE('',*,*,#1415,.T.);
#1921=ORIENTED_EDGE('',*,*,#1415,.F.);
#1922=ORIENTED_EDGE('',*,*,#1360,.F.);
#1923=ORIENTED_EDGE('',*,*,#1416,.T.);
#1924=ORIENTED_EDGE('',*,*,#1414,.T.);
#1925=ORIENTED_EDGE('',*,*,#1416,.F.);
#1926=ORIENTED_EDGE('',*,*,#1417,.F.);
#1927=ORIENTED_EDGE('',*,*,#1418,.T.);
#1928=ORIENTED_EDGE('',*,*,#1418,.F.);
#1929=ORIENTED_EDGE('',*,*,#1361,.F.);
#1930=ORIENTED_EDGE('',*,*,#1419,.T.);
#1931=ORIENTED_EDGE('',*,*,#1417,.T.);
#1932=ORIENTED_EDGE('',*,*,#1419,.F.);
#1933=ORIENTED_EDGE('',*,*,#1381,.F.);
#1934=ORIENTED_EDGE('',*,*,#1273,.F.);
#1935=ORIENTED_EDGE('',*,*,#1383,.F.);
#1936=ORIENTED_EDGE('',*,*,#1347,.T.);
#1937=ORIENTED_EDGE('',*,*,#1376,.F.);
#1938=ORIENTED_EDGE('',*,*,#1331,.T.);
#1939=ORIENTED_EDGE('',*,*,#1420,.F.);
#1940=ORIENTED_EDGE('',*,*,#1284,.F.);
#1941=ORIENTED_EDGE('',*,*,#1379,.F.);
#1942=ORIENTED_EDGE('',*,*,#1280,.F.);
#1943=ORIENTED_EDGE('',*,*,#1421,.F.);
#1944=ORIENTED_EDGE('',*,*,#1335,.T.);
#1945=ORIENTED_EDGE('',*,*,#1382,.T.);
#1946=ORIENTED_EDGE('',*,*,#1344,.T.);
#1947=ORIENTED_EDGE('',*,*,#1422,.F.);
#1948=ORIENTED_EDGE('',*,*,#1276,.F.);
#1949=ORIENTED_EDGE('',*,*,#1420,.T.);
#1950=ORIENTED_EDGE('',*,*,#1330,.T.);
#1951=ORIENTED_EDGE('',*,*,#1375,.F.);
#1952=ORIENTED_EDGE('',*,*,#1285,.F.);
#1953=ORIENTED_EDGE('',*,*,#1301,.F.);
#1954=ORIENTED_EDGE('',*,*,#1303,.T.);
#1955=ORIENTED_EDGE('',*,*,#1423,.T.);
#1956=ORIENTED_EDGE('',*,*,#1292,.F.);
#1957=ORIENTED_EDGE('',*,*,#1202,.F.);
#1958=ORIENTED_EDGE('',*,*,#1248,.F.);
#1959=ORIENTED_EDGE('',*,*,#1223,.F.);
#1960=ORIENTED_EDGE('',*,*,#1208,.T.);
#1961=ORIENTED_EDGE('',*,*,#1123,.T.);
#1962=ORIENTED_EDGE('',*,*,#1119,.F.);
#1963=ORIENTED_EDGE('',*,*,#1134,.T.);
#1964=ORIENTED_EDGE('',*,*,#1337,.T.);
#1965=ORIENTED_EDGE('',*,*,#1424,.F.);
#1966=ORIENTED_EDGE('',*,*,#1278,.F.);
#1967=ORIENTED_EDGE('',*,*,#1425,.T.);
#1968=ORIENTED_EDGE('',*,*,#1156,.F.);
#1969=ORIENTED_EDGE('',*,*,#1160,.F.);
#1970=ORIENTED_EDGE('',*,*,#1294,.F.);
#1971=ORIENTED_EDGE('',*,*,#1426,.F.);
#1972=ORIENTED_EDGE('',*,*,#1151,.F.);
#1973=ORIENTED_EDGE('',*,*,#1427,.F.);
#1974=ORIENTED_EDGE('',*,*,#1295,.F.);
#1975=ORIENTED_EDGE('',*,*,#1158,.F.);
#1976=ORIENTED_EDGE('',*,*,#1302,.T.);
#1977=ORIENTED_EDGE('',*,*,#1263,.F.);
#1978=ORIENTED_EDGE('',*,*,#1296,.F.);
#1979=ORIENTED_EDGE('',*,*,#1427,.T.);
#1980=ORIENTED_EDGE('',*,*,#1150,.F.);
#1981=ORIENTED_EDGE('',*,*,#1154,.T.);
#1982=ORIENTED_EDGE('',*,*,#1157,.F.);
#1983=ORIENTED_EDGE('',*,*,#1426,.T.);
#1984=ORIENTED_EDGE('',*,*,#1293,.F.);
#1985=ORIENTED_EDGE('',*,*,#1423,.F.);
#1986=ORIENTED_EDGE('',*,*,#1192,.F.);
#1987=ORIENTED_EDGE('',*,*,#1178,.T.);
#1988=ORIENTED_EDGE('',*,*,#1428,.F.);
#1989=ORIENTED_EDGE('',*,*,#1339,.F.);
#1990=ORIENTED_EDGE('',*,*,#1340,.F.);
#1991=ORIENTED_EDGE('',*,*,#1428,.T.);
#1992=ORIENTED_EDGE('',*,*,#1177,.T.);
#1993=ORIENTED_EDGE('',*,*,#1429,.F.);
#1994=ORIENTED_EDGE('',*,*,#1191,.F.);
#1995=ORIENTED_EDGE('',*,*,#1341,.F.);
#1996=ORIENTED_EDGE('',*,*,#1429,.T.);
#1997=ORIENTED_EDGE('',*,*,#1176,.T.);
#1998=ORIENTED_EDGE('',*,*,#1164,.F.);
#1999=ORIENTED_EDGE('',*,*,#1342,.F.);
#2000=ORIENTED_EDGE('',*,*,#1170,.F.);
#2001=ORIENTED_EDGE('',*,*,#1173,.T.);
#2002=ORIENTED_EDGE('',*,*,#1198,.F.);
#2003=ORIENTED_EDGE('',*,*,#1338,.F.);
#2004=ORIENTED_EDGE('',*,*,#1199,.F.);
#2005=ORIENTED_EDGE('',*,*,#1182,.T.);
#2006=ORIENTED_EDGE('',*,*,#1370,.F.);
#2007=ORIENTED_EDGE('',*,*,#1228,.F.);
#2008=ORIENTED_EDGE('',*,*,#1430,.T.);
#2009=ORIENTED_EDGE('',*,*,#1324,.T.);
#2010=ORIENTED_EDGE('',*,*,#1431,.F.);
#2011=ORIENTED_EDGE('',*,*,#1231,.F.);
#2012=ORIENTED_EDGE('',*,*,#1371,.T.);
#2013=ORIENTED_EDGE('',*,*,#1321,.T.);
#2014=ORIENTED_EDGE('',*,*,#1368,.F.);
#2015=ORIENTED_EDGE('',*,*,#1232,.F.);
#2016=ORIENTED_EDGE('',*,*,#1431,.T.);
#2017=ORIENTED_EDGE('',*,*,#1320,.T.);
#2018=ORIENTED_EDGE('',*,*,#1366,.F.);
#2019=ORIENTED_EDGE('',*,*,#1316,.T.);
#2020=ORIENTED_EDGE('',*,*,#1432,.T.);
#2021=ORIENTED_EDGE('',*,*,#1236,.F.);
#2022=ORIENTED_EDGE('',*,*,#1433,.F.);
#2023=ORIENTED_EDGE('',*,*,#1237,.F.);
#2024=ORIENTED_EDGE('',*,*,#1432,.F.);
#2025=ORIENTED_EDGE('',*,*,#1315,.T.);
#2026=ORIENTED_EDGE('',*,*,#1363,.F.);
#2027=ORIENTED_EDGE('',*,*,#1238,.F.);
#2028=ORIENTED_EDGE('',*,*,#1433,.T.);
#2029=ORIENTED_EDGE('',*,*,#1314,.T.);
#2030=ORIENTED_EDGE('',*,*,#1255,.F.);
#2031=ORIENTED_EDGE('',*,*,#1241,.F.);
#2032=ORIENTED_EDGE('',*,*,#1364,.T.);
#2033=ORIENTED_EDGE('',*,*,#1311,.T.);
#2034=ORIENTED_EDGE('',*,*,#1257,.F.);
#2035=ORIENTED_EDGE('',*,*,#1355,.T.);
#2036=ORIENTED_EDGE('',*,*,#1434,.T.);
#2037=ORIENTED_EDGE('',*,*,#1435,.T.);
#2038=ORIENTED_EDGE('',*,*,#1436,.T.);
#2039=ORIENTED_EDGE('',*,*,#1265,.F.);
#2040=ORIENTED_EDGE('',*,*,#1261,.F.);
#2041=ORIENTED_EDGE('',*,*,#1305,.T.);
#2042=ORIENTED_EDGE('',*,*,#1217,.T.);
#2043=ORIENTED_EDGE('',*,*,#1387,.F.);
#2044=ORIENTED_EDGE('',*,*,#1266,.F.);
#2045=ORIENTED_EDGE('',*,*,#1436,.F.);
#2046=ORIENTED_EDGE('',*,*,#1435,.F.);
#2047=ORIENTED_EDGE('',*,*,#1434,.F.);
#2048=ORIENTED_EDGE('',*,*,#1354,.T.);
#2049=ORIENTED_EDGE('',*,*,#1437,.F.);
#2050=ORIENTED_EDGE('',*,*,#1438,.F.);
#2051=ORIENTED_EDGE('',*,*,#1439,.F.);
#2052=ORIENTED_EDGE('',*,*,#1297,.F.);
#2053=ORIENTED_EDGE('',*,*,#1440,.T.);
#2054=ORIENTED_EDGE('',*,*,#1437,.T.);
#2055=ORIENTED_EDGE('',*,*,#1440,.F.);
#2056=ORIENTED_EDGE('',*,*,#1373,.F.);
#2057=ORIENTED_EDGE('',*,*,#1326,.T.);
#2058=ORIENTED_EDGE('',*,*,#1306,.F.);
#2059=ORIENTED_EDGE('',*,*,#1289,.F.);
#2060=ORIENTED_EDGE('',*,*,#1298,.F.);
#2061=ORIENTED_EDGE('',*,*,#1441,.T.);
#2062=ORIENTED_EDGE('',*,*,#1439,.T.);
#2063=ORIENTED_EDGE('',*,*,#1441,.F.);
#2064=ORIENTED_EDGE('',*,*,#1421,.T.);
#2065=ORIENTED_EDGE('',*,*,#1279,.F.);
#2066=ORIENTED_EDGE('',*,*,#1424,.T.);
#2067=ORIENTED_EDGE('',*,*,#1336,.T.);
#2068=ORIENTED_EDGE('',*,*,#1124,.T.);
#2069=ORIENTED_EDGE('',*,*,#1425,.F.);
#2070=ORIENTED_EDGE('',*,*,#1277,.F.);
#2071=ORIENTED_EDGE('',*,*,#1422,.T.);
#2072=ORIENTED_EDGE('',*,*,#1343,.T.);
#2073=ORIENTED_EDGE('',*,*,#1138,.T.);
#2074=ORIENTED_EDGE('',*,*,#1135,.F.);
#2075=ORIENTED_EDGE('',*,*,#1385,.T.);
#2076=ORIENTED_EDGE('',*,*,#1270,.F.);
#2077=ORIENTED_EDGE('',*,*,#1389,.F.);
#2078=ORIENTED_EDGE('',*,*,#1350,.T.);
#2079=ORIENTED_EDGE('',*,*,#1249,.F.);
#2080=ORIENTED_EDGE('',*,*,#1442,.T.);
#2081=ORIENTED_EDGE('',*,*,#1438,.T.);
#2082=ORIENTED_EDGE('',*,*,#1442,.F.);
#2083=ORIENTED_EDGE('',*,*,#1310,.F.);
#2084=ORIENTED_EDGE('',*,*,#1325,.T.);
#2085=ORIENTED_EDGE('',*,*,#1430,.F.);
#2086=ORIENTED_EDGE('',*,*,#1227,.F.);
#2087=ORIENTED_EDGE('',*,*,#1250,.F.);
#2088=ORIENTED_EDGE('',*,*,#1245,.F.);
#2089=ORIENTED_EDGE('',*,*,#1253,.F.);
#2090=ORIENTED_EDGE('',*,*,#1213,.T.);
#2091=CYLINDRICAL_SURFACE('',#2259,1.);
#2092=CYLINDRICAL_SURFACE('',#2263,1.);
#2093=CYLINDRICAL_SURFACE('',#2267,1.);
#2094=CYLINDRICAL_SURFACE('',#2271,1.);
#2095=CYLINDRICAL_SURFACE('',#2275,1.);
#2096=CYLINDRICAL_SURFACE('',#2279,1.);
#2097=CYLINDRICAL_SURFACE('',#2283,2.);
#2098=CYLINDRICAL_SURFACE('',#2287,2.);
#2099=CYLINDRICAL_SURFACE('',#2300,2.);
#2100=CYLINDRICAL_SURFACE('',#2302,2.);
#2101=CYLINDRICAL_SURFACE('',#2305,2.);
#2102=CYLINDRICAL_SURFACE('',#2307,2.);
#2103=CYLINDRICAL_SURFACE('',#2309,2.);
#2104=CYLINDRICAL_SURFACE('',#2319,2.);
#2105=CYLINDRICAL_SURFACE('',#2333,2.);
#2106=CYLINDRICAL_SURFACE('',#2335,2.);
#2107=CYLINDRICAL_SURFACE('',#2337,2.);
#2108=CYLINDRICAL_SURFACE('',#2339,2.);
#2109=CYLINDRICAL_SURFACE('',#2357,2.);
#2110=CYLINDRICAL_SURFACE('',#2361,2.);
#2111=CYLINDRICAL_SURFACE('',#2385,2.);
#2112=CYLINDRICAL_SURFACE('',#2387,2.);
#2113=CYLINDRICAL_SURFACE('',#2388,2.3);
#2114=CYLINDRICAL_SURFACE('',#2389,1.99999999999999);
#2115=CYLINDRICAL_SURFACE('',#2390,2.);
#2116=CYLINDRICAL_SURFACE('',#2392,2.00000000000001);
#2117=CYLINDRICAL_SURFACE('',#2393,2.3);
#2118=CYLINDRICAL_SURFACE('',#2394,2.);
#2119=CYLINDRICAL_SURFACE('',#2395,2.);
#2120=CYLINDRICAL_SURFACE('',#2397,2.);
#2121=CYLINDRICAL_SURFACE('',#2398,2.);
#2122=CYLINDRICAL_SURFACE('',#2400,2.);
#2123=CYLINDRICAL_SURFACE('',#2402,2.00000000000001);
#2124=CYLINDRICAL_SURFACE('',#2403,2.3);
#2125=CYLINDRICAL_SURFACE('',#2404,2.);
#2126=CYLINDRICAL_SURFACE('',#2407,0.8115);
#2127=CYLINDRICAL_SURFACE('',#2410,0.8115);
#2128=CYLINDRICAL_SURFACE('',#2413,0.8115);
#2129=CYLINDRICAL_SURFACE('',#2416,0.8115);
#2130=CYLINDRICAL_SURFACE('',#2419,0.8115);
#2131=CYLINDRICAL_SURFACE('',#2422,0.8115);
#2132=CYLINDRICAL_SURFACE('',#2425,0.8115);
#2133=CYLINDRICAL_SURFACE('',#2428,0.8115);
#2134=CYLINDRICAL_SURFACE('',#2431,0.8115);
#2135=CYLINDRICAL_SURFACE('',#2434,0.8115);
#2136=CYLINDRICAL_SURFACE('',#2466,0.999999999999996);
#2137=CYLINDRICAL_SURFACE('',#2468,0.999999999999996);
#2138=CYLINDRICAL_SURFACE('',#2472,1.);
#2139=ADVANCED_FACE('',(#105),#2091,.F.);
#2140=ADVANCED_FACE('',(#106),#45,.F.);
#2141=ADVANCED_FACE('',(#107),#2092,.F.);
#2142=ADVANCED_FACE('',(#108),#46,.F.);
#2143=ADVANCED_FACE('',(#109),#2093,.F.);
#2144=ADVANCED_FACE('',(#110),#47,.F.);
#2145=ADVANCED_FACE('',(#111),#2094,.F.);
#2146=ADVANCED_FACE('',(#112),#48,.F.);
#2147=ADVANCED_FACE('',(#113),#2095,.F.);
#2148=ADVANCED_FACE('',(#114),#49,.F.);
#2149=ADVANCED_FACE('',(#115),#2096,.F.);
#2150=ADVANCED_FACE('',(#116,#31),#50,.F.);
#2151=ADVANCED_FACE('',(#117),#2097,.F.);
#2152=ADVANCED_FACE('',(#118),#51,.F.);
#2153=ADVANCED_FACE('',(#119),#2098,.F.);
#2154=ADVANCED_FACE('',(#120,#32,#33,#34,#35),#52,.F.);
#2155=ADVANCED_FACE('',(#121),#53,.F.);
#2156=ADVANCED_FACE('',(#122),#2099,.F.);
#2157=ADVANCED_FACE('',(#123),#2100,.F.);
#2158=ADVANCED_FACE('',(#124),#54,.F.);
#2159=ADVANCED_FACE('',(#125),#2101,.F.);
#2160=ADVANCED_FACE('',(#126),#2102,.F.);
#2161=ADVANCED_FACE('',(#127),#2103,.T.);
#2162=ADVANCED_FACE('',(#128),#55,.T.);
#2163=ADVANCED_FACE('',(#129),#56,.F.);
#2164=ADVANCED_FACE('',(#130),#2104,.T.);
#2165=ADVANCED_FACE('',(#131),#57,.T.);
#2166=ADVANCED_FACE('',(#132,#36),#58,.T.);
#2167=ADVANCED_FACE('',(#133),#2105,.T.);
#2168=ADVANCED_FACE('',(#134),#59,.T.);
#2169=ADVANCED_FACE('',(#135),#2106,.T.);
#2170=ADVANCED_FACE('',(#136),#60,.T.);
#2171=ADVANCED_FACE('',(#137),#2107,.T.);
#2172=ADVANCED_FACE('',(#138),#2108,.T.);
#2173=ADVANCED_FACE('',(#139),#61,.T.);
#2174=ADVANCED_FACE('',(#140,#37,#38),#62,.T.);
#2175=ADVANCED_FACE('',(#141),#2109,.T.);
#2176=ADVANCED_FACE('',(#142),#63,.F.);
#2177=ADVANCED_FACE('',(#143),#64,.T.);
#2178=ADVANCED_FACE('',(#144),#2110,.T.);
#2179=ADVANCED_FACE('',(#145,#39,#40,#41,#42,#43,#44),#65,.T.);
#2180=ADVANCED_FACE('',(#146),#2111,.F.);
#2181=ADVANCED_FACE('',(#147),#66,.T.);
#2182=ADVANCED_FACE('',(#148),#2112,.F.);
#2183=ADVANCED_FACE('',(#149),#2113,.T.);
#2184=ADVANCED_FACE('',(#150),#2114,.F.);
#2185=ADVANCED_FACE('',(#151),#2115,.F.);
#2186=ADVANCED_FACE('',(#152),#67,.T.);
#2187=ADVANCED_FACE('',(#153),#2116,.F.);
#2188=ADVANCED_FACE('',(#154),#2117,.T.);
#2189=ADVANCED_FACE('',(#155),#2118,.F.);
#2190=ADVANCED_FACE('',(#156),#2119,.F.);
#2191=ADVANCED_FACE('',(#157),#68,.F.);
#2192=ADVANCED_FACE('',(#158),#2120,.F.);
#2193=ADVANCED_FACE('',(#159),#2121,.F.);
#2194=ADVANCED_FACE('',(#160),#69,.F.);
#2195=ADVANCED_FACE('',(#161),#2122,.F.);
#2196=ADVANCED_FACE('',(#162),#70,.F.);
#2197=ADVANCED_FACE('',(#163),#2123,.F.);
#2198=ADVANCED_FACE('',(#164),#2124,.T.);
#2199=ADVANCED_FACE('',(#165),#2125,.F.);
#2200=ADVANCED_FACE('',(#166),#15,.F.);
#2201=ADVANCED_FACE('',(#167),#2126,.F.);
#2202=ADVANCED_FACE('',(#168),#16,.F.);
#2203=ADVANCED_FACE('',(#169),#2127,.F.);
#2204=ADVANCED_FACE('',(#170),#17,.F.);
#2205=ADVANCED_FACE('',(#171),#2128,.F.);
#2206=ADVANCED_FACE('',(#172),#18,.F.);
#2207=ADVANCED_FACE('',(#173),#2129,.F.);
#2208=ADVANCED_FACE('',(#174),#19,.F.);
#2209=ADVANCED_FACE('',(#175),#2130,.F.);
#2210=ADVANCED_FACE('',(#176),#20,.F.);
#2211=ADVANCED_FACE('',(#177),#2131,.F.);
#2212=ADVANCED_FACE('',(#178),#21,.F.);
#2213=ADVANCED_FACE('',(#179),#2132,.F.);
#2214=ADVANCED_FACE('',(#180),#22,.F.);
#2215=ADVANCED_FACE('',(#181),#2133,.F.);
#2216=ADVANCED_FACE('',(#182),#23,.F.);
#2217=ADVANCED_FACE('',(#183),#2134,.F.);
#2218=ADVANCED_FACE('',(#184),#24,.F.);
#2219=ADVANCED_FACE('',(#185),#2135,.F.);
#2220=ADVANCED_FACE('',(#186),#71,.F.);
#2221=ADVANCED_FACE('',(#187),#72,.F.);
#2222=ADVANCED_FACE('',(#188),#73,.F.);
#2223=ADVANCED_FACE('',(#189),#74,.T.);
#2224=ADVANCED_FACE('',(#190),#75,.T.);
#2225=ADVANCED_FACE('',(#191),#76,.T.);
#2226=ADVANCED_FACE('',(#192),#77,.T.);
#2227=ADVANCED_FACE('',(#193),#78,.T.);
#2228=ADVANCED_FACE('',(#194),#79,.F.);
#2229=ADVANCED_FACE('',(#195),#80,.F.);
#2230=ADVANCED_FACE('',(#196),#81,.T.);
#2231=ADVANCED_FACE('',(#197),#82,.F.);
#2232=ADVANCED_FACE('',(#198),#83,.F.);
#2233=ADVANCED_FACE('',(#199),#84,.F.);
#2234=ADVANCED_FACE('',(#200),#85,.F.);
#2235=ADVANCED_FACE('',(#201),#86,.F.);
#2236=ADVANCED_FACE('',(#202),#87,.T.);
#2237=ADVANCED_FACE('',(#203),#88,.T.);
#2238=ADVANCED_FACE('',(#204),#89,.T.);
#2239=ADVANCED_FACE('',(#205),#90,.T.);
#2240=ADVANCED_FACE('',(#206),#91,.T.);
#2241=ADVANCED_FACE('',(#207),#92,.T.);
#2242=ADVANCED_FACE('',(#208),#93,.T.);
#2243=ADVANCED_FACE('',(#209),#94,.T.);
#2244=ADVANCED_FACE('',(#210),#95,.T.);
#2245=ADVANCED_FACE('',(#211),#96,.T.);
#2246=ADVANCED_FACE('',(#212),#97,.T.);
#2247=ADVANCED_FACE('',(#213),#98,.T.);
#2248=ADVANCED_FACE('',(#214),#2136,.F.);
#2249=ADVANCED_FACE('',(#215),#99,.T.);
#2250=ADVANCED_FACE('',(#216),#2137,.F.);
#2251=ADVANCED_FACE('',(#217),#100,.T.);
#2252=ADVANCED_FACE('',(#218),#101,.T.);
#2253=ADVANCED_FACE('',(#219),#102,.T.);
#2254=ADVANCED_FACE('',(#220),#2138,.F.);
#2255=ADVANCED_FACE('',(#221),#103,.T.);
#2256=ADVANCED_FACE('',(#222),#104,.T.);
#2257=CLOSED_SHELL('',(#2139,#2140,#2141,#2142,#2143,#2144,#2145,#2146,
#2147,#2148,#2149,#2150,#2151,#2152,#2153,#2154,#2155,#2156,#2157,#2158,
#2159,#2160,#2161,#2162,#2163,#2164,#2165,#2166,#2167,#2168,#2169,#2170,
#2171,#2172,#2173,#2174,#2175,#2176,#2177,#2178,#2179,#2180,#2181,#2182,
#2183,#2184,#2185,#2186,#2187,#2188,#2189,#2190,#2191,#2192,#2193,#2194,
#2195,#2196,#2197,#2198,#2199,#2200,#2201,#2202,#2203,#2204,#2205,#2206,
#2207,#2208,#2209,#2210,#2211,#2212,#2213,#2214,#2215,#2216,#2217,#2218,
#2219,#2220,#2221,#2222,#2223,#2224,#2225,#2226,#2227,#2228,#2229,#2230,
#2231,#2232,#2233,#2234,#2235,#2236,#2237,#2238,#2239,#2240,#2241,#2242,
#2243,#2244,#2245,#2246,#2247,#2248,#2249,#2250,#2251,#2252,#2253,#2254,
#2255,#2256));
#2258=AXIS2_PLACEMENT_3D('',#3135,#2475,#2476);
#2259=AXIS2_PLACEMENT_3D('',#3136,#2477,#2478);
#2260=AXIS2_PLACEMENT_3D('',#3139,#2479,#2480);
#2261=AXIS2_PLACEMENT_3D('',#3143,#2482,#2483);
#2262=AXIS2_PLACEMENT_3D('',#3145,#2485,#2486);
#2263=AXIS2_PLACEMENT_3D('',#3153,#2491,#2492);
#2264=AXIS2_PLACEMENT_3D('',#3156,#2493,#2494);
#2265=AXIS2_PLACEMENT_3D('',#3160,#2496,#2497);
#2266=AXIS2_PLACEMENT_3D('',#3162,#2499,#2500);
#2267=AXIS2_PLACEMENT_3D('',#3169,#2505,#2506);
#2268=AXIS2_PLACEMENT_3D('',#3171,#2507,#2508);
#2269=AXIS2_PLACEMENT_3D('',#3174,#2510,#2511);
#2270=AXIS2_PLACEMENT_3D('',#3175,#2512,#2513);
#2271=AXIS2_PLACEMENT_3D('',#3185,#2519,#2520);
#2272=AXIS2_PLACEMENT_3D('',#3187,#2521,#2522);
#2273=AXIS2_PLACEMENT_3D('',#3190,#2524,#2525);
#2274=AXIS2_PLACEMENT_3D('',#3191,#2526,#2527);
#2275=AXIS2_PLACEMENT_3D('',#3194,#2530,#2531);
#2276=AXIS2_PLACEMENT_3D('',#3197,#2532,#2533);
#2277=AXIS2_PLACEMENT_3D('',#3201,#2535,#2536);
#2278=AXIS2_PLACEMENT_3D('',#3203,#2538,#2539);
#2279=AXIS2_PLACEMENT_3D('',#3209,#2543,#2544);
#2280=AXIS2_PLACEMENT_3D('',#3211,#2545,#2546);
#2281=AXIS2_PLACEMENT_3D('',#3214,#2548,#2549);
#2282=AXIS2_PLACEMENT_3D('',#3215,#2550,#2551);
#2283=AXIS2_PLACEMENT_3D('',#3221,#2555,#2556);
#2284=AXIS2_PLACEMENT_3D('',#3224,#2557,#2558);
#2285=AXIS2_PLACEMENT_3D('',#3228,#2560,#2561);
#2286=AXIS2_PLACEMENT_3D('',#3230,#2563,#2564);
#2287=AXIS2_PLACEMENT_3D('',#3237,#2569,#2570);
#2288=AXIS2_PLACEMENT_3D('',#3240,#2571,#2572);
#2289=AXIS2_PLACEMENT_3D('',#3244,#2574,#2575);
#2290=AXIS2_PLACEMENT_3D('',#3246,#2577,#2578);
#2291=AXIS2_PLACEMENT_3D('',#3251,#2581,#2582);
#2292=AXIS2_PLACEMENT_3D('',#3259,#2586,#2587);
#2293=AXIS2_PLACEMENT_3D('',#3263,#2589,#2590);
#2294=AXIS2_PLACEMENT_3D('',#3266,#2592,#2593);
#2295=AXIS2_PLACEMENT_3D('',#3268,#2594,#2595);
#2296=AXIS2_PLACEMENT_3D('',#3270,#2596,#2597);
#2297=AXIS2_PLACEMENT_3D('',#3272,#2598,#2599);
#2298=AXIS2_PLACEMENT_3D('',#3274,#2600,#2601);
#2299=AXIS2_PLACEMENT_3D('',#3275,#2602,#2603);
#2300=AXIS2_PLACEMENT_3D('',#3279,#2606,#2607);
#2301=AXIS2_PLACEMENT_3D('',#3281,#2608,#2609);
#2302=AXIS2_PLACEMENT_3D('',#3283,#2611,#2612);
#2303=AXIS2_PLACEMENT_3D('',#3287,#2614,#2615);
#2304=AXIS2_PLACEMENT_3D('',#3289,#2617,#2618);
#2305=AXIS2_PLACEMENT_3D('',#3293,#2621,#2622);
#2306=AXIS2_PLACEMENT_3D('',#3295,#2623,#2624);
#2307=AXIS2_PLACEMENT_3D('',#3297,#2626,#2627);
#2308=AXIS2_PLACEMENT_3D('',#3300,#2629,#2630);
#2309=AXIS2_PLACEMENT_3D('',#3301,#2631,#2632);
#2310=AXIS2_PLACEMENT_3D('',#3304,#2633,#2634);
#2311=AXIS2_PLACEMENT_3D('',#3308,#2636,#2637);
#2312=AXIS2_PLACEMENT_3D('',#3310,#2639,#2640);
#2313=AXIS2_PLACEMENT_3D('',#3316,#2644,#2645);
#2314=AXIS2_PLACEMENT_3D('',#3320,#2647,#2648);
#2315=AXIS2_PLACEMENT_3D('',#3326,#2651,#2652);
#2316=AXIS2_PLACEMENT_3D('',#3330,#2654,#2655);
#2317=AXIS2_PLACEMENT_3D('',#3334,#2657,#2658);
#2318=AXIS2_PLACEMENT_3D('',#3341,#2662,#2663);
#2319=AXIS2_PLACEMENT_3D('',#3342,#2664,#2665);
#2320=AXIS2_PLACEMENT_3D('',#3345,#2666,#2667);
#2321=AXIS2_PLACEMENT_3D('',#3348,#2670,#2671);
#2322=AXIS2_PLACEMENT_3D('',#3352,#2674,#2675);
#2323=AXIS2_PLACEMENT_3D('',#3354,#2676,#2677);
#2324=AXIS2_PLACEMENT_3D('',#3360,#2680,#2681);
#2325=AXIS2_PLACEMENT_3D('',#3368,#2685,#2686);
#2326=AXIS2_PLACEMENT_3D('',#3370,#2687,#2688);
#2327=AXIS2_PLACEMENT_3D('',#3372,#2689,#2690);
#2328=AXIS2_PLACEMENT_3D('',#3380,#2694,#2695);
#2329=AXIS2_PLACEMENT_3D('',#3386,#2698,#2699);
#2330=AXIS2_PLACEMENT_3D('',#3390,#2701,#2702);
#2331=AXIS2_PLACEMENT_3D('',#3394,#2704,#2705);
#2332=AXIS2_PLACEMENT_3D('',#3398,#2708,#2709);
#2333=AXIS2_PLACEMENT_3D('',#3399,#2710,#2711);
#2334=AXIS2_PLACEMENT_3D('',#3402,#2714,#2715);
#2335=AXIS2_PLACEMENT_3D('',#3403,#2716,#2717);
#2336=AXIS2_PLACEMENT_3D('',#3406,#2720,#2721);
#2337=AXIS2_PLACEMENT_3D('',#3408,#2723,#2724);
#2338=AXIS2_PLACEMENT_3D('',#3412,#2726,#2727);
#2339=AXIS2_PLACEMENT_3D('',#3414,#2729,#2730);
#2340=AXIS2_PLACEMENT_3D('',#3417,#2731,#2732);
#2341=AXIS2_PLACEMENT_3D('',#3421,#2734,#2735);
#2342=AXIS2_PLACEMENT_3D('',#3423,#2737,#2738);
#2343=AXIS2_PLACEMENT_3D('',#3429,#2742,#2743);
#2344=AXIS2_PLACEMENT_3D('',#3435,#2746,#2747);
#2345=AXIS2_PLACEMENT_3D('',#3437,#2748,#2749);
#2346=AXIS2_PLACEMENT_3D('',#3439,#2750,#2751);
#2347=AXIS2_PLACEMENT_3D('',#3445,#2754,#2755);
#2348=AXIS2_PLACEMENT_3D('',#3449,#2757,#2758);
#2349=AXIS2_PLACEMENT_3D('',#3463,#2765,#2766);
#2350=AXIS2_PLACEMENT_3D('',#3467,#2768,#2769);
#2351=AXIS2_PLACEMENT_3D('',#3473,#2772,#2773);
#2352=AXIS2_PLACEMENT_3D('',#3475,#2774,#2775);
#2353=AXIS2_PLACEMENT_3D('',#3477,#2776,#2777);
#2354=AXIS2_PLACEMENT_3D('',#3483,#2780,#2781);
#2355=AXIS2_PLACEMENT_3D('',#3493,#2787,#2788);
#2356=AXIS2_PLACEMENT_3D('',#3495,#2789,#2790);
#2357=AXIS2_PLACEMENT_3D('',#3496,#2791,#2792);
#2358=AXIS2_PLACEMENT_3D('',#3500,#2794,#2795);
#2359=AXIS2_PLACEMENT_3D('',#3502,#2797,#2798);
#2360=AXIS2_PLACEMENT_3D('',#3508,#2803,#2804);
#2361=AXIS2_PLACEMENT_3D('',#3514,#2808,#2809);
#2362=AXIS2_PLACEMENT_3D('',#3516,#2810,#2811);
#2363=AXIS2_PLACEMENT_3D('',#3518,#2813,#2814);
#2364=AXIS2_PLACEMENT_3D('',#3524,#2817,#2818);
#2365=AXIS2_PLACEMENT_3D('',#3532,#2822,#2823);
#2366=AXIS2_PLACEMENT_3D('',#3534,#2824,#2825);
#2367=AXIS2_PLACEMENT_3D('',#3536,#2826,#2827);
#2368=AXIS2_PLACEMENT_3D('',#3544,#2831,#2832);
#2369=AXIS2_PLACEMENT_3D('',#3551,#2836,#2837);
#2370=AXIS2_PLACEMENT_3D('',#3553,#2838,#2839);
#2371=AXIS2_PLACEMENT_3D('',#3555,#2840,#2841);
#2372=AXIS2_PLACEMENT_3D('',#3561,#2844,#2845);
#2373=AXIS2_PLACEMENT_3D('',#3565,#2847,#2848);
#2374=AXIS2_PLACEMENT_3D('',#3585,#2860,#2861);
#2375=AXIS2_PLACEMENT_3D('',#3589,#2863,#2864);
#2376=AXIS2_PLACEMENT_3D('',#3595,#2867,#2868);
#2377=AXIS2_PLACEMENT_3D('',#3597,#2869,#2870);
#2378=AXIS2_PLACEMENT_3D('',#3599,#2871,#2872);
#2379=AXIS2_PLACEMENT_3D('',#3604,#2875,#2876);
#2380=AXIS2_PLACEMENT_3D('',#3606,#2877,#2878);
#2381=AXIS2_PLACEMENT_3D('',#3608,#2879,#2880);
#2382=AXIS2_PLACEMENT_3D('',#3610,#2881,#2882);
#2383=AXIS2_PLACEMENT_3D('',#3612,#2883,#2884);
#2384=AXIS2_PLACEMENT_3D('',#3614,#2885,#2886);
#2385=AXIS2_PLACEMENT_3D('',#3615,#2887,#2888);
#2386=AXIS2_PLACEMENT_3D('',#3618,#2891,#2892);
#2387=AXIS2_PLACEMENT_3D('',#3620,#2894,#2895);
#2388=AXIS2_PLACEMENT_3D('',#3623,#2898,#2899);
#2389=AXIS2_PLACEMENT_3D('',#3625,#2901,#2902);
#2390=AXIS2_PLACEMENT_3D('',#3627,#2904,#2905);
#2391=AXIS2_PLACEMENT_3D('',#3630,#2908,#2909);
#2392=AXIS2_PLACEMENT_3D('',#3632,#2911,#2912);
#2393=AXIS2_PLACEMENT_3D('',#3635,#2915,#2916);
#2394=AXIS2_PLACEMENT_3D('',#3637,#2918,#2919);
#2395=AXIS2_PLACEMENT_3D('',#3639,#2921,#2922);
#2396=AXIS2_PLACEMENT_3D('',#3642,#2925,#2926);
#2397=AXIS2_PLACEMENT_3D('',#3644,#2928,#2929);
#2398=AXIS2_PLACEMENT_3D('',#3646,#2931,#2932);
#2399=AXIS2_PLACEMENT_3D('',#3649,#2935,#2936);
#2400=AXIS2_PLACEMENT_3D('',#3651,#2938,#2939);
#2401=AXIS2_PLACEMENT_3D('',#3654,#2942,#2943);
#2402=AXIS2_PLACEMENT_3D('',#3656,#2945,#2946);
#2403=AXIS2_PLACEMENT_3D('',#3659,#2949,#2950);
#2404=AXIS2_PLACEMENT_3D('',#3661,#2952,#2953);
#2405=AXIS2_PLACEMENT_3D('',#3663,#2955,#2956);
#2406=AXIS2_PLACEMENT_3D('',#3665,#2957,#2958);
#2407=AXIS2_PLACEMENT_3D('',#3668,#2960,#2961);
#2408=AXIS2_PLACEMENT_3D('',#3670,#2963,#2964);
#2409=AXIS2_PLACEMENT_3D('',#3672,#2965,#2966);
#2410=AXIS2_PLACEMENT_3D('',#3675,#2968,#2969);
#2411=AXIS2_PLACEMENT_3D('',#3677,#2971,#2972);
#2412=AXIS2_PLACEMENT_3D('',#3679,#2973,#2974);
#2413=AXIS2_PLACEMENT_3D('',#3682,#2976,#2977);
#2414=AXIS2_PLACEMENT_3D('',#3684,#2979,#2980);
#2415=AXIS2_PLACEMENT_3D('',#3686,#2981,#2982);
#2416=AXIS2_PLACEMENT_3D('',#3689,#2984,#2985);
#2417=AXIS2_PLACEMENT_3D('',#3691,#2987,#2988);
#2418=AXIS2_PLACEMENT_3D('',#3693,#2989,#2990);
#2419=AXIS2_PLACEMENT_3D('',#3696,#2992,#2993);
#2420=AXIS2_PLACEMENT_3D('',#3698,#2995,#2996);
#2421=AXIS2_PLACEMENT_3D('',#3700,#2997,#2998);
#2422=AXIS2_PLACEMENT_3D('',#3703,#3000,#3001);
#2423=AXIS2_PLACEMENT_3D('',#3705,#3003,#3004);
#2424=AXIS2_PLACEMENT_3D('',#3707,#3005,#3006);
#2425=AXIS2_PLACEMENT_3D('',#3710,#3008,#3009);
#2426=AXIS2_PLACEMENT_3D('',#3712,#3011,#3012);
#2427=AXIS2_PLACEMENT_3D('',#3714,#3013,#3014);
#2428=AXIS2_PLACEMENT_3D('',#3717,#3016,#3017);
#2429=AXIS2_PLACEMENT_3D('',#3719,#3019,#3020);
#2430=AXIS2_PLACEMENT_3D('',#3721,#3021,#3022);
#2431=AXIS2_PLACEMENT_3D('',#3724,#3024,#3025);
#2432=AXIS2_PLACEMENT_3D('',#3726,#3027,#3028);
#2433=AXIS2_PLACEMENT_3D('',#3728,#3029,#3030);
#2434=AXIS2_PLACEMENT_3D('',#3731,#3032,#3033);
#2435=AXIS2_PLACEMENT_3D('',#3733,#3035,#3036);
#2436=AXIS2_PLACEMENT_3D('',#3734,#3037,#3038);
#2437=AXIS2_PLACEMENT_3D('',#3736,#3040,#3041);
#2438=AXIS2_PLACEMENT_3D('',#3738,#3043,#3044);
#2439=AXIS2_PLACEMENT_3D('',#3740,#3046,#3047);
#2440=AXIS2_PLACEMENT_3D('',#3741,#3048,#3049);
#2441=AXIS2_PLACEMENT_3D('',#3743,#3051,#3052);
#2442=AXIS2_PLACEMENT_3D('',#3744,#3053,#3054);
#2443=AXIS2_PLACEMENT_3D('',#3747,#3057,#3058);
#2444=AXIS2_PLACEMENT_3D('',#3749,#3060,#3061);
#2445=AXIS2_PLACEMENT_3D('',#3751,#3063,#3064);
#2446=AXIS2_PLACEMENT_3D('',#3752,#3065,#3066);
#2447=AXIS2_PLACEMENT_3D('',#3754,#3068,#3069);
#2448=AXIS2_PLACEMENT_3D('',#3756,#3071,#3072);
#2449=AXIS2_PLACEMENT_3D('',#3757,#3073,#3074);
#2450=AXIS2_PLACEMENT_3D('',#3758,#3075,#3076);
#2451=AXIS2_PLACEMENT_3D('',#3759,#3077,#3078);
#2452=AXIS2_PLACEMENT_3D('',#3761,#3080,#3081);
#2453=AXIS2_PLACEMENT_3D('',#3763,#3083,#3084);
#2454=AXIS2_PLACEMENT_3D('',#3764,#3085,#3086);
#2455=AXIS2_PLACEMENT_3D('',#3766,#3088,#3089);
#2456=AXIS2_PLACEMENT_3D('',#3768,#3091,#3092);
#2457=AXIS2_PLACEMENT_3D('',#3769,#3093,#3094);
#2458=AXIS2_PLACEMENT_3D('',#3770,#3095,#3096);
#2459=AXIS2_PLACEMENT_3D('',#3776,#3100,#3101);
#2460=AXIS2_PLACEMENT_3D('',#3777,#3102,#3103);
#2461=AXIS2_PLACEMENT_3D('',#3779,#3104,#3105);
#2462=AXIS2_PLACEMENT_3D('',#3780,#3106,#3107);
#2463=AXIS2_PLACEMENT_3D('',#3782,#3108,#3109);
#2464=AXIS2_PLACEMENT_3D('',#3783,#3110,#3111);
#2465=AXIS2_PLACEMENT_3D('',#3785,#3112,#3113);
#2466=AXIS2_PLACEMENT_3D('',#3786,#3114,#3115);
#2467=AXIS2_PLACEMENT_3D('',#3788,#3117,#3118);
#2468=AXIS2_PLACEMENT_3D('',#3789,#3119,#3120);
#2469=AXIS2_PLACEMENT_3D('',#3791,#3122,#3123);
#2470=AXIS2_PLACEMENT_3D('',#3792,#3124,#3125);
#2471=AXIS2_PLACEMENT_3D('',#3793,#3126,#3127);
#2472=AXIS2_PLACEMENT_3D('',#3794,#3128,#3129);
#2473=AXIS2_PLACEMENT_3D('',#3796,#3131,#3132);
#2474=AXIS2_PLACEMENT_3D('',#3797,#3133,#3134);
#2475=DIRECTION('axis',(0.,0.,1.));
#2476=DIRECTION('refdir',(1.,0.,0.));
#2477=DIRECTION('center_axis',(0.,0.,-1.));
#2478=DIRECTION('ref_axis',(0.707106781186548,0.707106781186547,0.));
#2479=DIRECTION('center_axis',(2.28736761149946E-13,0.,1.));
#2480=DIRECTION('ref_axis',(0.707106781186548,0.707106781186547,0.));
#2481=DIRECTION('',(0.,0.,-1.));
#2482=DIRECTION('center_axis',(-1.59004008269493E-10,0.,-1.));
#2483=DIRECTION('ref_axis',(0.707106781186548,0.707106781186547,-1.124328124832E-10));
#2484=DIRECTION('',(0.,0.,1.));
#2485=DIRECTION('center_axis',(-4.82070523850397E-16,1.,0.));
#2486=DIRECTION('ref_axis',(1.,4.82070523850397E-16,0.));
#2487=DIRECTION('',(1.,4.82070523850397E-16,-2.28736761149946E-13));
#2488=DIRECTION('',(1.,4.82070523850397E-16,-1.59004008269493E-10));
#2489=DIRECTION('',(0.,0.,1.));
#2490=DIRECTION('',(-1.,-4.82070523850397E-16,1.59004008269493E-10));
#2491=DIRECTION('center_axis',(0.,0.,-1.));
#2492=DIRECTION('ref_axis',(0.707106781186548,-0.707106781186547,0.));
#2493=DIRECTION('center_axis',(0.,0.,1.));
#2494=DIRECTION('ref_axis',(0.707106781186548,-0.707106781186547,0.));
#2495=DIRECTION('',(0.,0.,-1.));
#2496=DIRECTION('center_axis',(-1.59004008269493E-10,0.,-1.));
#2497=DIRECTION('ref_axis',(0.707106781186548,-0.707106781186547,-1.124328124832E-10));
#2498=DIRECTION('',(0.,0.,1.));
#2499=DIRECTION('center_axis',(1.,-1.07938349616335E-15,0.));
#2500=DIRECTION('ref_axis',(-1.07938349616335E-15,-1.,0.));
#2501=DIRECTION('',(1.07938349616335E-15,1.,-1.71626302349911E-25));
#2502=DIRECTION('',(-1.07938349616335E-15,-1.,0.));
#2503=DIRECTION('',(0.,0.,1.));
#2504=DIRECTION('',(-1.07938349616335E-15,-1.,2.46894684951111E-28));
#2505=DIRECTION('center_axis',(0.,0.,-1.));
#2506=DIRECTION('ref_axis',(-0.707106781186548,0.707106781186547,0.));
#2507=DIRECTION('center_axis',(1.59004008269493E-10,0.,1.));
#2508=DIRECTION('ref_axis',(-0.707106781186548,0.707106781186547,1.124328124832E-10));
#2509=DIRECTION('',(0.,0.,-1.));
#2510=DIRECTION('center_axis',(-1.59004008269493E-10,0.,-1.));
#2511=DIRECTION('ref_axis',(-0.707106781186548,0.707106781186547,1.124328124832E-10));
#2512=DIRECTION('center_axis',(-1.,0.,0.));
#2513=DIRECTION('ref_axis',(0.,1.,0.));
#2514=DIRECTION('',(0.,1.,0.));
#2515=DIRECTION('',(0.,0.,-1.));
#2516=DIRECTION('',(0.,1.,0.));
#2517=DIRECTION('',(0.,0.,1.));
#2518=DIRECTION('',(0.,-1.,0.));
#2519=DIRECTION('center_axis',(0.,0.,-1.));
#2520=DIRECTION('ref_axis',(-0.707106781186547,-0.707106781186548,0.));
#2521=DIRECTION('center_axis',(0.,0.,1.));
#2522=DIRECTION('ref_axis',(-0.707106781186547,-0.707106781186548,0.));
#2523=DIRECTION('',(0.,0.,-1.));
#2524=DIRECTION('center_axis',(-1.59004008269493E-10,0.,-1.));
#2525=DIRECTION('ref_axis',(-0.707106781186547,-0.707106781186548,1.124328124832E-10));
#2526=DIRECTION('center_axis',(2.10358046771082E-15,-1.,0.));
#2527=DIRECTION('ref_axis',(-1.,-2.10358046771082E-15,0.));
#2528=DIRECTION('',(1.,2.10358046771082E-15,-1.59004008269493E-10));
#2529=DIRECTION('',(-1.,-2.10358046771082E-15,0.));
#2530=DIRECTION('center_axis',(0.,0.,1.));
#2531=DIRECTION('ref_axis',(-0.707106781186547,-0.707106781186548,0.));
#2532=DIRECTION('center_axis',(-1.59004008269493E-10,0.,-1.));
#2533=DIRECTION('ref_axis',(-0.707106781186547,-0.707106781186548,1.124328124832E-10));
#2534=DIRECTION('',(0.,0.,-1.));
#2535=DIRECTION('center_axis',(7.0469605459219E-8,0.,-0.999999999999998));
#2536=DIRECTION('ref_axis',(-0.707106781186546,-0.707106781186548,-4.98295358877543E-8));
#2537=DIRECTION('',(0.,0.,1.));
#2538=DIRECTION('center_axis',(4.62592926927149E-17,-1.,0.));
#2539=DIRECTION('ref_axis',(1.,4.62592926927149E-17,0.));
#2540=DIRECTION('',(1.,4.62592926927149E-17,-1.59004008269493E-10));
#2541=DIRECTION('',(0.,0.,1.));
#2542=DIRECTION('',(0.999999999999998,4.62592926927147E-17,7.0469605459219E-8));
#2543=DIRECTION('center_axis',(0.,0.,1.));
#2544=DIRECTION('ref_axis',(0.707106781186548,-0.707106781186548,0.));
#2545=DIRECTION('center_axis',(-1.59004008269493E-10,0.,-1.));
#2546=DIRECTION('ref_axis',(0.707106781186548,-0.707106781186548,-1.124328124832E-10));
#2547=DIRECTION('',(0.,0.,-1.));
#2548=DIRECTION('center_axis',(7.0469605459219E-8,0.,-0.999999999999998));
#2549=DIRECTION('ref_axis',(0.707106781186547,-0.707106781186547,4.98295358877543E-8));
#2550=DIRECTION('center_axis',(1.59004008269493E-10,0.,1.));
#2551=DIRECTION('ref_axis',(1.,0.,-1.59004008269493E-10));
#2552=DIRECTION('',(-1.63268091856641E-16,-1.,2.59602810277176E-26));
#2553=DIRECTION('',(-1.,0.,1.59004008269493E-10));
#2554=DIRECTION('',(1.63268091856641E-16,1.,-2.59602810277176E-26));
#2555=DIRECTION('center_axis',(0.,-1.,0.));
#2556=DIRECTION('ref_axis',(-0.707106781186546,0.,-0.707106781186549));
#2557=DIRECTION('center_axis',(0.,1.,0.));
#2558=DIRECTION('ref_axis',(-0.707106781186546,0.,-0.707106781186549));
#2559=DIRECTION('',(0.,1.,0.));
#2560=DIRECTION('center_axis',(0.,1.,0.));
#2561=DIRECTION('ref_axis',(-0.707106781186546,0.,-0.707106781186549));
#2562=DIRECTION('',(0.,-1.,0.));
#2563=DIRECTION('center_axis',(0.,0.,-1.));
#2564=DIRECTION('ref_axis',(1.,0.,0.));
#2565=DIRECTION('',(1.,0.,0.));
#2566=DIRECTION('',(0.,-1.,0.));
#2567=DIRECTION('',(1.,0.,0.));
#2568=DIRECTION('',(1.,0.,0.));
#2569=DIRECTION('center_axis',(0.,-1.,0.));
#2570=DIRECTION('ref_axis',(-0.707106781186546,0.,0.707106781186549));
#2571=DIRECTION('center_axis',(0.,1.,0.));
#2572=DIRECTION('ref_axis',(-0.707106781186546,0.,0.707106781186549));
#2573=DIRECTION('',(0.,1.,0.));
#2574=DIRECTION('center_axis',(0.,1.,0.));
#2575=DIRECTION('ref_axis',(-0.707106781186546,0.,0.707106781186549));
#2576=DIRECTION('',(0.,-1.,0.));
#2577=DIRECTION('center_axis',(0.,-1.,0.));
#2578=DIRECTION('ref_axis',(0.,0.,-1.));
#2579=DIRECTION('',(0.,0.,-1.));
#2580=DIRECTION('',(-1.,0.,-3.09828106373014E-16));
#2581=DIRECTION('center_axis',(0.,1.,0.));
#2582=DIRECTION('ref_axis',(0.707106781186547,0.,0.707106781186548));
#2583=DIRECTION('',(0.,0.,1.));
#2584=DIRECTION('',(-1.,0.,0.));
#2585=DIRECTION('',(0.,0.,-1.));
#2586=DIRECTION('center_axis',(0.,1.,0.));
#2587=DIRECTION('ref_axis',(-0.707106781186548,0.,0.707106781186548));
#2588=DIRECTION('',(-1.,0.,3.35648821398303E-16));
#2589=DIRECTION('center_axis',(0.,1.,0.));
#2590=DIRECTION('ref_axis',(0.707106781186547,0.,0.707106781186548));
#2591=DIRECTION('',(0.,0.,1.));
#2592=DIRECTION('center_axis',(0.,1.,0.));
#2593=DIRECTION('ref_axis',(0.707106781186546,0.,-0.707106781186549));
#2594=DIRECTION('center_axis',(0.,-1.,0.));
#2595=DIRECTION('ref_axis',(0.,0.,1.));
#2596=DIRECTION('center_axis',(0.,-1.,0.));
#2597=DIRECTION('ref_axis',(0.,0.,1.));
#2598=DIRECTION('center_axis',(0.,-1.,0.));
#2599=DIRECTION('ref_axis',(0.,0.,1.));
#2600=DIRECTION('center_axis',(0.,-1.,0.));
#2601=DIRECTION('ref_axis',(0.,0.,1.));
#2602=DIRECTION('center_axis',(-3.09828106373014E-16,0.,1.));
#2603=DIRECTION('ref_axis',(-1.,0.,-3.09828106373014E-16));
#2604=DIRECTION('',(-1.,0.,-3.09828106373014E-16));
#2605=DIRECTION('',(0.,1.,0.));
#2606=DIRECTION('center_axis',(0.,-1.,0.));
#2607=DIRECTION('ref_axis',(0.707106781186547,0.,0.707106781186548));
#2608=DIRECTION('center_axis',(0.,1.,0.));
#2609=DIRECTION('ref_axis',(0.707106781186547,0.,0.707106781186548));
#2610=DIRECTION('',(0.,-1.,0.));
#2611=DIRECTION('center_axis',(0.,-1.,0.));
#2612=DIRECTION('ref_axis',(-0.707106781186548,0.,0.707106781186548));
#2613=DIRECTION('',(0.,1.,0.));
#2614=DIRECTION('center_axis',(0.,1.,0.));
#2615=DIRECTION('ref_axis',(-0.707106781186548,0.,0.707106781186548));
#2616=DIRECTION('',(0.,-1.,0.));
#2617=DIRECTION('center_axis',(3.35648821398303E-16,0.,1.));
#2618=DIRECTION('ref_axis',(-1.,0.,3.35648821398303E-16));
#2619=DIRECTION('',(-1.,0.,3.35648821398303E-16));
#2620=DIRECTION('',(0.,1.,0.));
#2621=DIRECTION('center_axis',(0.,-1.,0.));
#2622=DIRECTION('ref_axis',(0.707106781186547,0.,0.707106781186548));
#2623=DIRECTION('center_axis',(0.,1.,0.));
#2624=DIRECTION('ref_axis',(0.707106781186547,0.,0.707106781186548));
#2625=DIRECTION('',(0.,-1.,0.));
#2626=DIRECTION('center_axis',(0.,-1.,0.));
#2627=DIRECTION('ref_axis',(0.707106781186546,0.,-0.707106781186549));
#2628=DIRECTION('',(0.,1.,0.));
#2629=DIRECTION('center_axis',(0.,1.,0.));
#2630=DIRECTION('ref_axis',(0.707106781186546,0.,-0.707106781186549));
#2631=DIRECTION('center_axis',(0.,1.,0.));
#2632=DIRECTION('ref_axis',(0.320264236105331,0.,0.947328253073806));
#2633=DIRECTION('center_axis',(0.,-1.,0.));
#2634=DIRECTION('ref_axis',(0.320264236105331,0.,0.947328253073806));
#2635=DIRECTION('',(0.,-1.,0.));
#2636=DIRECTION('center_axis',(0.,0.984807753012208,-0.17364817766693));
#2637=DIRECTION('ref_axis',(5.46678121111759E-16,0.17364817766693,0.984807753012208));
#2638=DIRECTION('',(0.,1.,0.));
#2639=DIRECTION('center_axis',(0.500230735430679,0.,0.865892147631841));
#2640=DIRECTION('ref_axis',(-0.865892147631841,0.,0.500230735430679));
#2641=DIRECTION('',(0.862543364808612,-0.0878630511968019,-0.498296124868563));
#2642=DIRECTION('',(0.,-1.,0.));
#2643=DIRECTION('',(0.865892147631841,0.,-0.500230735430679));
#2644=DIRECTION('center_axis',(0.,0.984807753012208,-0.17364817766693));
#2645=DIRECTION('ref_axis',(0.,0.17364817766693,0.984807753012208));
#2646=DIRECTION('',(0.991548088126785,-0.0225290619246371,-0.127768659306236));
#2647=DIRECTION('center_axis',(0.,0.984807753012208,-0.17364817766693));
#2648=DIRECTION('ref_axis',(-5.97929194965986E-17,0.17364817766693,0.984807753012208));
#2649=DIRECTION('',(1.,-1.28596217070968E-9,-7.29305387946193E-9));
#2650=DIRECTION('',(1.,0.,0.));
#2651=DIRECTION('center_axis',(0.,0.984807753012208,-0.17364817766693));
#2652=DIRECTION('ref_axis',(-1.96462449774538E-16,0.17364817766693,0.984807753012208));
#2653=DIRECTION('',(0.991548090157838,0.0225290592291805,0.127768644019542));
#2654=DIRECTION('center_axis',(0.,0.984807753012208,-0.17364817766693));
#2655=DIRECTION('ref_axis',(1.70836912847425E-16,0.17364817766693,0.984807753012208));
#2656=DIRECTION('',(0.862543371450221,0.0878630492307796,0.498296113718697));
#2657=DIRECTION('center_axis',(0.,0.984807753012208,-0.17364817766693));
#2658=DIRECTION('ref_axis',(-2.73339060555879E-16,0.17364817766693,0.984807753012208));
#2659=DIRECTION('',(-1.44516140885255E-14,0.17364817766693,0.984807753012208));
#2660=DIRECTION('',(1.,0.,0.));
#2661=DIRECTION('',(0.,-0.17364817766693,-0.984807753012208));
#2662=DIRECTION('center_axis',(0.,0.984807753012208,-0.17364817766693));
#2663=DIRECTION('ref_axis',(-5.46678121111759E-16,0.17364817766693,0.984807753012208));
#2664=DIRECTION('center_axis',(0.,1.,0.));
#2665=DIRECTION('ref_axis',(0.064031955226056,0.,0.99794784869247));
#2666=DIRECTION('center_axis',(0.,-1.,0.));
#2667=DIRECTION('ref_axis',(0.064031955226056,0.,0.99794784869247));
#2668=DIRECTION('',(0.,-1.,0.));
#2669=DIRECTION('',(0.,1.,0.));
#2670=DIRECTION('center_axis',(7.29305387946193E-9,0.,1.));
#2671=DIRECTION('ref_axis',(-1.,0.,7.29305387946193E-9));
#2672=DIRECTION('',(1.,0.,-7.29305387946193E-9));
#2673=DIRECTION('',(0.,1.,0.));
#2674=DIRECTION('center_axis',(0.,1.,0.));
#2675=DIRECTION('ref_axis',(0.,0.,1.));
#2676=DIRECTION('center_axis',(0.,-1.,0.));
#2677=DIRECTION('ref_axis',(0.866092008804687,0.,0.49988461897188));
#2678=DIRECTION('',(-1.,0.,0.));
#2679=DIRECTION('',(0.,0.,1.));
#2680=DIRECTION('center_axis',(0.,1.,0.));
#2681=DIRECTION('ref_axis',(0.733113090319517,0.,0.680106753974821));
#2682=DIRECTION('',(-0.997190328307313,0.,0.074909606395664));
#2683=DIRECTION('',(-0.990041818530838,0.,0.140773568400291));
#2684=DIRECTION('',(-1.,0.,1.45861071456461E-8));
#2685=DIRECTION('center_axis',(0.,1.,0.));
#2686=DIRECTION('ref_axis',(-1.4586107044412E-8,0.,-1.));
#2687=DIRECTION('center_axis',(0.,1.,0.));
#2688=DIRECTION('ref_axis',(1.,0.,0.));
#2689=DIRECTION('center_axis',(0.,1.,0.));
#2690=DIRECTION('ref_axis',(-8.32667268468867E-16,0.,-1.));
#2691=DIRECTION('',(-1.,0.,9.47469158629694E-16));
#2692=DIRECTION('',(-0.990041820303956,0.,-0.140773555930189));
#2693=DIRECTION('',(-0.997190329399952,0.,-0.0749095918505387));
#2694=DIRECTION('center_axis',(0.,1.,0.));
#2695=DIRECTION('ref_axis',(-0.733113085359461,0.,0.680106759321455));
#2696=DIRECTION('',(0.,0.,-1.));
#2697=DIRECTION('',(-1.,0.,1.23268812580027E-16));
#2698=DIRECTION('center_axis',(0.,-1.,0.));
#2699=DIRECTION('ref_axis',(-0.866092005548618,0.,0.499884624613294));
#2700=DIRECTION('',(0.865892154148498,0.,0.500230724150441));
#2701=DIRECTION('center_axis',(0.,-1.,0.));
#2702=DIRECTION('ref_axis',(-0.320264222628578,0.,0.947328257629905));
#2703=DIRECTION('',(0.991799820323227,0.,0.127801081399241));
#2704=DIRECTION('center_axis',(0.,-1.,0.));
#2705=DIRECTION('ref_axis',(-0.0640319438904267,0.,0.997947849419805));
#2706=DIRECTION('',(1.,0.,0.));
#2707=DIRECTION('',(0.991799818351917,0.,-0.127801096697581));
#2708=DIRECTION('center_axis',(0.,-1.,0.));
#2709=DIRECTION('ref_axis',(1.,0.,0.));
#2710=DIRECTION('center_axis',(0.,1.,0.));
#2711=DIRECTION('ref_axis',(-0.0640319438904267,0.,0.997947849419805));
#2712=DIRECTION('',(0.,-1.,0.));
#2713=DIRECTION('',(0.,1.,0.));
#2714=DIRECTION('center_axis',(0.,0.,1.));
#2715=DIRECTION('ref_axis',(-1.,0.,0.));
#2716=DIRECTION('center_axis',(0.,1.,0.));
#2717=DIRECTION('ref_axis',(-0.320264222628578,0.,0.947328257629905));
#2718=DIRECTION('',(0.,-1.,0.));
#2719=DIRECTION('',(0.,1.,0.));
#2720=DIRECTION('center_axis',(-0.500230724150441,0.,0.865892154148498));
#2721=DIRECTION('ref_axis',(-0.865892154148498,0.,-0.500230724150441));
#2722=DIRECTION('',(0.,1.,0.));
#2723=DIRECTION('center_axis',(0.,-1.,0.));
#2724=DIRECTION('ref_axis',(-0.866092005548618,0.,0.499884624613294));
#2725=DIRECTION('',(0.,-1.,0.));
#2726=DIRECTION('center_axis',(0.,-1.,0.));
#2727=DIRECTION('ref_axis',(-0.866092005548618,0.,0.499884624613294));
#2728=DIRECTION('',(0.,-1.,0.));
#2729=DIRECTION('center_axis',(0.,1.,0.));
#2730=DIRECTION('ref_axis',(-0.707106795230063,0.,-0.707106767143032));
#2731=DIRECTION('center_axis',(0.,-1.,0.));
#2732=DIRECTION('ref_axis',(-0.707106795230063,0.,-0.707106767143032));
#2733=DIRECTION('',(0.,-1.,0.));
#2734=DIRECTION('center_axis',(0.,1.,6.12323399573676E-17));
#2735=DIRECTION('ref_axis',(-0.707106795230063,0.,-0.707106767143032));
#2736=DIRECTION('',(0.,1.,0.));
#2737=DIRECTION('center_axis',(-3.97210883767537E-8,0.,-0.999999999999999));
#2738=DIRECTION('ref_axis',(0.999999999999999,0.,-3.97210883767537E-8));
#2739=DIRECTION('',(-0.999999999999999,0.,3.97210883767537E-8));
#2740=DIRECTION('',(0.,-1.,0.));
#2741=DIRECTION('',(-0.999999999999999,-2.43221518696203E-24,3.97210883767537E-8));
#2742=DIRECTION('center_axis',(0.,1.,0.));
#2743=DIRECTION('ref_axis',(0.,0.,1.));
#2744=DIRECTION('',(-1.46745535301918E-14,0.,1.));
#2745=DIRECTION('',(1.,0.,-1.81752063124024E-13));
#2746=DIRECTION('center_axis',(0.,1.,0.));
#2747=DIRECTION('ref_axis',(1.77635683940024E-13,0.,1.));
#2748=DIRECTION('center_axis',(0.,1.,0.));
#2749=DIRECTION('ref_axis',(1.,0.,0.));
#2750=DIRECTION('center_axis',(0.,1.,0.));
#2751=DIRECTION('ref_axis',(-0.979353421205687,0.,-0.202155574676326));
#2752=DIRECTION('',(0.990041824958455,0.,0.140773523195707));
#2753=DIRECTION('',(0.140773571624612,0.,-0.990041818072373));
#2754=DIRECTION('center_axis',(0.,1.,0.));
#2755=DIRECTION('ref_axis',(-0.600523336109623,0.,-0.799607230324844));
#2756=DIRECTION('',(0.990041818072374,0.,0.140773571624605));
#2757=DIRECTION('center_axis',(0.,1.,0.));
#2758=DIRECTION('ref_axis',(0.799607230324846,0.,-0.600523336109621));
#2759=DIRECTION('',(-0.140773571624616,0.,0.990041818072373));
#2760=DIRECTION('',(0.990041824958455,0.,0.140773523195707));
#2761=DIRECTION('',(1.,0.,-1.59004008269493E-10));
#2762=DIRECTION('',(1.,0.,-2.28736761149946E-13));
#2763=DIRECTION('',(0.990035339513601,0.,-0.140819126947264));
#2764=DIRECTION('',(-0.140819110213635,0.,-0.990035341893733));
#2765=DIRECTION('center_axis',(0.,1.,0.));
#2766=DIRECTION('ref_axis',(-0.799634851620141,0.,-0.600486556114652));
#2767=DIRECTION('',(0.990035341893721,0.,-0.140819110213716));
#2768=DIRECTION('center_axis',(0.,1.,0.));
#2769=DIRECTION('ref_axis',(0.600486556114667,0.,-0.799634851620129));
#2770=DIRECTION('',(0.140819110213594,0.,0.990035341893739));
#2771=DIRECTION('',(0.990035339513601,0.,-0.140819126947264));
#2772=DIRECTION('center_axis',(0.,1.,0.));
#2773=DIRECTION('ref_axis',(0.979359222079302,0.,-0.202127469999067));
#2774=DIRECTION('center_axis',(0.,1.,0.));
#2775=DIRECTION('ref_axis',(1.,0.,0.));
#2776=DIRECTION('center_axis',(0.,1.,0.));
#2777=DIRECTION('ref_axis',(-2.74237060704507E-5,0.,0.99999999962397));
#2778=DIRECTION('',(0.99999999962397,0.,2.74237060671371E-5));
#2779=DIRECTION('',(0.,0.,-1.));
#2780=DIRECTION('center_axis',(0.,-1.,0.));
#2781=DIRECTION('ref_axis',(0.707116452999144,0.,-0.707097109241658));
#2782=DIRECTION('',(-0.999999999625819,0.,-2.73562041835939E-5));
#2783=DIRECTION('',(-0.999999999999998,0.,-7.04696054592189E-8));
#2784=DIRECTION('',(0.,0.,1.));
#2785=DIRECTION('',(0.,0.,-1.));
#2786=DIRECTION('',(-0.999999999999998,0.,-7.04696054592189E-8));
#2787=DIRECTION('center_axis',(0.,-1.,0.));
#2788=DIRECTION('ref_axis',(1.,0.,0.));
#2789=DIRECTION('center_axis',(0.,-1.,0.));
#2790=DIRECTION('ref_axis',(1.,0.,0.));
#2791=DIRECTION('center_axis',(0.,1.,0.));
#2792=DIRECTION('ref_axis',(0.707116452999144,0.,-0.707097109241658));
#2793=DIRECTION('',(0.,-1.,0.));
#2794=DIRECTION('center_axis',(0.,1.,6.12323399573676E-17));
#2795=DIRECTION('ref_axis',(0.707116452999144,0.,-0.707097109241658));
#2796=DIRECTION('',(0.,1.,0.));
#2797=DIRECTION('center_axis',(0.,1.,6.12323399573676E-17));
#2798=DIRECTION('ref_axis',(0.,-6.12323399573676E-17,1.));
#2799=DIRECTION('',(-0.999999999999998,4.31501883814047E-24,-7.0469605459219E-8));
#2800=DIRECTION('',(-0.999999999625819,1.67508439451299E-21,-2.73562041835939E-5));
#2801=DIRECTION('',(0.,6.12323399573676E-17,-1.));
#2802=DIRECTION('',(-1.46745535301918E-14,-6.12323399573676E-17,1.));
#2803=DIRECTION('center_axis',(1.,0.,0.));
#2804=DIRECTION('ref_axis',(0.,0.,1.));
#2805=DIRECTION('',(0.,-1.,0.));
#2806=DIRECTION('',(0.,0.,1.));
#2807=DIRECTION('',(0.,1.,0.));
#2808=DIRECTION('center_axis',(0.,-1.,0.));
#2809=DIRECTION('ref_axis',(0.866092008804687,0.,0.49988461897188));
#2810=DIRECTION('center_axis',(0.,-1.,0.));
#2811=DIRECTION('ref_axis',(0.866092008804687,0.,0.49988461897188));
#2812=DIRECTION('',(0.,1.,0.));
#2813=DIRECTION('center_axis',(0.,1.,0.));
#2814=DIRECTION('ref_axis',(0.,0.,1.));
#2815=DIRECTION('',(-1.,0.,1.23268812580027E-16));
#2816=DIRECTION('',(0.,0.,-1.));
#2817=DIRECTION('center_axis',(0.,1.,0.));
#2818=DIRECTION('ref_axis',(-0.733113085359461,0.,0.680106759321455));
#2819=DIRECTION('',(-0.997190329399952,0.,-0.0749095918505387));
#2820=DIRECTION('',(-0.990041820303956,0.,-0.140773555930189));
#2821=DIRECTION('',(-1.,0.,9.47469158629694E-16));
#2822=DIRECTION('center_axis',(0.,1.,0.));
#2823=DIRECTION('ref_axis',(-8.32667268468867E-16,0.,-1.));
#2824=DIRECTION('center_axis',(0.,1.,0.));
#2825=DIRECTION('ref_axis',(1.,0.,0.));
#2826=DIRECTION('center_axis',(0.,1.,0.));
#2827=DIRECTION('ref_axis',(-1.4586107044412E-8,0.,-1.));
#2828=DIRECTION('',(-1.,0.,1.45861071456461E-8));
#2829=DIRECTION('',(-0.990041818530838,0.,0.140773568400291));
#2830=DIRECTION('',(-0.997190328307313,0.,0.074909606395664));
#2831=DIRECTION('center_axis',(0.,1.,0.));
#2832=DIRECTION('ref_axis',(0.733113090319517,0.,0.680106753974821));
#2833=DIRECTION('',(0.,0.,1.));
#2834=DIRECTION('',(-1.,0.,0.));
#2835=DIRECTION('',(0.99999999962397,0.,2.74237060671371E-5));
#2836=DIRECTION('center_axis',(0.,1.,0.));
#2837=DIRECTION('ref_axis',(-2.74237060704507E-5,0.,0.99999999962397));
#2838=DIRECTION('center_axis',(0.,1.,0.));
#2839=DIRECTION('ref_axis',(1.,0.,0.));
#2840=DIRECTION('center_axis',(0.,1.,0.));
#2841=DIRECTION('ref_axis',(0.979359222079302,0.,-0.202127469999067));
#2842=DIRECTION('',(0.990035339513601,0.,-0.140819126947264));
#2843=DIRECTION('',(0.140819110213594,0.,0.990035341893739));
#2844=DIRECTION('center_axis',(0.,1.,0.));
#2845=DIRECTION('ref_axis',(0.600486556114667,0.,-0.799634851620129));
#2846=DIRECTION('',(0.990035341893721,0.,-0.140819110213716));
#2847=DIRECTION('center_axis',(0.,1.,0.));
#2848=DIRECTION('ref_axis',(-0.799634851620141,0.,-0.600486556114652));
#2849=DIRECTION('',(-0.140819110213635,0.,-0.990035341893733));
#2850=DIRECTION('',(0.990035339513601,0.,-0.140819126947264));
#2851=DIRECTION('',(1.,0.,-2.28736761149946E-13));
#2852=DIRECTION('',(0.,0.,1.));
#2853=DIRECTION('',(0.,0.,-1.));
#2854=DIRECTION('',(-1.,0.,0.));
#2855=DIRECTION('',(0.,0.,1.));
#2856=DIRECTION('',(0.,0.,-1.));
#2857=DIRECTION('',(1.,0.,-1.59004008269493E-10));
#2858=DIRECTION('',(0.990041824958455,0.,0.140773523195707));
#2859=DIRECTION('',(-0.140773571624616,0.,0.990041818072373));
#2860=DIRECTION('center_axis',(0.,1.,0.));
#2861=DIRECTION('ref_axis',(0.799607230324846,0.,-0.600523336109621));
#2862=DIRECTION('',(0.990041818072374,0.,0.140773571624605));
#2863=DIRECTION('center_axis',(0.,1.,0.));
#2864=DIRECTION('ref_axis',(-0.600523336109623,0.,-0.799607230324844));
#2865=DIRECTION('',(0.140773571624612,0.,-0.990041818072373));
#2866=DIRECTION('',(0.990041824958455,0.,0.140773523195707));
#2867=DIRECTION('center_axis',(0.,1.,0.));
#2868=DIRECTION('ref_axis',(-0.979353421205687,0.,-0.202155574676326));
#2869=DIRECTION('center_axis',(0.,1.,0.));
#2870=DIRECTION('ref_axis',(1.,0.,0.));
#2871=DIRECTION('center_axis',(0.,1.,0.));
#2872=DIRECTION('ref_axis',(1.77635683940024E-13,0.,1.));
#2873=DIRECTION('',(1.,0.,-1.81752063124024E-13));
#2874=DIRECTION('',(1.46745535301918E-14,0.,-1.));
#2875=DIRECTION('center_axis',(0.,-1.,0.));
#2876=DIRECTION('ref_axis',(0.,0.,1.));
#2877=DIRECTION('center_axis',(0.,-1.,0.));
#2878=DIRECTION('ref_axis',(0.,0.,1.));
#2879=DIRECTION('center_axis',(0.,-1.,0.));
#2880=DIRECTION('ref_axis',(0.,0.,1.));
#2881=DIRECTION('center_axis',(0.,-1.,0.));
#2882=DIRECTION('ref_axis',(0.,0.,1.));
#2883=DIRECTION('center_axis',(0.,-1.,0.));
#2884=DIRECTION('ref_axis',(0.,0.,1.));
#2885=DIRECTION('center_axis',(0.,-1.,0.));
#2886=DIRECTION('ref_axis',(0.,0.,1.));
#2887=DIRECTION('center_axis',(0.,-1.,0.));
#2888=DIRECTION('ref_axis',(-0.733113085359461,0.,0.680106759321455));
#2889=DIRECTION('',(0.,1.,0.));
#2890=DIRECTION('',(0.,-1.,0.));
#2891=DIRECTION('center_axis',(1.,0.,0.));
#2892=DIRECTION('ref_axis',(0.,0.,-1.));
#2893=DIRECTION('',(0.,-1.,0.));
#2894=DIRECTION('center_axis',(0.,1.,0.));
#2895=DIRECTION('ref_axis',(-8.32667268468867E-16,0.,-1.));
#2896=DIRECTION('',(0.,-1.,0.));
#2897=DIRECTION('',(0.,1.,0.));
#2898=DIRECTION('center_axis',(0.,1.,0.));
#2899=DIRECTION('ref_axis',(1.,0.,0.));
#2900=DIRECTION('',(0.,1.,0.));
#2901=DIRECTION('center_axis',(0.,-1.,0.));
#2902=DIRECTION('ref_axis',(-1.4586107044412E-8,0.,-1.));
#2903=DIRECTION('',(0.,-1.,0.));
#2904=DIRECTION('center_axis',(0.,-1.,0.));
#2905=DIRECTION('ref_axis',(0.733113090319517,0.,0.680106753974821));
#2906=DIRECTION('',(0.,1.,0.));
#2907=DIRECTION('',(0.,-1.,0.));
#2908=DIRECTION('center_axis',(-0.074909606395664,0.,-0.997190328307313));
#2909=DIRECTION('ref_axis',(-0.997190328307313,0.,0.074909606395664));
#2910=DIRECTION('',(0.,-1.,0.));
#2911=DIRECTION('center_axis',(0.,1.,0.));
#2912=DIRECTION('ref_axis',(-2.74237060704507E-5,0.,0.99999999962397));
#2913=DIRECTION('',(0.,-1.,0.));
#2914=DIRECTION('',(0.,1.,0.));
#2915=DIRECTION('center_axis',(0.,1.,0.));
#2916=DIRECTION('ref_axis',(1.,0.,0.));
#2917=DIRECTION('',(0.,1.,0.));
#2918=DIRECTION('center_axis',(0.,-1.,0.));
#2919=DIRECTION('ref_axis',(0.979359222079302,0.,-0.202127469999067));
#2920=DIRECTION('',(0.,-1.,0.));
#2921=DIRECTION('center_axis',(0.,1.,0.));
#2922=DIRECTION('ref_axis',(0.600486556114667,0.,-0.799634851620129));
#2923=DIRECTION('',(0.,1.,0.));
#2924=DIRECTION('',(0.,-1.,0.));
#2925=DIRECTION('center_axis',(-0.140819110213716,0.,-0.990035341893721));
#2926=DIRECTION('ref_axis',(-0.990035341893721,0.,0.140819110213716));
#2927=DIRECTION('',(0.,1.,0.));
#2928=DIRECTION('center_axis',(0.,1.,0.));
#2929=DIRECTION('ref_axis',(-0.799634851620141,0.,-0.600486556114652));
#2930=DIRECTION('',(0.,-1.,0.));
#2931=DIRECTION('center_axis',(0.,1.,0.));
#2932=DIRECTION('ref_axis',(0.799607230324846,0.,-0.600523336109621));
#2933=DIRECTION('',(0.,1.,0.));
#2934=DIRECTION('',(0.,-1.,0.));
#2935=DIRECTION('center_axis',(0.990041818072373,0.,0.140773571624616));
#2936=DIRECTION('ref_axis',(0.140773571624616,0.,-0.990041818072373));
#2937=DIRECTION('',(0.,-1.,0.));
#2938=DIRECTION('center_axis',(0.,1.,0.));
#2939=DIRECTION('ref_axis',(-0.600523336109623,0.,-0.799607230324844));
#2940=DIRECTION('',(0.,1.,0.));
#2941=DIRECTION('',(0.,-1.,0.));
#2942=DIRECTION('center_axis',(-0.990041818072373,0.,-0.140773571624612));
#2943=DIRECTION('ref_axis',(-0.140773571624612,0.,0.990041818072373));
#2944=DIRECTION('',(0.,1.,0.));
#2945=DIRECTION('center_axis',(0.,-1.,0.));
#2946=DIRECTION('ref_axis',(1.77635683940024E-13,0.,1.));
#2947=DIRECTION('',(0.,1.,0.));
#2948=DIRECTION('',(0.,-1.,0.));
#2949=DIRECTION('center_axis',(0.,1.,0.));
#2950=DIRECTION('ref_axis',(1.,0.,0.));
#2951=DIRECTION('',(0.,-1.,0.));
#2952=DIRECTION('center_axis',(0.,1.,0.));
#2953=DIRECTION('ref_axis',(-0.979353421205687,0.,-0.202155574676326));
#2954=DIRECTION('',(0.,1.,0.));
#2955=DIRECTION('center_axis',(0.,1.,0.));
#2956=DIRECTION('ref_axis',(0.,0.,1.));
#2957=DIRECTION('center_axis',(0.,-1.,0.));
#2958=DIRECTION('ref_axis',(0.,0.,1.));
#2959=DIRECTION('',(-1.04972719113862E-16,-0.515038074910054,0.857167300702112));
#2960=DIRECTION('center_axis',(0.,-1.,0.));
#2961=DIRECTION('ref_axis',(0.,0.,1.));
#2962=DIRECTION('',(0.,-1.,0.));
#2963=DIRECTION('center_axis',(0.,1.,0.));
#2964=DIRECTION('ref_axis',(0.,0.,1.));
#2965=DIRECTION('center_axis',(0.,-1.,0.));
#2966=DIRECTION('ref_axis',(0.,0.,1.));
#2967=DIRECTION('',(-1.04972719113862E-16,-0.515038074910054,0.857167300702112));
#2968=DIRECTION('center_axis',(0.,-1.,0.));
#2969=DIRECTION('ref_axis',(0.,0.,1.));
#2970=DIRECTION('',(0.,-1.,0.));
#2971=DIRECTION('center_axis',(0.,1.,0.));
#2972=DIRECTION('ref_axis',(0.,0.,1.));
#2973=DIRECTION('center_axis',(0.,-1.,0.));
#2974=DIRECTION('ref_axis',(0.,0.,1.));
#2975=DIRECTION('',(-1.04972719113862E-16,-0.515038074910054,0.857167300702112));
#2976=DIRECTION('center_axis',(0.,-1.,0.));
#2977=DIRECTION('ref_axis',(0.,0.,1.));
#2978=DIRECTION('',(0.,-1.,0.));
#2979=DIRECTION('center_axis',(0.,1.,0.));
#2980=DIRECTION('ref_axis',(0.,0.,1.));
#2981=DIRECTION('center_axis',(0.,-1.,0.));
#2982=DIRECTION('ref_axis',(0.,0.,1.));
#2983=DIRECTION('',(-1.04972719113862E-16,-0.515038074910054,0.857167300702112));
#2984=DIRECTION('center_axis',(0.,-1.,0.));
#2985=DIRECTION('ref_axis',(0.,0.,1.));
#2986=DIRECTION('',(0.,-1.,0.));
#2987=DIRECTION('center_axis',(0.,1.,0.));
#2988=DIRECTION('ref_axis',(0.,0.,1.));
#2989=DIRECTION('center_axis',(0.,-1.,0.));
#2990=DIRECTION('ref_axis',(0.,0.,1.));
#2991=DIRECTION('',(-1.04972719113862E-16,-0.515038074910054,0.857167300702112));
#2992=DIRECTION('center_axis',(0.,-1.,0.));
#2993=DIRECTION('ref_axis',(0.,0.,1.));
#2994=DIRECTION('',(0.,-1.,0.));
#2995=DIRECTION('center_axis',(0.,1.,0.));
#2996=DIRECTION('ref_axis',(0.,0.,1.));
#2997=DIRECTION('center_axis',(0.,-1.,0.));
#2998=DIRECTION('ref_axis',(0.,0.,1.));
#2999=DIRECTION('',(-1.04972719113862E-16,-0.515038074910054,0.857167300702112));
#3000=DIRECTION('center_axis',(0.,-1.,0.));
#3001=DIRECTION('ref_axis',(0.,0.,1.));
#3002=DIRECTION('',(0.,-1.,0.));
#3003=DIRECTION('center_axis',(0.,1.,0.));
#3004=DIRECTION('ref_axis',(0.,0.,1.));
#3005=DIRECTION('center_axis',(0.,-1.,0.));
#3006=DIRECTION('ref_axis',(0.,0.,1.));
#3007=DIRECTION('',(-1.04972719113862E-16,-0.515038074910054,0.857167300702112));
#3008=DIRECTION('center_axis',(0.,-1.,0.));
#3009=DIRECTION('ref_axis',(0.,0.,1.));
#3010=DIRECTION('',(0.,-1.,0.));
#3011=DIRECTION('center_axis',(0.,1.,0.));
#3012=DIRECTION('ref_axis',(0.,0.,1.));
#3013=DIRECTION('center_axis',(0.,-1.,0.));
#3014=DIRECTION('ref_axis',(0.,0.,1.));
#3015=DIRECTION('',(-1.04972719113862E-16,-0.515038074910054,0.857167300702112));
#3016=DIRECTION('center_axis',(0.,-1.,0.));
#3017=DIRECTION('ref_axis',(0.,0.,1.));
#3018=DIRECTION('',(0.,-1.,0.));
#3019=DIRECTION('center_axis',(0.,1.,0.));
#3020=DIRECTION('ref_axis',(0.,0.,1.));
#3021=DIRECTION('center_axis',(0.,-1.,0.));
#3022=DIRECTION('ref_axis',(0.,0.,1.));
#3023=DIRECTION('',(-1.04972719113862E-16,-0.515038074910054,0.857167300702112));
#3024=DIRECTION('center_axis',(0.,-1.,0.));
#3025=DIRECTION('ref_axis',(0.,0.,1.));
#3026=DIRECTION('',(0.,-1.,0.));
#3027=DIRECTION('center_axis',(0.,1.,0.));
#3028=DIRECTION('ref_axis',(0.,0.,1.));
#3029=DIRECTION('center_axis',(0.,-1.,0.));
#3030=DIRECTION('ref_axis',(0.,0.,1.));
#3031=DIRECTION('',(-1.04972719113862E-16,-0.515038074910054,0.857167300702112));
#3032=DIRECTION('center_axis',(0.,-1.,0.));
#3033=DIRECTION('ref_axis',(0.,0.,1.));
#3034=DIRECTION('',(0.,-1.,0.));
#3035=DIRECTION('center_axis',(0.140773571624605,0.,-0.990041818072374));
#3036=DIRECTION('ref_axis',(-0.990041818072374,0.,-0.140773571624605));
#3037=DIRECTION('center_axis',(0.990035341893739,0.,-0.140819110213594));
#3038=DIRECTION('ref_axis',(-0.140819110213594,0.,-0.990035341893739));
#3039=DIRECTION('',(0.,-1.,0.));
#3040=DIRECTION('center_axis',(-0.990035341893733,0.,0.140819110213635));
#3041=DIRECTION('ref_axis',(0.140819110213635,0.,0.990035341893733));
#3042=DIRECTION('',(0.,1.,0.));
#3043=DIRECTION('center_axis',(-0.140773523195707,0.,0.990041824958455));
#3044=DIRECTION('ref_axis',(0.990041824958455,0.,0.140773523195707));
#3045=DIRECTION('',(0.,-1.,0.));
#3046=DIRECTION('center_axis',(0.140819126947264,0.,0.990035339513601));
#3047=DIRECTION('ref_axis',(0.990035339513601,0.,-0.140819126947264));
#3048=DIRECTION('center_axis',(2.73562041835939E-5,0.,-0.999999999625819));
#3049=DIRECTION('ref_axis',(0.999999999625819,0.,2.73562041835939E-5));
#3050=DIRECTION('',(0.,1.,0.));
#3051=DIRECTION('center_axis',(0.127801096697581,0.,0.991799818351917));
#3052=DIRECTION('ref_axis',(-0.991799818351917,0.,0.127801096697581));
#3053=DIRECTION('center_axis',(2.28736761149946E-13,0.,1.));
#3054=DIRECTION('ref_axis',(1.,0.,-2.28736761149946E-13));
#3055=DIRECTION('',(0.,-1.,0.));
#3056=DIRECTION('',(0.,-1.,0.));
#3057=DIRECTION('center_axis',(1.,-1.63268091856641E-16,0.));
#3058=DIRECTION('ref_axis',(1.63268091856641E-16,1.,0.));
#3059=DIRECTION('',(1.63268091856641E-16,1.,1.1505438017217E-23));
#3060=DIRECTION('center_axis',(-1.,1.63268091856641E-16,0.));
#3061=DIRECTION('ref_axis',(-1.63268091856641E-16,-1.,0.));
#3062=DIRECTION('',(-1.63268091856641E-16,-1.,-1.1505438017217E-23));
#3063=DIRECTION('center_axis',(7.0469605459219E-8,0.,-0.999999999999998));
#3064=DIRECTION('ref_axis',(0.999999999999998,0.,7.0469605459219E-8));
#3065=DIRECTION('center_axis',(-1.,0.,0.));
#3066=DIRECTION('ref_axis',(0.,0.,-1.));
#3067=DIRECTION('',(0.,-1.,0.));
#3068=DIRECTION('center_axis',(0.,0.,1.));
#3069=DIRECTION('ref_axis',(-1.,0.,0.));
#3070=DIRECTION('',(0.,-1.,0.));
#3071=DIRECTION('center_axis',(1.,0.,0.));
#3072=DIRECTION('ref_axis',(0.,0.,1.));
#3073=DIRECTION('center_axis',(-1.,0.,0.));
#3074=DIRECTION('ref_axis',(0.,0.,-1.));
#3075=DIRECTION('center_axis',(1.,0.,0.));
#3076=DIRECTION('ref_axis',(0.,0.,1.));
#3077=DIRECTION('center_axis',(-1.,0.,0.));
#3078=DIRECTION('ref_axis',(0.,0.,1.));
#3079=DIRECTION('',(0.,-1.,0.));
#3080=DIRECTION('center_axis',(-0.140773568400291,0.,-0.990041818530838));
#3081=DIRECTION('ref_axis',(-0.990041818530838,0.,0.140773568400291));
#3082=DIRECTION('',(0.,-1.,0.));
#3083=DIRECTION('center_axis',(-1.45861071456461E-8,0.,-1.));
#3084=DIRECTION('ref_axis',(-1.,0.,1.45861071456461E-8));
#3085=DIRECTION('center_axis',(-9.47469158629694E-16,0.,-1.));
#3086=DIRECTION('ref_axis',(-1.,0.,9.47469158629694E-16));
#3087=DIRECTION('',(0.,1.,0.));
#3088=DIRECTION('center_axis',(0.140773555930189,0.,-0.990041820303956));
#3089=DIRECTION('ref_axis',(-0.990041820303956,0.,-0.140773555930189));
#3090=DIRECTION('',(0.,-1.,0.));
#3091=DIRECTION('center_axis',(0.0749095918505387,0.,-0.997190329399953));
#3092=DIRECTION('ref_axis',(-0.997190329399952,0.,-0.0749095918505387));
#3093=DIRECTION('center_axis',(-1.23268812580027E-16,0.,-1.));
#3094=DIRECTION('ref_axis',(-1.,0.,1.23268812580027E-16));
#3095=DIRECTION('center_axis',(-1.,0.,-1.46745535301918E-14));
#3096=DIRECTION('ref_axis',(1.46745535301918E-14,0.,-1.));
#3097=DIRECTION('',(0.,1.,0.));
#3098=DIRECTION('',(0.,1.,0.));
#3099=DIRECTION('',(0.,1.,0.));
#3100=DIRECTION('center_axis',(1.81752063124024E-13,0.,1.));
#3101=DIRECTION('ref_axis',(1.,0.,-1.81752063124024E-13));
#3102=DIRECTION('center_axis',(0.,1.,0.));
#3103=DIRECTION('ref_axis',(1.,0.,0.));
#3104=DIRECTION('center_axis',(0.,-1.,0.));
#3105=DIRECTION('ref_axis',(1.,0.,0.));
#3106=DIRECTION('center_axis',(0.,1.,0.));
#3107=DIRECTION('ref_axis',(1.,0.,0.));
#3108=DIRECTION('center_axis',(0.,-1.,0.));
#3109=DIRECTION('ref_axis',(1.,0.,0.));
#3110=DIRECTION('center_axis',(0.,1.,0.));
#3111=DIRECTION('ref_axis',(1.,0.,0.));
#3112=DIRECTION('center_axis',(0.,-1.,0.));
#3113=DIRECTION('ref_axis',(1.,0.,0.));
#3114=DIRECTION('center_axis',(0.,1.,0.));
#3115=DIRECTION('ref_axis',(1.,0.,0.));
#3116=DIRECTION('',(0.,-1.,0.));
#3117=DIRECTION('center_axis',(-2.74237060671371E-5,0.,0.99999999962397));
#3118=DIRECTION('ref_axis',(0.99999999962397,0.,2.74237060671371E-5));
#3119=DIRECTION('center_axis',(0.,1.,0.));
#3120=DIRECTION('ref_axis',(1.,0.,0.));
#3121=DIRECTION('',(0.,-1.,0.));
#3122=DIRECTION('center_axis',(0.140819126947264,0.,0.990035339513601));
#3123=DIRECTION('ref_axis',(0.990035339513601,0.,-0.140819126947264));
#3124=DIRECTION('center_axis',(1.59004008269493E-10,0.,1.));
#3125=DIRECTION('ref_axis',(1.,0.,-1.59004008269493E-10));
#3126=DIRECTION('center_axis',(-0.140773523195707,0.,0.990041824958455));
#3127=DIRECTION('ref_axis',(0.990041824958455,0.,0.140773523195707));
#3128=DIRECTION('center_axis',(0.,1.,0.));
#3129=DIRECTION('ref_axis',(1.,0.,0.));
#3130=DIRECTION('',(0.,-1.,0.));
#3131=DIRECTION('center_axis',(0.,0.,-1.));
#3132=DIRECTION('ref_axis',(-1.,0.,0.));
#3133=DIRECTION('center_axis',(-0.127801081399241,0.,0.991799820323227));
#3134=DIRECTION('ref_axis',(-0.991799820323227,0.,-0.127801081399241));
#3135=CARTESIAN_POINT('',(0.,0.,0.));
#3136=CARTESIAN_POINT('Origin',(3.74999959745878,1.73472347597681E-15,-28.204270040034));
#3137=CARTESIAN_POINT('',(4.74999959745878,6.24500451351651E-16,-31.0971506930294));
#3138=CARTESIAN_POINT('',(3.74999959745878,1.,-31.0971506930291));
#3139=CARTESIAN_POINT('Origin',(3.74999959745878,1.73472347597681E-15,-31.0971506930283));
#3140=CARTESIAN_POINT('',(3.74999959745878,1.,-33.4971506936245));
#3141=CARTESIAN_POINT('',(3.74999959745878,1.,-28.204270040034));
#3142=CARTESIAN_POINT('',(4.74999959745878,6.59194920871187E-16,-33.4971506937836));
#3143=CARTESIAN_POINT('Origin',(3.74999959745878,1.73472347597681E-15,-33.4971506936245));
#3144=CARTESIAN_POINT('',(4.74999959745878,6.55339979813456E-16,-28.204270040034));
#3145=CARTESIAN_POINT('Origin',(-4.75000040254122,0.999999999999998,-28.204270040034));
#3146=CARTESIAN_POINT('',(-2.26793191451184E-7,1.,-31.0971506930283));
#3147=CARTESIAN_POINT('',(-2.37500031466754,0.999999999999999,-31.0971506930277));
#3148=CARTESIAN_POINT('',(-3.75000040254122,0.999999999999998,-31.097150692432));
#3149=CARTESIAN_POINT('',(-7.37432726863149,0.999999999999996,-31.0971506918557));
#3150=CARTESIAN_POINT('',(-3.75000040254122,0.999999999999998,-33.497150692432));
#3151=CARTESIAN_POINT('',(-3.75000040254122,0.999999999999998,-28.204270040034));
#3152=CARTESIAN_POINT('',(-2.37500040315283,0.999999999999999,-33.4971506926506));
#3153=CARTESIAN_POINT('Origin',(3.74999959745878,-1.59999999999998,-28.204270040034));
#3154=CARTESIAN_POINT('',(3.74999959745878,-2.59999999999998,-28.204270040034));
#3155=CARTESIAN_POINT('',(4.74999959745878,-1.59999999999998,-28.204270040034));
#3156=CARTESIAN_POINT('Origin',(3.74999959745878,-1.59999999999998,-28.204270040034));
#3157=CARTESIAN_POINT('',(4.74999959745878,-1.59999999999998,-33.4971506937836));
#3158=CARTESIAN_POINT('',(4.74999959745878,-1.59999999999998,-28.204270040034));
#3159=CARTESIAN_POINT('',(3.74999959745878,-2.59999999999998,-33.4971506936245));
#3160=CARTESIAN_POINT('Origin',(3.74999959745878,-1.59999999999998,-33.4971506936245));
#3161=CARTESIAN_POINT('',(3.74999959745878,-2.59999999999998,-28.204270040034));
#3162=CARTESIAN_POINT('Origin',(4.74999959745878,1.,-28.204270040034));
#3163=CARTESIAN_POINT('',(4.74999959745878,0.0999999999999546,-33.4971506937836));
#3164=CARTESIAN_POINT('',(4.74999959745878,-1.4,-28.204270040034));
#3165=CARTESIAN_POINT('',(4.74999959745878,0.499999999999942,-28.204270040034));
#3166=CARTESIAN_POINT('',(4.74999959745878,-1.4,-31.0971506930294));
#3167=CARTESIAN_POINT('',(4.74999959745878,-1.4,-12.8161280453597));
#3168=CARTESIAN_POINT('',(4.74999959745878,0.499999999999998,-31.0971506930294));
#3169=CARTESIAN_POINT('Origin',(-3.75000040254122,-1.70185503116882E-15,
-28.204270040034));
#3170=CARTESIAN_POINT('',(-4.75000040254122,-1.66533453693773E-15,-31.097150692273));
#3171=CARTESIAN_POINT('Origin',(-3.75000040254122,-1.70185503116882E-15,
-31.097150692432));
#3172=CARTESIAN_POINT('',(-4.75000040254122,-1.66533453693773E-15,-33.497150692273));
#3173=CARTESIAN_POINT('',(-4.75000040254122,-1.70185503116882E-15,-28.204270040034));
#3174=CARTESIAN_POINT('Origin',(-3.75000040254122,-1.70185503116882E-15,
-33.497150692432));
#3175=CARTESIAN_POINT('Origin',(-4.75000040254122,-2.6,-28.204270040034));
#3176=CARTESIAN_POINT('',(-4.75000040254122,-1.4,-31.097150692273));
#3177=CARTESIAN_POINT('',(-4.75000040254122,-1.3,-31.097150692273));
#3178=CARTESIAN_POINT('',(-4.75000040254121,-1.4,-28.204270040034));
#3179=CARTESIAN_POINT('',(-4.75000040254122,-1.4,-12.8161280453597));
#3180=CARTESIAN_POINT('',(-4.75000040254121,-1.6,-28.204270040034));
#3181=CARTESIAN_POINT('',(-4.75000040254121,-1.3,-28.204270040034));
#3182=CARTESIAN_POINT('',(-4.75000040254122,-1.6,-33.497150692273));
#3183=CARTESIAN_POINT('',(-4.75000040254122,-1.6,-28.204270040034));
#3184=CARTESIAN_POINT('',(-4.75000040254122,-1.70000000000004,-33.497150692273));
#3185=CARTESIAN_POINT('Origin',(-3.75000040254122,-1.6,-28.204270040034));
#3186=CARTESIAN_POINT('',(-3.75000040254122,-2.6,-28.204270040034));
#3187=CARTESIAN_POINT('Origin',(-3.75000040254122,-1.6,-28.204270040034));
#3188=CARTESIAN_POINT('',(-3.75000040254122,-2.6,-33.497150692432));
#3189=CARTESIAN_POINT('',(-3.75000040254122,-2.6,-28.204270040034));
#3190=CARTESIAN_POINT('Origin',(-3.75000040254122,-1.6,-33.497150692432));
#3191=CARTESIAN_POINT('Origin',(4.74999959745878,-2.59999999999998,-28.204270040034));
#3192=CARTESIAN_POINT('',(2.37499959684717,-2.59999999999999,-33.4971506934059));
#3193=CARTESIAN_POINT('',(-49.3752308692738,-2.6000000000001,-28.204270040034));
#3194=CARTESIAN_POINT('Origin',(-5.00000040254125,-3.20000000000009,-46.8240960286698));
#3195=CARTESIAN_POINT('',(-5.00000040254125,-4.20000000000009,-33.4971506922333));
#3196=CARTESIAN_POINT('',(-6.00000040254125,-3.20000000000009,-33.4971506920743));
#3197=CARTESIAN_POINT('Origin',(-5.00000040254125,-3.20000000000009,-33.4971506922333));
#3198=CARTESIAN_POINT('',(-5.00000040254124,-4.20000000000009,-44.8240903750599));
#3199=CARTESIAN_POINT('',(-5.00000040254125,-4.20000000000009,-46.8240960286698));
#3200=CARTESIAN_POINT('',(-6.00000040254125,-3.20000000000009,-44.8240904455295));
#3201=CARTESIAN_POINT('Origin',(-5.00000040254125,-3.20000000000009,-44.8240903750599));
#3202=CARTESIAN_POINT('',(-6.00000040254125,-3.20000000000009,-46.8240960286698));
#3203=CARTESIAN_POINT('Origin',(-6.00000040254125,-4.20000000000009,-46.8240960286698));
#3204=CARTESIAN_POINT('',(4.99999959745876,-4.20000000000009,-33.4971506938233));
#3205=CARTESIAN_POINT('',(-3.00000040167253,-4.20000000000009,-33.4971506925513));
#3206=CARTESIAN_POINT('',(4.99999959745876,-4.20000000000009,-44.8240896703638));
#3207=CARTESIAN_POINT('',(4.99999959745876,-4.20000000000009,-46.8240960286698));
#3208=CARTESIAN_POINT('',(-45.6138187964494,-4.20000000000009,-44.8240932370996));
#3209=CARTESIAN_POINT('Origin',(4.99999959745876,-3.20000000000009,-46.8240960286698));
#3210=CARTESIAN_POINT('',(5.99999959745876,-3.20000000000009,-33.4971506939823));
#3211=CARTESIAN_POINT('Origin',(4.99999959745876,-3.20000000000009,-33.4971506938233));
#3212=CARTESIAN_POINT('',(5.99999959745876,-3.20000000000009,-44.8240895998942));
#3213=CARTESIAN_POINT('',(5.99999959745876,-3.20000000000009,-46.8240960286698));
#3214=CARTESIAN_POINT('Origin',(4.99999959745876,-3.20000000000009,-44.8240896703638));
#3215=CARTESIAN_POINT('Origin',(-4.02922853846409E-7,-0.800000000000087,
-33.4971506930283));
#3216=CARTESIAN_POINT('',(-6.00000040254124,2.59999999999991,-33.4971506920743));
#3217=CARTESIAN_POINT('',(-6.00000040254124,0.899999999999914,-33.4971506920743));
#3218=CARTESIAN_POINT('',(5.99999959745876,2.59999999999991,-33.4971506939823));
#3219=CARTESIAN_POINT('',(-7.02136858038973E-6,2.6,-33.4971506930283));
#3220=CARTESIAN_POINT('',(5.99999959745876,-2.50000000000009,-33.4971506939823));
#3221=CARTESIAN_POINT('Origin',(-101.500461336006,0.,-26.204270040034));
#3222=CARTESIAN_POINT('',(-101.500461336006,-5.,-28.204270040034));
#3223=CARTESIAN_POINT('',(-103.500461336006,-5.,-26.204270040034));
#3224=CARTESIAN_POINT('Origin',(-101.500461336006,-5.,-26.204270040034));
#3225=CARTESIAN_POINT('',(-101.500461336006,-1.4,-28.204270040034));
#3226=CARTESIAN_POINT('',(-101.500461336006,0.,-28.204270040034));
#3227=CARTESIAN_POINT('',(-103.500461336006,-1.4,-26.204270040034));
#3228=CARTESIAN_POINT('Origin',(-101.500461336006,-1.4,-26.204270040034));
#3229=CARTESIAN_POINT('',(-103.500461336006,0.,-26.204270040034));
#3230=CARTESIAN_POINT('Origin',(-103.500461336006,0.,-28.204270040034));
#3231=CARTESIAN_POINT('',(101.500024180946,-5.,-28.204270040034));
#3232=CARTESIAN_POINT('',(17.5000241809461,-5.,-28.204270040034));
#3233=CARTESIAN_POINT('',(101.500024180946,-1.4,-28.204270040034));
#3234=CARTESIAN_POINT('',(101.500024180946,0.,-28.204270040034));
#3235=CARTESIAN_POINT('',(-51.7502374882652,-1.4,-28.204270040034));
#3236=CARTESIAN_POINT('',(-51.7502374882652,-1.4,-28.204270040034));
#3237=CARTESIAN_POINT('Origin',(-101.500461336006,0.,11.795729959966));
#3238=CARTESIAN_POINT('',(-103.500461336006,-5.,11.795729959966));
#3239=CARTESIAN_POINT('',(-101.500461336006,-5.,13.795729959966));
#3240=CARTESIAN_POINT('Origin',(-101.500461336006,-5.,11.795729959966));
#3241=CARTESIAN_POINT('',(-103.500461336006,-1.4,11.795729959966));
#3242=CARTESIAN_POINT('',(-103.500461336006,0.,11.795729959966));
#3243=CARTESIAN_POINT('',(-101.500461336006,-1.4,13.795729959966));
#3244=CARTESIAN_POINT('Origin',(-101.500461336006,-1.4,11.795729959966));
#3245=CARTESIAN_POINT('',(-101.500461336006,0.,13.795729959966));
#3246=CARTESIAN_POINT('Origin',(-0.000218577530173292,-5.,-7.20427004003396));
#3247=CARTESIAN_POINT('',(-103.500461336006,-5.,-28.204270040034));
#3248=CARTESIAN_POINT('',(-19.5000241809461,-5.,13.7957299599661));
#3249=CARTESIAN_POINT('',(-103.500461336006,-5.,13.795729959966));
#3250=CARTESIAN_POINT('',(-17.5000241809461,-5.,11.7957299599661));
#3251=CARTESIAN_POINT('Origin',(-19.5000241809461,-5.,11.7957299599661));
#3252=CARTESIAN_POINT('',(-17.5000241809461,-5.,4.40284930696943));
#3253=CARTESIAN_POINT('',(-17.5000241809461,-5.,13.7957299599661));
#3254=CARTESIAN_POINT('',(17.5000241809461,-5.,4.40284930696943));
#3255=CARTESIAN_POINT('',(17.5000241809461,-5.,4.40284930696943));
#3256=CARTESIAN_POINT('',(17.5000241809461,-5.,11.7957299599661));
#3257=CARTESIAN_POINT('',(17.5000241809461,-5.,13.7957299599661));
#3258=CARTESIAN_POINT('',(19.5000241809461,-5.,13.7957299599661));
#3259=CARTESIAN_POINT('Origin',(19.5000241809461,-5.,11.7957299599661));
#3260=CARTESIAN_POINT('',(101.500024180946,-5.,13.795729959966));
#3261=CARTESIAN_POINT('',(103.500024180946,-5.,13.795729959966));
#3262=CARTESIAN_POINT('',(103.500024180946,-5.,11.795729959966));
#3263=CARTESIAN_POINT('Origin',(101.500024180946,-5.,11.795729959966));
#3264=CARTESIAN_POINT('',(103.500024180946,-5.,-26.204270040034));
#3265=CARTESIAN_POINT('',(103.500024180946,-5.,-28.204270040034));
#3266=CARTESIAN_POINT('Origin',(101.500024180946,-5.,-26.204270040034));
#3267=CARTESIAN_POINT('',(-15.0280925138398,-5.,-2.4506992158554));
#3268=CARTESIAN_POINT('Origin',(-15.0280925138398,-5.,-1.6391992158554));
#3269=CARTESIAN_POINT('',(15.0280925138398,-5.,-26.3587030055705));
#3270=CARTESIAN_POINT('Origin',(15.0280925138398,-5.,-25.5472030055705));
#3271=CARTESIAN_POINT('',(-15.0280925138398,-5.,-26.3587030055705));
#3272=CARTESIAN_POINT('Origin',(-15.0280925138398,-5.,-25.5472030055705));
#3273=CARTESIAN_POINT('',(15.0280925138398,-5.,-2.4506992158554));
#3274=CARTESIAN_POINT('Origin',(15.0280925138398,-5.,-1.6391992158554));
#3275=CARTESIAN_POINT('Origin',(-17.5000241809461,0.,13.7957299599661));
#3276=CARTESIAN_POINT('',(-19.5000241809461,-1.4,13.7957299599661));
#3277=CARTESIAN_POINT('',(-8.75001891073504,-1.4,13.7957299599661));
#3278=CARTESIAN_POINT('',(-19.5000241809461,0.,13.7957299599661));
#3279=CARTESIAN_POINT('Origin',(-19.5000241809461,0.,11.7957299599661));
#3280=CARTESIAN_POINT('',(-17.5000241809461,-1.4,11.7957299599661));
#3281=CARTESIAN_POINT('Origin',(-19.5000241809461,-1.4,11.7957299599661));
#3282=CARTESIAN_POINT('',(-17.5000241809461,0.,11.7957299599661));
#3283=CARTESIAN_POINT('Origin',(19.5000241809461,0.,11.7957299599661));
#3284=CARTESIAN_POINT('',(17.5000241809461,-1.4,11.7957299599661));
#3285=CARTESIAN_POINT('',(17.5000241809461,0.,11.7957299599661));
#3286=CARTESIAN_POINT('',(19.5000241809461,-1.4,13.7957299599661));
#3287=CARTESIAN_POINT('Origin',(19.5000241809461,-1.4,11.7957299599661));
#3288=CARTESIAN_POINT('',(19.5000241809461,0.,13.7957299599661));
#3289=CARTESIAN_POINT('Origin',(103.500024180946,0.,13.795729959966));
#3290=CARTESIAN_POINT('',(101.500024180946,-1.4,13.795729959966));
#3291=CARTESIAN_POINT('',(51.750005270211,-1.4,13.795729959966));
#3292=CARTESIAN_POINT('',(101.500024180946,0.,13.795729959966));
#3293=CARTESIAN_POINT('Origin',(101.500024180946,0.,11.795729959966));
#3294=CARTESIAN_POINT('',(103.500024180946,-1.4,11.795729959966));
#3295=CARTESIAN_POINT('Origin',(101.500024180946,-1.4,11.795729959966));
#3296=CARTESIAN_POINT('',(103.500024180946,0.,11.795729959966));
#3297=CARTESIAN_POINT('Origin',(101.500024180946,0.,-26.204270040034));
#3298=CARTESIAN_POINT('',(103.500024180946,-1.4,-26.204270040034));
#3299=CARTESIAN_POINT('',(103.500024180946,0.,-26.204270040034));
#3300=CARTESIAN_POINT('Origin',(101.500024180946,-1.4,-26.204270040034));
#3301=CARTESIAN_POINT('Origin',(92.0954324373198,0.,36.8353979298315));
#3302=CARTESIAN_POINT('',(93.0958939081812,2.6,38.5671822250952));
#3303=CARTESIAN_POINT('',(92.351034630715,2.6,38.8189975665353));
#3304=CARTESIAN_POINT('Origin',(92.0954324373198,2.6,36.8353979298315));
#3305=CARTESIAN_POINT('',(92.3510346307149,-5.6926120512188,38.8189975665353));
#3306=CARTESIAN_POINT('',(92.3510346307149,0.,38.8189975665353));
#3307=CARTESIAN_POINT('',(93.0958939081812,-5.73701389007101,38.5671822250952));
#3308=CARTESIAN_POINT('Origin',(92.0954324373198,-6.04237418609319,36.8353979298315));
#3309=CARTESIAN_POINT('',(93.0958939081812,0.,38.5671822250952));
#3310=CARTESIAN_POINT('Origin',(126.390882032301,0.,19.3324814127195));
#3311=CARTESIAN_POINT('',(125.391343503162,-9.02679253420579,19.909920410047));
#3312=CARTESIAN_POINT('',(82.3459961773321,-4.64197466859889,44.7774582535984));
#3313=CARTESIAN_POINT('',(125.391343503162,2.6,19.909920410047));
#3314=CARTESIAN_POINT('',(125.391343503162,0.,19.909920410047));
#3315=CARTESIAN_POINT('',(126.390882032301,2.6,19.3324814127195));
#3316=CARTESIAN_POINT('Origin',(-2.79452496698696E-7,-11.7683398014861,
4.36183323549771));
#3317=CARTESIAN_POINT('',(9.83567813211645,-3.81777249623321,49.4517410494253));
#3318=CARTESIAN_POINT('',(49.3384433372669,-4.71531872133111,44.361503460761));
#3319=CARTESIAN_POINT('',(9.58007595330739,-3.81488066969067,49.4681414127214));
#3320=CARTESIAN_POINT('Origin',(9.58007593872129,-4.1675346311076,47.4681414127214));
#3321=CARTESIAN_POINT('',(3.60773818356916E-7,-3.81488065737106,49.4681414825894));
#3322=CARTESIAN_POINT('',(4.85420162544736,-3.81488066361338,49.4681414471875));
#3323=CARTESIAN_POINT('',(-9.58007523992503,-3.81488065737106,49.4681414825894));
#3324=CARTESIAN_POINT('',(4.0660660949321E-8,-3.81488065737106,49.4681414825894));
#3325=CARTESIAN_POINT('',(-9.83567740272351,-3.81777248321841,49.4517411232359));
#3326=CARTESIAN_POINT('Origin',(-9.58007523992503,-4.16753461878799,47.4681414825894));
#3327=CARTESIAN_POINT('',(-92.3510340619804,-5.69261181370154,38.8189989135626));
#3328=CARTESIAN_POINT('',(-7.83936529374379,-3.77241408437768,49.7089813859482));
#3329=CARTESIAN_POINT('',(-93.0958933474828,-5.73701365095082,38.5671835812132));
#3330=CARTESIAN_POINT('Origin',(-92.0954318991819,-6.04237394927113,36.8353992729162));
#3331=CARTESIAN_POINT('',(-125.391344039506,-9.02679230789252,19.9099216935333));
#3332=CARTESIAN_POINT('',(-65.6547651689975,-2.94172094347734,54.4200762936175));
#3333=CARTESIAN_POINT('',(-126.390882591205,-9.33215260621283,18.1781373852363));
#3334=CARTESIAN_POINT('Origin',(-124.390882591205,-9.33215260621283,18.1781373852363));
#3335=CARTESIAN_POINT('',(-126.390882591205,-14.,-8.29454067589878));
#3336=CARTESIAN_POINT('',(-126.390882591205,-10.3108444497761,12.6277001258277));
#3337=CARTESIAN_POINT('',(126.3908820323,-14.,-8.29454067589877));
#3338=CARTESIAN_POINT('',(-2.79452496698696E-7,-14.,-8.29454067589878));
#3339=CARTESIAN_POINT('',(126.3908820323,-9.33215283022798,18.1781361147833));
#3340=CARTESIAN_POINT('',(126.3908820323,-15.7964577008726,-18.4827585745695));
#3341=CARTESIAN_POINT('Origin',(124.390882032301,-9.33215283022797,18.1781361147833));
#3342=CARTESIAN_POINT('Origin',(9.58007593872129,0.,47.4681414127214));
#3343=CARTESIAN_POINT('',(9.83567813211645,2.6,49.4517410494253));
#3344=CARTESIAN_POINT('',(9.58007595330739,2.6,49.4681414127214));
#3345=CARTESIAN_POINT('Origin',(9.58007593872129,2.6,47.4681414127214));
#3346=CARTESIAN_POINT('',(9.58007595330739,0.,49.4681414127214));
#3347=CARTESIAN_POINT('',(9.83567813211645,0.,49.4517410494253));
#3348=CARTESIAN_POINT('Origin',(9.70840319606242,0.,49.4681414117855));
#3349=CARTESIAN_POINT('',(3.60773810825776E-7,2.6,49.4681414825894));
#3350=CARTESIAN_POINT('',(3.60773818356916E-7,2.6,49.4681414825894));
#3351=CARTESIAN_POINT('',(3.60773818356916E-7,0.,49.4681414825894));
#3352=CARTESIAN_POINT('Origin',(-2.79452478935127E-7,2.6,34.4003114476545));
#3353=CARTESIAN_POINT('',(126.024126329132,2.6,19.3324814127195));
#3354=CARTESIAN_POINT('Origin',(124.390882032301,2.6,18.1781361147833));
#3355=CARTESIAN_POINT('',(90.3648031682247,2.6,19.3324814127195));
#3356=CARTESIAN_POINT('',(126.390882032301,2.6,19.3324814127195));
#3357=CARTESIAN_POINT('',(90.3648031682247,2.6,34.916356822457));
#3358=CARTESIAN_POINT('',(90.3648031682247,2.6,36.7717506572019));
#3359=CARTESIAN_POINT('',(88.514622381016,2.6,36.9107374790716));
#3360=CARTESIAN_POINT('Origin',(88.3648031682247,2.6,34.916356822457));
#3361=CARTESIAN_POINT('',(70.6891799426025,2.6,38.2497966726728));
#3362=CARTESIAN_POINT('',(90.3648031682247,2.6,36.7717506572019));
#3363=CARTESIAN_POINT('',(9.37421931988377,2.6,46.9681413341056));
#3364=CARTESIAN_POINT('',(70.6891799426025,2.6,38.2497966726728));
#3365=CARTESIAN_POINT('',(4.1821047478514,2.6,46.9681414098383));
#3366=CARTESIAN_POINT('',(9.37421931988377,2.6,46.9681413341056));
#3367=CARTESIAN_POINT('',(2.23693973324701,2.6,45.4332577172805));
#3368=CARTESIAN_POINT('Origin',(4.18210471867919,2.6,44.9681414098383));
#3369=CARTESIAN_POINT('',(-2.23693974104888,2.6,45.4332577499087));
#3370=CARTESIAN_POINT('Origin',(0.,2.6,45.9681414708389));
#3371=CARTESIAN_POINT('',(-4.1821047332653,2.6,46.9681414708389));
#3372=CARTESIAN_POINT('Origin',(-4.1821047332653,2.6,44.9681414708389));
#3373=CARTESIAN_POINT('',(-9.37421951053221,2.6,46.9681414708389));
#3374=CARTESIAN_POINT('',(-9.37421951053224,2.6,46.9681414708389));
#3375=CARTESIAN_POINT('',(-70.6891793846868,2.6,38.2497977037528));
#3376=CARTESIAN_POINT('',(-70.6891793846868,2.6,38.2497977037528));
#3377=CARTESIAN_POINT('',(-88.514621815569,2.6,36.9107387721884));
#3378=CARTESIAN_POINT('',(-70.6891793846868,2.6,38.2497977037528));
#3379=CARTESIAN_POINT('',(-90.3648026318679,2.6,34.9163581133885));
#3380=CARTESIAN_POINT('Origin',(-88.3648026318679,2.6,34.9163581133885));
#3381=CARTESIAN_POINT('',(-90.3648026318679,2.6,19.3324827005395));
#3382=CARTESIAN_POINT('',(-90.3648026318679,2.6,19.3324827005395));
#3383=CARTESIAN_POINT('',(-126.024126875762,2.6,19.3324827005395));
#3384=CARTESIAN_POINT('',(-90.3648026318679,2.6,19.3324827005395));
#3385=CARTESIAN_POINT('',(-125.391344039506,2.6,19.9099216935333));
#3386=CARTESIAN_POINT('Origin',(-124.390882591205,2.6,18.1781373852363));
#3387=CARTESIAN_POINT('',(-93.0958933474828,2.6,38.5671835812132));
#3388=CARTESIAN_POINT('',(-126.390882591205,2.6,19.3324827005395));
#3389=CARTESIAN_POINT('',(-92.3510340619804,2.6,38.8189989135626));
#3390=CARTESIAN_POINT('Origin',(-92.0954318991819,2.6,36.8353992729162));
#3391=CARTESIAN_POINT('',(-9.83567740272351,2.6,49.4517411232359));
#3392=CARTESIAN_POINT('',(-92.7487056435339,2.6,38.7677558530953));
#3393=CARTESIAN_POINT('',(-9.58007523992503,2.6,49.4681414825894));
#3394=CARTESIAN_POINT('Origin',(-9.58007523992503,2.6,47.4681414825894));
#3395=CARTESIAN_POINT('',(-9.70840247451478,2.6,49.4681414825894));
#3396=CARTESIAN_POINT('',(9.70840319606242,2.6,49.4681414117855));
#3397=CARTESIAN_POINT('',(-1.,2.6,45.9681414708389));
#3398=CARTESIAN_POINT('Origin',(0.,2.6,45.9681414708389));
#3399=CARTESIAN_POINT('Origin',(-9.58007523992503,0.,47.4681414825894));
#3400=CARTESIAN_POINT('',(-9.83567740272351,0.,49.4517411232359));
#3401=CARTESIAN_POINT('',(-9.58007523992503,0.,49.4681414825894));
#3402=CARTESIAN_POINT('Origin',(3.60773818597337E-7,0.,49.4681414825894));
#3403=CARTESIAN_POINT('Origin',(-92.0954318991819,0.,36.8353992729162));
#3404=CARTESIAN_POINT('',(-93.0958933474828,0.,38.5671835812132));
#3405=CARTESIAN_POINT('',(-92.3510340619804,0.,38.8189989135626));
#3406=CARTESIAN_POINT('Origin',(-92.7487056435339,0.,38.7677558530953));
#3407=CARTESIAN_POINT('',(-125.391344039506,0.,19.9099216935333));
#3408=CARTESIAN_POINT('Origin',(-124.390882591205,0.,18.1781373852363));
#3409=CARTESIAN_POINT('',(-126.024126875762,-1.4,19.3324827005395));
#3410=CARTESIAN_POINT('',(-126.024126875762,0.,19.3324827005395));
#3411=CARTESIAN_POINT('',(-126.390882591205,-1.4,18.1781373852363));
#3412=CARTESIAN_POINT('Origin',(-124.390882591205,-1.4,18.1781373852363));
#3413=CARTESIAN_POINT('',(-126.390882591205,0.,18.1781373852363));
#3414=CARTESIAN_POINT('Origin',(-124.390882591205,0.,-42.824094473063));
#3415=CARTESIAN_POINT('',(-126.390882591205,2.6,-42.824094473063));
#3416=CARTESIAN_POINT('',(-124.390882670647,2.6,-44.824094473063));
#3417=CARTESIAN_POINT('Origin',(-124.390882591205,2.6,-42.824094473063));
#3418=CARTESIAN_POINT('',(-124.390882670647,-14.,-44.824094473063));
#3419=CARTESIAN_POINT('',(-124.390882670647,0.,-44.824094473063));
#3420=CARTESIAN_POINT('',(-126.390882591205,-14.,-42.824094473063));
#3421=CARTESIAN_POINT('Origin',(-124.390882591205,-14.,-42.824094473063));
#3422=CARTESIAN_POINT('',(-126.390882591205,0.,-42.824094473063));
#3423=CARTESIAN_POINT('Origin',(-126.390882591204,0.,-44.8240943936208));
#3424=CARTESIAN_POINT('',(-85.227637049418,2.6,-44.8240960286698));
#3425=CARTESIAN_POINT('',(-85.227637049418,2.6,-44.8240960286698));
#3426=CARTESIAN_POINT('',(-85.227637049418,-14.,-44.8240960286698));
#3427=CARTESIAN_POINT('',(-85.227637049418,0.,-44.8240960286698));
#3428=CARTESIAN_POINT('',(-63.1954423716761,-14.,-44.8240969038125));
#3429=CARTESIAN_POINT('Origin',(-1.36405240169779E-5,2.6,-37.9606233600541));
#3430=CARTESIAN_POINT('',(-126.390890952277,2.6,-41.8240952111377));
#3431=CARTESIAN_POINT('',(-126.390882591205,2.6,-44.8240943936208));
#3432=CARTESIAN_POINT('',(-93.121959102414,2.6,-41.8240952111438));
#3433=CARTESIAN_POINT('',(-85.4398556289079,2.6,-41.8240952111452));
#3434=CARTESIAN_POINT('',(-91.1767941583542,2.6,-40.2892116916111));
#3435=CARTESIAN_POINT('Origin',(-93.1219591024137,2.6,-39.8240952111438));
#3436=CARTESIAN_POINT('',(-86.6873416039128,2.6,-40.3591378223929));
#3437=CARTESIAN_POINT('Origin',(-88.9398544726859,2.6,-40.8240956441485));
#3438=CARTESIAN_POINT('',(-85.4398556289079,2.6,-41.8240952111452));
#3439=CARTESIAN_POINT('Origin',(-84.7286347615014,2.6,-39.9548266730403));
#3440=CARTESIAN_POINT('',(-41.6799924984442,2.6,-35.6019036762517));
#3441=CARTESIAN_POINT('',(-9.99865413426178,2.6,-31.0971506914385));
#3442=CARTESIAN_POINT('',(-40.9690859414107,2.6,-40.6016150004896));
#3443=CARTESIAN_POINT('',(-40.6064060287667,2.6,-43.1522946198852));
#3444=CARTESIAN_POINT('',(-38.7074551620168,2.6,-42.3001514933851));
#3445=CARTESIAN_POINT('Origin',(-38.989002305266,2.6,-40.3200678572403));
#3446=CARTESIAN_POINT('',(-17.9165769824969,2.6,-39.3439064892684));
#3447=CARTESIAN_POINT('',(-8.04938626283292,2.6,-37.9408953697858));
#3448=CARTESIAN_POINT('',(-16.2180404896014,2.6,-37.0822757098744));
#3449=CARTESIAN_POINT('Origin',(-18.1981241257461,2.6,-37.3638228531236));
#3450=CARTESIAN_POINT('',(-16.9289469055081,2.6,-32.0825653781621));
#3451=CARTESIAN_POINT('',(-16.3515873565353,2.6,-36.1430583453415));
#3452=CARTESIAN_POINT('',(-9.99865413426178,2.6,-31.0971506914385));
#3453=CARTESIAN_POINT('',(-9.99865413426178,2.6,-31.0971506914385));
#3454=CARTESIAN_POINT('',(-2.26793197555253E-7,2.6,-31.0971506930283));
#3455=CARTESIAN_POINT('',(-2.26793191451184E-7,2.6,-31.0971506930283));
#3456=CARTESIAN_POINT('',(9.99865245688524,2.6,-31.0971506930306));
#3457=CARTESIAN_POINT('',(-2.26793191451184E-7,2.6,-31.0971506930283));
#3458=CARTESIAN_POINT('',(16.9288915997547,2.6,-32.0828845914206));
#3459=CARTESIAN_POINT('',(9.99865245688523,2.6,-31.0971506930306));
#3460=CARTESIAN_POINT('',(16.2177550931758,2.6,-37.0825630679841));
#3461=CARTESIAN_POINT('',(15.8549288480351,2.6,-39.6334299575063));
#3462=CARTESIAN_POINT('',(17.9161875565359,2.6,-39.3442719721988));
#3463=CARTESIAN_POINT('Origin',(18.1978257769633,2.6,-37.3642012884114));
#3464=CARTESIAN_POINT('',(38.7069297363042,2.6,-42.3014732866869));
#3465=CARTESIAN_POINT('',(20.4246814144972,2.6,-39.7010712278486));
#3466=CARTESIAN_POINT('',(40.9686386405191,2.6,-40.6030408233266));
#3467=CARTESIAN_POINT('Origin',(38.9885679567316,2.6,-40.3214026028994));
#3468=CARTESIAN_POINT('',(41.6797751470977,2.6,-35.6033623467635));
#3469=CARTESIAN_POINT('',(41.1021997588816,2.6,-39.664033132672));
#3470=CARTESIAN_POINT('',(85.4149586513541,2.6,-41.8240994917575));
#3471=CARTESIAN_POINT('',(9.99865245688523,2.6,-31.0971506930306));
#3472=CARTESIAN_POINT('',(86.6623953334722,2.6,-40.3591090640306));
#3473=CARTESIAN_POINT('Origin',(84.7036768893136,2.6,-39.9548541240324));
#3474=CARTESIAN_POINT('',(91.1518467777013,2.6,-40.2890578554236));
#3475=CARTESIAN_POINT('Origin',(88.9149215442546,2.6,-40.8240022450284));
#3476=CARTESIAN_POINT('',(93.0970540020235,2.6,-41.8238888202325));
#3477=CARTESIAN_POINT('Origin',(93.0969991546114,2.6,-39.8238888209846));
#3478=CARTESIAN_POINT('',(126.390882032301,2.6,-41.8229757800784));
#3479=CARTESIAN_POINT('',(85.4149586513541,2.6,-41.8240994917575));
#3480=CARTESIAN_POINT('',(126.390882032301,2.6,-42.8230126557172));
#3481=CARTESIAN_POINT('',(126.390882032301,2.6,-46.3229725095187));
#3482=CARTESIAN_POINT('',(124.390936744709,2.6,-44.8230126549688));
#3483=CARTESIAN_POINT('Origin',(124.390882032301,2.6,-42.8230126557172));
#3484=CARTESIAN_POINT('',(85.2275431670882,2.6,-44.8240840167605));
#3485=CARTESIAN_POINT('',(85.2275431670882,2.6,-44.8240840167605));
#3486=CARTESIAN_POINT('',(5.99999959745876,2.59999999999991,-44.8240895998942));
#3487=CARTESIAN_POINT('',(-85.227637049418,2.6,-44.8240960286698));
#3488=CARTESIAN_POINT('',(5.99999959745876,2.6,-42.3923596943619));
#3489=CARTESIAN_POINT('',(-6.00000040254124,2.59999999999991,-44.8240904455295));
#3490=CARTESIAN_POINT('',(-6.00000040254124,2.6,-42.3923596943619));
#3491=CARTESIAN_POINT('',(-85.227637049418,2.6,-44.8240960286698));
#3492=CARTESIAN_POINT('',(87.9149215442618,2.6,-40.8240022450311));
#3493=CARTESIAN_POINT('Origin',(88.9149215442618,2.6,-40.8240022450311));
#3494=CARTESIAN_POINT('',(-89.9398544726859,2.6,-40.8240956441485));
#3495=CARTESIAN_POINT('Origin',(-88.9398544726859,2.6,-40.8240956441485));
#3496=CARTESIAN_POINT('Origin',(124.390882032301,0.,-42.8230126557172));
#3497=CARTESIAN_POINT('',(126.390882032301,-14.,-42.8230126557172));
#3498=CARTESIAN_POINT('',(126.390882032301,0.,-42.8230126557172));
#3499=CARTESIAN_POINT('',(124.390936744709,-14.,-44.8230126549688));
#3500=CARTESIAN_POINT('Origin',(124.390882032301,-14.,-42.8230126557172));
#3501=CARTESIAN_POINT('',(124.390936744709,0.,-44.8230126549688));
#3502=CARTESIAN_POINT('Origin',(-2.79452496698696E-7,-14.,2.32202280723019));
#3503=CARTESIAN_POINT('',(85.2275431670882,-14.,-44.8240840167605));
#3504=CARTESIAN_POINT('',(-42.6138170032513,-14.,-44.8240930256907));
#3505=CARTESIAN_POINT('',(42.6144163449705,-14.,-44.8252497501591));
#3506=CARTESIAN_POINT('',(126.390882032301,-14.,-21.2504675684135));
#3507=CARTESIAN_POINT('',(-126.390882591205,-14.,10.8272527538839));
#3508=CARTESIAN_POINT('Origin',(126.390882032301,0.,-44.8229579440572));
#3509=CARTESIAN_POINT('',(126.390882032301,-1.4,-41.8229757800784));
#3510=CARTESIAN_POINT('',(126.390882032301,0.8,-41.8229757800784));
#3511=CARTESIAN_POINT('',(126.390882032301,-1.4,18.1781361147833));
#3512=CARTESIAN_POINT('',(126.390882032301,-1.4,-21.1254719973713));
#3513=CARTESIAN_POINT('',(126.390882032301,0.,18.1781361147833));
#3514=CARTESIAN_POINT('Origin',(124.390882032301,0.,18.1781361147833));
#3515=CARTESIAN_POINT('',(126.024126329132,-1.4,19.3324814127195));
#3516=CARTESIAN_POINT('Origin',(124.390882032301,-1.4,18.1781361147833));
#3517=CARTESIAN_POINT('',(126.024126329132,0.,19.3324814127195));
#3518=CARTESIAN_POINT('Origin',(-1.36405240169779E-5,-1.4,2.5720139493146));
#3519=CARTESIAN_POINT('',(-90.3648026318679,-1.4,19.3324827005395));
#3520=CARTESIAN_POINT('',(-63.1954481158647,-1.4,19.3324827005395));
#3521=CARTESIAN_POINT('',(-90.3648026318679,-1.4,34.9163581133885));
#3522=CARTESIAN_POINT('',(-90.3648026318679,-1.4,10.9522483249271));
#3523=CARTESIAN_POINT('',(-88.514621815569,-1.4,36.9107387721884));
#3524=CARTESIAN_POINT('Origin',(-88.3648026318679,-1.4,34.9163581133885));
#3525=CARTESIAN_POINT('',(-70.6891793846868,-1.4,38.2497977037528));
#3526=CARTESIAN_POINT('',(-46.7132919232144,-1.4,40.0508821016271));
#3527=CARTESIAN_POINT('',(-9.37421951053219,-1.4,46.9681414708389));
#3528=CARTESIAN_POINT('',(-38.5312637919443,-1.4,42.8223157898104));
#3529=CARTESIAN_POINT('',(-4.1821047332653,-1.4,46.9681414708389));
#3530=CARTESIAN_POINT('',(-4.68711657552809,-1.4,46.9681414708389));
#3531=CARTESIAN_POINT('',(-2.23693974104888,-1.4,45.4332577499087));
#3532=CARTESIAN_POINT('Origin',(-4.1821047332653,-1.4,44.9681414708389));
#3533=CARTESIAN_POINT('',(2.23693973324701,-1.4,45.4332577172805));
#3534=CARTESIAN_POINT('Origin',(0.,-1.4,45.9681414708389));
#3535=CARTESIAN_POINT('',(4.1821047478514,-1.4,46.9681414098383));
#3536=CARTESIAN_POINT('Origin',(4.18210471867919,-1.4,44.9681414098383));
#3537=CARTESIAN_POINT('',(9.37421931988377,-1.4,46.9681413341056));
#3538=CARTESIAN_POINT('',(1.14999351081438,-1.4,46.968141454065));
#3539=CARTESIAN_POINT('',(70.6891799426025,-1.4,38.2497966726729));
#3540=CARTESIAN_POINT('',(7.8737706628891,-1.4,47.1814894045537));
#3541=CARTESIAN_POINT('',(88.514622381016,-1.4,36.9107374790716));
#3542=CARTESIAN_POINT('',(36.8754673119563,-1.4,40.789905448334));
#3543=CARTESIAN_POINT('',(90.3648031682247,-1.4,34.916356822457));
#3544=CARTESIAN_POINT('Origin',(88.3648031682247,-1.4,34.916356822457));
#3545=CARTESIAN_POINT('',(90.3648031682246,-1.4,19.3324814127195));
#3546=CARTESIAN_POINT('',(90.3648031682247,-1.4,19.6718823032583));
#3547=CARTESIAN_POINT('',(45.1823947638503,-1.4,19.3324814127195));
#3548=CARTESIAN_POINT('',(93.0970540020235,-1.4,-41.8238888202325));
#3549=CARTESIAN_POINT('',(63.1960429809894,-1.4,-41.8247088167702));
#3550=CARTESIAN_POINT('',(91.1518467777013,-1.4,-40.2890578554236));
#3551=CARTESIAN_POINT('Origin',(93.0969991546114,-1.4,-39.8238888209846));
#3552=CARTESIAN_POINT('',(86.6623953334722,-1.4,-40.3591090640306));
#3553=CARTESIAN_POINT('Origin',(88.9149215442546,-1.4,-40.8240022450284));
#3554=CARTESIAN_POINT('',(85.414958651354,-1.4,-41.8240994917575));
#3555=CARTESIAN_POINT('Origin',(84.7036768893136,-1.4,-39.9548541240324));
#3556=CARTESIAN_POINT('',(41.6797751470977,-1.4,-35.6033623467635));
#3557=CARTESIAN_POINT('',(40.4596007622316,-1.4,-35.4298083014469));
#3558=CARTESIAN_POINT('',(40.9686386405191,-1.4,-40.6030408233266));
#3559=CARTESIAN_POINT('',(42.7228761467406,-1.4,-28.2697919723683));
#3560=CARTESIAN_POINT('',(38.7069297363042,-1.4,-42.3014732866869));
#3561=CARTESIAN_POINT('Origin',(38.9885679567316,-1.4,-40.3214026028994));
#3562=CARTESIAN_POINT('',(17.9161875565359,-1.4,-39.3442719721988));
#3563=CARTESIAN_POINT('',(5.93212835044123,-1.4,-37.6397019606649));
#3564=CARTESIAN_POINT('',(16.2177550931758,-1.4,-37.0825630679841));
#3565=CARTESIAN_POINT('Origin',(18.1978257769633,-1.4,-37.3642012884114));
#3566=CARTESIAN_POINT('',(16.9288915997547,-1.4,-32.0828845914206));
#3567=CARTESIAN_POINT('',(18.4683799629006,-1.4,-21.259439636852));
#3568=CARTESIAN_POINT('',(9.99865245688524,-1.4,-31.0971506930306));
#3569=CARTESIAN_POINT('',(40.4596007622316,-1.4,-35.4298083014469));
#3570=CARTESIAN_POINT('',(4.99931940817676,-1.4,-31.0971506930294));
#3571=CARTESIAN_POINT('',(103.500024180946,-1.4,-12.8161280453597));
#3572=CARTESIAN_POINT('',(17.5000241809461,-1.4,4.40284930696943));
#3573=CARTESIAN_POINT('',(17.5000241809461,-1.4,8.18387195464033));
#3574=CARTESIAN_POINT('',(-17.5000241809461,-1.4,4.40284930696943));
#3575=CARTESIAN_POINT('',(8.75000527021102,-1.4,4.40284930696943));
#3576=CARTESIAN_POINT('',(-17.5000241809461,-1.4,3.48743162814201));
#3577=CARTESIAN_POINT('',(-103.500461336006,-1.4,8.18387195464031));
#3578=CARTESIAN_POINT('',(-9.99865413426178,-1.4,-31.0971506914385));
#3579=CARTESIAN_POINT('',(-6.93633537028008E-6,-1.4,-31.0971506930283));
#3580=CARTESIAN_POINT('',(-16.9289469055081,-1.4,-32.0825653781621));
#3581=CARTESIAN_POINT('',(-2.75214239120328,-1.4,-30.0667730212908));
#3582=CARTESIAN_POINT('',(-16.2180404896014,-1.4,-37.0822757098744));
#3583=CARTESIAN_POINT('',(-17.9717554331408,-1.4,-24.7486316100267));
#3584=CARTESIAN_POINT('',(-17.9165769824969,-1.4,-39.3439064892684));
#3585=CARTESIAN_POINT('Origin',(-18.1981241257461,-1.4,-37.3638228531236));
#3586=CARTESIAN_POINT('',(-38.7074551620168,-1.4,-42.3001514933851));
#3587=CARTESIAN_POINT('',(-18.308561671575,-1.4,-39.3996426043459));
#3588=CARTESIAN_POINT('',(-40.9690859414108,-1.4,-40.6016150004896));
#3589=CARTESIAN_POINT('Origin',(-38.989002305266,-1.4,-40.3200678572403));
#3590=CARTESIAN_POINT('',(-41.6799924984442,-1.4,-35.6019036762517));
#3591=CARTESIAN_POINT('',(-43.2190277350914,-1.4,-24.7780734204506));
#3592=CARTESIAN_POINT('',(-85.4398556289079,-1.4,-41.8240952111452));
#3593=CARTESIAN_POINT('',(-2.75214239120328,-1.4,-30.0667730212908));
#3594=CARTESIAN_POINT('',(-86.6873416039128,-1.4,-40.3591378223929));
#3595=CARTESIAN_POINT('Origin',(-84.7286347615014,-1.4,-39.9548266730403));
#3596=CARTESIAN_POINT('',(-91.1767941583542,-1.4,-40.2892116916111));
#3597=CARTESIAN_POINT('Origin',(-88.9398544726859,-1.4,-40.8240956441485));
#3598=CARTESIAN_POINT('',(-93.121959102414,-1.4,-41.8240952111438));
#3599=CARTESIAN_POINT('Origin',(-93.1219591024137,-1.4,-39.8240952111438));
#3600=CARTESIAN_POINT('',(-126.390890952277,-1.4,-41.8240952111377));
#3601=CARTESIAN_POINT('',(-45.6199340553947,-1.4,-41.8240952111524));
#3602=CARTESIAN_POINT('',(-126.390882591205,-1.4,10.9522483249261));
#3603=CARTESIAN_POINT('',(9.93800877508077E-17,-1.4,8.59134930696944));
#3604=CARTESIAN_POINT('Origin',(0.,-1.4,9.40284930696944));
#3605=CARTESIAN_POINT('',(22.3269500767943,-1.4,-37.5509353189937));
#3606=CARTESIAN_POINT('Origin',(22.3269500767943,-1.4,-36.7394353189937));
#3607=CARTESIAN_POINT('',(-35.1977633189261,-1.4,-39.3804233890551));
#3608=CARTESIAN_POINT('Origin',(-35.1977633189261,-1.4,-38.5689233890551));
#3609=CARTESIAN_POINT('',(-22.3272196839852,-1.4,-37.5503669579352));
#3610=CARTESIAN_POINT('Origin',(-22.3272196839852,-1.4,-36.7388669579352));
#3611=CARTESIAN_POINT('',(35.1974095214126,-1.4,-39.381583751772));
#3612=CARTESIAN_POINT('Origin',(35.1974095214126,-1.4,-38.570083751772));
#3613=CARTESIAN_POINT('',(9.11994216283021E-15,-1.4,21.5913493069694));
#3614=CARTESIAN_POINT('Origin',(9.0205620750794E-15,-1.4,22.4028493069694));
#3615=CARTESIAN_POINT('Origin',(-88.3648026318679,0.,34.9163581133885));
#3616=CARTESIAN_POINT('',(-90.3648026318679,0.,34.9163581133885));
#3617=CARTESIAN_POINT('',(-88.514621815569,0.,36.9107387721884));
#3618=CARTESIAN_POINT('Origin',(-90.3648026318679,0.,36.7717519752727));
#3619=CARTESIAN_POINT('',(-90.3648026318679,1.6,19.3324827005395));
#3620=CARTESIAN_POINT('Origin',(-4.1821047332653,0.,44.9681414708389));
#3621=CARTESIAN_POINT('',(-2.23693974104888,0.,45.4332577499087));
#3622=CARTESIAN_POINT('',(-4.1821047332653,0.,46.9681414708389));
#3623=CARTESIAN_POINT('Origin',(0.,0.,45.9681414708389));
#3624=CARTESIAN_POINT('',(2.23693973324702,0.,45.4332577172805));
#3625=CARTESIAN_POINT('Origin',(4.18210471867919,0.,44.9681414098383));
#3626=CARTESIAN_POINT('',(4.1821047478514,0.,46.9681414098383));
#3627=CARTESIAN_POINT('Origin',(88.3648031682247,0.,34.916356822457));
#3628=CARTESIAN_POINT('',(88.514622381016,0.,36.9107374790716));
#3629=CARTESIAN_POINT('',(90.3648031682247,0.,34.916356822457));
#3630=CARTESIAN_POINT('Origin',(90.3648031682247,0.,36.7717506572019));
#3631=CARTESIAN_POINT('',(70.6891799426025,1.6,38.2497966726728));
#3632=CARTESIAN_POINT('Origin',(93.0969991546114,0.,-39.8238888209846));
#3633=CARTESIAN_POINT('',(91.1518467777013,0.,-40.2890578554236));
#3634=CARTESIAN_POINT('',(93.0970540020235,0.,-41.8238888202325));
#3635=CARTESIAN_POINT('Origin',(88.9149215442546,0.,-40.8240022450284));
#3636=CARTESIAN_POINT('',(86.6623953334722,1.6,-40.3591090640306));
#3637=CARTESIAN_POINT('Origin',(84.7036768893136,1.6,-39.9548541240324));
#3638=CARTESIAN_POINT('',(85.4149586513541,1.6,-41.8240994917575));
#3639=CARTESIAN_POINT('Origin',(38.9885679567316,-1.4,-40.3214026028994));
#3640=CARTESIAN_POINT('',(40.9686386405191,-1.4,-40.6030408233266));
#3641=CARTESIAN_POINT('',(38.7069297363042,-1.4,-42.3014732866869));
#3642=CARTESIAN_POINT('Origin',(40.6870004200911,-1.4,-42.5831115071142));
#3643=CARTESIAN_POINT('',(17.9161875565359,-1.4,-39.3442719721988));
#3644=CARTESIAN_POINT('Origin',(18.1978257769633,-1.4,-37.3642012884114));
#3645=CARTESIAN_POINT('',(16.2177550931758,-1.4,-37.0825630679841));
#3646=CARTESIAN_POINT('Origin',(-18.1981241257461,-1.4,-37.3638228531236));
#3647=CARTESIAN_POINT('',(-16.2180404896014,-1.4,-37.0822757098744));
#3648=CARTESIAN_POINT('',(-17.9165769824969,-1.4,-39.3439064892684));
#3649=CARTESIAN_POINT('Origin',(-16.9289469055081,-1.4,-32.0825653781621));
#3650=CARTESIAN_POINT('',(-16.928946908971,-0.7,-32.0825653538084));
#3651=CARTESIAN_POINT('Origin',(-38.989002305266,-1.4,-40.3200678572403));
#3652=CARTESIAN_POINT('',(-38.7074551620168,-1.4,-42.3001514933851));
#3653=CARTESIAN_POINT('',(-40.9690859414108,-1.4,-40.6016150004896));
#3654=CARTESIAN_POINT('Origin',(-40.6875387981615,-1.4,-42.5816986366343));
#3655=CARTESIAN_POINT('',(-41.6799925329324,-0.7,-35.6019034337011));
#3656=CARTESIAN_POINT('Origin',(-93.1219591024137,0.,-39.8240952111438));
#3657=CARTESIAN_POINT('',(-91.1767941583542,0.,-40.2892116916111));
#3658=CARTESIAN_POINT('',(-93.121959102414,0.,-41.8240952111438));
#3659=CARTESIAN_POINT('Origin',(-88.9398544726859,0.,-40.8240956441485));
#3660=CARTESIAN_POINT('',(-86.6873416039128,0.,-40.3591378223929));
#3661=CARTESIAN_POINT('Origin',(-84.7286347615014,0.,-39.9548266730403));
#3662=CARTESIAN_POINT('',(-85.4398556289079,0.,-41.8240952111452));
#3663=CARTESIAN_POINT('Origin',(15.0280925138398,-9.24379919617043,-1.6391992158554));
#3664=CARTESIAN_POINT('',(15.0280925138398,-9.,-2.4506992158554));
#3665=CARTESIAN_POINT('Origin',(15.0280925138398,-9.,-1.6391992158554));
#3666=CARTESIAN_POINT('',(15.0280925138398,-9.48759839234087,-1.6391992158554));
#3667=CARTESIAN_POINT('',(15.0280925138398,-9.24379919617043,-2.0449492158554));
#3668=CARTESIAN_POINT('Origin',(15.0280925138398,-7.,-1.6391992158554));
#3669=CARTESIAN_POINT('',(15.0280925138398,-7.,-2.4506992158554));
#3670=CARTESIAN_POINT('Origin',(-15.0280925138398,-9.24379919617043,-25.5472030055705));
#3671=CARTESIAN_POINT('',(-15.0280925138398,-9.,-26.3587030055705));
#3672=CARTESIAN_POINT('Origin',(-15.0280925138398,-9.,-25.5472030055705));
#3673=CARTESIAN_POINT('',(-15.0280925138398,-9.48759839234087,-25.5472030055705));
#3674=CARTESIAN_POINT('',(-15.0280925138398,-9.24379919617043,-25.9529530055705));
#3675=CARTESIAN_POINT('Origin',(-15.0280925138398,-7.,-25.5472030055705));
#3676=CARTESIAN_POINT('',(-15.0280925138398,-7.,-26.3587030055705));
#3677=CARTESIAN_POINT('Origin',(15.0280925138398,-9.24379919617043,-25.5472030055705));
#3678=CARTESIAN_POINT('',(15.0280925138398,-9.,-26.3587030055705));
#3679=CARTESIAN_POINT('Origin',(15.0280925138398,-9.,-25.5472030055705));
#3680=CARTESIAN_POINT('',(15.0280925138398,-9.48759839234087,-25.5472030055705));
#3681=CARTESIAN_POINT('',(15.0280925138398,-9.24379919617043,-25.9529530055705));
#3682=CARTESIAN_POINT('Origin',(15.0280925138398,-7.,-25.5472030055705));
#3683=CARTESIAN_POINT('',(15.0280925138398,-7.,-26.3587030055705));
#3684=CARTESIAN_POINT('Origin',(-15.0280925138398,-9.24379919617043,-1.6391992158554));
#3685=CARTESIAN_POINT('',(-15.0280925138398,-9.,-2.4506992158554));
#3686=CARTESIAN_POINT('Origin',(-15.0280925138398,-9.,-1.6391992158554));
#3687=CARTESIAN_POINT('',(-15.0280925138398,-9.48759839234087,-1.6391992158554));
#3688=CARTESIAN_POINT('',(-15.0280925138398,-9.24379919617043,-2.0449492158554));
#3689=CARTESIAN_POINT('Origin',(-15.0280925138398,-7.,-1.6391992158554));
#3690=CARTESIAN_POINT('',(-15.0280925138398,-7.,-2.4506992158554));
#3691=CARTESIAN_POINT('Origin',(0.,-6.64379919617043,9.40284930696944));
#3692=CARTESIAN_POINT('',(9.93800877508077E-17,-6.4,8.59134930696944));
#3693=CARTESIAN_POINT('Origin',(0.,-6.4,9.40284930696944));
#3694=CARTESIAN_POINT('',(0.,-6.88759839234086,9.40284930696944));
#3695=CARTESIAN_POINT('',(4.96900438754039E-17,-6.64379919617043,8.99709930696944));
#3696=CARTESIAN_POINT('Origin',(0.,-3.9,9.40284930696944));
#3697=CARTESIAN_POINT('',(9.93800877508077E-17,-3.9,8.59134930696944));
#3698=CARTESIAN_POINT('Origin',(22.3269500767943,-6.64379919617043,-36.7394353189937));
#3699=CARTESIAN_POINT('',(22.3269500767943,-6.4,-37.5509353189937));
#3700=CARTESIAN_POINT('Origin',(22.3269500767943,-6.4,-36.7394353189937));
#3701=CARTESIAN_POINT('',(22.3269500767943,-6.88759839234086,-36.7394353189937));
#3702=CARTESIAN_POINT('',(22.3269500767943,-6.64379919617043,-37.1451853189937));
#3703=CARTESIAN_POINT('Origin',(22.3269500767943,-3.9,-36.7394353189937));
#3704=CARTESIAN_POINT('',(22.3269500767943,-3.9,-37.5509353189937));
#3705=CARTESIAN_POINT('Origin',(-35.1977633189261,-6.64379919617043,-38.5689233890551));
#3706=CARTESIAN_POINT('',(-35.1977633189261,-6.4,-39.3804233890551));
#3707=CARTESIAN_POINT('Origin',(-35.1977633189261,-6.4,-38.5689233890551));
#3708=CARTESIAN_POINT('',(-35.1977633189261,-6.88759839234086,-38.5689233890551));
#3709=CARTESIAN_POINT('',(-35.1977633189261,-6.64379919617043,-38.9746733890551));
#3710=CARTESIAN_POINT('Origin',(-35.1977633189261,-3.9,-38.5689233890551));
#3711=CARTESIAN_POINT('',(-35.1977633189261,-3.9,-39.3804233890551));
#3712=CARTESIAN_POINT('Origin',(-22.3272196839852,-6.64379919617043,-36.7388669579352));
#3713=CARTESIAN_POINT('',(-22.3272196839852,-6.4,-37.5503669579352));
#3714=CARTESIAN_POINT('Origin',(-22.3272196839852,-6.4,-36.7388669579352));
#3715=CARTESIAN_POINT('',(-22.3272196839852,-6.88759839234086,-36.7388669579352));
#3716=CARTESIAN_POINT('',(-22.3272196839852,-6.64379919617043,-37.1446169579352));
#3717=CARTESIAN_POINT('Origin',(-22.3272196839852,-3.9,-36.7388669579352));
#3718=CARTESIAN_POINT('',(-22.3272196839852,-3.9,-37.5503669579352));
#3719=CARTESIAN_POINT('Origin',(35.1974095214126,-6.64379919617043,-38.570083751772));
#3720=CARTESIAN_POINT('',(35.1974095214126,-6.4,-39.381583751772));
#3721=CARTESIAN_POINT('Origin',(35.1974095214126,-6.4,-38.570083751772));
#3722=CARTESIAN_POINT('',(35.1974095214126,-6.88759839234086,-38.570083751772));
#3723=CARTESIAN_POINT('',(35.1974095214126,-6.64379919617043,-38.975833751772));
#3724=CARTESIAN_POINT('Origin',(35.1974095214126,-3.9,-38.570083751772));
#3725=CARTESIAN_POINT('',(35.1974095214126,-3.9,-39.381583751772));
#3726=CARTESIAN_POINT('Origin',(9.0205620750794E-15,-6.64379919617043,22.4028493069694));
#3727=CARTESIAN_POINT('',(9.11994216283021E-15,-6.4,21.5913493069694));
#3728=CARTESIAN_POINT('Origin',(9.0205620750794E-15,-6.4,22.4028493069694));
#3729=CARTESIAN_POINT('',(9.0205620750794E-15,-6.88759839234086,22.4028493069694));
#3730=CARTESIAN_POINT('',(9.0702521189548E-15,-6.64379919617043,21.9970993069694));
#3731=CARTESIAN_POINT('Origin',(9.0205620750794E-15,-3.9,22.4028493069694));
#3732=CARTESIAN_POINT('',(9.11994216283021E-15,-3.9,21.5913493069694));
#3733=CARTESIAN_POINT('Origin',(-15.9364933463522,-1.4,-39.0623593460192));
#3734=CARTESIAN_POINT('Origin',(41.6797751470977,-1.4,-35.6033623467635));
#3735=CARTESIAN_POINT('',(41.6797752522303,-0.7,-35.6033616076241));
#3736=CARTESIAN_POINT('Origin',(15.9361168727486,-1.4,-39.0626337517714));
#3737=CARTESIAN_POINT('',(16.9288917643903,-0.7,-32.0828834339425));
#3738=CARTESIAN_POINT('Origin',(-85.4398556289079,0.,-41.8240952111452));
#3739=CARTESIAN_POINT('',(-9.99865413426178,1.6,-31.0971506914385));
#3740=CARTESIAN_POINT('Origin',(9.99865245688523,0.,-31.0971506930306));
#3741=CARTESIAN_POINT('Origin',(85.2275431670882,0.,-44.8240840167605));
#3742=CARTESIAN_POINT('',(85.2275431670882,0.,-44.8240840167605));
#3743=CARTESIAN_POINT('Origin',(92.7487062090046,0.,38.7677545002527));
#3744=CARTESIAN_POINT('Origin',(-2.26793191451184E-7,0.,-31.0971506930283));
#3745=CARTESIAN_POINT('',(9.99865245688523,1.6,-31.0971506930306));
#3746=CARTESIAN_POINT('',(-2.26793191451184E-7,1.6,-31.0971506930283));
#3747=CARTESIAN_POINT('Origin',(5.99999959745876,-4.20000000000009,-46.8240960286698));
#3748=CARTESIAN_POINT('',(5.99999959745876,-2.10000000000005,-44.8240895998942));
#3749=CARTESIAN_POINT('Origin',(-6.00000040254124,2.59999999999991,-46.8240960286698));
#3750=CARTESIAN_POINT('',(-6.00000040254125,1.29999999999995,-44.8240904455295));
#3751=CARTESIAN_POINT('Origin',(-85.227637049418,0.,-44.8240960286698));
#3752=CARTESIAN_POINT('Origin',(17.5000241809461,0.,13.7957299599661));
#3753=CARTESIAN_POINT('',(17.5000241809461,0.,4.40284930696943));
#3754=CARTESIAN_POINT('Origin',(17.5000241809461,0.,4.40284930696943));
#3755=CARTESIAN_POINT('',(-17.5000241809461,0.,4.40284930696943));
#3756=CARTESIAN_POINT('Origin',(-17.5000241809461,0.,4.40284930696943));
#3757=CARTESIAN_POINT('Origin',(-103.500461336006,0.,13.795729959966));
#3758=CARTESIAN_POINT('Origin',(103.500024180946,0.,-28.204270040034));
#3759=CARTESIAN_POINT('Origin',(90.3648031682247,0.,19.3324814127195));
#3760=CARTESIAN_POINT('',(90.3648031682247,1.6,19.3324814127195));
#3761=CARTESIAN_POINT('Origin',(70.6891799426025,0.,38.2497966726728));
#3762=CARTESIAN_POINT('',(9.37421931988377,1.6,46.9681413341056));
#3763=CARTESIAN_POINT('Origin',(9.37421931988377,0.,46.9681413341056));
#3764=CARTESIAN_POINT('Origin',(3.425411843061E-7,0.,46.9681414708389));
#3765=CARTESIAN_POINT('',(-9.3742195105322,0.,46.9681414708389));
#3766=CARTESIAN_POINT('Origin',(-9.3742195105322,0.,46.9681414708389));
#3767=CARTESIAN_POINT('',(-70.6891793846868,1.6,38.2497977037528));
#3768=CARTESIAN_POINT('Origin',(-70.6891793846868,0.,38.2497977037528));
#3769=CARTESIAN_POINT('Origin',(-90.3648026318679,0.,19.3324827005395));
#3770=CARTESIAN_POINT('Origin',(-126.390882591205,0.,19.3324827005395));
#3771=CARTESIAN_POINT('',(-126.390890952277,0.,-41.8240952111377));
#3772=CARTESIAN_POINT('',(-126.390882591205,0.8,-41.8240952111377));
#3773=CARTESIAN_POINT('',(-126.390890952277,1.6,-41.8240952111377));
#3774=CARTESIAN_POINT('',(-126.390890952277,0.,-41.8240952111377));
#3775=CARTESIAN_POINT('',(-126.390890952277,0.,-41.8240952111377));
#3776=CARTESIAN_POINT('Origin',(-126.390890952277,0.,-41.8240952111377));
#3777=CARTESIAN_POINT('Origin',(88.9149215442618,1.6,-40.8240022450311));
#3778=CARTESIAN_POINT('',(87.9149215442618,1.6,-40.8240022450311));
#3779=CARTESIAN_POINT('Origin',(88.9149215442618,1.6,-40.8240022450311));
#3780=CARTESIAN_POINT('Origin',(0.,1.6,45.9681414708389));
#3781=CARTESIAN_POINT('',(-1.,1.6,45.9681414708389));
#3782=CARTESIAN_POINT('Origin',(0.,1.6,45.9681414708389));
#3783=CARTESIAN_POINT('Origin',(-88.9398544726859,1.6,-40.8240956441485));
#3784=CARTESIAN_POINT('',(-89.9398544726859,1.6,-40.8240956441485));
#3785=CARTESIAN_POINT('Origin',(-88.9398544726859,1.6,-40.8240956441485));
#3786=CARTESIAN_POINT('Origin',(88.9149215442618,0.,-40.8240022450311));
#3787=CARTESIAN_POINT('',(87.9149215442618,0.,-40.8240022450311));
#3788=CARTESIAN_POINT('Origin',(85.4149586513541,0.,-41.8240994917575));
#3789=CARTESIAN_POINT('Origin',(-88.9398544726859,0.,-40.8240956441485));
#3790=CARTESIAN_POINT('',(-89.9398544726859,0.,-40.8240956441485));
#3791=CARTESIAN_POINT('Origin',(9.99865245688523,0.,-31.0971506930306));
#3792=CARTESIAN_POINT('Origin',(-9.99865413426178,0.,-31.0971506914385));
#3793=CARTESIAN_POINT('Origin',(-85.4398556289079,0.,-41.8240952111452));
#3794=CARTESIAN_POINT('Origin',(0.,0.,45.9681414708389));
#3795=CARTESIAN_POINT('',(-1.,0.,45.9681414708389));
#3796=CARTESIAN_POINT('Origin',(126.390882032301,0.,19.3324814127195));
#3797=CARTESIAN_POINT('Origin',(-9.70840247451479,0.,49.4681414825894));
#3798=UNCERTAINTY_MEASURE_WITH_UNIT(LENGTH_MEASURE(0.01),#3802,
'DISTANCE_ACCURACY_VALUE',
'Maximum model space distance between geometric entities at asserted c
onnectivities');
#3799=UNCERTAINTY_MEASURE_WITH_UNIT(LENGTH_MEASURE(0.01),#3802,
'DISTANCE_ACCURACY_VALUE',
'Maximum model space distance between geometric entities at asserted c
onnectivities');
#3800=(
GEOMETRIC_REPRESENTATION_CONTEXT(3)
GLOBAL_UNCERTAINTY_ASSIGNED_CONTEXT((#3798))
GLOBAL_UNIT_ASSIGNED_CONTEXT((#3802,#3803,#3804))
REPRESENTATION_CONTEXT('','3D')
);
#3801=(
GEOMETRIC_REPRESENTATION_CONTEXT(3)
GLOBAL_UNCERTAINTY_ASSIGNED_CONTEXT((#3799))
GLOBAL_UNIT_ASSIGNED_CONTEXT((#3802,#3803,#3804))
REPRESENTATION_CONTEXT('','3D')
);
#3802=(
LENGTH_UNIT()
NAMED_UNIT(*)
SI_UNIT(.MILLI.,.METRE.)
);
#3803=(
NAMED_UNIT(*)
PLANE_ANGLE_UNIT()
SI_UNIT($,.RADIAN.)
);
#3804=(
NAMED_UNIT(*)
SI_UNIT($,.STERADIAN.)
SOLID_ANGLE_UNIT()
);
#3805=SHAPE_DEFINITION_REPRESENTATION(#3806,#3807);
#3806=PRODUCT_DEFINITION_SHAPE('',$,#3809);
#3807=SHAPE_REPRESENTATION('',(#2258),#3800);
#3808=PRODUCT_DEFINITION_CONTEXT('part definition',#3813,'design');
#3809=PRODUCT_DEFINITION('2026-05-22-02-35-04-396','carot42',#3810,#3808);
#3810=PRODUCT_DEFINITION_FORMATION('',$,#3815);
#3811=PRODUCT_RELATED_PRODUCT_CATEGORY('carot42','carot42',(#3815));
#3812=APPLICATION_PROTOCOL_DEFINITION('international standard',
'automotive_design',2009,#3813);
#3813=APPLICATION_CONTEXT(
'Core Data for Automotive Mechanical Design Process');
#3814=PRODUCT_CONTEXT('part definition',#3813,'mechanical');
#3815=PRODUCT('2026-05-22-02-35-04-396','carot42',$,(#3814));
#3816=PRESENTATION_STYLE_ASSIGNMENT((#3817));
#3817=SURFACE_STYLE_USAGE(.BOTH.,#3818);
#3818=SURFACE_SIDE_STYLE('',(#3819));
#3819=SURFACE_STYLE_FILL_AREA(#3820);
#3820=FILL_AREA_STYLE('\X2\92FC\X0\ - \X2\30B530C630F3\X0\',(#3821));
#3821=FILL_AREA_STYLE_COLOUR('\X2\92FC\X0\ - \X2\30B530C630F3\X0\',#3822);
#3822=COLOUR_RGB('\X2\92FC\X0\ - \X2\30B530C630F3\X0\',0.627450980392157,
0.627450980392157,0.627450980392157);
ENDSEC;
END-ISO-10303-21;
